ISO-10303-21;
HEADER;
/*Generated by software containing ST-Developer
 * from STEP Tools, Inc. (www.steptools.com) 
 */
/*OPTION: using custom renumber hook */
/*description */
/*implementation_level */
FILE_DESCRIPTION(('STEP AP242 Edition 2','STEP AP242 Edition 2''CAx-IF Rec.Pracs.---Representation and Presentation of Product Manufa
cturing Information (PMI)---4.0---2014-10-13','STEP AP242 Edition 2''CAx-IF Rec.Pracs.---Representation and Presentation of Product Manufa
cturing Information (PMI)---4.0---2014-10-13''CAx-IF Rec.Pracs.---3D Tessellated Geometry---0.4---2014-09-14','STEP AP242 Edition 2''CAx-IF Rec.Pracs.---Representation and Presentation of Product Manufa
cturing Information (PMI)---4.0---2014-10-13''CAx-IF Rec.Pracs.---3D Tessellated Geometry---0.4---2014-09-14''2;1','STEP AP242 Edition 2''CAx-IF Rec.Pracs.---Representation and Presentation of Product Manufa
cturing Information (PMI)---4.0---2014-10-13''CAx-IF Rec.Pracs.---3D Tessellated Geometry---0.4---2014-09-14''2;1''CAx-IF Rec.Pracs.---User Defined Attributes---1.5---2016-08-15'),'2;1');
/*name */
/*time_stamp */
/*author */
/*organization */
/*preprocessor_version */
/*originating_system */
/*authorisation */
FILE_NAME('/vol/tmp/translate-1493198899686578381/BOTTOM.step','2026-04-23T21:16:49',(''),(''),'ST-DEVELOPER v20','ONSHAPE BY PTC INC, 1.213','  ');
FILE_SCHEMA(('AP242_MANAGED_MODEL_BASED_3D_ENGINEERING_MIM_LF { 1 0 10303 442 3 1 4 }'));
ENDSEC;
DATA;
#10=SHAPE_REPRESENTATION_RELATIONSHIP('','',#1951,#11);
#11=ADVANCED_BREP_SHAPE_REPRESENTATION('',(#1949),#3161);
#12=CONICAL_SURFACE('',#2059,0.0103828654720342,0.436236044980789);
#13=CONICAL_SURFACE('',#2061,0.00998067684255508,0.436235987680592);
#14=CYLINDRICAL_SURFACE('',#2002,0.012796000625);
#15=CYLINDRICAL_SURFACE('',#2006,0.012796000625);
#16=CYLINDRICAL_SURFACE('',#2026,0.0016);
#17=CYLINDRICAL_SURFACE('',#2028,0.0016);
#18=CYLINDRICAL_SURFACE('',#2030,0.0016);
#19=CYLINDRICAL_SURFACE('',#2032,0.0016);
#20=CYLINDRICAL_SURFACE('',#2034,0.0016);
#21=CYLINDRICAL_SURFACE('',#2041,0.0016);
#22=CYLINDRICAL_SURFACE('',#2043,0.0016);
#23=CYLINDRICAL_SURFACE('',#2045,0.0016);
#24=CYLINDRICAL_SURFACE('',#2047,0.0016);
#25=CYLINDRICAL_SURFACE('',#2049,0.0016);
#26=CYLINDRICAL_SURFACE('',#2062,0.0016);
#27=CYLINDRICAL_SURFACE('',#2066,0.0025);
#28=CYLINDRICAL_SURFACE('',#2067,0.0016);
#29=CYLINDRICAL_SURFACE('',#2071,0.0025);
#30=CYLINDRICAL_SURFACE('',#2072,0.0016);
#31=CYLINDRICAL_SURFACE('',#2076,0.0025);
#32=CYLINDRICAL_SURFACE('',#2077,0.0016);
#33=CYLINDRICAL_SURFACE('',#2081,0.0025);
#34=CYLINDRICAL_SURFACE('',#2101,0.0016);
#35=CYLINDRICAL_SURFACE('',#2102,0.0016);
#36=CYLINDRICAL_SURFACE('',#2103,0.0016);
#37=CYLINDRICAL_SURFACE('',#2104,0.0016);
#38=CYLINDRICAL_SURFACE('',#2106,0.0016);
#39=CYLINDRICAL_SURFACE('',#2107,0.0016);
#40=CYLINDRICAL_SURFACE('',#2110,0.0015);
#41=CYLINDRICAL_SURFACE('',#2113,0.0015);
#42=LINE('',#2654,#232);
#43=LINE('',#2657,#233);
#44=LINE('',#2659,#234);
#45=LINE('',#2661,#235);
#46=LINE('',#2662,#236);
#47=LINE('',#2665,#237);
#48=LINE('',#2667,#238);
#49=LINE('',#2669,#239);
#50=LINE('',#2680,#240);
#51=LINE('',#2683,#241);
#52=LINE('',#2685,#242);
#53=LINE('',#2687,#243);
#54=LINE('',#2689,#244);
#55=LINE('',#2691,#245);
#56=LINE('',#2695,#246);
#57=LINE('',#2697,#247);
#58=LINE('',#2699,#248);
#59=LINE('',#2701,#249);
#60=LINE('',#2703,#250);
#61=LINE('',#2707,#251);
#62=LINE('',#2709,#252);
#63=LINE('',#2711,#253);
#64=LINE('',#2713,#254);
#65=LINE('',#2715,#255);
#66=LINE('',#2724,#256);
#67=LINE('',#2727,#257);
#68=LINE('',#2729,#258);
#69=LINE('',#2731,#259);
#70=LINE('',#2733,#260);
#71=LINE('',#2735,#261);
#72=LINE('',#2737,#262);
#73=LINE('',#2739,#263);
#74=LINE('',#2741,#264);
#75=LINE('',#2743,#265);
#76=LINE('',#2745,#266);
#77=LINE('',#2747,#267);
#78=LINE('',#2749,#268);
#79=LINE('',#2751,#269);
#80=LINE('',#2755,#270);
#81=LINE('',#2773,#271);
#82=LINE('',#2776,#272);
#83=LINE('',#2778,#273);
#84=LINE('',#2780,#274);
#85=LINE('',#2782,#275);
#86=LINE('',#2784,#276);
#87=LINE('',#2785,#277);
#88=LINE('',#2788,#278);
#89=LINE('',#2790,#279);
#90=LINE('',#2792,#280);
#91=LINE('',#2794,#281);
#92=LINE('',#2796,#282);
#93=LINE('',#2797,#283);
#94=LINE('',#2800,#284);
#95=LINE('',#2802,#285);
#96=LINE('',#2806,#286);
#97=LINE('',#2808,#287);
#98=LINE('',#2810,#288);
#99=LINE('',#2812,#289);
#100=LINE('',#2814,#290);
#101=LINE('',#2816,#291);
#102=LINE('',#2818,#292);
#103=LINE('',#2820,#293);
#104=LINE('',#2822,#294);
#105=LINE('',#2824,#295);
#106=LINE('',#2826,#296);
#107=LINE('',#2830,#297);
#108=LINE('',#2832,#298);
#109=LINE('',#2834,#299);
#110=LINE('',#2837,#300);
#111=LINE('',#2838,#301);
#112=LINE('',#2840,#302);
#113=LINE('',#2842,#303);
#114=LINE('',#2844,#304);
#115=LINE('',#2846,#305);
#116=LINE('',#2848,#306);
#117=LINE('',#2850,#307);
#118=LINE('',#2853,#308);
#119=LINE('',#2854,#309);
#120=LINE('',#2856,#310);
#121=LINE('',#2857,#311);
#122=LINE('',#2859,#312);
#123=LINE('',#2860,#313);
#124=LINE('',#2862,#314);
#125=LINE('',#2864,#315);
#126=LINE('',#2866,#316);
#127=LINE('',#2867,#317);
#128=LINE('',#2869,#318);
#129=LINE('',#2871,#319);
#130=LINE('',#2873,#320);
#131=LINE('',#2875,#321);
#132=LINE('',#2878,#322);
#133=LINE('',#2879,#323);
#134=LINE('',#2881,#324);
#135=LINE('',#2884,#325);
#136=LINE('',#2885,#326);
#137=LINE('',#2887,#327);
#138=LINE('',#2888,#328);
#139=LINE('',#2890,#329);
#140=LINE('',#2892,#330);
#141=LINE('',#2893,#331);
#142=LINE('',#2895,#332);
#143=LINE('',#2897,#333);
#144=LINE('',#2898,#334);
#145=LINE('',#2900,#335);
#146=LINE('',#2902,#336);
#147=LINE('',#2906,#337);
#148=LINE('',#2908,#338);
#149=LINE('',#2910,#339);
#150=LINE('',#2912,#340);
#151=LINE('',#2916,#341);
#152=LINE('',#2918,#342);
#153=LINE('',#2920,#343);
#154=LINE('',#2921,#344);
#155=LINE('',#2923,#345);
#156=LINE('',#2926,#346);
#157=LINE('',#2927,#347);
#158=LINE('',#2929,#348);
#159=LINE('',#2931,#349);
#160=LINE('',#2933,#350);
#161=LINE('',#2934,#351);
#162=LINE('',#2936,#352);
#163=LINE('',#2938,#353);
#164=LINE('',#2940,#354);
#165=LINE('',#2942,#355);
#166=LINE('',#2944,#356);
#167=LINE('',#2946,#357);
#168=LINE('',#2948,#358);
#169=LINE('',#2950,#359);
#170=LINE('',#2953,#360);
#171=LINE('',#2954,#361);
#172=LINE('',#2956,#362);
#173=LINE('',#2958,#363);
#174=LINE('',#2960,#364);
#175=LINE('',#2962,#365);
#176=LINE('',#2964,#366);
#177=LINE('',#2966,#367);
#178=LINE('',#2968,#368);
#179=LINE('',#2970,#369);
#180=LINE('',#2972,#370);
#181=LINE('',#2974,#371);
#182=LINE('',#2976,#372);
#183=LINE('',#2978,#373);
#184=LINE('',#2980,#374);
#185=LINE('',#2982,#375);
#186=LINE('',#2984,#376);
#187=LINE('',#2986,#377);
#188=LINE('',#2988,#378);
#189=LINE('',#2990,#379);
#190=LINE('',#3010,#380);
#191=LINE('',#3012,#381);
#192=LINE('',#3014,#382);
#193=LINE('',#3016,#383);
#194=LINE('',#3018,#384);
#195=LINE('',#3020,#385);
#196=LINE('',#3022,#386);
#197=LINE('',#3039,#387);
#198=LINE('',#3043,#388);
#199=LINE('',#3045,#389);
#200=LINE('',#3047,#390);
#201=LINE('',#3052,#391);
#202=LINE('',#3083,#392);
#203=LINE('',#3085,#393);
#204=LINE('',#3087,#394);
#205=LINE('',#3089,#395);
#206=LINE('',#3091,#396);
#207=LINE('',#3093,#397);
#208=LINE('',#3095,#398);
#209=LINE('',#3097,#399);
#210=LINE('',#3099,#400);
#211=LINE('',#3101,#401);
#212=LINE('',#3103,#402);
#213=LINE('',#3105,#403);
#214=LINE('',#3107,#404);
#215=LINE('',#3109,#405);
#216=LINE('',#3111,#406);
#217=LINE('',#3113,#407);
#218=LINE('',#3115,#408);
#219=LINE('',#3117,#409);
#220=LINE('',#3119,#410);
#221=LINE('',#3121,#411);
#222=LINE('',#3123,#412);
#223=LINE('',#3125,#413);
#224=LINE('',#3127,#414);
#225=LINE('',#3129,#415);
#226=LINE('',#3131,#416);
#227=LINE('',#3133,#417);
#228=LINE('',#3135,#418);
#229=LINE('',#3137,#419);
#230=LINE('',#3140,#420);
#231=LINE('',#3142,#421);
#232=VECTOR('',#2142,1.);
#233=VECTOR('',#2143,1.);
#234=VECTOR('',#2144,1.);
#235=VECTOR('',#2145,1.);
#236=VECTOR('',#2146,1.);
#237=VECTOR('',#2147,1.);
#238=VECTOR('',#2148,1.);
#239=VECTOR('',#2149,1.);
#240=VECTOR('',#2160,1.);
#241=VECTOR('',#2161,1.);
#242=VECTOR('',#2162,1.);
#243=VECTOR('',#2163,1.);
#244=VECTOR('',#2164,1.);
#245=VECTOR('',#2165,1.);
#246=VECTOR('',#2168,1.);
#247=VECTOR('',#2169,1.);
#248=VECTOR('',#2170,1.);
#249=VECTOR('',#2171,1.);
#250=VECTOR('',#2172,1.);
#251=VECTOR('',#2175,1.);
#252=VECTOR('',#2176,1.);
#253=VECTOR('',#2177,1.);
#254=VECTOR('',#2178,1.);
#255=VECTOR('',#2179,1.);
#256=VECTOR('',#2188,1.);
#257=VECTOR('',#2189,1.);
#258=VECTOR('',#2190,1.);
#259=VECTOR('',#2191,1.);
#260=VECTOR('',#2192,1.);
#261=VECTOR('',#2193,1.);
#262=VECTOR('',#2194,1.);
#263=VECTOR('',#2195,1.);
#264=VECTOR('',#2196,1.);
#265=VECTOR('',#2197,1.);
#266=VECTOR('',#2198,1.);
#267=VECTOR('',#2199,1.);
#268=VECTOR('',#2200,1.);
#269=VECTOR('',#2201,1.);
#270=VECTOR('',#2204,1.);
#271=VECTOR('',#2223,1.);
#272=VECTOR('',#2224,1.);
#273=VECTOR('',#2225,1.);
#274=VECTOR('',#2226,1.);
#275=VECTOR('',#2227,1.);
#276=VECTOR('',#2228,1.);
#277=VECTOR('',#2229,1.);
#278=VECTOR('',#2230,1.);
#279=VECTOR('',#2231,1.);
#280=VECTOR('',#2232,1.);
#281=VECTOR('',#2233,1.);
#282=VECTOR('',#2234,1.);
#283=VECTOR('',#2235,1.);
#284=VECTOR('',#2236,1.);
#285=VECTOR('',#2237,1.);
#286=VECTOR('',#2240,1.);
#287=VECTOR('',#2241,1.);
#288=VECTOR('',#2242,1.);
#289=VECTOR('',#2243,1.);
#290=VECTOR('',#2244,1.);
#291=VECTOR('',#2245,1.);
#292=VECTOR('',#2246,1.);
#293=VECTOR('',#2247,1.);
#294=VECTOR('',#2248,1.);
#295=VECTOR('',#2249,1.);
#296=VECTOR('',#2250,1.);
#297=VECTOR('',#2253,1.);
#298=VECTOR('',#2254,1.);
#299=VECTOR('',#2257,1.);
#300=VECTOR('',#2258,1.);
#301=VECTOR('',#2259,1.);
#302=VECTOR('',#2260,1.);
#303=VECTOR('',#2263,1.);
#304=VECTOR('',#2264,1.);
#305=VECTOR('',#2265,1.);
#306=VECTOR('',#2266,1.);
#307=VECTOR('',#2269,1.);
#308=VECTOR('',#2270,1.);
#309=VECTOR('',#2271,1.);
#310=VECTOR('',#2274,1.);
#311=VECTOR('',#2275,1.);
#312=VECTOR('',#2278,1.);
#313=VECTOR('',#2279,1.);
#314=VECTOR('',#2280,1.);
#315=VECTOR('',#2283,1.);
#316=VECTOR('',#2284,1.);
#317=VECTOR('',#2285,1.);
#318=VECTOR('',#2286,1.);
#319=VECTOR('',#2289,1.);
#320=VECTOR('',#2290,1.);
#321=VECTOR('',#2293,1.);
#322=VECTOR('',#2294,1.);
#323=VECTOR('',#2295,1.);
#324=VECTOR('',#2298,1.);
#325=VECTOR('',#2299,1.);
#326=VECTOR('',#2300,1.);
#327=VECTOR('',#2303,1.);
#328=VECTOR('',#2304,1.);
#329=VECTOR('',#2305,1.);
#330=VECTOR('',#2308,1.);
#331=VECTOR('',#2309,1.);
#332=VECTOR('',#2312,1.);
#333=VECTOR('',#2313,1.);
#334=VECTOR('',#2314,1.);
#335=VECTOR('',#2317,1.);
#336=VECTOR('',#2318,1.);
#337=VECTOR('',#2325,1.);
#338=VECTOR('',#2328,1.);
#339=VECTOR('',#2329,1.);
#340=VECTOR('',#2332,1.);
#341=VECTOR('',#2337,1.);
#342=VECTOR('',#2338,1.);
#343=VECTOR('',#2341,1.);
#344=VECTOR('',#2342,1.);
#345=VECTOR('',#2345,1.);
#346=VECTOR('',#2346,1.);
#347=VECTOR('',#2347,1.);
#348=VECTOR('',#2350,1.);
#349=VECTOR('',#2351,1.);
#350=VECTOR('',#2352,1.);
#351=VECTOR('',#2353,1.);
#352=VECTOR('',#2354,1.);
#353=VECTOR('',#2357,1.);
#354=VECTOR('',#2358,1.);
#355=VECTOR('',#2361,1.);
#356=VECTOR('',#2362,1.);
#357=VECTOR('',#2365,1.);
#358=VECTOR('',#2366,1.);
#359=VECTOR('',#2369,1.);
#360=VECTOR('',#2370,1.);
#361=VECTOR('',#2371,1.);
#362=VECTOR('',#2374,1.);
#363=VECTOR('',#2375,1.);
#364=VECTOR('',#2378,1.);
#365=VECTOR('',#2379,1.);
#366=VECTOR('',#2382,1.);
#367=VECTOR('',#2383,1.);
#368=VECTOR('',#2386,1.);
#369=VECTOR('',#2387,1.);
#370=VECTOR('',#2390,1.);
#371=VECTOR('',#2393,1.);
#372=VECTOR('',#2396,1.);
#373=VECTOR('',#2397,1.);
#374=VECTOR('',#2398,1.);
#375=VECTOR('',#2401,1.);
#376=VECTOR('',#2402,1.);
#377=VECTOR('',#2405,1.);
#378=VECTOR('',#2406,1.);
#379=VECTOR('',#2409,1.);
#380=VECTOR('',#2436,1.);
#381=VECTOR('',#2437,1.);
#382=VECTOR('',#2438,1.);
#383=VECTOR('',#2441,1.);
#384=VECTOR('',#2442,1.);
#385=VECTOR('',#2445,1.);
#386=VECTOR('',#2446,1.);
#387=VECTOR('',#2469,1.);
#388=VECTOR('',#2476,1.);
#389=VECTOR('',#2479,1.);
#390=VECTOR('',#2482,1.);
#391=VECTOR('',#2491,1.);
#392=VECTOR('',#2536,1.);
#393=VECTOR('',#2537,1.);
#394=VECTOR('',#2538,1.);
#395=VECTOR('',#2541,1.);
#396=VECTOR('',#2542,1.);
#397=VECTOR('',#2545,1.);
#398=VECTOR('',#2546,1.);
#399=VECTOR('',#2549,1.);
#400=VECTOR('',#2550,1.);
#401=VECTOR('',#2553,1.);
#402=VECTOR('',#2554,1.);
#403=VECTOR('',#2557,1.);
#404=VECTOR('',#2558,1.);
#405=VECTOR('',#2561,1.);
#406=VECTOR('',#2562,1.);
#407=VECTOR('',#2565,1.);
#408=VECTOR('',#2566,1.);
#409=VECTOR('',#2569,1.);
#410=VECTOR('',#2570,1.);
#411=VECTOR('',#2573,1.);
#412=VECTOR('',#2574,1.);
#413=VECTOR('',#2577,1.);
#414=VECTOR('',#2578,1.);
#415=VECTOR('',#2581,1.);
#416=VECTOR('',#2582,1.);
#417=VECTOR('',#2585,1.);
#418=VECTOR('',#2586,1.);
#419=VECTOR('',#2589,1.);
#420=VECTOR('',#2594,1.);
#421=VECTOR('',#2597,1.);
#422=ORIENTED_EDGE('',*,*,#918,.T.);
#423=ORIENTED_EDGE('',*,*,#919,.T.);
#424=ORIENTED_EDGE('',*,*,#920,.T.);
#425=ORIENTED_EDGE('',*,*,#921,.T.);
#426=ORIENTED_EDGE('',*,*,#922,.T.);
#427=ORIENTED_EDGE('',*,*,#923,.T.);
#428=ORIENTED_EDGE('',*,*,#924,.T.);
#429=ORIENTED_EDGE('',*,*,#925,.F.);
#430=ORIENTED_EDGE('',*,*,#926,.F.);
#431=ORIENTED_EDGE('',*,*,#927,.T.);
#432=ORIENTED_EDGE('',*,*,#928,.F.);
#433=ORIENTED_EDGE('',*,*,#929,.F.);
#434=ORIENTED_EDGE('',*,*,#930,.F.);
#435=ORIENTED_EDGE('',*,*,#931,.T.);
#436=ORIENTED_EDGE('',*,*,#932,.T.);
#437=ORIENTED_EDGE('',*,*,#933,.F.);
#438=ORIENTED_EDGE('',*,*,#934,.T.);
#439=ORIENTED_EDGE('',*,*,#935,.T.);
#440=ORIENTED_EDGE('',*,*,#936,.F.);
#441=ORIENTED_EDGE('',*,*,#937,.F.);
#442=ORIENTED_EDGE('',*,*,#938,.T.);
#443=ORIENTED_EDGE('',*,*,#939,.T.);
#444=ORIENTED_EDGE('',*,*,#940,.T.);
#445=ORIENTED_EDGE('',*,*,#941,.T.);
#446=ORIENTED_EDGE('',*,*,#942,.T.);
#447=ORIENTED_EDGE('',*,*,#943,.T.);
#448=ORIENTED_EDGE('',*,*,#944,.T.);
#449=ORIENTED_EDGE('',*,*,#945,.T.);
#450=ORIENTED_EDGE('',*,*,#946,.T.);
#451=ORIENTED_EDGE('',*,*,#947,.T.);
#452=ORIENTED_EDGE('',*,*,#948,.T.);
#453=ORIENTED_EDGE('',*,*,#949,.F.);
#454=ORIENTED_EDGE('',*,*,#950,.F.);
#455=ORIENTED_EDGE('',*,*,#951,.T.);
#456=ORIENTED_EDGE('',*,*,#952,.T.);
#457=ORIENTED_EDGE('',*,*,#953,.F.);
#458=ORIENTED_EDGE('',*,*,#954,.F.);
#459=ORIENTED_EDGE('',*,*,#955,.F.);
#460=ORIENTED_EDGE('',*,*,#956,.F.);
#461=ORIENTED_EDGE('',*,*,#957,.F.);
#462=ORIENTED_EDGE('',*,*,#958,.F.);
#463=ORIENTED_EDGE('',*,*,#959,.F.);
#464=ORIENTED_EDGE('',*,*,#960,.F.);
#465=ORIENTED_EDGE('',*,*,#961,.F.);
#466=ORIENTED_EDGE('',*,*,#962,.F.);
#467=ORIENTED_EDGE('',*,*,#963,.F.);
#468=ORIENTED_EDGE('',*,*,#964,.F.);
#469=ORIENTED_EDGE('',*,*,#965,.T.);
#470=ORIENTED_EDGE('',*,*,#966,.T.);
#471=ORIENTED_EDGE('',*,*,#967,.T.);
#472=ORIENTED_EDGE('',*,*,#968,.F.);
#473=ORIENTED_EDGE('',*,*,#969,.F.);
#474=ORIENTED_EDGE('',*,*,#970,.F.);
#475=ORIENTED_EDGE('',*,*,#971,.F.);
#476=ORIENTED_EDGE('',*,*,#972,.F.);
#477=ORIENTED_EDGE('',*,*,#973,.T.);
#478=ORIENTED_EDGE('',*,*,#974,.F.);
#479=ORIENTED_EDGE('',*,*,#975,.F.);
#480=ORIENTED_EDGE('',*,*,#976,.F.);
#481=ORIENTED_EDGE('',*,*,#977,.T.);
#482=ORIENTED_EDGE('',*,*,#978,.T.);
#483=ORIENTED_EDGE('',*,*,#979,.T.);
#484=ORIENTED_EDGE('',*,*,#980,.F.);
#485=ORIENTED_EDGE('',*,*,#981,.T.);
#486=ORIENTED_EDGE('',*,*,#982,.T.);
#487=ORIENTED_EDGE('',*,*,#983,.T.);
#488=ORIENTED_EDGE('',*,*,#984,.T.);
#489=ORIENTED_EDGE('',*,*,#985,.T.);
#490=ORIENTED_EDGE('',*,*,#986,.T.);
#491=ORIENTED_EDGE('',*,*,#987,.T.);
#492=ORIENTED_EDGE('',*,*,#988,.T.);
#493=ORIENTED_EDGE('',*,*,#989,.F.);
#494=ORIENTED_EDGE('',*,*,#990,.F.);
#495=ORIENTED_EDGE('',*,*,#991,.F.);
#496=ORIENTED_EDGE('',*,*,#992,.F.);
#497=ORIENTED_EDGE('',*,*,#993,.T.);
#498=ORIENTED_EDGE('',*,*,#994,.F.);
#499=ORIENTED_EDGE('',*,*,#995,.F.);
#500=ORIENTED_EDGE('',*,*,#996,.T.);
#501=ORIENTED_EDGE('',*,*,#997,.T.);
#502=ORIENTED_EDGE('',*,*,#998,.T.);
#503=ORIENTED_EDGE('',*,*,#999,.T.);
#504=ORIENTED_EDGE('',*,*,#1000,.T.);
#505=ORIENTED_EDGE('',*,*,#1001,.T.);
#506=ORIENTED_EDGE('',*,*,#1002,.T.);
#507=ORIENTED_EDGE('',*,*,#1003,.F.);
#508=ORIENTED_EDGE('',*,*,#1004,.F.);
#509=ORIENTED_EDGE('',*,*,#1005,.T.);
#510=ORIENTED_EDGE('',*,*,#1006,.F.);
#511=ORIENTED_EDGE('',*,*,#1007,.F.);
#512=ORIENTED_EDGE('',*,*,#1008,.F.);
#513=ORIENTED_EDGE('',*,*,#1009,.T.);
#514=ORIENTED_EDGE('',*,*,#1010,.T.);
#515=ORIENTED_EDGE('',*,*,#1011,.F.);
#516=ORIENTED_EDGE('',*,*,#1012,.T.);
#517=ORIENTED_EDGE('',*,*,#1013,.T.);
#518=ORIENTED_EDGE('',*,*,#1014,.T.);
#519=ORIENTED_EDGE('',*,*,#1015,.F.);
#520=ORIENTED_EDGE('',*,*,#1016,.F.);
#521=ORIENTED_EDGE('',*,*,#1017,.T.);
#522=ORIENTED_EDGE('',*,*,#1018,.T.);
#523=ORIENTED_EDGE('',*,*,#1019,.F.);
#524=ORIENTED_EDGE('',*,*,#1020,.T.);
#525=ORIENTED_EDGE('',*,*,#960,.T.);
#526=ORIENTED_EDGE('',*,*,#1021,.F.);
#527=ORIENTED_EDGE('',*,*,#1022,.T.);
#528=ORIENTED_EDGE('',*,*,#1023,.F.);
#529=ORIENTED_EDGE('',*,*,#1024,.T.);
#530=ORIENTED_EDGE('',*,*,#1025,.F.);
#531=ORIENTED_EDGE('',*,*,#1026,.T.);
#532=ORIENTED_EDGE('',*,*,#944,.F.);
#533=ORIENTED_EDGE('',*,*,#1027,.F.);
#534=ORIENTED_EDGE('',*,*,#1028,.T.);
#535=ORIENTED_EDGE('',*,*,#1023,.T.);
#536=ORIENTED_EDGE('',*,*,#943,.F.);
#537=ORIENTED_EDGE('',*,*,#1020,.F.);
#538=ORIENTED_EDGE('',*,*,#1029,.T.);
#539=ORIENTED_EDGE('',*,*,#1030,.F.);
#540=ORIENTED_EDGE('',*,*,#1027,.T.);
#541=ORIENTED_EDGE('',*,*,#1031,.F.);
#542=ORIENTED_EDGE('',*,*,#1010,.F.);
#543=ORIENTED_EDGE('',*,*,#1026,.F.);
#544=ORIENTED_EDGE('',*,*,#1032,.T.);
#545=ORIENTED_EDGE('',*,*,#1008,.T.);
#546=ORIENTED_EDGE('',*,*,#1033,.F.);
#547=ORIENTED_EDGE('',*,*,#1034,.T.);
#548=ORIENTED_EDGE('',*,*,#945,.F.);
#549=ORIENTED_EDGE('',*,*,#1035,.F.);
#550=ORIENTED_EDGE('',*,*,#1036,.T.);
#551=ORIENTED_EDGE('',*,*,#1002,.F.);
#552=ORIENTED_EDGE('',*,*,#1037,.F.);
#553=ORIENTED_EDGE('',*,*,#1038,.T.);
#554=ORIENTED_EDGE('',*,*,#951,.F.);
#555=ORIENTED_EDGE('',*,*,#1034,.F.);
#556=ORIENTED_EDGE('',*,*,#1039,.T.);
#557=ORIENTED_EDGE('',*,*,#1040,.T.);
#558=ORIENTED_EDGE('',*,*,#946,.F.);
#559=ORIENTED_EDGE('',*,*,#1041,.F.);
#560=ORIENTED_EDGE('',*,*,#1042,.T.);
#561=ORIENTED_EDGE('',*,*,#958,.T.);
#562=ORIENTED_EDGE('',*,*,#1043,.F.);
#563=ORIENTED_EDGE('',*,*,#1044,.F.);
#564=ORIENTED_EDGE('',*,*,#1045,.T.);
#565=ORIENTED_EDGE('',*,*,#954,.T.);
#566=ORIENTED_EDGE('',*,*,#1046,.F.);
#567=ORIENTED_EDGE('',*,*,#1047,.F.);
#568=ORIENTED_EDGE('',*,*,#1046,.T.);
#569=ORIENTED_EDGE('',*,*,#953,.T.);
#570=ORIENTED_EDGE('',*,*,#1048,.F.);
#571=ORIENTED_EDGE('',*,*,#1049,.T.);
#572=ORIENTED_EDGE('',*,*,#1018,.F.);
#573=ORIENTED_EDGE('',*,*,#1012,.F.);
#574=ORIENTED_EDGE('',*,*,#1050,.T.);
#575=ORIENTED_EDGE('',*,*,#1021,.T.);
#576=ORIENTED_EDGE('',*,*,#959,.T.);
#577=ORIENTED_EDGE('',*,*,#1042,.F.);
#578=ORIENTED_EDGE('',*,*,#1051,.T.);
#579=ORIENTED_EDGE('',*,*,#1052,.F.);
#580=ORIENTED_EDGE('',*,*,#1053,.T.);
#581=ORIENTED_EDGE('',*,*,#1014,.F.);
#582=ORIENTED_EDGE('',*,*,#1054,.F.);
#583=ORIENTED_EDGE('',*,*,#1043,.T.);
#584=ORIENTED_EDGE('',*,*,#957,.T.);
#585=ORIENTED_EDGE('',*,*,#1055,.F.);
#586=ORIENTED_EDGE('',*,*,#1056,.T.);
#587=ORIENTED_EDGE('',*,*,#1052,.T.);
#588=ORIENTED_EDGE('',*,*,#956,.T.);
#589=ORIENTED_EDGE('',*,*,#1045,.F.);
#590=ORIENTED_EDGE('',*,*,#1057,.T.);
#591=ORIENTED_EDGE('',*,*,#1055,.T.);
#592=ORIENTED_EDGE('',*,*,#955,.T.);
#593=ORIENTED_EDGE('',*,*,#1058,.F.);
#594=ORIENTED_EDGE('',*,*,#1048,.T.);
#595=ORIENTED_EDGE('',*,*,#952,.F.);
#596=ORIENTED_EDGE('',*,*,#1038,.F.);
#597=ORIENTED_EDGE('',*,*,#1059,.F.);
#598=ORIENTED_EDGE('',*,*,#1060,.T.);
#599=ORIENTED_EDGE('',*,*,#1035,.T.);
#600=ORIENTED_EDGE('',*,*,#950,.T.);
#601=ORIENTED_EDGE('',*,*,#1061,.F.);
#602=ORIENTED_EDGE('',*,*,#1062,.T.);
#603=ORIENTED_EDGE('',*,*,#1059,.T.);
#604=ORIENTED_EDGE('',*,*,#949,.T.);
#605=ORIENTED_EDGE('',*,*,#1063,.F.);
#606=ORIENTED_EDGE('',*,*,#1061,.T.);
#607=ORIENTED_EDGE('',*,*,#948,.F.);
#608=ORIENTED_EDGE('',*,*,#1064,.F.);
#609=ORIENTED_EDGE('',*,*,#1065,.F.);
#610=ORIENTED_EDGE('',*,*,#1064,.T.);
#611=ORIENTED_EDGE('',*,*,#947,.F.);
#612=ORIENTED_EDGE('',*,*,#1040,.F.);
#613=ORIENTED_EDGE('',*,*,#1066,.T.);
#614=ORIENTED_EDGE('',*,*,#1006,.T.);
#615=ORIENTED_EDGE('',*,*,#1067,.F.);
#616=ORIENTED_EDGE('',*,*,#1068,.F.);
#617=ORIENTED_EDGE('',*,*,#995,.T.);
#618=ORIENTED_EDGE('',*,*,#1069,.T.);
#619=ORIENTED_EDGE('',*,*,#1070,.F.);
#620=ORIENTED_EDGE('',*,*,#996,.F.);
#621=ORIENTED_EDGE('',*,*,#1068,.T.);
#622=ORIENTED_EDGE('',*,*,#1071,.T.);
#623=ORIENTED_EDGE('',*,*,#1072,.T.);
#624=ORIENTED_EDGE('',*,*,#980,.T.);
#625=ORIENTED_EDGE('',*,*,#1073,.F.);
#626=ORIENTED_EDGE('',*,*,#1074,.T.);
#627=ORIENTED_EDGE('',*,*,#1070,.T.);
#628=ORIENTED_EDGE('',*,*,#1075,.T.);
#629=ORIENTED_EDGE('',*,*,#1076,.F.);
#630=ORIENTED_EDGE('',*,*,#997,.F.);
#631=ORIENTED_EDGE('',*,*,#1076,.T.);
#632=ORIENTED_EDGE('',*,*,#1077,.T.);
#633=ORIENTED_EDGE('',*,*,#1078,.F.);
#634=ORIENTED_EDGE('',*,*,#998,.F.);
#635=ORIENTED_EDGE('',*,*,#1078,.T.);
#636=ORIENTED_EDGE('',*,*,#1079,.T.);
#637=ORIENTED_EDGE('',*,*,#1080,.F.);
#638=ORIENTED_EDGE('',*,*,#999,.F.);
#639=ORIENTED_EDGE('',*,*,#1081,.F.);
#640=ORIENTED_EDGE('',*,*,#1082,.F.);
#641=ORIENTED_EDGE('',*,*,#989,.T.);
#642=ORIENTED_EDGE('',*,*,#1083,.T.);
#643=ORIENTED_EDGE('',*,*,#1084,.F.);
#644=ORIENTED_EDGE('',*,*,#1085,.F.);
#645=ORIENTED_EDGE('',*,*,#990,.T.);
#646=ORIENTED_EDGE('',*,*,#1082,.T.);
#647=ORIENTED_EDGE('',*,*,#1086,.F.);
#648=ORIENTED_EDGE('',*,*,#1087,.F.);
#649=ORIENTED_EDGE('',*,*,#991,.T.);
#650=ORIENTED_EDGE('',*,*,#1085,.T.);
#651=ORIENTED_EDGE('',*,*,#1088,.F.);
#652=ORIENTED_EDGE('',*,*,#1089,.F.);
#653=ORIENTED_EDGE('',*,*,#992,.T.);
#654=ORIENTED_EDGE('',*,*,#1087,.T.);
#655=ORIENTED_EDGE('',*,*,#1089,.T.);
#656=ORIENTED_EDGE('',*,*,#1090,.T.);
#657=ORIENTED_EDGE('',*,*,#1091,.F.);
#658=ORIENTED_EDGE('',*,*,#993,.F.);
#659=ORIENTED_EDGE('',*,*,#1080,.T.);
#660=ORIENTED_EDGE('',*,*,#1092,.T.);
#661=ORIENTED_EDGE('',*,*,#1069,.F.);
#662=ORIENTED_EDGE('',*,*,#1000,.F.);
#663=ORIENTED_EDGE('',*,*,#1093,.F.);
#664=ORIENTED_EDGE('',*,*,#1083,.F.);
#665=ORIENTED_EDGE('',*,*,#994,.T.);
#666=ORIENTED_EDGE('',*,*,#1091,.T.);
#667=ORIENTED_EDGE('',*,*,#934,.F.);
#668=ORIENTED_EDGE('',*,*,#1094,.F.);
#669=ORIENTED_EDGE('',*,*,#1095,.T.);
#670=ORIENTED_EDGE('',*,*,#1096,.T.);
#671=ORIENTED_EDGE('',*,*,#937,.T.);
#672=ORIENTED_EDGE('',*,*,#1097,.F.);
#673=ORIENTED_EDGE('',*,*,#1098,.F.);
#674=ORIENTED_EDGE('',*,*,#1094,.T.);
#675=ORIENTED_EDGE('',*,*,#936,.T.);
#676=ORIENTED_EDGE('',*,*,#1099,.F.);
#677=ORIENTED_EDGE('',*,*,#1100,.F.);
#678=ORIENTED_EDGE('',*,*,#1097,.T.);
#679=ORIENTED_EDGE('',*,*,#935,.F.);
#680=ORIENTED_EDGE('',*,*,#1096,.F.);
#681=ORIENTED_EDGE('',*,*,#1101,.T.);
#682=ORIENTED_EDGE('',*,*,#1099,.T.);
#683=ORIENTED_EDGE('',*,*,#1102,.T.);
#684=ORIENTED_EDGE('',*,*,#938,.F.);
#685=ORIENTED_EDGE('',*,*,#1103,.T.);
#686=ORIENTED_EDGE('',*,*,#939,.F.);
#687=ORIENTED_EDGE('',*,*,#1104,.T.);
#688=ORIENTED_EDGE('',*,*,#940,.F.);
#689=ORIENTED_EDGE('',*,*,#1105,.T.);
#690=ORIENTED_EDGE('',*,*,#941,.F.);
#691=ORIENTED_EDGE('',*,*,#1106,.T.);
#692=ORIENTED_EDGE('',*,*,#942,.F.);
#693=ORIENTED_EDGE('',*,*,#1107,.T.);
#694=ORIENTED_EDGE('',*,*,#1106,.F.);
#695=ORIENTED_EDGE('',*,*,#1105,.F.);
#696=ORIENTED_EDGE('',*,*,#1104,.F.);
#697=ORIENTED_EDGE('',*,*,#1103,.F.);
#698=ORIENTED_EDGE('',*,*,#1102,.F.);
#699=ORIENTED_EDGE('',*,*,#1095,.F.);
#700=ORIENTED_EDGE('',*,*,#1098,.T.);
#701=ORIENTED_EDGE('',*,*,#1100,.T.);
#702=ORIENTED_EDGE('',*,*,#1101,.F.);
#703=ORIENTED_EDGE('',*,*,#1081,.T.);
#704=ORIENTED_EDGE('',*,*,#1093,.T.);
#705=ORIENTED_EDGE('',*,*,#1090,.F.);
#706=ORIENTED_EDGE('',*,*,#1088,.T.);
#707=ORIENTED_EDGE('',*,*,#1086,.T.);
#708=ORIENTED_EDGE('',*,*,#1084,.T.);
#709=ORIENTED_EDGE('',*,*,#930,.T.);
#710=ORIENTED_EDGE('',*,*,#1108,.F.);
#711=ORIENTED_EDGE('',*,*,#1109,.F.);
#712=ORIENTED_EDGE('',*,*,#1110,.T.);
#713=ORIENTED_EDGE('',*,*,#933,.T.);
#714=ORIENTED_EDGE('',*,*,#1111,.F.);
#715=ORIENTED_EDGE('',*,*,#1112,.F.);
#716=ORIENTED_EDGE('',*,*,#1108,.T.);
#717=ORIENTED_EDGE('',*,*,#932,.F.);
#718=ORIENTED_EDGE('',*,*,#1113,.F.);
#719=ORIENTED_EDGE('',*,*,#1114,.T.);
#720=ORIENTED_EDGE('',*,*,#1111,.T.);
#721=ORIENTED_EDGE('',*,*,#1115,.F.);
#722=ORIENTED_EDGE('',*,*,#925,.T.);
#723=ORIENTED_EDGE('',*,*,#1116,.F.);
#724=ORIENTED_EDGE('',*,*,#926,.T.);
#725=ORIENTED_EDGE('',*,*,#1117,.T.);
#726=ORIENTED_EDGE('',*,*,#927,.F.);
#727=ORIENTED_EDGE('',*,*,#1118,.F.);
#728=ORIENTED_EDGE('',*,*,#928,.T.);
#729=ORIENTED_EDGE('',*,*,#1119,.F.);
#730=ORIENTED_EDGE('',*,*,#929,.T.);
#731=ORIENTED_EDGE('',*,*,#931,.F.);
#732=ORIENTED_EDGE('',*,*,#1110,.F.);
#733=ORIENTED_EDGE('',*,*,#1120,.T.);
#734=ORIENTED_EDGE('',*,*,#1113,.T.);
#735=ORIENTED_EDGE('',*,*,#1109,.T.);
#736=ORIENTED_EDGE('',*,*,#1112,.T.);
#737=ORIENTED_EDGE('',*,*,#1114,.F.);
#738=ORIENTED_EDGE('',*,*,#1120,.F.);
#739=ORIENTED_EDGE('',*,*,#1119,.T.);
#740=ORIENTED_EDGE('',*,*,#1118,.T.);
#741=ORIENTED_EDGE('',*,*,#1117,.F.);
#742=ORIENTED_EDGE('',*,*,#1116,.T.);
#743=ORIENTED_EDGE('',*,*,#1115,.T.);
#744=ORIENTED_EDGE('',*,*,#1074,.F.);
#745=ORIENTED_EDGE('',*,*,#1121,.T.);
#746=ORIENTED_EDGE('',*,*,#1071,.F.);
#747=ORIENTED_EDGE('',*,*,#1067,.T.);
#748=ORIENTED_EDGE('',*,*,#1092,.F.);
#749=ORIENTED_EDGE('',*,*,#1079,.F.);
#750=ORIENTED_EDGE('',*,*,#1077,.F.);
#751=ORIENTED_EDGE('',*,*,#1075,.F.);
#752=ORIENTED_EDGE('',*,*,#1063,.T.);
#753=ORIENTED_EDGE('',*,*,#1065,.T.);
#754=ORIENTED_EDGE('',*,*,#1005,.F.);
#755=ORIENTED_EDGE('',*,*,#1122,.F.);
#756=ORIENTED_EDGE('',*,*,#1123,.T.);
#757=ORIENTED_EDGE('',*,*,#1015,.T.);
#758=ORIENTED_EDGE('',*,*,#1053,.F.);
#759=ORIENTED_EDGE('',*,*,#1056,.F.);
#760=ORIENTED_EDGE('',*,*,#1044,.T.);
#761=ORIENTED_EDGE('',*,*,#1047,.T.);
#762=ORIENTED_EDGE('',*,*,#1017,.F.);
#763=ORIENTED_EDGE('',*,*,#1124,.F.);
#764=ORIENTED_EDGE('',*,*,#1054,.T.);
#765=ORIENTED_EDGE('',*,*,#1013,.F.);
#766=ORIENTED_EDGE('',*,*,#1051,.F.);
#767=ORIENTED_EDGE('',*,*,#1041,.T.);
#768=ORIENTED_EDGE('',*,*,#1066,.F.);
#769=ORIENTED_EDGE('',*,*,#1039,.F.);
#770=ORIENTED_EDGE('',*,*,#1033,.T.);
#771=ORIENTED_EDGE('',*,*,#1007,.T.);
#772=ORIENTED_EDGE('',*,*,#1057,.F.);
#773=ORIENTED_EDGE('',*,*,#1124,.T.);
#774=ORIENTED_EDGE('',*,*,#1016,.T.);
#775=ORIENTED_EDGE('',*,*,#1123,.F.);
#776=ORIENTED_EDGE('',*,*,#1036,.F.);
#777=ORIENTED_EDGE('',*,*,#1060,.F.);
#778=ORIENTED_EDGE('',*,*,#1125,.T.);
#779=ORIENTED_EDGE('',*,*,#1003,.T.);
#780=ORIENTED_EDGE('',*,*,#1062,.F.);
#781=ORIENTED_EDGE('',*,*,#1122,.T.);
#782=ORIENTED_EDGE('',*,*,#1004,.T.);
#783=ORIENTED_EDGE('',*,*,#1125,.F.);
#784=ORIENTED_EDGE('',*,*,#1126,.F.);
#785=ORIENTED_EDGE('',*,*,#961,.T.);
#786=ORIENTED_EDGE('',*,*,#1126,.T.);
#787=ORIENTED_EDGE('',*,*,#1127,.F.);
#788=ORIENTED_EDGE('',*,*,#1127,.T.);
#789=ORIENTED_EDGE('',*,*,#988,.F.);
#790=ORIENTED_EDGE('',*,*,#1128,.F.);
#791=ORIENTED_EDGE('',*,*,#962,.T.);
#792=ORIENTED_EDGE('',*,*,#1128,.T.);
#793=ORIENTED_EDGE('',*,*,#1129,.F.);
#794=ORIENTED_EDGE('',*,*,#1129,.T.);
#795=ORIENTED_EDGE('',*,*,#987,.F.);
#796=ORIENTED_EDGE('',*,*,#1130,.F.);
#797=ORIENTED_EDGE('',*,*,#963,.T.);
#798=ORIENTED_EDGE('',*,*,#1130,.T.);
#799=ORIENTED_EDGE('',*,*,#1131,.F.);
#800=ORIENTED_EDGE('',*,*,#1131,.T.);
#801=ORIENTED_EDGE('',*,*,#986,.F.);
#802=ORIENTED_EDGE('',*,*,#1132,.F.);
#803=ORIENTED_EDGE('',*,*,#964,.T.);
#804=ORIENTED_EDGE('',*,*,#1132,.T.);
#805=ORIENTED_EDGE('',*,*,#1133,.F.);
#806=ORIENTED_EDGE('',*,*,#1133,.T.);
#807=ORIENTED_EDGE('',*,*,#985,.F.);
#808=ORIENTED_EDGE('',*,*,#965,.F.);
#809=ORIENTED_EDGE('',*,*,#1134,.F.);
#810=ORIENTED_EDGE('',*,*,#1135,.T.);
#811=ORIENTED_EDGE('',*,*,#1136,.T.);
#812=ORIENTED_EDGE('',*,*,#966,.F.);
#813=ORIENTED_EDGE('',*,*,#1136,.F.);
#814=ORIENTED_EDGE('',*,*,#1137,.T.);
#815=ORIENTED_EDGE('',*,*,#1138,.T.);
#816=ORIENTED_EDGE('',*,*,#967,.F.);
#817=ORIENTED_EDGE('',*,*,#1138,.F.);
#818=ORIENTED_EDGE('',*,*,#1139,.T.);
#819=ORIENTED_EDGE('',*,*,#1140,.T.);
#820=ORIENTED_EDGE('',*,*,#968,.T.);
#821=ORIENTED_EDGE('',*,*,#1140,.F.);
#822=ORIENTED_EDGE('',*,*,#1141,.F.);
#823=ORIENTED_EDGE('',*,*,#1142,.T.);
#824=ORIENTED_EDGE('',*,*,#969,.T.);
#825=ORIENTED_EDGE('',*,*,#1142,.F.);
#826=ORIENTED_EDGE('',*,*,#1143,.F.);
#827=ORIENTED_EDGE('',*,*,#1144,.T.);
#828=ORIENTED_EDGE('',*,*,#970,.T.);
#829=ORIENTED_EDGE('',*,*,#1144,.F.);
#830=ORIENTED_EDGE('',*,*,#1145,.F.);
#831=ORIENTED_EDGE('',*,*,#1146,.T.);
#832=ORIENTED_EDGE('',*,*,#971,.T.);
#833=ORIENTED_EDGE('',*,*,#1146,.F.);
#834=ORIENTED_EDGE('',*,*,#1147,.F.);
#835=ORIENTED_EDGE('',*,*,#1148,.T.);
#836=ORIENTED_EDGE('',*,*,#972,.T.);
#837=ORIENTED_EDGE('',*,*,#1148,.F.);
#838=ORIENTED_EDGE('',*,*,#1149,.F.);
#839=ORIENTED_EDGE('',*,*,#1150,.T.);
#840=ORIENTED_EDGE('',*,*,#973,.F.);
#841=ORIENTED_EDGE('',*,*,#1150,.F.);
#842=ORIENTED_EDGE('',*,*,#1151,.T.);
#843=ORIENTED_EDGE('',*,*,#1152,.T.);
#844=ORIENTED_EDGE('',*,*,#974,.T.);
#845=ORIENTED_EDGE('',*,*,#1152,.F.);
#846=ORIENTED_EDGE('',*,*,#1153,.F.);
#847=ORIENTED_EDGE('',*,*,#1154,.T.);
#848=ORIENTED_EDGE('',*,*,#975,.T.);
#849=ORIENTED_EDGE('',*,*,#1154,.F.);
#850=ORIENTED_EDGE('',*,*,#1155,.F.);
#851=ORIENTED_EDGE('',*,*,#1156,.T.);
#852=ORIENTED_EDGE('',*,*,#976,.T.);
#853=ORIENTED_EDGE('',*,*,#1156,.F.);
#854=ORIENTED_EDGE('',*,*,#1157,.F.);
#855=ORIENTED_EDGE('',*,*,#1158,.T.);
#856=ORIENTED_EDGE('',*,*,#977,.F.);
#857=ORIENTED_EDGE('',*,*,#1158,.F.);
#858=ORIENTED_EDGE('',*,*,#1159,.T.);
#859=ORIENTED_EDGE('',*,*,#1160,.T.);
#860=ORIENTED_EDGE('',*,*,#978,.F.);
#861=ORIENTED_EDGE('',*,*,#1160,.F.);
#862=ORIENTED_EDGE('',*,*,#1161,.T.);
#863=ORIENTED_EDGE('',*,*,#1134,.T.);
#864=ORIENTED_EDGE('',*,*,#1135,.F.);
#865=ORIENTED_EDGE('',*,*,#1161,.F.);
#866=ORIENTED_EDGE('',*,*,#1159,.F.);
#867=ORIENTED_EDGE('',*,*,#1157,.T.);
#868=ORIENTED_EDGE('',*,*,#1155,.T.);
#869=ORIENTED_EDGE('',*,*,#1153,.T.);
#870=ORIENTED_EDGE('',*,*,#1151,.F.);
#871=ORIENTED_EDGE('',*,*,#1149,.T.);
#872=ORIENTED_EDGE('',*,*,#1147,.T.);
#873=ORIENTED_EDGE('',*,*,#1145,.T.);
#874=ORIENTED_EDGE('',*,*,#1143,.T.);
#875=ORIENTED_EDGE('',*,*,#1141,.T.);
#876=ORIENTED_EDGE('',*,*,#1139,.F.);
#877=ORIENTED_EDGE('',*,*,#1137,.F.);
#878=ORIENTED_EDGE('',*,*,#1022,.F.);
#879=ORIENTED_EDGE('',*,*,#1050,.F.);
#880=ORIENTED_EDGE('',*,*,#1011,.T.);
#881=ORIENTED_EDGE('',*,*,#1162,.T.);
#882=ORIENTED_EDGE('',*,*,#1009,.F.);
#883=ORIENTED_EDGE('',*,*,#1032,.F.);
#884=ORIENTED_EDGE('',*,*,#1025,.T.);
#885=ORIENTED_EDGE('',*,*,#1163,.T.);
#886=ORIENTED_EDGE('',*,*,#1019,.T.);
#887=ORIENTED_EDGE('',*,*,#1162,.F.);
#888=ORIENTED_EDGE('',*,*,#1031,.T.);
#889=ORIENTED_EDGE('',*,*,#1029,.F.);
#890=ORIENTED_EDGE('',*,*,#1028,.F.);
#891=ORIENTED_EDGE('',*,*,#1030,.T.);
#892=ORIENTED_EDGE('',*,*,#1163,.F.);
#893=ORIENTED_EDGE('',*,*,#1024,.F.);
#894=ORIENTED_EDGE('',*,*,#984,.F.);
#895=ORIENTED_EDGE('',*,*,#924,.F.);
#896=ORIENTED_EDGE('',*,*,#983,.F.);
#897=ORIENTED_EDGE('',*,*,#923,.F.);
#898=ORIENTED_EDGE('',*,*,#982,.F.);
#899=ORIENTED_EDGE('',*,*,#922,.F.);
#900=ORIENTED_EDGE('',*,*,#981,.F.);
#901=ORIENTED_EDGE('',*,*,#921,.F.);
#902=ORIENTED_EDGE('',*,*,#1037,.T.);
#903=ORIENTED_EDGE('',*,*,#1001,.F.);
#904=ORIENTED_EDGE('',*,*,#1049,.F.);
#905=ORIENTED_EDGE('',*,*,#1058,.T.);
#906=ORIENTED_EDGE('',*,*,#1073,.T.);
#907=ORIENTED_EDGE('',*,*,#979,.F.);
#908=ORIENTED_EDGE('',*,*,#1072,.F.);
#909=ORIENTED_EDGE('',*,*,#1121,.F.);
#910=ORIENTED_EDGE('',*,*,#1107,.F.);
#911=ORIENTED_EDGE('',*,*,#920,.F.);
#912=ORIENTED_EDGE('',*,*,#1164,.F.);
#913=ORIENTED_EDGE('',*,*,#1164,.T.);
#914=ORIENTED_EDGE('',*,*,#919,.F.);
#915=ORIENTED_EDGE('',*,*,#1165,.F.);
#916=ORIENTED_EDGE('',*,*,#1165,.T.);
#917=ORIENTED_EDGE('',*,*,#918,.F.);
#918=EDGE_CURVE('',#1166,#1166,#1346,.T.);
#919=EDGE_CURVE('',#1167,#1167,#1347,.T.);
#920=EDGE_CURVE('',#1168,#1168,#1348,.T.);
#921=EDGE_CURVE('',#1169,#1169,#1349,.T.);
#922=EDGE_CURVE('',#1170,#1170,#1350,.T.);
#923=EDGE_CURVE('',#1171,#1171,#1351,.T.);
#924=EDGE_CURVE('',#1172,#1172,#1352,.T.);
#925=EDGE_CURVE('',#1173,#1173,#1353,.T.);
#926=EDGE_CURVE('',#1174,#1174,#1354,.T.);
#927=EDGE_CURVE('',#1175,#1175,#1355,.T.);
#928=EDGE_CURVE('',#1176,#1176,#1356,.T.);
#929=EDGE_CURVE('',#1177,#1177,#1357,.T.);
#930=EDGE_CURVE('',#1178,#1179,#42,.T.);
#931=EDGE_CURVE('',#1178,#1180,#43,.T.);
#932=EDGE_CURVE('',#1180,#1181,#44,.T.);
#933=EDGE_CURVE('',#1179,#1181,#45,.T.);
#934=EDGE_CURVE('',#1182,#1183,#46,.T.);
#935=EDGE_CURVE('',#1183,#1184,#47,.T.);
#936=EDGE_CURVE('',#1185,#1184,#48,.T.);
#937=EDGE_CURVE('',#1182,#1185,#49,.T.);
#938=EDGE_CURVE('',#1186,#1186,#1358,.T.);
#939=EDGE_CURVE('',#1187,#1187,#1359,.T.);
#940=EDGE_CURVE('',#1188,#1188,#1360,.T.);
#941=EDGE_CURVE('',#1189,#1189,#1361,.T.);
#942=EDGE_CURVE('',#1190,#1190,#1362,.T.);
#943=EDGE_CURVE('',#1191,#1192,#50,.T.);
#944=EDGE_CURVE('',#1192,#1193,#51,.T.);
#945=EDGE_CURVE('',#1193,#1194,#52,.T.);
#946=EDGE_CURVE('',#1194,#1195,#53,.T.);
#947=EDGE_CURVE('',#1195,#1196,#54,.T.);
#948=EDGE_CURVE('',#1196,#1197,#55,.T.);
#949=EDGE_CURVE('',#1198,#1197,#1363,.T.);
#950=EDGE_CURVE('',#1199,#1198,#56,.T.);
#951=EDGE_CURVE('',#1199,#1200,#57,.T.);
#952=EDGE_CURVE('',#1200,#1201,#58,.T.);
#953=EDGE_CURVE('',#1202,#1201,#59,.T.);
#954=EDGE_CURVE('',#1203,#1202,#60,.T.);
#955=EDGE_CURVE('',#1204,#1203,#1364,.T.);
#956=EDGE_CURVE('',#1205,#1204,#61,.T.);
#957=EDGE_CURVE('',#1206,#1205,#62,.T.);
#958=EDGE_CURVE('',#1207,#1206,#63,.T.);
#959=EDGE_CURVE('',#1208,#1207,#64,.T.);
#960=EDGE_CURVE('',#1191,#1208,#65,.T.);
#961=EDGE_CURVE('',#1209,#1209,#1365,.F.);
#962=EDGE_CURVE('',#1210,#1210,#1366,.F.);
#963=EDGE_CURVE('',#1211,#1211,#1367,.F.);
#964=EDGE_CURVE('',#1212,#1212,#1368,.F.);
#965=EDGE_CURVE('',#1213,#1214,#66,.T.);
#966=EDGE_CURVE('',#1214,#1215,#67,.T.);
#967=EDGE_CURVE('',#1215,#1216,#68,.T.);
#968=EDGE_CURVE('',#1217,#1216,#69,.T.);
#969=EDGE_CURVE('',#1218,#1217,#70,.T.);
#970=EDGE_CURVE('',#1219,#1218,#71,.T.);
#971=EDGE_CURVE('',#1220,#1219,#72,.T.);
#972=EDGE_CURVE('',#1221,#1220,#73,.T.);
#973=EDGE_CURVE('',#1221,#1222,#74,.T.);
#974=EDGE_CURVE('',#1223,#1222,#75,.T.);
#975=EDGE_CURVE('',#1224,#1223,#76,.T.);
#976=EDGE_CURVE('',#1225,#1224,#77,.T.);
#977=EDGE_CURVE('',#1225,#1226,#78,.T.);
#978=EDGE_CURVE('',#1226,#1213,#79,.T.);
#979=EDGE_CURVE('',#1227,#1228,#1369,.T.);
#980=EDGE_CURVE('',#1227,#1228,#80,.T.);
#981=EDGE_CURVE('',#1229,#1229,#1370,.F.);
#982=EDGE_CURVE('',#1230,#1230,#1371,.F.);
#983=EDGE_CURVE('',#1231,#1231,#1372,.F.);
#984=EDGE_CURVE('',#1232,#1232,#1373,.F.);
#985=EDGE_CURVE('',#1233,#1233,#1374,.T.);
#986=EDGE_CURVE('',#1234,#1234,#1375,.T.);
#987=EDGE_CURVE('',#1235,#1235,#1376,.T.);
#988=EDGE_CURVE('',#1236,#1236,#1377,.T.);
#989=EDGE_CURVE('',#1237,#1238,#81,.T.);
#990=EDGE_CURVE('',#1239,#1237,#82,.T.);
#991=EDGE_CURVE('',#1240,#1239,#83,.T.);
#992=EDGE_CURVE('',#1241,#1240,#84,.T.);
#993=EDGE_CURVE('',#1241,#1242,#85,.T.);
#994=EDGE_CURVE('',#1238,#1242,#86,.T.);
#995=EDGE_CURVE('',#1243,#1244,#87,.T.);
#996=EDGE_CURVE('',#1243,#1245,#88,.T.);
#997=EDGE_CURVE('',#1245,#1246,#89,.T.);
#998=EDGE_CURVE('',#1246,#1247,#90,.T.);
#999=EDGE_CURVE('',#1247,#1248,#91,.T.);
#1000=EDGE_CURVE('',#1248,#1244,#92,.T.);
#1001=EDGE_CURVE('',#1249,#1250,#93,.T.);
#1002=EDGE_CURVE('',#1250,#1251,#94,.T.);
#1003=EDGE_CURVE('',#1252,#1251,#95,.T.);
#1004=EDGE_CURVE('',#1253,#1252,#1378,.T.);
#1005=EDGE_CURVE('',#1253,#1254,#96,.T.);
#1006=EDGE_CURVE('',#1255,#1254,#97,.T.);
#1007=EDGE_CURVE('',#1256,#1255,#98,.T.);
#1008=EDGE_CURVE('',#1257,#1256,#99,.T.);
#1009=EDGE_CURVE('',#1257,#1258,#100,.T.);
#1010=EDGE_CURVE('',#1258,#1259,#101,.T.);
#1011=EDGE_CURVE('',#1260,#1259,#102,.T.);
#1012=EDGE_CURVE('',#1260,#1261,#103,.T.);
#1013=EDGE_CURVE('',#1261,#1262,#104,.T.);
#1014=EDGE_CURVE('',#1262,#1263,#105,.T.);
#1015=EDGE_CURVE('',#1264,#1263,#106,.T.);
#1016=EDGE_CURVE('',#1265,#1264,#1379,.T.);
#1017=EDGE_CURVE('',#1265,#1266,#107,.T.);
#1018=EDGE_CURVE('',#1266,#1249,#108,.T.);
#1019=EDGE_CURVE('',#1267,#1268,#109,.T.);
#1020=EDGE_CURVE('',#1267,#1191,#110,.T.);
#1021=EDGE_CURVE('',#1269,#1208,#111,.T.);
#1022=EDGE_CURVE('',#1269,#1268,#112,.T.);
#1023=EDGE_CURVE('',#1270,#1192,#113,.T.);
#1024=EDGE_CURVE('',#1270,#1271,#114,.T.);
#1025=EDGE_CURVE('',#1272,#1271,#115,.T.);
#1026=EDGE_CURVE('',#1272,#1193,#116,.T.);
#1027=EDGE_CURVE('',#1273,#1274,#117,.T.);
#1028=EDGE_CURVE('',#1273,#1270,#118,.T.);
#1029=EDGE_CURVE('',#1267,#1274,#119,.T.);
#1030=EDGE_CURVE('',#1273,#1258,#120,.T.);
#1031=EDGE_CURVE('',#1259,#1274,#121,.T.);
#1032=EDGE_CURVE('',#1272,#1257,#122,.T.);
#1033=EDGE_CURVE('',#1275,#1256,#123,.T.);
#1034=EDGE_CURVE('',#1275,#1194,#124,.T.);
#1035=EDGE_CURVE('',#1276,#1199,#125,.T.);
#1036=EDGE_CURVE('',#1276,#1251,#126,.T.);
#1037=EDGE_CURVE('',#1277,#1250,#127,.T.);
#1038=EDGE_CURVE('',#1277,#1200,#128,.T.);
#1039=EDGE_CURVE('',#1275,#1278,#129,.T.);
#1040=EDGE_CURVE('',#1278,#1195,#130,.T.);
#1041=EDGE_CURVE('',#1279,#1280,#131,.T.);
#1042=EDGE_CURVE('',#1279,#1207,#132,.T.);
#1043=EDGE_CURVE('',#1280,#1206,#133,.T.);
#1044=EDGE_CURVE('',#1281,#1282,#134,.T.);
#1045=EDGE_CURVE('',#1281,#1203,#135,.T.);
#1046=EDGE_CURVE('',#1282,#1202,#136,.T.);
#1047=EDGE_CURVE('',#1282,#1266,#137,.T.);
#1048=EDGE_CURVE('',#1283,#1201,#138,.T.);
#1049=EDGE_CURVE('',#1283,#1249,#139,.T.);
#1050=EDGE_CURVE('',#1260,#1269,#140,.F.);
#1051=EDGE_CURVE('',#1279,#1261,#141,.T.);
#1052=EDGE_CURVE('',#1284,#1205,#142,.T.);
#1053=EDGE_CURVE('',#1284,#1263,#143,.T.);
#1054=EDGE_CURVE('',#1280,#1262,#144,.T.);
#1055=EDGE_CURVE('',#1285,#1204,#145,.T.);
#1056=EDGE_CURVE('',#1285,#1284,#146,.T.);
#1057=EDGE_CURVE('',#1281,#1285,#1380,.T.);
#1058=EDGE_CURVE('',#1283,#1277,#147,.T.);
#1059=EDGE_CURVE('',#1286,#1198,#148,.T.);
#1060=EDGE_CURVE('',#1286,#1276,#149,.T.);
#1061=EDGE_CURVE('',#1287,#1197,#150,.T.);
#1062=EDGE_CURVE('',#1287,#1286,#1381,.T.);
#1063=EDGE_CURVE('',#1287,#1288,#151,.T.);
#1064=EDGE_CURVE('',#1288,#1196,#152,.T.);
#1065=EDGE_CURVE('',#1288,#1254,#153,.T.);
#1066=EDGE_CURVE('',#1278,#1255,#154,.T.);
#1067=EDGE_CURVE('',#1289,#1290,#155,.T.);
#1068=EDGE_CURVE('',#1243,#1289,#156,.T.);
#1069=EDGE_CURVE('',#1244,#1290,#157,.T.);
#1070=EDGE_CURVE('',#1245,#1291,#158,.T.);
#1071=EDGE_CURVE('',#1289,#1292,#159,.T.);
#1072=EDGE_CURVE('',#1292,#1227,#160,.T.);
#1073=EDGE_CURVE('',#1293,#1228,#161,.T.);
#1074=EDGE_CURVE('',#1293,#1291,#162,.T.);
#1075=EDGE_CURVE('',#1291,#1294,#163,.T.);
#1076=EDGE_CURVE('',#1246,#1294,#164,.T.);
#1077=EDGE_CURVE('',#1294,#1295,#165,.T.);
#1078=EDGE_CURVE('',#1247,#1295,#166,.T.);
#1079=EDGE_CURVE('',#1295,#1296,#167,.T.);
#1080=EDGE_CURVE('',#1248,#1296,#168,.T.);
#1081=EDGE_CURVE('',#1297,#1298,#169,.T.);
#1082=EDGE_CURVE('',#1237,#1297,#170,.T.);
#1083=EDGE_CURVE('',#1238,#1298,#171,.T.);
#1084=EDGE_CURVE('',#1299,#1297,#172,.T.);
#1085=EDGE_CURVE('',#1239,#1299,#173,.T.);
#1086=EDGE_CURVE('',#1300,#1299,#174,.T.);
#1087=EDGE_CURVE('',#1240,#1300,#175,.T.);
#1088=EDGE_CURVE('',#1301,#1300,#176,.T.);
#1089=EDGE_CURVE('',#1241,#1301,#177,.T.);
#1090=EDGE_CURVE('',#1301,#1302,#178,.T.);
#1091=EDGE_CURVE('',#1242,#1302,#179,.T.);
#1092=EDGE_CURVE('',#1296,#1290,#180,.T.);
#1093=EDGE_CURVE('',#1298,#1302,#181,.T.);
#1094=EDGE_CURVE('',#1303,#1182,#182,.T.);
#1095=EDGE_CURVE('',#1303,#1304,#183,.T.);
#1096=EDGE_CURVE('',#1304,#1183,#184,.T.);
#1097=EDGE_CURVE('',#1305,#1185,#185,.T.);
#1098=EDGE_CURVE('',#1303,#1305,#186,.T.);
#1099=EDGE_CURVE('',#1306,#1184,#187,.T.);
#1100=EDGE_CURVE('',#1305,#1306,#188,.T.);
#1101=EDGE_CURVE('',#1304,#1306,#189,.T.);
#1102=EDGE_CURVE('',#1307,#1307,#1382,.T.);
#1103=EDGE_CURVE('',#1308,#1308,#1383,.T.);
#1104=EDGE_CURVE('',#1309,#1309,#1384,.T.);
#1105=EDGE_CURVE('',#1310,#1310,#1385,.T.);
#1106=EDGE_CURVE('',#1311,#1311,#1386,.T.);
#1107=EDGE_CURVE('',#1312,#1312,#1387,.F.);
#1108=EDGE_CURVE('',#1313,#1179,#190,.T.);
#1109=EDGE_CURVE('',#1314,#1313,#191,.T.);
#1110=EDGE_CURVE('',#1314,#1178,#192,.T.);
#1111=EDGE_CURVE('',#1315,#1181,#193,.T.);
#1112=EDGE_CURVE('',#1313,#1315,#194,.T.);
#1113=EDGE_CURVE('',#1316,#1180,#195,.T.);
#1114=EDGE_CURVE('',#1316,#1315,#196,.T.);
#1115=EDGE_CURVE('',#1317,#1317,#1388,.T.);
#1116=EDGE_CURVE('',#1318,#1318,#1389,.T.);
#1117=EDGE_CURVE('',#1319,#1319,#1390,.T.);
#1118=EDGE_CURVE('',#1320,#1320,#1391,.T.);
#1119=EDGE_CURVE('',#1321,#1321,#1392,.T.);
#1120=EDGE_CURVE('',#1314,#1316,#197,.T.);
#1121=EDGE_CURVE('',#1293,#1292,#1393,.F.);
#1122=EDGE_CURVE('',#1287,#1253,#198,.T.);
#1123=EDGE_CURVE('',#1285,#1264,#199,.T.);
#1124=EDGE_CURVE('',#1281,#1265,#200,.T.);
#1125=EDGE_CURVE('',#1286,#1252,#201,.T.);
#1126=EDGE_CURVE('',#1322,#1322,#1394,.T.);
#1127=EDGE_CURVE('',#1323,#1323,#1395,.T.);
#1128=EDGE_CURVE('',#1324,#1324,#1396,.T.);
#1129=EDGE_CURVE('',#1325,#1325,#1397,.T.);
#1130=EDGE_CURVE('',#1326,#1326,#1398,.T.);
#1131=EDGE_CURVE('',#1327,#1327,#1399,.T.);
#1132=EDGE_CURVE('',#1328,#1328,#1400,.T.);
#1133=EDGE_CURVE('',#1329,#1329,#1401,.T.);
#1134=EDGE_CURVE('',#1330,#1213,#202,.T.);
#1135=EDGE_CURVE('',#1330,#1331,#203,.T.);
#1136=EDGE_CURVE('',#1331,#1214,#204,.T.);
#1137=EDGE_CURVE('',#1331,#1332,#205,.T.);
#1138=EDGE_CURVE('',#1332,#1215,#206,.T.);
#1139=EDGE_CURVE('',#1332,#1333,#207,.T.);
#1140=EDGE_CURVE('',#1333,#1216,#208,.T.);
#1141=EDGE_CURVE('',#1334,#1333,#209,.T.);
#1142=EDGE_CURVE('',#1334,#1217,#210,.T.);
#1143=EDGE_CURVE('',#1335,#1334,#211,.T.);
#1144=EDGE_CURVE('',#1335,#1218,#212,.T.);
#1145=EDGE_CURVE('',#1336,#1335,#213,.T.);
#1146=EDGE_CURVE('',#1336,#1219,#214,.T.);
#1147=EDGE_CURVE('',#1337,#1336,#215,.T.);
#1148=EDGE_CURVE('',#1337,#1220,#216,.T.);
#1149=EDGE_CURVE('',#1338,#1337,#217,.T.);
#1150=EDGE_CURVE('',#1338,#1221,#218,.T.);
#1151=EDGE_CURVE('',#1338,#1339,#219,.T.);
#1152=EDGE_CURVE('',#1339,#1222,#220,.T.);
#1153=EDGE_CURVE('',#1340,#1339,#221,.T.);
#1154=EDGE_CURVE('',#1340,#1223,#222,.T.);
#1155=EDGE_CURVE('',#1341,#1340,#223,.T.);
#1156=EDGE_CURVE('',#1341,#1224,#224,.T.);
#1157=EDGE_CURVE('',#1342,#1341,#225,.T.);
#1158=EDGE_CURVE('',#1342,#1225,#226,.T.);
#1159=EDGE_CURVE('',#1342,#1343,#227,.T.);
#1160=EDGE_CURVE('',#1343,#1226,#228,.T.);
#1161=EDGE_CURVE('',#1343,#1330,#229,.T.);
#1162=EDGE_CURVE('',#1259,#1268,#230,.F.);
#1163=EDGE_CURVE('',#1271,#1258,#231,.T.);
#1164=EDGE_CURVE('',#1344,#1344,#1402,.T.);
#1165=EDGE_CURVE('',#1345,#1345,#1403,.T.);
#1166=VERTEX_POINT('',#2631);
#1167=VERTEX_POINT('',#2633);
#1168=VERTEX_POINT('',#2635);
#1169=VERTEX_POINT('',#2637);
#1170=VERTEX_POINT('',#2639);
#1171=VERTEX_POINT('',#2641);
#1172=VERTEX_POINT('',#2643);
#1173=VERTEX_POINT('',#2645);
#1174=VERTEX_POINT('',#2647);
#1175=VERTEX_POINT('',#2649);
#1176=VERTEX_POINT('',#2651);
#1177=VERTEX_POINT('',#2653);
#1178=VERTEX_POINT('',#2655);
#1179=VERTEX_POINT('',#2656);
#1180=VERTEX_POINT('',#2658);
#1181=VERTEX_POINT('',#2660);
#1182=VERTEX_POINT('',#2663);
#1183=VERTEX_POINT('',#2664);
#1184=VERTEX_POINT('',#2666);
#1185=VERTEX_POINT('',#2668);
#1186=VERTEX_POINT('',#2671);
#1187=VERTEX_POINT('',#2673);
#1188=VERTEX_POINT('',#2675);
#1189=VERTEX_POINT('',#2677);
#1190=VERTEX_POINT('',#2679);
#1191=VERTEX_POINT('',#2681);
#1192=VERTEX_POINT('',#2682);
#1193=VERTEX_POINT('',#2684);
#1194=VERTEX_POINT('',#2686);
#1195=VERTEX_POINT('',#2688);
#1196=VERTEX_POINT('',#2690);
#1197=VERTEX_POINT('',#2692);
#1198=VERTEX_POINT('',#2694);
#1199=VERTEX_POINT('',#2696);
#1200=VERTEX_POINT('',#2698);
#1201=VERTEX_POINT('',#2700);
#1202=VERTEX_POINT('',#2702);
#1203=VERTEX_POINT('',#2704);
#1204=VERTEX_POINT('',#2706);
#1205=VERTEX_POINT('',#2708);
#1206=VERTEX_POINT('',#2710);
#1207=VERTEX_POINT('',#2712);
#1208=VERTEX_POINT('',#2714);
#1209=VERTEX_POINT('',#2717);
#1210=VERTEX_POINT('',#2719);
#1211=VERTEX_POINT('',#2721);
#1212=VERTEX_POINT('',#2723);
#1213=VERTEX_POINT('',#2725);
#1214=VERTEX_POINT('',#2726);
#1215=VERTEX_POINT('',#2728);
#1216=VERTEX_POINT('',#2730);
#1217=VERTEX_POINT('',#2732);
#1218=VERTEX_POINT('',#2734);
#1219=VERTEX_POINT('',#2736);
#1220=VERTEX_POINT('',#2738);
#1221=VERTEX_POINT('',#2740);
#1222=VERTEX_POINT('',#2742);
#1223=VERTEX_POINT('',#2744);
#1224=VERTEX_POINT('',#2746);
#1225=VERTEX_POINT('',#2748);
#1226=VERTEX_POINT('',#2750);
#1227=VERTEX_POINT('',#2753);
#1228=VERTEX_POINT('',#2754);
#1229=VERTEX_POINT('',#2758);
#1230=VERTEX_POINT('',#2760);
#1231=VERTEX_POINT('',#2762);
#1232=VERTEX_POINT('',#2764);
#1233=VERTEX_POINT('',#2766);
#1234=VERTEX_POINT('',#2768);
#1235=VERTEX_POINT('',#2770);
#1236=VERTEX_POINT('',#2772);
#1237=VERTEX_POINT('',#2774);
#1238=VERTEX_POINT('',#2775);
#1239=VERTEX_POINT('',#2777);
#1240=VERTEX_POINT('',#2779);
#1241=VERTEX_POINT('',#2781);
#1242=VERTEX_POINT('',#2783);
#1243=VERTEX_POINT('',#2786);
#1244=VERTEX_POINT('',#2787);
#1245=VERTEX_POINT('',#2789);
#1246=VERTEX_POINT('',#2791);
#1247=VERTEX_POINT('',#2793);
#1248=VERTEX_POINT('',#2795);
#1249=VERTEX_POINT('',#2798);
#1250=VERTEX_POINT('',#2799);
#1251=VERTEX_POINT('',#2801);
#1252=VERTEX_POINT('',#2803);
#1253=VERTEX_POINT('',#2805);
#1254=VERTEX_POINT('',#2807);
#1255=VERTEX_POINT('',#2809);
#1256=VERTEX_POINT('',#2811);
#1257=VERTEX_POINT('',#2813);
#1258=VERTEX_POINT('',#2815);
#1259=VERTEX_POINT('',#2817);
#1260=VERTEX_POINT('',#2819);
#1261=VERTEX_POINT('',#2821);
#1262=VERTEX_POINT('',#2823);
#1263=VERTEX_POINT('',#2825);
#1264=VERTEX_POINT('',#2827);
#1265=VERTEX_POINT('',#2829);
#1266=VERTEX_POINT('',#2831);
#1267=VERTEX_POINT('',#2835);
#1268=VERTEX_POINT('',#2836);
#1269=VERTEX_POINT('',#2839);
#1270=VERTEX_POINT('',#2843);
#1271=VERTEX_POINT('',#2845);
#1272=VERTEX_POINT('',#2847);
#1273=VERTEX_POINT('',#2851);
#1274=VERTEX_POINT('',#2852);
#1275=VERTEX_POINT('',#2861);
#1276=VERTEX_POINT('',#2865);
#1277=VERTEX_POINT('',#2868);
#1278=VERTEX_POINT('',#2872);
#1279=VERTEX_POINT('',#2876);
#1280=VERTEX_POINT('',#2877);
#1281=VERTEX_POINT('',#2882);
#1282=VERTEX_POINT('',#2883);
#1283=VERTEX_POINT('',#2889);
#1284=VERTEX_POINT('',#2896);
#1285=VERTEX_POINT('',#2901);
#1286=VERTEX_POINT('',#2909);
#1287=VERTEX_POINT('',#2913);
#1288=VERTEX_POINT('',#2917);
#1289=VERTEX_POINT('',#2924);
#1290=VERTEX_POINT('',#2925);
#1291=VERTEX_POINT('',#2930);
#1292=VERTEX_POINT('',#2932);
#1293=VERTEX_POINT('',#2935);
#1294=VERTEX_POINT('',#2939);
#1295=VERTEX_POINT('',#2943);
#1296=VERTEX_POINT('',#2947);
#1297=VERTEX_POINT('',#2951);
#1298=VERTEX_POINT('',#2952);
#1299=VERTEX_POINT('',#2957);
#1300=VERTEX_POINT('',#2961);
#1301=VERTEX_POINT('',#2965);
#1302=VERTEX_POINT('',#2969);
#1303=VERTEX_POINT('',#2977);
#1304=VERTEX_POINT('',#2979);
#1305=VERTEX_POINT('',#2983);
#1306=VERTEX_POINT('',#2987);
#1307=VERTEX_POINT('',#2993);
#1308=VERTEX_POINT('',#2996);
#1309=VERTEX_POINT('',#2999);
#1310=VERTEX_POINT('',#3002);
#1311=VERTEX_POINT('',#3005);
#1312=VERTEX_POINT('',#3008);
#1313=VERTEX_POINT('',#3011);
#1314=VERTEX_POINT('',#3013);
#1315=VERTEX_POINT('',#3017);
#1316=VERTEX_POINT('',#3021);
#1317=VERTEX_POINT('',#3025);
#1318=VERTEX_POINT('',#3028);
#1319=VERTEX_POINT('',#3031);
#1320=VERTEX_POINT('',#3034);
#1321=VERTEX_POINT('',#3037);
#1322=VERTEX_POINT('',#3056);
#1323=VERTEX_POINT('',#3059);
#1324=VERTEX_POINT('',#3063);
#1325=VERTEX_POINT('',#3066);
#1326=VERTEX_POINT('',#3070);
#1327=VERTEX_POINT('',#3073);
#1328=VERTEX_POINT('',#3077);
#1329=VERTEX_POINT('',#3080);
#1330=VERTEX_POINT('',#3084);
#1331=VERTEX_POINT('',#3086);
#1332=VERTEX_POINT('',#3090);
#1333=VERTEX_POINT('',#3094);
#1334=VERTEX_POINT('',#3098);
#1335=VERTEX_POINT('',#3102);
#1336=VERTEX_POINT('',#3106);
#1337=VERTEX_POINT('',#3110);
#1338=VERTEX_POINT('',#3114);
#1339=VERTEX_POINT('',#3118);
#1340=VERTEX_POINT('',#3122);
#1341=VERTEX_POINT('',#3126);
#1342=VERTEX_POINT('',#3130);
#1343=VERTEX_POINT('',#3134);
#1344=VERTEX_POINT('',#3154);
#1345=VERTEX_POINT('',#3158);
#1346=CIRCLE('',#1954,0.0015);
#1347=CIRCLE('',#1955,0.0015);
#1348=CIRCLE('',#1956,0.0016);
#1349=CIRCLE('',#1957,0.0016);
#1350=CIRCLE('',#1958,0.0016);
#1351=CIRCLE('',#1959,0.0016);
#1352=CIRCLE('',#1960,0.0016);
#1353=CIRCLE('',#1961,0.0016);
#1354=CIRCLE('',#1962,0.0016);
#1355=CIRCLE('',#1963,0.0016);
#1356=CIRCLE('',#1964,0.0016);
#1357=CIRCLE('',#1965,0.0016);
#1358=CIRCLE('',#1966,0.0016);
#1359=CIRCLE('',#1967,0.0016);
#1360=CIRCLE('',#1968,0.0016);
#1361=CIRCLE('',#1969,0.0016);
#1362=CIRCLE('',#1970,0.0016);
#1363=CIRCLE('',#1971,0.012796000625);
#1364=CIRCLE('',#1972,0.012796000625);
#1365=CIRCLE('',#1973,0.0016);
#1366=CIRCLE('',#1974,0.0016);
#1367=CIRCLE('',#1975,0.0016);
#1368=CIRCLE('',#1976,0.0016);
#1369=CIRCLE('',#1977,0.0016);
#1370=CIRCLE('',#1979,0.0016);
#1371=CIRCLE('',#1980,0.0016);
#1372=CIRCLE('',#1981,0.0016);
#1373=CIRCLE('',#1982,0.0016);
#1374=CIRCLE('',#1983,0.0025);
#1375=CIRCLE('',#1984,0.0025);
#1376=CIRCLE('',#1985,0.0025);
#1377=CIRCLE('',#1986,0.0025);
#1378=CIRCLE('',#1987,0.00998067684255508);
#1379=CIRCLE('',#1988,0.00998067701885341);
#1380=CIRCLE('',#2003,0.0127960006249999);
#1381=CIRCLE('',#2007,0.012796000625);
#1382=CIRCLE('',#2027,0.0016);
#1383=CIRCLE('',#2029,0.0016);
#1384=CIRCLE('',#2031,0.0016);
#1385=CIRCLE('',#2033,0.0016);
#1386=CIRCLE('',#2035,0.0016);
#1387=CIRCLE('',#2037,0.0016);
#1388=CIRCLE('',#2042,0.0016);
#1389=CIRCLE('',#2044,0.0016);
#1390=CIRCLE('',#2046,0.0016);
#1391=CIRCLE('',#2048,0.0016);
#1392=CIRCLE('',#2050,0.0016);
#1393=CIRCLE('',#2053,0.0016);
#1394=CIRCLE('',#2063,0.0016);
#1395=CIRCLE('',#2065,0.0025);
#1396=CIRCLE('',#2068,0.0016);
#1397=CIRCLE('',#2070,0.0025);
#1398=CIRCLE('',#2073,0.0016);
#1399=CIRCLE('',#2075,0.0025);
#1400=CIRCLE('',#2078,0.0016);
#1401=CIRCLE('',#2080,0.0025);
#1402=CIRCLE('',#2109,0.0015);
#1403=CIRCLE('',#2112,0.0015);
#1404=EDGE_LOOP('',(#422));
#1405=EDGE_LOOP('',(#423));
#1406=EDGE_LOOP('',(#424));
#1407=EDGE_LOOP('',(#425));
#1408=EDGE_LOOP('',(#426));
#1409=EDGE_LOOP('',(#427));
#1410=EDGE_LOOP('',(#428));
#1411=EDGE_LOOP('',(#429));
#1412=EDGE_LOOP('',(#430));
#1413=EDGE_LOOP('',(#431));
#1414=EDGE_LOOP('',(#432));
#1415=EDGE_LOOP('',(#433));
#1416=EDGE_LOOP('',(#434,#435,#436,#437));
#1417=EDGE_LOOP('',(#438,#439,#440,#441));
#1418=EDGE_LOOP('',(#442));
#1419=EDGE_LOOP('',(#443));
#1420=EDGE_LOOP('',(#444));
#1421=EDGE_LOOP('',(#445));
#1422=EDGE_LOOP('',(#446));
#1423=EDGE_LOOP('',(#447,#448,#449,#450,#451,#452,#453,#454,#455,#456,#457,#458,#459,#460,#461,#462,#463,#464));
#1424=EDGE_LOOP('',(#465));
#1425=EDGE_LOOP('',(#466));
#1426=EDGE_LOOP('',(#467));
#1427=EDGE_LOOP('',(#468));
#1428=EDGE_LOOP('',(#469,#470,#471,#472,#473,#474,#475,#476,#477,#478,#479,#480,#481,#482));
#1429=EDGE_LOOP('',(#483,#484));
#1430=EDGE_LOOP('',(#485));
#1431=EDGE_LOOP('',(#486));
#1432=EDGE_LOOP('',(#487));
#1433=EDGE_LOOP('',(#488));
#1434=EDGE_LOOP('',(#489));
#1435=EDGE_LOOP('',(#490));
#1436=EDGE_LOOP('',(#491));
#1437=EDGE_LOOP('',(#492));
#1438=EDGE_LOOP('',(#493,#494,#495,#496,#497,#498));
#1439=EDGE_LOOP('',(#499,#500,#501,#502,#503,#504));
#1440=EDGE_LOOP('',(#505,#506,#507,#508,#509,#510,#511,#512,#513,#514,#515,#516,#517,#518,#519,#520,#521,#522));
#1441=EDGE_LOOP('',(#523,#524,#525,#526,#527));
#1442=EDGE_LOOP('',(#528,#529,#530,#531,#532));
#1443=EDGE_LOOP('',(#533,#534,#535,#536,#537,#538));
#1444=EDGE_LOOP('',(#539,#540,#541,#542));
#1445=EDGE_LOOP('',(#543,#544,#545,#546,#547,#548));
#1446=EDGE_LOOP('',(#549,#550,#551,#552,#553,#554));
#1447=EDGE_LOOP('',(#555,#556,#557,#558));
#1448=EDGE_LOOP('',(#559,#560,#561,#562));
#1449=EDGE_LOOP('',(#563,#564,#565,#566));
#1450=EDGE_LOOP('',(#567,#568,#569,#570,#571,#572));
#1451=EDGE_LOOP('',(#573,#574,#575,#576,#577,#578));
#1452=EDGE_LOOP('',(#579,#580,#581,#582,#583,#584));
#1453=EDGE_LOOP('',(#585,#586,#587,#588));
#1454=EDGE_LOOP('',(#589,#590,#591,#592));
#1455=EDGE_LOOP('',(#593,#594,#595,#596));
#1456=EDGE_LOOP('',(#597,#598,#599,#600));
#1457=EDGE_LOOP('',(#601,#602,#603,#604));
#1458=EDGE_LOOP('',(#605,#606,#607,#608));
#1459=EDGE_LOOP('',(#609,#610,#611,#612,#613,#614));
#1460=EDGE_LOOP('',(#615,#616,#617,#618));
#1461=EDGE_LOOP('',(#619,#620,#621,#622,#623,#624,#625,#626));
#1462=EDGE_LOOP('',(#627,#628,#629,#630));
#1463=EDGE_LOOP('',(#631,#632,#633,#634));
#1464=EDGE_LOOP('',(#635,#636,#637,#638));
#1465=EDGE_LOOP('',(#639,#640,#641,#642));
#1466=EDGE_LOOP('',(#643,#644,#645,#646));
#1467=EDGE_LOOP('',(#647,#648,#649,#650));
#1468=EDGE_LOOP('',(#651,#652,#653,#654));
#1469=EDGE_LOOP('',(#655,#656,#657,#658));
#1470=EDGE_LOOP('',(#659,#660,#661,#662));
#1471=EDGE_LOOP('',(#663,#664,#665,#666));
#1472=EDGE_LOOP('',(#667,#668,#669,#670));
#1473=EDGE_LOOP('',(#671,#672,#673,#674));
#1474=EDGE_LOOP('',(#675,#676,#677,#678));
#1475=EDGE_LOOP('',(#679,#680,#681,#682));
#1476=EDGE_LOOP('',(#683));
#1477=EDGE_LOOP('',(#684));
#1478=EDGE_LOOP('',(#685));
#1479=EDGE_LOOP('',(#686));
#1480=EDGE_LOOP('',(#687));
#1481=EDGE_LOOP('',(#688));
#1482=EDGE_LOOP('',(#689));
#1483=EDGE_LOOP('',(#690));
#1484=EDGE_LOOP('',(#691));
#1485=EDGE_LOOP('',(#692));
#1486=EDGE_LOOP('',(#693));
#1487=EDGE_LOOP('',(#694));
#1488=EDGE_LOOP('',(#695));
#1489=EDGE_LOOP('',(#696));
#1490=EDGE_LOOP('',(#697));
#1491=EDGE_LOOP('',(#698));
#1492=EDGE_LOOP('',(#699,#700,#701,#702));
#1493=EDGE_LOOP('',(#703,#704,#705,#706,#707,#708));
#1494=EDGE_LOOP('',(#709,#710,#711,#712));
#1495=EDGE_LOOP('',(#713,#714,#715,#716));
#1496=EDGE_LOOP('',(#717,#718,#719,#720));
#1497=EDGE_LOOP('',(#721));
#1498=EDGE_LOOP('',(#722));
#1499=EDGE_LOOP('',(#723));
#1500=EDGE_LOOP('',(#724));
#1501=EDGE_LOOP('',(#725));
#1502=EDGE_LOOP('',(#726));
#1503=EDGE_LOOP('',(#727));
#1504=EDGE_LOOP('',(#728));
#1505=EDGE_LOOP('',(#729));
#1506=EDGE_LOOP('',(#730));
#1507=EDGE_LOOP('',(#731,#732,#733,#734));
#1508=EDGE_LOOP('',(#735,#736,#737,#738));
#1509=EDGE_LOOP('',(#739));
#1510=EDGE_LOOP('',(#740));
#1511=EDGE_LOOP('',(#741));
#1512=EDGE_LOOP('',(#742));
#1513=EDGE_LOOP('',(#743));
#1514=EDGE_LOOP('',(#744,#745,#746,#747,#748,#749,#750,#751));
#1515=EDGE_LOOP('',(#752,#753,#754,#755));
#1516=EDGE_LOOP('',(#756,#757,#758,#759));
#1517=EDGE_LOOP('',(#760,#761,#762,#763));
#1518=EDGE_LOOP('',(#764,#765,#766,#767));
#1519=EDGE_LOOP('',(#768,#769,#770,#771));
#1520=EDGE_LOOP('',(#772,#773,#774,#775));
#1521=EDGE_LOOP('',(#776,#777,#778,#779));
#1522=EDGE_LOOP('',(#780,#781,#782,#783));
#1523=EDGE_LOOP('',(#784));
#1524=EDGE_LOOP('',(#785));
#1525=EDGE_LOOP('',(#786));
#1526=EDGE_LOOP('',(#787));
#1527=EDGE_LOOP('',(#788));
#1528=EDGE_LOOP('',(#789));
#1529=EDGE_LOOP('',(#790));
#1530=EDGE_LOOP('',(#791));
#1531=EDGE_LOOP('',(#792));
#1532=EDGE_LOOP('',(#793));
#1533=EDGE_LOOP('',(#794));
#1534=EDGE_LOOP('',(#795));
#1535=EDGE_LOOP('',(#796));
#1536=EDGE_LOOP('',(#797));
#1537=EDGE_LOOP('',(#798));
#1538=EDGE_LOOP('',(#799));
#1539=EDGE_LOOP('',(#800));
#1540=EDGE_LOOP('',(#801));
#1541=EDGE_LOOP('',(#802));
#1542=EDGE_LOOP('',(#803));
#1543=EDGE_LOOP('',(#804));
#1544=EDGE_LOOP('',(#805));
#1545=EDGE_LOOP('',(#806));
#1546=EDGE_LOOP('',(#807));
#1547=EDGE_LOOP('',(#808,#809,#810,#811));
#1548=EDGE_LOOP('',(#812,#813,#814,#815));
#1549=EDGE_LOOP('',(#816,#817,#818,#819));
#1550=EDGE_LOOP('',(#820,#821,#822,#823));
#1551=EDGE_LOOP('',(#824,#825,#826,#827));
#1552=EDGE_LOOP('',(#828,#829,#830,#831));
#1553=EDGE_LOOP('',(#832,#833,#834,#835));
#1554=EDGE_LOOP('',(#836,#837,#838,#839));
#1555=EDGE_LOOP('',(#840,#841,#842,#843));
#1556=EDGE_LOOP('',(#844,#845,#846,#847));
#1557=EDGE_LOOP('',(#848,#849,#850,#851));
#1558=EDGE_LOOP('',(#852,#853,#854,#855));
#1559=EDGE_LOOP('',(#856,#857,#858,#859));
#1560=EDGE_LOOP('',(#860,#861,#862,#863));
#1561=EDGE_LOOP('',(#864,#865,#866,#867,#868,#869,#870,#871,#872,#873,#874,#875,#876,#877));
#1562=EDGE_LOOP('',(#878,#879,#880,#881));
#1563=EDGE_LOOP('',(#882,#883,#884,#885));
#1564=EDGE_LOOP('',(#886,#887,#888,#889));
#1565=EDGE_LOOP('',(#890,#891,#892,#893));
#1566=EDGE_LOOP('',(#894));
#1567=EDGE_LOOP('',(#895));
#1568=EDGE_LOOP('',(#896));
#1569=EDGE_LOOP('',(#897));
#1570=EDGE_LOOP('',(#898));
#1571=EDGE_LOOP('',(#899));
#1572=EDGE_LOOP('',(#900));
#1573=EDGE_LOOP('',(#901));
#1574=EDGE_LOOP('',(#902,#903,#904,#905));
#1575=EDGE_LOOP('',(#906,#907,#908,#909));
#1576=EDGE_LOOP('',(#910));
#1577=EDGE_LOOP('',(#911));
#1578=EDGE_LOOP('',(#912));
#1579=EDGE_LOOP('',(#913));
#1580=EDGE_LOOP('',(#914));
#1581=EDGE_LOOP('',(#915));
#1582=EDGE_LOOP('',(#916));
#1583=EDGE_LOOP('',(#917));
#1584=FACE_BOUND('',#1404,.T.);
#1585=FACE_BOUND('',#1405,.T.);
#1586=FACE_BOUND('',#1406,.T.);
#1587=FACE_BOUND('',#1407,.T.);
#1588=FACE_BOUND('',#1408,.T.);
#1589=FACE_BOUND('',#1409,.T.);
#1590=FACE_BOUND('',#1410,.T.);
#1591=FACE_BOUND('',#1411,.T.);
#1592=FACE_BOUND('',#1412,.T.);
#1593=FACE_BOUND('',#1413,.T.);
#1594=FACE_BOUND('',#1414,.T.);
#1595=FACE_BOUND('',#1415,.T.);
#1596=FACE_BOUND('',#1416,.T.);
#1597=FACE_BOUND('',#1417,.T.);
#1598=FACE_BOUND('',#1418,.T.);
#1599=FACE_BOUND('',#1419,.T.);
#1600=FACE_BOUND('',#1420,.T.);
#1601=FACE_BOUND('',#1421,.T.);
#1602=FACE_BOUND('',#1422,.T.);
#1603=FACE_BOUND('',#1423,.T.);
#1604=FACE_BOUND('',#1424,.T.);
#1605=FACE_BOUND('',#1425,.T.);
#1606=FACE_BOUND('',#1426,.T.);
#1607=FACE_BOUND('',#1427,.T.);
#1608=FACE_BOUND('',#1428,.T.);
#1609=FACE_BOUND('',#1429,.T.);
#1610=FACE_BOUND('',#1430,.T.);
#1611=FACE_BOUND('',#1431,.T.);
#1612=FACE_BOUND('',#1432,.T.);
#1613=FACE_BOUND('',#1433,.T.);
#1614=FACE_BOUND('',#1434,.T.);
#1615=FACE_BOUND('',#1435,.T.);
#1616=FACE_BOUND('',#1436,.T.);
#1617=FACE_BOUND('',#1437,.T.);
#1618=FACE_BOUND('',#1438,.T.);
#1619=FACE_BOUND('',#1439,.T.);
#1620=FACE_BOUND('',#1440,.T.);
#1621=FACE_BOUND('',#1441,.T.);
#1622=FACE_BOUND('',#1442,.T.);
#1623=FACE_BOUND('',#1443,.T.);
#1624=FACE_BOUND('',#1444,.T.);
#1625=FACE_BOUND('',#1445,.T.);
#1626=FACE_BOUND('',#1446,.T.);
#1627=FACE_BOUND('',#1447,.T.);
#1628=FACE_BOUND('',#1448,.T.);
#1629=FACE_BOUND('',#1449,.T.);
#1630=FACE_BOUND('',#1450,.T.);
#1631=FACE_BOUND('',#1451,.T.);
#1632=FACE_BOUND('',#1452,.T.);
#1633=FACE_BOUND('',#1453,.T.);
#1634=FACE_BOUND('',#1454,.T.);
#1635=FACE_BOUND('',#1455,.T.);
#1636=FACE_BOUND('',#1456,.T.);
#1637=FACE_BOUND('',#1457,.T.);
#1638=FACE_BOUND('',#1458,.T.);
#1639=FACE_BOUND('',#1459,.T.);
#1640=FACE_BOUND('',#1460,.T.);
#1641=FACE_BOUND('',#1461,.T.);
#1642=FACE_BOUND('',#1462,.T.);
#1643=FACE_BOUND('',#1463,.T.);
#1644=FACE_BOUND('',#1464,.T.);
#1645=FACE_BOUND('',#1465,.T.);
#1646=FACE_BOUND('',#1466,.T.);
#1647=FACE_BOUND('',#1467,.T.);
#1648=FACE_BOUND('',#1468,.T.);
#1649=FACE_BOUND('',#1469,.T.);
#1650=FACE_BOUND('',#1470,.T.);
#1651=FACE_BOUND('',#1471,.T.);
#1652=FACE_BOUND('',#1472,.T.);
#1653=FACE_BOUND('',#1473,.T.);
#1654=FACE_BOUND('',#1474,.T.);
#1655=FACE_BOUND('',#1475,.T.);
#1656=FACE_BOUND('',#1476,.T.);
#1657=FACE_BOUND('',#1477,.T.);
#1658=FACE_BOUND('',#1478,.T.);
#1659=FACE_BOUND('',#1479,.T.);
#1660=FACE_BOUND('',#1480,.T.);
#1661=FACE_BOUND('',#1481,.T.);
#1662=FACE_BOUND('',#1482,.T.);
#1663=FACE_BOUND('',#1483,.T.);
#1664=FACE_BOUND('',#1484,.T.);
#1665=FACE_BOUND('',#1485,.T.);
#1666=FACE_BOUND('',#1486,.T.);
#1667=FACE_BOUND('',#1487,.T.);
#1668=FACE_BOUND('',#1488,.T.);
#1669=FACE_BOUND('',#1489,.T.);
#1670=FACE_BOUND('',#1490,.T.);
#1671=FACE_BOUND('',#1491,.T.);
#1672=FACE_BOUND('',#1492,.T.);
#1673=FACE_BOUND('',#1493,.T.);
#1674=FACE_BOUND('',#1494,.T.);
#1675=FACE_BOUND('',#1495,.T.);
#1676=FACE_BOUND('',#1496,.T.);
#1677=FACE_BOUND('',#1497,.T.);
#1678=FACE_BOUND('',#1498,.T.);
#1679=FACE_BOUND('',#1499,.T.);
#1680=FACE_BOUND('',#1500,.T.);
#1681=FACE_BOUND('',#1501,.T.);
#1682=FACE_BOUND('',#1502,.T.);
#1683=FACE_BOUND('',#1503,.T.);
#1684=FACE_BOUND('',#1504,.T.);
#1685=FACE_BOUND('',#1505,.T.);
#1686=FACE_BOUND('',#1506,.T.);
#1687=FACE_BOUND('',#1507,.T.);
#1688=FACE_BOUND('',#1508,.T.);
#1689=FACE_BOUND('',#1509,.T.);
#1690=FACE_BOUND('',#1510,.T.);
#1691=FACE_BOUND('',#1511,.T.);
#1692=FACE_BOUND('',#1512,.T.);
#1693=FACE_BOUND('',#1513,.T.);
#1694=FACE_BOUND('',#1514,.T.);
#1695=FACE_BOUND('',#1515,.T.);
#1696=FACE_BOUND('',#1516,.T.);
#1697=FACE_BOUND('',#1517,.T.);
#1698=FACE_BOUND('',#1518,.T.);
#1699=FACE_BOUND('',#1519,.T.);
#1700=FACE_BOUND('',#1520,.T.);
#1701=FACE_BOUND('',#1521,.T.);
#1702=FACE_BOUND('',#1522,.T.);
#1703=FACE_BOUND('',#1523,.T.);
#1704=FACE_BOUND('',#1524,.T.);
#1705=FACE_BOUND('',#1525,.T.);
#1706=FACE_BOUND('',#1526,.T.);
#1707=FACE_BOUND('',#1527,.T.);
#1708=FACE_BOUND('',#1528,.T.);
#1709=FACE_BOUND('',#1529,.T.);
#1710=FACE_BOUND('',#1530,.T.);
#1711=FACE_BOUND('',#1531,.T.);
#1712=FACE_BOUND('',#1532,.T.);
#1713=FACE_BOUND('',#1533,.T.);
#1714=FACE_BOUND('',#1534,.T.);
#1715=FACE_BOUND('',#1535,.T.);
#1716=FACE_BOUND('',#1536,.T.);
#1717=FACE_BOUND('',#1537,.T.);
#1718=FACE_BOUND('',#1538,.T.);
#1719=FACE_BOUND('',#1539,.T.);
#1720=FACE_BOUND('',#1540,.T.);
#1721=FACE_BOUND('',#1541,.T.);
#1722=FACE_BOUND('',#1542,.T.);
#1723=FACE_BOUND('',#1543,.T.);
#1724=FACE_BOUND('',#1544,.T.);
#1725=FACE_BOUND('',#1545,.T.);
#1726=FACE_BOUND('',#1546,.T.);
#1727=FACE_BOUND('',#1547,.T.);
#1728=FACE_BOUND('',#1548,.T.);
#1729=FACE_BOUND('',#1549,.T.);
#1730=FACE_BOUND('',#1550,.T.);
#1731=FACE_BOUND('',#1551,.T.);
#1732=FACE_BOUND('',#1552,.T.);
#1733=FACE_BOUND('',#1553,.T.);
#1734=FACE_BOUND('',#1554,.T.);
#1735=FACE_BOUND('',#1555,.T.);
#1736=FACE_BOUND('',#1556,.T.);
#1737=FACE_BOUND('',#1557,.T.);
#1738=FACE_BOUND('',#1558,.T.);
#1739=FACE_BOUND('',#1559,.T.);
#1740=FACE_BOUND('',#1560,.T.);
#1741=FACE_BOUND('',#1561,.T.);
#1742=FACE_BOUND('',#1562,.T.);
#1743=FACE_BOUND('',#1563,.T.);
#1744=FACE_BOUND('',#1564,.T.);
#1745=FACE_BOUND('',#1565,.T.);
#1746=FACE_BOUND('',#1566,.T.);
#1747=FACE_BOUND('',#1567,.T.);
#1748=FACE_BOUND('',#1568,.T.);
#1749=FACE_BOUND('',#1569,.T.);
#1750=FACE_BOUND('',#1570,.T.);
#1751=FACE_BOUND('',#1571,.T.);
#1752=FACE_BOUND('',#1572,.T.);
#1753=FACE_BOUND('',#1573,.T.);
#1754=FACE_BOUND('',#1574,.T.);
#1755=FACE_BOUND('',#1575,.T.);
#1756=FACE_BOUND('',#1576,.T.);
#1757=FACE_BOUND('',#1577,.T.);
#1758=FACE_BOUND('',#1578,.T.);
#1759=FACE_BOUND('',#1579,.T.);
#1760=FACE_BOUND('',#1580,.T.);
#1761=FACE_BOUND('',#1581,.T.);
#1762=FACE_BOUND('',#1582,.T.);
#1763=FACE_BOUND('',#1583,.T.);
#1764=PLANE('',#1953);
#1765=PLANE('',#1978);
#1766=PLANE('',#1989);
#1767=PLANE('',#1990);
#1768=PLANE('',#1991);
#1769=PLANE('',#1992);
#1770=PLANE('',#1993);
#1771=PLANE('',#1994);
#1772=PLANE('',#1995);
#1773=PLANE('',#1996);
#1774=PLANE('',#1997);
#1775=PLANE('',#1998);
#1776=PLANE('',#1999);
#1777=PLANE('',#2000);
#1778=PLANE('',#2001);
#1779=PLANE('',#2004);
#1780=PLANE('',#2005);
#1781=PLANE('',#2008);
#1782=PLANE('',#2009);
#1783=PLANE('',#2010);
#1784=PLANE('',#2011);
#1785=PLANE('',#2012);
#1786=PLANE('',#2013);
#1787=PLANE('',#2014);
#1788=PLANE('',#2015);
#1789=PLANE('',#2016);
#1790=PLANE('',#2017);
#1791=PLANE('',#2018);
#1792=PLANE('',#2019);
#1793=PLANE('',#2020);
#1794=PLANE('',#2021);
#1795=PLANE('',#2022);
#1796=PLANE('',#2023);
#1797=PLANE('',#2024);
#1798=PLANE('',#2025);
#1799=PLANE('',#2036);
#1800=PLANE('',#2038);
#1801=PLANE('',#2039);
#1802=PLANE('',#2040);
#1803=PLANE('',#2051);
#1804=PLANE('',#2052);
#1805=PLANE('',#2054);
#1806=PLANE('',#2055);
#1807=PLANE('',#2056);
#1808=PLANE('',#2057);
#1809=PLANE('',#2058);
#1810=PLANE('',#2060);
#1811=PLANE('',#2064);
#1812=PLANE('',#2069);
#1813=PLANE('',#2074);
#1814=PLANE('',#2079);
#1815=PLANE('',#2082);
#1816=PLANE('',#2083);
#1817=PLANE('',#2084);
#1818=PLANE('',#2085);
#1819=PLANE('',#2086);
#1820=PLANE('',#2087);
#1821=PLANE('',#2088);
#1822=PLANE('',#2089);
#1823=PLANE('',#2090);
#1824=PLANE('',#2091);
#1825=PLANE('',#2092);
#1826=PLANE('',#2093);
#1827=PLANE('',#2094);
#1828=PLANE('',#2095);
#1829=PLANE('',#2096);
#1830=PLANE('',#2097);
#1831=PLANE('',#2098);
#1832=PLANE('',#2099);
#1833=PLANE('',#2100);
#1834=PLANE('',#2105);
#1835=PLANE('',#2108);
#1836=PLANE('',#2111);
#1837=ADVANCED_FACE('',(#1584,#1585,#1586,#1587,#1588,#1589,#1590,#1591,#1592,#1593,#1594,#1595,#1596,#1597,#1598,#1599,#1600,#1601,#1602,#1603,#1604,#1605,#1606,#1607,#1608,#1609),#1764,.F.);
#1838=ADVANCED_FACE('',(#1610,#1611,#1612,#1613,#1614,#1615,#1616,#1617,#1618,#1619,#1620),#1765,.T.);
#1839=ADVANCED_FACE('',(#1621),#1766,.F.);
#1840=ADVANCED_FACE('',(#1622),#1767,.T.);
#1841=ADVANCED_FACE('',(#1623),#1768,.T.);
#1842=ADVANCED_FACE('',(#1624),#1769,.F.);
#1843=ADVANCED_FACE('',(#1625),#1770,.T.);
#1844=ADVANCED_FACE('',(#1626),#1771,.T.);
#1845=ADVANCED_FACE('',(#1627),#1772,.T.);
#1846=ADVANCED_FACE('',(#1628),#1773,.F.);
#1847=ADVANCED_FACE('',(#1629),#1774,.F.);
#1848=ADVANCED_FACE('',(#1630),#1775,.F.);
#1849=ADVANCED_FACE('',(#1631),#1776,.F.);
#1850=ADVANCED_FACE('',(#1632),#1777,.F.);
#1851=ADVANCED_FACE('',(#1633),#1778,.F.);
#1852=ADVANCED_FACE('',(#1634),#14,.T.);
#1853=ADVANCED_FACE('',(#1635),#1779,.T.);
#1854=ADVANCED_FACE('',(#1636),#1780,.F.);
#1855=ADVANCED_FACE('',(#1637),#15,.T.);
#1856=ADVANCED_FACE('',(#1638),#1781,.T.);
#1857=ADVANCED_FACE('',(#1639),#1782,.T.);
#1858=ADVANCED_FACE('',(#1640),#1783,.T.);
#1859=ADVANCED_FACE('',(#1641),#1784,.F.);
#1860=ADVANCED_FACE('',(#1642),#1785,.F.);
#1861=ADVANCED_FACE('',(#1643),#1786,.F.);
#1862=ADVANCED_FACE('',(#1644),#1787,.F.);
#1863=ADVANCED_FACE('',(#1645),#1788,.T.);
#1864=ADVANCED_FACE('',(#1646),#1789,.T.);
#1865=ADVANCED_FACE('',(#1647),#1790,.T.);
#1866=ADVANCED_FACE('',(#1648),#1791,.T.);
#1867=ADVANCED_FACE('',(#1649),#1792,.F.);
#1868=ADVANCED_FACE('',(#1650),#1793,.F.);
#1869=ADVANCED_FACE('',(#1651),#1794,.T.);
#1870=ADVANCED_FACE('',(#1652),#1795,.T.);
#1871=ADVANCED_FACE('',(#1653),#1796,.F.);
#1872=ADVANCED_FACE('',(#1654),#1797,.F.);
#1873=ADVANCED_FACE('',(#1655),#1798,.T.);
#1874=ADVANCED_FACE('',(#1656,#1657),#16,.F.);
#1875=ADVANCED_FACE('',(#1658,#1659),#17,.F.);
#1876=ADVANCED_FACE('',(#1660,#1661),#18,.F.);
#1877=ADVANCED_FACE('',(#1662,#1663),#19,.F.);
#1878=ADVANCED_FACE('',(#1664,#1665),#20,.F.);
#1879=ADVANCED_FACE('',(#1666,#1667,#1668,#1669,#1670,#1671,#1672,#1673),#1799,.T.);
#1880=ADVANCED_FACE('',(#1674),#1800,.F.);
#1881=ADVANCED_FACE('',(#1675),#1801,.F.);
#1882=ADVANCED_FACE('',(#1676),#1802,.T.);
#1883=ADVANCED_FACE('',(#1677,#1678),#21,.F.);
#1884=ADVANCED_FACE('',(#1679,#1680),#22,.F.);
#1885=ADVANCED_FACE('',(#1681,#1682),#23,.F.);
#1886=ADVANCED_FACE('',(#1683,#1684),#24,.F.);
#1887=ADVANCED_FACE('',(#1685,#1686),#25,.F.);
#1888=ADVANCED_FACE('',(#1687),#1803,.T.);
#1889=ADVANCED_FACE('',(#1688,#1689,#1690,#1691,#1692,#1693,#1694),#1804,.T.);
#1890=ADVANCED_FACE('',(#1695),#1805,.F.);
#1891=ADVANCED_FACE('',(#1696),#1806,.T.);
#1892=ADVANCED_FACE('',(#1697),#1807,.F.);
#1893=ADVANCED_FACE('',(#1698),#1808,.F.);
#1894=ADVANCED_FACE('',(#1699),#1809,.T.);
#1895=ADVANCED_FACE('',(#1700),#12,.T.);
#1896=ADVANCED_FACE('',(#1701),#1810,.T.);
#1897=ADVANCED_FACE('',(#1702),#13,.T.);
#1898=ADVANCED_FACE('',(#1703,#1704),#26,.F.);
#1899=ADVANCED_FACE('',(#1705,#1706),#1811,.T.);
#1900=ADVANCED_FACE('',(#1707,#1708),#27,.F.);
#1901=ADVANCED_FACE('',(#1709,#1710),#28,.F.);
#1902=ADVANCED_FACE('',(#1711,#1712),#1812,.T.);
#1903=ADVANCED_FACE('',(#1713,#1714),#29,.F.);
#1904=ADVANCED_FACE('',(#1715,#1716),#30,.F.);
#1905=ADVANCED_FACE('',(#1717,#1718),#1813,.T.);
#1906=ADVANCED_FACE('',(#1719,#1720),#31,.F.);
#1907=ADVANCED_FACE('',(#1721,#1722),#32,.F.);
#1908=ADVANCED_FACE('',(#1723,#1724),#1814,.T.);
#1909=ADVANCED_FACE('',(#1725,#1726),#33,.F.);
#1910=ADVANCED_FACE('',(#1727),#1815,.T.);
#1911=ADVANCED_FACE('',(#1728),#1816,.T.);
#1912=ADVANCED_FACE('',(#1729),#1817,.T.);
#1913=ADVANCED_FACE('',(#1730),#1818,.F.);
#1914=ADVANCED_FACE('',(#1731),#1819,.F.);
#1915=ADVANCED_FACE('',(#1732),#1820,.F.);
#1916=ADVANCED_FACE('',(#1733),#1821,.F.);
#1917=ADVANCED_FACE('',(#1734),#1822,.F.);
#1918=ADVANCED_FACE('',(#1735),#1823,.T.);
#1919=ADVANCED_FACE('',(#1736),#1824,.F.);
#1920=ADVANCED_FACE('',(#1737),#1825,.F.);
#1921=ADVANCED_FACE('',(#1738),#1826,.F.);
#1922=ADVANCED_FACE('',(#1739),#1827,.T.);
#1923=ADVANCED_FACE('',(#1740),#1828,.T.);
#1924=ADVANCED_FACE('',(#1741),#1829,.F.);
#1925=ADVANCED_FACE('',(#1742),#1830,.F.);
#1926=ADVANCED_FACE('',(#1743),#1831,.F.);
#1927=ADVANCED_FACE('',(#1744),#1832,.T.);
#1928=ADVANCED_FACE('',(#1745),#1833,.T.);
#1929=ADVANCED_FACE('',(#1746,#1747),#34,.F.);
#1930=ADVANCED_FACE('',(#1748,#1749),#35,.F.);
#1931=ADVANCED_FACE('',(#1750,#1751),#36,.F.);
#1932=ADVANCED_FACE('',(#1752,#1753),#37,.F.);
#1933=ADVANCED_FACE('',(#1754),#1834,.F.);
#1934=ADVANCED_FACE('',(#1755),#38,.F.);
#1935=ADVANCED_FACE('',(#1756,#1757),#39,.F.);
#1936=ADVANCED_FACE('',(#1758),#1835,.T.);
#1937=ADVANCED_FACE('',(#1759,#1760),#40,.F.);
#1938=ADVANCED_FACE('',(#1761),#1836,.T.);
#1939=ADVANCED_FACE('',(#1762,#1763),#41,.F.);
#1940=CLOSED_SHELL('',(#1837,#1838,#1839,#1840,#1841,#1842,#1843,#1844,#1845,#1846,#1847,#1848,#1849,#1850,#1851,#1852,#1853,#1854,#1855,#1856,#1857,#1858,#1859,#1860,#1861,#1862,#1863,#1864,#1865,#1866,#1867,#1868,#1869,#1870,#1871,#1872,#1873,#1874,#1875,#1876,#1877,#1878,#1879,#1880,#1881,#1882,#1883,#1884,#1885,#1886,#1887,#1888,#1889,#1890,#1891,#1892,#1893,#1894,#1895,#1896,#1897,#1898,#1899,#1900,#1901,#1902,#1903,#1904,#1905,#1906,#1907,#1908,#1909,#1910,#1911,#1912,#1913,#1914,#1915,#1916,#1917,#1918,#1919,#1920,#1921,#1922,#1923,#1924,#1925,#1926,#1927,#1928,#1929,#1930,#1931,#1932,#1933,#1934,#1935,#1936,#1937,#1938,#1939));
#1941=STYLED_ITEM('',(#1942),#1949);
#1942=PRESENTATION_STYLE_ASSIGNMENT((#1943));
#1943=SURFACE_STYLE_USAGE(.BOTH.,#1944);
#1944=SURFACE_SIDE_STYLE('',(#1945));
#1945=SURFACE_STYLE_FILL_AREA(#1946);
#1946=FILL_AREA_STYLE('',(#1947));
#1947=FILL_AREA_STYLE_COLOUR('',#1948);
#1948=COLOUR_RGB('',0.615686274509804,0.811764705882353,0.929411764705882);
#1949=MANIFOLD_SOLID_BREP('Part 1',#1940);
#1950=SHAPE_DEFINITION_REPRESENTATION(#3166,#1951);
#1951=SHAPE_REPRESENTATION('Part 1',(#1952),#3161);
#1952=AXIS2_PLACEMENT_3D('',#2628,#2114,#2115);
#1953=AXIS2_PLACEMENT_3D('',#2629,#2116,#2117);
#1954=AXIS2_PLACEMENT_3D('',#2630,#2118,#2119);
#1955=AXIS2_PLACEMENT_3D('',#2632,#2120,#2121);
#1956=AXIS2_PLACEMENT_3D('',#2634,#2122,#2123);
#1957=AXIS2_PLACEMENT_3D('',#2636,#2124,#2125);
#1958=AXIS2_PLACEMENT_3D('',#2638,#2126,#2127);
#1959=AXIS2_PLACEMENT_3D('',#2640,#2128,#2129);
#1960=AXIS2_PLACEMENT_3D('',#2642,#2130,#2131);
#1961=AXIS2_PLACEMENT_3D('',#2644,#2132,#2133);
#1962=AXIS2_PLACEMENT_3D('',#2646,#2134,#2135);
#1963=AXIS2_PLACEMENT_3D('',#2648,#2136,#2137);
#1964=AXIS2_PLACEMENT_3D('',#2650,#2138,#2139);
#1965=AXIS2_PLACEMENT_3D('',#2652,#2140,#2141);
#1966=AXIS2_PLACEMENT_3D('',#2670,#2150,#2151);
#1967=AXIS2_PLACEMENT_3D('',#2672,#2152,#2153);
#1968=AXIS2_PLACEMENT_3D('',#2674,#2154,#2155);
#1969=AXIS2_PLACEMENT_3D('',#2676,#2156,#2157);
#1970=AXIS2_PLACEMENT_3D('',#2678,#2158,#2159);
#1971=AXIS2_PLACEMENT_3D('',#2693,#2166,#2167);
#1972=AXIS2_PLACEMENT_3D('',#2705,#2173,#2174);
#1973=AXIS2_PLACEMENT_3D('',#2716,#2180,#2181);
#1974=AXIS2_PLACEMENT_3D('',#2718,#2182,#2183);
#1975=AXIS2_PLACEMENT_3D('',#2720,#2184,#2185);
#1976=AXIS2_PLACEMENT_3D('',#2722,#2186,#2187);
#1977=AXIS2_PLACEMENT_3D('',#2752,#2202,#2203);
#1978=AXIS2_PLACEMENT_3D('',#2756,#2205,#2206);
#1979=AXIS2_PLACEMENT_3D('',#2757,#2207,#2208);
#1980=AXIS2_PLACEMENT_3D('',#2759,#2209,#2210);
#1981=AXIS2_PLACEMENT_3D('',#2761,#2211,#2212);
#1982=AXIS2_PLACEMENT_3D('',#2763,#2213,#2214);
#1983=AXIS2_PLACEMENT_3D('',#2765,#2215,#2216);
#1984=AXIS2_PLACEMENT_3D('',#2767,#2217,#2218);
#1985=AXIS2_PLACEMENT_3D('',#2769,#2219,#2220);
#1986=AXIS2_PLACEMENT_3D('',#2771,#2221,#2222);
#1987=AXIS2_PLACEMENT_3D('',#2804,#2238,#2239);
#1988=AXIS2_PLACEMENT_3D('',#2828,#2251,#2252);
#1989=AXIS2_PLACEMENT_3D('',#2833,#2255,#2256);
#1990=AXIS2_PLACEMENT_3D('',#2841,#2261,#2262);
#1991=AXIS2_PLACEMENT_3D('',#2849,#2267,#2268);
#1992=AXIS2_PLACEMENT_3D('',#2855,#2272,#2273);
#1993=AXIS2_PLACEMENT_3D('',#2858,#2276,#2277);
#1994=AXIS2_PLACEMENT_3D('',#2863,#2281,#2282);
#1995=AXIS2_PLACEMENT_3D('',#2870,#2287,#2288);
#1996=AXIS2_PLACEMENT_3D('',#2874,#2291,#2292);
#1997=AXIS2_PLACEMENT_3D('',#2880,#2296,#2297);
#1998=AXIS2_PLACEMENT_3D('',#2886,#2301,#2302);
#1999=AXIS2_PLACEMENT_3D('',#2891,#2306,#2307);
#2000=AXIS2_PLACEMENT_3D('',#2894,#2310,#2311);
#2001=AXIS2_PLACEMENT_3D('',#2899,#2315,#2316);
#2002=AXIS2_PLACEMENT_3D('',#2903,#2319,#2320);
#2003=AXIS2_PLACEMENT_3D('',#2904,#2321,#2322);
#2004=AXIS2_PLACEMENT_3D('',#2905,#2323,#2324);
#2005=AXIS2_PLACEMENT_3D('',#2907,#2326,#2327);
#2006=AXIS2_PLACEMENT_3D('',#2911,#2330,#2331);
#2007=AXIS2_PLACEMENT_3D('',#2914,#2333,#2334);
#2008=AXIS2_PLACEMENT_3D('',#2915,#2335,#2336);
#2009=AXIS2_PLACEMENT_3D('',#2919,#2339,#2340);
#2010=AXIS2_PLACEMENT_3D('',#2922,#2343,#2344);
#2011=AXIS2_PLACEMENT_3D('',#2928,#2348,#2349);
#2012=AXIS2_PLACEMENT_3D('',#2937,#2355,#2356);
#2013=AXIS2_PLACEMENT_3D('',#2941,#2359,#2360);
#2014=AXIS2_PLACEMENT_3D('',#2945,#2363,#2364);
#2015=AXIS2_PLACEMENT_3D('',#2949,#2367,#2368);
#2016=AXIS2_PLACEMENT_3D('',#2955,#2372,#2373);
#2017=AXIS2_PLACEMENT_3D('',#2959,#2376,#2377);
#2018=AXIS2_PLACEMENT_3D('',#2963,#2380,#2381);
#2019=AXIS2_PLACEMENT_3D('',#2967,#2384,#2385);
#2020=AXIS2_PLACEMENT_3D('',#2971,#2388,#2389);
#2021=AXIS2_PLACEMENT_3D('',#2973,#2391,#2392);
#2022=AXIS2_PLACEMENT_3D('',#2975,#2394,#2395);
#2023=AXIS2_PLACEMENT_3D('',#2981,#2399,#2400);
#2024=AXIS2_PLACEMENT_3D('',#2985,#2403,#2404);
#2025=AXIS2_PLACEMENT_3D('',#2989,#2407,#2408);
#2026=AXIS2_PLACEMENT_3D('',#2991,#2410,#2411);
#2027=AXIS2_PLACEMENT_3D('',#2992,#2412,#2413);
#2028=AXIS2_PLACEMENT_3D('',#2994,#2414,#2415);
#2029=AXIS2_PLACEMENT_3D('',#2995,#2416,#2417);
#2030=AXIS2_PLACEMENT_3D('',#2997,#2418,#2419);
#2031=AXIS2_PLACEMENT_3D('',#2998,#2420,#2421);
#2032=AXIS2_PLACEMENT_3D('',#3000,#2422,#2423);
#2033=AXIS2_PLACEMENT_3D('',#3001,#2424,#2425);
#2034=AXIS2_PLACEMENT_3D('',#3003,#2426,#2427);
#2035=AXIS2_PLACEMENT_3D('',#3004,#2428,#2429);
#2036=AXIS2_PLACEMENT_3D('',#3006,#2430,#2431);
#2037=AXIS2_PLACEMENT_3D('',#3007,#2432,#2433);
#2038=AXIS2_PLACEMENT_3D('',#3009,#2434,#2435);
#2039=AXIS2_PLACEMENT_3D('',#3015,#2439,#2440);
#2040=AXIS2_PLACEMENT_3D('',#3019,#2443,#2444);
#2041=AXIS2_PLACEMENT_3D('',#3023,#2447,#2448);
#2042=AXIS2_PLACEMENT_3D('',#3024,#2449,#2450);
#2043=AXIS2_PLACEMENT_3D('',#3026,#2451,#2452);
#2044=AXIS2_PLACEMENT_3D('',#3027,#2453,#2454);
#2045=AXIS2_PLACEMENT_3D('',#3029,#2455,#2456);
#2046=AXIS2_PLACEMENT_3D('',#3030,#2457,#2458);
#2047=AXIS2_PLACEMENT_3D('',#3032,#2459,#2460);
#2048=AXIS2_PLACEMENT_3D('',#3033,#2461,#2462);
#2049=AXIS2_PLACEMENT_3D('',#3035,#2463,#2464);
#2050=AXIS2_PLACEMENT_3D('',#3036,#2465,#2466);
#2051=AXIS2_PLACEMENT_3D('',#3038,#2467,#2468);
#2052=AXIS2_PLACEMENT_3D('',#3040,#2470,#2471);
#2053=AXIS2_PLACEMENT_3D('',#3041,#2472,#2473);
#2054=AXIS2_PLACEMENT_3D('',#3042,#2474,#2475);
#2055=AXIS2_PLACEMENT_3D('',#3044,#2477,#2478);
#2056=AXIS2_PLACEMENT_3D('',#3046,#2480,#2481);
#2057=AXIS2_PLACEMENT_3D('',#3048,#2483,#2484);
#2058=AXIS2_PLACEMENT_3D('',#3049,#2485,#2486);
#2059=AXIS2_PLACEMENT_3D('',#3050,#2487,#2488);
#2060=AXIS2_PLACEMENT_3D('',#3051,#2489,#2490);
#2061=AXIS2_PLACEMENT_3D('',#3053,#2492,#2493);
#2062=AXIS2_PLACEMENT_3D('',#3054,#2494,#2495);
#2063=AXIS2_PLACEMENT_3D('',#3055,#2496,#2497);
#2064=AXIS2_PLACEMENT_3D('',#3057,#2498,#2499);
#2065=AXIS2_PLACEMENT_3D('',#3058,#2500,#2501);
#2066=AXIS2_PLACEMENT_3D('',#3060,#2502,#2503);
#2067=AXIS2_PLACEMENT_3D('',#3061,#2504,#2505);
#2068=AXIS2_PLACEMENT_3D('',#3062,#2506,#2507);
#2069=AXIS2_PLACEMENT_3D('',#3064,#2508,#2509);
#2070=AXIS2_PLACEMENT_3D('',#3065,#2510,#2511);
#2071=AXIS2_PLACEMENT_3D('',#3067,#2512,#2513);
#2072=AXIS2_PLACEMENT_3D('',#3068,#2514,#2515);
#2073=AXIS2_PLACEMENT_3D('',#3069,#2516,#2517);
#2074=AXIS2_PLACEMENT_3D('',#3071,#2518,#2519);
#2075=AXIS2_PLACEMENT_3D('',#3072,#2520,#2521);
#2076=AXIS2_PLACEMENT_3D('',#3074,#2522,#2523);
#2077=AXIS2_PLACEMENT_3D('',#3075,#2524,#2525);
#2078=AXIS2_PLACEMENT_3D('',#3076,#2526,#2527);
#2079=AXIS2_PLACEMENT_3D('',#3078,#2528,#2529);
#2080=AXIS2_PLACEMENT_3D('',#3079,#2530,#2531);
#2081=AXIS2_PLACEMENT_3D('',#3081,#2532,#2533);
#2082=AXIS2_PLACEMENT_3D('',#3082,#2534,#2535);
#2083=AXIS2_PLACEMENT_3D('',#3088,#2539,#2540);
#2084=AXIS2_PLACEMENT_3D('',#3092,#2543,#2544);
#2085=AXIS2_PLACEMENT_3D('',#3096,#2547,#2548);
#2086=AXIS2_PLACEMENT_3D('',#3100,#2551,#2552);
#2087=AXIS2_PLACEMENT_3D('',#3104,#2555,#2556);
#2088=AXIS2_PLACEMENT_3D('',#3108,#2559,#2560);
#2089=AXIS2_PLACEMENT_3D('',#3112,#2563,#2564);
#2090=AXIS2_PLACEMENT_3D('',#3116,#2567,#2568);
#2091=AXIS2_PLACEMENT_3D('',#3120,#2571,#2572);
#2092=AXIS2_PLACEMENT_3D('',#3124,#2575,#2576);
#2093=AXIS2_PLACEMENT_3D('',#3128,#2579,#2580);
#2094=AXIS2_PLACEMENT_3D('',#3132,#2583,#2584);
#2095=AXIS2_PLACEMENT_3D('',#3136,#2587,#2588);
#2096=AXIS2_PLACEMENT_3D('',#3138,#2590,#2591);
#2097=AXIS2_PLACEMENT_3D('',#3139,#2592,#2593);
#2098=AXIS2_PLACEMENT_3D('',#3141,#2595,#2596);
#2099=AXIS2_PLACEMENT_3D('',#3143,#2598,#2599);
#2100=AXIS2_PLACEMENT_3D('',#3144,#2600,#2601);
#2101=AXIS2_PLACEMENT_3D('',#3145,#2602,#2603);
#2102=AXIS2_PLACEMENT_3D('',#3146,#2604,#2605);
#2103=AXIS2_PLACEMENT_3D('',#3147,#2606,#2607);
#2104=AXIS2_PLACEMENT_3D('',#3148,#2608,#2609);
#2105=AXIS2_PLACEMENT_3D('',#3149,#2610,#2611);
#2106=AXIS2_PLACEMENT_3D('',#3150,#2612,#2613);
#2107=AXIS2_PLACEMENT_3D('',#3151,#2614,#2615);
#2108=AXIS2_PLACEMENT_3D('',#3152,#2616,#2617);
#2109=AXIS2_PLACEMENT_3D('',#3153,#2618,#2619);
#2110=AXIS2_PLACEMENT_3D('',#3155,#2620,#2621);
#2111=AXIS2_PLACEMENT_3D('',#3156,#2622,#2623);
#2112=AXIS2_PLACEMENT_3D('',#3157,#2624,#2625);
#2113=AXIS2_PLACEMENT_3D('',#3159,#2626,#2627);
#2114=DIRECTION('',(0.,0.,1.));
#2115=DIRECTION('',(1.,0.,0.));
#2116=DIRECTION('',(0.,0.,1.));
#2117=DIRECTION('',(1.,0.,0.));
#2118=DIRECTION('',(0.,0.,1.));
#2119=DIRECTION('',(1.,0.,0.));
#2120=DIRECTION('',(0.,0.,1.));
#2121=DIRECTION('',(1.,0.,0.));
#2122=DIRECTION('',(0.,0.,1.));
#2123=DIRECTION('',(1.,0.,0.));
#2124=DIRECTION('',(0.,0.,1.));
#2125=DIRECTION('',(1.,0.,0.));
#2126=DIRECTION('',(0.,0.,1.));
#2127=DIRECTION('',(1.,0.,0.));
#2128=DIRECTION('',(0.,0.,1.));
#2129=DIRECTION('',(1.,0.,0.));
#2130=DIRECTION('',(0.,0.,1.));
#2131=DIRECTION('',(1.,0.,0.));
#2132=DIRECTION('',(0.,0.,-1.));
#2133=DIRECTION('',(1.,0.,0.));
#2134=DIRECTION('',(0.,0.,-1.));
#2135=DIRECTION('',(1.,0.,0.));
#2136=DIRECTION('',(0.,0.,1.));
#2137=DIRECTION('',(1.,0.,0.));
#2138=DIRECTION('',(0.,0.,-1.));
#2139=DIRECTION('',(1.,0.,0.));
#2140=DIRECTION('',(0.,0.,-1.));
#2141=DIRECTION('',(1.,0.,0.));
#2142=DIRECTION('',(0.,-1.,0.));
#2143=DIRECTION('',(-1.,4.51750905202293E-16,0.));
#2144=DIRECTION('',(0.,-1.,0.));
#2145=DIRECTION('',(-1.,0.,0.));
#2146=DIRECTION('',(0.,-1.,0.));
#2147=DIRECTION('',(1.,0.,0.));
#2148=DIRECTION('',(0.,-1.,0.));
#2149=DIRECTION('',(1.,4.51750905202293E-16,0.));
#2150=DIRECTION('',(0.,0.,1.));
#2151=DIRECTION('',(1.,0.,0.));
#2152=DIRECTION('',(0.,0.,1.));
#2153=DIRECTION('',(1.,0.,0.));
#2154=DIRECTION('',(0.,0.,1.));
#2155=DIRECTION('',(1.,0.,0.));
#2156=DIRECTION('',(0.,0.,1.));
#2157=DIRECTION('',(1.,0.,0.));
#2158=DIRECTION('',(0.,0.,1.));
#2159=DIRECTION('',(1.,0.,0.));
#2160=DIRECTION('',(-1.,0.,0.));
#2161=DIRECTION('',(-0.00464331586428258,0.999989219750785,0.));
#2162=DIRECTION('',(1.,0.,0.));
#2163=DIRECTION('',(-2.93027614185271E-16,1.,0.));
#2164=DIRECTION('',(-1.,0.,0.));
#2165=DIRECTION('',(0.,1.,0.));
#2166=DIRECTION('',(0.,0.,1.));
#2167=DIRECTION('',(1.,0.,0.));
#2168=DIRECTION('',(-1.,0.,0.));
#2169=DIRECTION('',(0.,-1.,0.));
#2170=DIRECTION('',(1.,0.,0.));
#2171=DIRECTION('',(0.,-1.,0.));
#2172=DIRECTION('',(-1.,-1.86931409049225E-15,0.));
#2173=DIRECTION('',(0.,0.,1.));
#2174=DIRECTION('',(1.,0.,0.));
#2175=DIRECTION('',(0.,1.,0.));
#2176=DIRECTION('',(1.,0.,0.));
#2177=DIRECTION('',(2.93027614185271E-16,1.,0.));
#2178=DIRECTION('',(-1.,0.,0.));
#2179=DIRECTION('',(0.00464331586345837,0.999989219750789,0.));
#2180=DIRECTION('',(0.,0.,1.));
#2181=DIRECTION('',(1.,0.,0.));
#2182=DIRECTION('',(0.,0.,1.));
#2183=DIRECTION('',(1.,0.,0.));
#2184=DIRECTION('',(0.,0.,1.));
#2185=DIRECTION('',(1.,0.,0.));
#2186=DIRECTION('',(0.,0.,1.));
#2187=DIRECTION('',(1.,0.,0.));
#2188=DIRECTION('',(-0.999999999999967,2.58528526897352E-07,0.));
#2189=DIRECTION('',(0.,-1.,0.));
#2190=DIRECTION('',(1.,0.,0.));
#2191=DIRECTION('',(2.58528526725873E-07,0.999999999999967,0.));
#2192=DIRECTION('',(0.999992939693479,0.00375773378437564,0.));
#2193=DIRECTION('',(0.0046433158642826,-0.999989219750785,0.));
#2194=DIRECTION('',(-1.,0.,0.));
#2195=DIRECTION('',(0.,-1.,0.));
#2196=DIRECTION('',(-0.999507373911756,-0.0313848609368333,0.));
#2197=DIRECTION('',(1.,0.,0.));
#2198=DIRECTION('',(-0.00464331586428249,0.999989219750785,0.));
#2199=DIRECTION('',(-0.999999999999967,2.58528536954712E-07,0.));
#2200=DIRECTION('',(0.999992939693479,0.00375773378437564,0.));
#2201=DIRECTION('',(2.58528526709382E-07,0.999999999999967,0.));
#2202=DIRECTION('',(0.,0.,1.));
#2203=DIRECTION('',(1.,0.,0.));
#2204=DIRECTION('',(-1.33852120059939E-16,1.,0.));
#2205=DIRECTION('',(0.,0.,1.));
#2206=DIRECTION('',(1.,0.,0.));
#2207=DIRECTION('',(0.,0.,1.));
#2208=DIRECTION('',(1.,0.,0.));
#2209=DIRECTION('',(0.,0.,1.));
#2210=DIRECTION('',(1.,0.,0.));
#2211=DIRECTION('',(0.,0.,1.));
#2212=DIRECTION('',(1.,0.,0.));
#2213=DIRECTION('',(0.,0.,1.));
#2214=DIRECTION('',(1.,0.,0.));
#2215=DIRECTION('',(0.,0.,-1.));
#2216=DIRECTION('',(-1.,0.,0.));
#2217=DIRECTION('',(0.,0.,-1.));
#2218=DIRECTION('',(-1.,0.,0.));
#2219=DIRECTION('',(0.,0.,-1.));
#2220=DIRECTION('',(-1.,0.,0.));
#2221=DIRECTION('',(0.,0.,-1.));
#2222=DIRECTION('',(-1.,0.,0.));
#2223=DIRECTION('',(2.71050543121376E-16,-1.,0.));
#2224=DIRECTION('',(-0.7012328549096,-0.712932313193428,0.));
#2225=DIRECTION('',(-1.,0.,0.));
#2226=DIRECTION('',(1.33852120059939E-16,1.,0.));
#2227=DIRECTION('',(-1.,0.,0.));
#2228=DIRECTION('',(0.701236022315232,-0.712929197752141,0.));
#2229=DIRECTION('',(1.,0.,0.));
#2230=DIRECTION('',(-1.33852120059939E-16,1.,0.));
#2231=DIRECTION('',(1.,0.,0.));
#2232=DIRECTION('',(0.7012328549096,-0.712932313193428,0.));
#2233=DIRECTION('',(2.71050543121376E-16,-1.,0.));
#2234=DIRECTION('',(-0.701236022315232,-0.712929197752141,0.));
#2235=DIRECTION('',(-1.,0.,0.));
#2236=DIRECTION('',(0.,1.,-9.24257888272254E-16));
#2237=DIRECTION('',(1.,0.,0.));
#2238=DIRECTION('',(0.,0.,-1.));
#2239=DIRECTION('',(-1.,-2.7809311987025E-15,0.));
#2240=DIRECTION('',(0.,-1.,0.));
#2241=DIRECTION('',(-1.,0.,0.));
#2242=DIRECTION('',(0.,1.,0.));
#2243=DIRECTION('',(1.,0.,0.));
#2244=DIRECTION('',(0.00464331586428258,-0.999989219750785,0.));
#2245=DIRECTION('',(1.,0.,0.));
#2246=DIRECTION('',(-0.00464331586345837,-0.999989219750789,0.));
#2247=DIRECTION('',(-1.,0.,0.));
#2248=DIRECTION('',(0.,1.,0.));
#2249=DIRECTION('',(1.,0.,0.));
#2250=DIRECTION('',(0.,-1.,0.));
#2251=DIRECTION('',(0.,0.,-1.));
#2252=DIRECTION('',(-0.000400711794648877,0.999999919715026,0.));
#2253=DIRECTION('',(-1.,0.,0.));
#2254=DIRECTION('',(0.,-1.,0.));
#2255=DIRECTION('',(-0.999989219750789,0.00464331586345837,0.));
#2256=DIRECTION('',(-0.00464331586345837,-0.999989219750789,0.));
#2257=DIRECTION('',(0.00464308556250422,0.999939621903428,-0.00995963373264739));
#2258=DIRECTION('',(0.,0.,-1.));
#2259=DIRECTION('',(0.,0.,-1.));
#2260=DIRECTION('',(-0.00464331586345837,-0.999989219750789,0.));
#2261=DIRECTION('',(-0.999989219750785,-0.00464331586428258,0.));
#2262=DIRECTION('',(0.00464331586428258,-0.999989219750785,0.));
#2263=DIRECTION('',(0.,0.,-1.));
#2264=DIRECTION('',(-0.00464308556332831,0.999939621903407,-0.00995963373441507));
#2265=DIRECTION('',(0.00464331586428258,-0.999989219750785,0.));
#2266=DIRECTION('',(0.,0.,-1.));
#2267=DIRECTION('',(0.,-1.,0.));
#2268=DIRECTION('',(0.,0.,-1.));
#2269=DIRECTION('',(1.,0.,0.));
#2270=DIRECTION('',(-0.422530959394407,0.,-0.906348491670418));
#2271=DIRECTION('',(-0.422530959394406,0.,0.906348491670418));
#2272=DIRECTION('',(0.,0.927348619113283,-0.374198528362534));
#2273=DIRECTION('',(0.,0.374198528362534,0.927348619113283));
#2274=DIRECTION('',(0.396824992470478,0.343474692048932,0.851208001179909));
#2275=DIRECTION('',(0.396824992470477,-0.343474692048932,-0.85120800117991));
#2276=DIRECTION('',(0.,1.,0.));
#2277=DIRECTION('',(0.,0.,1.));
#2278=DIRECTION('',(0.422530959394407,0.,0.906348491670418));
#2279=DIRECTION('',(0.422530959394406,0.,0.906348491670418));
#2280=DIRECTION('',(0.,0.,-1.));
#2281=DIRECTION('',(1.,0.,0.));
#2282=DIRECTION('',(0.,0.,-1.));
#2283=DIRECTION('',(0.,0.,-1.));
#2284=DIRECTION('',(0.,-0.422614323505625,0.906309623455408));
#2285=DIRECTION('',(0.,-0.422530959394407,0.906348491670418));
#2286=DIRECTION('',(0.,0.,-1.));
#2287=DIRECTION('',(-1.,-2.93027614185271E-16,0.));
#2288=DIRECTION('',(2.93027614185271E-16,-1.,0.));
#2289=DIRECTION('',(0.,1.,0.));
#2290=DIRECTION('',(0.,0.,-1.));
#2291=DIRECTION('',(-1.,2.93027614185271E-16,0.));
#2292=DIRECTION('',(-2.93027614185271E-16,-1.,0.));
#2293=DIRECTION('',(0.,1.,0.));
#2294=DIRECTION('',(0.,0.,-1.));
#2295=DIRECTION('',(0.,0.,-1.));
#2296=DIRECTION('',(1.86931409049225E-15,-1.,0.));
#2297=DIRECTION('',(1.,1.86931409049225E-15,0.));
#2298=DIRECTION('',(-1.,0.,0.));
#2299=DIRECTION('',(0.,0.,-1.));
#2300=DIRECTION('',(0.,0.,-1.));
#2301=DIRECTION('',(1.,0.,0.));
#2302=DIRECTION('',(0.,0.,-1.));
#2303=DIRECTION('',(0.,-0.422530959394404,0.90634849167042));
#2304=DIRECTION('',(0.,0.,-1.));
#2305=DIRECTION('',(0.,-0.422530959394407,0.906348491670418));
#2306=DIRECTION('',(0.,-1.,0.));
#2307=DIRECTION('',(0.,0.,-1.));
#2308=DIRECTION('',(-0.422530959394406,0.,0.906348491670418));
#2309=DIRECTION('',(-0.422530959394407,0.,0.906348491670418));
#2310=DIRECTION('',(0.,1.,0.));
#2311=DIRECTION('',(0.,0.,1.));
#2312=DIRECTION('',(0.,0.,-1.));
#2313=DIRECTION('',(-0.422530959394405,0.,0.906348491670419));
#2314=DIRECTION('',(-0.422530959394407,0.,0.906348491670418));
#2315=DIRECTION('',(-1.,0.,0.));
#2316=DIRECTION('',(0.,0.,1.));
#2317=DIRECTION('',(0.,0.,-1.));
#2318=DIRECTION('',(0.,-1.,0.));
#2319=DIRECTION('',(0.,0.,-1.));
#2320=DIRECTION('',(-1.,0.,0.));
#2321=DIRECTION('',(0.,0.,-1.));
#2322=DIRECTION('',(-0.000312548828125396,0.999999951156614,-8.47297686409351E-18));
#2323=DIRECTION('',(0.,1.,0.));
#2324=DIRECTION('',(0.,0.,1.));
#2325=DIRECTION('',(-1.,0.,0.));
#2326=DIRECTION('',(0.,-1.,0.));
#2327=DIRECTION('',(0.,0.,-1.));
#2328=DIRECTION('',(0.,0.,-1.));
#2329=DIRECTION('',(1.,0.,0.));
#2330=DIRECTION('',(0.,0.,-1.));
#2331=DIRECTION('',(-1.,0.,0.));
#2332=DIRECTION('',(0.,0.,-1.));
#2333=DIRECTION('',(0.,0.,-1.));
#2334=DIRECTION('',(-1.,-2.16908207720793E-15,-1.27094652961402E-17));
#2335=DIRECTION('',(-1.,0.,0.));
#2336=DIRECTION('',(0.,0.,1.));
#2337=DIRECTION('',(0.,-1.,0.));
#2338=DIRECTION('',(0.,0.,-1.));
#2339=DIRECTION('',(0.,-1.,0.));
#2340=DIRECTION('',(0.,0.,-1.));
#2341=DIRECTION('',(0.422530959394406,0.,0.906348491670419));
#2342=DIRECTION('',(0.422530959394406,0.,0.906348491670418));
#2343=DIRECTION('',(0.,1.,0.));
#2344=DIRECTION('',(0.,0.,1.));
#2345=DIRECTION('',(1.,0.,0.));
#2346=DIRECTION('',(0.,0.,-1.));
#2347=DIRECTION('',(0.,0.,-1.));
#2348=DIRECTION('',(-1.,-1.33852120059939E-16,0.));
#2349=DIRECTION('',(1.33852120059939E-16,-1.,0.));
#2350=DIRECTION('',(0.,0.,-1.));
#2351=DIRECTION('',(-1.33852120059939E-16,1.,0.));
#2352=DIRECTION('',(0.,0.,-1.));
#2353=DIRECTION('',(0.,0.,-1.));
#2354=DIRECTION('',(-1.33852120059939E-16,1.,0.));
#2355=DIRECTION('',(0.,1.,0.));
#2356=DIRECTION('',(0.,0.,1.));
#2357=DIRECTION('',(1.,0.,0.));
#2358=DIRECTION('',(0.,0.,-1.));
#2359=DIRECTION('',(0.712932313193428,0.7012328549096,0.));
#2360=DIRECTION('',(-0.7012328549096,0.712932313193428,0.));
#2361=DIRECTION('',(0.7012328549096,-0.712932313193428,0.));
#2362=DIRECTION('',(0.,0.,-1.));
#2363=DIRECTION('',(1.,2.71050543121376E-16,0.));
#2364=DIRECTION('',(-2.71050543121376E-16,1.,0.));
#2365=DIRECTION('',(2.71050543121376E-16,-1.,0.));
#2366=DIRECTION('',(0.,0.,-1.));
#2367=DIRECTION('',(1.,2.71050543121376E-16,0.));
#2368=DIRECTION('',(-2.71050543121376E-16,1.,0.));
#2369=DIRECTION('',(2.71050543121376E-16,-1.,0.));
#2370=DIRECTION('',(0.,0.,-1.));
#2371=DIRECTION('',(0.,0.,-1.));
#2372=DIRECTION('',(0.712932313193428,-0.7012328549096,0.));
#2373=DIRECTION('',(0.7012328549096,0.712932313193428,0.));
#2374=DIRECTION('',(-0.7012328549096,-0.712932313193428,0.));
#2375=DIRECTION('',(0.,0.,-1.));
#2376=DIRECTION('',(0.,-1.,0.));
#2377=DIRECTION('',(0.,0.,-1.));
#2378=DIRECTION('',(-1.,0.,0.));
#2379=DIRECTION('',(0.,0.,-1.));
#2380=DIRECTION('',(-1.,1.33852120059939E-16,0.));
#2381=DIRECTION('',(-1.33852120059939E-16,-1.,0.));
#2382=DIRECTION('',(1.33852120059939E-16,1.,0.));
#2383=DIRECTION('',(0.,0.,-1.));
#2384=DIRECTION('',(0.,-1.,0.));
#2385=DIRECTION('',(0.,0.,-1.));
#2386=DIRECTION('',(-1.,0.,0.));
#2387=DIRECTION('',(0.,0.,-1.));
#2388=DIRECTION('',(0.712929197752141,-0.701236022315232,0.));
#2389=DIRECTION('',(0.701236022315232,0.712929197752141,0.));
#2390=DIRECTION('',(-0.701236022315232,-0.712929197752141,0.));
#2391=DIRECTION('',(0.712929197752141,0.701236022315232,0.));
#2392=DIRECTION('',(-0.701236022315232,0.712929197752141,0.));
#2393=DIRECTION('',(0.701236022315232,-0.712929197752141,0.));
#2394=DIRECTION('',(1.,0.,0.));
#2395=DIRECTION('',(0.,0.,-1.));
#2396=DIRECTION('',(0.,0.,-1.));
#2397=DIRECTION('',(0.,-1.,0.));
#2398=DIRECTION('',(0.,0.,-1.));
#2399=DIRECTION('',(-4.51750905202293E-16,1.,0.));
#2400=DIRECTION('',(-1.,-4.51750905202293E-16,0.));
#2401=DIRECTION('',(0.,0.,-1.));
#2402=DIRECTION('',(1.,4.51750905202293E-16,0.));
#2403=DIRECTION('',(1.,0.,0.));
#2404=DIRECTION('',(0.,0.,-1.));
#2405=DIRECTION('',(0.,0.,-1.));
#2406=DIRECTION('',(0.,-1.,0.));
#2407=DIRECTION('',(0.,1.,0.));
#2408=DIRECTION('',(0.,0.,1.));
#2409=DIRECTION('',(1.,0.,0.));
#2410=DIRECTION('',(0.,0.,-1.));
#2411=DIRECTION('',(-1.,0.,0.));
#2412=DIRECTION('',(0.,0.,1.));
#2413=DIRECTION('',(1.,0.,0.));
#2414=DIRECTION('',(0.,0.,-1.));
#2415=DIRECTION('',(-1.,0.,0.));
#2416=DIRECTION('',(0.,0.,1.));
#2417=DIRECTION('',(1.,0.,0.));
#2418=DIRECTION('',(0.,0.,-1.));
#2419=DIRECTION('',(-1.,0.,0.));
#2420=DIRECTION('',(0.,0.,1.));
#2421=DIRECTION('',(1.,0.,0.));
#2422=DIRECTION('',(0.,0.,-1.));
#2423=DIRECTION('',(-1.,0.,0.));
#2424=DIRECTION('',(0.,0.,1.));
#2425=DIRECTION('',(1.,0.,0.));
#2426=DIRECTION('',(0.,0.,-1.));
#2427=DIRECTION('',(-1.,0.,0.));
#2428=DIRECTION('',(0.,0.,1.));
#2429=DIRECTION('',(1.,0.,0.));
#2430=DIRECTION('',(0.,0.,1.));
#2431=DIRECTION('',(1.,0.,0.));
#2432=DIRECTION('',(0.,0.,1.));
#2433=DIRECTION('',(1.,0.,0.));
#2434=DIRECTION('',(1.,0.,0.));
#2435=DIRECTION('',(0.,0.,-1.));
#2436=DIRECTION('',(0.,0.,-1.));
#2437=DIRECTION('',(0.,-1.,0.));
#2438=DIRECTION('',(0.,0.,-1.));
#2439=DIRECTION('',(0.,-1.,0.));
#2440=DIRECTION('',(0.,0.,-1.));
#2441=DIRECTION('',(0.,0.,-1.));
#2442=DIRECTION('',(-1.,0.,0.));
#2443=DIRECTION('',(1.,0.,0.));
#2444=DIRECTION('',(0.,0.,-1.));
#2445=DIRECTION('',(0.,0.,-1.));
#2446=DIRECTION('',(0.,-1.,0.));
#2447=DIRECTION('',(0.,0.,-1.));
#2448=DIRECTION('',(-1.,0.,0.));
#2449=DIRECTION('',(0.,0.,-1.));
#2450=DIRECTION('',(1.,0.,0.));
#2451=DIRECTION('',(0.,0.,-1.));
#2452=DIRECTION('',(-1.,0.,0.));
#2453=DIRECTION('',(0.,0.,-1.));
#2454=DIRECTION('',(1.,0.,0.));
#2455=DIRECTION('',(0.,0.,-1.));
#2456=DIRECTION('',(-1.,0.,0.));
#2457=DIRECTION('',(0.,0.,1.));
#2458=DIRECTION('',(1.,0.,0.));
#2459=DIRECTION('',(0.,0.,-1.));
#2460=DIRECTION('',(-1.,0.,0.));
#2461=DIRECTION('',(0.,0.,-1.));
#2462=DIRECTION('',(1.,0.,0.));
#2463=DIRECTION('',(0.,0.,-1.));
#2464=DIRECTION('',(-1.,0.,0.));
#2465=DIRECTION('',(0.,0.,-1.));
#2466=DIRECTION('',(1.,0.,0.));
#2467=DIRECTION('',(-4.51750905202293E-16,-1.,0.));
#2468=DIRECTION('',(1.,-4.51750905202293E-16,0.));
#2469=DIRECTION('',(-1.,4.51750905202293E-16,0.));
#2470=DIRECTION('',(0.,0.,1.));
#2471=DIRECTION('',(1.,0.,0.));
#2472=DIRECTION('',(0.,0.,1.));
#2473=DIRECTION('',(1.,0.,0.));
#2474=DIRECTION('',(0.906348491670419,0.,-0.422530959394406));
#2475=DIRECTION('',(-0.422530959394406,0.,-0.906348491670419));
#2476=DIRECTION('',(0.422530959394406,0.,0.906348491670419));
#2477=DIRECTION('',(0.906348491670419,0.,0.422530959394405));
#2478=DIRECTION('',(0.422530959394405,0.,-0.906348491670419));
#2479=DIRECTION('',(-0.422530959394405,0.,0.906348491670419));
#2480=DIRECTION('',(0.,-0.90634849167042,-0.422530959394404));
#2481=DIRECTION('',(0.,0.422530959394404,-0.90634849167042));
#2482=DIRECTION('',(0.,-0.422530959394404,0.90634849167042));
#2483=DIRECTION('',(-0.906348491670418,0.,-0.422530959394407));
#2484=DIRECTION('',(-0.422530959394407,0.,0.906348491670418));
#2485=DIRECTION('',(-0.906348491670418,0.,0.422530959394407));
#2486=DIRECTION('',(0.422530959394407,0.,0.906348491670418));
#2487=DIRECTION('',(-6.3912689778764E-08,-5.44938051063677E-08,-0.999999999999996));
#2488=DIRECTION('',(-0.999999999999998,0.,6.39126897787641E-08));
#2489=DIRECTION('',(0.,0.906309623455408,0.422614323505624));
#2490=DIRECTION('',(0.,-0.422614323505625,0.906309623455408));
#2491=DIRECTION('',(0.,-0.422614323505625,0.906309623455408));
#2492=DIRECTION('',(0.,0.,-1.));
#2493=DIRECTION('',(-1.,0.,0.));
#2494=DIRECTION('',(0.,0.,-1.));
#2495=DIRECTION('',(-1.,0.,0.));
#2496=DIRECTION('',(0.,0.,-1.));
#2497=DIRECTION('',(-1.,0.,0.));
#2498=DIRECTION('',(0.,0.,1.));
#2499=DIRECTION('',(1.,0.,0.));
#2500=DIRECTION('',(0.,0.,-1.));
#2501=DIRECTION('',(-1.,0.,0.));
#2502=DIRECTION('',(0.,0.,-1.));
#2503=DIRECTION('',(-1.,0.,0.));
#2504=DIRECTION('',(0.,0.,-1.));
#2505=DIRECTION('',(-1.,0.,0.));
#2506=DIRECTION('',(0.,0.,-1.));
#2507=DIRECTION('',(-1.,0.,0.));
#2508=DIRECTION('',(0.,0.,1.));
#2509=DIRECTION('',(1.,0.,0.));
#2510=DIRECTION('',(0.,0.,-1.));
#2511=DIRECTION('',(-1.,0.,0.));
#2512=DIRECTION('',(0.,0.,-1.));
#2513=DIRECTION('',(-1.,0.,0.));
#2514=DIRECTION('',(0.,0.,-1.));
#2515=DIRECTION('',(-1.,0.,0.));
#2516=DIRECTION('',(0.,0.,-1.));
#2517=DIRECTION('',(-1.,0.,0.));
#2518=DIRECTION('',(0.,0.,1.));
#2519=DIRECTION('',(1.,0.,0.));
#2520=DIRECTION('',(0.,0.,-1.));
#2521=DIRECTION('',(-1.,0.,0.));
#2522=DIRECTION('',(0.,0.,-1.));
#2523=DIRECTION('',(-1.,0.,0.));
#2524=DIRECTION('',(0.,0.,-1.));
#2525=DIRECTION('',(-1.,0.,0.));
#2526=DIRECTION('',(0.,0.,-1.));
#2527=DIRECTION('',(-1.,0.,0.));
#2528=DIRECTION('',(0.,0.,1.));
#2529=DIRECTION('',(1.,0.,0.));
#2530=DIRECTION('',(0.,0.,-1.));
#2531=DIRECTION('',(-1.,0.,0.));
#2532=DIRECTION('',(0.,0.,-1.));
#2533=DIRECTION('',(-1.,0.,0.));
#2534=DIRECTION('',(-2.58528526897352E-07,-0.999999999999966,0.));
#2535=DIRECTION('',(0.999999999999967,-2.58528526897352E-07,0.));
#2536=DIRECTION('',(0.,0.,-1.));
#2537=DIRECTION('',(-0.999999999999967,2.58528526897352E-07,0.));
#2538=DIRECTION('',(0.,0.,-1.));
#2539=DIRECTION('',(1.,0.,0.));
#2540=DIRECTION('',(0.,0.,-1.));
#2541=DIRECTION('',(0.,-1.,0.));
#2542=DIRECTION('',(0.,0.,-1.));
#2543=DIRECTION('',(0.,1.,0.));
#2544=DIRECTION('',(0.,0.,1.));
#2545=DIRECTION('',(1.,0.,0.));
#2546=DIRECTION('',(0.,0.,-1.));
#2547=DIRECTION('',(-0.999999999999966,2.58528526725873E-07,0.));
#2548=DIRECTION('',(-2.58528526725873E-07,-0.999999999999967,0.));
#2549=DIRECTION('',(2.58528526725873E-07,0.999999999999967,0.));
#2550=DIRECTION('',(0.,0.,-1.));
#2551=DIRECTION('',(-0.00375773378437564,0.999992939693479,0.));
#2552=DIRECTION('',(-0.999992939693479,-0.00375773378437564,0.));
#2553=DIRECTION('',(0.999992939693479,0.00375773378437564,0.));
#2554=DIRECTION('',(0.,0.,-1.));
#2555=DIRECTION('',(0.999989219750785,0.0046433158642826,0.));
#2556=DIRECTION('',(-0.0046433158642826,0.999989219750785,0.));
#2557=DIRECTION('',(0.0046433158642826,-0.999989219750785,0.));
#2558=DIRECTION('',(0.,0.,-1.));
#2559=DIRECTION('',(0.,-1.,0.));
#2560=DIRECTION('',(0.,0.,-1.));
#2561=DIRECTION('',(-1.,0.,0.));
#2562=DIRECTION('',(0.,0.,-1.));
#2563=DIRECTION('',(1.,0.,0.));
#2564=DIRECTION('',(0.,0.,-1.));
#2565=DIRECTION('',(0.,-1.,0.));
#2566=DIRECTION('',(0.,0.,-1.));
#2567=DIRECTION('',(0.0313848609368333,-0.999507373911756,0.));
#2568=DIRECTION('',(0.999507373911757,0.0313848609368333,0.));
#2569=DIRECTION('',(-0.999507373911756,-0.0313848609368333,0.));
#2570=DIRECTION('',(0.,0.,-1.));
#2571=DIRECTION('',(0.,1.,0.));
#2572=DIRECTION('',(0.,0.,1.));
#2573=DIRECTION('',(1.,0.,0.));
#2574=DIRECTION('',(0.,0.,-1.));
#2575=DIRECTION('',(-0.999989219750785,-0.00464331586428249,0.));
#2576=DIRECTION('',(0.00464331586428249,-0.999989219750785,0.));
#2577=DIRECTION('',(-0.00464331586428249,0.999989219750785,0.));
#2578=DIRECTION('',(0.,0.,-1.));
#2579=DIRECTION('',(-2.58528536954712E-07,-0.999999999999966,0.));
#2580=DIRECTION('',(0.999999999999967,-2.58528536954712E-07,0.));
#2581=DIRECTION('',(-0.999999999999967,2.58528536954712E-07,0.));
#2582=DIRECTION('',(0.,0.,-1.));
#2583=DIRECTION('',(-0.00375773378437564,0.999992939693479,0.));
#2584=DIRECTION('',(-0.999992939693479,-0.00375773378437564,0.));
#2585=DIRECTION('',(0.999992939693479,0.00375773378437564,0.));
#2586=DIRECTION('',(0.,0.,-1.));
#2587=DIRECTION('',(-0.999999999999966,2.58528526709382E-07,0.));
#2588=DIRECTION('',(-2.58528526709383E-07,-0.999999999999967,0.));
#2589=DIRECTION('',(2.58528526709382E-07,0.999999999999967,0.));
#2590=DIRECTION('',(0.,0.,1.));
#2591=DIRECTION('',(1.,0.,0.));
#2592=DIRECTION('',(-0.906340465364594,0.00420847042888169,-0.422527217607742));
#2593=DIRECTION('',(-0.422530959394406,0.,0.906348491670418));
#2594=DIRECTION('',(-0.422530959394406,0.,0.906348491670418));
#2595=DIRECTION('',(0.906340465364591,0.0042084704296287,-0.422527217607741));
#2596=DIRECTION('',(-0.422530959394407,0.,-0.906348491670418));
#2597=DIRECTION('',(0.422530959394407,0.,0.906348491670418));
#2598=DIRECTION('',(0.906348491670418,0.,0.422530959394406));
#2599=DIRECTION('',(0.422530959394406,0.,-0.906348491670418));
#2600=DIRECTION('',(-0.906348491670418,0.,0.422530959394407));
#2601=DIRECTION('',(0.422530959394407,0.,0.906348491670418));
#2602=DIRECTION('',(0.,0.,-1.));
#2603=DIRECTION('',(-1.,0.,0.));
#2604=DIRECTION('',(0.,0.,-1.));
#2605=DIRECTION('',(-1.,0.,0.));
#2606=DIRECTION('',(0.,0.,-1.));
#2607=DIRECTION('',(-1.,0.,0.));
#2608=DIRECTION('',(0.,0.,-1.));
#2609=DIRECTION('',(-1.,0.,0.));
#2610=DIRECTION('',(0.,-0.906348491670418,-0.422530959394407));
#2611=DIRECTION('',(0.,0.422530959394407,-0.906348491670418));
#2612=DIRECTION('',(0.,0.,-1.));
#2613=DIRECTION('',(-1.,0.,0.));
#2614=DIRECTION('',(0.,0.,-1.));
#2615=DIRECTION('',(-1.,0.,0.));
#2616=DIRECTION('',(0.,0.,-1.));
#2617=DIRECTION('',(-1.,0.,0.));
#2618=DIRECTION('',(0.,0.,1.));
#2619=DIRECTION('',(1.,0.,0.));
#2620=DIRECTION('',(0.,0.,1.));
#2621=DIRECTION('',(1.,0.,0.));
#2622=DIRECTION('',(0.,0.,-1.));
#2623=DIRECTION('',(-1.,0.,0.));
#2624=DIRECTION('',(0.,0.,1.));
#2625=DIRECTION('',(1.,0.,0.));
#2626=DIRECTION('',(0.,0.,1.));
#2627=DIRECTION('',(1.,0.,0.));
#2628=CARTESIAN_POINT('',(0.,0.,0.));
#2629=CARTESIAN_POINT('',(-1.11022302462516E-16,5.01192918360566E-05,0.));
#2630=CARTESIAN_POINT('',(0.0781044914933932,0.00338002810117903,0.));
#2631=CARTESIAN_POINT('',(0.0796044914933932,0.00338002810117903,0.));
#2632=CARTESIAN_POINT('',(-0.0785484709176314,0.00338002810117909,0.));
#2633=CARTESIAN_POINT('',(-0.0770484709176314,0.00338002810117909,0.));
#2634=CARTESIAN_POINT('',(0.0760930024858871,-0.0102598773830726,0.));
#2635=CARTESIAN_POINT('',(0.0776930024858871,-0.0102598773830726,0.));
#2636=CARTESIAN_POINT('',(0.0760930024858871,-0.0687898773830726,0.));
#2637=CARTESIAN_POINT('',(0.0776930024858871,-0.0687898773830726,0.));
#2638=CARTESIAN_POINT('',(-0.0772369975141128,-0.0687898773830726,0.));
#2639=CARTESIAN_POINT('',(-0.0756369975141128,-0.0687898773830726,0.));
#2640=CARTESIAN_POINT('',(-0.0649516890213097,0.0745081526656819,0.));
#2641=CARTESIAN_POINT('',(-0.0633516890213097,0.0745081526656819,0.));
#2642=CARTESIAN_POINT('',(0.0595583109786902,0.0745381526656818,0.));
#2643=CARTESIAN_POINT('',(0.0611583109786902,0.0745381526656818,0.));
#2644=CARTESIAN_POINT('',(-0.025738,0.000505815471992816,0.));
#2645=CARTESIAN_POINT('',(-0.024138,0.000505815471992816,0.));
#2646=CARTESIAN_POINT('',(-0.0639895111348497,0.0271144570479514,0.));
#2647=CARTESIAN_POINT('',(-0.0623895111348497,0.0271144570479514,0.));
#2648=CARTESIAN_POINT('',(-0.0648716890213098,-0.00192184733431814,0.));
#2649=CARTESIAN_POINT('',(-0.0632716890213098,-0.00192184733431814,0.));
#2650=CARTESIAN_POINT('',(-0.0639895111348497,-0.0476375429520487,0.));
#2651=CARTESIAN_POINT('',(-0.0623895111348497,-0.0476375429520487,0.));
#2652=CARTESIAN_POINT('',(-0.025738,-0.0206141845280072,0.));
#2653=CARTESIAN_POINT('',(-0.024138,-0.0206141845280072,0.));
#2654=CARTESIAN_POINT('',(-0.031255,-0.0102617164225208,0.));
#2655=CARTESIAN_POINT('',(-0.031255,-0.00426171642252079,0.));
#2656=CARTESIAN_POINT('',(-0.031255,-0.0162617164225208,0.));
#2657=CARTESIAN_POINT('',(-0.033175,-0.00426171642252079,0.));
#2658=CARTESIAN_POINT('',(-0.035095,-0.00426171642252079,0.));
#2659=CARTESIAN_POINT('',(-0.035095,-0.0102617164225208,0.));
#2660=CARTESIAN_POINT('',(-0.035095,-0.0162617164225208,0.));
#2661=CARTESIAN_POINT('',(-0.033175,-0.0162617164225208,0.));
#2662=CARTESIAN_POINT('',(0.031255,-0.0102617164225208,0.));
#2663=CARTESIAN_POINT('',(0.031255,-0.00426171642252079,0.));
#2664=CARTESIAN_POINT('',(0.031255,-0.0162617164225208,0.));
#2665=CARTESIAN_POINT('',(0.033175,-0.0162617164225208,0.));
#2666=CARTESIAN_POINT('',(0.035095,-0.0162617164225208,0.));
#2667=CARTESIAN_POINT('',(0.035095,-0.0102617164225208,0.));
#2668=CARTESIAN_POINT('',(0.035095,-0.00426171642252079,0.));
#2669=CARTESIAN_POINT('',(0.033175,-0.00426171642252079,0.));
#2670=CARTESIAN_POINT('',(0.025738,0.000505815471992816,0.));
#2671=CARTESIAN_POINT('',(0.027338,0.000505815471992816,0.));
#2672=CARTESIAN_POINT('',(0.025738,-0.0206141845280072,0.));
#2673=CARTESIAN_POINT('',(0.027338,-0.0206141845280072,0.));
#2674=CARTESIAN_POINT('',(0.0639895111348497,0.0271144570479514,0.));
#2675=CARTESIAN_POINT('',(0.0655895111348497,0.0271144570479514,0.));
#2676=CARTESIAN_POINT('',(0.0639895111348497,-0.0476375429520487,0.));
#2677=CARTESIAN_POINT('',(0.0655895111348497,-0.0476375429520487,0.));
#2678=CARTESIAN_POINT('',(0.0594783109786901,-0.00193184733431821,0.));
#2679=CARTESIAN_POINT('',(0.0610783109786901,-0.00193184733431821,0.));
#2680=CARTESIAN_POINT('',(2.58681964737662E-14,-0.103179542952049,0.));
#2681=CARTESIAN_POINT('',(0.0998400000000259,-0.103179542952049,0.));
#2682=CARTESIAN_POINT('',(-0.0998399999999744,-0.103179542952049,0.));
#2683=CARTESIAN_POINT('',(-0.0999856143854783,-0.0718198810206639,0.));
#2684=CARTESIAN_POINT('',(-0.100131228770982,-0.0404602190892792,0.));
#2685=CARTESIAN_POINT('',(-0.098480228770982,-0.0404602190892792,0.));
#2686=CARTESIAN_POINT('',(-0.096829228770982,-0.0404602190892792,0.));
#2687=CARTESIAN_POINT('',(-0.096829228770982,0.00689978091072075,0.));
#2688=CARTESIAN_POINT('',(-0.096829228770982,0.0542597809107208,0.));
#2689=CARTESIAN_POINT('',(-0.098334614385491,0.0542597809107208,0.));
#2690=CARTESIAN_POINT('',(-0.09984,0.0542597809107208,0.));
#2691=CARTESIAN_POINT('',(-0.09984,0.0723717809107208,0.));
#2692=CARTESIAN_POINT('',(-0.09984,0.0904837809107208,0.));
#2693=CARTESIAN_POINT('',(-0.087043999375,0.0904837809107208,0.));
#2694=CARTESIAN_POINT('',(-0.08704,0.103279780910721,0.));
#2695=CARTESIAN_POINT('',(-0.06848,0.103279780910721,0.));
#2696=CARTESIAN_POINT('',(-0.04992,0.103279780910721,0.));
#2697=CARTESIAN_POINT('',(-0.04992,0.101871780910721,0.));
#2698=CARTESIAN_POINT('',(-0.04992,0.100463780910721,0.));
#2699=CARTESIAN_POINT('',(0.,0.100463780910721,0.));
#2700=CARTESIAN_POINT('',(0.04992,0.100463780910721,0.));
#2701=CARTESIAN_POINT('',(0.04992,0.101871780910721,0.));
#2702=CARTESIAN_POINT('',(0.04992,0.103279780910721,0.));
#2703=CARTESIAN_POINT('',(0.06848,0.103279780910721,0.));
#2704=CARTESIAN_POINT('',(0.08704,0.103279780910721,0.));
#2705=CARTESIAN_POINT('',(0.087043999375,0.0904837809107208,0.));
#2706=CARTESIAN_POINT('',(0.09984,0.0904837809107208,0.));
#2707=CARTESIAN_POINT('',(0.09984,0.0723717809107208,0.));
#2708=CARTESIAN_POINT('',(0.09984,0.0542597809107208,0.));
#2709=CARTESIAN_POINT('',(0.098334614385491,0.0542597809107208,0.));
#2710=CARTESIAN_POINT('',(0.096829228770982,0.0542597809107208,0.));
#2711=CARTESIAN_POINT('',(0.096829228770982,0.00689978091072075,0.));
#2712=CARTESIAN_POINT('',(0.096829228770982,-0.0404602190892792,0.));
#2713=CARTESIAN_POINT('',(0.098480228770982,-0.0404602190892792,0.));
#2714=CARTESIAN_POINT('',(0.100131228770982,-0.0404602190892792,0.));
#2715=CARTESIAN_POINT('',(0.099985614385504,-0.0718198810206639,0.));
#2716=CARTESIAN_POINT('',(0.0874211822234459,-0.0852575024268979,0.));
#2717=CARTESIAN_POINT('',(0.0890211822234459,-0.0852575024268979,0.));
#2718=CARTESIAN_POINT('',(0.087271,0.0831357809107208,0.));
#2719=CARTESIAN_POINT('',(0.088871,0.0831357809107208,0.));
#2720=CARTESIAN_POINT('',(-0.087271,0.0831357809107208,0.));
#2721=CARTESIAN_POINT('',(-0.085671,0.0831357809107208,0.));
#2722=CARTESIAN_POINT('',(-0.0874211822234459,-0.0852575024268979,0.));
#2723=CARTESIAN_POINT('',(-0.0858211822234459,-0.0852575024268979,0.));
#2724=CARTESIAN_POINT('',(0.081960871266759,0.0785246493898567,0.));
#2725=CARTESIAN_POINT('',(0.0873368712667588,0.0785246480000074,0.));
#2726=CARTESIAN_POINT('',(0.0765848712667592,0.0785246507797061,0.));
#2727=CARTESIAN_POINT('',(0.0765848712667592,0.0763486507797061,0.));
#2728=CARTESIAN_POINT('',(0.0765848712667592,0.0741726507797061,0.));
#2729=CARTESIAN_POINT('',(0.0797848707042012,0.0741726507797061,0.));
#2730=CARTESIAN_POINT('',(0.0829848701416432,0.0741726507797061,0.));
#2731=CARTESIAN_POINT('',(0.0829848508137878,-0.000588365569789785,0.));
#2732=CARTESIAN_POINT('',(0.0829848314859325,-0.0753493819192857,0.));
#2733=CARTESIAN_POINT('',(-0.000351628337862612,-0.0756625403608304,0.));
#2734=CARTESIAN_POINT('',(-0.0836880881616577,-0.0759756988023751,0.));
#2735=CARTESIAN_POINT('',(-0.0840359114470729,-0.00106812284594316,0.));
#2736=CARTESIAN_POINT('',(-0.084383734732488,0.0738394531104888,0.));
#2737=CARTESIAN_POINT('',(-0.0806612008905719,0.0738394531104888,0.));
#2738=CARTESIAN_POINT('',(-0.0769386670486557,0.0738394531104888,0.));
#2739=CARTESIAN_POINT('',(-0.0769386670486557,0.0760171124806616,0.));
#2740=CARTESIAN_POINT('',(-0.0769386670486557,0.0781947718508344,0.));
#2741=CARTESIAN_POINT('',(-0.0821377487070667,0.0780315189733595,0.));
#2742=CARTESIAN_POINT('',(-0.0873368303654777,0.0778682660958848,0.));
#2743=CARTESIAN_POINT('',(-0.0880456596335171,0.0778682660958848,0.));
#2744=CARTESIAN_POINT('',(-0.0887544889015566,0.0778682660958848,0.));
#2745=CARTESIAN_POINT('',(-0.0883871800841577,-0.00123573381582516,0.));
#2746=CARTESIAN_POINT('',(-0.0880198712667589,-0.0803397337275349,0.));
#2747=CARTESIAN_POINT('',(-0.0876783712667589,-0.0803397338158225,0.));
#2748=CARTESIAN_POINT('',(-0.0873368712667588,-0.08033973390411,0.));
#2749=CARTESIAN_POINT('',(-2.04506405906968E-08,-0.0800115429520487,0.));
#2750=CARTESIAN_POINT('',(0.0873368303654777,-0.0796833519999872,0.));
#2751=CARTESIAN_POINT('',(0.0873368508161182,-0.000579351999990124,0.));
#2752=CARTESIAN_POINT('',(-0.0772369975141128,-0.0102598773830726,0.));
#2753=CARTESIAN_POINT('',(-0.0787835111348497,-0.0106701158757514,0.));
#2754=CARTESIAN_POINT('',(-0.0787835111348497,-0.00984963889039372,0.));
#2755=CARTESIAN_POINT('',(-0.0787835111348497,-0.0102615429520487,0.));
#2756=CARTESIAN_POINT('',(-1.11022302462516E-16,5.01192918360566E-05,0.0064));
#2757=CARTESIAN_POINT('',(0.0760930024858871,-0.0687898773830726,0.0064));
#2758=CARTESIAN_POINT('',(0.0776930024858871,-0.0687898773830726,0.0064));
#2759=CARTESIAN_POINT('',(-0.0772369975141128,-0.0687898773830726,0.0064));
#2760=CARTESIAN_POINT('',(-0.0756369975141128,-0.0687898773830726,0.0064));
#2761=CARTESIAN_POINT('',(-0.0649516890213097,0.0745081526656819,0.0064));
#2762=CARTESIAN_POINT('',(-0.0633516890213097,0.0745081526656819,0.0064));
#2763=CARTESIAN_POINT('',(0.0595583109786902,0.0745381526656818,0.0064));
#2764=CARTESIAN_POINT('',(0.0611583109786902,0.0745381526656818,0.0064));
#2765=CARTESIAN_POINT('',(-0.0874211822234459,-0.0852575024268979,0.0064));
#2766=CARTESIAN_POINT('',(-0.0899211822234459,-0.0852575024268979,0.0064));
#2767=CARTESIAN_POINT('',(-0.087271,0.0831357809107208,0.0064));
#2768=CARTESIAN_POINT('',(-0.089771,0.0831357809107208,0.0064));
#2769=CARTESIAN_POINT('',(0.087271,0.0831357809107208,0.0064));
#2770=CARTESIAN_POINT('',(0.084771,0.0831357809107208,0.0064));
#2771=CARTESIAN_POINT('',(0.0874211822234459,-0.0852575024268979,0.0064));
#2772=CARTESIAN_POINT('',(0.0849211822234459,-0.0852575024268979,0.0064));
#2773=CARTESIAN_POINT('',(0.010944,-0.0166617164225208,0.0064));
#2774=CARTESIAN_POINT('',(0.010944,0.0025382835774792,0.0064));
#2775=CARTESIAN_POINT('',(0.010944,-0.0230617164225208,0.0064));
#2776=CARTESIAN_POINT('',(0.0301437555674249,0.0220583703127153,0.0064));
#2777=CARTESIAN_POINT('',(0.0493435111348497,0.0415784570479514,0.0064));
#2778=CARTESIAN_POINT('',(0.0640635111348497,0.0415784570479514,0.0064));
#2779=CARTESIAN_POINT('',(0.0787835111348497,0.0415784570479514,0.0064));
#2780=CARTESIAN_POINT('',(0.0787835111348497,-0.0102615429520487,0.0064));
#2781=CARTESIAN_POINT('',(0.0787835111348497,-0.0621015429520487,0.0064));
#2782=CARTESIAN_POINT('',(0.0640635111348497,-0.0621015429520487,0.0064));
#2783=CARTESIAN_POINT('',(0.0493435111348497,-0.0621015429520487,0.0064));
#2784=CARTESIAN_POINT('',(0.0301437555674249,-0.0425816296872847,0.0064));
#2785=CARTESIAN_POINT('',(-0.0640635111348497,-0.0621015429520487,0.0064));
#2786=CARTESIAN_POINT('',(-0.0787835111348497,-0.0621015429520487,0.0064));
#2787=CARTESIAN_POINT('',(-0.0493435111348497,-0.0621015429520487,0.0064));
#2788=CARTESIAN_POINT('',(-0.0787835111348497,-0.0102615429520487,0.0064));
#2789=CARTESIAN_POINT('',(-0.0787835111348497,0.0415784570479514,0.0064));
#2790=CARTESIAN_POINT('',(-0.0640635111348497,0.0415784570479514,0.0064));
#2791=CARTESIAN_POINT('',(-0.0493435111348497,0.0415784570479514,0.0064));
#2792=CARTESIAN_POINT('',(-0.0301437555674249,0.0220583703127153,0.0064));
#2793=CARTESIAN_POINT('',(-0.010944,0.0025382835774792,0.0064));
#2794=CARTESIAN_POINT('',(-0.010944,-0.0102617164225208,0.0064));
#2795=CARTESIAN_POINT('',(-0.010944,-0.0230617164225208,0.0064));
#2796=CARTESIAN_POINT('',(-0.0301437555674249,-0.0425816296872847,0.0064));
#2797=CARTESIAN_POINT('',(0.04992,0.0976484571282758,0.0064));
#2798=CARTESIAN_POINT('',(0.04992,0.0976484571282758,0.0064));
#2799=CARTESIAN_POINT('',(-0.04992,0.0976484571282758,0.0064));
#2800=CARTESIAN_POINT('',(-0.04992,0.0990561190194982,0.0064));
#2801=CARTESIAN_POINT('',(-0.04992,0.100463780910721,0.0064));
#2802=CARTESIAN_POINT('',(-0.08704,0.100463780910721,0.0064));
#2803=CARTESIAN_POINT('',(-0.0870404399630745,0.100464119088253,0.0064));
#2804=CARTESIAN_POINT('',(-0.087043999375,0.0904837809107208,0.0064));
#2805=CARTESIAN_POINT('',(-0.0970246762175551,0.0904837809107208,0.0064));
#2806=CARTESIAN_POINT('',(-0.0970246762175551,0.0904857809107208,0.0064));
#2807=CARTESIAN_POINT('',(-0.0970246762175551,0.0542597809107208,0.0064));
#2808=CARTESIAN_POINT('',(-0.098334614385491,0.0542597809107208,0.0064));
#2809=CARTESIAN_POINT('',(-0.0940139049885371,0.0542597809107208,0.0064));
#2810=CARTESIAN_POINT('',(-0.0940139049885371,-0.0404602190892792,0.0064));
#2811=CARTESIAN_POINT('',(-0.0940139049885371,-0.0404602190892792,0.0064));
#2812=CARTESIAN_POINT('',(-0.098480228770982,-0.0404602190892792,0.0064));
#2813=CARTESIAN_POINT('',(-0.097315904988537,-0.0404602190892792,0.0064));
#2814=CARTESIAN_POINT('',(-0.097315904988537,-0.0404602190892792,0.0064));
#2815=CARTESIAN_POINT('',(-0.0970307628133934,-0.1018687274859,0.0064));
#2816=CARTESIAN_POINT('',(-0.0998460865958386,-0.1018687274859,0.0064));
#2817=CARTESIAN_POINT('',(0.097030763075914,-0.101868699222999,0.0064));
#2818=CARTESIAN_POINT('',(0.0973159049885371,-0.0404602190892792,0.0064));
#2819=CARTESIAN_POINT('',(0.0973159049885371,-0.0404602190892792,0.0064));
#2820=CARTESIAN_POINT('',(0.098480228770982,-0.0404602190892792,0.0064));
#2821=CARTESIAN_POINT('',(0.0940139049885371,-0.0404602190892792,0.0064));
#2822=CARTESIAN_POINT('',(0.0940139049885371,-0.0404602190892792,0.0064));
#2823=CARTESIAN_POINT('',(0.0940139049885371,0.0542597809107208,0.0064));
#2824=CARTESIAN_POINT('',(0.098334614385491,0.0542597809107208,0.0064));
#2825=CARTESIAN_POINT('',(0.0970246762175551,0.0542597809107208,0.0064));
#2826=CARTESIAN_POINT('',(0.0970246762175551,0.0904857809107208,0.0064));
#2827=CARTESIAN_POINT('',(0.09702467628631,0.0904842208737953,0.0064));
#2828=CARTESIAN_POINT('',(0.087043999375,0.0904837809107208,0.0064));
#2829=CARTESIAN_POINT('',(0.08704,0.100464457128276,0.0064));
#2830=CARTESIAN_POINT('',(0.087042,0.100464457128276,0.0064));
#2831=CARTESIAN_POINT('',(0.04992,0.100464457128276,0.0064));
#2832=CARTESIAN_POINT('',(0.04992,0.101871780910721,0.0064));
#2833=CARTESIAN_POINT('',(0.099985614385504,-0.0718198810206639,0.0064));
#2834=CARTESIAN_POINT('',(0.0999853212810846,-0.0718830042860673,6.23357099160558E-05));
#2835=CARTESIAN_POINT('',(0.0998420651125714,-0.103179540552237,0.000367525899406));
#2836=CARTESIAN_POINT('',(0.099846086858359,-0.101868670960098,0.00036100000000001));
#2837=CARTESIAN_POINT('',(0.0998400000000259,-0.103179542952049,0.0064));
#2838=CARTESIAN_POINT('',(0.100131228770982,-0.0404602190892792,0.0064));
#2839=CARTESIAN_POINT('',(0.100131228770982,-0.0404602190892792,0.000360999999999986));
#2840=CARTESIAN_POINT('',(0.100131228770982,-0.0404602190892792,0.00036100000000001));
#2841=CARTESIAN_POINT('',(-0.0999856143854783,-0.0718198810206639,0.0064));
#2842=CARTESIAN_POINT('',(-0.0998399999999744,-0.103179542952049,0.0064));
#2843=CARTESIAN_POINT('',(-0.0998420647970879,-0.103179540552604,0.000367525618267879));
#2844=CARTESIAN_POINT('',(-0.0999853212810329,-0.0718830042916861,6.23351469081369E-05));
#2845=CARTESIAN_POINT('',(-0.0998460865958383,-0.1018687274859,0.000360999999999957));
#2846=CARTESIAN_POINT('',(-0.100131228770982,-0.0404602190892792,0.000360999999999957));
#2847=CARTESIAN_POINT('',(-0.100131228770982,-0.0404602190892792,0.000360999999999957));
#2848=CARTESIAN_POINT('',(-0.100131228770982,-0.0404602190892792,0.0064));
#2849=CARTESIAN_POINT('',(2.58681964737662E-14,-0.103179542952049,0.0064));
#2850=CARTESIAN_POINT('',(-0.0998399999999745,-0.103179542952049,0.00315150269092655));
#2851=CARTESIAN_POINT('',(-0.0985451810500953,-0.103179542952049,0.00315150269092655));
#2852=CARTESIAN_POINT('',(0.0985451813126159,-0.103179542952049,0.00315150269092655));
#2853=CARTESIAN_POINT('',(-0.079707626724389,-0.103179542952049,0.0435589298161101));
#2854=CARTESIAN_POINT('',(0.0797076269400505,-0.103179542952049,0.0435589299166253));
#2855=CARTESIAN_POINT('',(-0.0998430432979066,-0.102524135218974,0.00477575134546328));
#2856=CARTESIAN_POINT('',(-0.0981115841731833,-0.102804240094122,0.00408158808856326));
#2857=CARTESIAN_POINT('',(0.0666670014317166,-0.0755871578315803,0.0715316760483108));
#2858=CARTESIAN_POINT('',(-0.098480228770982,-0.0404602190892792,0.0064));
#2859=CARTESIAN_POINT('',(-0.0987235668797595,-0.0404602190892792,0.0033805));
#2860=CARTESIAN_POINT('',(-0.0954215668797596,-0.0404602190892792,0.0033805));
#2861=CARTESIAN_POINT('',(-0.096829228770982,-0.0404602190892792,0.000361));
#2862=CARTESIAN_POINT('',(-0.096829228770982,-0.0404602190892792,0.0064));
#2863=CARTESIAN_POINT('',(-0.04992,0.101871780910721,0.0064));
#2864=CARTESIAN_POINT('',(-0.04992,0.103279780910721,0.0064));
#2865=CARTESIAN_POINT('',(-0.04992,0.103279780910721,0.000361));
#2866=CARTESIAN_POINT('',(-0.04992,0.101871780910721,0.0033805));
#2867=CARTESIAN_POINT('',(-0.04992,0.0990561190194982,0.0033805));
#2868=CARTESIAN_POINT('',(-0.04992,0.100463780910721,0.000360999999999991));
#2869=CARTESIAN_POINT('',(-0.04992,0.100463780910721,0.0064));
#2870=CARTESIAN_POINT('',(-0.096829228770982,0.00689978091072075,0.0064));
#2871=CARTESIAN_POINT('',(-0.096829228770982,-0.0404602190892792,0.000361));
#2872=CARTESIAN_POINT('',(-0.096829228770982,0.0542597809107208,0.000361));
#2873=CARTESIAN_POINT('',(-0.096829228770982,0.0542597809107208,0.0064));
#2874=CARTESIAN_POINT('',(0.096829228770982,0.00689978091072075,0.0064));
#2875=CARTESIAN_POINT('',(0.096829228770982,-0.0404602190892792,0.00036100000000001));
#2876=CARTESIAN_POINT('',(0.096829228770982,-0.0404602190892792,0.00036100000000001));
#2877=CARTESIAN_POINT('',(0.096829228770982,0.0542597809107208,0.00036100000000001));
#2878=CARTESIAN_POINT('',(0.096829228770982,-0.0404602190892792,0.0064));
#2879=CARTESIAN_POINT('',(0.096829228770982,0.0542597809107208,0.0064));
#2880=CARTESIAN_POINT('',(0.06848,0.103279780910721,0.0064));
#2881=CARTESIAN_POINT('',(0.087042,0.103279780910721,0.000361));
#2882=CARTESIAN_POINT('',(0.08704,0.103279780910721,0.000361));
#2883=CARTESIAN_POINT('',(0.04992,0.103279780910721,0.000360999999999987));
#2884=CARTESIAN_POINT('',(0.08704,0.103279780910721,0.0064));
#2885=CARTESIAN_POINT('',(0.04992,0.103279780910721,0.0064));
#2886=CARTESIAN_POINT('',(0.04992,0.101871780910721,0.0064));
#2887=CARTESIAN_POINT('',(0.04992,0.101872119019498,0.0033805));
#2888=CARTESIAN_POINT('',(0.04992,0.100463780910721,0.0064));
#2889=CARTESIAN_POINT('',(0.04992,0.100463780910721,0.000360999999999991));
#2890=CARTESIAN_POINT('',(0.04992,0.0990561190194982,0.0033805));
#2891=CARTESIAN_POINT('',(0.098480228770982,-0.0404602190892792,0.0064));
#2892=CARTESIAN_POINT('',(0.0987235668797596,-0.0404602190892792,0.0033805));
#2893=CARTESIAN_POINT('',(0.0954215668797596,-0.0404602190892792,0.0033805));
#2894=CARTESIAN_POINT('',(0.098334614385491,0.0542597809107208,0.0064));
#2895=CARTESIAN_POINT('',(0.09984,0.0542597809107208,0.0064));
#2896=CARTESIAN_POINT('',(0.09984,0.0542597809107208,0.000361));
#2897=CARTESIAN_POINT('',(0.0984323381087776,0.0542597809107208,0.0033805));
#2898=CARTESIAN_POINT('',(0.0954215668797596,0.0542597809107208,0.0033805));
#2899=CARTESIAN_POINT('',(0.09984,0.0723717809107208,0.0064));
#2900=CARTESIAN_POINT('',(0.09984,0.0904837809107208,0.0064));
#2901=CARTESIAN_POINT('',(0.09984,0.0904837809107208,0.000361));
#2902=CARTESIAN_POINT('',(0.09984,0.0904857809107208,0.000361));
#2903=CARTESIAN_POINT('',(0.087043999375,0.0904837809107208,0.0064));
#2904=CARTESIAN_POINT('',(0.087043999375,0.0904837809107208,0.000361));
#2905=CARTESIAN_POINT('',(0.,0.100463780910721,0.0064));
#2906=CARTESIAN_POINT('',(0.04992,0.100463780910721,0.000360999999999991));
#2907=CARTESIAN_POINT('',(-0.06848,0.103279780910721,0.0064));
#2908=CARTESIAN_POINT('',(-0.08704,0.103279780910721,0.0064));
#2909=CARTESIAN_POINT('',(-0.08704,0.103279780910721,0.000361));
#2910=CARTESIAN_POINT('',(-0.08704,0.103279780910721,0.000361));
#2911=CARTESIAN_POINT('',(-0.087043999375,0.0904837809107208,0.0064));
#2912=CARTESIAN_POINT('',(-0.09984,0.0904837809107208,0.0064));
#2913=CARTESIAN_POINT('',(-0.09984,0.0904837809107208,0.000361));
#2914=CARTESIAN_POINT('',(-0.087043999375,0.0904837809107208,0.000361));
#2915=CARTESIAN_POINT('',(-0.09984,0.0723717809107208,0.0064));
#2916=CARTESIAN_POINT('',(-0.09984,0.0904857809107208,0.000361));
#2917=CARTESIAN_POINT('',(-0.09984,0.0542597809107208,0.000361));
#2918=CARTESIAN_POINT('',(-0.09984,0.0542597809107208,0.0064));
#2919=CARTESIAN_POINT('',(-0.098334614385491,0.0542597809107208,0.0064));
#2920=CARTESIAN_POINT('',(-0.0984323381087776,0.0542597809107208,0.0033805));
#2921=CARTESIAN_POINT('',(-0.0954215668797596,0.0542597809107208,0.0033805));
#2922=CARTESIAN_POINT('',(-0.0640635111348497,-0.0621015429520487,0.0064));
#2923=CARTESIAN_POINT('',(-0.0640635111348497,-0.0621015429520487,0.0032));
#2924=CARTESIAN_POINT('',(-0.0787835111348497,-0.0621015429520487,0.0032));
#2925=CARTESIAN_POINT('',(-0.0493435111348497,-0.0621015429520487,0.0032));
#2926=CARTESIAN_POINT('',(-0.0787835111348497,-0.0621015429520487,0.0064));
#2927=CARTESIAN_POINT('',(-0.0493435111348497,-0.0621015429520487,0.0064));
#2928=CARTESIAN_POINT('',(-0.0787835111348497,-0.0102615429520487,0.0064));
#2929=CARTESIAN_POINT('',(-0.0787835111348497,0.0415784570479514,0.0064));
#2930=CARTESIAN_POINT('',(-0.0787835111348497,0.0415784570479514,0.0032));
#2931=CARTESIAN_POINT('',(-0.0787835111348497,-0.0102615429520487,0.0032));
#2932=CARTESIAN_POINT('',(-0.0787835111348497,-0.0106701158757514,0.0032));
#2933=CARTESIAN_POINT('',(-0.0787835111348497,-0.0106701158757514,0.025));
#2934=CARTESIAN_POINT('',(-0.0787835111348497,-0.00984963889039372,0.025));
#2935=CARTESIAN_POINT('',(-0.0787835111348497,-0.00984963889039372,0.0032));
#2936=CARTESIAN_POINT('',(-0.0787835111348497,-0.0102615429520487,0.0032));
#2937=CARTESIAN_POINT('',(-0.0640635111348497,0.0415784570479514,0.0064));
#2938=CARTESIAN_POINT('',(-0.0640635111348497,0.0415784570479514,0.0032));
#2939=CARTESIAN_POINT('',(-0.0493435111348497,0.0415784570479514,0.0032));
#2940=CARTESIAN_POINT('',(-0.0493435111348497,0.0415784570479514,0.0064));
#2941=CARTESIAN_POINT('',(-0.0301437555674249,0.0220583703127153,0.0064));
#2942=CARTESIAN_POINT('',(-0.0301437555674249,0.0220583703127153,0.0032));
#2943=CARTESIAN_POINT('',(-0.010944,0.0025382835774792,0.0032));
#2944=CARTESIAN_POINT('',(-0.010944,0.0025382835774792,0.0064));
#2945=CARTESIAN_POINT('',(-0.010944,-0.0102617164225208,0.0064));
#2946=CARTESIAN_POINT('',(-0.010944,-0.0102617164225208,0.0032));
#2947=CARTESIAN_POINT('',(-0.010944,-0.0230617164225208,0.0032));
#2948=CARTESIAN_POINT('',(-0.010944,-0.0230617164225208,0.0064));
#2949=CARTESIAN_POINT('',(0.010944,-0.0166617164225208,0.0064));
#2950=CARTESIAN_POINT('',(0.010944,-0.00386171642252081,0.0032));
#2951=CARTESIAN_POINT('',(0.010944,0.0025382835774792,0.0032));
#2952=CARTESIAN_POINT('',(0.010944,-0.0230617164225208,0.0032));
#2953=CARTESIAN_POINT('',(0.010944,0.0025382835774792,0.0064));
#2954=CARTESIAN_POINT('',(0.010944,-0.0230617164225208,0.0064));
#2955=CARTESIAN_POINT('',(0.0301437555674249,0.0220583703127153,0.0064));
#2956=CARTESIAN_POINT('',(0.0301437555674249,0.0220583703127153,0.0032));
#2957=CARTESIAN_POINT('',(0.0493435111348497,0.0415784570479514,0.0032));
#2958=CARTESIAN_POINT('',(0.0493435111348497,0.0415784570479514,0.0064));
#2959=CARTESIAN_POINT('',(0.0640635111348497,0.0415784570479514,0.0064));
#2960=CARTESIAN_POINT('',(0.0640635111348497,0.0415784570479514,0.0032));
#2961=CARTESIAN_POINT('',(0.0787835111348497,0.0415784570479514,0.0032));
#2962=CARTESIAN_POINT('',(0.0787835111348497,0.0415784570479514,0.0064));
#2963=CARTESIAN_POINT('',(0.0787835111348497,-0.0102615429520487,0.0064));
#2964=CARTESIAN_POINT('',(0.0787835111348497,-0.0102615429520487,0.0032));
#2965=CARTESIAN_POINT('',(0.0787835111348497,-0.0621015429520487,0.0032));
#2966=CARTESIAN_POINT('',(0.0787835111348497,-0.0621015429520487,0.0064));
#2967=CARTESIAN_POINT('',(0.0640635111348497,-0.0621015429520487,0.0064));
#2968=CARTESIAN_POINT('',(0.0640635111348497,-0.0621015429520487,0.0032));
#2969=CARTESIAN_POINT('',(0.0493435111348497,-0.0621015429520487,0.0032));
#2970=CARTESIAN_POINT('',(0.0493435111348497,-0.0621015429520487,0.0064));
#2971=CARTESIAN_POINT('',(-0.0301437555674249,-0.0425816296872847,0.0064));
#2972=CARTESIAN_POINT('',(-0.0301437555674249,-0.0425816296872847,0.0032));
#2973=CARTESIAN_POINT('',(0.0301437555674249,-0.0425816296872847,0.0064));
#2974=CARTESIAN_POINT('',(0.0301437555674249,-0.0425816296872847,0.0032));
#2975=CARTESIAN_POINT('',(0.031255,-0.0102617164225208,0.0032));
#2976=CARTESIAN_POINT('',(0.031255,-0.00426171642252079,0.0032));
#2977=CARTESIAN_POINT('',(0.031255,-0.00426171642252079,0.0032));
#2978=CARTESIAN_POINT('',(0.031255,-0.0102617164225208,0.0032));
#2979=CARTESIAN_POINT('',(0.031255,-0.0162617164225208,0.0032));
#2980=CARTESIAN_POINT('',(0.031255,-0.0162617164225208,0.0032));
#2981=CARTESIAN_POINT('',(0.033175,-0.00426171642252079,0.0032));
#2982=CARTESIAN_POINT('',(0.035095,-0.00426171642252079,0.0032));
#2983=CARTESIAN_POINT('',(0.035095,-0.00426171642252079,0.0032));
#2984=CARTESIAN_POINT('',(0.033175,-0.00426171642252079,0.0032));
#2985=CARTESIAN_POINT('',(0.035095,-0.0102617164225208,0.0032));
#2986=CARTESIAN_POINT('',(0.035095,-0.0162617164225208,0.0032));
#2987=CARTESIAN_POINT('',(0.035095,-0.0162617164225208,0.0032));
#2988=CARTESIAN_POINT('',(0.035095,-0.0102617164225208,0.0032));
#2989=CARTESIAN_POINT('',(0.033175,-0.0162617164225208,0.0032));
#2990=CARTESIAN_POINT('',(0.033175,-0.0162617164225208,0.0032));
#2991=CARTESIAN_POINT('',(0.025738,0.000505815471992816,0.0032));
#2992=CARTESIAN_POINT('',(0.025738,0.000505815471992816,0.0032));
#2993=CARTESIAN_POINT('',(0.027338,0.000505815471992816,0.0032));
#2994=CARTESIAN_POINT('',(0.025738,-0.0206141845280072,0.0032));
#2995=CARTESIAN_POINT('',(0.025738,-0.0206141845280072,0.0032));
#2996=CARTESIAN_POINT('',(0.027338,-0.0206141845280072,0.0032));
#2997=CARTESIAN_POINT('',(0.0639895111348497,0.0271144570479514,0.0032));
#2998=CARTESIAN_POINT('',(0.0639895111348497,0.0271144570479514,0.0032));
#2999=CARTESIAN_POINT('',(0.0655895111348497,0.0271144570479514,0.0032));
#3000=CARTESIAN_POINT('',(0.0639895111348497,-0.0476375429520487,0.0032));
#3001=CARTESIAN_POINT('',(0.0639895111348497,-0.0476375429520487,0.0032));
#3002=CARTESIAN_POINT('',(0.0655895111348497,-0.0476375429520487,0.0032));
#3003=CARTESIAN_POINT('',(0.0594783109786901,-0.00193184733431821,0.0032));
#3004=CARTESIAN_POINT('',(0.0594783109786901,-0.00193184733431821,0.0032));
#3005=CARTESIAN_POINT('',(0.0610783109786901,-0.00193184733431821,0.0032));
#3006=CARTESIAN_POINT('',(-1.11022302462516E-16,5.01192918360566E-05,0.0032));
#3007=CARTESIAN_POINT('',(0.0760930024858871,-0.0102598773830726,0.0032));
#3008=CARTESIAN_POINT('',(0.0776930024858871,-0.0102598773830726,0.0032));
#3009=CARTESIAN_POINT('',(-0.031255,-0.0102617164225208,0.0032));
#3010=CARTESIAN_POINT('',(-0.031255,-0.0162617164225208,0.0032));
#3011=CARTESIAN_POINT('',(-0.031255,-0.0162617164225208,0.0032));
#3012=CARTESIAN_POINT('',(-0.031255,-0.0102617164225208,0.0032));
#3013=CARTESIAN_POINT('',(-0.031255,-0.00426171642252079,0.0032));
#3014=CARTESIAN_POINT('',(-0.031255,-0.00426171642252079,0.0032));
#3015=CARTESIAN_POINT('',(-0.033175,-0.0162617164225208,0.0032));
#3016=CARTESIAN_POINT('',(-0.035095,-0.0162617164225208,0.0032));
#3017=CARTESIAN_POINT('',(-0.035095,-0.0162617164225208,0.0032));
#3018=CARTESIAN_POINT('',(-0.033175,-0.0162617164225208,0.0032));
#3019=CARTESIAN_POINT('',(-0.035095,-0.0102617164225208,0.0032));
#3020=CARTESIAN_POINT('',(-0.035095,-0.00426171642252079,0.0032));
#3021=CARTESIAN_POINT('',(-0.035095,-0.00426171642252079,0.0032));
#3022=CARTESIAN_POINT('',(-0.035095,-0.0102617164225208,0.0032));
#3023=CARTESIAN_POINT('',(-0.025738,0.000505815471992816,0.0032));
#3024=CARTESIAN_POINT('',(-0.025738,0.000505815471992816,0.0032));
#3025=CARTESIAN_POINT('',(-0.024138,0.000505815471992816,0.0032));
#3026=CARTESIAN_POINT('',(-0.0639895111348497,0.0271144570479514,0.0032));
#3027=CARTESIAN_POINT('',(-0.0639895111348497,0.0271144570479514,0.0032));
#3028=CARTESIAN_POINT('',(-0.0623895111348497,0.0271144570479514,0.0032));
#3029=CARTESIAN_POINT('',(-0.0648716890213098,-0.00192184733431814,0.0032));
#3030=CARTESIAN_POINT('',(-0.0648716890213098,-0.00192184733431814,0.0032));
#3031=CARTESIAN_POINT('',(-0.0632716890213098,-0.00192184733431814,0.0032));
#3032=CARTESIAN_POINT('',(-0.0639895111348497,-0.0476375429520487,0.0032));
#3033=CARTESIAN_POINT('',(-0.0639895111348497,-0.0476375429520487,0.0032));
#3034=CARTESIAN_POINT('',(-0.0623895111348497,-0.0476375429520487,0.0032));
#3035=CARTESIAN_POINT('',(-0.025738,-0.0206141845280072,0.0032));
#3036=CARTESIAN_POINT('',(-0.025738,-0.0206141845280072,0.0032));
#3037=CARTESIAN_POINT('',(-0.024138,-0.0206141845280072,0.0032));
#3038=CARTESIAN_POINT('',(-0.033175,-0.00426171642252079,0.0032));
#3039=CARTESIAN_POINT('',(-0.033175,-0.00426171642252079,0.0032));
#3040=CARTESIAN_POINT('',(-1.11022302462516E-16,5.01192918360566E-05,0.0032));
#3041=CARTESIAN_POINT('',(-0.0772369975141128,-0.0102598773830726,0.0032));
#3042=CARTESIAN_POINT('',(-0.0984323381087776,0.0904857809107208,0.0033805));
#3043=CARTESIAN_POINT('',(-0.0984323381087776,0.0904837809107208,0.0033805));
#3044=CARTESIAN_POINT('',(0.0984323381087776,0.0904857809107208,0.0033805));
#3045=CARTESIAN_POINT('',(0.0984323381087776,0.0904837809107208,0.0033805));
#3046=CARTESIAN_POINT('',(0.087042,0.101872119019498,0.0033805));
#3047=CARTESIAN_POINT('',(0.08704,0.101872119019498,0.0033805));
#3048=CARTESIAN_POINT('',(0.0954215668797596,-0.0404602190892792,0.0033805));
#3049=CARTESIAN_POINT('',(-0.0954215668797596,-0.0404602190892792,0.0033805));
#3050=CARTESIAN_POINT('',(0.0870439998449184,0.0904837813268062,0.00553728658577583));
#3051=CARTESIAN_POINT('',(-0.08704,0.101871780910721,0.0033805));
#3052=CARTESIAN_POINT('',(-0.08704,0.101871780910721,0.0033805));
#3053=CARTESIAN_POINT('',(-0.087043999375,0.0904837809107208,0.0064));
#3054=CARTESIAN_POINT('',(0.0874211822234459,-0.0852575024268979,0.0064));
#3055=CARTESIAN_POINT('',(0.0874211822234459,-0.0852575024268979,0.0044));
#3056=CARTESIAN_POINT('',(0.0858211822234459,-0.0852575024268979,0.0044));
#3057=CARTESIAN_POINT('',(0.0899211822234459,-0.0852575024268979,0.0044));
#3058=CARTESIAN_POINT('',(0.0874211822234459,-0.0852575024268979,0.0044));
#3059=CARTESIAN_POINT('',(0.0849211822234459,-0.0852575024268979,0.0044));
#3060=CARTESIAN_POINT('',(0.0874211822234459,-0.0852575024268979,0.0064));
#3061=CARTESIAN_POINT('',(0.087271,0.0831357809107208,0.0064));
#3062=CARTESIAN_POINT('',(0.087271,0.0831357809107208,0.0044));
#3063=CARTESIAN_POINT('',(0.085671,0.0831357809107208,0.0044));
#3064=CARTESIAN_POINT('',(0.089771,0.0831357809107208,0.0044));
#3065=CARTESIAN_POINT('',(0.087271,0.0831357809107208,0.0044));
#3066=CARTESIAN_POINT('',(0.084771,0.0831357809107208,0.0044));
#3067=CARTESIAN_POINT('',(0.087271,0.0831357809107208,0.0064));
#3068=CARTESIAN_POINT('',(-0.087271,0.0831357809107208,0.0064));
#3069=CARTESIAN_POINT('',(-0.087271,0.0831357809107208,0.0044));
#3070=CARTESIAN_POINT('',(-0.088871,0.0831357809107208,0.0044));
#3071=CARTESIAN_POINT('',(-0.084771,0.0831357809107208,0.0044));
#3072=CARTESIAN_POINT('',(-0.087271,0.0831357809107208,0.0044));
#3073=CARTESIAN_POINT('',(-0.089771,0.0831357809107208,0.0044));
#3074=CARTESIAN_POINT('',(-0.087271,0.0831357809107208,0.0064));
#3075=CARTESIAN_POINT('',(-0.0874211822234459,-0.0852575024268979,0.0064));
#3076=CARTESIAN_POINT('',(-0.0874211822234459,-0.0852575024268979,0.0044));
#3077=CARTESIAN_POINT('',(-0.0890211822234459,-0.0852575024268979,0.0044));
#3078=CARTESIAN_POINT('',(-0.0849211822234459,-0.0852575024268979,0.0044));
#3079=CARTESIAN_POINT('',(-0.0874211822234459,-0.0852575024268979,0.0044));
#3080=CARTESIAN_POINT('',(-0.0899211822234459,-0.0852575024268979,0.0044));
#3081=CARTESIAN_POINT('',(-0.0874211822234459,-0.0852575024268979,0.0064));
#3082=CARTESIAN_POINT('',(0.081960871266759,0.0785246493898567,0.004096));
#3083=CARTESIAN_POINT('',(0.0873368712667588,0.0785246480000074,0.004096));
#3084=CARTESIAN_POINT('',(0.0873368712667588,0.0785246480000074,0.004096));
#3085=CARTESIAN_POINT('',(0.081960871266759,0.0785246493898567,0.004096));
#3086=CARTESIAN_POINT('',(0.0765848712667592,0.0785246507797061,0.004096));
#3087=CARTESIAN_POINT('',(0.0765848712667592,0.0785246507797061,0.004096));
#3088=CARTESIAN_POINT('',(0.0765848712667592,0.0763486507797061,0.004096));
#3089=CARTESIAN_POINT('',(0.0765848712667592,0.0763486507797061,0.004096));
#3090=CARTESIAN_POINT('',(0.0765848712667592,0.0741726507797061,0.004096));
#3091=CARTESIAN_POINT('',(0.0765848712667592,0.0741726507797061,0.004096));
#3092=CARTESIAN_POINT('',(0.0797848707042012,0.0741726507797061,0.004096));
#3093=CARTESIAN_POINT('',(0.0797848707042012,0.0741726507797061,0.004096));
#3094=CARTESIAN_POINT('',(0.0829848701416432,0.0741726507797061,0.004096));
#3095=CARTESIAN_POINT('',(0.0829848701416432,0.0741726507797061,0.004096));
#3096=CARTESIAN_POINT('',(0.0829848508137878,-0.000588365569789785,0.004096));
#3097=CARTESIAN_POINT('',(0.0829848508137878,-0.000588365569789785,0.004096));
#3098=CARTESIAN_POINT('',(0.0829848314859325,-0.0753493819192857,0.004096));
#3099=CARTESIAN_POINT('',(0.0829848314859325,-0.0753493819192857,0.004096));
#3100=CARTESIAN_POINT('',(-0.000351628337862612,-0.0756625403608304,0.004096));
#3101=CARTESIAN_POINT('',(-0.000351628337862612,-0.0756625403608304,0.004096));
#3102=CARTESIAN_POINT('',(-0.0836880881616577,-0.0759756988023751,0.004096));
#3103=CARTESIAN_POINT('',(-0.0836880881616577,-0.0759756988023751,0.004096));
#3104=CARTESIAN_POINT('',(-0.0840359114470729,-0.00106812284594316,0.004096));
#3105=CARTESIAN_POINT('',(-0.0840359114470729,-0.00106812284594316,0.004096));
#3106=CARTESIAN_POINT('',(-0.084383734732488,0.0738394531104888,0.004096));
#3107=CARTESIAN_POINT('',(-0.084383734732488,0.0738394531104888,0.004096));
#3108=CARTESIAN_POINT('',(-0.0806612008905719,0.0738394531104888,0.004096));
#3109=CARTESIAN_POINT('',(-0.0806612008905719,0.0738394531104888,0.004096));
#3110=CARTESIAN_POINT('',(-0.0769386670486557,0.0738394531104888,0.004096));
#3111=CARTESIAN_POINT('',(-0.0769386670486557,0.0738394531104888,0.004096));
#3112=CARTESIAN_POINT('',(-0.0769386670486557,0.0760171124806616,0.004096));
#3113=CARTESIAN_POINT('',(-0.0769386670486557,0.0760171124806616,0.004096));
#3114=CARTESIAN_POINT('',(-0.0769386670486557,0.0781947718508344,0.004096));
#3115=CARTESIAN_POINT('',(-0.0769386670486557,0.0781947718508344,0.004096));
#3116=CARTESIAN_POINT('',(-0.0821377487070667,0.0780315189733595,0.004096));
#3117=CARTESIAN_POINT('',(-0.0821377487070667,0.0780315189733595,0.004096));
#3118=CARTESIAN_POINT('',(-0.0873368303654777,0.0778682660958848,0.004096));
#3119=CARTESIAN_POINT('',(-0.0873368303654777,0.0778682660958848,0.004096));
#3120=CARTESIAN_POINT('',(-0.0880456596335171,0.0778682660958848,0.004096));
#3121=CARTESIAN_POINT('',(-0.0880456596335171,0.0778682660958848,0.004096));
#3122=CARTESIAN_POINT('',(-0.0887544889015566,0.0778682660958848,0.004096));
#3123=CARTESIAN_POINT('',(-0.0887544889015566,0.0778682660958848,0.004096));
#3124=CARTESIAN_POINT('',(-0.0883871800841577,-0.00123573381582516,0.004096));
#3125=CARTESIAN_POINT('',(-0.0883871800841577,-0.00123573381582516,0.004096));
#3126=CARTESIAN_POINT('',(-0.0880198712667589,-0.0803397337275349,0.004096));
#3127=CARTESIAN_POINT('',(-0.0880198712667589,-0.0803397337275349,0.004096));
#3128=CARTESIAN_POINT('',(-0.0876783712667589,-0.0803397338158225,0.004096));
#3129=CARTESIAN_POINT('',(-0.0876783712667589,-0.0803397338158225,0.004096));
#3130=CARTESIAN_POINT('',(-0.0873368712667588,-0.08033973390411,0.004096));
#3131=CARTESIAN_POINT('',(-0.0873368712667588,-0.08033973390411,0.004096));
#3132=CARTESIAN_POINT('',(-2.04506405906968E-08,-0.0800115429520487,0.004096));
#3133=CARTESIAN_POINT('',(-2.04506405906968E-08,-0.0800115429520487,0.004096));
#3134=CARTESIAN_POINT('',(0.0873368303654777,-0.0796833519999872,0.004096));
#3135=CARTESIAN_POINT('',(0.0873368303654777,-0.0796833519999872,0.004096));
#3136=CARTESIAN_POINT('',(0.0873368508161182,-0.000579351999990124,0.004096));
#3137=CARTESIAN_POINT('',(0.0873368508161182,-0.000579351999990124,0.004096));
#3138=CARTESIAN_POINT('',(2.77555756156289E-17,5.01192918360566E-05,0.004096));
#3139=CARTESIAN_POINT('',(0.0987235668797596,-0.0404602190892792,0.0033805));
#3140=CARTESIAN_POINT('',(0.0984384249671365,-0.101868670960098,0.0033805));
#3141=CARTESIAN_POINT('',(-0.0987235668797595,-0.0404602190892792,0.0033805));
#3142=CARTESIAN_POINT('',(-0.0984384247046158,-0.1018687274859,0.0033805));
#3143=CARTESIAN_POINT('',(0.0984384249671365,-0.126868670960098,0.0033805));
#3144=CARTESIAN_POINT('',(-0.0984384247046158,-0.1268687274859,0.0033805));
#3145=CARTESIAN_POINT('',(0.0595583109786902,0.0745381526656818,0.025));
#3146=CARTESIAN_POINT('',(-0.0649516890213097,0.0745081526656819,0.025));
#3147=CARTESIAN_POINT('',(-0.0772369975141128,-0.0687898773830726,0.025));
#3148=CARTESIAN_POINT('',(0.0760930024858871,-0.0687898773830726,0.025));
#3149=CARTESIAN_POINT('',(0.04992,0.0990561190194982,0.0033805));
#3150=CARTESIAN_POINT('',(-0.0772369975141128,-0.0102598773830726,0.025));
#3151=CARTESIAN_POINT('',(0.0760930024858871,-0.0102598773830726,0.025));
#3152=CARTESIAN_POINT('',(-0.0770484709176314,0.00338002810117909,0.003));
#3153=CARTESIAN_POINT('',(-0.0785484709176314,0.00338002810117909,0.003));
#3154=CARTESIAN_POINT('',(-0.0770484709176314,0.00338002810117909,0.003));
#3155=CARTESIAN_POINT('',(-0.0785484709176314,0.00338002810117909,0.));
#3156=CARTESIAN_POINT('',(0.0796044914933932,0.00338002810117903,0.003));
#3157=CARTESIAN_POINT('',(0.0781044914933932,0.00338002810117903,0.003));
#3158=CARTESIAN_POINT('',(0.0796044914933932,0.00338002810117903,0.003));
#3159=CARTESIAN_POINT('',(0.0781044914933932,0.00338002810117903,0.));
#3160=MECHANICAL_DESIGN_GEOMETRIC_PRESENTATION_REPRESENTATION('',(#1941),#3161);
#3161=(
GEOMETRIC_REPRESENTATION_CONTEXT(3)
GLOBAL_UNCERTAINTY_ASSIGNED_CONTEXT((#3162))
GLOBAL_UNIT_ASSIGNED_CONTEXT((#3165,#3164,#3163))
REPRESENTATION_CONTEXT('Part 1','TOP_LEVEL_ASSEMBLY_PART')
);
#3162=UNCERTAINTY_MEASURE_WITH_UNIT(LENGTH_MEASURE(5.12575562451548E-05),#3165,'DISTANCE_ACCURACY_VALUE','Maximum Tolerance applied to model');
#3163=(
NAMED_UNIT(*)
SI_UNIT($,.STERADIAN.)
SOLID_ANGLE_UNIT()
);
#3164=(
NAMED_UNIT(*)
PLANE_ANGLE_UNIT()
SI_UNIT($,.RADIAN.)
);
#3165=(
LENGTH_UNIT()
NAMED_UNIT(*)
SI_UNIT($,.METRE.)
);
#3166=PRODUCT_DEFINITION_SHAPE('','',#3167);
#3167=PRODUCT_DEFINITION('','',#3169,#3168);
#3168=PRODUCT_DEFINITION_CONTEXT('',#3175,'design');
#3169=PRODUCT_DEFINITION_FORMATION_WITH_SPECIFIED_SOURCE('','',#3171,.NOT_KNOWN.);
#3170=PRODUCT_RELATED_PRODUCT_CATEGORY('','',(#3171));
#3171=PRODUCT('Part 1','Part 1','Part 1',(#3173));
#3172=PRODUCT_CATEGORY('','');
#3173=PRODUCT_CONTEXT('',#3175,'mechanical');
#3174=APPLICATION_PROTOCOL_DEFINITION('international standard','ap242_managed_model_based_3d_engineering',2020,#3175);
#3175=APPLICATION_CONTEXT('managed model based 3d engineering');
#3176=COMPOSITE_SHAPE_ASPECT('hole_callout.F4vFKnqcfQ607De_1.JJD.0',$,#3166,$);
#3177=SHAPE_ASPECT('hole_callout.F4vFKnqcfQ607De_1.JJD.0',$,#3166,.T.);
#3178=GEOMETRIC_ITEM_SPECIFIC_USAGE('','',#3177,#11,#1939);
#3179=SHAPE_ASPECT_RELATIONSHIP('','',#3176,#3177);
#3180=SHAPE_ASPECT('hole_callout.F4vFKnqcfQ607De_1.JJD.0',$,#3166,.T.);
#3181=GEOMETRIC_ITEM_SPECIFIC_USAGE('','',#3180,#11,#1938);
#3182=SHAPE_ASPECT_RELATIONSHIP('','',#3176,#3180);
#3183=SHAPE_ASPECT('hole_callout.F4vFKnqcfQ607De_1.JJD.0',$,#3166,.T.);
#3184=GEOMETRIC_ITEM_SPECIFIC_USAGE('','',#3183,#11,#1937);
#3185=SHAPE_ASPECT_RELATIONSHIP('','',#3176,#3183);
#3186=SHAPE_ASPECT('hole_callout.F4vFKnqcfQ607De_1.JJD.0',$,#3166,.T.);
#3187=GEOMETRIC_ITEM_SPECIFIC_USAGE('','',#3186,#11,#1936);
#3188=SHAPE_ASPECT_RELATIONSHIP('','',#3176,#3186);
#3189=DIMENSIONAL_SIZE(#3176,'depth');
#3190=(
LENGTH_UNIT()
NAMED_UNIT(*)
SI_UNIT(.MILLI.,.METRE.)
);
#3192=PRECISION_QUALIFIER(3);
#3191=(
LENGTH_MEASURE_WITH_UNIT()
MEASURE_REPRESENTATION_ITEM()
MEASURE_WITH_UNIT(POSITIVE_LENGTH_MEASURE(3.),#3190)
QUALIFIED_REPRESENTATION_ITEM((#3192))
REPRESENTATION_ITEM('nominal value')
);
#3193=COMPOUND_REPRESENTATION_ITEM('modifiers',SET_REPRESENTATION_ITEM((#3194)));
#3194=DESCRIPTIVE_REPRESENTATION_ITEM('dimensional note','depth');
#3195=SHAPE_DIMENSION_REPRESENTATION('',(#3191,#3193),#3161);
#3196=DIMENSIONAL_CHARACTERISTIC_REPRESENTATION(#3189,#3195);
#3197=DIMENSIONAL_SIZE(#3176,'diameter');
#3198=(
LENGTH_UNIT()
NAMED_UNIT(*)
SI_UNIT(.MILLI.,.METRE.)
);
#3200=PRECISION_QUALIFIER(3);
#3199=(
LENGTH_MEASURE_WITH_UNIT()
MEASURE_REPRESENTATION_ITEM()
MEASURE_WITH_UNIT(POSITIVE_LENGTH_MEASURE(3.),#3198)
QUALIFIED_REPRESENTATION_ITEM((#3200))
REPRESENTATION_ITEM('nominal value')
);
#3201=COMPOUND_REPRESENTATION_ITEM('modifiers',SET_REPRESENTATION_ITEM((#3202)));
#3202=DESCRIPTIVE_REPRESENTATION_ITEM('dimensional note','diameter');
#3203=SHAPE_DIMENSION_REPRESENTATION('',(#3199,#3201),#3161);
#3204=DIMENSIONAL_CHARACTERISTIC_REPRESENTATION(#3197,#3203);
#3205=PRESENTATION_STYLE_ASSIGNMENT((NULL_STYLE(.NULL.)));
#3206=CARTESIAN_POINT('',(0.0781044914933932,0.00338002810117904,0.));
#3207=DIRECTION('',(0.,0.,-1.));
#3208=DIRECTION('',(1.,0.,0.));
#3209=AXIS2_PLACEMENT_3D('',#3206,#3207,#3208);
#3210=PLANE('',#3209);
#3211=ANNOTATION_PLANE('',(#3205),#3210,(#3238));
#3212=CARTESIAN_POINT('',(0.,0.,0.));
#3213=DIRECTION('',(0.,0.,1.));
#3214=DIRECTION('',(1.,0.,0.));
#3215=AXIS2_PLACEMENT_3D('',#3212,#3213,#3214);
#3216=CARTESIAN_POINT('',(0.,0.,0.));
#3217=DIRECTION('',(0.,0.,1.));
#3218=DIRECTION('',(1.,0.,0.));
#3219=AXIS2_PLACEMENT_3D('',#3216,#3217,#3218);
#3220=SHAPE_REPRESENTATION('',(#3219,#1949),#3161);
#3221=REPRESENTATION_MAP(#3215,#3220);
#3222=MAPPED_ITEM('',#3221,#3215);
#3223=PRESENTATION_STYLE_ASSIGNMENT((NULL_STYLE(.NULL.)));
#3224=STYLED_ITEM('',(#3223),#3222);
#3225=DRAUGHTING_MODEL('',(#3211,#3215,#3222,#3224,#3310,#3314,#3321,#3323),#3161);
#3226=DRAUGHTING_PRE_DEFINED_CURVE_FONT('continuous');
#3227=COLOUR_RGB('',0.,0.,0.);
#3228=CURVE_STYLE('',#3226,POSITIVE_LENGTH_MEASURE(0.02),#3227);
#3229=PRESENTATION_STYLE_ASSIGNMENT((#3228));
#3230=COORDINATES_LIST('coordinates',1716,((0.0791652,0.0023194,0.),(0.0805794,-0.0005091,0.),(0.0819936,0.0009052,0.),(0.0898812,-0.0048644,0.),(0.0899782,-0.0048237,0.),(0.0900762,-0.0047884,0.),(0.0898812,-0.0048644,0.),(0.0900762,-0.0047884,0.),(0.0901752,-0.0047586,0.),(0.0898812,-0.0048644,0.),(0.0901752,-0.0047586,0.),(0.0902751,-0.0047342,0.),(0.0898812,-0.0048644,0.),(0.0902751,-0.0047342,0.),(0.0903760,-0.0047152,0.),(0.0898812,-0.0048644,0.),(0.0903760,-0.0047152,0.),(0.0904779,-0.0047016,0.),(0.0898812,-0.0048644,0.),(0.0904779,-0.0047016,0.),(0.0905807,-0.0046935,0.),(0.0898812,-0.0048644,0.),(0.0905807,-0.0046935,0.),(0.0906845,-0.0046908,0.),(0.0898812,-0.0048644,0.),(0.0906845,-0.0046908,0.),(0.0908202,-0.0046951,0.),(0.0898812,-0.0048644,0.),(0.0908202,-0.0046951,0.),(0.0909535,-0.0047081,0.),(0.0898812,-0.0048644,0.),(0.0909535,-0.0047081,0.),(0.0910842,-0.0047296,0.),(0.0898812,-0.0048644,0.),(0.0910842,-0.0047296,0.),(0.0912123,-0.0047599,0.),(0.0898812,-0.0048644,0.),(0.0912123,-0.0047599,0.),(0.0913379,-0.0047987,0.),(0.0898812,-0.0048644,0.),(0.0913379,-0.0047987,0.),(0.0914609,-0.0048462,0.),(0.0898812,-0.0048644,0.),(0.0914609,-0.0048462,0.),(0.0915814,-0.0049023,0.),(0.0898812,-0.0048644,0.),(0.0915814,-0.0049023,0.),(0.0916994,-0.0049670,0.),(0.0898812,-0.0048644,0.),(0.0916994,-0.0049670,0.),(0.0918130,-0.0050394,0.),(0.0898812,-0.0048644,0.),(0.0918130,-0.0050394,0.),(0.0919203,-0.0051180,0.),(0.0898812,-0.0048644,0.),(0.0919203,-0.0051180,0.),(0.0920215,-0.0052027,0.),(0.0898812,-0.0048644,0.),(0.0920215,-0.0052027,0.),(0.0921164,-0.0052935,0.),(0.0898812,-0.0048644,0.),(0.0921164,-0.0052935,0.),(0.0922051,-0.0053905,0.),(0.0922051,-0.0053905,0.),(0.0922876,-0.0054937,0.),(0.0923638,-0.0056030,0.),(0.0922051,-0.0053905,0.),(0.0923638,-0.0056030,0.),(0.0924339,-0.0057184,0.),(0.0922051,-0.0053905,0.),(0.0924339,-0.0057184,0.),(0.0924969,-0.0058382,0.),(0.0922051,-0.0053905,0.),(0.0924969,-0.0058382,0.),(0.0925515,-0.0059605,0.),(0.0922051,-0.0053905,0.),(0.0925515,-0.0059605,0.),(0.0925977,-0.0060852,0.),(0.0922051,-0.0053905,0.),(0.0925977,-0.0060852,0.),(0.0926355,-0.0062124,0.),(0.0922051,-0.0053905,0.),(0.0926355,-0.0062124,0.),(0.0926649,-0.0063421,0.),(0.0922051,-0.0053905,0.),(0.0926649,-0.0063421,0.),(0.0926859,-0.0064743,0.),(0.0922051,-0.0053905,0.),(0.0926859,-0.0064743,0.),(0.0926985,-0.0066089,0.),(0.0922051,-0.0053905,0.),(0.0926985,-0.0066089,0.),(0.0927027,-0.0067461,0.),(0.0922051,-0.0053905,0.),(0.0927027,-0.0067461,0.),(0.0926985,-0.0068777,0.),(0.0922051,-0.0053905,0.),(0.0926985,-0.0068777,0.),(0.0926859,-0.0070085,0.),(0.0922051,-0.0053905,0.),(0.0926859,-0.0070085,0.),(0.0926649,-0.0071386,0.),(0.0922051,-0.0053905,0.),(0.0926649,-0.0071386,0.),(0.0926355,-0.0072678,0.),(0.0922051,-0.0053905,0.),(0.0926355,-0.0072678,0.),(0.0925977,-0.0073963,0.),(0.0922051,-0.0053905,0.),(0.0925977,-0.0073963,0.),(0.0925515,-0.0075240,0.),(0.0925515,-0.0075240,0.),(0.0921597,-0.0073825,0.),(0.0921963,-0.0072846,0.),(0.0925515,-0.0075240,0.),(0.0921963,-0.0072846,0.),(0.0922262,-0.0071834,0.),(0.0925515,-0.0075240,0.),(0.0922262,-0.0071834,0.),(0.0922494,-0.0070790,0.),(0.0925515,-0.0075240,0.),(0.0922494,-0.0070790,0.),(0.0922661,-0.0069713,0.),(0.0925515,-0.0075240,0.),(0.0922661,-0.0069713,0.),(0.0922760,-0.0068603,0.),(0.0925515,-0.0075240,0.),(0.0922760,-0.0068603,0.),(0.0922794,-0.0067461,0.),(0.0925515,-0.0075240,0.),(0.0922794,-0.0067461,0.),(0.0922760,-0.0066360,0.),(0.0922051,-0.0053905,0.),(0.0925515,-0.0075240,0.),(0.0922760,-0.0066360,0.),(0.0922051,-0.0053905,0.),(0.0922760,-0.0066360,0.),(0.0922659,-0.0065282,0.),(0.0922051,-0.0053905,0.),(0.0922659,-0.0065282,0.),(0.0922491,-0.0064225,0.),(0.0922051,-0.0053905,0.),(0.0922491,-0.0064225,0.),(0.0922256,-0.0063190,0.),(0.0922051,-0.0053905,0.),(0.0922256,-0.0063190,0.),(0.0921954,-0.0062177,0.),(0.0922051,-0.0053905,0.),(0.0921954,-0.0062177,0.),(0.0921585,-0.0061186,0.),(0.0922051,-0.0053905,0.),(0.0921585,-0.0061186,0.),(0.0921149,-0.0060217,0.),(0.0922051,-0.0053905,0.),(0.0921149,-0.0060217,0.),(0.0920645,-0.0059269,0.),(0.0922051,-0.0053905,0.),(0.0920645,-0.0059269,0.),(0.0920087,-0.0058357,0.),(0.0922051,-0.0053905,0.),(0.0920087,-0.0058357,0.),(0.0919480,-0.0057494,0.),(0.0922051,-0.0053905,0.),(0.0919480,-0.0057494,0.),(0.0918826,-0.0056680,0.),(0.0922051,-0.0053905,0.),(0.0918826,-0.0056680,0.),(0.0918124,-0.0055914,0.),(0.0922051,-0.0053905,0.),(0.0918124,-0.0055914,0.),(0.0917373,-0.0055198,0.),(0.0922051,-0.0053905,0.),(0.0917373,-0.0055198,0.),(0.0916575,-0.0054531,0.),(0.0922051,-0.0053905,0.),(0.0916575,-0.0054531,0.),(0.0915729,-0.0053912,0.),(0.0922051,-0.0053905,0.),(0.0915729,-0.0053912,0.),(0.0914835,-0.0053343,0.),(0.0922051,-0.0053905,0.),(0.0914835,-0.0053343,0.),(0.0913909,-0.0052832,0.),(0.0922051,-0.0053905,0.),(0.0913909,-0.0052832,0.),(0.0912962,-0.0052389,0.),(0.0922051,-0.0053905,0.),(0.0912962,-0.0052389,0.),(0.0911995,-0.0052014,0.),(0.0922051,-0.0053905,0.),(0.0911995,-0.0052014,0.),(0.0911006,-0.0051708,0.),(0.0898812,-0.0048644,0.),(0.0922051,-0.0053905,0.),(0.0911006,-0.0051708,0.),(0.0898812,-0.0048644,0.),(0.0911006,-0.0051708,0.),(0.0909997,-0.0051469,0.),(0.0898812,-0.0048644,0.),(0.0909997,-0.0051469,0.),(0.0908967,-0.0051299,0.),(0.0898812,-0.0048644,0.),(0.0908967,-0.0051299,0.),(0.0907916,-0.0051197,0.),(0.0898812,-0.0048644,0.),(0.0907916,-0.0051197,0.),(0.0906845,-0.0051162,0.),(0.0898812,-0.0048644,0.),(0.0906845,-0.0051162,0.),(0.0905309,-0.0051233,0.),(0.0898812,-0.0048644,0.),(0.0905309,-0.0051233,0.),(0.0903812,-0.0051446,0.),(0.0898812,-0.0048644,0.),(0.0903812,-0.0051446,0.),(0.0902356,-0.0051799,0.),(0.0898812,-0.0048644,0.),(0.0902356,-0.0051799,0.),(0.0900939,-0.0052295,0.),(0.0898812,-0.0048644,0.),(0.0900939,-0.0052295,0.),(0.0916909,-0.0080129,0.),(0.0893203,-0.0038896,0.),(0.0898812,-0.0048644,0.),(0.0916909,-0.0080129,0.),(0.0921165,-0.0074771,0.),(0.0921597,-0.0073825,0.),(0.0925515,-0.0075240,0.),(0.0920666,-0.0075684,0.),(0.0921165,-0.0074771,0.),(0.0925515,-0.0075240,0.),(0.0919987,-0.0076724,0.),(0.0920666,-0.0075684,0.),(0.0925515,-0.0075240,0.),(0.0919134,-0.0077811,0.),(0.0919987,-0.0076724,0.),(0.0925515,-0.0075240,0.),(0.0918643,-0.0078373,0.),(0.0919134,-0.0077811,0.),(0.0925515,-0.0075240,0.),(0.0918108,-0.0078946,0.),(0.0918643,-0.0078373,0.),(0.0925515,-0.0075240,0.),(0.0917531,-0.0079532,0.),(0.0918108,-0.0078946,0.),(0.0925515,-0.0075240,0.),(0.0916909,-0.0080129,0.),(0.0917531,-0.0079532,0.),(0.0925515,-0.0075240,0.),(0.0916909,-0.0080129,0.),(0.0925515,-0.0075240,0.),(0.0924969,-0.0076508,0.),(0.0916909,-0.0080129,0.),(0.0924969,-0.0076508,0.),(0.0924339,-0.0077769,0.),(0.0916909,-0.0080129,0.),(0.0924339,-0.0077769,0.),(0.0923837,-0.0078636,0.),(0.0916909,-0.0080129,0.),(0.0923837,-0.0078636,0.),(0.0923289,-0.0079470,0.),(0.0916909,-0.0080129,0.),(0.0923289,-0.0079470,0.),(0.0922695,-0.0080271,0.),(0.0916909,-0.0080129,0.),(0.0922695,-0.0080271,0.),(0.0922055,-0.0081039,0.),(0.0916909,-0.0080129,0.),(0.0922055,-0.0081039,0.),(0.0921370,-0.0081774,0.),(0.0916909,-0.0080129,0.),(0.0921370,-0.0081774,0.),(0.0920638,-0.0082476,0.),(0.0916909,-0.0080129,0.),(0.0920638,-0.0082476,0.),(0.0919860,-0.0083145,0.),(0.0916909,-0.0080129,0.),(0.0919860,-0.0083145,0.),(0.0919037,-0.0083780,0.),(0.0916909,-0.0080129,0.),(0.0919037,-0.0083780,0.),(0.0924455,-0.0093305,0.),(0.0893203,-0.0038896,0.),(0.0916909,-0.0080129,0.),(0.0924455,-0.0093305,0.),(0.0893203,-0.0038896,0.),(0.0924455,-0.0093305,0.),(0.0924741,-0.0094342,0.),(0.0893203,-0.0038896,0.),(0.0924741,-0.0094342,0.),(0.0924667,-0.0094946,0.),(0.0893203,-0.0038896,0.),(0.0924667,-0.0094946,0.),(0.0924281,-0.0095697,0.),(0.0893203,-0.0038896,0.),(0.0924281,-0.0095697,0.),(0.0923630,-0.0096237,0.),(0.0893203,-0.0038896,0.),(0.0923630,-0.0096237,0.),(0.0922603,-0.0096544,0.),(0.0893203,-0.0038896,0.),(0.0922603,-0.0096544,0.),(0.0922000,-0.0096470,0.),(0.0893203,-0.0038896,0.),(0.0922000,-0.0096470,0.),(0.0921243,-0.0096083,0.),(0.0893203,-0.0038896,0.),(0.0921243,-0.0096083,0.),(0.0920688,-0.0095433,0.),(0.0893203,-0.0038896,0.),(0.0920688,-0.0095433,0.),(0.0915332,-0.0086151,0.),(0.0915332,-0.0086151,0.),(0.0914326,-0.0086595,0.),(0.0913287,-0.0086980,0.),(0.0915332,-0.0086151,0.),(0.0913287,-0.0086980,0.),(0.0912215,-0.0087305,0.),(0.0915332,-0.0086151,0.),(0.0912215,-0.0087305,0.),(0.0911110,-0.0087572,0.),(0.0915332,-0.0086151,0.),(0.0911110,-0.0087572,0.),(0.0909971,-0.0087779,0.),(0.0915332,-0.0086151,0.),(0.0909971,-0.0087779,0.),(0.0908800,-0.0087927,0.),(0.0915332,-0.0086151,0.),(0.0908800,-0.0087927,0.),(0.0907595,-0.0088016,0.),(0.0915332,-0.0086151,0.),(0.0907595,-0.0088016,0.),(0.0906358,-0.0088045,0.),(0.0915332,-0.0086151,0.),(0.0906358,-0.0088045,0.),(0.0905112,-0.0088002,0.),(0.0915332,-0.0086151,0.),(0.0905112,-0.0088002,0.),(0.0903877,-0.0087872,0.),(0.0915332,-0.0086151,0.),(0.0903877,-0.0087872,0.),(0.0902652,-0.0087655,0.),(0.0915332,-0.0086151,0.),(0.0902652,-0.0087655,0.),(0.0901439,-0.0087352,0.),(0.0915332,-0.0086151,0.),(0.0901439,-0.0087352,0.),(0.0900237,-0.0086962,0.),(0.0915332,-0.0086151,0.),(0.0900237,-0.0086962,0.),(0.0899045,-0.0086486,0.),(0.0915332,-0.0086151,0.),(0.0899045,-0.0086486,0.),(0.0897865,-0.0085922,0.),(0.0915332,-0.0086151,0.),(0.0897865,-0.0085922,0.),(0.0896695,-0.0085273,0.),(0.0915332,-0.0086151,0.),(0.0896695,-0.0085273,0.),(0.0895564,-0.0084551,0.),(0.0915332,-0.0086151,0.),(0.0895564,-0.0084551,0.),(0.0894494,-0.0083767,0.),(0.0915332,-0.0086151,0.),(0.0894494,-0.0083767,0.),(0.0893484,-0.0082921,0.),(0.0915332,-0.0086151,0.),(0.0893484,-0.0082921,0.),(0.0892536,-0.0082013,0.),(0.0915332,-0.0086151,0.),(0.0892536,-0.0082013,0.),(0.0891648,-0.0081043,0.),(0.0891648,-0.0081043,0.),(0.0890821,-0.0080010,0.),(0.0890055,-0.0078915,0.),(0.0891648,-0.0081043,0.),(0.0890055,-0.0078915,0.),(0.0889350,-0.0077758,0.),(0.0891648,-0.0081043,0.),(0.0889350,-0.0077758,0.),(0.0888718,-0.0076560,0.),(0.0891648,-0.0081043,0.),(0.0888718,-0.0076560,0.),(0.0888170,-0.0075337,0.),(0.0891648,-0.0081043,0.),(0.0888170,-0.0075337,0.),(0.0887706,-0.0074088,0.),(0.0891648,-0.0081043,0.),(0.0887706,-0.0074088,0.),(0.0887326,-0.0072813,0.),(0.0891648,-0.0081043,0.),(0.0887326,-0.0072813,0.),(0.0887031,-0.0071513,0.),(0.0891648,-0.0081043,0.),(0.0887031,-0.0071513,0.),(0.0886820,-0.0070188,0.),(0.0891648,-0.0081043,0.),(0.0886820,-0.0070188,0.),(0.0886694,-0.0068837,0.),(0.0891648,-0.0081043,0.),(0.0886694,-0.0068837,0.),(0.0886652,-0.0067461,0.),(0.0891648,-0.0081043,0.),(0.0886652,-0.0067461,0.),(0.0886694,-0.0066080,0.),(0.0891648,-0.0081043,0.),(0.0886694,-0.0066080,0.),(0.0886820,-0.0064727,0.),(0.0891648,-0.0081043,0.),(0.0886820,-0.0064727,0.),(0.0887030,-0.0063401,0.),(0.0891648,-0.0081043,0.),(0.0887030,-0.0063401,0.),(0.0887324,-0.0062103,0.),(0.0891648,-0.0081043,0.),(0.0887324,-0.0062103,0.),(0.0887702,-0.0060832,0.),(0.0891648,-0.0081043,0.),(0.0887702,-0.0060832,0.),(0.0888164,-0.0059589,0.),(0.0891648,-0.0081043,0.),(0.0888164,-0.0059589,0.),(0.0888710,-0.0058373,0.),(0.0891648,-0.0081043,0.),(0.0888710,-0.0058373,0.),(0.0889340,-0.0057184,0.),(0.0889340,-0.0057184,0.),(0.0893023,-0.0059269,0.),(0.0892529,-0.0060217,0.),(0.0889340,-0.0057184,0.),(0.0892529,-0.0060217,0.),(0.0892101,-0.0061186,0.),(0.0889340,-0.0057184,0.),(0.0892101,-0.0061186,0.),(0.0891739,-0.0062176,0.),(0.0889340,-0.0057184,0.),(0.0891739,-0.0062176,0.),(0.0891443,-0.0063188,0.),(0.0889340,-0.0057184,0.),(0.0891443,-0.0063188,0.),(0.0891213,-0.0064221,0.),(0.0889340,-0.0057184,0.),(0.0891213,-0.0064221,0.),(0.0891048,-0.0065276,0.),(0.0889340,-0.0057184,0.),(0.0891048,-0.0065276,0.),(0.0890950,-0.0066352,0.),(0.0889340,-0.0057184,0.),(0.0890950,-0.0066352,0.),(0.0890917,-0.0067450,0.),(0.0889340,-0.0057184,0.),(0.0890917,-0.0067450,0.),(0.0890950,-0.0068548,0.),(0.0891648,-0.0081043,0.),(0.0889340,-0.0057184,0.),(0.0890950,-0.0068548,0.),(0.0891648,-0.0081043,0.),(0.0890950,-0.0068548,0.),(0.0891050,-0.0069626,0.),(0.0891648,-0.0081043,0.),(0.0891050,-0.0069626,0.),(0.0891217,-0.0070682,0.),(0.0891648,-0.0081043,0.),(0.0891217,-0.0070682,0.),(0.0891451,-0.0071718,0.),(0.0891648,-0.0081043,0.),(0.0891451,-0.0071718,0.),(0.0891752,-0.0072733,0.),(0.0891648,-0.0081043,0.),(0.0891752,-0.0072733,0.),(0.0892119,-0.0073727,0.),(0.0891648,-0.0081043,0.),(0.0892119,-0.0073727,0.),(0.0892553,-0.0074700,0.),(0.0891648,-0.0081043,0.),(0.0892553,-0.0074700,0.),(0.0893054,-0.0075652,0.),(0.0891648,-0.0081043,0.),(0.0893054,-0.0075652,0.),(0.0893613,-0.0076572,0.),(0.0891648,-0.0081043,0.),(0.0893613,-0.0076572,0.),(0.0894219,-0.0077441,0.),(0.0891648,-0.0081043,0.),(0.0894219,-0.0077441,0.),(0.0894874,-0.0078260,0.),(0.0891648,-0.0081043,0.),(0.0894874,-0.0078260,0.),(0.0895576,-0.0079028,0.),(0.0891648,-0.0081043,0.),(0.0895576,-0.0079028,0.),(0.0896326,-0.0079747,0.),(0.0891648,-0.0081043,0.),(0.0896326,-0.0079747,0.),(0.0897124,-0.0080415,0.),(0.0891648,-0.0081043,0.),(0.0897124,-0.0080415,0.),(0.0897971,-0.0081033,0.),(0.0891648,-0.0081043,0.),(0.0897971,-0.0081033,0.),(0.0898865,-0.0081600,0.),(0.0891648,-0.0081043,0.),(0.0898865,-0.0081600,0.),(0.0899785,-0.0082111,0.),(0.0891648,-0.0081043,0.),(0.0899785,-0.0082111,0.),(0.0900711,-0.0082554,0.),(0.0891648,-0.0081043,0.),(0.0900711,-0.0082554,0.),(0.0901643,-0.0082929,0.),(0.0891648,-0.0081043,0.),(0.0901643,-0.0082929,0.),(0.0902579,-0.0083235,0.),(0.0891648,-0.0081043,0.),(0.0902579,-0.0083235,0.),(0.0903521,-0.0083474,0.),(0.0915332,-0.0086151,0.),(0.0891648,-0.0081043,0.),(0.0903521,-0.0083474,0.),(0.0915332,-0.0086151,0.),(0.0903521,-0.0083474,0.),(0.0904469,-0.0083644,0.),(0.0915332,-0.0086151,0.),(0.0904469,-0.0083644,0.),(0.0905421,-0.0083746,0.),(0.0915332,-0.0086151,0.),(0.0905421,-0.0083746,0.),(0.0906379,-0.0083780,0.),(0.0915332,-0.0086151,0.),(0.0906379,-0.0083780,0.),(0.0906442,-0.0083780,0.),(0.0915332,-0.0086151,0.),(0.0906442,-0.0083780,0.),(0.0907379,-0.0083759,0.),(0.0915332,-0.0086151,0.),(0.0907379,-0.0083759,0.),(0.0908291,-0.0083697,0.),(0.0915332,-0.0086151,0.),(0.0908291,-0.0083697,0.),(0.0909177,-0.0083593,0.),(0.0915332,-0.0086151,0.),(0.0909177,-0.0083593,0.),(0.0910038,-0.0083447,0.),(0.0915332,-0.0086151,0.),(0.0910038,-0.0083447,0.),(0.0910873,-0.0083259,0.),(0.0915332,-0.0086151,0.),(0.0910873,-0.0083259,0.),(0.0911683,-0.0083030,0.),(0.0915332,-0.0086151,0.),(0.0911683,-0.0083030,0.),(0.0912467,-0.0082759,0.),(0.0915332,-0.0086151,0.),(0.0912467,-0.0082759,0.),(0.0913226,-0.0082447,0.),(0.0893203,-0.0038896,0.),(0.0915332,-0.0086151,0.),(0.0913226,-0.0082447,0.),(0.0893203,-0.0038896,0.),(0.0913226,-0.0082447,0.),(0.0897182,-0.0054496,0.),(0.0893203,-0.0038896,0.),(0.0897182,-0.0054496,0.),(0.0895977,-0.0055525,0.),(0.0893447,-0.0058577,0.),(0.0893023,-0.0059269,0.),(0.0889340,-0.0057184,0.),(0.0893898,-0.0057911,0.),(0.0893447,-0.0058577,0.),(0.0889340,-0.0057184,0.),(0.0894883,-0.0056663,0.),(0.0893898,-0.0057911,0.),(0.0889340,-0.0057184,0.),(0.0895977,-0.0055525,0.),(0.0894883,-0.0056663,0.),(0.0889340,-0.0057184,0.),(0.0895977,-0.0055525,0.),(0.0889340,-0.0057184,0.),(0.0889919,-0.0056234,0.),(0.0895977,-0.0055525,0.),(0.0889919,-0.0056234,0.),(0.0890536,-0.0055324,0.),(0.0895977,-0.0055525,0.),(0.0890536,-0.0055324,0.),(0.0891189,-0.0054456,0.),(0.0895977,-0.0055525,0.),(0.0891189,-0.0054456,0.),(0.0891880,-0.0053628,0.),(0.0895977,-0.0055525,0.),(0.0891880,-0.0053628,0.),(0.0892607,-0.0052842,0.),(0.0895977,-0.0055525,0.),(0.0892607,-0.0052842,0.),(0.0893372,-0.0052096,0.),(0.0895977,-0.0055525,0.),(0.0893372,-0.0052096,0.),(0.0894174,-0.0051392,0.),(0.0895977,-0.0055525,0.),(0.0894174,-0.0051392,0.),(0.0895012,-0.0050729,0.),(0.0893203,-0.0038896,0.),(0.0895977,-0.0055525,0.),(0.0895012,-0.0050729,0.),(0.0893203,-0.0038896,0.),(0.0895012,-0.0050729,0.),(0.0889456,-0.0041024,0.),(0.0893203,-0.0038896,0.),(0.0889456,-0.0041024,0.),(0.0889181,-0.0040008,0.),(0.0893203,-0.0038896,0.),(0.0889181,-0.0040008,0.),(0.0889244,-0.0039404,0.),(0.0893203,-0.0038896,0.),(0.0889244,-0.0039404,0.),(0.0889636,-0.0038634,0.),(0.0893203,-0.0038896,0.),(0.0889636,-0.0038634,0.),(0.0890260,-0.0038081,0.),(0.0893203,-0.0038896,0.),(0.0890260,-0.0038081,0.),(0.0891308,-0.0037806,0.),(0.0893203,-0.0038896,0.),(0.0891308,-0.0037806,0.),(0.0891911,-0.0037880,0.),(0.0893203,-0.0038896,0.),(0.0891911,-0.0037880,0.),(0.0892636,-0.0038235,0.),(0.0948331,-0.0070361,0.),(0.0948807,-0.0070847,0.),(0.0949368,-0.0071623,0.),(0.0948331,-0.0070361,0.),(0.0949368,-0.0071623,0.),(0.0949854,-0.0072437,0.),(0.0948331,-0.0070361,0.),(0.0949854,-0.0072437,0.),(0.0950265,-0.0073289,0.),(0.0948331,-0.0070361,0.),(0.0950265,-0.0073289,0.),(0.0950601,-0.0074179,0.),(0.0948331,-0.0070361,0.),(0.0950601,-0.0074179,0.),(0.0950863,-0.0075106,0.),(0.0948331,-0.0070361,0.),(0.0950863,-0.0075106,0.),(0.0951050,-0.0076072,0.),(0.0948331,-0.0070361,0.),(0.0951050,-0.0076072,0.),(0.0951162,-0.0077076,0.),(0.0948331,-0.0070361,0.),(0.0951162,-0.0077076,0.),(0.0951199,-0.0078118,0.),(0.0948331,-0.0070361,0.),(0.0951199,-0.0078118,0.),(0.0951162,-0.0079159,0.),(0.0948331,-0.0070361,0.),(0.0951162,-0.0079159,0.),(0.0951050,-0.0080156,0.),(0.0948331,-0.0070361,0.),(0.0951050,-0.0080156,0.),(0.0950864,-0.0081107,0.),(0.0948331,-0.0070361,0.),(0.0950864,-0.0081107,0.),(0.0950604,-0.0082013,0.),(0.0948331,-0.0070361,0.),(0.0950604,-0.0082013,0.),(0.0950269,-0.0082874,0.),(0.0948331,-0.0070361,0.),(0.0950269,-0.0082874,0.),(0.0949860,-0.0083690,0.),(0.0948331,-0.0070361,0.),(0.0949860,-0.0083690,0.),(0.0949376,-0.0084462,0.),(0.0948331,-0.0070361,0.),(0.0949376,-0.0084462,0.),(0.0948818,-0.0085188,0.),(0.0948331,-0.0070361,0.),(0.0948818,-0.0085188,0.),(0.0948201,-0.0085848,0.),(0.0948331,-0.0070361,0.),(0.0948201,-0.0085848,0.),(0.0947533,-0.0086420,0.),(0.0948331,-0.0070361,0.),(0.0947533,-0.0086420,0.),(0.0946817,-0.0086903,0.),(0.0948331,-0.0070361,0.),(0.0946817,-0.0086903,0.),(0.0946050,-0.0087299,0.),(0.0946050,-0.0087299,0.),(0.0945235,-0.0087607,0.),(0.0944369,-0.0087827,0.),(0.0946050,-0.0087299,0.),(0.0944369,-0.0087827,0.),(0.0943454,-0.0087959,0.),(0.0946050,-0.0087299,0.),(0.0943454,-0.0087959,0.),(0.0942489,-0.0088003,0.),(0.0946050,-0.0087299,0.),(0.0942489,-0.0088003,0.),(0.0941534,-0.0087959,0.),(0.0946050,-0.0087299,0.),(0.0941534,-0.0087959,0.),(0.0940621,-0.0087828,0.),(0.0946050,-0.0087299,0.),(0.0940621,-0.0087828,0.),(0.0939751,-0.0087609,0.),(0.0946050,-0.0087299,0.),(0.0939751,-0.0087609,0.),(0.0938923,-0.0087302,0.),(0.0946050,-0.0087299,0.),(0.0938923,-0.0087302,0.),(0.0938137,-0.0086908,0.),(0.0946050,-0.0087299,0.),(0.0938137,-0.0086908,0.),(0.0937393,-0.0086425,0.),(0.0946050,-0.0087299,0.),(0.0937393,-0.0086425,0.),(0.0936692,-0.0085856,0.),(0.0946050,-0.0087299,0.),(0.0936692,-0.0085856,0.),(0.0936033,-0.0085198,0.),(0.0946050,-0.0087299,0.),(0.0936033,-0.0085198,0.),(0.0935436,-0.0084474,0.),(0.0946050,-0.0087299,0.),(0.0935436,-0.0084474,0.),(0.0934917,-0.0083704,0.),(0.0946050,-0.0087299,0.),(0.0934917,-0.0083704,0.),(0.0934479,-0.0082888,0.),(0.0946050,-0.0087299,0.),(0.0934479,-0.0082888,0.),(0.0934120,-0.0082026,0.),(0.0946050,-0.0087299,0.),(0.0934120,-0.0082026,0.),(0.0933841,-0.0081118,0.),(0.0946050,-0.0087299,0.),(0.0933841,-0.0081118,0.),(0.0933642,-0.0080164,0.),(0.0946050,-0.0087299,0.),(0.0933642,-0.0080164,0.),(0.0933523,-0.0079164,0.),(0.0933523,-0.0079164,0.),(0.0933483,-0.0078118,0.),(0.0933636,-0.0077295,0.),(0.0933523,-0.0079164,0.),(0.0933636,-0.0077295,0.),(0.0934097,-0.0076605,0.),(0.0933523,-0.0079164,0.),(0.0934097,-0.0076605,0.),(0.0934779,-0.0076137,0.),(0.0933523,-0.0079164,0.),(0.0934779,-0.0076137,0.),(0.0935599,-0.0075980,0.),(0.0933523,-0.0079164,0.),(0.0935599,-0.0075980,0.),(0.0936428,-0.0076137,0.),(0.0933523,-0.0079164,0.),(0.0936428,-0.0076137,0.),(0.0937113,-0.0076605,0.),(0.0933523,-0.0079164,0.),(0.0937113,-0.0076605,0.),(0.0937573,-0.0077295,0.),(0.0933523,-0.0079164,0.),(0.0937573,-0.0077295,0.),(0.0937727,-0.0078118,0.),(0.0933523,-0.0079164,0.),(0.0937727,-0.0078118,0.),(0.0937813,-0.0079381,0.),(0.0933523,-0.0079164,0.),(0.0937813,-0.0079381,0.),(0.0938073,-0.0080492,0.),(0.0933523,-0.0079164,0.),(0.0938073,-0.0080492,0.),(0.0938507,-0.0081450,0.),(0.0933523,-0.0079164,0.),(0.0938507,-0.0081450,0.),(0.0939113,-0.0082256,0.),(0.0933523,-0.0079164,0.),(0.0939113,-0.0082256,0.),(0.0939828,-0.0082905,0.),(0.0946050,-0.0087299,0.),(0.0933523,-0.0079164,0.),(0.0939828,-0.0082905,0.),(0.0946050,-0.0087299,0.),(0.0939828,-0.0082905,0.),(0.0940629,-0.0083368,0.),(0.0946050,-0.0087299,0.),(0.0940629,-0.0083368,0.),(0.0941516,-0.0083645,0.),(0.0946050,-0.0087299,0.),(0.0941516,-0.0083645,0.),(0.0942489,-0.0083738,0.),(0.0946050,-0.0087299,0.),(0.0942489,-0.0083738,0.),(0.0943428,-0.0083646,0.),(0.0946050,-0.0087299,0.),(0.0943428,-0.0083646,0.),(0.0944275,-0.0083370,0.),(0.0946050,-0.0087299,0.),(0.0944275,-0.0083370,0.),(0.0945031,-0.0082911,0.),(0.0946050,-0.0087299,0.),(0.0945031,-0.0082911,0.),(0.0945696,-0.0082267,0.),(0.0946050,-0.0087299,0.),(0.0945696,-0.0082267,0.),(0.0946238,-0.0081456,0.),(0.0946050,-0.0087299,0.),(0.0946238,-0.0081456,0.),(0.0946625,-0.0080494,0.),(0.0946050,-0.0087299,0.),(0.0946625,-0.0080494,0.),(0.0946857,-0.0079382,0.),(0.0948331,-0.0070361,0.),(0.0946050,-0.0087299,0.),(0.0946857,-0.0079382,0.),(0.0948331,-0.0070361,0.),(0.0946857,-0.0079382,0.),(0.0946934,-0.0078118,0.),(0.0948331,-0.0070361,0.),(0.0946934,-0.0078118,0.),(0.0946857,-0.0076838,0.),(0.0948331,-0.0070361,0.),(0.0946857,-0.0076838,0.),(0.0946627,-0.0075684,0.),(0.0948331,-0.0070361,0.),(0.0946627,-0.0075684,0.),(0.0946244,-0.0074657,0.),(0.0948331,-0.0070361,0.),(0.0946244,-0.0074657,0.),(0.0945707,-0.0073758,0.),(0.0948331,-0.0070361,0.),(0.0945707,-0.0073758,0.),(0.0945084,-0.0073110,0.),(0.0949175,-0.0069599,0.),(0.0948331,-0.0070361,0.),(0.0945084,-0.0073110,0.),(0.0949175,-0.0069599,0.),(0.0945084,-0.0073110,0.),(0.0944392,-0.0072647,0.),(0.0949175,-0.0069599,0.),(0.0944392,-0.0072647,0.),(0.0943629,-0.0072369,0.),(0.0949175,-0.0069599,0.),(0.0943629,-0.0072369,0.),(0.0942796,-0.0072276,0.),(0.0949175,-0.0069599,0.),(0.0942796,-0.0072276,0.),(0.0942373,-0.0072276,0.),(0.0949175,-0.0069599,0.),(0.0942373,-0.0072276,0.),(0.0941706,-0.0072276,0.),(0.0949175,-0.0069599,0.),(0.0941706,-0.0072276,0.),(0.0940891,-0.0072120,0.),(0.0949175,-0.0069599,0.),(0.0940891,-0.0072120,0.),(0.0940203,-0.0071652,0.),(0.0949175,-0.0069599,0.),(0.0940203,-0.0071652,0.),(0.0939735,-0.0070967,0.),(0.0949175,-0.0069599,0.),(0.0939735,-0.0070967,0.),(0.0939579,-0.0070160,0.),(0.0949175,-0.0069599,0.),(0.0939579,-0.0070160,0.),(0.0939735,-0.0069350,0.),(0.0949175,-0.0069599,0.),(0.0939735,-0.0069350,0.),(0.0940203,-0.0068657,0.),(0.0949175,-0.0069599,0.),(0.0940203,-0.0068657,0.),(0.0940891,-0.0068180,0.),(0.0949175,-0.0069599,0.),(0.0940891,-0.0068180,0.),(0.0941706,-0.0068022,0.),(0.0949175,-0.0069599,0.),(0.0941706,-0.0068022,0.),(0.0942373,-0.0068022,0.),(0.0949175,-0.0069599,0.),(0.0942373,-0.0068022,0.),(0.0943677,-0.0067882,0.),(0.0949175,-0.0069599,0.),(0.0943677,-0.0067882,0.),(0.0944857,-0.0067463,0.),(0.0949175,-0.0069599,0.),(0.0944857,-0.0067463,0.),(0.0945915,-0.0066766,0.),(0.0949175,-0.0069599,0.),(0.0945915,-0.0066766,0.),(0.0946850,-0.0065789,0.),(0.0949175,-0.0069599,0.),(0.0946850,-0.0065789,0.),(0.0947618,-0.0064577,0.),(0.0949175,-0.0069599,0.),(0.0947618,-0.0064577,0.),(0.0948167,-0.0063175,0.),(0.0949175,-0.0069599,0.),(0.0948167,-0.0063175,0.),(0.0948497,-0.0061582,0.),(0.0949175,-0.0069599,0.),(0.0948497,-0.0061582,0.),(0.0948579,-0.0060714,0.),(0.0949175,-0.0069599,0.),(0.0948579,-0.0060714,0.),(0.0948606,-0.0059798,0.),(0.0949175,-0.0069599,0.),(0.0948606,-0.0059798,0.),(0.0948579,-0.0058892,0.),(0.0936389,-0.0059443,0.),(0.0936361,-0.0060444,0.),(0.0936203,-0.0061264,0.),(0.0936470,-0.0058500,0.),(0.0936389,-0.0059443,0.),(0.0936203,-0.0061264,0.),(0.0936470,-0.0058500,0.),(0.0936203,-0.0061264,0.),(0.0935726,-0.0061947,0.),(0.0936606,-0.0057614,0.),(0.0936470,-0.0058500,0.),(0.0935726,-0.0061947,0.),(0.0936606,-0.0057614,0.),(0.0935726,-0.0061947,0.),(0.0935033,-0.0062407,0.),(0.0936795,-0.0056785,0.),(0.0936606,-0.0057614,0.),(0.0935033,-0.0062407,0.),(0.0936795,-0.0056785,0.),(0.0935033,-0.0062407,0.),(0.0934202,-0.0062561,0.),(0.0937338,-0.0055299,0.),(0.0936795,-0.0056785,0.),(0.0934202,-0.0062561,0.),(0.0937338,-0.0055299,0.),(0.0934202,-0.0062561,0.),(0.0933374,-0.0062407,0.),(0.0937338,-0.0055299,0.),(0.0933374,-0.0062407,0.),(0.0932689,-0.0061947,0.),(0.0938097,-0.0054041,0.),(0.0937338,-0.0055299,0.),(0.0932689,-0.0061947,0.),(0.0938097,-0.0054041,0.),(0.0932689,-0.0061947,0.),(0.0932229,-0.0061264,0.),(0.0938097,-0.0054041,0.),(0.0932229,-0.0061264,0.),(0.0932075,-0.0060444,0.),(0.0939003,-0.0053046,0.),(0.0938097,-0.0054041,0.),(0.0932075,-0.0060444,0.),(0.0939003,-0.0053046,0.),(0.0932075,-0.0060444,0.),(0.0932119,-0.0059074,0.),(0.0939003,-0.0053046,0.),(0.0932119,-0.0059074,0.),(0.0932252,-0.0057765,0.),(0.0939003,-0.0053046,0.),(0.0932252,-0.0057765,0.),(0.0932473,-0.0056515,0.),(0.0940036,-0.0052335,0.),(0.0939003,-0.0053046,0.),(0.0932473,-0.0056515,0.),(0.0940036,-0.0052335,0.),(0.0932473,-0.0056515,0.),(0.0932782,-0.0055324,0.),(0.0940036,-0.0052335,0.),(0.0932782,-0.0055324,0.),(0.0933179,-0.0054194,0.),(0.0941199,-0.0051908,0.),(0.0940036,-0.0052335,0.),(0.0933179,-0.0054194,0.),(0.0941199,-0.0051908,0.),(0.0933179,-0.0054194,0.),(0.0933665,-0.0053124,0.),(0.0941199,-0.0051908,0.),(0.0933665,-0.0053124,0.),(0.0934239,-0.0052113,0.),(0.0942489,-0.0051766,0.),(0.0941199,-0.0051908,0.),(0.0934239,-0.0052113,0.),(0.0942489,-0.0051766,0.),(0.0934239,-0.0052113,0.),(0.0934901,-0.0051162,0.),(0.0942489,-0.0051766,0.),(0.0934901,-0.0051162,0.),(0.0935621,-0.0050307,0.),(0.0943725,-0.0051900,0.),(0.0942489,-0.0051766,0.),(0.0935621,-0.0050307,0.),(0.0943725,-0.0051900,0.),(0.0935621,-0.0050307,0.),(0.0936407,-0.0049565,0.),(0.0943725,-0.0051900,0.),(0.0936407,-0.0049565,0.),(0.0937258,-0.0048938,0.),(0.0944860,-0.0052303,0.),(0.0943725,-0.0051900,0.),(0.0937258,-0.0048938,0.),(0.0944860,-0.0052303,0.),(0.0937258,-0.0048938,0.),(0.0938174,-0.0048424,0.),(0.0944860,-0.0052303,0.),(0.0938174,-0.0048424,0.),(0.0939155,-0.0048025,0.),(0.0945894,-0.0052974,0.),(0.0944860,-0.0052303,0.),(0.0939155,-0.0048025,0.),(0.0945894,-0.0052974,0.),(0.0939155,-0.0048025,0.),(0.0940201,-0.0047739,0.),(0.0945894,-0.0052974,0.),(0.0940201,-0.0047739,0.),(0.0941313,-0.0047568,0.),(0.0946828,-0.0053914,0.),(0.0945894,-0.0052974,0.),(0.0941313,-0.0047568,0.),(0.0946828,-0.0053914,0.),(0.0941313,-0.0047568,0.),(0.0942489,-0.0047511,0.),(0.0946828,-0.0053914,0.),(0.0942489,-0.0047511,0.),(0.0943620,-0.0047566,0.),(0.0947606,-0.0055092,0.),(0.0946828,-0.0053914,0.),(0.0943620,-0.0047566,0.),(0.0947606,-0.0055092,0.),(0.0943620,-0.0047566,0.),(0.0944696,-0.0047731,0.),(0.0948162,-0.0056465,0.),(0.0947606,-0.0055092,0.),(0.0944696,-0.0047731,0.),(0.0948162,-0.0056465,0.),(0.0944696,-0.0047731,0.),(0.0945717,-0.0048005,0.),(0.0948162,-0.0056465,0.),(0.0945717,-0.0048005,0.),(0.0946683,-0.0048390,0.),(0.0948356,-0.0057225,0.),(0.0948162,-0.0056465,0.),(0.0946683,-0.0048390,0.),(0.0948356,-0.0057225,0.),(0.0946683,-0.0048390,0.),(0.0947593,-0.0048884,0.),(0.0948495,-0.0058034,0.),(0.0948356,-0.0057225,0.),(0.0947593,-0.0048884,0.),(0.0948495,-0.0058034,0.),(0.0947593,-0.0048884,0.),(0.0948448,-0.0049488,0.),(0.0948579,-0.0058892,0.),(0.0948495,-0.0058034,0.),(0.0948448,-0.0049488,0.),(0.0949175,-0.0069599,0.),(0.0948579,-0.0058892,0.),(0.0948448,-0.0049488,0.),(0.0949175,-0.0069599,0.),(0.0948448,-0.0049488,0.),(0.0949248,-0.0050201,0.),(0.0949175,-0.0069599,0.),(0.0949248,-0.0050201,0.),(0.0949993,-0.0051025,0.),(0.0949175,-0.0069599,0.),(0.0949993,-0.0051025,0.),(0.0950670,-0.0051938,0.),(0.0949175,-0.0069599,0.),(0.0950670,-0.0051938,0.),(0.0951257,-0.0052903,0.),(0.0949175,-0.0069599,0.),(0.0951257,-0.0052903,0.),(0.0951753,-0.0053921,0.),(0.0949175,-0.0069599,0.),(0.0951753,-0.0053921,0.),(0.0952160,-0.0054991,0.),(0.0949175,-0.0069599,0.),(0.0952160,-0.0054991,0.),(0.0952476,-0.0056114,0.),(0.0949175,-0.0069599,0.),(0.0952476,-0.0056114,0.),(0.0952701,-0.0057290,0.),(0.0949175,-0.0069599,0.),(0.0952701,-0.0057290,0.),(0.0952837,-0.0058518,0.),(0.0949175,-0.0069599,0.),(0.0952837,-0.0058518,0.),(0.0952882,-0.0059798,0.),(0.0949175,-0.0069599,0.),(0.0952882,-0.0059798,0.),(0.0952837,-0.0061092,0.),(0.0949175,-0.0069599,0.),(0.0952837,-0.0061092,0.),(0.0952703,-0.0062333,0.),(0.0949175,-0.0069599,0.),(0.0952703,-0.0062333,0.),(0.0952479,-0.0063521,0.),(0.0949175,-0.0069599,0.),(0.0952479,-0.0063521,0.),(0.0952165,-0.0064656,0.),(0.0949175,-0.0069599,0.),(0.0952165,-0.0064656,0.),(0.0951762,-0.0065738,0.),(0.0949175,-0.0069599,0.),(0.0951762,-0.0065738,0.),(0.0951269,-0.0066768,0.),(0.0949175,-0.0069599,0.),(0.0951269,-0.0066768,0.),(0.0950686,-0.0067744,0.),(0.0949175,-0.0069599,0.),(0.0950686,-0.0067744,0.),(0.0950014,-0.0068667,0.),(0.0990211,-0.0047982,0.),(0.0991206,-0.0046892,0.),(0.0992339,-0.0046617,0.),(0.0990211,-0.0047982,0.),(0.0992339,-0.0046617,0.),(0.0993349,-0.0046871,0.),(0.0990211,-0.0047982,0.),(0.0993349,-0.0046871,0.),(0.0994117,-0.0047633,0.),(0.0990211,-0.0047982,0.),(0.0994117,-0.0047633,0.),(0.0994191,-0.0047696,0.),(0.0990211,-0.0047982,0.),(0.0994191,-0.0047696,0.),(0.1006647,-0.0069371,0.),(0.0990211,-0.0047982,0.),(0.1006647,-0.0069371,0.),(0.1006922,-0.0070440,0.),(0.0990211,-0.0047982,0.),(0.1006922,-0.0070440,0.),(0.1006645,-0.0071533,0.),(0.0990211,-0.0047982,0.),(0.1006645,-0.0071533,0.),(0.1005811,-0.0072313,0.),(0.0990211,-0.0047982,0.),(0.1005811,-0.0072313,0.),(0.1004742,-0.0072610,0.),(0.0990211,-0.0047982,0.),(0.1004742,-0.0072610,0.),(0.1003655,-0.0072332,0.),(0.0990211,-0.0047982,0.),(0.1003655,-0.0072332,0.),(0.1002890,-0.0071498,0.),(0.0990211,-0.0047982,0.),(0.1002890,-0.0071498,0.),(0.0994466,-0.0056840,0.),(0.0990211,-0.0047982,0.),(0.0994466,-0.0056840,0.),(0.0994466,-0.0082918,0.),(0.0994466,-0.0082918,0.),(0.1010330,-0.0082918,0.),(0.1011179,-0.0083077,0.),(0.0994466,-0.0082918,0.),(0.1011179,-0.0083077,0.),(0.1011886,-0.0083553,0.),(0.0994466,-0.0082918,0.),(0.1011886,-0.0083553,0.),(0.1012362,-0.0084249,0.),(0.0994466,-0.0082918,0.),(0.1012362,-0.0084249,0.),(0.1012521,-0.0085066,0.),(0.0994466,-0.0082918,0.),(0.1012521,-0.0085066,0.),(0.1012362,-0.0085886,0.),(0.0994466,-0.0082918,0.),(0.1012362,-0.0085886,0.),(0.1011886,-0.0086590,0.),(0.0994466,-0.0082918,0.),(0.1011886,-0.0086590,0.),(0.1011179,-0.0087082,0.),(0.0994466,-0.0082918,0.),(0.1011179,-0.0087082,0.),(0.1010330,-0.0087246,0.),(0.0994466,-0.0082918,0.),(0.1010330,-0.0087246,0.),(0.0992264,-0.0087246,0.),(0.0990211,-0.0047982,0.),(0.0994466,-0.0082918,0.),(0.0992264,-0.0087246,0.),(0.0992264,-0.0087246,0.),(0.0974209,-0.0087246,0.),(0.0973381,-0.0087082,0.),(0.0992264,-0.0087246,0.),(0.0973381,-0.0087082,0.),(0.0972696,-0.0086590,0.),(0.0992264,-0.0087246,0.),(0.0972696,-0.0086590,0.),(0.0972235,-0.0085886,0.),(0.0992264,-0.0087246,0.),(0.0972235,-0.0085886,0.),(0.0972082,-0.0085066,0.),(0.0992264,-0.0087246,0.),(0.0972082,-0.0085066,0.),(0.0972235,-0.0084249,0.),(0.0992264,-0.0087246,0.),(0.0972235,-0.0084249,0.),(0.0972696,-0.0083553,0.),(0.0992264,-0.0087246,0.),(0.0972696,-0.0083553,0.),(0.0973381,-0.0083077,0.),(0.0992264,-0.0087246,0.),(0.0973381,-0.0083077,0.),(0.0974209,-0.0082918,0.),(0.0992264,-0.0087246,0.),(0.0974209,-0.0082918,0.),(0.0990137,-0.0082918,0.),(0.0990211,-0.0047982,0.),(0.0992264,-0.0087246,0.),(0.0990137,-0.0082918,0.),(0.0990211,-0.0047982,0.),(0.0990137,-0.0082918,0.),(0.0990137,-0.0056798,0.),(0.0990211,-0.0047982,0.),(0.0990137,-0.0056798,0.),(0.0981575,-0.0071689,0.),(0.0990211,-0.0047982,0.),(0.0981575,-0.0071689,0.),(0.0980779,-0.0072483,0.),(0.0990211,-0.0047982,0.),(0.0980779,-0.0072483,0.),(0.0979702,-0.0072747,0.),(0.0990211,-0.0047982,0.),(0.0979702,-0.0072747,0.),(0.0978591,-0.0072472,0.),(0.0990211,-0.0047982,0.),(0.0978591,-0.0072472,0.),(0.0977773,-0.0071676,0.),(0.0990211,-0.0047982,0.),(0.0977773,-0.0071676,0.),(0.0977501,-0.0070578,0.),(0.0990211,-0.0047982,0.),(0.0977501,-0.0070578,0.),(0.0977818,-0.0069488,0.),(0.1038704,-0.0070091,0.),(0.1039180,-0.0070578,0.),(0.1039741,-0.0071353,0.),(0.1038704,-0.0070091,0.),(0.1039741,-0.0071353,0.),(0.1040227,-0.0072167,0.),(0.1038704,-0.0070091,0.),(0.1040227,-0.0072167,0.),(0.1040638,-0.0073019,0.),(0.1038704,-0.0070091,0.),(0.1040638,-0.0073019,0.),(0.1040974,-0.0073909,0.),(0.1038704,-0.0070091,0.),(0.1040974,-0.0073909,0.),(0.1041236,-0.0074837,0.),(0.1038704,-0.0070091,0.),(0.1041236,-0.0074837,0.),(0.1041423,-0.0075802,0.),(0.1038704,-0.0070091,0.),(0.1041423,-0.0075802,0.),(0.1041535,-0.0076806,0.),(0.1038704,-0.0070091,0.),(0.1041535,-0.0076806,0.),(0.1041572,-0.0077848,0.),(0.1038704,-0.0070091,0.),(0.1041572,-0.0077848,0.),(0.1041535,-0.0078889,0.),(0.1038704,-0.0070091,0.),(0.1041535,-0.0078889,0.),(0.1041423,-0.0079886,0.),(0.1038704,-0.0070091,0.),(0.1041423,-0.0079886,0.),(0.1041237,-0.0080837,0.),(0.1038704,-0.0070091,0.),(0.1041237,-0.0080837,0.),(0.1040977,-0.0081743,0.),(0.1038704,-0.0070091,0.),(0.1040977,-0.0081743,0.),(0.1040642,-0.0082604,0.),(0.1038704,-0.0070091,0.),(0.1040642,-0.0082604,0.),(0.1040233,-0.0083420,0.),(0.1038704,-0.0070091,0.),(0.1040233,-0.0083420,0.),(0.1039749,-0.0084192,0.),(0.1038704,-0.0070091,0.),(0.1039749,-0.0084192,0.),(0.1039191,-0.0084918,0.),(0.1038704,-0.0070091,0.),(0.1039191,-0.0084918,0.),(0.1038573,-0.0085578,0.),(0.1038704,-0.0070091,0.),(0.1038573,-0.0085578,0.),(0.1037906,-0.0086150,0.),(0.1038704,-0.0070091,0.),(0.1037906,-0.0086150,0.),(0.1037190,-0.0086634,0.),(0.1038704,-0.0070091,0.),(0.1037190,-0.0086634,0.),(0.1036423,-0.0087029,0.),(0.1036423,-0.0087029,0.),(0.1035607,-0.0087337,0.),(0.1034742,-0.0087557,0.),(0.1036423,-0.0087029,0.),(0.1034742,-0.0087557,0.),(0.1033827,-0.0087689,0.),(0.1036423,-0.0087029,0.),(0.1033827,-0.0087689,0.),(0.1032862,-0.0087733,0.),(0.1036423,-0.0087029,0.),(0.1032862,-0.0087733,0.),(0.1031907,-0.0087689,0.),(0.1036423,-0.0087029,0.),(0.1031907,-0.0087689,0.),(0.1030994,-0.0087558,0.),(0.1036423,-0.0087029,0.),(0.1030994,-0.0087558,0.),(0.1030124,-0.0087339,0.),(0.1036423,-0.0087029,0.),(0.1030124,-0.0087339,0.),(0.1029296,-0.0087032,0.),(0.1036423,-0.0087029,0.),(0.1029296,-0.0087032,0.),(0.1028510,-0.0086638,0.),(0.1036423,-0.0087029,0.),(0.1028510,-0.0086638,0.),(0.1027766,-0.0086156,0.),(0.1036423,-0.0087029,0.),(0.1027766,-0.0086156,0.),(0.1027065,-0.0085586,0.),(0.1036423,-0.0087029,0.),(0.1027065,-0.0085586,0.),(0.1026406,-0.0084929,0.),(0.1036423,-0.0087029,0.),(0.1026406,-0.0084929,0.),(0.1025808,-0.0084204,0.),(0.1036423,-0.0087029,0.),(0.1025808,-0.0084204,0.),(0.1025290,-0.0083434,0.),(0.1036423,-0.0087029,0.),(0.1025290,-0.0083434,0.),(0.1024852,-0.0082618,0.),(0.1036423,-0.0087029,0.),(0.1024852,-0.0082618,0.),(0.1024493,-0.0081756,0.),(0.1036423,-0.0087029,0.),(0.1024493,-0.0081756,0.),(0.1024214,-0.0080848,0.),(0.1036423,-0.0087029,0.),(0.1024214,-0.0080848,0.),(0.1024015,-0.0079894,0.),(0.1036423,-0.0087029,0.),(0.1024015,-0.0079894,0.),(0.1023896,-0.0078894,0.),(0.1023896,-0.0078894,0.),(0.1023856,-0.0077848,0.),(0.1024009,-0.0077026,0.),(0.1023896,-0.0078894,0.),(0.1024009,-0.0077026,0.),(0.1024470,-0.0076335,0.),(0.1023896,-0.0078894,0.),(0.1024470,-0.0076335,0.),(0.1025152,-0.0075867,0.),(0.1023896,-0.0078894,0.),(0.1025152,-0.0075867,0.),(0.1025972,-0.0075711,0.),(0.1023896,-0.0078894,0.),(0.1025972,-0.0075711,0.),(0.1026800,-0.0075867,0.),(0.1023896,-0.0078894,0.),(0.1026800,-0.0075867,0.),(0.1027486,-0.0076335,0.),(0.1023896,-0.0078894,0.),(0.1027486,-0.0076335,0.),(0.1027946,-0.0077026,0.),(0.1023896,-0.0078894,0.),(0.1027946,-0.0077026,0.),(0.1028100,-0.0077848,0.),(0.1023896,-0.0078894,0.),(0.1028100,-0.0077848,0.),(0.1028186,-0.0079111,0.),(0.1023896,-0.0078894,0.),(0.1028186,-0.0079111,0.),(0.1028446,-0.0080222,0.),(0.1023896,-0.0078894,0.),(0.1028446,-0.0080222,0.),(0.1028879,-0.0081180,0.),(0.1023896,-0.0078894,0.),(0.1028879,-0.0081180,0.),(0.1029486,-0.0081986,0.),(0.1023896,-0.0078894,0.),(0.1029486,-0.0081986,0.),(0.1030201,-0.0082635,0.),(0.1036423,-0.0087029,0.),(0.1023896,-0.0078894,0.),(0.1030201,-0.0082635,0.),(0.1036423,-0.0087029,0.),(0.1030201,-0.0082635,0.),(0.1031002,-0.0083098,0.),(0.1036423,-0.0087029,0.),(0.1031002,-0.0083098,0.),(0.1031889,-0.0083376,0.),(0.1036423,-0.0087029,0.),(0.1031889,-0.0083376,0.),(0.1032862,-0.0083468,0.),(0.1036423,-0.0087029,0.),(0.1032862,-0.0083468,0.),(0.1033801,-0.0083376,0.),(0.1036423,-0.0087029,0.),(0.1033801,-0.0083376,0.),(0.1034648,-0.0083100,0.),(0.1036423,-0.0087029,0.),(0.1034648,-0.0083100,0.),(0.1035404,-0.0082641,0.),(0.1036423,-0.0087029,0.),(0.1035404,-0.0082641,0.),(0.1036069,-0.0081997,0.),(0.1036423,-0.0087029,0.),(0.1036069,-0.0081997,0.),(0.1036611,-0.0081186,0.),(0.1036423,-0.0087029,0.),(0.1036611,-0.0081186,0.),(0.1036998,-0.0080224,0.),(0.1036423,-0.0087029,0.),(0.1036998,-0.0080224,0.),(0.1037230,-0.0079112,0.),(0.1038704,-0.0070091,0.),(0.1036423,-0.0087029,0.),(0.1037230,-0.0079112,0.),(0.1038704,-0.0070091,0.),(0.1037230,-0.0079112,0.),(0.1037307,-0.0077848,0.),(0.1038704,-0.0070091,0.),(0.1037307,-0.0077848,0.),(0.1037230,-0.0076568,0.),(0.1038704,-0.0070091,0.),(0.1037230,-0.0076568,0.),(0.1037000,-0.0075414,0.),(0.1038704,-0.0070091,0.),(0.1037000,-0.0075414,0.),(0.1036617,-0.0074388,0.),(0.1038704,-0.0070091,0.),(0.1036617,-0.0074388,0.),(0.1036079,-0.0073488,0.),(0.1038704,-0.0070091,0.),(0.1036079,-0.0073488,0.),(0.1035457,-0.0072840,0.),(0.1039548,-0.0069329,0.),(0.1038704,-0.0070091,0.),(0.1035457,-0.0072840,0.),(0.1039548,-0.0069329,0.),(0.1035457,-0.0072840,0.),(0.1034764,-0.0072377,0.),(0.1039548,-0.0069329,0.),(0.1034764,-0.0072377,0.),(0.1034002,-0.0072099,0.),(0.1039548,-0.0069329,0.),(0.1034002,-0.0072099,0.),(0.1033169,-0.0072006,0.),(0.1039548,-0.0069329,0.),(0.1033169,-0.0072006,0.),(0.1032746,-0.0072006,0.),(0.1039548,-0.0069329,0.),(0.1032746,-0.0072006,0.),(0.1032079,-0.0072006,0.),(0.1039548,-0.0069329,0.),(0.1032079,-0.0072006,0.),(0.1031264,-0.0071850,0.),(0.1039548,-0.0069329,0.),(0.1031264,-0.0071850,0.),(0.1030576,-0.0071382,0.),(0.1039548,-0.0069329,0.),(0.1030576,-0.0071382,0.),(0.1030108,-0.0070697,0.),(0.1039548,-0.0069329,0.),(0.1030108,-0.0070697,0.),(0.1029952,-0.0069890,0.),(0.1039548,-0.0069329,0.),(0.1029952,-0.0069890,0.),(0.1030108,-0.0069080,0.),(0.1039548,-0.0069329,0.),(0.1030108,-0.0069080,0.),(0.1030576,-0.0068387,0.),(0.1039548,-0.0069329,0.),(0.1030576,-0.0068387,0.),(0.1031264,-0.0067911,0.),(0.1039548,-0.0069329,0.),(0.1031264,-0.0067911,0.),(0.1032079,-0.0067752,0.),(0.1039548,-0.0069329,0.),(0.1032079,-0.0067752,0.),(0.1032746,-0.0067752,0.),(0.1039548,-0.0069329,0.),(0.1032746,-0.0067752,0.),(0.1034049,-0.0067612,0.),(0.1039548,-0.0069329,0.),(0.1034049,-0.0067612,0.),(0.1035230,-0.0067194,0.),(0.1039548,-0.0069329,0.),(0.1035230,-0.0067194,0.),(0.1036288,-0.0066496,0.),(0.1039548,-0.0069329,0.),(0.1036288,-0.0066496,0.),(0.1037222,-0.0065519,0.),(0.1039548,-0.0069329,0.),(0.1037222,-0.0065519,0.),(0.1037991,-0.0064307,0.),(0.1039548,-0.0069329,0.),(0.1037991,-0.0064307,0.),(0.1038540,-0.0062905,0.),(0.1039548,-0.0069329,0.),(0.1038540,-0.0062905,0.),(0.1038869,-0.0061312,0.),(0.1039548,-0.0069329,0.),(0.1038869,-0.0061312,0.),(0.1038952,-0.0060444,0.),(0.1039548,-0.0069329,0.),(0.1038952,-0.0060444,0.),(0.1038979,-0.0059529,0.),(0.1039548,-0.0069329,0.),(0.1038979,-0.0059529,0.),(0.1038951,-0.0058622,0.),(0.1026761,-0.0059174,0.),(0.1026734,-0.0060174,0.),(0.1026576,-0.0060994,0.),(0.1026843,-0.0058230,0.),(0.1026761,-0.0059174,0.),(0.1026576,-0.0060994,0.),(0.1026843,-0.0058230,0.),(0.1026576,-0.0060994,0.),(0.1026099,-0.0061677,0.),(0.1026978,-0.0057344,0.),(0.1026843,-0.0058230,0.),(0.1026099,-0.0061677,0.),(0.1026978,-0.0057344,0.),(0.1026099,-0.0061677,0.),(0.1025406,-0.0062137,0.),(0.1027168,-0.0056515,0.),(0.1026978,-0.0057344,0.),(0.1025406,-0.0062137,0.),(0.1027168,-0.0056515,0.),(0.1025406,-0.0062137,0.),(0.1024575,-0.0062291,0.),(0.1027711,-0.0055029,0.),(0.1027168,-0.0056515,0.),(0.1024575,-0.0062291,0.),(0.1027711,-0.0055029,0.),(0.1024575,-0.0062291,0.),(0.1023747,-0.0062137,0.),(0.1027711,-0.0055029,0.),(0.1023747,-0.0062137,0.),(0.1023062,-0.0061677,0.),(0.1028470,-0.0053771,0.),(0.1027711,-0.0055029,0.),(0.1023062,-0.0061677,0.),(0.1028470,-0.0053771,0.),(0.1023062,-0.0061677,0.),(0.1022602,-0.0060994,0.),(0.1028470,-0.0053771,0.),(0.1022602,-0.0060994,0.),(0.1022448,-0.0060174,0.),(0.1029376,-0.0052776,0.),(0.1028470,-0.0053771,0.),(0.1022448,-0.0060174,0.),(0.1029376,-0.0052776,0.),(0.1022448,-0.0060174,0.),(0.1022492,-0.0058804,0.),(0.1029376,-0.0052776,0.),(0.1022492,-0.0058804,0.),(0.1022625,-0.0057495,0.),(0.1029376,-0.0052776,0.),(0.1022625,-0.0057495,0.),(0.1022845,-0.0056245,0.),(0.1030409,-0.0052065,0.),(0.1029376,-0.0052776,0.),(0.1022845,-0.0056245,0.),(0.1030409,-0.0052065,0.),(0.1022845,-0.0056245,0.),(0.1023155,-0.0055055,0.),(0.1030409,-0.0052065,0.),(0.1023155,-0.0055055,0.),(0.1023552,-0.0053924,0.),(0.1031572,-0.0051638,0.),(0.1030409,-0.0052065,0.),(0.1023552,-0.0053924,0.),(0.1031572,-0.0051638,0.),(0.1023552,-0.0053924,0.),(0.1024038,-0.0052854,0.),(0.1031572,-0.0051638,0.),(0.1024038,-0.0052854,0.),(0.1024612,-0.0051843,0.),(0.1032862,-0.0051496,0.),(0.1031572,-0.0051638,0.),(0.1024612,-0.0051843,0.),(0.1032862,-0.0051496,0.),(0.1024612,-0.0051843,0.),(0.1025274,-0.0050893,0.),(0.1032862,-0.0051496,0.),(0.1025274,-0.0050893,0.),(0.1025994,-0.0050037,0.),(0.1034098,-0.0051630,0.),(0.1032862,-0.0051496,0.),(0.1025994,-0.0050037,0.),(0.1034098,-0.0051630,0.),(0.1025994,-0.0050037,0.),(0.1026780,-0.0049295,0.),(0.1034098,-0.0051630,0.),(0.1026780,-0.0049295,0.),(0.1027631,-0.0048668,0.),(0.1035233,-0.0052033,0.),(0.1034098,-0.0051630,0.),(0.1027631,-0.0048668,0.),(0.1035233,-0.0052033,0.),(0.1027631,-0.0048668,0.),(0.1028547,-0.0048154,0.),(0.1035233,-0.0052033,0.),(0.1028547,-0.0048154,0.),(0.1029528,-0.0047755,0.),(0.1036267,-0.0052704,0.),(0.1035233,-0.0052033,0.),(0.1029528,-0.0047755,0.),(0.1036267,-0.0052704,0.),(0.1029528,-0.0047755,0.),(0.1030574,-0.0047470,0.),(0.1036267,-0.0052704,0.),(0.1030574,-0.0047470,0.),(0.1031686,-0.0047298,0.),(0.1037201,-0.0053644,0.),(0.1036267,-0.0052704,0.),(0.1031686,-0.0047298,0.),(0.1037201,-0.0053644,0.),(0.1031686,-0.0047298,0.),(0.1032862,-0.0047241,0.),(0.1037201,-0.0053644,0.),(0.1032862,-0.0047241,0.),(0.1033993,-0.0047296,0.),(0.1037979,-0.0054822,0.),(0.1037201,-0.0053644,0.),(0.1033993,-0.0047296,0.),(0.1037979,-0.0054822,0.),(0.1033993,-0.0047296,0.),(0.1035069,-0.0047461,0.),(0.1038535,-0.0056195,0.),(0.1037979,-0.0054822,0.),(0.1035069,-0.0047461,0.),(0.1038535,-0.0056195,0.),(0.1035069,-0.0047461,0.),(0.1036090,-0.0047735,0.),(0.1038535,-0.0056195,0.),(0.1036090,-0.0047735,0.),(0.1037056,-0.0048120,0.),(0.1038729,-0.0056955,0.),(0.1038535,-0.0056195,0.),(0.1037056,-0.0048120,0.),(0.1038729,-0.0056955,0.),(0.1037056,-0.0048120,0.),(0.1037966,-0.0048614,0.),(0.1038868,-0.0057764,0.),(0.1038729,-0.0056955,0.),(0.1037966,-0.0048614,0.),(0.1038868,-0.0057764,0.),(0.1037966,-0.0048614,0.),(0.1038821,-0.0049218,0.),(0.1038951,-0.0058622,0.),(0.1038868,-0.0057764,0.),(0.1038821,-0.0049218,0.),(0.1039548,-0.0069329,0.),(0.1038951,-0.0058622,0.),(0.1038821,-0.0049218,0.),(0.1039548,-0.0069329,0.),(0.1038821,-0.0049218,0.),(0.1039621,-0.0049932,0.),(0.1039548,-0.0069329,0.),(0.1039621,-0.0049932,0.),(0.1040366,-0.0050755,0.),(0.1039548,-0.0069329,0.),(0.1040366,-0.0050755,0.),(0.1041043,-0.0051668,0.),(0.1039548,-0.0069329,0.),(0.1041043,-0.0051668,0.),(0.1041630,-0.0052633,0.),(0.1039548,-0.0069329,0.),(0.1041630,-0.0052633,0.),(0.1042126,-0.0053651,0.),(0.1039548,-0.0069329,0.),(0.1042126,-0.0053651,0.),(0.1042533,-0.0054721,0.),(0.1039548,-0.0069329,0.),(0.1042533,-0.0054721,0.),(0.1042849,-0.0055844,0.),(0.1039548,-0.0069329,0.),(0.1042849,-0.0055844,0.),(0.1043074,-0.0057020,0.),(0.1039548,-0.0069329,0.),(0.1043074,-0.0057020,0.),(0.1043210,-0.0058248,0.),(0.1039548,-0.0069329,0.),(0.1043210,-0.0058248,0.),(0.1043255,-0.0059529,0.),(0.1039548,-0.0069329,0.),(0.1043255,-0.0059529,0.),(0.1043210,-0.0060822,0.),(0.1039548,-0.0069329,0.),(0.1043210,-0.0060822,0.),(0.1043076,-0.0062063,0.),(0.1039548,-0.0069329,0.),(0.1043076,-0.0062063,0.),(0.1042852,-0.0063251,0.),(0.1039548,-0.0069329,0.),(0.1042852,-0.0063251,0.),(0.1042538,-0.0064386,0.),(0.1039548,-0.0069329,0.),(0.1042538,-0.0064386,0.),(0.1042135,-0.0065469,0.),(0.1039548,-0.0069329,0.),(0.1042135,-0.0065469,0.),(0.1041642,-0.0066498,0.),(0.1039548,-0.0069329,0.),(0.1041642,-0.0066498,0.),(0.1041059,-0.0067474,0.),(0.1039548,-0.0069329,0.),(0.1041059,-0.0067474,0.),(0.1040387,-0.0068397,0.)));
#3231=COMPLEX_TRIANGULATED_SURFACE_SET('surface set',#3230,1716,(),(),(),((1,2,3),(4,5,6),(7,8,9),(10,11,12),(13,14,15),(16,17,18),(19,20,21),(22,23,24),(25,26,27),(28,29,30),(31,32,33),(34,35,36),(37,38,39),(40,41,42),(43,44,45),(46,47,48),(49,50,51),(52,53,54),(55,56,57),(58,59,60),(61,62,63),(64,65,66),(67,68,69),(70,71,72),(73,74,75),(76,77,78),(79,80,81),(82,83,84),(85,86,87),(88,89,90),(91,92,93),(94,95,96),(97,98,99),(100,101,102),(103,104,105),(106,107,108),(109,110,111),(112,113,114),(115,116,117),(118,119,120),(121,122,123),(124,125,126),(127,128,129),(130,131,132),(133,134,135),(136,137,138),(139,140,141),(142,143,144),(145,146,147),(148,149,150),(151,152,153),(154,155,156),(157,158,159),(160,161,162),(163,164,165),(166,167,168),(169,170,171),(172,173,174),(175,176,177),(178,179,180),(181,182,183),(184,185,186),(187,188,189),(190,191,192),(193,194,195),(196,197,198),(199,200,201),(202,203,204),(205,206,207),(208,209,210),(211,212,213),(214,215,216),(217,218,219),(220,221,222),(223,224,225),(226,227,228),(229,230,231),(232,233,234),(235,236,237),(238,239,240),(241,242,243),(244,245,246),(247,248,249),(250,251,252),(253,254,255),(256,257,258),(259,260,261),(262,263,264),(265,266,267),(268,269,270),(271,272,273),(274,275,276),(277,278,279),(280,281,282),(283,284,285),(286,287,288),(289,290,291),(292,293,294),(295,296,297),(298,299,300),(301,302,303),(304,305,306),(307,308,309),(310,311,312),(313,314,315),(316,317,318),(319,320,321),(322,323,324),(325,326,327),(328,329,330),(331,332,333),(334,335,336),(337,338,339),(340,341,342),(343,344,345),(346,347,348),(349,350,351),(352,353,354),(355,356,357),(358,359,360),(361,362,363),(364,365,366),(367,368,369),(370,371,372),(373,374,375),(376,377,378),(379,380,381),(382,383,384),(385,386,387),(388,389,390),(391,392,393),(394,395,396),(397,398,399),(400,401,402),(403,404,405),(406,407,408),(409,410,411),(412,413,414),(415,416,417),(418,419,420),(421,422,423),(424,425,426),(427,428,429),(430,431,432),(433,434,435),(436,437,438),(439,440,441),(442,443,444),(445,446,447),(448,449,450),(451,452,453),(454,455,456),(457,458,459),(460,461,462),(463,464,465),(466,467,468),(469,470,471),(472,473,474),(475,476,477),(478,479,480),(481,482,483),(484,485,486),(487,488,489),(490,491,492),(493,494,495),(496,497,498),(499,500,501),(502,503,504),(505,506,507),(508,509,510),(511,512,513),(514,515,516),(517,518,519),(520,521,522),(523,524,525),(526,527,528),(529,530,531),(532,533,534),(535,536,537),(538,539,540),(541,542,543),(544,545,546),(547,548,549),(550,551,552),(553,554,555),(556,557,558),(559,560,561),(562,563,564),(565,566,567),(568,569,570),(571,572,573),(574,575,576),(577,578,579),(580,581,582),(583,584,585),(586,587,588),(589,590,591),(592,593,594),(595,596,597),(598,599,600),(601,602,603),(604,605,606),(607,608,609),(610,611,612),(613,614,615),(616,617,618),(619,620,621),(622,623,624),(625,626,627),(628,629,630),(631,632,633),(634,635,636),(637,638,639),(640,641,642),(643,644,645),(646,647,648),(649,650,651),(652,653,654),(655,656,657),(658,659,660),(661,662,663),(664,665,666),(667,668,669),(670,671,672),(673,674,675),(676,677,678),(679,680,681),(682,683,684),(685,686,687),(688,689,690),(691,692,693),(694,695,696),(697,698,699),(700,701,702),(703,704,705),(706,707,708),(709,710,711),(712,713,714),(715,716,717),(718,719,720),(721,722,723),(724,725,726),(727,728,729),(730,731,732),(733,734,735),(736,737,738),(739,740,741),(742,743,744),(745,746,747),(748,749,750),(751,752,753),(754,755,756),(757,758,759),(760,761,762),(763,764,765),(766,767,768),(769,770,771),(772,773,774),(775,776,777),(778,779,780),(781,782,783),(784,785,786),(787,788,789),(790,791,792),(793,794,795),(796,797,798),(799,800,801),(802,803,804),(805,806,807),(808,809,810),(811,812,813),(814,815,816),(817,818,819),(820,821,822),(823,824,825),(826,827,828),(829,830,831),(832,833,834),(835,836,837),(838,839,840),(841,842,843),(844,845,846),(847,848,849),(850,851,852),(853,854,855),(856,857,858),(859,860,861),(862,863,864),(865,866,867),(868,869,870),(871,872,873),(874,875,876),(877,878,879),(880,881,882),(883,884,885),(886,887,888),(889,890,891),(892,893,894),(895,896,897),(898,899,900),(901,902,903),(904,905,906),(907,908,909),(910,911,912),(913,914,915),(916,917,918),(919,920,921),(922,923,924),(925,926,927),(928,929,930),(931,932,933),(934,935,936),(937,938,939),(940,941,942),(943,944,945),(946,947,948),(949,950,951),(952,953,954),(955,956,957),(958,959,960),(961,962,963),(964,965,966),(967,968,969),(970,971,972),(973,974,975),(976,977,978),(979,980,981),(982,983,984),(985,986,987),(988,989,990),(991,992,993),(994,995,996),(997,998,999),(1000,1001,1002),(1003,1004,1005),(1006,1007,1008),(1009,1010,1011),(1012,1013,1014),(1015,1016,1017),(1018,1019,1020),(1021,1022,1023),(1024,1025,1026),(1027,1028,1029),(1030,1031,1032),(1033,1034,1035),(1036,1037,1038),(1039,1040,1041),(1042,1043,1044),(1045,1046,1047),(1048,1049,1050),(1051,1052,1053),(1054,1055,1056),(1057,1058,1059),(1060,1061,1062),(1063,1064,1065),(1066,1067,1068),(1069,1070,1071),(1072,1073,1074),(1075,1076,1077),(1078,1079,1080),(1081,1082,1083),(1084,1085,1086),(1087,1088,1089),(1090,1091,1092),(1093,1094,1095),(1096,1097,1098),(1099,1100,1101),(1102,1103,1104),(1105,1106,1107),(1108,1109,1110),(1111,1112,1113),(1114,1115,1116),(1117,1118,1119),(1120,1121,1122),(1123,1124,1125),(1126,1127,1128),(1129,1130,1131),(1132,1133,1134),(1135,1136,1137),(1138,1139,1140),(1141,1142,1143),(1144,1145,1146),(1147,1148,1149),(1150,1151,1152),(1153,1154,1155),(1156,1157,1158),(1159,1160,1161),(1162,1163,1164),(1165,1166,1167),(1168,1169,1170),(1171,1172,1173),(1174,1175,1176),(1177,1178,1179),(1180,1181,1182),(1183,1184,1185),(1186,1187,1188),(1189,1190,1191),(1192,1193,1194),(1195,1196,1197),(1198,1199,1200),(1201,1202,1203),(1204,1205,1206),(1207,1208,1209),(1210,1211,1212),(1213,1214,1215),(1216,1217,1218),(1219,1220,1221),(1222,1223,1224),(1225,1226,1227),(1228,1229,1230),(1231,1232,1233),(1234,1235,1236),(1237,1238,1239),(1240,1241,1242),(1243,1244,1245),(1246,1247,1248),(1249,1250,1251),(1252,1253,1254),(1255,1256,1257),(1258,1259,1260),(1261,1262,1263),(1264,1265,1266),(1267,1268,1269),(1270,1271,1272),(1273,1274,1275),(1276,1277,1278),(1279,1280,1281),(1282,1283,1284),(1285,1286,1287),(1288,1289,1290),(1291,1292,1293),(1294,1295,1296),(1297,1298,1299),(1300,1301,1302),(1303,1304,1305),(1306,1307,1308),(1309,1310,1311),(1312,1313,1314),(1315,1316,1317),(1318,1319,1320),(1321,1322,1323),(1324,1325,1326),(1327,1328,1329),(1330,1331,1332),(1333,1334,1335),(1336,1337,1338),(1339,1340,1341),(1342,1343,1344),(1345,1346,1347),(1348,1349,1350),(1351,1352,1353),(1354,1355,1356),(1357,1358,1359),(1360,1361,1362),(1363,1364,1365),(1366,1367,1368),(1369,1370,1371),(1372,1373,1374),(1375,1376,1377),(1378,1379,1380),(1381,1382,1383),(1384,1385,1386),(1387,1388,1389),(1390,1391,1392),(1393,1394,1395),(1396,1397,1398),(1399,1400,1401),(1402,1403,1404),(1405,1406,1407),(1408,1409,1410),(1411,1412,1413),(1414,1415,1416),(1417,1418,1419),(1420,1421,1422),(1423,1424,1425),(1426,1427,1428),(1429,1430,1431),(1432,1433,1434),(1435,1436,1437),(1438,1439,1440),(1441,1442,1443),(1444,1445,1446),(1447,1448,1449),(1450,1451,1452),(1453,1454,1455),(1456,1457,1458),(1459,1460,1461),(1462,1463,1464),(1465,1466,1467),(1468,1469,1470),(1471,1472,1473),(1474,1475,1476),(1477,1478,1479),(1480,1481,1482),(1483,1484,1485),(1486,1487,1488),(1489,1490,1491),(1492,1493,1494),(1495,1496,1497),(1498,1499,1500),(1501,1502,1503),(1504,1505,1506),(1507,1508,1509),(1510,1511,1512),(1513,1514,1515),(1516,1517,1518),(1519,1520,1521),(1522,1523,1524),(1525,1526,1527),(1528,1529,1530),(1531,1532,1533),(1534,1535,1536),(1537,1538,1539),(1540,1541,1542),(1543,1544,1545),(1546,1547,1548),(1549,1550,1551),(1552,1553,1554),(1555,1556,1557),(1558,1559,1560),(1561,1562,1563),(1564,1565,1566),(1567,1568,1569),(1570,1571,1572),(1573,1574,1575),(1576,1577,1578),(1579,1580,1581),(1582,1583,1584),(1585,1586,1587),(1588,1589,1590),(1591,1592,1593),(1594,1595,1596),(1597,1598,1599),(1600,1601,1602),(1603,1604,1605),(1606,1607,1608),(1609,1610,1611),(1612,1613,1614),(1615,1616,1617),(1618,1619,1620),(1621,1622,1623),(1624,1625,1626),(1627,1628,1629),(1630,1631,1632),(1633,1634,1635),(1636,1637,1638),(1639,1640,1641),(1642,1643,1644),(1645,1646,1647),(1648,1649,1650),(1651,1652,1653),(1654,1655,1656),(1657,1658,1659),(1660,1661,1662),(1663,1664,1665),(1666,1667,1668),(1669,1670,1671),(1672,1673,1674),(1675,1676,1677),(1678,1679,1680),(1681,1682,1683),(1684,1685,1686),(1687,1688,1689),(1690,1691,1692),(1693,1694,1695),(1696,1697,1698),(1699,1700,1701),(1702,1703,1704),(1705,1706,1707),(1708,1709,1710),(1711,1712,1713),(1714,1715,1716)));
#3232=TESSELLATED_GEOMETRIC_SET('hole callout',(#3231));
#3233=COORDINATES_LIST('coordinates',5,((0.0886652,-0.0021806,0.),(0.1049655,-0.0021806,0.),(0.0791652,0.0023194,0.),(0.0836652,-0.0021806,0.),(0.0886652,-0.0021806,0.)));
#3234=TESSELLATED_CURVE_SET('curve set',#3233,((1,2),(3,4,5)));
#3235=TESSELLATED_GEOMETRIC_SET('hole callout',(#3234));
#3236=TESSELLATED_ANNOTATION_OCCURRENCE('hole callout',(#3229),#3232);
#3237=TESSELLATED_ANNOTATION_OCCURRENCE('hole callout',(#3229),#3235);
#3238=DRAUGHTING_CALLOUT('hole callout',(#3236,#3237));
#3239=DRAUGHTING_MODEL_ITEM_ASSOCIATION('','',#3189,#3225,#3238);
#3240=DRAUGHTING_MODEL_ITEM_ASSOCIATION('','',#3197,#3225,#3238);
#3241=DRAUGHTING_MODEL_ITEM_ASSOCIATION('','',#3176,#3225,#3238);
#3242=COMPOSITE_SHAPE_ASPECT('hole_callout.FEtyiyT8f3cBl6A_1.JJD.1',$,#3166,$);
#3243=SHAPE_ASPECT('hole_callout.FEtyiyT8f3cBl6A_1.JJD.1',$,#3166,.T.);
#3244=GEOMETRIC_ITEM_SPECIFIC_USAGE('','',#3243,#11,#1906);
#3245=SHAPE_ASPECT_RELATIONSHIP('','',#3242,#3243);
#3246=SHAPE_ASPECT('hole_callout.FEtyiyT8f3cBl6A_1.JJD.1',$,#3166,.T.);
#3247=GEOMETRIC_ITEM_SPECIFIC_USAGE('','',#3246,#11,#1904);
#3248=SHAPE_ASPECT_RELATIONSHIP('','',#3242,#3246);
#3249=SHAPE_ASPECT('hole_callout.FEtyiyT8f3cBl6A_1.JJD.1',$,#3166,.T.);
#3250=GEOMETRIC_ITEM_SPECIFIC_USAGE('','',#3249,#11,#1905);
#3251=SHAPE_ASPECT_RELATIONSHIP('','',#3242,#3249);
#3252=SHAPE_ASPECT('hole_callout.FEtyiyT8f3cBl6A_1.JJD.1',$,#3166,.T.);
#3253=GEOMETRIC_ITEM_SPECIFIC_USAGE('','',#3252,#11,#1900);
#3254=SHAPE_ASPECT_RELATIONSHIP('','',#3242,#3252);
#3255=SHAPE_ASPECT('hole_callout.FEtyiyT8f3cBl6A_1.JJD.1',$,#3166,.T.);
#3256=GEOMETRIC_ITEM_SPECIFIC_USAGE('','',#3255,#11,#1898);
#3257=SHAPE_ASPECT_RELATIONSHIP('','',#3242,#3255);
#3258=SHAPE_ASPECT('hole_callout.FEtyiyT8f3cBl6A_1.JJD.1',$,#3166,.T.);
#3259=GEOMETRIC_ITEM_SPECIFIC_USAGE('','',#3258,#11,#1899);
#3260=SHAPE_ASPECT_RELATIONSHIP('','',#3242,#3258);
#3261=SHAPE_ASPECT('hole_callout.FEtyiyT8f3cBl6A_1.JJD.1',$,#3166,.T.);
#3262=GEOMETRIC_ITEM_SPECIFIC_USAGE('','',#3261,#11,#1909);
#3263=SHAPE_ASPECT_RELATIONSHIP('','',#3242,#3261);
#3264=SHAPE_ASPECT('hole_callout.FEtyiyT8f3cBl6A_1.JJD.1',$,#3166,.T.);
#3265=GEOMETRIC_ITEM_SPECIFIC_USAGE('','',#3264,#11,#1907);
#3266=SHAPE_ASPECT_RELATIONSHIP('','',#3242,#3264);
#3267=SHAPE_ASPECT('hole_callout.FEtyiyT8f3cBl6A_1.JJD.1',$,#3166,.T.);
#3268=GEOMETRIC_ITEM_SPECIFIC_USAGE('','',#3267,#11,#1908);
#3269=SHAPE_ASPECT_RELATIONSHIP('','',#3242,#3267);
#3270=SHAPE_ASPECT('hole_callout.FEtyiyT8f3cBl6A_1.JJD.1',$,#3166,.T.);
#3271=GEOMETRIC_ITEM_SPECIFIC_USAGE('','',#3270,#11,#1903);
#3272=SHAPE_ASPECT_RELATIONSHIP('','',#3242,#3270);
#3273=SHAPE_ASPECT('hole_callout.FEtyiyT8f3cBl6A_1.JJD.1',$,#3166,.T.);
#3274=GEOMETRIC_ITEM_SPECIFIC_USAGE('','',#3273,#11,#1901);
#3275=SHAPE_ASPECT_RELATIONSHIP('','',#3242,#3273);
#3276=SHAPE_ASPECT('hole_callout.FEtyiyT8f3cBl6A_1.JJD.1',$,#3166,.T.);
#3277=GEOMETRIC_ITEM_SPECIFIC_USAGE('','',#3276,#11,#1902);
#3278=SHAPE_ASPECT_RELATIONSHIP('','',#3242,#3276);
#3279=DIMENSIONAL_SIZE(#3242,'diameter');
#3280=(
LENGTH_UNIT()
NAMED_UNIT(*)
SI_UNIT(.MILLI.,.METRE.)
);
#3282=PRECISION_QUALIFIER(3);
#3281=(
LENGTH_MEASURE_WITH_UNIT()
MEASURE_REPRESENTATION_ITEM()
MEASURE_WITH_UNIT(POSITIVE_LENGTH_MEASURE(3.2),#3280)
QUALIFIED_REPRESENTATION_ITEM((#3282))
REPRESENTATION_ITEM('nominal value')
);
#3283=COMPOUND_REPRESENTATION_ITEM('modifiers',SET_REPRESENTATION_ITEM((#3284)));
#3284=DESCRIPTIVE_REPRESENTATION_ITEM('dimensional note','diameter');
#3285=SHAPE_DIMENSION_REPRESENTATION('',(#3281,#3283),#3161);
#3286=DIMENSIONAL_CHARACTERISTIC_REPRESENTATION(#3279,#3285);
#3287=DIMENSIONAL_SIZE(#3242,'depth');
#3288=(
LENGTH_UNIT()
NAMED_UNIT(*)
SI_UNIT(.MILLI.,.METRE.)
);
#3290=PRECISION_QUALIFIER(3);
#3289=(
LENGTH_MEASURE_WITH_UNIT()
MEASURE_REPRESENTATION_ITEM()
MEASURE_WITH_UNIT(POSITIVE_LENGTH_MEASURE(2.),#3288)
QUALIFIED_REPRESENTATION_ITEM((#3290))
REPRESENTATION_ITEM('nominal value')
);
#3291=COMPOUND_REPRESENTATION_ITEM('modifiers',SET_REPRESENTATION_ITEM((#3292)));
#3292=DESCRIPTIVE_REPRESENTATION_ITEM('dimensional note','depth');
#3293=SHAPE_DIMENSION_REPRESENTATION('',(#3289,#3291),#3161);
#3294=DIMENSIONAL_CHARACTERISTIC_REPRESENTATION(#3287,#3293);
#3295=DIMENSIONAL_SIZE(#3242,'diameter');
#3296=(
LENGTH_UNIT()
NAMED_UNIT(*)
SI_UNIT(.MILLI.,.METRE.)
);
#3298=PRECISION_QUALIFIER(3);
#3297=(
LENGTH_MEASURE_WITH_UNIT()
MEASURE_REPRESENTATION_ITEM()
MEASURE_WITH_UNIT(POSITIVE_LENGTH_MEASURE(5.),#3296)
QUALIFIED_REPRESENTATION_ITEM((#3298))
REPRESENTATION_ITEM('nominal value')
);
#3299=COMPOUND_REPRESENTATION_ITEM('modifiers',SET_REPRESENTATION_ITEM((#3300,#3301)));
#3300=DESCRIPTIVE_REPRESENTATION_ITEM('dimensional note','counterbore');
#3301=DESCRIPTIVE_REPRESENTATION_ITEM('dimensional note','diameter');
#3302=SHAPE_DIMENSION_REPRESENTATION('',(#3297,#3299),#3161);
#3303=DIMENSIONAL_CHARACTERISTIC_REPRESENTATION(#3295,#3302);
#3304=PRESENTATION_STYLE_ASSIGNMENT((NULL_STYLE(.NULL.)));
#3305=CARTESIAN_POINT('',(-0.087271,0.0831357809107208,0.0064));
#3306=DIRECTION('',(0.,0.,1.));
#3307=DIRECTION('',(1.,0.,0.));
#3308=AXIS2_PLACEMENT_3D('',#3305,#3306,#3307);
#3309=PLANE('',#3308);
#3310=ANNOTATION_PLANE('',(#3304),#3309,(#3336));
#3311=CARTESIAN_POINT('',(0.,0.,0.));
#3312=DIRECTION('',(0.,0.,1.));
#3313=DIRECTION('',(1.,0.,0.));
#3314=AXIS2_PLACEMENT_3D('',#3311,#3312,#3313);
#3315=CARTESIAN_POINT('',(0.,0.,0.));
#3316=DIRECTION('',(0.,0.,1.));
#3317=DIRECTION('',(1.,0.,0.));
#3318=AXIS2_PLACEMENT_3D('',#3315,#3316,#3317);
#3319=SHAPE_REPRESENTATION('',(#3318,#1949),#3161);
#3320=REPRESENTATION_MAP(#3314,#3319);
#3321=MAPPED_ITEM('',#3320,#3314);
#3322=PRESENTATION_STYLE_ASSIGNMENT((NULL_STYLE(.NULL.)));
#3323=STYLED_ITEM('',(#3322),#3321);
#3324=DRAUGHTING_PRE_DEFINED_CURVE_FONT('continuous');
#3325=COLOUR_RGB('',0.,0.,0.);
#3326=CURVE_STYLE('',#3324,POSITIVE_LENGTH_MEASURE(0.02),#3325);
#3327=PRESENTATION_STYLE_ASSIGNMENT((#3326));
#3328=COORDINATES_LIST('coordinates',3558,((-0.0855032,0.0849035,0.0064000),(-0.0840890,0.0877320,0.0064000),(-0.0826748,0.0863178,0.0064000),(-0.0719086,0.0953413,0.0064000),(-0.0719086,0.0987544,0.0064000),(-0.0719248,0.0988362,0.0064000),(-0.0719086,0.0953413,0.0064000),(-0.0719248,0.0988362,0.0064000),(-0.0719732,0.0989057,0.0064000),(-0.0719086,0.0953413,0.0064000),(-0.0719732,0.0989057,0.0064000),(-0.0720430,0.0989534,0.0064000),(-0.0719086,0.0953413,0.0064000),(-0.0720430,0.0989534,0.0064000),(-0.0721256,0.0989692,0.0064000),(-0.0719086,0.0953413,0.0064000),(-0.0721256,0.0989692,0.0064000),(-0.0722081,0.0989534,0.0064000),(-0.0719086,0.0953413,0.0064000),(-0.0722081,0.0989534,0.0064000),(-0.0722780,0.0989057,0.0064000),(-0.0719086,0.0953413,0.0064000),(-0.0722780,0.0989057,0.0064000),(-0.0723256,0.0988362,0.0064000),(-0.0719086,0.0953413,0.0064000),(-0.0723256,0.0988362,0.0064000),(-0.0723415,0.0987544,0.0064000),(-0.0719086,0.0953413,0.0064000),(-0.0723415,0.0987544,0.0064000),(-0.0723415,0.0951264,0.0064000),(-0.0650866,0.0953413,0.0064000),(-0.0719086,0.0953413,0.0064000),(-0.0723415,0.0951264,0.0064000),(-0.0650866,0.0953413,0.0064000),(-0.0723415,0.0951264,0.0064000),(-0.0723259,0.0950415,0.0064000),(-0.0650866,0.0953413,0.0064000),(-0.0723259,0.0950415,0.0064000),(-0.0722790,0.0949730,0.0064000),(-0.0650866,0.0953413,0.0064000),(-0.0722790,0.0949730,0.0064000),(-0.0722092,0.0949269,0.0064000),(-0.0650866,0.0953413,0.0064000),(-0.0722092,0.0949269,0.0064000),(-0.0721245,0.0949116,0.0064000),(-0.0650866,0.0953413,0.0064000),(-0.0721245,0.0949116,0.0064000),(-0.0648707,0.0949116,0.0064000),(-0.0650866,0.0953413,0.0064000),(-0.0648707,0.0949116,0.0064000),(-0.0647863,0.0949269,0.0064000),(-0.0650866,0.0953413,0.0064000),(-0.0647863,0.0949269,0.0064000),(-0.0647172,0.0949730,0.0064000),(-0.0650866,0.0953413,0.0064000),(-0.0647172,0.0949730,0.0064000),(-0.0646712,0.0950415,0.0064000),(-0.0650866,0.0953413,0.0064000),(-0.0646712,0.0950415,0.0064000),(-0.0646559,0.0951264,0.0064000),(-0.0650866,0.0953413,0.0064000),(-0.0646559,0.0951264,0.0064000),(-0.0646559,0.0987544,0.0064000),(-0.0650866,0.0953413,0.0064000),(-0.0646559,0.0987544,0.0064000),(-0.0646717,0.0988362,0.0064000),(-0.0650866,0.0953413,0.0064000),(-0.0646717,0.0988362,0.0064000),(-0.0647194,0.0989057,0.0064000),(-0.0650866,0.0953413,0.0064000),(-0.0647194,0.0989057,0.0064000),(-0.0647890,0.0989534,0.0064000),(-0.0650866,0.0953413,0.0064000),(-0.0647890,0.0989534,0.0064000),(-0.0648707,0.0989692,0.0064000),(-0.0650866,0.0953413,0.0064000),(-0.0648707,0.0989692,0.0064000),(-0.0649527,0.0989534,0.0064000),(-0.0650866,0.0953413,0.0064000),(-0.0649527,0.0989534,0.0064000),(-0.0650231,0.0989057,0.0064000),(-0.0650866,0.0953413,0.0064000),(-0.0650231,0.0989057,0.0064000),(-0.0650707,0.0988362,0.0064000),(-0.0650866,0.0953413,0.0064000),(-0.0650707,0.0988362,0.0064000),(-0.0650866,0.0987544,0.0064000),(-0.0627998,0.0950873,0.0064000),(-0.0627028,0.0950466,0.0064000),(-0.0626048,0.0950113,0.0064000),(-0.0627998,0.0950873,0.0064000),(-0.0626048,0.0950113,0.0064000),(-0.0625058,0.0949815,0.0064000),(-0.0627998,0.0950873,0.0064000),(-0.0625058,0.0949815,0.0064000),(-0.0624059,0.0949571,0.0064000),(-0.0627998,0.0950873,0.0064000),(-0.0624059,0.0949571,0.0064000),(-0.0623050,0.0949381,0.0064000),(-0.0627998,0.0950873,0.0064000),(-0.0623050,0.0949381,0.0064000),(-0.0622031,0.0949246,0.0064000),(-0.0627998,0.0950873,0.0064000),(-0.0622031,0.0949246,0.0064000),(-0.0621003,0.0949164,0.0064000),(-0.0627998,0.0950873,0.0064000),(-0.0621003,0.0949164,0.0064000),(-0.0619966,0.0949137,0.0064000),(-0.0627998,0.0950873,0.0064000),(-0.0619966,0.0949137,0.0064000),(-0.0618608,0.0949180,0.0064000),(-0.0627998,0.0950873,0.0064000),(-0.0618608,0.0949180,0.0064000),(-0.0617276,0.0949310,0.0064000),(-0.0627998,0.0950873,0.0064000),(-0.0617276,0.0949310,0.0064000),(-0.0615969,0.0949526,0.0064000),(-0.0627998,0.0950873,0.0064000),(-0.0615969,0.0949526,0.0064000),(-0.0614687,0.0949828,0.0064000),(-0.0627998,0.0950873,0.0064000),(-0.0614687,0.0949828,0.0064000),(-0.0613431,0.0950216,0.0064000),(-0.0627998,0.0950873,0.0064000),(-0.0613431,0.0950216,0.0064000),(-0.0612201,0.0950691,0.0064000),(-0.0627998,0.0950873,0.0064000),(-0.0612201,0.0950691,0.0064000),(-0.0610996,0.0951252,0.0064000),(-0.0627998,0.0950873,0.0064000),(-0.0610996,0.0951252,0.0064000),(-0.0609816,0.0951899,0.0064000),(-0.0627998,0.0950873,0.0064000),(-0.0609816,0.0951899,0.0064000),(-0.0608681,0.0952623,0.0064000),(-0.0627998,0.0950873,0.0064000),(-0.0608681,0.0952623,0.0064000),(-0.0607607,0.0953409,0.0064000),(-0.0627998,0.0950873,0.0064000),(-0.0607607,0.0953409,0.0064000),(-0.0606596,0.0954256,0.0064000),(-0.0627998,0.0950873,0.0064000),(-0.0606596,0.0954256,0.0064000),(-0.0605646,0.0955164,0.0064000),(-0.0627998,0.0950873,0.0064000),(-0.0605646,0.0955164,0.0064000),(-0.0604759,0.0956134,0.0064000),(-0.0604759,0.0956134,0.0064000),(-0.0603935,0.0957166,0.0064000),(-0.0603172,0.0958259,0.0064000),(-0.0604759,0.0956134,0.0064000),(-0.0603172,0.0958259,0.0064000),(-0.0602471,0.0959414,0.0064000),(-0.0604759,0.0956134,0.0064000),(-0.0602471,0.0959414,0.0064000),(-0.0601841,0.0960611,0.0064000),(-0.0604759,0.0956134,0.0064000),(-0.0601841,0.0960611,0.0064000),(-0.0601295,0.0961834,0.0064000),(-0.0604759,0.0956134,0.0064000),(-0.0601295,0.0961834,0.0064000),(-0.0600833,0.0963081,0.0064000),(-0.0604759,0.0956134,0.0064000),(-0.0600833,0.0963081,0.0064000),(-0.0600455,0.0964353,0.0064000),(-0.0604759,0.0956134,0.0064000),(-0.0600455,0.0964353,0.0064000),(-0.0600161,0.0965650,0.0064000),(-0.0604759,0.0956134,0.0064000),(-0.0600161,0.0965650,0.0064000),(-0.0599951,0.0966972,0.0064000),(-0.0604759,0.0956134,0.0064000),(-0.0599951,0.0966972,0.0064000),(-0.0599825,0.0968319,0.0064000),(-0.0604759,0.0956134,0.0064000),(-0.0599825,0.0968319,0.0064000),(-0.0599783,0.0969690,0.0064000),(-0.0604759,0.0956134,0.0064000),(-0.0599783,0.0969690,0.0064000),(-0.0599825,0.0971006,0.0064000),(-0.0604759,0.0956134,0.0064000),(-0.0599825,0.0971006,0.0064000),(-0.0599951,0.0972315,0.0064000),(-0.0604759,0.0956134,0.0064000),(-0.0599951,0.0972315,0.0064000),(-0.0600161,0.0973615,0.0064000),(-0.0604759,0.0956134,0.0064000),(-0.0600161,0.0973615,0.0064000),(-0.0600455,0.0974908,0.0064000),(-0.0604759,0.0956134,0.0064000),(-0.0600455,0.0974908,0.0064000),(-0.0600833,0.0976192,0.0064000),(-0.0604759,0.0956134,0.0064000),(-0.0600833,0.0976192,0.0064000),(-0.0601295,0.0977469,0.0064000),(-0.0601295,0.0977469,0.0064000),(-0.0605213,0.0976054,0.0064000),(-0.0604848,0.0975075,0.0064000),(-0.0601295,0.0977469,0.0064000),(-0.0604848,0.0975075,0.0064000),(-0.0604548,0.0974064,0.0064000),(-0.0601295,0.0977469,0.0064000),(-0.0604548,0.0974064,0.0064000),(-0.0604316,0.0973019,0.0064000),(-0.0601295,0.0977469,0.0064000),(-0.0604316,0.0973019,0.0064000),(-0.0604150,0.0971942,0.0064000),(-0.0601295,0.0977469,0.0064000),(-0.0604150,0.0971942,0.0064000),(-0.0604050,0.0970832,0.0064000),(-0.0601295,0.0977469,0.0064000),(-0.0604050,0.0970832,0.0064000),(-0.0604017,0.0969690,0.0064000),(-0.0601295,0.0977469,0.0064000),(-0.0604017,0.0969690,0.0064000),(-0.0604050,0.0968590,0.0064000),(-0.0604759,0.0956134,0.0064000),(-0.0601295,0.0977469,0.0064000),(-0.0604050,0.0968590,0.0064000),(-0.0604759,0.0956134,0.0064000),(-0.0604050,0.0968590,0.0064000),(-0.0604151,0.0967511,0.0064000),(-0.0604759,0.0956134,0.0064000),(-0.0604151,0.0967511,0.0064000),(-0.0604319,0.0966454,0.0064000),(-0.0604759,0.0956134,0.0064000),(-0.0604319,0.0966454,0.0064000),(-0.0604554,0.0965420,0.0064000),(-0.0604759,0.0956134,0.0064000),(-0.0604554,0.0965420,0.0064000),(-0.0604856,0.0964407,0.0064000),(-0.0604759,0.0956134,0.0064000),(-0.0604856,0.0964407,0.0064000),(-0.0605225,0.0963415,0.0064000),(-0.0604759,0.0956134,0.0064000),(-0.0605225,0.0963415,0.0064000),(-0.0605661,0.0962446,0.0064000),(-0.0604759,0.0956134,0.0064000),(-0.0605661,0.0962446,0.0064000),(-0.0606165,0.0961498,0.0064000),(-0.0604759,0.0956134,0.0064000),(-0.0606165,0.0961498,0.0064000),(-0.0606723,0.0960586,0.0064000),(-0.0604759,0.0956134,0.0064000),(-0.0606723,0.0960586,0.0064000),(-0.0607330,0.0959723,0.0064000),(-0.0604759,0.0956134,0.0064000),(-0.0607330,0.0959723,0.0064000),(-0.0607984,0.0958909,0.0064000),(-0.0604759,0.0956134,0.0064000),(-0.0607984,0.0958909,0.0064000),(-0.0608686,0.0958144,0.0064000),(-0.0604759,0.0956134,0.0064000),(-0.0608686,0.0958144,0.0064000),(-0.0609437,0.0957427,0.0064000),(-0.0604759,0.0956134,0.0064000),(-0.0609437,0.0957427,0.0064000),(-0.0610235,0.0956760,0.0064000),(-0.0604759,0.0956134,0.0064000),(-0.0610235,0.0956760,0.0064000),(-0.0611081,0.0956141,0.0064000),(-0.0604759,0.0956134,0.0064000),(-0.0611081,0.0956141,0.0064000),(-0.0611975,0.0955572,0.0064000),(-0.0604759,0.0956134,0.0064000),(-0.0611975,0.0955572,0.0064000),(-0.0612901,0.0955061,0.0064000),(-0.0604759,0.0956134,0.0064000),(-0.0612901,0.0955061,0.0064000),(-0.0613848,0.0954618,0.0064000),(-0.0604759,0.0956134,0.0064000),(-0.0613848,0.0954618,0.0064000),(-0.0614815,0.0954243,0.0064000),(-0.0604759,0.0956134,0.0064000),(-0.0614815,0.0954243,0.0064000),(-0.0615804,0.0953937,0.0064000),(-0.0627998,0.0950873,0.0064000),(-0.0604759,0.0956134,0.0064000),(-0.0615804,0.0953937,0.0064000),(-0.0627998,0.0950873,0.0064000),(-0.0615804,0.0953937,0.0064000),(-0.0616813,0.0953698,0.0064000),(-0.0627998,0.0950873,0.0064000),(-0.0616813,0.0953698,0.0064000),(-0.0617843,0.0953528,0.0064000),(-0.0627998,0.0950873,0.0064000),(-0.0617843,0.0953528,0.0064000),(-0.0618894,0.0953426,0.0064000),(-0.0627998,0.0950873,0.0064000),(-0.0618894,0.0953426,0.0064000),(-0.0619966,0.0953392,0.0064000),(-0.0627998,0.0950873,0.0064000),(-0.0619966,0.0953392,0.0064000),(-0.0621502,0.0953462,0.0064000),(-0.0627998,0.0950873,0.0064000),(-0.0621502,0.0953462,0.0064000),(-0.0622998,0.0953675,0.0064000),(-0.0627998,0.0950873,0.0064000),(-0.0622998,0.0953675,0.0064000),(-0.0624454,0.0954029,0.0064000),(-0.0627998,0.0950873,0.0064000),(-0.0624454,0.0954029,0.0064000),(-0.0625871,0.0954524,0.0064000),(-0.0627998,0.0950873,0.0064000),(-0.0625871,0.0954524,0.0064000),(-0.0609901,0.0982358,0.0064000),(-0.0633608,0.0941126,0.0064000),(-0.0627998,0.0950873,0.0064000),(-0.0609901,0.0982358,0.0064000),(-0.0605645,0.0977000,0.0064000),(-0.0605213,0.0976054,0.0064000),(-0.0601295,0.0977469,0.0064000),(-0.0606144,0.0977913,0.0064000),(-0.0605645,0.0977000,0.0064000),(-0.0601295,0.0977469,0.0064000),(-0.0606823,0.0978953,0.0064000),(-0.0606144,0.0977913,0.0064000),(-0.0601295,0.0977469,0.0064000),(-0.0607676,0.0980040,0.0064000),(-0.0606823,0.0978953,0.0064000),(-0.0601295,0.0977469,0.0064000),(-0.0608167,0.0980602,0.0064000),(-0.0607676,0.0980040,0.0064000),(-0.0601295,0.0977469,0.0064000),(-0.0608702,0.0981176,0.0064000),(-0.0608167,0.0980602,0.0064000),(-0.0601295,0.0977469,0.0064000),(-0.0609280,0.0981761,0.0064000),(-0.0608702,0.0981176,0.0064000),(-0.0601295,0.0977469,0.0064000),(-0.0609901,0.0982358,0.0064000),(-0.0609280,0.0981761,0.0064000),(-0.0601295,0.0977469,0.0064000),(-0.0609901,0.0982358,0.0064000),(-0.0601295,0.0977469,0.0064000),(-0.0601841,0.0978737,0.0064000),(-0.0609901,0.0982358,0.0064000),(-0.0601841,0.0978737,0.0064000),(-0.0602471,0.0979998,0.0064000),(-0.0609901,0.0982358,0.0064000),(-0.0602471,0.0979998,0.0064000),(-0.0602973,0.0980865,0.0064000),(-0.0609901,0.0982358,0.0064000),(-0.0602973,0.0980865,0.0064000),(-0.0603521,0.0981699,0.0064000),(-0.0609901,0.0982358,0.0064000),(-0.0603521,0.0981699,0.0064000),(-0.0604115,0.0982500,0.0064000),(-0.0609901,0.0982358,0.0064000),(-0.0604115,0.0982500,0.0064000),(-0.0604755,0.0983268,0.0064000),(-0.0609901,0.0982358,0.0064000),(-0.0604755,0.0983268,0.0064000),(-0.0605441,0.0984003,0.0064000),(-0.0609901,0.0982358,0.0064000),(-0.0605441,0.0984003,0.0064000),(-0.0606172,0.0984705,0.0064000),(-0.0609901,0.0982358,0.0064000),(-0.0606172,0.0984705,0.0064000),(-0.0606950,0.0985374,0.0064000),(-0.0609901,0.0982358,0.0064000),(-0.0606950,0.0985374,0.0064000),(-0.0607774,0.0986009,0.0064000),(-0.0609901,0.0982358,0.0064000),(-0.0607774,0.0986009,0.0064000),(-0.0602355,0.0995534,0.0064000),(-0.0633608,0.0941126,0.0064000),(-0.0609901,0.0982358,0.0064000),(-0.0602355,0.0995534,0.0064000),(-0.0633608,0.0941126,0.0064000),(-0.0602355,0.0995534,0.0064000),(-0.0602069,0.0996572,0.0064000),(-0.0633608,0.0941126,0.0064000),(-0.0602069,0.0996572,0.0064000),(-0.0602143,0.0997175,0.0064000),(-0.0633608,0.0941126,0.0064000),(-0.0602143,0.0997175,0.0064000),(-0.0602530,0.0997926,0.0064000),(-0.0633608,0.0941126,0.0064000),(-0.0602530,0.0997926,0.0064000),(-0.0603180,0.0998466,0.0064000),(-0.0633608,0.0941126,0.0064000),(-0.0603180,0.0998466,0.0064000),(-0.0604207,0.0998773,0.0064000),(-0.0633608,0.0941126,0.0064000),(-0.0604207,0.0998773,0.0064000),(-0.0604810,0.0998699,0.0064000),(-0.0633608,0.0941126,0.0064000),(-0.0604810,0.0998699,0.0064000),(-0.0605567,0.0998313,0.0064000),(-0.0633608,0.0941126,0.0064000),(-0.0605567,0.0998313,0.0064000),(-0.0606123,0.0997662,0.0064000),(-0.0633608,0.0941126,0.0064000),(-0.0606123,0.0997662,0.0064000),(-0.0611478,0.0988380,0.0064000),(-0.0611478,0.0988380,0.0064000),(-0.0612484,0.0988824,0.0064000),(-0.0613523,0.0989209,0.0064000),(-0.0611478,0.0988380,0.0064000),(-0.0613523,0.0989209,0.0064000),(-0.0614595,0.0989535,0.0064000),(-0.0611478,0.0988380,0.0064000),(-0.0614595,0.0989535,0.0064000),(-0.0615701,0.0989801,0.0064000),(-0.0611478,0.0988380,0.0064000),(-0.0615701,0.0989801,0.0064000),(-0.0616839,0.0990008,0.0064000),(-0.0611478,0.0988380,0.0064000),(-0.0616839,0.0990008,0.0064000),(-0.0618010,0.0990156,0.0064000),(-0.0611478,0.0988380,0.0064000),(-0.0618010,0.0990156,0.0064000),(-0.0619215,0.0990245,0.0064000),(-0.0611478,0.0988380,0.0064000),(-0.0619215,0.0990245,0.0064000),(-0.0620452,0.0990275,0.0064000),(-0.0611478,0.0988380,0.0064000),(-0.0620452,0.0990275,0.0064000),(-0.0621699,0.0990231,0.0064000),(-0.0611478,0.0988380,0.0064000),(-0.0621699,0.0990231,0.0064000),(-0.0622934,0.0990101,0.0064000),(-0.0611478,0.0988380,0.0064000),(-0.0622934,0.0990101,0.0064000),(-0.0624158,0.0989885,0.0064000),(-0.0611478,0.0988380,0.0064000),(-0.0624158,0.0989885,0.0064000),(-0.0625371,0.0989581,0.0064000),(-0.0611478,0.0988380,0.0064000),(-0.0625371,0.0989581,0.0064000),(-0.0626573,0.0989191,0.0064000),(-0.0611478,0.0988380,0.0064000),(-0.0626573,0.0989191,0.0064000),(-0.0627765,0.0988715,0.0064000),(-0.0611478,0.0988380,0.0064000),(-0.0627765,0.0988715,0.0064000),(-0.0628945,0.0988152,0.0064000),(-0.0611478,0.0988380,0.0064000),(-0.0628945,0.0988152,0.0064000),(-0.0630115,0.0987502,0.0064000),(-0.0611478,0.0988380,0.0064000),(-0.0630115,0.0987502,0.0064000),(-0.0631246,0.0986780,0.0064000),(-0.0611478,0.0988380,0.0064000),(-0.0631246,0.0986780,0.0064000),(-0.0632316,0.0985996,0.0064000),(-0.0611478,0.0988380,0.0064000),(-0.0632316,0.0985996,0.0064000),(-0.0633326,0.0985150,0.0064000),(-0.0611478,0.0988380,0.0064000),(-0.0633326,0.0985150,0.0064000),(-0.0634274,0.0984242,0.0064000),(-0.0611478,0.0988380,0.0064000),(-0.0634274,0.0984242,0.0064000),(-0.0635162,0.0983272,0.0064000),(-0.0635162,0.0983272,0.0064000),(-0.0635989,0.0982239,0.0064000),(-0.0636755,0.0981144,0.0064000),(-0.0635162,0.0983272,0.0064000),(-0.0636755,0.0981144,0.0064000),(-0.0637460,0.0979988,0.0064000),(-0.0635162,0.0983272,0.0064000),(-0.0637460,0.0979988,0.0064000),(-0.0638092,0.0978789,0.0064000),(-0.0635162,0.0983272,0.0064000),(-0.0638092,0.0978789,0.0064000),(-0.0638641,0.0977566,0.0064000),(-0.0635162,0.0983272,0.0064000),(-0.0638641,0.0977566,0.0064000),(-0.0639104,0.0976317,0.0064000),(-0.0635162,0.0983272,0.0064000),(-0.0639104,0.0976317,0.0064000),(-0.0639484,0.0975042,0.0064000),(-0.0635162,0.0983272,0.0064000),(-0.0639484,0.0975042,0.0064000),(-0.0639779,0.0973743,0.0064000),(-0.0635162,0.0983272,0.0064000),(-0.0639779,0.0973743,0.0064000),(-0.0639990,0.0972417,0.0064000),(-0.0635162,0.0983272,0.0064000),(-0.0639990,0.0972417,0.0064000),(-0.0640116,0.0971066,0.0064000),(-0.0635162,0.0983272,0.0064000),(-0.0640116,0.0971066,0.0064000),(-0.0640159,0.0969690,0.0064000),(-0.0635162,0.0983272,0.0064000),(-0.0640159,0.0969690,0.0064000),(-0.0640117,0.0968309,0.0064000),(-0.0635162,0.0983272,0.0064000),(-0.0640117,0.0968309,0.0064000),(-0.0639991,0.0966956,0.0064000),(-0.0635162,0.0983272,0.0064000),(-0.0639991,0.0966956,0.0064000),(-0.0639781,0.0965630,0.0064000),(-0.0635162,0.0983272,0.0064000),(-0.0639781,0.0965630,0.0064000),(-0.0639487,0.0964332,0.0064000),(-0.0635162,0.0983272,0.0064000),(-0.0639487,0.0964332,0.0064000),(-0.0639109,0.0963061,0.0064000),(-0.0635162,0.0983272,0.0064000),(-0.0639109,0.0963061,0.0064000),(-0.0638647,0.0961818,0.0064000),(-0.0635162,0.0983272,0.0064000),(-0.0638647,0.0961818,0.0064000),(-0.0638101,0.0960602,0.0064000),(-0.0635162,0.0983272,0.0064000),(-0.0638101,0.0960602,0.0064000),(-0.0637470,0.0959414,0.0064000),(-0.0637470,0.0959414,0.0064000),(-0.0633787,0.0961498,0.0064000),(-0.0634281,0.0962446,0.0064000),(-0.0637470,0.0959414,0.0064000),(-0.0634281,0.0962446,0.0064000),(-0.0634709,0.0963415,0.0064000),(-0.0637470,0.0959414,0.0064000),(-0.0634709,0.0963415,0.0064000),(-0.0635071,0.0964405,0.0064000),(-0.0637470,0.0959414,0.0064000),(-0.0635071,0.0964405,0.0064000),(-0.0635367,0.0965417,0.0064000),(-0.0637470,0.0959414,0.0064000),(-0.0635367,0.0965417,0.0064000),(-0.0635597,0.0966450,0.0064000),(-0.0637470,0.0959414,0.0064000),(-0.0635597,0.0966450,0.0064000),(-0.0635762,0.0967505,0.0064000),(-0.0637470,0.0959414,0.0064000),(-0.0635762,0.0967505,0.0064000),(-0.0635861,0.0968582,0.0064000),(-0.0637470,0.0959414,0.0064000),(-0.0635861,0.0968582,0.0064000),(-0.0635894,0.0969679,0.0064000),(-0.0637470,0.0959414,0.0064000),(-0.0635894,0.0969679,0.0064000),(-0.0635860,0.0970778,0.0064000),(-0.0635162,0.0983272,0.0064000),(-0.0637470,0.0959414,0.0064000),(-0.0635860,0.0970778,0.0064000),(-0.0635162,0.0983272,0.0064000),(-0.0635860,0.0970778,0.0064000),(-0.0635760,0.0971855,0.0064000),(-0.0635162,0.0983272,0.0064000),(-0.0635760,0.0971855,0.0064000),(-0.0635593,0.0972911,0.0064000),(-0.0635162,0.0983272,0.0064000),(-0.0635593,0.0972911,0.0064000),(-0.0635359,0.0973947,0.0064000),(-0.0635162,0.0983272,0.0064000),(-0.0635359,0.0973947,0.0064000),(-0.0635058,0.0974962,0.0064000),(-0.0635162,0.0983272,0.0064000),(-0.0635058,0.0974962,0.0064000),(-0.0634691,0.0975956,0.0064000),(-0.0635162,0.0983272,0.0064000),(-0.0634691,0.0975956,0.0064000),(-0.0634257,0.0976929,0.0064000),(-0.0635162,0.0983272,0.0064000),(-0.0634257,0.0976929,0.0064000),(-0.0633756,0.0977881,0.0064000),(-0.0635162,0.0983272,0.0064000),(-0.0633756,0.0977881,0.0064000),(-0.0633197,0.0978801,0.0064000),(-0.0635162,0.0983272,0.0064000),(-0.0633197,0.0978801,0.0064000),(-0.0632591,0.0979670,0.0064000),(-0.0635162,0.0983272,0.0064000),(-0.0632591,0.0979670,0.0064000),(-0.0631937,0.0980489,0.0064000),(-0.0635162,0.0983272,0.0064000),(-0.0631937,0.0980489,0.0064000),(-0.0631234,0.0981258,0.0064000),(-0.0635162,0.0983272,0.0064000),(-0.0631234,0.0981258,0.0064000),(-0.0630484,0.0981976,0.0064000),(-0.0635162,0.0983272,0.0064000),(-0.0630484,0.0981976,0.0064000),(-0.0629686,0.0982644,0.0064000),(-0.0635162,0.0983272,0.0064000),(-0.0629686,0.0982644,0.0064000),(-0.0628840,0.0983262,0.0064000),(-0.0635162,0.0983272,0.0064000),(-0.0628840,0.0983262,0.0064000),(-0.0627945,0.0983829,0.0064000),(-0.0635162,0.0983272,0.0064000),(-0.0627945,0.0983829,0.0064000),(-0.0627025,0.0984340,0.0064000),(-0.0635162,0.0983272,0.0064000),(-0.0627025,0.0984340,0.0064000),(-0.0626099,0.0984783,0.0064000),(-0.0635162,0.0983272,0.0064000),(-0.0626099,0.0984783,0.0064000),(-0.0625167,0.0985158,0.0064000),(-0.0635162,0.0983272,0.0064000),(-0.0625167,0.0985158,0.0064000),(-0.0624231,0.0985464,0.0064000),(-0.0635162,0.0983272,0.0064000),(-0.0624231,0.0985464,0.0064000),(-0.0623289,0.0985703,0.0064000),(-0.0611478,0.0988380,0.0064000),(-0.0635162,0.0983272,0.0064000),(-0.0623289,0.0985703,0.0064000),(-0.0611478,0.0988380,0.0064000),(-0.0623289,0.0985703,0.0064000),(-0.0622342,0.0985873,0.0064000),(-0.0611478,0.0988380,0.0064000),(-0.0622342,0.0985873,0.0064000),(-0.0621389,0.0985975,0.0064000),(-0.0611478,0.0988380,0.0064000),(-0.0621389,0.0985975,0.0064000),(-0.0620431,0.0986009,0.0064000),(-0.0611478,0.0988380,0.0064000),(-0.0620431,0.0986009,0.0064000),(-0.0620368,0.0986009,0.0064000),(-0.0611478,0.0988380,0.0064000),(-0.0620368,0.0986009,0.0064000),(-0.0619431,0.0985989,0.0064000),(-0.0611478,0.0988380,0.0064000),(-0.0619431,0.0985989,0.0064000),(-0.0618519,0.0985926,0.0064000),(-0.0611478,0.0988380,0.0064000),(-0.0618519,0.0985926,0.0064000),(-0.0617633,0.0985822,0.0064000),(-0.0611478,0.0988380,0.0064000),(-0.0617633,0.0985822,0.0064000),(-0.0616772,0.0985676,0.0064000),(-0.0611478,0.0988380,0.0064000),(-0.0616772,0.0985676,0.0064000),(-0.0615937,0.0985489,0.0064000),(-0.0611478,0.0988380,0.0064000),(-0.0615937,0.0985489,0.0064000),(-0.0615127,0.0985259,0.0064000),(-0.0611478,0.0988380,0.0064000),(-0.0615127,0.0985259,0.0064000),(-0.0614343,0.0984989,0.0064000),(-0.0611478,0.0988380,0.0064000),(-0.0614343,0.0984989,0.0064000),(-0.0613584,0.0984676,0.0064000),(-0.0633608,0.0941126,0.0064000),(-0.0611478,0.0988380,0.0064000),(-0.0613584,0.0984676,0.0064000),(-0.0633608,0.0941126,0.0064000),(-0.0613584,0.0984676,0.0064000),(-0.0629628,0.0956725,0.0064000),(-0.0633608,0.0941126,0.0064000),(-0.0629628,0.0956725,0.0064000),(-0.0630833,0.0957754,0.0064000),(-0.0633364,0.0960806,0.0064000),(-0.0633787,0.0961498,0.0064000),(-0.0637470,0.0959414,0.0064000),(-0.0632912,0.0960141,0.0064000),(-0.0633364,0.0960806,0.0064000),(-0.0637470,0.0959414,0.0064000),(-0.0631927,0.0958892,0.0064000),(-0.0632912,0.0960141,0.0064000),(-0.0637470,0.0959414,0.0064000),(-0.0630833,0.0957754,0.0064000),(-0.0631927,0.0958892,0.0064000),(-0.0637470,0.0959414,0.0064000),(-0.0630833,0.0957754,0.0064000),(-0.0637470,0.0959414,0.0064000),(-0.0636891,0.0958463,0.0064000),(-0.0630833,0.0957754,0.0064000),(-0.0636891,0.0958463,0.0064000),(-0.0636275,0.0957554,0.0064000),(-0.0630833,0.0957754,0.0064000),(-0.0636275,0.0957554,0.0064000),(-0.0635621,0.0956685,0.0064000),(-0.0630833,0.0957754,0.0064000),(-0.0635621,0.0956685,0.0064000),(-0.0634930,0.0955858,0.0064000),(-0.0630833,0.0957754,0.0064000),(-0.0634930,0.0955858,0.0064000),(-0.0634203,0.0955071,0.0064000),(-0.0630833,0.0957754,0.0064000),(-0.0634203,0.0955071,0.0064000),(-0.0633438,0.0954326,0.0064000),(-0.0630833,0.0957754,0.0064000),(-0.0633438,0.0954326,0.0064000),(-0.0632637,0.0953621,0.0064000),(-0.0630833,0.0957754,0.0064000),(-0.0632637,0.0953621,0.0064000),(-0.0631798,0.0952958,0.0064000),(-0.0633608,0.0941126,0.0064000),(-0.0630833,0.0957754,0.0064000),(-0.0631798,0.0952958,0.0064000),(-0.0633608,0.0941126,0.0064000),(-0.0631798,0.0952958,0.0064000),(-0.0637354,0.0943253,0.0064000),(-0.0633608,0.0941126,0.0064000),(-0.0637354,0.0943253,0.0064000),(-0.0637629,0.0942237,0.0064000),(-0.0633608,0.0941126,0.0064000),(-0.0637629,0.0942237,0.0064000),(-0.0637566,0.0941634,0.0064000),(-0.0633608,0.0941126,0.0064000),(-0.0637566,0.0941634,0.0064000),(-0.0637174,0.0940864,0.0064000),(-0.0633608,0.0941126,0.0064000),(-0.0637174,0.0940864,0.0064000),(-0.0636550,0.0940311,0.0064000),(-0.0633608,0.0941126,0.0064000),(-0.0636550,0.0940311,0.0064000),(-0.0635502,0.0940035,0.0064000),(-0.0633608,0.0941126,0.0064000),(-0.0635502,0.0940035,0.0064000),(-0.0634899,0.0940110,0.0064000),(-0.0633608,0.0941126,0.0064000),(-0.0634899,0.0940110,0.0064000),(-0.0634174,0.0940464,0.0064000),(-0.0594343,0.0958906,0.0064000),(-0.0594322,0.0958419,0.0064000),(-0.0594083,0.0957498,0.0064000),(-0.0594343,0.0958906,0.0064000),(-0.0594083,0.0957498,0.0064000),(-0.0593804,0.0956635,0.0064000),(-0.0594343,0.0958906,0.0064000),(-0.0593804,0.0956635,0.0064000),(-0.0593486,0.0955830,0.0064000),(-0.0594343,0.0958906,0.0064000),(-0.0593486,0.0955830,0.0064000),(-0.0593129,0.0955082,0.0064000),(-0.0594343,0.0958906,0.0064000),(-0.0593129,0.0955082,0.0064000),(-0.0592732,0.0954393,0.0064000),(-0.0594343,0.0958906,0.0064000),(-0.0592732,0.0954393,0.0064000),(-0.0592296,0.0953761,0.0064000),(-0.0594343,0.0958906,0.0064000),(-0.0592296,0.0953761,0.0064000),(-0.0591306,0.0952672,0.0064000),(-0.0594343,0.0958906,0.0064000),(-0.0591306,0.0952672,0.0064000),(-0.0590496,0.0951977,0.0064000),(-0.0594343,0.0958906,0.0064000),(-0.0590496,0.0951977,0.0064000),(-0.0589665,0.0951376,0.0064000),(-0.0594343,0.0958906,0.0064000),(-0.0589665,0.0951376,0.0064000),(-0.0588812,0.0950866,0.0064000),(-0.0594343,0.0958906,0.0064000),(-0.0588812,0.0950866,0.0064000),(-0.0587938,0.0950449,0.0064000),(-0.0594343,0.0958906,0.0064000),(-0.0587938,0.0950449,0.0064000),(-0.0587042,0.0950125,0.0064000),(-0.0594343,0.0958906,0.0064000),(-0.0587042,0.0950125,0.0064000),(-0.0586125,0.0949894,0.0064000),(-0.0594343,0.0958906,0.0064000),(-0.0586125,0.0949894,0.0064000),(-0.0585186,0.0949755,0.0064000),(-0.0594343,0.0958906,0.0064000),(-0.0585186,0.0949755,0.0064000),(-0.0584226,0.0949709,0.0064000),(-0.0594343,0.0958906,0.0064000),(-0.0584226,0.0949709,0.0064000),(-0.0583273,0.0949756,0.0064000),(-0.0594343,0.0958906,0.0064000),(-0.0583273,0.0949756,0.0064000),(-0.0582347,0.0949897,0.0064000),(-0.0594343,0.0958906,0.0064000),(-0.0582347,0.0949897,0.0064000),(-0.0581448,0.0950133,0.0064000),(-0.0594343,0.0958906,0.0064000),(-0.0581448,0.0950133,0.0064000),(-0.0580574,0.0950463,0.0064000),(-0.0580574,0.0950463,0.0064000),(-0.0579728,0.0950887,0.0064000),(-0.0578908,0.0951405,0.0064000),(-0.0580574,0.0950463,0.0064000),(-0.0578908,0.0951405,0.0064000),(-0.0578114,0.0952018,0.0064000),(-0.0580574,0.0950463,0.0064000),(-0.0578114,0.0952018,0.0064000),(-0.0577347,0.0952725,0.0064000),(-0.0580574,0.0950463,0.0064000),(-0.0577347,0.0952725,0.0064000),(-0.0576545,0.0953607,0.0064000),(-0.0580574,0.0950463,0.0064000),(-0.0576545,0.0953607,0.0064000),(-0.0575851,0.0954556,0.0064000),(-0.0580574,0.0950463,0.0064000),(-0.0575851,0.0954556,0.0064000),(-0.0575263,0.0955570,0.0064000),(-0.0580574,0.0950463,0.0064000),(-0.0575263,0.0955570,0.0064000),(-0.0574783,0.0956651,0.0064000),(-0.0580574,0.0950463,0.0064000),(-0.0574783,0.0956651,0.0064000),(-0.0574409,0.0957798,0.0064000),(-0.0580574,0.0950463,0.0064000),(-0.0574409,0.0957798,0.0064000),(-0.0574142,0.0959011,0.0064000),(-0.0580574,0.0950463,0.0064000),(-0.0574142,0.0959011,0.0064000),(-0.0573982,0.0960291,0.0064000),(-0.0580574,0.0950463,0.0064000),(-0.0573982,0.0960291,0.0064000),(-0.0573928,0.0961636,0.0064000),(-0.0580574,0.0950463,0.0064000),(-0.0573928,0.0961636,0.0064000),(-0.0573941,0.0962669,0.0064000),(-0.0580574,0.0950463,0.0064000),(-0.0573941,0.0962669,0.0064000),(-0.0573980,0.0963661,0.0064000),(-0.0580574,0.0950463,0.0064000),(-0.0573980,0.0963661,0.0064000),(-0.0574044,0.0964613,0.0064000),(-0.0580574,0.0950463,0.0064000),(-0.0574044,0.0964613,0.0064000),(-0.0574135,0.0965525,0.0064000),(-0.0580574,0.0950463,0.0064000),(-0.0574135,0.0965525,0.0064000),(-0.0574251,0.0966396,0.0064000),(-0.0580574,0.0950463,0.0064000),(-0.0574251,0.0966396,0.0064000),(-0.0574393,0.0967227,0.0064000),(-0.0580574,0.0950463,0.0064000),(-0.0574393,0.0967227,0.0064000),(-0.0574560,0.0968017,0.0064000),(-0.0580574,0.0950463,0.0064000),(-0.0574560,0.0968017,0.0064000),(-0.0574754,0.0968767,0.0064000),(-0.0580574,0.0950463,0.0064000),(-0.0574754,0.0968767,0.0064000),(-0.0575218,0.0970145,0.0064000),(-0.0575218,0.0970145,0.0064000),(-0.0575786,0.0971361,0.0064000),(-0.0576456,0.0972416,0.0064000),(-0.0575218,0.0970145,0.0064000),(-0.0576456,0.0972416,0.0064000),(-0.0577230,0.0973309,0.0064000),(-0.0575218,0.0970145,0.0064000),(-0.0577230,0.0973309,0.0064000),(-0.0578025,0.0974004,0.0064000),(-0.0575218,0.0970145,0.0064000),(-0.0578025,0.0974004,0.0064000),(-0.0578843,0.0974606,0.0064000),(-0.0575218,0.0970145,0.0064000),(-0.0578843,0.0974606,0.0064000),(-0.0579685,0.0975115,0.0064000),(-0.0575218,0.0970145,0.0064000),(-0.0579685,0.0975115,0.0064000),(-0.0580551,0.0975532,0.0064000),(-0.0575218,0.0970145,0.0064000),(-0.0580551,0.0975532,0.0064000),(-0.0581440,0.0975856,0.0064000),(-0.0575218,0.0970145,0.0064000),(-0.0581440,0.0975856,0.0064000),(-0.0582352,0.0976088,0.0064000),(-0.0575218,0.0970145,0.0064000),(-0.0582352,0.0976088,0.0064000),(-0.0583288,0.0976227,0.0064000),(-0.0575218,0.0970145,0.0064000),(-0.0583288,0.0976227,0.0064000),(-0.0584247,0.0976273,0.0064000),(-0.0575218,0.0970145,0.0064000),(-0.0584247,0.0976273,0.0064000),(-0.0585100,0.0976240,0.0064000),(-0.0575218,0.0970145,0.0064000),(-0.0585100,0.0976240,0.0064000),(-0.0585924,0.0976143,0.0064000),(-0.0575218,0.0970145,0.0064000),(-0.0585924,0.0976143,0.0064000),(-0.0586718,0.0975980,0.0064000),(-0.0575218,0.0970145,0.0064000),(-0.0586718,0.0975980,0.0064000),(-0.0587483,0.0975752,0.0064000),(-0.0575218,0.0970145,0.0064000),(-0.0587483,0.0975752,0.0064000),(-0.0588924,0.0975100,0.0064000),(-0.0575218,0.0970145,0.0064000),(-0.0588924,0.0975100,0.0064000),(-0.0590248,0.0974188,0.0064000),(-0.0589824,0.0985967,0.0064000),(-0.0577071,0.0985967,0.0064000),(-0.0576256,0.0986126,0.0064000),(-0.0589824,0.0985967,0.0064000),(-0.0576256,0.0986126,0.0064000),(-0.0575569,0.0986602,0.0064000),(-0.0589824,0.0985967,0.0064000),(-0.0575569,0.0986602,0.0064000),(-0.0575100,0.0987295,0.0064000),(-0.0589824,0.0985967,0.0064000),(-0.0575100,0.0987295,0.0064000),(-0.0574944,0.0988105,0.0064000),(-0.0589824,0.0985967,0.0064000),(-0.0574944,0.0988105,0.0064000),(-0.0575100,0.0988912,0.0064000),(-0.0589824,0.0985967,0.0064000),(-0.0575100,0.0988912,0.0064000),(-0.0575569,0.0989597,0.0064000),(-0.0589824,0.0985967,0.0064000),(-0.0575569,0.0989597,0.0064000),(-0.0576256,0.0990073,0.0064000),(-0.0589824,0.0985967,0.0064000),(-0.0576256,0.0990073,0.0064000),(-0.0577071,0.0990232,0.0064000),(-0.0589824,0.0985967,0.0064000),(-0.0577071,0.0990232,0.0064000),(-0.0591793,0.0990232,0.0064000),(-0.0590248,0.0974188,0.0064000),(-0.0589824,0.0985967,0.0064000),(-0.0591793,0.0990232,0.0064000),(-0.0590248,0.0974188,0.0064000),(-0.0591793,0.0990232,0.0064000),(-0.0592597,0.0990092,0.0064000),(-0.0590248,0.0974188,0.0064000),(-0.0592597,0.0990092,0.0064000),(-0.0593296,0.0989671,0.0064000),(-0.0590248,0.0974188,0.0064000),(-0.0593296,0.0989671,0.0064000),(-0.0593772,0.0989020,0.0064000),(-0.0590248,0.0974188,0.0064000),(-0.0593772,0.0989020,0.0064000),(-0.0593931,0.0988232,0.0064000),(-0.0590248,0.0974188,0.0064000),(-0.0593931,0.0988232,0.0064000),(-0.0594735,0.0967584,0.0064000),(-0.0590248,0.0974188,0.0064000),(-0.0594735,0.0967584,0.0064000),(-0.0594603,0.0966790,0.0064000),(-0.0590248,0.0974188,0.0064000),(-0.0594603,0.0966790,0.0064000),(-0.0594206,0.0966081,0.0064000),(-0.0590248,0.0974188,0.0064000),(-0.0594206,0.0966081,0.0064000),(-0.0593555,0.0965541,0.0064000),(-0.0590248,0.0974188,0.0064000),(-0.0593555,0.0965541,0.0064000),(-0.0592724,0.0965361,0.0064000),(-0.0590248,0.0974188,0.0064000),(-0.0592724,0.0965361,0.0064000),(-0.0591912,0.0965496,0.0064000),(-0.0590248,0.0974188,0.0064000),(-0.0591912,0.0965496,0.0064000),(-0.0591190,0.0965901,0.0064000),(-0.0590248,0.0974188,0.0064000),(-0.0591190,0.0965901,0.0064000),(-0.0590565,0.0966917,0.0064000),(-0.0590248,0.0974188,0.0064000),(-0.0590565,0.0966917,0.0064000),(-0.0590225,0.0967768,0.0064000),(-0.0590248,0.0974188,0.0064000),(-0.0590225,0.0967768,0.0064000),(-0.0589734,0.0968608,0.0064000),(-0.0590248,0.0974188,0.0064000),(-0.0589734,0.0968608,0.0064000),(-0.0589093,0.0969435,0.0064000),(-0.0590248,0.0974188,0.0064000),(-0.0589093,0.0969435,0.0064000),(-0.0588300,0.0970251,0.0064000),(-0.0590248,0.0974188,0.0064000),(-0.0588300,0.0970251,0.0064000),(-0.0587345,0.0971029,0.0064000),(-0.0590248,0.0974188,0.0064000),(-0.0587345,0.0971029,0.0064000),(-0.0586350,0.0971584,0.0064000),(-0.0590248,0.0974188,0.0064000),(-0.0586350,0.0971584,0.0064000),(-0.0585318,0.0971918,0.0064000),(-0.0590248,0.0974188,0.0064000),(-0.0585318,0.0971918,0.0064000),(-0.0584247,0.0972029,0.0064000),(-0.0590248,0.0974188,0.0064000),(-0.0584247,0.0972029,0.0064000),(-0.0583182,0.0971918,0.0064000),(-0.0575218,0.0970145,0.0064000),(-0.0590248,0.0974188,0.0064000),(-0.0583182,0.0971918,0.0064000),(-0.0575218,0.0970145,0.0064000),(-0.0583182,0.0971918,0.0064000),(-0.0582157,0.0971584,0.0064000),(-0.0575218,0.0970145,0.0064000),(-0.0582157,0.0971584,0.0064000),(-0.0581171,0.0971029,0.0064000),(-0.0575218,0.0970145,0.0064000),(-0.0581171,0.0971029,0.0064000),(-0.0580225,0.0970251,0.0064000),(-0.0575218,0.0970145,0.0064000),(-0.0580225,0.0970251,0.0064000),(-0.0579322,0.0968965,0.0064000),(-0.0575218,0.0970145,0.0064000),(-0.0579322,0.0968965,0.0064000),(-0.0578968,0.0968104,0.0064000),(-0.0575218,0.0970145,0.0064000),(-0.0578968,0.0968104,0.0064000),(-0.0578677,0.0967097,0.0064000),(-0.0575218,0.0970145,0.0064000),(-0.0578677,0.0967097,0.0064000),(-0.0578452,0.0965945,0.0064000),(-0.0575218,0.0970145,0.0064000),(-0.0578452,0.0965945,0.0064000),(-0.0578290,0.0964647,0.0064000),(-0.0575218,0.0970145,0.0064000),(-0.0578290,0.0964647,0.0064000),(-0.0578194,0.0963204,0.0064000),(-0.0575218,0.0970145,0.0064000),(-0.0578194,0.0963204,0.0064000),(-0.0578161,0.0961615,0.0064000),(-0.0575218,0.0970145,0.0064000),(-0.0578161,0.0961615,0.0064000),(-0.0578196,0.0960700,0.0064000),(-0.0575218,0.0970145,0.0064000),(-0.0578196,0.0960700,0.0064000),(-0.0578299,0.0959836,0.0064000),(-0.0575218,0.0970145,0.0064000),(-0.0578299,0.0959836,0.0064000),(-0.0578471,0.0959020,0.0064000),(-0.0580574,0.0950463,0.0064000),(-0.0575218,0.0970145,0.0064000),(-0.0578471,0.0959020,0.0064000),(-0.0580574,0.0950463,0.0064000),(-0.0578471,0.0959020,0.0064000),(-0.0578712,0.0958255,0.0064000),(-0.0580574,0.0950463,0.0064000),(-0.0578712,0.0958255,0.0064000),(-0.0579400,0.0956872,0.0064000),(-0.0580574,0.0950463,0.0064000),(-0.0579400,0.0956872,0.0064000),(-0.0580363,0.0955688,0.0064000),(-0.0580574,0.0950463,0.0064000),(-0.0580363,0.0955688,0.0064000),(-0.0581276,0.0954929,0.0064000),(-0.0580574,0.0950463,0.0064000),(-0.0581276,0.0954929,0.0064000),(-0.0582236,0.0954386,0.0064000),(-0.0580574,0.0950463,0.0064000),(-0.0582236,0.0954386,0.0064000),(-0.0583244,0.0954061,0.0064000),(-0.0580574,0.0950463,0.0064000),(-0.0583244,0.0954061,0.0064000),(-0.0584300,0.0953953,0.0064000),(-0.0580574,0.0950463,0.0064000),(-0.0584300,0.0953953,0.0064000),(-0.0585326,0.0954065,0.0064000),(-0.0580574,0.0950463,0.0064000),(-0.0585326,0.0954065,0.0064000),(-0.0586350,0.0954402,0.0064000),(-0.0580574,0.0950463,0.0064000),(-0.0586350,0.0954402,0.0064000),(-0.0587374,0.0954965,0.0064000),(-0.0594343,0.0958906,0.0064000),(-0.0580574,0.0950463,0.0064000),(-0.0587374,0.0954965,0.0064000),(-0.0594343,0.0958906,0.0064000),(-0.0587374,0.0954965,0.0064000),(-0.0588396,0.0955752,0.0064000),(-0.0594343,0.0958906,0.0064000),(-0.0588396,0.0955752,0.0064000),(-0.0589417,0.0957180,0.0064000),(-0.0594343,0.0958906,0.0064000),(-0.0589417,0.0957180,0.0064000),(-0.0589812,0.0958181,0.0064000),(-0.0594343,0.0958906,0.0064000),(-0.0589812,0.0958181,0.0064000),(-0.0590131,0.0959371,0.0064000),(-0.0594343,0.0958906,0.0064000),(-0.0590131,0.0959371,0.0064000),(-0.0590572,0.0960098,0.0064000),(-0.0594343,0.0958906,0.0064000),(-0.0590572,0.0960098,0.0064000),(-0.0591057,0.0960617,0.0064000),(-0.0594343,0.0958906,0.0064000),(-0.0591057,0.0960617,0.0064000),(-0.0592163,0.0961033,0.0064000),(-0.0594343,0.0958906,0.0064000),(-0.0592163,0.0961033,0.0064000),(-0.0592237,0.0961033,0.0064000),(-0.0594343,0.0958906,0.0064000),(-0.0592237,0.0961033,0.0064000),(-0.0592976,0.0960876,0.0064000),(-0.0594343,0.0958906,0.0064000),(-0.0592976,0.0960876,0.0064000),(-0.0593573,0.0960469,0.0064000),(-0.0536599,0.0950190,0.0064000),(-0.0535604,0.0949100,0.0064000),(-0.0534472,0.0948825,0.0064000),(-0.0536599,0.0950190,0.0064000),(-0.0534472,0.0948825,0.0064000),(-0.0533461,0.0949079,0.0064000),(-0.0536599,0.0950190,0.0064000),(-0.0533461,0.0949079,0.0064000),(-0.0532694,0.0949841,0.0064000),(-0.0536599,0.0950190,0.0064000),(-0.0532694,0.0949841,0.0064000),(-0.0532620,0.0949904,0.0064000),(-0.0536599,0.0950190,0.0064000),(-0.0532620,0.0949904,0.0064000),(-0.0520163,0.0971579,0.0064000),(-0.0536599,0.0950190,0.0064000),(-0.0520163,0.0971579,0.0064000),(-0.0519888,0.0972648,0.0064000),(-0.0536599,0.0950190,0.0064000),(-0.0519888,0.0972648,0.0064000),(-0.0520166,0.0973741,0.0064000),(-0.0536599,0.0950190,0.0064000),(-0.0520166,0.0973741,0.0064000),(-0.0520999,0.0974521,0.0064000),(-0.0536599,0.0950190,0.0064000),(-0.0520999,0.0974521,0.0064000),(-0.0522068,0.0974818,0.0064000),(-0.0536599,0.0950190,0.0064000),(-0.0522068,0.0974818,0.0064000),(-0.0523155,0.0974540,0.0064000),(-0.0536599,0.0950190,0.0064000),(-0.0523155,0.0974540,0.0064000),(-0.0523920,0.0973706,0.0064000),(-0.0536599,0.0950190,0.0064000),(-0.0523920,0.0973706,0.0064000),(-0.0532344,0.0959048,0.0064000),(-0.0536599,0.0950190,0.0064000),(-0.0532344,0.0959048,0.0064000),(-0.0532344,0.0985126,0.0064000),(-0.0532344,0.0985126,0.0064000),(-0.0516480,0.0985126,0.0064000),(-0.0515631,0.0985285,0.0064000),(-0.0532344,0.0985126,0.0064000),(-0.0515631,0.0985285,0.0064000),(-0.0514924,0.0985761,0.0064000),(-0.0532344,0.0985126,0.0064000),(-0.0514924,0.0985761,0.0064000),(-0.0514448,0.0986457,0.0064000),(-0.0532344,0.0985126,0.0064000),(-0.0514448,0.0986457,0.0064000),(-0.0514289,0.0987274,0.0064000),(-0.0532344,0.0985126,0.0064000),(-0.0514289,0.0987274,0.0064000),(-0.0514448,0.0988094,0.0064000),(-0.0532344,0.0985126,0.0064000),(-0.0514448,0.0988094,0.0064000),(-0.0514924,0.0988798,0.0064000),(-0.0532344,0.0985126,0.0064000),(-0.0514924,0.0988798,0.0064000),(-0.0515631,0.0989290,0.0064000),(-0.0532344,0.0985126,0.0064000),(-0.0515631,0.0989290,0.0064000),(-0.0516480,0.0989454,0.0064000),(-0.0532344,0.0985126,0.0064000),(-0.0516480,0.0989454,0.0064000),(-0.0534546,0.0989454,0.0064000),(-0.0536599,0.0950190,0.0064000),(-0.0532344,0.0985126,0.0064000),(-0.0534546,0.0989454,0.0064000),(-0.0534546,0.0989454,0.0064000),(-0.0552601,0.0989454,0.0064000),(-0.0553429,0.0989290,0.0064000),(-0.0534546,0.0989454,0.0064000),(-0.0553429,0.0989290,0.0064000),(-0.0554114,0.0988798,0.0064000),(-0.0534546,0.0989454,0.0064000),(-0.0554114,0.0988798,0.0064000),(-0.0554575,0.0988094,0.0064000),(-0.0534546,0.0989454,0.0064000),(-0.0554575,0.0988094,0.0064000),(-0.0554728,0.0987274,0.0064000),(-0.0534546,0.0989454,0.0064000),(-0.0554728,0.0987274,0.0064000),(-0.0554575,0.0986457,0.0064000),(-0.0534546,0.0989454,0.0064000),(-0.0554575,0.0986457,0.0064000),(-0.0554114,0.0985761,0.0064000),(-0.0534546,0.0989454,0.0064000),(-0.0554114,0.0985761,0.0064000),(-0.0553429,0.0985285,0.0064000),(-0.0534546,0.0989454,0.0064000),(-0.0553429,0.0985285,0.0064000),(-0.0552601,0.0985126,0.0064000),(-0.0534546,0.0989454,0.0064000),(-0.0552601,0.0985126,0.0064000),(-0.0536673,0.0985126,0.0064000),(-0.0536599,0.0950190,0.0064000),(-0.0534546,0.0989454,0.0064000),(-0.0536673,0.0985126,0.0064000),(-0.0536599,0.0950190,0.0064000),(-0.0536673,0.0985126,0.0064000),(-0.0536673,0.0959006,0.0064000),(-0.0536599,0.0950190,0.0064000),(-0.0536673,0.0959006,0.0064000),(-0.0545235,0.0973897,0.0064000),(-0.0536599,0.0950190,0.0064000),(-0.0545235,0.0973897,0.0064000),(-0.0546031,0.0974691,0.0064000),(-0.0536599,0.0950190,0.0064000),(-0.0546031,0.0974691,0.0064000),(-0.0547108,0.0974955,0.0064000),(-0.0536599,0.0950190,0.0064000),(-0.0547108,0.0974955,0.0064000),(-0.0548219,0.0974680,0.0064000),(-0.0536599,0.0950190,0.0064000),(-0.0548219,0.0974680,0.0064000),(-0.0549037,0.0973884,0.0064000),(-0.0536599,0.0950190,0.0064000),(-0.0549037,0.0973884,0.0064000),(-0.0549309,0.0972786,0.0064000),(-0.0536599,0.0950190,0.0064000),(-0.0549309,0.0972786,0.0064000),(-0.0548992,0.0971696,0.0064000),(-0.0498023,0.0953662,0.0064000),(-0.0486307,0.0969568,0.0064000),(-0.0485662,0.0970506,0.0064000),(-0.0498023,0.0953662,0.0064000),(-0.0485662,0.0970506,0.0064000),(-0.0485103,0.0971482,0.0064000),(-0.0498023,0.0953662,0.0064000),(-0.0485103,0.0971482,0.0064000),(-0.0484630,0.0972497,0.0064000),(-0.0498023,0.0953662,0.0064000),(-0.0484630,0.0972497,0.0064000),(-0.0484243,0.0973550,0.0064000),(-0.0498023,0.0953662,0.0064000),(-0.0484243,0.0973550,0.0064000),(-0.0483942,0.0974642,0.0064000),(-0.0498023,0.0953662,0.0064000),(-0.0483942,0.0974642,0.0064000),(-0.0483727,0.0975773,0.0064000),(-0.0498023,0.0953662,0.0064000),(-0.0483727,0.0975773,0.0064000),(-0.0483598,0.0976943,0.0064000),(-0.0498023,0.0953662,0.0064000),(-0.0483598,0.0976943,0.0064000),(-0.0483555,0.0978151,0.0064000),(-0.0498023,0.0953662,0.0064000),(-0.0483555,0.0978151,0.0064000),(-0.0483607,0.0979401,0.0064000),(-0.0498023,0.0953662,0.0064000),(-0.0483607,0.0979401,0.0064000),(-0.0483760,0.0980605,0.0064000),(-0.0498023,0.0953662,0.0064000),(-0.0483760,0.0980605,0.0064000),(-0.0484017,0.0981762,0.0064000),(-0.0498023,0.0953662,0.0064000),(-0.0484017,0.0981762,0.0064000),(-0.0484375,0.0982874,0.0064000),(-0.0484375,0.0982874,0.0064000),(-0.0484837,0.0983940,0.0064000),(-0.0485401,0.0984960,0.0064000),(-0.0484375,0.0982874,0.0064000),(-0.0485401,0.0984960,0.0064000),(-0.0486067,0.0985934,0.0064000),(-0.0484375,0.0982874,0.0064000),(-0.0486067,0.0985934,0.0064000),(-0.0486836,0.0986861,0.0064000),(-0.0484375,0.0982874,0.0064000),(-0.0486836,0.0986861,0.0064000),(-0.0487565,0.0987593,0.0064000),(-0.0484375,0.0982874,0.0064000),(-0.0487565,0.0987593,0.0064000),(-0.0488339,0.0988227,0.0064000),(-0.0484375,0.0982874,0.0064000),(-0.0488339,0.0988227,0.0064000),(-0.0489158,0.0988764,0.0064000),(-0.0484375,0.0982874,0.0064000),(-0.0489158,0.0988764,0.0064000),(-0.0490022,0.0989203,0.0064000),(-0.0484375,0.0982874,0.0064000),(-0.0490022,0.0989203,0.0064000),(-0.0490931,0.0989544,0.0064000),(-0.0484375,0.0982874,0.0064000),(-0.0490931,0.0989544,0.0064000),(-0.0491884,0.0989788,0.0064000),(-0.0484375,0.0982874,0.0064000),(-0.0491884,0.0989788,0.0064000),(-0.0492883,0.0989935,0.0064000),(-0.0484375,0.0982874,0.0064000),(-0.0492883,0.0989935,0.0064000),(-0.0493927,0.0989984,0.0064000),(-0.0484375,0.0982874,0.0064000),(-0.0493927,0.0989984,0.0064000),(-0.0494912,0.0989936,0.0064000),(-0.0484375,0.0982874,0.0064000),(-0.0494912,0.0989936,0.0064000),(-0.0495867,0.0989792,0.0064000),(-0.0484375,0.0982874,0.0064000),(-0.0495867,0.0989792,0.0064000),(-0.0496792,0.0989553,0.0064000),(-0.0484375,0.0982874,0.0064000),(-0.0496792,0.0989553,0.0064000),(-0.0497687,0.0989219,0.0064000),(-0.0484375,0.0982874,0.0064000),(-0.0497687,0.0989219,0.0064000),(-0.0498551,0.0988789,0.0064000),(-0.0484375,0.0982874,0.0064000),(-0.0498551,0.0988789,0.0064000),(-0.0499386,0.0988263,0.0064000),(-0.0499386,0.0988263,0.0064000),(-0.0500190,0.0987642,0.0064000),(-0.0500965,0.0986925,0.0064000),(-0.0499386,0.0988263,0.0064000),(-0.0500965,0.0986925,0.0064000),(-0.0501756,0.0986060,0.0064000),(-0.0499386,0.0988263,0.0064000),(-0.0501756,0.0986060,0.0064000),(-0.0502442,0.0985131,0.0064000),(-0.0499386,0.0988263,0.0064000),(-0.0502442,0.0985131,0.0064000),(-0.0503022,0.0984139,0.0064000),(-0.0499386,0.0988263,0.0064000),(-0.0503022,0.0984139,0.0064000),(-0.0503497,0.0983083,0.0064000),(-0.0499386,0.0988263,0.0064000),(-0.0503497,0.0983083,0.0064000),(-0.0503866,0.0981964,0.0064000),(-0.0499386,0.0988263,0.0064000),(-0.0503866,0.0981964,0.0064000),(-0.0504130,0.0980781,0.0064000),(-0.0499386,0.0988263,0.0064000),(-0.0504130,0.0980781,0.0064000),(-0.0504288,0.0979535,0.0064000),(-0.0499386,0.0988263,0.0064000),(-0.0504288,0.0979535,0.0064000),(-0.0504341,0.0978225,0.0064000),(-0.0499386,0.0988263,0.0064000),(-0.0504341,0.0978225,0.0064000),(-0.0504341,0.0978173,0.0064000),(-0.0499386,0.0988263,0.0064000),(-0.0504341,0.0978173,0.0064000),(-0.0504185,0.0977358,0.0064000),(-0.0499386,0.0988263,0.0064000),(-0.0504185,0.0977358,0.0064000),(-0.0503716,0.0976670,0.0064000),(-0.0499386,0.0988263,0.0064000),(-0.0503716,0.0976670,0.0064000),(-0.0503029,0.0976201,0.0064000),(-0.0499386,0.0988263,0.0064000),(-0.0503029,0.0976201,0.0064000),(-0.0502214,0.0976045,0.0064000),(-0.0499386,0.0988263,0.0064000),(-0.0502214,0.0976045,0.0064000),(-0.0501399,0.0976201,0.0064000),(-0.0499386,0.0988263,0.0064000),(-0.0501399,0.0976201,0.0064000),(-0.0500711,0.0976670,0.0064000),(-0.0499386,0.0988263,0.0064000),(-0.0500711,0.0976670,0.0064000),(-0.0500235,0.0977358,0.0064000),(-0.0500235,0.0977358,0.0064000),(-0.0500076,0.0978173,0.0064000),(-0.0500076,0.0978225,0.0064000),(-0.0500235,0.0977358,0.0064000),(-0.0500076,0.0978225,0.0064000),(-0.0500043,0.0979095,0.0064000),(-0.0499386,0.0988263,0.0064000),(-0.0500235,0.0977358,0.0064000),(-0.0500043,0.0979095,0.0064000),(-0.0499386,0.0988263,0.0064000),(-0.0500043,0.0979095,0.0064000),(-0.0499943,0.0979919,0.0064000),(-0.0499386,0.0988263,0.0064000),(-0.0499943,0.0979919,0.0064000),(-0.0499777,0.0980698,0.0064000),(-0.0499386,0.0988263,0.0064000),(-0.0499777,0.0980698,0.0064000),(-0.0499544,0.0981432,0.0064000),(-0.0499386,0.0988263,0.0064000),(-0.0499544,0.0981432,0.0064000),(-0.0498879,0.0982766,0.0064000),(-0.0499386,0.0988263,0.0064000),(-0.0498879,0.0982766,0.0064000),(-0.0497949,0.0983919,0.0064000),(-0.0499386,0.0988263,0.0064000),(-0.0497949,0.0983919,0.0064000),(-0.0497040,0.0984706,0.0064000),(-0.0499386,0.0988263,0.0064000),(-0.0497040,0.0984706,0.0064000),(-0.0496070,0.0985269,0.0064000),(-0.0499386,0.0988263,0.0064000),(-0.0496070,0.0985269,0.0064000),(-0.0495039,0.0985606,0.0064000),(-0.0499386,0.0988263,0.0064000),(-0.0495039,0.0985606,0.0064000),(-0.0493948,0.0985718,0.0064000),(-0.0499386,0.0988263,0.0064000),(-0.0493948,0.0985718,0.0064000),(-0.0492816,0.0985610,0.0064000),(-0.0499386,0.0988263,0.0064000),(-0.0492816,0.0985610,0.0064000),(-0.0491778,0.0985285,0.0064000),(-0.0484375,0.0982874,0.0064000),(-0.0499386,0.0988263,0.0064000),(-0.0491778,0.0985285,0.0064000),(-0.0484375,0.0982874,0.0064000),(-0.0491778,0.0985285,0.0064000),(-0.0490837,0.0984742,0.0064000),(-0.0484375,0.0982874,0.0064000),(-0.0490837,0.0984742,0.0064000),(-0.0489990,0.0983983,0.0064000),(-0.0484375,0.0982874,0.0064000),(-0.0489990,0.0983983,0.0064000),(-0.0489474,0.0983371,0.0064000),(-0.0484375,0.0982874,0.0064000),(-0.0489474,0.0983371,0.0064000),(-0.0489027,0.0982727,0.0064000),(-0.0484375,0.0982874,0.0064000),(-0.0489027,0.0982727,0.0064000),(-0.0488339,0.0981340,0.0064000),(-0.0484375,0.0982874,0.0064000),(-0.0488339,0.0981340,0.0064000),(-0.0487926,0.0979822,0.0064000),(-0.0484375,0.0982874,0.0064000),(-0.0487926,0.0979822,0.0064000),(-0.0487823,0.0979013,0.0064000),(-0.0484375,0.0982874,0.0064000),(-0.0487823,0.0979013,0.0064000),(-0.0487789,0.0978173,0.0064000),(-0.0484375,0.0982874,0.0064000),(-0.0487789,0.0978173,0.0064000),(-0.0487818,0.0977305,0.0064000),(-0.0484375,0.0982874,0.0064000),(-0.0487818,0.0977305,0.0064000),(-0.0487906,0.0976471,0.0064000),(-0.0484375,0.0982874,0.0064000),(-0.0487906,0.0976471,0.0064000),(-0.0488052,0.0975670,0.0064000),(-0.0484375,0.0982874,0.0064000),(-0.0488052,0.0975670,0.0064000),(-0.0488257,0.0974902,0.0064000),(-0.0484375,0.0982874,0.0064000),(-0.0488257,0.0974902,0.0064000),(-0.0488842,0.0973466,0.0064000),(-0.0498023,0.0953662,0.0064000),(-0.0484375,0.0982874,0.0064000),(-0.0488842,0.0973466,0.0064000),(-0.0498023,0.0953662,0.0064000),(-0.0488842,0.0973466,0.0064000),(-0.0489662,0.0972161,0.0064000),(-0.0498023,0.0953662,0.0064000),(-0.0489662,0.0972161,0.0064000),(-0.0503896,0.0952825,0.0064000),(-0.0485661,0.0953662,0.0064000),(-0.0498023,0.0953662,0.0064000),(-0.0503896,0.0952825,0.0064000),(-0.0485661,0.0953662,0.0064000),(-0.0503896,0.0952825,0.0064000),(-0.0504362,0.0951577,0.0064000),(-0.0485661,0.0953662,0.0064000),(-0.0504362,0.0951577,0.0064000),(-0.0504341,0.0951227,0.0064000),(-0.0485661,0.0953662,0.0064000),(-0.0504341,0.0951227,0.0064000),(-0.0504076,0.0950442,0.0064000),(-0.0485661,0.0953662,0.0064000),(-0.0504076,0.0950442,0.0064000),(-0.0503558,0.0949883,0.0064000),(-0.0485661,0.0953662,0.0064000),(-0.0503558,0.0949883,0.0064000),(-0.0502872,0.0949534,0.0064000),(-0.0485661,0.0953662,0.0064000),(-0.0502872,0.0949534,0.0064000),(-0.0502214,0.0949418,0.0064000),(-0.0485661,0.0953662,0.0064000),(-0.0502214,0.0949418,0.0064000),(-0.0485661,0.0949418,0.0064000),(-0.0485661,0.0953662,0.0064000),(-0.0485661,0.0949418,0.0064000),(-0.0484828,0.0949568,0.0064000),(-0.0485661,0.0953662,0.0064000),(-0.0484828,0.0949568,0.0064000),(-0.0484148,0.0950021,0.0064000),(-0.0485661,0.0953662,0.0064000),(-0.0484148,0.0950021,0.0064000),(-0.0483703,0.0950701,0.0064000),(-0.0485661,0.0953662,0.0064000),(-0.0483703,0.0950701,0.0064000),(-0.0483555,0.0951534,0.0064000),(-0.0485661,0.0953662,0.0064000),(-0.0483555,0.0951534,0.0064000),(-0.0483703,0.0952376,0.0064000),(-0.0485661,0.0953662,0.0064000),(-0.0483703,0.0952376,0.0064000),(-0.0484148,0.0953058,0.0064000),(-0.0485661,0.0953662,0.0064000),(-0.0484148,0.0953058,0.0064000),(-0.0484807,0.0953511,0.0064000),(-0.0717872,0.1017610,0.0064000),(-0.0716902,0.1017204,0.0064000),(-0.0715921,0.1016851,0.0064000),(-0.0717872,0.1017610,0.0064000),(-0.0715921,0.1016851,0.0064000),(-0.0714932,0.1016553,0.0064000),(-0.0717872,0.1017610,0.0064000),(-0.0714932,0.1016553,0.0064000),(-0.0713932,0.1016309,0.0064000),(-0.0717872,0.1017610,0.0064000),(-0.0713932,0.1016309,0.0064000),(-0.0712924,0.1016119,0.0064000),(-0.0717872,0.1017610,0.0064000),(-0.0712924,0.1016119,0.0064000),(-0.0711905,0.1015983,0.0064000),(-0.0717872,0.1017610,0.0064000),(-0.0711905,0.1015983,0.0064000),(-0.0710877,0.1015902,0.0064000),(-0.0717872,0.1017610,0.0064000),(-0.0710877,0.1015902,0.0064000),(-0.0709839,0.1015875,0.0064000),(-0.0717872,0.1017610,0.0064000),(-0.0709839,0.1015875,0.0064000),(-0.0708482,0.1015918,0.0064000),(-0.0717872,0.1017610,0.0064000),(-0.0708482,0.1015918,0.0064000),(-0.0707149,0.1016047,0.0064000),(-0.0717872,0.1017610,0.0064000),(-0.0707149,0.1016047,0.0064000),(-0.0705842,0.1016263,0.0064000),(-0.0717872,0.1017610,0.0064000),(-0.0705842,0.1016263,0.0064000),(-0.0704561,0.1016565,0.0064000),(-0.0717872,0.1017610,0.0064000),(-0.0704561,0.1016565,0.0064000),(-0.0703305,0.1016954,0.0064000),(-0.0717872,0.1017610,0.0064000),(-0.0703305,0.1016954,0.0064000),(-0.0702074,0.1017428,0.0064000),(-0.0717872,0.1017610,0.0064000),(-0.0702074,0.1017428,0.0064000),(-0.0700869,0.1017989,0.0064000),(-0.0717872,0.1017610,0.0064000),(-0.0700869,0.1017989,0.0064000),(-0.0699690,0.1018637,0.0064000),(-0.0717872,0.1017610,0.0064000),(-0.0699690,0.1018637,0.0064000),(-0.0698554,0.1019361,0.0064000),(-0.0717872,0.1017610,0.0064000),(-0.0698554,0.1019361,0.0064000),(-0.0697481,0.1020146,0.0064000),(-0.0717872,0.1017610,0.0064000),(-0.0697481,0.1020146,0.0064000),(-0.0696469,0.1020993,0.0064000),(-0.0717872,0.1017610,0.0064000),(-0.0696469,0.1020993,0.0064000),(-0.0695520,0.1021902,0.0064000),(-0.0717872,0.1017610,0.0064000),(-0.0695520,0.1021902,0.0064000),(-0.0694633,0.1022872,0.0064000),(-0.0694633,0.1022872,0.0064000),(-0.0693808,0.1023903,0.0064000),(-0.0693046,0.1024996,0.0064000),(-0.0694633,0.1022872,0.0064000),(-0.0693046,0.1024996,0.0064000),(-0.0692345,0.1026151,0.0064000),(-0.0694633,0.1022872,0.0064000),(-0.0692345,0.1026151,0.0064000),(-0.0691715,0.1027349,0.0064000),(-0.0694633,0.1022872,0.0064000),(-0.0691715,0.1027349,0.0064000),(-0.0691169,0.1028571,0.0064000),(-0.0694633,0.1022872,0.0064000),(-0.0691169,0.1028571,0.0064000),(-0.0690707,0.1029819,0.0064000),(-0.0694633,0.1022872,0.0064000),(-0.0690707,0.1029819,0.0064000),(-0.0690329,0.1031091,0.0064000),(-0.0694633,0.1022872,0.0064000),(-0.0690329,0.1031091,0.0064000),(-0.0690035,0.1032388,0.0064000),(-0.0694633,0.1022872,0.0064000),(-0.0690035,0.1032388,0.0064000),(-0.0689825,0.1033710,0.0064000),(-0.0694633,0.1022872,0.0064000),(-0.0689825,0.1033710,0.0064000),(-0.0689699,0.1035056,0.0064000),(-0.0694633,0.1022872,0.0064000),(-0.0689699,0.1035056,0.0064000),(-0.0689657,0.1036427,0.0064000),(-0.0694633,0.1022872,0.0064000),(-0.0689657,0.1036427,0.0064000),(-0.0689699,0.1037744,0.0064000),(-0.0694633,0.1022872,0.0064000),(-0.0689699,0.1037744,0.0064000),(-0.0689825,0.1039052,0.0064000),(-0.0694633,0.1022872,0.0064000),(-0.0689825,0.1039052,0.0064000),(-0.0690035,0.1040353,0.0064000),(-0.0694633,0.1022872,0.0064000),(-0.0690035,0.1040353,0.0064000),(-0.0690329,0.1041645,0.0064000),(-0.0694633,0.1022872,0.0064000),(-0.0690329,0.1041645,0.0064000),(-0.0690707,0.1042930,0.0064000),(-0.0694633,0.1022872,0.0064000),(-0.0690707,0.1042930,0.0064000),(-0.0691169,0.1044206,0.0064000),(-0.0691169,0.1044206,0.0064000),(-0.0695087,0.1042791,0.0064000),(-0.0694721,0.1041813,0.0064000),(-0.0691169,0.1044206,0.0064000),(-0.0694721,0.1041813,0.0064000),(-0.0694422,0.1040801,0.0064000),(-0.0691169,0.1044206,0.0064000),(-0.0694422,0.1040801,0.0064000),(-0.0694189,0.1039757,0.0064000),(-0.0691169,0.1044206,0.0064000),(-0.0694189,0.1039757,0.0064000),(-0.0694023,0.1038680,0.0064000),(-0.0691169,0.1044206,0.0064000),(-0.0694023,0.1038680,0.0064000),(-0.0693923,0.1037570,0.0064000),(-0.0691169,0.1044206,0.0064000),(-0.0693923,0.1037570,0.0064000),(-0.0693890,0.1036427,0.0064000),(-0.0691169,0.1044206,0.0064000),(-0.0693890,0.1036427,0.0064000),(-0.0693924,0.1035327,0.0064000),(-0.0694633,0.1022872,0.0064000),(-0.0691169,0.1044206,0.0064000),(-0.0693924,0.1035327,0.0064000),(-0.0694633,0.1022872,0.0064000),(-0.0693924,0.1035327,0.0064000),(-0.0694025,0.1034249,0.0064000),(-0.0694633,0.1022872,0.0064000),(-0.0694025,0.1034249,0.0064000),(-0.0694192,0.1033192,0.0064000),(-0.0694633,0.1022872,0.0064000),(-0.0694192,0.1033192,0.0064000),(-0.0694427,0.1032157,0.0064000),(-0.0694633,0.1022872,0.0064000),(-0.0694427,0.1032157,0.0064000),(-0.0694729,0.1031144,0.0064000),(-0.0694633,0.1022872,0.0064000),(-0.0694729,0.1031144,0.0064000),(-0.0695099,0.1030153,0.0064000),(-0.0694633,0.1022872,0.0064000),(-0.0695099,0.1030153,0.0064000),(-0.0695535,0.1029184,0.0064000),(-0.0694633,0.1022872,0.0064000),(-0.0695535,0.1029184,0.0064000),(-0.0696039,0.1028236,0.0064000),(-0.0694633,0.1022872,0.0064000),(-0.0696039,0.1028236,0.0064000),(-0.0696597,0.1027324,0.0064000),(-0.0694633,0.1022872,0.0064000),(-0.0696597,0.1027324,0.0064000),(-0.0697203,0.1026461,0.0064000),(-0.0694633,0.1022872,0.0064000),(-0.0697203,0.1026461,0.0064000),(-0.0697858,0.1025646,0.0064000),(-0.0694633,0.1022872,0.0064000),(-0.0697858,0.1025646,0.0064000),(-0.0698560,0.1024881,0.0064000),(-0.0694633,0.1022872,0.0064000),(-0.0698560,0.1024881,0.0064000),(-0.0699310,0.1024165,0.0064000),(-0.0694633,0.1022872,0.0064000),(-0.0699310,0.1024165,0.0064000),(-0.0700109,0.1023497,0.0064000),(-0.0694633,0.1022872,0.0064000),(-0.0700109,0.1023497,0.0064000),(-0.0700955,0.1022879,0.0064000),(-0.0694633,0.1022872,0.0064000),(-0.0700955,0.1022879,0.0064000),(-0.0701849,0.1022309,0.0064000),(-0.0694633,0.1022872,0.0064000),(-0.0701849,0.1022309,0.0064000),(-0.0702775,0.1021798,0.0064000),(-0.0694633,0.1022872,0.0064000),(-0.0702775,0.1021798,0.0064000),(-0.0703722,0.1021355,0.0064000),(-0.0694633,0.1022872,0.0064000),(-0.0703722,0.1021355,0.0064000),(-0.0704689,0.1020981,0.0064000),(-0.0694633,0.1022872,0.0064000),(-0.0704689,0.1020981,0.0064000),(-0.0705677,0.1020674,0.0064000),(-0.0717872,0.1017610,0.0064000),(-0.0694633,0.1022872,0.0064000),(-0.0705677,0.1020674,0.0064000),(-0.0717872,0.1017610,0.0064000),(-0.0705677,0.1020674,0.0064000),(-0.0706687,0.1020436,0.0064000),(-0.0717872,0.1017610,0.0064000),(-0.0706687,0.1020436,0.0064000),(-0.0707717,0.1020265,0.0064000),(-0.0717872,0.1017610,0.0064000),(-0.0707717,0.1020265,0.0064000),(-0.0708768,0.1020163,0.0064000),(-0.0717872,0.1017610,0.0064000),(-0.0708768,0.1020163,0.0064000),(-0.0709839,0.1020129,0.0064000),(-0.0717872,0.1017610,0.0064000),(-0.0709839,0.1020129,0.0064000),(-0.0711375,0.1020200,0.0064000),(-0.0717872,0.1017610,0.0064000),(-0.0711375,0.1020200,0.0064000),(-0.0712871,0.1020412,0.0064000),(-0.0717872,0.1017610,0.0064000),(-0.0712871,0.1020412,0.0064000),(-0.0714328,0.1020766,0.0064000),(-0.0717872,0.1017610,0.0064000),(-0.0714328,0.1020766,0.0064000),(-0.0715745,0.1021262,0.0064000),(-0.0717872,0.1017610,0.0064000),(-0.0715745,0.1021262,0.0064000),(-0.0699775,0.1049096,0.0064000),(-0.0723481,0.1007863,0.0064000),(-0.0717872,0.1017610,0.0064000),(-0.0699775,0.1049096,0.0064000),(-0.0695519,0.1043737,0.0064000),(-0.0695087,0.1042791,0.0064000),(-0.0691169,0.1044206,0.0064000),(-0.0696017,0.1044651,0.0064000),(-0.0695519,0.1043737,0.0064000),(-0.0691169,0.1044206,0.0064000),(-0.0696697,0.1045691,0.0064000),(-0.0696017,0.1044651,0.0064000),(-0.0691169,0.1044206,0.0064000),(-0.0697549,0.1046778,0.0064000),(-0.0696697,0.1045691,0.0064000),(-0.0691169,0.1044206,0.0064000),(-0.0698041,0.1047340,0.0064000),(-0.0697549,0.1046778,0.0064000),(-0.0691169,0.1044206,0.0064000),(-0.0698575,0.1047913,0.0064000),(-0.0698041,0.1047340,0.0064000),(-0.0691169,0.1044206,0.0064000),(-0.0699153,0.1048498,0.0064000),(-0.0698575,0.1047913,0.0064000),(-0.0691169,0.1044206,0.0064000),(-0.0699775,0.1049096,0.0064000),(-0.0699153,0.1048498,0.0064000),(-0.0691169,0.1044206,0.0064000),(-0.0699775,0.1049096,0.0064000),(-0.0691169,0.1044206,0.0064000),(-0.0691715,0.1045475,0.0064000),(-0.0699775,0.1049096,0.0064000),(-0.0691715,0.1045475,0.0064000),(-0.0692345,0.1046736,0.0064000),(-0.0699775,0.1049096,0.0064000),(-0.0692345,0.1046736,0.0064000),(-0.0692847,0.1047603,0.0064000),(-0.0699775,0.1049096,0.0064000),(-0.0692847,0.1047603,0.0064000),(-0.0693395,0.1048437,0.0064000),(-0.0699775,0.1049096,0.0064000),(-0.0693395,0.1048437,0.0064000),(-0.0693989,0.1049238,0.0064000),(-0.0699775,0.1049096,0.0064000),(-0.0693989,0.1049238,0.0064000),(-0.0694628,0.1050006,0.0064000),(-0.0699775,0.1049096,0.0064000),(-0.0694628,0.1050006,0.0064000),(-0.0695314,0.1050741,0.0064000),(-0.0699775,0.1049096,0.0064000),(-0.0695314,0.1050741,0.0064000),(-0.0696046,0.1051443,0.0064000),(-0.0699775,0.1049096,0.0064000),(-0.0696046,0.1051443,0.0064000),(-0.0696824,0.1052111,0.0064000),(-0.0699775,0.1049096,0.0064000),(-0.0696824,0.1052111,0.0064000),(-0.0697647,0.1052747,0.0064000),(-0.0699775,0.1049096,0.0064000),(-0.0697647,0.1052747,0.0064000),(-0.0692229,0.1062272,0.0064000),(-0.0723481,0.1007863,0.0064000),(-0.0699775,0.1049096,0.0064000),(-0.0692229,0.1062272,0.0064000),(-0.0723481,0.1007863,0.0064000),(-0.0692229,0.1062272,0.0064000),(-0.0691943,0.1063309,0.0064000),(-0.0723481,0.1007863,0.0064000),(-0.0691943,0.1063309,0.0064000),(-0.0692017,0.1063912,0.0064000),(-0.0723481,0.1007863,0.0064000),(-0.0692017,0.1063912,0.0064000),(-0.0692403,0.1064664,0.0064000),(-0.0723481,0.1007863,0.0064000),(-0.0692403,0.1064664,0.0064000),(-0.0693054,0.1065204,0.0064000),(-0.0723481,0.1007863,0.0064000),(-0.0693054,0.1065204,0.0064000),(-0.0694081,0.1065510,0.0064000),(-0.0723481,0.1007863,0.0064000),(-0.0694081,0.1065510,0.0064000),(-0.0694684,0.1065436,0.0064000),(-0.0723481,0.1007863,0.0064000),(-0.0694684,0.1065436,0.0064000),(-0.0695441,0.1065050,0.0064000),(-0.0723481,0.1007863,0.0064000),(-0.0695441,0.1065050,0.0064000),(-0.0695996,0.1064399,0.0064000),(-0.0723481,0.1007863,0.0064000),(-0.0695996,0.1064399,0.0064000),(-0.0701351,0.1055118,0.0064000),(-0.0701351,0.1055118,0.0064000),(-0.0702358,0.1055562,0.0064000),(-0.0703397,0.1055946,0.0064000),(-0.0701351,0.1055118,0.0064000),(-0.0703397,0.1055946,0.0064000),(-0.0704469,0.1056272,0.0064000),(-0.0701351,0.1055118,0.0064000),(-0.0704469,0.1056272,0.0064000),(-0.0705574,0.1056538,0.0064000),(-0.0701351,0.1055118,0.0064000),(-0.0705574,0.1056538,0.0064000),(-0.0706713,0.1056746,0.0064000),(-0.0701351,0.1055118,0.0064000),(-0.0706713,0.1056746,0.0064000),(-0.0707884,0.1056894,0.0064000),(-0.0701351,0.1055118,0.0064000),(-0.0707884,0.1056894,0.0064000),(-0.0709089,0.1056982,0.0064000),(-0.0701351,0.1055118,0.0064000),(-0.0709089,0.1056982,0.0064000),(-0.0710326,0.1057012,0.0064000),(-0.0701351,0.1055118,0.0064000),(-0.0710326,0.1057012,0.0064000),(-0.0711572,0.1056969,0.0064000),(-0.0701351,0.1055118,0.0064000),(-0.0711572,0.1056969,0.0064000),(-0.0712807,0.1056839,0.0064000),(-0.0701351,0.1055118,0.0064000),(-0.0712807,0.1056839,0.0064000),(-0.0714031,0.1056622,0.0064000),(-0.0701351,0.1055118,0.0064000),(-0.0714031,0.1056622,0.0064000),(-0.0715245,0.1056319,0.0064000),(-0.0701351,0.1055118,0.0064000),(-0.0715245,0.1056319,0.0064000),(-0.0716447,0.1055929,0.0064000),(-0.0701351,0.1055118,0.0064000),(-0.0716447,0.1055929,0.0064000),(-0.0717639,0.1055452,0.0064000),(-0.0701351,0.1055118,0.0064000),(-0.0717639,0.1055452,0.0064000),(-0.0718819,0.1054889,0.0064000),(-0.0701351,0.1055118,0.0064000),(-0.0718819,0.1054889,0.0064000),(-0.0719989,0.1054239,0.0064000),(-0.0701351,0.1055118,0.0064000),(-0.0719989,0.1054239,0.0064000),(-0.0721120,0.1053518,0.0064000),(-0.0701351,0.1055118,0.0064000),(-0.0721120,0.1053518,0.0064000),(-0.0722190,0.1052734,0.0064000),(-0.0701351,0.1055118,0.0064000),(-0.0722190,0.1052734,0.0064000),(-0.0723199,0.1051888,0.0064000),(-0.0701351,0.1055118,0.0064000),(-0.0723199,0.1051888,0.0064000),(-0.0724148,0.1050980,0.0064000),(-0.0701351,0.1055118,0.0064000),(-0.0724148,0.1050980,0.0064000),(-0.0725036,0.1050009,0.0064000),(-0.0725036,0.1050009,0.0064000),(-0.0725862,0.1048977,0.0064000),(-0.0726628,0.1047882,0.0064000),(-0.0725036,0.1050009,0.0064000),(-0.0726628,0.1047882,0.0064000),(-0.0727334,0.1046725,0.0064000),(-0.0725036,0.1050009,0.0064000),(-0.0727334,0.1046725,0.0064000),(-0.0727966,0.1045527,0.0064000),(-0.0725036,0.1050009,0.0064000),(-0.0727966,0.1045527,0.0064000),(-0.0728514,0.1044303,0.0064000),(-0.0725036,0.1050009,0.0064000),(-0.0728514,0.1044303,0.0064000),(-0.0728978,0.1043054,0.0064000),(-0.0725036,0.1050009,0.0064000),(-0.0728978,0.1043054,0.0064000),(-0.0729358,0.1041780,0.0064000),(-0.0725036,0.1050009,0.0064000),(-0.0729358,0.1041780,0.0064000),(-0.0729653,0.1040480,0.0064000),(-0.0725036,0.1050009,0.0064000),(-0.0729653,0.1040480,0.0064000),(-0.0729864,0.1039155,0.0064000),(-0.0725036,0.1050009,0.0064000),(-0.0729864,0.1039155,0.0064000),(-0.0729990,0.1037804,0.0064000),(-0.0725036,0.1050009,0.0064000),(-0.0729990,0.1037804,0.0064000),(-0.0730032,0.1036427,0.0064000),(-0.0725036,0.1050009,0.0064000),(-0.0730032,0.1036427,0.0064000),(-0.0729990,0.1035047,0.0064000),(-0.0725036,0.1050009,0.0064000),(-0.0729990,0.1035047,0.0064000),(-0.0729864,0.1033694,0.0064000),(-0.0725036,0.1050009,0.0064000),(-0.0729864,0.1033694,0.0064000),(-0.0729654,0.1032368,0.0064000),(-0.0725036,0.1050009,0.0064000),(-0.0729654,0.1032368,0.0064000),(-0.0729360,0.1031070,0.0064000),(-0.0725036,0.1050009,0.0064000),(-0.0729360,0.1031070,0.0064000),(-0.0728982,0.1029799,0.0064000),(-0.0725036,0.1050009,0.0064000),(-0.0728982,0.1029799,0.0064000),(-0.0728520,0.1028555,0.0064000),(-0.0725036,0.1050009,0.0064000),(-0.0728520,0.1028555,0.0064000),(-0.0727974,0.1027340,0.0064000),(-0.0725036,0.1050009,0.0064000),(-0.0727974,0.1027340,0.0064000),(-0.0727344,0.1026151,0.0064000),(-0.0727344,0.1026151,0.0064000),(-0.0723661,0.1028236,0.0064000),(-0.0724155,0.1029183,0.0064000),(-0.0727344,0.1026151,0.0064000),(-0.0724155,0.1029183,0.0064000),(-0.0724583,0.1030152,0.0064000),(-0.0727344,0.1026151,0.0064000),(-0.0724583,0.1030152,0.0064000),(-0.0724945,0.1031143,0.0064000),(-0.0727344,0.1026151,0.0064000),(-0.0724945,0.1031143,0.0064000),(-0.0725241,0.1032154,0.0064000),(-0.0727344,0.1026151,0.0064000),(-0.0725241,0.1032154,0.0064000),(-0.0725471,0.1033188,0.0064000),(-0.0727344,0.1026151,0.0064000),(-0.0725471,0.1033188,0.0064000),(-0.0725636,0.1034243,0.0064000),(-0.0727344,0.1026151,0.0064000),(-0.0725636,0.1034243,0.0064000),(-0.0725734,0.1035319,0.0064000),(-0.0727344,0.1026151,0.0064000),(-0.0725734,0.1035319,0.0064000),(-0.0725767,0.1036417,0.0064000),(-0.0727344,0.1026151,0.0064000),(-0.0725767,0.1036417,0.0064000),(-0.0725734,0.1037515,0.0064000),(-0.0725036,0.1050009,0.0064000),(-0.0727344,0.1026151,0.0064000),(-0.0725734,0.1037515,0.0064000),(-0.0725036,0.1050009,0.0064000),(-0.0725734,0.1037515,0.0064000),(-0.0725634,0.1038592,0.0064000),(-0.0725036,0.1050009,0.0064000),(-0.0725634,0.1038592,0.0064000),(-0.0725467,0.1039649,0.0064000),(-0.0725036,0.1050009,0.0064000),(-0.0725467,0.1039649,0.0064000),(-0.0725233,0.1040685,0.0064000),(-0.0725036,0.1050009,0.0064000),(-0.0725233,0.1040685,0.0064000),(-0.0724932,0.1041699,0.0064000),(-0.0725036,0.1050009,0.0064000),(-0.0724932,0.1041699,0.0064000),(-0.0724565,0.1042693,0.0064000),(-0.0725036,0.1050009,0.0064000),(-0.0724565,0.1042693,0.0064000),(-0.0724130,0.1043667,0.0064000),(-0.0725036,0.1050009,0.0064000),(-0.0724130,0.1043667,0.0064000),(-0.0723629,0.1044619,0.0064000),(-0.0725036,0.1050009,0.0064000),(-0.0723629,0.1044619,0.0064000),(-0.0723071,0.1045538,0.0064000),(-0.0725036,0.1050009,0.0064000),(-0.0723071,0.1045538,0.0064000),(-0.0722465,0.1046408,0.0064000),(-0.0725036,0.1050009,0.0064000),(-0.0722465,0.1046408,0.0064000),(-0.0721810,0.1047226,0.0064000),(-0.0725036,0.1050009,0.0064000),(-0.0721810,0.1047226,0.0064000),(-0.0721108,0.1047995,0.0064000),(-0.0725036,0.1050009,0.0064000),(-0.0721108,0.1047995,0.0064000),(-0.0720358,0.1048713,0.0064000),(-0.0725036,0.1050009,0.0064000),(-0.0720358,0.1048713,0.0064000),(-0.0719559,0.1049381,0.0064000),(-0.0725036,0.1050009,0.0064000),(-0.0719559,0.1049381,0.0064000),(-0.0718713,0.1049999,0.0064000),(-0.0725036,0.1050009,0.0064000),(-0.0718713,0.1049999,0.0064000),(-0.0717819,0.1050567,0.0064000),(-0.0725036,0.1050009,0.0064000),(-0.0717819,0.1050567,0.0064000),(-0.0716898,0.1051078,0.0064000),(-0.0725036,0.1050009,0.0064000),(-0.0716898,0.1051078,0.0064000),(-0.0715972,0.1051521,0.0064000),(-0.0725036,0.1050009,0.0064000),(-0.0715972,0.1051521,0.0064000),(-0.0715041,0.1051895,0.0064000),(-0.0725036,0.1050009,0.0064000),(-0.0715041,0.1051895,0.0064000),(-0.0714104,0.1052202,0.0064000),(-0.0725036,0.1050009,0.0064000),(-0.0714104,0.1052202,0.0064000),(-0.0713162,0.1052440,0.0064000),(-0.0701351,0.1055118,0.0064000),(-0.0725036,0.1050009,0.0064000),(-0.0713162,0.1052440,0.0064000),(-0.0701351,0.1055118,0.0064000),(-0.0713162,0.1052440,0.0064000),(-0.0712215,0.1052611,0.0064000),(-0.0701351,0.1055118,0.0064000),(-0.0712215,0.1052611,0.0064000),(-0.0711263,0.1052713,0.0064000),(-0.0701351,0.1055118,0.0064000),(-0.0711263,0.1052713,0.0064000),(-0.0710305,0.1052747,0.0064000),(-0.0701351,0.1055118,0.0064000),(-0.0710305,0.1052747,0.0064000),(-0.0710241,0.1052747,0.0064000),(-0.0701351,0.1055118,0.0064000),(-0.0710241,0.1052747,0.0064000),(-0.0709304,0.1052726,0.0064000),(-0.0701351,0.1055118,0.0064000),(-0.0709304,0.1052726,0.0064000),(-0.0708393,0.1052664,0.0064000),(-0.0701351,0.1055118,0.0064000),(-0.0708393,0.1052664,0.0064000),(-0.0707507,0.1052559,0.0064000),(-0.0701351,0.1055118,0.0064000),(-0.0707507,0.1052559,0.0064000),(-0.0706646,0.1052414,0.0064000),(-0.0701351,0.1055118,0.0064000),(-0.0706646,0.1052414,0.0064000),(-0.0705811,0.1052226,0.0064000),(-0.0701351,0.1055118,0.0064000),(-0.0705811,0.1052226,0.0064000),(-0.0705001,0.1051997,0.0064000),(-0.0701351,0.1055118,0.0064000),(-0.0705001,0.1051997,0.0064000),(-0.0704216,0.1051726,0.0064000),(-0.0701351,0.1055118,0.0064000),(-0.0704216,0.1051726,0.0064000),(-0.0703458,0.1051413,0.0064000),(-0.0723481,0.1007863,0.0064000),(-0.0701351,0.1055118,0.0064000),(-0.0703458,0.1051413,0.0064000),(-0.0723481,0.1007863,0.0064000),(-0.0703458,0.1051413,0.0064000),(-0.0719502,0.1023463,0.0064000),(-0.0723481,0.1007863,0.0064000),(-0.0719502,0.1023463,0.0064000),(-0.0720706,0.1024491,0.0064000),(-0.0723237,0.1027543,0.0064000),(-0.0723661,0.1028236,0.0064000),(-0.0727344,0.1026151,0.0064000),(-0.0722786,0.1026878,0.0064000),(-0.0723237,0.1027543,0.0064000),(-0.0727344,0.1026151,0.0064000),(-0.0721801,0.1025630,0.0064000),(-0.0722786,0.1026878,0.0064000),(-0.0727344,0.1026151,0.0064000),(-0.0720706,0.1024491,0.0064000),(-0.0721801,0.1025630,0.0064000),(-0.0727344,0.1026151,0.0064000),(-0.0720706,0.1024491,0.0064000),(-0.0727344,0.1026151,0.0064000),(-0.0726765,0.1025201,0.0064000),(-0.0720706,0.1024491,0.0064000),(-0.0726765,0.1025201,0.0064000),(-0.0726148,0.1024291,0.0064000),(-0.0720706,0.1024491,0.0064000),(-0.0726148,0.1024291,0.0064000),(-0.0725495,0.1023423,0.0064000),(-0.0720706,0.1024491,0.0064000),(-0.0725495,0.1023423,0.0064000),(-0.0724804,0.1022595,0.0064000),(-0.0720706,0.1024491,0.0064000),(-0.0724804,0.1022595,0.0064000),(-0.0724077,0.1021809,0.0064000),(-0.0720706,0.1024491,0.0064000),(-0.0724077,0.1021809,0.0064000),(-0.0723312,0.1021063,0.0064000),(-0.0720706,0.1024491,0.0064000),(-0.0723312,0.1021063,0.0064000),(-0.0722510,0.1020359,0.0064000),(-0.0720706,0.1024491,0.0064000),(-0.0722510,0.1020359,0.0064000),(-0.0721671,0.1019695,0.0064000),(-0.0723481,0.1007863,0.0064000),(-0.0720706,0.1024491,0.0064000),(-0.0721671,0.1019695,0.0064000),(-0.0723481,0.1007863,0.0064000),(-0.0721671,0.1019695,0.0064000),(-0.0727228,0.1009990,0.0064000),(-0.0723481,0.1007863,0.0064000),(-0.0727228,0.1009990,0.0064000),(-0.0727503,0.1008974,0.0064000),(-0.0723481,0.1007863,0.0064000),(-0.0727503,0.1008974,0.0064000),(-0.0727439,0.1008371,0.0064000),(-0.0723481,0.1007863,0.0064000),(-0.0727439,0.1008371,0.0064000),(-0.0727048,0.1007601,0.0064000),(-0.0723481,0.1007863,0.0064000),(-0.0727048,0.1007601,0.0064000),(-0.0726423,0.1007048,0.0064000),(-0.0723481,0.1007863,0.0064000),(-0.0726423,0.1007048,0.0064000),(-0.0725376,0.1006773,0.0064000),(-0.0723481,0.1007863,0.0064000),(-0.0725376,0.1006773,0.0064000),(-0.0724772,0.1006847,0.0064000),(-0.0723481,0.1007863,0.0064000),(-0.0724772,0.1006847,0.0064000),(-0.0724047,0.1007202,0.0064000),(-0.0668353,0.1039327,0.0064000),(-0.0667876,0.1039814,0.0064000),(-0.0667316,0.1040590,0.0064000),(-0.0668353,0.1039327,0.0064000),(-0.0667316,0.1040590,0.0064000),(-0.0666830,0.1041404,0.0064000),(-0.0668353,0.1039327,0.0064000),(-0.0666830,0.1041404,0.0064000),(-0.0666419,0.1042255,0.0064000),(-0.0668353,0.1039327,0.0064000),(-0.0666419,0.1042255,0.0064000),(-0.0666083,0.1043145,0.0064000),(-0.0668353,0.1039327,0.0064000),(-0.0666083,0.1043145,0.0064000),(-0.0665821,0.1044073,0.0064000),(-0.0668353,0.1039327,0.0064000),(-0.0665821,0.1044073,0.0064000),(-0.0665634,0.1045039,0.0064000),(-0.0668353,0.1039327,0.0064000),(-0.0665634,0.1045039,0.0064000),(-0.0665522,0.1046043,0.0064000),(-0.0668353,0.1039327,0.0064000),(-0.0665522,0.1046043,0.0064000),(-0.0665485,0.1047085,0.0064000),(-0.0668353,0.1039327,0.0064000),(-0.0665485,0.1047085,0.0064000),(-0.0665522,0.1048126,0.0064000),(-0.0668353,0.1039327,0.0064000),(-0.0665522,0.1048126,0.0064000),(-0.0665633,0.1049122,0.0064000),(-0.0668353,0.1039327,0.0064000),(-0.0665633,0.1049122,0.0064000),(-0.0665819,0.1050073,0.0064000),(-0.0668353,0.1039327,0.0064000),(-0.0665819,0.1050073,0.0064000),(-0.0666080,0.1050980,0.0064000),(-0.0668353,0.1039327,0.0064000),(-0.0666080,0.1050980,0.0064000),(-0.0666415,0.1051841,0.0064000),(-0.0668353,0.1039327,0.0064000),(-0.0666415,0.1051841,0.0064000),(-0.0666824,0.1052657,0.0064000),(-0.0668353,0.1039327,0.0064000),(-0.0666824,0.1052657,0.0064000),(-0.0667308,0.1053428,0.0064000),(-0.0668353,0.1039327,0.0064000),(-0.0667308,0.1053428,0.0064000),(-0.0667866,0.1054155,0.0064000),(-0.0668353,0.1039327,0.0064000),(-0.0667866,0.1054155,0.0064000),(-0.0668483,0.1054814,0.0064000),(-0.0668353,0.1039327,0.0064000),(-0.0668483,0.1054814,0.0064000),(-0.0669150,0.1055386,0.0064000),(-0.0668353,0.1039327,0.0064000),(-0.0669150,0.1055386,0.0064000),(-0.0669867,0.1055870,0.0064000),(-0.0668353,0.1039327,0.0064000),(-0.0669867,0.1055870,0.0064000),(-0.0670633,0.1056266,0.0064000),(-0.0670633,0.1056266,0.0064000),(-0.0671449,0.1056574,0.0064000),(-0.0672315,0.1056794,0.0064000),(-0.0670633,0.1056266,0.0064000),(-0.0672315,0.1056794,0.0064000),(-0.0673230,0.1056926,0.0064000),(-0.0670633,0.1056266,0.0064000),(-0.0673230,0.1056926,0.0064000),(-0.0674195,0.1056970,0.0064000),(-0.0670633,0.1056266,0.0064000),(-0.0674195,0.1056970,0.0064000),(-0.0675150,0.1056926,0.0064000),(-0.0670633,0.1056266,0.0064000),(-0.0675150,0.1056926,0.0064000),(-0.0676063,0.1056794,0.0064000),(-0.0670633,0.1056266,0.0064000),(-0.0676063,0.1056794,0.0064000),(-0.0676933,0.1056575,0.0064000),(-0.0670633,0.1056266,0.0064000),(-0.0676933,0.1056575,0.0064000),(-0.0677761,0.1056269,0.0064000),(-0.0670633,0.1056266,0.0064000),(-0.0677761,0.1056269,0.0064000),(-0.0678547,0.1055874,0.0064000),(-0.0670633,0.1056266,0.0064000),(-0.0678547,0.1055874,0.0064000),(-0.0679291,0.1055392,0.0064000),(-0.0670633,0.1056266,0.0064000),(-0.0679291,0.1055392,0.0064000),(-0.0679992,0.1054822,0.0064000),(-0.0670633,0.1056266,0.0064000),(-0.0679992,0.1054822,0.0064000),(-0.0680650,0.1054165,0.0064000),(-0.0670633,0.1056266,0.0064000),(-0.0680650,0.1054165,0.0064000),(-0.0681248,0.1053441,0.0064000),(-0.0670633,0.1056266,0.0064000),(-0.0681248,0.1053441,0.0064000),(-0.0681766,0.1052671,0.0064000),(-0.0670633,0.1056266,0.0064000),(-0.0681766,0.1052671,0.0064000),(-0.0682205,0.1051855,0.0064000),(-0.0670633,0.1056266,0.0064000),(-0.0682205,0.1051855,0.0064000),(-0.0682563,0.1050993,0.0064000),(-0.0670633,0.1056266,0.0064000),(-0.0682563,0.1050993,0.0064000),(-0.0682842,0.1050085,0.0064000),(-0.0670633,0.1056266,0.0064000),(-0.0682842,0.1050085,0.0064000),(-0.0683042,0.1049131,0.0064000),(-0.0670633,0.1056266,0.0064000),(-0.0683042,0.1049131,0.0064000),(-0.0683161,0.1048131,0.0064000),(-0.0683161,0.1048131,0.0064000),(-0.0683201,0.1047085,0.0064000),(-0.0683048,0.1046262,0.0064000),(-0.0683161,0.1048131,0.0064000),(-0.0683048,0.1046262,0.0064000),(-0.0682587,0.1045571,0.0064000),(-0.0683161,0.1048131,0.0064000),(-0.0682587,0.1045571,0.0064000),(-0.0681905,0.1045103,0.0064000),(-0.0683161,0.1048131,0.0064000),(-0.0681905,0.1045103,0.0064000),(-0.0681084,0.1044947,0.0064000),(-0.0683161,0.1048131,0.0064000),(-0.0681084,0.1044947,0.0064000),(-0.0680256,0.1045103,0.0064000),(-0.0683161,0.1048131,0.0064000),(-0.0680256,0.1045103,0.0064000),(-0.0679571,0.1045571,0.0064000),(-0.0683161,0.1048131,0.0064000),(-0.0679571,0.1045571,0.0064000),(-0.0679111,0.1046262,0.0064000),(-0.0683161,0.1048131,0.0064000),(-0.0679111,0.1046262,0.0064000),(-0.0678957,0.1047085,0.0064000),(-0.0683161,0.1048131,0.0064000),(-0.0678957,0.1047085,0.0064000),(-0.0678871,0.1048348,0.0064000),(-0.0683161,0.1048131,0.0064000),(-0.0678871,0.1048348,0.0064000),(-0.0678611,0.1049458,0.0064000),(-0.0683161,0.1048131,0.0064000),(-0.0678611,0.1049458,0.0064000),(-0.0678177,0.1050417,0.0064000),(-0.0683161,0.1048131,0.0064000),(-0.0678177,0.1050417,0.0064000),(-0.0677571,0.1051223,0.0064000),(-0.0683161,0.1048131,0.0064000),(-0.0677571,0.1051223,0.0064000),(-0.0676856,0.1051871,0.0064000),(-0.0670633,0.1056266,0.0064000),(-0.0683161,0.1048131,0.0064000),(-0.0676856,0.1051871,0.0064000),(-0.0670633,0.1056266,0.0064000),(-0.0676856,0.1051871,0.0064000),(-0.0676055,0.1052334,0.0064000),(-0.0670633,0.1056266,0.0064000),(-0.0676055,0.1052334,0.0064000),(-0.0675168,0.1052612,0.0064000),(-0.0670633,0.1056266,0.0064000),(-0.0675168,0.1052612,0.0064000),(-0.0674195,0.1052705,0.0064000),(-0.0670633,0.1056266,0.0064000),(-0.0674195,0.1052705,0.0064000),(-0.0673256,0.1052613,0.0064000),(-0.0670633,0.1056266,0.0064000),(-0.0673256,0.1052613,0.0064000),(-0.0672409,0.1052337,0.0064000),(-0.0670633,0.1056266,0.0064000),(-0.0672409,0.1052337,0.0064000),(-0.0671653,0.1051877,0.0064000),(-0.0670633,0.1056266,0.0064000),(-0.0671653,0.1051877,0.0064000),(-0.0670988,0.1051234,0.0064000),(-0.0670633,0.1056266,0.0064000),(-0.0670988,0.1051234,0.0064000),(-0.0670446,0.1050423,0.0064000),(-0.0670633,0.1056266,0.0064000),(-0.0670446,0.1050423,0.0064000),(-0.0670059,0.1049461,0.0064000),(-0.0670633,0.1056266,0.0064000),(-0.0670059,0.1049461,0.0064000),(-0.0669827,0.1048348,0.0064000),(-0.0668353,0.1039327,0.0064000),(-0.0670633,0.1056266,0.0064000),(-0.0669827,0.1048348,0.0064000),(-0.0668353,0.1039327,0.0064000),(-0.0669827,0.1048348,0.0064000),(-0.0669750,0.1047085,0.0064000),(-0.0668353,0.1039327,0.0064000),(-0.0669750,0.1047085,0.0064000),(-0.0669826,0.1045804,0.0064000),(-0.0668353,0.1039327,0.0064000),(-0.0669826,0.1045804,0.0064000),(-0.0670057,0.1044651,0.0064000),(-0.0668353,0.1039327,0.0064000),(-0.0670057,0.1044651,0.0064000),(-0.0670440,0.1043624,0.0064000),(-0.0668353,0.1039327,0.0064000),(-0.0670440,0.1043624,0.0064000),(-0.0670977,0.1042725,0.0064000),(-0.0668353,0.1039327,0.0064000),(-0.0670977,0.1042725,0.0064000),(-0.0671600,0.1042076,0.0064000),(-0.0667509,0.1038565,0.0064000),(-0.0668353,0.1039327,0.0064000),(-0.0671600,0.1042076,0.0064000),(-0.0667509,0.1038565,0.0064000),(-0.0671600,0.1042076,0.0064000),(-0.0672292,0.1041613,0.0064000),(-0.0667509,0.1038565,0.0064000),(-0.0672292,0.1041613,0.0064000),(-0.0673055,0.1041335,0.0064000),(-0.0667509,0.1038565,0.0064000),(-0.0673055,0.1041335,0.0064000),(-0.0673888,0.1041243,0.0064000),(-0.0667509,0.1038565,0.0064000),(-0.0673888,0.1041243,0.0064000),(-0.0674311,0.1041243,0.0064000),(-0.0667509,0.1038565,0.0064000),(-0.0674311,0.1041243,0.0064000),(-0.0674978,0.1041243,0.0064000),(-0.0667509,0.1038565,0.0064000),(-0.0674978,0.1041243,0.0064000),(-0.0675793,0.1041087,0.0064000),(-0.0667509,0.1038565,0.0064000),(-0.0675793,0.1041087,0.0064000),(-0.0676481,0.1040618,0.0064000),(-0.0667509,0.1038565,0.0064000),(-0.0676481,0.1040618,0.0064000),(-0.0676949,0.1039933,0.0064000),(-0.0667509,0.1038565,0.0064000),(-0.0676949,0.1039933,0.0064000),(-0.0677105,0.1039126,0.0064000),(-0.0667509,0.1038565,0.0064000),(-0.0677105,0.1039126,0.0064000),(-0.0676949,0.1038317,0.0064000),(-0.0667509,0.1038565,0.0064000),(-0.0676949,0.1038317,0.0064000),(-0.0676481,0.1037623,0.0064000),(-0.0667509,0.1038565,0.0064000),(-0.0676481,0.1037623,0.0064000),(-0.0675793,0.1037147,0.0064000),(-0.0667509,0.1038565,0.0064000),(-0.0675793,0.1037147,0.0064000),(-0.0674978,0.1036988,0.0064000),(-0.0667509,0.1038565,0.0064000),(-0.0674978,0.1036988,0.0064000),(-0.0674311,0.1036988,0.0064000),(-0.0667509,0.1038565,0.0064000),(-0.0674311,0.1036988,0.0064000),(-0.0673007,0.1036849,0.0064000),(-0.0667509,0.1038565,0.0064000),(-0.0673007,0.1036849,0.0064000),(-0.0671827,0.1036430,0.0064000),(-0.0667509,0.1038565,0.0064000),(-0.0671827,0.1036430,0.0064000),(-0.0670769,0.1035732,0.0064000),(-0.0667509,0.1038565,0.0064000),(-0.0670769,0.1035732,0.0064000),(-0.0669834,0.1034755,0.0064000),(-0.0667509,0.1038565,0.0064000),(-0.0669834,0.1034755,0.0064000),(-0.0669066,0.1033544,0.0064000),(-0.0667509,0.1038565,0.0064000),(-0.0669066,0.1033544,0.0064000),(-0.0668517,0.1032141,0.0064000),(-0.0667509,0.1038565,0.0064000),(-0.0668517,0.1032141,0.0064000),(-0.0668187,0.1030548,0.0064000),(-0.0667509,0.1038565,0.0064000),(-0.0668187,0.1030548,0.0064000),(-0.0668105,0.1029681,0.0064000),(-0.0667509,0.1038565,0.0064000),(-0.0668105,0.1029681,0.0064000),(-0.0668077,0.1028765,0.0064000),(-0.0667509,0.1038565,0.0064000),(-0.0668077,0.1028765,0.0064000),(-0.0668105,0.1027858,0.0064000),(-0.0680295,0.1028410,0.0064000),(-0.0680322,0.1029411,0.0064000),(-0.0680481,0.1030231,0.0064000),(-0.0680214,0.1027467,0.0064000),(-0.0680295,0.1028410,0.0064000),(-0.0680481,0.1030231,0.0064000),(-0.0680214,0.1027467,0.0064000),(-0.0680481,0.1030231,0.0064000),(-0.0680957,0.1030914,0.0064000),(-0.0680078,0.1026581,0.0064000),(-0.0680214,0.1027467,0.0064000),(-0.0680957,0.1030914,0.0064000),(-0.0680078,0.1026581,0.0064000),(-0.0680957,0.1030914,0.0064000),(-0.0681651,0.1031374,0.0064000),(-0.0679888,0.1025752,0.0064000),(-0.0680078,0.1026581,0.0064000),(-0.0681651,0.1031374,0.0064000),(-0.0679888,0.1025752,0.0064000),(-0.0681651,0.1031374,0.0064000),(-0.0682481,0.1031527,0.0064000),(-0.0679346,0.1024265,0.0064000),(-0.0679888,0.1025752,0.0064000),(-0.0682481,0.1031527,0.0064000),(-0.0679346,0.1024265,0.0064000),(-0.0682481,0.1031527,0.0064000),(-0.0683310,0.1031374,0.0064000),(-0.0679346,0.1024265,0.0064000),(-0.0683310,0.1031374,0.0064000),(-0.0683995,0.1030914,0.0064000),(-0.0678587,0.1023008,0.0064000),(-0.0679346,0.1024265,0.0064000),(-0.0683995,0.1030914,0.0064000),(-0.0678587,0.1023008,0.0064000),(-0.0683995,0.1030914,0.0064000),(-0.0684455,0.1030231,0.0064000),(-0.0678587,0.1023008,0.0064000),(-0.0684455,0.1030231,0.0064000),(-0.0684609,0.1029411,0.0064000),(-0.0677681,0.1022012,0.0064000),(-0.0678587,0.1023008,0.0064000),(-0.0684609,0.1029411,0.0064000),(-0.0677681,0.1022012,0.0064000),(-0.0684609,0.1029411,0.0064000),(-0.0684565,0.1028041,0.0064000),(-0.0677681,0.1022012,0.0064000),(-0.0684565,0.1028041,0.0064000),(-0.0684432,0.1026731,0.0064000),(-0.0677681,0.1022012,0.0064000),(-0.0684432,0.1026731,0.0064000),(-0.0684211,0.1025481,0.0064000),(-0.0676647,0.1021301,0.0064000),(-0.0677681,0.1022012,0.0064000),(-0.0684211,0.1025481,0.0064000),(-0.0676647,0.1021301,0.0064000),(-0.0684211,0.1025481,0.0064000),(-0.0683902,0.1024291,0.0064000),(-0.0676647,0.1021301,0.0064000),(-0.0683902,0.1024291,0.0064000),(-0.0683505,0.1023161,0.0064000),(-0.0675485,0.1020875,0.0064000),(-0.0676647,0.1021301,0.0064000),(-0.0683505,0.1023161,0.0064000),(-0.0675485,0.1020875,0.0064000),(-0.0683505,0.1023161,0.0064000),(-0.0683019,0.1022090,0.0064000),(-0.0675485,0.1020875,0.0064000),(-0.0683019,0.1022090,0.0064000),(-0.0682445,0.1021080,0.0064000),(-0.0674195,0.1020732,0.0064000),(-0.0675485,0.1020875,0.0064000),(-0.0682445,0.1021080,0.0064000),(-0.0674195,0.1020732,0.0064000),(-0.0682445,0.1021080,0.0064000),(-0.0681783,0.1020129,0.0064000),(-0.0674195,0.1020732,0.0064000),(-0.0681783,0.1020129,0.0064000),(-0.0681062,0.1019273,0.0064000),(-0.0672959,0.1020867,0.0064000),(-0.0674195,0.1020732,0.0064000),(-0.0681062,0.1019273,0.0064000),(-0.0672959,0.1020867,0.0064000),(-0.0681062,0.1019273,0.0064000),(-0.0680277,0.1018532,0.0064000),(-0.0672959,0.1020867,0.0064000),(-0.0680277,0.1018532,0.0064000),(-0.0679426,0.1017904,0.0064000),(-0.0671824,0.1021269,0.0064000),(-0.0672959,0.1020867,0.0064000),(-0.0679426,0.1017904,0.0064000),(-0.0671824,0.1021269,0.0064000),(-0.0679426,0.1017904,0.0064000),(-0.0678510,0.1017391,0.0064000),(-0.0671824,0.1021269,0.0064000),(-0.0678510,0.1017391,0.0064000),(-0.0677529,0.1016991,0.0064000),(-0.0670789,0.1021941,0.0064000),(-0.0671824,0.1021269,0.0064000),(-0.0677529,0.1016991,0.0064000),(-0.0670789,0.1021941,0.0064000),(-0.0677529,0.1016991,0.0064000),(-0.0676483,0.1016706,0.0064000),(-0.0670789,0.1021941,0.0064000),(-0.0676483,0.1016706,0.0064000),(-0.0675371,0.1016535,0.0064000),(-0.0669855,0.1022881,0.0064000),(-0.0670789,0.1021941,0.0064000),(-0.0675371,0.1016535,0.0064000),(-0.0669855,0.1022881,0.0064000),(-0.0675371,0.1016535,0.0064000),(-0.0674195,0.1016478,0.0064000),(-0.0669855,0.1022881,0.0064000),(-0.0674195,0.1016478,0.0064000),(-0.0673063,0.1016533,0.0064000),(-0.0669078,0.1024058,0.0064000),(-0.0669855,0.1022881,0.0064000),(-0.0673063,0.1016533,0.0064000),(-0.0669078,0.1024058,0.0064000),(-0.0673063,0.1016533,0.0064000),(-0.0671987,0.1016697,0.0064000),(-0.0668522,0.1025431,0.0064000),(-0.0669078,0.1024058,0.0064000),(-0.0671987,0.1016697,0.0064000),(-0.0668522,0.1025431,0.0064000),(-0.0671987,0.1016697,0.0064000),(-0.0670967,0.1016972,0.0064000),(-0.0668522,0.1025431,0.0064000),(-0.0670967,0.1016972,0.0064000),(-0.0670001,0.1017356,0.0064000),(-0.0668328,0.1026191,0.0064000),(-0.0668522,0.1025431,0.0064000),(-0.0670001,0.1017356,0.0064000),(-0.0668328,0.1026191,0.0064000),(-0.0670001,0.1017356,0.0064000),(-0.0669091,0.1017850,0.0064000),(-0.0668189,0.1027000,0.0064000),(-0.0668328,0.1026191,0.0064000),(-0.0669091,0.1017850,0.0064000),(-0.0668189,0.1027000,0.0064000),(-0.0669091,0.1017850,0.0064000),(-0.0668236,0.1018454,0.0064000),(-0.0668105,0.1027858,0.0064000),(-0.0668189,0.1027000,0.0064000),(-0.0668236,0.1018454,0.0064000),(-0.0667509,0.1038565,0.0064000),(-0.0668105,0.1027858,0.0064000),(-0.0668236,0.1018454,0.0064000),(-0.0667509,0.1038565,0.0064000),(-0.0668236,0.1018454,0.0064000),(-0.0667436,0.1019168,0.0064000),(-0.0667509,0.1038565,0.0064000),(-0.0667436,0.1019168,0.0064000),(-0.0666691,0.1019992,0.0064000),(-0.0667509,0.1038565,0.0064000),(-0.0666691,0.1019992,0.0064000),(-0.0666014,0.1020904,0.0064000),(-0.0667509,0.1038565,0.0064000),(-0.0666014,0.1020904,0.0064000),(-0.0665427,0.1021869,0.0064000),(-0.0667509,0.1038565,0.0064000),(-0.0665427,0.1021869,0.0064000),(-0.0664930,0.1022887,0.0064000),(-0.0667509,0.1038565,0.0064000),(-0.0664930,0.1022887,0.0064000),(-0.0664524,0.1023958,0.0064000),(-0.0667509,0.1038565,0.0064000),(-0.0664524,0.1023958,0.0064000),(-0.0664208,0.1025081,0.0064000),(-0.0667509,0.1038565,0.0064000),(-0.0664208,0.1025081,0.0064000),(-0.0663982,0.1026256,0.0064000),(-0.0667509,0.1038565,0.0064000),(-0.0663982,0.1026256,0.0064000),(-0.0663847,0.1027484,0.0064000),(-0.0667509,0.1038565,0.0064000),(-0.0663847,0.1027484,0.0064000),(-0.0663802,0.1028765,0.0064000),(-0.0667509,0.1038565,0.0064000),(-0.0663802,0.1028765,0.0064000),(-0.0663847,0.1030059,0.0064000),(-0.0667509,0.1038565,0.0064000),(-0.0663847,0.1030059,0.0064000),(-0.0663981,0.1031300,0.0064000),(-0.0667509,0.1038565,0.0064000),(-0.0663981,0.1031300,0.0064000),(-0.0664205,0.1032488,0.0064000),(-0.0667509,0.1038565,0.0064000),(-0.0664205,0.1032488,0.0064000),(-0.0664519,0.1033623,0.0064000),(-0.0667509,0.1038565,0.0064000),(-0.0664519,0.1033623,0.0064000),(-0.0664922,0.1034705,0.0064000),(-0.0667509,0.1038565,0.0064000),(-0.0664922,0.1034705,0.0064000),(-0.0665415,0.1035734,0.0064000),(-0.0667509,0.1038565,0.0064000),(-0.0665415,0.1035734,0.0064000),(-0.0665998,0.1036711,0.0064000),(-0.0667509,0.1038565,0.0064000),(-0.0665998,0.1036711,0.0064000),(-0.0666670,0.1037634,0.0064000),(-0.0642371,0.1020690,0.0064000),(-0.0630655,0.1036597,0.0064000),(-0.0630010,0.1037534,0.0064000),(-0.0642371,0.1020690,0.0064000),(-0.0630010,0.1037534,0.0064000),(-0.0629451,0.1038510,0.0064000),(-0.0642371,0.1020690,0.0064000),(-0.0629451,0.1038510,0.0064000),(-0.0628978,0.1039525,0.0064000),(-0.0642371,0.1020690,0.0064000),(-0.0628978,0.1039525,0.0064000),(-0.0628591,0.1040579,0.0064000),(-0.0642371,0.1020690,0.0064000),(-0.0628591,0.1040579,0.0064000),(-0.0628290,0.1041671,0.0064000),(-0.0642371,0.1020690,0.0064000),(-0.0628290,0.1041671,0.0064000),(-0.0628075,0.1042802,0.0064000),(-0.0642371,0.1020690,0.0064000),(-0.0628075,0.1042802,0.0064000),(-0.0627946,0.1043972,0.0064000),(-0.0642371,0.1020690,0.0064000),(-0.0627946,0.1043972,0.0064000),(-0.0627903,0.1045180,0.0064000),(-0.0642371,0.1020690,0.0064000),(-0.0627903,0.1045180,0.0064000),(-0.0627954,0.1046430,0.0064000),(-0.0642371,0.1020690,0.0064000),(-0.0627954,0.1046430,0.0064000),(-0.0628108,0.1047633,0.0064000),(-0.0642371,0.1020690,0.0064000),(-0.0628108,0.1047633,0.0064000),(-0.0628365,0.1048791,0.0064000),(-0.0642371,0.1020690,0.0064000),(-0.0628365,0.1048791,0.0064000),(-0.0628723,0.1049903,0.0064000),(-0.0628723,0.1049903,0.0064000),(-0.0629185,0.1050968,0.0064000),(-0.0629749,0.1051988,0.0064000),(-0.0628723,0.1049903,0.0064000),(-0.0629749,0.1051988,0.0064000),(-0.0630415,0.1052962,0.0064000),(-0.0628723,0.1049903,0.0064000),(-0.0630415,0.1052962,0.0064000),(-0.0631184,0.1053890,0.0064000),(-0.0628723,0.1049903,0.0064000),(-0.0631184,0.1053890,0.0064000),(-0.0631913,0.1054622,0.0064000),(-0.0628723,0.1049903,0.0064000),(-0.0631913,0.1054622,0.0064000),(-0.0632687,0.1055256,0.0064000),(-0.0628723,0.1049903,0.0064000),(-0.0632687,0.1055256,0.0064000),(-0.0633506,0.1055792,0.0064000),(-0.0628723,0.1049903,0.0064000),(-0.0633506,0.1055792,0.0064000),(-0.0634370,0.1056232,0.0064000),(-0.0628723,0.1049903,0.0064000),(-0.0634370,0.1056232,0.0064000),(-0.0635278,0.1056573,0.0064000),(-0.0628723,0.1049903,0.0064000),(-0.0635278,0.1056573,0.0064000),(-0.0636232,0.1056817,0.0064000),(-0.0628723,0.1049903,0.0064000),(-0.0636232,0.1056817,0.0064000),(-0.0637231,0.1056963,0.0064000),(-0.0628723,0.1049903,0.0064000),(-0.0637231,0.1056963,0.0064000),(-0.0638275,0.1057012,0.0064000),(-0.0628723,0.1049903,0.0064000),(-0.0638275,0.1057012,0.0064000),(-0.0639260,0.1056964,0.0064000),(-0.0628723,0.1049903,0.0064000),(-0.0639260,0.1056964,0.0064000),(-0.0640215,0.1056821,0.0064000),(-0.0628723,0.1049903,0.0064000),(-0.0640215,0.1056821,0.0064000),(-0.0641140,0.1056582,0.0064000),(-0.0628723,0.1049903,0.0064000),(-0.0641140,0.1056582,0.0064000),(-0.0642035,0.1056247,0.0064000),(-0.0628723,0.1049903,0.0064000),(-0.0642035,0.1056247,0.0064000),(-0.0642899,0.1055817,0.0064000),(-0.0628723,0.1049903,0.0064000),(-0.0642899,0.1055817,0.0064000),(-0.0643734,0.1055292,0.0064000),(-0.0643734,0.1055292,0.0064000),(-0.0644538,0.1054670,0.0064000),(-0.0645313,0.1053953,0.0064000),(-0.0643734,0.1055292,0.0064000),(-0.0645313,0.1053953,0.0064000),(-0.0646104,0.1053088,0.0064000),(-0.0643734,0.1055292,0.0064000),(-0.0646104,0.1053088,0.0064000),(-0.0646790,0.1052160,0.0064000),(-0.0643734,0.1055292,0.0064000),(-0.0646790,0.1052160,0.0064000),(-0.0647370,0.1051167,0.0064000),(-0.0643734,0.1055292,0.0064000),(-0.0647370,0.1051167,0.0064000),(-0.0647845,0.1050112,0.0064000),(-0.0643734,0.1055292,0.0064000),(-0.0647845,0.1050112,0.0064000),(-0.0648214,0.1048993,0.0064000),(-0.0643734,0.1055292,0.0064000),(-0.0648214,0.1048993,0.0064000),(-0.0648478,0.1047810,0.0064000),(-0.0643734,0.1055292,0.0064000),(-0.0648478,0.1047810,0.0064000),(-0.0648636,0.1046564,0.0064000),(-0.0643734,0.1055292,0.0064000),(-0.0648636,0.1046564,0.0064000),(-0.0648689,0.1045254,0.0064000),(-0.0643734,0.1055292,0.0064000),(-0.0648689,0.1045254,0.0064000),(-0.0648689,0.1045201,0.0064000),(-0.0643734,0.1055292,0.0064000),(-0.0648689,0.1045201,0.0064000),(-0.0648533,0.1044386,0.0064000),(-0.0643734,0.1055292,0.0064000),(-0.0648533,0.1044386,0.0064000),(-0.0648064,0.1043698,0.0064000),(-0.0643734,0.1055292,0.0064000),(-0.0648064,0.1043698,0.0064000),(-0.0647376,0.1043230,0.0064000),(-0.0643734,0.1055292,0.0064000),(-0.0647376,0.1043230,0.0064000),(-0.0646562,0.1043074,0.0064000),(-0.0643734,0.1055292,0.0064000),(-0.0646562,0.1043074,0.0064000),(-0.0645747,0.1043230,0.0064000),(-0.0643734,0.1055292,0.0064000),(-0.0645747,0.1043230,0.0064000),(-0.0645059,0.1043698,0.0064000),(-0.0643734,0.1055292,0.0064000),(-0.0645059,0.1043698,0.0064000),(-0.0644582,0.1044386,0.0064000),(-0.0644582,0.1044386,0.0064000),(-0.0644424,0.1045201,0.0064000),(-0.0644424,0.1045254,0.0064000),(-0.0644582,0.1044386,0.0064000),(-0.0644424,0.1045254,0.0064000),(-0.0644391,0.1046123,0.0064000),(-0.0643734,0.1055292,0.0064000),(-0.0644582,0.1044386,0.0064000),(-0.0644391,0.1046123,0.0064000),(-0.0643734,0.1055292,0.0064000),(-0.0644391,0.1046123,0.0064000),(-0.0644291,0.1046947,0.0064000),(-0.0643734,0.1055292,0.0064000),(-0.0644291,0.1046947,0.0064000),(-0.0644125,0.1047727,0.0064000),(-0.0643734,0.1055292,0.0064000),(-0.0644125,0.1047727,0.0064000),(-0.0643892,0.1048461,0.0064000),(-0.0643734,0.1055292,0.0064000),(-0.0643892,0.1048461,0.0064000),(-0.0643227,0.1049794,0.0064000),(-0.0643734,0.1055292,0.0064000),(-0.0643227,0.1049794,0.0064000),(-0.0642296,0.1050948,0.0064000),(-0.0643734,0.1055292,0.0064000),(-0.0642296,0.1050948,0.0064000),(-0.0641388,0.1051735,0.0064000),(-0.0643734,0.1055292,0.0064000),(-0.0641388,0.1051735,0.0064000),(-0.0640418,0.1052297,0.0064000),(-0.0643734,0.1055292,0.0064000),(-0.0640418,0.1052297,0.0064000),(-0.0639387,0.1052635,0.0064000),(-0.0643734,0.1055292,0.0064000),(-0.0639387,0.1052635,0.0064000),(-0.0638296,0.1052747,0.0064000),(-0.0643734,0.1055292,0.0064000),(-0.0638296,0.1052747,0.0064000),(-0.0637164,0.1052638,0.0064000),(-0.0643734,0.1055292,0.0064000),(-0.0637164,0.1052638,0.0064000),(-0.0636126,0.1052313,0.0064000),(-0.0628723,0.1049903,0.0064000),(-0.0643734,0.1055292,0.0064000),(-0.0636126,0.1052313,0.0064000),(-0.0628723,0.1049903,0.0064000),(-0.0636126,0.1052313,0.0064000),(-0.0635184,0.1051771,0.0064000),(-0.0628723,0.1049903,0.0064000),(-0.0635184,0.1051771,0.0064000),(-0.0634338,0.1051011,0.0064000),(-0.0628723,0.1049903,0.0064000),(-0.0634338,0.1051011,0.0064000),(-0.0633822,0.1050400,0.0064000),(-0.0628723,0.1049903,0.0064000),(-0.0633822,0.1050400,0.0064000),(-0.0633375,0.1049755,0.0064000),(-0.0628723,0.1049903,0.0064000),(-0.0633375,0.1049755,0.0064000),(-0.0632687,0.1048368,0.0064000),(-0.0628723,0.1049903,0.0064000),(-0.0632687,0.1048368,0.0064000),(-0.0632274,0.1046850,0.0064000),(-0.0628723,0.1049903,0.0064000),(-0.0632274,0.1046850,0.0064000),(-0.0632171,0.1046042,0.0064000),(-0.0628723,0.1049903,0.0064000),(-0.0632171,0.1046042,0.0064000),(-0.0632136,0.1045201,0.0064000),(-0.0628723,0.1049903,0.0064000),(-0.0632136,0.1045201,0.0064000),(-0.0632166,0.1044334,0.0064000),(-0.0628723,0.1049903,0.0064000),(-0.0632166,0.1044334,0.0064000),(-0.0632254,0.1043500,0.0064000),(-0.0628723,0.1049903,0.0064000),(-0.0632254,0.1043500,0.0064000),(-0.0632400,0.1042699,0.0064000),(-0.0628723,0.1049903,0.0064000),(-0.0632400,0.1042699,0.0064000),(-0.0632605,0.1041931,0.0064000),(-0.0628723,0.1049903,0.0064000),(-0.0632605,0.1041931,0.0064000),(-0.0633190,0.1040494,0.0064000),(-0.0642371,0.1020690,0.0064000),(-0.0628723,0.1049903,0.0064000),(-0.0633190,0.1040494,0.0064000),(-0.0642371,0.1020690,0.0064000),(-0.0633190,0.1040494,0.0064000),(-0.0634010,0.1039190,0.0064000),(-0.0642371,0.1020690,0.0064000),(-0.0634010,0.1039190,0.0064000),(-0.0648244,0.1019854,0.0064000),(-0.0630009,0.1020690,0.0064000),(-0.0642371,0.1020690,0.0064000),(-0.0648244,0.1019854,0.0064000),(-0.0630009,0.1020690,0.0064000),(-0.0648244,0.1019854,0.0064000),(-0.0648710,0.1018605,0.0064000),(-0.0630009,0.1020690,0.0064000),(-0.0648710,0.1018605,0.0064000),(-0.0648689,0.1018256,0.0064000),(-0.0630009,0.1020690,0.0064000),(-0.0648689,0.1018256,0.0064000),(-0.0648424,0.1017470,0.0064000),(-0.0630009,0.1020690,0.0064000),(-0.0648424,0.1017470,0.0064000),(-0.0647906,0.1016912,0.0064000),(-0.0630009,0.1020690,0.0064000),(-0.0647906,0.1016912,0.0064000),(-0.0647220,0.1016563,0.0064000),(-0.0630009,0.1020690,0.0064000),(-0.0647220,0.1016563,0.0064000),(-0.0646562,0.1016446,0.0064000),(-0.0630009,0.1020690,0.0064000),(-0.0646562,0.1016446,0.0064000),(-0.0630009,0.1016446,0.0064000),(-0.0630009,0.1020690,0.0064000),(-0.0630009,0.1016446,0.0064000),(-0.0629176,0.1016597,0.0064000),(-0.0630009,0.1020690,0.0064000),(-0.0629176,0.1016597,0.0064000),(-0.0628496,0.1017049,0.0064000),(-0.0630009,0.1020690,0.0064000),(-0.0628496,0.1017049,0.0064000),(-0.0628051,0.1017729,0.0064000),(-0.0630009,0.1020690,0.0064000),(-0.0628051,0.1017729,0.0064000),(-0.0627903,0.1018563,0.0064000),(-0.0630009,0.1020690,0.0064000),(-0.0627903,0.1018563,0.0064000),(-0.0628051,0.1019404,0.0064000),(-0.0630009,0.1020690,0.0064000),(-0.0628051,0.1019404,0.0064000),(-0.0628496,0.1020087,0.0064000),(-0.0630009,0.1020690,0.0064000),(-0.0628496,0.1020087,0.0064000),(-0.0629155,0.1020539,0.0064000),(-0.0659219,0.1016750,0.0064000),(-0.0658489,0.1015684,0.0064000),(-0.0657423,0.1014954,0.0064000),(-0.0659219,0.1016750,0.0064000),(-0.0657423,0.1014954,0.0064000),(-0.0656171,0.1014710,0.0064000),(-0.0659219,0.1016750,0.0064000),(-0.0656171,0.1014710,0.0064000),(-0.0654922,0.1014954,0.0064000),(-0.0659219,0.1016750,0.0064000),(-0.0654922,0.1014954,0.0064000),(-0.0653864,0.1015684,0.0064000),(-0.0659219,0.1016750,0.0064000),(-0.0653864,0.1015684,0.0064000),(-0.0653134,0.1016750,0.0064000),(-0.0659219,0.1016750,0.0064000),(-0.0653134,0.1016750,0.0064000),(-0.0652890,0.1018002,0.0064000),(-0.0659219,0.1016750,0.0064000),(-0.0652890,0.1018002,0.0064000),(-0.0653134,0.1019253,0.0064000),(-0.0659219,0.1016750,0.0064000),(-0.0653134,0.1019253,0.0064000),(-0.0653864,0.1020320,0.0064000),(-0.0659219,0.1016750,0.0064000),(-0.0653864,0.1020320,0.0064000),(-0.0654922,0.1021050,0.0064000),(-0.0659219,0.1016750,0.0064000),(-0.0654922,0.1021050,0.0064000),(-0.0656171,0.1021293,0.0064000),(-0.0659219,0.1016750,0.0064000),(-0.0656171,0.1021293,0.0064000),(-0.0657423,0.1021050,0.0064000),(-0.0659219,0.1016750,0.0064000),(-0.0657423,0.1021050,0.0064000),(-0.0658489,0.1020320,0.0064000),(-0.0659219,0.1016750,0.0064000),(-0.0658489,0.1020320,0.0064000),(-0.0659219,0.1019253,0.0064000),(-0.0659219,0.1016750,0.0064000),(-0.0659219,0.1019253,0.0064000),(-0.0659463,0.1018002,0.0064000),(-0.0524026,0.1034274,0.0064000),(-0.0510204,0.1016377,0.0064000),(-0.0509482,0.1015758,0.0064000),(-0.0524026,0.1034274,0.0064000),(-0.0509482,0.1015758,0.0064000),(-0.0508564,0.1015552,0.0064000),(-0.0524026,0.1034274,0.0064000),(-0.0508564,0.1015552,0.0064000),(-0.0507241,0.1016007,0.0064000),(-0.0524026,0.1034274,0.0064000),(-0.0507241,0.1016007,0.0064000),(-0.0506598,0.1016742,0.0064000),(-0.0524026,0.1034274,0.0064000),(-0.0506598,0.1016742,0.0064000),(-0.0506383,0.1017700,0.0064000),(-0.0524026,0.1034274,0.0064000),(-0.0506383,0.1017700,0.0064000),(-0.0506828,0.1019023,0.0064000),(-0.0524026,0.1034274,0.0064000),(-0.0506828,0.1019023,0.0064000),(-0.0518586,0.1034274,0.0064000),(-0.0518586,0.1034274,0.0064000),(-0.0517729,0.1034274,0.0064000),(-0.0516536,0.1034325,0.0064000),(-0.0524026,0.1034274,0.0064000),(-0.0518586,0.1034274,0.0064000),(-0.0516536,0.1034325,0.0064000),(-0.0532662,0.1034274,0.0064000),(-0.0524026,0.1034274,0.0064000),(-0.0516536,0.1034325,0.0064000),(-0.0532662,0.1034274,0.0064000),(-0.0516536,0.1034325,0.0064000),(-0.0515399,0.1034478,0.0064000),(-0.0532662,0.1034274,0.0064000),(-0.0515399,0.1034478,0.0064000),(-0.0514315,0.1034734,0.0064000),(-0.0532662,0.1034274,0.0064000),(-0.0514315,0.1034734,0.0064000),(-0.0513286,0.1035091,0.0064000),(-0.0532662,0.1034274,0.0064000),(-0.0513286,0.1035091,0.0064000),(-0.0512312,0.1035551,0.0064000),(-0.0532662,0.1034274,0.0064000),(-0.0512312,0.1035551,0.0064000),(-0.0511393,0.1036113,0.0064000),(-0.0532662,0.1034274,0.0064000),(-0.0511393,0.1036113,0.0064000),(-0.0510528,0.1036778,0.0064000),(-0.0532662,0.1034274,0.0064000),(-0.0510528,0.1036778,0.0064000),(-0.0509717,0.1037544,0.0064000),(-0.0532662,0.1034274,0.0064000),(-0.0509717,0.1037544,0.0064000),(-0.0508953,0.1038441,0.0064000),(-0.0532662,0.1034274,0.0064000),(-0.0508953,0.1038441,0.0064000),(-0.0508291,0.1039366,0.0064000),(-0.0532662,0.1034274,0.0064000),(-0.0508291,0.1039366,0.0064000),(-0.0507731,0.1040317,0.0064000),(-0.0507731,0.1040317,0.0064000),(-0.0507272,0.1041296,0.0064000),(-0.0511228,0.1042788,0.0064000),(-0.0507731,0.1040317,0.0064000),(-0.0511228,0.1042788,0.0064000),(-0.0511873,0.1041612,0.0064000),(-0.0507731,0.1040317,0.0064000),(-0.0511873,0.1041612,0.0064000),(-0.0512776,0.1040550,0.0064000),(-0.0507731,0.1040317,0.0064000),(-0.0512776,0.1040550,0.0064000),(-0.0513875,0.1039670,0.0064000),(-0.0507731,0.1040317,0.0064000),(-0.0513875,0.1039670,0.0064000),(-0.0515067,0.1039042,0.0064000),(-0.0507731,0.1040317,0.0064000),(-0.0515067,0.1039042,0.0064000),(-0.0516352,0.1038665,0.0064000),(-0.0532662,0.1034274,0.0064000),(-0.0507731,0.1040317,0.0064000),(-0.0516352,0.1038665,0.0064000),(-0.0532662,0.1034274,0.0064000),(-0.0516352,0.1038665,0.0064000),(-0.0517729,0.1038539,0.0064000),(-0.0532662,0.1034274,0.0064000),(-0.0517729,0.1038539,0.0064000),(-0.0532662,0.1038539,0.0064000),(-0.0510841,0.1044078,0.0064000),(-0.0511228,0.1042788,0.0064000),(-0.0507272,0.1041296,0.0064000),(-0.0510712,0.1045482,0.0064000),(-0.0510841,0.1044078,0.0064000),(-0.0507272,0.1041296,0.0064000),(-0.0510841,0.1046872,0.0064000),(-0.0510712,0.1045482,0.0064000),(-0.0507272,0.1041296,0.0064000),(-0.0511228,0.1048154,0.0064000),(-0.0510841,0.1046872,0.0064000),(-0.0507272,0.1041296,0.0064000),(-0.0511873,0.1049327,0.0064000),(-0.0511228,0.1048154,0.0064000),(-0.0507272,0.1041296,0.0064000),(-0.0511873,0.1049327,0.0064000),(-0.0507272,0.1041296,0.0064000),(-0.0506916,0.1042302,0.0064000),(-0.0511873,0.1049327,0.0064000),(-0.0506916,0.1042302,0.0064000),(-0.0506661,0.1043334,0.0064000),(-0.0512776,0.1050392,0.0064000),(-0.0511873,0.1049327,0.0064000),(-0.0506661,0.1043334,0.0064000),(-0.0512776,0.1050392,0.0064000),(-0.0506661,0.1043334,0.0064000),(-0.0506509,0.1044394,0.0064000),(-0.0512776,0.1050392,0.0064000),(-0.0506509,0.1044394,0.0064000),(-0.0506458,0.1045482,0.0064000),(-0.0513847,0.1051272,0.0064000),(-0.0512776,0.1050392,0.0064000),(-0.0506458,0.1045482,0.0064000),(-0.0513847,0.1051272,0.0064000),(-0.0506458,0.1045482,0.0064000),(-0.0506509,0.1046608,0.0064000),(-0.0513847,0.1051272,0.0064000),(-0.0506509,0.1046608,0.0064000),(-0.0506661,0.1047695,0.0064000),(-0.0515019,0.1051900,0.0064000),(-0.0513847,0.1051272,0.0064000),(-0.0506661,0.1047695,0.0064000),(-0.0515019,0.1051900,0.0064000),(-0.0506661,0.1047695,0.0064000),(-0.0506916,0.1048743,0.0064000),(-0.0515019,0.1051900,0.0064000),(-0.0506916,0.1048743,0.0064000),(-0.0507272,0.1049752,0.0064000),(-0.0516292,0.1052277,0.0064000),(-0.0515019,0.1051900,0.0064000),(-0.0507272,0.1049752,0.0064000),(-0.0516292,0.1052277,0.0064000),(-0.0507272,0.1049752,0.0064000),(-0.0507731,0.1050722,0.0064000),(-0.0516292,0.1052277,0.0064000),(-0.0507731,0.1050722,0.0064000),(-0.0508291,0.1051653,0.0064000),(-0.0517665,0.1052403,0.0064000),(-0.0516292,0.1052277,0.0064000),(-0.0508291,0.1051653,0.0064000),(-0.0517665,0.1052403,0.0064000),(-0.0508291,0.1051653,0.0064000),(-0.0508953,0.1052545,0.0064000),(-0.0532662,0.1052403,0.0064000),(-0.0517665,0.1052403,0.0064000),(-0.0508953,0.1052545,0.0064000),(-0.0532662,0.1052403,0.0064000),(-0.0508953,0.1052545,0.0064000),(-0.0509717,0.1053398,0.0064000),(-0.0532662,0.1052403,0.0064000),(-0.0509717,0.1053398,0.0064000),(-0.0510588,0.1054179,0.0064000),(-0.0532662,0.1052403,0.0064000),(-0.0510588,0.1054179,0.0064000),(-0.0511496,0.1054856,0.0064000),(-0.0532662,0.1052403,0.0064000),(-0.0511496,0.1054856,0.0064000),(-0.0512441,0.1055429,0.0064000),(-0.0532662,0.1052403,0.0064000),(-0.0512441,0.1055429,0.0064000),(-0.0513424,0.1055898,0.0064000),(-0.0532662,0.1052403,0.0064000),(-0.0513424,0.1055898,0.0064000),(-0.0514444,0.1056263,0.0064000),(-0.0532662,0.1052403,0.0064000),(-0.0514444,0.1056263,0.0064000),(-0.0515502,0.1056523,0.0064000),(-0.0532662,0.1052403,0.0064000),(-0.0515502,0.1056523,0.0064000),(-0.0516597,0.1056680,0.0064000),(-0.0532662,0.1052403,0.0064000),(-0.0516597,0.1056680,0.0064000),(-0.0517729,0.1056732,0.0064000),(-0.0532662,0.1052403,0.0064000),(-0.0517729,0.1056732,0.0064000),(-0.0534789,0.1056732,0.0064000),(-0.0532662,0.1038539,0.0064000),(-0.0532662,0.1052403,0.0064000),(-0.0534789,0.1056732,0.0064000),(-0.0532662,0.1034274,0.0064000),(-0.0532662,0.1038539,0.0064000),(-0.0534789,0.1056732,0.0064000),(-0.0532662,0.1034274,0.0064000),(-0.0534789,0.1056732,0.0064000),(-0.0535649,0.1056565,0.0064000),(-0.0532662,0.1034274,0.0064000),(-0.0535649,0.1056565,0.0064000),(-0.0536366,0.1056065,0.0064000),(-0.0532662,0.1034274,0.0064000),(-0.0536366,0.1056065,0.0064000),(-0.0536787,0.1055321,0.0064000),(-0.0532662,0.1034274,0.0064000),(-0.0536787,0.1055321,0.0064000),(-0.0536927,0.1054530,0.0064000),(-0.0532662,0.1034274,0.0064000),(-0.0536927,0.1054530,0.0064000),(-0.0536927,0.1018261,0.0064000),(-0.0532662,0.1034274,0.0064000),(-0.0536927,0.1018261,0.0064000),(-0.0536698,0.1017428,0.0064000),(-0.0532662,0.1034274,0.0064000),(-0.0536698,0.1017428,0.0064000),(-0.0536266,0.1016832,0.0064000),(-0.0532662,0.1034274,0.0064000),(-0.0536266,0.1016832,0.0064000),(-0.0534789,0.1016356,0.0064000),(-0.0532662,0.1034274,0.0064000),(-0.0534789,0.1016356,0.0064000),(-0.0534049,0.1016475,0.0064000),(-0.0532662,0.1034274,0.0064000),(-0.0534049,0.1016475,0.0064000),(-0.0533448,0.1016832,0.0064000),(-0.0532662,0.1034274,0.0064000),(-0.0533448,0.1016832,0.0064000),(-0.0532662,0.1018261,0.0064000),(-0.0546547,0.1034327,0.0064000),(-0.0546568,0.1018261,0.0064000),(-0.0546407,0.1017441,0.0064000),(-0.0546547,0.1034327,0.0064000),(-0.0546407,0.1017441,0.0064000),(-0.0545923,0.1016758,0.0064000),(-0.0546547,0.1034327,0.0064000),(-0.0545923,0.1016758,0.0064000),(-0.0545235,0.1016298,0.0064000),(-0.0546547,0.1034327,0.0064000),(-0.0545235,0.1016298,0.0064000),(-0.0544462,0.1016145,0.0064000),(-0.0546547,0.1034327,0.0064000),(-0.0544462,0.1016145,0.0064000),(-0.0543634,0.1016298,0.0064000),(-0.0546547,0.1034327,0.0064000),(-0.0543634,0.1016298,0.0064000),(-0.0542949,0.1016758,0.0064000),(-0.0546547,0.1034327,0.0064000),(-0.0542949,0.1016758,0.0064000),(-0.0542489,0.1017441,0.0064000),(-0.0546547,0.1034327,0.0064000),(-0.0542489,0.1017441,0.0064000),(-0.0542335,0.1018261,0.0064000),(-0.0546547,0.1034327,0.0064000),(-0.0542335,0.1018261,0.0064000),(-0.0542335,0.1054530,0.0064000),(-0.0546547,0.1034327,0.0064000),(-0.0542335,0.1054530,0.0064000),(-0.0542489,0.1055345,0.0064000),(-0.0546547,0.1034327,0.0064000),(-0.0542489,0.1055345,0.0064000),(-0.0542949,0.1056033,0.0064000),(-0.0546547,0.1034327,0.0064000),(-0.0542949,0.1056033,0.0064000),(-0.0543624,0.1056509,0.0064000),(-0.0546547,0.1034327,0.0064000),(-0.0543624,0.1056509,0.0064000),(-0.0544420,0.1056668,0.0064000),(-0.0546547,0.1034327,0.0064000),(-0.0544420,0.1056668,0.0064000),(-0.0545240,0.1056504,0.0064000),(-0.0546547,0.1034327,0.0064000),(-0.0545240,0.1056504,0.0064000),(-0.0545944,0.1056012,0.0064000),(-0.0546547,0.1034327,0.0064000),(-0.0545944,0.1056012,0.0064000),(-0.0546412,0.1055366,0.0064000),(-0.0546547,0.1034327,0.0064000),(-0.0546412,0.1055366,0.0064000),(-0.0546568,0.1054530,0.0064000),(-0.0546547,0.1034327,0.0064000),(-0.0546568,0.1054530,0.0064000),(-0.0546568,0.1038539,0.0064000),(-0.0568561,0.1034327,0.0064000),(-0.0546547,0.1034327,0.0064000),(-0.0546568,0.1038539,0.0064000),(-0.0568561,0.1034327,0.0064000),(-0.0546568,0.1038539,0.0064000),(-0.0568497,0.1038539,0.0064000),(-0.0568561,0.1034327,0.0064000),(-0.0568497,0.1038539,0.0064000),(-0.0568497,0.1054530,0.0064000),(-0.0568561,0.1034327,0.0064000),(-0.0568497,0.1054530,0.0064000),(-0.0568661,0.1055345,0.0064000),(-0.0568561,0.1034327,0.0064000),(-0.0568661,0.1055345,0.0064000),(-0.0569153,0.1056033,0.0064000),(-0.0568561,0.1034327,0.0064000),(-0.0569153,0.1056033,0.0064000),(-0.0569849,0.1056509,0.0064000),(-0.0568561,0.1034327,0.0064000),(-0.0569849,0.1056509,0.0064000),(-0.0570624,0.1056668,0.0064000),(-0.0568561,0.1034327,0.0064000),(-0.0570624,0.1056668,0.0064000),(-0.0571447,0.1056509,0.0064000),(-0.0568561,0.1034327,0.0064000),(-0.0571447,0.1056509,0.0064000),(-0.0572159,0.1056033,0.0064000),(-0.0568561,0.1034327,0.0064000),(-0.0572159,0.1056033,0.0064000),(-0.0572643,0.1055345,0.0064000),(-0.0568561,0.1034327,0.0064000),(-0.0572643,0.1055345,0.0064000),(-0.0572804,0.1054530,0.0064000),(-0.0568561,0.1034327,0.0064000),(-0.0572804,0.1054530,0.0064000),(-0.0572804,0.1018261,0.0064000),(-0.0568561,0.1034327,0.0064000),(-0.0572804,0.1018261,0.0064000),(-0.0572648,0.1017441,0.0064000),(-0.0568561,0.1034327,0.0064000),(-0.0572648,0.1017441,0.0064000),(-0.0572180,0.1016758,0.0064000),(-0.0568561,0.1034327,0.0064000),(-0.0572180,0.1016758,0.0064000),(-0.0571484,0.1016298,0.0064000),(-0.0568561,0.1034327,0.0064000),(-0.0571484,0.1016298,0.0064000),(-0.0570667,0.1016145,0.0064000),(-0.0568561,0.1034327,0.0064000),(-0.0570667,0.1016145,0.0064000),(-0.0569889,0.1016295,0.0064000),(-0.0568561,0.1034327,0.0064000),(-0.0569889,0.1016295,0.0064000),(-0.0569164,0.1016748,0.0064000),(-0.0568561,0.1034327,0.0064000),(-0.0569164,0.1016748,0.0064000),(-0.0568711,0.1017396,0.0064000),(-0.0568561,0.1034327,0.0064000),(-0.0568711,0.1017396,0.0064000),(-0.0568561,0.1018261,0.0064000),(-0.0496742,0.1031448,0.0064000),(-0.0496742,0.1054530,0.0064000),(-0.0496896,0.1055345,0.0064000),(-0.0496742,0.1031448,0.0064000),(-0.0496896,0.1055345,0.0064000),(-0.0497356,0.1056033,0.0064000),(-0.0496742,0.1031448,0.0064000),(-0.0497356,0.1056033,0.0064000),(-0.0498031,0.1056509,0.0064000),(-0.0496692,0.1030323,0.0064000),(-0.0496742,0.1031448,0.0064000),(-0.0498031,0.1056509,0.0064000),(-0.0496692,0.1030323,0.0064000),(-0.0498031,0.1056509,0.0064000),(-0.0498827,0.1056668,0.0064000),(-0.0496692,0.1030323,0.0064000),(-0.0498827,0.1056668,0.0064000),(-0.0499660,0.1056504,0.0064000),(-0.0496692,0.1030323,0.0064000),(-0.0499660,0.1056504,0.0064000),(-0.0500404,0.1056012,0.0064000),(-0.0496692,0.1030323,0.0064000),(-0.0500404,0.1056012,0.0064000),(-0.0500856,0.1055366,0.0064000),(-0.0496692,0.1030323,0.0064000),(-0.0500856,0.1055366,0.0064000),(-0.0501007,0.1054530,0.0064000),(-0.0496692,0.1030323,0.0064000),(-0.0501007,0.1054530,0.0064000),(-0.0501007,0.1031448,0.0064000),(-0.0496692,0.1030323,0.0064000),(-0.0501007,0.1031448,0.0064000),(-0.0500938,0.1029897,0.0064000),(-0.0496692,0.1030323,0.0064000),(-0.0500938,0.1029897,0.0064000),(-0.0500729,0.1028403,0.0064000),(-0.0496692,0.1030323,0.0064000),(-0.0500729,0.1028403,0.0064000),(-0.0500382,0.1026967,0.0064000),(-0.0496692,0.1030323,0.0064000),(-0.0500382,0.1026967,0.0064000),(-0.0499896,0.1025587,0.0064000),(-0.0496692,0.1030323,0.0064000),(-0.0499896,0.1025587,0.0064000),(-0.0499271,0.1024265,0.0064000),(-0.0496692,0.1030323,0.0064000),(-0.0499271,0.1024265,0.0064000),(-0.0498507,0.1023001,0.0064000),(-0.0496692,0.1030323,0.0064000),(-0.0498507,0.1023001,0.0064000),(-0.0497604,0.1021793,0.0064000),(-0.0496692,0.1030323,0.0064000),(-0.0497604,0.1021793,0.0064000),(-0.0496562,0.1020642,0.0064000),(-0.0496692,0.1030323,0.0064000),(-0.0496562,0.1020642,0.0064000),(-0.0495436,0.1019588,0.0064000),(-0.0495436,0.1019588,0.0064000),(-0.0494250,0.1018675,0.0064000),(-0.0493002,0.1017902,0.0064000),(-0.0495436,0.1019588,0.0064000),(-0.0493002,0.1017902,0.0064000),(-0.0491694,0.1017269,0.0064000),(-0.0495436,0.1019588,0.0064000),(-0.0491694,0.1017269,0.0064000),(-0.0490325,0.1016777,0.0064000),(-0.0495436,0.1019588,0.0064000),(-0.0490325,0.1016777,0.0064000),(-0.0488895,0.1016426,0.0064000),(-0.0495436,0.1019588,0.0064000),(-0.0488895,0.1016426,0.0064000),(-0.0487404,0.1016215,0.0064000),(-0.0495436,0.1019588,0.0064000),(-0.0487404,0.1016215,0.0064000),(-0.0485852,0.1016145,0.0064000),(-0.0495436,0.1019588,0.0064000),(-0.0485852,0.1016145,0.0064000),(-0.0484298,0.1016215,0.0064000),(-0.0495436,0.1019588,0.0064000),(-0.0484298,0.1016215,0.0064000),(-0.0482801,0.1016426,0.0064000),(-0.0495436,0.1019588,0.0064000),(-0.0482801,0.1016426,0.0064000),(-0.0481360,0.1016777,0.0064000),(-0.0495436,0.1019588,0.0064000),(-0.0481360,0.1016777,0.0064000),(-0.0479975,0.1017269,0.0064000),(-0.0495436,0.1019588,0.0064000),(-0.0479975,0.1017269,0.0064000),(-0.0478648,0.1017902,0.0064000),(-0.0495436,0.1019588,0.0064000),(-0.0478648,0.1017902,0.0064000),(-0.0477377,0.1018675,0.0064000),(-0.0495436,0.1019588,0.0064000),(-0.0477377,0.1018675,0.0064000),(-0.0476162,0.1019588,0.0064000),(-0.0495436,0.1019588,0.0064000),(-0.0476162,0.1019588,0.0064000),(-0.0475004,0.1020642,0.0064000),(-0.0475004,0.1020642,0.0064000),(-0.0473957,0.1021779,0.0064000),(-0.0473050,0.1022979,0.0064000),(-0.0475004,0.1020642,0.0064000),(-0.0473050,0.1022979,0.0064000),(-0.0472282,0.1024240,0.0064000),(-0.0475004,0.1020642,0.0064000),(-0.0472282,0.1024240,0.0064000),(-0.0471654,0.1025564,0.0064000),(-0.0475004,0.1020642,0.0064000),(-0.0471654,0.1025564,0.0064000),(-0.0471166,0.1026949,0.0064000),(-0.0475004,0.1020642,0.0064000),(-0.0471166,0.1026949,0.0064000),(-0.0470817,0.1028397,0.0064000),(-0.0475004,0.1020642,0.0064000),(-0.0470817,0.1028397,0.0064000),(-0.0470608,0.1029907,0.0064000),(-0.0475004,0.1020642,0.0064000),(-0.0470608,0.1029907,0.0064000),(-0.0470538,0.1031480,0.0064000),(-0.0475004,0.1020642,0.0064000),(-0.0470538,0.1031480,0.0064000),(-0.0470538,0.1054530,0.0064000),(-0.0475004,0.1020642,0.0064000),(-0.0470538,0.1054530,0.0064000),(-0.0470691,0.1055345,0.0064000),(-0.0475004,0.1020642,0.0064000),(-0.0470691,0.1055345,0.0064000),(-0.0471152,0.1056033,0.0064000),(-0.0475004,0.1020642,0.0064000),(-0.0471152,0.1056033,0.0064000),(-0.0471834,0.1056509,0.0064000),(-0.0475004,0.1020642,0.0064000),(-0.0471834,0.1056509,0.0064000),(-0.0472654,0.1056668,0.0064000),(-0.0475004,0.1020642,0.0064000),(-0.0472654,0.1056668,0.0064000),(-0.0473475,0.1056509,0.0064000),(-0.0475004,0.1020642,0.0064000),(-0.0473475,0.1056509,0.0064000),(-0.0474157,0.1056033,0.0064000),(-0.0474157,0.1056033,0.0064000),(-0.0474618,0.1055345,0.0064000),(-0.0474771,0.1054530,0.0064000),(-0.0474157,0.1056033,0.0064000),(-0.0474771,0.1054530,0.0064000),(-0.0474771,0.1031480,0.0064000),(-0.0475004,0.1020642,0.0064000),(-0.0474157,0.1056033,0.0064000),(-0.0474771,0.1031480,0.0064000),(-0.0475004,0.1020642,0.0064000),(-0.0474771,0.1031480,0.0064000),(-0.0474822,0.1030360,0.0064000),(-0.0475004,0.1020642,0.0064000),(-0.0474822,0.1030360,0.0064000),(-0.0474975,0.1029280,0.0064000),(-0.0475004,0.1020642,0.0064000),(-0.0474975,0.1029280,0.0064000),(-0.0475231,0.1028240,0.0064000),(-0.0475004,0.1020642,0.0064000),(-0.0475231,0.1028240,0.0064000),(-0.0475589,0.1027241,0.0064000),(-0.0475004,0.1020642,0.0064000),(-0.0475589,0.1027241,0.0064000),(-0.0476049,0.1026282,0.0064000),(-0.0475004,0.1020642,0.0064000),(-0.0476049,0.1026282,0.0064000),(-0.0476611,0.1025364,0.0064000),(-0.0475004,0.1020642,0.0064000),(-0.0476611,0.1025364,0.0064000),(-0.0477275,0.1024486,0.0064000),(-0.0475004,0.1020642,0.0064000),(-0.0477275,0.1024486,0.0064000),(-0.0478041,0.1023648,0.0064000),(-0.0475004,0.1020642,0.0064000),(-0.0478041,0.1023648,0.0064000),(-0.0478860,0.1022884,0.0064000),(-0.0475004,0.1020642,0.0064000),(-0.0478860,0.1022884,0.0064000),(-0.0479723,0.1022222,0.0064000),(-0.0475004,0.1020642,0.0064000),(-0.0479723,0.1022222,0.0064000),(-0.0480631,0.1021662,0.0064000),(-0.0475004,0.1020642,0.0064000),(-0.0480631,0.1021662,0.0064000),(-0.0481584,0.1021203,0.0064000),(-0.0475004,0.1020642,0.0064000),(-0.0481584,0.1021203,0.0064000),(-0.0482581,0.1020847,0.0064000),(-0.0475004,0.1020642,0.0064000),(-0.0482581,0.1020847,0.0064000),(-0.0483623,0.1020592,0.0064000),(-0.0475004,0.1020642,0.0064000),(-0.0483623,0.1020592,0.0064000),(-0.0484710,0.1020439,0.0064000),(-0.0495436,0.1019588,0.0064000),(-0.0475004,0.1020642,0.0064000),(-0.0484710,0.1020439,0.0064000),(-0.0495436,0.1019588,0.0064000),(-0.0484710,0.1020439,0.0064000),(-0.0485841,0.1020388,0.0064000),(-0.0495436,0.1019588,0.0064000),(-0.0485841,0.1020388,0.0064000),(-0.0486953,0.1020439,0.0064000),(-0.0495436,0.1019588,0.0064000),(-0.0486953,0.1020439,0.0064000),(-0.0488022,0.1020591,0.0064000),(-0.0495436,0.1019588,0.0064000),(-0.0488022,0.1020591,0.0064000),(-0.0489049,0.1020844,0.0064000),(-0.0495436,0.1019588,0.0064000),(-0.0489049,0.1020844,0.0064000),(-0.0490035,0.1021198,0.0064000),(-0.0495436,0.1019588,0.0064000),(-0.0490035,0.1021198,0.0064000),(-0.0490978,0.1021653,0.0064000),(-0.0495436,0.1019588,0.0064000),(-0.0490978,0.1021653,0.0064000),(-0.0491880,0.1022210,0.0064000),(-0.0495436,0.1019588,0.0064000),(-0.0491880,0.1022210,0.0064000),(-0.0492739,0.1022868,0.0064000),(-0.0495436,0.1019588,0.0064000),(-0.0492739,0.1022868,0.0064000),(-0.0493556,0.1023627,0.0064000),(-0.0495436,0.1019588,0.0064000),(-0.0493556,0.1023627,0.0064000),(-0.0494303,0.1024458,0.0064000),(-0.0495436,0.1019588,0.0064000),(-0.0494303,0.1024458,0.0064000),(-0.0494950,0.1025330,0.0064000),(-0.0495436,0.1019588,0.0064000),(-0.0494950,0.1025330,0.0064000),(-0.0495498,0.1026245,0.0064000),(-0.0495436,0.1019588,0.0064000),(-0.0495498,0.1026245,0.0064000),(-0.0495946,0.1027201,0.0064000),(-0.0495436,0.1019588,0.0064000),(-0.0495946,0.1027201,0.0064000),(-0.0496294,0.1028200,0.0064000),(-0.0495436,0.1019588,0.0064000),(-0.0496294,0.1028200,0.0064000),(-0.0496543,0.1029241,0.0064000),(-0.0496692,0.1030323,0.0064000),(-0.0495436,0.1019588,0.0064000),(-0.0496543,0.1029241,0.0064000),(-0.0578766,0.1052935,0.0064000),(-0.0578234,0.1054530,0.0064000),(-0.0578385,0.1055329,0.0064000),(-0.0578766,0.1052935,0.0064000),(-0.0578385,0.1055329,0.0064000),(-0.0578837,0.1056012,0.0064000),(-0.0578766,0.1052935,0.0064000),(-0.0578837,0.1056012,0.0064000),(-0.0579520,0.1056504,0.0064000),(-0.0578766,0.1052935,0.0064000),(-0.0579520,0.1056504,0.0064000),(-0.0580361,0.1056668,0.0064000),(-0.0578766,0.1052935,0.0064000),(-0.0580361,0.1056668,0.0064000),(-0.0606565,0.1056668,0.0064000),(-0.0578766,0.1052935,0.0064000),(-0.0606565,0.1056668,0.0064000),(-0.0607497,0.1056464,0.0064000),(-0.0578766,0.1052935,0.0064000),(-0.0607497,0.1056464,0.0064000),(-0.0608237,0.1055853,0.0064000),(-0.0578766,0.1052935,0.0064000),(-0.0608237,0.1055853,0.0064000),(-0.0608703,0.1054530,0.0064000),(-0.0578766,0.1052935,0.0064000),(-0.0608703,0.1054530,0.0064000),(-0.0608703,0.1054372,0.0064000),(-0.0578766,0.1052935,0.0064000),(-0.0608703,0.1054372,0.0064000),(-0.0608100,0.1053080,0.0064000),(-0.0578766,0.1052935,0.0064000),(-0.0608100,0.1053080,0.0064000),(-0.0607388,0.1052572,0.0064000),(-0.0578766,0.1052935,0.0064000),(-0.0607388,0.1052572,0.0064000),(-0.0606565,0.1052403,0.0064000),(-0.0578766,0.1052935,0.0064000),(-0.0606565,0.1052403,0.0064000),(-0.0595569,0.1052403,0.0064000),(-0.0595569,0.1052403,0.0064000),(-0.0595569,0.1018261,0.0064000),(-0.0595416,0.1017441,0.0064000),(-0.0595569,0.1052403,0.0064000),(-0.0595416,0.1017441,0.0064000),(-0.0594955,0.1016758,0.0064000),(-0.0595569,0.1052403,0.0064000),(-0.0594955,0.1016758,0.0064000),(-0.0594273,0.1016298,0.0064000),(-0.0595569,0.1052403,0.0064000),(-0.0594273,0.1016298,0.0064000),(-0.0593453,0.1016145,0.0064000),(-0.0595569,0.1052403,0.0064000),(-0.0593453,0.1016145,0.0064000),(-0.0592632,0.1016298,0.0064000),(-0.0595569,0.1052403,0.0064000),(-0.0592632,0.1016298,0.0064000),(-0.0591950,0.1016758,0.0064000),(-0.0595569,0.1052403,0.0064000),(-0.0591950,0.1016758,0.0064000),(-0.0591489,0.1017441,0.0064000),(-0.0595569,0.1052403,0.0064000),(-0.0591489,0.1017441,0.0064000),(-0.0591336,0.1018261,0.0064000),(-0.0595569,0.1052403,0.0064000),(-0.0591336,0.1018261,0.0064000),(-0.0591336,0.1052403,0.0064000),(-0.0578766,0.1052935,0.0064000),(-0.0595569,0.1052403,0.0064000),(-0.0591336,0.1052403,0.0064000),(-0.0578766,0.1052935,0.0064000),(-0.0591336,0.1052403,0.0064000),(-0.0580361,0.1052403,0.0064000),(-0.0578766,0.1052935,0.0064000),(-0.0580361,0.1052403,0.0064000),(-0.0579430,0.1052536,0.0064000)));
#3329=COMPLEX_TRIANGULATED_SURFACE_SET('surface set',#3328,3558,(),(),(),((1,2,3),(4,5,6),(7,8,9),(10,11,12),(13,14,15),(16,17,18),(19,20,21),(22,23,24),(25,26,27),(28,29,30),(31,32,33),(34,35,36),(37,38,39),(40,41,42),(43,44,45),(46,47,48),(49,50,51),(52,53,54),(55,56,57),(58,59,60),(61,62,63),(64,65,66),(67,68,69),(70,71,72),(73,74,75),(76,77,78),(79,80,81),(82,83,84),(85,86,87),(88,89,90),(91,92,93),(94,95,96),(97,98,99),(100,101,102),(103,104,105),(106,107,108),(109,110,111),(112,113,114),(115,116,117),(118,119,120),(121,122,123),(124,125,126),(127,128,129),(130,131,132),(133,134,135),(136,137,138),(139,140,141),(142,143,144),(145,146,147),(148,149,150),(151,152,153),(154,155,156),(157,158,159),(160,161,162),(163,164,165),(166,167,168),(169,170,171),(172,173,174),(175,176,177),(178,179,180),(181,182,183),(184,185,186),(187,188,189),(190,191,192),(193,194,195),(196,197,198),(199,200,201),(202,203,204),(205,206,207),(208,209,210),(211,212,213),(214,215,216),(217,218,219),(220,221,222),(223,224,225),(226,227,228),(229,230,231),(232,233,234),(235,236,237),(238,239,240),(241,242,243),(244,245,246),(247,248,249),(250,251,252),(253,254,255),(256,257,258),(259,260,261),(262,263,264),(265,266,267),(268,269,270),(271,272,273),(274,275,276),(277,278,279),(280,281,282),(283,284,285),(286,287,288),(289,290,291),(292,293,294),(295,296,297),(298,299,300),(301,302,303),(304,305,306),(307,308,309),(310,311,312),(313,314,315),(316,317,318),(319,320,321),(322,323,324),(325,326,327),(328,329,330),(331,332,333),(334,335,336),(337,338,339),(340,341,342),(343,344,345),(346,347,348),(349,350,351),(352,353,354),(355,356,357),(358,359,360),(361,362,363),(364,365,366),(367,368,369),(370,371,372),(373,374,375),(376,377,378),(379,380,381),(382,383,384),(385,386,387),(388,389,390),(391,392,393),(394,395,396),(397,398,399),(400,401,402),(403,404,405),(406,407,408),(409,410,411),(412,413,414),(415,416,417),(418,419,420),(421,422,423),(424,425,426),(427,428,429),(430,431,432),(433,434,435),(436,437,438),(439,440,441),(442,443,444),(445,446,447),(448,449,450),(451,452,453),(454,455,456),(457,458,459),(460,461,462),(463,464,465),(466,467,468),(469,470,471),(472,473,474),(475,476,477),(478,479,480),(481,482,483),(484,485,486),(487,488,489),(490,491,492),(493,494,495),(496,497,498),(499,500,501),(502,503,504),(505,506,507),(508,509,510),(511,512,513),(514,515,516),(517,518,519),(520,521,522),(523,524,525),(526,527,528),(529,530,531),(532,533,534),(535,536,537),(538,539,540),(541,542,543),(544,545,546),(547,548,549),(550,551,552),(553,554,555),(556,557,558),(559,560,561),(562,563,564),(565,566,567),(568,569,570),(571,572,573),(574,575,576),(577,578,579),(580,581,582),(583,584,585),(586,587,588),(589,590,591),(592,593,594),(595,596,597),(598,599,600),(601,602,603),(604,605,606),(607,608,609),(610,611,612),(613,614,615),(616,617,618),(619,620,621),(622,623,624),(625,626,627),(628,629,630),(631,632,633),(634,635,636),(637,638,639),(640,641,642),(643,644,645),(646,647,648),(649,650,651),(652,653,654),(655,656,657),(658,659,660),(661,662,663),(664,665,666),(667,668,669),(670,671,672),(673,674,675),(676,677,678),(679,680,681),(682,683,684),(685,686,687),(688,689,690),(691,692,693),(694,695,696),(697,698,699),(700,701,702),(703,704,705),(706,707,708),(709,710,711),(712,713,714),(715,716,717),(718,719,720),(721,722,723),(724,725,726),(727,728,729),(730,731,732),(733,734,735),(736,737,738),(739,740,741),(742,743,744),(745,746,747),(748,749,750),(751,752,753),(754,755,756),(757,758,759),(760,761,762),(763,764,765),(766,767,768),(769,770,771),(772,773,774),(775,776,777),(778,779,780),(781,782,783),(784,785,786),(787,788,789),(790,791,792),(793,794,795),(796,797,798),(799,800,801),(802,803,804),(805,806,807),(808,809,810),(811,812,813),(814,815,816),(817,818,819),(820,821,822),(823,824,825),(826,827,828),(829,830,831),(832,833,834),(835,836,837),(838,839,840),(841,842,843),(844,845,846),(847,848,849),(850,851,852),(853,854,855),(856,857,858),(859,860,861),(862,863,864),(865,866,867),(868,869,870),(871,872,873),(874,875,876),(877,878,879),(880,881,882),(883,884,885),(886,887,888),(889,890,891),(892,893,894),(895,896,897),(898,899,900),(901,902,903),(904,905,906),(907,908,909),(910,911,912),(913,914,915),(916,917,918),(919,920,921),(922,923,924),(925,926,927),(928,929,930),(931,932,933),(934,935,936),(937,938,939),(940,941,942),(943,944,945),(946,947,948),(949,950,951),(952,953,954),(955,956,957),(958,959,960),(961,962,963),(964,965,966),(967,968,969),(970,971,972),(973,974,975),(976,977,978),(979,980,981),(982,983,984),(985,986,987),(988,989,990),(991,992,993),(994,995,996),(997,998,999),(1000,1001,1002),(1003,1004,1005),(1006,1007,1008),(1009,1010,1011),(1012,1013,1014),(1015,1016,1017),(1018,1019,1020),(1021,1022,1023),(1024,1025,1026),(1027,1028,1029),(1030,1031,1032),(1033,1034,1035),(1036,1037,1038),(1039,1040,1041),(1042,1043,1044),(1045,1046,1047),(1048,1049,1050),(1051,1052,1053),(1054,1055,1056),(1057,1058,1059),(1060,1061,1062),(1063,1064,1065),(1066,1067,1068),(1069,1070,1071),(1072,1073,1074),(1075,1076,1077),(1078,1079,1080),(1081,1082,1083),(1084,1085,1086),(1087,1088,1089),(1090,1091,1092),(1093,1094,1095),(1096,1097,1098),(1099,1100,1101),(1102,1103,1104),(1105,1106,1107),(1108,1109,1110),(1111,1112,1113),(1114,1115,1116),(1117,1118,1119),(1120,1121,1122),(1123,1124,1125),(1126,1127,1128),(1129,1130,1131),(1132,1133,1134),(1135,1136,1137),(1138,1139,1140),(1141,1142,1143),(1144,1145,1146),(1147,1148,1149),(1150,1151,1152),(1153,1154,1155),(1156,1157,1158),(1159,1160,1161),(1162,1163,1164),(1165,1166,1167),(1168,1169,1170),(1171,1172,1173),(1174,1175,1176),(1177,1178,1179),(1180,1181,1182),(1183,1184,1185),(1186,1187,1188),(1189,1190,1191),(1192,1193,1194),(1195,1196,1197),(1198,1199,1200),(1201,1202,1203),(1204,1205,1206),(1207,1208,1209),(1210,1211,1212),(1213,1214,1215),(1216,1217,1218),(1219,1220,1221),(1222,1223,1224),(1225,1226,1227),(1228,1229,1230),(1231,1232,1233),(1234,1235,1236),(1237,1238,1239),(1240,1241,1242),(1243,1244,1245),(1246,1247,1248),(1249,1250,1251),(1252,1253,1254),(1255,1256,1257),(1258,1259,1260),(1261,1262,1263),(1264,1265,1266),(1267,1268,1269),(1270,1271,1272),(1273,1274,1275),(1276,1277,1278),(1279,1280,1281),(1282,1283,1284),(1285,1286,1287),(1288,1289,1290),(1291,1292,1293),(1294,1295,1296),(1297,1298,1299),(1300,1301,1302),(1303,1304,1305),(1306,1307,1308),(1309,1310,1311),(1312,1313,1314),(1315,1316,1317),(1318,1319,1320),(1321,1322,1323),(1324,1325,1326),(1327,1328,1329),(1330,1331,1332),(1333,1334,1335),(1336,1337,1338),(1339,1340,1341),(1342,1343,1344),(1345,1346,1347),(1348,1349,1350),(1351,1352,1353),(1354,1355,1356),(1357,1358,1359),(1360,1361,1362),(1363,1364,1365),(1366,1367,1368),(1369,1370,1371),(1372,1373,1374),(1375,1376,1377),(1378,1379,1380),(1381,1382,1383),(1384,1385,1386),(1387,1388,1389),(1390,1391,1392),(1393,1394,1395),(1396,1397,1398),(1399,1400,1401),(1402,1403,1404),(1405,1406,1407),(1408,1409,1410),(1411,1412,1413),(1414,1415,1416),(1417,1418,1419),(1420,1421,1422),(1423,1424,1425),(1426,1427,1428),(1429,1430,1431),(1432,1433,1434),(1435,1436,1437),(1438,1439,1440),(1441,1442,1443),(1444,1445,1446),(1447,1448,1449),(1450,1451,1452),(1453,1454,1455),(1456,1457,1458),(1459,1460,1461),(1462,1463,1464),(1465,1466,1467),(1468,1469,1470),(1471,1472,1473),(1474,1475,1476),(1477,1478,1479),(1480,1481,1482),(1483,1484,1485),(1486,1487,1488),(1489,1490,1491),(1492,1493,1494),(1495,1496,1497),(1498,1499,1500),(1501,1502,1503),(1504,1505,1506),(1507,1508,1509),(1510,1511,1512),(1513,1514,1515),(1516,1517,1518),(1519,1520,1521),(1522,1523,1524),(1525,1526,1527),(1528,1529,1530),(1531,1532,1533),(1534,1535,1536),(1537,1538,1539),(1540,1541,1542),(1543,1544,1545),(1546,1547,1548),(1549,1550,1551),(1552,1553,1554),(1555,1556,1557),(1558,1559,1560),(1561,1562,1563),(1564,1565,1566),(1567,1568,1569),(1570,1571,1572),(1573,1574,1575),(1576,1577,1578),(1579,1580,1581),(1582,1583,1584),(1585,1586,1587),(1588,1589,1590),(1591,1592,1593),(1594,1595,1596),(1597,1598,1599),(1600,1601,1602),(1603,1604,1605),(1606,1607,1608),(1609,1610,1611),(1612,1613,1614),(1615,1616,1617),(1618,1619,1620),(1621,1622,1623),(1624,1625,1626),(1627,1628,1629),(1630,1631,1632),(1633,1634,1635),(1636,1637,1638),(1639,1640,1641),(1642,1643,1644),(1645,1646,1647),(1648,1649,1650),(1651,1652,1653),(1654,1655,1656),(1657,1658,1659),(1660,1661,1662),(1663,1664,1665),(1666,1667,1668),(1669,1670,1671),(1672,1673,1674),(1675,1676,1677),(1678,1679,1680),(1681,1682,1683),(1684,1685,1686),(1687,1688,1689),(1690,1691,1692),(1693,1694,1695),(1696,1697,1698),(1699,1700,1701),(1702,1703,1704),(1705,1706,1707),(1708,1709,1710),(1711,1712,1713),(1714,1715,1716),(1717,1718,1719),(1720,1721,1722),(1723,1724,1725),(1726,1727,1728),(1729,1730,1731),(1732,1733,1734),(1735,1736,1737),(1738,1739,1740),(1741,1742,1743),(1744,1745,1746),(1747,1748,1749),(1750,1751,1752),(1753,1754,1755),(1756,1757,1758),(1759,1760,1761),(1762,1763,1764),(1765,1766,1767),(1768,1769,1770),(1771,1772,1773),(1774,1775,1776),(1777,1778,1779),(1780,1781,1782),(1783,1784,1785),(1786,1787,1788),(1789,1790,1791),(1792,1793,1794),(1795,1796,1797),(1798,1799,1800),(1801,1802,1803),(1804,1805,1806),(1807,1808,1809),(1810,1811,1812),(1813,1814,1815),(1816,1817,1818),(1819,1820,1821),(1822,1823,1824),(1825,1826,1827),(1828,1829,1830),(1831,1832,1833),(1834,1835,1836),(1837,1838,1839),(1840,1841,1842),(1843,1844,1845),(1846,1847,1848),(1849,1850,1851),(1852,1853,1854),(1855,1856,1857),(1858,1859,1860),(1861,1862,1863),(1864,1865,1866),(1867,1868,1869),(1870,1871,1872),(1873,1874,1875),(1876,1877,1878),(1879,1880,1881),(1882,1883,1884),(1885,1886,1887),(1888,1889,1890),(1891,1892,1893),(1894,1895,1896),(1897,1898,1899),(1900,1901,1902),(1903,1904,1905),(1906,1907,1908),(1909,1910,1911),(1912,1913,1914),(1915,1916,1917),(1918,1919,1920),(1921,1922,1923),(1924,1925,1926),(1927,1928,1929),(1930,1931,1932),(1933,1934,1935),(1936,1937,1938),(1939,1940,1941),(1942,1943,1944),(1945,1946,1947),(1948,1949,1950),(1951,1952,1953),(1954,1955,1956),(1957,1958,1959),(1960,1961,1962),(1963,1964,1965),(1966,1967,1968),(1969,1970,1971),(1972,1973,1974),(1975,1976,1977),(1978,1979,1980),(1981,1982,1983),(1984,1985,1986),(1987,1988,1989),(1990,1991,1992),(1993,1994,1995),(1996,1997,1998),(1999,2000,2001),(2002,2003,2004),(2005,2006,2007),(2008,2009,2010),(2011,2012,2013),(2014,2015,2016),(2017,2018,2019),(2020,2021,2022),(2023,2024,2025),(2026,2027,2028),(2029,2030,2031),(2032,2033,2034),(2035,2036,2037),(2038,2039,2040),(2041,2042,2043),(2044,2045,2046),(2047,2048,2049),(2050,2051,2052),(2053,2054,2055),(2056,2057,2058),(2059,2060,2061),(2062,2063,2064),(2065,2066,2067),(2068,2069,2070),(2071,2072,2073),(2074,2075,2076),(2077,2078,2079),(2080,2081,2082),(2083,2084,2085),(2086,2087,2088),(2089,2090,2091),(2092,2093,2094),(2095,2096,2097),(2098,2099,2100),(2101,2102,2103),(2104,2105,2106),(2107,2108,2109),(2110,2111,2112),(2113,2114,2115),(2116,2117,2118),(2119,2120,2121),(2122,2123,2124),(2125,2126,2127),(2128,2129,2130),(2131,2132,2133),(2134,2135,2136),(2137,2138,2139),(2140,2141,2142),(2143,2144,2145),(2146,2147,2148),(2149,2150,2151),(2152,2153,2154),(2155,2156,2157),(2158,2159,2160),(2161,2162,2163),(2164,2165,2166),(2167,2168,2169),(2170,2171,2172),(2173,2174,2175),(2176,2177,2178),(2179,2180,2181),(2182,2183,2184),(2185,2186,2187),(2188,2189,2190),(2191,2192,2193),(2194,2195,2196),(2197,2198,2199),(2200,2201,2202),(2203,2204,2205),(2206,2207,2208),(2209,2210,2211),(2212,2213,2214),(2215,2216,2217),(2218,2219,2220),(2221,2222,2223),(2224,2225,2226),(2227,2228,2229),(2230,2231,2232),(2233,2234,2235),(2236,2237,2238),(2239,2240,2241),(2242,2243,2244),(2245,2246,2247),(2248,2249,2250),(2251,2252,2253),(2254,2255,2256),(2257,2258,2259),(2260,2261,2262),(2263,2264,2265),(2266,2267,2268),(2269,2270,2271),(2272,2273,2274),(2275,2276,2277),(2278,2279,2280),(2281,2282,2283),(2284,2285,2286),(2287,2288,2289),(2290,2291,2292),(2293,2294,2295),(2296,2297,2298),(2299,2300,2301),(2302,2303,2304),(2305,2306,2307),(2308,2309,2310),(2311,2312,2313),(2314,2315,2316),(2317,2318,2319),(2320,2321,2322),(2323,2324,2325),(2326,2327,2328),(2329,2330,2331),(2332,2333,2334),(2335,2336,2337),(2338,2339,2340),(2341,2342,2343),(2344,2345,2346),(2347,2348,2349),(2350,2351,2352),(2353,2354,2355),(2356,2357,2358),(2359,2360,2361),(2362,2363,2364),(2365,2366,2367),(2368,2369,2370),(2371,2372,2373),(2374,2375,2376),(2377,2378,2379),(2380,2381,2382),(2383,2384,2385),(2386,2387,2388),(2389,2390,2391),(2392,2393,2394),(2395,2396,2397),(2398,2399,2400),(2401,2402,2403),(2404,2405,2406),(2407,2408,2409),(2410,2411,2412),(2413,2414,2415),(2416,2417,2418),(2419,2420,2421),(2422,2423,2424),(2425,2426,2427),(2428,2429,2430),(2431,2432,2433),(2434,2435,2436),(2437,2438,2439),(2440,2441,2442),(2443,2444,2445),(2446,2447,2448),(2449,2450,2451),(2452,2453,2454),(2455,2456,2457),(2458,2459,2460),(2461,2462,2463),(2464,2465,2466),(2467,2468,2469),(2470,2471,2472),(2473,2474,2475),(2476,2477,2478),(2479,2480,2481),(2482,2483,2484),(2485,2486,2487),(2488,2489,2490),(2491,2492,2493),(2494,2495,2496),(2497,2498,2499),(2500,2501,2502),(2503,2504,2505),(2506,2507,2508),(2509,2510,2511),(2512,2513,2514),(2515,2516,2517),(2518,2519,2520),(2521,2522,2523),(2524,2525,2526),(2527,2528,2529),(2530,2531,2532),(2533,2534,2535),(2536,2537,2538),(2539,2540,2541),(2542,2543,2544),(2545,2546,2547),(2548,2549,2550),(2551,2552,2553),(2554,2555,2556),(2557,2558,2559),(2560,2561,2562),(2563,2564,2565),(2566,2567,2568),(2569,2570,2571),(2572,2573,2574),(2575,2576,2577),(2578,2579,2580),(2581,2582,2583),(2584,2585,2586),(2587,2588,2589),(2590,2591,2592),(2593,2594,2595),(2596,2597,2598),(2599,2600,2601),(2602,2603,2604),(2605,2606,2607),(2608,2609,2610),(2611,2612,2613),(2614,2615,2616),(2617,2618,2619),(2620,2621,2622),(2623,2624,2625),(2626,2627,2628),(2629,2630,2631),(2632,2633,2634),(2635,2636,2637),(2638,2639,2640),(2641,2642,2643),(2644,2645,2646),(2647,2648,2649),(2650,2651,2652),(2653,2654,2655),(2656,2657,2658),(2659,2660,2661),(2662,2663,2664),(2665,2666,2667),(2668,2669,2670),(2671,2672,2673),(2674,2675,2676),(2677,2678,2679),(2680,2681,2682),(2683,2684,2685),(2686,2687,2688),(2689,2690,2691),(2692,2693,2694),(2695,2696,2697),(2698,2699,2700),(2701,2702,2703),(2704,2705,2706),(2707,2708,2709),(2710,2711,2712),(2713,2714,2715),(2716,2717,2718),(2719,2720,2721),(2722,2723,2724),(2725,2726,2727),(2728,2729,2730),(2731,2732,2733),(2734,2735,2736),(2737,2738,2739),(2740,2741,2742),(2743,2744,2745),(2746,2747,2748),(2749,2750,2751),(2752,2753,2754),(2755,2756,2757),(2758,2759,2760),(2761,2762,2763),(2764,2765,2766),(2767,2768,2769),(2770,2771,2772),(2773,2774,2775),(2776,2777,2778),(2779,2780,2781),(2782,2783,2784),(2785,2786,2787),(2788,2789,2790),(2791,2792,2793),(2794,2795,2796),(2797,2798,2799),(2800,2801,2802),(2803,2804,2805),(2806,2807,2808),(2809,2810,2811),(2812,2813,2814),(2815,2816,2817),(2818,2819,2820),(2821,2822,2823),(2824,2825,2826),(2827,2828,2829),(2830,2831,2832),(2833,2834,2835),(2836,2837,2838),(2839,2840,2841),(2842,2843,2844),(2845,2846,2847),(2848,2849,2850),(2851,2852,2853),(2854,2855,2856),(2857,2858,2859),(2860,2861,2862),(2863,2864,2865),(2866,2867,2868),(2869,2870,2871),(2872,2873,2874),(2875,2876,2877),(2878,2879,2880),(2881,2882,2883),(2884,2885,2886),(2887,2888,2889),(2890,2891,2892),(2893,2894,2895),(2896,2897,2898),(2899,2900,2901),(2902,2903,2904),(2905,2906,2907),(2908,2909,2910),(2911,2912,2913),(2914,2915,2916),(2917,2918,2919),(2920,2921,2922),(2923,2924,2925),(2926,2927,2928),(2929,2930,2931),(2932,2933,2934),(2935,2936,2937),(2938,2939,2940),(2941,2942,2943),(2944,2945,2946),(2947,2948,2949),(2950,2951,2952),(2953,2954,2955),(2956,2957,2958),(2959,2960,2961),(2962,2963,2964),(2965,2966,2967),(2968,2969,2970),(2971,2972,2973),(2974,2975,2976),(2977,2978,2979),(2980,2981,2982),(2983,2984,2985),(2986,2987,2988),(2989,2990,2991),(2992,2993,2994),(2995,2996,2997),(2998,2999,3000),(3001,3002,3003),(3004,3005,3006),(3007,3008,3009),(3010,3011,3012),(3013,3014,3015),(3016,3017,3018),(3019,3020,3021),(3022,3023,3024),(3025,3026,3027),(3028,3029,3030),(3031,3032,3033),(3034,3035,3036),(3037,3038,3039),(3040,3041,3042),(3043,3044,3045),(3046,3047,3048),(3049,3050,3051),(3052,3053,3054),(3055,3056,3057),(3058,3059,3060),(3061,3062,3063),(3064,3065,3066),(3067,3068,3069),(3070,3071,3072),(3073,3074,3075),(3076,3077,3078),(3079,3080,3081),(3082,3083,3084),(3085,3086,3087),(3088,3089,3090),(3091,3092,3093),(3094,3095,3096),(3097,3098,3099),(3100,3101,3102),(3103,3104,3105),(3106,3107,3108),(3109,3110,3111),(3112,3113,3114),(3115,3116,3117),(3118,3119,3120),(3121,3122,3123),(3124,3125,3126),(3127,3128,3129),(3130,3131,3132),(3133,3134,3135),(3136,3137,3138),(3139,3140,3141),(3142,3143,3144),(3145,3146,3147),(3148,3149,3150),(3151,3152,3153),(3154,3155,3156),(3157,3158,3159),(3160,3161,3162),(3163,3164,3165),(3166,3167,3168),(3169,3170,3171),(3172,3173,3174),(3175,3176,3177),(3178,3179,3180),(3181,3182,3183),(3184,3185,3186),(3187,3188,3189),(3190,3191,3192),(3193,3194,3195),(3196,3197,3198),(3199,3200,3201),(3202,3203,3204),(3205,3206,3207),(3208,3209,3210),(3211,3212,3213),(3214,3215,3216),(3217,3218,3219),(3220,3221,3222),(3223,3224,3225),(3226,3227,3228),(3229,3230,3231),(3232,3233,3234),(3235,3236,3237),(3238,3239,3240),(3241,3242,3243),(3244,3245,3246),(3247,3248,3249),(3250,3251,3252),(3253,3254,3255),(3256,3257,3258),(3259,3260,3261),(3262,3263,3264),(3265,3266,3267),(3268,3269,3270),(3271,3272,3273),(3274,3275,3276),(3277,3278,3279),(3280,3281,3282),(3283,3284,3285),(3286,3287,3288),(3289,3290,3291),(3292,3293,3294),(3295,3296,3297),(3298,3299,3300),(3301,3302,3303),(3304,3305,3306),(3307,3308,3309),(3310,3311,3312),(3313,3314,3315),(3316,3317,3318),(3319,3320,3321),(3322,3323,3324),(3325,3326,3327),(3328,3329,3330),(3331,3332,3333),(3334,3335,3336),(3337,3338,3339),(3340,3341,3342),(3343,3344,3345),(3346,3347,3348),(3349,3350,3351),(3352,3353,3354),(3355,3356,3357),(3358,3359,3360),(3361,3362,3363),(3364,3365,3366),(3367,3368,3369),(3370,3371,3372),(3373,3374,3375),(3376,3377,3378),(3379,3380,3381),(3382,3383,3384),(3385,3386,3387),(3388,3389,3390),(3391,3392,3393),(3394,3395,3396),(3397,3398,3399),(3400,3401,3402),(3403,3404,3405),(3406,3407,3408),(3409,3410,3411),(3412,3413,3414),(3415,3416,3417),(3418,3419,3420),(3421,3422,3423),(3424,3425,3426),(3427,3428,3429),(3430,3431,3432),(3433,3434,3435),(3436,3437,3438),(3439,3440,3441),(3442,3443,3444),(3445,3446,3447),(3448,3449,3450),(3451,3452,3453),(3454,3455,3456),(3457,3458,3459),(3460,3461,3462),(3463,3464,3465),(3466,3467,3468),(3469,3470,3471),(3472,3473,3474),(3475,3476,3477),(3478,3479,3480),(3481,3482,3483),(3484,3485,3486),(3487,3488,3489),(3490,3491,3492),(3493,3494,3495),(3496,3497,3498),(3499,3500,3501),(3502,3503,3504),(3505,3506,3507),(3508,3509,3510),(3511,3512,3513),(3514,3515,3516),(3517,3518,3519),(3520,3521,3522),(3523,3524,3525),(3526,3527,3528),(3529,3530,3531),(3532,3533,3534),(3535,3536,3537),(3538,3539,3540),(3541,3542,3543),(3544,3545,3546),(3547,3548,3549),(3550,3551,3552),(3553,3554,3555),(3556,3557,3558)));
#3330=TESSELLATED_GEOMETRIC_SET('hole callout',(#3329));
#3331=COORDINATES_LIST('coordinates',5,((-0.0730032,0.0924035,0.0064000),(-0.0470538,0.0924035,0.0064000),(-0.0855032,0.0849035,0.0064000),(-0.0780032,0.0924035,0.0064000),(-0.0730032,0.0924035,0.0064000)));
#3332=TESSELLATED_CURVE_SET('curve set',#3331,((1,2),(3,4,5)));
#3333=TESSELLATED_GEOMETRIC_SET('hole callout',(#3332));
#3334=TESSELLATED_ANNOTATION_OCCURRENCE('hole callout',(#3327),#3330);
#3335=TESSELLATED_ANNOTATION_OCCURRENCE('hole callout',(#3327),#3333);
#3336=DRAUGHTING_CALLOUT('hole callout',(#3334,#3335));
#3337=DRAUGHTING_MODEL_ITEM_ASSOCIATION('','',#3279,#3225,#3336);
#3338=DRAUGHTING_MODEL_ITEM_ASSOCIATION('','',#3287,#3225,#3336);
#3339=DRAUGHTING_MODEL_ITEM_ASSOCIATION('','',#3295,#3225,#3336);
#3340=DRAUGHTING_MODEL_ITEM_ASSOCIATION('','',#3242,#3225,#3336);
ENDSEC;
END-ISO-10303-21;
