ISO-10303-21;
HEADER;
/* Generated by software containing ST-Developer
 * from STEP Tools, Inc. (www.steptools.com) 
 */
/* OPTION: using custom renumber hook */

FILE_DESCRIPTION(
/* description */ ('STEP AP242 Edition 2',
'CAx-IF Rec.Pracs.---Representation and Presentation of Product Manufa
cturing Information (PMI)---4.0---2014-10-13',
'CAx-IF Rec.Pracs.---3D Tessellated Geometry---0.4---2014-09-14','2;1',
'CAx-IF Rec.Pracs.---User Defined Attributes---1.5---2016-08-15'),
/* implementation_level */ '2;1');

FILE_NAME(
/* name */ 'DOOR BACK',
/* time_stamp */ '2026-04-23T21:16:20Z',
/* author */ (''),
/* organization */ (''),
/* preprocessor_version */ 'ST-DEVELOPER v20',
/* originating_system */ 'ONSHAPE BY PTC INC, 1.213',
/* authorisation */ '  ');

FILE_SCHEMA (('AP242_MANAGED_MODEL_BASED_3D_ENGINEERING_MIM_LF { 1 0 10303 442 3 1 4 }'));
ENDSEC;

DATA;
#10=B_SPLINE_SURFACE_WITH_KNOTS('',3,1,((#16380,#16381),(#16382,#16383),
(#16384,#16385),(#16386,#16387)),.SURF_OF_LINEAR_EXTRUSION.,.F.,.F.,.F.,
(4,4),(2,2),(0.,1.),(0.,1.),.PIECEWISE_BEZIER_KNOTS.);
#11=B_SPLINE_SURFACE_WITH_KNOTS('',3,1,((#16405,#16406),(#16407,#16408),
(#16409,#16410),(#16411,#16412)),.SURF_OF_LINEAR_EXTRUSION.,.F.,.F.,.F.,
(4,4),(2,2),(0.,1.),(0.,1.),.PIECEWISE_BEZIER_KNOTS.);
#12=B_SPLINE_SURFACE_WITH_KNOTS('',3,1,((#16450,#16451),(#16452,#16453),
(#16454,#16455),(#16456,#16457)),.SURF_OF_LINEAR_EXTRUSION.,.F.,.F.,.F.,
(4,4),(2,2),(0.,1.),(0.,1.),.PIECEWISE_BEZIER_KNOTS.);
#13=B_SPLINE_SURFACE_WITH_KNOTS('',3,1,((#16467,#16468),(#16469,#16470),
(#16471,#16472),(#16473,#16474)),.SURF_OF_LINEAR_EXTRUSION.,.F.,.F.,.F.,
(4,4),(2,2),(0.,1.),(0.,1.),.PIECEWISE_BEZIER_KNOTS.);
#14=B_SPLINE_SURFACE_WITH_KNOTS('',3,1,((#16484,#16485),(#16486,#16487),
(#16488,#16489),(#16490,#16491)),.SURF_OF_LINEAR_EXTRUSION.,.F.,.F.,.F.,
(4,4),(2,2),(0.,1.),(0.,1.),.PIECEWISE_BEZIER_KNOTS.);
#15=B_SPLINE_SURFACE_WITH_KNOTS('',3,1,((#16501,#16502),(#16503,#16504),
(#16505,#16506),(#16507,#16508)),.SURF_OF_LINEAR_EXTRUSION.,.F.,.F.,.F.,
(4,4),(2,2),(0.,1.),(0.,1.),.PIECEWISE_BEZIER_KNOTS.);
#16=B_SPLINE_SURFACE_WITH_KNOTS('',3,1,((#16540,#16541),(#16542,#16543),
(#16544,#16545),(#16546,#16547)),.SURF_OF_LINEAR_EXTRUSION.,.F.,.F.,.F.,
(4,4),(2,2),(0.,1.),(0.,1.),.PIECEWISE_BEZIER_KNOTS.);
#17=B_SPLINE_SURFACE_WITH_KNOTS('',3,1,((#16629,#16630),(#16631,#16632),
(#16633,#16634),(#16635,#16636)),.SURF_OF_LINEAR_EXTRUSION.,.F.,.F.,.F.,
(4,4),(2,2),(0.,1.),(0.,1.),.PIECEWISE_BEZIER_KNOTS.);
#18=B_SPLINE_SURFACE_WITH_KNOTS('',3,1,((#16746,#16747),(#16748,#16749),
(#16750,#16751),(#16752,#16753),(#16754,#16755),(#16756,#16757),(#16758,
#16759)),.SURF_OF_LINEAR_EXTRUSION.,.F.,.F.,.F.,(4,1,1,1,4),(2,2),(0.515268501934232,
0.636451376450674,0.757634250967116,0.878817125483558,1.),(0.,1.),
 .UNSPECIFIED.);
#19=B_SPLINE_SURFACE_WITH_KNOTS('',3,1,((#16774,#16775),(#16776,#16777),
(#16778,#16779),(#16780,#16781),(#16782,#16783),(#16784,#16785),(#16786,
#16787),(#16788,#16789),(#16790,#16791),(#16792,#16793)),
 .SURF_OF_LINEAR_EXTRUSION.,.F.,.F.,.F.,(4,1,1,1,1,1,1,4),(2,2),(0.,0.120465715686328,
0.180698573529492,0.240931431372656,0.301164289215821,0.361397147058985,
0.421630004902149,0.481862862745313),(0.,1.),.UNSPECIFIED.);
#20=B_SPLINE_SURFACE_WITH_KNOTS('',3,1,((#16844,#16845),(#16846,#16847),
(#16848,#16849),(#16850,#16851),(#16852,#16853),(#16854,#16855),(#16856,
#16857),(#16858,#16859),(#16860,#16861),(#16862,#16863),(#16864,#16865),
(#16866,#16867),(#16868,#16869),(#16870,#16871),(#16872,#16873),(#16874,
#16875),(#16876,#16877),(#16878,#16879)),.SURF_OF_LINEAR_EXTRUSION.,.F.,
 .F.,.F.,(4,1,1,1,1,1,1,1,1,1,1,1,1,1,1,4),(2,2),(0.0289896368650555,0.128979820020142,
0.178974911597685,0.228970003175228,0.278965094752771,0.328960186330314,
0.378955277907858,0.428950369485401,0.478945461062944,0.528940552640487,
0.57893564421803,0.628930735795573,0.678925827373116,0.72892091895066,0.778916010528203,
0.828911102105746),(0.,1.),.UNSPECIFIED.);
#21=B_SPLINE_SURFACE_WITH_KNOTS('',3,1,((#16881,#16882),(#16883,#16884),
(#16885,#16886),(#16887,#16888),(#16889,#16890),(#16891,#16892),(#16893,
#16894),(#16895,#16896),(#16897,#16898),(#16899,#16900),(#16901,#16902),
(#16903,#16904),(#16905,#16906),(#16907,#16908),(#16909,#16910)),
 .SURF_OF_LINEAR_EXTRUSION.,.F.,.F.,.F.,(4,1,1,1,1,1,1,1,1,1,1,1,4),(2,
2),(0.241925698958126,0.335183436926443,0.381812305910601,0.42844117489476,
0.475070043878918,0.521698912863076,0.568327781847235,0.614956650831393,
0.70821438879971,0.754843257783868,0.801472126768026,0.894729864736343,
0.98798760270466),(0.,1.),.UNSPECIFIED.);
#22=B_SPLINE_SURFACE_WITH_KNOTS('',3,1,((#16912,#16913),(#16914,#16915),
(#16916,#16917),(#16918,#16919),(#16920,#16921),(#16922,#16923),(#16924,
#16925),(#16926,#16927),(#16928,#16929),(#16930,#16931),(#16932,#16933),
(#16934,#16935),(#16936,#16937),(#16938,#16939),(#16940,#16941),(#16942,
#16943)),.SURF_OF_LINEAR_EXTRUSION.,.F.,.F.,.F.,(4,1,1,1,1,1,1,1,1,1,1,
1,1,4),(2,2),(0.0398356785903981,0.128871629653533,0.217907580716669,0.306943531779804,
0.351461507311372,0.395979482842939,0.440497458374507,0.485015433906075,
0.529533409437642,0.57405138496921,0.618569360500778,0.663087336032345,
0.707605311563913,0.752123287095481),(0.,1.),.UNSPECIFIED.);
#23=B_SPLINE_SURFACE_WITH_KNOTS('',3,1,((#16945,#16946),(#16947,#16948),
(#16949,#16950),(#16951,#16952),(#16953,#16954),(#16955,#16956),(#16957,
#16958),(#16959,#16960),(#16961,#16962),(#16963,#16964),(#16965,#16966),
(#16967,#16968),(#16969,#16970),(#16971,#16972),(#16973,#16974),(#16975,
#16976),(#16977,#16978),(#16979,#16980)),.SURF_OF_LINEAR_EXTRUSION.,.F.,
 .F.,.F.,(4,1,1,1,1,1,1,1,1,1,1,1,1,1,1,4),(2,2),(0.202260858942447,0.301978251574641,
0.351836947890738,0.401695644206835,0.451554340522932,0.501413036839029,
0.551271733155126,0.601130429471224,0.650989125787321,0.700847822103418,
0.750706518419515,0.800565214735612,0.850423911051709,0.900282607367806,
0.950141303683903,1.),(0.,1.),.UNSPECIFIED.);
#24=ELLIPSE('',#10782,0.00284015604175243,0.0025);
#25=ELLIPSE('',#10783,0.00659934766697813,0.0025);
#26=ELLIPSE('',#10784,0.00659934766697813,0.0025);
#27=B_SPLINE_CURVE_WITH_KNOTS('',2,(#15762,#15763,#15764),.UNSPECIFIED.,
 .F.,.F.,(3,3),(0.,1.),.PIECEWISE_BEZIER_KNOTS.);
#28=B_SPLINE_CURVE_WITH_KNOTS('',2,(#15804,#15805,#15806),.UNSPECIFIED.,
 .F.,.F.,(3,3),(0.,1.),.PIECEWISE_BEZIER_KNOTS.);
#29=B_SPLINE_CURVE_WITH_KNOTS('',2,(#15858,#15859,#15860),.UNSPECIFIED.,
 .F.,.F.,(3,3),(0.,1.),.PIECEWISE_BEZIER_KNOTS.);
#30=B_SPLINE_CURVE_WITH_KNOTS('',2,(#15868,#15869,#15870),.UNSPECIFIED.,
 .F.,.F.,(3,3),(0.,1.),.PIECEWISE_BEZIER_KNOTS.);
#31=B_SPLINE_CURVE_WITH_KNOTS('',3,(#15875,#15876,#15877,#15878,#15879,
#15880,#15881,#15882,#15883),.UNSPECIFIED.,.F.,.F.,(4,1,1,1,1,1,4),(0.0398356785903981,
0.132521205712915,0.271584361559607,0.403960539822031,0.532008093403082,
0.635254370220486,0.752123287095481),.UNSPECIFIED.);
#32=B_SPLINE_CURVE_WITH_KNOTS('',3,(#15886,#15887,#15888,#15889,#15890,
#15891,#15892,#15893,#15894),.UNSPECIFIED.,.F.,.F.,(4,1,1,1,1,1,4),(0.202260858942447,
0.288218788976043,0.416645073762862,0.572056372780153,0.715196093422161,
0.844833879905108,1.),.UNSPECIFIED.);
#33=B_SPLINE_CURVE_WITH_KNOTS('',3,(#15896,#15897,#15898,#15899,#15900,
#15901),.UNSPECIFIED.,.F.,.F.,(4,1,1,4),(0.,0.166746894451507,0.325486872992799,
0.481862862745313),.UNSPECIFIED.);
#34=B_SPLINE_CURVE_WITH_KNOTS('',3,(#15905,#15906,#15907,#15908,#15909,
#15910),.UNSPECIFIED.,.F.,.F.,(4,1,1,4),(0.515268501934232,0.628596681397516,
0.794684490713813,1.),.UNSPECIFIED.);
#35=B_SPLINE_CURVE_WITH_KNOTS('',3,(#15912,#15913,#15914,#15915,#15916,
#15917,#15918,#15919,#15920,#15921),.UNSPECIFIED.,.F.,.F.,(4,1,1,1,1,1,
1,4),(0.0289896368650555,0.134554865871534,0.265411620973733,0.392118450511406,
0.52720829317947,0.652854925754451,0.754034915976347,0.828911102105746),
 .UNSPECIFIED.);
#36=B_SPLINE_CURVE_WITH_KNOTS('',3,(#15923,#15924,#15925,#15926,#15927,
#15928,#15929,#15930,#15931,#15932),.UNSPECIFIED.,.F.,.F.,(4,1,1,1,1,1,
1,4),(0.241925698958126,0.324595060366224,0.417832261318769,0.513837792176505,
0.623914530093608,0.735846402549163,0.851806010437682,0.98798760270466),
 .UNSPECIFIED.);
#37=B_SPLINE_CURVE_WITH_KNOTS('',2,(#16011,#16012,#16013),.UNSPECIFIED.,
 .F.,.F.,(3,3),(0.,1.),.PIECEWISE_BEZIER_KNOTS.);
#38=B_SPLINE_CURVE_WITH_KNOTS('',2,(#16017,#16018,#16019),.UNSPECIFIED.,
 .F.,.F.,(3,3),(0.,1.),.PIECEWISE_BEZIER_KNOTS.);
#39=B_SPLINE_CURVE_WITH_KNOTS('',2,(#16023,#16024,#16025),.UNSPECIFIED.,
 .F.,.F.,(3,3),(0.,1.),.PIECEWISE_BEZIER_KNOTS.);
#40=B_SPLINE_CURVE_WITH_KNOTS('',2,(#16029,#16030,#16031),.UNSPECIFIED.,
 .F.,.F.,(3,3),(0.,1.),.PIECEWISE_BEZIER_KNOTS.);
#41=B_SPLINE_CURVE_WITH_KNOTS('',2,(#16390,#16391,#16392),.UNSPECIFIED.,
 .F.,.F.,(3,3),(0.,1.),.PIECEWISE_BEZIER_KNOTS.);
#42=B_SPLINE_CURVE_WITH_KNOTS('',2,(#16415,#16416,#16417),.UNSPECIFIED.,
 .F.,.F.,(3,3),(0.,1.),.PIECEWISE_BEZIER_KNOTS.);
#43=B_SPLINE_CURVE_WITH_KNOTS('',2,(#16460,#16461,#16462),.UNSPECIFIED.,
 .F.,.F.,(3,3),(0.,1.),.PIECEWISE_BEZIER_KNOTS.);
#44=B_SPLINE_CURVE_WITH_KNOTS('',2,(#16477,#16478,#16479),.UNSPECIFIED.,
 .F.,.F.,(3,3),(0.,1.),.PIECEWISE_BEZIER_KNOTS.);
#45=B_SPLINE_CURVE_WITH_KNOTS('',2,(#16494,#16495,#16496),.UNSPECIFIED.,
 .F.,.F.,(3,3),(0.,1.),.PIECEWISE_BEZIER_KNOTS.);
#46=B_SPLINE_CURVE_WITH_KNOTS('',2,(#16509,#16510,#16511),.UNSPECIFIED.,
 .F.,.F.,(3,3),(0.,1.),.PIECEWISE_BEZIER_KNOTS.);
#47=B_SPLINE_CURVE_WITH_KNOTS('',2,(#16515,#16516,#16517),.UNSPECIFIED.,
 .F.,.F.,(3,3),(0.,1.),.PIECEWISE_BEZIER_KNOTS.);
#48=B_SPLINE_CURVE_WITH_KNOTS('',2,(#16550,#16551,#16552),.UNSPECIFIED.,
 .F.,.F.,(3,3),(0.,1.),.PIECEWISE_BEZIER_KNOTS.);
#49=B_SPLINE_CURVE_WITH_KNOTS('',2,(#16639,#16640,#16641),.UNSPECIFIED.,
 .F.,.F.,(3,3),(0.,1.),.PIECEWISE_BEZIER_KNOTS.);
#50=B_SPLINE_CURVE_WITH_KNOTS('',3,(#16762,#16763,#16764,#16765,#16766,
#16767),.UNSPECIFIED.,.F.,.F.,(4,1,1,4),(0.515268501934232,0.628596681397516,
0.794684490713813,1.),.UNSPECIFIED.);
#51=B_SPLINE_CURVE_WITH_KNOTS('',3,(#16796,#16797,#16798,#16799,#16800,
#16801),.UNSPECIFIED.,.F.,.F.,(4,1,1,4),(0.,0.166746894451507,0.325486872992799,
0.481862862745313),.UNSPECIFIED.);
#52=B_SPLINE_CURVE_WITH_KNOTS('',3,(#16803,#16804,#16805,#16806,#16807,
#16808,#16809,#16810,#16811),.UNSPECIFIED.,.F.,.F.,(4,1,1,1,1,1,4),(0.202260858942447,
0.288218788976043,0.416645073762862,0.572056372780153,0.715196093422161,
0.844833879905108,1.),.UNSPECIFIED.);
#53=B_SPLINE_CURVE_WITH_KNOTS('',3,(#16813,#16814,#16815,#16816,#16817,
#16818,#16819,#16820,#16821),.UNSPECIFIED.,.F.,.F.,(4,1,1,1,1,1,4),(0.0398356785903981,
0.132521205712915,0.271584361559607,0.403960539822031,0.532008093403082,
0.635254370220486,0.752123287095481),.UNSPECIFIED.);
#54=B_SPLINE_CURVE_WITH_KNOTS('',3,(#16823,#16824,#16825,#16826,#16827,
#16828,#16829,#16830,#16831,#16832),.UNSPECIFIED.,.F.,.F.,(4,1,1,1,1,1,
1,4),(0.241925698958126,0.324595060366224,0.417832261318769,0.513837792176505,
0.623914530093608,0.735846402549163,0.851806010437682,0.98798760270466),
 .UNSPECIFIED.);
#55=B_SPLINE_CURVE_WITH_KNOTS('',3,(#16834,#16835,#16836,#16837,#16838,
#16839,#16840,#16841,#16842,#16843),.UNSPECIFIED.,.F.,.F.,(4,1,1,1,1,1,
1,4),(0.0289896368650555,0.134554865871534,0.265411620973733,0.392118450511406,
0.52720829317947,0.652854925754451,0.754034915976347,0.828911102105746),
 .UNSPECIFIED.);
#56=SHAPE_REPRESENTATION_RELATIONSHIP('','',#10164,#59);
#57=SHAPE_REPRESENTATION_RELATIONSHIP('','',#10165,#60);
#58=SHAPE_REPRESENTATION_RELATIONSHIP('','',#10166,#61);
#59=ADVANCED_BREP_SHAPE_REPRESENTATION('',(#10158),#17063);
#60=ADVANCED_BREP_SHAPE_REPRESENTATION('',(#10159),#17064);
#61=ADVANCED_BREP_SHAPE_REPRESENTATION('',(#10160),#17065);
#62=CYLINDRICAL_SURFACE('',#10282,5.72372362806692E-5);
#63=CYLINDRICAL_SURFACE('',#10285,5.72372362816194E-5);
#64=CYLINDRICAL_SURFACE('',#10289,5.72372362809068E-5);
#65=CYLINDRICAL_SURFACE('',#10292,5.72372362808035E-5);
#66=CYLINDRICAL_SURFACE('',#10296,6.53203811510576E-5);
#67=CYLINDRICAL_SURFACE('',#10299,5.40624511874497E-5);
#68=CYLINDRICAL_SURFACE('',#10303,5.40624511799047E-5);
#69=CYLINDRICAL_SURFACE('',#10306,0.00065227652080849);
#70=CYLINDRICAL_SURFACE('',#10309,0.000652276520808498);
#71=CYLINDRICAL_SURFACE('',#10311,0.000726579381065643);
#72=CYLINDRICAL_SURFACE('',#10313,0.000651656937151801);
#73=CYLINDRICAL_SURFACE('',#10316,0.000651656937152015);
#74=CYLINDRICAL_SURFACE('',#10318,0.000726579381064834);
#75=CYLINDRICAL_SURFACE('',#10320,0.000652276520806491);
#76=CYLINDRICAL_SURFACE('',#10323,0.000652276520807991);
#77=CYLINDRICAL_SURFACE('',#10325,0.000723269475912042);
#78=CYLINDRICAL_SURFACE('',#10327,0.000653698828673437);
#79=CYLINDRICAL_SURFACE('',#10330,0.000653698828673832);
#80=CYLINDRICAL_SURFACE('',#10332,0.000723269475912775);
#81=CYLINDRICAL_SURFACE('',#10334,6.53203811508429E-5);
#82=CYLINDRICAL_SURFACE('',#10339,6.30554363557571E-5);
#83=CYLINDRICAL_SURFACE('',#10342,4.88483936623574E-5);
#84=CYLINDRICAL_SURFACE('',#10346,5.7237236280876E-5);
#85=CYLINDRICAL_SURFACE('',#10349,5.72372362817734E-5);
#86=CYLINDRICAL_SURFACE('',#10353,6.53203811510662E-5);
#87=CYLINDRICAL_SURFACE('',#10356,5.40624511874514E-5);
#88=CYLINDRICAL_SURFACE('',#10360,4.64925135555859E-5);
#89=CYLINDRICAL_SURFACE('',#10369,0.000678713558666512);
#90=CYLINDRICAL_SURFACE('',#10371,0.000692124682953425);
#91=CYLINDRICAL_SURFACE('',#10373,0.000664334878797658);
#92=CYLINDRICAL_SURFACE('',#10376,0.000652276520808554);
#93=CYLINDRICAL_SURFACE('',#10378,0.000720166276204622);
#94=CYLINDRICAL_SURFACE('',#10380,0.000663669379551574);
#95=CYLINDRICAL_SURFACE('',#10386,7.24234720566842E-5);
#96=CYLINDRICAL_SURFACE('',#10390,0.000652276520808657);
#97=CYLINDRICAL_SURFACE('',#10393,0.000665757039180026);
#98=CYLINDRICAL_SURFACE('',#10395,0.000716939535501601);
#99=CYLINDRICAL_SURFACE('',#10397,0.000653698828673628);
#100=CYLINDRICAL_SURFACE('',#10404,5.40624511874665E-5);
#101=CYLINDRICAL_SURFACE('',#10406,6.53203811513807E-5);
#102=CYLINDRICAL_SURFACE('',#10409,5.72372362809757E-5);
#103=CYLINDRICAL_SURFACE('',#10411,5.72372362812E-5);
#104=CYLINDRICAL_SURFACE('',#10414,5.72372362806779E-5);
#105=CYLINDRICAL_SURFACE('',#10416,5.72372362806295E-5);
#106=CYLINDRICAL_SURFACE('',#10419,6.53203811539187E-5);
#107=CYLINDRICAL_SURFACE('',#10421,5.40624511871582E-5);
#108=CYLINDRICAL_SURFACE('',#10426,0.000653698828675375);
#109=CYLINDRICAL_SURFACE('',#10428,0.000716939535501554);
#110=CYLINDRICAL_SURFACE('',#10430,0.000665757039180058);
#111=CYLINDRICAL_SURFACE('',#10433,0.000652276520808524);
#112=CYLINDRICAL_SURFACE('',#10435,0.000726579381064842);
#113=CYLINDRICAL_SURFACE('',#10437,0.000651656937150139);
#114=CYLINDRICAL_SURFACE('',#10440,0.000651656937150123);
#115=CYLINDRICAL_SURFACE('',#10442,0.000726579381064923);
#116=CYLINDRICAL_SURFACE('',#10469,5.72372362805609E-5);
#117=CYLINDRICAL_SURFACE('',#10472,5.7237236280724E-5);
#118=CYLINDRICAL_SURFACE('',#10476,6.53203811539249E-5);
#119=CYLINDRICAL_SURFACE('',#10479,5.40624511871647E-5);
#120=CYLINDRICAL_SURFACE('',#10489,0.000653698828673466);
#121=CYLINDRICAL_SURFACE('',#10491,0.000715927196069074);
#122=CYLINDRICAL_SURFACE('',#10493,0.000666360746189639);
#123=CYLINDRICAL_SURFACE('',#10496,0.000654274747081579);
#124=CYLINDRICAL_SURFACE('',#10498,0.000722183338199208);
#125=CYLINDRICAL_SURFACE('',#10500,0.000653698828673456);
#126=CYLINDRICAL_SURFACE('',#10505,6.3055436355808E-5);
#127=CYLINDRICAL_SURFACE('',#10508,4.88483936620753E-5);
#128=CYLINDRICAL_SURFACE('',#10512,5.72372362805529E-5);
#129=CYLINDRICAL_SURFACE('',#10515,5.72372362806211E-5);
#130=CYLINDRICAL_SURFACE('',#10519,6.53203811539251E-5);
#131=CYLINDRICAL_SURFACE('',#10522,5.40624511798347E-5);
#132=CYLINDRICAL_SURFACE('',#10526,4.64925135553575E-5);
#133=CYLINDRICAL_SURFACE('',#10535,0.000678713558665875);
#134=CYLINDRICAL_SURFACE('',#10537,0.000692124682954023);
#135=CYLINDRICAL_SURFACE('',#10539,0.000664334878797963);
#136=CYLINDRICAL_SURFACE('',#10542,0.0006522765208084);
#137=CYLINDRICAL_SURFACE('',#10544,0.000720166276203737);
#138=CYLINDRICAL_SURFACE('',#10546,0.000663669379550587);
#139=CYLINDRICAL_SURFACE('',#10552,7.24234720566179E-5);
#140=CYLINDRICAL_SURFACE('',#10557,6.30554363557687E-5);
#141=CYLINDRICAL_SURFACE('',#10560,4.8848393662359E-5);
#142=CYLINDRICAL_SURFACE('',#10564,5.72372362808892E-5);
#143=CYLINDRICAL_SURFACE('',#10567,5.72372362817829E-5);
#144=CYLINDRICAL_SURFACE('',#10571,6.53203811541441E-5);
#145=CYLINDRICAL_SURFACE('',#10574,5.40624511874563E-5);
#146=CYLINDRICAL_SURFACE('',#10578,4.64925135510996E-5);
#147=CYLINDRICAL_SURFACE('',#10585,0.000678713558667784);
#148=CYLINDRICAL_SURFACE('',#10587,0.000692124682953423);
#149=CYLINDRICAL_SURFACE('',#10589,0.000664334878796859);
#150=CYLINDRICAL_SURFACE('',#10592,0.000652276520808564);
#151=CYLINDRICAL_SURFACE('',#10594,0.00072016627620443);
#152=CYLINDRICAL_SURFACE('',#10596,0.000663669379551552);
#153=CYLINDRICAL_SURFACE('',#10599,7.24234720566619E-5);
#154=CYLINDRICAL_SURFACE('',#10619,0.000652276520807067);
#155=CYLINDRICAL_SURFACE('',#10622,0.000665757039179979);
#156=CYLINDRICAL_SURFACE('',#10624,0.000716939535501379);
#157=CYLINDRICAL_SURFACE('',#10626,0.000653698828673328);
#158=CYLINDRICAL_SURFACE('',#10633,5.40624511874549E-5);
#159=CYLINDRICAL_SURFACE('',#10635,6.53203811541191E-5);
#160=CYLINDRICAL_SURFACE('',#10638,5.72372362818125E-5);
#161=CYLINDRICAL_SURFACE('',#10640,5.72372362808863E-5);
#162=CYLINDRICAL_SURFACE('',#10643,5.72372362815166E-5);
#163=CYLINDRICAL_SURFACE('',#10645,5.72372362806E-5);
#164=CYLINDRICAL_SURFACE('',#10648,6.53203811538617E-5);
#165=CYLINDRICAL_SURFACE('',#10650,5.40624511871387E-5);
#166=CYLINDRICAL_SURFACE('',#10655,0.000653698828675271);
#167=CYLINDRICAL_SURFACE('',#10657,0.000716939535501356);
#168=CYLINDRICAL_SURFACE('',#10659,0.00066575703917899);
#169=CYLINDRICAL_SURFACE('',#10662,0.000652276520808483);
#170=CYLINDRICAL_SURFACE('',#10664,0.000726579381064621);
#171=CYLINDRICAL_SURFACE('',#10666,0.000651656937150201);
#172=CYLINDRICAL_SURFACE('',#10669,0.000651656937152016);
#173=CYLINDRICAL_SURFACE('',#10671,0.000726579381064694);
#174=CYLINDRICAL_SURFACE('',#10674,0.000652276520807067);
#175=CYLINDRICAL_SURFACE('',#10679,0.00017048376444035);
#176=CYLINDRICAL_SURFACE('',#10681,0.000170483764334176);
#177=CYLINDRICAL_SURFACE('',#10684,0.000169478510618389);
#178=CYLINDRICAL_SURFACE('',#10686,0.000176672985056675);
#179=CYLINDRICAL_SURFACE('',#10691,0.000652276520808497);
#180=CYLINDRICAL_SURFACE('',#10693,0.000726579381064619);
#181=CYLINDRICAL_SURFACE('',#10695,0.000651656937150178);
#182=CYLINDRICAL_SURFACE('',#10698,0.000651656937150167);
#183=CYLINDRICAL_SURFACE('',#10700,0.000726579381064732);
#184=CYLINDRICAL_SURFACE('',#10716,0.0016);
#185=CYLINDRICAL_SURFACE('',#10717,0.0016);
#186=CYLINDRICAL_SURFACE('',#10736,0.0014);
#187=CYLINDRICAL_SURFACE('',#10781,0.0025);
#188=CYLINDRICAL_SURFACE('',#10790,0.0025);
#189=CYLINDRICAL_SURFACE('',#10829,0.000312713767299558);
#190=CYLINDRICAL_SURFACE('',#10832,0.000242256117591325);
#191=CYLINDRICAL_SURFACE('',#10836,0.000283859296225582);
#192=CYLINDRICAL_SURFACE('',#10839,0.000283859296225498);
#193=CYLINDRICAL_SURFACE('',#10843,0.000323946413690356);
#194=CYLINDRICAL_SURFACE('',#10846,0.000268114436395579);
#195=CYLINDRICAL_SURFACE('',#10850,0.000230572491531666);
#196=CYLINDRICAL_SURFACE('',#10857,0.00343248623046844);
#197=CYLINDRICAL_SURFACE('',#10859,0.00329466695821097);
#198=CYLINDRICAL_SURFACE('',#10862,0.00357155421212301);
#199=CYLINDRICAL_SURFACE('',#10864,0.00329136651675416);
#200=CYLINDRICAL_SURFACE('',#10867,0.000359173103805768);
#201=CYLINDRICAL_SURFACE('',#10872,0.00360335902225506);
#202=CYLINDRICAL_SURFACE('',#10875,0.00360335902225456);
#203=CYLINDRICAL_SURFACE('',#10878,0.0033017199445457);
#204=CYLINDRICAL_SURFACE('',#10880,0.00355555168641649);
#205=CYLINDRICAL_SURFACE('',#10887,0.000268114436395619);
#206=CYLINDRICAL_SURFACE('',#10889,0.000323946413690469);
#207=CYLINDRICAL_SURFACE('',#10892,0.000283859296230267);
#208=CYLINDRICAL_SURFACE('',#10894,0.000283859296226873);
#209=CYLINDRICAL_SURFACE('',#10897,0.00028385929623049);
#210=CYLINDRICAL_SURFACE('',#10899,0.000283859296230497);
#211=CYLINDRICAL_SURFACE('',#10902,0.000323946413705728);
#212=CYLINDRICAL_SURFACE('',#10904,0.000268114436395663);
#213=CYLINDRICAL_SURFACE('',#10909,0.00355555168641701);
#214=CYLINDRICAL_SURFACE('',#10911,0.00330171994454558);
#215=CIRCLE('',#10169,0.0016);
#216=CIRCLE('',#10171,0.0016);
#217=CIRCLE('',#10173,0.0016);
#218=CIRCLE('',#10175,0.0016);
#219=CIRCLE('',#10182,0.000663669379550587);
#220=CIRCLE('',#10183,0.000720166276203737);
#221=CIRCLE('',#10184,0.0006522765208084);
#222=CIRCLE('',#10185,0.000664334878797963);
#223=CIRCLE('',#10186,0.000692124682954023);
#224=CIRCLE('',#10187,0.000678713558665875);
#225=CIRCLE('',#10188,0.000652276520808657);
#226=CIRCLE('',#10189,0.000726579381064923);
#227=CIRCLE('',#10190,0.000651656937150123);
#228=CIRCLE('',#10191,0.000651656937150139);
#229=CIRCLE('',#10192,0.000726579381064842);
#230=CIRCLE('',#10193,0.000652276520808524);
#231=CIRCLE('',#10194,0.000665757039180058);
#232=CIRCLE('',#10195,0.000716939535501554);
#233=CIRCLE('',#10196,0.000653698828675375);
#234=CIRCLE('',#10197,5.40624511871582E-5);
#235=CIRCLE('',#10198,6.53203811539187E-5);
#236=CIRCLE('',#10199,5.72372362806295E-5);
#237=CIRCLE('',#10200,5.72372362806779E-5);
#238=CIRCLE('',#10201,5.72372362812E-5);
#239=CIRCLE('',#10202,5.72372362809757E-5);
#240=CIRCLE('',#10203,6.53203811513807E-5);
#241=CIRCLE('',#10204,5.40624511874665E-5);
#242=CIRCLE('',#10205,0.000653698828673628);
#243=CIRCLE('',#10206,0.000716939535501601);
#244=CIRCLE('',#10207,0.000665757039180026);
#245=CIRCLE('',#10208,0.000663669379551574);
#246=CIRCLE('',#10209,0.000720166276204622);
#247=CIRCLE('',#10210,0.000652276520808554);
#248=CIRCLE('',#10211,0.000664334878797658);
#249=CIRCLE('',#10212,0.000692124682953425);
#250=CIRCLE('',#10213,0.000678713558666512);
#251=CIRCLE('',#10214,0.00065227652080849);
#252=CIRCLE('',#10215,0.000723269475912775);
#253=CIRCLE('',#10216,0.000653698828673832);
#254=CIRCLE('',#10217,0.000653698828673437);
#255=CIRCLE('',#10218,0.000723269475912042);
#256=CIRCLE('',#10219,0.000652276520807991);
#257=CIRCLE('',#10220,0.000652276520806491);
#258=CIRCLE('',#10221,0.000726579381064834);
#259=CIRCLE('',#10222,0.000651656937152015);
#260=CIRCLE('',#10223,0.000651656937151801);
#261=CIRCLE('',#10224,0.000726579381065643);
#262=CIRCLE('',#10225,0.000652276520808498);
#263=CIRCLE('',#10226,0.000653698828673456);
#264=CIRCLE('',#10227,0.000722183338199208);
#265=CIRCLE('',#10228,0.000654274747081579);
#266=CIRCLE('',#10229,0.000666360746189639);
#267=CIRCLE('',#10230,0.000715927196069074);
#268=CIRCLE('',#10231,0.000653698828673466);
#269=CIRCLE('',#10232,0.000663669379551552);
#270=CIRCLE('',#10233,0.00072016627620443);
#271=CIRCLE('',#10234,0.000652276520808564);
#272=CIRCLE('',#10235,0.000664334878796859);
#273=CIRCLE('',#10236,0.000692124682953423);
#274=CIRCLE('',#10237,0.000678713558667784);
#275=CIRCLE('',#10238,0.000652276520807067);
#276=CIRCLE('',#10239,0.000726579381064694);
#277=CIRCLE('',#10240,0.000651656937152016);
#278=CIRCLE('',#10241,0.000651656937150201);
#279=CIRCLE('',#10242,0.000726579381064621);
#280=CIRCLE('',#10243,0.000652276520808483);
#281=CIRCLE('',#10244,0.00066575703917899);
#282=CIRCLE('',#10245,0.000716939535501356);
#283=CIRCLE('',#10246,0.000653698828675271);
#284=CIRCLE('',#10247,5.40624511871387E-5);
#285=CIRCLE('',#10248,6.53203811538617E-5);
#286=CIRCLE('',#10249,5.72372362806E-5);
#287=CIRCLE('',#10250,5.72372362815166E-5);
#288=CIRCLE('',#10251,5.72372362808863E-5);
#289=CIRCLE('',#10252,5.72372362818125E-5);
#290=CIRCLE('',#10253,6.53203811541191E-5);
#291=CIRCLE('',#10254,5.40624511874549E-5);
#292=CIRCLE('',#10255,0.000653698828673328);
#293=CIRCLE('',#10256,0.000716939535501379);
#294=CIRCLE('',#10257,0.000665757039179979);
#295=CIRCLE('',#10258,0.000652276520807067);
#296=CIRCLE('',#10259,0.000726579381064732);
#297=CIRCLE('',#10260,0.000651656937150167);
#298=CIRCLE('',#10261,0.000651656937150178);
#299=CIRCLE('',#10262,0.000726579381064619);
#300=CIRCLE('',#10263,0.000652276520808497);
#301=CIRCLE('',#10264,0.000176672985056675);
#302=CIRCLE('',#10265,0.000169478510618389);
#303=CIRCLE('',#10266,0.000170483764334176);
#304=CIRCLE('',#10267,0.00017048376444035);
#305=CIRCLE('',#10283,5.72372362806692E-5);
#306=CIRCLE('',#10284,5.72372362806692E-5);
#307=CIRCLE('',#10286,5.72372362816194E-5);
#308=CIRCLE('',#10287,5.72372362816194E-5);
#309=CIRCLE('',#10290,5.72372362809068E-5);
#310=CIRCLE('',#10291,5.72372362809068E-5);
#311=CIRCLE('',#10293,5.72372362808035E-5);
#312=CIRCLE('',#10294,5.72372362808035E-5);
#313=CIRCLE('',#10297,6.53203811510576E-5);
#314=CIRCLE('',#10298,6.53203811510576E-5);
#315=CIRCLE('',#10300,5.40624511874497E-5);
#316=CIRCLE('',#10301,5.40624511874497E-5);
#317=CIRCLE('',#10304,5.40624511799047E-5);
#318=CIRCLE('',#10305,5.40624511799047E-5);
#319=CIRCLE('',#10307,0.00065227652080849);
#320=CIRCLE('',#10310,0.000652276520808498);
#321=CIRCLE('',#10312,0.000726579381065643);
#322=CIRCLE('',#10314,0.000651656937151801);
#323=CIRCLE('',#10317,0.000651656937152015);
#324=CIRCLE('',#10319,0.000726579381064834);
#325=CIRCLE('',#10321,0.000652276520806491);
#326=CIRCLE('',#10324,0.000652276520807991);
#327=CIRCLE('',#10326,0.000723269475912042);
#328=CIRCLE('',#10328,0.000653698828673437);
#329=CIRCLE('',#10331,0.000653698828673832);
#330=CIRCLE('',#10333,0.000723269475912775);
#331=CIRCLE('',#10335,6.53203811508429E-5);
#332=CIRCLE('',#10336,6.53203811508429E-5);
#333=CIRCLE('',#10340,6.30554363557571E-5);
#334=CIRCLE('',#10341,6.30554363557571E-5);
#335=CIRCLE('',#10343,4.88483936623574E-5);
#336=CIRCLE('',#10344,4.88483936623574E-5);
#337=CIRCLE('',#10347,5.7237236280876E-5);
#338=CIRCLE('',#10348,5.7237236280876E-5);
#339=CIRCLE('',#10350,5.72372362817734E-5);
#340=CIRCLE('',#10351,5.72372362817734E-5);
#341=CIRCLE('',#10354,6.53203811510662E-5);
#342=CIRCLE('',#10355,6.53203811510662E-5);
#343=CIRCLE('',#10357,5.40624511874514E-5);
#344=CIRCLE('',#10358,5.40624511874514E-5);
#345=CIRCLE('',#10361,4.64925135555859E-5);
#346=CIRCLE('',#10362,4.64925135555859E-5);
#347=CIRCLE('',#10370,0.000678713558666512);
#348=CIRCLE('',#10372,0.000692124682953425);
#349=CIRCLE('',#10374,0.000664334878797658);
#350=CIRCLE('',#10377,0.000652276520808554);
#351=CIRCLE('',#10379,0.000720166276204622);
#352=CIRCLE('',#10381,0.000663669379551574);
#353=CIRCLE('',#10387,7.24234720566842E-5);
#354=CIRCLE('',#10388,7.24234720566842E-5);
#355=CIRCLE('',#10391,0.000652276520808657);
#356=CIRCLE('',#10394,0.000665757039180026);
#357=CIRCLE('',#10396,0.000716939535501601);
#358=CIRCLE('',#10398,0.000653698828673628);
#359=CIRCLE('',#10405,5.40624511874665E-5);
#360=CIRCLE('',#10407,6.53203811513807E-5);
#361=CIRCLE('',#10410,5.72372362809757E-5);
#362=CIRCLE('',#10412,5.72372362812E-5);
#363=CIRCLE('',#10415,5.72372362806779E-5);
#364=CIRCLE('',#10417,5.72372362806295E-5);
#365=CIRCLE('',#10420,6.53203811539187E-5);
#366=CIRCLE('',#10422,5.40624511871582E-5);
#367=CIRCLE('',#10427,0.000653698828675375);
#368=CIRCLE('',#10429,0.000716939535501554);
#369=CIRCLE('',#10431,0.000665757039180058);
#370=CIRCLE('',#10434,0.000652276520808524);
#371=CIRCLE('',#10436,0.000726579381064842);
#372=CIRCLE('',#10438,0.000651656937150139);
#373=CIRCLE('',#10441,0.000651656937150123);
#374=CIRCLE('',#10443,0.000726579381064923);
#375=CIRCLE('',#10470,5.72372362805609E-5);
#376=CIRCLE('',#10471,5.72372362805609E-5);
#377=CIRCLE('',#10473,5.7237236280724E-5);
#378=CIRCLE('',#10474,5.7237236280724E-5);
#379=CIRCLE('',#10477,6.53203811539249E-5);
#380=CIRCLE('',#10478,6.53203811539249E-5);
#381=CIRCLE('',#10480,5.40624511871647E-5);
#382=CIRCLE('',#10481,5.40624511871647E-5);
#383=CIRCLE('',#10490,0.000653698828673466);
#384=CIRCLE('',#10492,0.000715927196069074);
#385=CIRCLE('',#10494,0.000666360746189639);
#386=CIRCLE('',#10497,0.000654274747081579);
#387=CIRCLE('',#10499,0.000722183338199208);
#388=CIRCLE('',#10501,0.000653698828673456);
#389=CIRCLE('',#10506,6.3055436355808E-5);
#390=CIRCLE('',#10507,6.3055436355808E-5);
#391=CIRCLE('',#10509,4.88483936620753E-5);
#392=CIRCLE('',#10510,4.88483936620753E-5);
#393=CIRCLE('',#10513,5.72372362805529E-5);
#394=CIRCLE('',#10514,5.72372362805529E-5);
#395=CIRCLE('',#10516,5.72372362806211E-5);
#396=CIRCLE('',#10517,5.72372362806211E-5);
#397=CIRCLE('',#10520,6.53203811539251E-5);
#398=CIRCLE('',#10521,6.53203811539251E-5);
#399=CIRCLE('',#10523,5.40624511798347E-5);
#400=CIRCLE('',#10524,5.40624511798347E-5);
#401=CIRCLE('',#10527,4.64925135553575E-5);
#402=CIRCLE('',#10528,4.64925135553575E-5);
#403=CIRCLE('',#10536,0.000678713558665875);
#404=CIRCLE('',#10538,0.000692124682954023);
#405=CIRCLE('',#10540,0.000664334878797963);
#406=CIRCLE('',#10543,0.0006522765208084);
#407=CIRCLE('',#10545,0.000720166276203737);
#408=CIRCLE('',#10547,0.000663669379550587);
#409=CIRCLE('',#10553,7.24234720566179E-5);
#410=CIRCLE('',#10554,7.24234720566179E-5);
#411=CIRCLE('',#10558,6.30554363557687E-5);
#412=CIRCLE('',#10559,6.30554363557687E-5);
#413=CIRCLE('',#10561,4.8848393662359E-5);
#414=CIRCLE('',#10562,4.8848393662359E-5);
#415=CIRCLE('',#10565,5.72372362808892E-5);
#416=CIRCLE('',#10566,5.72372362808892E-5);
#417=CIRCLE('',#10568,5.72372362817829E-5);
#418=CIRCLE('',#10569,5.72372362817829E-5);
#419=CIRCLE('',#10572,6.53203811541441E-5);
#420=CIRCLE('',#10573,6.53203811541441E-5);
#421=CIRCLE('',#10575,5.40624511874563E-5);
#422=CIRCLE('',#10576,5.40624511874563E-5);
#423=CIRCLE('',#10579,4.64925135510996E-5);
#424=CIRCLE('',#10580,4.64925135510996E-5);
#425=CIRCLE('',#10586,0.000678713558667784);
#426=CIRCLE('',#10588,0.000692124682953423);
#427=CIRCLE('',#10590,0.000664334878796859);
#428=CIRCLE('',#10593,0.000652276520808564);
#429=CIRCLE('',#10595,0.00072016627620443);
#430=CIRCLE('',#10597,0.000663669379551552);
#431=CIRCLE('',#10600,7.24234720566619E-5);
#432=CIRCLE('',#10601,7.24234720566619E-5);
#433=CIRCLE('',#10620,0.000652276520807067);
#434=CIRCLE('',#10623,0.000665757039179979);
#435=CIRCLE('',#10625,0.000716939535501379);
#436=CIRCLE('',#10627,0.000653698828673328);
#437=CIRCLE('',#10634,5.40624511874549E-5);
#438=CIRCLE('',#10636,6.53203811541191E-5);
#439=CIRCLE('',#10639,5.72372362818125E-5);
#440=CIRCLE('',#10641,5.72372362808863E-5);
#441=CIRCLE('',#10644,5.72372362815166E-5);
#442=CIRCLE('',#10646,5.72372362806E-5);
#443=CIRCLE('',#10649,6.53203811538617E-5);
#444=CIRCLE('',#10651,5.40624511871387E-5);
#445=CIRCLE('',#10656,0.000653698828675271);
#446=CIRCLE('',#10658,0.000716939535501356);
#447=CIRCLE('',#10660,0.00066575703917899);
#448=CIRCLE('',#10663,0.000652276520808483);
#449=CIRCLE('',#10665,0.000726579381064621);
#450=CIRCLE('',#10667,0.000651656937150201);
#451=CIRCLE('',#10670,0.000651656937152016);
#452=CIRCLE('',#10672,0.000726579381064694);
#453=CIRCLE('',#10675,0.000652276520807067);
#454=CIRCLE('',#10680,0.00017048376444035);
#455=CIRCLE('',#10682,0.000170483764334176);
#456=CIRCLE('',#10685,0.000169478510618389);
#457=CIRCLE('',#10687,0.000176672985056675);
#458=CIRCLE('',#10692,0.000652276520808497);
#459=CIRCLE('',#10694,0.000726579381064619);
#460=CIRCLE('',#10696,0.000651656937150178);
#461=CIRCLE('',#10699,0.000651656937150167);
#462=CIRCLE('',#10701,0.000726579381064732);
#463=CIRCLE('',#10737,0.0014);
#464=CIRCLE('',#10738,0.0014);
#465=CIRCLE('',#10748,0.0025);
#466=CIRCLE('',#10756,0.00330171994454558);
#467=CIRCLE('',#10757,0.00355555168641701);
#468=CIRCLE('',#10758,0.000268114436395663);
#469=CIRCLE('',#10759,0.000323946413705728);
#470=CIRCLE('',#10760,0.000283859296230497);
#471=CIRCLE('',#10761,0.00028385929623049);
#472=CIRCLE('',#10762,0.000283859296226873);
#473=CIRCLE('',#10763,0.000283859296230267);
#474=CIRCLE('',#10764,0.000323946413690469);
#475=CIRCLE('',#10765,0.000268114436395619);
#476=CIRCLE('',#10766,0.00355555168641649);
#477=CIRCLE('',#10767,0.0033017199445457);
#478=CIRCLE('',#10768,0.0025);
#479=CIRCLE('',#10769,0.00329136651675416);
#480=CIRCLE('',#10770,0.00357155421212301);
#481=CIRCLE('',#10771,0.00329466695821097);
#482=CIRCLE('',#10772,0.00343248623046844);
#483=CIRCLE('',#10778,0.00360335902225456);
#484=CIRCLE('',#10779,0.00360335902225506);
#485=CIRCLE('',#10786,0.0025);
#486=CIRCLE('',#10830,0.000312713767299558);
#487=CIRCLE('',#10831,0.000312713767299558);
#488=CIRCLE('',#10833,0.000242256117591325);
#489=CIRCLE('',#10834,0.000242256117591325);
#490=CIRCLE('',#10837,0.000283859296225582);
#491=CIRCLE('',#10838,0.000283859296225582);
#492=CIRCLE('',#10840,0.000283859296225498);
#493=CIRCLE('',#10841,0.000283859296225498);
#494=CIRCLE('',#10844,0.000323946413690356);
#495=CIRCLE('',#10845,0.000323946413690356);
#496=CIRCLE('',#10847,0.000268114436395579);
#497=CIRCLE('',#10848,0.000268114436395579);
#498=CIRCLE('',#10851,0.000230572491531666);
#499=CIRCLE('',#10852,0.000230572491531666);
#500=CIRCLE('',#10858,0.00343248623046844);
#501=CIRCLE('',#10860,0.00329466695821097);
#502=CIRCLE('',#10863,0.00357155421212301);
#503=CIRCLE('',#10865,0.00329136651675416);
#504=CIRCLE('',#10868,0.000359173103805768);
#505=CIRCLE('',#10869,0.000359173103805768);
#506=CIRCLE('',#10873,0.00360335902225506);
#507=CIRCLE('',#10876,0.00360335902225456);
#508=CIRCLE('',#10879,0.0033017199445457);
#509=CIRCLE('',#10881,0.00355555168641649);
#510=CIRCLE('',#10888,0.000268114436395619);
#511=CIRCLE('',#10890,0.000323946413690469);
#512=CIRCLE('',#10893,0.000283859296230267);
#513=CIRCLE('',#10895,0.000283859296226873);
#514=CIRCLE('',#10898,0.00028385929623049);
#515=CIRCLE('',#10900,0.000283859296230497);
#516=CIRCLE('',#10903,0.000323946413705728);
#517=CIRCLE('',#10905,0.000268114436395663);
#518=CIRCLE('',#10910,0.00355555168641701);
#519=CIRCLE('',#10912,0.00330171994454558);
#520=ORIENTED_EDGE('',*,*,#3456,.T.);
#521=ORIENTED_EDGE('',*,*,#3457,.F.);
#522=ORIENTED_EDGE('',*,*,#3458,.T.);
#523=ORIENTED_EDGE('',*,*,#3459,.F.);
#524=ORIENTED_EDGE('',*,*,#3460,.T.);
#525=ORIENTED_EDGE('',*,*,#3461,.F.);
#526=ORIENTED_EDGE('',*,*,#3462,.T.);
#527=ORIENTED_EDGE('',*,*,#3463,.T.);
#528=ORIENTED_EDGE('',*,*,#3464,.F.);
#529=ORIENTED_EDGE('',*,*,#3465,.F.);
#530=ORIENTED_EDGE('',*,*,#3466,.T.);
#531=ORIENTED_EDGE('',*,*,#3467,.T.);
#532=ORIENTED_EDGE('',*,*,#3468,.F.);
#533=ORIENTED_EDGE('',*,*,#3469,.T.);
#534=ORIENTED_EDGE('',*,*,#3470,.T.);
#535=ORIENTED_EDGE('',*,*,#3471,.F.);
#536=ORIENTED_EDGE('',*,*,#3472,.T.);
#537=ORIENTED_EDGE('',*,*,#3473,.F.);
#538=ORIENTED_EDGE('',*,*,#3474,.F.);
#539=ORIENTED_EDGE('',*,*,#3475,.T.);
#540=ORIENTED_EDGE('',*,*,#3476,.T.);
#541=ORIENTED_EDGE('',*,*,#3477,.T.);
#542=ORIENTED_EDGE('',*,*,#3478,.F.);
#543=ORIENTED_EDGE('',*,*,#3479,.F.);
#544=ORIENTED_EDGE('',*,*,#3480,.F.);
#545=ORIENTED_EDGE('',*,*,#3481,.F.);
#546=ORIENTED_EDGE('',*,*,#3482,.T.);
#547=ORIENTED_EDGE('',*,*,#3483,.T.);
#548=ORIENTED_EDGE('',*,*,#3484,.T.);
#549=ORIENTED_EDGE('',*,*,#3485,.T.);
#550=ORIENTED_EDGE('',*,*,#3486,.F.);
#551=ORIENTED_EDGE('',*,*,#3487,.T.);
#552=ORIENTED_EDGE('',*,*,#3488,.F.);
#553=ORIENTED_EDGE('',*,*,#3489,.F.);
#554=ORIENTED_EDGE('',*,*,#3490,.T.);
#555=ORIENTED_EDGE('',*,*,#3491,.F.);
#556=ORIENTED_EDGE('',*,*,#3492,.T.);
#557=ORIENTED_EDGE('',*,*,#3493,.T.);
#558=ORIENTED_EDGE('',*,*,#3494,.T.);
#559=ORIENTED_EDGE('',*,*,#3495,.T.);
#560=ORIENTED_EDGE('',*,*,#3496,.F.);
#561=ORIENTED_EDGE('',*,*,#3497,.T.);
#562=ORIENTED_EDGE('',*,*,#3498,.F.);
#563=ORIENTED_EDGE('',*,*,#3499,.T.);
#564=ORIENTED_EDGE('',*,*,#3500,.T.);
#565=ORIENTED_EDGE('',*,*,#3501,.F.);
#566=ORIENTED_EDGE('',*,*,#3502,.T.);
#567=ORIENTED_EDGE('',*,*,#3503,.F.);
#568=ORIENTED_EDGE('',*,*,#3504,.F.);
#569=ORIENTED_EDGE('',*,*,#3505,.T.);
#570=ORIENTED_EDGE('',*,*,#3506,.T.);
#571=ORIENTED_EDGE('',*,*,#3507,.T.);
#572=ORIENTED_EDGE('',*,*,#3508,.F.);
#573=ORIENTED_EDGE('',*,*,#3509,.F.);
#574=ORIENTED_EDGE('',*,*,#3510,.F.);
#575=ORIENTED_EDGE('',*,*,#3511,.F.);
#576=ORIENTED_EDGE('',*,*,#3512,.T.);
#577=ORIENTED_EDGE('',*,*,#3513,.T.);
#578=ORIENTED_EDGE('',*,*,#3514,.T.);
#579=ORIENTED_EDGE('',*,*,#3515,.T.);
#580=ORIENTED_EDGE('',*,*,#3516,.F.);
#581=ORIENTED_EDGE('',*,*,#3509,.T.);
#582=ORIENTED_EDGE('',*,*,#3517,.T.);
#583=ORIENTED_EDGE('',*,*,#3494,.F.);
#584=ORIENTED_EDGE('',*,*,#3518,.F.);
#585=ORIENTED_EDGE('',*,*,#3479,.T.);
#586=ORIENTED_EDGE('',*,*,#3519,.T.);
#587=ORIENTED_EDGE('',*,*,#3464,.T.);
#588=ORIENTED_EDGE('',*,*,#3484,.F.);
#589=ORIENTED_EDGE('',*,*,#3520,.T.);
#590=ORIENTED_EDGE('',*,*,#3459,.T.);
#591=ORIENTED_EDGE('',*,*,#3521,.F.);
#592=ORIENTED_EDGE('',*,*,#3514,.F.);
#593=ORIENTED_EDGE('',*,*,#3522,.T.);
#594=ORIENTED_EDGE('',*,*,#3489,.T.);
#595=ORIENTED_EDGE('',*,*,#3523,.F.);
#596=ORIENTED_EDGE('',*,*,#3524,.T.);
#597=ORIENTED_EDGE('',*,*,#3525,.F.);
#598=ORIENTED_EDGE('',*,*,#3526,.F.);
#599=ORIENTED_EDGE('',*,*,#3527,.F.);
#600=ORIENTED_EDGE('',*,*,#3528,.F.);
#601=ORIENTED_EDGE('',*,*,#3529,.T.);
#602=ORIENTED_EDGE('',*,*,#3530,.T.);
#603=ORIENTED_EDGE('',*,*,#3531,.F.);
#604=ORIENTED_EDGE('',*,*,#3532,.T.);
#605=ORIENTED_EDGE('',*,*,#3533,.T.);
#606=ORIENTED_EDGE('',*,*,#3534,.T.);
#607=ORIENTED_EDGE('',*,*,#3535,.T.);
#608=ORIENTED_EDGE('',*,*,#3536,.T.);
#609=ORIENTED_EDGE('',*,*,#3537,.T.);
#610=ORIENTED_EDGE('',*,*,#3538,.T.);
#611=ORIENTED_EDGE('',*,*,#3539,.T.);
#612=ORIENTED_EDGE('',*,*,#3540,.T.);
#613=ORIENTED_EDGE('',*,*,#3541,.T.);
#614=ORIENTED_EDGE('',*,*,#3542,.T.);
#615=ORIENTED_EDGE('',*,*,#3543,.T.);
#616=ORIENTED_EDGE('',*,*,#3544,.T.);
#617=ORIENTED_EDGE('',*,*,#3545,.T.);
#618=ORIENTED_EDGE('',*,*,#3546,.T.);
#619=ORIENTED_EDGE('',*,*,#3547,.T.);
#620=ORIENTED_EDGE('',*,*,#3548,.T.);
#621=ORIENTED_EDGE('',*,*,#3549,.T.);
#622=ORIENTED_EDGE('',*,*,#3550,.T.);
#623=ORIENTED_EDGE('',*,*,#3551,.T.);
#624=ORIENTED_EDGE('',*,*,#3552,.T.);
#625=ORIENTED_EDGE('',*,*,#3553,.T.);
#626=ORIENTED_EDGE('',*,*,#3554,.T.);
#627=ORIENTED_EDGE('',*,*,#3555,.T.);
#628=ORIENTED_EDGE('',*,*,#3556,.T.);
#629=ORIENTED_EDGE('',*,*,#3557,.T.);
#630=ORIENTED_EDGE('',*,*,#3558,.T.);
#631=ORIENTED_EDGE('',*,*,#3559,.T.);
#632=ORIENTED_EDGE('',*,*,#3560,.T.);
#633=ORIENTED_EDGE('',*,*,#3561,.T.);
#634=ORIENTED_EDGE('',*,*,#3562,.T.);
#635=ORIENTED_EDGE('',*,*,#3563,.T.);
#636=ORIENTED_EDGE('',*,*,#3564,.T.);
#637=ORIENTED_EDGE('',*,*,#3565,.T.);
#638=ORIENTED_EDGE('',*,*,#3566,.T.);
#639=ORIENTED_EDGE('',*,*,#3567,.T.);
#640=ORIENTED_EDGE('',*,*,#3568,.T.);
#641=ORIENTED_EDGE('',*,*,#3569,.T.);
#642=ORIENTED_EDGE('',*,*,#3570,.T.);
#643=ORIENTED_EDGE('',*,*,#3571,.T.);
#644=ORIENTED_EDGE('',*,*,#3572,.T.);
#645=ORIENTED_EDGE('',*,*,#3573,.T.);
#646=ORIENTED_EDGE('',*,*,#3574,.T.);
#647=ORIENTED_EDGE('',*,*,#3575,.T.);
#648=ORIENTED_EDGE('',*,*,#3576,.T.);
#649=ORIENTED_EDGE('',*,*,#3577,.T.);
#650=ORIENTED_EDGE('',*,*,#3578,.T.);
#651=ORIENTED_EDGE('',*,*,#3579,.T.);
#652=ORIENTED_EDGE('',*,*,#3580,.T.);
#653=ORIENTED_EDGE('',*,*,#3581,.T.);
#654=ORIENTED_EDGE('',*,*,#3582,.T.);
#655=ORIENTED_EDGE('',*,*,#3583,.T.);
#656=ORIENTED_EDGE('',*,*,#3584,.T.);
#657=ORIENTED_EDGE('',*,*,#3585,.T.);
#658=ORIENTED_EDGE('',*,*,#3586,.T.);
#659=ORIENTED_EDGE('',*,*,#3587,.T.);
#660=ORIENTED_EDGE('',*,*,#3588,.T.);
#661=ORIENTED_EDGE('',*,*,#3589,.T.);
#662=ORIENTED_EDGE('',*,*,#3590,.T.);
#663=ORIENTED_EDGE('',*,*,#3591,.T.);
#664=ORIENTED_EDGE('',*,*,#3592,.T.);
#665=ORIENTED_EDGE('',*,*,#3593,.T.);
#666=ORIENTED_EDGE('',*,*,#3594,.T.);
#667=ORIENTED_EDGE('',*,*,#3595,.T.);
#668=ORIENTED_EDGE('',*,*,#3596,.T.);
#669=ORIENTED_EDGE('',*,*,#3597,.T.);
#670=ORIENTED_EDGE('',*,*,#3598,.T.);
#671=ORIENTED_EDGE('',*,*,#3599,.T.);
#672=ORIENTED_EDGE('',*,*,#3600,.T.);
#673=ORIENTED_EDGE('',*,*,#3601,.T.);
#674=ORIENTED_EDGE('',*,*,#3602,.T.);
#675=ORIENTED_EDGE('',*,*,#3603,.T.);
#676=ORIENTED_EDGE('',*,*,#3604,.T.);
#677=ORIENTED_EDGE('',*,*,#3605,.T.);
#678=ORIENTED_EDGE('',*,*,#3606,.T.);
#679=ORIENTED_EDGE('',*,*,#3607,.T.);
#680=ORIENTED_EDGE('',*,*,#3608,.T.);
#681=ORIENTED_EDGE('',*,*,#3609,.T.);
#682=ORIENTED_EDGE('',*,*,#3610,.T.);
#683=ORIENTED_EDGE('',*,*,#3611,.T.);
#684=ORIENTED_EDGE('',*,*,#3612,.T.);
#685=ORIENTED_EDGE('',*,*,#3613,.T.);
#686=ORIENTED_EDGE('',*,*,#3614,.T.);
#687=ORIENTED_EDGE('',*,*,#3615,.T.);
#688=ORIENTED_EDGE('',*,*,#3616,.T.);
#689=ORIENTED_EDGE('',*,*,#3617,.T.);
#690=ORIENTED_EDGE('',*,*,#3618,.T.);
#691=ORIENTED_EDGE('',*,*,#3619,.T.);
#692=ORIENTED_EDGE('',*,*,#3527,.T.);
#693=ORIENTED_EDGE('',*,*,#3620,.T.);
#694=ORIENTED_EDGE('',*,*,#3621,.F.);
#695=ORIENTED_EDGE('',*,*,#3469,.F.);
#696=ORIENTED_EDGE('',*,*,#3622,.F.);
#697=ORIENTED_EDGE('',*,*,#3474,.T.);
#698=ORIENTED_EDGE('',*,*,#3623,.F.);
#699=ORIENTED_EDGE('',*,*,#3499,.F.);
#700=ORIENTED_EDGE('',*,*,#3624,.F.);
#701=ORIENTED_EDGE('',*,*,#3504,.T.);
#702=ORIENTED_EDGE('',*,*,#3625,.F.);
#703=ORIENTED_EDGE('',*,*,#3626,.T.);
#704=ORIENTED_EDGE('',*,*,#3627,.T.);
#705=ORIENTED_EDGE('',*,*,#3628,.T.);
#706=ORIENTED_EDGE('',*,*,#3629,.T.);
#707=ORIENTED_EDGE('',*,*,#3630,.T.);
#708=ORIENTED_EDGE('',*,*,#3631,.T.);
#709=ORIENTED_EDGE('',*,*,#3632,.T.);
#710=ORIENTED_EDGE('',*,*,#3633,.T.);
#711=ORIENTED_EDGE('',*,*,#3634,.T.);
#712=ORIENTED_EDGE('',*,*,#3635,.T.);
#713=ORIENTED_EDGE('',*,*,#3636,.T.);
#714=ORIENTED_EDGE('',*,*,#3637,.T.);
#715=ORIENTED_EDGE('',*,*,#3638,.T.);
#716=ORIENTED_EDGE('',*,*,#3639,.T.);
#717=ORIENTED_EDGE('',*,*,#3640,.T.);
#718=ORIENTED_EDGE('',*,*,#3641,.T.);
#719=ORIENTED_EDGE('',*,*,#3642,.T.);
#720=ORIENTED_EDGE('',*,*,#3643,.T.);
#721=ORIENTED_EDGE('',*,*,#3644,.T.);
#722=ORIENTED_EDGE('',*,*,#3645,.T.);
#723=ORIENTED_EDGE('',*,*,#3646,.T.);
#724=ORIENTED_EDGE('',*,*,#3647,.T.);
#725=ORIENTED_EDGE('',*,*,#3648,.T.);
#726=ORIENTED_EDGE('',*,*,#3649,.T.);
#727=ORIENTED_EDGE('',*,*,#3650,.T.);
#728=ORIENTED_EDGE('',*,*,#3651,.T.);
#729=ORIENTED_EDGE('',*,*,#3652,.T.);
#730=ORIENTED_EDGE('',*,*,#3653,.T.);
#731=ORIENTED_EDGE('',*,*,#3654,.T.);
#732=ORIENTED_EDGE('',*,*,#3655,.T.);
#733=ORIENTED_EDGE('',*,*,#3656,.T.);
#734=ORIENTED_EDGE('',*,*,#3657,.T.);
#735=ORIENTED_EDGE('',*,*,#3658,.T.);
#736=ORIENTED_EDGE('',*,*,#3659,.T.);
#737=ORIENTED_EDGE('',*,*,#3660,.T.);
#738=ORIENTED_EDGE('',*,*,#3661,.T.);
#739=ORIENTED_EDGE('',*,*,#3662,.T.);
#740=ORIENTED_EDGE('',*,*,#3663,.T.);
#741=ORIENTED_EDGE('',*,*,#3664,.T.);
#742=ORIENTED_EDGE('',*,*,#3665,.T.);
#743=ORIENTED_EDGE('',*,*,#3666,.T.);
#744=ORIENTED_EDGE('',*,*,#3667,.T.);
#745=ORIENTED_EDGE('',*,*,#3668,.T.);
#746=ORIENTED_EDGE('',*,*,#3669,.T.);
#747=ORIENTED_EDGE('',*,*,#3670,.T.);
#748=ORIENTED_EDGE('',*,*,#3671,.T.);
#749=ORIENTED_EDGE('',*,*,#3672,.T.);
#750=ORIENTED_EDGE('',*,*,#3673,.T.);
#751=ORIENTED_EDGE('',*,*,#3674,.T.);
#752=ORIENTED_EDGE('',*,*,#3675,.T.);
#753=ORIENTED_EDGE('',*,*,#3676,.T.);
#754=ORIENTED_EDGE('',*,*,#3677,.T.);
#755=ORIENTED_EDGE('',*,*,#3678,.T.);
#756=ORIENTED_EDGE('',*,*,#3679,.T.);
#757=ORIENTED_EDGE('',*,*,#3680,.T.);
#758=ORIENTED_EDGE('',*,*,#3681,.T.);
#759=ORIENTED_EDGE('',*,*,#3682,.T.);
#760=ORIENTED_EDGE('',*,*,#3683,.T.);
#761=ORIENTED_EDGE('',*,*,#3684,.T.);
#762=ORIENTED_EDGE('',*,*,#3685,.T.);
#763=ORIENTED_EDGE('',*,*,#3686,.T.);
#764=ORIENTED_EDGE('',*,*,#3687,.T.);
#765=ORIENTED_EDGE('',*,*,#3688,.T.);
#766=ORIENTED_EDGE('',*,*,#3689,.T.);
#767=ORIENTED_EDGE('',*,*,#3690,.T.);
#768=ORIENTED_EDGE('',*,*,#3691,.T.);
#769=ORIENTED_EDGE('',*,*,#3692,.T.);
#770=ORIENTED_EDGE('',*,*,#3693,.T.);
#771=ORIENTED_EDGE('',*,*,#3694,.T.);
#772=ORIENTED_EDGE('',*,*,#3695,.T.);
#773=ORIENTED_EDGE('',*,*,#3696,.T.);
#774=ORIENTED_EDGE('',*,*,#3697,.T.);
#775=ORIENTED_EDGE('',*,*,#3698,.T.);
#776=ORIENTED_EDGE('',*,*,#3699,.T.);
#777=ORIENTED_EDGE('',*,*,#3700,.T.);
#778=ORIENTED_EDGE('',*,*,#3701,.T.);
#779=ORIENTED_EDGE('',*,*,#3702,.T.);
#780=ORIENTED_EDGE('',*,*,#3703,.T.);
#781=ORIENTED_EDGE('',*,*,#3704,.T.);
#782=ORIENTED_EDGE('',*,*,#3705,.T.);
#783=ORIENTED_EDGE('',*,*,#3706,.T.);
#784=ORIENTED_EDGE('',*,*,#3707,.T.);
#785=ORIENTED_EDGE('',*,*,#3708,.T.);
#786=ORIENTED_EDGE('',*,*,#3709,.T.);
#787=ORIENTED_EDGE('',*,*,#3710,.T.);
#788=ORIENTED_EDGE('',*,*,#3711,.T.);
#789=ORIENTED_EDGE('',*,*,#3712,.T.);
#790=ORIENTED_EDGE('',*,*,#3713,.T.);
#791=ORIENTED_EDGE('',*,*,#3714,.T.);
#792=ORIENTED_EDGE('',*,*,#3715,.T.);
#793=ORIENTED_EDGE('',*,*,#3716,.T.);
#794=ORIENTED_EDGE('',*,*,#3717,.T.);
#795=ORIENTED_EDGE('',*,*,#3718,.T.);
#796=ORIENTED_EDGE('',*,*,#3719,.T.);
#797=ORIENTED_EDGE('',*,*,#3720,.T.);
#798=ORIENTED_EDGE('',*,*,#3721,.T.);
#799=ORIENTED_EDGE('',*,*,#3722,.T.);
#800=ORIENTED_EDGE('',*,*,#3723,.T.);
#801=ORIENTED_EDGE('',*,*,#3724,.T.);
#802=ORIENTED_EDGE('',*,*,#3725,.T.);
#803=ORIENTED_EDGE('',*,*,#3726,.T.);
#804=ORIENTED_EDGE('',*,*,#3727,.T.);
#805=ORIENTED_EDGE('',*,*,#3728,.T.);
#806=ORIENTED_EDGE('',*,*,#3729,.T.);
#807=ORIENTED_EDGE('',*,*,#3730,.T.);
#808=ORIENTED_EDGE('',*,*,#3731,.T.);
#809=ORIENTED_EDGE('',*,*,#3732,.T.);
#810=ORIENTED_EDGE('',*,*,#3733,.T.);
#811=ORIENTED_EDGE('',*,*,#3734,.T.);
#812=ORIENTED_EDGE('',*,*,#3735,.F.);
#813=ORIENTED_EDGE('',*,*,#3736,.T.);
#814=ORIENTED_EDGE('',*,*,#3737,.T.);
#815=ORIENTED_EDGE('',*,*,#3738,.T.);
#816=ORIENTED_EDGE('',*,*,#3739,.T.);
#817=ORIENTED_EDGE('',*,*,#3740,.T.);
#818=ORIENTED_EDGE('',*,*,#3741,.F.);
#819=ORIENTED_EDGE('',*,*,#3742,.F.);
#820=ORIENTED_EDGE('',*,*,#3470,.F.);
#821=ORIENTED_EDGE('',*,*,#3621,.T.);
#822=ORIENTED_EDGE('',*,*,#3743,.T.);
#823=ORIENTED_EDGE('',*,*,#3744,.T.);
#824=ORIENTED_EDGE('',*,*,#3737,.F.);
#825=ORIENTED_EDGE('',*,*,#3745,.T.);
#826=ORIENTED_EDGE('',*,*,#3746,.T.);
#827=ORIENTED_EDGE('',*,*,#3747,.T.);
#828=ORIENTED_EDGE('',*,*,#3739,.F.);
#829=ORIENTED_EDGE('',*,*,#3748,.F.);
#830=ORIENTED_EDGE('',*,*,#3749,.T.);
#831=ORIENTED_EDGE('',*,*,#3625,.T.);
#832=ORIENTED_EDGE('',*,*,#3503,.T.);
#833=ORIENTED_EDGE('',*,*,#3750,.T.);
#834=ORIENTED_EDGE('',*,*,#3500,.F.);
#835=ORIENTED_EDGE('',*,*,#3623,.T.);
#836=ORIENTED_EDGE('',*,*,#3473,.T.);
#837=ORIENTED_EDGE('',*,*,#3751,.T.);
#838=ORIENTED_EDGE('',*,*,#3752,.F.);
#839=ORIENTED_EDGE('',*,*,#3753,.T.);
#840=ORIENTED_EDGE('',*,*,#3748,.T.);
#841=ORIENTED_EDGE('',*,*,#3742,.T.);
#842=ORIENTED_EDGE('',*,*,#3754,.T.);
#843=ORIENTED_EDGE('',*,*,#3755,.T.);
#844=ORIENTED_EDGE('',*,*,#3735,.T.);
#845=ORIENTED_EDGE('',*,*,#3756,.F.);
#846=ORIENTED_EDGE('',*,*,#3525,.T.);
#847=ORIENTED_EDGE('',*,*,#3752,.T.);
#848=ORIENTED_EDGE('',*,*,#3741,.T.);
#849=ORIENTED_EDGE('',*,*,#3757,.T.);
#850=ORIENTED_EDGE('',*,*,#3744,.F.);
#851=ORIENTED_EDGE('',*,*,#3758,.T.);
#852=ORIENTED_EDGE('',*,*,#3756,.T.);
#853=ORIENTED_EDGE('',*,*,#3738,.F.);
#854=ORIENTED_EDGE('',*,*,#3749,.F.);
#855=ORIENTED_EDGE('',*,*,#3753,.F.);
#856=ORIENTED_EDGE('',*,*,#3524,.F.);
#857=ORIENTED_EDGE('',*,*,#3626,.F.);
#858=ORIENTED_EDGE('',*,*,#3743,.F.);
#859=ORIENTED_EDGE('',*,*,#3620,.F.);
#860=ORIENTED_EDGE('',*,*,#3526,.T.);
#861=ORIENTED_EDGE('',*,*,#3758,.F.);
#862=ORIENTED_EDGE('',*,*,#3759,.F.);
#863=ORIENTED_EDGE('',*,*,#3760,.F.);
#864=ORIENTED_EDGE('',*,*,#3761,.T.);
#865=ORIENTED_EDGE('',*,*,#3762,.T.);
#866=ORIENTED_EDGE('',*,*,#3763,.F.);
#867=ORIENTED_EDGE('',*,*,#3764,.F.);
#868=ORIENTED_EDGE('',*,*,#3765,.T.);
#869=ORIENTED_EDGE('',*,*,#3766,.T.);
#870=ORIENTED_EDGE('',*,*,#3767,.F.);
#871=ORIENTED_EDGE('',*,*,#3761,.F.);
#872=ORIENTED_EDGE('',*,*,#3768,.F.);
#873=ORIENTED_EDGE('',*,*,#3757,.F.);
#874=ORIENTED_EDGE('',*,*,#3740,.F.);
#875=ORIENTED_EDGE('',*,*,#3747,.F.);
#876=ORIENTED_EDGE('',*,*,#3769,.F.);
#877=ORIENTED_EDGE('',*,*,#3770,.F.);
#878=ORIENTED_EDGE('',*,*,#3771,.T.);
#879=ORIENTED_EDGE('',*,*,#3764,.T.);
#880=ORIENTED_EDGE('',*,*,#3772,.F.);
#881=ORIENTED_EDGE('',*,*,#3754,.F.);
#882=ORIENTED_EDGE('',*,*,#3768,.T.);
#883=ORIENTED_EDGE('',*,*,#3760,.T.);
#884=ORIENTED_EDGE('',*,*,#3767,.T.);
#885=ORIENTED_EDGE('',*,*,#3746,.F.);
#886=ORIENTED_EDGE('',*,*,#3773,.F.);
#887=ORIENTED_EDGE('',*,*,#3762,.F.);
#888=ORIENTED_EDGE('',*,*,#3772,.T.);
#889=ORIENTED_EDGE('',*,*,#3763,.T.);
#890=ORIENTED_EDGE('',*,*,#3773,.T.);
#891=ORIENTED_EDGE('',*,*,#3745,.F.);
#892=ORIENTED_EDGE('',*,*,#3736,.F.);
#893=ORIENTED_EDGE('',*,*,#3755,.F.);
#894=ORIENTED_EDGE('',*,*,#3774,.F.);
#895=ORIENTED_EDGE('',*,*,#3775,.F.);
#896=ORIENTED_EDGE('',*,*,#3776,.T.);
#897=ORIENTED_EDGE('',*,*,#3777,.T.);
#898=ORIENTED_EDGE('',*,*,#3778,.F.);
#899=ORIENTED_EDGE('',*,*,#3779,.F.);
#900=ORIENTED_EDGE('',*,*,#3780,.T.);
#901=ORIENTED_EDGE('',*,*,#3775,.T.);
#902=ORIENTED_EDGE('',*,*,#3781,.F.);
#903=ORIENTED_EDGE('',*,*,#3782,.F.);
#904=ORIENTED_EDGE('',*,*,#3783,.T.);
#905=ORIENTED_EDGE('',*,*,#3779,.T.);
#906=ORIENTED_EDGE('',*,*,#3784,.F.);
#907=ORIENTED_EDGE('',*,*,#3785,.F.);
#908=ORIENTED_EDGE('',*,*,#3786,.T.);
#909=ORIENTED_EDGE('',*,*,#3782,.T.);
#910=ORIENTED_EDGE('',*,*,#3787,.F.);
#911=ORIENTED_EDGE('',*,*,#3788,.F.);
#912=ORIENTED_EDGE('',*,*,#3789,.T.);
#913=ORIENTED_EDGE('',*,*,#3785,.T.);
#914=ORIENTED_EDGE('',*,*,#3790,.F.);
#915=ORIENTED_EDGE('',*,*,#3791,.F.);
#916=ORIENTED_EDGE('',*,*,#3792,.T.);
#917=ORIENTED_EDGE('',*,*,#3788,.T.);
#918=ORIENTED_EDGE('',*,*,#3793,.F.);
#919=ORIENTED_EDGE('',*,*,#3794,.F.);
#920=ORIENTED_EDGE('',*,*,#3795,.T.);
#921=ORIENTED_EDGE('',*,*,#3791,.T.);
#922=ORIENTED_EDGE('',*,*,#3796,.F.);
#923=ORIENTED_EDGE('',*,*,#3797,.F.);
#924=ORIENTED_EDGE('',*,*,#3798,.T.);
#925=ORIENTED_EDGE('',*,*,#3794,.T.);
#926=ORIENTED_EDGE('',*,*,#3799,.F.);
#927=ORIENTED_EDGE('',*,*,#3800,.F.);
#928=ORIENTED_EDGE('',*,*,#3801,.T.);
#929=ORIENTED_EDGE('',*,*,#3797,.T.);
#930=ORIENTED_EDGE('',*,*,#3802,.F.);
#931=ORIENTED_EDGE('',*,*,#3803,.F.);
#932=ORIENTED_EDGE('',*,*,#3804,.T.);
#933=ORIENTED_EDGE('',*,*,#3800,.T.);
#934=ORIENTED_EDGE('',*,*,#3805,.F.);
#935=ORIENTED_EDGE('',*,*,#3806,.F.);
#936=ORIENTED_EDGE('',*,*,#3807,.T.);
#937=ORIENTED_EDGE('',*,*,#3803,.T.);
#938=ORIENTED_EDGE('',*,*,#3628,.F.);
#939=ORIENTED_EDGE('',*,*,#3808,.F.);
#940=ORIENTED_EDGE('',*,*,#3809,.T.);
#941=ORIENTED_EDGE('',*,*,#3810,.T.);
#942=ORIENTED_EDGE('',*,*,#3627,.F.);
#943=ORIENTED_EDGE('',*,*,#3811,.F.);
#944=ORIENTED_EDGE('',*,*,#3812,.T.);
#945=ORIENTED_EDGE('',*,*,#3808,.T.);
#946=ORIENTED_EDGE('',*,*,#3642,.F.);
#947=ORIENTED_EDGE('',*,*,#3813,.F.);
#948=ORIENTED_EDGE('',*,*,#3814,.T.);
#949=ORIENTED_EDGE('',*,*,#3811,.T.);
#950=ORIENTED_EDGE('',*,*,#3641,.F.);
#951=ORIENTED_EDGE('',*,*,#3815,.F.);
#952=ORIENTED_EDGE('',*,*,#3816,.T.);
#953=ORIENTED_EDGE('',*,*,#3813,.T.);
#954=ORIENTED_EDGE('',*,*,#3640,.F.);
#955=ORIENTED_EDGE('',*,*,#3817,.F.);
#956=ORIENTED_EDGE('',*,*,#3818,.T.);
#957=ORIENTED_EDGE('',*,*,#3815,.T.);
#958=ORIENTED_EDGE('',*,*,#3639,.F.);
#959=ORIENTED_EDGE('',*,*,#3819,.F.);
#960=ORIENTED_EDGE('',*,*,#3820,.T.);
#961=ORIENTED_EDGE('',*,*,#3817,.T.);
#962=ORIENTED_EDGE('',*,*,#3638,.F.);
#963=ORIENTED_EDGE('',*,*,#3821,.F.);
#964=ORIENTED_EDGE('',*,*,#3822,.T.);
#965=ORIENTED_EDGE('',*,*,#3819,.T.);
#966=ORIENTED_EDGE('',*,*,#3637,.F.);
#967=ORIENTED_EDGE('',*,*,#3823,.F.);
#968=ORIENTED_EDGE('',*,*,#3824,.T.);
#969=ORIENTED_EDGE('',*,*,#3821,.T.);
#970=ORIENTED_EDGE('',*,*,#3636,.F.);
#971=ORIENTED_EDGE('',*,*,#3825,.F.);
#972=ORIENTED_EDGE('',*,*,#3826,.T.);
#973=ORIENTED_EDGE('',*,*,#3823,.T.);
#974=ORIENTED_EDGE('',*,*,#3635,.F.);
#975=ORIENTED_EDGE('',*,*,#3827,.F.);
#976=ORIENTED_EDGE('',*,*,#3828,.T.);
#977=ORIENTED_EDGE('',*,*,#3825,.T.);
#978=ORIENTED_EDGE('',*,*,#3634,.F.);
#979=ORIENTED_EDGE('',*,*,#3829,.F.);
#980=ORIENTED_EDGE('',*,*,#3830,.T.);
#981=ORIENTED_EDGE('',*,*,#3827,.T.);
#982=ORIENTED_EDGE('',*,*,#3633,.F.);
#983=ORIENTED_EDGE('',*,*,#3831,.F.);
#984=ORIENTED_EDGE('',*,*,#3832,.T.);
#985=ORIENTED_EDGE('',*,*,#3829,.T.);
#986=ORIENTED_EDGE('',*,*,#3632,.F.);
#987=ORIENTED_EDGE('',*,*,#3833,.F.);
#988=ORIENTED_EDGE('',*,*,#3834,.T.);
#989=ORIENTED_EDGE('',*,*,#3831,.T.);
#990=ORIENTED_EDGE('',*,*,#3631,.F.);
#991=ORIENTED_EDGE('',*,*,#3835,.F.);
#992=ORIENTED_EDGE('',*,*,#3836,.T.);
#993=ORIENTED_EDGE('',*,*,#3833,.T.);
#994=ORIENTED_EDGE('',*,*,#3630,.F.);
#995=ORIENTED_EDGE('',*,*,#3837,.F.);
#996=ORIENTED_EDGE('',*,*,#3838,.T.);
#997=ORIENTED_EDGE('',*,*,#3835,.T.);
#998=ORIENTED_EDGE('',*,*,#3629,.F.);
#999=ORIENTED_EDGE('',*,*,#3810,.F.);
#1000=ORIENTED_EDGE('',*,*,#3839,.T.);
#1001=ORIENTED_EDGE('',*,*,#3837,.T.);
#1002=ORIENTED_EDGE('',*,*,#3840,.F.);
#1003=ORIENTED_EDGE('',*,*,#3777,.F.);
#1004=ORIENTED_EDGE('',*,*,#3841,.T.);
#1005=ORIENTED_EDGE('',*,*,#3806,.T.);
#1006=ORIENTED_EDGE('',*,*,#3809,.F.);
#1007=ORIENTED_EDGE('',*,*,#3812,.F.);
#1008=ORIENTED_EDGE('',*,*,#3814,.F.);
#1009=ORIENTED_EDGE('',*,*,#3816,.F.);
#1010=ORIENTED_EDGE('',*,*,#3818,.F.);
#1011=ORIENTED_EDGE('',*,*,#3820,.F.);
#1012=ORIENTED_EDGE('',*,*,#3822,.F.);
#1013=ORIENTED_EDGE('',*,*,#3824,.F.);
#1014=ORIENTED_EDGE('',*,*,#3826,.F.);
#1015=ORIENTED_EDGE('',*,*,#3828,.F.);
#1016=ORIENTED_EDGE('',*,*,#3830,.F.);
#1017=ORIENTED_EDGE('',*,*,#3832,.F.);
#1018=ORIENTED_EDGE('',*,*,#3834,.F.);
#1019=ORIENTED_EDGE('',*,*,#3836,.F.);
#1020=ORIENTED_EDGE('',*,*,#3838,.F.);
#1021=ORIENTED_EDGE('',*,*,#3839,.F.);
#1022=ORIENTED_EDGE('',*,*,#3776,.F.);
#1023=ORIENTED_EDGE('',*,*,#3780,.F.);
#1024=ORIENTED_EDGE('',*,*,#3783,.F.);
#1025=ORIENTED_EDGE('',*,*,#3786,.F.);
#1026=ORIENTED_EDGE('',*,*,#3789,.F.);
#1027=ORIENTED_EDGE('',*,*,#3792,.F.);
#1028=ORIENTED_EDGE('',*,*,#3795,.F.);
#1029=ORIENTED_EDGE('',*,*,#3798,.F.);
#1030=ORIENTED_EDGE('',*,*,#3801,.F.);
#1031=ORIENTED_EDGE('',*,*,#3804,.F.);
#1032=ORIENTED_EDGE('',*,*,#3807,.F.);
#1033=ORIENTED_EDGE('',*,*,#3841,.F.);
#1034=ORIENTED_EDGE('',*,*,#3842,.F.);
#1035=ORIENTED_EDGE('',*,*,#3843,.F.);
#1036=ORIENTED_EDGE('',*,*,#3844,.T.);
#1037=ORIENTED_EDGE('',*,*,#3845,.T.);
#1038=ORIENTED_EDGE('',*,*,#3846,.F.);
#1039=ORIENTED_EDGE('',*,*,#3847,.F.);
#1040=ORIENTED_EDGE('',*,*,#3848,.T.);
#1041=ORIENTED_EDGE('',*,*,#3843,.T.);
#1042=ORIENTED_EDGE('',*,*,#3849,.F.);
#1043=ORIENTED_EDGE('',*,*,#3850,.F.);
#1044=ORIENTED_EDGE('',*,*,#3851,.T.);
#1045=ORIENTED_EDGE('',*,*,#3847,.T.);
#1046=ORIENTED_EDGE('',*,*,#3852,.F.);
#1047=ORIENTED_EDGE('',*,*,#3853,.F.);
#1048=ORIENTED_EDGE('',*,*,#3854,.T.);
#1049=ORIENTED_EDGE('',*,*,#3850,.T.);
#1050=ORIENTED_EDGE('',*,*,#3855,.F.);
#1051=ORIENTED_EDGE('',*,*,#3856,.F.);
#1052=ORIENTED_EDGE('',*,*,#3857,.T.);
#1053=ORIENTED_EDGE('',*,*,#3853,.T.);
#1054=ORIENTED_EDGE('',*,*,#3858,.F.);
#1055=ORIENTED_EDGE('',*,*,#3859,.F.);
#1056=ORIENTED_EDGE('',*,*,#3860,.T.);
#1057=ORIENTED_EDGE('',*,*,#3856,.T.);
#1058=ORIENTED_EDGE('',*,*,#3861,.F.);
#1059=ORIENTED_EDGE('',*,*,#3862,.F.);
#1060=ORIENTED_EDGE('',*,*,#3863,.T.);
#1061=ORIENTED_EDGE('',*,*,#3859,.T.);
#1062=ORIENTED_EDGE('',*,*,#3864,.F.);
#1063=ORIENTED_EDGE('',*,*,#3865,.F.);
#1064=ORIENTED_EDGE('',*,*,#3866,.T.);
#1065=ORIENTED_EDGE('',*,*,#3862,.T.);
#1066=ORIENTED_EDGE('',*,*,#3867,.F.);
#1067=ORIENTED_EDGE('',*,*,#3868,.F.);
#1068=ORIENTED_EDGE('',*,*,#3869,.T.);
#1069=ORIENTED_EDGE('',*,*,#3865,.T.);
#1070=ORIENTED_EDGE('',*,*,#3870,.F.);
#1071=ORIENTED_EDGE('',*,*,#3871,.F.);
#1072=ORIENTED_EDGE('',*,*,#3872,.T.);
#1073=ORIENTED_EDGE('',*,*,#3868,.T.);
#1074=ORIENTED_EDGE('',*,*,#3873,.F.);
#1075=ORIENTED_EDGE('',*,*,#3874,.F.);
#1076=ORIENTED_EDGE('',*,*,#3875,.T.);
#1077=ORIENTED_EDGE('',*,*,#3871,.T.);
#1078=ORIENTED_EDGE('',*,*,#3604,.F.);
#1079=ORIENTED_EDGE('',*,*,#3876,.F.);
#1080=ORIENTED_EDGE('',*,*,#3877,.T.);
#1081=ORIENTED_EDGE('',*,*,#3878,.T.);
#1082=ORIENTED_EDGE('',*,*,#3603,.F.);
#1083=ORIENTED_EDGE('',*,*,#3879,.F.);
#1084=ORIENTED_EDGE('',*,*,#3880,.T.);
#1085=ORIENTED_EDGE('',*,*,#3876,.T.);
#1086=ORIENTED_EDGE('',*,*,#3619,.F.);
#1087=ORIENTED_EDGE('',*,*,#3881,.F.);
#1088=ORIENTED_EDGE('',*,*,#3882,.T.);
#1089=ORIENTED_EDGE('',*,*,#3879,.T.);
#1090=ORIENTED_EDGE('',*,*,#3618,.F.);
#1091=ORIENTED_EDGE('',*,*,#3883,.F.);
#1092=ORIENTED_EDGE('',*,*,#3884,.T.);
#1093=ORIENTED_EDGE('',*,*,#3881,.T.);
#1094=ORIENTED_EDGE('',*,*,#3617,.F.);
#1095=ORIENTED_EDGE('',*,*,#3885,.F.);
#1096=ORIENTED_EDGE('',*,*,#3886,.T.);
#1097=ORIENTED_EDGE('',*,*,#3883,.T.);
#1098=ORIENTED_EDGE('',*,*,#3616,.F.);
#1099=ORIENTED_EDGE('',*,*,#3887,.F.);
#1100=ORIENTED_EDGE('',*,*,#3888,.T.);
#1101=ORIENTED_EDGE('',*,*,#3885,.T.);
#1102=ORIENTED_EDGE('',*,*,#3615,.F.);
#1103=ORIENTED_EDGE('',*,*,#3889,.F.);
#1104=ORIENTED_EDGE('',*,*,#3890,.T.);
#1105=ORIENTED_EDGE('',*,*,#3887,.T.);
#1106=ORIENTED_EDGE('',*,*,#3614,.F.);
#1107=ORIENTED_EDGE('',*,*,#3891,.F.);
#1108=ORIENTED_EDGE('',*,*,#3892,.T.);
#1109=ORIENTED_EDGE('',*,*,#3889,.T.);
#1110=ORIENTED_EDGE('',*,*,#3613,.F.);
#1111=ORIENTED_EDGE('',*,*,#3893,.F.);
#1112=ORIENTED_EDGE('',*,*,#3894,.T.);
#1113=ORIENTED_EDGE('',*,*,#3891,.T.);
#1114=ORIENTED_EDGE('',*,*,#3612,.F.);
#1115=ORIENTED_EDGE('',*,*,#3895,.F.);
#1116=ORIENTED_EDGE('',*,*,#3896,.T.);
#1117=ORIENTED_EDGE('',*,*,#3893,.T.);
#1118=ORIENTED_EDGE('',*,*,#3611,.F.);
#1119=ORIENTED_EDGE('',*,*,#3897,.F.);
#1120=ORIENTED_EDGE('',*,*,#3898,.T.);
#1121=ORIENTED_EDGE('',*,*,#3895,.T.);
#1122=ORIENTED_EDGE('',*,*,#3610,.F.);
#1123=ORIENTED_EDGE('',*,*,#3899,.F.);
#1124=ORIENTED_EDGE('',*,*,#3900,.T.);
#1125=ORIENTED_EDGE('',*,*,#3897,.T.);
#1126=ORIENTED_EDGE('',*,*,#3609,.F.);
#1127=ORIENTED_EDGE('',*,*,#3901,.F.);
#1128=ORIENTED_EDGE('',*,*,#3902,.T.);
#1129=ORIENTED_EDGE('',*,*,#3899,.T.);
#1130=ORIENTED_EDGE('',*,*,#3608,.F.);
#1131=ORIENTED_EDGE('',*,*,#3903,.F.);
#1132=ORIENTED_EDGE('',*,*,#3904,.T.);
#1133=ORIENTED_EDGE('',*,*,#3901,.T.);
#1134=ORIENTED_EDGE('',*,*,#3607,.F.);
#1135=ORIENTED_EDGE('',*,*,#3905,.F.);
#1136=ORIENTED_EDGE('',*,*,#3906,.T.);
#1137=ORIENTED_EDGE('',*,*,#3903,.T.);
#1138=ORIENTED_EDGE('',*,*,#3606,.F.);
#1139=ORIENTED_EDGE('',*,*,#3907,.F.);
#1140=ORIENTED_EDGE('',*,*,#3908,.T.);
#1141=ORIENTED_EDGE('',*,*,#3905,.T.);
#1142=ORIENTED_EDGE('',*,*,#3605,.F.);
#1143=ORIENTED_EDGE('',*,*,#3878,.F.);
#1144=ORIENTED_EDGE('',*,*,#3909,.T.);
#1145=ORIENTED_EDGE('',*,*,#3907,.T.);
#1146=ORIENTED_EDGE('',*,*,#3910,.F.);
#1147=ORIENTED_EDGE('',*,*,#3845,.F.);
#1148=ORIENTED_EDGE('',*,*,#3911,.T.);
#1149=ORIENTED_EDGE('',*,*,#3874,.T.);
#1150=ORIENTED_EDGE('',*,*,#3877,.F.);
#1151=ORIENTED_EDGE('',*,*,#3880,.F.);
#1152=ORIENTED_EDGE('',*,*,#3882,.F.);
#1153=ORIENTED_EDGE('',*,*,#3884,.F.);
#1154=ORIENTED_EDGE('',*,*,#3886,.F.);
#1155=ORIENTED_EDGE('',*,*,#3888,.F.);
#1156=ORIENTED_EDGE('',*,*,#3890,.F.);
#1157=ORIENTED_EDGE('',*,*,#3892,.F.);
#1158=ORIENTED_EDGE('',*,*,#3894,.F.);
#1159=ORIENTED_EDGE('',*,*,#3896,.F.);
#1160=ORIENTED_EDGE('',*,*,#3898,.F.);
#1161=ORIENTED_EDGE('',*,*,#3900,.F.);
#1162=ORIENTED_EDGE('',*,*,#3902,.F.);
#1163=ORIENTED_EDGE('',*,*,#3904,.F.);
#1164=ORIENTED_EDGE('',*,*,#3906,.F.);
#1165=ORIENTED_EDGE('',*,*,#3908,.F.);
#1166=ORIENTED_EDGE('',*,*,#3909,.F.);
#1167=ORIENTED_EDGE('',*,*,#3844,.F.);
#1168=ORIENTED_EDGE('',*,*,#3848,.F.);
#1169=ORIENTED_EDGE('',*,*,#3851,.F.);
#1170=ORIENTED_EDGE('',*,*,#3854,.F.);
#1171=ORIENTED_EDGE('',*,*,#3857,.F.);
#1172=ORIENTED_EDGE('',*,*,#3860,.F.);
#1173=ORIENTED_EDGE('',*,*,#3863,.F.);
#1174=ORIENTED_EDGE('',*,*,#3866,.F.);
#1175=ORIENTED_EDGE('',*,*,#3869,.F.);
#1176=ORIENTED_EDGE('',*,*,#3872,.F.);
#1177=ORIENTED_EDGE('',*,*,#3875,.F.);
#1178=ORIENTED_EDGE('',*,*,#3911,.F.);
#1179=ORIENTED_EDGE('',*,*,#3570,.F.);
#1180=ORIENTED_EDGE('',*,*,#3912,.F.);
#1181=ORIENTED_EDGE('',*,*,#3913,.T.);
#1182=ORIENTED_EDGE('',*,*,#3914,.T.);
#1183=ORIENTED_EDGE('',*,*,#3569,.F.);
#1184=ORIENTED_EDGE('',*,*,#3915,.F.);
#1185=ORIENTED_EDGE('',*,*,#3916,.T.);
#1186=ORIENTED_EDGE('',*,*,#3912,.T.);
#1187=ORIENTED_EDGE('',*,*,#3602,.F.);
#1188=ORIENTED_EDGE('',*,*,#3917,.F.);
#1189=ORIENTED_EDGE('',*,*,#3918,.T.);
#1190=ORIENTED_EDGE('',*,*,#3915,.T.);
#1191=ORIENTED_EDGE('',*,*,#3601,.F.);
#1192=ORIENTED_EDGE('',*,*,#3919,.F.);
#1193=ORIENTED_EDGE('',*,*,#3920,.T.);
#1194=ORIENTED_EDGE('',*,*,#3917,.T.);
#1195=ORIENTED_EDGE('',*,*,#3600,.F.);
#1196=ORIENTED_EDGE('',*,*,#3921,.F.);
#1197=ORIENTED_EDGE('',*,*,#3922,.T.);
#1198=ORIENTED_EDGE('',*,*,#3919,.T.);
#1199=ORIENTED_EDGE('',*,*,#3599,.F.);
#1200=ORIENTED_EDGE('',*,*,#3923,.F.);
#1201=ORIENTED_EDGE('',*,*,#3924,.T.);
#1202=ORIENTED_EDGE('',*,*,#3921,.T.);
#1203=ORIENTED_EDGE('',*,*,#3598,.F.);
#1204=ORIENTED_EDGE('',*,*,#3925,.F.);
#1205=ORIENTED_EDGE('',*,*,#3926,.T.);
#1206=ORIENTED_EDGE('',*,*,#3923,.T.);
#1207=ORIENTED_EDGE('',*,*,#3597,.F.);
#1208=ORIENTED_EDGE('',*,*,#3927,.F.);
#1209=ORIENTED_EDGE('',*,*,#3928,.T.);
#1210=ORIENTED_EDGE('',*,*,#3925,.T.);
#1211=ORIENTED_EDGE('',*,*,#3596,.F.);
#1212=ORIENTED_EDGE('',*,*,#3929,.F.);
#1213=ORIENTED_EDGE('',*,*,#3930,.T.);
#1214=ORIENTED_EDGE('',*,*,#3927,.T.);
#1215=ORIENTED_EDGE('',*,*,#3595,.F.);
#1216=ORIENTED_EDGE('',*,*,#3931,.F.);
#1217=ORIENTED_EDGE('',*,*,#3932,.T.);
#1218=ORIENTED_EDGE('',*,*,#3929,.T.);
#1219=ORIENTED_EDGE('',*,*,#3594,.F.);
#1220=ORIENTED_EDGE('',*,*,#3933,.F.);
#1221=ORIENTED_EDGE('',*,*,#3934,.T.);
#1222=ORIENTED_EDGE('',*,*,#3931,.T.);
#1223=ORIENTED_EDGE('',*,*,#3593,.F.);
#1224=ORIENTED_EDGE('',*,*,#3935,.F.);
#1225=ORIENTED_EDGE('',*,*,#3936,.T.);
#1226=ORIENTED_EDGE('',*,*,#3933,.T.);
#1227=ORIENTED_EDGE('',*,*,#3592,.F.);
#1228=ORIENTED_EDGE('',*,*,#3937,.F.);
#1229=ORIENTED_EDGE('',*,*,#3938,.T.);
#1230=ORIENTED_EDGE('',*,*,#3935,.T.);
#1231=ORIENTED_EDGE('',*,*,#3591,.F.);
#1232=ORIENTED_EDGE('',*,*,#3939,.F.);
#1233=ORIENTED_EDGE('',*,*,#3940,.T.);
#1234=ORIENTED_EDGE('',*,*,#3937,.T.);
#1235=ORIENTED_EDGE('',*,*,#3590,.F.);
#1236=ORIENTED_EDGE('',*,*,#3941,.F.);
#1237=ORIENTED_EDGE('',*,*,#3942,.T.);
#1238=ORIENTED_EDGE('',*,*,#3939,.T.);
#1239=ORIENTED_EDGE('',*,*,#3589,.F.);
#1240=ORIENTED_EDGE('',*,*,#3943,.F.);
#1241=ORIENTED_EDGE('',*,*,#3944,.T.);
#1242=ORIENTED_EDGE('',*,*,#3941,.T.);
#1243=ORIENTED_EDGE('',*,*,#3588,.F.);
#1244=ORIENTED_EDGE('',*,*,#3945,.F.);
#1245=ORIENTED_EDGE('',*,*,#3946,.T.);
#1246=ORIENTED_EDGE('',*,*,#3943,.T.);
#1247=ORIENTED_EDGE('',*,*,#3587,.F.);
#1248=ORIENTED_EDGE('',*,*,#3947,.F.);
#1249=ORIENTED_EDGE('',*,*,#3948,.T.);
#1250=ORIENTED_EDGE('',*,*,#3945,.T.);
#1251=ORIENTED_EDGE('',*,*,#3586,.F.);
#1252=ORIENTED_EDGE('',*,*,#3949,.F.);
#1253=ORIENTED_EDGE('',*,*,#3950,.T.);
#1254=ORIENTED_EDGE('',*,*,#3947,.T.);
#1255=ORIENTED_EDGE('',*,*,#3585,.F.);
#1256=ORIENTED_EDGE('',*,*,#3951,.F.);
#1257=ORIENTED_EDGE('',*,*,#3952,.T.);
#1258=ORIENTED_EDGE('',*,*,#3949,.T.);
#1259=ORIENTED_EDGE('',*,*,#3584,.F.);
#1260=ORIENTED_EDGE('',*,*,#3953,.F.);
#1261=ORIENTED_EDGE('',*,*,#3954,.T.);
#1262=ORIENTED_EDGE('',*,*,#3951,.T.);
#1263=ORIENTED_EDGE('',*,*,#3583,.F.);
#1264=ORIENTED_EDGE('',*,*,#3955,.F.);
#1265=ORIENTED_EDGE('',*,*,#3956,.T.);
#1266=ORIENTED_EDGE('',*,*,#3953,.T.);
#1267=ORIENTED_EDGE('',*,*,#3582,.F.);
#1268=ORIENTED_EDGE('',*,*,#3957,.F.);
#1269=ORIENTED_EDGE('',*,*,#3958,.T.);
#1270=ORIENTED_EDGE('',*,*,#3955,.T.);
#1271=ORIENTED_EDGE('',*,*,#3581,.F.);
#1272=ORIENTED_EDGE('',*,*,#3959,.F.);
#1273=ORIENTED_EDGE('',*,*,#3960,.T.);
#1274=ORIENTED_EDGE('',*,*,#3957,.T.);
#1275=ORIENTED_EDGE('',*,*,#3580,.F.);
#1276=ORIENTED_EDGE('',*,*,#3961,.F.);
#1277=ORIENTED_EDGE('',*,*,#3962,.T.);
#1278=ORIENTED_EDGE('',*,*,#3959,.T.);
#1279=ORIENTED_EDGE('',*,*,#3579,.F.);
#1280=ORIENTED_EDGE('',*,*,#3963,.F.);
#1281=ORIENTED_EDGE('',*,*,#3964,.T.);
#1282=ORIENTED_EDGE('',*,*,#3961,.T.);
#1283=ORIENTED_EDGE('',*,*,#3578,.F.);
#1284=ORIENTED_EDGE('',*,*,#3965,.F.);
#1285=ORIENTED_EDGE('',*,*,#3966,.T.);
#1286=ORIENTED_EDGE('',*,*,#3963,.T.);
#1287=ORIENTED_EDGE('',*,*,#3577,.F.);
#1288=ORIENTED_EDGE('',*,*,#3967,.F.);
#1289=ORIENTED_EDGE('',*,*,#3968,.T.);
#1290=ORIENTED_EDGE('',*,*,#3965,.T.);
#1291=ORIENTED_EDGE('',*,*,#3576,.F.);
#1292=ORIENTED_EDGE('',*,*,#3969,.F.);
#1293=ORIENTED_EDGE('',*,*,#3970,.T.);
#1294=ORIENTED_EDGE('',*,*,#3967,.T.);
#1295=ORIENTED_EDGE('',*,*,#3575,.F.);
#1296=ORIENTED_EDGE('',*,*,#3971,.F.);
#1297=ORIENTED_EDGE('',*,*,#3972,.T.);
#1298=ORIENTED_EDGE('',*,*,#3969,.T.);
#1299=ORIENTED_EDGE('',*,*,#3574,.F.);
#1300=ORIENTED_EDGE('',*,*,#3973,.F.);
#1301=ORIENTED_EDGE('',*,*,#3974,.T.);
#1302=ORIENTED_EDGE('',*,*,#3971,.T.);
#1303=ORIENTED_EDGE('',*,*,#3573,.F.);
#1304=ORIENTED_EDGE('',*,*,#3975,.F.);
#1305=ORIENTED_EDGE('',*,*,#3976,.T.);
#1306=ORIENTED_EDGE('',*,*,#3973,.T.);
#1307=ORIENTED_EDGE('',*,*,#3572,.F.);
#1308=ORIENTED_EDGE('',*,*,#3977,.F.);
#1309=ORIENTED_EDGE('',*,*,#3978,.T.);
#1310=ORIENTED_EDGE('',*,*,#3975,.T.);
#1311=ORIENTED_EDGE('',*,*,#3571,.F.);
#1312=ORIENTED_EDGE('',*,*,#3914,.F.);
#1313=ORIENTED_EDGE('',*,*,#3979,.T.);
#1314=ORIENTED_EDGE('',*,*,#3977,.T.);
#1315=ORIENTED_EDGE('',*,*,#3913,.F.);
#1316=ORIENTED_EDGE('',*,*,#3916,.F.);
#1317=ORIENTED_EDGE('',*,*,#3918,.F.);
#1318=ORIENTED_EDGE('',*,*,#3920,.F.);
#1319=ORIENTED_EDGE('',*,*,#3922,.F.);
#1320=ORIENTED_EDGE('',*,*,#3924,.F.);
#1321=ORIENTED_EDGE('',*,*,#3926,.F.);
#1322=ORIENTED_EDGE('',*,*,#3928,.F.);
#1323=ORIENTED_EDGE('',*,*,#3930,.F.);
#1324=ORIENTED_EDGE('',*,*,#3932,.F.);
#1325=ORIENTED_EDGE('',*,*,#3934,.F.);
#1326=ORIENTED_EDGE('',*,*,#3936,.F.);
#1327=ORIENTED_EDGE('',*,*,#3938,.F.);
#1328=ORIENTED_EDGE('',*,*,#3940,.F.);
#1329=ORIENTED_EDGE('',*,*,#3942,.F.);
#1330=ORIENTED_EDGE('',*,*,#3944,.F.);
#1331=ORIENTED_EDGE('',*,*,#3946,.F.);
#1332=ORIENTED_EDGE('',*,*,#3948,.F.);
#1333=ORIENTED_EDGE('',*,*,#3950,.F.);
#1334=ORIENTED_EDGE('',*,*,#3952,.F.);
#1335=ORIENTED_EDGE('',*,*,#3954,.F.);
#1336=ORIENTED_EDGE('',*,*,#3956,.F.);
#1337=ORIENTED_EDGE('',*,*,#3958,.F.);
#1338=ORIENTED_EDGE('',*,*,#3960,.F.);
#1339=ORIENTED_EDGE('',*,*,#3962,.F.);
#1340=ORIENTED_EDGE('',*,*,#3964,.F.);
#1341=ORIENTED_EDGE('',*,*,#3966,.F.);
#1342=ORIENTED_EDGE('',*,*,#3968,.F.);
#1343=ORIENTED_EDGE('',*,*,#3970,.F.);
#1344=ORIENTED_EDGE('',*,*,#3972,.F.);
#1345=ORIENTED_EDGE('',*,*,#3974,.F.);
#1346=ORIENTED_EDGE('',*,*,#3976,.F.);
#1347=ORIENTED_EDGE('',*,*,#3978,.F.);
#1348=ORIENTED_EDGE('',*,*,#3979,.F.);
#1349=ORIENTED_EDGE('',*,*,#3562,.F.);
#1350=ORIENTED_EDGE('',*,*,#3980,.F.);
#1351=ORIENTED_EDGE('',*,*,#3981,.T.);
#1352=ORIENTED_EDGE('',*,*,#3982,.T.);
#1353=ORIENTED_EDGE('',*,*,#3561,.F.);
#1354=ORIENTED_EDGE('',*,*,#3983,.F.);
#1355=ORIENTED_EDGE('',*,*,#3984,.T.);
#1356=ORIENTED_EDGE('',*,*,#3980,.T.);
#1357=ORIENTED_EDGE('',*,*,#3568,.F.);
#1358=ORIENTED_EDGE('',*,*,#3985,.F.);
#1359=ORIENTED_EDGE('',*,*,#3986,.T.);
#1360=ORIENTED_EDGE('',*,*,#3983,.T.);
#1361=ORIENTED_EDGE('',*,*,#3567,.F.);
#1362=ORIENTED_EDGE('',*,*,#3987,.F.);
#1363=ORIENTED_EDGE('',*,*,#3988,.T.);
#1364=ORIENTED_EDGE('',*,*,#3985,.T.);
#1365=ORIENTED_EDGE('',*,*,#3566,.F.);
#1366=ORIENTED_EDGE('',*,*,#3989,.F.);
#1367=ORIENTED_EDGE('',*,*,#3990,.T.);
#1368=ORIENTED_EDGE('',*,*,#3987,.T.);
#1369=ORIENTED_EDGE('',*,*,#3565,.F.);
#1370=ORIENTED_EDGE('',*,*,#3991,.F.);
#1371=ORIENTED_EDGE('',*,*,#3992,.T.);
#1372=ORIENTED_EDGE('',*,*,#3989,.T.);
#1373=ORIENTED_EDGE('',*,*,#3564,.F.);
#1374=ORIENTED_EDGE('',*,*,#3993,.F.);
#1375=ORIENTED_EDGE('',*,*,#3994,.T.);
#1376=ORIENTED_EDGE('',*,*,#3991,.T.);
#1377=ORIENTED_EDGE('',*,*,#3563,.F.);
#1378=ORIENTED_EDGE('',*,*,#3982,.F.);
#1379=ORIENTED_EDGE('',*,*,#3995,.T.);
#1380=ORIENTED_EDGE('',*,*,#3993,.T.);
#1381=ORIENTED_EDGE('',*,*,#3981,.F.);
#1382=ORIENTED_EDGE('',*,*,#3984,.F.);
#1383=ORIENTED_EDGE('',*,*,#3986,.F.);
#1384=ORIENTED_EDGE('',*,*,#3988,.F.);
#1385=ORIENTED_EDGE('',*,*,#3990,.F.);
#1386=ORIENTED_EDGE('',*,*,#3992,.F.);
#1387=ORIENTED_EDGE('',*,*,#3994,.F.);
#1388=ORIENTED_EDGE('',*,*,#3995,.F.);
#1389=ORIENTED_EDGE('',*,*,#3550,.F.);
#1390=ORIENTED_EDGE('',*,*,#3996,.F.);
#1391=ORIENTED_EDGE('',*,*,#3997,.T.);
#1392=ORIENTED_EDGE('',*,*,#3998,.T.);
#1393=ORIENTED_EDGE('',*,*,#3549,.F.);
#1394=ORIENTED_EDGE('',*,*,#3999,.F.);
#1395=ORIENTED_EDGE('',*,*,#4000,.T.);
#1396=ORIENTED_EDGE('',*,*,#3996,.T.);
#1397=ORIENTED_EDGE('',*,*,#3560,.F.);
#1398=ORIENTED_EDGE('',*,*,#4001,.F.);
#1399=ORIENTED_EDGE('',*,*,#4002,.T.);
#1400=ORIENTED_EDGE('',*,*,#3999,.T.);
#1401=ORIENTED_EDGE('',*,*,#3559,.F.);
#1402=ORIENTED_EDGE('',*,*,#4003,.F.);
#1403=ORIENTED_EDGE('',*,*,#4004,.T.);
#1404=ORIENTED_EDGE('',*,*,#4001,.T.);
#1405=ORIENTED_EDGE('',*,*,#3558,.F.);
#1406=ORIENTED_EDGE('',*,*,#4005,.F.);
#1407=ORIENTED_EDGE('',*,*,#4006,.T.);
#1408=ORIENTED_EDGE('',*,*,#4003,.T.);
#1409=ORIENTED_EDGE('',*,*,#3557,.F.);
#1410=ORIENTED_EDGE('',*,*,#4007,.F.);
#1411=ORIENTED_EDGE('',*,*,#4008,.T.);
#1412=ORIENTED_EDGE('',*,*,#4005,.T.);
#1413=ORIENTED_EDGE('',*,*,#3556,.F.);
#1414=ORIENTED_EDGE('',*,*,#4009,.F.);
#1415=ORIENTED_EDGE('',*,*,#4010,.T.);
#1416=ORIENTED_EDGE('',*,*,#4007,.T.);
#1417=ORIENTED_EDGE('',*,*,#3555,.F.);
#1418=ORIENTED_EDGE('',*,*,#4011,.F.);
#1419=ORIENTED_EDGE('',*,*,#4012,.T.);
#1420=ORIENTED_EDGE('',*,*,#4009,.T.);
#1421=ORIENTED_EDGE('',*,*,#3554,.F.);
#1422=ORIENTED_EDGE('',*,*,#4013,.F.);
#1423=ORIENTED_EDGE('',*,*,#4014,.T.);
#1424=ORIENTED_EDGE('',*,*,#4011,.T.);
#1425=ORIENTED_EDGE('',*,*,#3553,.F.);
#1426=ORIENTED_EDGE('',*,*,#4015,.F.);
#1427=ORIENTED_EDGE('',*,*,#4016,.T.);
#1428=ORIENTED_EDGE('',*,*,#4013,.T.);
#1429=ORIENTED_EDGE('',*,*,#3552,.F.);
#1430=ORIENTED_EDGE('',*,*,#4017,.F.);
#1431=ORIENTED_EDGE('',*,*,#4018,.T.);
#1432=ORIENTED_EDGE('',*,*,#4015,.T.);
#1433=ORIENTED_EDGE('',*,*,#3551,.F.);
#1434=ORIENTED_EDGE('',*,*,#3998,.F.);
#1435=ORIENTED_EDGE('',*,*,#4019,.T.);
#1436=ORIENTED_EDGE('',*,*,#4017,.T.);
#1437=ORIENTED_EDGE('',*,*,#3997,.F.);
#1438=ORIENTED_EDGE('',*,*,#4000,.F.);
#1439=ORIENTED_EDGE('',*,*,#4002,.F.);
#1440=ORIENTED_EDGE('',*,*,#4004,.F.);
#1441=ORIENTED_EDGE('',*,*,#4006,.F.);
#1442=ORIENTED_EDGE('',*,*,#4008,.F.);
#1443=ORIENTED_EDGE('',*,*,#4010,.F.);
#1444=ORIENTED_EDGE('',*,*,#4012,.F.);
#1445=ORIENTED_EDGE('',*,*,#4014,.F.);
#1446=ORIENTED_EDGE('',*,*,#4016,.F.);
#1447=ORIENTED_EDGE('',*,*,#4018,.F.);
#1448=ORIENTED_EDGE('',*,*,#4019,.F.);
#1449=ORIENTED_EDGE('',*,*,#4020,.F.);
#1450=ORIENTED_EDGE('',*,*,#4021,.F.);
#1451=ORIENTED_EDGE('',*,*,#4022,.T.);
#1452=ORIENTED_EDGE('',*,*,#4023,.T.);
#1453=ORIENTED_EDGE('',*,*,#4024,.F.);
#1454=ORIENTED_EDGE('',*,*,#4025,.F.);
#1455=ORIENTED_EDGE('',*,*,#4026,.T.);
#1456=ORIENTED_EDGE('',*,*,#4021,.T.);
#1457=ORIENTED_EDGE('',*,*,#4027,.F.);
#1458=ORIENTED_EDGE('',*,*,#4028,.F.);
#1459=ORIENTED_EDGE('',*,*,#4029,.T.);
#1460=ORIENTED_EDGE('',*,*,#4025,.T.);
#1461=ORIENTED_EDGE('',*,*,#4030,.F.);
#1462=ORIENTED_EDGE('',*,*,#4031,.F.);
#1463=ORIENTED_EDGE('',*,*,#4032,.T.);
#1464=ORIENTED_EDGE('',*,*,#4028,.T.);
#1465=ORIENTED_EDGE('',*,*,#4033,.F.);
#1466=ORIENTED_EDGE('',*,*,#4034,.F.);
#1467=ORIENTED_EDGE('',*,*,#4035,.T.);
#1468=ORIENTED_EDGE('',*,*,#4031,.T.);
#1469=ORIENTED_EDGE('',*,*,#4036,.F.);
#1470=ORIENTED_EDGE('',*,*,#4037,.F.);
#1471=ORIENTED_EDGE('',*,*,#4038,.T.);
#1472=ORIENTED_EDGE('',*,*,#4034,.T.);
#1473=ORIENTED_EDGE('',*,*,#4039,.F.);
#1474=ORIENTED_EDGE('',*,*,#4040,.F.);
#1475=ORIENTED_EDGE('',*,*,#4041,.T.);
#1476=ORIENTED_EDGE('',*,*,#4037,.T.);
#1477=ORIENTED_EDGE('',*,*,#3644,.F.);
#1478=ORIENTED_EDGE('',*,*,#4042,.F.);
#1479=ORIENTED_EDGE('',*,*,#4043,.T.);
#1480=ORIENTED_EDGE('',*,*,#4044,.T.);
#1481=ORIENTED_EDGE('',*,*,#3643,.F.);
#1482=ORIENTED_EDGE('',*,*,#4045,.F.);
#1483=ORIENTED_EDGE('',*,*,#4046,.T.);
#1484=ORIENTED_EDGE('',*,*,#4042,.T.);
#1485=ORIENTED_EDGE('',*,*,#3656,.F.);
#1486=ORIENTED_EDGE('',*,*,#4047,.F.);
#1487=ORIENTED_EDGE('',*,*,#4048,.T.);
#1488=ORIENTED_EDGE('',*,*,#4045,.T.);
#1489=ORIENTED_EDGE('',*,*,#3655,.F.);
#1490=ORIENTED_EDGE('',*,*,#4049,.F.);
#1491=ORIENTED_EDGE('',*,*,#4050,.T.);
#1492=ORIENTED_EDGE('',*,*,#4047,.T.);
#1493=ORIENTED_EDGE('',*,*,#3654,.F.);
#1494=ORIENTED_EDGE('',*,*,#4051,.F.);
#1495=ORIENTED_EDGE('',*,*,#4052,.T.);
#1496=ORIENTED_EDGE('',*,*,#4049,.T.);
#1497=ORIENTED_EDGE('',*,*,#3653,.F.);
#1498=ORIENTED_EDGE('',*,*,#4053,.F.);
#1499=ORIENTED_EDGE('',*,*,#4054,.T.);
#1500=ORIENTED_EDGE('',*,*,#4051,.T.);
#1501=ORIENTED_EDGE('',*,*,#3652,.F.);
#1502=ORIENTED_EDGE('',*,*,#4055,.F.);
#1503=ORIENTED_EDGE('',*,*,#4056,.T.);
#1504=ORIENTED_EDGE('',*,*,#4053,.T.);
#1505=ORIENTED_EDGE('',*,*,#3651,.F.);
#1506=ORIENTED_EDGE('',*,*,#4057,.F.);
#1507=ORIENTED_EDGE('',*,*,#4058,.T.);
#1508=ORIENTED_EDGE('',*,*,#4055,.T.);
#1509=ORIENTED_EDGE('',*,*,#3650,.F.);
#1510=ORIENTED_EDGE('',*,*,#4059,.F.);
#1511=ORIENTED_EDGE('',*,*,#4060,.T.);
#1512=ORIENTED_EDGE('',*,*,#4057,.T.);
#1513=ORIENTED_EDGE('',*,*,#3649,.F.);
#1514=ORIENTED_EDGE('',*,*,#4061,.F.);
#1515=ORIENTED_EDGE('',*,*,#4062,.T.);
#1516=ORIENTED_EDGE('',*,*,#4059,.T.);
#1517=ORIENTED_EDGE('',*,*,#3648,.F.);
#1518=ORIENTED_EDGE('',*,*,#4063,.F.);
#1519=ORIENTED_EDGE('',*,*,#4064,.T.);
#1520=ORIENTED_EDGE('',*,*,#4061,.T.);
#1521=ORIENTED_EDGE('',*,*,#3647,.F.);
#1522=ORIENTED_EDGE('',*,*,#4065,.F.);
#1523=ORIENTED_EDGE('',*,*,#4066,.T.);
#1524=ORIENTED_EDGE('',*,*,#4063,.T.);
#1525=ORIENTED_EDGE('',*,*,#3646,.F.);
#1526=ORIENTED_EDGE('',*,*,#4067,.F.);
#1527=ORIENTED_EDGE('',*,*,#4068,.T.);
#1528=ORIENTED_EDGE('',*,*,#4065,.T.);
#1529=ORIENTED_EDGE('',*,*,#3645,.F.);
#1530=ORIENTED_EDGE('',*,*,#4044,.F.);
#1531=ORIENTED_EDGE('',*,*,#4069,.T.);
#1532=ORIENTED_EDGE('',*,*,#4067,.T.);
#1533=ORIENTED_EDGE('',*,*,#4070,.F.);
#1534=ORIENTED_EDGE('',*,*,#4023,.F.);
#1535=ORIENTED_EDGE('',*,*,#4071,.T.);
#1536=ORIENTED_EDGE('',*,*,#4040,.T.);
#1537=ORIENTED_EDGE('',*,*,#4043,.F.);
#1538=ORIENTED_EDGE('',*,*,#4046,.F.);
#1539=ORIENTED_EDGE('',*,*,#4048,.F.);
#1540=ORIENTED_EDGE('',*,*,#4050,.F.);
#1541=ORIENTED_EDGE('',*,*,#4052,.F.);
#1542=ORIENTED_EDGE('',*,*,#4054,.F.);
#1543=ORIENTED_EDGE('',*,*,#4056,.F.);
#1544=ORIENTED_EDGE('',*,*,#4058,.F.);
#1545=ORIENTED_EDGE('',*,*,#4060,.F.);
#1546=ORIENTED_EDGE('',*,*,#4062,.F.);
#1547=ORIENTED_EDGE('',*,*,#4064,.F.);
#1548=ORIENTED_EDGE('',*,*,#4066,.F.);
#1549=ORIENTED_EDGE('',*,*,#4068,.F.);
#1550=ORIENTED_EDGE('',*,*,#4069,.F.);
#1551=ORIENTED_EDGE('',*,*,#4022,.F.);
#1552=ORIENTED_EDGE('',*,*,#4026,.F.);
#1553=ORIENTED_EDGE('',*,*,#4029,.F.);
#1554=ORIENTED_EDGE('',*,*,#4032,.F.);
#1555=ORIENTED_EDGE('',*,*,#4035,.F.);
#1556=ORIENTED_EDGE('',*,*,#4038,.F.);
#1557=ORIENTED_EDGE('',*,*,#4041,.F.);
#1558=ORIENTED_EDGE('',*,*,#4071,.F.);
#1559=ORIENTED_EDGE('',*,*,#4072,.F.);
#1560=ORIENTED_EDGE('',*,*,#4073,.F.);
#1561=ORIENTED_EDGE('',*,*,#4074,.T.);
#1562=ORIENTED_EDGE('',*,*,#4075,.T.);
#1563=ORIENTED_EDGE('',*,*,#4076,.F.);
#1564=ORIENTED_EDGE('',*,*,#4077,.F.);
#1565=ORIENTED_EDGE('',*,*,#4078,.T.);
#1566=ORIENTED_EDGE('',*,*,#4073,.T.);
#1567=ORIENTED_EDGE('',*,*,#4079,.F.);
#1568=ORIENTED_EDGE('',*,*,#4080,.F.);
#1569=ORIENTED_EDGE('',*,*,#4081,.T.);
#1570=ORIENTED_EDGE('',*,*,#4077,.T.);
#1571=ORIENTED_EDGE('',*,*,#4082,.F.);
#1572=ORIENTED_EDGE('',*,*,#4083,.F.);
#1573=ORIENTED_EDGE('',*,*,#4084,.T.);
#1574=ORIENTED_EDGE('',*,*,#4080,.T.);
#1575=ORIENTED_EDGE('',*,*,#4085,.F.);
#1576=ORIENTED_EDGE('',*,*,#4086,.F.);
#1577=ORIENTED_EDGE('',*,*,#4087,.T.);
#1578=ORIENTED_EDGE('',*,*,#4083,.T.);
#1579=ORIENTED_EDGE('',*,*,#4088,.F.);
#1580=ORIENTED_EDGE('',*,*,#4089,.F.);
#1581=ORIENTED_EDGE('',*,*,#4090,.T.);
#1582=ORIENTED_EDGE('',*,*,#4086,.T.);
#1583=ORIENTED_EDGE('',*,*,#4091,.F.);
#1584=ORIENTED_EDGE('',*,*,#4092,.F.);
#1585=ORIENTED_EDGE('',*,*,#4093,.T.);
#1586=ORIENTED_EDGE('',*,*,#4089,.T.);
#1587=ORIENTED_EDGE('',*,*,#4094,.F.);
#1588=ORIENTED_EDGE('',*,*,#4095,.F.);
#1589=ORIENTED_EDGE('',*,*,#4096,.T.);
#1590=ORIENTED_EDGE('',*,*,#4092,.T.);
#1591=ORIENTED_EDGE('',*,*,#4097,.F.);
#1592=ORIENTED_EDGE('',*,*,#4098,.F.);
#1593=ORIENTED_EDGE('',*,*,#4099,.T.);
#1594=ORIENTED_EDGE('',*,*,#4095,.T.);
#1595=ORIENTED_EDGE('',*,*,#4100,.F.);
#1596=ORIENTED_EDGE('',*,*,#4101,.F.);
#1597=ORIENTED_EDGE('',*,*,#4102,.T.);
#1598=ORIENTED_EDGE('',*,*,#4098,.T.);
#1599=ORIENTED_EDGE('',*,*,#4103,.F.);
#1600=ORIENTED_EDGE('',*,*,#4104,.F.);
#1601=ORIENTED_EDGE('',*,*,#4105,.T.);
#1602=ORIENTED_EDGE('',*,*,#4101,.T.);
#1603=ORIENTED_EDGE('',*,*,#3533,.F.);
#1604=ORIENTED_EDGE('',*,*,#4106,.F.);
#1605=ORIENTED_EDGE('',*,*,#4107,.T.);
#1606=ORIENTED_EDGE('',*,*,#4108,.T.);
#1607=ORIENTED_EDGE('',*,*,#3532,.F.);
#1608=ORIENTED_EDGE('',*,*,#4109,.F.);
#1609=ORIENTED_EDGE('',*,*,#4110,.T.);
#1610=ORIENTED_EDGE('',*,*,#4106,.T.);
#1611=ORIENTED_EDGE('',*,*,#3548,.F.);
#1612=ORIENTED_EDGE('',*,*,#4111,.F.);
#1613=ORIENTED_EDGE('',*,*,#4112,.T.);
#1614=ORIENTED_EDGE('',*,*,#4109,.T.);
#1615=ORIENTED_EDGE('',*,*,#3547,.F.);
#1616=ORIENTED_EDGE('',*,*,#4113,.F.);
#1617=ORIENTED_EDGE('',*,*,#4114,.T.);
#1618=ORIENTED_EDGE('',*,*,#4111,.T.);
#1619=ORIENTED_EDGE('',*,*,#3546,.F.);
#1620=ORIENTED_EDGE('',*,*,#4115,.F.);
#1621=ORIENTED_EDGE('',*,*,#4116,.T.);
#1622=ORIENTED_EDGE('',*,*,#4113,.T.);
#1623=ORIENTED_EDGE('',*,*,#3545,.F.);
#1624=ORIENTED_EDGE('',*,*,#4117,.F.);
#1625=ORIENTED_EDGE('',*,*,#4118,.T.);
#1626=ORIENTED_EDGE('',*,*,#4115,.T.);
#1627=ORIENTED_EDGE('',*,*,#3544,.F.);
#1628=ORIENTED_EDGE('',*,*,#4119,.F.);
#1629=ORIENTED_EDGE('',*,*,#4120,.T.);
#1630=ORIENTED_EDGE('',*,*,#4117,.T.);
#1631=ORIENTED_EDGE('',*,*,#3543,.F.);
#1632=ORIENTED_EDGE('',*,*,#4121,.F.);
#1633=ORIENTED_EDGE('',*,*,#4122,.T.);
#1634=ORIENTED_EDGE('',*,*,#4119,.T.);
#1635=ORIENTED_EDGE('',*,*,#3542,.F.);
#1636=ORIENTED_EDGE('',*,*,#4123,.F.);
#1637=ORIENTED_EDGE('',*,*,#4124,.T.);
#1638=ORIENTED_EDGE('',*,*,#4121,.T.);
#1639=ORIENTED_EDGE('',*,*,#3541,.F.);
#1640=ORIENTED_EDGE('',*,*,#4125,.F.);
#1641=ORIENTED_EDGE('',*,*,#4126,.T.);
#1642=ORIENTED_EDGE('',*,*,#4123,.T.);
#1643=ORIENTED_EDGE('',*,*,#3540,.F.);
#1644=ORIENTED_EDGE('',*,*,#4127,.F.);
#1645=ORIENTED_EDGE('',*,*,#4128,.T.);
#1646=ORIENTED_EDGE('',*,*,#4125,.T.);
#1647=ORIENTED_EDGE('',*,*,#3539,.F.);
#1648=ORIENTED_EDGE('',*,*,#4129,.F.);
#1649=ORIENTED_EDGE('',*,*,#4130,.T.);
#1650=ORIENTED_EDGE('',*,*,#4127,.T.);
#1651=ORIENTED_EDGE('',*,*,#3538,.F.);
#1652=ORIENTED_EDGE('',*,*,#4131,.F.);
#1653=ORIENTED_EDGE('',*,*,#4132,.T.);
#1654=ORIENTED_EDGE('',*,*,#4129,.T.);
#1655=ORIENTED_EDGE('',*,*,#3537,.F.);
#1656=ORIENTED_EDGE('',*,*,#4133,.F.);
#1657=ORIENTED_EDGE('',*,*,#4134,.T.);
#1658=ORIENTED_EDGE('',*,*,#4131,.T.);
#1659=ORIENTED_EDGE('',*,*,#3536,.F.);
#1660=ORIENTED_EDGE('',*,*,#4135,.F.);
#1661=ORIENTED_EDGE('',*,*,#4136,.T.);
#1662=ORIENTED_EDGE('',*,*,#4133,.T.);
#1663=ORIENTED_EDGE('',*,*,#3535,.F.);
#1664=ORIENTED_EDGE('',*,*,#4137,.F.);
#1665=ORIENTED_EDGE('',*,*,#4138,.T.);
#1666=ORIENTED_EDGE('',*,*,#4135,.T.);
#1667=ORIENTED_EDGE('',*,*,#3534,.F.);
#1668=ORIENTED_EDGE('',*,*,#4108,.F.);
#1669=ORIENTED_EDGE('',*,*,#4139,.T.);
#1670=ORIENTED_EDGE('',*,*,#4137,.T.);
#1671=ORIENTED_EDGE('',*,*,#4140,.F.);
#1672=ORIENTED_EDGE('',*,*,#4075,.F.);
#1673=ORIENTED_EDGE('',*,*,#4141,.T.);
#1674=ORIENTED_EDGE('',*,*,#4104,.T.);
#1675=ORIENTED_EDGE('',*,*,#4107,.F.);
#1676=ORIENTED_EDGE('',*,*,#4110,.F.);
#1677=ORIENTED_EDGE('',*,*,#4112,.F.);
#1678=ORIENTED_EDGE('',*,*,#4114,.F.);
#1679=ORIENTED_EDGE('',*,*,#4116,.F.);
#1680=ORIENTED_EDGE('',*,*,#4118,.F.);
#1681=ORIENTED_EDGE('',*,*,#4120,.F.);
#1682=ORIENTED_EDGE('',*,*,#4122,.F.);
#1683=ORIENTED_EDGE('',*,*,#4124,.F.);
#1684=ORIENTED_EDGE('',*,*,#4126,.F.);
#1685=ORIENTED_EDGE('',*,*,#4128,.F.);
#1686=ORIENTED_EDGE('',*,*,#4130,.F.);
#1687=ORIENTED_EDGE('',*,*,#4132,.F.);
#1688=ORIENTED_EDGE('',*,*,#4134,.F.);
#1689=ORIENTED_EDGE('',*,*,#4136,.F.);
#1690=ORIENTED_EDGE('',*,*,#4138,.F.);
#1691=ORIENTED_EDGE('',*,*,#4139,.F.);
#1692=ORIENTED_EDGE('',*,*,#4074,.F.);
#1693=ORIENTED_EDGE('',*,*,#4078,.F.);
#1694=ORIENTED_EDGE('',*,*,#4081,.F.);
#1695=ORIENTED_EDGE('',*,*,#4084,.F.);
#1696=ORIENTED_EDGE('',*,*,#4087,.F.);
#1697=ORIENTED_EDGE('',*,*,#4090,.F.);
#1698=ORIENTED_EDGE('',*,*,#4093,.F.);
#1699=ORIENTED_EDGE('',*,*,#4096,.F.);
#1700=ORIENTED_EDGE('',*,*,#4099,.F.);
#1701=ORIENTED_EDGE('',*,*,#4102,.F.);
#1702=ORIENTED_EDGE('',*,*,#4105,.F.);
#1703=ORIENTED_EDGE('',*,*,#4141,.F.);
#1704=ORIENTED_EDGE('',*,*,#4142,.F.);
#1705=ORIENTED_EDGE('',*,*,#4143,.F.);
#1706=ORIENTED_EDGE('',*,*,#4144,.T.);
#1707=ORIENTED_EDGE('',*,*,#4145,.T.);
#1708=ORIENTED_EDGE('',*,*,#4146,.F.);
#1709=ORIENTED_EDGE('',*,*,#4147,.F.);
#1710=ORIENTED_EDGE('',*,*,#4148,.T.);
#1711=ORIENTED_EDGE('',*,*,#4143,.T.);
#1712=ORIENTED_EDGE('',*,*,#4149,.F.);
#1713=ORIENTED_EDGE('',*,*,#4150,.F.);
#1714=ORIENTED_EDGE('',*,*,#4151,.T.);
#1715=ORIENTED_EDGE('',*,*,#4147,.T.);
#1716=ORIENTED_EDGE('',*,*,#4152,.F.);
#1717=ORIENTED_EDGE('',*,*,#4153,.F.);
#1718=ORIENTED_EDGE('',*,*,#4154,.T.);
#1719=ORIENTED_EDGE('',*,*,#4150,.T.);
#1720=ORIENTED_EDGE('',*,*,#4155,.F.);
#1721=ORIENTED_EDGE('',*,*,#4156,.F.);
#1722=ORIENTED_EDGE('',*,*,#4157,.T.);
#1723=ORIENTED_EDGE('',*,*,#4153,.T.);
#1724=ORIENTED_EDGE('',*,*,#4158,.F.);
#1725=ORIENTED_EDGE('',*,*,#4159,.F.);
#1726=ORIENTED_EDGE('',*,*,#4160,.T.);
#1727=ORIENTED_EDGE('',*,*,#4156,.T.);
#1728=ORIENTED_EDGE('',*,*,#4161,.F.);
#1729=ORIENTED_EDGE('',*,*,#4162,.F.);
#1730=ORIENTED_EDGE('',*,*,#4163,.T.);
#1731=ORIENTED_EDGE('',*,*,#4159,.T.);
#1732=ORIENTED_EDGE('',*,*,#4164,.F.);
#1733=ORIENTED_EDGE('',*,*,#4165,.F.);
#1734=ORIENTED_EDGE('',*,*,#4166,.T.);
#1735=ORIENTED_EDGE('',*,*,#4162,.T.);
#1736=ORIENTED_EDGE('',*,*,#4167,.F.);
#1737=ORIENTED_EDGE('',*,*,#4168,.F.);
#1738=ORIENTED_EDGE('',*,*,#4169,.T.);
#1739=ORIENTED_EDGE('',*,*,#4165,.T.);
#1740=ORIENTED_EDGE('',*,*,#4170,.F.);
#1741=ORIENTED_EDGE('',*,*,#4171,.F.);
#1742=ORIENTED_EDGE('',*,*,#4172,.T.);
#1743=ORIENTED_EDGE('',*,*,#4168,.T.);
#1744=ORIENTED_EDGE('',*,*,#4173,.F.);
#1745=ORIENTED_EDGE('',*,*,#4174,.F.);
#1746=ORIENTED_EDGE('',*,*,#4175,.T.);
#1747=ORIENTED_EDGE('',*,*,#4171,.T.);
#1748=ORIENTED_EDGE('',*,*,#3658,.F.);
#1749=ORIENTED_EDGE('',*,*,#4176,.F.);
#1750=ORIENTED_EDGE('',*,*,#4177,.T.);
#1751=ORIENTED_EDGE('',*,*,#4178,.T.);
#1752=ORIENTED_EDGE('',*,*,#3657,.F.);
#1753=ORIENTED_EDGE('',*,*,#4179,.F.);
#1754=ORIENTED_EDGE('',*,*,#4180,.T.);
#1755=ORIENTED_EDGE('',*,*,#4176,.T.);
#1756=ORIENTED_EDGE('',*,*,#3668,.F.);
#1757=ORIENTED_EDGE('',*,*,#4181,.F.);
#1758=ORIENTED_EDGE('',*,*,#4182,.T.);
#1759=ORIENTED_EDGE('',*,*,#4179,.T.);
#1760=ORIENTED_EDGE('',*,*,#3667,.F.);
#1761=ORIENTED_EDGE('',*,*,#4183,.F.);
#1762=ORIENTED_EDGE('',*,*,#4184,.T.);
#1763=ORIENTED_EDGE('',*,*,#4181,.T.);
#1764=ORIENTED_EDGE('',*,*,#3666,.F.);
#1765=ORIENTED_EDGE('',*,*,#4185,.F.);
#1766=ORIENTED_EDGE('',*,*,#4186,.T.);
#1767=ORIENTED_EDGE('',*,*,#4183,.T.);
#1768=ORIENTED_EDGE('',*,*,#3665,.F.);
#1769=ORIENTED_EDGE('',*,*,#4187,.F.);
#1770=ORIENTED_EDGE('',*,*,#4188,.T.);
#1771=ORIENTED_EDGE('',*,*,#4185,.T.);
#1772=ORIENTED_EDGE('',*,*,#3664,.F.);
#1773=ORIENTED_EDGE('',*,*,#4189,.F.);
#1774=ORIENTED_EDGE('',*,*,#4190,.T.);
#1775=ORIENTED_EDGE('',*,*,#4187,.T.);
#1776=ORIENTED_EDGE('',*,*,#3663,.F.);
#1777=ORIENTED_EDGE('',*,*,#4191,.F.);
#1778=ORIENTED_EDGE('',*,*,#4192,.T.);
#1779=ORIENTED_EDGE('',*,*,#4189,.T.);
#1780=ORIENTED_EDGE('',*,*,#3662,.F.);
#1781=ORIENTED_EDGE('',*,*,#4193,.F.);
#1782=ORIENTED_EDGE('',*,*,#4194,.T.);
#1783=ORIENTED_EDGE('',*,*,#4191,.T.);
#1784=ORIENTED_EDGE('',*,*,#3661,.F.);
#1785=ORIENTED_EDGE('',*,*,#4195,.F.);
#1786=ORIENTED_EDGE('',*,*,#4196,.T.);
#1787=ORIENTED_EDGE('',*,*,#4193,.T.);
#1788=ORIENTED_EDGE('',*,*,#3660,.F.);
#1789=ORIENTED_EDGE('',*,*,#4197,.F.);
#1790=ORIENTED_EDGE('',*,*,#4198,.T.);
#1791=ORIENTED_EDGE('',*,*,#4195,.T.);
#1792=ORIENTED_EDGE('',*,*,#3659,.F.);
#1793=ORIENTED_EDGE('',*,*,#4178,.F.);
#1794=ORIENTED_EDGE('',*,*,#4199,.T.);
#1795=ORIENTED_EDGE('',*,*,#4197,.T.);
#1796=ORIENTED_EDGE('',*,*,#4200,.F.);
#1797=ORIENTED_EDGE('',*,*,#4145,.F.);
#1798=ORIENTED_EDGE('',*,*,#4201,.T.);
#1799=ORIENTED_EDGE('',*,*,#4174,.T.);
#1800=ORIENTED_EDGE('',*,*,#4177,.F.);
#1801=ORIENTED_EDGE('',*,*,#4180,.F.);
#1802=ORIENTED_EDGE('',*,*,#4182,.F.);
#1803=ORIENTED_EDGE('',*,*,#4184,.F.);
#1804=ORIENTED_EDGE('',*,*,#4186,.F.);
#1805=ORIENTED_EDGE('',*,*,#4188,.F.);
#1806=ORIENTED_EDGE('',*,*,#4190,.F.);
#1807=ORIENTED_EDGE('',*,*,#4192,.F.);
#1808=ORIENTED_EDGE('',*,*,#4194,.F.);
#1809=ORIENTED_EDGE('',*,*,#4196,.F.);
#1810=ORIENTED_EDGE('',*,*,#4198,.F.);
#1811=ORIENTED_EDGE('',*,*,#4199,.F.);
#1812=ORIENTED_EDGE('',*,*,#4144,.F.);
#1813=ORIENTED_EDGE('',*,*,#4148,.F.);
#1814=ORIENTED_EDGE('',*,*,#4151,.F.);
#1815=ORIENTED_EDGE('',*,*,#4154,.F.);
#1816=ORIENTED_EDGE('',*,*,#4157,.F.);
#1817=ORIENTED_EDGE('',*,*,#4160,.F.);
#1818=ORIENTED_EDGE('',*,*,#4163,.F.);
#1819=ORIENTED_EDGE('',*,*,#4166,.F.);
#1820=ORIENTED_EDGE('',*,*,#4169,.F.);
#1821=ORIENTED_EDGE('',*,*,#4172,.F.);
#1822=ORIENTED_EDGE('',*,*,#4175,.F.);
#1823=ORIENTED_EDGE('',*,*,#4201,.F.);
#1824=ORIENTED_EDGE('',*,*,#3670,.F.);
#1825=ORIENTED_EDGE('',*,*,#4202,.F.);
#1826=ORIENTED_EDGE('',*,*,#4203,.T.);
#1827=ORIENTED_EDGE('',*,*,#4204,.T.);
#1828=ORIENTED_EDGE('',*,*,#3669,.F.);
#1829=ORIENTED_EDGE('',*,*,#4205,.F.);
#1830=ORIENTED_EDGE('',*,*,#4206,.T.);
#1831=ORIENTED_EDGE('',*,*,#4202,.T.);
#1832=ORIENTED_EDGE('',*,*,#3672,.F.);
#1833=ORIENTED_EDGE('',*,*,#4207,.F.);
#1834=ORIENTED_EDGE('',*,*,#4208,.T.);
#1835=ORIENTED_EDGE('',*,*,#4205,.T.);
#1836=ORIENTED_EDGE('',*,*,#3671,.F.);
#1837=ORIENTED_EDGE('',*,*,#4204,.F.);
#1838=ORIENTED_EDGE('',*,*,#4209,.T.);
#1839=ORIENTED_EDGE('',*,*,#4207,.T.);
#1840=ORIENTED_EDGE('',*,*,#4203,.F.);
#1841=ORIENTED_EDGE('',*,*,#4206,.F.);
#1842=ORIENTED_EDGE('',*,*,#4208,.F.);
#1843=ORIENTED_EDGE('',*,*,#4209,.F.);
#1844=ORIENTED_EDGE('',*,*,#3674,.F.);
#1845=ORIENTED_EDGE('',*,*,#4210,.F.);
#1846=ORIENTED_EDGE('',*,*,#4211,.T.);
#1847=ORIENTED_EDGE('',*,*,#4212,.T.);
#1848=ORIENTED_EDGE('',*,*,#3673,.F.);
#1849=ORIENTED_EDGE('',*,*,#4213,.F.);
#1850=ORIENTED_EDGE('',*,*,#4214,.T.);
#1851=ORIENTED_EDGE('',*,*,#4210,.T.);
#1852=ORIENTED_EDGE('',*,*,#3682,.F.);
#1853=ORIENTED_EDGE('',*,*,#4215,.F.);
#1854=ORIENTED_EDGE('',*,*,#4216,.T.);
#1855=ORIENTED_EDGE('',*,*,#4213,.T.);
#1856=ORIENTED_EDGE('',*,*,#3681,.F.);
#1857=ORIENTED_EDGE('',*,*,#4217,.F.);
#1858=ORIENTED_EDGE('',*,*,#4218,.T.);
#1859=ORIENTED_EDGE('',*,*,#4215,.T.);
#1860=ORIENTED_EDGE('',*,*,#3680,.F.);
#1861=ORIENTED_EDGE('',*,*,#4219,.F.);
#1862=ORIENTED_EDGE('',*,*,#4220,.T.);
#1863=ORIENTED_EDGE('',*,*,#4217,.T.);
#1864=ORIENTED_EDGE('',*,*,#3679,.F.);
#1865=ORIENTED_EDGE('',*,*,#4221,.F.);
#1866=ORIENTED_EDGE('',*,*,#4222,.T.);
#1867=ORIENTED_EDGE('',*,*,#4219,.T.);
#1868=ORIENTED_EDGE('',*,*,#3678,.F.);
#1869=ORIENTED_EDGE('',*,*,#4223,.F.);
#1870=ORIENTED_EDGE('',*,*,#4224,.T.);
#1871=ORIENTED_EDGE('',*,*,#4221,.T.);
#1872=ORIENTED_EDGE('',*,*,#3677,.F.);
#1873=ORIENTED_EDGE('',*,*,#4225,.F.);
#1874=ORIENTED_EDGE('',*,*,#4226,.T.);
#1875=ORIENTED_EDGE('',*,*,#4223,.T.);
#1876=ORIENTED_EDGE('',*,*,#3676,.F.);
#1877=ORIENTED_EDGE('',*,*,#4227,.F.);
#1878=ORIENTED_EDGE('',*,*,#4228,.T.);
#1879=ORIENTED_EDGE('',*,*,#4225,.T.);
#1880=ORIENTED_EDGE('',*,*,#3675,.F.);
#1881=ORIENTED_EDGE('',*,*,#4212,.F.);
#1882=ORIENTED_EDGE('',*,*,#4229,.T.);
#1883=ORIENTED_EDGE('',*,*,#4227,.T.);
#1884=ORIENTED_EDGE('',*,*,#4211,.F.);
#1885=ORIENTED_EDGE('',*,*,#4214,.F.);
#1886=ORIENTED_EDGE('',*,*,#4216,.F.);
#1887=ORIENTED_EDGE('',*,*,#4218,.F.);
#1888=ORIENTED_EDGE('',*,*,#4220,.F.);
#1889=ORIENTED_EDGE('',*,*,#4222,.F.);
#1890=ORIENTED_EDGE('',*,*,#4224,.F.);
#1891=ORIENTED_EDGE('',*,*,#4226,.F.);
#1892=ORIENTED_EDGE('',*,*,#4228,.F.);
#1893=ORIENTED_EDGE('',*,*,#4229,.F.);
#1894=ORIENTED_EDGE('',*,*,#3684,.F.);
#1895=ORIENTED_EDGE('',*,*,#4230,.F.);
#1896=ORIENTED_EDGE('',*,*,#4231,.T.);
#1897=ORIENTED_EDGE('',*,*,#4232,.T.);
#1898=ORIENTED_EDGE('',*,*,#3683,.F.);
#1899=ORIENTED_EDGE('',*,*,#4233,.F.);
#1900=ORIENTED_EDGE('',*,*,#4234,.T.);
#1901=ORIENTED_EDGE('',*,*,#4230,.T.);
#1902=ORIENTED_EDGE('',*,*,#3716,.F.);
#1903=ORIENTED_EDGE('',*,*,#4235,.F.);
#1904=ORIENTED_EDGE('',*,*,#4236,.T.);
#1905=ORIENTED_EDGE('',*,*,#4233,.T.);
#1906=ORIENTED_EDGE('',*,*,#3715,.F.);
#1907=ORIENTED_EDGE('',*,*,#4237,.F.);
#1908=ORIENTED_EDGE('',*,*,#4238,.T.);
#1909=ORIENTED_EDGE('',*,*,#4235,.T.);
#1910=ORIENTED_EDGE('',*,*,#3714,.F.);
#1911=ORIENTED_EDGE('',*,*,#4239,.F.);
#1912=ORIENTED_EDGE('',*,*,#4240,.T.);
#1913=ORIENTED_EDGE('',*,*,#4237,.T.);
#1914=ORIENTED_EDGE('',*,*,#3713,.F.);
#1915=ORIENTED_EDGE('',*,*,#4241,.F.);
#1916=ORIENTED_EDGE('',*,*,#4242,.T.);
#1917=ORIENTED_EDGE('',*,*,#4239,.T.);
#1918=ORIENTED_EDGE('',*,*,#3712,.F.);
#1919=ORIENTED_EDGE('',*,*,#4243,.F.);
#1920=ORIENTED_EDGE('',*,*,#4244,.T.);
#1921=ORIENTED_EDGE('',*,*,#4241,.T.);
#1922=ORIENTED_EDGE('',*,*,#3711,.F.);
#1923=ORIENTED_EDGE('',*,*,#4245,.F.);
#1924=ORIENTED_EDGE('',*,*,#4246,.T.);
#1925=ORIENTED_EDGE('',*,*,#4243,.T.);
#1926=ORIENTED_EDGE('',*,*,#3710,.F.);
#1927=ORIENTED_EDGE('',*,*,#4247,.F.);
#1928=ORIENTED_EDGE('',*,*,#4248,.T.);
#1929=ORIENTED_EDGE('',*,*,#4245,.T.);
#1930=ORIENTED_EDGE('',*,*,#3709,.F.);
#1931=ORIENTED_EDGE('',*,*,#4249,.F.);
#1932=ORIENTED_EDGE('',*,*,#4250,.T.);
#1933=ORIENTED_EDGE('',*,*,#4247,.T.);
#1934=ORIENTED_EDGE('',*,*,#3708,.F.);
#1935=ORIENTED_EDGE('',*,*,#4251,.F.);
#1936=ORIENTED_EDGE('',*,*,#4252,.T.);
#1937=ORIENTED_EDGE('',*,*,#4249,.T.);
#1938=ORIENTED_EDGE('',*,*,#3707,.F.);
#1939=ORIENTED_EDGE('',*,*,#4253,.F.);
#1940=ORIENTED_EDGE('',*,*,#4254,.T.);
#1941=ORIENTED_EDGE('',*,*,#4251,.T.);
#1942=ORIENTED_EDGE('',*,*,#3706,.F.);
#1943=ORIENTED_EDGE('',*,*,#4255,.F.);
#1944=ORIENTED_EDGE('',*,*,#4256,.T.);
#1945=ORIENTED_EDGE('',*,*,#4253,.T.);
#1946=ORIENTED_EDGE('',*,*,#3705,.F.);
#1947=ORIENTED_EDGE('',*,*,#4257,.F.);
#1948=ORIENTED_EDGE('',*,*,#4258,.T.);
#1949=ORIENTED_EDGE('',*,*,#4255,.T.);
#1950=ORIENTED_EDGE('',*,*,#3704,.F.);
#1951=ORIENTED_EDGE('',*,*,#4259,.F.);
#1952=ORIENTED_EDGE('',*,*,#4260,.T.);
#1953=ORIENTED_EDGE('',*,*,#4257,.T.);
#1954=ORIENTED_EDGE('',*,*,#3703,.F.);
#1955=ORIENTED_EDGE('',*,*,#4261,.F.);
#1956=ORIENTED_EDGE('',*,*,#4262,.T.);
#1957=ORIENTED_EDGE('',*,*,#4259,.T.);
#1958=ORIENTED_EDGE('',*,*,#3702,.F.);
#1959=ORIENTED_EDGE('',*,*,#4263,.F.);
#1960=ORIENTED_EDGE('',*,*,#4264,.T.);
#1961=ORIENTED_EDGE('',*,*,#4261,.T.);
#1962=ORIENTED_EDGE('',*,*,#3701,.F.);
#1963=ORIENTED_EDGE('',*,*,#4265,.F.);
#1964=ORIENTED_EDGE('',*,*,#4266,.T.);
#1965=ORIENTED_EDGE('',*,*,#4263,.T.);
#1966=ORIENTED_EDGE('',*,*,#3700,.F.);
#1967=ORIENTED_EDGE('',*,*,#4267,.F.);
#1968=ORIENTED_EDGE('',*,*,#4268,.T.);
#1969=ORIENTED_EDGE('',*,*,#4265,.T.);
#1970=ORIENTED_EDGE('',*,*,#3699,.F.);
#1971=ORIENTED_EDGE('',*,*,#4269,.F.);
#1972=ORIENTED_EDGE('',*,*,#4270,.T.);
#1973=ORIENTED_EDGE('',*,*,#4267,.T.);
#1974=ORIENTED_EDGE('',*,*,#3698,.F.);
#1975=ORIENTED_EDGE('',*,*,#4271,.F.);
#1976=ORIENTED_EDGE('',*,*,#4272,.T.);
#1977=ORIENTED_EDGE('',*,*,#4269,.T.);
#1978=ORIENTED_EDGE('',*,*,#3697,.F.);
#1979=ORIENTED_EDGE('',*,*,#4273,.F.);
#1980=ORIENTED_EDGE('',*,*,#4274,.T.);
#1981=ORIENTED_EDGE('',*,*,#4271,.T.);
#1982=ORIENTED_EDGE('',*,*,#3696,.F.);
#1983=ORIENTED_EDGE('',*,*,#4275,.F.);
#1984=ORIENTED_EDGE('',*,*,#4276,.T.);
#1985=ORIENTED_EDGE('',*,*,#4273,.T.);
#1986=ORIENTED_EDGE('',*,*,#3695,.F.);
#1987=ORIENTED_EDGE('',*,*,#4277,.F.);
#1988=ORIENTED_EDGE('',*,*,#4278,.T.);
#1989=ORIENTED_EDGE('',*,*,#4275,.T.);
#1990=ORIENTED_EDGE('',*,*,#3694,.F.);
#1991=ORIENTED_EDGE('',*,*,#4279,.F.);
#1992=ORIENTED_EDGE('',*,*,#4280,.T.);
#1993=ORIENTED_EDGE('',*,*,#4277,.T.);
#1994=ORIENTED_EDGE('',*,*,#3693,.F.);
#1995=ORIENTED_EDGE('',*,*,#4281,.F.);
#1996=ORIENTED_EDGE('',*,*,#4282,.T.);
#1997=ORIENTED_EDGE('',*,*,#4279,.T.);
#1998=ORIENTED_EDGE('',*,*,#3692,.F.);
#1999=ORIENTED_EDGE('',*,*,#4283,.F.);
#2000=ORIENTED_EDGE('',*,*,#4284,.T.);
#2001=ORIENTED_EDGE('',*,*,#4281,.T.);
#2002=ORIENTED_EDGE('',*,*,#3691,.F.);
#2003=ORIENTED_EDGE('',*,*,#4285,.F.);
#2004=ORIENTED_EDGE('',*,*,#4286,.T.);
#2005=ORIENTED_EDGE('',*,*,#4283,.T.);
#2006=ORIENTED_EDGE('',*,*,#3690,.F.);
#2007=ORIENTED_EDGE('',*,*,#4287,.F.);
#2008=ORIENTED_EDGE('',*,*,#4288,.T.);
#2009=ORIENTED_EDGE('',*,*,#4285,.T.);
#2010=ORIENTED_EDGE('',*,*,#3689,.F.);
#2011=ORIENTED_EDGE('',*,*,#4289,.F.);
#2012=ORIENTED_EDGE('',*,*,#4290,.T.);
#2013=ORIENTED_EDGE('',*,*,#4287,.T.);
#2014=ORIENTED_EDGE('',*,*,#3688,.F.);
#2015=ORIENTED_EDGE('',*,*,#4291,.F.);
#2016=ORIENTED_EDGE('',*,*,#4292,.T.);
#2017=ORIENTED_EDGE('',*,*,#4289,.T.);
#2018=ORIENTED_EDGE('',*,*,#3687,.F.);
#2019=ORIENTED_EDGE('',*,*,#4293,.F.);
#2020=ORIENTED_EDGE('',*,*,#4294,.T.);
#2021=ORIENTED_EDGE('',*,*,#4291,.T.);
#2022=ORIENTED_EDGE('',*,*,#3686,.F.);
#2023=ORIENTED_EDGE('',*,*,#4295,.F.);
#2024=ORIENTED_EDGE('',*,*,#4296,.T.);
#2025=ORIENTED_EDGE('',*,*,#4293,.T.);
#2026=ORIENTED_EDGE('',*,*,#3685,.F.);
#2027=ORIENTED_EDGE('',*,*,#4232,.F.);
#2028=ORIENTED_EDGE('',*,*,#4297,.T.);
#2029=ORIENTED_EDGE('',*,*,#4295,.T.);
#2030=ORIENTED_EDGE('',*,*,#4231,.F.);
#2031=ORIENTED_EDGE('',*,*,#4234,.F.);
#2032=ORIENTED_EDGE('',*,*,#4236,.F.);
#2033=ORIENTED_EDGE('',*,*,#4238,.F.);
#2034=ORIENTED_EDGE('',*,*,#4240,.F.);
#2035=ORIENTED_EDGE('',*,*,#4242,.F.);
#2036=ORIENTED_EDGE('',*,*,#4244,.F.);
#2037=ORIENTED_EDGE('',*,*,#4246,.F.);
#2038=ORIENTED_EDGE('',*,*,#4248,.F.);
#2039=ORIENTED_EDGE('',*,*,#4250,.F.);
#2040=ORIENTED_EDGE('',*,*,#4252,.F.);
#2041=ORIENTED_EDGE('',*,*,#4254,.F.);
#2042=ORIENTED_EDGE('',*,*,#4256,.F.);
#2043=ORIENTED_EDGE('',*,*,#4258,.F.);
#2044=ORIENTED_EDGE('',*,*,#4260,.F.);
#2045=ORIENTED_EDGE('',*,*,#4262,.F.);
#2046=ORIENTED_EDGE('',*,*,#4264,.F.);
#2047=ORIENTED_EDGE('',*,*,#4266,.F.);
#2048=ORIENTED_EDGE('',*,*,#4268,.F.);
#2049=ORIENTED_EDGE('',*,*,#4270,.F.);
#2050=ORIENTED_EDGE('',*,*,#4272,.F.);
#2051=ORIENTED_EDGE('',*,*,#4274,.F.);
#2052=ORIENTED_EDGE('',*,*,#4276,.F.);
#2053=ORIENTED_EDGE('',*,*,#4278,.F.);
#2054=ORIENTED_EDGE('',*,*,#4280,.F.);
#2055=ORIENTED_EDGE('',*,*,#4282,.F.);
#2056=ORIENTED_EDGE('',*,*,#4284,.F.);
#2057=ORIENTED_EDGE('',*,*,#4286,.F.);
#2058=ORIENTED_EDGE('',*,*,#4288,.F.);
#2059=ORIENTED_EDGE('',*,*,#4290,.F.);
#2060=ORIENTED_EDGE('',*,*,#4292,.F.);
#2061=ORIENTED_EDGE('',*,*,#4294,.F.);
#2062=ORIENTED_EDGE('',*,*,#4296,.F.);
#2063=ORIENTED_EDGE('',*,*,#4297,.F.);
#2064=ORIENTED_EDGE('',*,*,#3718,.F.);
#2065=ORIENTED_EDGE('',*,*,#4298,.F.);
#2066=ORIENTED_EDGE('',*,*,#4299,.T.);
#2067=ORIENTED_EDGE('',*,*,#4300,.T.);
#2068=ORIENTED_EDGE('',*,*,#3717,.F.);
#2069=ORIENTED_EDGE('',*,*,#4301,.F.);
#2070=ORIENTED_EDGE('',*,*,#4302,.T.);
#2071=ORIENTED_EDGE('',*,*,#4298,.T.);
#2072=ORIENTED_EDGE('',*,*,#3734,.F.);
#2073=ORIENTED_EDGE('',*,*,#4303,.F.);
#2074=ORIENTED_EDGE('',*,*,#4304,.T.);
#2075=ORIENTED_EDGE('',*,*,#4301,.T.);
#2076=ORIENTED_EDGE('',*,*,#3733,.F.);
#2077=ORIENTED_EDGE('',*,*,#4305,.F.);
#2078=ORIENTED_EDGE('',*,*,#4306,.T.);
#2079=ORIENTED_EDGE('',*,*,#4303,.T.);
#2080=ORIENTED_EDGE('',*,*,#3732,.F.);
#2081=ORIENTED_EDGE('',*,*,#4307,.F.);
#2082=ORIENTED_EDGE('',*,*,#4308,.T.);
#2083=ORIENTED_EDGE('',*,*,#4305,.T.);
#2084=ORIENTED_EDGE('',*,*,#3731,.F.);
#2085=ORIENTED_EDGE('',*,*,#4309,.F.);
#2086=ORIENTED_EDGE('',*,*,#4310,.T.);
#2087=ORIENTED_EDGE('',*,*,#4307,.T.);
#2088=ORIENTED_EDGE('',*,*,#3730,.F.);
#2089=ORIENTED_EDGE('',*,*,#4311,.F.);
#2090=ORIENTED_EDGE('',*,*,#4312,.T.);
#2091=ORIENTED_EDGE('',*,*,#4309,.T.);
#2092=ORIENTED_EDGE('',*,*,#3729,.F.);
#2093=ORIENTED_EDGE('',*,*,#4313,.F.);
#2094=ORIENTED_EDGE('',*,*,#4314,.T.);
#2095=ORIENTED_EDGE('',*,*,#4311,.T.);
#2096=ORIENTED_EDGE('',*,*,#3728,.F.);
#2097=ORIENTED_EDGE('',*,*,#4315,.F.);
#2098=ORIENTED_EDGE('',*,*,#4316,.T.);
#2099=ORIENTED_EDGE('',*,*,#4313,.T.);
#2100=ORIENTED_EDGE('',*,*,#3727,.F.);
#2101=ORIENTED_EDGE('',*,*,#4317,.F.);
#2102=ORIENTED_EDGE('',*,*,#4318,.T.);
#2103=ORIENTED_EDGE('',*,*,#4315,.T.);
#2104=ORIENTED_EDGE('',*,*,#3726,.F.);
#2105=ORIENTED_EDGE('',*,*,#4319,.F.);
#2106=ORIENTED_EDGE('',*,*,#4320,.T.);
#2107=ORIENTED_EDGE('',*,*,#4317,.T.);
#2108=ORIENTED_EDGE('',*,*,#3725,.F.);
#2109=ORIENTED_EDGE('',*,*,#4321,.F.);
#2110=ORIENTED_EDGE('',*,*,#4322,.T.);
#2111=ORIENTED_EDGE('',*,*,#4319,.T.);
#2112=ORIENTED_EDGE('',*,*,#3724,.F.);
#2113=ORIENTED_EDGE('',*,*,#4323,.F.);
#2114=ORIENTED_EDGE('',*,*,#4324,.T.);
#2115=ORIENTED_EDGE('',*,*,#4321,.T.);
#2116=ORIENTED_EDGE('',*,*,#3723,.F.);
#2117=ORIENTED_EDGE('',*,*,#4325,.F.);
#2118=ORIENTED_EDGE('',*,*,#4326,.T.);
#2119=ORIENTED_EDGE('',*,*,#4323,.T.);
#2120=ORIENTED_EDGE('',*,*,#3722,.F.);
#2121=ORIENTED_EDGE('',*,*,#4327,.F.);
#2122=ORIENTED_EDGE('',*,*,#4328,.T.);
#2123=ORIENTED_EDGE('',*,*,#4325,.T.);
#2124=ORIENTED_EDGE('',*,*,#3721,.F.);
#2125=ORIENTED_EDGE('',*,*,#4329,.F.);
#2126=ORIENTED_EDGE('',*,*,#4330,.T.);
#2127=ORIENTED_EDGE('',*,*,#4327,.T.);
#2128=ORIENTED_EDGE('',*,*,#3720,.F.);
#2129=ORIENTED_EDGE('',*,*,#4331,.F.);
#2130=ORIENTED_EDGE('',*,*,#4332,.T.);
#2131=ORIENTED_EDGE('',*,*,#4329,.T.);
#2132=ORIENTED_EDGE('',*,*,#3719,.F.);
#2133=ORIENTED_EDGE('',*,*,#4300,.F.);
#2134=ORIENTED_EDGE('',*,*,#4333,.T.);
#2135=ORIENTED_EDGE('',*,*,#4331,.T.);
#2136=ORIENTED_EDGE('',*,*,#4299,.F.);
#2137=ORIENTED_EDGE('',*,*,#4302,.F.);
#2138=ORIENTED_EDGE('',*,*,#4304,.F.);
#2139=ORIENTED_EDGE('',*,*,#4306,.F.);
#2140=ORIENTED_EDGE('',*,*,#4308,.F.);
#2141=ORIENTED_EDGE('',*,*,#4310,.F.);
#2142=ORIENTED_EDGE('',*,*,#4312,.F.);
#2143=ORIENTED_EDGE('',*,*,#4314,.F.);
#2144=ORIENTED_EDGE('',*,*,#4316,.F.);
#2145=ORIENTED_EDGE('',*,*,#4318,.F.);
#2146=ORIENTED_EDGE('',*,*,#4320,.F.);
#2147=ORIENTED_EDGE('',*,*,#4322,.F.);
#2148=ORIENTED_EDGE('',*,*,#4324,.F.);
#2149=ORIENTED_EDGE('',*,*,#4326,.F.);
#2150=ORIENTED_EDGE('',*,*,#4328,.F.);
#2151=ORIENTED_EDGE('',*,*,#4330,.F.);
#2152=ORIENTED_EDGE('',*,*,#4332,.F.);
#2153=ORIENTED_EDGE('',*,*,#4333,.F.);
#2154=ORIENTED_EDGE('',*,*,#3778,.T.);
#2155=ORIENTED_EDGE('',*,*,#3774,.T.);
#2156=ORIENTED_EDGE('',*,*,#3840,.T.);
#2157=ORIENTED_EDGE('',*,*,#3805,.T.);
#2158=ORIENTED_EDGE('',*,*,#3802,.T.);
#2159=ORIENTED_EDGE('',*,*,#3799,.T.);
#2160=ORIENTED_EDGE('',*,*,#3796,.T.);
#2161=ORIENTED_EDGE('',*,*,#3793,.T.);
#2162=ORIENTED_EDGE('',*,*,#3790,.T.);
#2163=ORIENTED_EDGE('',*,*,#3787,.T.);
#2164=ORIENTED_EDGE('',*,*,#3784,.T.);
#2165=ORIENTED_EDGE('',*,*,#3781,.T.);
#2166=ORIENTED_EDGE('',*,*,#3846,.T.);
#2167=ORIENTED_EDGE('',*,*,#3842,.T.);
#2168=ORIENTED_EDGE('',*,*,#3910,.T.);
#2169=ORIENTED_EDGE('',*,*,#3873,.T.);
#2170=ORIENTED_EDGE('',*,*,#3870,.T.);
#2171=ORIENTED_EDGE('',*,*,#3867,.T.);
#2172=ORIENTED_EDGE('',*,*,#3864,.T.);
#2173=ORIENTED_EDGE('',*,*,#3861,.T.);
#2174=ORIENTED_EDGE('',*,*,#3858,.T.);
#2175=ORIENTED_EDGE('',*,*,#3855,.T.);
#2176=ORIENTED_EDGE('',*,*,#3852,.T.);
#2177=ORIENTED_EDGE('',*,*,#3849,.T.);
#2178=ORIENTED_EDGE('',*,*,#4024,.T.);
#2179=ORIENTED_EDGE('',*,*,#4020,.T.);
#2180=ORIENTED_EDGE('',*,*,#4070,.T.);
#2181=ORIENTED_EDGE('',*,*,#4039,.T.);
#2182=ORIENTED_EDGE('',*,*,#4036,.T.);
#2183=ORIENTED_EDGE('',*,*,#4033,.T.);
#2184=ORIENTED_EDGE('',*,*,#4030,.T.);
#2185=ORIENTED_EDGE('',*,*,#4027,.T.);
#2186=ORIENTED_EDGE('',*,*,#4076,.T.);
#2187=ORIENTED_EDGE('',*,*,#4072,.T.);
#2188=ORIENTED_EDGE('',*,*,#4140,.T.);
#2189=ORIENTED_EDGE('',*,*,#4103,.T.);
#2190=ORIENTED_EDGE('',*,*,#4100,.T.);
#2191=ORIENTED_EDGE('',*,*,#4097,.T.);
#2192=ORIENTED_EDGE('',*,*,#4094,.T.);
#2193=ORIENTED_EDGE('',*,*,#4091,.T.);
#2194=ORIENTED_EDGE('',*,*,#4088,.T.);
#2195=ORIENTED_EDGE('',*,*,#4085,.T.);
#2196=ORIENTED_EDGE('',*,*,#4082,.T.);
#2197=ORIENTED_EDGE('',*,*,#4079,.T.);
#2198=ORIENTED_EDGE('',*,*,#4146,.T.);
#2199=ORIENTED_EDGE('',*,*,#4142,.T.);
#2200=ORIENTED_EDGE('',*,*,#4200,.T.);
#2201=ORIENTED_EDGE('',*,*,#4173,.T.);
#2202=ORIENTED_EDGE('',*,*,#4170,.T.);
#2203=ORIENTED_EDGE('',*,*,#4167,.T.);
#2204=ORIENTED_EDGE('',*,*,#4164,.T.);
#2205=ORIENTED_EDGE('',*,*,#4161,.T.);
#2206=ORIENTED_EDGE('',*,*,#4158,.T.);
#2207=ORIENTED_EDGE('',*,*,#4155,.T.);
#2208=ORIENTED_EDGE('',*,*,#4152,.T.);
#2209=ORIENTED_EDGE('',*,*,#4149,.T.);
#2210=ORIENTED_EDGE('',*,*,#3529,.F.);
#2211=ORIENTED_EDGE('',*,*,#4334,.F.);
#2212=ORIENTED_EDGE('',*,*,#4335,.T.);
#2213=ORIENTED_EDGE('',*,*,#4336,.T.);
#2214=ORIENTED_EDGE('',*,*,#3759,.T.);
#2215=ORIENTED_EDGE('',*,*,#4337,.F.);
#2216=ORIENTED_EDGE('',*,*,#4334,.T.);
#2217=ORIENTED_EDGE('',*,*,#3528,.T.);
#2218=ORIENTED_EDGE('',*,*,#4338,.F.);
#2219=ORIENTED_EDGE('',*,*,#3769,.T.);
#2220=ORIENTED_EDGE('',*,*,#3770,.T.);
#2221=ORIENTED_EDGE('',*,*,#4338,.T.);
#2222=ORIENTED_EDGE('',*,*,#3531,.T.);
#2223=ORIENTED_EDGE('',*,*,#4339,.F.);
#2224=ORIENTED_EDGE('',*,*,#3771,.F.);
#2225=ORIENTED_EDGE('',*,*,#4339,.T.);
#2226=ORIENTED_EDGE('',*,*,#3530,.F.);
#2227=ORIENTED_EDGE('',*,*,#4336,.F.);
#2228=ORIENTED_EDGE('',*,*,#4340,.T.);
#2229=ORIENTED_EDGE('',*,*,#3765,.F.);
#2230=ORIENTED_EDGE('',*,*,#4340,.F.);
#2231=ORIENTED_EDGE('',*,*,#4335,.F.);
#2232=ORIENTED_EDGE('',*,*,#4337,.T.);
#2233=ORIENTED_EDGE('',*,*,#3766,.F.);
#2234=ORIENTED_EDGE('',*,*,#3468,.T.);
#2235=ORIENTED_EDGE('',*,*,#4341,.T.);
#2236=ORIENTED_EDGE('',*,*,#3475,.F.);
#2237=ORIENTED_EDGE('',*,*,#3622,.T.);
#2238=ORIENTED_EDGE('',*,*,#3498,.T.);
#2239=ORIENTED_EDGE('',*,*,#4342,.T.);
#2240=ORIENTED_EDGE('',*,*,#3505,.F.);
#2241=ORIENTED_EDGE('',*,*,#3624,.T.);
#2242=ORIENTED_EDGE('',*,*,#3507,.F.);
#2243=ORIENTED_EDGE('',*,*,#4343,.T.);
#2244=ORIENTED_EDGE('',*,*,#3496,.T.);
#2245=ORIENTED_EDGE('',*,*,#4344,.F.);
#2246=ORIENTED_EDGE('',*,*,#3517,.F.);
#2247=ORIENTED_EDGE('',*,*,#3508,.T.);
#2248=ORIENTED_EDGE('',*,*,#4344,.T.);
#2249=ORIENTED_EDGE('',*,*,#3495,.F.);
#2250=ORIENTED_EDGE('',*,*,#3478,.T.);
#2251=ORIENTED_EDGE('',*,*,#4345,.T.);
#2252=ORIENTED_EDGE('',*,*,#3465,.T.);
#2253=ORIENTED_EDGE('',*,*,#3519,.F.);
#2254=ORIENTED_EDGE('',*,*,#3477,.F.);
#2255=ORIENTED_EDGE('',*,*,#4346,.T.);
#2256=ORIENTED_EDGE('',*,*,#3466,.F.);
#2257=ORIENTED_EDGE('',*,*,#4345,.F.);
#2258=ORIENTED_EDGE('',*,*,#3483,.F.);
#2259=ORIENTED_EDGE('',*,*,#4347,.F.);
#2260=ORIENTED_EDGE('',*,*,#3460,.F.);
#2261=ORIENTED_EDGE('',*,*,#3520,.F.);
#2262=ORIENTED_EDGE('',*,*,#3476,.F.);
#2263=ORIENTED_EDGE('',*,*,#4341,.F.);
#2264=ORIENTED_EDGE('',*,*,#3467,.F.);
#2265=ORIENTED_EDGE('',*,*,#4346,.F.);
#2266=ORIENTED_EDGE('',*,*,#3513,.F.);
#2267=ORIENTED_EDGE('',*,*,#4348,.F.);
#2268=ORIENTED_EDGE('',*,*,#3490,.F.);
#2269=ORIENTED_EDGE('',*,*,#3522,.F.);
#2270=ORIENTED_EDGE('',*,*,#3506,.F.);
#2271=ORIENTED_EDGE('',*,*,#4342,.F.);
#2272=ORIENTED_EDGE('',*,*,#3497,.F.);
#2273=ORIENTED_EDGE('',*,*,#4343,.F.);
#2274=ORIENTED_EDGE('',*,*,#4347,.T.);
#2275=ORIENTED_EDGE('',*,*,#3482,.F.);
#2276=ORIENTED_EDGE('',*,*,#4349,.T.);
#2277=ORIENTED_EDGE('',*,*,#3461,.T.);
#2278=ORIENTED_EDGE('',*,*,#3518,.T.);
#2279=ORIENTED_EDGE('',*,*,#3463,.F.);
#2280=ORIENTED_EDGE('',*,*,#4350,.F.);
#2281=ORIENTED_EDGE('',*,*,#3480,.T.);
#2282=ORIENTED_EDGE('',*,*,#4349,.F.);
#2283=ORIENTED_EDGE('',*,*,#3481,.T.);
#2284=ORIENTED_EDGE('',*,*,#4350,.T.);
#2285=ORIENTED_EDGE('',*,*,#3462,.F.);
#2286=ORIENTED_EDGE('',*,*,#3516,.T.);
#2287=ORIENTED_EDGE('',*,*,#3493,.F.);
#2288=ORIENTED_EDGE('',*,*,#4351,.F.);
#2289=ORIENTED_EDGE('',*,*,#3510,.T.);
#2290=ORIENTED_EDGE('',*,*,#4348,.T.);
#2291=ORIENTED_EDGE('',*,*,#3512,.F.);
#2292=ORIENTED_EDGE('',*,*,#4352,.F.);
#2293=ORIENTED_EDGE('',*,*,#3491,.T.);
#2294=ORIENTED_EDGE('',*,*,#3511,.T.);
#2295=ORIENTED_EDGE('',*,*,#4351,.T.);
#2296=ORIENTED_EDGE('',*,*,#3492,.F.);
#2297=ORIENTED_EDGE('',*,*,#4352,.T.);
#2298=ORIENTED_EDGE('',*,*,#3488,.T.);
#2299=ORIENTED_EDGE('',*,*,#4353,.F.);
#2300=ORIENTED_EDGE('',*,*,#3515,.F.);
#2301=ORIENTED_EDGE('',*,*,#3523,.T.);
#2302=ORIENTED_EDGE('',*,*,#3521,.T.);
#2303=ORIENTED_EDGE('',*,*,#3458,.F.);
#2304=ORIENTED_EDGE('',*,*,#4354,.F.);
#2305=ORIENTED_EDGE('',*,*,#3485,.F.);
#2306=ORIENTED_EDGE('',*,*,#3487,.F.);
#2307=ORIENTED_EDGE('',*,*,#4355,.F.);
#2308=ORIENTED_EDGE('',*,*,#3501,.T.);
#2309=ORIENTED_EDGE('',*,*,#4353,.T.);
#2310=ORIENTED_EDGE('',*,*,#3471,.T.);
#2311=ORIENTED_EDGE('',*,*,#4354,.T.);
#2312=ORIENTED_EDGE('',*,*,#3457,.T.);
#2313=ORIENTED_EDGE('',*,*,#4356,.F.);
#2314=ORIENTED_EDGE('',*,*,#3486,.T.);
#2315=ORIENTED_EDGE('',*,*,#3750,.F.);
#2316=ORIENTED_EDGE('',*,*,#3502,.F.);
#2317=ORIENTED_EDGE('',*,*,#4355,.T.);
#2318=ORIENTED_EDGE('',*,*,#4356,.T.);
#2319=ORIENTED_EDGE('',*,*,#3456,.F.);
#2320=ORIENTED_EDGE('',*,*,#3751,.F.);
#2321=ORIENTED_EDGE('',*,*,#3472,.F.);
#2322=ORIENTED_EDGE('',*,*,#4357,.F.);
#2323=ORIENTED_EDGE('',*,*,#4358,.T.);
#2324=ORIENTED_EDGE('',*,*,#4357,.T.);
#2325=ORIENTED_EDGE('',*,*,#4358,.F.);
#2326=ORIENTED_EDGE('',*,*,#4359,.T.);
#2327=ORIENTED_EDGE('',*,*,#4360,.T.);
#2328=ORIENTED_EDGE('',*,*,#4361,.T.);
#2329=ORIENTED_EDGE('',*,*,#4362,.T.);
#2330=ORIENTED_EDGE('',*,*,#4363,.F.);
#2331=ORIENTED_EDGE('',*,*,#4364,.T.);
#2332=ORIENTED_EDGE('',*,*,#4365,.T.);
#2333=ORIENTED_EDGE('',*,*,#4366,.T.);
#2334=ORIENTED_EDGE('',*,*,#4367,.F.);
#2335=ORIENTED_EDGE('',*,*,#4368,.T.);
#2336=ORIENTED_EDGE('',*,*,#4369,.T.);
#2337=ORIENTED_EDGE('',*,*,#4370,.T.);
#2338=ORIENTED_EDGE('',*,*,#4371,.T.);
#2339=ORIENTED_EDGE('',*,*,#4372,.T.);
#2340=ORIENTED_EDGE('',*,*,#4373,.F.);
#2341=ORIENTED_EDGE('',*,*,#4374,.F.);
#2342=ORIENTED_EDGE('',*,*,#4375,.F.);
#2343=ORIENTED_EDGE('',*,*,#4376,.T.);
#2344=ORIENTED_EDGE('',*,*,#4377,.T.);
#2345=ORIENTED_EDGE('',*,*,#4378,.T.);
#2346=ORIENTED_EDGE('',*,*,#4379,.F.);
#2347=ORIENTED_EDGE('',*,*,#4380,.T.);
#2348=ORIENTED_EDGE('',*,*,#4381,.T.);
#2349=ORIENTED_EDGE('',*,*,#4382,.T.);
#2350=ORIENTED_EDGE('',*,*,#4379,.T.);
#2351=ORIENTED_EDGE('',*,*,#4383,.T.);
#2352=ORIENTED_EDGE('',*,*,#4384,.F.);
#2353=ORIENTED_EDGE('',*,*,#4385,.T.);
#2354=ORIENTED_EDGE('',*,*,#4386,.F.);
#2355=ORIENTED_EDGE('',*,*,#4387,.F.);
#2356=ORIENTED_EDGE('',*,*,#4388,.F.);
#2357=ORIENTED_EDGE('',*,*,#4389,.T.);
#2358=ORIENTED_EDGE('',*,*,#4390,.F.);
#2359=ORIENTED_EDGE('',*,*,#4391,.T.);
#2360=ORIENTED_EDGE('',*,*,#4392,.T.);
#2361=ORIENTED_EDGE('',*,*,#4393,.T.);
#2362=ORIENTED_EDGE('',*,*,#4394,.T.);
#2363=ORIENTED_EDGE('',*,*,#4373,.T.);
#2364=ORIENTED_EDGE('',*,*,#4395,.F.);
#2365=ORIENTED_EDGE('',*,*,#4396,.F.);
#2366=ORIENTED_EDGE('',*,*,#4397,.T.);
#2367=ORIENTED_EDGE('',*,*,#4398,.T.);
#2368=ORIENTED_EDGE('',*,*,#4399,.T.);
#2369=ORIENTED_EDGE('',*,*,#4400,.F.);
#2370=ORIENTED_EDGE('',*,*,#4401,.T.);
#2371=ORIENTED_EDGE('',*,*,#4402,.T.);
#2372=ORIENTED_EDGE('',*,*,#4403,.F.);
#2373=ORIENTED_EDGE('',*,*,#4404,.F.);
#2374=ORIENTED_EDGE('',*,*,#4405,.T.);
#2375=ORIENTED_EDGE('',*,*,#4406,.T.);
#2376=ORIENTED_EDGE('',*,*,#4407,.F.);
#2377=ORIENTED_EDGE('',*,*,#4408,.F.);
#2378=ORIENTED_EDGE('',*,*,#4409,.F.);
#2379=ORIENTED_EDGE('',*,*,#4410,.T.);
#2380=ORIENTED_EDGE('',*,*,#4411,.T.);
#2381=ORIENTED_EDGE('',*,*,#4412,.F.);
#2382=ORIENTED_EDGE('',*,*,#4413,.F.);
#2383=ORIENTED_EDGE('',*,*,#4414,.T.);
#2384=ORIENTED_EDGE('',*,*,#4411,.F.);
#2385=ORIENTED_EDGE('',*,*,#4415,.F.);
#2386=ORIENTED_EDGE('',*,*,#4416,.F.);
#2387=ORIENTED_EDGE('',*,*,#4417,.T.);
#2388=ORIENTED_EDGE('',*,*,#4406,.F.);
#2389=ORIENTED_EDGE('',*,*,#4418,.F.);
#2390=ORIENTED_EDGE('',*,*,#4419,.F.);
#2391=ORIENTED_EDGE('',*,*,#4420,.T.);
#2392=ORIENTED_EDGE('',*,*,#4402,.F.);
#2393=ORIENTED_EDGE('',*,*,#4421,.F.);
#2394=ORIENTED_EDGE('',*,*,#4422,.F.);
#2395=ORIENTED_EDGE('',*,*,#4423,.T.);
#2396=ORIENTED_EDGE('',*,*,#4424,.F.);
#2397=ORIENTED_EDGE('',*,*,#4425,.T.);
#2398=ORIENTED_EDGE('',*,*,#4426,.T.);
#2399=ORIENTED_EDGE('',*,*,#4427,.T.);
#2400=ORIENTED_EDGE('',*,*,#4428,.F.);
#2401=ORIENTED_EDGE('',*,*,#4398,.F.);
#2402=ORIENTED_EDGE('',*,*,#4427,.F.);
#2403=ORIENTED_EDGE('',*,*,#4429,.T.);
#2404=ORIENTED_EDGE('',*,*,#4430,.F.);
#2405=ORIENTED_EDGE('',*,*,#4431,.F.);
#2406=ORIENTED_EDGE('',*,*,#4386,.T.);
#2407=ORIENTED_EDGE('',*,*,#4432,.T.);
#2408=ORIENTED_EDGE('',*,*,#4433,.T.);
#2409=ORIENTED_EDGE('',*,*,#4434,.F.);
#2410=ORIENTED_EDGE('',*,*,#4435,.F.);
#2411=ORIENTED_EDGE('',*,*,#4436,.T.);
#2412=ORIENTED_EDGE('',*,*,#4437,.T.);
#2413=ORIENTED_EDGE('',*,*,#4438,.T.);
#2414=ORIENTED_EDGE('',*,*,#4439,.T.);
#2415=ORIENTED_EDGE('',*,*,#4440,.T.);
#2416=ORIENTED_EDGE('',*,*,#4441,.T.);
#2417=ORIENTED_EDGE('',*,*,#4442,.F.);
#2418=ORIENTED_EDGE('',*,*,#4443,.T.);
#2419=ORIENTED_EDGE('',*,*,#4444,.T.);
#2420=ORIENTED_EDGE('',*,*,#4445,.T.);
#2421=ORIENTED_EDGE('',*,*,#4446,.T.);
#2422=ORIENTED_EDGE('',*,*,#4447,.T.);
#2423=ORIENTED_EDGE('',*,*,#4448,.T.);
#2424=ORIENTED_EDGE('',*,*,#4449,.T.);
#2425=ORIENTED_EDGE('',*,*,#4450,.T.);
#2426=ORIENTED_EDGE('',*,*,#4451,.T.);
#2427=ORIENTED_EDGE('',*,*,#4452,.T.);
#2428=ORIENTED_EDGE('',*,*,#4453,.T.);
#2429=ORIENTED_EDGE('',*,*,#4454,.T.);
#2430=ORIENTED_EDGE('',*,*,#4455,.T.);
#2431=ORIENTED_EDGE('',*,*,#4456,.T.);
#2432=ORIENTED_EDGE('',*,*,#4457,.T.);
#2433=ORIENTED_EDGE('',*,*,#4458,.T.);
#2434=ORIENTED_EDGE('',*,*,#4459,.T.);
#2435=ORIENTED_EDGE('',*,*,#4460,.T.);
#2436=ORIENTED_EDGE('',*,*,#4461,.T.);
#2437=ORIENTED_EDGE('',*,*,#4462,.T.);
#2438=ORIENTED_EDGE('',*,*,#4463,.T.);
#2439=ORIENTED_EDGE('',*,*,#4464,.T.);
#2440=ORIENTED_EDGE('',*,*,#4465,.T.);
#2441=ORIENTED_EDGE('',*,*,#4466,.T.);
#2442=ORIENTED_EDGE('',*,*,#4467,.T.);
#2443=ORIENTED_EDGE('',*,*,#4468,.T.);
#2444=ORIENTED_EDGE('',*,*,#4469,.T.);
#2445=ORIENTED_EDGE('',*,*,#4470,.F.);
#2446=ORIENTED_EDGE('',*,*,#4471,.T.);
#2447=ORIENTED_EDGE('',*,*,#4472,.F.);
#2448=ORIENTED_EDGE('',*,*,#4473,.F.);
#2449=ORIENTED_EDGE('',*,*,#4474,.F.);
#2450=ORIENTED_EDGE('',*,*,#4475,.T.);
#2451=ORIENTED_EDGE('',*,*,#4476,.T.);
#2452=ORIENTED_EDGE('',*,*,#4477,.T.);
#2453=ORIENTED_EDGE('',*,*,#4478,.T.);
#2454=ORIENTED_EDGE('',*,*,#4479,.T.);
#2455=ORIENTED_EDGE('',*,*,#4480,.T.);
#2456=ORIENTED_EDGE('',*,*,#4481,.T.);
#2457=ORIENTED_EDGE('',*,*,#4482,.T.);
#2458=ORIENTED_EDGE('',*,*,#4483,.T.);
#2459=ORIENTED_EDGE('',*,*,#4484,.T.);
#2460=ORIENTED_EDGE('',*,*,#4485,.T.);
#2461=ORIENTED_EDGE('',*,*,#4486,.T.);
#2462=ORIENTED_EDGE('',*,*,#4487,.T.);
#2463=ORIENTED_EDGE('',*,*,#4488,.T.);
#2464=ORIENTED_EDGE('',*,*,#4489,.T.);
#2465=ORIENTED_EDGE('',*,*,#4490,.T.);
#2466=ORIENTED_EDGE('',*,*,#4491,.T.);
#2467=ORIENTED_EDGE('',*,*,#4492,.T.);
#2468=ORIENTED_EDGE('',*,*,#4493,.T.);
#2469=ORIENTED_EDGE('',*,*,#4494,.T.);
#2470=ORIENTED_EDGE('',*,*,#4495,.T.);
#2471=ORIENTED_EDGE('',*,*,#4496,.T.);
#2472=ORIENTED_EDGE('',*,*,#4497,.T.);
#2473=ORIENTED_EDGE('',*,*,#4498,.T.);
#2474=ORIENTED_EDGE('',*,*,#4499,.T.);
#2475=ORIENTED_EDGE('',*,*,#4500,.T.);
#2476=ORIENTED_EDGE('',*,*,#4501,.F.);
#2477=ORIENTED_EDGE('',*,*,#4502,.T.);
#2478=ORIENTED_EDGE('',*,*,#4503,.F.);
#2479=ORIENTED_EDGE('',*,*,#4504,.T.);
#2480=ORIENTED_EDGE('',*,*,#4505,.T.);
#2481=ORIENTED_EDGE('',*,*,#4506,.T.);
#2482=ORIENTED_EDGE('',*,*,#4507,.T.);
#2483=ORIENTED_EDGE('',*,*,#4508,.F.);
#2484=ORIENTED_EDGE('',*,*,#4509,.F.);
#2485=ORIENTED_EDGE('',*,*,#4510,.F.);
#2486=ORIENTED_EDGE('',*,*,#4511,.T.);
#2487=ORIENTED_EDGE('',*,*,#4512,.F.);
#2488=ORIENTED_EDGE('',*,*,#4513,.T.);
#2489=ORIENTED_EDGE('',*,*,#4514,.F.);
#2490=ORIENTED_EDGE('',*,*,#4515,.T.);
#2491=ORIENTED_EDGE('',*,*,#4516,.F.);
#2492=ORIENTED_EDGE('',*,*,#4517,.T.);
#2493=ORIENTED_EDGE('',*,*,#4518,.F.);
#2494=ORIENTED_EDGE('',*,*,#4519,.T.);
#2495=ORIENTED_EDGE('',*,*,#4520,.T.);
#2496=ORIENTED_EDGE('',*,*,#4521,.T.);
#2497=ORIENTED_EDGE('',*,*,#4522,.T.);
#2498=ORIENTED_EDGE('',*,*,#4523,.T.);
#2499=ORIENTED_EDGE('',*,*,#4524,.T.);
#2500=ORIENTED_EDGE('',*,*,#4525,.T.);
#2501=ORIENTED_EDGE('',*,*,#4526,.T.);
#2502=ORIENTED_EDGE('',*,*,#4527,.T.);
#2503=ORIENTED_EDGE('',*,*,#4528,.T.);
#2504=ORIENTED_EDGE('',*,*,#4529,.T.);
#2505=ORIENTED_EDGE('',*,*,#4530,.T.);
#2506=ORIENTED_EDGE('',*,*,#4531,.T.);
#2507=ORIENTED_EDGE('',*,*,#4532,.T.);
#2508=ORIENTED_EDGE('',*,*,#4533,.F.);
#2509=ORIENTED_EDGE('',*,*,#4534,.T.);
#2510=ORIENTED_EDGE('',*,*,#4535,.T.);
#2511=ORIENTED_EDGE('',*,*,#4536,.F.);
#2512=ORIENTED_EDGE('',*,*,#4537,.F.);
#2513=ORIENTED_EDGE('',*,*,#4538,.T.);
#2514=ORIENTED_EDGE('',*,*,#4539,.F.);
#2515=ORIENTED_EDGE('',*,*,#4540,.F.);
#2516=ORIENTED_EDGE('',*,*,#4541,.T.);
#2517=ORIENTED_EDGE('',*,*,#4542,.T.);
#2518=ORIENTED_EDGE('',*,*,#4543,.T.);
#2519=ORIENTED_EDGE('',*,*,#4544,.T.);
#2520=ORIENTED_EDGE('',*,*,#4545,.T.);
#2521=ORIENTED_EDGE('',*,*,#4546,.T.);
#2522=ORIENTED_EDGE('',*,*,#4547,.T.);
#2523=ORIENTED_EDGE('',*,*,#4548,.T.);
#2524=ORIENTED_EDGE('',*,*,#4549,.T.);
#2525=ORIENTED_EDGE('',*,*,#4550,.T.);
#2526=ORIENTED_EDGE('',*,*,#4551,.F.);
#2527=ORIENTED_EDGE('',*,*,#4389,.F.);
#2528=ORIENTED_EDGE('',*,*,#4552,.F.);
#2529=ORIENTED_EDGE('',*,*,#4553,.T.);
#2530=ORIENTED_EDGE('',*,*,#4554,.T.);
#2531=ORIENTED_EDGE('',*,*,#4555,.T.);
#2532=ORIENTED_EDGE('',*,*,#4556,.F.);
#2533=ORIENTED_EDGE('',*,*,#4557,.T.);
#2534=ORIENTED_EDGE('',*,*,#4558,.T.);
#2535=ORIENTED_EDGE('',*,*,#4473,.T.);
#2536=ORIENTED_EDGE('',*,*,#4559,.T.);
#2537=ORIENTED_EDGE('',*,*,#4560,.F.);
#2538=ORIENTED_EDGE('',*,*,#4561,.T.);
#2539=ORIENTED_EDGE('',*,*,#4370,.F.);
#2540=ORIENTED_EDGE('',*,*,#4562,.F.);
#2541=ORIENTED_EDGE('',*,*,#4563,.F.);
#2542=ORIENTED_EDGE('',*,*,#4564,.F.);
#2543=ORIENTED_EDGE('',*,*,#4565,.F.);
#2544=ORIENTED_EDGE('',*,*,#4566,.T.);
#2545=ORIENTED_EDGE('',*,*,#4515,.F.);
#2546=ORIENTED_EDGE('',*,*,#4567,.T.);
#2547=ORIENTED_EDGE('',*,*,#4568,.T.);
#2548=ORIENTED_EDGE('',*,*,#4430,.T.);
#2549=ORIENTED_EDGE('',*,*,#4569,.F.);
#2550=ORIENTED_EDGE('',*,*,#4570,.T.);
#2551=ORIENTED_EDGE('',*,*,#4571,.F.);
#2552=ORIENTED_EDGE('',*,*,#4361,.F.);
#2553=ORIENTED_EDGE('',*,*,#4572,.F.);
#2554=ORIENTED_EDGE('',*,*,#4573,.F.);
#2555=ORIENTED_EDGE('',*,*,#4574,.F.);
#2556=ORIENTED_EDGE('',*,*,#4575,.T.);
#2557=ORIENTED_EDGE('',*,*,#4362,.F.);
#2558=ORIENTED_EDGE('',*,*,#4571,.T.);
#2559=ORIENTED_EDGE('',*,*,#4576,.T.);
#2560=ORIENTED_EDGE('',*,*,#4383,.F.);
#2561=ORIENTED_EDGE('',*,*,#4378,.F.);
#2562=ORIENTED_EDGE('',*,*,#4577,.F.);
#2563=ORIENTED_EDGE('',*,*,#4578,.F.);
#2564=ORIENTED_EDGE('',*,*,#4579,.F.);
#2565=ORIENTED_EDGE('',*,*,#4580,.F.);
#2566=ORIENTED_EDGE('',*,*,#4581,.T.);
#2567=ORIENTED_EDGE('',*,*,#4550,.F.);
#2568=ORIENTED_EDGE('',*,*,#4582,.F.);
#2569=ORIENTED_EDGE('',*,*,#4583,.F.);
#2570=ORIENTED_EDGE('',*,*,#4584,.T.);
#2571=ORIENTED_EDGE('',*,*,#4555,.F.);
#2572=ORIENTED_EDGE('',*,*,#4585,.F.);
#2573=ORIENTED_EDGE('',*,*,#4586,.F.);
#2574=ORIENTED_EDGE('',*,*,#4587,.T.);
#2575=ORIENTED_EDGE('',*,*,#4441,.F.);
#2576=ORIENTED_EDGE('',*,*,#4588,.F.);
#2577=ORIENTED_EDGE('',*,*,#4589,.F.);
#2578=ORIENTED_EDGE('',*,*,#4590,.T.);
#2579=ORIENTED_EDGE('',*,*,#4532,.F.);
#2580=ORIENTED_EDGE('',*,*,#4591,.F.);
#2581=ORIENTED_EDGE('',*,*,#4592,.F.);
#2582=ORIENTED_EDGE('',*,*,#4593,.T.);
#2583=ORIENTED_EDGE('',*,*,#4517,.F.);
#2584=ORIENTED_EDGE('',*,*,#4594,.F.);
#2585=ORIENTED_EDGE('',*,*,#4595,.F.);
#2586=ORIENTED_EDGE('',*,*,#4596,.T.);
#2587=ORIENTED_EDGE('',*,*,#4366,.F.);
#2588=ORIENTED_EDGE('',*,*,#4597,.F.);
#2589=ORIENTED_EDGE('',*,*,#4432,.F.);
#2590=ORIENTED_EDGE('',*,*,#4385,.F.);
#2591=ORIENTED_EDGE('',*,*,#4598,.T.);
#2592=ORIENTED_EDGE('',*,*,#4569,.T.);
#2593=ORIENTED_EDGE('',*,*,#4429,.F.);
#2594=ORIENTED_EDGE('',*,*,#4599,.F.);
#2595=ORIENTED_EDGE('',*,*,#4598,.F.);
#2596=ORIENTED_EDGE('',*,*,#4384,.T.);
#2597=ORIENTED_EDGE('',*,*,#4576,.F.);
#2598=ORIENTED_EDGE('',*,*,#4570,.F.);
#2599=ORIENTED_EDGE('',*,*,#4573,.T.);
#2600=ORIENTED_EDGE('',*,*,#4380,.F.);
#2601=ORIENTED_EDGE('',*,*,#4371,.F.);
#2602=ORIENTED_EDGE('',*,*,#4600,.F.);
#2603=ORIENTED_EDGE('',*,*,#4601,.F.);
#2604=ORIENTED_EDGE('',*,*,#4392,.F.);
#2605=ORIENTED_EDGE('',*,*,#4602,.T.);
#2606=ORIENTED_EDGE('',*,*,#4603,.T.);
#2607=ORIENTED_EDGE('',*,*,#4604,.F.);
#2608=ORIENTED_EDGE('',*,*,#4605,.T.);
#2609=ORIENTED_EDGE('',*,*,#4376,.F.);
#2610=ORIENTED_EDGE('',*,*,#4606,.F.);
#2611=ORIENTED_EDGE('',*,*,#4607,.F.);
#2612=ORIENTED_EDGE('',*,*,#4608,.T.);
#2613=ORIENTED_EDGE('',*,*,#4551,.T.);
#2614=ORIENTED_EDGE('',*,*,#4581,.F.);
#2615=ORIENTED_EDGE('',*,*,#4609,.F.);
#2616=ORIENTED_EDGE('',*,*,#4390,.T.);
#2617=ORIENTED_EDGE('',*,*,#4579,.T.);
#2618=ORIENTED_EDGE('',*,*,#4610,.F.);
#2619=ORIENTED_EDGE('',*,*,#4603,.F.);
#2620=ORIENTED_EDGE('',*,*,#4611,.T.);
#2621=ORIENTED_EDGE('',*,*,#4602,.F.);
#2622=ORIENTED_EDGE('',*,*,#4391,.F.);
#2623=ORIENTED_EDGE('',*,*,#4609,.T.);
#2624=ORIENTED_EDGE('',*,*,#4580,.T.);
#2625=ORIENTED_EDGE('',*,*,#4611,.F.);
#2626=ORIENTED_EDGE('',*,*,#4516,.T.);
#2627=ORIENTED_EDGE('',*,*,#4566,.F.);
#2628=ORIENTED_EDGE('',*,*,#4612,.F.);
#2629=ORIENTED_EDGE('',*,*,#4594,.T.);
#2630=ORIENTED_EDGE('',*,*,#4364,.F.);
#2631=ORIENTED_EDGE('',*,*,#4596,.F.);
#2632=ORIENTED_EDGE('',*,*,#4613,.T.);
#2633=ORIENTED_EDGE('',*,*,#4564,.T.);
#2634=ORIENTED_EDGE('',*,*,#4614,.F.);
#2635=ORIENTED_EDGE('',*,*,#4615,.T.);
#2636=ORIENTED_EDGE('',*,*,#4368,.F.);
#2637=ORIENTED_EDGE('',*,*,#4616,.F.);
#2638=ORIENTED_EDGE('',*,*,#4617,.F.);
#2639=ORIENTED_EDGE('',*,*,#4618,.T.);
#2640=ORIENTED_EDGE('',*,*,#4359,.F.);
#2641=ORIENTED_EDGE('',*,*,#4619,.F.);
#2642=ORIENTED_EDGE('',*,*,#4620,.F.);
#2643=ORIENTED_EDGE('',*,*,#4621,.T.);
#2644=ORIENTED_EDGE('',*,*,#4595,.T.);
#2645=ORIENTED_EDGE('',*,*,#4612,.T.);
#2646=ORIENTED_EDGE('',*,*,#4565,.T.);
#2647=ORIENTED_EDGE('',*,*,#4613,.F.);
#2648=ORIENTED_EDGE('',*,*,#4622,.T.);
#2649=ORIENTED_EDGE('',*,*,#4567,.F.);
#2650=ORIENTED_EDGE('',*,*,#4514,.T.);
#2651=ORIENTED_EDGE('',*,*,#4623,.T.);
#2652=ORIENTED_EDGE('',*,*,#4508,.T.);
#2653=ORIENTED_EDGE('',*,*,#4624,.T.);
#2654=ORIENTED_EDGE('',*,*,#4474,.T.);
#2655=ORIENTED_EDGE('',*,*,#4558,.F.);
#2656=ORIENTED_EDGE('',*,*,#4472,.T.);
#2657=ORIENTED_EDGE('',*,*,#4625,.T.);
#2658=ORIENTED_EDGE('',*,*,#4537,.T.);
#2659=ORIENTED_EDGE('',*,*,#4626,.T.);
#2660=ORIENTED_EDGE('',*,*,#4552,.T.);
#2661=ORIENTED_EDGE('',*,*,#4388,.T.);
#2662=ORIENTED_EDGE('',*,*,#4627,.T.);
#2663=ORIENTED_EDGE('',*,*,#4559,.F.);
#2664=ORIENTED_EDGE('',*,*,#4627,.F.);
#2665=ORIENTED_EDGE('',*,*,#4387,.T.);
#2666=ORIENTED_EDGE('',*,*,#4431,.T.);
#2667=ORIENTED_EDGE('',*,*,#4568,.F.);
#2668=ORIENTED_EDGE('',*,*,#4622,.F.);
#2669=ORIENTED_EDGE('',*,*,#4557,.F.);
#2670=ORIENTED_EDGE('',*,*,#4439,.F.);
#2671=ORIENTED_EDGE('',*,*,#4628,.F.);
#2672=ORIENTED_EDGE('',*,*,#4629,.T.);
#2673=ORIENTED_EDGE('',*,*,#4630,.T.);
#2674=ORIENTED_EDGE('',*,*,#4519,.F.);
#2675=ORIENTED_EDGE('',*,*,#4631,.F.);
#2676=ORIENTED_EDGE('',*,*,#4632,.F.);
#2677=ORIENTED_EDGE('',*,*,#4633,.T.);
#2678=ORIENTED_EDGE('',*,*,#4530,.F.);
#2679=ORIENTED_EDGE('',*,*,#4634,.F.);
#2680=ORIENTED_EDGE('',*,*,#4635,.F.);
#2681=ORIENTED_EDGE('',*,*,#4636,.T.);
#2682=ORIENTED_EDGE('',*,*,#4438,.F.);
#2683=ORIENTED_EDGE('',*,*,#4637,.F.);
#2684=ORIENTED_EDGE('',*,*,#4638,.T.);
#2685=ORIENTED_EDGE('',*,*,#4628,.T.);
#2686=ORIENTED_EDGE('',*,*,#4529,.F.);
#2687=ORIENTED_EDGE('',*,*,#4639,.F.);
#2688=ORIENTED_EDGE('',*,*,#4640,.T.);
#2689=ORIENTED_EDGE('',*,*,#4637,.T.);
#2690=ORIENTED_EDGE('',*,*,#4437,.F.);
#2691=ORIENTED_EDGE('',*,*,#4641,.F.);
#2692=ORIENTED_EDGE('',*,*,#4642,.F.);
#2693=ORIENTED_EDGE('',*,*,#4643,.T.);
#2694=ORIENTED_EDGE('',*,*,#4511,.F.);
#2695=ORIENTED_EDGE('',*,*,#4644,.F.);
#2696=ORIENTED_EDGE('',*,*,#4645,.F.);
#2697=ORIENTED_EDGE('',*,*,#4646,.T.);
#2698=ORIENTED_EDGE('',*,*,#4528,.F.);
#2699=ORIENTED_EDGE('',*,*,#4647,.F.);
#2700=ORIENTED_EDGE('',*,*,#4648,.T.);
#2701=ORIENTED_EDGE('',*,*,#4639,.T.);
#2702=ORIENTED_EDGE('',*,*,#4527,.F.);
#2703=ORIENTED_EDGE('',*,*,#4649,.F.);
#2704=ORIENTED_EDGE('',*,*,#4650,.T.);
#2705=ORIENTED_EDGE('',*,*,#4647,.T.);
#2706=ORIENTED_EDGE('',*,*,#4526,.F.);
#2707=ORIENTED_EDGE('',*,*,#4651,.F.);
#2708=ORIENTED_EDGE('',*,*,#4652,.T.);
#2709=ORIENTED_EDGE('',*,*,#4649,.T.);
#2710=ORIENTED_EDGE('',*,*,#4525,.F.);
#2711=ORIENTED_EDGE('',*,*,#4653,.F.);
#2712=ORIENTED_EDGE('',*,*,#4654,.T.);
#2713=ORIENTED_EDGE('',*,*,#4651,.T.);
#2714=ORIENTED_EDGE('',*,*,#4524,.F.);
#2715=ORIENTED_EDGE('',*,*,#4655,.F.);
#2716=ORIENTED_EDGE('',*,*,#4656,.T.);
#2717=ORIENTED_EDGE('',*,*,#4653,.T.);
#2718=ORIENTED_EDGE('',*,*,#4523,.F.);
#2719=ORIENTED_EDGE('',*,*,#4657,.F.);
#2720=ORIENTED_EDGE('',*,*,#4658,.T.);
#2721=ORIENTED_EDGE('',*,*,#4655,.T.);
#2722=ORIENTED_EDGE('',*,*,#4522,.F.);
#2723=ORIENTED_EDGE('',*,*,#4659,.F.);
#2724=ORIENTED_EDGE('',*,*,#4660,.T.);
#2725=ORIENTED_EDGE('',*,*,#4657,.T.);
#2726=ORIENTED_EDGE('',*,*,#4521,.F.);
#2727=ORIENTED_EDGE('',*,*,#4661,.F.);
#2728=ORIENTED_EDGE('',*,*,#4662,.T.);
#2729=ORIENTED_EDGE('',*,*,#4659,.T.);
#2730=ORIENTED_EDGE('',*,*,#4520,.F.);
#2731=ORIENTED_EDGE('',*,*,#4630,.F.);
#2732=ORIENTED_EDGE('',*,*,#4663,.T.);
#2733=ORIENTED_EDGE('',*,*,#4661,.T.);
#2734=ORIENTED_EDGE('',*,*,#4629,.F.);
#2735=ORIENTED_EDGE('',*,*,#4638,.F.);
#2736=ORIENTED_EDGE('',*,*,#4640,.F.);
#2737=ORIENTED_EDGE('',*,*,#4648,.F.);
#2738=ORIENTED_EDGE('',*,*,#4650,.F.);
#2739=ORIENTED_EDGE('',*,*,#4652,.F.);
#2740=ORIENTED_EDGE('',*,*,#4654,.F.);
#2741=ORIENTED_EDGE('',*,*,#4656,.F.);
#2742=ORIENTED_EDGE('',*,*,#4658,.F.);
#2743=ORIENTED_EDGE('',*,*,#4660,.F.);
#2744=ORIENTED_EDGE('',*,*,#4662,.F.);
#2745=ORIENTED_EDGE('',*,*,#4663,.F.);
#2746=ORIENTED_EDGE('',*,*,#4484,.F.);
#2747=ORIENTED_EDGE('',*,*,#4664,.F.);
#2748=ORIENTED_EDGE('',*,*,#4665,.T.);
#2749=ORIENTED_EDGE('',*,*,#4666,.T.);
#2750=ORIENTED_EDGE('',*,*,#4483,.F.);
#2751=ORIENTED_EDGE('',*,*,#4667,.F.);
#2752=ORIENTED_EDGE('',*,*,#4668,.T.);
#2753=ORIENTED_EDGE('',*,*,#4664,.T.);
#2754=ORIENTED_EDGE('',*,*,#4486,.F.);
#2755=ORIENTED_EDGE('',*,*,#4669,.F.);
#2756=ORIENTED_EDGE('',*,*,#4670,.T.);
#2757=ORIENTED_EDGE('',*,*,#4667,.T.);
#2758=ORIENTED_EDGE('',*,*,#4485,.F.);
#2759=ORIENTED_EDGE('',*,*,#4666,.F.);
#2760=ORIENTED_EDGE('',*,*,#4671,.T.);
#2761=ORIENTED_EDGE('',*,*,#4669,.T.);
#2762=ORIENTED_EDGE('',*,*,#4665,.F.);
#2763=ORIENTED_EDGE('',*,*,#4668,.F.);
#2764=ORIENTED_EDGE('',*,*,#4670,.F.);
#2765=ORIENTED_EDGE('',*,*,#4671,.F.);
#2766=ORIENTED_EDGE('',*,*,#4476,.F.);
#2767=ORIENTED_EDGE('',*,*,#4672,.F.);
#2768=ORIENTED_EDGE('',*,*,#4673,.T.);
#2769=ORIENTED_EDGE('',*,*,#4674,.T.);
#2770=ORIENTED_EDGE('',*,*,#4475,.F.);
#2771=ORIENTED_EDGE('',*,*,#4675,.F.);
#2772=ORIENTED_EDGE('',*,*,#4676,.T.);
#2773=ORIENTED_EDGE('',*,*,#4672,.T.);
#2774=ORIENTED_EDGE('',*,*,#4482,.F.);
#2775=ORIENTED_EDGE('',*,*,#4677,.F.);
#2776=ORIENTED_EDGE('',*,*,#4678,.T.);
#2777=ORIENTED_EDGE('',*,*,#4675,.T.);
#2778=ORIENTED_EDGE('',*,*,#4481,.F.);
#2779=ORIENTED_EDGE('',*,*,#4679,.F.);
#2780=ORIENTED_EDGE('',*,*,#4680,.T.);
#2781=ORIENTED_EDGE('',*,*,#4677,.T.);
#2782=ORIENTED_EDGE('',*,*,#4480,.F.);
#2783=ORIENTED_EDGE('',*,*,#4681,.F.);
#2784=ORIENTED_EDGE('',*,*,#4682,.T.);
#2785=ORIENTED_EDGE('',*,*,#4679,.T.);
#2786=ORIENTED_EDGE('',*,*,#4479,.F.);
#2787=ORIENTED_EDGE('',*,*,#4683,.F.);
#2788=ORIENTED_EDGE('',*,*,#4684,.T.);
#2789=ORIENTED_EDGE('',*,*,#4681,.T.);
#2790=ORIENTED_EDGE('',*,*,#4478,.F.);
#2791=ORIENTED_EDGE('',*,*,#4685,.F.);
#2792=ORIENTED_EDGE('',*,*,#4686,.T.);
#2793=ORIENTED_EDGE('',*,*,#4683,.T.);
#2794=ORIENTED_EDGE('',*,*,#4477,.F.);
#2795=ORIENTED_EDGE('',*,*,#4674,.F.);
#2796=ORIENTED_EDGE('',*,*,#4687,.T.);
#2797=ORIENTED_EDGE('',*,*,#4685,.T.);
#2798=ORIENTED_EDGE('',*,*,#4673,.F.);
#2799=ORIENTED_EDGE('',*,*,#4676,.F.);
#2800=ORIENTED_EDGE('',*,*,#4678,.F.);
#2801=ORIENTED_EDGE('',*,*,#4680,.F.);
#2802=ORIENTED_EDGE('',*,*,#4682,.F.);
#2803=ORIENTED_EDGE('',*,*,#4684,.F.);
#2804=ORIENTED_EDGE('',*,*,#4686,.F.);
#2805=ORIENTED_EDGE('',*,*,#4687,.F.);
#2806=ORIENTED_EDGE('',*,*,#4688,.F.);
#2807=ORIENTED_EDGE('',*,*,#4689,.F.);
#2808=ORIENTED_EDGE('',*,*,#4690,.T.);
#2809=ORIENTED_EDGE('',*,*,#4691,.T.);
#2810=ORIENTED_EDGE('',*,*,#4692,.F.);
#2811=ORIENTED_EDGE('',*,*,#4693,.F.);
#2812=ORIENTED_EDGE('',*,*,#4694,.T.);
#2813=ORIENTED_EDGE('',*,*,#4689,.T.);
#2814=ORIENTED_EDGE('',*,*,#4695,.F.);
#2815=ORIENTED_EDGE('',*,*,#4696,.F.);
#2816=ORIENTED_EDGE('',*,*,#4697,.T.);
#2817=ORIENTED_EDGE('',*,*,#4693,.T.);
#2818=ORIENTED_EDGE('',*,*,#4698,.F.);
#2819=ORIENTED_EDGE('',*,*,#4699,.F.);
#2820=ORIENTED_EDGE('',*,*,#4700,.T.);
#2821=ORIENTED_EDGE('',*,*,#4696,.T.);
#2822=ORIENTED_EDGE('',*,*,#4701,.F.);
#2823=ORIENTED_EDGE('',*,*,#4702,.F.);
#2824=ORIENTED_EDGE('',*,*,#4703,.T.);
#2825=ORIENTED_EDGE('',*,*,#4699,.T.);
#2826=ORIENTED_EDGE('',*,*,#4704,.F.);
#2827=ORIENTED_EDGE('',*,*,#4705,.F.);
#2828=ORIENTED_EDGE('',*,*,#4706,.T.);
#2829=ORIENTED_EDGE('',*,*,#4702,.T.);
#2830=ORIENTED_EDGE('',*,*,#4707,.F.);
#2831=ORIENTED_EDGE('',*,*,#4708,.F.);
#2832=ORIENTED_EDGE('',*,*,#4709,.T.);
#2833=ORIENTED_EDGE('',*,*,#4705,.T.);
#2834=ORIENTED_EDGE('',*,*,#4710,.F.);
#2835=ORIENTED_EDGE('',*,*,#4711,.F.);
#2836=ORIENTED_EDGE('',*,*,#4712,.T.);
#2837=ORIENTED_EDGE('',*,*,#4708,.T.);
#2838=ORIENTED_EDGE('',*,*,#4713,.F.);
#2839=ORIENTED_EDGE('',*,*,#4714,.F.);
#2840=ORIENTED_EDGE('',*,*,#4715,.T.);
#2841=ORIENTED_EDGE('',*,*,#4711,.T.);
#2842=ORIENTED_EDGE('',*,*,#4716,.F.);
#2843=ORIENTED_EDGE('',*,*,#4717,.F.);
#2844=ORIENTED_EDGE('',*,*,#4718,.T.);
#2845=ORIENTED_EDGE('',*,*,#4714,.T.);
#2846=ORIENTED_EDGE('',*,*,#4719,.F.);
#2847=ORIENTED_EDGE('',*,*,#4720,.F.);
#2848=ORIENTED_EDGE('',*,*,#4721,.T.);
#2849=ORIENTED_EDGE('',*,*,#4717,.T.);
#2850=ORIENTED_EDGE('',*,*,#4488,.F.);
#2851=ORIENTED_EDGE('',*,*,#4722,.F.);
#2852=ORIENTED_EDGE('',*,*,#4723,.T.);
#2853=ORIENTED_EDGE('',*,*,#4724,.T.);
#2854=ORIENTED_EDGE('',*,*,#4487,.F.);
#2855=ORIENTED_EDGE('',*,*,#4725,.F.);
#2856=ORIENTED_EDGE('',*,*,#4726,.T.);
#2857=ORIENTED_EDGE('',*,*,#4722,.T.);
#2858=ORIENTED_EDGE('',*,*,#4498,.F.);
#2859=ORIENTED_EDGE('',*,*,#4727,.F.);
#2860=ORIENTED_EDGE('',*,*,#4728,.T.);
#2861=ORIENTED_EDGE('',*,*,#4725,.T.);
#2862=ORIENTED_EDGE('',*,*,#4497,.F.);
#2863=ORIENTED_EDGE('',*,*,#4729,.F.);
#2864=ORIENTED_EDGE('',*,*,#4730,.T.);
#2865=ORIENTED_EDGE('',*,*,#4727,.T.);
#2866=ORIENTED_EDGE('',*,*,#4496,.F.);
#2867=ORIENTED_EDGE('',*,*,#4731,.F.);
#2868=ORIENTED_EDGE('',*,*,#4732,.T.);
#2869=ORIENTED_EDGE('',*,*,#4729,.T.);
#2870=ORIENTED_EDGE('',*,*,#4495,.F.);
#2871=ORIENTED_EDGE('',*,*,#4733,.F.);
#2872=ORIENTED_EDGE('',*,*,#4734,.T.);
#2873=ORIENTED_EDGE('',*,*,#4731,.T.);
#2874=ORIENTED_EDGE('',*,*,#4494,.F.);
#2875=ORIENTED_EDGE('',*,*,#4735,.F.);
#2876=ORIENTED_EDGE('',*,*,#4736,.T.);
#2877=ORIENTED_EDGE('',*,*,#4733,.T.);
#2878=ORIENTED_EDGE('',*,*,#4493,.F.);
#2879=ORIENTED_EDGE('',*,*,#4737,.F.);
#2880=ORIENTED_EDGE('',*,*,#4738,.T.);
#2881=ORIENTED_EDGE('',*,*,#4735,.T.);
#2882=ORIENTED_EDGE('',*,*,#4492,.F.);
#2883=ORIENTED_EDGE('',*,*,#4739,.F.);
#2884=ORIENTED_EDGE('',*,*,#4740,.T.);
#2885=ORIENTED_EDGE('',*,*,#4737,.T.);
#2886=ORIENTED_EDGE('',*,*,#4491,.F.);
#2887=ORIENTED_EDGE('',*,*,#4741,.F.);
#2888=ORIENTED_EDGE('',*,*,#4742,.T.);
#2889=ORIENTED_EDGE('',*,*,#4739,.T.);
#2890=ORIENTED_EDGE('',*,*,#4490,.F.);
#2891=ORIENTED_EDGE('',*,*,#4743,.F.);
#2892=ORIENTED_EDGE('',*,*,#4744,.T.);
#2893=ORIENTED_EDGE('',*,*,#4741,.T.);
#2894=ORIENTED_EDGE('',*,*,#4489,.F.);
#2895=ORIENTED_EDGE('',*,*,#4724,.F.);
#2896=ORIENTED_EDGE('',*,*,#4745,.T.);
#2897=ORIENTED_EDGE('',*,*,#4743,.T.);
#2898=ORIENTED_EDGE('',*,*,#4746,.F.);
#2899=ORIENTED_EDGE('',*,*,#4691,.F.);
#2900=ORIENTED_EDGE('',*,*,#4747,.T.);
#2901=ORIENTED_EDGE('',*,*,#4720,.T.);
#2902=ORIENTED_EDGE('',*,*,#4723,.F.);
#2903=ORIENTED_EDGE('',*,*,#4726,.F.);
#2904=ORIENTED_EDGE('',*,*,#4728,.F.);
#2905=ORIENTED_EDGE('',*,*,#4730,.F.);
#2906=ORIENTED_EDGE('',*,*,#4732,.F.);
#2907=ORIENTED_EDGE('',*,*,#4734,.F.);
#2908=ORIENTED_EDGE('',*,*,#4736,.F.);
#2909=ORIENTED_EDGE('',*,*,#4738,.F.);
#2910=ORIENTED_EDGE('',*,*,#4740,.F.);
#2911=ORIENTED_EDGE('',*,*,#4742,.F.);
#2912=ORIENTED_EDGE('',*,*,#4744,.F.);
#2913=ORIENTED_EDGE('',*,*,#4745,.F.);
#2914=ORIENTED_EDGE('',*,*,#4690,.F.);
#2915=ORIENTED_EDGE('',*,*,#4694,.F.);
#2916=ORIENTED_EDGE('',*,*,#4697,.F.);
#2917=ORIENTED_EDGE('',*,*,#4700,.F.);
#2918=ORIENTED_EDGE('',*,*,#4703,.F.);
#2919=ORIENTED_EDGE('',*,*,#4706,.F.);
#2920=ORIENTED_EDGE('',*,*,#4709,.F.);
#2921=ORIENTED_EDGE('',*,*,#4712,.F.);
#2922=ORIENTED_EDGE('',*,*,#4715,.F.);
#2923=ORIENTED_EDGE('',*,*,#4718,.F.);
#2924=ORIENTED_EDGE('',*,*,#4721,.F.);
#2925=ORIENTED_EDGE('',*,*,#4747,.F.);
#2926=ORIENTED_EDGE('',*,*,#4553,.F.);
#2927=ORIENTED_EDGE('',*,*,#4748,.F.);
#2928=ORIENTED_EDGE('',*,*,#4749,.F.);
#2929=ORIENTED_EDGE('',*,*,#4750,.T.);
#2930=ORIENTED_EDGE('',*,*,#4751,.T.);
#2931=ORIENTED_EDGE('',*,*,#4752,.F.);
#2932=ORIENTED_EDGE('',*,*,#4753,.T.);
#2933=ORIENTED_EDGE('',*,*,#4754,.T.);
#2934=ORIENTED_EDGE('',*,*,#4443,.F.);
#2935=ORIENTED_EDGE('',*,*,#4755,.F.);
#2936=ORIENTED_EDGE('',*,*,#4756,.F.);
#2937=ORIENTED_EDGE('',*,*,#4757,.T.);
#2938=ORIENTED_EDGE('',*,*,#4548,.F.);
#2939=ORIENTED_EDGE('',*,*,#4758,.F.);
#2940=ORIENTED_EDGE('',*,*,#4759,.T.);
#2941=ORIENTED_EDGE('',*,*,#4752,.T.);
#2942=ORIENTED_EDGE('',*,*,#4751,.F.);
#2943=ORIENTED_EDGE('',*,*,#4547,.F.);
#2944=ORIENTED_EDGE('',*,*,#4760,.F.);
#2945=ORIENTED_EDGE('',*,*,#4761,.T.);
#2946=ORIENTED_EDGE('',*,*,#4758,.T.);
#2947=ORIENTED_EDGE('',*,*,#4546,.F.);
#2948=ORIENTED_EDGE('',*,*,#4762,.F.);
#2949=ORIENTED_EDGE('',*,*,#4763,.T.);
#2950=ORIENTED_EDGE('',*,*,#4760,.T.);
#2951=ORIENTED_EDGE('',*,*,#4545,.F.);
#2952=ORIENTED_EDGE('',*,*,#4764,.F.);
#2953=ORIENTED_EDGE('',*,*,#4765,.T.);
#2954=ORIENTED_EDGE('',*,*,#4762,.T.);
#2955=ORIENTED_EDGE('',*,*,#4544,.F.);
#2956=ORIENTED_EDGE('',*,*,#4766,.F.);
#2957=ORIENTED_EDGE('',*,*,#4767,.T.);
#2958=ORIENTED_EDGE('',*,*,#4764,.T.);
#2959=ORIENTED_EDGE('',*,*,#4543,.F.);
#2960=ORIENTED_EDGE('',*,*,#4768,.F.);
#2961=ORIENTED_EDGE('',*,*,#4769,.T.);
#2962=ORIENTED_EDGE('',*,*,#4766,.T.);
#2963=ORIENTED_EDGE('',*,*,#4770,.F.);
#2964=ORIENTED_EDGE('',*,*,#4771,.F.);
#2965=ORIENTED_EDGE('',*,*,#4772,.T.);
#2966=ORIENTED_EDGE('',*,*,#4768,.T.);
#2967=ORIENTED_EDGE('',*,*,#4542,.F.);
#2968=ORIENTED_EDGE('',*,*,#4469,.F.);
#2969=ORIENTED_EDGE('',*,*,#4773,.F.);
#2970=ORIENTED_EDGE('',*,*,#4774,.T.);
#2971=ORIENTED_EDGE('',*,*,#4771,.T.);
#2972=ORIENTED_EDGE('',*,*,#4770,.T.);
#2973=ORIENTED_EDGE('',*,*,#4775,.F.);
#2974=ORIENTED_EDGE('',*,*,#4776,.F.);
#2975=ORIENTED_EDGE('',*,*,#4777,.T.);
#2976=ORIENTED_EDGE('',*,*,#4534,.F.);
#2977=ORIENTED_EDGE('',*,*,#4778,.F.);
#2978=ORIENTED_EDGE('',*,*,#4779,.F.);
#2979=ORIENTED_EDGE('',*,*,#4780,.T.);
#2980=ORIENTED_EDGE('',*,*,#4468,.F.);
#2981=ORIENTED_EDGE('',*,*,#4781,.F.);
#2982=ORIENTED_EDGE('',*,*,#4782,.T.);
#2983=ORIENTED_EDGE('',*,*,#4773,.T.);
#2984=ORIENTED_EDGE('',*,*,#4467,.F.);
#2985=ORIENTED_EDGE('',*,*,#4783,.F.);
#2986=ORIENTED_EDGE('',*,*,#4784,.T.);
#2987=ORIENTED_EDGE('',*,*,#4781,.T.);
#2988=ORIENTED_EDGE('',*,*,#4466,.F.);
#2989=ORIENTED_EDGE('',*,*,#4785,.F.);
#2990=ORIENTED_EDGE('',*,*,#4786,.T.);
#2991=ORIENTED_EDGE('',*,*,#4783,.T.);
#2992=ORIENTED_EDGE('',*,*,#4465,.F.);
#2993=ORIENTED_EDGE('',*,*,#4787,.F.);
#2994=ORIENTED_EDGE('',*,*,#4788,.T.);
#2995=ORIENTED_EDGE('',*,*,#4785,.T.);
#2996=ORIENTED_EDGE('',*,*,#4464,.F.);
#2997=ORIENTED_EDGE('',*,*,#4789,.F.);
#2998=ORIENTED_EDGE('',*,*,#4790,.T.);
#2999=ORIENTED_EDGE('',*,*,#4787,.T.);
#3000=ORIENTED_EDGE('',*,*,#4463,.F.);
#3001=ORIENTED_EDGE('',*,*,#4791,.F.);
#3002=ORIENTED_EDGE('',*,*,#4792,.T.);
#3003=ORIENTED_EDGE('',*,*,#4789,.T.);
#3004=ORIENTED_EDGE('',*,*,#4462,.F.);
#3005=ORIENTED_EDGE('',*,*,#4793,.F.);
#3006=ORIENTED_EDGE('',*,*,#4794,.T.);
#3007=ORIENTED_EDGE('',*,*,#4791,.T.);
#3008=ORIENTED_EDGE('',*,*,#4461,.F.);
#3009=ORIENTED_EDGE('',*,*,#4795,.F.);
#3010=ORIENTED_EDGE('',*,*,#4796,.T.);
#3011=ORIENTED_EDGE('',*,*,#4793,.T.);
#3012=ORIENTED_EDGE('',*,*,#4460,.F.);
#3013=ORIENTED_EDGE('',*,*,#4797,.F.);
#3014=ORIENTED_EDGE('',*,*,#4798,.T.);
#3015=ORIENTED_EDGE('',*,*,#4795,.T.);
#3016=ORIENTED_EDGE('',*,*,#4459,.F.);
#3017=ORIENTED_EDGE('',*,*,#4799,.F.);
#3018=ORIENTED_EDGE('',*,*,#4800,.T.);
#3019=ORIENTED_EDGE('',*,*,#4797,.T.);
#3020=ORIENTED_EDGE('',*,*,#4458,.F.);
#3021=ORIENTED_EDGE('',*,*,#4801,.F.);
#3022=ORIENTED_EDGE('',*,*,#4802,.T.);
#3023=ORIENTED_EDGE('',*,*,#4799,.T.);
#3024=ORIENTED_EDGE('',*,*,#4457,.F.);
#3025=ORIENTED_EDGE('',*,*,#4803,.F.);
#3026=ORIENTED_EDGE('',*,*,#4804,.T.);
#3027=ORIENTED_EDGE('',*,*,#4801,.T.);
#3028=ORIENTED_EDGE('',*,*,#4456,.F.);
#3029=ORIENTED_EDGE('',*,*,#4805,.F.);
#3030=ORIENTED_EDGE('',*,*,#4806,.T.);
#3031=ORIENTED_EDGE('',*,*,#4803,.T.);
#3032=ORIENTED_EDGE('',*,*,#4455,.F.);
#3033=ORIENTED_EDGE('',*,*,#4807,.F.);
#3034=ORIENTED_EDGE('',*,*,#4808,.T.);
#3035=ORIENTED_EDGE('',*,*,#4805,.T.);
#3036=ORIENTED_EDGE('',*,*,#4454,.F.);
#3037=ORIENTED_EDGE('',*,*,#4809,.F.);
#3038=ORIENTED_EDGE('',*,*,#4810,.T.);
#3039=ORIENTED_EDGE('',*,*,#4807,.T.);
#3040=ORIENTED_EDGE('',*,*,#4453,.F.);
#3041=ORIENTED_EDGE('',*,*,#4811,.F.);
#3042=ORIENTED_EDGE('',*,*,#4812,.T.);
#3043=ORIENTED_EDGE('',*,*,#4809,.T.);
#3044=ORIENTED_EDGE('',*,*,#4452,.F.);
#3045=ORIENTED_EDGE('',*,*,#4813,.F.);
#3046=ORIENTED_EDGE('',*,*,#4814,.T.);
#3047=ORIENTED_EDGE('',*,*,#4811,.T.);
#3048=ORIENTED_EDGE('',*,*,#4451,.F.);
#3049=ORIENTED_EDGE('',*,*,#4815,.F.);
#3050=ORIENTED_EDGE('',*,*,#4816,.T.);
#3051=ORIENTED_EDGE('',*,*,#4813,.T.);
#3052=ORIENTED_EDGE('',*,*,#4450,.F.);
#3053=ORIENTED_EDGE('',*,*,#4817,.F.);
#3054=ORIENTED_EDGE('',*,*,#4818,.T.);
#3055=ORIENTED_EDGE('',*,*,#4815,.T.);
#3056=ORIENTED_EDGE('',*,*,#4449,.F.);
#3057=ORIENTED_EDGE('',*,*,#4819,.F.);
#3058=ORIENTED_EDGE('',*,*,#4820,.T.);
#3059=ORIENTED_EDGE('',*,*,#4817,.T.);
#3060=ORIENTED_EDGE('',*,*,#4448,.F.);
#3061=ORIENTED_EDGE('',*,*,#4821,.F.);
#3062=ORIENTED_EDGE('',*,*,#4822,.T.);
#3063=ORIENTED_EDGE('',*,*,#4819,.T.);
#3064=ORIENTED_EDGE('',*,*,#4447,.F.);
#3065=ORIENTED_EDGE('',*,*,#4823,.F.);
#3066=ORIENTED_EDGE('',*,*,#4824,.T.);
#3067=ORIENTED_EDGE('',*,*,#4821,.T.);
#3068=ORIENTED_EDGE('',*,*,#4446,.F.);
#3069=ORIENTED_EDGE('',*,*,#4825,.F.);
#3070=ORIENTED_EDGE('',*,*,#4826,.T.);
#3071=ORIENTED_EDGE('',*,*,#4823,.T.);
#3072=ORIENTED_EDGE('',*,*,#4445,.F.);
#3073=ORIENTED_EDGE('',*,*,#4827,.F.);
#3074=ORIENTED_EDGE('',*,*,#4828,.T.);
#3075=ORIENTED_EDGE('',*,*,#4825,.T.);
#3076=ORIENTED_EDGE('',*,*,#4444,.F.);
#3077=ORIENTED_EDGE('',*,*,#4754,.F.);
#3078=ORIENTED_EDGE('',*,*,#4829,.T.);
#3079=ORIENTED_EDGE('',*,*,#4827,.T.);
#3080=ORIENTED_EDGE('',*,*,#4753,.F.);
#3081=ORIENTED_EDGE('',*,*,#4759,.F.);
#3082=ORIENTED_EDGE('',*,*,#4761,.F.);
#3083=ORIENTED_EDGE('',*,*,#4763,.F.);
#3084=ORIENTED_EDGE('',*,*,#4765,.F.);
#3085=ORIENTED_EDGE('',*,*,#4767,.F.);
#3086=ORIENTED_EDGE('',*,*,#4769,.F.);
#3087=ORIENTED_EDGE('',*,*,#4772,.F.);
#3088=ORIENTED_EDGE('',*,*,#4774,.F.);
#3089=ORIENTED_EDGE('',*,*,#4782,.F.);
#3090=ORIENTED_EDGE('',*,*,#4784,.F.);
#3091=ORIENTED_EDGE('',*,*,#4786,.F.);
#3092=ORIENTED_EDGE('',*,*,#4788,.F.);
#3093=ORIENTED_EDGE('',*,*,#4790,.F.);
#3094=ORIENTED_EDGE('',*,*,#4792,.F.);
#3095=ORIENTED_EDGE('',*,*,#4794,.F.);
#3096=ORIENTED_EDGE('',*,*,#4796,.F.);
#3097=ORIENTED_EDGE('',*,*,#4798,.F.);
#3098=ORIENTED_EDGE('',*,*,#4800,.F.);
#3099=ORIENTED_EDGE('',*,*,#4802,.F.);
#3100=ORIENTED_EDGE('',*,*,#4804,.F.);
#3101=ORIENTED_EDGE('',*,*,#4806,.F.);
#3102=ORIENTED_EDGE('',*,*,#4808,.F.);
#3103=ORIENTED_EDGE('',*,*,#4810,.F.);
#3104=ORIENTED_EDGE('',*,*,#4812,.F.);
#3105=ORIENTED_EDGE('',*,*,#4814,.F.);
#3106=ORIENTED_EDGE('',*,*,#4816,.F.);
#3107=ORIENTED_EDGE('',*,*,#4818,.F.);
#3108=ORIENTED_EDGE('',*,*,#4820,.F.);
#3109=ORIENTED_EDGE('',*,*,#4822,.F.);
#3110=ORIENTED_EDGE('',*,*,#4824,.F.);
#3111=ORIENTED_EDGE('',*,*,#4826,.F.);
#3112=ORIENTED_EDGE('',*,*,#4828,.F.);
#3113=ORIENTED_EDGE('',*,*,#4829,.F.);
#3114=ORIENTED_EDGE('',*,*,#4692,.T.);
#3115=ORIENTED_EDGE('',*,*,#4688,.T.);
#3116=ORIENTED_EDGE('',*,*,#4746,.T.);
#3117=ORIENTED_EDGE('',*,*,#4719,.T.);
#3118=ORIENTED_EDGE('',*,*,#4716,.T.);
#3119=ORIENTED_EDGE('',*,*,#4713,.T.);
#3120=ORIENTED_EDGE('',*,*,#4710,.T.);
#3121=ORIENTED_EDGE('',*,*,#4707,.T.);
#3122=ORIENTED_EDGE('',*,*,#4704,.T.);
#3123=ORIENTED_EDGE('',*,*,#4701,.T.);
#3124=ORIENTED_EDGE('',*,*,#4698,.T.);
#3125=ORIENTED_EDGE('',*,*,#4695,.T.);
#3126=ORIENTED_EDGE('',*,*,#4549,.F.);
#3127=ORIENTED_EDGE('',*,*,#4750,.F.);
#3128=ORIENTED_EDGE('',*,*,#4830,.T.);
#3129=ORIENTED_EDGE('',*,*,#4582,.T.);
#3130=ORIENTED_EDGE('',*,*,#4556,.T.);
#3131=ORIENTED_EDGE('',*,*,#4584,.F.);
#3132=ORIENTED_EDGE('',*,*,#4831,.F.);
#3133=ORIENTED_EDGE('',*,*,#4748,.T.);
#3134=ORIENTED_EDGE('',*,*,#4830,.F.);
#3135=ORIENTED_EDGE('',*,*,#4749,.T.);
#3136=ORIENTED_EDGE('',*,*,#4831,.T.);
#3137=ORIENTED_EDGE('',*,*,#4583,.T.);
#3138=ORIENTED_EDGE('',*,*,#4554,.F.);
#3139=ORIENTED_EDGE('',*,*,#4757,.F.);
#3140=ORIENTED_EDGE('',*,*,#4832,.T.);
#3141=ORIENTED_EDGE('',*,*,#4585,.T.);
#3142=ORIENTED_EDGE('',*,*,#4442,.T.);
#3143=ORIENTED_EDGE('',*,*,#4587,.F.);
#3144=ORIENTED_EDGE('',*,*,#4833,.F.);
#3145=ORIENTED_EDGE('',*,*,#4755,.T.);
#3146=ORIENTED_EDGE('',*,*,#4832,.F.);
#3147=ORIENTED_EDGE('',*,*,#4756,.T.);
#3148=ORIENTED_EDGE('',*,*,#4833,.T.);
#3149=ORIENTED_EDGE('',*,*,#4586,.T.);
#3150=ORIENTED_EDGE('',*,*,#4470,.T.);
#3151=ORIENTED_EDGE('',*,*,#4780,.F.);
#3152=ORIENTED_EDGE('',*,*,#4834,.F.);
#3153=ORIENTED_EDGE('',*,*,#4835,.T.);
#3154=ORIENTED_EDGE('',*,*,#4539,.T.);
#3155=ORIENTED_EDGE('',*,*,#4836,.F.);
#3156=ORIENTED_EDGE('',*,*,#4837,.F.);
#3157=ORIENTED_EDGE('',*,*,#4778,.T.);
#3158=ORIENTED_EDGE('',*,*,#4538,.F.);
#3159=ORIENTED_EDGE('',*,*,#4838,.F.);
#3160=ORIENTED_EDGE('',*,*,#4839,.T.);
#3161=ORIENTED_EDGE('',*,*,#4836,.T.);
#3162=ORIENTED_EDGE('',*,*,#4625,.F.);
#3163=ORIENTED_EDGE('',*,*,#4840,.F.);
#3164=ORIENTED_EDGE('',*,*,#4841,.T.);
#3165=ORIENTED_EDGE('',*,*,#4838,.T.);
#3166=ORIENTED_EDGE('',*,*,#4471,.F.);
#3167=ORIENTED_EDGE('',*,*,#4835,.F.);
#3168=ORIENTED_EDGE('',*,*,#4842,.T.);
#3169=ORIENTED_EDGE('',*,*,#4840,.T.);
#3170=ORIENTED_EDGE('',*,*,#4834,.T.);
#3171=ORIENTED_EDGE('',*,*,#4779,.T.);
#3172=ORIENTED_EDGE('',*,*,#4837,.T.);
#3173=ORIENTED_EDGE('',*,*,#4839,.F.);
#3174=ORIENTED_EDGE('',*,*,#4841,.F.);
#3175=ORIENTED_EDGE('',*,*,#4842,.F.);
#3176=ORIENTED_EDGE('',*,*,#4535,.F.);
#3177=ORIENTED_EDGE('',*,*,#4777,.F.);
#3178=ORIENTED_EDGE('',*,*,#4843,.T.);
#3179=ORIENTED_EDGE('',*,*,#4844,.T.);
#3180=ORIENTED_EDGE('',*,*,#4541,.F.);
#3181=ORIENTED_EDGE('',*,*,#4845,.F.);
#3182=ORIENTED_EDGE('',*,*,#4846,.T.);
#3183=ORIENTED_EDGE('',*,*,#4775,.T.);
#3184=ORIENTED_EDGE('',*,*,#4540,.T.);
#3185=ORIENTED_EDGE('',*,*,#4847,.F.);
#3186=ORIENTED_EDGE('',*,*,#4848,.F.);
#3187=ORIENTED_EDGE('',*,*,#4845,.T.);
#3188=ORIENTED_EDGE('',*,*,#4626,.F.);
#3189=ORIENTED_EDGE('',*,*,#4849,.F.);
#3190=ORIENTED_EDGE('',*,*,#4850,.T.);
#3191=ORIENTED_EDGE('',*,*,#4847,.T.);
#3192=ORIENTED_EDGE('',*,*,#4536,.T.);
#3193=ORIENTED_EDGE('',*,*,#4844,.F.);
#3194=ORIENTED_EDGE('',*,*,#4851,.F.);
#3195=ORIENTED_EDGE('',*,*,#4849,.T.);
#3196=ORIENTED_EDGE('',*,*,#4843,.F.);
#3197=ORIENTED_EDGE('',*,*,#4776,.T.);
#3198=ORIENTED_EDGE('',*,*,#4846,.F.);
#3199=ORIENTED_EDGE('',*,*,#4848,.T.);
#3200=ORIENTED_EDGE('',*,*,#4850,.F.);
#3201=ORIENTED_EDGE('',*,*,#4851,.T.);
#3202=ORIENTED_EDGE('',*,*,#4440,.F.);
#3203=ORIENTED_EDGE('',*,*,#4636,.F.);
#3204=ORIENTED_EDGE('',*,*,#4852,.T.);
#3205=ORIENTED_EDGE('',*,*,#4588,.T.);
#3206=ORIENTED_EDGE('',*,*,#4533,.T.);
#3207=ORIENTED_EDGE('',*,*,#4590,.F.);
#3208=ORIENTED_EDGE('',*,*,#4853,.F.);
#3209=ORIENTED_EDGE('',*,*,#4634,.T.);
#3210=ORIENTED_EDGE('',*,*,#4852,.F.);
#3211=ORIENTED_EDGE('',*,*,#4635,.T.);
#3212=ORIENTED_EDGE('',*,*,#4853,.T.);
#3213=ORIENTED_EDGE('',*,*,#4589,.T.);
#3214=ORIENTED_EDGE('',*,*,#4531,.F.);
#3215=ORIENTED_EDGE('',*,*,#4633,.F.);
#3216=ORIENTED_EDGE('',*,*,#4854,.T.);
#3217=ORIENTED_EDGE('',*,*,#4591,.T.);
#3218=ORIENTED_EDGE('',*,*,#4518,.T.);
#3219=ORIENTED_EDGE('',*,*,#4593,.F.);
#3220=ORIENTED_EDGE('',*,*,#4855,.F.);
#3221=ORIENTED_EDGE('',*,*,#4631,.T.);
#3222=ORIENTED_EDGE('',*,*,#4854,.F.);
#3223=ORIENTED_EDGE('',*,*,#4632,.T.);
#3224=ORIENTED_EDGE('',*,*,#4855,.T.);
#3225=ORIENTED_EDGE('',*,*,#4592,.T.);
#3226=ORIENTED_EDGE('',*,*,#4512,.T.);
#3227=ORIENTED_EDGE('',*,*,#4646,.F.);
#3228=ORIENTED_EDGE('',*,*,#4856,.F.);
#3229=ORIENTED_EDGE('',*,*,#4857,.T.);
#3230=ORIENTED_EDGE('',*,*,#4510,.T.);
#3231=ORIENTED_EDGE('',*,*,#4858,.F.);
#3232=ORIENTED_EDGE('',*,*,#4859,.F.);
#3233=ORIENTED_EDGE('',*,*,#4644,.T.);
#3234=ORIENTED_EDGE('',*,*,#4509,.T.);
#3235=ORIENTED_EDGE('',*,*,#4860,.F.);
#3236=ORIENTED_EDGE('',*,*,#4861,.F.);
#3237=ORIENTED_EDGE('',*,*,#4858,.T.);
#3238=ORIENTED_EDGE('',*,*,#4623,.F.);
#3239=ORIENTED_EDGE('',*,*,#4862,.F.);
#3240=ORIENTED_EDGE('',*,*,#4863,.T.);
#3241=ORIENTED_EDGE('',*,*,#4860,.T.);
#3242=ORIENTED_EDGE('',*,*,#4513,.F.);
#3243=ORIENTED_EDGE('',*,*,#4857,.F.);
#3244=ORIENTED_EDGE('',*,*,#4864,.T.);
#3245=ORIENTED_EDGE('',*,*,#4862,.T.);
#3246=ORIENTED_EDGE('',*,*,#4856,.T.);
#3247=ORIENTED_EDGE('',*,*,#4645,.T.);
#3248=ORIENTED_EDGE('',*,*,#4859,.T.);
#3249=ORIENTED_EDGE('',*,*,#4861,.T.);
#3250=ORIENTED_EDGE('',*,*,#4863,.F.);
#3251=ORIENTED_EDGE('',*,*,#4864,.F.);
#3252=ORIENTED_EDGE('',*,*,#4507,.F.);
#3253=ORIENTED_EDGE('',*,*,#4865,.F.);
#3254=ORIENTED_EDGE('',*,*,#4866,.T.);
#3255=ORIENTED_EDGE('',*,*,#4867,.T.);
#3256=ORIENTED_EDGE('',*,*,#4506,.F.);
#3257=ORIENTED_EDGE('',*,*,#4643,.F.);
#3258=ORIENTED_EDGE('',*,*,#4868,.T.);
#3259=ORIENTED_EDGE('',*,*,#4865,.T.);
#3260=ORIENTED_EDGE('',*,*,#4436,.F.);
#3261=ORIENTED_EDGE('',*,*,#4869,.F.);
#3262=ORIENTED_EDGE('',*,*,#4870,.T.);
#3263=ORIENTED_EDGE('',*,*,#4641,.T.);
#3264=ORIENTED_EDGE('',*,*,#4435,.T.);
#3265=ORIENTED_EDGE('',*,*,#4871,.F.);
#3266=ORIENTED_EDGE('',*,*,#4872,.F.);
#3267=ORIENTED_EDGE('',*,*,#4869,.T.);
#3268=ORIENTED_EDGE('',*,*,#4624,.F.);
#3269=ORIENTED_EDGE('',*,*,#4867,.F.);
#3270=ORIENTED_EDGE('',*,*,#4873,.T.);
#3271=ORIENTED_EDGE('',*,*,#4871,.T.);
#3272=ORIENTED_EDGE('',*,*,#4866,.F.);
#3273=ORIENTED_EDGE('',*,*,#4868,.F.);
#3274=ORIENTED_EDGE('',*,*,#4642,.T.);
#3275=ORIENTED_EDGE('',*,*,#4870,.F.);
#3276=ORIENTED_EDGE('',*,*,#4872,.T.);
#3277=ORIENTED_EDGE('',*,*,#4873,.F.);
#3278=ORIENTED_EDGE('',*,*,#4503,.T.);
#3279=ORIENTED_EDGE('',*,*,#4874,.F.);
#3280=ORIENTED_EDGE('',*,*,#4875,.F.);
#3281=ORIENTED_EDGE('',*,*,#4876,.T.);
#3282=ORIENTED_EDGE('',*,*,#4502,.F.);
#3283=ORIENTED_EDGE('',*,*,#4877,.F.);
#3284=ORIENTED_EDGE('',*,*,#4878,.T.);
#3285=ORIENTED_EDGE('',*,*,#4874,.T.);
#3286=ORIENTED_EDGE('',*,*,#4501,.T.);
#3287=ORIENTED_EDGE('',*,*,#4879,.F.);
#3288=ORIENTED_EDGE('',*,*,#4880,.F.);
#3289=ORIENTED_EDGE('',*,*,#4877,.T.);
#3290=ORIENTED_EDGE('',*,*,#4880,.T.);
#3291=ORIENTED_EDGE('',*,*,#4881,.F.);
#3292=ORIENTED_EDGE('',*,*,#4882,.F.);
#3293=ORIENTED_EDGE('',*,*,#4883,.F.);
#3294=ORIENTED_EDGE('',*,*,#4884,.F.);
#3295=ORIENTED_EDGE('',*,*,#4875,.T.);
#3296=ORIENTED_EDGE('',*,*,#4878,.F.);
#3297=ORIENTED_EDGE('',*,*,#4504,.F.);
#3298=ORIENTED_EDGE('',*,*,#4876,.F.);
#3299=ORIENTED_EDGE('',*,*,#4884,.T.);
#3300=ORIENTED_EDGE('',*,*,#4885,.T.);
#3301=ORIENTED_EDGE('',*,*,#4505,.F.);
#3302=ORIENTED_EDGE('',*,*,#4885,.F.);
#3303=ORIENTED_EDGE('',*,*,#4883,.T.);
#3304=ORIENTED_EDGE('',*,*,#4886,.T.);
#3305=ORIENTED_EDGE('',*,*,#4499,.F.);
#3306=ORIENTED_EDGE('',*,*,#4886,.F.);
#3307=ORIENTED_EDGE('',*,*,#4882,.T.);
#3308=ORIENTED_EDGE('',*,*,#4887,.T.);
#3309=ORIENTED_EDGE('',*,*,#4500,.F.);
#3310=ORIENTED_EDGE('',*,*,#4887,.F.);
#3311=ORIENTED_EDGE('',*,*,#4881,.T.);
#3312=ORIENTED_EDGE('',*,*,#4879,.T.);
#3313=ORIENTED_EDGE('',*,*,#4888,.F.);
#3314=ORIENTED_EDGE('',*,*,#4425,.F.);
#3315=ORIENTED_EDGE('',*,*,#4889,.T.);
#3316=ORIENTED_EDGE('',*,*,#4890,.T.);
#3317=ORIENTED_EDGE('',*,*,#4434,.T.);
#3318=ORIENTED_EDGE('',*,*,#4891,.F.);
#3319=ORIENTED_EDGE('',*,*,#4399,.F.);
#3320=ORIENTED_EDGE('',*,*,#4428,.T.);
#3321=ORIENTED_EDGE('',*,*,#4892,.F.);
#3322=ORIENTED_EDGE('',*,*,#4893,.T.);
#3323=ORIENTED_EDGE('',*,*,#4894,.T.);
#3324=ORIENTED_EDGE('',*,*,#4396,.T.);
#3325=ORIENTED_EDGE('',*,*,#4891,.T.);
#3326=ORIENTED_EDGE('',*,*,#4433,.F.);
#3327=ORIENTED_EDGE('',*,*,#4895,.F.);
#3328=ORIENTED_EDGE('',*,*,#4890,.F.);
#3329=ORIENTED_EDGE('',*,*,#4896,.T.);
#3330=ORIENTED_EDGE('',*,*,#4897,.F.);
#3331=ORIENTED_EDGE('',*,*,#4898,.T.);
#3332=ORIENTED_EDGE('',*,*,#4899,.T.);
#3333=ORIENTED_EDGE('',*,*,#4400,.T.);
#3334=ORIENTED_EDGE('',*,*,#4900,.F.);
#3335=ORIENTED_EDGE('',*,*,#4901,.T.);
#3336=ORIENTED_EDGE('',*,*,#4902,.T.);
#3337=ORIENTED_EDGE('',*,*,#4404,.T.);
#3338=ORIENTED_EDGE('',*,*,#4903,.F.);
#3339=ORIENTED_EDGE('',*,*,#4904,.T.);
#3340=ORIENTED_EDGE('',*,*,#4905,.T.);
#3341=ORIENTED_EDGE('',*,*,#4409,.T.);
#3342=ORIENTED_EDGE('',*,*,#4906,.F.);
#3343=ORIENTED_EDGE('',*,*,#4896,.F.);
#3344=ORIENTED_EDGE('',*,*,#4889,.F.);
#3345=ORIENTED_EDGE('',*,*,#4424,.T.);
#3346=ORIENTED_EDGE('',*,*,#4599,.T.);
#3347=ORIENTED_EDGE('',*,*,#4426,.F.);
#3348=ORIENTED_EDGE('',*,*,#4888,.T.);
#3349=ORIENTED_EDGE('',*,*,#4895,.T.);
#3350=ORIENTED_EDGE('',*,*,#4410,.F.);
#3351=ORIENTED_EDGE('',*,*,#4905,.F.);
#3352=ORIENTED_EDGE('',*,*,#4907,.T.);
#3353=ORIENTED_EDGE('',*,*,#4415,.T.);
#3354=ORIENTED_EDGE('',*,*,#4407,.T.);
#3355=ORIENTED_EDGE('',*,*,#4417,.F.);
#3356=ORIENTED_EDGE('',*,*,#4908,.F.);
#3357=ORIENTED_EDGE('',*,*,#4903,.T.);
#3358=ORIENTED_EDGE('',*,*,#4907,.F.);
#3359=ORIENTED_EDGE('',*,*,#4904,.F.);
#3360=ORIENTED_EDGE('',*,*,#4908,.T.);
#3361=ORIENTED_EDGE('',*,*,#4416,.T.);
#3362=ORIENTED_EDGE('',*,*,#4405,.F.);
#3363=ORIENTED_EDGE('',*,*,#4902,.F.);
#3364=ORIENTED_EDGE('',*,*,#4909,.T.);
#3365=ORIENTED_EDGE('',*,*,#4418,.T.);
#3366=ORIENTED_EDGE('',*,*,#4403,.T.);
#3367=ORIENTED_EDGE('',*,*,#4420,.F.);
#3368=ORIENTED_EDGE('',*,*,#4910,.F.);
#3369=ORIENTED_EDGE('',*,*,#4900,.T.);
#3370=ORIENTED_EDGE('',*,*,#4909,.F.);
#3371=ORIENTED_EDGE('',*,*,#4901,.F.);
#3372=ORIENTED_EDGE('',*,*,#4910,.T.);
#3373=ORIENTED_EDGE('',*,*,#4419,.T.);
#3374=ORIENTED_EDGE('',*,*,#4401,.F.);
#3375=ORIENTED_EDGE('',*,*,#4899,.F.);
#3376=ORIENTED_EDGE('',*,*,#4911,.T.);
#3377=ORIENTED_EDGE('',*,*,#4421,.T.);
#3378=ORIENTED_EDGE('',*,*,#4906,.T.);
#3379=ORIENTED_EDGE('',*,*,#4423,.F.);
#3380=ORIENTED_EDGE('',*,*,#4912,.F.);
#3381=ORIENTED_EDGE('',*,*,#4897,.T.);
#3382=ORIENTED_EDGE('',*,*,#4911,.F.);
#3383=ORIENTED_EDGE('',*,*,#4898,.F.);
#3384=ORIENTED_EDGE('',*,*,#4912,.T.);
#3385=ORIENTED_EDGE('',*,*,#4422,.T.);
#3386=ORIENTED_EDGE('',*,*,#4397,.F.);
#3387=ORIENTED_EDGE('',*,*,#4894,.F.);
#3388=ORIENTED_EDGE('',*,*,#4913,.T.);
#3389=ORIENTED_EDGE('',*,*,#4412,.T.);
#3390=ORIENTED_EDGE('',*,*,#4408,.T.);
#3391=ORIENTED_EDGE('',*,*,#4414,.F.);
#3392=ORIENTED_EDGE('',*,*,#4914,.F.);
#3393=ORIENTED_EDGE('',*,*,#4892,.T.);
#3394=ORIENTED_EDGE('',*,*,#4913,.F.);
#3395=ORIENTED_EDGE('',*,*,#4893,.F.);
#3396=ORIENTED_EDGE('',*,*,#4914,.T.);
#3397=ORIENTED_EDGE('',*,*,#4413,.T.);
#3398=ORIENTED_EDGE('',*,*,#4374,.T.);
#3399=ORIENTED_EDGE('',*,*,#4394,.F.);
#3400=ORIENTED_EDGE('',*,*,#4915,.F.);
#3401=ORIENTED_EDGE('',*,*,#4600,.T.);
#3402=ORIENTED_EDGE('',*,*,#4393,.F.);
#3403=ORIENTED_EDGE('',*,*,#4601,.T.);
#3404=ORIENTED_EDGE('',*,*,#4915,.T.);
#3405=ORIENTED_EDGE('',*,*,#4375,.T.);
#3406=ORIENTED_EDGE('',*,*,#4382,.F.);
#3407=ORIENTED_EDGE('',*,*,#4916,.F.);
#3408=ORIENTED_EDGE('',*,*,#4606,.T.);
#3409=ORIENTED_EDGE('',*,*,#4372,.F.);
#3410=ORIENTED_EDGE('',*,*,#4608,.F.);
#3411=ORIENTED_EDGE('',*,*,#4917,.T.);
#3412=ORIENTED_EDGE('',*,*,#4395,.T.);
#3413=ORIENTED_EDGE('',*,*,#4607,.T.);
#3414=ORIENTED_EDGE('',*,*,#4916,.T.);
#3415=ORIENTED_EDGE('',*,*,#4381,.F.);
#3416=ORIENTED_EDGE('',*,*,#4917,.F.);
#3417=ORIENTED_EDGE('',*,*,#4377,.F.);
#3418=ORIENTED_EDGE('',*,*,#4605,.F.);
#3419=ORIENTED_EDGE('',*,*,#4918,.T.);
#3420=ORIENTED_EDGE('',*,*,#4577,.T.);
#3421=ORIENTED_EDGE('',*,*,#4918,.F.);
#3422=ORIENTED_EDGE('',*,*,#4604,.T.);
#3423=ORIENTED_EDGE('',*,*,#4610,.T.);
#3424=ORIENTED_EDGE('',*,*,#4578,.T.);
#3425=ORIENTED_EDGE('',*,*,#4363,.T.);
#3426=ORIENTED_EDGE('',*,*,#4575,.F.);
#3427=ORIENTED_EDGE('',*,*,#4919,.F.);
#3428=ORIENTED_EDGE('',*,*,#4619,.T.);
#3429=ORIENTED_EDGE('',*,*,#4365,.F.);
#3430=ORIENTED_EDGE('',*,*,#4621,.F.);
#3431=ORIENTED_EDGE('',*,*,#4920,.T.);
#3432=ORIENTED_EDGE('',*,*,#4597,.T.);
#3433=ORIENTED_EDGE('',*,*,#4620,.T.);
#3434=ORIENTED_EDGE('',*,*,#4919,.T.);
#3435=ORIENTED_EDGE('',*,*,#4574,.T.);
#3436=ORIENTED_EDGE('',*,*,#4920,.F.);
#3437=ORIENTED_EDGE('',*,*,#4369,.F.);
#3438=ORIENTED_EDGE('',*,*,#4615,.F.);
#3439=ORIENTED_EDGE('',*,*,#4921,.T.);
#3440=ORIENTED_EDGE('',*,*,#4562,.T.);
#3441=ORIENTED_EDGE('',*,*,#4921,.F.);
#3442=ORIENTED_EDGE('',*,*,#4614,.T.);
#3443=ORIENTED_EDGE('',*,*,#4563,.T.);
#3444=ORIENTED_EDGE('',*,*,#4367,.T.);
#3445=ORIENTED_EDGE('',*,*,#4561,.F.);
#3446=ORIENTED_EDGE('',*,*,#4922,.F.);
#3447=ORIENTED_EDGE('',*,*,#4616,.T.);
#3448=ORIENTED_EDGE('',*,*,#4360,.F.);
#3449=ORIENTED_EDGE('',*,*,#4618,.F.);
#3450=ORIENTED_EDGE('',*,*,#4923,.T.);
#3451=ORIENTED_EDGE('',*,*,#4572,.T.);
#3452=ORIENTED_EDGE('',*,*,#4617,.T.);
#3453=ORIENTED_EDGE('',*,*,#4922,.T.);
#3454=ORIENTED_EDGE('',*,*,#4560,.T.);
#3455=ORIENTED_EDGE('',*,*,#4923,.F.);
#3456=EDGE_CURVE('',#4924,#4925,#5900,.T.);
#3457=EDGE_CURVE('',#4926,#4925,#5901,.T.);
#3458=EDGE_CURVE('',#4926,#4927,#5902,.T.);
#3459=EDGE_CURVE('',#4928,#4927,#5903,.T.);
#3460=EDGE_CURVE('',#4928,#4929,#5904,.T.);
#3461=EDGE_CURVE('',#4930,#4929,#5905,.T.);
#3462=EDGE_CURVE('',#4930,#4931,#5906,.T.);
#3463=EDGE_CURVE('',#4931,#4932,#5907,.T.);
#3464=EDGE_CURVE('',#4933,#4932,#5908,.T.);
#3465=EDGE_CURVE('',#4934,#4933,#215,.T.);
#3466=EDGE_CURVE('',#4934,#4935,#5909,.T.);
#3467=EDGE_CURVE('',#4935,#4936,#5910,.F.);
#3468=EDGE_CURVE('',#4937,#4936,#5911,.T.);
#3469=EDGE_CURVE('',#4937,#4938,#5912,.T.);
#3470=EDGE_CURVE('',#4938,#4924,#5913,.T.);
#3471=EDGE_CURVE('',#4939,#4940,#5914,.T.);
#3472=EDGE_CURVE('',#4939,#4941,#5915,.T.);
#3473=EDGE_CURVE('',#4942,#4941,#5916,.T.);
#3474=EDGE_CURVE('',#4943,#4942,#5917,.T.);
#3475=EDGE_CURVE('',#4943,#4944,#5918,.T.);
#3476=EDGE_CURVE('',#4944,#4945,#5919,.F.);
#3477=EDGE_CURVE('',#4945,#4946,#5920,.T.);
#3478=EDGE_CURVE('',#4947,#4946,#216,.T.);
#3479=EDGE_CURVE('',#4948,#4947,#5921,.T.);
#3480=EDGE_CURVE('',#4949,#4948,#5922,.T.);
#3481=EDGE_CURVE('',#4950,#4949,#5923,.T.);
#3482=EDGE_CURVE('',#4950,#4951,#5924,.T.);
#3483=EDGE_CURVE('',#4951,#4952,#5925,.T.);
#3484=EDGE_CURVE('',#4952,#4953,#5926,.T.);
#3485=EDGE_CURVE('',#4953,#4940,#5927,.T.);
#3486=EDGE_CURVE('',#4954,#4955,#5928,.T.);
#3487=EDGE_CURVE('',#4954,#4956,#5929,.T.);
#3488=EDGE_CURVE('',#4957,#4956,#5930,.T.);
#3489=EDGE_CURVE('',#4958,#4957,#5931,.T.);
#3490=EDGE_CURVE('',#4958,#4959,#5932,.T.);
#3491=EDGE_CURVE('',#4960,#4959,#5933,.T.);
#3492=EDGE_CURVE('',#4960,#4961,#5934,.T.);
#3493=EDGE_CURVE('',#4961,#4962,#5935,.T.);
#3494=EDGE_CURVE('',#4962,#4963,#5936,.T.);
#3495=EDGE_CURVE('',#4963,#4964,#217,.T.);
#3496=EDGE_CURVE('',#4965,#4964,#5937,.T.);
#3497=EDGE_CURVE('',#4965,#4966,#5938,.F.);
#3498=EDGE_CURVE('',#4967,#4966,#5939,.T.);
#3499=EDGE_CURVE('',#4967,#4968,#5940,.T.);
#3500=EDGE_CURVE('',#4968,#4955,#5941,.T.);
#3501=EDGE_CURVE('',#4969,#4970,#5942,.T.);
#3502=EDGE_CURVE('',#4969,#4971,#5943,.T.);
#3503=EDGE_CURVE('',#4972,#4971,#5944,.T.);
#3504=EDGE_CURVE('',#4973,#4972,#5945,.T.);
#3505=EDGE_CURVE('',#4973,#4974,#5946,.T.);
#3506=EDGE_CURVE('',#4974,#4975,#5947,.F.);
#3507=EDGE_CURVE('',#4975,#4976,#5948,.T.);
#3508=EDGE_CURVE('',#4977,#4976,#218,.T.);
#3509=EDGE_CURVE('',#4978,#4977,#5949,.T.);
#3510=EDGE_CURVE('',#4979,#4978,#5950,.T.);
#3511=EDGE_CURVE('',#4980,#4979,#5951,.T.);
#3512=EDGE_CURVE('',#4980,#4981,#5952,.T.);
#3513=EDGE_CURVE('',#4981,#4982,#5953,.T.);
#3514=EDGE_CURVE('',#4982,#4983,#5954,.T.);
#3515=EDGE_CURVE('',#4983,#4970,#5955,.T.);
#3516=EDGE_CURVE('',#4978,#4962,#5956,.T.);
#3517=EDGE_CURVE('',#4977,#4963,#5957,.T.);
#3518=EDGE_CURVE('',#4948,#4932,#5958,.T.);
#3519=EDGE_CURVE('',#4947,#4933,#5959,.T.);
#3520=EDGE_CURVE('',#4952,#4928,#5960,.T.);
#3521=EDGE_CURVE('',#4953,#4927,#5961,.T.);
#3522=EDGE_CURVE('',#4982,#4958,#5962,.T.);
#3523=EDGE_CURVE('',#4983,#4957,#5963,.T.);
#3524=EDGE_CURVE('',#4984,#4985,#5964,.F.);
#3525=EDGE_CURVE('',#4986,#4985,#5965,.T.);
#3526=EDGE_CURVE('',#4987,#4986,#5966,.T.);
#3527=EDGE_CURVE('',#4984,#4987,#5967,.T.);
#3528=EDGE_CURVE('',#4988,#4989,#5968,.T.);
#3529=EDGE_CURVE('',#4988,#4990,#5969,.T.);
#3530=EDGE_CURVE('',#4990,#4991,#5970,.T.);
#3531=EDGE_CURVE('',#4989,#4991,#5971,.T.);
#3532=EDGE_CURVE('',#4992,#4993,#5972,.T.);
#3533=EDGE_CURVE('',#4993,#4994,#5973,.T.);
#3534=EDGE_CURVE('',#4994,#4995,#5974,.T.);
#3535=EDGE_CURVE('',#4995,#4996,#5975,.T.);
#3536=EDGE_CURVE('',#4996,#4997,#5976,.T.);
#3537=EDGE_CURVE('',#4997,#4998,#5977,.T.);
#3538=EDGE_CURVE('',#4998,#4999,#219,.F.);
#3539=EDGE_CURVE('',#4999,#5000,#220,.F.);
#3540=EDGE_CURVE('',#5000,#5001,#221,.F.);
#3541=EDGE_CURVE('',#5001,#5002,#5978,.T.);
#3542=EDGE_CURVE('',#5002,#5003,#222,.F.);
#3543=EDGE_CURVE('',#5003,#5004,#223,.F.);
#3544=EDGE_CURVE('',#5004,#5005,#224,.F.);
#3545=EDGE_CURVE('',#5005,#5006,#5979,.T.);
#3546=EDGE_CURVE('',#5006,#5007,#5980,.T.);
#3547=EDGE_CURVE('',#5007,#5008,#5981,.T.);
#3548=EDGE_CURVE('',#5008,#4992,#5982,.T.);
#3549=EDGE_CURVE('',#5009,#5010,#5983,.T.);
#3550=EDGE_CURVE('',#5010,#5011,#5984,.T.);
#3551=EDGE_CURVE('',#5011,#5012,#5985,.T.);
#3552=EDGE_CURVE('',#5012,#5013,#5986,.T.);
#3553=EDGE_CURVE('',#5013,#5014,#5987,.T.);
#3554=EDGE_CURVE('',#5014,#5015,#5988,.T.);
#3555=EDGE_CURVE('',#5015,#5016,#5989,.T.);
#3556=EDGE_CURVE('',#5016,#5017,#5990,.T.);
#3557=EDGE_CURVE('',#5017,#5018,#5991,.T.);
#3558=EDGE_CURVE('',#5018,#5019,#5992,.T.);
#3559=EDGE_CURVE('',#5019,#5020,#5993,.T.);
#3560=EDGE_CURVE('',#5020,#5009,#5994,.T.);
#3561=EDGE_CURVE('',#5021,#5022,#5995,.T.);
#3562=EDGE_CURVE('',#5022,#5023,#5996,.T.);
#3563=EDGE_CURVE('',#5023,#5024,#5997,.T.);
#3564=EDGE_CURVE('',#5024,#5025,#5998,.T.);
#3565=EDGE_CURVE('',#5025,#5026,#5999,.T.);
#3566=EDGE_CURVE('',#5026,#5027,#6000,.T.);
#3567=EDGE_CURVE('',#5027,#5028,#6001,.T.);
#3568=EDGE_CURVE('',#5028,#5021,#6002,.T.);
#3569=EDGE_CURVE('',#5029,#5030,#6003,.T.);
#3570=EDGE_CURVE('',#5030,#5031,#225,.F.);
#3571=EDGE_CURVE('',#5031,#5032,#226,.F.);
#3572=EDGE_CURVE('',#5032,#5033,#227,.F.);
#3573=EDGE_CURVE('',#5033,#5034,#6004,.T.);
#3574=EDGE_CURVE('',#5034,#5035,#228,.F.);
#3575=EDGE_CURVE('',#5035,#5036,#229,.F.);
#3576=EDGE_CURVE('',#5036,#5037,#230,.F.);
#3577=EDGE_CURVE('',#5037,#5038,#6005,.T.);
#3578=EDGE_CURVE('',#5038,#5039,#231,.F.);
#3579=EDGE_CURVE('',#5039,#5040,#232,.F.);
#3580=EDGE_CURVE('',#5040,#5041,#233,.F.);
#3581=EDGE_CURVE('',#5041,#5042,#6006,.T.);
#3582=EDGE_CURVE('',#5042,#5043,#6007,.T.);
#3583=EDGE_CURVE('',#5043,#5044,#6008,.T.);
#3584=EDGE_CURVE('',#5044,#5045,#234,.T.);
#3585=EDGE_CURVE('',#5045,#5046,#235,.T.);
#3586=EDGE_CURVE('',#5046,#5047,#6009,.T.);
#3587=EDGE_CURVE('',#5047,#5048,#236,.T.);
#3588=EDGE_CURVE('',#5048,#5049,#237,.T.);
#3589=EDGE_CURVE('',#5049,#5050,#6010,.T.);
#3590=EDGE_CURVE('',#5050,#5051,#238,.T.);
#3591=EDGE_CURVE('',#5051,#5052,#239,.T.);
#3592=EDGE_CURVE('',#5052,#5053,#6011,.T.);
#3593=EDGE_CURVE('',#5053,#5054,#240,.T.);
#3594=EDGE_CURVE('',#5054,#5055,#241,.T.);
#3595=EDGE_CURVE('',#5055,#5056,#6012,.T.);
#3596=EDGE_CURVE('',#5056,#5057,#6013,.T.);
#3597=EDGE_CURVE('',#5057,#5058,#6014,.T.);
#3598=EDGE_CURVE('',#5058,#5059,#6015,.T.);
#3599=EDGE_CURVE('',#5059,#5060,#6016,.T.);
#3600=EDGE_CURVE('',#5060,#5061,#242,.F.);
#3601=EDGE_CURVE('',#5061,#5062,#243,.F.);
#3602=EDGE_CURVE('',#5062,#5029,#244,.F.);
#3603=EDGE_CURVE('',#5063,#5064,#6017,.T.);
#3604=EDGE_CURVE('',#5064,#5065,#6018,.T.);
#3605=EDGE_CURVE('',#5065,#5066,#6019,.T.);
#3606=EDGE_CURVE('',#5066,#5067,#6020,.T.);
#3607=EDGE_CURVE('',#5067,#5068,#6021,.T.);
#3608=EDGE_CURVE('',#5068,#5069,#6022,.T.);
#3609=EDGE_CURVE('',#5069,#5070,#245,.F.);
#3610=EDGE_CURVE('',#5070,#5071,#246,.F.);
#3611=EDGE_CURVE('',#5071,#5072,#247,.F.);
#3612=EDGE_CURVE('',#5072,#5073,#6023,.T.);
#3613=EDGE_CURVE('',#5073,#5074,#248,.F.);
#3614=EDGE_CURVE('',#5074,#5075,#249,.F.);
#3615=EDGE_CURVE('',#5075,#5076,#250,.F.);
#3616=EDGE_CURVE('',#5076,#5077,#6024,.T.);
#3617=EDGE_CURVE('',#5077,#5078,#6025,.T.);
#3618=EDGE_CURVE('',#5078,#5079,#6026,.T.);
#3619=EDGE_CURVE('',#5079,#5063,#6027,.T.);
#3620=EDGE_CURVE('',#4987,#5080,#6028,.T.);
#3621=EDGE_CURVE('',#4938,#5080,#6029,.T.);
#3622=EDGE_CURVE('',#4943,#4937,#6030,.T.);
#3623=EDGE_CURVE('',#4968,#4942,#6031,.T.);
#3624=EDGE_CURVE('',#4973,#4967,#6032,.T.);
#3625=EDGE_CURVE('',#5081,#4972,#6033,.T.);
#3626=EDGE_CURVE('',#5081,#4984,#6034,.T.);
#3627=EDGE_CURVE('',#5082,#5083,#6035,.T.);
#3628=EDGE_CURVE('',#5083,#5084,#251,.F.);
#3629=EDGE_CURVE('',#5084,#5085,#252,.F.);
#3630=EDGE_CURVE('',#5085,#5086,#253,.F.);
#3631=EDGE_CURVE('',#5086,#5087,#6036,.T.);
#3632=EDGE_CURVE('',#5087,#5088,#254,.F.);
#3633=EDGE_CURVE('',#5088,#5089,#255,.F.);
#3634=EDGE_CURVE('',#5089,#5090,#256,.F.);
#3635=EDGE_CURVE('',#5090,#5091,#6037,.T.);
#3636=EDGE_CURVE('',#5091,#5092,#257,.F.);
#3637=EDGE_CURVE('',#5092,#5093,#258,.F.);
#3638=EDGE_CURVE('',#5093,#5094,#259,.F.);
#3639=EDGE_CURVE('',#5094,#5095,#6038,.T.);
#3640=EDGE_CURVE('',#5095,#5096,#260,.F.);
#3641=EDGE_CURVE('',#5096,#5097,#261,.F.);
#3642=EDGE_CURVE('',#5097,#5082,#262,.F.);
#3643=EDGE_CURVE('',#5098,#5099,#6039,.T.);
#3644=EDGE_CURVE('',#5099,#5100,#6040,.T.);
#3645=EDGE_CURVE('',#5100,#5101,#263,.F.);
#3646=EDGE_CURVE('',#5101,#5102,#264,.F.);
#3647=EDGE_CURVE('',#5102,#5103,#265,.F.);
#3648=EDGE_CURVE('',#5103,#5104,#6041,.T.);
#3649=EDGE_CURVE('',#5104,#5105,#266,.F.);
#3650=EDGE_CURVE('',#5105,#5106,#267,.F.);
#3651=EDGE_CURVE('',#5106,#5107,#268,.F.);
#3652=EDGE_CURVE('',#5107,#5108,#6042,.T.);
#3653=EDGE_CURVE('',#5108,#5109,#6043,.T.);
#3654=EDGE_CURVE('',#5109,#5110,#6044,.T.);
#3655=EDGE_CURVE('',#5110,#5111,#6045,.T.);
#3656=EDGE_CURVE('',#5111,#5098,#6046,.T.);
#3657=EDGE_CURVE('',#5112,#5113,#6047,.T.);
#3658=EDGE_CURVE('',#5113,#5114,#6048,.T.);
#3659=EDGE_CURVE('',#5114,#5115,#6049,.T.);
#3660=EDGE_CURVE('',#5115,#5116,#269,.F.);
#3661=EDGE_CURVE('',#5116,#5117,#270,.F.);
#3662=EDGE_CURVE('',#5117,#5118,#271,.F.);
#3663=EDGE_CURVE('',#5118,#5119,#6050,.T.);
#3664=EDGE_CURVE('',#5119,#5120,#272,.F.);
#3665=EDGE_CURVE('',#5120,#5121,#273,.F.);
#3666=EDGE_CURVE('',#5121,#5122,#274,.F.);
#3667=EDGE_CURVE('',#5122,#5123,#6051,.T.);
#3668=EDGE_CURVE('',#5123,#5112,#6052,.T.);
#3669=EDGE_CURVE('',#5124,#5125,#6053,.T.);
#3670=EDGE_CURVE('',#5125,#5126,#6054,.T.);
#3671=EDGE_CURVE('',#5126,#5127,#6055,.T.);
#3672=EDGE_CURVE('',#5127,#5124,#6056,.T.);
#3673=EDGE_CURVE('',#5128,#5129,#6057,.T.);
#3674=EDGE_CURVE('',#5129,#5130,#6058,.T.);
#3675=EDGE_CURVE('',#5130,#5131,#6059,.T.);
#3676=EDGE_CURVE('',#5131,#5132,#6060,.T.);
#3677=EDGE_CURVE('',#5132,#5133,#6061,.T.);
#3678=EDGE_CURVE('',#5133,#5134,#6062,.T.);
#3679=EDGE_CURVE('',#5134,#5135,#6063,.T.);
#3680=EDGE_CURVE('',#5135,#5136,#6064,.T.);
#3681=EDGE_CURVE('',#5136,#5137,#6065,.T.);
#3682=EDGE_CURVE('',#5137,#5128,#6066,.T.);
#3683=EDGE_CURVE('',#5138,#5139,#6067,.T.);
#3684=EDGE_CURVE('',#5139,#5140,#275,.F.);
#3685=EDGE_CURVE('',#5140,#5141,#276,.F.);
#3686=EDGE_CURVE('',#5141,#5142,#277,.F.);
#3687=EDGE_CURVE('',#5142,#5143,#6068,.T.);
#3688=EDGE_CURVE('',#5143,#5144,#278,.F.);
#3689=EDGE_CURVE('',#5144,#5145,#279,.F.);
#3690=EDGE_CURVE('',#5145,#5146,#280,.F.);
#3691=EDGE_CURVE('',#5146,#5147,#6069,.T.);
#3692=EDGE_CURVE('',#5147,#5148,#281,.F.);
#3693=EDGE_CURVE('',#5148,#5149,#282,.F.);
#3694=EDGE_CURVE('',#5149,#5150,#283,.F.);
#3695=EDGE_CURVE('',#5150,#5151,#6070,.T.);
#3696=EDGE_CURVE('',#5151,#5152,#6071,.T.);
#3697=EDGE_CURVE('',#5152,#5153,#6072,.T.);
#3698=EDGE_CURVE('',#5153,#5154,#284,.T.);
#3699=EDGE_CURVE('',#5154,#5155,#285,.T.);
#3700=EDGE_CURVE('',#5155,#5156,#6073,.T.);
#3701=EDGE_CURVE('',#5156,#5157,#286,.T.);
#3702=EDGE_CURVE('',#5157,#5158,#287,.T.);
#3703=EDGE_CURVE('',#5158,#5159,#6074,.T.);
#3704=EDGE_CURVE('',#5159,#5160,#288,.T.);
#3705=EDGE_CURVE('',#5160,#5161,#289,.T.);
#3706=EDGE_CURVE('',#5161,#5162,#6075,.T.);
#3707=EDGE_CURVE('',#5162,#5163,#290,.T.);
#3708=EDGE_CURVE('',#5163,#5164,#291,.T.);
#3709=EDGE_CURVE('',#5164,#5165,#6076,.T.);
#3710=EDGE_CURVE('',#5165,#5166,#6077,.T.);
#3711=EDGE_CURVE('',#5166,#5167,#6078,.T.);
#3712=EDGE_CURVE('',#5167,#5168,#6079,.T.);
#3713=EDGE_CURVE('',#5168,#5169,#6080,.T.);
#3714=EDGE_CURVE('',#5169,#5170,#292,.F.);
#3715=EDGE_CURVE('',#5170,#5171,#293,.F.);
#3716=EDGE_CURVE('',#5171,#5138,#294,.F.);
#3717=EDGE_CURVE('',#5172,#5173,#6081,.T.);
#3718=EDGE_CURVE('',#5173,#5174,#295,.F.);
#3719=EDGE_CURVE('',#5174,#5175,#296,.F.);
#3720=EDGE_CURVE('',#5175,#5176,#297,.F.);
#3721=EDGE_CURVE('',#5176,#5177,#6082,.T.);
#3722=EDGE_CURVE('',#5177,#5178,#298,.F.);
#3723=EDGE_CURVE('',#5178,#5179,#299,.F.);
#3724=EDGE_CURVE('',#5179,#5180,#300,.F.);
#3725=EDGE_CURVE('',#5180,#5181,#6083,.T.);
#3726=EDGE_CURVE('',#5181,#5182,#6084,.T.);
#3727=EDGE_CURVE('',#5182,#5183,#6085,.T.);
#3728=EDGE_CURVE('',#5183,#5184,#301,.T.);
#3729=EDGE_CURVE('',#5184,#5185,#302,.T.);
#3730=EDGE_CURVE('',#5185,#5186,#6086,.T.);
#3731=EDGE_CURVE('',#5186,#5187,#303,.T.);
#3732=EDGE_CURVE('',#5187,#5188,#304,.T.);
#3733=EDGE_CURVE('',#5188,#5189,#6087,.T.);
#3734=EDGE_CURVE('',#5189,#5172,#6088,.T.);
#3735=EDGE_CURVE('',#5190,#5191,#6089,.T.);
#3736=EDGE_CURVE('',#5190,#5192,#6090,.T.);
#3737=EDGE_CURVE('',#5192,#5193,#6091,.T.);
#3738=EDGE_CURVE('',#5193,#5191,#6092,.T.);
#3739=EDGE_CURVE('',#5194,#5195,#6093,.T.);
#3740=EDGE_CURVE('',#5195,#5196,#6094,.T.);
#3741=EDGE_CURVE('',#5197,#5196,#6095,.T.);
#3742=EDGE_CURVE('',#5194,#5197,#6096,.T.);
#3743=EDGE_CURVE('',#5080,#5198,#6097,.F.);
#3744=EDGE_CURVE('',#5198,#5193,#6098,.T.);
#3745=EDGE_CURVE('',#5192,#5199,#6099,.T.);
#3746=EDGE_CURVE('',#5199,#5200,#6100,.F.);
#3747=EDGE_CURVE('',#5200,#5195,#6101,.F.);
#3748=EDGE_CURVE('',#5201,#5194,#6102,.T.);
#3749=EDGE_CURVE('',#5201,#5081,#6103,.T.);
#3750=EDGE_CURVE('',#4971,#4955,#6104,.T.);
#3751=EDGE_CURVE('',#4941,#4924,#6105,.T.);
#3752=EDGE_CURVE('',#4985,#5197,#6106,.T.);
#3753=EDGE_CURVE('',#4985,#5201,#6107,.T.);
#3754=EDGE_CURVE('',#5202,#5203,#6108,.T.);
#3755=EDGE_CURVE('',#5203,#5190,#6109,.T.);
#3756=EDGE_CURVE('',#4986,#5191,#6110,.T.);
#3757=EDGE_CURVE('',#5196,#5202,#6111,.F.);
#3758=EDGE_CURVE('',#5198,#4986,#6112,.T.);
#3759=EDGE_CURVE('',#5204,#5205,#6113,.T.);
#3760=EDGE_CURVE('',#5206,#5204,#6114,.T.);
#3761=EDGE_CURVE('',#5206,#5207,#6115,.T.);
#3762=EDGE_CURVE('',#5207,#5208,#6116,.T.);
#3763=EDGE_CURVE('',#5209,#5208,#6117,.T.);
#3764=EDGE_CURVE('',#5210,#5209,#6118,.T.);
#3765=EDGE_CURVE('',#5210,#5211,#6119,.T.);
#3766=EDGE_CURVE('',#5211,#5205,#6120,.T.);
#3767=EDGE_CURVE('',#5207,#5200,#6121,.F.);
#3768=EDGE_CURVE('',#5202,#5206,#6122,.F.);
#3769=EDGE_CURVE('',#5212,#5204,#6123,.T.);
#3770=EDGE_CURVE('',#5213,#5212,#6124,.T.);
#3771=EDGE_CURVE('',#5213,#5210,#6125,.T.);
#3772=EDGE_CURVE('',#5203,#5209,#6126,.T.);
#3773=EDGE_CURVE('',#5208,#5199,#6127,.F.);
#3774=EDGE_CURVE('',#5214,#5215,#6128,.T.);
#3775=EDGE_CURVE('',#5216,#5214,#6129,.T.);
#3776=EDGE_CURVE('',#5216,#5217,#6130,.T.);
#3777=EDGE_CURVE('',#5217,#5215,#6131,.T.);
#3778=EDGE_CURVE('',#5218,#5214,#305,.T.);
#3779=EDGE_CURVE('',#5219,#5218,#6132,.T.);
#3780=EDGE_CURVE('',#5219,#5216,#306,.T.);
#3781=EDGE_CURVE('',#5220,#5218,#307,.T.);
#3782=EDGE_CURVE('',#5221,#5220,#6133,.T.);
#3783=EDGE_CURVE('',#5221,#5219,#308,.T.);
#3784=EDGE_CURVE('',#5222,#5220,#6134,.T.);
#3785=EDGE_CURVE('',#5223,#5222,#6135,.T.);
#3786=EDGE_CURVE('',#5223,#5221,#6136,.T.);
#3787=EDGE_CURVE('',#5224,#5222,#309,.T.);
#3788=EDGE_CURVE('',#5225,#5224,#6137,.T.);
#3789=EDGE_CURVE('',#5225,#5223,#310,.T.);
#3790=EDGE_CURVE('',#5226,#5224,#311,.T.);
#3791=EDGE_CURVE('',#5227,#5226,#6138,.T.);
#3792=EDGE_CURVE('',#5227,#5225,#312,.T.);
#3793=EDGE_CURVE('',#5228,#5226,#6139,.T.);
#3794=EDGE_CURVE('',#5229,#5228,#6140,.T.);
#3795=EDGE_CURVE('',#5229,#5227,#6141,.T.);
#3796=EDGE_CURVE('',#5230,#5228,#313,.T.);
#3797=EDGE_CURVE('',#5231,#5230,#6142,.T.);
#3798=EDGE_CURVE('',#5231,#5229,#314,.T.);
#3799=EDGE_CURVE('',#5232,#5230,#315,.T.);
#3800=EDGE_CURVE('',#5233,#5232,#6143,.T.);
#3801=EDGE_CURVE('',#5233,#5231,#316,.T.);
#3802=EDGE_CURVE('',#5234,#5232,#6144,.T.);
#3803=EDGE_CURVE('',#5235,#5234,#6145,.T.);
#3804=EDGE_CURVE('',#5235,#5233,#6146,.T.);
#3805=EDGE_CURVE('',#5236,#5234,#317,.T.);
#3806=EDGE_CURVE('',#5237,#5236,#6147,.T.);
#3807=EDGE_CURVE('',#5237,#5235,#318,.T.);
#3808=EDGE_CURVE('',#5238,#5083,#6148,.T.);
#3809=EDGE_CURVE('',#5238,#5239,#319,.F.);
#3810=EDGE_CURVE('',#5239,#5084,#6149,.T.);
#3811=EDGE_CURVE('',#5240,#5082,#6150,.T.);
#3812=EDGE_CURVE('',#5240,#5238,#6151,.T.);
#3813=EDGE_CURVE('',#5241,#5097,#6152,.T.);
#3814=EDGE_CURVE('',#5241,#5240,#320,.F.);
#3815=EDGE_CURVE('',#5242,#5096,#6153,.T.);
#3816=EDGE_CURVE('',#5242,#5241,#321,.F.);
#3817=EDGE_CURVE('',#5243,#5095,#6154,.T.);
#3818=EDGE_CURVE('',#5243,#5242,#322,.F.);
#3819=EDGE_CURVE('',#5244,#5094,#6155,.T.);
#3820=EDGE_CURVE('',#5244,#5243,#6156,.T.);
#3821=EDGE_CURVE('',#5245,#5093,#6157,.T.);
#3822=EDGE_CURVE('',#5245,#5244,#323,.F.);
#3823=EDGE_CURVE('',#5246,#5092,#6158,.T.);
#3824=EDGE_CURVE('',#5246,#5245,#324,.F.);
#3825=EDGE_CURVE('',#5247,#5091,#6159,.T.);
#3826=EDGE_CURVE('',#5247,#5246,#325,.F.);
#3827=EDGE_CURVE('',#5248,#5090,#6160,.T.);
#3828=EDGE_CURVE('',#5248,#5247,#6161,.T.);
#3829=EDGE_CURVE('',#5249,#5089,#6162,.T.);
#3830=EDGE_CURVE('',#5249,#5248,#326,.F.);
#3831=EDGE_CURVE('',#5250,#5088,#6163,.T.);
#3832=EDGE_CURVE('',#5250,#5249,#327,.F.);
#3833=EDGE_CURVE('',#5251,#5087,#6164,.T.);
#3834=EDGE_CURVE('',#5251,#5250,#328,.F.);
#3835=EDGE_CURVE('',#5252,#5086,#6165,.T.);
#3836=EDGE_CURVE('',#5252,#5251,#6166,.T.);
#3837=EDGE_CURVE('',#5253,#5085,#6167,.T.);
#3838=EDGE_CURVE('',#5253,#5252,#329,.F.);
#3839=EDGE_CURVE('',#5239,#5253,#330,.F.);
#3840=EDGE_CURVE('',#5215,#5236,#331,.T.);
#3841=EDGE_CURVE('',#5217,#5237,#332,.T.);
#3842=EDGE_CURVE('',#5254,#5255,#6168,.T.);
#3843=EDGE_CURVE('',#5256,#5254,#6169,.T.);
#3844=EDGE_CURVE('',#5256,#5257,#6170,.T.);
#3845=EDGE_CURVE('',#5257,#5255,#6171,.T.);
#3846=EDGE_CURVE('',#5258,#5254,#333,.T.);
#3847=EDGE_CURVE('',#5259,#5258,#6172,.T.);
#3848=EDGE_CURVE('',#5259,#5256,#334,.T.);
#3849=EDGE_CURVE('',#5260,#5258,#335,.T.);
#3850=EDGE_CURVE('',#5261,#5260,#6173,.T.);
#3851=EDGE_CURVE('',#5261,#5259,#336,.T.);
#3852=EDGE_CURVE('',#5262,#5260,#6174,.T.);
#3853=EDGE_CURVE('',#5263,#5262,#6175,.T.);
#3854=EDGE_CURVE('',#5263,#5261,#6176,.T.);
#3855=EDGE_CURVE('',#5264,#5262,#337,.T.);
#3856=EDGE_CURVE('',#5265,#5264,#6177,.T.);
#3857=EDGE_CURVE('',#5265,#5263,#338,.T.);
#3858=EDGE_CURVE('',#5266,#5264,#339,.T.);
#3859=EDGE_CURVE('',#5267,#5266,#6178,.T.);
#3860=EDGE_CURVE('',#5267,#5265,#340,.T.);
#3861=EDGE_CURVE('',#5268,#5266,#6179,.T.);
#3862=EDGE_CURVE('',#5269,#5268,#6180,.T.);
#3863=EDGE_CURVE('',#5269,#5267,#6181,.T.);
#3864=EDGE_CURVE('',#5270,#5268,#341,.T.);
#3865=EDGE_CURVE('',#5271,#5270,#6182,.T.);
#3866=EDGE_CURVE('',#5271,#5269,#342,.T.);
#3867=EDGE_CURVE('',#5272,#5270,#343,.T.);
#3868=EDGE_CURVE('',#5273,#5272,#6183,.T.);
#3869=EDGE_CURVE('',#5273,#5271,#344,.T.);
#3870=EDGE_CURVE('',#5274,#5272,#6184,.T.);
#3871=EDGE_CURVE('',#5275,#5274,#6185,.T.);
#3872=EDGE_CURVE('',#5275,#5273,#6186,.T.);
#3873=EDGE_CURVE('',#5276,#5274,#345,.T.);
#3874=EDGE_CURVE('',#5277,#5276,#6187,.T.);
#3875=EDGE_CURVE('',#5277,#5275,#346,.T.);
#3876=EDGE_CURVE('',#5278,#5064,#6188,.T.);
#3877=EDGE_CURVE('',#5278,#5279,#6189,.T.);
#3878=EDGE_CURVE('',#5279,#5065,#6190,.T.);
#3879=EDGE_CURVE('',#5280,#5063,#6191,.T.);
#3880=EDGE_CURVE('',#5280,#5278,#6192,.T.);
#3881=EDGE_CURVE('',#5281,#5079,#6193,.T.);
#3882=EDGE_CURVE('',#5281,#5280,#6194,.T.);
#3883=EDGE_CURVE('',#5282,#5078,#6195,.T.);
#3884=EDGE_CURVE('',#5282,#5281,#6196,.T.);
#3885=EDGE_CURVE('',#5283,#5077,#6197,.T.);
#3886=EDGE_CURVE('',#5283,#5282,#6198,.T.);
#3887=EDGE_CURVE('',#5284,#5076,#6199,.T.);
#3888=EDGE_CURVE('',#5284,#5283,#6200,.T.);
#3889=EDGE_CURVE('',#5285,#5075,#6201,.T.);
#3890=EDGE_CURVE('',#5285,#5284,#347,.F.);
#3891=EDGE_CURVE('',#5286,#5074,#6202,.T.);
#3892=EDGE_CURVE('',#5286,#5285,#348,.F.);
#3893=EDGE_CURVE('',#5287,#5073,#6203,.T.);
#3894=EDGE_CURVE('',#5287,#5286,#349,.F.);
#3895=EDGE_CURVE('',#5288,#5072,#6204,.T.);
#3896=EDGE_CURVE('',#5288,#5287,#6205,.T.);
#3897=EDGE_CURVE('',#5289,#5071,#6206,.T.);
#3898=EDGE_CURVE('',#5289,#5288,#350,.F.);
#3899=EDGE_CURVE('',#5290,#5070,#6207,.T.);
#3900=EDGE_CURVE('',#5290,#5289,#351,.F.);
#3901=EDGE_CURVE('',#5291,#5069,#6208,.T.);
#3902=EDGE_CURVE('',#5291,#5290,#352,.F.);
#3903=EDGE_CURVE('',#5292,#5068,#6209,.T.);
#3904=EDGE_CURVE('',#5292,#5291,#6210,.T.);
#3905=EDGE_CURVE('',#5293,#5067,#6211,.T.);
#3906=EDGE_CURVE('',#5293,#5292,#6212,.T.);
#3907=EDGE_CURVE('',#5294,#5066,#6213,.T.);
#3908=EDGE_CURVE('',#5294,#5293,#6214,.T.);
#3909=EDGE_CURVE('',#5279,#5294,#6215,.T.);
#3910=EDGE_CURVE('',#5255,#5276,#353,.T.);
#3911=EDGE_CURVE('',#5257,#5277,#354,.T.);
#3912=EDGE_CURVE('',#5295,#5030,#6216,.T.);
#3913=EDGE_CURVE('',#5295,#5296,#355,.F.);
#3914=EDGE_CURVE('',#5296,#5031,#6217,.T.);
#3915=EDGE_CURVE('',#5297,#5029,#6218,.T.);
#3916=EDGE_CURVE('',#5297,#5295,#6219,.T.);
#3917=EDGE_CURVE('',#5298,#5062,#6220,.T.);
#3918=EDGE_CURVE('',#5298,#5297,#356,.F.);
#3919=EDGE_CURVE('',#5299,#5061,#6221,.T.);
#3920=EDGE_CURVE('',#5299,#5298,#357,.F.);
#3921=EDGE_CURVE('',#5300,#5060,#6222,.T.);
#3922=EDGE_CURVE('',#5300,#5299,#358,.F.);
#3923=EDGE_CURVE('',#5301,#5059,#6223,.T.);
#3924=EDGE_CURVE('',#5301,#5300,#6224,.T.);
#3925=EDGE_CURVE('',#5302,#5058,#6225,.T.);
#3926=EDGE_CURVE('',#5302,#5301,#6226,.T.);
#3927=EDGE_CURVE('',#5303,#5057,#6227,.T.);
#3928=EDGE_CURVE('',#5303,#5302,#6228,.T.);
#3929=EDGE_CURVE('',#5304,#5056,#6229,.T.);
#3930=EDGE_CURVE('',#5304,#5303,#6230,.T.);
#3931=EDGE_CURVE('',#5305,#5055,#6231,.T.);
#3932=EDGE_CURVE('',#5305,#5304,#6232,.T.);
#3933=EDGE_CURVE('',#5306,#5054,#6233,.T.);
#3934=EDGE_CURVE('',#5306,#5305,#359,.T.);
#3935=EDGE_CURVE('',#5307,#5053,#6234,.T.);
#3936=EDGE_CURVE('',#5307,#5306,#360,.T.);
#3937=EDGE_CURVE('',#5308,#5052,#6235,.T.);
#3938=EDGE_CURVE('',#5308,#5307,#6236,.T.);
#3939=EDGE_CURVE('',#5309,#5051,#6237,.T.);
#3940=EDGE_CURVE('',#5309,#5308,#361,.T.);
#3941=EDGE_CURVE('',#5310,#5050,#6238,.T.);
#3942=EDGE_CURVE('',#5310,#5309,#362,.T.);
#3943=EDGE_CURVE('',#5311,#5049,#6239,.T.);
#3944=EDGE_CURVE('',#5311,#5310,#6240,.T.);
#3945=EDGE_CURVE('',#5312,#5048,#6241,.T.);
#3946=EDGE_CURVE('',#5312,#5311,#363,.T.);
#3947=EDGE_CURVE('',#5313,#5047,#6242,.T.);
#3948=EDGE_CURVE('',#5313,#5312,#364,.T.);
#3949=EDGE_CURVE('',#5314,#5046,#6243,.T.);
#3950=EDGE_CURVE('',#5314,#5313,#6244,.T.);
#3951=EDGE_CURVE('',#5315,#5045,#6245,.T.);
#3952=EDGE_CURVE('',#5315,#5314,#365,.T.);
#3953=EDGE_CURVE('',#5316,#5044,#6246,.T.);
#3954=EDGE_CURVE('',#5316,#5315,#366,.T.);
#3955=EDGE_CURVE('',#5317,#5043,#6247,.T.);
#3956=EDGE_CURVE('',#5317,#5316,#6248,.T.);
#3957=EDGE_CURVE('',#5318,#5042,#6249,.T.);
#3958=EDGE_CURVE('',#5318,#5317,#6250,.T.);
#3959=EDGE_CURVE('',#5319,#5041,#6251,.T.);
#3960=EDGE_CURVE('',#5319,#5318,#6252,.T.);
#3961=EDGE_CURVE('',#5320,#5040,#6253,.T.);
#3962=EDGE_CURVE('',#5320,#5319,#367,.F.);
#3963=EDGE_CURVE('',#5321,#5039,#6254,.T.);
#3964=EDGE_CURVE('',#5321,#5320,#368,.F.);
#3965=EDGE_CURVE('',#5322,#5038,#6255,.T.);
#3966=EDGE_CURVE('',#5322,#5321,#369,.F.);
#3967=EDGE_CURVE('',#5323,#5037,#6256,.T.);
#3968=EDGE_CURVE('',#5323,#5322,#6257,.T.);
#3969=EDGE_CURVE('',#5324,#5036,#6258,.T.);
#3970=EDGE_CURVE('',#5324,#5323,#370,.F.);
#3971=EDGE_CURVE('',#5325,#5035,#6259,.T.);
#3972=EDGE_CURVE('',#5325,#5324,#371,.F.);
#3973=EDGE_CURVE('',#5326,#5034,#6260,.T.);
#3974=EDGE_CURVE('',#5326,#5325,#372,.F.);
#3975=EDGE_CURVE('',#5327,#5033,#6261,.T.);
#3976=EDGE_CURVE('',#5327,#5326,#6262,.T.);
#3977=EDGE_CURVE('',#5328,#5032,#6263,.T.);
#3978=EDGE_CURVE('',#5328,#5327,#373,.F.);
#3979=EDGE_CURVE('',#5296,#5328,#374,.F.);
#3980=EDGE_CURVE('',#5329,#5022,#6264,.T.);
#3981=EDGE_CURVE('',#5329,#5330,#6265,.T.);
#3982=EDGE_CURVE('',#5330,#5023,#6266,.T.);
#3983=EDGE_CURVE('',#5331,#5021,#6267,.T.);
#3984=EDGE_CURVE('',#5331,#5329,#6268,.T.);
#3985=EDGE_CURVE('',#5332,#5028,#6269,.T.);
#3986=EDGE_CURVE('',#5332,#5331,#6270,.T.);
#3987=EDGE_CURVE('',#5333,#5027,#6271,.T.);
#3988=EDGE_CURVE('',#5333,#5332,#6272,.T.);
#3989=EDGE_CURVE('',#5334,#5026,#6273,.T.);
#3990=EDGE_CURVE('',#5334,#5333,#6274,.T.);
#3991=EDGE_CURVE('',#5335,#5025,#6275,.T.);
#3992=EDGE_CURVE('',#5335,#5334,#6276,.T.);
#3993=EDGE_CURVE('',#5336,#5024,#6277,.T.);
#3994=EDGE_CURVE('',#5336,#5335,#6278,.T.);
#3995=EDGE_CURVE('',#5330,#5336,#6279,.T.);
#3996=EDGE_CURVE('',#5337,#5010,#6280,.T.);
#3997=EDGE_CURVE('',#5337,#5338,#6281,.T.);
#3998=EDGE_CURVE('',#5338,#5011,#6282,.T.);
#3999=EDGE_CURVE('',#5339,#5009,#6283,.T.);
#4000=EDGE_CURVE('',#5339,#5337,#6284,.T.);
#4001=EDGE_CURVE('',#5340,#5020,#6285,.T.);
#4002=EDGE_CURVE('',#5340,#5339,#6286,.T.);
#4003=EDGE_CURVE('',#5341,#5019,#6287,.T.);
#4004=EDGE_CURVE('',#5341,#5340,#6288,.T.);
#4005=EDGE_CURVE('',#5342,#5018,#6289,.T.);
#4006=EDGE_CURVE('',#5342,#5341,#6290,.T.);
#4007=EDGE_CURVE('',#5343,#5017,#6291,.T.);
#4008=EDGE_CURVE('',#5343,#5342,#6292,.T.);
#4009=EDGE_CURVE('',#5344,#5016,#6293,.T.);
#4010=EDGE_CURVE('',#5344,#5343,#6294,.T.);
#4011=EDGE_CURVE('',#5345,#5015,#6295,.T.);
#4012=EDGE_CURVE('',#5345,#5344,#6296,.T.);
#4013=EDGE_CURVE('',#5346,#5014,#6297,.T.);
#4014=EDGE_CURVE('',#5346,#5345,#6298,.T.);
#4015=EDGE_CURVE('',#5347,#5013,#6299,.T.);
#4016=EDGE_CURVE('',#5347,#5346,#6300,.T.);
#4017=EDGE_CURVE('',#5348,#5012,#6301,.T.);
#4018=EDGE_CURVE('',#5348,#5347,#6302,.T.);
#4019=EDGE_CURVE('',#5338,#5348,#6303,.T.);
#4020=EDGE_CURVE('',#5349,#5350,#6304,.T.);
#4021=EDGE_CURVE('',#5351,#5349,#6305,.T.);
#4022=EDGE_CURVE('',#5351,#5352,#6306,.T.);
#4023=EDGE_CURVE('',#5352,#5350,#6307,.T.);
#4024=EDGE_CURVE('',#5353,#5349,#6308,.T.);
#4025=EDGE_CURVE('',#5354,#5353,#6309,.T.);
#4026=EDGE_CURVE('',#5354,#5351,#6310,.T.);
#4027=EDGE_CURVE('',#5355,#5353,#375,.T.);
#4028=EDGE_CURVE('',#5356,#5355,#6311,.T.);
#4029=EDGE_CURVE('',#5356,#5354,#376,.T.);
#4030=EDGE_CURVE('',#5357,#5355,#377,.T.);
#4031=EDGE_CURVE('',#5358,#5357,#6312,.T.);
#4032=EDGE_CURVE('',#5358,#5356,#378,.T.);
#4033=EDGE_CURVE('',#5359,#5357,#6313,.T.);
#4034=EDGE_CURVE('',#5360,#5359,#6314,.T.);
#4035=EDGE_CURVE('',#5360,#5358,#6315,.T.);
#4036=EDGE_CURVE('',#5361,#5359,#379,.T.);
#4037=EDGE_CURVE('',#5362,#5361,#6316,.T.);
#4038=EDGE_CURVE('',#5362,#5360,#380,.T.);
#4039=EDGE_CURVE('',#5363,#5361,#381,.T.);
#4040=EDGE_CURVE('',#5364,#5363,#6317,.T.);
#4041=EDGE_CURVE('',#5364,#5362,#382,.T.);
#4042=EDGE_CURVE('',#5365,#5099,#6318,.T.);
#4043=EDGE_CURVE('',#5365,#5366,#6319,.T.);
#4044=EDGE_CURVE('',#5366,#5100,#6320,.T.);
#4045=EDGE_CURVE('',#5367,#5098,#6321,.T.);
#4046=EDGE_CURVE('',#5367,#5365,#6322,.T.);
#4047=EDGE_CURVE('',#5368,#5111,#6323,.T.);
#4048=EDGE_CURVE('',#5368,#5367,#6324,.T.);
#4049=EDGE_CURVE('',#5369,#5110,#6325,.T.);
#4050=EDGE_CURVE('',#5369,#5368,#6326,.T.);
#4051=EDGE_CURVE('',#5370,#5109,#6327,.T.);
#4052=EDGE_CURVE('',#5370,#5369,#6328,.T.);
#4053=EDGE_CURVE('',#5371,#5108,#6329,.T.);
#4054=EDGE_CURVE('',#5371,#5370,#6330,.T.);
#4055=EDGE_CURVE('',#5372,#5107,#6331,.T.);
#4056=EDGE_CURVE('',#5372,#5371,#6332,.T.);
#4057=EDGE_CURVE('',#5373,#5106,#6333,.T.);
#4058=EDGE_CURVE('',#5373,#5372,#383,.F.);
#4059=EDGE_CURVE('',#5374,#5105,#6334,.T.);
#4060=EDGE_CURVE('',#5374,#5373,#384,.F.);
#4061=EDGE_CURVE('',#5375,#5104,#6335,.T.);
#4062=EDGE_CURVE('',#5375,#5374,#385,.F.);
#4063=EDGE_CURVE('',#5376,#5103,#6336,.T.);
#4064=EDGE_CURVE('',#5376,#5375,#6337,.T.);
#4065=EDGE_CURVE('',#5377,#5102,#6338,.T.);
#4066=EDGE_CURVE('',#5377,#5376,#386,.F.);
#4067=EDGE_CURVE('',#5378,#5101,#6339,.T.);
#4068=EDGE_CURVE('',#5378,#5377,#387,.F.);
#4069=EDGE_CURVE('',#5366,#5378,#388,.F.);
#4070=EDGE_CURVE('',#5350,#5363,#6340,.T.);
#4071=EDGE_CURVE('',#5352,#5364,#6341,.T.);
#4072=EDGE_CURVE('',#5379,#5380,#6342,.T.);
#4073=EDGE_CURVE('',#5381,#5379,#6343,.T.);
#4074=EDGE_CURVE('',#5381,#5382,#6344,.T.);
#4075=EDGE_CURVE('',#5382,#5380,#6345,.T.);
#4076=EDGE_CURVE('',#5383,#5379,#389,.T.);
#4077=EDGE_CURVE('',#5384,#5383,#6346,.T.);
#4078=EDGE_CURVE('',#5384,#5381,#390,.T.);
#4079=EDGE_CURVE('',#5385,#5383,#391,.T.);
#4080=EDGE_CURVE('',#5386,#5385,#6347,.T.);
#4081=EDGE_CURVE('',#5386,#5384,#392,.T.);
#4082=EDGE_CURVE('',#5387,#5385,#6348,.T.);
#4083=EDGE_CURVE('',#5388,#5387,#6349,.T.);
#4084=EDGE_CURVE('',#5388,#5386,#6350,.T.);
#4085=EDGE_CURVE('',#5389,#5387,#393,.T.);
#4086=EDGE_CURVE('',#5390,#5389,#6351,.T.);
#4087=EDGE_CURVE('',#5390,#5388,#394,.T.);
#4088=EDGE_CURVE('',#5391,#5389,#395,.T.);
#4089=EDGE_CURVE('',#5392,#5391,#6352,.T.);
#4090=EDGE_CURVE('',#5392,#5390,#396,.T.);
#4091=EDGE_CURVE('',#5393,#5391,#6353,.T.);
#4092=EDGE_CURVE('',#5394,#5393,#6354,.T.);
#4093=EDGE_CURVE('',#5394,#5392,#6355,.T.);
#4094=EDGE_CURVE('',#5395,#5393,#397,.T.);
#4095=EDGE_CURVE('',#5396,#5395,#6356,.T.);
#4096=EDGE_CURVE('',#5396,#5394,#398,.T.);
#4097=EDGE_CURVE('',#5397,#5395,#399,.T.);
#4098=EDGE_CURVE('',#5398,#5397,#6357,.T.);
#4099=EDGE_CURVE('',#5398,#5396,#400,.T.);
#4100=EDGE_CURVE('',#5399,#5397,#6358,.T.);
#4101=EDGE_CURVE('',#5400,#5399,#6359,.T.);
#4102=EDGE_CURVE('',#5400,#5398,#6360,.T.);
#4103=EDGE_CURVE('',#5401,#5399,#401,.T.);
#4104=EDGE_CURVE('',#5402,#5401,#6361,.T.);
#4105=EDGE_CURVE('',#5402,#5400,#402,.T.);
#4106=EDGE_CURVE('',#5403,#4993,#6362,.T.);
#4107=EDGE_CURVE('',#5403,#5404,#6363,.T.);
#4108=EDGE_CURVE('',#5404,#4994,#6364,.T.);
#4109=EDGE_CURVE('',#5405,#4992,#6365,.T.);
#4110=EDGE_CURVE('',#5405,#5403,#6366,.T.);
#4111=EDGE_CURVE('',#5406,#5008,#6367,.T.);
#4112=EDGE_CURVE('',#5406,#5405,#6368,.T.);
#4113=EDGE_CURVE('',#5407,#5007,#6369,.T.);
#4114=EDGE_CURVE('',#5407,#5406,#6370,.T.);
#4115=EDGE_CURVE('',#5408,#5006,#6371,.T.);
#4116=EDGE_CURVE('',#5408,#5407,#6372,.T.);
#4117=EDGE_CURVE('',#5409,#5005,#6373,.T.);
#4118=EDGE_CURVE('',#5409,#5408,#6374,.T.);
#4119=EDGE_CURVE('',#5410,#5004,#6375,.T.);
#4120=EDGE_CURVE('',#5410,#5409,#403,.F.);
#4121=EDGE_CURVE('',#5411,#5003,#6376,.T.);
#4122=EDGE_CURVE('',#5411,#5410,#404,.F.);
#4123=EDGE_CURVE('',#5412,#5002,#6377,.T.);
#4124=EDGE_CURVE('',#5412,#5411,#405,.F.);
#4125=EDGE_CURVE('',#5413,#5001,#6378,.T.);
#4126=EDGE_CURVE('',#5413,#5412,#6379,.T.);
#4127=EDGE_CURVE('',#5414,#5000,#6380,.T.);
#4128=EDGE_CURVE('',#5414,#5413,#406,.F.);
#4129=EDGE_CURVE('',#5415,#4999,#6381,.T.);
#4130=EDGE_CURVE('',#5415,#5414,#407,.F.);
#4131=EDGE_CURVE('',#5416,#4998,#6382,.T.);
#4132=EDGE_CURVE('',#5416,#5415,#408,.F.);
#4133=EDGE_CURVE('',#5417,#4997,#6383,.T.);
#4134=EDGE_CURVE('',#5417,#5416,#6384,.T.);
#4135=EDGE_CURVE('',#5418,#4996,#6385,.T.);
#4136=EDGE_CURVE('',#5418,#5417,#6386,.T.);
#4137=EDGE_CURVE('',#5419,#4995,#6387,.T.);
#4138=EDGE_CURVE('',#5419,#5418,#6388,.T.);
#4139=EDGE_CURVE('',#5404,#5419,#6389,.T.);
#4140=EDGE_CURVE('',#5380,#5401,#409,.T.);
#4141=EDGE_CURVE('',#5382,#5402,#410,.T.);
#4142=EDGE_CURVE('',#5420,#5421,#6390,.T.);
#4143=EDGE_CURVE('',#5422,#5420,#6391,.T.);
#4144=EDGE_CURVE('',#5422,#5423,#6392,.T.);
#4145=EDGE_CURVE('',#5423,#5421,#6393,.T.);
#4146=EDGE_CURVE('',#5424,#5420,#411,.T.);
#4147=EDGE_CURVE('',#5425,#5424,#6394,.T.);
#4148=EDGE_CURVE('',#5425,#5422,#412,.T.);
#4149=EDGE_CURVE('',#5426,#5424,#413,.T.);
#4150=EDGE_CURVE('',#5427,#5426,#6395,.T.);
#4151=EDGE_CURVE('',#5427,#5425,#414,.T.);
#4152=EDGE_CURVE('',#5428,#5426,#6396,.T.);
#4153=EDGE_CURVE('',#5429,#5428,#6397,.T.);
#4154=EDGE_CURVE('',#5429,#5427,#6398,.T.);
#4155=EDGE_CURVE('',#5430,#5428,#415,.T.);
#4156=EDGE_CURVE('',#5431,#5430,#6399,.T.);
#4157=EDGE_CURVE('',#5431,#5429,#416,.T.);
#4158=EDGE_CURVE('',#5432,#5430,#417,.T.);
#4159=EDGE_CURVE('',#5433,#5432,#6400,.T.);
#4160=EDGE_CURVE('',#5433,#5431,#418,.T.);
#4161=EDGE_CURVE('',#5434,#5432,#6401,.T.);
#4162=EDGE_CURVE('',#5435,#5434,#6402,.T.);
#4163=EDGE_CURVE('',#5435,#5433,#6403,.T.);
#4164=EDGE_CURVE('',#5436,#5434,#419,.T.);
#4165=EDGE_CURVE('',#5437,#5436,#6404,.T.);
#4166=EDGE_CURVE('',#5437,#5435,#420,.T.);
#4167=EDGE_CURVE('',#5438,#5436,#421,.T.);
#4168=EDGE_CURVE('',#5439,#5438,#6405,.T.);
#4169=EDGE_CURVE('',#5439,#5437,#422,.T.);
#4170=EDGE_CURVE('',#5440,#5438,#6406,.T.);
#4171=EDGE_CURVE('',#5441,#5440,#6407,.T.);
#4172=EDGE_CURVE('',#5441,#5439,#6408,.T.);
#4173=EDGE_CURVE('',#5442,#5440,#423,.T.);
#4174=EDGE_CURVE('',#5443,#5442,#6409,.T.);
#4175=EDGE_CURVE('',#5443,#5441,#424,.T.);
#4176=EDGE_CURVE('',#5444,#5113,#6410,.T.);
#4177=EDGE_CURVE('',#5444,#5445,#6411,.T.);
#4178=EDGE_CURVE('',#5445,#5114,#6412,.T.);
#4179=EDGE_CURVE('',#5446,#5112,#6413,.T.);
#4180=EDGE_CURVE('',#5446,#5444,#6414,.T.);
#4181=EDGE_CURVE('',#5447,#5123,#6415,.T.);
#4182=EDGE_CURVE('',#5447,#5446,#6416,.T.);
#4183=EDGE_CURVE('',#5448,#5122,#6417,.T.);
#4184=EDGE_CURVE('',#5448,#5447,#6418,.T.);
#4185=EDGE_CURVE('',#5449,#5121,#6419,.T.);
#4186=EDGE_CURVE('',#5449,#5448,#425,.F.);
#4187=EDGE_CURVE('',#5450,#5120,#6420,.T.);
#4188=EDGE_CURVE('',#5450,#5449,#426,.F.);
#4189=EDGE_CURVE('',#5451,#5119,#6421,.T.);
#4190=EDGE_CURVE('',#5451,#5450,#427,.F.);
#4191=EDGE_CURVE('',#5452,#5118,#6422,.T.);
#4192=EDGE_CURVE('',#5452,#5451,#6423,.T.);
#4193=EDGE_CURVE('',#5453,#5117,#6424,.T.);
#4194=EDGE_CURVE('',#5453,#5452,#428,.F.);
#4195=EDGE_CURVE('',#5454,#5116,#6425,.T.);
#4196=EDGE_CURVE('',#5454,#5453,#429,.F.);
#4197=EDGE_CURVE('',#5455,#5115,#6426,.T.);
#4198=EDGE_CURVE('',#5455,#5454,#430,.F.);
#4199=EDGE_CURVE('',#5445,#5455,#6427,.T.);
#4200=EDGE_CURVE('',#5421,#5442,#431,.T.);
#4201=EDGE_CURVE('',#5423,#5443,#432,.T.);
#4202=EDGE_CURVE('',#5456,#5125,#6428,.T.);
#4203=EDGE_CURVE('',#5456,#5457,#6429,.T.);
#4204=EDGE_CURVE('',#5457,#5126,#6430,.T.);
#4205=EDGE_CURVE('',#5458,#5124,#6431,.T.);
#4206=EDGE_CURVE('',#5458,#5456,#6432,.T.);
#4207=EDGE_CURVE('',#5459,#5127,#6433,.T.);
#4208=EDGE_CURVE('',#5459,#5458,#6434,.T.);
#4209=EDGE_CURVE('',#5457,#5459,#6435,.T.);
#4210=EDGE_CURVE('',#5460,#5129,#6436,.T.);
#4211=EDGE_CURVE('',#5460,#5461,#6437,.T.);
#4212=EDGE_CURVE('',#5461,#5130,#6438,.T.);
#4213=EDGE_CURVE('',#5462,#5128,#6439,.T.);
#4214=EDGE_CURVE('',#5462,#5460,#6440,.T.);
#4215=EDGE_CURVE('',#5463,#5137,#6441,.T.);
#4216=EDGE_CURVE('',#5463,#5462,#6442,.T.);
#4217=EDGE_CURVE('',#5464,#5136,#6443,.T.);
#4218=EDGE_CURVE('',#5464,#5463,#6444,.T.);
#4219=EDGE_CURVE('',#5465,#5135,#6445,.T.);
#4220=EDGE_CURVE('',#5465,#5464,#6446,.T.);
#4221=EDGE_CURVE('',#5466,#5134,#6447,.T.);
#4222=EDGE_CURVE('',#5466,#5465,#6448,.T.);
#4223=EDGE_CURVE('',#5467,#5133,#6449,.T.);
#4224=EDGE_CURVE('',#5467,#5466,#6450,.T.);
#4225=EDGE_CURVE('',#5468,#5132,#6451,.T.);
#4226=EDGE_CURVE('',#5468,#5467,#6452,.T.);
#4227=EDGE_CURVE('',#5469,#5131,#6453,.T.);
#4228=EDGE_CURVE('',#5469,#5468,#6454,.T.);
#4229=EDGE_CURVE('',#5461,#5469,#6455,.T.);
#4230=EDGE_CURVE('',#5470,#5139,#6456,.T.);
#4231=EDGE_CURVE('',#5470,#5471,#433,.F.);
#4232=EDGE_CURVE('',#5471,#5140,#6457,.T.);
#4233=EDGE_CURVE('',#5472,#5138,#6458,.T.);
#4234=EDGE_CURVE('',#5472,#5470,#6459,.T.);
#4235=EDGE_CURVE('',#5473,#5171,#6460,.T.);
#4236=EDGE_CURVE('',#5473,#5472,#434,.F.);
#4237=EDGE_CURVE('',#5474,#5170,#6461,.T.);
#4238=EDGE_CURVE('',#5474,#5473,#435,.F.);
#4239=EDGE_CURVE('',#5475,#5169,#6462,.T.);
#4240=EDGE_CURVE('',#5475,#5474,#436,.F.);
#4241=EDGE_CURVE('',#5476,#5168,#6463,.T.);
#4242=EDGE_CURVE('',#5476,#5475,#6464,.T.);
#4243=EDGE_CURVE('',#5477,#5167,#6465,.T.);
#4244=EDGE_CURVE('',#5477,#5476,#6466,.T.);
#4245=EDGE_CURVE('',#5478,#5166,#6467,.T.);
#4246=EDGE_CURVE('',#5478,#5477,#6468,.T.);
#4247=EDGE_CURVE('',#5479,#5165,#6469,.T.);
#4248=EDGE_CURVE('',#5479,#5478,#6470,.T.);
#4249=EDGE_CURVE('',#5480,#5164,#6471,.T.);
#4250=EDGE_CURVE('',#5480,#5479,#6472,.T.);
#4251=EDGE_CURVE('',#5481,#5163,#6473,.T.);
#4252=EDGE_CURVE('',#5481,#5480,#437,.T.);
#4253=EDGE_CURVE('',#5482,#5162,#6474,.T.);
#4254=EDGE_CURVE('',#5482,#5481,#438,.T.);
#4255=EDGE_CURVE('',#5483,#5161,#6475,.T.);
#4256=EDGE_CURVE('',#5483,#5482,#6476,.T.);
#4257=EDGE_CURVE('',#5484,#5160,#6477,.T.);
#4258=EDGE_CURVE('',#5484,#5483,#439,.T.);
#4259=EDGE_CURVE('',#5485,#5159,#6478,.T.);
#4260=EDGE_CURVE('',#5485,#5484,#440,.T.);
#4261=EDGE_CURVE('',#5486,#5158,#6479,.T.);
#4262=EDGE_CURVE('',#5486,#5485,#6480,.T.);
#4263=EDGE_CURVE('',#5487,#5157,#6481,.T.);
#4264=EDGE_CURVE('',#5487,#5486,#441,.T.);
#4265=EDGE_CURVE('',#5488,#5156,#6482,.T.);
#4266=EDGE_CURVE('',#5488,#5487,#442,.T.);
#4267=EDGE_CURVE('',#5489,#5155,#6483,.T.);
#4268=EDGE_CURVE('',#5489,#5488,#6484,.T.);
#4269=EDGE_CURVE('',#5490,#5154,#6485,.T.);
#4270=EDGE_CURVE('',#5490,#5489,#443,.T.);
#4271=EDGE_CURVE('',#5491,#5153,#6486,.T.);
#4272=EDGE_CURVE('',#5491,#5490,#444,.T.);
#4273=EDGE_CURVE('',#5492,#5152,#6487,.T.);
#4274=EDGE_CURVE('',#5492,#5491,#6488,.T.);
#4275=EDGE_CURVE('',#5493,#5151,#6489,.T.);
#4276=EDGE_CURVE('',#5493,#5492,#6490,.T.);
#4277=EDGE_CURVE('',#5494,#5150,#6491,.T.);
#4278=EDGE_CURVE('',#5494,#5493,#6492,.T.);
#4279=EDGE_CURVE('',#5495,#5149,#6493,.T.);
#4280=EDGE_CURVE('',#5495,#5494,#445,.F.);
#4281=EDGE_CURVE('',#5496,#5148,#6494,.T.);
#4282=EDGE_CURVE('',#5496,#5495,#446,.F.);
#4283=EDGE_CURVE('',#5497,#5147,#6495,.T.);
#4284=EDGE_CURVE('',#5497,#5496,#447,.F.);
#4285=EDGE_CURVE('',#5498,#5146,#6496,.T.);
#4286=EDGE_CURVE('',#5498,#5497,#6497,.T.);
#4287=EDGE_CURVE('',#5499,#5145,#6498,.T.);
#4288=EDGE_CURVE('',#5499,#5498,#448,.F.);
#4289=EDGE_CURVE('',#5500,#5144,#6499,.T.);
#4290=EDGE_CURVE('',#5500,#5499,#449,.F.);
#4291=EDGE_CURVE('',#5501,#5143,#6500,.T.);
#4292=EDGE_CURVE('',#5501,#5500,#450,.F.);
#4293=EDGE_CURVE('',#5502,#5142,#6501,.T.);
#4294=EDGE_CURVE('',#5502,#5501,#6502,.T.);
#4295=EDGE_CURVE('',#5503,#5141,#6503,.T.);
#4296=EDGE_CURVE('',#5503,#5502,#451,.F.);
#4297=EDGE_CURVE('',#5471,#5503,#452,.F.);
#4298=EDGE_CURVE('',#5504,#5173,#6504,.T.);
#4299=EDGE_CURVE('',#5504,#5505,#453,.F.);
#4300=EDGE_CURVE('',#5505,#5174,#6505,.T.);
#4301=EDGE_CURVE('',#5506,#5172,#6506,.T.);
#4302=EDGE_CURVE('',#5506,#5504,#6507,.T.);
#4303=EDGE_CURVE('',#5507,#5189,#6508,.T.);
#4304=EDGE_CURVE('',#5507,#5506,#6509,.T.);
#4305=EDGE_CURVE('',#5508,#5188,#6510,.T.);
#4306=EDGE_CURVE('',#5508,#5507,#6511,.T.);
#4307=EDGE_CURVE('',#5509,#5187,#6512,.T.);
#4308=EDGE_CURVE('',#5509,#5508,#454,.T.);
#4309=EDGE_CURVE('',#5510,#5186,#6513,.T.);
#4310=EDGE_CURVE('',#5510,#5509,#455,.T.);
#4311=EDGE_CURVE('',#5511,#5185,#6514,.T.);
#4312=EDGE_CURVE('',#5511,#5510,#6515,.T.);
#4313=EDGE_CURVE('',#5512,#5184,#6516,.T.);
#4314=EDGE_CURVE('',#5512,#5511,#456,.T.);
#4315=EDGE_CURVE('',#5513,#5183,#6517,.T.);
#4316=EDGE_CURVE('',#5513,#5512,#457,.T.);
#4317=EDGE_CURVE('',#5514,#5182,#6518,.T.);
#4318=EDGE_CURVE('',#5514,#5513,#6519,.T.);
#4319=EDGE_CURVE('',#5515,#5181,#6520,.T.);
#4320=EDGE_CURVE('',#5515,#5514,#6521,.T.);
#4321=EDGE_CURVE('',#5516,#5180,#6522,.T.);
#4322=EDGE_CURVE('',#5516,#5515,#6523,.T.);
#4323=EDGE_CURVE('',#5517,#5179,#6524,.T.);
#4324=EDGE_CURVE('',#5517,#5516,#458,.F.);
#4325=EDGE_CURVE('',#5518,#5178,#6525,.T.);
#4326=EDGE_CURVE('',#5518,#5517,#459,.F.);
#4327=EDGE_CURVE('',#5519,#5177,#6526,.T.);
#4328=EDGE_CURVE('',#5519,#5518,#460,.F.);
#4329=EDGE_CURVE('',#5520,#5176,#6527,.T.);
#4330=EDGE_CURVE('',#5520,#5519,#6528,.T.);
#4331=EDGE_CURVE('',#5521,#5175,#6529,.T.);
#4332=EDGE_CURVE('',#5521,#5520,#461,.F.);
#4333=EDGE_CURVE('',#5505,#5521,#462,.F.);
#4334=EDGE_CURVE('',#5522,#4988,#6530,.T.);
#4335=EDGE_CURVE('',#5522,#5523,#6531,.T.);
#4336=EDGE_CURVE('',#5523,#4990,#6532,.T.);
#4337=EDGE_CURVE('',#5522,#5205,#6533,.T.);
#4338=EDGE_CURVE('',#5212,#4989,#6534,.T.);
#4339=EDGE_CURVE('',#5213,#4991,#6535,.T.);
#4340=EDGE_CURVE('',#5523,#5211,#6536,.T.);
#4341=EDGE_CURVE('',#4936,#4944,#6537,.T.);
#4342=EDGE_CURVE('',#4966,#4974,#6538,.T.);
#4343=EDGE_CURVE('',#4975,#4965,#6539,.T.);
#4344=EDGE_CURVE('',#4976,#4964,#6540,.T.);
#4345=EDGE_CURVE('',#4946,#4934,#6541,.T.);
#4346=EDGE_CURVE('',#4945,#4935,#6542,.T.);
#4347=EDGE_CURVE('',#4929,#4951,#6543,.T.);
#4348=EDGE_CURVE('',#4959,#4981,#6544,.T.);
#4349=EDGE_CURVE('',#4950,#4930,#6545,.T.);
#4350=EDGE_CURVE('',#4949,#4931,#6546,.T.);
#4351=EDGE_CURVE('',#4979,#4961,#6547,.T.);
#4352=EDGE_CURVE('',#4960,#4980,#6548,.T.);
#4353=EDGE_CURVE('',#4970,#4956,#6549,.T.);
#4354=EDGE_CURVE('',#4940,#4926,#6550,.T.);
#4355=EDGE_CURVE('',#4969,#4954,#6551,.T.);
#4356=EDGE_CURVE('',#4939,#4925,#6552,.T.);
#4357=EDGE_CURVE('',#5524,#5524,#463,.T.);
#4358=EDGE_CURVE('',#5525,#5525,#464,.T.);
#4359=EDGE_CURVE('',#5526,#5527,#6553,.T.);
#4360=EDGE_CURVE('',#5527,#5528,#6554,.T.);
#4361=EDGE_CURVE('',#5528,#5529,#6555,.T.);
#4362=EDGE_CURVE('',#5529,#5530,#6556,.T.);
#4363=EDGE_CURVE('',#5526,#5530,#6557,.T.);
#4364=EDGE_CURVE('',#5531,#5532,#6558,.T.);
#4365=EDGE_CURVE('',#5532,#5533,#6559,.T.);
#4366=EDGE_CURVE('',#5533,#5531,#6560,.T.);
#4367=EDGE_CURVE('',#5534,#5535,#6561,.T.);
#4368=EDGE_CURVE('',#5534,#5536,#6562,.T.);
#4369=EDGE_CURVE('',#5536,#5537,#6563,.T.);
#4370=EDGE_CURVE('',#5537,#5535,#6564,.T.);
#4371=EDGE_CURVE('',#5538,#5539,#6565,.T.);
#4372=EDGE_CURVE('',#5539,#5540,#6566,.T.);
#4373=EDGE_CURVE('',#5541,#5540,#6567,.T.);
#4374=EDGE_CURVE('',#5538,#5541,#6568,.T.);
#4375=EDGE_CURVE('',#5542,#5543,#6569,.T.);
#4376=EDGE_CURVE('',#5542,#5544,#6570,.T.);
#4377=EDGE_CURVE('',#5544,#5545,#6571,.T.);
#4378=EDGE_CURVE('',#5545,#5546,#6572,.T.);
#4379=EDGE_CURVE('',#5543,#5546,#6573,.T.);
#4380=EDGE_CURVE('',#5547,#5547,#465,.F.);
#4381=EDGE_CURVE('',#5548,#5549,#6574,.T.);
#4382=EDGE_CURVE('',#5549,#5543,#6575,.T.);
#4383=EDGE_CURVE('',#5546,#5550,#6576,.T.);
#4384=EDGE_CURVE('',#5551,#5550,#6577,.T.);
#4385=EDGE_CURVE('',#5551,#5552,#6578,.T.);
#4386=EDGE_CURVE('',#5553,#5552,#6579,.T.);
#4387=EDGE_CURVE('',#5554,#5553,#6580,.T.);
#4388=EDGE_CURVE('',#5555,#5554,#6581,.T.);
#4389=EDGE_CURVE('',#5555,#5556,#6582,.T.);
#4390=EDGE_CURVE('',#5557,#5556,#6583,.T.);
#4391=EDGE_CURVE('',#5557,#5558,#6584,.T.);
#4392=EDGE_CURVE('',#5558,#5559,#6585,.T.);
#4393=EDGE_CURVE('',#5559,#5560,#6586,.T.);
#4394=EDGE_CURVE('',#5560,#5541,#6587,.T.);
#4395=EDGE_CURVE('',#5548,#5540,#6588,.T.);
#4396=EDGE_CURVE('',#5561,#5562,#6589,.T.);
#4397=EDGE_CURVE('',#5561,#5563,#6590,.T.);
#4398=EDGE_CURVE('',#5563,#5564,#6591,.T.);
#4399=EDGE_CURVE('',#5564,#5562,#6592,.T.);
#4400=EDGE_CURVE('',#5565,#5566,#6593,.T.);
#4401=EDGE_CURVE('',#5565,#5567,#6594,.T.);
#4402=EDGE_CURVE('',#5567,#5568,#6595,.T.);
#4403=EDGE_CURVE('',#5566,#5568,#6596,.T.);
#4404=EDGE_CURVE('',#5569,#5570,#6597,.T.);
#4405=EDGE_CURVE('',#5569,#5571,#6598,.T.);
#4406=EDGE_CURVE('',#5571,#5572,#6599,.T.);
#4407=EDGE_CURVE('',#5570,#5572,#6600,.T.);
#4408=EDGE_CURVE('',#5573,#5574,#6601,.T.);
#4409=EDGE_CURVE('',#5575,#5573,#6602,.T.);
#4410=EDGE_CURVE('',#5575,#5576,#6603,.T.);
#4411=EDGE_CURVE('',#5576,#5574,#6604,.T.);
#4412=EDGE_CURVE('',#5577,#5563,#6605,.T.);
#4413=EDGE_CURVE('',#5578,#5577,#6606,.T.);
#4414=EDGE_CURVE('',#5578,#5574,#6607,.T.);
#4415=EDGE_CURVE('',#5579,#5576,#6608,.T.);
#4416=EDGE_CURVE('',#5580,#5579,#6609,.T.);
#4417=EDGE_CURVE('',#5580,#5572,#6610,.T.);
#4418=EDGE_CURVE('',#5581,#5571,#6611,.T.);
#4419=EDGE_CURVE('',#5582,#5581,#6612,.T.);
#4420=EDGE_CURVE('',#5582,#5568,#6613,.T.);
#4421=EDGE_CURVE('',#5583,#5567,#6614,.T.);
#4422=EDGE_CURVE('',#5584,#5583,#6615,.T.);
#4423=EDGE_CURVE('',#5584,#5585,#6616,.T.);
#4424=EDGE_CURVE('',#5586,#5585,#6617,.T.);
#4425=EDGE_CURVE('',#5586,#5587,#6618,.T.);
#4426=EDGE_CURVE('',#5587,#5588,#6619,.T.);
#4427=EDGE_CURVE('',#5588,#5589,#6620,.T.);
#4428=EDGE_CURVE('',#5564,#5589,#6621,.T.);
#4429=EDGE_CURVE('',#5588,#5590,#6622,.T.);
#4430=EDGE_CURVE('',#5591,#5590,#6623,.T.);
#4431=EDGE_CURVE('',#5553,#5591,#6624,.T.);
#4432=EDGE_CURVE('',#5552,#5592,#6625,.T.);
#4433=EDGE_CURVE('',#5592,#5593,#6626,.T.);
#4434=EDGE_CURVE('',#5589,#5593,#6627,.T.);
#4435=EDGE_CURVE('',#5594,#5595,#6628,.T.);
#4436=EDGE_CURVE('',#5594,#5596,#6629,.T.);
#4437=EDGE_CURVE('',#5596,#5597,#6630,.T.);
#4438=EDGE_CURVE('',#5597,#5598,#6631,.T.);
#4439=EDGE_CURVE('',#5598,#5599,#6632,.T.);
#4440=EDGE_CURVE('',#5599,#5600,#6633,.T.);
#4441=EDGE_CURVE('',#5600,#5601,#6634,.T.);
#4442=EDGE_CURVE('',#5602,#5601,#6635,.T.);
#4443=EDGE_CURVE('',#5602,#5603,#6636,.T.);
#4444=EDGE_CURVE('',#5603,#5604,#466,.F.);
#4445=EDGE_CURVE('',#5604,#5605,#467,.F.);
#4446=EDGE_CURVE('',#5605,#5606,#27,.T.);
#4447=EDGE_CURVE('',#5606,#5607,#6637,.T.);
#4448=EDGE_CURVE('',#5607,#5608,#6638,.T.);
#4449=EDGE_CURVE('',#5608,#5609,#6639,.T.);
#4450=EDGE_CURVE('',#5609,#5610,#468,.T.);
#4451=EDGE_CURVE('',#5610,#5611,#469,.T.);
#4452=EDGE_CURVE('',#5611,#5612,#6640,.T.);
#4453=EDGE_CURVE('',#5612,#5613,#470,.T.);
#4454=EDGE_CURVE('',#5613,#5614,#471,.T.);
#4455=EDGE_CURVE('',#5614,#5615,#6641,.T.);
#4456=EDGE_CURVE('',#5615,#5616,#472,.T.);
#4457=EDGE_CURVE('',#5616,#5617,#473,.T.);
#4458=EDGE_CURVE('',#5617,#5618,#6642,.T.);
#4459=EDGE_CURVE('',#5618,#5619,#474,.T.);
#4460=EDGE_CURVE('',#5619,#5620,#475,.T.);
#4461=EDGE_CURVE('',#5620,#5621,#6643,.T.);
#4462=EDGE_CURVE('',#5621,#5622,#6644,.T.);
#4463=EDGE_CURVE('',#5622,#5623,#6645,.T.);
#4464=EDGE_CURVE('',#5623,#5624,#6646,.T.);
#4465=EDGE_CURVE('',#5624,#5625,#6647,.T.);
#4466=EDGE_CURVE('',#5625,#5626,#28,.T.);
#4467=EDGE_CURVE('',#5626,#5627,#476,.F.);
#4468=EDGE_CURVE('',#5627,#5628,#477,.F.);
#4469=EDGE_CURVE('',#5628,#5629,#6648,.T.);
#4470=EDGE_CURVE('',#5630,#5629,#6649,.T.);
#4471=EDGE_CURVE('',#5630,#5631,#6650,.T.);
#4472=EDGE_CURVE('',#5632,#5631,#6651,.T.);
#4473=EDGE_CURVE('',#5633,#5632,#478,.T.);
#4474=EDGE_CURVE('',#5595,#5633,#6652,.T.);
#4475=EDGE_CURVE('',#5634,#5635,#6653,.T.);
#4476=EDGE_CURVE('',#5635,#5636,#6654,.T.);
#4477=EDGE_CURVE('',#5636,#5637,#6655,.T.);
#4478=EDGE_CURVE('',#5637,#5638,#6656,.T.);
#4479=EDGE_CURVE('',#5638,#5639,#6657,.T.);
#4480=EDGE_CURVE('',#5639,#5640,#6658,.T.);
#4481=EDGE_CURVE('',#5640,#5641,#6659,.T.);
#4482=EDGE_CURVE('',#5641,#5634,#6660,.T.);
#4483=EDGE_CURVE('',#5642,#5643,#6661,.T.);
#4484=EDGE_CURVE('',#5643,#5644,#6662,.T.);
#4485=EDGE_CURVE('',#5644,#5645,#6663,.T.);
#4486=EDGE_CURVE('',#5645,#5642,#6664,.T.);
#4487=EDGE_CURVE('',#5646,#5647,#6665,.T.);
#4488=EDGE_CURVE('',#5647,#5648,#6666,.T.);
#4489=EDGE_CURVE('',#5648,#5649,#6667,.T.);
#4490=EDGE_CURVE('',#5649,#5650,#479,.F.);
#4491=EDGE_CURVE('',#5650,#5651,#480,.F.);
#4492=EDGE_CURVE('',#5651,#5652,#29,.T.);
#4493=EDGE_CURVE('',#5652,#5653,#6668,.T.);
#4494=EDGE_CURVE('',#5653,#5654,#481,.F.);
#4495=EDGE_CURVE('',#5654,#5655,#482,.F.);
#4496=EDGE_CURVE('',#5655,#5656,#30,.T.);
#4497=EDGE_CURVE('',#5656,#5657,#6669,.T.);
#4498=EDGE_CURVE('',#5657,#5646,#6670,.T.);
#4499=EDGE_CURVE('',#5658,#5659,#31,.T.);
#4500=EDGE_CURVE('',#5659,#5660,#32,.T.);
#4501=EDGE_CURVE('',#5661,#5660,#33,.T.);
#4502=EDGE_CURVE('',#5661,#5662,#6671,.T.);
#4503=EDGE_CURVE('',#5663,#5662,#34,.T.);
#4504=EDGE_CURVE('',#5663,#5664,#35,.T.);
#4505=EDGE_CURVE('',#5664,#5658,#36,.T.);
#4506=EDGE_CURVE('',#5665,#5666,#6672,.T.);
#4507=EDGE_CURVE('',#5666,#5667,#6673,.T.);
#4508=EDGE_CURVE('',#5668,#5667,#6674,.T.);
#4509=EDGE_CURVE('',#5669,#5668,#6675,.T.);
#4510=EDGE_CURVE('',#5670,#5669,#6676,.T.);
#4511=EDGE_CURVE('',#5670,#5665,#6677,.T.);
#4512=EDGE_CURVE('',#5671,#5672,#6678,.T.);
#4513=EDGE_CURVE('',#5671,#5673,#6679,.T.);
#4514=EDGE_CURVE('',#5674,#5673,#6680,.T.);
#4515=EDGE_CURVE('',#5674,#5675,#6681,.T.);
#4516=EDGE_CURVE('',#5676,#5675,#6682,.T.);
#4517=EDGE_CURVE('',#5676,#5677,#6683,.T.);
#4518=EDGE_CURVE('',#5678,#5677,#6684,.T.);
#4519=EDGE_CURVE('',#5678,#5679,#6685,.T.);
#4520=EDGE_CURVE('',#5679,#5680,#6686,.T.);
#4521=EDGE_CURVE('',#5680,#5681,#6687,.T.);
#4522=EDGE_CURVE('',#5681,#5682,#6688,.T.);
#4523=EDGE_CURVE('',#5682,#5683,#6689,.T.);
#4524=EDGE_CURVE('',#5683,#5684,#6690,.T.);
#4525=EDGE_CURVE('',#5684,#5685,#6691,.T.);
#4526=EDGE_CURVE('',#5685,#5686,#6692,.T.);
#4527=EDGE_CURVE('',#5686,#5687,#6693,.T.);
#4528=EDGE_CURVE('',#5687,#5688,#6694,.T.);
#4529=EDGE_CURVE('',#5688,#5672,#6695,.T.);
#4530=EDGE_CURVE('',#5689,#5690,#6696,.T.);
#4531=EDGE_CURVE('',#5690,#5691,#6697,.T.);
#4532=EDGE_CURVE('',#5691,#5692,#6698,.T.);
#4533=EDGE_CURVE('',#5689,#5692,#6699,.T.);
#4534=EDGE_CURVE('',#5693,#5694,#6700,.T.);
#4535=EDGE_CURVE('',#5694,#5695,#6701,.T.);
#4536=EDGE_CURVE('',#5696,#5695,#6702,.T.);
#4537=EDGE_CURVE('',#5697,#5696,#6703,.T.);
#4538=EDGE_CURVE('',#5697,#5698,#6704,.T.);
#4539=EDGE_CURVE('',#5693,#5698,#6705,.T.);
#4540=EDGE_CURVE('',#5699,#5700,#6706,.T.);
#4541=EDGE_CURVE('',#5699,#5701,#6707,.T.);
#4542=EDGE_CURVE('',#5701,#5702,#37,.T.);
#4543=EDGE_CURVE('',#5702,#5703,#483,.F.);
#4544=EDGE_CURVE('',#5703,#5704,#38,.T.);
#4545=EDGE_CURVE('',#5704,#5705,#6708,.T.);
#4546=EDGE_CURVE('',#5705,#5706,#39,.T.);
#4547=EDGE_CURVE('',#5706,#5707,#484,.F.);
#4548=EDGE_CURVE('',#5707,#5708,#40,.T.);
#4549=EDGE_CURVE('',#5708,#5709,#6709,.T.);
#4550=EDGE_CURVE('',#5709,#5710,#6710,.T.);
#4551=EDGE_CURVE('',#5556,#5710,#6711,.T.);
#4552=EDGE_CURVE('',#5700,#5555,#6712,.T.);
#4553=EDGE_CURVE('',#5711,#5712,#6713,.T.);
#4554=EDGE_CURVE('',#5712,#5713,#6714,.T.);
#4555=EDGE_CURVE('',#5713,#5714,#6715,.T.);
#4556=EDGE_CURVE('',#5711,#5714,#6716,.T.);
#4557=EDGE_CURVE('',#5715,#5716,#24,.T.);
#4558=EDGE_CURVE('',#5716,#5633,#25,.T.);
#4559=EDGE_CURVE('',#5632,#5715,#26,.T.);
#4560=EDGE_CURVE('',#5717,#5718,#6717,.T.);
#4561=EDGE_CURVE('',#5717,#5535,#6718,.T.);
#4562=EDGE_CURVE('',#5719,#5537,#6719,.T.);
#4563=EDGE_CURVE('',#5720,#5719,#6720,.T.);
#4564=EDGE_CURVE('',#5721,#5720,#6721,.T.);
#4565=EDGE_CURVE('',#5722,#5721,#6722,.T.);
#4566=EDGE_CURVE('',#5722,#5675,#6723,.T.);
#4567=EDGE_CURVE('',#5674,#5723,#6724,.T.);
#4568=EDGE_CURVE('',#5723,#5591,#6725,.T.);
#4569=EDGE_CURVE('',#5724,#5590,#6726,.T.);
#4570=EDGE_CURVE('',#5724,#5725,#6727,.T.);
#4571=EDGE_CURVE('',#5529,#5725,#6728,.T.);
#4572=EDGE_CURVE('',#5718,#5528,#6729,.T.);
#4573=EDGE_CURVE('',#5726,#5726,#485,.T.);
#4574=EDGE_CURVE('',#5727,#5728,#6730,.T.);
#4575=EDGE_CURVE('',#5727,#5530,#6731,.T.);
#4576=EDGE_CURVE('',#5725,#5550,#6732,.T.);
#4577=EDGE_CURVE('',#5729,#5545,#6733,.T.);
#4578=EDGE_CURVE('',#5730,#5729,#6734,.T.);
#4579=EDGE_CURVE('',#5731,#5730,#6735,.T.);
#4580=EDGE_CURVE('',#5732,#5731,#6736,.T.);
#4581=EDGE_CURVE('',#5732,#5710,#6737,.T.);
#4582=EDGE_CURVE('',#5733,#5709,#6738,.T.);
#4583=EDGE_CURVE('',#5734,#5733,#6739,.T.);
#4584=EDGE_CURVE('',#5734,#5714,#6740,.T.);
#4585=EDGE_CURVE('',#5735,#5713,#6741,.T.);
#4586=EDGE_CURVE('',#5736,#5735,#6742,.T.);
#4587=EDGE_CURVE('',#5736,#5601,#6743,.T.);
#4588=EDGE_CURVE('',#5737,#5600,#6744,.T.);
#4589=EDGE_CURVE('',#5738,#5737,#6745,.T.);
#4590=EDGE_CURVE('',#5738,#5692,#6746,.T.);
#4591=EDGE_CURVE('',#5739,#5691,#6747,.T.);
#4592=EDGE_CURVE('',#5740,#5739,#6748,.T.);
#4593=EDGE_CURVE('',#5740,#5677,#6749,.T.);
#4594=EDGE_CURVE('',#5741,#5676,#6750,.T.);
#4595=EDGE_CURVE('',#5742,#5741,#6751,.T.);
#4596=EDGE_CURVE('',#5742,#5531,#6752,.T.);
#4597=EDGE_CURVE('',#5728,#5533,#6753,.T.);
#4598=EDGE_CURVE('',#5551,#5724,#6754,.T.);
#4599=EDGE_CURVE('',#5592,#5588,#6755,.T.);
#4600=EDGE_CURVE('',#5743,#5538,#6756,.T.);
#4601=EDGE_CURVE('',#5559,#5743,#6757,.T.);
#4602=EDGE_CURVE('',#5558,#5744,#6758,.T.);
#4603=EDGE_CURVE('',#5744,#5745,#6759,.T.);
#4604=EDGE_CURVE('',#5746,#5745,#6760,.T.);
#4605=EDGE_CURVE('',#5746,#5544,#6761,.T.);
#4606=EDGE_CURVE('',#5747,#5542,#6762,.T.);
#4607=EDGE_CURVE('',#5748,#5747,#6763,.T.);
#4608=EDGE_CURVE('',#5748,#5539,#6764,.T.);
#4609=EDGE_CURVE('',#5557,#5732,#6765,.T.);
#4610=EDGE_CURVE('',#5745,#5730,#6766,.T.);
#4611=EDGE_CURVE('',#5744,#5731,#6767,.T.);
#4612=EDGE_CURVE('',#5741,#5722,#6768,.T.);
#4613=EDGE_CURVE('',#5742,#5721,#6769,.T.);
#4614=EDGE_CURVE('',#5749,#5720,#6770,.T.);
#4615=EDGE_CURVE('',#5749,#5536,#6771,.T.);
#4616=EDGE_CURVE('',#5750,#5534,#6772,.T.);
#4617=EDGE_CURVE('',#5751,#5750,#6773,.T.);
#4618=EDGE_CURVE('',#5751,#5527,#6774,.T.);
#4619=EDGE_CURVE('',#5752,#5526,#6775,.T.);
#4620=EDGE_CURVE('',#5753,#5752,#6776,.T.);
#4621=EDGE_CURVE('',#5753,#5532,#6777,.T.);
#4622=EDGE_CURVE('',#5716,#5723,#6778,.T.);
#4623=EDGE_CURVE('',#5673,#5668,#6779,.T.);
#4624=EDGE_CURVE('',#5667,#5595,#6780,.T.);
#4625=EDGE_CURVE('',#5631,#5697,#6781,.T.);
#4626=EDGE_CURVE('',#5696,#5700,#6782,.T.);
#4627=EDGE_CURVE('',#5554,#5715,#6783,.T.);
#4628=EDGE_CURVE('',#5754,#5598,#6784,.T.);
#4629=EDGE_CURVE('',#5754,#5755,#6785,.T.);
#4630=EDGE_CURVE('',#5755,#5679,#6786,.T.);
#4631=EDGE_CURVE('',#5756,#5678,#6787,.T.);
#4632=EDGE_CURVE('',#5757,#5756,#6788,.T.);
#4633=EDGE_CURVE('',#5757,#5690,#6789,.T.);
#4634=EDGE_CURVE('',#5758,#5689,#6790,.T.);
#4635=EDGE_CURVE('',#5759,#5758,#6791,.T.);
#4636=EDGE_CURVE('',#5759,#5599,#6792,.T.);
#4637=EDGE_CURVE('',#5760,#5597,#6793,.T.);
#4638=EDGE_CURVE('',#5760,#5754,#6794,.T.);
#4639=EDGE_CURVE('',#5761,#5688,#6795,.T.);
#4640=EDGE_CURVE('',#5761,#5760,#6796,.T.);
#4641=EDGE_CURVE('',#5762,#5596,#6797,.T.);
#4642=EDGE_CURVE('',#5763,#5762,#6798,.T.);
#4643=EDGE_CURVE('',#5763,#5665,#6799,.T.);
#4644=EDGE_CURVE('',#5764,#5670,#6800,.T.);
#4645=EDGE_CURVE('',#5765,#5764,#6801,.T.);
#4646=EDGE_CURVE('',#5765,#5672,#6802,.T.);
#4647=EDGE_CURVE('',#5766,#5687,#6803,.T.);
#4648=EDGE_CURVE('',#5766,#5761,#6804,.T.);
#4649=EDGE_CURVE('',#5767,#5686,#6805,.T.);
#4650=EDGE_CURVE('',#5767,#5766,#6806,.T.);
#4651=EDGE_CURVE('',#5768,#5685,#6807,.T.);
#4652=EDGE_CURVE('',#5768,#5767,#6808,.T.);
#4653=EDGE_CURVE('',#5769,#5684,#6809,.T.);
#4654=EDGE_CURVE('',#5769,#5768,#6810,.T.);
#4655=EDGE_CURVE('',#5770,#5683,#6811,.T.);
#4656=EDGE_CURVE('',#5770,#5769,#6812,.T.);
#4657=EDGE_CURVE('',#5771,#5682,#6813,.T.);
#4658=EDGE_CURVE('',#5771,#5770,#6814,.T.);
#4659=EDGE_CURVE('',#5772,#5681,#6815,.T.);
#4660=EDGE_CURVE('',#5772,#5771,#6816,.T.);
#4661=EDGE_CURVE('',#5773,#5680,#6817,.T.);
#4662=EDGE_CURVE('',#5773,#5772,#6818,.T.);
#4663=EDGE_CURVE('',#5755,#5773,#6819,.T.);
#4664=EDGE_CURVE('',#5774,#5643,#6820,.T.);
#4665=EDGE_CURVE('',#5774,#5775,#6821,.T.);
#4666=EDGE_CURVE('',#5775,#5644,#6822,.T.);
#4667=EDGE_CURVE('',#5776,#5642,#6823,.T.);
#4668=EDGE_CURVE('',#5776,#5774,#6824,.T.);
#4669=EDGE_CURVE('',#5777,#5645,#6825,.T.);
#4670=EDGE_CURVE('',#5777,#5776,#6826,.T.);
#4671=EDGE_CURVE('',#5775,#5777,#6827,.T.);
#4672=EDGE_CURVE('',#5778,#5635,#6828,.T.);
#4673=EDGE_CURVE('',#5778,#5779,#6829,.T.);
#4674=EDGE_CURVE('',#5779,#5636,#6830,.T.);
#4675=EDGE_CURVE('',#5780,#5634,#6831,.T.);
#4676=EDGE_CURVE('',#5780,#5778,#6832,.T.);
#4677=EDGE_CURVE('',#5781,#5641,#6833,.T.);
#4678=EDGE_CURVE('',#5781,#5780,#6834,.T.);
#4679=EDGE_CURVE('',#5782,#5640,#6835,.T.);
#4680=EDGE_CURVE('',#5782,#5781,#6836,.T.);
#4681=EDGE_CURVE('',#5783,#5639,#6837,.T.);
#4682=EDGE_CURVE('',#5783,#5782,#6838,.T.);
#4683=EDGE_CURVE('',#5784,#5638,#6839,.T.);
#4684=EDGE_CURVE('',#5784,#5783,#6840,.T.);
#4685=EDGE_CURVE('',#5785,#5637,#6841,.T.);
#4686=EDGE_CURVE('',#5785,#5784,#6842,.T.);
#4687=EDGE_CURVE('',#5779,#5785,#6843,.T.);
#4688=EDGE_CURVE('',#5786,#5787,#6844,.T.);
#4689=EDGE_CURVE('',#5788,#5786,#6845,.T.);
#4690=EDGE_CURVE('',#5788,#5789,#6846,.T.);
#4691=EDGE_CURVE('',#5789,#5787,#6847,.T.);
#4692=EDGE_CURVE('',#5790,#5786,#486,.T.);
#4693=EDGE_CURVE('',#5791,#5790,#6848,.T.);
#4694=EDGE_CURVE('',#5791,#5788,#487,.T.);
#4695=EDGE_CURVE('',#5792,#5790,#488,.T.);
#4696=EDGE_CURVE('',#5793,#5792,#6849,.T.);
#4697=EDGE_CURVE('',#5793,#5791,#489,.T.);
#4698=EDGE_CURVE('',#5794,#5792,#6850,.T.);
#4699=EDGE_CURVE('',#5795,#5794,#6851,.T.);
#4700=EDGE_CURVE('',#5795,#5793,#6852,.T.);
#4701=EDGE_CURVE('',#5796,#5794,#490,.T.);
#4702=EDGE_CURVE('',#5797,#5796,#6853,.T.);
#4703=EDGE_CURVE('',#5797,#5795,#491,.T.);
#4704=EDGE_CURVE('',#5798,#5796,#492,.T.);
#4705=EDGE_CURVE('',#5799,#5798,#6854,.T.);
#4706=EDGE_CURVE('',#5799,#5797,#493,.T.);
#4707=EDGE_CURVE('',#5800,#5798,#6855,.T.);
#4708=EDGE_CURVE('',#5801,#5800,#6856,.T.);
#4709=EDGE_CURVE('',#5801,#5799,#6857,.T.);
#4710=EDGE_CURVE('',#5802,#5800,#494,.T.);
#4711=EDGE_CURVE('',#5803,#5802,#6858,.T.);
#4712=EDGE_CURVE('',#5803,#5801,#495,.T.);
#4713=EDGE_CURVE('',#5804,#5802,#496,.T.);
#4714=EDGE_CURVE('',#5805,#5804,#6859,.T.);
#4715=EDGE_CURVE('',#5805,#5803,#497,.T.);
#4716=EDGE_CURVE('',#5806,#5804,#6860,.T.);
#4717=EDGE_CURVE('',#5807,#5806,#6861,.T.);
#4718=EDGE_CURVE('',#5807,#5805,#6862,.T.);
#4719=EDGE_CURVE('',#5808,#5806,#498,.T.);
#4720=EDGE_CURVE('',#5809,#5808,#6863,.T.);
#4721=EDGE_CURVE('',#5809,#5807,#499,.T.);
#4722=EDGE_CURVE('',#5810,#5647,#6864,.T.);
#4723=EDGE_CURVE('',#5810,#5811,#6865,.T.);
#4724=EDGE_CURVE('',#5811,#5648,#6866,.T.);
#4725=EDGE_CURVE('',#5812,#5646,#6867,.T.);
#4726=EDGE_CURVE('',#5812,#5810,#6868,.T.);
#4727=EDGE_CURVE('',#5813,#5657,#6869,.T.);
#4728=EDGE_CURVE('',#5813,#5812,#6870,.T.);
#4729=EDGE_CURVE('',#5814,#5656,#6871,.T.);
#4730=EDGE_CURVE('',#5814,#5813,#6872,.T.);
#4731=EDGE_CURVE('',#5815,#5655,#6873,.T.);
#4732=EDGE_CURVE('',#5815,#5814,#41,.T.);
#4733=EDGE_CURVE('',#5816,#5654,#6874,.T.);
#4734=EDGE_CURVE('',#5816,#5815,#500,.F.);
#4735=EDGE_CURVE('',#5817,#5653,#6875,.T.);
#4736=EDGE_CURVE('',#5817,#5816,#501,.F.);
#4737=EDGE_CURVE('',#5818,#5652,#6876,.T.);
#4738=EDGE_CURVE('',#5818,#5817,#6877,.T.);
#4739=EDGE_CURVE('',#5819,#5651,#6878,.T.);
#4740=EDGE_CURVE('',#5819,#5818,#42,.T.);
#4741=EDGE_CURVE('',#5820,#5650,#6879,.T.);
#4742=EDGE_CURVE('',#5820,#5819,#502,.F.);
#4743=EDGE_CURVE('',#5821,#5649,#6880,.T.);
#4744=EDGE_CURVE('',#5821,#5820,#503,.F.);
#4745=EDGE_CURVE('',#5811,#5821,#6881,.T.);
#4746=EDGE_CURVE('',#5787,#5808,#504,.T.);
#4747=EDGE_CURVE('',#5789,#5809,#505,.T.);
#4748=EDGE_CURVE('',#5822,#5711,#6882,.T.);
#4749=EDGE_CURVE('',#5823,#5822,#6883,.T.);
#4750=EDGE_CURVE('',#5823,#5708,#6884,.T.);
#4751=EDGE_CURVE('',#5708,#5824,#6885,.T.);
#4752=EDGE_CURVE('',#5825,#5824,#6886,.T.);
#4753=EDGE_CURVE('',#5825,#5826,#6887,.T.);
#4754=EDGE_CURVE('',#5826,#5603,#6888,.T.);
#4755=EDGE_CURVE('',#5827,#5602,#6889,.T.);
#4756=EDGE_CURVE('',#5828,#5827,#6890,.T.);
#4757=EDGE_CURVE('',#5828,#5712,#6891,.T.);
#4758=EDGE_CURVE('',#5829,#5707,#6892,.T.);
#4759=EDGE_CURVE('',#5829,#5825,#43,.T.);
#4760=EDGE_CURVE('',#5830,#5706,#6893,.T.);
#4761=EDGE_CURVE('',#5830,#5829,#506,.F.);
#4762=EDGE_CURVE('',#5831,#5705,#6894,.T.);
#4763=EDGE_CURVE('',#5831,#5830,#44,.T.);
#4764=EDGE_CURVE('',#5832,#5704,#6895,.T.);
#4765=EDGE_CURVE('',#5832,#5831,#6896,.T.);
#4766=EDGE_CURVE('',#5833,#5703,#6897,.T.);
#4767=EDGE_CURVE('',#5833,#5832,#45,.T.);
#4768=EDGE_CURVE('',#5834,#5702,#6898,.T.);
#4769=EDGE_CURVE('',#5834,#5833,#507,.F.);
#4770=EDGE_CURVE('',#5835,#5701,#46,.T.);
#4771=EDGE_CURVE('',#5836,#5835,#6899,.T.);
#4772=EDGE_CURVE('',#5836,#5834,#47,.T.);
#4773=EDGE_CURVE('',#5837,#5628,#6900,.T.);
#4774=EDGE_CURVE('',#5837,#5836,#6901,.T.);
#4775=EDGE_CURVE('',#5838,#5701,#6902,.T.);
#4776=EDGE_CURVE('',#5839,#5838,#6903,.T.);
#4777=EDGE_CURVE('',#5839,#5694,#6904,.T.);
#4778=EDGE_CURVE('',#5840,#5693,#6905,.T.);
#4779=EDGE_CURVE('',#5841,#5840,#6906,.T.);
#4780=EDGE_CURVE('',#5841,#5629,#6907,.T.);
#4781=EDGE_CURVE('',#5842,#5627,#6908,.T.);
#4782=EDGE_CURVE('',#5842,#5837,#508,.F.);
#4783=EDGE_CURVE('',#5843,#5626,#6909,.T.);
#4784=EDGE_CURVE('',#5843,#5842,#509,.F.);
#4785=EDGE_CURVE('',#5844,#5625,#6910,.T.);
#4786=EDGE_CURVE('',#5844,#5843,#48,.T.);
#4787=EDGE_CURVE('',#5845,#5624,#6911,.T.);
#4788=EDGE_CURVE('',#5845,#5844,#6912,.T.);
#4789=EDGE_CURVE('',#5846,#5623,#6913,.T.);
#4790=EDGE_CURVE('',#5846,#5845,#6914,.T.);
#4791=EDGE_CURVE('',#5847,#5622,#6915,.T.);
#4792=EDGE_CURVE('',#5847,#5846,#6916,.T.);
#4793=EDGE_CURVE('',#5848,#5621,#6917,.T.);
#4794=EDGE_CURVE('',#5848,#5847,#6918,.T.);
#4795=EDGE_CURVE('',#5849,#5620,#6919,.T.);
#4796=EDGE_CURVE('',#5849,#5848,#6920,.T.);
#4797=EDGE_CURVE('',#5850,#5619,#6921,.T.);
#4798=EDGE_CURVE('',#5850,#5849,#510,.T.);
#4799=EDGE_CURVE('',#5851,#5618,#6922,.T.);
#4800=EDGE_CURVE('',#5851,#5850,#511,.T.);
#4801=EDGE_CURVE('',#5852,#5617,#6923,.T.);
#4802=EDGE_CURVE('',#5852,#5851,#6924,.T.);
#4803=EDGE_CURVE('',#5853,#5616,#6925,.T.);
#4804=EDGE_CURVE('',#5853,#5852,#512,.T.);
#4805=EDGE_CURVE('',#5854,#5615,#6926,.T.);
#4806=EDGE_CURVE('',#5854,#5853,#513,.T.);
#4807=EDGE_CURVE('',#5855,#5614,#6927,.T.);
#4808=EDGE_CURVE('',#5855,#5854,#6928,.T.);
#4809=EDGE_CURVE('',#5856,#5613,#6929,.T.);
#4810=EDGE_CURVE('',#5856,#5855,#514,.T.);
#4811=EDGE_CURVE('',#5857,#5612,#6930,.T.);
#4812=EDGE_CURVE('',#5857,#5856,#515,.T.);
#4813=EDGE_CURVE('',#5858,#5611,#6931,.T.);
#4814=EDGE_CURVE('',#5858,#5857,#6932,.T.);
#4815=EDGE_CURVE('',#5859,#5610,#6933,.T.);
#4816=EDGE_CURVE('',#5859,#5858,#516,.T.);
#4817=EDGE_CURVE('',#5860,#5609,#6934,.T.);
#4818=EDGE_CURVE('',#5860,#5859,#517,.T.);
#4819=EDGE_CURVE('',#5861,#5608,#6935,.T.);
#4820=EDGE_CURVE('',#5861,#5860,#6936,.T.);
#4821=EDGE_CURVE('',#5862,#5607,#6937,.T.);
#4822=EDGE_CURVE('',#5862,#5861,#6938,.T.);
#4823=EDGE_CURVE('',#5863,#5606,#6939,.T.);
#4824=EDGE_CURVE('',#5863,#5862,#6940,.T.);
#4825=EDGE_CURVE('',#5864,#5605,#6941,.T.);
#4826=EDGE_CURVE('',#5864,#5863,#49,.T.);
#4827=EDGE_CURVE('',#5865,#5604,#6942,.T.);
#4828=EDGE_CURVE('',#5865,#5864,#518,.F.);
#4829=EDGE_CURVE('',#5826,#5865,#519,.F.);
#4830=EDGE_CURVE('',#5823,#5733,#6943,.T.);
#4831=EDGE_CURVE('',#5822,#5734,#6944,.T.);
#4832=EDGE_CURVE('',#5828,#5735,#6945,.T.);
#4833=EDGE_CURVE('',#5827,#5736,#6946,.T.);
#4834=EDGE_CURVE('',#5866,#5841,#6947,.T.);
#4835=EDGE_CURVE('',#5866,#5630,#6948,.T.);
#4836=EDGE_CURVE('',#5867,#5698,#6949,.T.);
#4837=EDGE_CURVE('',#5840,#5867,#6950,.T.);
#4838=EDGE_CURVE('',#5868,#5697,#6951,.T.);
#4839=EDGE_CURVE('',#5868,#5867,#6952,.T.);
#4840=EDGE_CURVE('',#5869,#5631,#6953,.T.);
#4841=EDGE_CURVE('',#5869,#5868,#6954,.T.);
#4842=EDGE_CURVE('',#5866,#5869,#6955,.T.);
#4843=EDGE_CURVE('',#5839,#5870,#6956,.T.);
#4844=EDGE_CURVE('',#5870,#5695,#6957,.T.);
#4845=EDGE_CURVE('',#5871,#5699,#6958,.T.);
#4846=EDGE_CURVE('',#5871,#5838,#6959,.T.);
#4847=EDGE_CURVE('',#5872,#5700,#6960,.T.);
#4848=EDGE_CURVE('',#5871,#5872,#6961,.T.);
#4849=EDGE_CURVE('',#5873,#5696,#6962,.T.);
#4850=EDGE_CURVE('',#5873,#5872,#6963,.T.);
#4851=EDGE_CURVE('',#5873,#5870,#6964,.T.);
#4852=EDGE_CURVE('',#5759,#5737,#6965,.T.);
#4853=EDGE_CURVE('',#5758,#5738,#6966,.T.);
#4854=EDGE_CURVE('',#5757,#5739,#6967,.T.);
#4855=EDGE_CURVE('',#5756,#5740,#6968,.T.);
#4856=EDGE_CURVE('',#5874,#5765,#6969,.T.);
#4857=EDGE_CURVE('',#5874,#5671,#6970,.T.);
#4858=EDGE_CURVE('',#5875,#5669,#6971,.T.);
#4859=EDGE_CURVE('',#5764,#5875,#6972,.T.);
#4860=EDGE_CURVE('',#5876,#5668,#6973,.T.);
#4861=EDGE_CURVE('',#5875,#5876,#6974,.T.);
#4862=EDGE_CURVE('',#5877,#5673,#6975,.T.);
#4863=EDGE_CURVE('',#5877,#5876,#6976,.T.);
#4864=EDGE_CURVE('',#5874,#5877,#6977,.T.);
#4865=EDGE_CURVE('',#5878,#5666,#6978,.T.);
#4866=EDGE_CURVE('',#5878,#5879,#6979,.T.);
#4867=EDGE_CURVE('',#5879,#5667,#6980,.T.);
#4868=EDGE_CURVE('',#5763,#5878,#6981,.T.);
#4869=EDGE_CURVE('',#5880,#5594,#6982,.T.);
#4870=EDGE_CURVE('',#5880,#5762,#6983,.T.);
#4871=EDGE_CURVE('',#5881,#5595,#6984,.T.);
#4872=EDGE_CURVE('',#5880,#5881,#6985,.T.);
#4873=EDGE_CURVE('',#5879,#5881,#6986,.T.);
#4874=EDGE_CURVE('',#5882,#5662,#6987,.T.);
#4875=EDGE_CURVE('',#5883,#5882,#50,.T.);
#4876=EDGE_CURVE('',#5883,#5663,#6988,.T.);
#4877=EDGE_CURVE('',#5884,#5661,#6989,.T.);
#4878=EDGE_CURVE('',#5884,#5882,#6990,.T.);
#4879=EDGE_CURVE('',#5885,#5660,#6991,.T.);
#4880=EDGE_CURVE('',#5884,#5885,#51,.T.);
#4881=EDGE_CURVE('',#5886,#5885,#52,.T.);
#4882=EDGE_CURVE('',#5887,#5886,#53,.T.);
#4883=EDGE_CURVE('',#5888,#5887,#54,.T.);
#4884=EDGE_CURVE('',#5883,#5888,#55,.T.);
#4885=EDGE_CURVE('',#5888,#5664,#6992,.T.);
#4886=EDGE_CURVE('',#5887,#5658,#6993,.T.);
#4887=EDGE_CURVE('',#5886,#5659,#6994,.T.);
#4888=EDGE_CURVE('',#5587,#5889,#6995,.T.);
#4889=EDGE_CURVE('',#5586,#5890,#6996,.T.);
#4890=EDGE_CURVE('',#5890,#5889,#6997,.T.);
#4891=EDGE_CURVE('',#5562,#5593,#6998,.T.);
#4892=EDGE_CURVE('',#5891,#5573,#6999,.T.);
#4893=EDGE_CURVE('',#5891,#5892,#7000,.T.);
#4894=EDGE_CURVE('',#5892,#5561,#7001,.T.);
#4895=EDGE_CURVE('',#5889,#5592,#7002,.T.);
#4896=EDGE_CURVE('',#5890,#5893,#7003,.T.);
#4897=EDGE_CURVE('',#5894,#5893,#7004,.T.);
#4898=EDGE_CURVE('',#5894,#5895,#7005,.T.);
#4899=EDGE_CURVE('',#5895,#5565,#7006,.T.);
#4900=EDGE_CURVE('',#5896,#5566,#7007,.T.);
#4901=EDGE_CURVE('',#5896,#5897,#7008,.T.);
#4902=EDGE_CURVE('',#5897,#5569,#7009,.T.);
#4903=EDGE_CURVE('',#5898,#5570,#7010,.T.);
#4904=EDGE_CURVE('',#5898,#5899,#7011,.T.);
#4905=EDGE_CURVE('',#5899,#5575,#7012,.T.);
#4906=EDGE_CURVE('',#5893,#5585,#7013,.T.);
#4907=EDGE_CURVE('',#5899,#5579,#7014,.T.);
#4908=EDGE_CURVE('',#5898,#5580,#7015,.T.);
#4909=EDGE_CURVE('',#5897,#5581,#7016,.T.);
#4910=EDGE_CURVE('',#5896,#5582,#7017,.T.);
#4911=EDGE_CURVE('',#5895,#5583,#7018,.T.);
#4912=EDGE_CURVE('',#5894,#5584,#7019,.T.);
#4913=EDGE_CURVE('',#5892,#5577,#7020,.T.);
#4914=EDGE_CURVE('',#5891,#5578,#7021,.T.);
#4915=EDGE_CURVE('',#5743,#5560,#7022,.T.);
#4916=EDGE_CURVE('',#5747,#5549,#7023,.T.);
#4917=EDGE_CURVE('',#5748,#5548,#7024,.T.);
#4918=EDGE_CURVE('',#5746,#5729,#7025,.T.);
#4919=EDGE_CURVE('',#5752,#5727,#7026,.T.);
#4920=EDGE_CURVE('',#5753,#5728,#7027,.T.);
#4921=EDGE_CURVE('',#5749,#5719,#7028,.T.);
#4922=EDGE_CURVE('',#5750,#5717,#7029,.T.);
#4923=EDGE_CURVE('',#5751,#5718,#7030,.T.);
#4924=VERTEX_POINT('',#13755);
#4925=VERTEX_POINT('',#13756);
#4926=VERTEX_POINT('',#13758);
#4927=VERTEX_POINT('',#13760);
#4928=VERTEX_POINT('',#13762);
#4929=VERTEX_POINT('',#13764);
#4930=VERTEX_POINT('',#13766);
#4931=VERTEX_POINT('',#13768);
#4932=VERTEX_POINT('',#13770);
#4933=VERTEX_POINT('',#13772);
#4934=VERTEX_POINT('',#13774);
#4935=VERTEX_POINT('',#13776);
#4936=VERTEX_POINT('',#13778);
#4937=VERTEX_POINT('',#13780);
#4938=VERTEX_POINT('',#13782);
#4939=VERTEX_POINT('',#13786);
#4940=VERTEX_POINT('',#13787);
#4941=VERTEX_POINT('',#13789);
#4942=VERTEX_POINT('',#13791);
#4943=VERTEX_POINT('',#13793);
#4944=VERTEX_POINT('',#13795);
#4945=VERTEX_POINT('',#13797);
#4946=VERTEX_POINT('',#13799);
#4947=VERTEX_POINT('',#13801);
#4948=VERTEX_POINT('',#13803);
#4949=VERTEX_POINT('',#13805);
#4950=VERTEX_POINT('',#13807);
#4951=VERTEX_POINT('',#13809);
#4952=VERTEX_POINT('',#13811);
#4953=VERTEX_POINT('',#13813);
#4954=VERTEX_POINT('',#13817);
#4955=VERTEX_POINT('',#13818);
#4956=VERTEX_POINT('',#13820);
#4957=VERTEX_POINT('',#13822);
#4958=VERTEX_POINT('',#13824);
#4959=VERTEX_POINT('',#13826);
#4960=VERTEX_POINT('',#13828);
#4961=VERTEX_POINT('',#13830);
#4962=VERTEX_POINT('',#13832);
#4963=VERTEX_POINT('',#13834);
#4964=VERTEX_POINT('',#13836);
#4965=VERTEX_POINT('',#13838);
#4966=VERTEX_POINT('',#13840);
#4967=VERTEX_POINT('',#13842);
#4968=VERTEX_POINT('',#13844);
#4969=VERTEX_POINT('',#13848);
#4970=VERTEX_POINT('',#13849);
#4971=VERTEX_POINT('',#13851);
#4972=VERTEX_POINT('',#13853);
#4973=VERTEX_POINT('',#13855);
#4974=VERTEX_POINT('',#13857);
#4975=VERTEX_POINT('',#13859);
#4976=VERTEX_POINT('',#13861);
#4977=VERTEX_POINT('',#13863);
#4978=VERTEX_POINT('',#13865);
#4979=VERTEX_POINT('',#13867);
#4980=VERTEX_POINT('',#13869);
#4981=VERTEX_POINT('',#13871);
#4982=VERTEX_POINT('',#13873);
#4983=VERTEX_POINT('',#13875);
#4984=VERTEX_POINT('',#13891);
#4985=VERTEX_POINT('',#13892);
#4986=VERTEX_POINT('',#13894);
#4987=VERTEX_POINT('',#13896);
#4988=VERTEX_POINT('',#13899);
#4989=VERTEX_POINT('',#13900);
#4990=VERTEX_POINT('',#13902);
#4991=VERTEX_POINT('',#13904);
#4992=VERTEX_POINT('',#13908);
#4993=VERTEX_POINT('',#13909);
#4994=VERTEX_POINT('',#13911);
#4995=VERTEX_POINT('',#13913);
#4996=VERTEX_POINT('',#13915);
#4997=VERTEX_POINT('',#13917);
#4998=VERTEX_POINT('',#13919);
#4999=VERTEX_POINT('',#13921);
#5000=VERTEX_POINT('',#13923);
#5001=VERTEX_POINT('',#13925);
#5002=VERTEX_POINT('',#13927);
#5003=VERTEX_POINT('',#13929);
#5004=VERTEX_POINT('',#13931);
#5005=VERTEX_POINT('',#13933);
#5006=VERTEX_POINT('',#13935);
#5007=VERTEX_POINT('',#13937);
#5008=VERTEX_POINT('',#13939);
#5009=VERTEX_POINT('',#13942);
#5010=VERTEX_POINT('',#13943);
#5011=VERTEX_POINT('',#13945);
#5012=VERTEX_POINT('',#13947);
#5013=VERTEX_POINT('',#13949);
#5014=VERTEX_POINT('',#13951);
#5015=VERTEX_POINT('',#13953);
#5016=VERTEX_POINT('',#13955);
#5017=VERTEX_POINT('',#13957);
#5018=VERTEX_POINT('',#13959);
#5019=VERTEX_POINT('',#13961);
#5020=VERTEX_POINT('',#13963);
#5021=VERTEX_POINT('',#13966);
#5022=VERTEX_POINT('',#13967);
#5023=VERTEX_POINT('',#13969);
#5024=VERTEX_POINT('',#13971);
#5025=VERTEX_POINT('',#13973);
#5026=VERTEX_POINT('',#13975);
#5027=VERTEX_POINT('',#13977);
#5028=VERTEX_POINT('',#13979);
#5029=VERTEX_POINT('',#13982);
#5030=VERTEX_POINT('',#13983);
#5031=VERTEX_POINT('',#13985);
#5032=VERTEX_POINT('',#13987);
#5033=VERTEX_POINT('',#13989);
#5034=VERTEX_POINT('',#13991);
#5035=VERTEX_POINT('',#13993);
#5036=VERTEX_POINT('',#13995);
#5037=VERTEX_POINT('',#13997);
#5038=VERTEX_POINT('',#13999);
#5039=VERTEX_POINT('',#14001);
#5040=VERTEX_POINT('',#14003);
#5041=VERTEX_POINT('',#14005);
#5042=VERTEX_POINT('',#14007);
#5043=VERTEX_POINT('',#14009);
#5044=VERTEX_POINT('',#14011);
#5045=VERTEX_POINT('',#14013);
#5046=VERTEX_POINT('',#14015);
#5047=VERTEX_POINT('',#14017);
#5048=VERTEX_POINT('',#14019);
#5049=VERTEX_POINT('',#14021);
#5050=VERTEX_POINT('',#14023);
#5051=VERTEX_POINT('',#14025);
#5052=VERTEX_POINT('',#14027);
#5053=VERTEX_POINT('',#14029);
#5054=VERTEX_POINT('',#14031);
#5055=VERTEX_POINT('',#14033);
#5056=VERTEX_POINT('',#14035);
#5057=VERTEX_POINT('',#14037);
#5058=VERTEX_POINT('',#14039);
#5059=VERTEX_POINT('',#14041);
#5060=VERTEX_POINT('',#14043);
#5061=VERTEX_POINT('',#14045);
#5062=VERTEX_POINT('',#14047);
#5063=VERTEX_POINT('',#14050);
#5064=VERTEX_POINT('',#14051);
#5065=VERTEX_POINT('',#14053);
#5066=VERTEX_POINT('',#14055);
#5067=VERTEX_POINT('',#14057);
#5068=VERTEX_POINT('',#14059);
#5069=VERTEX_POINT('',#14061);
#5070=VERTEX_POINT('',#14063);
#5071=VERTEX_POINT('',#14065);
#5072=VERTEX_POINT('',#14067);
#5073=VERTEX_POINT('',#14069);
#5074=VERTEX_POINT('',#14071);
#5075=VERTEX_POINT('',#14073);
#5076=VERTEX_POINT('',#14075);
#5077=VERTEX_POINT('',#14077);
#5078=VERTEX_POINT('',#14079);
#5079=VERTEX_POINT('',#14081);
#5080=VERTEX_POINT('',#14084);
#5081=VERTEX_POINT('',#14090);
#5082=VERTEX_POINT('',#14093);
#5083=VERTEX_POINT('',#14094);
#5084=VERTEX_POINT('',#14096);
#5085=VERTEX_POINT('',#14098);
#5086=VERTEX_POINT('',#14100);
#5087=VERTEX_POINT('',#14102);
#5088=VERTEX_POINT('',#14104);
#5089=VERTEX_POINT('',#14106);
#5090=VERTEX_POINT('',#14108);
#5091=VERTEX_POINT('',#14110);
#5092=VERTEX_POINT('',#14112);
#5093=VERTEX_POINT('',#14114);
#5094=VERTEX_POINT('',#14116);
#5095=VERTEX_POINT('',#14118);
#5096=VERTEX_POINT('',#14120);
#5097=VERTEX_POINT('',#14122);
#5098=VERTEX_POINT('',#14125);
#5099=VERTEX_POINT('',#14126);
#5100=VERTEX_POINT('',#14128);
#5101=VERTEX_POINT('',#14130);
#5102=VERTEX_POINT('',#14132);
#5103=VERTEX_POINT('',#14134);
#5104=VERTEX_POINT('',#14136);
#5105=VERTEX_POINT('',#14138);
#5106=VERTEX_POINT('',#14140);
#5107=VERTEX_POINT('',#14142);
#5108=VERTEX_POINT('',#14144);
#5109=VERTEX_POINT('',#14146);
#5110=VERTEX_POINT('',#14148);
#5111=VERTEX_POINT('',#14150);
#5112=VERTEX_POINT('',#14153);
#5113=VERTEX_POINT('',#14154);
#5114=VERTEX_POINT('',#14156);
#5115=VERTEX_POINT('',#14158);
#5116=VERTEX_POINT('',#14160);
#5117=VERTEX_POINT('',#14162);
#5118=VERTEX_POINT('',#14164);
#5119=VERTEX_POINT('',#14166);
#5120=VERTEX_POINT('',#14168);
#5121=VERTEX_POINT('',#14170);
#5122=VERTEX_POINT('',#14172);
#5123=VERTEX_POINT('',#14174);
#5124=VERTEX_POINT('',#14177);
#5125=VERTEX_POINT('',#14178);
#5126=VERTEX_POINT('',#14180);
#5127=VERTEX_POINT('',#14182);
#5128=VERTEX_POINT('',#14185);
#5129=VERTEX_POINT('',#14186);
#5130=VERTEX_POINT('',#14188);
#5131=VERTEX_POINT('',#14190);
#5132=VERTEX_POINT('',#14192);
#5133=VERTEX_POINT('',#14194);
#5134=VERTEX_POINT('',#14196);
#5135=VERTEX_POINT('',#14198);
#5136=VERTEX_POINT('',#14200);
#5137=VERTEX_POINT('',#14202);
#5138=VERTEX_POINT('',#14205);
#5139=VERTEX_POINT('',#14206);
#5140=VERTEX_POINT('',#14208);
#5141=VERTEX_POINT('',#14210);
#5142=VERTEX_POINT('',#14212);
#5143=VERTEX_POINT('',#14214);
#5144=VERTEX_POINT('',#14216);
#5145=VERTEX_POINT('',#14218);
#5146=VERTEX_POINT('',#14220);
#5147=VERTEX_POINT('',#14222);
#5148=VERTEX_POINT('',#14224);
#5149=VERTEX_POINT('',#14226);
#5150=VERTEX_POINT('',#14228);
#5151=VERTEX_POINT('',#14230);
#5152=VERTEX_POINT('',#14232);
#5153=VERTEX_POINT('',#14234);
#5154=VERTEX_POINT('',#14236);
#5155=VERTEX_POINT('',#14238);
#5156=VERTEX_POINT('',#14240);
#5157=VERTEX_POINT('',#14242);
#5158=VERTEX_POINT('',#14244);
#5159=VERTEX_POINT('',#14246);
#5160=VERTEX_POINT('',#14248);
#5161=VERTEX_POINT('',#14250);
#5162=VERTEX_POINT('',#14252);
#5163=VERTEX_POINT('',#14254);
#5164=VERTEX_POINT('',#14256);
#5165=VERTEX_POINT('',#14258);
#5166=VERTEX_POINT('',#14260);
#5167=VERTEX_POINT('',#14262);
#5168=VERTEX_POINT('',#14264);
#5169=VERTEX_POINT('',#14266);
#5170=VERTEX_POINT('',#14268);
#5171=VERTEX_POINT('',#14270);
#5172=VERTEX_POINT('',#14273);
#5173=VERTEX_POINT('',#14274);
#5174=VERTEX_POINT('',#14276);
#5175=VERTEX_POINT('',#14278);
#5176=VERTEX_POINT('',#14280);
#5177=VERTEX_POINT('',#14282);
#5178=VERTEX_POINT('',#14284);
#5179=VERTEX_POINT('',#14286);
#5180=VERTEX_POINT('',#14288);
#5181=VERTEX_POINT('',#14290);
#5182=VERTEX_POINT('',#14292);
#5183=VERTEX_POINT('',#14294);
#5184=VERTEX_POINT('',#14296);
#5185=VERTEX_POINT('',#14298);
#5186=VERTEX_POINT('',#14300);
#5187=VERTEX_POINT('',#14302);
#5188=VERTEX_POINT('',#14304);
#5189=VERTEX_POINT('',#14306);
#5190=VERTEX_POINT('',#14310);
#5191=VERTEX_POINT('',#14311);
#5192=VERTEX_POINT('',#14313);
#5193=VERTEX_POINT('',#14315);
#5194=VERTEX_POINT('',#14319);
#5195=VERTEX_POINT('',#14320);
#5196=VERTEX_POINT('',#14322);
#5197=VERTEX_POINT('',#14324);
#5198=VERTEX_POINT('',#14328);
#5199=VERTEX_POINT('',#14331);
#5200=VERTEX_POINT('',#14333);
#5201=VERTEX_POINT('',#14336);
#5202=VERTEX_POINT('',#14345);
#5203=VERTEX_POINT('',#14346);
#5204=VERTEX_POINT('',#14356);
#5205=VERTEX_POINT('',#14357);
#5206=VERTEX_POINT('',#14359);
#5207=VERTEX_POINT('',#14361);
#5208=VERTEX_POINT('',#14363);
#5209=VERTEX_POINT('',#14365);
#5210=VERTEX_POINT('',#14367);
#5211=VERTEX_POINT('',#14369);
#5212=VERTEX_POINT('',#14376);
#5213=VERTEX_POINT('',#14378);
#5214=VERTEX_POINT('',#14386);
#5215=VERTEX_POINT('',#14387);
#5216=VERTEX_POINT('',#14389);
#5217=VERTEX_POINT('',#14391);
#5218=VERTEX_POINT('',#14395);
#5219=VERTEX_POINT('',#14397);
#5220=VERTEX_POINT('',#14401);
#5221=VERTEX_POINT('',#14403);
#5222=VERTEX_POINT('',#14407);
#5223=VERTEX_POINT('',#14409);
#5224=VERTEX_POINT('',#14413);
#5225=VERTEX_POINT('',#14415);
#5226=VERTEX_POINT('',#14419);
#5227=VERTEX_POINT('',#14421);
#5228=VERTEX_POINT('',#14425);
#5229=VERTEX_POINT('',#14427);
#5230=VERTEX_POINT('',#14431);
#5231=VERTEX_POINT('',#14433);
#5232=VERTEX_POINT('',#14437);
#5233=VERTEX_POINT('',#14439);
#5234=VERTEX_POINT('',#14443);
#5235=VERTEX_POINT('',#14445);
#5236=VERTEX_POINT('',#14449);
#5237=VERTEX_POINT('',#14451);
#5238=VERTEX_POINT('',#14455);
#5239=VERTEX_POINT('',#14457);
#5240=VERTEX_POINT('',#14461);
#5241=VERTEX_POINT('',#14465);
#5242=VERTEX_POINT('',#14469);
#5243=VERTEX_POINT('',#14473);
#5244=VERTEX_POINT('',#14477);
#5245=VERTEX_POINT('',#14481);
#5246=VERTEX_POINT('',#14485);
#5247=VERTEX_POINT('',#14489);
#5248=VERTEX_POINT('',#14493);
#5249=VERTEX_POINT('',#14497);
#5250=VERTEX_POINT('',#14501);
#5251=VERTEX_POINT('',#14505);
#5252=VERTEX_POINT('',#14509);
#5253=VERTEX_POINT('',#14513);
#5254=VERTEX_POINT('',#14523);
#5255=VERTEX_POINT('',#14524);
#5256=VERTEX_POINT('',#14526);
#5257=VERTEX_POINT('',#14528);
#5258=VERTEX_POINT('',#14532);
#5259=VERTEX_POINT('',#14534);
#5260=VERTEX_POINT('',#14538);
#5261=VERTEX_POINT('',#14540);
#5262=VERTEX_POINT('',#14544);
#5263=VERTEX_POINT('',#14546);
#5264=VERTEX_POINT('',#14550);
#5265=VERTEX_POINT('',#14552);
#5266=VERTEX_POINT('',#14556);
#5267=VERTEX_POINT('',#14558);
#5268=VERTEX_POINT('',#14562);
#5269=VERTEX_POINT('',#14564);
#5270=VERTEX_POINT('',#14568);
#5271=VERTEX_POINT('',#14570);
#5272=VERTEX_POINT('',#14574);
#5273=VERTEX_POINT('',#14576);
#5274=VERTEX_POINT('',#14580);
#5275=VERTEX_POINT('',#14582);
#5276=VERTEX_POINT('',#14586);
#5277=VERTEX_POINT('',#14588);
#5278=VERTEX_POINT('',#14592);
#5279=VERTEX_POINT('',#14594);
#5280=VERTEX_POINT('',#14598);
#5281=VERTEX_POINT('',#14602);
#5282=VERTEX_POINT('',#14606);
#5283=VERTEX_POINT('',#14610);
#5284=VERTEX_POINT('',#14614);
#5285=VERTEX_POINT('',#14618);
#5286=VERTEX_POINT('',#14622);
#5287=VERTEX_POINT('',#14626);
#5288=VERTEX_POINT('',#14630);
#5289=VERTEX_POINT('',#14634);
#5290=VERTEX_POINT('',#14638);
#5291=VERTEX_POINT('',#14642);
#5292=VERTEX_POINT('',#14646);
#5293=VERTEX_POINT('',#14650);
#5294=VERTEX_POINT('',#14654);
#5295=VERTEX_POINT('',#14664);
#5296=VERTEX_POINT('',#14666);
#5297=VERTEX_POINT('',#14670);
#5298=VERTEX_POINT('',#14674);
#5299=VERTEX_POINT('',#14678);
#5300=VERTEX_POINT('',#14682);
#5301=VERTEX_POINT('',#14686);
#5302=VERTEX_POINT('',#14690);
#5303=VERTEX_POINT('',#14694);
#5304=VERTEX_POINT('',#14698);
#5305=VERTEX_POINT('',#14702);
#5306=VERTEX_POINT('',#14706);
#5307=VERTEX_POINT('',#14710);
#5308=VERTEX_POINT('',#14714);
#5309=VERTEX_POINT('',#14718);
#5310=VERTEX_POINT('',#14722);
#5311=VERTEX_POINT('',#14726);
#5312=VERTEX_POINT('',#14730);
#5313=VERTEX_POINT('',#14734);
#5314=VERTEX_POINT('',#14738);
#5315=VERTEX_POINT('',#14742);
#5316=VERTEX_POINT('',#14746);
#5317=VERTEX_POINT('',#14750);
#5318=VERTEX_POINT('',#14754);
#5319=VERTEX_POINT('',#14758);
#5320=VERTEX_POINT('',#14762);
#5321=VERTEX_POINT('',#14766);
#5322=VERTEX_POINT('',#14770);
#5323=VERTEX_POINT('',#14774);
#5324=VERTEX_POINT('',#14778);
#5325=VERTEX_POINT('',#14782);
#5326=VERTEX_POINT('',#14786);
#5327=VERTEX_POINT('',#14790);
#5328=VERTEX_POINT('',#14794);
#5329=VERTEX_POINT('',#14801);
#5330=VERTEX_POINT('',#14803);
#5331=VERTEX_POINT('',#14807);
#5332=VERTEX_POINT('',#14811);
#5333=VERTEX_POINT('',#14815);
#5334=VERTEX_POINT('',#14819);
#5335=VERTEX_POINT('',#14823);
#5336=VERTEX_POINT('',#14827);
#5337=VERTEX_POINT('',#14834);
#5338=VERTEX_POINT('',#14836);
#5339=VERTEX_POINT('',#14840);
#5340=VERTEX_POINT('',#14844);
#5341=VERTEX_POINT('',#14848);
#5342=VERTEX_POINT('',#14852);
#5343=VERTEX_POINT('',#14856);
#5344=VERTEX_POINT('',#14860);
#5345=VERTEX_POINT('',#14864);
#5346=VERTEX_POINT('',#14868);
#5347=VERTEX_POINT('',#14872);
#5348=VERTEX_POINT('',#14876);
#5349=VERTEX_POINT('',#14883);
#5350=VERTEX_POINT('',#14884);
#5351=VERTEX_POINT('',#14886);
#5352=VERTEX_POINT('',#14888);
#5353=VERTEX_POINT('',#14892);
#5354=VERTEX_POINT('',#14894);
#5355=VERTEX_POINT('',#14898);
#5356=VERTEX_POINT('',#14900);
#5357=VERTEX_POINT('',#14904);
#5358=VERTEX_POINT('',#14906);
#5359=VERTEX_POINT('',#14910);
#5360=VERTEX_POINT('',#14912);
#5361=VERTEX_POINT('',#14916);
#5362=VERTEX_POINT('',#14918);
#5363=VERTEX_POINT('',#14922);
#5364=VERTEX_POINT('',#14924);
#5365=VERTEX_POINT('',#14928);
#5366=VERTEX_POINT('',#14930);
#5367=VERTEX_POINT('',#14934);
#5368=VERTEX_POINT('',#14938);
#5369=VERTEX_POINT('',#14942);
#5370=VERTEX_POINT('',#14946);
#5371=VERTEX_POINT('',#14950);
#5372=VERTEX_POINT('',#14954);
#5373=VERTEX_POINT('',#14958);
#5374=VERTEX_POINT('',#14962);
#5375=VERTEX_POINT('',#14966);
#5376=VERTEX_POINT('',#14970);
#5377=VERTEX_POINT('',#14974);
#5378=VERTEX_POINT('',#14978);
#5379=VERTEX_POINT('',#14988);
#5380=VERTEX_POINT('',#14989);
#5381=VERTEX_POINT('',#14991);
#5382=VERTEX_POINT('',#14993);
#5383=VERTEX_POINT('',#14997);
#5384=VERTEX_POINT('',#14999);
#5385=VERTEX_POINT('',#15003);
#5386=VERTEX_POINT('',#15005);
#5387=VERTEX_POINT('',#15009);
#5388=VERTEX_POINT('',#15011);
#5389=VERTEX_POINT('',#15015);
#5390=VERTEX_POINT('',#15017);
#5391=VERTEX_POINT('',#15021);
#5392=VERTEX_POINT('',#15023);
#5393=VERTEX_POINT('',#15027);
#5394=VERTEX_POINT('',#15029);
#5395=VERTEX_POINT('',#15033);
#5396=VERTEX_POINT('',#15035);
#5397=VERTEX_POINT('',#15039);
#5398=VERTEX_POINT('',#15041);
#5399=VERTEX_POINT('',#15045);
#5400=VERTEX_POINT('',#15047);
#5401=VERTEX_POINT('',#15051);
#5402=VERTEX_POINT('',#15053);
#5403=VERTEX_POINT('',#15057);
#5404=VERTEX_POINT('',#15059);
#5405=VERTEX_POINT('',#15063);
#5406=VERTEX_POINT('',#15067);
#5407=VERTEX_POINT('',#15071);
#5408=VERTEX_POINT('',#15075);
#5409=VERTEX_POINT('',#15079);
#5410=VERTEX_POINT('',#15083);
#5411=VERTEX_POINT('',#15087);
#5412=VERTEX_POINT('',#15091);
#5413=VERTEX_POINT('',#15095);
#5414=VERTEX_POINT('',#15099);
#5415=VERTEX_POINT('',#15103);
#5416=VERTEX_POINT('',#15107);
#5417=VERTEX_POINT('',#15111);
#5418=VERTEX_POINT('',#15115);
#5419=VERTEX_POINT('',#15119);
#5420=VERTEX_POINT('',#15129);
#5421=VERTEX_POINT('',#15130);
#5422=VERTEX_POINT('',#15132);
#5423=VERTEX_POINT('',#15134);
#5424=VERTEX_POINT('',#15138);
#5425=VERTEX_POINT('',#15140);
#5426=VERTEX_POINT('',#15144);
#5427=VERTEX_POINT('',#15146);
#5428=VERTEX_POINT('',#15150);
#5429=VERTEX_POINT('',#15152);
#5430=VERTEX_POINT('',#15156);
#5431=VERTEX_POINT('',#15158);
#5432=VERTEX_POINT('',#15162);
#5433=VERTEX_POINT('',#15164);
#5434=VERTEX_POINT('',#15168);
#5435=VERTEX_POINT('',#15170);
#5436=VERTEX_POINT('',#15174);
#5437=VERTEX_POINT('',#15176);
#5438=VERTEX_POINT('',#15180);
#5439=VERTEX_POINT('',#15182);
#5440=VERTEX_POINT('',#15186);
#5441=VERTEX_POINT('',#15188);
#5442=VERTEX_POINT('',#15192);
#5443=VERTEX_POINT('',#15194);
#5444=VERTEX_POINT('',#15198);
#5445=VERTEX_POINT('',#15200);
#5446=VERTEX_POINT('',#15204);
#5447=VERTEX_POINT('',#15208);
#5448=VERTEX_POINT('',#15212);
#5449=VERTEX_POINT('',#15216);
#5450=VERTEX_POINT('',#15220);
#5451=VERTEX_POINT('',#15224);
#5452=VERTEX_POINT('',#15228);
#5453=VERTEX_POINT('',#15232);
#5454=VERTEX_POINT('',#15236);
#5455=VERTEX_POINT('',#15240);
#5456=VERTEX_POINT('',#15250);
#5457=VERTEX_POINT('',#15252);
#5458=VERTEX_POINT('',#15256);
#5459=VERTEX_POINT('',#15260);
#5460=VERTEX_POINT('',#15267);
#5461=VERTEX_POINT('',#15269);
#5462=VERTEX_POINT('',#15273);
#5463=VERTEX_POINT('',#15277);
#5464=VERTEX_POINT('',#15281);
#5465=VERTEX_POINT('',#15285);
#5466=VERTEX_POINT('',#15289);
#5467=VERTEX_POINT('',#15293);
#5468=VERTEX_POINT('',#15297);
#5469=VERTEX_POINT('',#15301);
#5470=VERTEX_POINT('',#15308);
#5471=VERTEX_POINT('',#15310);
#5472=VERTEX_POINT('',#15314);
#5473=VERTEX_POINT('',#15318);
#5474=VERTEX_POINT('',#15322);
#5475=VERTEX_POINT('',#15326);
#5476=VERTEX_POINT('',#15330);
#5477=VERTEX_POINT('',#15334);
#5478=VERTEX_POINT('',#15338);
#5479=VERTEX_POINT('',#15342);
#5480=VERTEX_POINT('',#15346);
#5481=VERTEX_POINT('',#15350);
#5482=VERTEX_POINT('',#15354);
#5483=VERTEX_POINT('',#15358);
#5484=VERTEX_POINT('',#15362);
#5485=VERTEX_POINT('',#15366);
#5486=VERTEX_POINT('',#15370);
#5487=VERTEX_POINT('',#15374);
#5488=VERTEX_POINT('',#15378);
#5489=VERTEX_POINT('',#15382);
#5490=VERTEX_POINT('',#15386);
#5491=VERTEX_POINT('',#15390);
#5492=VERTEX_POINT('',#15394);
#5493=VERTEX_POINT('',#15398);
#5494=VERTEX_POINT('',#15402);
#5495=VERTEX_POINT('',#15406);
#5496=VERTEX_POINT('',#15410);
#5497=VERTEX_POINT('',#15414);
#5498=VERTEX_POINT('',#15418);
#5499=VERTEX_POINT('',#15422);
#5500=VERTEX_POINT('',#15426);
#5501=VERTEX_POINT('',#15430);
#5502=VERTEX_POINT('',#15434);
#5503=VERTEX_POINT('',#15438);
#5504=VERTEX_POINT('',#15445);
#5505=VERTEX_POINT('',#15447);
#5506=VERTEX_POINT('',#15451);
#5507=VERTEX_POINT('',#15455);
#5508=VERTEX_POINT('',#15459);
#5509=VERTEX_POINT('',#15463);
#5510=VERTEX_POINT('',#15467);
#5511=VERTEX_POINT('',#15471);
#5512=VERTEX_POINT('',#15475);
#5513=VERTEX_POINT('',#15479);
#5514=VERTEX_POINT('',#15483);
#5515=VERTEX_POINT('',#15487);
#5516=VERTEX_POINT('',#15491);
#5517=VERTEX_POINT('',#15495);
#5518=VERTEX_POINT('',#15499);
#5519=VERTEX_POINT('',#15503);
#5520=VERTEX_POINT('',#15507);
#5521=VERTEX_POINT('',#15511);
#5522=VERTEX_POINT('',#15523);
#5523=VERTEX_POINT('',#15525);
#5524=VERTEX_POINT('',#15576);
#5525=VERTEX_POINT('',#15578);
#5526=VERTEX_POINT('',#15584);
#5527=VERTEX_POINT('',#15585);
#5528=VERTEX_POINT('',#15587);
#5529=VERTEX_POINT('',#15589);
#5530=VERTEX_POINT('',#15591);
#5531=VERTEX_POINT('',#15595);
#5532=VERTEX_POINT('',#15596);
#5533=VERTEX_POINT('',#15598);
#5534=VERTEX_POINT('',#15602);
#5535=VERTEX_POINT('',#15603);
#5536=VERTEX_POINT('',#15605);
#5537=VERTEX_POINT('',#15607);
#5538=VERTEX_POINT('',#15611);
#5539=VERTEX_POINT('',#15612);
#5540=VERTEX_POINT('',#15614);
#5541=VERTEX_POINT('',#15616);
#5542=VERTEX_POINT('',#15620);
#5543=VERTEX_POINT('',#15621);
#5544=VERTEX_POINT('',#15623);
#5545=VERTEX_POINT('',#15625);
#5546=VERTEX_POINT('',#15627);
#5547=VERTEX_POINT('',#15631);
#5548=VERTEX_POINT('',#15633);
#5549=VERTEX_POINT('',#15634);
#5550=VERTEX_POINT('',#15637);
#5551=VERTEX_POINT('',#15639);
#5552=VERTEX_POINT('',#15641);
#5553=VERTEX_POINT('',#15643);
#5554=VERTEX_POINT('',#15645);
#5555=VERTEX_POINT('',#15647);
#5556=VERTEX_POINT('',#15649);
#5557=VERTEX_POINT('',#15651);
#5558=VERTEX_POINT('',#15653);
#5559=VERTEX_POINT('',#15655);
#5560=VERTEX_POINT('',#15657);
#5561=VERTEX_POINT('',#15662);
#5562=VERTEX_POINT('',#15663);
#5563=VERTEX_POINT('',#15665);
#5564=VERTEX_POINT('',#15667);
#5565=VERTEX_POINT('',#15671);
#5566=VERTEX_POINT('',#15672);
#5567=VERTEX_POINT('',#15674);
#5568=VERTEX_POINT('',#15676);
#5569=VERTEX_POINT('',#15680);
#5570=VERTEX_POINT('',#15681);
#5571=VERTEX_POINT('',#15683);
#5572=VERTEX_POINT('',#15685);
#5573=VERTEX_POINT('',#15689);
#5574=VERTEX_POINT('',#15690);
#5575=VERTEX_POINT('',#15692);
#5576=VERTEX_POINT('',#15694);
#5577=VERTEX_POINT('',#15698);
#5578=VERTEX_POINT('',#15700);
#5579=VERTEX_POINT('',#15703);
#5580=VERTEX_POINT('',#15705);
#5581=VERTEX_POINT('',#15708);
#5582=VERTEX_POINT('',#15710);
#5583=VERTEX_POINT('',#15713);
#5584=VERTEX_POINT('',#15715);
#5585=VERTEX_POINT('',#15717);
#5586=VERTEX_POINT('',#15719);
#5587=VERTEX_POINT('',#15721);
#5588=VERTEX_POINT('',#15723);
#5589=VERTEX_POINT('',#15725);
#5590=VERTEX_POINT('',#15729);
#5591=VERTEX_POINT('',#15731);
#5592=VERTEX_POINT('',#15734);
#5593=VERTEX_POINT('',#15736);
#5594=VERTEX_POINT('',#15740);
#5595=VERTEX_POINT('',#15741);
#5596=VERTEX_POINT('',#15743);
#5597=VERTEX_POINT('',#15745);
#5598=VERTEX_POINT('',#15747);
#5599=VERTEX_POINT('',#15749);
#5600=VERTEX_POINT('',#15751);
#5601=VERTEX_POINT('',#15753);
#5602=VERTEX_POINT('',#15755);
#5603=VERTEX_POINT('',#15757);
#5604=VERTEX_POINT('',#15759);
#5605=VERTEX_POINT('',#15761);
#5606=VERTEX_POINT('',#15765);
#5607=VERTEX_POINT('',#15767);
#5608=VERTEX_POINT('',#15769);
#5609=VERTEX_POINT('',#15771);
#5610=VERTEX_POINT('',#15773);
#5611=VERTEX_POINT('',#15775);
#5612=VERTEX_POINT('',#15777);
#5613=VERTEX_POINT('',#15779);
#5614=VERTEX_POINT('',#15781);
#5615=VERTEX_POINT('',#15783);
#5616=VERTEX_POINT('',#15785);
#5617=VERTEX_POINT('',#15787);
#5618=VERTEX_POINT('',#15789);
#5619=VERTEX_POINT('',#15791);
#5620=VERTEX_POINT('',#15793);
#5621=VERTEX_POINT('',#15795);
#5622=VERTEX_POINT('',#15797);
#5623=VERTEX_POINT('',#15799);
#5624=VERTEX_POINT('',#15801);
#5625=VERTEX_POINT('',#15803);
#5626=VERTEX_POINT('',#15807);
#5627=VERTEX_POINT('',#15809);
#5628=VERTEX_POINT('',#15811);
#5629=VERTEX_POINT('',#15813);
#5630=VERTEX_POINT('',#15815);
#5631=VERTEX_POINT('',#15817);
#5632=VERTEX_POINT('',#15819);
#5633=VERTEX_POINT('',#15821);
#5634=VERTEX_POINT('',#15824);
#5635=VERTEX_POINT('',#15825);
#5636=VERTEX_POINT('',#15827);
#5637=VERTEX_POINT('',#15829);
#5638=VERTEX_POINT('',#15831);
#5639=VERTEX_POINT('',#15833);
#5640=VERTEX_POINT('',#15835);
#5641=VERTEX_POINT('',#15837);
#5642=VERTEX_POINT('',#15840);
#5643=VERTEX_POINT('',#15841);
#5644=VERTEX_POINT('',#15843);
#5645=VERTEX_POINT('',#15845);
#5646=VERTEX_POINT('',#15848);
#5647=VERTEX_POINT('',#15849);
#5648=VERTEX_POINT('',#15851);
#5649=VERTEX_POINT('',#15853);
#5650=VERTEX_POINT('',#15855);
#5651=VERTEX_POINT('',#15857);
#5652=VERTEX_POINT('',#15861);
#5653=VERTEX_POINT('',#15863);
#5654=VERTEX_POINT('',#15865);
#5655=VERTEX_POINT('',#15867);
#5656=VERTEX_POINT('',#15871);
#5657=VERTEX_POINT('',#15873);
#5658=VERTEX_POINT('',#15884);
#5659=VERTEX_POINT('',#15885);
#5660=VERTEX_POINT('',#15895);
#5661=VERTEX_POINT('',#15902);
#5662=VERTEX_POINT('',#15904);
#5663=VERTEX_POINT('',#15911);
#5664=VERTEX_POINT('',#15922);
#5665=VERTEX_POINT('',#15935);
#5666=VERTEX_POINT('',#15936);
#5667=VERTEX_POINT('',#15938);
#5668=VERTEX_POINT('',#15940);
#5669=VERTEX_POINT('',#15942);
#5670=VERTEX_POINT('',#15944);
#5671=VERTEX_POINT('',#15948);
#5672=VERTEX_POINT('',#15949);
#5673=VERTEX_POINT('',#15951);
#5674=VERTEX_POINT('',#15953);
#5675=VERTEX_POINT('',#15955);
#5676=VERTEX_POINT('',#15957);
#5677=VERTEX_POINT('',#15959);
#5678=VERTEX_POINT('',#15961);
#5679=VERTEX_POINT('',#15963);
#5680=VERTEX_POINT('',#15965);
#5681=VERTEX_POINT('',#15967);
#5682=VERTEX_POINT('',#15969);
#5683=VERTEX_POINT('',#15971);
#5684=VERTEX_POINT('',#15973);
#5685=VERTEX_POINT('',#15975);
#5686=VERTEX_POINT('',#15977);
#5687=VERTEX_POINT('',#15979);
#5688=VERTEX_POINT('',#15981);
#5689=VERTEX_POINT('',#15985);
#5690=VERTEX_POINT('',#15986);
#5691=VERTEX_POINT('',#15988);
#5692=VERTEX_POINT('',#15990);
#5693=VERTEX_POINT('',#15994);
#5694=VERTEX_POINT('',#15995);
#5695=VERTEX_POINT('',#15997);
#5696=VERTEX_POINT('',#15999);
#5697=VERTEX_POINT('',#16001);
#5698=VERTEX_POINT('',#16003);
#5699=VERTEX_POINT('',#16007);
#5700=VERTEX_POINT('',#16008);
#5701=VERTEX_POINT('',#16010);
#5702=VERTEX_POINT('',#16014);
#5703=VERTEX_POINT('',#16016);
#5704=VERTEX_POINT('',#16020);
#5705=VERTEX_POINT('',#16022);
#5706=VERTEX_POINT('',#16026);
#5707=VERTEX_POINT('',#16028);
#5708=VERTEX_POINT('',#16032);
#5709=VERTEX_POINT('',#16034);
#5710=VERTEX_POINT('',#16036);
#5711=VERTEX_POINT('',#16041);
#5712=VERTEX_POINT('',#16042);
#5713=VERTEX_POINT('',#16044);
#5714=VERTEX_POINT('',#16046);
#5715=VERTEX_POINT('',#16050);
#5716=VERTEX_POINT('',#16051);
#5717=VERTEX_POINT('',#16056);
#5718=VERTEX_POINT('',#16057);
#5719=VERTEX_POINT('',#16060);
#5720=VERTEX_POINT('',#16062);
#5721=VERTEX_POINT('',#16064);
#5722=VERTEX_POINT('',#16066);
#5723=VERTEX_POINT('',#16069);
#5724=VERTEX_POINT('',#16072);
#5725=VERTEX_POINT('',#16074);
#5726=VERTEX_POINT('',#16078);
#5727=VERTEX_POINT('',#16081);
#5728=VERTEX_POINT('',#16082);
#5729=VERTEX_POINT('',#16086);
#5730=VERTEX_POINT('',#16088);
#5731=VERTEX_POINT('',#16090);
#5732=VERTEX_POINT('',#16092);
#5733=VERTEX_POINT('',#16095);
#5734=VERTEX_POINT('',#16097);
#5735=VERTEX_POINT('',#16100);
#5736=VERTEX_POINT('',#16102);
#5737=VERTEX_POINT('',#16105);
#5738=VERTEX_POINT('',#16107);
#5739=VERTEX_POINT('',#16110);
#5740=VERTEX_POINT('',#16112);
#5741=VERTEX_POINT('',#16115);
#5742=VERTEX_POINT('',#16117);
#5743=VERTEX_POINT('',#16127);
#5744=VERTEX_POINT('',#16130);
#5745=VERTEX_POINT('',#16132);
#5746=VERTEX_POINT('',#16134);
#5747=VERTEX_POINT('',#16137);
#5748=VERTEX_POINT('',#16139);
#5749=VERTEX_POINT('',#16152);
#5750=VERTEX_POINT('',#16155);
#5751=VERTEX_POINT('',#16157);
#5752=VERTEX_POINT('',#16160);
#5753=VERTEX_POINT('',#16162);
#5754=VERTEX_POINT('',#16176);
#5755=VERTEX_POINT('',#16178);
#5756=VERTEX_POINT('',#16181);
#5757=VERTEX_POINT('',#16183);
#5758=VERTEX_POINT('',#16186);
#5759=VERTEX_POINT('',#16188);
#5760=VERTEX_POINT('',#16192);
#5761=VERTEX_POINT('',#16196);
#5762=VERTEX_POINT('',#16199);
#5763=VERTEX_POINT('',#16201);
#5764=VERTEX_POINT('',#16204);
#5765=VERTEX_POINT('',#16206);
#5766=VERTEX_POINT('',#16210);
#5767=VERTEX_POINT('',#16214);
#5768=VERTEX_POINT('',#16218);
#5769=VERTEX_POINT('',#16222);
#5770=VERTEX_POINT('',#16226);
#5771=VERTEX_POINT('',#16230);
#5772=VERTEX_POINT('',#16234);
#5773=VERTEX_POINT('',#16238);
#5774=VERTEX_POINT('',#16245);
#5775=VERTEX_POINT('',#16247);
#5776=VERTEX_POINT('',#16251);
#5777=VERTEX_POINT('',#16255);
#5778=VERTEX_POINT('',#16262);
#5779=VERTEX_POINT('',#16264);
#5780=VERTEX_POINT('',#16268);
#5781=VERTEX_POINT('',#16272);
#5782=VERTEX_POINT('',#16276);
#5783=VERTEX_POINT('',#16280);
#5784=VERTEX_POINT('',#16284);
#5785=VERTEX_POINT('',#16288);
#5786=VERTEX_POINT('',#16295);
#5787=VERTEX_POINT('',#16296);
#5788=VERTEX_POINT('',#16298);
#5789=VERTEX_POINT('',#16300);
#5790=VERTEX_POINT('',#16304);
#5791=VERTEX_POINT('',#16306);
#5792=VERTEX_POINT('',#16310);
#5793=VERTEX_POINT('',#16312);
#5794=VERTEX_POINT('',#16316);
#5795=VERTEX_POINT('',#16318);
#5796=VERTEX_POINT('',#16322);
#5797=VERTEX_POINT('',#16324);
#5798=VERTEX_POINT('',#16328);
#5799=VERTEX_POINT('',#16330);
#5800=VERTEX_POINT('',#16334);
#5801=VERTEX_POINT('',#16336);
#5802=VERTEX_POINT('',#16340);
#5803=VERTEX_POINT('',#16342);
#5804=VERTEX_POINT('',#16346);
#5805=VERTEX_POINT('',#16348);
#5806=VERTEX_POINT('',#16352);
#5807=VERTEX_POINT('',#16354);
#5808=VERTEX_POINT('',#16358);
#5809=VERTEX_POINT('',#16360);
#5810=VERTEX_POINT('',#16364);
#5811=VERTEX_POINT('',#16366);
#5812=VERTEX_POINT('',#16370);
#5813=VERTEX_POINT('',#16374);
#5814=VERTEX_POINT('',#16378);
#5815=VERTEX_POINT('',#16389);
#5816=VERTEX_POINT('',#16395);
#5817=VERTEX_POINT('',#16399);
#5818=VERTEX_POINT('',#16403);
#5819=VERTEX_POINT('',#16414);
#5820=VERTEX_POINT('',#16420);
#5821=VERTEX_POINT('',#16424);
#5822=VERTEX_POINT('',#16434);
#5823=VERTEX_POINT('',#16436);
#5824=VERTEX_POINT('',#16439);
#5825=VERTEX_POINT('',#16441);
#5826=VERTEX_POINT('',#16443);
#5827=VERTEX_POINT('',#16446);
#5828=VERTEX_POINT('',#16448);
#5829=VERTEX_POINT('',#16459);
#5830=VERTEX_POINT('',#16465);
#5831=VERTEX_POINT('',#16476);
#5832=VERTEX_POINT('',#16482);
#5833=VERTEX_POINT('',#16493);
#5834=VERTEX_POINT('',#16499);
#5835=VERTEX_POINT('',#16512);
#5836=VERTEX_POINT('',#16514);
#5837=VERTEX_POINT('',#16520);
#5838=VERTEX_POINT('',#16523);
#5839=VERTEX_POINT('',#16525);
#5840=VERTEX_POINT('',#16528);
#5841=VERTEX_POINT('',#16530);
#5842=VERTEX_POINT('',#16534);
#5843=VERTEX_POINT('',#16538);
#5844=VERTEX_POINT('',#16549);
#5845=VERTEX_POINT('',#16555);
#5846=VERTEX_POINT('',#16559);
#5847=VERTEX_POINT('',#16563);
#5848=VERTEX_POINT('',#16567);
#5849=VERTEX_POINT('',#16571);
#5850=VERTEX_POINT('',#16575);
#5851=VERTEX_POINT('',#16579);
#5852=VERTEX_POINT('',#16583);
#5853=VERTEX_POINT('',#16587);
#5854=VERTEX_POINT('',#16591);
#5855=VERTEX_POINT('',#16595);
#5856=VERTEX_POINT('',#16599);
#5857=VERTEX_POINT('',#16603);
#5858=VERTEX_POINT('',#16607);
#5859=VERTEX_POINT('',#16611);
#5860=VERTEX_POINT('',#16615);
#5861=VERTEX_POINT('',#16619);
#5862=VERTEX_POINT('',#16623);
#5863=VERTEX_POINT('',#16627);
#5864=VERTEX_POINT('',#16638);
#5865=VERTEX_POINT('',#16644);
#5866=VERTEX_POINT('',#16662);
#5867=VERTEX_POINT('',#16666);
#5868=VERTEX_POINT('',#16670);
#5869=VERTEX_POINT('',#16674);
#5870=VERTEX_POINT('',#16681);
#5871=VERTEX_POINT('',#16685);
#5872=VERTEX_POINT('',#16689);
#5873=VERTEX_POINT('',#16693);
#5874=VERTEX_POINT('',#16710);
#5875=VERTEX_POINT('',#16714);
#5876=VERTEX_POINT('',#16718);
#5877=VERTEX_POINT('',#16722);
#5878=VERTEX_POINT('',#16729);
#5879=VERTEX_POINT('',#16731);
#5880=VERTEX_POINT('',#16737);
#5881=VERTEX_POINT('',#16741);
#5882=VERTEX_POINT('',#16761);
#5883=VERTEX_POINT('',#16768);
#5884=VERTEX_POINT('',#16772);
#5885=VERTEX_POINT('',#16795);
#5886=VERTEX_POINT('',#16812);
#5887=VERTEX_POINT('',#16822);
#5888=VERTEX_POINT('',#16833);
#5889=VERTEX_POINT('',#16983);
#5890=VERTEX_POINT('',#16985);
#5891=VERTEX_POINT('',#16991);
#5892=VERTEX_POINT('',#16993);
#5893=VERTEX_POINT('',#16997);
#5894=VERTEX_POINT('',#16999);
#5895=VERTEX_POINT('',#17001);
#5896=VERTEX_POINT('',#17004);
#5897=VERTEX_POINT('',#17006);
#5898=VERTEX_POINT('',#17009);
#5899=VERTEX_POINT('',#17011);
#5900=LINE('',#13754,#7031);
#5901=LINE('',#13757,#7032);
#5902=LINE('',#13759,#7033);
#5903=LINE('',#13761,#7034);
#5904=LINE('',#13763,#7035);
#5905=LINE('',#13765,#7036);
#5906=LINE('',#13767,#7037);
#5907=LINE('',#13769,#7038);
#5908=LINE('',#13771,#7039);
#5909=LINE('',#13775,#7040);
#5910=LINE('',#13777,#7041);
#5911=LINE('',#13779,#7042);
#5912=LINE('',#13781,#7043);
#5913=LINE('',#13783,#7044);
#5914=LINE('',#13785,#7045);
#5915=LINE('',#13788,#7046);
#5916=LINE('',#13790,#7047);
#5917=LINE('',#13792,#7048);
#5918=LINE('',#13794,#7049);
#5919=LINE('',#13796,#7050);
#5920=LINE('',#13798,#7051);
#5921=LINE('',#13802,#7052);
#5922=LINE('',#13804,#7053);
#5923=LINE('',#13806,#7054);
#5924=LINE('',#13808,#7055);
#5925=LINE('',#13810,#7056);
#5926=LINE('',#13812,#7057);
#5927=LINE('',#13814,#7058);
#5928=LINE('',#13816,#7059);
#5929=LINE('',#13819,#7060);
#5930=LINE('',#13821,#7061);
#5931=LINE('',#13823,#7062);
#5932=LINE('',#13825,#7063);
#5933=LINE('',#13827,#7064);
#5934=LINE('',#13829,#7065);
#5935=LINE('',#13831,#7066);
#5936=LINE('',#13833,#7067);
#5937=LINE('',#13837,#7068);
#5938=LINE('',#13839,#7069);
#5939=LINE('',#13841,#7070);
#5940=LINE('',#13843,#7071);
#5941=LINE('',#13845,#7072);
#5942=LINE('',#13847,#7073);
#5943=LINE('',#13850,#7074);
#5944=LINE('',#13852,#7075);
#5945=LINE('',#13854,#7076);
#5946=LINE('',#13856,#7077);
#5947=LINE('',#13858,#7078);
#5948=LINE('',#13860,#7079);
#5949=LINE('',#13864,#7080);
#5950=LINE('',#13866,#7081);
#5951=LINE('',#13868,#7082);
#5952=LINE('',#13870,#7083);
#5953=LINE('',#13872,#7084);
#5954=LINE('',#13874,#7085);
#5955=LINE('',#13876,#7086);
#5956=LINE('',#13878,#7087);
#5957=LINE('',#13879,#7088);
#5958=LINE('',#13881,#7089);
#5959=LINE('',#13882,#7090);
#5960=LINE('',#13884,#7091);
#5961=LINE('',#13885,#7092);
#5962=LINE('',#13887,#7093);
#5963=LINE('',#13888,#7094);
#5964=LINE('',#13890,#7095);
#5965=LINE('',#13893,#7096);
#5966=LINE('',#13895,#7097);
#5967=LINE('',#13897,#7098);
#5968=LINE('',#13898,#7099);
#5969=LINE('',#13901,#7100);
#5970=LINE('',#13903,#7101);
#5971=LINE('',#13905,#7102);
#5972=LINE('',#13907,#7103);
#5973=LINE('',#13910,#7104);
#5974=LINE('',#13912,#7105);
#5975=LINE('',#13914,#7106);
#5976=LINE('',#13916,#7107);
#5977=LINE('',#13918,#7108);
#5978=LINE('',#13926,#7109);
#5979=LINE('',#13934,#7110);
#5980=LINE('',#13936,#7111);
#5981=LINE('',#13938,#7112);
#5982=LINE('',#13940,#7113);
#5983=LINE('',#13941,#7114);
#5984=LINE('',#13944,#7115);
#5985=LINE('',#13946,#7116);
#5986=LINE('',#13948,#7117);
#5987=LINE('',#13950,#7118);
#5988=LINE('',#13952,#7119);
#5989=LINE('',#13954,#7120);
#5990=LINE('',#13956,#7121);
#5991=LINE('',#13958,#7122);
#5992=LINE('',#13960,#7123);
#5993=LINE('',#13962,#7124);
#5994=LINE('',#13964,#7125);
#5995=LINE('',#13965,#7126);
#5996=LINE('',#13968,#7127);
#5997=LINE('',#13970,#7128);
#5998=LINE('',#13972,#7129);
#5999=LINE('',#13974,#7130);
#6000=LINE('',#13976,#7131);
#6001=LINE('',#13978,#7132);
#6002=LINE('',#13980,#7133);
#6003=LINE('',#13981,#7134);
#6004=LINE('',#13990,#7135);
#6005=LINE('',#13998,#7136);
#6006=LINE('',#14006,#7137);
#6007=LINE('',#14008,#7138);
#6008=LINE('',#14010,#7139);
#6009=LINE('',#14016,#7140);
#6010=LINE('',#14022,#7141);
#6011=LINE('',#14028,#7142);
#6012=LINE('',#14034,#7143);
#6013=LINE('',#14036,#7144);
#6014=LINE('',#14038,#7145);
#6015=LINE('',#14040,#7146);
#6016=LINE('',#14042,#7147);
#6017=LINE('',#14049,#7148);
#6018=LINE('',#14052,#7149);
#6019=LINE('',#14054,#7150);
#6020=LINE('',#14056,#7151);
#6021=LINE('',#14058,#7152);
#6022=LINE('',#14060,#7153);
#6023=LINE('',#14068,#7154);
#6024=LINE('',#14076,#7155);
#6025=LINE('',#14078,#7156);
#6026=LINE('',#14080,#7157);
#6027=LINE('',#14082,#7158);
#6028=LINE('',#14083,#7159);
#6029=LINE('',#14085,#7160);
#6030=LINE('',#14086,#7161);
#6031=LINE('',#14087,#7162);
#6032=LINE('',#14088,#7163);
#6033=LINE('',#14089,#7164);
#6034=LINE('',#14091,#7165);
#6035=LINE('',#14092,#7166);
#6036=LINE('',#14101,#7167);
#6037=LINE('',#14109,#7168);
#6038=LINE('',#14117,#7169);
#6039=LINE('',#14124,#7170);
#6040=LINE('',#14127,#7171);
#6041=LINE('',#14135,#7172);
#6042=LINE('',#14143,#7173);
#6043=LINE('',#14145,#7174);
#6044=LINE('',#14147,#7175);
#6045=LINE('',#14149,#7176);
#6046=LINE('',#14151,#7177);
#6047=LINE('',#14152,#7178);
#6048=LINE('',#14155,#7179);
#6049=LINE('',#14157,#7180);
#6050=LINE('',#14165,#7181);
#6051=LINE('',#14173,#7182);
#6052=LINE('',#14175,#7183);
#6053=LINE('',#14176,#7184);
#6054=LINE('',#14179,#7185);
#6055=LINE('',#14181,#7186);
#6056=LINE('',#14183,#7187);
#6057=LINE('',#14184,#7188);
#6058=LINE('',#14187,#7189);
#6059=LINE('',#14189,#7190);
#6060=LINE('',#14191,#7191);
#6061=LINE('',#14193,#7192);
#6062=LINE('',#14195,#7193);
#6063=LINE('',#14197,#7194);
#6064=LINE('',#14199,#7195);
#6065=LINE('',#14201,#7196);
#6066=LINE('',#14203,#7197);
#6067=LINE('',#14204,#7198);
#6068=LINE('',#14213,#7199);
#6069=LINE('',#14221,#7200);
#6070=LINE('',#14229,#7201);
#6071=LINE('',#14231,#7202);
#6072=LINE('',#14233,#7203);
#6073=LINE('',#14239,#7204);
#6074=LINE('',#14245,#7205);
#6075=LINE('',#14251,#7206);
#6076=LINE('',#14257,#7207);
#6077=LINE('',#14259,#7208);
#6078=LINE('',#14261,#7209);
#6079=LINE('',#14263,#7210);
#6080=LINE('',#14265,#7211);
#6081=LINE('',#14272,#7212);
#6082=LINE('',#14281,#7213);
#6083=LINE('',#14289,#7214);
#6084=LINE('',#14291,#7215);
#6085=LINE('',#14293,#7216);
#6086=LINE('',#14299,#7217);
#6087=LINE('',#14305,#7218);
#6088=LINE('',#14307,#7219);
#6089=LINE('',#14309,#7220);
#6090=LINE('',#14312,#7221);
#6091=LINE('',#14314,#7222);
#6092=LINE('',#14316,#7223);
#6093=LINE('',#14318,#7224);
#6094=LINE('',#14321,#7225);
#6095=LINE('',#14323,#7226);
#6096=LINE('',#14325,#7227);
#6097=LINE('',#14327,#7228);
#6098=LINE('',#14329,#7229);
#6099=LINE('',#14330,#7230);
#6100=LINE('',#14332,#7231);
#6101=LINE('',#14334,#7232);
#6102=LINE('',#14335,#7233);
#6103=LINE('',#14337,#7234);
#6104=LINE('',#14338,#7235);
#6105=LINE('',#14339,#7236);
#6106=LINE('',#14341,#7237);
#6107=LINE('',#14342,#7238);
#6108=LINE('',#14344,#7239);
#6109=LINE('',#14347,#7240);
#6110=LINE('',#14348,#7241);
#6111=LINE('',#14349,#7242);
#6112=LINE('',#14351,#7243);
#6113=LINE('',#14355,#7244);
#6114=LINE('',#14358,#7245);
#6115=LINE('',#14360,#7246);
#6116=LINE('',#14362,#7247);
#6117=LINE('',#14364,#7248);
#6118=LINE('',#14366,#7249);
#6119=LINE('',#14368,#7250);
#6120=LINE('',#14370,#7251);
#6121=LINE('',#14372,#7252);
#6122=LINE('',#14373,#7253);
#6123=LINE('',#14375,#7254);
#6124=LINE('',#14377,#7255);
#6125=LINE('',#14379,#7256);
#6126=LINE('',#14380,#7257);
#6127=LINE('',#14382,#7258);
#6128=LINE('',#14385,#7259);
#6129=LINE('',#14388,#7260);
#6130=LINE('',#14390,#7261);
#6131=LINE('',#14392,#7262);
#6132=LINE('',#14396,#7263);
#6133=LINE('',#14402,#7264);
#6134=LINE('',#14406,#7265);
#6135=LINE('',#14408,#7266);
#6136=LINE('',#14410,#7267);
#6137=LINE('',#14414,#7268);
#6138=LINE('',#14420,#7269);
#6139=LINE('',#14424,#7270);
#6140=LINE('',#14426,#7271);
#6141=LINE('',#14428,#7272);
#6142=LINE('',#14432,#7273);
#6143=LINE('',#14438,#7274);
#6144=LINE('',#14442,#7275);
#6145=LINE('',#14444,#7276);
#6146=LINE('',#14446,#7277);
#6147=LINE('',#14450,#7278);
#6148=LINE('',#14454,#7279);
#6149=LINE('',#14458,#7280);
#6150=LINE('',#14460,#7281);
#6151=LINE('',#14462,#7282);
#6152=LINE('',#14464,#7283);
#6153=LINE('',#14468,#7284);
#6154=LINE('',#14472,#7285);
#6155=LINE('',#14476,#7286);
#6156=LINE('',#14478,#7287);
#6157=LINE('',#14480,#7288);
#6158=LINE('',#14484,#7289);
#6159=LINE('',#14488,#7290);
#6160=LINE('',#14492,#7291);
#6161=LINE('',#14494,#7292);
#6162=LINE('',#14496,#7293);
#6163=LINE('',#14500,#7294);
#6164=LINE('',#14504,#7295);
#6165=LINE('',#14508,#7296);
#6166=LINE('',#14510,#7297);
#6167=LINE('',#14512,#7298);
#6168=LINE('',#14522,#7299);
#6169=LINE('',#14525,#7300);
#6170=LINE('',#14527,#7301);
#6171=LINE('',#14529,#7302);
#6172=LINE('',#14533,#7303);
#6173=LINE('',#14539,#7304);
#6174=LINE('',#14543,#7305);
#6175=LINE('',#14545,#7306);
#6176=LINE('',#14547,#7307);
#6177=LINE('',#14551,#7308);
#6178=LINE('',#14557,#7309);
#6179=LINE('',#14561,#7310);
#6180=LINE('',#14563,#7311);
#6181=LINE('',#14565,#7312);
#6182=LINE('',#14569,#7313);
#6183=LINE('',#14575,#7314);
#6184=LINE('',#14579,#7315);
#6185=LINE('',#14581,#7316);
#6186=LINE('',#14583,#7317);
#6187=LINE('',#14587,#7318);
#6188=LINE('',#14591,#7319);
#6189=LINE('',#14593,#7320);
#6190=LINE('',#14595,#7321);
#6191=LINE('',#14597,#7322);
#6192=LINE('',#14599,#7323);
#6193=LINE('',#14601,#7324);
#6194=LINE('',#14603,#7325);
#6195=LINE('',#14605,#7326);
#6196=LINE('',#14607,#7327);
#6197=LINE('',#14609,#7328);
#6198=LINE('',#14611,#7329);
#6199=LINE('',#14613,#7330);
#6200=LINE('',#14615,#7331);
#6201=LINE('',#14617,#7332);
#6202=LINE('',#14621,#7333);
#6203=LINE('',#14625,#7334);
#6204=LINE('',#14629,#7335);
#6205=LINE('',#14631,#7336);
#6206=LINE('',#14633,#7337);
#6207=LINE('',#14637,#7338);
#6208=LINE('',#14641,#7339);
#6209=LINE('',#14645,#7340);
#6210=LINE('',#14647,#7341);
#6211=LINE('',#14649,#7342);
#6212=LINE('',#14651,#7343);
#6213=LINE('',#14653,#7344);
#6214=LINE('',#14655,#7345);
#6215=LINE('',#14657,#7346);
#6216=LINE('',#14663,#7347);
#6217=LINE('',#14667,#7348);
#6218=LINE('',#14669,#7349);
#6219=LINE('',#14671,#7350);
#6220=LINE('',#14673,#7351);
#6221=LINE('',#14677,#7352);
#6222=LINE('',#14681,#7353);
#6223=LINE('',#14685,#7354);
#6224=LINE('',#14687,#7355);
#6225=LINE('',#14689,#7356);
#6226=LINE('',#14691,#7357);
#6227=LINE('',#14693,#7358);
#6228=LINE('',#14695,#7359);
#6229=LINE('',#14697,#7360);
#6230=LINE('',#14699,#7361);
#6231=LINE('',#14701,#7362);
#6232=LINE('',#14703,#7363);
#6233=LINE('',#14705,#7364);
#6234=LINE('',#14709,#7365);
#6235=LINE('',#14713,#7366);
#6236=LINE('',#14715,#7367);
#6237=LINE('',#14717,#7368);
#6238=LINE('',#14721,#7369);
#6239=LINE('',#14725,#7370);
#6240=LINE('',#14727,#7371);
#6241=LINE('',#14729,#7372);
#6242=LINE('',#14733,#7373);
#6243=LINE('',#14737,#7374);
#6244=LINE('',#14739,#7375);
#6245=LINE('',#14741,#7376);
#6246=LINE('',#14745,#7377);
#6247=LINE('',#14749,#7378);
#6248=LINE('',#14751,#7379);
#6249=LINE('',#14753,#7380);
#6250=LINE('',#14755,#7381);
#6251=LINE('',#14757,#7382);
#6252=LINE('',#14759,#7383);
#6253=LINE('',#14761,#7384);
#6254=LINE('',#14765,#7385);
#6255=LINE('',#14769,#7386);
#6256=LINE('',#14773,#7387);
#6257=LINE('',#14775,#7388);
#6258=LINE('',#14777,#7389);
#6259=LINE('',#14781,#7390);
#6260=LINE('',#14785,#7391);
#6261=LINE('',#14789,#7392);
#6262=LINE('',#14791,#7393);
#6263=LINE('',#14793,#7394);
#6264=LINE('',#14800,#7395);
#6265=LINE('',#14802,#7396);
#6266=LINE('',#14804,#7397);
#6267=LINE('',#14806,#7398);
#6268=LINE('',#14808,#7399);
#6269=LINE('',#14810,#7400);
#6270=LINE('',#14812,#7401);
#6271=LINE('',#14814,#7402);
#6272=LINE('',#14816,#7403);
#6273=LINE('',#14818,#7404);
#6274=LINE('',#14820,#7405);
#6275=LINE('',#14822,#7406);
#6276=LINE('',#14824,#7407);
#6277=LINE('',#14826,#7408);
#6278=LINE('',#14828,#7409);
#6279=LINE('',#14830,#7410);
#6280=LINE('',#14833,#7411);
#6281=LINE('',#14835,#7412);
#6282=LINE('',#14837,#7413);
#6283=LINE('',#14839,#7414);
#6284=LINE('',#14841,#7415);
#6285=LINE('',#14843,#7416);
#6286=LINE('',#14845,#7417);
#6287=LINE('',#14847,#7418);
#6288=LINE('',#14849,#7419);
#6289=LINE('',#14851,#7420);
#6290=LINE('',#14853,#7421);
#6291=LINE('',#14855,#7422);
#6292=LINE('',#14857,#7423);
#6293=LINE('',#14859,#7424);
#6294=LINE('',#14861,#7425);
#6295=LINE('',#14863,#7426);
#6296=LINE('',#14865,#7427);
#6297=LINE('',#14867,#7428);
#6298=LINE('',#14869,#7429);
#6299=LINE('',#14871,#7430);
#6300=LINE('',#14873,#7431);
#6301=LINE('',#14875,#7432);
#6302=LINE('',#14877,#7433);
#6303=LINE('',#14879,#7434);
#6304=LINE('',#14882,#7435);
#6305=LINE('',#14885,#7436);
#6306=LINE('',#14887,#7437);
#6307=LINE('',#14889,#7438);
#6308=LINE('',#14891,#7439);
#6309=LINE('',#14893,#7440);
#6310=LINE('',#14895,#7441);
#6311=LINE('',#14899,#7442);
#6312=LINE('',#14905,#7443);
#6313=LINE('',#14909,#7444);
#6314=LINE('',#14911,#7445);
#6315=LINE('',#14913,#7446);
#6316=LINE('',#14917,#7447);
#6317=LINE('',#14923,#7448);
#6318=LINE('',#14927,#7449);
#6319=LINE('',#14929,#7450);
#6320=LINE('',#14931,#7451);
#6321=LINE('',#14933,#7452);
#6322=LINE('',#14935,#7453);
#6323=LINE('',#14937,#7454);
#6324=LINE('',#14939,#7455);
#6325=LINE('',#14941,#7456);
#6326=LINE('',#14943,#7457);
#6327=LINE('',#14945,#7458);
#6328=LINE('',#14947,#7459);
#6329=LINE('',#14949,#7460);
#6330=LINE('',#14951,#7461);
#6331=LINE('',#14953,#7462);
#6332=LINE('',#14955,#7463);
#6333=LINE('',#14957,#7464);
#6334=LINE('',#14961,#7465);
#6335=LINE('',#14965,#7466);
#6336=LINE('',#14969,#7467);
#6337=LINE('',#14971,#7468);
#6338=LINE('',#14973,#7469);
#6339=LINE('',#14977,#7470);
#6340=LINE('',#14983,#7471);
#6341=LINE('',#14984,#7472);
#6342=LINE('',#14987,#7473);
#6343=LINE('',#14990,#7474);
#6344=LINE('',#14992,#7475);
#6345=LINE('',#14994,#7476);
#6346=LINE('',#14998,#7477);
#6347=LINE('',#15004,#7478);
#6348=LINE('',#15008,#7479);
#6349=LINE('',#15010,#7480);
#6350=LINE('',#15012,#7481);
#6351=LINE('',#15016,#7482);
#6352=LINE('',#15022,#7483);
#6353=LINE('',#15026,#7484);
#6354=LINE('',#15028,#7485);
#6355=LINE('',#15030,#7486);
#6356=LINE('',#15034,#7487);
#6357=LINE('',#15040,#7488);
#6358=LINE('',#15044,#7489);
#6359=LINE('',#15046,#7490);
#6360=LINE('',#15048,#7491);
#6361=LINE('',#15052,#7492);
#6362=LINE('',#15056,#7493);
#6363=LINE('',#15058,#7494);
#6364=LINE('',#15060,#7495);
#6365=LINE('',#15062,#7496);
#6366=LINE('',#15064,#7497);
#6367=LINE('',#15066,#7498);
#6368=LINE('',#15068,#7499);
#6369=LINE('',#15070,#7500);
#6370=LINE('',#15072,#7501);
#6371=LINE('',#15074,#7502);
#6372=LINE('',#15076,#7503);
#6373=LINE('',#15078,#7504);
#6374=LINE('',#15080,#7505);
#6375=LINE('',#15082,#7506);
#6376=LINE('',#15086,#7507);
#6377=LINE('',#15090,#7508);
#6378=LINE('',#15094,#7509);
#6379=LINE('',#15096,#7510);
#6380=LINE('',#15098,#7511);
#6381=LINE('',#15102,#7512);
#6382=LINE('',#15106,#7513);
#6383=LINE('',#15110,#7514);
#6384=LINE('',#15112,#7515);
#6385=LINE('',#15114,#7516);
#6386=LINE('',#15116,#7517);
#6387=LINE('',#15118,#7518);
#6388=LINE('',#15120,#7519);
#6389=LINE('',#15122,#7520);
#6390=LINE('',#15128,#7521);
#6391=LINE('',#15131,#7522);
#6392=LINE('',#15133,#7523);
#6393=LINE('',#15135,#7524);
#6394=LINE('',#15139,#7525);
#6395=LINE('',#15145,#7526);
#6396=LINE('',#15149,#7527);
#6397=LINE('',#15151,#7528);
#6398=LINE('',#15153,#7529);
#6399=LINE('',#15157,#7530);
#6400=LINE('',#15163,#7531);
#6401=LINE('',#15167,#7532);
#6402=LINE('',#15169,#7533);
#6403=LINE('',#15171,#7534);
#6404=LINE('',#15175,#7535);
#6405=LINE('',#15181,#7536);
#6406=LINE('',#15185,#7537);
#6407=LINE('',#15187,#7538);
#6408=LINE('',#15189,#7539);
#6409=LINE('',#15193,#7540);
#6410=LINE('',#15197,#7541);
#6411=LINE('',#15199,#7542);
#6412=LINE('',#15201,#7543);
#6413=LINE('',#15203,#7544);
#6414=LINE('',#15205,#7545);
#6415=LINE('',#15207,#7546);
#6416=LINE('',#15209,#7547);
#6417=LINE('',#15211,#7548);
#6418=LINE('',#15213,#7549);
#6419=LINE('',#15215,#7550);
#6420=LINE('',#15219,#7551);
#6421=LINE('',#15223,#7552);
#6422=LINE('',#15227,#7553);
#6423=LINE('',#15229,#7554);
#6424=LINE('',#15231,#7555);
#6425=LINE('',#15235,#7556);
#6426=LINE('',#15239,#7557);
#6427=LINE('',#15243,#7558);
#6428=LINE('',#15249,#7559);
#6429=LINE('',#15251,#7560);
#6430=LINE('',#15253,#7561);
#6431=LINE('',#15255,#7562);
#6432=LINE('',#15257,#7563);
#6433=LINE('',#15259,#7564);
#6434=LINE('',#15261,#7565);
#6435=LINE('',#15263,#7566);
#6436=LINE('',#15266,#7567);
#6437=LINE('',#15268,#7568);
#6438=LINE('',#15270,#7569);
#6439=LINE('',#15272,#7570);
#6440=LINE('',#15274,#7571);
#6441=LINE('',#15276,#7572);
#6442=LINE('',#15278,#7573);
#6443=LINE('',#15280,#7574);
#6444=LINE('',#15282,#7575);
#6445=LINE('',#15284,#7576);
#6446=LINE('',#15286,#7577);
#6447=LINE('',#15288,#7578);
#6448=LINE('',#15290,#7579);
#6449=LINE('',#15292,#7580);
#6450=LINE('',#15294,#7581);
#6451=LINE('',#15296,#7582);
#6452=LINE('',#15298,#7583);
#6453=LINE('',#15300,#7584);
#6454=LINE('',#15302,#7585);
#6455=LINE('',#15304,#7586);
#6456=LINE('',#15307,#7587);
#6457=LINE('',#15311,#7588);
#6458=LINE('',#15313,#7589);
#6459=LINE('',#15315,#7590);
#6460=LINE('',#15317,#7591);
#6461=LINE('',#15321,#7592);
#6462=LINE('',#15325,#7593);
#6463=LINE('',#15329,#7594);
#6464=LINE('',#15331,#7595);
#6465=LINE('',#15333,#7596);
#6466=LINE('',#15335,#7597);
#6467=LINE('',#15337,#7598);
#6468=LINE('',#15339,#7599);
#6469=LINE('',#15341,#7600);
#6470=LINE('',#15343,#7601);
#6471=LINE('',#15345,#7602);
#6472=LINE('',#15347,#7603);
#6473=LINE('',#15349,#7604);
#6474=LINE('',#15353,#7605);
#6475=LINE('',#15357,#7606);
#6476=LINE('',#15359,#7607);
#6477=LINE('',#15361,#7608);
#6478=LINE('',#15365,#7609);
#6479=LINE('',#15369,#7610);
#6480=LINE('',#15371,#7611);
#6481=LINE('',#15373,#7612);
#6482=LINE('',#15377,#7613);
#6483=LINE('',#15381,#7614);
#6484=LINE('',#15383,#7615);
#6485=LINE('',#15385,#7616);
#6486=LINE('',#15389,#7617);
#6487=LINE('',#15393,#7618);
#6488=LINE('',#15395,#7619);
#6489=LINE('',#15397,#7620);
#6490=LINE('',#15399,#7621);
#6491=LINE('',#15401,#7622);
#6492=LINE('',#15403,#7623);
#6493=LINE('',#15405,#7624);
#6494=LINE('',#15409,#7625);
#6495=LINE('',#15413,#7626);
#6496=LINE('',#15417,#7627);
#6497=LINE('',#15419,#7628);
#6498=LINE('',#15421,#7629);
#6499=LINE('',#15425,#7630);
#6500=LINE('',#15429,#7631);
#6501=LINE('',#15433,#7632);
#6502=LINE('',#15435,#7633);
#6503=LINE('',#15437,#7634);
#6504=LINE('',#15444,#7635);
#6505=LINE('',#15448,#7636);
#6506=LINE('',#15450,#7637);
#6507=LINE('',#15452,#7638);
#6508=LINE('',#15454,#7639);
#6509=LINE('',#15456,#7640);
#6510=LINE('',#15458,#7641);
#6511=LINE('',#15460,#7642);
#6512=LINE('',#15462,#7643);
#6513=LINE('',#15466,#7644);
#6514=LINE('',#15470,#7645);
#6515=LINE('',#15472,#7646);
#6516=LINE('',#15474,#7647);
#6517=LINE('',#15478,#7648);
#6518=LINE('',#15482,#7649);
#6519=LINE('',#15484,#7650);
#6520=LINE('',#15486,#7651);
#6521=LINE('',#15488,#7652);
#6522=LINE('',#15490,#7653);
#6523=LINE('',#15492,#7654);
#6524=LINE('',#15494,#7655);
#6525=LINE('',#15498,#7656);
#6526=LINE('',#15502,#7657);
#6527=LINE('',#15506,#7658);
#6528=LINE('',#15508,#7659);
#6529=LINE('',#15510,#7660);
#6530=LINE('',#15522,#7661);
#6531=LINE('',#15524,#7662);
#6532=LINE('',#15526,#7663);
#6533=LINE('',#15528,#7664);
#6534=LINE('',#15529,#7665);
#6535=LINE('',#15531,#7666);
#6536=LINE('',#15533,#7667);
#6537=LINE('',#15536,#7668);
#6538=LINE('',#15538,#7669);
#6539=LINE('',#15540,#7670);
#6540=LINE('',#15541,#7671);
#6541=LINE('',#15544,#7672);
#6542=LINE('',#15546,#7673);
#6543=LINE('',#15548,#7674);
#6544=LINE('',#15551,#7675);
#6545=LINE('',#15554,#7676);
#6546=LINE('',#15556,#7677);
#6547=LINE('',#15559,#7678);
#6548=LINE('',#15561,#7679);
#6549=LINE('',#15564,#7680);
#6550=LINE('',#15566,#7681);
#6551=LINE('',#15568,#7682);
#6552=LINE('',#15570,#7683);
#6553=LINE('',#15583,#7684);
#6554=LINE('',#15586,#7685);
#6555=LINE('',#15588,#7686);
#6556=LINE('',#15590,#7687);
#6557=LINE('',#15592,#7688);
#6558=LINE('',#15594,#7689);
#6559=LINE('',#15597,#7690);
#6560=LINE('',#15599,#7691);
#6561=LINE('',#15601,#7692);
#6562=LINE('',#15604,#7693);
#6563=LINE('',#15606,#7694);
#6564=LINE('',#15608,#7695);
#6565=LINE('',#15610,#7696);
#6566=LINE('',#15613,#7697);
#6567=LINE('',#15615,#7698);
#6568=LINE('',#15617,#7699);
#6569=LINE('',#15619,#7700);
#6570=LINE('',#15622,#7701);
#6571=LINE('',#15624,#7702);
#6572=LINE('',#15626,#7703);
#6573=LINE('',#15628,#7704);
#6574=LINE('',#15632,#7705);
#6575=LINE('',#15635,#7706);
#6576=LINE('',#15636,#7707);
#6577=LINE('',#15638,#7708);
#6578=LINE('',#15640,#7709);
#6579=LINE('',#15642,#7710);
#6580=LINE('',#15644,#7711);
#6581=LINE('',#15646,#7712);
#6582=LINE('',#15648,#7713);
#6583=LINE('',#15650,#7714);
#6584=LINE('',#15652,#7715);
#6585=LINE('',#15654,#7716);
#6586=LINE('',#15656,#7717);
#6587=LINE('',#15658,#7718);
#6588=LINE('',#15659,#7719);
#6589=LINE('',#15661,#7720);
#6590=LINE('',#15664,#7721);
#6591=LINE('',#15666,#7722);
#6592=LINE('',#15668,#7723);
#6593=LINE('',#15670,#7724);
#6594=LINE('',#15673,#7725);
#6595=LINE('',#15675,#7726);
#6596=LINE('',#15677,#7727);
#6597=LINE('',#15679,#7728);
#6598=LINE('',#15682,#7729);
#6599=LINE('',#15684,#7730);
#6600=LINE('',#15686,#7731);
#6601=LINE('',#15688,#7732);
#6602=LINE('',#15691,#7733);
#6603=LINE('',#15693,#7734);
#6604=LINE('',#15695,#7735);
#6605=LINE('',#15697,#7736);
#6606=LINE('',#15699,#7737);
#6607=LINE('',#15701,#7738);
#6608=LINE('',#15702,#7739);
#6609=LINE('',#15704,#7740);
#6610=LINE('',#15706,#7741);
#6611=LINE('',#15707,#7742);
#6612=LINE('',#15709,#7743);
#6613=LINE('',#15711,#7744);
#6614=LINE('',#15712,#7745);
#6615=LINE('',#15714,#7746);
#6616=LINE('',#15716,#7747);
#6617=LINE('',#15718,#7748);
#6618=LINE('',#15720,#7749);
#6619=LINE('',#15722,#7750);
#6620=LINE('',#15724,#7751);
#6621=LINE('',#15726,#7752);
#6622=LINE('',#15728,#7753);
#6623=LINE('',#15730,#7754);
#6624=LINE('',#15732,#7755);
#6625=LINE('',#15733,#7756);
#6626=LINE('',#15735,#7757);
#6627=LINE('',#15737,#7758);
#6628=LINE('',#15739,#7759);
#6629=LINE('',#15742,#7760);
#6630=LINE('',#15744,#7761);
#6631=LINE('',#15746,#7762);
#6632=LINE('',#15748,#7763);
#6633=LINE('',#15750,#7764);
#6634=LINE('',#15752,#7765);
#6635=LINE('',#15754,#7766);
#6636=LINE('',#15756,#7767);
#6637=LINE('',#15766,#7768);
#6638=LINE('',#15768,#7769);
#6639=LINE('',#15770,#7770);
#6640=LINE('',#15776,#7771);
#6641=LINE('',#15782,#7772);
#6642=LINE('',#15788,#7773);
#6643=LINE('',#15794,#7774);
#6644=LINE('',#15796,#7775);
#6645=LINE('',#15798,#7776);
#6646=LINE('',#15800,#7777);
#6647=LINE('',#15802,#7778);
#6648=LINE('',#15812,#7779);
#6649=LINE('',#15814,#7780);
#6650=LINE('',#15816,#7781);
#6651=LINE('',#15818,#7782);
#6652=LINE('',#15822,#7783);
#6653=LINE('',#15823,#7784);
#6654=LINE('',#15826,#7785);
#6655=LINE('',#15828,#7786);
#6656=LINE('',#15830,#7787);
#6657=LINE('',#15832,#7788);
#6658=LINE('',#15834,#7789);
#6659=LINE('',#15836,#7790);
#6660=LINE('',#15838,#7791);
#6661=LINE('',#15839,#7792);
#6662=LINE('',#15842,#7793);
#6663=LINE('',#15844,#7794);
#6664=LINE('',#15846,#7795);
#6665=LINE('',#15847,#7796);
#6666=LINE('',#15850,#7797);
#6667=LINE('',#15852,#7798);
#6668=LINE('',#15862,#7799);
#6669=LINE('',#15872,#7800);
#6670=LINE('',#15874,#7801);
#6671=LINE('',#15903,#7802);
#6672=LINE('',#15934,#7803);
#6673=LINE('',#15937,#7804);
#6674=LINE('',#15939,#7805);
#6675=LINE('',#15941,#7806);
#6676=LINE('',#15943,#7807);
#6677=LINE('',#15945,#7808);
#6678=LINE('',#15947,#7809);
#6679=LINE('',#15950,#7810);
#6680=LINE('',#15952,#7811);
#6681=LINE('',#15954,#7812);
#6682=LINE('',#15956,#7813);
#6683=LINE('',#15958,#7814);
#6684=LINE('',#15960,#7815);
#6685=LINE('',#15962,#7816);
#6686=LINE('',#15964,#7817);
#6687=LINE('',#15966,#7818);
#6688=LINE('',#15968,#7819);
#6689=LINE('',#15970,#7820);
#6690=LINE('',#15972,#7821);
#6691=LINE('',#15974,#7822);
#6692=LINE('',#15976,#7823);
#6693=LINE('',#15978,#7824);
#6694=LINE('',#15980,#7825);
#6695=LINE('',#15982,#7826);
#6696=LINE('',#15984,#7827);
#6697=LINE('',#15987,#7828);
#6698=LINE('',#15989,#7829);
#6699=LINE('',#15991,#7830);
#6700=LINE('',#15993,#7831);
#6701=LINE('',#15996,#7832);
#6702=LINE('',#15998,#7833);
#6703=LINE('',#16000,#7834);
#6704=LINE('',#16002,#7835);
#6705=LINE('',#16004,#7836);
#6706=LINE('',#16006,#7837);
#6707=LINE('',#16009,#7838);
#6708=LINE('',#16021,#7839);
#6709=LINE('',#16033,#7840);
#6710=LINE('',#16035,#7841);
#6711=LINE('',#16037,#7842);
#6712=LINE('',#16038,#7843);
#6713=LINE('',#16040,#7844);
#6714=LINE('',#16043,#7845);
#6715=LINE('',#16045,#7846);
#6716=LINE('',#16047,#7847);
#6717=LINE('',#16055,#7848);
#6718=LINE('',#16058,#7849);
#6719=LINE('',#16059,#7850);
#6720=LINE('',#16061,#7851);
#6721=LINE('',#16063,#7852);
#6722=LINE('',#16065,#7853);
#6723=LINE('',#16067,#7854);
#6724=LINE('',#16068,#7855);
#6725=LINE('',#16070,#7856);
#6726=LINE('',#16071,#7857);
#6727=LINE('',#16073,#7858);
#6728=LINE('',#16075,#7859);
#6729=LINE('',#16076,#7860);
#6730=LINE('',#16080,#7861);
#6731=LINE('',#16083,#7862);
#6732=LINE('',#16084,#7863);
#6733=LINE('',#16085,#7864);
#6734=LINE('',#16087,#7865);
#6735=LINE('',#16089,#7866);
#6736=LINE('',#16091,#7867);
#6737=LINE('',#16093,#7868);
#6738=LINE('',#16094,#7869);
#6739=LINE('',#16096,#7870);
#6740=LINE('',#16098,#7871);
#6741=LINE('',#16099,#7872);
#6742=LINE('',#16101,#7873);
#6743=LINE('',#16103,#7874);
#6744=LINE('',#16104,#7875);
#6745=LINE('',#16106,#7876);
#6746=LINE('',#16108,#7877);
#6747=LINE('',#16109,#7878);
#6748=LINE('',#16111,#7879);
#6749=LINE('',#16113,#7880);
#6750=LINE('',#16114,#7881);
#6751=LINE('',#16116,#7882);
#6752=LINE('',#16118,#7883);
#6753=LINE('',#16119,#7884);
#6754=LINE('',#16121,#7885);
#6755=LINE('',#16122,#7886);
#6756=LINE('',#16126,#7887);
#6757=LINE('',#16128,#7888);
#6758=LINE('',#16129,#7889);
#6759=LINE('',#16131,#7890);
#6760=LINE('',#16133,#7891);
#6761=LINE('',#16135,#7892);
#6762=LINE('',#16136,#7893);
#6763=LINE('',#16138,#7894);
#6764=LINE('',#16140,#7895);
#6765=LINE('',#16142,#7896);
#6766=LINE('',#16144,#7897);
#6767=LINE('',#16145,#7898);
#6768=LINE('',#16148,#7899);
#6769=LINE('',#16150,#7900);
#6770=LINE('',#16151,#7901);
#6771=LINE('',#16153,#7902);
#6772=LINE('',#16154,#7903);
#6773=LINE('',#16156,#7904);
#6774=LINE('',#16158,#7905);
#6775=LINE('',#16159,#7906);
#6776=LINE('',#16161,#7907);
#6777=LINE('',#16163,#7908);
#6778=LINE('',#16166,#7909);
#6779=LINE('',#16167,#7910);
#6780=LINE('',#16168,#7911);
#6781=LINE('',#16170,#7912);
#6782=LINE('',#16171,#7913);
#6783=LINE('',#16172,#7914);
#6784=LINE('',#16175,#7915);
#6785=LINE('',#16177,#7916);
#6786=LINE('',#16179,#7917);
#6787=LINE('',#16180,#7918);
#6788=LINE('',#16182,#7919);
#6789=LINE('',#16184,#7920);
#6790=LINE('',#16185,#7921);
#6791=LINE('',#16187,#7922);
#6792=LINE('',#16189,#7923);
#6793=LINE('',#16191,#7924);
#6794=LINE('',#16193,#7925);
#6795=LINE('',#16195,#7926);
#6796=LINE('',#16197,#7927);
#6797=LINE('',#16198,#7928);
#6798=LINE('',#16200,#7929);
#6799=LINE('',#16202,#7930);
#6800=LINE('',#16203,#7931);
#6801=LINE('',#16205,#7932);
#6802=LINE('',#16207,#7933);
#6803=LINE('',#16209,#7934);
#6804=LINE('',#16211,#7935);
#6805=LINE('',#16213,#7936);
#6806=LINE('',#16215,#7937);
#6807=LINE('',#16217,#7938);
#6808=LINE('',#16219,#7939);
#6809=LINE('',#16221,#7940);
#6810=LINE('',#16223,#7941);
#6811=LINE('',#16225,#7942);
#6812=LINE('',#16227,#7943);
#6813=LINE('',#16229,#7944);
#6814=LINE('',#16231,#7945);
#6815=LINE('',#16233,#7946);
#6816=LINE('',#16235,#7947);
#6817=LINE('',#16237,#7948);
#6818=LINE('',#16239,#7949);
#6819=LINE('',#16241,#7950);
#6820=LINE('',#16244,#7951);
#6821=LINE('',#16246,#7952);
#6822=LINE('',#16248,#7953);
#6823=LINE('',#16250,#7954);
#6824=LINE('',#16252,#7955);
#6825=LINE('',#16254,#7956);
#6826=LINE('',#16256,#7957);
#6827=LINE('',#16258,#7958);
#6828=LINE('',#16261,#7959);
#6829=LINE('',#16263,#7960);
#6830=LINE('',#16265,#7961);
#6831=LINE('',#16267,#7962);
#6832=LINE('',#16269,#7963);
#6833=LINE('',#16271,#7964);
#6834=LINE('',#16273,#7965);
#6835=LINE('',#16275,#7966);
#6836=LINE('',#16277,#7967);
#6837=LINE('',#16279,#7968);
#6838=LINE('',#16281,#7969);
#6839=LINE('',#16283,#7970);
#6840=LINE('',#16285,#7971);
#6841=LINE('',#16287,#7972);
#6842=LINE('',#16289,#7973);
#6843=LINE('',#16291,#7974);
#6844=LINE('',#16294,#7975);
#6845=LINE('',#16297,#7976);
#6846=LINE('',#16299,#7977);
#6847=LINE('',#16301,#7978);
#6848=LINE('',#16305,#7979);
#6849=LINE('',#16311,#7980);
#6850=LINE('',#16315,#7981);
#6851=LINE('',#16317,#7982);
#6852=LINE('',#16319,#7983);
#6853=LINE('',#16323,#7984);
#6854=LINE('',#16329,#7985);
#6855=LINE('',#16333,#7986);
#6856=LINE('',#16335,#7987);
#6857=LINE('',#16337,#7988);
#6858=LINE('',#16341,#7989);
#6859=LINE('',#16347,#7990);
#6860=LINE('',#16351,#7991);
#6861=LINE('',#16353,#7992);
#6862=LINE('',#16355,#7993);
#6863=LINE('',#16359,#7994);
#6864=LINE('',#16363,#7995);
#6865=LINE('',#16365,#7996);
#6866=LINE('',#16367,#7997);
#6867=LINE('',#16369,#7998);
#6868=LINE('',#16371,#7999);
#6869=LINE('',#16373,#8000);
#6870=LINE('',#16375,#8001);
#6871=LINE('',#16377,#8002);
#6872=LINE('',#16379,#8003);
#6873=LINE('',#16388,#8004);
#6874=LINE('',#16394,#8005);
#6875=LINE('',#16398,#8006);
#6876=LINE('',#16402,#8007);
#6877=LINE('',#16404,#8008);
#6878=LINE('',#16413,#8009);
#6879=LINE('',#16419,#8010);
#6880=LINE('',#16423,#8011);
#6881=LINE('',#16427,#8012);
#6882=LINE('',#16433,#8013);
#6883=LINE('',#16435,#8014);
#6884=LINE('',#16437,#8015);
#6885=LINE('',#16438,#8016);
#6886=LINE('',#16440,#8017);
#6887=LINE('',#16442,#8018);
#6888=LINE('',#16444,#8019);
#6889=LINE('',#16445,#8020);
#6890=LINE('',#16447,#8021);
#6891=LINE('',#16449,#8022);
#6892=LINE('',#16458,#8023);
#6893=LINE('',#16464,#8024);
#6894=LINE('',#16475,#8025);
#6895=LINE('',#16481,#8026);
#6896=LINE('',#16483,#8027);
#6897=LINE('',#16492,#8028);
#6898=LINE('',#16498,#8029);
#6899=LINE('',#16513,#8030);
#6900=LINE('',#16519,#8031);
#6901=LINE('',#16521,#8032);
#6902=LINE('',#16522,#8033);
#6903=LINE('',#16524,#8034);
#6904=LINE('',#16526,#8035);
#6905=LINE('',#16527,#8036);
#6906=LINE('',#16529,#8037);
#6907=LINE('',#16531,#8038);
#6908=LINE('',#16533,#8039);
#6909=LINE('',#16537,#8040);
#6910=LINE('',#16548,#8041);
#6911=LINE('',#16554,#8042);
#6912=LINE('',#16556,#8043);
#6913=LINE('',#16558,#8044);
#6914=LINE('',#16560,#8045);
#6915=LINE('',#16562,#8046);
#6916=LINE('',#16564,#8047);
#6917=LINE('',#16566,#8048);
#6918=LINE('',#16568,#8049);
#6919=LINE('',#16570,#8050);
#6920=LINE('',#16572,#8051);
#6921=LINE('',#16574,#8052);
#6922=LINE('',#16578,#8053);
#6923=LINE('',#16582,#8054);
#6924=LINE('',#16584,#8055);
#6925=LINE('',#16586,#8056);
#6926=LINE('',#16590,#8057);
#6927=LINE('',#16594,#8058);
#6928=LINE('',#16596,#8059);
#6929=LINE('',#16598,#8060);
#6930=LINE('',#16602,#8061);
#6931=LINE('',#16606,#8062);
#6932=LINE('',#16608,#8063);
#6933=LINE('',#16610,#8064);
#6934=LINE('',#16614,#8065);
#6935=LINE('',#16618,#8066);
#6936=LINE('',#16620,#8067);
#6937=LINE('',#16622,#8068);
#6938=LINE('',#16624,#8069);
#6939=LINE('',#16626,#8070);
#6940=LINE('',#16628,#8071);
#6941=LINE('',#16637,#8072);
#6942=LINE('',#16643,#8073);
#6943=LINE('',#16651,#8074);
#6944=LINE('',#16653,#8075);
#6945=LINE('',#16656,#8076);
#6946=LINE('',#16658,#8077);
#6947=LINE('',#16661,#8078);
#6948=LINE('',#16663,#8079);
#6949=LINE('',#16665,#8080);
#6950=LINE('',#16667,#8081);
#6951=LINE('',#16669,#8082);
#6952=LINE('',#16671,#8083);
#6953=LINE('',#16673,#8084);
#6954=LINE('',#16675,#8085);
#6955=LINE('',#16677,#8086);
#6956=LINE('',#16680,#8087);
#6957=LINE('',#16682,#8088);
#6958=LINE('',#16684,#8089);
#6959=LINE('',#16686,#8090);
#6960=LINE('',#16688,#8091);
#6961=LINE('',#16690,#8092);
#6962=LINE('',#16692,#8093);
#6963=LINE('',#16694,#8094);
#6964=LINE('',#16696,#8095);
#6965=LINE('',#16699,#8096);
#6966=LINE('',#16701,#8097);
#6967=LINE('',#16704,#8098);
#6968=LINE('',#16706,#8099);
#6969=LINE('',#16709,#8100);
#6970=LINE('',#16711,#8101);
#6971=LINE('',#16713,#8102);
#6972=LINE('',#16715,#8103);
#6973=LINE('',#16717,#8104);
#6974=LINE('',#16719,#8105);
#6975=LINE('',#16721,#8106);
#6976=LINE('',#16723,#8107);
#6977=LINE('',#16725,#8108);
#6978=LINE('',#16728,#8109);
#6979=LINE('',#16730,#8110);
#6980=LINE('',#16732,#8111);
#6981=LINE('',#16734,#8112);
#6982=LINE('',#16736,#8113);
#6983=LINE('',#16738,#8114);
#6984=LINE('',#16740,#8115);
#6985=LINE('',#16742,#8116);
#6986=LINE('',#16744,#8117);
#6987=LINE('',#16760,#8118);
#6988=LINE('',#16769,#8119);
#6989=LINE('',#16771,#8120);
#6990=LINE('',#16773,#8121);
#6991=LINE('',#16794,#8122);
#6992=LINE('',#16880,#8123);
#6993=LINE('',#16911,#8124);
#6994=LINE('',#16944,#8125);
#6995=LINE('',#16982,#8126);
#6996=LINE('',#16984,#8127);
#6997=LINE('',#16986,#8128);
#6998=LINE('',#16988,#8129);
#6999=LINE('',#16990,#8130);
#7000=LINE('',#16992,#8131);
#7001=LINE('',#16994,#8132);
#7002=LINE('',#16995,#8133);
#7003=LINE('',#16996,#8134);
#7004=LINE('',#16998,#8135);
#7005=LINE('',#17000,#8136);
#7006=LINE('',#17002,#8137);
#7007=LINE('',#17003,#8138);
#7008=LINE('',#17005,#8139);
#7009=LINE('',#17007,#8140);
#7010=LINE('',#17008,#8141);
#7011=LINE('',#17010,#8142);
#7012=LINE('',#17012,#8143);
#7013=LINE('',#17014,#8144);
#7014=LINE('',#17017,#8145);
#7015=LINE('',#17019,#8146);
#7016=LINE('',#17022,#8147);
#7017=LINE('',#17024,#8148);
#7018=LINE('',#17027,#8149);
#7019=LINE('',#17029,#8150);
#7020=LINE('',#17032,#8151);
#7021=LINE('',#17034,#8152);
#7022=LINE('',#17037,#8153);
#7023=LINE('',#17040,#8154);
#7024=LINE('',#17042,#8155);
#7025=LINE('',#17045,#8156);
#7026=LINE('',#17048,#8157);
#7027=LINE('',#17050,#8158);
#7028=LINE('',#17053,#8159);
#7029=LINE('',#17056,#8160);
#7030=LINE('',#17058,#8161);
#7031=VECTOR('',#10989,1.);
#7032=VECTOR('',#10990,1.);
#7033=VECTOR('',#10991,1.);
#7034=VECTOR('',#10992,1.);
#7035=VECTOR('',#10993,1.);
#7036=VECTOR('',#10994,1.);
#7037=VECTOR('',#10995,1.);
#7038=VECTOR('',#10996,1.);
#7039=VECTOR('',#10997,1.);
#7040=VECTOR('',#11000,1.);
#7041=VECTOR('',#11001,1.);
#7042=VECTOR('',#11002,1.);
#7043=VECTOR('',#11003,1.);
#7044=VECTOR('',#11004,1.);
#7045=VECTOR('',#11007,1.);
#7046=VECTOR('',#11008,1.);
#7047=VECTOR('',#11009,1.);
#7048=VECTOR('',#11010,1.);
#7049=VECTOR('',#11011,1.);
#7050=VECTOR('',#11012,1.);
#7051=VECTOR('',#11013,1.);
#7052=VECTOR('',#11016,1.);
#7053=VECTOR('',#11017,1.);
#7054=VECTOR('',#11018,1.);
#7055=VECTOR('',#11019,1.);
#7056=VECTOR('',#11020,1.);
#7057=VECTOR('',#11021,1.);
#7058=VECTOR('',#11022,1.);
#7059=VECTOR('',#11025,1.);
#7060=VECTOR('',#11026,1.);
#7061=VECTOR('',#11027,1.);
#7062=VECTOR('',#11028,1.);
#7063=VECTOR('',#11029,1.);
#7064=VECTOR('',#11030,1.);
#7065=VECTOR('',#11031,1.);
#7066=VECTOR('',#11032,1.);
#7067=VECTOR('',#11033,1.);
#7068=VECTOR('',#11036,1.);
#7069=VECTOR('',#11037,1.);
#7070=VECTOR('',#11038,1.);
#7071=VECTOR('',#11039,1.);
#7072=VECTOR('',#11040,1.);
#7073=VECTOR('',#11043,1.);
#7074=VECTOR('',#11044,1.);
#7075=VECTOR('',#11045,1.);
#7076=VECTOR('',#11046,1.);
#7077=VECTOR('',#11047,1.);
#7078=VECTOR('',#11048,1.);
#7079=VECTOR('',#11049,1.);
#7080=VECTOR('',#11052,1.);
#7081=VECTOR('',#11053,1.);
#7082=VECTOR('',#11054,1.);
#7083=VECTOR('',#11055,1.);
#7084=VECTOR('',#11056,1.);
#7085=VECTOR('',#11057,1.);
#7086=VECTOR('',#11058,1.);
#7087=VECTOR('',#11061,1.);
#7088=VECTOR('',#11062,1.);
#7089=VECTOR('',#11065,1.);
#7090=VECTOR('',#11066,1.);
#7091=VECTOR('',#11069,1.);
#7092=VECTOR('',#11070,1.);
#7093=VECTOR('',#11073,1.);
#7094=VECTOR('',#11074,1.);
#7095=VECTOR('',#11077,1.);
#7096=VECTOR('',#11078,1.);
#7097=VECTOR('',#11079,1.);
#7098=VECTOR('',#11080,1.);
#7099=VECTOR('',#11081,1.);
#7100=VECTOR('',#11082,1.);
#7101=VECTOR('',#11083,1.);
#7102=VECTOR('',#11084,1.);
#7103=VECTOR('',#11087,1.);
#7104=VECTOR('',#11088,1.);
#7105=VECTOR('',#11089,1.);
#7106=VECTOR('',#11090,1.);
#7107=VECTOR('',#11091,1.);
#7108=VECTOR('',#11092,1.);
#7109=VECTOR('',#11099,1.);
#7110=VECTOR('',#11106,1.);
#7111=VECTOR('',#11107,1.);
#7112=VECTOR('',#11108,1.);
#7113=VECTOR('',#11109,1.);
#7114=VECTOR('',#11110,1.);
#7115=VECTOR('',#11111,1.);
#7116=VECTOR('',#11112,1.);
#7117=VECTOR('',#11113,1.);
#7118=VECTOR('',#11114,1.);
#7119=VECTOR('',#11115,1.);
#7120=VECTOR('',#11116,1.);
#7121=VECTOR('',#11117,1.);
#7122=VECTOR('',#11118,1.);
#7123=VECTOR('',#11119,1.);
#7124=VECTOR('',#11120,1.);
#7125=VECTOR('',#11121,1.);
#7126=VECTOR('',#11122,1.);
#7127=VECTOR('',#11123,1.);
#7128=VECTOR('',#11124,1.);
#7129=VECTOR('',#11125,1.);
#7130=VECTOR('',#11126,1.);
#7131=VECTOR('',#11127,1.);
#7132=VECTOR('',#11128,1.);
#7133=VECTOR('',#11129,1.);
#7134=VECTOR('',#11130,1.);
#7135=VECTOR('',#11137,1.);
#7136=VECTOR('',#11144,1.);
#7137=VECTOR('',#11151,1.);
#7138=VECTOR('',#11152,1.);
#7139=VECTOR('',#11153,1.);
#7140=VECTOR('',#11158,1.);
#7141=VECTOR('',#11163,1.);
#7142=VECTOR('',#11168,1.);
#7143=VECTOR('',#11173,1.);
#7144=VECTOR('',#11174,1.);
#7145=VECTOR('',#11175,1.);
#7146=VECTOR('',#11176,1.);
#7147=VECTOR('',#11177,1.);
#7148=VECTOR('',#11184,1.);
#7149=VECTOR('',#11185,1.);
#7150=VECTOR('',#11186,1.);
#7151=VECTOR('',#11187,1.);
#7152=VECTOR('',#11188,1.);
#7153=VECTOR('',#11189,1.);
#7154=VECTOR('',#11196,1.);
#7155=VECTOR('',#11203,1.);
#7156=VECTOR('',#11204,1.);
#7157=VECTOR('',#11205,1.);
#7158=VECTOR('',#11206,1.);
#7159=VECTOR('',#11207,1.);
#7160=VECTOR('',#11208,1.);
#7161=VECTOR('',#11209,1.);
#7162=VECTOR('',#11210,1.);
#7163=VECTOR('',#11211,1.);
#7164=VECTOR('',#11212,1.);
#7165=VECTOR('',#11213,1.);
#7166=VECTOR('',#11214,1.);
#7167=VECTOR('',#11221,1.);
#7168=VECTOR('',#11228,1.);
#7169=VECTOR('',#11235,1.);
#7170=VECTOR('',#11242,1.);
#7171=VECTOR('',#11243,1.);
#7172=VECTOR('',#11250,1.);
#7173=VECTOR('',#11257,1.);
#7174=VECTOR('',#11258,1.);
#7175=VECTOR('',#11259,1.);
#7176=VECTOR('',#11260,1.);
#7177=VECTOR('',#11261,1.);
#7178=VECTOR('',#11262,1.);
#7179=VECTOR('',#11263,1.);
#7180=VECTOR('',#11264,1.);
#7181=VECTOR('',#11271,1.);
#7182=VECTOR('',#11278,1.);
#7183=VECTOR('',#11279,1.);
#7184=VECTOR('',#11280,1.);
#7185=VECTOR('',#11281,1.);
#7186=VECTOR('',#11282,1.);
#7187=VECTOR('',#11283,1.);
#7188=VECTOR('',#11284,1.);
#7189=VECTOR('',#11285,1.);
#7190=VECTOR('',#11286,1.);
#7191=VECTOR('',#11287,1.);
#7192=VECTOR('',#11288,1.);
#7193=VECTOR('',#11289,1.);
#7194=VECTOR('',#11290,1.);
#7195=VECTOR('',#11291,1.);
#7196=VECTOR('',#11292,1.);
#7197=VECTOR('',#11293,1.);
#7198=VECTOR('',#11294,1.);
#7199=VECTOR('',#11301,1.);
#7200=VECTOR('',#11308,1.);
#7201=VECTOR('',#11315,1.);
#7202=VECTOR('',#11316,1.);
#7203=VECTOR('',#11317,1.);
#7204=VECTOR('',#11322,1.);
#7205=VECTOR('',#11327,1.);
#7206=VECTOR('',#11332,1.);
#7207=VECTOR('',#11337,1.);
#7208=VECTOR('',#11338,1.);
#7209=VECTOR('',#11339,1.);
#7210=VECTOR('',#11340,1.);
#7211=VECTOR('',#11341,1.);
#7212=VECTOR('',#11348,1.);
#7213=VECTOR('',#11355,1.);
#7214=VECTOR('',#11362,1.);
#7215=VECTOR('',#11363,1.);
#7216=VECTOR('',#11364,1.);
#7217=VECTOR('',#11369,1.);
#7218=VECTOR('',#11374,1.);
#7219=VECTOR('',#11375,1.);
#7220=VECTOR('',#11378,1.);
#7221=VECTOR('',#11379,1.);
#7222=VECTOR('',#11380,1.);
#7223=VECTOR('',#11381,1.);
#7224=VECTOR('',#11384,1.);
#7225=VECTOR('',#11385,1.);
#7226=VECTOR('',#11386,1.);
#7227=VECTOR('',#11387,1.);
#7228=VECTOR('',#11390,1.);
#7229=VECTOR('',#11391,1.);
#7230=VECTOR('',#11392,1.);
#7231=VECTOR('',#11393,1.);
#7232=VECTOR('',#11394,1.);
#7233=VECTOR('',#11395,1.);
#7234=VECTOR('',#11396,1.);
#7235=VECTOR('',#11397,1.);
#7236=VECTOR('',#11398,1.);
#7237=VECTOR('',#11401,1.);
#7238=VECTOR('',#11402,1.);
#7239=VECTOR('',#11405,1.);
#7240=VECTOR('',#11406,1.);
#7241=VECTOR('',#11407,1.);
#7242=VECTOR('',#11408,1.);
#7243=VECTOR('',#11411,1.);
#7244=VECTOR('',#11418,1.);
#7245=VECTOR('',#11419,1.);
#7246=VECTOR('',#11420,1.);
#7247=VECTOR('',#11421,1.);
#7248=VECTOR('',#11422,1.);
#7249=VECTOR('',#11423,1.);
#7250=VECTOR('',#11424,1.);
#7251=VECTOR('',#11425,1.);
#7252=VECTOR('',#11428,1.);
#7253=VECTOR('',#11429,1.);
#7254=VECTOR('',#11432,1.);
#7255=VECTOR('',#11433,1.);
#7256=VECTOR('',#11434,1.);
#7257=VECTOR('',#11435,1.);
#7258=VECTOR('',#11438,1.);
#7259=VECTOR('',#11443,1.);
#7260=VECTOR('',#11444,1.);
#7261=VECTOR('',#11445,1.);
#7262=VECTOR('',#11446,1.);
#7263=VECTOR('',#11451,1.);
#7264=VECTOR('',#11458,1.);
#7265=VECTOR('',#11463,1.);
#7266=VECTOR('',#11464,1.);
#7267=VECTOR('',#11465,1.);
#7268=VECTOR('',#11470,1.);
#7269=VECTOR('',#11477,1.);
#7270=VECTOR('',#11482,1.);
#7271=VECTOR('',#11483,1.);
#7272=VECTOR('',#11484,1.);
#7273=VECTOR('',#11489,1.);
#7274=VECTOR('',#11496,1.);
#7275=VECTOR('',#11501,1.);
#7276=VECTOR('',#11502,1.);
#7277=VECTOR('',#11503,1.);
#7278=VECTOR('',#11508,1.);
#7279=VECTOR('',#11513,1.);
#7280=VECTOR('',#11516,1.);
#7281=VECTOR('',#11519,1.);
#7282=VECTOR('',#11520,1.);
#7283=VECTOR('',#11523,1.);
#7284=VECTOR('',#11528,1.);
#7285=VECTOR('',#11533,1.);
#7286=VECTOR('',#11538,1.);
#7287=VECTOR('',#11539,1.);
#7288=VECTOR('',#11542,1.);
#7289=VECTOR('',#11547,1.);
#7290=VECTOR('',#11552,1.);
#7291=VECTOR('',#11557,1.);
#7292=VECTOR('',#11558,1.);
#7293=VECTOR('',#11561,1.);
#7294=VECTOR('',#11566,1.);
#7295=VECTOR('',#11571,1.);
#7296=VECTOR('',#11576,1.);
#7297=VECTOR('',#11577,1.);
#7298=VECTOR('',#11580,1.);
#7299=VECTOR('',#11597,1.);
#7300=VECTOR('',#11598,1.);
#7301=VECTOR('',#11599,1.);
#7302=VECTOR('',#11600,1.);
#7303=VECTOR('',#11605,1.);
#7304=VECTOR('',#11612,1.);
#7305=VECTOR('',#11617,1.);
#7306=VECTOR('',#11618,1.);
#7307=VECTOR('',#11619,1.);
#7308=VECTOR('',#11624,1.);
#7309=VECTOR('',#11631,1.);
#7310=VECTOR('',#11636,1.);
#7311=VECTOR('',#11637,1.);
#7312=VECTOR('',#11638,1.);
#7313=VECTOR('',#11643,1.);
#7314=VECTOR('',#11650,1.);
#7315=VECTOR('',#11655,1.);
#7316=VECTOR('',#11656,1.);
#7317=VECTOR('',#11657,1.);
#7318=VECTOR('',#11662,1.);
#7319=VECTOR('',#11667,1.);
#7320=VECTOR('',#11668,1.);
#7321=VECTOR('',#11669,1.);
#7322=VECTOR('',#11672,1.);
#7323=VECTOR('',#11673,1.);
#7324=VECTOR('',#11676,1.);
#7325=VECTOR('',#11677,1.);
#7326=VECTOR('',#11680,1.);
#7327=VECTOR('',#11681,1.);
#7328=VECTOR('',#11684,1.);
#7329=VECTOR('',#11685,1.);
#7330=VECTOR('',#11688,1.);
#7331=VECTOR('',#11689,1.);
#7332=VECTOR('',#11692,1.);
#7333=VECTOR('',#11697,1.);
#7334=VECTOR('',#11702,1.);
#7335=VECTOR('',#11707,1.);
#7336=VECTOR('',#11708,1.);
#7337=VECTOR('',#11711,1.);
#7338=VECTOR('',#11716,1.);
#7339=VECTOR('',#11721,1.);
#7340=VECTOR('',#11726,1.);
#7341=VECTOR('',#11727,1.);
#7342=VECTOR('',#11730,1.);
#7343=VECTOR('',#11731,1.);
#7344=VECTOR('',#11734,1.);
#7345=VECTOR('',#11735,1.);
#7346=VECTOR('',#11738,1.);
#7347=VECTOR('',#11749,1.);
#7348=VECTOR('',#11752,1.);
#7349=VECTOR('',#11755,1.);
#7350=VECTOR('',#11756,1.);
#7351=VECTOR('',#11759,1.);
#7352=VECTOR('',#11764,1.);
#7353=VECTOR('',#11769,1.);
#7354=VECTOR('',#11774,1.);
#7355=VECTOR('',#11775,1.);
#7356=VECTOR('',#11778,1.);
#7357=VECTOR('',#11779,1.);
#7358=VECTOR('',#11782,1.);
#7359=VECTOR('',#11783,1.);
#7360=VECTOR('',#11786,1.);
#7361=VECTOR('',#11787,1.);
#7362=VECTOR('',#11790,1.);
#7363=VECTOR('',#11791,1.);
#7364=VECTOR('',#11794,1.);
#7365=VECTOR('',#11799,1.);
#7366=VECTOR('',#11804,1.);
#7367=VECTOR('',#11805,1.);
#7368=VECTOR('',#11808,1.);
#7369=VECTOR('',#11813,1.);
#7370=VECTOR('',#11818,1.);
#7371=VECTOR('',#11819,1.);
#7372=VECTOR('',#11822,1.);
#7373=VECTOR('',#11827,1.);
#7374=VECTOR('',#11832,1.);
#7375=VECTOR('',#11833,1.);
#7376=VECTOR('',#11836,1.);
#7377=VECTOR('',#11841,1.);
#7378=VECTOR('',#11846,1.);
#7379=VECTOR('',#11847,1.);
#7380=VECTOR('',#11850,1.);
#7381=VECTOR('',#11851,1.);
#7382=VECTOR('',#11854,1.);
#7383=VECTOR('',#11855,1.);
#7384=VECTOR('',#11858,1.);
#7385=VECTOR('',#11863,1.);
#7386=VECTOR('',#11868,1.);
#7387=VECTOR('',#11873,1.);
#7388=VECTOR('',#11874,1.);
#7389=VECTOR('',#11877,1.);
#7390=VECTOR('',#11882,1.);
#7391=VECTOR('',#11887,1.);
#7392=VECTOR('',#11892,1.);
#7393=VECTOR('',#11893,1.);
#7394=VECTOR('',#11896,1.);
#7395=VECTOR('',#11907,1.);
#7396=VECTOR('',#11908,1.);
#7397=VECTOR('',#11909,1.);
#7398=VECTOR('',#11912,1.);
#7399=VECTOR('',#11913,1.);
#7400=VECTOR('',#11916,1.);
#7401=VECTOR('',#11917,1.);
#7402=VECTOR('',#11920,1.);
#7403=VECTOR('',#11921,1.);
#7404=VECTOR('',#11924,1.);
#7405=VECTOR('',#11925,1.);
#7406=VECTOR('',#11928,1.);
#7407=VECTOR('',#11929,1.);
#7408=VECTOR('',#11932,1.);
#7409=VECTOR('',#11933,1.);
#7410=VECTOR('',#11936,1.);
#7411=VECTOR('',#11941,1.);
#7412=VECTOR('',#11942,1.);
#7413=VECTOR('',#11943,1.);
#7414=VECTOR('',#11946,1.);
#7415=VECTOR('',#11947,1.);
#7416=VECTOR('',#11950,1.);
#7417=VECTOR('',#11951,1.);
#7418=VECTOR('',#11954,1.);
#7419=VECTOR('',#11955,1.);
#7420=VECTOR('',#11958,1.);
#7421=VECTOR('',#11959,1.);
#7422=VECTOR('',#11962,1.);
#7423=VECTOR('',#11963,1.);
#7424=VECTOR('',#11966,1.);
#7425=VECTOR('',#11967,1.);
#7426=VECTOR('',#11970,1.);
#7427=VECTOR('',#11971,1.);
#7428=VECTOR('',#11974,1.);
#7429=VECTOR('',#11975,1.);
#7430=VECTOR('',#11978,1.);
#7431=VECTOR('',#11979,1.);
#7432=VECTOR('',#11982,1.);
#7433=VECTOR('',#11983,1.);
#7434=VECTOR('',#11986,1.);
#7435=VECTOR('',#11991,1.);
#7436=VECTOR('',#11992,1.);
#7437=VECTOR('',#11993,1.);
#7438=VECTOR('',#11994,1.);
#7439=VECTOR('',#11997,1.);
#7440=VECTOR('',#11998,1.);
#7441=VECTOR('',#11999,1.);
#7442=VECTOR('',#12004,1.);
#7443=VECTOR('',#12011,1.);
#7444=VECTOR('',#12016,1.);
#7445=VECTOR('',#12017,1.);
#7446=VECTOR('',#12018,1.);
#7447=VECTOR('',#12023,1.);
#7448=VECTOR('',#12030,1.);
#7449=VECTOR('',#12035,1.);
#7450=VECTOR('',#12036,1.);
#7451=VECTOR('',#12037,1.);
#7452=VECTOR('',#12040,1.);
#7453=VECTOR('',#12041,1.);
#7454=VECTOR('',#12044,1.);
#7455=VECTOR('',#12045,1.);
#7456=VECTOR('',#12048,1.);
#7457=VECTOR('',#12049,1.);
#7458=VECTOR('',#12052,1.);
#7459=VECTOR('',#12053,1.);
#7460=VECTOR('',#12056,1.);
#7461=VECTOR('',#12057,1.);
#7462=VECTOR('',#12060,1.);
#7463=VECTOR('',#12061,1.);
#7464=VECTOR('',#12064,1.);
#7465=VECTOR('',#12069,1.);
#7466=VECTOR('',#12074,1.);
#7467=VECTOR('',#12079,1.);
#7468=VECTOR('',#12080,1.);
#7469=VECTOR('',#12083,1.);
#7470=VECTOR('',#12088,1.);
#7471=VECTOR('',#12097,1.);
#7472=VECTOR('',#12098,1.);
#7473=VECTOR('',#12103,1.);
#7474=VECTOR('',#12104,1.);
#7475=VECTOR('',#12105,1.);
#7476=VECTOR('',#12106,1.);
#7477=VECTOR('',#12111,1.);
#7478=VECTOR('',#12118,1.);
#7479=VECTOR('',#12123,1.);
#7480=VECTOR('',#12124,1.);
#7481=VECTOR('',#12125,1.);
#7482=VECTOR('',#12130,1.);
#7483=VECTOR('',#12137,1.);
#7484=VECTOR('',#12142,1.);
#7485=VECTOR('',#12143,1.);
#7486=VECTOR('',#12144,1.);
#7487=VECTOR('',#12149,1.);
#7488=VECTOR('',#12156,1.);
#7489=VECTOR('',#12161,1.);
#7490=VECTOR('',#12162,1.);
#7491=VECTOR('',#12163,1.);
#7492=VECTOR('',#12168,1.);
#7493=VECTOR('',#12173,1.);
#7494=VECTOR('',#12174,1.);
#7495=VECTOR('',#12175,1.);
#7496=VECTOR('',#12178,1.);
#7497=VECTOR('',#12179,1.);
#7498=VECTOR('',#12182,1.);
#7499=VECTOR('',#12183,1.);
#7500=VECTOR('',#12186,1.);
#7501=VECTOR('',#12187,1.);
#7502=VECTOR('',#12190,1.);
#7503=VECTOR('',#12191,1.);
#7504=VECTOR('',#12194,1.);
#7505=VECTOR('',#12195,1.);
#7506=VECTOR('',#12198,1.);
#7507=VECTOR('',#12203,1.);
#7508=VECTOR('',#12208,1.);
#7509=VECTOR('',#12213,1.);
#7510=VECTOR('',#12214,1.);
#7511=VECTOR('',#12217,1.);
#7512=VECTOR('',#12222,1.);
#7513=VECTOR('',#12227,1.);
#7514=VECTOR('',#12232,1.);
#7515=VECTOR('',#12233,1.);
#7516=VECTOR('',#12236,1.);
#7517=VECTOR('',#12237,1.);
#7518=VECTOR('',#12240,1.);
#7519=VECTOR('',#12241,1.);
#7520=VECTOR('',#12244,1.);
#7521=VECTOR('',#12255,1.);
#7522=VECTOR('',#12256,1.);
#7523=VECTOR('',#12257,1.);
#7524=VECTOR('',#12258,1.);
#7525=VECTOR('',#12263,1.);
#7526=VECTOR('',#12270,1.);
#7527=VECTOR('',#12275,1.);
#7528=VECTOR('',#12276,1.);
#7529=VECTOR('',#12277,1.);
#7530=VECTOR('',#12282,1.);
#7531=VECTOR('',#12289,1.);
#7532=VECTOR('',#12294,1.);
#7533=VECTOR('',#12295,1.);
#7534=VECTOR('',#12296,1.);
#7535=VECTOR('',#12301,1.);
#7536=VECTOR('',#12308,1.);
#7537=VECTOR('',#12313,1.);
#7538=VECTOR('',#12314,1.);
#7539=VECTOR('',#12315,1.);
#7540=VECTOR('',#12320,1.);
#7541=VECTOR('',#12325,1.);
#7542=VECTOR('',#12326,1.);
#7543=VECTOR('',#12327,1.);
#7544=VECTOR('',#12330,1.);
#7545=VECTOR('',#12331,1.);
#7546=VECTOR('',#12334,1.);
#7547=VECTOR('',#12335,1.);
#7548=VECTOR('',#12338,1.);
#7549=VECTOR('',#12339,1.);
#7550=VECTOR('',#12342,1.);
#7551=VECTOR('',#12347,1.);
#7552=VECTOR('',#12352,1.);
#7553=VECTOR('',#12357,1.);
#7554=VECTOR('',#12358,1.);
#7555=VECTOR('',#12361,1.);
#7556=VECTOR('',#12366,1.);
#7557=VECTOR('',#12371,1.);
#7558=VECTOR('',#12376,1.);
#7559=VECTOR('',#12387,1.);
#7560=VECTOR('',#12388,1.);
#7561=VECTOR('',#12389,1.);
#7562=VECTOR('',#12392,1.);
#7563=VECTOR('',#12393,1.);
#7564=VECTOR('',#12396,1.);
#7565=VECTOR('',#12397,1.);
#7566=VECTOR('',#12400,1.);
#7567=VECTOR('',#12405,1.);
#7568=VECTOR('',#12406,1.);
#7569=VECTOR('',#12407,1.);
#7570=VECTOR('',#12410,1.);
#7571=VECTOR('',#12411,1.);
#7572=VECTOR('',#12414,1.);
#7573=VECTOR('',#12415,1.);
#7574=VECTOR('',#12418,1.);
#7575=VECTOR('',#12419,1.);
#7576=VECTOR('',#12422,1.);
#7577=VECTOR('',#12423,1.);
#7578=VECTOR('',#12426,1.);
#7579=VECTOR('',#12427,1.);
#7580=VECTOR('',#12430,1.);
#7581=VECTOR('',#12431,1.);
#7582=VECTOR('',#12434,1.);
#7583=VECTOR('',#12435,1.);
#7584=VECTOR('',#12438,1.);
#7585=VECTOR('',#12439,1.);
#7586=VECTOR('',#12442,1.);
#7587=VECTOR('',#12447,1.);
#7588=VECTOR('',#12450,1.);
#7589=VECTOR('',#12453,1.);
#7590=VECTOR('',#12454,1.);
#7591=VECTOR('',#12457,1.);
#7592=VECTOR('',#12462,1.);
#7593=VECTOR('',#12467,1.);
#7594=VECTOR('',#12472,1.);
#7595=VECTOR('',#12473,1.);
#7596=VECTOR('',#12476,1.);
#7597=VECTOR('',#12477,1.);
#7598=VECTOR('',#12480,1.);
#7599=VECTOR('',#12481,1.);
#7600=VECTOR('',#12484,1.);
#7601=VECTOR('',#12485,1.);
#7602=VECTOR('',#12488,1.);
#7603=VECTOR('',#12489,1.);
#7604=VECTOR('',#12492,1.);
#7605=VECTOR('',#12497,1.);
#7606=VECTOR('',#12502,1.);
#7607=VECTOR('',#12503,1.);
#7608=VECTOR('',#12506,1.);
#7609=VECTOR('',#12511,1.);
#7610=VECTOR('',#12516,1.);
#7611=VECTOR('',#12517,1.);
#7612=VECTOR('',#12520,1.);
#7613=VECTOR('',#12525,1.);
#7614=VECTOR('',#12530,1.);
#7615=VECTOR('',#12531,1.);
#7616=VECTOR('',#12534,1.);
#7617=VECTOR('',#12539,1.);
#7618=VECTOR('',#12544,1.);
#7619=VECTOR('',#12545,1.);
#7620=VECTOR('',#12548,1.);
#7621=VECTOR('',#12549,1.);
#7622=VECTOR('',#12552,1.);
#7623=VECTOR('',#12553,1.);
#7624=VECTOR('',#12556,1.);
#7625=VECTOR('',#12561,1.);
#7626=VECTOR('',#12566,1.);
#7627=VECTOR('',#12571,1.);
#7628=VECTOR('',#12572,1.);
#7629=VECTOR('',#12575,1.);
#7630=VECTOR('',#12580,1.);
#7631=VECTOR('',#12585,1.);
#7632=VECTOR('',#12590,1.);
#7633=VECTOR('',#12591,1.);
#7634=VECTOR('',#12594,1.);
#7635=VECTOR('',#12605,1.);
#7636=VECTOR('',#12608,1.);
#7637=VECTOR('',#12611,1.);
#7638=VECTOR('',#12612,1.);
#7639=VECTOR('',#12615,1.);
#7640=VECTOR('',#12616,1.);
#7641=VECTOR('',#12619,1.);
#7642=VECTOR('',#12620,1.);
#7643=VECTOR('',#12623,1.);
#7644=VECTOR('',#12628,1.);
#7645=VECTOR('',#12633,1.);
#7646=VECTOR('',#12634,1.);
#7647=VECTOR('',#12637,1.);
#7648=VECTOR('',#12642,1.);
#7649=VECTOR('',#12647,1.);
#7650=VECTOR('',#12648,1.);
#7651=VECTOR('',#12651,1.);
#7652=VECTOR('',#12652,1.);
#7653=VECTOR('',#12655,1.);
#7654=VECTOR('',#12656,1.);
#7655=VECTOR('',#12659,1.);
#7656=VECTOR('',#12664,1.);
#7657=VECTOR('',#12669,1.);
#7658=VECTOR('',#12674,1.);
#7659=VECTOR('',#12675,1.);
#7660=VECTOR('',#12678,1.);
#7661=VECTOR('',#12699,1.);
#7662=VECTOR('',#12700,1.);
#7663=VECTOR('',#12701,1.);
#7664=VECTOR('',#12704,1.);
#7665=VECTOR('',#12705,1.);
#7666=VECTOR('',#12708,1.);
#7667=VECTOR('',#12711,1.);
#7668=VECTOR('',#12716,1.);
#7669=VECTOR('',#12719,1.);
#7670=VECTOR('',#12722,1.);
#7671=VECTOR('',#12723,1.);
#7672=VECTOR('',#12728,1.);
#7673=VECTOR('',#12731,1.);
#7674=VECTOR('',#12734,1.);
#7675=VECTOR('',#12739,1.);
#7676=VECTOR('',#12744,1.);
#7677=VECTOR('',#12747,1.);
#7678=VECTOR('',#12752,1.);
#7679=VECTOR('',#12755,1.);
#7680=VECTOR('',#12760,1.);
#7681=VECTOR('',#12763,1.);
#7682=VECTOR('',#12766,1.);
#7683=VECTOR('',#12769,1.);
#7684=VECTOR('',#12790,1.);
#7685=VECTOR('',#12791,1.);
#7686=VECTOR('',#12792,1.);
#7687=VECTOR('',#12793,1.);
#7688=VECTOR('',#12794,1.);
#7689=VECTOR('',#12797,1.);
#7690=VECTOR('',#12798,1.);
#7691=VECTOR('',#12799,1.);
#7692=VECTOR('',#12802,1.);
#7693=VECTOR('',#12803,1.);
#7694=VECTOR('',#12804,1.);
#7695=VECTOR('',#12805,1.);
#7696=VECTOR('',#12808,1.);
#7697=VECTOR('',#12809,1.);
#7698=VECTOR('',#12810,1.);
#7699=VECTOR('',#12811,1.);
#7700=VECTOR('',#12814,1.);
#7701=VECTOR('',#12815,1.);
#7702=VECTOR('',#12816,1.);
#7703=VECTOR('',#12817,1.);
#7704=VECTOR('',#12818,1.);
#7705=VECTOR('',#12823,1.);
#7706=VECTOR('',#12824,1.);
#7707=VECTOR('',#12825,1.);
#7708=VECTOR('',#12826,1.);
#7709=VECTOR('',#12827,1.);
#7710=VECTOR('',#12828,1.);
#7711=VECTOR('',#12829,1.);
#7712=VECTOR('',#12830,1.);
#7713=VECTOR('',#12831,1.);
#7714=VECTOR('',#12832,1.);
#7715=VECTOR('',#12833,1.);
#7716=VECTOR('',#12834,1.);
#7717=VECTOR('',#12835,1.);
#7718=VECTOR('',#12836,1.);
#7719=VECTOR('',#12837,1.);
#7720=VECTOR('',#12840,1.);
#7721=VECTOR('',#12841,1.);
#7722=VECTOR('',#12842,1.);
#7723=VECTOR('',#12843,1.);
#7724=VECTOR('',#12846,1.);
#7725=VECTOR('',#12847,1.);
#7726=VECTOR('',#12848,1.);
#7727=VECTOR('',#12849,1.);
#7728=VECTOR('',#12852,1.);
#7729=VECTOR('',#12853,1.);
#7730=VECTOR('',#12854,1.);
#7731=VECTOR('',#12855,1.);
#7732=VECTOR('',#12858,1.);
#7733=VECTOR('',#12859,1.);
#7734=VECTOR('',#12860,1.);
#7735=VECTOR('',#12861,1.);
#7736=VECTOR('',#12864,1.);
#7737=VECTOR('',#12865,1.);
#7738=VECTOR('',#12866,1.);
#7739=VECTOR('',#12867,1.);
#7740=VECTOR('',#12868,1.);
#7741=VECTOR('',#12869,1.);
#7742=VECTOR('',#12870,1.);
#7743=VECTOR('',#12871,1.);
#7744=VECTOR('',#12872,1.);
#7745=VECTOR('',#12873,1.);
#7746=VECTOR('',#12874,1.);
#7747=VECTOR('',#12875,1.);
#7748=VECTOR('',#12876,1.);
#7749=VECTOR('',#12877,1.);
#7750=VECTOR('',#12878,1.);
#7751=VECTOR('',#12879,1.);
#7752=VECTOR('',#12880,1.);
#7753=VECTOR('',#12883,1.);
#7754=VECTOR('',#12884,1.);
#7755=VECTOR('',#12885,1.);
#7756=VECTOR('',#12886,1.);
#7757=VECTOR('',#12887,1.);
#7758=VECTOR('',#12888,1.);
#7759=VECTOR('',#12891,1.);
#7760=VECTOR('',#12892,1.);
#7761=VECTOR('',#12893,1.);
#7762=VECTOR('',#12894,1.);
#7763=VECTOR('',#12895,1.);
#7764=VECTOR('',#12896,1.);
#7765=VECTOR('',#12897,1.);
#7766=VECTOR('',#12898,1.);
#7767=VECTOR('',#12899,1.);
#7768=VECTOR('',#12904,1.);
#7769=VECTOR('',#12905,1.);
#7770=VECTOR('',#12906,1.);
#7771=VECTOR('',#12911,1.);
#7772=VECTOR('',#12916,1.);
#7773=VECTOR('',#12921,1.);
#7774=VECTOR('',#12926,1.);
#7775=VECTOR('',#12927,1.);
#7776=VECTOR('',#12928,1.);
#7777=VECTOR('',#12929,1.);
#7778=VECTOR('',#12930,1.);
#7779=VECTOR('',#12935,1.);
#7780=VECTOR('',#12936,1.);
#7781=VECTOR('',#12937,1.);
#7782=VECTOR('',#12938,1.);
#7783=VECTOR('',#12941,1.);
#7784=VECTOR('',#12942,1.);
#7785=VECTOR('',#12943,1.);
#7786=VECTOR('',#12944,1.);
#7787=VECTOR('',#12945,1.);
#7788=VECTOR('',#12946,1.);
#7789=VECTOR('',#12947,1.);
#7790=VECTOR('',#12948,1.);
#7791=VECTOR('',#12949,1.);
#7792=VECTOR('',#12950,1.);
#7793=VECTOR('',#12951,1.);
#7794=VECTOR('',#12952,1.);
#7795=VECTOR('',#12953,1.);
#7796=VECTOR('',#12954,1.);
#7797=VECTOR('',#12955,1.);
#7798=VECTOR('',#12956,1.);
#7799=VECTOR('',#12961,1.);
#7800=VECTOR('',#12966,1.);
#7801=VECTOR('',#12967,1.);
#7802=VECTOR('',#12968,1.);
#7803=VECTOR('',#12971,1.);
#7804=VECTOR('',#12972,1.);
#7805=VECTOR('',#12973,1.);
#7806=VECTOR('',#12974,1.);
#7807=VECTOR('',#12975,1.);
#7808=VECTOR('',#12976,1.);
#7809=VECTOR('',#12979,1.);
#7810=VECTOR('',#12980,1.);
#7811=VECTOR('',#12981,1.);
#7812=VECTOR('',#12982,1.);
#7813=VECTOR('',#12983,1.);
#7814=VECTOR('',#12984,1.);
#7815=VECTOR('',#12985,1.);
#7816=VECTOR('',#12986,1.);
#7817=VECTOR('',#12987,1.);
#7818=VECTOR('',#12988,1.);
#7819=VECTOR('',#12989,1.);
#7820=VECTOR('',#12990,1.);
#7821=VECTOR('',#12991,1.);
#7822=VECTOR('',#12992,1.);
#7823=VECTOR('',#12993,1.);
#7824=VECTOR('',#12994,1.);
#7825=VECTOR('',#12995,1.);
#7826=VECTOR('',#12996,1.);
#7827=VECTOR('',#12999,1.);
#7828=VECTOR('',#13000,1.);
#7829=VECTOR('',#13001,1.);
#7830=VECTOR('',#13002,1.);
#7831=VECTOR('',#13005,1.);
#7832=VECTOR('',#13006,1.);
#7833=VECTOR('',#13007,1.);
#7834=VECTOR('',#13008,1.);
#7835=VECTOR('',#13009,1.);
#7836=VECTOR('',#13010,1.);
#7837=VECTOR('',#13013,1.);
#7838=VECTOR('',#13014,1.);
#7839=VECTOR('',#13017,1.);
#7840=VECTOR('',#13020,1.);
#7841=VECTOR('',#13021,1.);
#7842=VECTOR('',#13022,1.);
#7843=VECTOR('',#13023,1.);
#7844=VECTOR('',#13026,1.);
#7845=VECTOR('',#13027,1.);
#7846=VECTOR('',#13028,1.);
#7847=VECTOR('',#13029,1.);
#7848=VECTOR('',#13040,1.);
#7849=VECTOR('',#13041,1.);
#7850=VECTOR('',#13042,1.);
#7851=VECTOR('',#13043,1.);
#7852=VECTOR('',#13044,1.);
#7853=VECTOR('',#13045,1.);
#7854=VECTOR('',#13046,1.);
#7855=VECTOR('',#13047,1.);
#7856=VECTOR('',#13048,1.);
#7857=VECTOR('',#13049,1.);
#7858=VECTOR('',#13050,1.);
#7859=VECTOR('',#13051,1.);
#7860=VECTOR('',#13052,1.);
#7861=VECTOR('',#13057,1.);
#7862=VECTOR('',#13058,1.);
#7863=VECTOR('',#13059,1.);
#7864=VECTOR('',#13060,1.);
#7865=VECTOR('',#13061,1.);
#7866=VECTOR('',#13062,1.);
#7867=VECTOR('',#13063,1.);
#7868=VECTOR('',#13064,1.);
#7869=VECTOR('',#13065,1.);
#7870=VECTOR('',#13066,1.);
#7871=VECTOR('',#13067,1.);
#7872=VECTOR('',#13068,1.);
#7873=VECTOR('',#13069,1.);
#7874=VECTOR('',#13070,1.);
#7875=VECTOR('',#13071,1.);
#7876=VECTOR('',#13072,1.);
#7877=VECTOR('',#13073,1.);
#7878=VECTOR('',#13074,1.);
#7879=VECTOR('',#13075,1.);
#7880=VECTOR('',#13076,1.);
#7881=VECTOR('',#13077,1.);
#7882=VECTOR('',#13078,1.);
#7883=VECTOR('',#13079,1.);
#7884=VECTOR('',#13080,1.);
#7885=VECTOR('',#13083,1.);
#7886=VECTOR('',#13084,1.);
#7887=VECTOR('',#13091,1.);
#7888=VECTOR('',#13092,1.);
#7889=VECTOR('',#13093,1.);
#7890=VECTOR('',#13094,1.);
#7891=VECTOR('',#13095,1.);
#7892=VECTOR('',#13096,1.);
#7893=VECTOR('',#13097,1.);
#7894=VECTOR('',#13098,1.);
#7895=VECTOR('',#13099,1.);
#7896=VECTOR('',#13102,1.);
#7897=VECTOR('',#13105,1.);
#7898=VECTOR('',#13106,1.);
#7899=VECTOR('',#13111,1.);
#7900=VECTOR('',#13114,1.);
#7901=VECTOR('',#13115,1.);
#7902=VECTOR('',#13116,1.);
#7903=VECTOR('',#13117,1.);
#7904=VECTOR('',#13118,1.);
#7905=VECTOR('',#13119,1.);
#7906=VECTOR('',#13120,1.);
#7907=VECTOR('',#13121,1.);
#7908=VECTOR('',#13122,1.);
#7909=VECTOR('',#13127,1.);
#7910=VECTOR('',#13128,1.);
#7911=VECTOR('',#13129,1.);
#7912=VECTOR('',#13132,1.);
#7913=VECTOR('',#13133,1.);
#7914=VECTOR('',#13134,1.);
#7915=VECTOR('',#13139,1.);
#7916=VECTOR('',#13140,1.);
#7917=VECTOR('',#13141,1.);
#7918=VECTOR('',#13142,1.);
#7919=VECTOR('',#13143,1.);
#7920=VECTOR('',#13144,1.);
#7921=VECTOR('',#13145,1.);
#7922=VECTOR('',#13146,1.);
#7923=VECTOR('',#13147,1.);
#7924=VECTOR('',#13150,1.);
#7925=VECTOR('',#13151,1.);
#7926=VECTOR('',#13154,1.);
#7927=VECTOR('',#13155,1.);
#7928=VECTOR('',#13156,1.);
#7929=VECTOR('',#13157,1.);
#7930=VECTOR('',#13158,1.);
#7931=VECTOR('',#13159,1.);
#7932=VECTOR('',#13160,1.);
#7933=VECTOR('',#13161,1.);
#7934=VECTOR('',#13164,1.);
#7935=VECTOR('',#13165,1.);
#7936=VECTOR('',#13168,1.);
#7937=VECTOR('',#13169,1.);
#7938=VECTOR('',#13172,1.);
#7939=VECTOR('',#13173,1.);
#7940=VECTOR('',#13176,1.);
#7941=VECTOR('',#13177,1.);
#7942=VECTOR('',#13180,1.);
#7943=VECTOR('',#13181,1.);
#7944=VECTOR('',#13184,1.);
#7945=VECTOR('',#13185,1.);
#7946=VECTOR('',#13188,1.);
#7947=VECTOR('',#13189,1.);
#7948=VECTOR('',#13192,1.);
#7949=VECTOR('',#13193,1.);
#7950=VECTOR('',#13196,1.);
#7951=VECTOR('',#13201,1.);
#7952=VECTOR('',#13202,1.);
#7953=VECTOR('',#13203,1.);
#7954=VECTOR('',#13206,1.);
#7955=VECTOR('',#13207,1.);
#7956=VECTOR('',#13210,1.);
#7957=VECTOR('',#13211,1.);
#7958=VECTOR('',#13214,1.);
#7959=VECTOR('',#13219,1.);
#7960=VECTOR('',#13220,1.);
#7961=VECTOR('',#13221,1.);
#7962=VECTOR('',#13224,1.);
#7963=VECTOR('',#13225,1.);
#7964=VECTOR('',#13228,1.);
#7965=VECTOR('',#13229,1.);
#7966=VECTOR('',#13232,1.);
#7967=VECTOR('',#13233,1.);
#7968=VECTOR('',#13236,1.);
#7969=VECTOR('',#13237,1.);
#7970=VECTOR('',#13240,1.);
#7971=VECTOR('',#13241,1.);
#7972=VECTOR('',#13244,1.);
#7973=VECTOR('',#13245,1.);
#7974=VECTOR('',#13248,1.);
#7975=VECTOR('',#13253,1.);
#7976=VECTOR('',#13254,1.);
#7977=VECTOR('',#13255,1.);
#7978=VECTOR('',#13256,1.);
#7979=VECTOR('',#13261,1.);
#7980=VECTOR('',#13268,1.);
#7981=VECTOR('',#13273,1.);
#7982=VECTOR('',#13274,1.);
#7983=VECTOR('',#13275,1.);
#7984=VECTOR('',#13280,1.);
#7985=VECTOR('',#13287,1.);
#7986=VECTOR('',#13292,1.);
#7987=VECTOR('',#13293,1.);
#7988=VECTOR('',#13294,1.);
#7989=VECTOR('',#13299,1.);
#7990=VECTOR('',#13306,1.);
#7991=VECTOR('',#13311,1.);
#7992=VECTOR('',#13312,1.);
#7993=VECTOR('',#13313,1.);
#7994=VECTOR('',#13318,1.);
#7995=VECTOR('',#13323,1.);
#7996=VECTOR('',#13324,1.);
#7997=VECTOR('',#13325,1.);
#7998=VECTOR('',#13328,1.);
#7999=VECTOR('',#13329,1.);
#8000=VECTOR('',#13332,1.);
#8001=VECTOR('',#13333,1.);
#8002=VECTOR('',#13336,1.);
#8003=VECTOR('',#13337,1.);
#8004=VECTOR('',#13338,1.);
#8005=VECTOR('',#13341,1.);
#8006=VECTOR('',#13346,1.);
#8007=VECTOR('',#13351,1.);
#8008=VECTOR('',#13352,1.);
#8009=VECTOR('',#13353,1.);
#8010=VECTOR('',#13356,1.);
#8011=VECTOR('',#13361,1.);
#8012=VECTOR('',#13366,1.);
#8013=VECTOR('',#13377,1.);
#8014=VECTOR('',#13378,1.);
#8015=VECTOR('',#13379,1.);
#8016=VECTOR('',#13380,1.);
#8017=VECTOR('',#13381,1.);
#8018=VECTOR('',#13382,1.);
#8019=VECTOR('',#13383,1.);
#8020=VECTOR('',#13384,1.);
#8021=VECTOR('',#13385,1.);
#8022=VECTOR('',#13386,1.);
#8023=VECTOR('',#13387,1.);
#8024=VECTOR('',#13390,1.);
#8025=VECTOR('',#13393,1.);
#8026=VECTOR('',#13396,1.);
#8027=VECTOR('',#13397,1.);
#8028=VECTOR('',#13398,1.);
#8029=VECTOR('',#13401,1.);
#8030=VECTOR('',#13404,1.);
#8031=VECTOR('',#13407,1.);
#8032=VECTOR('',#13408,1.);
#8033=VECTOR('',#13409,1.);
#8034=VECTOR('',#13410,1.);
#8035=VECTOR('',#13411,1.);
#8036=VECTOR('',#13412,1.);
#8037=VECTOR('',#13413,1.);
#8038=VECTOR('',#13414,1.);
#8039=VECTOR('',#13417,1.);
#8040=VECTOR('',#13422,1.);
#8041=VECTOR('',#13425,1.);
#8042=VECTOR('',#13428,1.);
#8043=VECTOR('',#13429,1.);
#8044=VECTOR('',#13432,1.);
#8045=VECTOR('',#13433,1.);
#8046=VECTOR('',#13436,1.);
#8047=VECTOR('',#13437,1.);
#8048=VECTOR('',#13440,1.);
#8049=VECTOR('',#13441,1.);
#8050=VECTOR('',#13444,1.);
#8051=VECTOR('',#13445,1.);
#8052=VECTOR('',#13448,1.);
#8053=VECTOR('',#13453,1.);
#8054=VECTOR('',#13458,1.);
#8055=VECTOR('',#13459,1.);
#8056=VECTOR('',#13462,1.);
#8057=VECTOR('',#13467,1.);
#8058=VECTOR('',#13472,1.);
#8059=VECTOR('',#13473,1.);
#8060=VECTOR('',#13476,1.);
#8061=VECTOR('',#13481,1.);
#8062=VECTOR('',#13486,1.);
#8063=VECTOR('',#13487,1.);
#8064=VECTOR('',#13490,1.);
#8065=VECTOR('',#13495,1.);
#8066=VECTOR('',#13500,1.);
#8067=VECTOR('',#13501,1.);
#8068=VECTOR('',#13504,1.);
#8069=VECTOR('',#13505,1.);
#8070=VECTOR('',#13508,1.);
#8071=VECTOR('',#13509,1.);
#8072=VECTOR('',#13510,1.);
#8073=VECTOR('',#13513,1.);
#8074=VECTOR('',#13526,1.);
#8075=VECTOR('',#13529,1.);
#8076=VECTOR('',#13534,1.);
#8077=VECTOR('',#13537,1.);
#8078=VECTOR('',#13542,1.);
#8079=VECTOR('',#13543,1.);
#8080=VECTOR('',#13546,1.);
#8081=VECTOR('',#13547,1.);
#8082=VECTOR('',#13550,1.);
#8083=VECTOR('',#13551,1.);
#8084=VECTOR('',#13554,1.);
#8085=VECTOR('',#13555,1.);
#8086=VECTOR('',#13558,1.);
#8087=VECTOR('',#13563,1.);
#8088=VECTOR('',#13564,1.);
#8089=VECTOR('',#13567,1.);
#8090=VECTOR('',#13568,1.);
#8091=VECTOR('',#13571,1.);
#8092=VECTOR('',#13572,1.);
#8093=VECTOR('',#13575,1.);
#8094=VECTOR('',#13576,1.);
#8095=VECTOR('',#13579,1.);
#8096=VECTOR('',#13584,1.);
#8097=VECTOR('',#13587,1.);
#8098=VECTOR('',#13592,1.);
#8099=VECTOR('',#13595,1.);
#8100=VECTOR('',#13600,1.);
#8101=VECTOR('',#13601,1.);
#8102=VECTOR('',#13604,1.);
#8103=VECTOR('',#13605,1.);
#8104=VECTOR('',#13608,1.);
#8105=VECTOR('',#13609,1.);
#8106=VECTOR('',#13612,1.);
#8107=VECTOR('',#13613,1.);
#8108=VECTOR('',#13616,1.);
#8109=VECTOR('',#13621,1.);
#8110=VECTOR('',#13622,1.);
#8111=VECTOR('',#13623,1.);
#8112=VECTOR('',#13626,1.);
#8113=VECTOR('',#13629,1.);
#8114=VECTOR('',#13630,1.);
#8115=VECTOR('',#13633,1.);
#8116=VECTOR('',#13634,1.);
#8117=VECTOR('',#13637,1.);
#8118=VECTOR('',#13640,1.);
#8119=VECTOR('',#13641,1.);
#8120=VECTOR('',#13644,1.);
#8121=VECTOR('',#13645,1.);
#8122=VECTOR('',#13646,1.);
#8123=VECTOR('',#13649,1.);
#8124=VECTOR('',#13650,1.);
#8125=VECTOR('',#13651,1.);
#8126=VECTOR('',#13654,1.);
#8127=VECTOR('',#13655,1.);
#8128=VECTOR('',#13656,1.);
#8129=VECTOR('',#13659,1.);
#8130=VECTOR('',#13662,1.);
#8131=VECTOR('',#13663,1.);
#8132=VECTOR('',#13664,1.);
#8133=VECTOR('',#13665,1.);
#8134=VECTOR('',#13666,1.);
#8135=VECTOR('',#13667,1.);
#8136=VECTOR('',#13668,1.);
#8137=VECTOR('',#13669,1.);
#8138=VECTOR('',#13670,1.);
#8139=VECTOR('',#13671,1.);
#8140=VECTOR('',#13672,1.);
#8141=VECTOR('',#13673,1.);
#8142=VECTOR('',#13674,1.);
#8143=VECTOR('',#13675,1.);
#8144=VECTOR('',#13678,1.);
#8145=VECTOR('',#13683,1.);
#8146=VECTOR('',#13686,1.);
#8147=VECTOR('',#13691,1.);
#8148=VECTOR('',#13694,1.);
#8149=VECTOR('',#13699,1.);
#8150=VECTOR('',#13702,1.);
#8151=VECTOR('',#13707,1.);
#8152=VECTOR('',#13710,1.);
#8153=VECTOR('',#13715,1.);
#8154=VECTOR('',#13720,1.);
#8155=VECTOR('',#13723,1.);
#8156=VECTOR('',#13728,1.);
#8157=VECTOR('',#13733,1.);
#8158=VECTOR('',#13736,1.);
#8159=VECTOR('',#13741,1.);
#8160=VECTOR('',#13746,1.);
#8161=VECTOR('',#13749,1.);
#8162=EDGE_LOOP('',(#520,#521,#522,#523,#524,#525,#526,#527,#528,#529,#530,
#531,#532,#533,#534));
#8163=EDGE_LOOP('',(#535,#536,#537,#538,#539,#540,#541,#542,#543,#544,#545,
#546,#547,#548,#549));
#8164=EDGE_LOOP('',(#550,#551,#552,#553,#554,#555,#556,#557,#558,#559,#560,
#561,#562,#563,#564));
#8165=EDGE_LOOP('',(#565,#566,#567,#568,#569,#570,#571,#572,#573,#574,#575,
#576,#577,#578,#579));
#8166=EDGE_LOOP('',(#580,#581,#582,#583));
#8167=EDGE_LOOP('',(#584,#585,#586,#587));
#8168=EDGE_LOOP('',(#588,#589,#590,#591));
#8169=EDGE_LOOP('',(#592,#593,#594,#595));
#8170=EDGE_LOOP('',(#596,#597,#598,#599));
#8171=EDGE_LOOP('',(#600,#601,#602,#603));
#8172=EDGE_LOOP('',(#604,#605,#606,#607,#608,#609,#610,#611,#612,#613,#614,
#615,#616,#617,#618,#619,#620));
#8173=EDGE_LOOP('',(#621,#622,#623,#624,#625,#626,#627,#628,#629,#630,#631,
#632));
#8174=EDGE_LOOP('',(#633,#634,#635,#636,#637,#638,#639,#640));
#8175=EDGE_LOOP('',(#641,#642,#643,#644,#645,#646,#647,#648,#649,#650,#651,
#652,#653,#654,#655,#656,#657,#658,#659,#660,#661,#662,#663,#664,#665,#666,
#667,#668,#669,#670,#671,#672,#673,#674));
#8176=EDGE_LOOP('',(#675,#676,#677,#678,#679,#680,#681,#682,#683,#684,#685,
#686,#687,#688,#689,#690,#691));
#8177=EDGE_LOOP('',(#692,#693,#694,#695,#696,#697,#698,#699,#700,#701,#702,
#703));
#8178=EDGE_LOOP('',(#704,#705,#706,#707,#708,#709,#710,#711,#712,#713,#714,
#715,#716,#717,#718,#719));
#8179=EDGE_LOOP('',(#720,#721,#722,#723,#724,#725,#726,#727,#728,#729,#730,
#731,#732,#733));
#8180=EDGE_LOOP('',(#734,#735,#736,#737,#738,#739,#740,#741,#742,#743,#744,
#745));
#8181=EDGE_LOOP('',(#746,#747,#748,#749));
#8182=EDGE_LOOP('',(#750,#751,#752,#753,#754,#755,#756,#757,#758,#759));
#8183=EDGE_LOOP('',(#760,#761,#762,#763,#764,#765,#766,#767,#768,#769,#770,
#771,#772,#773,#774,#775,#776,#777,#778,#779,#780,#781,#782,#783,#784,#785,
#786,#787,#788,#789,#790,#791,#792,#793));
#8184=EDGE_LOOP('',(#794,#795,#796,#797,#798,#799,#800,#801,#802,#803,#804,
#805,#806,#807,#808,#809,#810,#811));
#8185=EDGE_LOOP('',(#812,#813,#814,#815));
#8186=EDGE_LOOP('',(#816,#817,#818,#819));
#8187=EDGE_LOOP('',(#820,#821,#822,#823,#824,#825,#826,#827,#828,#829,#830,
#831,#832,#833,#834,#835,#836,#837));
#8188=EDGE_LOOP('',(#838,#839,#840,#841));
#8189=EDGE_LOOP('',(#842,#843,#844,#845,#846,#847,#848,#849));
#8190=EDGE_LOOP('',(#850,#851,#852,#853));
#8191=EDGE_LOOP('',(#854,#855,#856,#857));
#8192=EDGE_LOOP('',(#858,#859,#860,#861));
#8193=EDGE_LOOP('',(#862,#863,#864,#865,#866,#867,#868,#869));
#8194=EDGE_LOOP('',(#870,#871,#872,#873,#874,#875));
#8195=EDGE_LOOP('',(#876,#877,#878,#879,#880,#881,#882,#883));
#8196=EDGE_LOOP('',(#884,#885,#886,#887));
#8197=EDGE_LOOP('',(#888,#889,#890,#891,#892,#893));
#8198=EDGE_LOOP('',(#894,#895,#896,#897));
#8199=EDGE_LOOP('',(#898,#899,#900,#901));
#8200=EDGE_LOOP('',(#902,#903,#904,#905));
#8201=EDGE_LOOP('',(#906,#907,#908,#909));
#8202=EDGE_LOOP('',(#910,#911,#912,#913));
#8203=EDGE_LOOP('',(#914,#915,#916,#917));
#8204=EDGE_LOOP('',(#918,#919,#920,#921));
#8205=EDGE_LOOP('',(#922,#923,#924,#925));
#8206=EDGE_LOOP('',(#926,#927,#928,#929));
#8207=EDGE_LOOP('',(#930,#931,#932,#933));
#8208=EDGE_LOOP('',(#934,#935,#936,#937));
#8209=EDGE_LOOP('',(#938,#939,#940,#941));
#8210=EDGE_LOOP('',(#942,#943,#944,#945));
#8211=EDGE_LOOP('',(#946,#947,#948,#949));
#8212=EDGE_LOOP('',(#950,#951,#952,#953));
#8213=EDGE_LOOP('',(#954,#955,#956,#957));
#8214=EDGE_LOOP('',(#958,#959,#960,#961));
#8215=EDGE_LOOP('',(#962,#963,#964,#965));
#8216=EDGE_LOOP('',(#966,#967,#968,#969));
#8217=EDGE_LOOP('',(#970,#971,#972,#973));
#8218=EDGE_LOOP('',(#974,#975,#976,#977));
#8219=EDGE_LOOP('',(#978,#979,#980,#981));
#8220=EDGE_LOOP('',(#982,#983,#984,#985));
#8221=EDGE_LOOP('',(#986,#987,#988,#989));
#8222=EDGE_LOOP('',(#990,#991,#992,#993));
#8223=EDGE_LOOP('',(#994,#995,#996,#997));
#8224=EDGE_LOOP('',(#998,#999,#1000,#1001));
#8225=EDGE_LOOP('',(#1002,#1003,#1004,#1005));
#8226=EDGE_LOOP('',(#1006,#1007,#1008,#1009,#1010,#1011,#1012,#1013,#1014,
#1015,#1016,#1017,#1018,#1019,#1020,#1021));
#8227=EDGE_LOOP('',(#1022,#1023,#1024,#1025,#1026,#1027,#1028,#1029,#1030,
#1031,#1032,#1033));
#8228=EDGE_LOOP('',(#1034,#1035,#1036,#1037));
#8229=EDGE_LOOP('',(#1038,#1039,#1040,#1041));
#8230=EDGE_LOOP('',(#1042,#1043,#1044,#1045));
#8231=EDGE_LOOP('',(#1046,#1047,#1048,#1049));
#8232=EDGE_LOOP('',(#1050,#1051,#1052,#1053));
#8233=EDGE_LOOP('',(#1054,#1055,#1056,#1057));
#8234=EDGE_LOOP('',(#1058,#1059,#1060,#1061));
#8235=EDGE_LOOP('',(#1062,#1063,#1064,#1065));
#8236=EDGE_LOOP('',(#1066,#1067,#1068,#1069));
#8237=EDGE_LOOP('',(#1070,#1071,#1072,#1073));
#8238=EDGE_LOOP('',(#1074,#1075,#1076,#1077));
#8239=EDGE_LOOP('',(#1078,#1079,#1080,#1081));
#8240=EDGE_LOOP('',(#1082,#1083,#1084,#1085));
#8241=EDGE_LOOP('',(#1086,#1087,#1088,#1089));
#8242=EDGE_LOOP('',(#1090,#1091,#1092,#1093));
#8243=EDGE_LOOP('',(#1094,#1095,#1096,#1097));
#8244=EDGE_LOOP('',(#1098,#1099,#1100,#1101));
#8245=EDGE_LOOP('',(#1102,#1103,#1104,#1105));
#8246=EDGE_LOOP('',(#1106,#1107,#1108,#1109));
#8247=EDGE_LOOP('',(#1110,#1111,#1112,#1113));
#8248=EDGE_LOOP('',(#1114,#1115,#1116,#1117));
#8249=EDGE_LOOP('',(#1118,#1119,#1120,#1121));
#8250=EDGE_LOOP('',(#1122,#1123,#1124,#1125));
#8251=EDGE_LOOP('',(#1126,#1127,#1128,#1129));
#8252=EDGE_LOOP('',(#1130,#1131,#1132,#1133));
#8253=EDGE_LOOP('',(#1134,#1135,#1136,#1137));
#8254=EDGE_LOOP('',(#1138,#1139,#1140,#1141));
#8255=EDGE_LOOP('',(#1142,#1143,#1144,#1145));
#8256=EDGE_LOOP('',(#1146,#1147,#1148,#1149));
#8257=EDGE_LOOP('',(#1150,#1151,#1152,#1153,#1154,#1155,#1156,#1157,#1158,
#1159,#1160,#1161,#1162,#1163,#1164,#1165,#1166));
#8258=EDGE_LOOP('',(#1167,#1168,#1169,#1170,#1171,#1172,#1173,#1174,#1175,
#1176,#1177,#1178));
#8259=EDGE_LOOP('',(#1179,#1180,#1181,#1182));
#8260=EDGE_LOOP('',(#1183,#1184,#1185,#1186));
#8261=EDGE_LOOP('',(#1187,#1188,#1189,#1190));
#8262=EDGE_LOOP('',(#1191,#1192,#1193,#1194));
#8263=EDGE_LOOP('',(#1195,#1196,#1197,#1198));
#8264=EDGE_LOOP('',(#1199,#1200,#1201,#1202));
#8265=EDGE_LOOP('',(#1203,#1204,#1205,#1206));
#8266=EDGE_LOOP('',(#1207,#1208,#1209,#1210));
#8267=EDGE_LOOP('',(#1211,#1212,#1213,#1214));
#8268=EDGE_LOOP('',(#1215,#1216,#1217,#1218));
#8269=EDGE_LOOP('',(#1219,#1220,#1221,#1222));
#8270=EDGE_LOOP('',(#1223,#1224,#1225,#1226));
#8271=EDGE_LOOP('',(#1227,#1228,#1229,#1230));
#8272=EDGE_LOOP('',(#1231,#1232,#1233,#1234));
#8273=EDGE_LOOP('',(#1235,#1236,#1237,#1238));
#8274=EDGE_LOOP('',(#1239,#1240,#1241,#1242));
#8275=EDGE_LOOP('',(#1243,#1244,#1245,#1246));
#8276=EDGE_LOOP('',(#1247,#1248,#1249,#1250));
#8277=EDGE_LOOP('',(#1251,#1252,#1253,#1254));
#8278=EDGE_LOOP('',(#1255,#1256,#1257,#1258));
#8279=EDGE_LOOP('',(#1259,#1260,#1261,#1262));
#8280=EDGE_LOOP('',(#1263,#1264,#1265,#1266));
#8281=EDGE_LOOP('',(#1267,#1268,#1269,#1270));
#8282=EDGE_LOOP('',(#1271,#1272,#1273,#1274));
#8283=EDGE_LOOP('',(#1275,#1276,#1277,#1278));
#8284=EDGE_LOOP('',(#1279,#1280,#1281,#1282));
#8285=EDGE_LOOP('',(#1283,#1284,#1285,#1286));
#8286=EDGE_LOOP('',(#1287,#1288,#1289,#1290));
#8287=EDGE_LOOP('',(#1291,#1292,#1293,#1294));
#8288=EDGE_LOOP('',(#1295,#1296,#1297,#1298));
#8289=EDGE_LOOP('',(#1299,#1300,#1301,#1302));
#8290=EDGE_LOOP('',(#1303,#1304,#1305,#1306));
#8291=EDGE_LOOP('',(#1307,#1308,#1309,#1310));
#8292=EDGE_LOOP('',(#1311,#1312,#1313,#1314));
#8293=EDGE_LOOP('',(#1315,#1316,#1317,#1318,#1319,#1320,#1321,#1322,#1323,
#1324,#1325,#1326,#1327,#1328,#1329,#1330,#1331,#1332,#1333,#1334,#1335,
#1336,#1337,#1338,#1339,#1340,#1341,#1342,#1343,#1344,#1345,#1346,#1347,
#1348));
#8294=EDGE_LOOP('',(#1349,#1350,#1351,#1352));
#8295=EDGE_LOOP('',(#1353,#1354,#1355,#1356));
#8296=EDGE_LOOP('',(#1357,#1358,#1359,#1360));
#8297=EDGE_LOOP('',(#1361,#1362,#1363,#1364));
#8298=EDGE_LOOP('',(#1365,#1366,#1367,#1368));
#8299=EDGE_LOOP('',(#1369,#1370,#1371,#1372));
#8300=EDGE_LOOP('',(#1373,#1374,#1375,#1376));
#8301=EDGE_LOOP('',(#1377,#1378,#1379,#1380));
#8302=EDGE_LOOP('',(#1381,#1382,#1383,#1384,#1385,#1386,#1387,#1388));
#8303=EDGE_LOOP('',(#1389,#1390,#1391,#1392));
#8304=EDGE_LOOP('',(#1393,#1394,#1395,#1396));
#8305=EDGE_LOOP('',(#1397,#1398,#1399,#1400));
#8306=EDGE_LOOP('',(#1401,#1402,#1403,#1404));
#8307=EDGE_LOOP('',(#1405,#1406,#1407,#1408));
#8308=EDGE_LOOP('',(#1409,#1410,#1411,#1412));
#8309=EDGE_LOOP('',(#1413,#1414,#1415,#1416));
#8310=EDGE_LOOP('',(#1417,#1418,#1419,#1420));
#8311=EDGE_LOOP('',(#1421,#1422,#1423,#1424));
#8312=EDGE_LOOP('',(#1425,#1426,#1427,#1428));
#8313=EDGE_LOOP('',(#1429,#1430,#1431,#1432));
#8314=EDGE_LOOP('',(#1433,#1434,#1435,#1436));
#8315=EDGE_LOOP('',(#1437,#1438,#1439,#1440,#1441,#1442,#1443,#1444,#1445,
#1446,#1447,#1448));
#8316=EDGE_LOOP('',(#1449,#1450,#1451,#1452));
#8317=EDGE_LOOP('',(#1453,#1454,#1455,#1456));
#8318=EDGE_LOOP('',(#1457,#1458,#1459,#1460));
#8319=EDGE_LOOP('',(#1461,#1462,#1463,#1464));
#8320=EDGE_LOOP('',(#1465,#1466,#1467,#1468));
#8321=EDGE_LOOP('',(#1469,#1470,#1471,#1472));
#8322=EDGE_LOOP('',(#1473,#1474,#1475,#1476));
#8323=EDGE_LOOP('',(#1477,#1478,#1479,#1480));
#8324=EDGE_LOOP('',(#1481,#1482,#1483,#1484));
#8325=EDGE_LOOP('',(#1485,#1486,#1487,#1488));
#8326=EDGE_LOOP('',(#1489,#1490,#1491,#1492));
#8327=EDGE_LOOP('',(#1493,#1494,#1495,#1496));
#8328=EDGE_LOOP('',(#1497,#1498,#1499,#1500));
#8329=EDGE_LOOP('',(#1501,#1502,#1503,#1504));
#8330=EDGE_LOOP('',(#1505,#1506,#1507,#1508));
#8331=EDGE_LOOP('',(#1509,#1510,#1511,#1512));
#8332=EDGE_LOOP('',(#1513,#1514,#1515,#1516));
#8333=EDGE_LOOP('',(#1517,#1518,#1519,#1520));
#8334=EDGE_LOOP('',(#1521,#1522,#1523,#1524));
#8335=EDGE_LOOP('',(#1525,#1526,#1527,#1528));
#8336=EDGE_LOOP('',(#1529,#1530,#1531,#1532));
#8337=EDGE_LOOP('',(#1533,#1534,#1535,#1536));
#8338=EDGE_LOOP('',(#1537,#1538,#1539,#1540,#1541,#1542,#1543,#1544,#1545,
#1546,#1547,#1548,#1549,#1550));
#8339=EDGE_LOOP('',(#1551,#1552,#1553,#1554,#1555,#1556,#1557,#1558));
#8340=EDGE_LOOP('',(#1559,#1560,#1561,#1562));
#8341=EDGE_LOOP('',(#1563,#1564,#1565,#1566));
#8342=EDGE_LOOP('',(#1567,#1568,#1569,#1570));
#8343=EDGE_LOOP('',(#1571,#1572,#1573,#1574));
#8344=EDGE_LOOP('',(#1575,#1576,#1577,#1578));
#8345=EDGE_LOOP('',(#1579,#1580,#1581,#1582));
#8346=EDGE_LOOP('',(#1583,#1584,#1585,#1586));
#8347=EDGE_LOOP('',(#1587,#1588,#1589,#1590));
#8348=EDGE_LOOP('',(#1591,#1592,#1593,#1594));
#8349=EDGE_LOOP('',(#1595,#1596,#1597,#1598));
#8350=EDGE_LOOP('',(#1599,#1600,#1601,#1602));
#8351=EDGE_LOOP('',(#1603,#1604,#1605,#1606));
#8352=EDGE_LOOP('',(#1607,#1608,#1609,#1610));
#8353=EDGE_LOOP('',(#1611,#1612,#1613,#1614));
#8354=EDGE_LOOP('',(#1615,#1616,#1617,#1618));
#8355=EDGE_LOOP('',(#1619,#1620,#1621,#1622));
#8356=EDGE_LOOP('',(#1623,#1624,#1625,#1626));
#8357=EDGE_LOOP('',(#1627,#1628,#1629,#1630));
#8358=EDGE_LOOP('',(#1631,#1632,#1633,#1634));
#8359=EDGE_LOOP('',(#1635,#1636,#1637,#1638));
#8360=EDGE_LOOP('',(#1639,#1640,#1641,#1642));
#8361=EDGE_LOOP('',(#1643,#1644,#1645,#1646));
#8362=EDGE_LOOP('',(#1647,#1648,#1649,#1650));
#8363=EDGE_LOOP('',(#1651,#1652,#1653,#1654));
#8364=EDGE_LOOP('',(#1655,#1656,#1657,#1658));
#8365=EDGE_LOOP('',(#1659,#1660,#1661,#1662));
#8366=EDGE_LOOP('',(#1663,#1664,#1665,#1666));
#8367=EDGE_LOOP('',(#1667,#1668,#1669,#1670));
#8368=EDGE_LOOP('',(#1671,#1672,#1673,#1674));
#8369=EDGE_LOOP('',(#1675,#1676,#1677,#1678,#1679,#1680,#1681,#1682,#1683,
#1684,#1685,#1686,#1687,#1688,#1689,#1690,#1691));
#8370=EDGE_LOOP('',(#1692,#1693,#1694,#1695,#1696,#1697,#1698,#1699,#1700,
#1701,#1702,#1703));
#8371=EDGE_LOOP('',(#1704,#1705,#1706,#1707));
#8372=EDGE_LOOP('',(#1708,#1709,#1710,#1711));
#8373=EDGE_LOOP('',(#1712,#1713,#1714,#1715));
#8374=EDGE_LOOP('',(#1716,#1717,#1718,#1719));
#8375=EDGE_LOOP('',(#1720,#1721,#1722,#1723));
#8376=EDGE_LOOP('',(#1724,#1725,#1726,#1727));
#8377=EDGE_LOOP('',(#1728,#1729,#1730,#1731));
#8378=EDGE_LOOP('',(#1732,#1733,#1734,#1735));
#8379=EDGE_LOOP('',(#1736,#1737,#1738,#1739));
#8380=EDGE_LOOP('',(#1740,#1741,#1742,#1743));
#8381=EDGE_LOOP('',(#1744,#1745,#1746,#1747));
#8382=EDGE_LOOP('',(#1748,#1749,#1750,#1751));
#8383=EDGE_LOOP('',(#1752,#1753,#1754,#1755));
#8384=EDGE_LOOP('',(#1756,#1757,#1758,#1759));
#8385=EDGE_LOOP('',(#1760,#1761,#1762,#1763));
#8386=EDGE_LOOP('',(#1764,#1765,#1766,#1767));
#8387=EDGE_LOOP('',(#1768,#1769,#1770,#1771));
#8388=EDGE_LOOP('',(#1772,#1773,#1774,#1775));
#8389=EDGE_LOOP('',(#1776,#1777,#1778,#1779));
#8390=EDGE_LOOP('',(#1780,#1781,#1782,#1783));
#8391=EDGE_LOOP('',(#1784,#1785,#1786,#1787));
#8392=EDGE_LOOP('',(#1788,#1789,#1790,#1791));
#8393=EDGE_LOOP('',(#1792,#1793,#1794,#1795));
#8394=EDGE_LOOP('',(#1796,#1797,#1798,#1799));
#8395=EDGE_LOOP('',(#1800,#1801,#1802,#1803,#1804,#1805,#1806,#1807,#1808,
#1809,#1810,#1811));
#8396=EDGE_LOOP('',(#1812,#1813,#1814,#1815,#1816,#1817,#1818,#1819,#1820,
#1821,#1822,#1823));
#8397=EDGE_LOOP('',(#1824,#1825,#1826,#1827));
#8398=EDGE_LOOP('',(#1828,#1829,#1830,#1831));
#8399=EDGE_LOOP('',(#1832,#1833,#1834,#1835));
#8400=EDGE_LOOP('',(#1836,#1837,#1838,#1839));
#8401=EDGE_LOOP('',(#1840,#1841,#1842,#1843));
#8402=EDGE_LOOP('',(#1844,#1845,#1846,#1847));
#8403=EDGE_LOOP('',(#1848,#1849,#1850,#1851));
#8404=EDGE_LOOP('',(#1852,#1853,#1854,#1855));
#8405=EDGE_LOOP('',(#1856,#1857,#1858,#1859));
#8406=EDGE_LOOP('',(#1860,#1861,#1862,#1863));
#8407=EDGE_LOOP('',(#1864,#1865,#1866,#1867));
#8408=EDGE_LOOP('',(#1868,#1869,#1870,#1871));
#8409=EDGE_LOOP('',(#1872,#1873,#1874,#1875));
#8410=EDGE_LOOP('',(#1876,#1877,#1878,#1879));
#8411=EDGE_LOOP('',(#1880,#1881,#1882,#1883));
#8412=EDGE_LOOP('',(#1884,#1885,#1886,#1887,#1888,#1889,#1890,#1891,#1892,
#1893));
#8413=EDGE_LOOP('',(#1894,#1895,#1896,#1897));
#8414=EDGE_LOOP('',(#1898,#1899,#1900,#1901));
#8415=EDGE_LOOP('',(#1902,#1903,#1904,#1905));
#8416=EDGE_LOOP('',(#1906,#1907,#1908,#1909));
#8417=EDGE_LOOP('',(#1910,#1911,#1912,#1913));
#8418=EDGE_LOOP('',(#1914,#1915,#1916,#1917));
#8419=EDGE_LOOP('',(#1918,#1919,#1920,#1921));
#8420=EDGE_LOOP('',(#1922,#1923,#1924,#1925));
#8421=EDGE_LOOP('',(#1926,#1927,#1928,#1929));
#8422=EDGE_LOOP('',(#1930,#1931,#1932,#1933));
#8423=EDGE_LOOP('',(#1934,#1935,#1936,#1937));
#8424=EDGE_LOOP('',(#1938,#1939,#1940,#1941));
#8425=EDGE_LOOP('',(#1942,#1943,#1944,#1945));
#8426=EDGE_LOOP('',(#1946,#1947,#1948,#1949));
#8427=EDGE_LOOP('',(#1950,#1951,#1952,#1953));
#8428=EDGE_LOOP('',(#1954,#1955,#1956,#1957));
#8429=EDGE_LOOP('',(#1958,#1959,#1960,#1961));
#8430=EDGE_LOOP('',(#1962,#1963,#1964,#1965));
#8431=EDGE_LOOP('',(#1966,#1967,#1968,#1969));
#8432=EDGE_LOOP('',(#1970,#1971,#1972,#1973));
#8433=EDGE_LOOP('',(#1974,#1975,#1976,#1977));
#8434=EDGE_LOOP('',(#1978,#1979,#1980,#1981));
#8435=EDGE_LOOP('',(#1982,#1983,#1984,#1985));
#8436=EDGE_LOOP('',(#1986,#1987,#1988,#1989));
#8437=EDGE_LOOP('',(#1990,#1991,#1992,#1993));
#8438=EDGE_LOOP('',(#1994,#1995,#1996,#1997));
#8439=EDGE_LOOP('',(#1998,#1999,#2000,#2001));
#8440=EDGE_LOOP('',(#2002,#2003,#2004,#2005));
#8441=EDGE_LOOP('',(#2006,#2007,#2008,#2009));
#8442=EDGE_LOOP('',(#2010,#2011,#2012,#2013));
#8443=EDGE_LOOP('',(#2014,#2015,#2016,#2017));
#8444=EDGE_LOOP('',(#2018,#2019,#2020,#2021));
#8445=EDGE_LOOP('',(#2022,#2023,#2024,#2025));
#8446=EDGE_LOOP('',(#2026,#2027,#2028,#2029));
#8447=EDGE_LOOP('',(#2030,#2031,#2032,#2033,#2034,#2035,#2036,#2037,#2038,
#2039,#2040,#2041,#2042,#2043,#2044,#2045,#2046,#2047,#2048,#2049,#2050,
#2051,#2052,#2053,#2054,#2055,#2056,#2057,#2058,#2059,#2060,#2061,#2062,
#2063));
#8448=EDGE_LOOP('',(#2064,#2065,#2066,#2067));
#8449=EDGE_LOOP('',(#2068,#2069,#2070,#2071));
#8450=EDGE_LOOP('',(#2072,#2073,#2074,#2075));
#8451=EDGE_LOOP('',(#2076,#2077,#2078,#2079));
#8452=EDGE_LOOP('',(#2080,#2081,#2082,#2083));
#8453=EDGE_LOOP('',(#2084,#2085,#2086,#2087));
#8454=EDGE_LOOP('',(#2088,#2089,#2090,#2091));
#8455=EDGE_LOOP('',(#2092,#2093,#2094,#2095));
#8456=EDGE_LOOP('',(#2096,#2097,#2098,#2099));
#8457=EDGE_LOOP('',(#2100,#2101,#2102,#2103));
#8458=EDGE_LOOP('',(#2104,#2105,#2106,#2107));
#8459=EDGE_LOOP('',(#2108,#2109,#2110,#2111));
#8460=EDGE_LOOP('',(#2112,#2113,#2114,#2115));
#8461=EDGE_LOOP('',(#2116,#2117,#2118,#2119));
#8462=EDGE_LOOP('',(#2120,#2121,#2122,#2123));
#8463=EDGE_LOOP('',(#2124,#2125,#2126,#2127));
#8464=EDGE_LOOP('',(#2128,#2129,#2130,#2131));
#8465=EDGE_LOOP('',(#2132,#2133,#2134,#2135));
#8466=EDGE_LOOP('',(#2136,#2137,#2138,#2139,#2140,#2141,#2142,#2143,#2144,
#2145,#2146,#2147,#2148,#2149,#2150,#2151,#2152,#2153));
#8467=EDGE_LOOP('',(#2154,#2155,#2156,#2157,#2158,#2159,#2160,#2161,#2162,
#2163,#2164,#2165));
#8468=EDGE_LOOP('',(#2166,#2167,#2168,#2169,#2170,#2171,#2172,#2173,#2174,
#2175,#2176,#2177));
#8469=EDGE_LOOP('',(#2178,#2179,#2180,#2181,#2182,#2183,#2184,#2185));
#8470=EDGE_LOOP('',(#2186,#2187,#2188,#2189,#2190,#2191,#2192,#2193,#2194,
#2195,#2196,#2197));
#8471=EDGE_LOOP('',(#2198,#2199,#2200,#2201,#2202,#2203,#2204,#2205,#2206,
#2207,#2208,#2209));
#8472=EDGE_LOOP('',(#2210,#2211,#2212,#2213));
#8473=EDGE_LOOP('',(#2214,#2215,#2216,#2217,#2218,#2219));
#8474=EDGE_LOOP('',(#2220,#2221,#2222,#2223));
#8475=EDGE_LOOP('',(#2224,#2225,#2226,#2227,#2228,#2229));
#8476=EDGE_LOOP('',(#2230,#2231,#2232,#2233));
#8477=EDGE_LOOP('',(#2234,#2235,#2236,#2237));
#8478=EDGE_LOOP('',(#2238,#2239,#2240,#2241));
#8479=EDGE_LOOP('',(#2242,#2243,#2244,#2245));
#8480=EDGE_LOOP('',(#2246,#2247,#2248,#2249));
#8481=EDGE_LOOP('',(#2250,#2251,#2252,#2253));
#8482=EDGE_LOOP('',(#2254,#2255,#2256,#2257));
#8483=EDGE_LOOP('',(#2258,#2259,#2260,#2261));
#8484=EDGE_LOOP('',(#2262,#2263,#2264,#2265));
#8485=EDGE_LOOP('',(#2266,#2267,#2268,#2269));
#8486=EDGE_LOOP('',(#2270,#2271,#2272,#2273));
#8487=EDGE_LOOP('',(#2274,#2275,#2276,#2277));
#8488=EDGE_LOOP('',(#2278,#2279,#2280,#2281));
#8489=EDGE_LOOP('',(#2282,#2283,#2284,#2285));
#8490=EDGE_LOOP('',(#2286,#2287,#2288,#2289));
#8491=EDGE_LOOP('',(#2290,#2291,#2292,#2293));
#8492=EDGE_LOOP('',(#2294,#2295,#2296,#2297));
#8493=EDGE_LOOP('',(#2298,#2299,#2300,#2301));
#8494=EDGE_LOOP('',(#2302,#2303,#2304,#2305));
#8495=EDGE_LOOP('',(#2306,#2307,#2308,#2309));
#8496=EDGE_LOOP('',(#2310,#2311,#2312,#2313));
#8497=EDGE_LOOP('',(#2314,#2315,#2316,#2317));
#8498=EDGE_LOOP('',(#2318,#2319,#2320,#2321));
#8499=EDGE_LOOP('',(#2322));
#8500=EDGE_LOOP('',(#2323));
#8501=EDGE_LOOP('',(#2324));
#8502=EDGE_LOOP('',(#2325));
#8503=EDGE_LOOP('',(#2326,#2327,#2328,#2329,#2330));
#8504=EDGE_LOOP('',(#2331,#2332,#2333));
#8505=EDGE_LOOP('',(#2334,#2335,#2336,#2337));
#8506=EDGE_LOOP('',(#2338,#2339,#2340,#2341));
#8507=EDGE_LOOP('',(#2342,#2343,#2344,#2345,#2346));
#8508=EDGE_LOOP('',(#2347));
#8509=EDGE_LOOP('',(#2348,#2349,#2350,#2351,#2352,#2353,#2354,#2355,#2356,
#2357,#2358,#2359,#2360,#2361,#2362,#2363,#2364));
#8510=EDGE_LOOP('',(#2365,#2366,#2367,#2368));
#8511=EDGE_LOOP('',(#2369,#2370,#2371,#2372));
#8512=EDGE_LOOP('',(#2373,#2374,#2375,#2376));
#8513=EDGE_LOOP('',(#2377,#2378,#2379,#2380));
#8514=EDGE_LOOP('',(#2381,#2382,#2383,#2384,#2385,#2386,#2387,#2388,#2389,
#2390,#2391,#2392,#2393,#2394,#2395,#2396,#2397,#2398,#2399,#2400,#2401));
#8515=EDGE_LOOP('',(#2402,#2403,#2404,#2405,#2406,#2407,#2408,#2409));
#8516=EDGE_LOOP('',(#2410,#2411,#2412,#2413,#2414,#2415,#2416,#2417,#2418,
#2419,#2420,#2421,#2422,#2423,#2424,#2425,#2426,#2427,#2428,#2429,#2430,
#2431,#2432,#2433,#2434,#2435,#2436,#2437,#2438,#2439,#2440,#2441,#2442,
#2443,#2444,#2445,#2446,#2447,#2448,#2449));
#8517=EDGE_LOOP('',(#2450,#2451,#2452,#2453,#2454,#2455,#2456,#2457));
#8518=EDGE_LOOP('',(#2458,#2459,#2460,#2461));
#8519=EDGE_LOOP('',(#2462,#2463,#2464,#2465,#2466,#2467,#2468,#2469,#2470,
#2471,#2472,#2473));
#8520=EDGE_LOOP('',(#2474,#2475,#2476,#2477,#2478,#2479,#2480));
#8521=EDGE_LOOP('',(#2481,#2482,#2483,#2484,#2485,#2486));
#8522=EDGE_LOOP('',(#2487,#2488,#2489,#2490,#2491,#2492,#2493,#2494,#2495,
#2496,#2497,#2498,#2499,#2500,#2501,#2502,#2503,#2504));
#8523=EDGE_LOOP('',(#2505,#2506,#2507,#2508));
#8524=EDGE_LOOP('',(#2509,#2510,#2511,#2512,#2513,#2514));
#8525=EDGE_LOOP('',(#2515,#2516,#2517,#2518,#2519,#2520,#2521,#2522,#2523,
#2524,#2525,#2526,#2527,#2528));
#8526=EDGE_LOOP('',(#2529,#2530,#2531,#2532));
#8527=EDGE_LOOP('',(#2533,#2534,#2535,#2536));
#8528=EDGE_LOOP('',(#2537,#2538,#2539,#2540,#2541,#2542,#2543,#2544,#2545,
#2546,#2547,#2548,#2549,#2550,#2551,#2552,#2553));
#8529=EDGE_LOOP('',(#2554));
#8530=EDGE_LOOP('',(#2555,#2556,#2557,#2558,#2559,#2560,#2561,#2562,#2563,
#2564,#2565,#2566,#2567,#2568,#2569,#2570,#2571,#2572,#2573,#2574,#2575,
#2576,#2577,#2578,#2579,#2580,#2581,#2582,#2583,#2584,#2585,#2586,#2587,
#2588));
#8531=EDGE_LOOP('',(#2589,#2590,#2591,#2592,#2593,#2594));
#8532=EDGE_LOOP('',(#2595,#2596,#2597,#2598));
#8533=EDGE_LOOP('',(#2599));
#8534=EDGE_LOOP('',(#2600));
#8535=EDGE_LOOP('',(#2601,#2602,#2603,#2604,#2605,#2606,#2607,#2608,#2609,
#2610,#2611,#2612));
#8536=EDGE_LOOP('',(#2613,#2614,#2615,#2616));
#8537=EDGE_LOOP('',(#2617,#2618,#2619,#2620));
#8538=EDGE_LOOP('',(#2621,#2622,#2623,#2624,#2625));
#8539=EDGE_LOOP('',(#2626,#2627,#2628,#2629));
#8540=EDGE_LOOP('',(#2630,#2631,#2632,#2633,#2634,#2635,#2636,#2637,#2638,
#2639,#2640,#2641,#2642,#2643));
#8541=EDGE_LOOP('',(#2644,#2645,#2646,#2647));
#8542=EDGE_LOOP('',(#2648,#2649,#2650,#2651,#2652,#2653,#2654,#2655));
#8543=EDGE_LOOP('',(#2656,#2657,#2658,#2659,#2660,#2661,#2662,#2663));
#8544=EDGE_LOOP('',(#2664,#2665,#2666,#2667,#2668,#2669));
#8545=EDGE_LOOP('',(#2670,#2671,#2672,#2673,#2674,#2675,#2676,#2677,#2678,
#2679,#2680,#2681));
#8546=EDGE_LOOP('',(#2682,#2683,#2684,#2685));
#8547=EDGE_LOOP('',(#2686,#2687,#2688,#2689,#2690,#2691,#2692,#2693,#2694,
#2695,#2696,#2697));
#8548=EDGE_LOOP('',(#2698,#2699,#2700,#2701));
#8549=EDGE_LOOP('',(#2702,#2703,#2704,#2705));
#8550=EDGE_LOOP('',(#2706,#2707,#2708,#2709));
#8551=EDGE_LOOP('',(#2710,#2711,#2712,#2713));
#8552=EDGE_LOOP('',(#2714,#2715,#2716,#2717));
#8553=EDGE_LOOP('',(#2718,#2719,#2720,#2721));
#8554=EDGE_LOOP('',(#2722,#2723,#2724,#2725));
#8555=EDGE_LOOP('',(#2726,#2727,#2728,#2729));
#8556=EDGE_LOOP('',(#2730,#2731,#2732,#2733));
#8557=EDGE_LOOP('',(#2734,#2735,#2736,#2737,#2738,#2739,#2740,#2741,#2742,
#2743,#2744,#2745));
#8558=EDGE_LOOP('',(#2746,#2747,#2748,#2749));
#8559=EDGE_LOOP('',(#2750,#2751,#2752,#2753));
#8560=EDGE_LOOP('',(#2754,#2755,#2756,#2757));
#8561=EDGE_LOOP('',(#2758,#2759,#2760,#2761));
#8562=EDGE_LOOP('',(#2762,#2763,#2764,#2765));
#8563=EDGE_LOOP('',(#2766,#2767,#2768,#2769));
#8564=EDGE_LOOP('',(#2770,#2771,#2772,#2773));
#8565=EDGE_LOOP('',(#2774,#2775,#2776,#2777));
#8566=EDGE_LOOP('',(#2778,#2779,#2780,#2781));
#8567=EDGE_LOOP('',(#2782,#2783,#2784,#2785));
#8568=EDGE_LOOP('',(#2786,#2787,#2788,#2789));
#8569=EDGE_LOOP('',(#2790,#2791,#2792,#2793));
#8570=EDGE_LOOP('',(#2794,#2795,#2796,#2797));
#8571=EDGE_LOOP('',(#2798,#2799,#2800,#2801,#2802,#2803,#2804,#2805));
#8572=EDGE_LOOP('',(#2806,#2807,#2808,#2809));
#8573=EDGE_LOOP('',(#2810,#2811,#2812,#2813));
#8574=EDGE_LOOP('',(#2814,#2815,#2816,#2817));
#8575=EDGE_LOOP('',(#2818,#2819,#2820,#2821));
#8576=EDGE_LOOP('',(#2822,#2823,#2824,#2825));
#8577=EDGE_LOOP('',(#2826,#2827,#2828,#2829));
#8578=EDGE_LOOP('',(#2830,#2831,#2832,#2833));
#8579=EDGE_LOOP('',(#2834,#2835,#2836,#2837));
#8580=EDGE_LOOP('',(#2838,#2839,#2840,#2841));
#8581=EDGE_LOOP('',(#2842,#2843,#2844,#2845));
#8582=EDGE_LOOP('',(#2846,#2847,#2848,#2849));
#8583=EDGE_LOOP('',(#2850,#2851,#2852,#2853));
#8584=EDGE_LOOP('',(#2854,#2855,#2856,#2857));
#8585=EDGE_LOOP('',(#2858,#2859,#2860,#2861));
#8586=EDGE_LOOP('',(#2862,#2863,#2864,#2865));
#8587=EDGE_LOOP('',(#2866,#2867,#2868,#2869));
#8588=EDGE_LOOP('',(#2870,#2871,#2872,#2873));
#8589=EDGE_LOOP('',(#2874,#2875,#2876,#2877));
#8590=EDGE_LOOP('',(#2878,#2879,#2880,#2881));
#8591=EDGE_LOOP('',(#2882,#2883,#2884,#2885));
#8592=EDGE_LOOP('',(#2886,#2887,#2888,#2889));
#8593=EDGE_LOOP('',(#2890,#2891,#2892,#2893));
#8594=EDGE_LOOP('',(#2894,#2895,#2896,#2897));
#8595=EDGE_LOOP('',(#2898,#2899,#2900,#2901));
#8596=EDGE_LOOP('',(#2902,#2903,#2904,#2905,#2906,#2907,#2908,#2909,#2910,
#2911,#2912,#2913));
#8597=EDGE_LOOP('',(#2914,#2915,#2916,#2917,#2918,#2919,#2920,#2921,#2922,
#2923,#2924,#2925));
#8598=EDGE_LOOP('',(#2926,#2927,#2928,#2929,#2930,#2931,#2932,#2933,#2934,
#2935,#2936,#2937));
#8599=EDGE_LOOP('',(#2938,#2939,#2940,#2941,#2942));
#8600=EDGE_LOOP('',(#2943,#2944,#2945,#2946));
#8601=EDGE_LOOP('',(#2947,#2948,#2949,#2950));
#8602=EDGE_LOOP('',(#2951,#2952,#2953,#2954));
#8603=EDGE_LOOP('',(#2955,#2956,#2957,#2958));
#8604=EDGE_LOOP('',(#2959,#2960,#2961,#2962));
#8605=EDGE_LOOP('',(#2963,#2964,#2965,#2966,#2967));
#8606=EDGE_LOOP('',(#2968,#2969,#2970,#2971,#2972,#2973,#2974,#2975,#2976,
#2977,#2978,#2979));
#8607=EDGE_LOOP('',(#2980,#2981,#2982,#2983));
#8608=EDGE_LOOP('',(#2984,#2985,#2986,#2987));
#8609=EDGE_LOOP('',(#2988,#2989,#2990,#2991));
#8610=EDGE_LOOP('',(#2992,#2993,#2994,#2995));
#8611=EDGE_LOOP('',(#2996,#2997,#2998,#2999));
#8612=EDGE_LOOP('',(#3000,#3001,#3002,#3003));
#8613=EDGE_LOOP('',(#3004,#3005,#3006,#3007));
#8614=EDGE_LOOP('',(#3008,#3009,#3010,#3011));
#8615=EDGE_LOOP('',(#3012,#3013,#3014,#3015));
#8616=EDGE_LOOP('',(#3016,#3017,#3018,#3019));
#8617=EDGE_LOOP('',(#3020,#3021,#3022,#3023));
#8618=EDGE_LOOP('',(#3024,#3025,#3026,#3027));
#8619=EDGE_LOOP('',(#3028,#3029,#3030,#3031));
#8620=EDGE_LOOP('',(#3032,#3033,#3034,#3035));
#8621=EDGE_LOOP('',(#3036,#3037,#3038,#3039));
#8622=EDGE_LOOP('',(#3040,#3041,#3042,#3043));
#8623=EDGE_LOOP('',(#3044,#3045,#3046,#3047));
#8624=EDGE_LOOP('',(#3048,#3049,#3050,#3051));
#8625=EDGE_LOOP('',(#3052,#3053,#3054,#3055));
#8626=EDGE_LOOP('',(#3056,#3057,#3058,#3059));
#8627=EDGE_LOOP('',(#3060,#3061,#3062,#3063));
#8628=EDGE_LOOP('',(#3064,#3065,#3066,#3067));
#8629=EDGE_LOOP('',(#3068,#3069,#3070,#3071));
#8630=EDGE_LOOP('',(#3072,#3073,#3074,#3075));
#8631=EDGE_LOOP('',(#3076,#3077,#3078,#3079));
#8632=EDGE_LOOP('',(#3080,#3081,#3082,#3083,#3084,#3085,#3086,#3087,#3088,
#3089,#3090,#3091,#3092,#3093,#3094,#3095,#3096,#3097,#3098,#3099,#3100,
#3101,#3102,#3103,#3104,#3105,#3106,#3107,#3108,#3109,#3110,#3111,#3112,
#3113));
#8633=EDGE_LOOP('',(#3114,#3115,#3116,#3117,#3118,#3119,#3120,#3121,#3122,
#3123,#3124,#3125));
#8634=EDGE_LOOP('',(#3126,#3127,#3128,#3129));
#8635=EDGE_LOOP('',(#3130,#3131,#3132,#3133));
#8636=EDGE_LOOP('',(#3134,#3135,#3136,#3137));
#8637=EDGE_LOOP('',(#3138,#3139,#3140,#3141));
#8638=EDGE_LOOP('',(#3142,#3143,#3144,#3145));
#8639=EDGE_LOOP('',(#3146,#3147,#3148,#3149));
#8640=EDGE_LOOP('',(#3150,#3151,#3152,#3153));
#8641=EDGE_LOOP('',(#3154,#3155,#3156,#3157));
#8642=EDGE_LOOP('',(#3158,#3159,#3160,#3161));
#8643=EDGE_LOOP('',(#3162,#3163,#3164,#3165));
#8644=EDGE_LOOP('',(#3166,#3167,#3168,#3169));
#8645=EDGE_LOOP('',(#3170,#3171,#3172,#3173,#3174,#3175));
#8646=EDGE_LOOP('',(#3176,#3177,#3178,#3179));
#8647=EDGE_LOOP('',(#3180,#3181,#3182,#3183));
#8648=EDGE_LOOP('',(#3184,#3185,#3186,#3187));
#8649=EDGE_LOOP('',(#3188,#3189,#3190,#3191));
#8650=EDGE_LOOP('',(#3192,#3193,#3194,#3195));
#8651=EDGE_LOOP('',(#3196,#3197,#3198,#3199,#3200,#3201));
#8652=EDGE_LOOP('',(#3202,#3203,#3204,#3205));
#8653=EDGE_LOOP('',(#3206,#3207,#3208,#3209));
#8654=EDGE_LOOP('',(#3210,#3211,#3212,#3213));
#8655=EDGE_LOOP('',(#3214,#3215,#3216,#3217));
#8656=EDGE_LOOP('',(#3218,#3219,#3220,#3221));
#8657=EDGE_LOOP('',(#3222,#3223,#3224,#3225));
#8658=EDGE_LOOP('',(#3226,#3227,#3228,#3229));
#8659=EDGE_LOOP('',(#3230,#3231,#3232,#3233));
#8660=EDGE_LOOP('',(#3234,#3235,#3236,#3237));
#8661=EDGE_LOOP('',(#3238,#3239,#3240,#3241));
#8662=EDGE_LOOP('',(#3242,#3243,#3244,#3245));
#8663=EDGE_LOOP('',(#3246,#3247,#3248,#3249,#3250,#3251));
#8664=EDGE_LOOP('',(#3252,#3253,#3254,#3255));
#8665=EDGE_LOOP('',(#3256,#3257,#3258,#3259));
#8666=EDGE_LOOP('',(#3260,#3261,#3262,#3263));
#8667=EDGE_LOOP('',(#3264,#3265,#3266,#3267));
#8668=EDGE_LOOP('',(#3268,#3269,#3270,#3271));
#8669=EDGE_LOOP('',(#3272,#3273,#3274,#3275,#3276,#3277));
#8670=EDGE_LOOP('',(#3278,#3279,#3280,#3281));
#8671=EDGE_LOOP('',(#3282,#3283,#3284,#3285));
#8672=EDGE_LOOP('',(#3286,#3287,#3288,#3289));
#8673=EDGE_LOOP('',(#3290,#3291,#3292,#3293,#3294,#3295,#3296));
#8674=EDGE_LOOP('',(#3297,#3298,#3299,#3300));
#8675=EDGE_LOOP('',(#3301,#3302,#3303,#3304));
#8676=EDGE_LOOP('',(#3305,#3306,#3307,#3308));
#8677=EDGE_LOOP('',(#3309,#3310,#3311,#3312));
#8678=EDGE_LOOP('',(#3313,#3314,#3315,#3316));
#8679=EDGE_LOOP('',(#3317,#3318,#3319,#3320));
#8680=EDGE_LOOP('',(#3321,#3322,#3323,#3324,#3325,#3326,#3327,#3328,#3329,
#3330,#3331,#3332,#3333,#3334,#3335,#3336,#3337,#3338,#3339,#3340,#3341));
#8681=EDGE_LOOP('',(#3342,#3343,#3344,#3345));
#8682=EDGE_LOOP('',(#3346,#3347,#3348,#3349));
#8683=EDGE_LOOP('',(#3350,#3351,#3352,#3353));
#8684=EDGE_LOOP('',(#3354,#3355,#3356,#3357));
#8685=EDGE_LOOP('',(#3358,#3359,#3360,#3361));
#8686=EDGE_LOOP('',(#3362,#3363,#3364,#3365));
#8687=EDGE_LOOP('',(#3366,#3367,#3368,#3369));
#8688=EDGE_LOOP('',(#3370,#3371,#3372,#3373));
#8689=EDGE_LOOP('',(#3374,#3375,#3376,#3377));
#8690=EDGE_LOOP('',(#3378,#3379,#3380,#3381));
#8691=EDGE_LOOP('',(#3382,#3383,#3384,#3385));
#8692=EDGE_LOOP('',(#3386,#3387,#3388,#3389));
#8693=EDGE_LOOP('',(#3390,#3391,#3392,#3393));
#8694=EDGE_LOOP('',(#3394,#3395,#3396,#3397));
#8695=EDGE_LOOP('',(#3398,#3399,#3400,#3401));
#8696=EDGE_LOOP('',(#3402,#3403,#3404));
#8697=EDGE_LOOP('',(#3405,#3406,#3407,#3408));
#8698=EDGE_LOOP('',(#3409,#3410,#3411,#3412));
#8699=EDGE_LOOP('',(#3413,#3414,#3415,#3416));
#8700=EDGE_LOOP('',(#3417,#3418,#3419,#3420));
#8701=EDGE_LOOP('',(#3421,#3422,#3423,#3424));
#8702=EDGE_LOOP('',(#3425,#3426,#3427,#3428));
#8703=EDGE_LOOP('',(#3429,#3430,#3431,#3432));
#8704=EDGE_LOOP('',(#3433,#3434,#3435,#3436));
#8705=EDGE_LOOP('',(#3437,#3438,#3439,#3440));
#8706=EDGE_LOOP('',(#3441,#3442,#3443));
#8707=EDGE_LOOP('',(#3444,#3445,#3446,#3447));
#8708=EDGE_LOOP('',(#3448,#3449,#3450,#3451));
#8709=EDGE_LOOP('',(#3452,#3453,#3454,#3455));
#8710=FACE_BOUND('',#8162,.T.);
#8711=FACE_BOUND('',#8163,.T.);
#8712=FACE_BOUND('',#8164,.T.);
#8713=FACE_BOUND('',#8165,.T.);
#8714=FACE_BOUND('',#8166,.T.);
#8715=FACE_BOUND('',#8167,.T.);
#8716=FACE_BOUND('',#8168,.T.);
#8717=FACE_BOUND('',#8169,.T.);
#8718=FACE_BOUND('',#8170,.T.);
#8719=FACE_BOUND('',#8171,.T.);
#8720=FACE_BOUND('',#8172,.T.);
#8721=FACE_BOUND('',#8173,.T.);
#8722=FACE_BOUND('',#8174,.T.);
#8723=FACE_BOUND('',#8175,.T.);
#8724=FACE_BOUND('',#8176,.T.);
#8725=FACE_BOUND('',#8177,.T.);
#8726=FACE_BOUND('',#8178,.T.);
#8727=FACE_BOUND('',#8179,.T.);
#8728=FACE_BOUND('',#8180,.T.);
#8729=FACE_BOUND('',#8181,.T.);
#8730=FACE_BOUND('',#8182,.T.);
#8731=FACE_BOUND('',#8183,.T.);
#8732=FACE_BOUND('',#8184,.T.);
#8733=FACE_BOUND('',#8185,.T.);
#8734=FACE_BOUND('',#8186,.T.);
#8735=FACE_BOUND('',#8187,.T.);
#8736=FACE_BOUND('',#8188,.T.);
#8737=FACE_BOUND('',#8189,.T.);
#8738=FACE_BOUND('',#8190,.T.);
#8739=FACE_BOUND('',#8191,.T.);
#8740=FACE_BOUND('',#8192,.T.);
#8741=FACE_BOUND('',#8193,.T.);
#8742=FACE_BOUND('',#8194,.T.);
#8743=FACE_BOUND('',#8195,.T.);
#8744=FACE_BOUND('',#8196,.T.);
#8745=FACE_BOUND('',#8197,.T.);
#8746=FACE_BOUND('',#8198,.T.);
#8747=FACE_BOUND('',#8199,.T.);
#8748=FACE_BOUND('',#8200,.T.);
#8749=FACE_BOUND('',#8201,.T.);
#8750=FACE_BOUND('',#8202,.T.);
#8751=FACE_BOUND('',#8203,.T.);
#8752=FACE_BOUND('',#8204,.T.);
#8753=FACE_BOUND('',#8205,.T.);
#8754=FACE_BOUND('',#8206,.T.);
#8755=FACE_BOUND('',#8207,.T.);
#8756=FACE_BOUND('',#8208,.T.);
#8757=FACE_BOUND('',#8209,.T.);
#8758=FACE_BOUND('',#8210,.T.);
#8759=FACE_BOUND('',#8211,.T.);
#8760=FACE_BOUND('',#8212,.T.);
#8761=FACE_BOUND('',#8213,.T.);
#8762=FACE_BOUND('',#8214,.T.);
#8763=FACE_BOUND('',#8215,.T.);
#8764=FACE_BOUND('',#8216,.T.);
#8765=FACE_BOUND('',#8217,.T.);
#8766=FACE_BOUND('',#8218,.T.);
#8767=FACE_BOUND('',#8219,.T.);
#8768=FACE_BOUND('',#8220,.T.);
#8769=FACE_BOUND('',#8221,.T.);
#8770=FACE_BOUND('',#8222,.T.);
#8771=FACE_BOUND('',#8223,.T.);
#8772=FACE_BOUND('',#8224,.T.);
#8773=FACE_BOUND('',#8225,.T.);
#8774=FACE_BOUND('',#8226,.T.);
#8775=FACE_BOUND('',#8227,.T.);
#8776=FACE_BOUND('',#8228,.T.);
#8777=FACE_BOUND('',#8229,.T.);
#8778=FACE_BOUND('',#8230,.T.);
#8779=FACE_BOUND('',#8231,.T.);
#8780=FACE_BOUND('',#8232,.T.);
#8781=FACE_BOUND('',#8233,.T.);
#8782=FACE_BOUND('',#8234,.T.);
#8783=FACE_BOUND('',#8235,.T.);
#8784=FACE_BOUND('',#8236,.T.);
#8785=FACE_BOUND('',#8237,.T.);
#8786=FACE_BOUND('',#8238,.T.);
#8787=FACE_BOUND('',#8239,.T.);
#8788=FACE_BOUND('',#8240,.T.);
#8789=FACE_BOUND('',#8241,.T.);
#8790=FACE_BOUND('',#8242,.T.);
#8791=FACE_BOUND('',#8243,.T.);
#8792=FACE_BOUND('',#8244,.T.);
#8793=FACE_BOUND('',#8245,.T.);
#8794=FACE_BOUND('',#8246,.T.);
#8795=FACE_BOUND('',#8247,.T.);
#8796=FACE_BOUND('',#8248,.T.);
#8797=FACE_BOUND('',#8249,.T.);
#8798=FACE_BOUND('',#8250,.T.);
#8799=FACE_BOUND('',#8251,.T.);
#8800=FACE_BOUND('',#8252,.T.);
#8801=FACE_BOUND('',#8253,.T.);
#8802=FACE_BOUND('',#8254,.T.);
#8803=FACE_BOUND('',#8255,.T.);
#8804=FACE_BOUND('',#8256,.T.);
#8805=FACE_BOUND('',#8257,.T.);
#8806=FACE_BOUND('',#8258,.T.);
#8807=FACE_BOUND('',#8259,.T.);
#8808=FACE_BOUND('',#8260,.T.);
#8809=FACE_BOUND('',#8261,.T.);
#8810=FACE_BOUND('',#8262,.T.);
#8811=FACE_BOUND('',#8263,.T.);
#8812=FACE_BOUND('',#8264,.T.);
#8813=FACE_BOUND('',#8265,.T.);
#8814=FACE_BOUND('',#8266,.T.);
#8815=FACE_BOUND('',#8267,.T.);
#8816=FACE_BOUND('',#8268,.T.);
#8817=FACE_BOUND('',#8269,.T.);
#8818=FACE_BOUND('',#8270,.T.);
#8819=FACE_BOUND('',#8271,.T.);
#8820=FACE_BOUND('',#8272,.T.);
#8821=FACE_BOUND('',#8273,.T.);
#8822=FACE_BOUND('',#8274,.T.);
#8823=FACE_BOUND('',#8275,.T.);
#8824=FACE_BOUND('',#8276,.T.);
#8825=FACE_BOUND('',#8277,.T.);
#8826=FACE_BOUND('',#8278,.T.);
#8827=FACE_BOUND('',#8279,.T.);
#8828=FACE_BOUND('',#8280,.T.);
#8829=FACE_BOUND('',#8281,.T.);
#8830=FACE_BOUND('',#8282,.T.);
#8831=FACE_BOUND('',#8283,.T.);
#8832=FACE_BOUND('',#8284,.T.);
#8833=FACE_BOUND('',#8285,.T.);
#8834=FACE_BOUND('',#8286,.T.);
#8835=FACE_BOUND('',#8287,.T.);
#8836=FACE_BOUND('',#8288,.T.);
#8837=FACE_BOUND('',#8289,.T.);
#8838=FACE_BOUND('',#8290,.T.);
#8839=FACE_BOUND('',#8291,.T.);
#8840=FACE_BOUND('',#8292,.T.);
#8841=FACE_BOUND('',#8293,.T.);
#8842=FACE_BOUND('',#8294,.T.);
#8843=FACE_BOUND('',#8295,.T.);
#8844=FACE_BOUND('',#8296,.T.);
#8845=FACE_BOUND('',#8297,.T.);
#8846=FACE_BOUND('',#8298,.T.);
#8847=FACE_BOUND('',#8299,.T.);
#8848=FACE_BOUND('',#8300,.T.);
#8849=FACE_BOUND('',#8301,.T.);
#8850=FACE_BOUND('',#8302,.T.);
#8851=FACE_BOUND('',#8303,.T.);
#8852=FACE_BOUND('',#8304,.T.);
#8853=FACE_BOUND('',#8305,.T.);
#8854=FACE_BOUND('',#8306,.T.);
#8855=FACE_BOUND('',#8307,.T.);
#8856=FACE_BOUND('',#8308,.T.);
#8857=FACE_BOUND('',#8309,.T.);
#8858=FACE_BOUND('',#8310,.T.);
#8859=FACE_BOUND('',#8311,.T.);
#8860=FACE_BOUND('',#8312,.T.);
#8861=FACE_BOUND('',#8313,.T.);
#8862=FACE_BOUND('',#8314,.T.);
#8863=FACE_BOUND('',#8315,.T.);
#8864=FACE_BOUND('',#8316,.T.);
#8865=FACE_BOUND('',#8317,.T.);
#8866=FACE_BOUND('',#8318,.T.);
#8867=FACE_BOUND('',#8319,.T.);
#8868=FACE_BOUND('',#8320,.T.);
#8869=FACE_BOUND('',#8321,.T.);
#8870=FACE_BOUND('',#8322,.T.);
#8871=FACE_BOUND('',#8323,.T.);
#8872=FACE_BOUND('',#8324,.T.);
#8873=FACE_BOUND('',#8325,.T.);
#8874=FACE_BOUND('',#8326,.T.);
#8875=FACE_BOUND('',#8327,.T.);
#8876=FACE_BOUND('',#8328,.T.);
#8877=FACE_BOUND('',#8329,.T.);
#8878=FACE_BOUND('',#8330,.T.);
#8879=FACE_BOUND('',#8331,.T.);
#8880=FACE_BOUND('',#8332,.T.);
#8881=FACE_BOUND('',#8333,.T.);
#8882=FACE_BOUND('',#8334,.T.);
#8883=FACE_BOUND('',#8335,.T.);
#8884=FACE_BOUND('',#8336,.T.);
#8885=FACE_BOUND('',#8337,.T.);
#8886=FACE_BOUND('',#8338,.T.);
#8887=FACE_BOUND('',#8339,.T.);
#8888=FACE_BOUND('',#8340,.T.);
#8889=FACE_BOUND('',#8341,.T.);
#8890=FACE_BOUND('',#8342,.T.);
#8891=FACE_BOUND('',#8343,.T.);
#8892=FACE_BOUND('',#8344,.T.);
#8893=FACE_BOUND('',#8345,.T.);
#8894=FACE_BOUND('',#8346,.T.);
#8895=FACE_BOUND('',#8347,.T.);
#8896=FACE_BOUND('',#8348,.T.);
#8897=FACE_BOUND('',#8349,.T.);
#8898=FACE_BOUND('',#8350,.T.);
#8899=FACE_BOUND('',#8351,.T.);
#8900=FACE_BOUND('',#8352,.T.);
#8901=FACE_BOUND('',#8353,.T.);
#8902=FACE_BOUND('',#8354,.T.);
#8903=FACE_BOUND('',#8355,.T.);
#8904=FACE_BOUND('',#8356,.T.);
#8905=FACE_BOUND('',#8357,.T.);
#8906=FACE_BOUND('',#8358,.T.);
#8907=FACE_BOUND('',#8359,.T.);
#8908=FACE_BOUND('',#8360,.T.);
#8909=FACE_BOUND('',#8361,.T.);
#8910=FACE_BOUND('',#8362,.T.);
#8911=FACE_BOUND('',#8363,.T.);
#8912=FACE_BOUND('',#8364,.T.);
#8913=FACE_BOUND('',#8365,.T.);
#8914=FACE_BOUND('',#8366,.T.);
#8915=FACE_BOUND('',#8367,.T.);
#8916=FACE_BOUND('',#8368,.T.);
#8917=FACE_BOUND('',#8369,.T.);
#8918=FACE_BOUND('',#8370,.T.);
#8919=FACE_BOUND('',#8371,.T.);
#8920=FACE_BOUND('',#8372,.T.);
#8921=FACE_BOUND('',#8373,.T.);
#8922=FACE_BOUND('',#8374,.T.);
#8923=FACE_BOUND('',#8375,.T.);
#8924=FACE_BOUND('',#8376,.T.);
#8925=FACE_BOUND('',#8377,.T.);
#8926=FACE_BOUND('',#8378,.T.);
#8927=FACE_BOUND('',#8379,.T.);
#8928=FACE_BOUND('',#8380,.T.);
#8929=FACE_BOUND('',#8381,.T.);
#8930=FACE_BOUND('',#8382,.T.);
#8931=FACE_BOUND('',#8383,.T.);
#8932=FACE_BOUND('',#8384,.T.);
#8933=FACE_BOUND('',#8385,.T.);
#8934=FACE_BOUND('',#8386,.T.);
#8935=FACE_BOUND('',#8387,.T.);
#8936=FACE_BOUND('',#8388,.T.);
#8937=FACE_BOUND('',#8389,.T.);
#8938=FACE_BOUND('',#8390,.T.);
#8939=FACE_BOUND('',#8391,.T.);
#8940=FACE_BOUND('',#8392,.T.);
#8941=FACE_BOUND('',#8393,.T.);
#8942=FACE_BOUND('',#8394,.T.);
#8943=FACE_BOUND('',#8395,.T.);
#8944=FACE_BOUND('',#8396,.T.);
#8945=FACE_BOUND('',#8397,.T.);
#8946=FACE_BOUND('',#8398,.T.);
#8947=FACE_BOUND('',#8399,.T.);
#8948=FACE_BOUND('',#8400,.T.);
#8949=FACE_BOUND('',#8401,.T.);
#8950=FACE_BOUND('',#8402,.T.);
#8951=FACE_BOUND('',#8403,.T.);
#8952=FACE_BOUND('',#8404,.T.);
#8953=FACE_BOUND('',#8405,.T.);
#8954=FACE_BOUND('',#8406,.T.);
#8955=FACE_BOUND('',#8407,.T.);
#8956=FACE_BOUND('',#8408,.T.);
#8957=FACE_BOUND('',#8409,.T.);
#8958=FACE_BOUND('',#8410,.T.);
#8959=FACE_BOUND('',#8411,.T.);
#8960=FACE_BOUND('',#8412,.T.);
#8961=FACE_BOUND('',#8413,.T.);
#8962=FACE_BOUND('',#8414,.T.);
#8963=FACE_BOUND('',#8415,.T.);
#8964=FACE_BOUND('',#8416,.T.);
#8965=FACE_BOUND('',#8417,.T.);
#8966=FACE_BOUND('',#8418,.T.);
#8967=FACE_BOUND('',#8419,.T.);
#8968=FACE_BOUND('',#8420,.T.);
#8969=FACE_BOUND('',#8421,.T.);
#8970=FACE_BOUND('',#8422,.T.);
#8971=FACE_BOUND('',#8423,.T.);
#8972=FACE_BOUND('',#8424,.T.);
#8973=FACE_BOUND('',#8425,.T.);
#8974=FACE_BOUND('',#8426,.T.);
#8975=FACE_BOUND('',#8427,.T.);
#8976=FACE_BOUND('',#8428,.T.);
#8977=FACE_BOUND('',#8429,.T.);
#8978=FACE_BOUND('',#8430,.T.);
#8979=FACE_BOUND('',#8431,.T.);
#8980=FACE_BOUND('',#8432,.T.);
#8981=FACE_BOUND('',#8433,.T.);
#8982=FACE_BOUND('',#8434,.T.);
#8983=FACE_BOUND('',#8435,.T.);
#8984=FACE_BOUND('',#8436,.T.);
#8985=FACE_BOUND('',#8437,.T.);
#8986=FACE_BOUND('',#8438,.T.);
#8987=FACE_BOUND('',#8439,.T.);
#8988=FACE_BOUND('',#8440,.T.);
#8989=FACE_BOUND('',#8441,.T.);
#8990=FACE_BOUND('',#8442,.T.);
#8991=FACE_BOUND('',#8443,.T.);
#8992=FACE_BOUND('',#8444,.T.);
#8993=FACE_BOUND('',#8445,.T.);
#8994=FACE_BOUND('',#8446,.T.);
#8995=FACE_BOUND('',#8447,.T.);
#8996=FACE_BOUND('',#8448,.T.);
#8997=FACE_BOUND('',#8449,.T.);
#8998=FACE_BOUND('',#8450,.T.);
#8999=FACE_BOUND('',#8451,.T.);
#9000=FACE_BOUND('',#8452,.T.);
#9001=FACE_BOUND('',#8453,.T.);
#9002=FACE_BOUND('',#8454,.T.);
#9003=FACE_BOUND('',#8455,.T.);
#9004=FACE_BOUND('',#8456,.T.);
#9005=FACE_BOUND('',#8457,.T.);
#9006=FACE_BOUND('',#8458,.T.);
#9007=FACE_BOUND('',#8459,.T.);
#9008=FACE_BOUND('',#8460,.T.);
#9009=FACE_BOUND('',#8461,.T.);
#9010=FACE_BOUND('',#8462,.T.);
#9011=FACE_BOUND('',#8463,.T.);
#9012=FACE_BOUND('',#8464,.T.);
#9013=FACE_BOUND('',#8465,.T.);
#9014=FACE_BOUND('',#8466,.T.);
#9015=FACE_BOUND('',#8467,.T.);
#9016=FACE_BOUND('',#8468,.T.);
#9017=FACE_BOUND('',#8469,.T.);
#9018=FACE_BOUND('',#8470,.T.);
#9019=FACE_BOUND('',#8471,.T.);
#9020=FACE_BOUND('',#8472,.T.);
#9021=FACE_BOUND('',#8473,.T.);
#9022=FACE_BOUND('',#8474,.T.);
#9023=FACE_BOUND('',#8475,.T.);
#9024=FACE_BOUND('',#8476,.T.);
#9025=FACE_BOUND('',#8477,.T.);
#9026=FACE_BOUND('',#8478,.T.);
#9027=FACE_BOUND('',#8479,.T.);
#9028=FACE_BOUND('',#8480,.T.);
#9029=FACE_BOUND('',#8481,.T.);
#9030=FACE_BOUND('',#8482,.T.);
#9031=FACE_BOUND('',#8483,.T.);
#9032=FACE_BOUND('',#8484,.T.);
#9033=FACE_BOUND('',#8485,.T.);
#9034=FACE_BOUND('',#8486,.T.);
#9035=FACE_BOUND('',#8487,.T.);
#9036=FACE_BOUND('',#8488,.T.);
#9037=FACE_BOUND('',#8489,.T.);
#9038=FACE_BOUND('',#8490,.T.);
#9039=FACE_BOUND('',#8491,.T.);
#9040=FACE_BOUND('',#8492,.T.);
#9041=FACE_BOUND('',#8493,.T.);
#9042=FACE_BOUND('',#8494,.T.);
#9043=FACE_BOUND('',#8495,.T.);
#9044=FACE_BOUND('',#8496,.T.);
#9045=FACE_BOUND('',#8497,.T.);
#9046=FACE_BOUND('',#8498,.T.);
#9047=FACE_BOUND('',#8499,.T.);
#9048=FACE_BOUND('',#8500,.T.);
#9049=FACE_BOUND('',#8501,.T.);
#9050=FACE_BOUND('',#8502,.T.);
#9051=FACE_BOUND('',#8503,.T.);
#9052=FACE_BOUND('',#8504,.T.);
#9053=FACE_BOUND('',#8505,.T.);
#9054=FACE_BOUND('',#8506,.T.);
#9055=FACE_BOUND('',#8507,.T.);
#9056=FACE_BOUND('',#8508,.T.);
#9057=FACE_BOUND('',#8509,.T.);
#9058=FACE_BOUND('',#8510,.T.);
#9059=FACE_BOUND('',#8511,.T.);
#9060=FACE_BOUND('',#8512,.T.);
#9061=FACE_BOUND('',#8513,.T.);
#9062=FACE_BOUND('',#8514,.T.);
#9063=FACE_BOUND('',#8515,.T.);
#9064=FACE_BOUND('',#8516,.T.);
#9065=FACE_BOUND('',#8517,.T.);
#9066=FACE_BOUND('',#8518,.T.);
#9067=FACE_BOUND('',#8519,.T.);
#9068=FACE_BOUND('',#8520,.T.);
#9069=FACE_BOUND('',#8521,.T.);
#9070=FACE_BOUND('',#8522,.T.);
#9071=FACE_BOUND('',#8523,.T.);
#9072=FACE_BOUND('',#8524,.T.);
#9073=FACE_BOUND('',#8525,.T.);
#9074=FACE_BOUND('',#8526,.T.);
#9075=FACE_BOUND('',#8527,.T.);
#9076=FACE_BOUND('',#8528,.T.);
#9077=FACE_BOUND('',#8529,.T.);
#9078=FACE_BOUND('',#8530,.T.);
#9079=FACE_BOUND('',#8531,.T.);
#9080=FACE_BOUND('',#8532,.T.);
#9081=FACE_BOUND('',#8533,.T.);
#9082=FACE_BOUND('',#8534,.T.);
#9083=FACE_BOUND('',#8535,.T.);
#9084=FACE_BOUND('',#8536,.T.);
#9085=FACE_BOUND('',#8537,.T.);
#9086=FACE_BOUND('',#8538,.T.);
#9087=FACE_BOUND('',#8539,.T.);
#9088=FACE_BOUND('',#8540,.T.);
#9089=FACE_BOUND('',#8541,.T.);
#9090=FACE_BOUND('',#8542,.T.);
#9091=FACE_BOUND('',#8543,.T.);
#9092=FACE_BOUND('',#8544,.T.);
#9093=FACE_BOUND('',#8545,.T.);
#9094=FACE_BOUND('',#8546,.T.);
#9095=FACE_BOUND('',#8547,.T.);
#9096=FACE_BOUND('',#8548,.T.);
#9097=FACE_BOUND('',#8549,.T.);
#9098=FACE_BOUND('',#8550,.T.);
#9099=FACE_BOUND('',#8551,.T.);
#9100=FACE_BOUND('',#8552,.T.);
#9101=FACE_BOUND('',#8553,.T.);
#9102=FACE_BOUND('',#8554,.T.);
#9103=FACE_BOUND('',#8555,.T.);
#9104=FACE_BOUND('',#8556,.T.);
#9105=FACE_BOUND('',#8557,.T.);
#9106=FACE_BOUND('',#8558,.T.);
#9107=FACE_BOUND('',#8559,.T.);
#9108=FACE_BOUND('',#8560,.T.);
#9109=FACE_BOUND('',#8561,.T.);
#9110=FACE_BOUND('',#8562,.T.);
#9111=FACE_BOUND('',#8563,.T.);
#9112=FACE_BOUND('',#8564,.T.);
#9113=FACE_BOUND('',#8565,.T.);
#9114=FACE_BOUND('',#8566,.T.);
#9115=FACE_BOUND('',#8567,.T.);
#9116=FACE_BOUND('',#8568,.T.);
#9117=FACE_BOUND('',#8569,.T.);
#9118=FACE_BOUND('',#8570,.T.);
#9119=FACE_BOUND('',#8571,.T.);
#9120=FACE_BOUND('',#8572,.T.);
#9121=FACE_BOUND('',#8573,.T.);
#9122=FACE_BOUND('',#8574,.T.);
#9123=FACE_BOUND('',#8575,.T.);
#9124=FACE_BOUND('',#8576,.T.);
#9125=FACE_BOUND('',#8577,.T.);
#9126=FACE_BOUND('',#8578,.T.);
#9127=FACE_BOUND('',#8579,.T.);
#9128=FACE_BOUND('',#8580,.T.);
#9129=FACE_BOUND('',#8581,.T.);
#9130=FACE_BOUND('',#8582,.T.);
#9131=FACE_BOUND('',#8583,.T.);
#9132=FACE_BOUND('',#8584,.T.);
#9133=FACE_BOUND('',#8585,.T.);
#9134=FACE_BOUND('',#8586,.T.);
#9135=FACE_BOUND('',#8587,.T.);
#9136=FACE_BOUND('',#8588,.T.);
#9137=FACE_BOUND('',#8589,.T.);
#9138=FACE_BOUND('',#8590,.T.);
#9139=FACE_BOUND('',#8591,.T.);
#9140=FACE_BOUND('',#8592,.T.);
#9141=FACE_BOUND('',#8593,.T.);
#9142=FACE_BOUND('',#8594,.T.);
#9143=FACE_BOUND('',#8595,.T.);
#9144=FACE_BOUND('',#8596,.T.);
#9145=FACE_BOUND('',#8597,.T.);
#9146=FACE_BOUND('',#8598,.T.);
#9147=FACE_BOUND('',#8599,.T.);
#9148=FACE_BOUND('',#8600,.T.);
#9149=FACE_BOUND('',#8601,.T.);
#9150=FACE_BOUND('',#8602,.T.);
#9151=FACE_BOUND('',#8603,.T.);
#9152=FACE_BOUND('',#8604,.T.);
#9153=FACE_BOUND('',#8605,.T.);
#9154=FACE_BOUND('',#8606,.T.);
#9155=FACE_BOUND('',#8607,.T.);
#9156=FACE_BOUND('',#8608,.T.);
#9157=FACE_BOUND('',#8609,.T.);
#9158=FACE_BOUND('',#8610,.T.);
#9159=FACE_BOUND('',#8611,.T.);
#9160=FACE_BOUND('',#8612,.T.);
#9161=FACE_BOUND('',#8613,.T.);
#9162=FACE_BOUND('',#8614,.T.);
#9163=FACE_BOUND('',#8615,.T.);
#9164=FACE_BOUND('',#8616,.T.);
#9165=FACE_BOUND('',#8617,.T.);
#9166=FACE_BOUND('',#8618,.T.);
#9167=FACE_BOUND('',#8619,.T.);
#9168=FACE_BOUND('',#8620,.T.);
#9169=FACE_BOUND('',#8621,.T.);
#9170=FACE_BOUND('',#8622,.T.);
#9171=FACE_BOUND('',#8623,.T.);
#9172=FACE_BOUND('',#8624,.T.);
#9173=FACE_BOUND('',#8625,.T.);
#9174=FACE_BOUND('',#8626,.T.);
#9175=FACE_BOUND('',#8627,.T.);
#9176=FACE_BOUND('',#8628,.T.);
#9177=FACE_BOUND('',#8629,.T.);
#9178=FACE_BOUND('',#8630,.T.);
#9179=FACE_BOUND('',#8631,.T.);
#9180=FACE_BOUND('',#8632,.T.);
#9181=FACE_BOUND('',#8633,.T.);
#9182=FACE_BOUND('',#8634,.T.);
#9183=FACE_BOUND('',#8635,.T.);
#9184=FACE_BOUND('',#8636,.T.);
#9185=FACE_BOUND('',#8637,.T.);
#9186=FACE_BOUND('',#8638,.T.);
#9187=FACE_BOUND('',#8639,.T.);
#9188=FACE_BOUND('',#8640,.T.);
#9189=FACE_BOUND('',#8641,.T.);
#9190=FACE_BOUND('',#8642,.T.);
#9191=FACE_BOUND('',#8643,.T.);
#9192=FACE_BOUND('',#8644,.T.);
#9193=FACE_BOUND('',#8645,.T.);
#9194=FACE_BOUND('',#8646,.T.);
#9195=FACE_BOUND('',#8647,.T.);
#9196=FACE_BOUND('',#8648,.T.);
#9197=FACE_BOUND('',#8649,.T.);
#9198=FACE_BOUND('',#8650,.T.);
#9199=FACE_BOUND('',#8651,.T.);
#9200=FACE_BOUND('',#8652,.T.);
#9201=FACE_BOUND('',#8653,.T.);
#9202=FACE_BOUND('',#8654,.T.);
#9203=FACE_BOUND('',#8655,.T.);
#9204=FACE_BOUND('',#8656,.T.);
#9205=FACE_BOUND('',#8657,.T.);
#9206=FACE_BOUND('',#8658,.T.);
#9207=FACE_BOUND('',#8659,.T.);
#9208=FACE_BOUND('',#8660,.T.);
#9209=FACE_BOUND('',#8661,.T.);
#9210=FACE_BOUND('',#8662,.T.);
#9211=FACE_BOUND('',#8663,.T.);
#9212=FACE_BOUND('',#8664,.T.);
#9213=FACE_BOUND('',#8665,.T.);
#9214=FACE_BOUND('',#8666,.T.);
#9215=FACE_BOUND('',#8667,.T.);
#9216=FACE_BOUND('',#8668,.T.);
#9217=FACE_BOUND('',#8669,.T.);
#9218=FACE_BOUND('',#8670,.T.);
#9219=FACE_BOUND('',#8671,.T.);
#9220=FACE_BOUND('',#8672,.T.);
#9221=FACE_BOUND('',#8673,.T.);
#9222=FACE_BOUND('',#8674,.T.);
#9223=FACE_BOUND('',#8675,.T.);
#9224=FACE_BOUND('',#8676,.T.);
#9225=FACE_BOUND('',#8677,.T.);
#9226=FACE_BOUND('',#8678,.T.);
#9227=FACE_BOUND('',#8679,.T.);
#9228=FACE_BOUND('',#8680,.T.);
#9229=FACE_BOUND('',#8681,.T.);
#9230=FACE_BOUND('',#8682,.T.);
#9231=FACE_BOUND('',#8683,.T.);
#9232=FACE_BOUND('',#8684,.T.);
#9233=FACE_BOUND('',#8685,.T.);
#9234=FACE_BOUND('',#8686,.T.);
#9235=FACE_BOUND('',#8687,.T.);
#9236=FACE_BOUND('',#8688,.T.);
#9237=FACE_BOUND('',#8689,.T.);
#9238=FACE_BOUND('',#8690,.T.);
#9239=FACE_BOUND('',#8691,.T.);
#9240=FACE_BOUND('',#8692,.T.);
#9241=FACE_BOUND('',#8693,.T.);
#9242=FACE_BOUND('',#8694,.T.);
#9243=FACE_BOUND('',#8695,.T.);
#9244=FACE_BOUND('',#8696,.T.);
#9245=FACE_BOUND('',#8697,.T.);
#9246=FACE_BOUND('',#8698,.T.);
#9247=FACE_BOUND('',#8699,.T.);
#9248=FACE_BOUND('',#8700,.T.);
#9249=FACE_BOUND('',#8701,.T.);
#9250=FACE_BOUND('',#8702,.T.);
#9251=FACE_BOUND('',#8703,.T.);
#9252=FACE_BOUND('',#8704,.T.);
#9253=FACE_BOUND('',#8705,.T.);
#9254=FACE_BOUND('',#8706,.T.);
#9255=FACE_BOUND('',#8707,.T.);
#9256=FACE_BOUND('',#8708,.T.);
#9257=FACE_BOUND('',#8709,.T.);
#9258=PLANE('',#10168);
#9259=PLANE('',#10170);
#9260=PLANE('',#10172);
#9261=PLANE('',#10174);
#9262=PLANE('',#10176);
#9263=PLANE('',#10177);
#9264=PLANE('',#10178);
#9265=PLANE('',#10179);
#9266=PLANE('',#10180);
#9267=PLANE('',#10181);
#9268=PLANE('',#10268);
#9269=PLANE('',#10269);
#9270=PLANE('',#10270);
#9271=PLANE('',#10271);
#9272=PLANE('',#10272);
#9273=PLANE('',#10273);
#9274=PLANE('',#10274);
#9275=PLANE('',#10275);
#9276=PLANE('',#10276);
#9277=PLANE('',#10277);
#9278=PLANE('',#10278);
#9279=PLANE('',#10279);
#9280=PLANE('',#10280);
#9281=PLANE('',#10281);
#9282=PLANE('',#10288);
#9283=PLANE('',#10295);
#9284=PLANE('',#10302);
#9285=PLANE('',#10308);
#9286=PLANE('',#10315);
#9287=PLANE('',#10322);
#9288=PLANE('',#10329);
#9289=PLANE('',#10337);
#9290=PLANE('',#10338);
#9291=PLANE('',#10345);
#9292=PLANE('',#10352);
#9293=PLANE('',#10359);
#9294=PLANE('',#10363);
#9295=PLANE('',#10364);
#9296=PLANE('',#10365);
#9297=PLANE('',#10366);
#9298=PLANE('',#10367);
#9299=PLANE('',#10368);
#9300=PLANE('',#10375);
#9301=PLANE('',#10382);
#9302=PLANE('',#10383);
#9303=PLANE('',#10384);
#9304=PLANE('',#10385);
#9305=PLANE('',#10389);
#9306=PLANE('',#10392);
#9307=PLANE('',#10399);
#9308=PLANE('',#10400);
#9309=PLANE('',#10401);
#9310=PLANE('',#10402);
#9311=PLANE('',#10403);
#9312=PLANE('',#10408);
#9313=PLANE('',#10413);
#9314=PLANE('',#10418);
#9315=PLANE('',#10423);
#9316=PLANE('',#10424);
#9317=PLANE('',#10425);
#9318=PLANE('',#10432);
#9319=PLANE('',#10439);
#9320=PLANE('',#10444);
#9321=PLANE('',#10445);
#9322=PLANE('',#10446);
#9323=PLANE('',#10447);
#9324=PLANE('',#10448);
#9325=PLANE('',#10449);
#9326=PLANE('',#10450);
#9327=PLANE('',#10451);
#9328=PLANE('',#10452);
#9329=PLANE('',#10453);
#9330=PLANE('',#10454);
#9331=PLANE('',#10455);
#9332=PLANE('',#10456);
#9333=PLANE('',#10457);
#9334=PLANE('',#10458);
#9335=PLANE('',#10459);
#9336=PLANE('',#10460);
#9337=PLANE('',#10461);
#9338=PLANE('',#10462);
#9339=PLANE('',#10463);
#9340=PLANE('',#10464);
#9341=PLANE('',#10465);
#9342=PLANE('',#10466);
#9343=PLANE('',#10467);
#9344=PLANE('',#10468);
#9345=PLANE('',#10475);
#9346=PLANE('',#10482);
#9347=PLANE('',#10483);
#9348=PLANE('',#10484);
#9349=PLANE('',#10485);
#9350=PLANE('',#10486);
#9351=PLANE('',#10487);
#9352=PLANE('',#10488);
#9353=PLANE('',#10495);
#9354=PLANE('',#10502);
#9355=PLANE('',#10503);
#9356=PLANE('',#10504);
#9357=PLANE('',#10511);
#9358=PLANE('',#10518);
#9359=PLANE('',#10525);
#9360=PLANE('',#10529);
#9361=PLANE('',#10530);
#9362=PLANE('',#10531);
#9363=PLANE('',#10532);
#9364=PLANE('',#10533);
#9365=PLANE('',#10534);
#9366=PLANE('',#10541);
#9367=PLANE('',#10548);
#9368=PLANE('',#10549);
#9369=PLANE('',#10550);
#9370=PLANE('',#10551);
#9371=PLANE('',#10555);
#9372=PLANE('',#10556);
#9373=PLANE('',#10563);
#9374=PLANE('',#10570);
#9375=PLANE('',#10577);
#9376=PLANE('',#10581);
#9377=PLANE('',#10582);
#9378=PLANE('',#10583);
#9379=PLANE('',#10584);
#9380=PLANE('',#10591);
#9381=PLANE('',#10598);
#9382=PLANE('',#10602);
#9383=PLANE('',#10603);
#9384=PLANE('',#10604);
#9385=PLANE('',#10605);
#9386=PLANE('',#10606);
#9387=PLANE('',#10607);
#9388=PLANE('',#10608);
#9389=PLANE('',#10609);
#9390=PLANE('',#10610);
#9391=PLANE('',#10611);
#9392=PLANE('',#10612);
#9393=PLANE('',#10613);
#9394=PLANE('',#10614);
#9395=PLANE('',#10615);
#9396=PLANE('',#10616);
#9397=PLANE('',#10617);
#9398=PLANE('',#10618);
#9399=PLANE('',#10621);
#9400=PLANE('',#10628);
#9401=PLANE('',#10629);
#9402=PLANE('',#10630);
#9403=PLANE('',#10631);
#9404=PLANE('',#10632);
#9405=PLANE('',#10637);
#9406=PLANE('',#10642);
#9407=PLANE('',#10647);
#9408=PLANE('',#10652);
#9409=PLANE('',#10653);
#9410=PLANE('',#10654);
#9411=PLANE('',#10661);
#9412=PLANE('',#10668);
#9413=PLANE('',#10673);
#9414=PLANE('',#10676);
#9415=PLANE('',#10677);
#9416=PLANE('',#10678);
#9417=PLANE('',#10683);
#9418=PLANE('',#10688);
#9419=PLANE('',#10689);
#9420=PLANE('',#10690);
#9421=PLANE('',#10697);
#9422=PLANE('',#10702);
#9423=PLANE('',#10703);
#9424=PLANE('',#10704);
#9425=PLANE('',#10705);
#9426=PLANE('',#10706);
#9427=PLANE('',#10707);
#9428=PLANE('',#10708);
#9429=PLANE('',#10709);
#9430=PLANE('',#10710);
#9431=PLANE('',#10711);
#9432=PLANE('',#10712);
#9433=PLANE('',#10713);
#9434=PLANE('',#10714);
#9435=PLANE('',#10715);
#9436=PLANE('',#10718);
#9437=PLANE('',#10719);
#9438=PLANE('',#10720);
#9439=PLANE('',#10721);
#9440=PLANE('',#10722);
#9441=PLANE('',#10723);
#9442=PLANE('',#10724);
#9443=PLANE('',#10725);
#9444=PLANE('',#10726);
#9445=PLANE('',#10727);
#9446=PLANE('',#10728);
#9447=PLANE('',#10729);
#9448=PLANE('',#10730);
#9449=PLANE('',#10731);
#9450=PLANE('',#10732);
#9451=PLANE('',#10733);
#9452=PLANE('',#10734);
#9453=PLANE('',#10739);
#9454=PLANE('',#10740);
#9455=PLANE('',#10742);
#9456=PLANE('',#10743);
#9457=PLANE('',#10744);
#9458=PLANE('',#10745);
#9459=PLANE('',#10746);
#9460=PLANE('',#10747);
#9461=PLANE('',#10749);
#9462=PLANE('',#10750);
#9463=PLANE('',#10751);
#9464=PLANE('',#10752);
#9465=PLANE('',#10753);
#9466=PLANE('',#10754);
#9467=PLANE('',#10755);
#9468=PLANE('',#10773);
#9469=PLANE('',#10774);
#9470=PLANE('',#10775);
#9471=PLANE('',#10776);
#9472=PLANE('',#10777);
#9473=PLANE('',#10780);
#9474=PLANE('',#10785);
#9475=PLANE('',#10787);
#9476=PLANE('',#10788);
#9477=PLANE('',#10789);
#9478=PLANE('',#10791);
#9479=PLANE('',#10792);
#9480=PLANE('',#10793);
#9481=PLANE('',#10794);
#9482=PLANE('',#10795);
#9483=PLANE('',#10796);
#9484=PLANE('',#10797);
#9485=PLANE('',#10798);
#9486=PLANE('',#10799);
#9487=PLANE('',#10800);
#9488=PLANE('',#10801);
#9489=PLANE('',#10802);
#9490=PLANE('',#10803);
#9491=PLANE('',#10804);
#9492=PLANE('',#10805);
#9493=PLANE('',#10806);
#9494=PLANE('',#10807);
#9495=PLANE('',#10808);
#9496=PLANE('',#10809);
#9497=PLANE('',#10810);
#9498=PLANE('',#10811);
#9499=PLANE('',#10812);
#9500=PLANE('',#10813);
#9501=PLANE('',#10814);
#9502=PLANE('',#10815);
#9503=PLANE('',#10816);
#9504=PLANE('',#10817);
#9505=PLANE('',#10818);
#9506=PLANE('',#10819);
#9507=PLANE('',#10820);
#9508=PLANE('',#10821);
#9509=PLANE('',#10822);
#9510=PLANE('',#10823);
#9511=PLANE('',#10824);
#9512=PLANE('',#10825);
#9513=PLANE('',#10826);
#9514=PLANE('',#10827);
#9515=PLANE('',#10828);
#9516=PLANE('',#10835);
#9517=PLANE('',#10842);
#9518=PLANE('',#10849);
#9519=PLANE('',#10853);
#9520=PLANE('',#10854);
#9521=PLANE('',#10855);
#9522=PLANE('',#10856);
#9523=PLANE('',#10861);
#9524=PLANE('',#10866);
#9525=PLANE('',#10870);
#9526=PLANE('',#10871);
#9527=PLANE('',#10874);
#9528=PLANE('',#10877);
#9529=PLANE('',#10882);
#9530=PLANE('',#10883);
#9531=PLANE('',#10884);
#9532=PLANE('',#10885);
#9533=PLANE('',#10886);
#9534=PLANE('',#10891);
#9535=PLANE('',#10896);
#9536=PLANE('',#10901);
#9537=PLANE('',#10906);
#9538=PLANE('',#10907);
#9539=PLANE('',#10908);
#9540=PLANE('',#10913);
#9541=PLANE('',#10914);
#9542=PLANE('',#10915);
#9543=PLANE('',#10916);
#9544=PLANE('',#10917);
#9545=PLANE('',#10918);
#9546=PLANE('',#10919);
#9547=PLANE('',#10920);
#9548=PLANE('',#10921);
#9549=PLANE('',#10922);
#9550=PLANE('',#10923);
#9551=PLANE('',#10924);
#9552=PLANE('',#10925);
#9553=PLANE('',#10926);
#9554=PLANE('',#10927);
#9555=PLANE('',#10928);
#9556=PLANE('',#10929);
#9557=PLANE('',#10930);
#9558=PLANE('',#10931);
#9559=PLANE('',#10932);
#9560=PLANE('',#10933);
#9561=PLANE('',#10934);
#9562=PLANE('',#10935);
#9563=PLANE('',#10936);
#9564=PLANE('',#10937);
#9565=PLANE('',#10938);
#9566=PLANE('',#10939);
#9567=PLANE('',#10940);
#9568=PLANE('',#10941);
#9569=PLANE('',#10942);
#9570=PLANE('',#10943);
#9571=PLANE('',#10944);
#9572=PLANE('',#10945);
#9573=PLANE('',#10946);
#9574=PLANE('',#10947);
#9575=PLANE('',#10948);
#9576=PLANE('',#10949);
#9577=PLANE('',#10950);
#9578=PLANE('',#10951);
#9579=PLANE('',#10952);
#9580=PLANE('',#10953);
#9581=PLANE('',#10954);
#9582=PLANE('',#10955);
#9583=PLANE('',#10956);
#9584=PLANE('',#10957);
#9585=PLANE('',#10958);
#9586=PLANE('',#10959);
#9587=PLANE('',#10960);
#9588=PLANE('',#10961);
#9589=PLANE('',#10962);
#9590=PLANE('',#10963);
#9591=PLANE('',#10964);
#9592=PLANE('',#10965);
#9593=PLANE('',#10966);
#9594=PLANE('',#10967);
#9595=PLANE('',#10968);
#9596=PLANE('',#10969);
#9597=PLANE('',#10970);
#9598=PLANE('',#10971);
#9599=PLANE('',#10972);
#9600=PLANE('',#10973);
#9601=PLANE('',#10974);
#9602=PLANE('',#10975);
#9603=PLANE('',#10976);
#9604=PLANE('',#10977);
#9605=PLANE('',#10978);
#9606=PLANE('',#10979);
#9607=PLANE('',#10980);
#9608=PLANE('',#10981);
#9609=PLANE('',#10982);
#9610=PLANE('',#10983);
#9611=PLANE('',#10984);
#9612=ADVANCED_FACE('',(#8710),#9258,.F.);
#9613=ADVANCED_FACE('',(#8711),#9259,.T.);
#9614=ADVANCED_FACE('',(#8712),#9260,.F.);
#9615=ADVANCED_FACE('',(#8713),#9261,.T.);
#9616=ADVANCED_FACE('',(#8714),#9262,.F.);
#9617=ADVANCED_FACE('',(#8715),#9263,.F.);
#9618=ADVANCED_FACE('',(#8716),#9264,.T.);
#9619=ADVANCED_FACE('',(#8717),#9265,.T.);
#9620=ADVANCED_FACE('',(#8718,#8719),#9266,.T.);
#9621=ADVANCED_FACE('',(#8720,#8721,#8722,#8723,#8724,#8725,#8726,#8727,
#8728,#8729,#8730,#8731,#8732),#9267,.T.);
#9622=ADVANCED_FACE('',(#8733),#9268,.F.);
#9623=ADVANCED_FACE('',(#8734),#9269,.F.);
#9624=ADVANCED_FACE('',(#8735),#9270,.T.);
#9625=ADVANCED_FACE('',(#8736),#9271,.F.);
#9626=ADVANCED_FACE('',(#8737),#9272,.F.);
#9627=ADVANCED_FACE('',(#8738),#9273,.T.);
#9628=ADVANCED_FACE('',(#8739),#9274,.T.);
#9629=ADVANCED_FACE('',(#8740),#9275,.F.);
#9630=ADVANCED_FACE('',(#8741),#9276,.T.);
#9631=ADVANCED_FACE('',(#8742),#9277,.F.);
#9632=ADVANCED_FACE('',(#8743),#9278,.T.);
#9633=ADVANCED_FACE('',(#8744),#9279,.F.);
#9634=ADVANCED_FACE('',(#8745),#9280,.T.);
#9635=ADVANCED_FACE('',(#8746),#9281,.T.);
#9636=ADVANCED_FACE('',(#8747),#62,.T.);
#9637=ADVANCED_FACE('',(#8748),#63,.T.);
#9638=ADVANCED_FACE('',(#8749),#9282,.T.);
#9639=ADVANCED_FACE('',(#8750),#64,.T.);
#9640=ADVANCED_FACE('',(#8751),#65,.T.);
#9641=ADVANCED_FACE('',(#8752),#9283,.T.);
#9642=ADVANCED_FACE('',(#8753),#66,.T.);
#9643=ADVANCED_FACE('',(#8754),#67,.T.);
#9644=ADVANCED_FACE('',(#8755),#9284,.T.);
#9645=ADVANCED_FACE('',(#8756),#68,.T.);
#9646=ADVANCED_FACE('',(#8757),#69,.F.);
#9647=ADVANCED_FACE('',(#8758),#9285,.T.);
#9648=ADVANCED_FACE('',(#8759),#70,.F.);
#9649=ADVANCED_FACE('',(#8760),#71,.F.);
#9650=ADVANCED_FACE('',(#8761),#72,.F.);
#9651=ADVANCED_FACE('',(#8762),#9286,.T.);
#9652=ADVANCED_FACE('',(#8763),#73,.F.);
#9653=ADVANCED_FACE('',(#8764),#74,.F.);
#9654=ADVANCED_FACE('',(#8765),#75,.F.);
#9655=ADVANCED_FACE('',(#8766),#9287,.T.);
#9656=ADVANCED_FACE('',(#8767),#76,.F.);
#9657=ADVANCED_FACE('',(#8768),#77,.F.);
#9658=ADVANCED_FACE('',(#8769),#78,.F.);
#9659=ADVANCED_FACE('',(#8770),#9288,.T.);
#9660=ADVANCED_FACE('',(#8771),#79,.F.);
#9661=ADVANCED_FACE('',(#8772),#80,.F.);
#9662=ADVANCED_FACE('',(#8773),#81,.T.);
#9663=ADVANCED_FACE('',(#8774,#8775),#9289,.T.);
#9664=ADVANCED_FACE('',(#8776),#9290,.T.);
#9665=ADVANCED_FACE('',(#8777),#82,.T.);
#9666=ADVANCED_FACE('',(#8778),#83,.T.);
#9667=ADVANCED_FACE('',(#8779),#9291,.T.);
#9668=ADVANCED_FACE('',(#8780),#84,.T.);
#9669=ADVANCED_FACE('',(#8781),#85,.T.);
#9670=ADVANCED_FACE('',(#8782),#9292,.T.);
#9671=ADVANCED_FACE('',(#8783),#86,.T.);
#9672=ADVANCED_FACE('',(#8784),#87,.T.);
#9673=ADVANCED_FACE('',(#8785),#9293,.T.);
#9674=ADVANCED_FACE('',(#8786),#88,.T.);
#9675=ADVANCED_FACE('',(#8787),#9294,.T.);
#9676=ADVANCED_FACE('',(#8788),#9295,.T.);
#9677=ADVANCED_FACE('',(#8789),#9296,.T.);
#9678=ADVANCED_FACE('',(#8790),#9297,.T.);
#9679=ADVANCED_FACE('',(#8791),#9298,.T.);
#9680=ADVANCED_FACE('',(#8792),#9299,.T.);
#9681=ADVANCED_FACE('',(#8793),#89,.F.);
#9682=ADVANCED_FACE('',(#8794),#90,.F.);
#9683=ADVANCED_FACE('',(#8795),#91,.F.);
#9684=ADVANCED_FACE('',(#8796),#9300,.T.);
#9685=ADVANCED_FACE('',(#8797),#92,.F.);
#9686=ADVANCED_FACE('',(#8798),#93,.F.);
#9687=ADVANCED_FACE('',(#8799),#94,.F.);
#9688=ADVANCED_FACE('',(#8800),#9301,.T.);
#9689=ADVANCED_FACE('',(#8801),#9302,.T.);
#9690=ADVANCED_FACE('',(#8802),#9303,.T.);
#9691=ADVANCED_FACE('',(#8803),#9304,.T.);
#9692=ADVANCED_FACE('',(#8804),#95,.T.);
#9693=ADVANCED_FACE('',(#8805,#8806),#9305,.T.);
#9694=ADVANCED_FACE('',(#8807),#96,.F.);
#9695=ADVANCED_FACE('',(#8808),#9306,.T.);
#9696=ADVANCED_FACE('',(#8809),#97,.F.);
#9697=ADVANCED_FACE('',(#8810),#98,.F.);
#9698=ADVANCED_FACE('',(#8811),#99,.F.);
#9699=ADVANCED_FACE('',(#8812),#9307,.T.);
#9700=ADVANCED_FACE('',(#8813),#9308,.T.);
#9701=ADVANCED_FACE('',(#8814),#9309,.T.);
#9702=ADVANCED_FACE('',(#8815),#9310,.T.);
#9703=ADVANCED_FACE('',(#8816),#9311,.T.);
#9704=ADVANCED_FACE('',(#8817),#100,.T.);
#9705=ADVANCED_FACE('',(#8818),#101,.T.);
#9706=ADVANCED_FACE('',(#8819),#9312,.T.);
#9707=ADVANCED_FACE('',(#8820),#102,.T.);
#9708=ADVANCED_FACE('',(#8821),#103,.T.);
#9709=ADVANCED_FACE('',(#8822),#9313,.T.);
#9710=ADVANCED_FACE('',(#8823),#104,.T.);
#9711=ADVANCED_FACE('',(#8824),#105,.T.);
#9712=ADVANCED_FACE('',(#8825),#9314,.T.);
#9713=ADVANCED_FACE('',(#8826),#106,.T.);
#9714=ADVANCED_FACE('',(#8827),#107,.T.);
#9715=ADVANCED_FACE('',(#8828),#9315,.T.);
#9716=ADVANCED_FACE('',(#8829),#9316,.T.);
#9717=ADVANCED_FACE('',(#8830),#9317,.T.);
#9718=ADVANCED_FACE('',(#8831),#108,.F.);
#9719=ADVANCED_FACE('',(#8832),#109,.F.);
#9720=ADVANCED_FACE('',(#8833),#110,.F.);
#9721=ADVANCED_FACE('',(#8834),#9318,.T.);
#9722=ADVANCED_FACE('',(#8835),#111,.F.);
#9723=ADVANCED_FACE('',(#8836),#112,.F.);
#9724=ADVANCED_FACE('',(#8837),#113,.F.);
#9725=ADVANCED_FACE('',(#8838),#9319,.T.);
#9726=ADVANCED_FACE('',(#8839),#114,.F.);
#9727=ADVANCED_FACE('',(#8840),#115,.F.);
#9728=ADVANCED_FACE('',(#8841),#9320,.T.);
#9729=ADVANCED_FACE('',(#8842),#9321,.T.);
#9730=ADVANCED_FACE('',(#8843),#9322,.T.);
#9731=ADVANCED_FACE('',(#8844),#9323,.T.);
#9732=ADVANCED_FACE('',(#8845),#9324,.T.);
#9733=ADVANCED_FACE('',(#8846),#9325,.T.);
#9734=ADVANCED_FACE('',(#8847),#9326,.T.);
#9735=ADVANCED_FACE('',(#8848),#9327,.T.);
#9736=ADVANCED_FACE('',(#8849),#9328,.T.);
#9737=ADVANCED_FACE('',(#8850),#9329,.T.);
#9738=ADVANCED_FACE('',(#8851),#9330,.T.);
#9739=ADVANCED_FACE('',(#8852),#9331,.T.);
#9740=ADVANCED_FACE('',(#8853),#9332,.T.);
#9741=ADVANCED_FACE('',(#8854),#9333,.T.);
#9742=ADVANCED_FACE('',(#8855),#9334,.T.);
#9743=ADVANCED_FACE('',(#8856),#9335,.T.);
#9744=ADVANCED_FACE('',(#8857),#9336,.T.);
#9745=ADVANCED_FACE('',(#8858),#9337,.T.);
#9746=ADVANCED_FACE('',(#8859),#9338,.T.);
#9747=ADVANCED_FACE('',(#8860),#9339,.T.);
#9748=ADVANCED_FACE('',(#8861),#9340,.T.);
#9749=ADVANCED_FACE('',(#8862),#9341,.T.);
#9750=ADVANCED_FACE('',(#8863),#9342,.T.);
#9751=ADVANCED_FACE('',(#8864),#9343,.T.);
#9752=ADVANCED_FACE('',(#8865),#9344,.T.);
#9753=ADVANCED_FACE('',(#8866),#116,.T.);
#9754=ADVANCED_FACE('',(#8867),#117,.T.);
#9755=ADVANCED_FACE('',(#8868),#9345,.T.);
#9756=ADVANCED_FACE('',(#8869),#118,.T.);
#9757=ADVANCED_FACE('',(#8870),#119,.T.);
#9758=ADVANCED_FACE('',(#8871),#9346,.T.);
#9759=ADVANCED_FACE('',(#8872),#9347,.T.);
#9760=ADVANCED_FACE('',(#8873),#9348,.T.);
#9761=ADVANCED_FACE('',(#8874),#9349,.T.);
#9762=ADVANCED_FACE('',(#8875),#9350,.T.);
#9763=ADVANCED_FACE('',(#8876),#9351,.T.);
#9764=ADVANCED_FACE('',(#8877),#9352,.T.);
#9765=ADVANCED_FACE('',(#8878),#120,.F.);
#9766=ADVANCED_FACE('',(#8879),#121,.F.);
#9767=ADVANCED_FACE('',(#8880),#122,.F.);
#9768=ADVANCED_FACE('',(#8881),#9353,.T.);
#9769=ADVANCED_FACE('',(#8882),#123,.F.);
#9770=ADVANCED_FACE('',(#8883),#124,.F.);
#9771=ADVANCED_FACE('',(#8884),#125,.F.);
#9772=ADVANCED_FACE('',(#8885),#9354,.T.);
#9773=ADVANCED_FACE('',(#8886,#8887),#9355,.T.);
#9774=ADVANCED_FACE('',(#8888),#9356,.T.);
#9775=ADVANCED_FACE('',(#8889),#126,.T.);
#9776=ADVANCED_FACE('',(#8890),#127,.T.);
#9777=ADVANCED_FACE('',(#8891),#9357,.T.);
#9778=ADVANCED_FACE('',(#8892),#128,.T.);
#9779=ADVANCED_FACE('',(#8893),#129,.T.);
#9780=ADVANCED_FACE('',(#8894),#9358,.T.);
#9781=ADVANCED_FACE('',(#8895),#130,.T.);
#9782=ADVANCED_FACE('',(#8896),#131,.T.);
#9783=ADVANCED_FACE('',(#8897),#9359,.T.);
#9784=ADVANCED_FACE('',(#8898),#132,.T.);
#9785=ADVANCED_FACE('',(#8899),#9360,.T.);
#9786=ADVANCED_FACE('',(#8900),#9361,.T.);
#9787=ADVANCED_FACE('',(#8901),#9362,.T.);
#9788=ADVANCED_FACE('',(#8902),#9363,.T.);
#9789=ADVANCED_FACE('',(#8903),#9364,.T.);
#9790=ADVANCED_FACE('',(#8904),#9365,.T.);
#9791=ADVANCED_FACE('',(#8905),#133,.F.);
#9792=ADVANCED_FACE('',(#8906),#134,.F.);
#9793=ADVANCED_FACE('',(#8907),#135,.F.);
#9794=ADVANCED_FACE('',(#8908),#9366,.T.);
#9795=ADVANCED_FACE('',(#8909),#136,.F.);
#9796=ADVANCED_FACE('',(#8910),#137,.F.);
#9797=ADVANCED_FACE('',(#8911),#138,.F.);
#9798=ADVANCED_FACE('',(#8912),#9367,.T.);
#9799=ADVANCED_FACE('',(#8913),#9368,.T.);
#9800=ADVANCED_FACE('',(#8914),#9369,.T.);
#9801=ADVANCED_FACE('',(#8915),#9370,.T.);
#9802=ADVANCED_FACE('',(#8916),#139,.T.);
#9803=ADVANCED_FACE('',(#8917,#8918),#9371,.T.);
#9804=ADVANCED_FACE('',(#8919),#9372,.T.);
#9805=ADVANCED_FACE('',(#8920),#140,.T.);
#9806=ADVANCED_FACE('',(#8921),#141,.T.);
#9807=ADVANCED_FACE('',(#8922),#9373,.T.);
#9808=ADVANCED_FACE('',(#8923),#142,.T.);
#9809=ADVANCED_FACE('',(#8924),#143,.T.);
#9810=ADVANCED_FACE('',(#8925),#9374,.T.);
#9811=ADVANCED_FACE('',(#8926),#144,.T.);
#9812=ADVANCED_FACE('',(#8927),#145,.T.);
#9813=ADVANCED_FACE('',(#8928),#9375,.T.);
#9814=ADVANCED_FACE('',(#8929),#146,.T.);
#9815=ADVANCED_FACE('',(#8930),#9376,.T.);
#9816=ADVANCED_FACE('',(#8931),#9377,.T.);
#9817=ADVANCED_FACE('',(#8932),#9378,.T.);
#9818=ADVANCED_FACE('',(#8933),#9379,.T.);
#9819=ADVANCED_FACE('',(#8934),#147,.F.);
#9820=ADVANCED_FACE('',(#8935),#148,.F.);
#9821=ADVANCED_FACE('',(#8936),#149,.F.);
#9822=ADVANCED_FACE('',(#8937),#9380,.T.);
#9823=ADVANCED_FACE('',(#8938),#150,.F.);
#9824=ADVANCED_FACE('',(#8939),#151,.F.);
#9825=ADVANCED_FACE('',(#8940),#152,.F.);
#9826=ADVANCED_FACE('',(#8941),#9381,.T.);
#9827=ADVANCED_FACE('',(#8942),#153,.T.);
#9828=ADVANCED_FACE('',(#8943,#8944),#9382,.T.);
#9829=ADVANCED_FACE('',(#8945),#9383,.T.);
#9830=ADVANCED_FACE('',(#8946),#9384,.T.);
#9831=ADVANCED_FACE('',(#8947),#9385,.T.);
#9832=ADVANCED_FACE('',(#8948),#9386,.T.);
#9833=ADVANCED_FACE('',(#8949),#9387,.T.);
#9834=ADVANCED_FACE('',(#8950),#9388,.T.);
#9835=ADVANCED_FACE('',(#8951),#9389,.T.);
#9836=ADVANCED_FACE('',(#8952),#9390,.T.);
#9837=ADVANCED_FACE('',(#8953),#9391,.T.);
#9838=ADVANCED_FACE('',(#8954),#9392,.T.);
#9839=ADVANCED_FACE('',(#8955),#9393,.T.);
#9840=ADVANCED_FACE('',(#8956),#9394,.T.);
#9841=ADVANCED_FACE('',(#8957),#9395,.T.);
#9842=ADVANCED_FACE('',(#8958),#9396,.T.);
#9843=ADVANCED_FACE('',(#8959),#9397,.T.);
#9844=ADVANCED_FACE('',(#8960),#9398,.T.);
#9845=ADVANCED_FACE('',(#8961),#154,.F.);
#9846=ADVANCED_FACE('',(#8962),#9399,.T.);
#9847=ADVANCED_FACE('',(#8963),#155,.F.);
#9848=ADVANCED_FACE('',(#8964),#156,.F.);
#9849=ADVANCED_FACE('',(#8965),#157,.F.);
#9850=ADVANCED_FACE('',(#8966),#9400,.T.);
#9851=ADVANCED_FACE('',(#8967),#9401,.T.);
#9852=ADVANCED_FACE('',(#8968),#9402,.T.);
#9853=ADVANCED_FACE('',(#8969),#9403,.T.);
#9854=ADVANCED_FACE('',(#8970),#9404,.T.);
#9855=ADVANCED_FACE('',(#8971),#158,.T.);
#9856=ADVANCED_FACE('',(#8972),#159,.T.);
#9857=ADVANCED_FACE('',(#8973),#9405,.T.);
#9858=ADVANCED_FACE('',(#8974),#160,.T.);
#9859=ADVANCED_FACE('',(#8975),#161,.T.);
#9860=ADVANCED_FACE('',(#8976),#9406,.T.);
#9861=ADVANCED_FACE('',(#8977),#162,.T.);
#9862=ADVANCED_FACE('',(#8978),#163,.T.);
#9863=ADVANCED_FACE('',(#8979),#9407,.T.);
#9864=ADVANCED_FACE('',(#8980),#164,.T.);
#9865=ADVANCED_FACE('',(#8981),#165,.T.);
#9866=ADVANCED_FACE('',(#8982),#9408,.T.);
#9867=ADVANCED_FACE('',(#8983),#9409,.T.);
#9868=ADVANCED_FACE('',(#8984),#9410,.T.);
#9869=ADVANCED_FACE('',(#8985),#166,.F.);
#9870=ADVANCED_FACE('',(#8986),#167,.F.);
#9871=ADVANCED_FACE('',(#8987),#168,.F.);
#9872=ADVANCED_FACE('',(#8988),#9411,.T.);
#9873=ADVANCED_FACE('',(#8989),#169,.F.);
#9874=ADVANCED_FACE('',(#8990),#170,.F.);
#9875=ADVANCED_FACE('',(#8991),#171,.F.);
#9876=ADVANCED_FACE('',(#8992),#9412,.T.);
#9877=ADVANCED_FACE('',(#8993),#172,.F.);
#9878=ADVANCED_FACE('',(#8994),#173,.F.);
#9879=ADVANCED_FACE('',(#8995),#9413,.T.);
#9880=ADVANCED_FACE('',(#8996),#174,.F.);
#9881=ADVANCED_FACE('',(#8997),#9414,.T.);
#9882=ADVANCED_FACE('',(#8998),#9415,.T.);
#9883=ADVANCED_FACE('',(#8999),#9416,.T.);
#9884=ADVANCED_FACE('',(#9000),#175,.T.);
#9885=ADVANCED_FACE('',(#9001),#176,.T.);
#9886=ADVANCED_FACE('',(#9002),#9417,.T.);
#9887=ADVANCED_FACE('',(#9003),#177,.T.);
#9888=ADVANCED_FACE('',(#9004),#178,.T.);
#9889=ADVANCED_FACE('',(#9005),#9418,.T.);
#9890=ADVANCED_FACE('',(#9006),#9419,.T.);
#9891=ADVANCED_FACE('',(#9007),#9420,.T.);
#9892=ADVANCED_FACE('',(#9008),#179,.F.);
#9893=ADVANCED_FACE('',(#9009),#180,.F.);
#9894=ADVANCED_FACE('',(#9010),#181,.F.);
#9895=ADVANCED_FACE('',(#9011),#9421,.T.);
#9896=ADVANCED_FACE('',(#9012),#182,.F.);
#9897=ADVANCED_FACE('',(#9013),#183,.F.);
#9898=ADVANCED_FACE('',(#9014),#9422,.T.);
#9899=ADVANCED_FACE('',(#9015),#9423,.T.);
#9900=ADVANCED_FACE('',(#9016),#9424,.T.);
#9901=ADVANCED_FACE('',(#9017),#9425,.T.);
#9902=ADVANCED_FACE('',(#9018),#9426,.T.);
#9903=ADVANCED_FACE('',(#9019),#9427,.T.);
#9904=ADVANCED_FACE('',(#9020),#9428,.T.);
#9905=ADVANCED_FACE('',(#9021),#9429,.F.);
#9906=ADVANCED_FACE('',(#9022),#9430,.F.);
#9907=ADVANCED_FACE('',(#9023),#9431,.T.);
#9908=ADVANCED_FACE('',(#9024),#9432,.T.);
#9909=ADVANCED_FACE('',(#9025),#9433,.T.);
#9910=ADVANCED_FACE('',(#9026),#9434,.T.);
#9911=ADVANCED_FACE('',(#9027),#9435,.T.);
#9912=ADVANCED_FACE('',(#9028),#184,.F.);
#9913=ADVANCED_FACE('',(#9029),#185,.F.);
#9914=ADVANCED_FACE('',(#9030),#9436,.T.);
#9915=ADVANCED_FACE('',(#9031),#9437,.T.);
#9916=ADVANCED_FACE('',(#9032),#9438,.F.);
#9917=ADVANCED_FACE('',(#9033),#9439,.T.);
#9918=ADVANCED_FACE('',(#9034),#9440,.F.);
#9919=ADVANCED_FACE('',(#9035),#9441,.T.);
#9920=ADVANCED_FACE('',(#9036),#9442,.F.);
#9921=ADVANCED_FACE('',(#9037),#9443,.T.);
#9922=ADVANCED_FACE('',(#9038),#9444,.F.);
#9923=ADVANCED_FACE('',(#9039),#9445,.F.);
#9924=ADVANCED_FACE('',(#9040),#9446,.T.);
#9925=ADVANCED_FACE('',(#9041),#9447,.T.);
#9926=ADVANCED_FACE('',(#9042),#9448,.T.);
#9927=ADVANCED_FACE('',(#9043),#9449,.F.);
#9928=ADVANCED_FACE('',(#9044),#9450,.F.);
#9929=ADVANCED_FACE('',(#9045),#9451,.T.);
#9930=ADVANCED_FACE('',(#9046),#9452,.T.);
#9931=ADVANCED_FACE('',(#9047,#9048),#186,.T.);
#9932=ADVANCED_FACE('',(#9049),#9453,.T.);
#9933=ADVANCED_FACE('',(#9050),#9454,.F.);
#9934=ADVANCED_FACE('',(#9051),#9455,.T.);
#9935=ADVANCED_FACE('',(#9052),#9456,.T.);
#9936=ADVANCED_FACE('',(#9053),#9457,.T.);
#9937=ADVANCED_FACE('',(#9054),#9458,.T.);
#9938=ADVANCED_FACE('',(#9055),#9459,.T.);
#9939=ADVANCED_FACE('',(#9056,#9057),#9460,.T.);
#9940=ADVANCED_FACE('',(#9058),#9461,.T.);
#9941=ADVANCED_FACE('',(#9059),#9462,.T.);
#9942=ADVANCED_FACE('',(#9060),#9463,.T.);
#9943=ADVANCED_FACE('',(#9061),#9464,.T.);
#9944=ADVANCED_FACE('',(#9062),#9465,.F.);
#9945=ADVANCED_FACE('',(#9063),#9466,.F.);
#9946=ADVANCED_FACE('',(#9064,#9065,#9066,#9067,#9068),#9467,.T.);
#9947=ADVANCED_FACE('',(#9069),#9468,.T.);
#9948=ADVANCED_FACE('',(#9070),#9469,.T.);
#9949=ADVANCED_FACE('',(#9071),#9470,.T.);
#9950=ADVANCED_FACE('',(#9072),#9471,.T.);
#9951=ADVANCED_FACE('',(#9073),#9472,.T.);
#9952=ADVANCED_FACE('',(#9074),#9473,.T.);
#9953=ADVANCED_FACE('',(#9075),#187,.F.);
#9954=ADVANCED_FACE('',(#9076,#9077),#9474,.F.);
#9955=ADVANCED_FACE('',(#9078),#9475,.F.);
#9956=ADVANCED_FACE('',(#9079),#9476,.T.);
#9957=ADVANCED_FACE('',(#9080),#9477,.T.);
#9958=ADVANCED_FACE('',(#9081,#9082),#188,.F.);
#9959=ADVANCED_FACE('',(#9083),#9478,.T.);
#9960=ADVANCED_FACE('',(#9084),#9479,.F.);
#9961=ADVANCED_FACE('',(#9085),#9480,.T.);
#9962=ADVANCED_FACE('',(#9086),#9481,.T.);
#9963=ADVANCED_FACE('',(#9087),#9482,.F.);
#9964=ADVANCED_FACE('',(#9088),#9483,.T.);
#9965=ADVANCED_FACE('',(#9089),#9484,.T.);
#9966=ADVANCED_FACE('',(#9090),#9485,.T.);
#9967=ADVANCED_FACE('',(#9091),#9486,.T.);
#9968=ADVANCED_FACE('',(#9092),#9487,.T.);
#9969=ADVANCED_FACE('',(#9093),#9488,.T.);
#9970=ADVANCED_FACE('',(#9094),#9489,.T.);
#9971=ADVANCED_FACE('',(#9095),#9490,.T.);
#9972=ADVANCED_FACE('',(#9096),#9491,.T.);
#9973=ADVANCED_FACE('',(#9097),#9492,.T.);
#9974=ADVANCED_FACE('',(#9098),#9493,.T.);
#9975=ADVANCED_FACE('',(#9099),#9494,.T.);
#9976=ADVANCED_FACE('',(#9100),#9495,.T.);
#9977=ADVANCED_FACE('',(#9101),#9496,.T.);
#9978=ADVANCED_FACE('',(#9102),#9497,.T.);
#9979=ADVANCED_FACE('',(#9103),#9498,.T.);
#9980=ADVANCED_FACE('',(#9104),#9499,.T.);
#9981=ADVANCED_FACE('',(#9105),#9500,.T.);
#9982=ADVANCED_FACE('',(#9106),#9501,.T.);
#9983=ADVANCED_FACE('',(#9107),#9502,.T.);
#9984=ADVANCED_FACE('',(#9108),#9503,.T.);
#9985=ADVANCED_FACE('',(#9109),#9504,.T.);
#9986=ADVANCED_FACE('',(#9110),#9505,.T.);
#9987=ADVANCED_FACE('',(#9111),#9506,.T.);
#9988=ADVANCED_FACE('',(#9112),#9507,.T.);
#9989=ADVANCED_FACE('',(#9113),#9508,.T.);
#9990=ADVANCED_FACE('',(#9114),#9509,.T.);
#9991=ADVANCED_FACE('',(#9115),#9510,.T.);
#9992=ADVANCED_FACE('',(#9116),#9511,.T.);
#9993=ADVANCED_FACE('',(#9117),#9512,.T.);
#9994=ADVANCED_FACE('',(#9118),#9513,.T.);
#9995=ADVANCED_FACE('',(#9119),#9514,.T.);
#9996=ADVANCED_FACE('',(#9120),#9515,.T.);
#9997=ADVANCED_FACE('',(#9121),#189,.T.);
#9998=ADVANCED_FACE('',(#9122),#190,.T.);
#9999=ADVANCED_FACE('',(#9123),#9516,.T.);
#10000=ADVANCED_FACE('',(#9124),#191,.T.);
#10001=ADVANCED_FACE('',(#9125),#192,.T.);
#10002=ADVANCED_FACE('',(#9126),#9517,.T.);
#10003=ADVANCED_FACE('',(#9127),#193,.T.);
#10004=ADVANCED_FACE('',(#9128),#194,.T.);
#10005=ADVANCED_FACE('',(#9129),#9518,.T.);
#10006=ADVANCED_FACE('',(#9130),#195,.T.);
#10007=ADVANCED_FACE('',(#9131),#9519,.T.);
#10008=ADVANCED_FACE('',(#9132),#9520,.T.);
#10009=ADVANCED_FACE('',(#9133),#9521,.T.);
#10010=ADVANCED_FACE('',(#9134),#9522,.T.);
#10011=ADVANCED_FACE('',(#9135),#10,.T.);
#10012=ADVANCED_FACE('',(#9136),#196,.F.);
#10013=ADVANCED_FACE('',(#9137),#197,.F.);
#10014=ADVANCED_FACE('',(#9138),#9523,.T.);
#10015=ADVANCED_FACE('',(#9139),#11,.T.);
#10016=ADVANCED_FACE('',(#9140),#198,.F.);
#10017=ADVANCED_FACE('',(#9141),#199,.F.);
#10018=ADVANCED_FACE('',(#9142),#9524,.T.);
#10019=ADVANCED_FACE('',(#9143),#200,.T.);
#10020=ADVANCED_FACE('',(#9144,#9145),#9525,.T.);
#10021=ADVANCED_FACE('',(#9146),#9526,.T.);
#10022=ADVANCED_FACE('',(#9147),#12,.T.);
#10023=ADVANCED_FACE('',(#9148),#201,.F.);
#10024=ADVANCED_FACE('',(#9149),#13,.T.);
#10025=ADVANCED_FACE('',(#9150),#9527,.T.);
#10026=ADVANCED_FACE('',(#9151),#14,.T.);
#10027=ADVANCED_FACE('',(#9152),#202,.F.);
#10028=ADVANCED_FACE('',(#9153),#15,.T.);
#10029=ADVANCED_FACE('',(#9154),#9528,.T.);
#10030=ADVANCED_FACE('',(#9155),#203,.F.);
#10031=ADVANCED_FACE('',(#9156),#204,.F.);
#10032=ADVANCED_FACE('',(#9157),#16,.T.);
#10033=ADVANCED_FACE('',(#9158),#9529,.T.);
#10034=ADVANCED_FACE('',(#9159),#9530,.T.);
#10035=ADVANCED_FACE('',(#9160),#9531,.T.);
#10036=ADVANCED_FACE('',(#9161),#9532,.T.);
#10037=ADVANCED_FACE('',(#9162),#9533,.T.);
#10038=ADVANCED_FACE('',(#9163),#205,.T.);
#10039=ADVANCED_FACE('',(#9164),#206,.T.);
#10040=ADVANCED_FACE('',(#9165),#9534,.T.);
#10041=ADVANCED_FACE('',(#9166),#207,.T.);
#10042=ADVANCED_FACE('',(#9167),#208,.T.);
#10043=ADVANCED_FACE('',(#9168),#9535,.T.);
#10044=ADVANCED_FACE('',(#9169),#209,.T.);
#10045=ADVANCED_FACE('',(#9170),#210,.T.);
#10046=ADVANCED_FACE('',(#9171),#9536,.T.);
#10047=ADVANCED_FACE('',(#9172),#211,.T.);
#10048=ADVANCED_FACE('',(#9173),#212,.T.);
#10049=ADVANCED_FACE('',(#9174),#9537,.T.);
#10050=ADVANCED_FACE('',(#9175),#9538,.T.);
#10051=ADVANCED_FACE('',(#9176),#9539,.T.);
#10052=ADVANCED_FACE('',(#9177),#17,.T.);
#10053=ADVANCED_FACE('',(#9178),#213,.F.);
#10054=ADVANCED_FACE('',(#9179),#214,.F.);
#10055=ADVANCED_FACE('',(#9180),#9540,.T.);
#10056=ADVANCED_FACE('',(#9181),#9541,.T.);
#10057=ADVANCED_FACE('',(#9182),#9542,.T.);
#10058=ADVANCED_FACE('',(#9183),#9543,.F.);
#10059=ADVANCED_FACE('',(#9184),#9544,.T.);
#10060=ADVANCED_FACE('',(#9185),#9545,.T.);
#10061=ADVANCED_FACE('',(#9186),#9546,.F.);
#10062=ADVANCED_FACE('',(#9187),#9547,.T.);
#10063=ADVANCED_FACE('',(#9188),#9548,.F.);
#10064=ADVANCED_FACE('',(#9189),#9549,.F.);
#10065=ADVANCED_FACE('',(#9190),#9550,.T.);
#10066=ADVANCED_FACE('',(#9191),#9551,.T.);
#10067=ADVANCED_FACE('',(#9192),#9552,.T.);
#10068=ADVANCED_FACE('',(#9193),#9553,.T.);
#10069=ADVANCED_FACE('',(#9194),#9554,.T.);
#10070=ADVANCED_FACE('',(#9195),#9555,.T.);
#10071=ADVANCED_FACE('',(#9196),#9556,.F.);
#10072=ADVANCED_FACE('',(#9197),#9557,.T.);
#10073=ADVANCED_FACE('',(#9198),#9558,.F.);
#10074=ADVANCED_FACE('',(#9199),#9559,.T.);
#10075=ADVANCED_FACE('',(#9200),#9560,.T.);
#10076=ADVANCED_FACE('',(#9201),#9561,.F.);
#10077=ADVANCED_FACE('',(#9202),#9562,.T.);
#10078=ADVANCED_FACE('',(#9203),#9563,.T.);
#10079=ADVANCED_FACE('',(#9204),#9564,.F.);
#10080=ADVANCED_FACE('',(#9205),#9565,.T.);
#10081=ADVANCED_FACE('',(#9206),#9566,.F.);
#10082=ADVANCED_FACE('',(#9207),#9567,.F.);
#10083=ADVANCED_FACE('',(#9208),#9568,.F.);
#10084=ADVANCED_FACE('',(#9209),#9569,.T.);
#10085=ADVANCED_FACE('',(#9210),#9570,.T.);
#10086=ADVANCED_FACE('',(#9211),#9571,.T.);
#10087=ADVANCED_FACE('',(#9212),#9572,.T.);
#10088=ADVANCED_FACE('',(#9213),#9573,.T.);
#10089=ADVANCED_FACE('',(#9214),#9574,.T.);
#10090=ADVANCED_FACE('',(#9215),#9575,.F.);
#10091=ADVANCED_FACE('',(#9216),#9576,.T.);
#10092=ADVANCED_FACE('',(#9217),#9577,.T.);
#10093=ADVANCED_FACE('',(#9218),#18,.F.);
#10094=ADVANCED_FACE('',(#9219),#9578,.T.);
#10095=ADVANCED_FACE('',(#9220),#19,.F.);
#10096=ADVANCED_FACE('',(#9221),#9579,.T.);
#10097=ADVANCED_FACE('',(#9222),#20,.T.);
#10098=ADVANCED_FACE('',(#9223),#21,.T.);
#10099=ADVANCED_FACE('',(#9224),#22,.T.);
#10100=ADVANCED_FACE('',(#9225),#23,.T.);
#10101=ADVANCED_FACE('',(#9226),#9580,.T.);
#10102=ADVANCED_FACE('',(#9227),#9581,.F.);
#10103=ADVANCED_FACE('',(#9228),#9582,.T.);
#10104=ADVANCED_FACE('',(#9229),#9583,.T.);
#10105=ADVANCED_FACE('',(#9230),#9584,.F.);
#10106=ADVANCED_FACE('',(#9231),#9585,.T.);
#10107=ADVANCED_FACE('',(#9232),#9586,.F.);
#10108=ADVANCED_FACE('',(#9233),#9587,.T.);
#10109=ADVANCED_FACE('',(#9234),#9588,.T.);
#10110=ADVANCED_FACE('',(#9235),#9589,.F.);
#10111=ADVANCED_FACE('',(#9236),#9590,.T.);
#10112=ADVANCED_FACE('',(#9237),#9591,.T.);
#10113=ADVANCED_FACE('',(#9238),#9592,.F.);
#10114=ADVANCED_FACE('',(#9239),#9593,.T.);
#10115=ADVANCED_FACE('',(#9240),#9594,.T.);
#10116=ADVANCED_FACE('',(#9241),#9595,.F.);
#10117=ADVANCED_FACE('',(#9242),#9596,.T.);
#10118=ADVANCED_FACE('',(#9243),#9597,.F.);
#10119=ADVANCED_FACE('',(#9244),#9598,.T.);
#10120=ADVANCED_FACE('',(#9245),#9599,.F.);
#10121=ADVANCED_FACE('',(#9246),#9600,.T.);
#10122=ADVANCED_FACE('',(#9247),#9601,.T.);
#10123=ADVANCED_FACE('',(#9248),#9602,.T.);
#10124=ADVANCED_FACE('',(#9249),#9603,.T.);
#10125=ADVANCED_FACE('',(#9250),#9604,.F.);
#10126=ADVANCED_FACE('',(#9251),#9605,.T.);
#10127=ADVANCED_FACE('',(#9252),#9606,.T.);
#10128=ADVANCED_FACE('',(#9253),#9607,.T.);
#10129=ADVANCED_FACE('',(#9254),#9608,.T.);
#10130=ADVANCED_FACE('',(#9255),#9609,.F.);
#10131=ADVANCED_FACE('',(#9256),#9610,.T.);
#10132=ADVANCED_FACE('',(#9257),#9611,.T.);
#10133=CLOSED_SHELL('',(#9612,#9613,#9614,#9615,#9616,#9617,#9618,#9619,
#9620,#9621,#9622,#9623,#9624,#9625,#9626,#9627,#9628,#9629,#9630,#9631,
#9632,#9633,#9634,#9635,#9636,#9637,#9638,#9639,#9640,#9641,#9642,#9643,
#9644,#9645,#9646,#9647,#9648,#9649,#9650,#9651,#9652,#9653,#9654,#9655,
#9656,#9657,#9658,#9659,#9660,#9661,#9662,#9663,#9664,#9665,#9666,#9667,
#9668,#9669,#9670,#9671,#9672,#9673,#9674,#9675,#9676,#9677,#9678,#9679,
#9680,#9681,#9682,#9683,#9684,#9685,#9686,#9687,#9688,#9689,#9690,#9691,
#9692,#9693,#9694,#9695,#9696,#9697,#9698,#9699,#9700,#9701,#9702,#9703,
#9704,#9705,#9706,#9707,#9708,#9709,#9710,#9711,#9712,#9713,#9714,#9715,
#9716,#9717,#9718,#9719,#9720,#9721,#9722,#9723,#9724,#9725,#9726,#9727,
#9728,#9729,#9730,#9731,#9732,#9733,#9734,#9735,#9736,#9737,#9738,#9739,
#9740,#9741,#9742,#9743,#9744,#9745,#9746,#9747,#9748,#9749,#9750,#9751,
#9752,#9753,#9754,#9755,#9756,#9757,#9758,#9759,#9760,#9761,#9762,#9763,
#9764,#9765,#9766,#9767,#9768,#9769,#9770,#9771,#9772,#9773,#9774,#9775,
#9776,#9777,#9778,#9779,#9780,#9781,#9782,#9783,#9784,#9785,#9786,#9787,
#9788,#9789,#9790,#9791,#9792,#9793,#9794,#9795,#9796,#9797,#9798,#9799,
#9800,#9801,#9802,#9803,#9804,#9805,#9806,#9807,#9808,#9809,#9810,#9811,
#9812,#9813,#9814,#9815,#9816,#9817,#9818,#9819,#9820,#9821,#9822,#9823,
#9824,#9825,#9826,#9827,#9828,#9829,#9830,#9831,#9832,#9833,#9834,#9835,
#9836,#9837,#9838,#9839,#9840,#9841,#9842,#9843,#9844,#9845,#9846,#9847,
#9848,#9849,#9850,#9851,#9852,#9853,#9854,#9855,#9856,#9857,#9858,#9859,
#9860,#9861,#9862,#9863,#9864,#9865,#9866,#9867,#9868,#9869,#9870,#9871,
#9872,#9873,#9874,#9875,#9876,#9877,#9878,#9879,#9880,#9881,#9882,#9883,
#9884,#9885,#9886,#9887,#9888,#9889,#9890,#9891,#9892,#9893,#9894,#9895,
#9896,#9897,#9898,#9899,#9900,#9901,#9902,#9903,#9904,#9905,#9906,#9907,
#9908,#9909,#9910,#9911,#9912,#9913,#9914,#9915,#9916,#9917,#9918,#9919,
#9920,#9921,#9922,#9923,#9924,#9925,#9926,#9927,#9928,#9929,#9930));
#10134=CLOSED_SHELL('',(#9931,#9932,#9933));
#10135=CLOSED_SHELL('',(#9934,#9935,#9936,#9937,#9938,#9939,#9940,#9941,
#9942,#9943,#9944,#9945,#9946,#9947,#9948,#9949,#9950,#9951,#9952,#9953,
#9954,#9955,#9956,#9957,#9958,#9959,#9960,#9961,#9962,#9963,#9964,#9965,
#9966,#9967,#9968,#9969,#9970,#9971,#9972,#9973,#9974,#9975,#9976,#9977,
#9978,#9979,#9980,#9981,#9982,#9983,#9984,#9985,#9986,#9987,#9988,#9989,
#9990,#9991,#9992,#9993,#9994,#9995,#9996,#9997,#9998,#9999,#10000,#10001,
#10002,#10003,#10004,#10005,#10006,#10007,#10008,#10009,#10010,#10011,#10012,
#10013,#10014,#10015,#10016,#10017,#10018,#10019,#10020,#10021,#10022,#10023,
#10024,#10025,#10026,#10027,#10028,#10029,#10030,#10031,#10032,#10033,#10034,
#10035,#10036,#10037,#10038,#10039,#10040,#10041,#10042,#10043,#10044,#10045,
#10046,#10047,#10048,#10049,#10050,#10051,#10052,#10053,#10054,#10055,#10056,
#10057,#10058,#10059,#10060,#10061,#10062,#10063,#10064,#10065,#10066,#10067,
#10068,#10069,#10070,#10071,#10072,#10073,#10074,#10075,#10076,#10077,#10078,
#10079,#10080,#10081,#10082,#10083,#10084,#10085,#10086,#10087,#10088,#10089,
#10090,#10091,#10092,#10093,#10094,#10095,#10096,#10097,#10098,#10099,#10100,
#10101,#10102,#10103,#10104,#10105,#10106,#10107,#10108,#10109,#10110,#10111,
#10112,#10113,#10114,#10115,#10116,#10117,#10118,#10119,#10120,#10121,#10122,
#10123,#10124,#10125,#10126,#10127,#10128,#10129,#10130,#10131,#10132));
#10136=STYLED_ITEM('',(#10139),#10158);
#10137=STYLED_ITEM('',(#10140),#10159);
#10138=STYLED_ITEM('',(#10141),#10160);
#10139=PRESENTATION_STYLE_ASSIGNMENT((#10142));
#10140=PRESENTATION_STYLE_ASSIGNMENT((#10143));
#10141=PRESENTATION_STYLE_ASSIGNMENT((#10144));
#10142=SURFACE_STYLE_USAGE(.BOTH.,#10145);
#10143=SURFACE_STYLE_USAGE(.BOTH.,#10146);
#10144=SURFACE_STYLE_USAGE(.BOTH.,#10147);
#10145=SURFACE_SIDE_STYLE('',(#10148));
#10146=SURFACE_SIDE_STYLE('',(#10149));
#10147=SURFACE_SIDE_STYLE('',(#10150));
#10148=SURFACE_STYLE_FILL_AREA(#10151);
#10149=SURFACE_STYLE_FILL_AREA(#10152);
#10150=SURFACE_STYLE_FILL_AREA(#10153);
#10151=FILL_AREA_STYLE('',(#10154));
#10152=FILL_AREA_STYLE('',(#10155));
#10153=FILL_AREA_STYLE('',(#10156));
#10154=FILL_AREA_STYLE_COLOUR('',#10157);
#10155=FILL_AREA_STYLE_COLOUR('',#10157);
#10156=FILL_AREA_STYLE_COLOUR('',#10157);
#10157=COLOUR_RGB('',0.615686274509804,0.811764705882353,0.929411764705882);
#10158=MANIFOLD_SOLID_BREP('Part 2',#10133);
#10159=MANIFOLD_SOLID_BREP('Part 3',#10134);
#10160=MANIFOLD_SOLID_BREP('Part 1',#10135);
#10161=SHAPE_DEFINITION_REPRESENTATION(#17078,#10164);
#10162=SHAPE_DEFINITION_REPRESENTATION(#17079,#10165);
#10163=SHAPE_DEFINITION_REPRESENTATION(#17080,#10166);
#10164=SHAPE_REPRESENTATION('Part 2',(#10167),#17063);
#10165=SHAPE_REPRESENTATION('Part 3',(#10735),#17064);
#10166=SHAPE_REPRESENTATION('Part 1',(#10741),#17065);
#10167=AXIS2_PLACEMENT_3D('',#13752,#10985,#10986);
#10168=AXIS2_PLACEMENT_3D('',#13753,#10987,#10988);
#10169=AXIS2_PLACEMENT_3D('',#13773,#10998,#10999);
#10170=AXIS2_PLACEMENT_3D('',#13784,#11005,#11006);
#10171=AXIS2_PLACEMENT_3D('',#13800,#11014,#11015);
#10172=AXIS2_PLACEMENT_3D('',#13815,#11023,#11024);
#10173=AXIS2_PLACEMENT_3D('',#13835,#11034,#11035);
#10174=AXIS2_PLACEMENT_3D('',#13846,#11041,#11042);
#10175=AXIS2_PLACEMENT_3D('',#13862,#11050,#11051);
#10176=AXIS2_PLACEMENT_3D('',#13877,#11059,#11060);
#10177=AXIS2_PLACEMENT_3D('',#13880,#11063,#11064);
#10178=AXIS2_PLACEMENT_3D('',#13883,#11067,#11068);
#10179=AXIS2_PLACEMENT_3D('',#13886,#11071,#11072);
#10180=AXIS2_PLACEMENT_3D('',#13889,#11075,#11076);
#10181=AXIS2_PLACEMENT_3D('',#13906,#11085,#11086);
#10182=AXIS2_PLACEMENT_3D('',#13920,#11093,#11094);
#10183=AXIS2_PLACEMENT_3D('',#13922,#11095,#11096);
#10184=AXIS2_PLACEMENT_3D('',#13924,#11097,#11098);
#10185=AXIS2_PLACEMENT_3D('',#13928,#11100,#11101);
#10186=AXIS2_PLACEMENT_3D('',#13930,#11102,#11103);
#10187=AXIS2_PLACEMENT_3D('',#13932,#11104,#11105);
#10188=AXIS2_PLACEMENT_3D('',#13984,#11131,#11132);
#10189=AXIS2_PLACEMENT_3D('',#13986,#11133,#11134);
#10190=AXIS2_PLACEMENT_3D('',#13988,#11135,#11136);
#10191=AXIS2_PLACEMENT_3D('',#13992,#11138,#11139);
#10192=AXIS2_PLACEMENT_3D('',#13994,#11140,#11141);
#10193=AXIS2_PLACEMENT_3D('',#13996,#11142,#11143);
#10194=AXIS2_PLACEMENT_3D('',#14000,#11145,#11146);
#10195=AXIS2_PLACEMENT_3D('',#14002,#11147,#11148);
#10196=AXIS2_PLACEMENT_3D('',#14004,#11149,#11150);
#10197=AXIS2_PLACEMENT_3D('',#14012,#11154,#11155);
#10198=AXIS2_PLACEMENT_3D('',#14014,#11156,#11157);
#10199=AXIS2_PLACEMENT_3D('',#14018,#11159,#11160);
#10200=AXIS2_PLACEMENT_3D('',#14020,#11161,#11162);
#10201=AXIS2_PLACEMENT_3D('',#14024,#11164,#11165);
#10202=AXIS2_PLACEMENT_3D('',#14026,#11166,#11167);
#10203=AXIS2_PLACEMENT_3D('',#14030,#11169,#11170);
#10204=AXIS2_PLACEMENT_3D('',#14032,#11171,#11172);
#10205=AXIS2_PLACEMENT_3D('',#14044,#11178,#11179);
#10206=AXIS2_PLACEMENT_3D('',#14046,#11180,#11181);
#10207=AXIS2_PLACEMENT_3D('',#14048,#11182,#11183);
#10208=AXIS2_PLACEMENT_3D('',#14062,#11190,#11191);
#10209=AXIS2_PLACEMENT_3D('',#14064,#11192,#11193);
#10210=AXIS2_PLACEMENT_3D('',#14066,#11194,#11195);
#10211=AXIS2_PLACEMENT_3D('',#14070,#11197,#11198);
#10212=AXIS2_PLACEMENT_3D('',#14072,#11199,#11200);
#10213=AXIS2_PLACEMENT_3D('',#14074,#11201,#11202);
#10214=AXIS2_PLACEMENT_3D('',#14095,#11215,#11216);
#10215=AXIS2_PLACEMENT_3D('',#14097,#11217,#11218);
#10216=AXIS2_PLACEMENT_3D('',#14099,#11219,#11220);
#10217=AXIS2_PLACEMENT_3D('',#14103,#11222,#11223);
#10218=AXIS2_PLACEMENT_3D('',#14105,#11224,#11225);
#10219=AXIS2_PLACEMENT_3D('',#14107,#11226,#11227);
#10220=AXIS2_PLACEMENT_3D('',#14111,#11229,#11230);
#10221=AXIS2_PLACEMENT_3D('',#14113,#11231,#11232);
#10222=AXIS2_PLACEMENT_3D('',#14115,#11233,#11234);
#10223=AXIS2_PLACEMENT_3D('',#14119,#11236,#11237);
#10224=AXIS2_PLACEMENT_3D('',#14121,#11238,#11239);
#10225=AXIS2_PLACEMENT_3D('',#14123,#11240,#11241);
#10226=AXIS2_PLACEMENT_3D('',#14129,#11244,#11245);
#10227=AXIS2_PLACEMENT_3D('',#14131,#11246,#11247);
#10228=AXIS2_PLACEMENT_3D('',#14133,#11248,#11249);
#10229=AXIS2_PLACEMENT_3D('',#14137,#11251,#11252);
#10230=AXIS2_PLACEMENT_3D('',#14139,#11253,#11254);
#10231=AXIS2_PLACEMENT_3D('',#14141,#11255,#11256);
#10232=AXIS2_PLACEMENT_3D('',#14159,#11265,#11266);
#10233=AXIS2_PLACEMENT_3D('',#14161,#11267,#11268);
#10234=AXIS2_PLACEMENT_3D('',#14163,#11269,#11270);
#10235=AXIS2_PLACEMENT_3D('',#14167,#11272,#11273);
#10236=AXIS2_PLACEMENT_3D('',#14169,#11274,#11275);
#10237=AXIS2_PLACEMENT_3D('',#14171,#11276,#11277);
#10238=AXIS2_PLACEMENT_3D('',#14207,#11295,#11296);
#10239=AXIS2_PLACEMENT_3D('',#14209,#11297,#11298);
#10240=AXIS2_PLACEMENT_3D('',#14211,#11299,#11300);
#10241=AXIS2_PLACEMENT_3D('',#14215,#11302,#11303);
#10242=AXIS2_PLACEMENT_3D('',#14217,#11304,#11305);
#10243=AXIS2_PLACEMENT_3D('',#14219,#11306,#11307);
#10244=AXIS2_PLACEMENT_3D('',#14223,#11309,#11310);
#10245=AXIS2_PLACEMENT_3D('',#14225,#11311,#11312);
#10246=AXIS2_PLACEMENT_3D('',#14227,#11313,#11314);
#10247=AXIS2_PLACEMENT_3D('',#14235,#11318,#11319);
#10248=AXIS2_PLACEMENT_3D('',#14237,#11320,#11321);
#10249=AXIS2_PLACEMENT_3D('',#14241,#11323,#11324);
#10250=AXIS2_PLACEMENT_3D('',#14243,#11325,#11326);
#10251=AXIS2_PLACEMENT_3D('',#14247,#11328,#11329);
#10252=AXIS2_PLACEMENT_3D('',#14249,#11330,#11331);
#10253=AXIS2_PLACEMENT_3D('',#14253,#11333,#11334);
#10254=AXIS2_PLACEMENT_3D('',#14255,#11335,#11336);
#10255=AXIS2_PLACEMENT_3D('',#14267,#11342,#11343);
#10256=AXIS2_PLACEMENT_3D('',#14269,#11344,#11345);
#10257=AXIS2_PLACEMENT_3D('',#14271,#11346,#11347);
#10258=AXIS2_PLACEMENT_3D('',#14275,#11349,#11350);
#10259=AXIS2_PLACEMENT_3D('',#14277,#11351,#11352);
#10260=AXIS2_PLACEMENT_3D('',#14279,#11353,#11354);
#10261=AXIS2_PLACEMENT_3D('',#14283,#11356,#11357);
#10262=AXIS2_PLACEMENT_3D('',#14285,#11358,#11359);
#10263=AXIS2_PLACEMENT_3D('',#14287,#11360,#11361);
#10264=AXIS2_PLACEMENT_3D('',#14295,#11365,#11366);
#10265=AXIS2_PLACEMENT_3D('',#14297,#11367,#11368);
#10266=AXIS2_PLACEMENT_3D('',#14301,#11370,#11371);
#10267=AXIS2_PLACEMENT_3D('',#14303,#11372,#11373);
#10268=AXIS2_PLACEMENT_3D('',#14308,#11376,#11377);
#10269=AXIS2_PLACEMENT_3D('',#14317,#11382,#11383);
#10270=AXIS2_PLACEMENT_3D('',#14326,#11388,#11389);
#10271=AXIS2_PLACEMENT_3D('',#14340,#11399,#11400);
#10272=AXIS2_PLACEMENT_3D('',#14343,#11403,#11404);
#10273=AXIS2_PLACEMENT_3D('',#14350,#11409,#11410);
#10274=AXIS2_PLACEMENT_3D('',#14352,#11412,#11413);
#10275=AXIS2_PLACEMENT_3D('',#14353,#11414,#11415);
#10276=AXIS2_PLACEMENT_3D('',#14354,#11416,#11417);
#10277=AXIS2_PLACEMENT_3D('',#14371,#11426,#11427);
#10278=AXIS2_PLACEMENT_3D('',#14374,#11430,#11431);
#10279=AXIS2_PLACEMENT_3D('',#14381,#11436,#11437);
#10280=AXIS2_PLACEMENT_3D('',#14383,#11439,#11440);
#10281=AXIS2_PLACEMENT_3D('',#14384,#11441,#11442);
#10282=AXIS2_PLACEMENT_3D('',#14393,#11447,#11448);
#10283=AXIS2_PLACEMENT_3D('',#14394,#11449,#11450);
#10284=AXIS2_PLACEMENT_3D('',#14398,#11452,#11453);
#10285=AXIS2_PLACEMENT_3D('',#14399,#11454,#11455);
#10286=AXIS2_PLACEMENT_3D('',#14400,#11456,#11457);
#10287=AXIS2_PLACEMENT_3D('',#14404,#11459,#11460);
#10288=AXIS2_PLACEMENT_3D('',#14405,#11461,#11462);
#10289=AXIS2_PLACEMENT_3D('',#14411,#11466,#11467);
#10290=AXIS2_PLACEMENT_3D('',#14412,#11468,#11469);
#10291=AXIS2_PLACEMENT_3D('',#14416,#11471,#11472);
#10292=AXIS2_PLACEMENT_3D('',#14417,#11473,#11474);
#10293=AXIS2_PLACEMENT_3D('',#14418,#11475,#11476);
#10294=AXIS2_PLACEMENT_3D('',#14422,#11478,#11479);
#10295=AXIS2_PLACEMENT_3D('',#14423,#11480,#11481);
#10296=AXIS2_PLACEMENT_3D('',#14429,#11485,#11486);
#10297=AXIS2_PLACEMENT_3D('',#14430,#11487,#11488);
#10298=AXIS2_PLACEMENT_3D('',#14434,#11490,#11491);
#10299=AXIS2_PLACEMENT_3D('',#14435,#11492,#11493);
#10300=AXIS2_PLACEMENT_3D('',#14436,#11494,#11495);
#10301=AXIS2_PLACEMENT_3D('',#14440,#11497,#11498);
#10302=AXIS2_PLACEMENT_3D('',#14441,#11499,#11500);
#10303=AXIS2_PLACEMENT_3D('',#14447,#11504,#11505);
#10304=AXIS2_PLACEMENT_3D('',#14448,#11506,#11507);
#10305=AXIS2_PLACEMENT_3D('',#14452,#11509,#11510);
#10306=AXIS2_PLACEMENT_3D('',#14453,#11511,#11512);
#10307=AXIS2_PLACEMENT_3D('',#14456,#11514,#11515);
#10308=AXIS2_PLACEMENT_3D('',#14459,#11517,#11518);
#10309=AXIS2_PLACEMENT_3D('',#14463,#11521,#11522);
#10310=AXIS2_PLACEMENT_3D('',#14466,#11524,#11525);
#10311=AXIS2_PLACEMENT_3D('',#14467,#11526,#11527);
#10312=AXIS2_PLACEMENT_3D('',#14470,#11529,#11530);
#10313=AXIS2_PLACEMENT_3D('',#14471,#11531,#11532);
#10314=AXIS2_PLACEMENT_3D('',#14474,#11534,#11535);
#10315=AXIS2_PLACEMENT_3D('',#14475,#11536,#11537);
#10316=AXIS2_PLACEMENT_3D('',#14479,#11540,#11541);
#10317=AXIS2_PLACEMENT_3D('',#14482,#11543,#11544);
#10318=AXIS2_PLACEMENT_3D('',#14483,#11545,#11546);
#10319=AXIS2_PLACEMENT_3D('',#14486,#11548,#11549);
#10320=AXIS2_PLACEMENT_3D('',#14487,#11550,#11551);
#10321=AXIS2_PLACEMENT_3D('',#14490,#11553,#11554);
#10322=AXIS2_PLACEMENT_3D('',#14491,#11555,#11556);
#10323=AXIS2_PLACEMENT_3D('',#14495,#11559,#11560);
#10324=AXIS2_PLACEMENT_3D('',#14498,#11562,#11563);
#10325=AXIS2_PLACEMENT_3D('',#14499,#11564,#11565);
#10326=AXIS2_PLACEMENT_3D('',#14502,#11567,#11568);
#10327=AXIS2_PLACEMENT_3D('',#14503,#11569,#11570);
#10328=AXIS2_PLACEMENT_3D('',#14506,#11572,#11573);
#10329=AXIS2_PLACEMENT_3D('',#14507,#11574,#11575);
#10330=AXIS2_PLACEMENT_3D('',#14511,#11578,#11579);
#10331=AXIS2_PLACEMENT_3D('',#14514,#11581,#11582);
#10332=AXIS2_PLACEMENT_3D('',#14515,#11583,#11584);
#10333=AXIS2_PLACEMENT_3D('',#14516,#11585,#11586);
#10334=AXIS2_PLACEMENT_3D('',#14517,#11587,#11588);
#10335=AXIS2_PLACEMENT_3D('',#14518,#11589,#11590);
#10336=AXIS2_PLACEMENT_3D('',#14519,#11591,#11592);
#10337=AXIS2_PLACEMENT_3D('',#14520,#11593,#11594);
#10338=AXIS2_PLACEMENT_3D('',#14521,#11595,#11596);
#10339=AXIS2_PLACEMENT_3D('',#14530,#11601,#11602);
#10340=AXIS2_PLACEMENT_3D('',#14531,#11603,#11604);
#10341=AXIS2_PLACEMENT_3D('',#14535,#11606,#11607);
#10342=AXIS2_PLACEMENT_3D('',#14536,#11608,#11609);
#10343=AXIS2_PLACEMENT_3D('',#14537,#11610,#11611);
#10344=AXIS2_PLACEMENT_3D('',#14541,#11613,#11614);
#10345=AXIS2_PLACEMENT_3D('',#14542,#11615,#11616);
#10346=AXIS2_PLACEMENT_3D('',#14548,#11620,#11621);
#10347=AXIS2_PLACEMENT_3D('',#14549,#11622,#11623);
#10348=AXIS2_PLACEMENT_3D('',#14553,#11625,#11626);
#10349=AXIS2_PLACEMENT_3D('',#14554,#11627,#11628);
#10350=AXIS2_PLACEMENT_3D('',#14555,#11629,#11630);
#10351=AXIS2_PLACEMENT_3D('',#14559,#11632,#11633);
#10352=AXIS2_PLACEMENT_3D('',#14560,#11634,#11635);
#10353=AXIS2_PLACEMENT_3D('',#14566,#11639,#11640);
#10354=AXIS2_PLACEMENT_3D('',#14567,#11641,#11642);
#10355=AXIS2_PLACEMENT_3D('',#14571,#11644,#11645);
#10356=AXIS2_PLACEMENT_3D('',#14572,#11646,#11647);
#10357=AXIS2_PLACEMENT_3D('',#14573,#11648,#11649);
#10358=AXIS2_PLACEMENT_3D('',#14577,#11651,#11652);
#10359=AXIS2_PLACEMENT_3D('',#14578,#11653,#11654);
#10360=AXIS2_PLACEMENT_3D('',#14584,#11658,#11659);
#10361=AXIS2_PLACEMENT_3D('',#14585,#11660,#11661);
#10362=AXIS2_PLACEMENT_3D('',#14589,#11663,#11664);
#10363=AXIS2_PLACEMENT_3D('',#14590,#11665,#11666);
#10364=AXIS2_PLACEMENT_3D('',#14596,#11670,#11671);
#10365=AXIS2_PLACEMENT_3D('',#14600,#11674,#11675);
#10366=AXIS2_PLACEMENT_3D('',#14604,#11678,#11679);
#10367=AXIS2_PLACEMENT_3D('',#14608,#11682,#11683);
#10368=AXIS2_PLACEMENT_3D('',#14612,#11686,#11687);
#10369=AXIS2_PLACEMENT_3D('',#14616,#11690,#11691);
#10370=AXIS2_PLACEMENT_3D('',#14619,#11693,#11694);
#10371=AXIS2_PLACEMENT_3D('',#14620,#11695,#11696);
#10372=AXIS2_PLACEMENT_3D('',#14623,#11698,#11699);
#10373=AXIS2_PLACEMENT_3D('',#14624,#11700,#11701);
#10374=AXIS2_PLACEMENT_3D('',#14627,#11703,#11704);
#10375=AXIS2_PLACEMENT_3D('',#14628,#11705,#11706);
#10376=AXIS2_PLACEMENT_3D('',#14632,#11709,#11710);
#10377=AXIS2_PLACEMENT_3D('',#14635,#11712,#11713);
#10378=AXIS2_PLACEMENT_3D('',#14636,#11714,#11715);
#10379=AXIS2_PLACEMENT_3D('',#14639,#11717,#11718);
#10380=AXIS2_PLACEMENT_3D('',#14640,#11719,#11720);
#10381=AXIS2_PLACEMENT_3D('',#14643,#11722,#11723);
#10382=AXIS2_PLACEMENT_3D('',#14644,#11724,#11725);
#10383=AXIS2_PLACEMENT_3D('',#14648,#11728,#11729);
#10384=AXIS2_PLACEMENT_3D('',#14652,#11732,#11733);
#10385=AXIS2_PLACEMENT_3D('',#14656,#11736,#11737);
#10386=AXIS2_PLACEMENT_3D('',#14658,#11739,#11740);
#10387=AXIS2_PLACEMENT_3D('',#14659,#11741,#11742);
#10388=AXIS2_PLACEMENT_3D('',#14660,#11743,#11744);
#10389=AXIS2_PLACEMENT_3D('',#14661,#11745,#11746);
#10390=AXIS2_PLACEMENT_3D('',#14662,#11747,#11748);
#10391=AXIS2_PLACEMENT_3D('',#14665,#11750,#11751);
#10392=AXIS2_PLACEMENT_3D('',#14668,#11753,#11754);
#10393=AXIS2_PLACEMENT_3D('',#14672,#11757,#11758);
#10394=AXIS2_PLACEMENT_3D('',#14675,#11760,#11761);
#10395=AXIS2_PLACEMENT_3D('',#14676,#11762,#11763);
#10396=AXIS2_PLACEMENT_3D('',#14679,#11765,#11766);
#10397=AXIS2_PLACEMENT_3D('',#14680,#11767,#11768);
#10398=AXIS2_PLACEMENT_3D('',#14683,#11770,#11771);
#10399=AXIS2_PLACEMENT_3D('',#14684,#11772,#11773);
#10400=AXIS2_PLACEMENT_3D('',#14688,#11776,#11777);
#10401=AXIS2_PLACEMENT_3D('',#14692,#11780,#11781);
#10402=AXIS2_PLACEMENT_3D('',#14696,#11784,#11785);
#10403=AXIS2_PLACEMENT_3D('',#14700,#11788,#11789);
#10404=AXIS2_PLACEMENT_3D('',#14704,#11792,#11793);
#10405=AXIS2_PLACEMENT_3D('',#14707,#11795,#11796);
#10406=AXIS2_PLACEMENT_3D('',#14708,#11797,#11798);
#10407=AXIS2_PLACEMENT_3D('',#14711,#11800,#11801);
#10408=AXIS2_PLACEMENT_3D('',#14712,#11802,#11803);
#10409=AXIS2_PLACEMENT_3D('',#14716,#11806,#11807);
#10410=AXIS2_PLACEMENT_3D('',#14719,#11809,#11810);
#10411=AXIS2_PLACEMENT_3D('',#14720,#11811,#11812);
#10412=AXIS2_PLACEMENT_3D('',#14723,#11814,#11815);
#10413=AXIS2_PLACEMENT_3D('',#14724,#11816,#11817);
#10414=AXIS2_PLACEMENT_3D('',#14728,#11820,#11821);
#10415=AXIS2_PLACEMENT_3D('',#14731,#11823,#11824);
#10416=AXIS2_PLACEMENT_3D('',#14732,#11825,#11826);
#10417=AXIS2_PLACEMENT_3D('',#14735,#11828,#11829);
#10418=AXIS2_PLACEMENT_3D('',#14736,#11830,#11831);
#10419=AXIS2_PLACEMENT_3D('',#14740,#11834,#11835);
#10420=AXIS2_PLACEMENT_3D('',#14743,#11837,#11838);
#10421=AXIS2_PLACEMENT_3D('',#14744,#11839,#11840);
#10422=AXIS2_PLACEMENT_3D('',#14747,#11842,#11843);
#10423=AXIS2_PLACEMENT_3D('',#14748,#11844,#11845);
#10424=AXIS2_PLACEMENT_3D('',#14752,#11848,#11849);
#10425=AXIS2_PLACEMENT_3D('',#14756,#11852,#11853);
#10426=AXIS2_PLACEMENT_3D('',#14760,#11856,#11857);
#10427=AXIS2_PLACEMENT_3D('',#14763,#11859,#11860);
#10428=AXIS2_PLACEMENT_3D('',#14764,#11861,#11862);
#10429=AXIS2_PLACEMENT_3D('',#14767,#11864,#11865);
#10430=AXIS2_PLACEMENT_3D('',#14768,#11866,#11867);
#10431=AXIS2_PLACEMENT_3D('',#14771,#11869,#11870);
#10432=AXIS2_PLACEMENT_3D('',#14772,#11871,#11872);
#10433=AXIS2_PLACEMENT_3D('',#14776,#11875,#11876);
#10434=AXIS2_PLACEMENT_3D('',#14779,#11878,#11879);
#10435=AXIS2_PLACEMENT_3D('',#14780,#11880,#11881);
#10436=AXIS2_PLACEMENT_3D('',#14783,#11883,#11884);
#10437=AXIS2_PLACEMENT_3D('',#14784,#11885,#11886);
#10438=AXIS2_PLACEMENT_3D('',#14787,#11888,#11889);
#10439=AXIS2_PLACEMENT_3D('',#14788,#11890,#11891);
#10440=AXIS2_PLACEMENT_3D('',#14792,#11894,#11895);
#10441=AXIS2_PLACEMENT_3D('',#14795,#11897,#11898);
#10442=AXIS2_PLACEMENT_3D('',#14796,#11899,#11900);
#10443=AXIS2_PLACEMENT_3D('',#14797,#11901,#11902);
#10444=AXIS2_PLACEMENT_3D('',#14798,#11903,#11904);
#10445=AXIS2_PLACEMENT_3D('',#14799,#11905,#11906);
#10446=AXIS2_PLACEMENT_3D('',#14805,#11910,#11911);
#10447=AXIS2_PLACEMENT_3D('',#14809,#11914,#11915);
#10448=AXIS2_PLACEMENT_3D('',#14813,#11918,#11919);
#10449=AXIS2_PLACEMENT_3D('',#14817,#11922,#11923);
#10450=AXIS2_PLACEMENT_3D('',#14821,#11926,#11927);
#10451=AXIS2_PLACEMENT_3D('',#14825,#11930,#11931);
#10452=AXIS2_PLACEMENT_3D('',#14829,#11934,#11935);
#10453=AXIS2_PLACEMENT_3D('',#14831,#11937,#11938);
#10454=AXIS2_PLACEMENT_3D('',#14832,#11939,#11940);
#10455=AXIS2_PLACEMENT_3D('',#14838,#11944,#11945);
#10456=AXIS2_PLACEMENT_3D('',#14842,#11948,#11949);
#10457=AXIS2_PLACEMENT_3D('',#14846,#11952,#11953);
#10458=AXIS2_PLACEMENT_3D('',#14850,#11956,#11957);
#10459=AXIS2_PLACEMENT_3D('',#14854,#11960,#11961);
#10460=AXIS2_PLACEMENT_3D('',#14858,#11964,#11965);
#10461=AXIS2_PLACEMENT_3D('',#14862,#11968,#11969);
#10462=AXIS2_PLACEMENT_3D('',#14866,#11972,#11973);
#10463=AXIS2_PLACEMENT_3D('',#14870,#11976,#11977);
#10464=AXIS2_PLACEMENT_3D('',#14874,#11980,#11981);
#10465=AXIS2_PLACEMENT_3D('',#14878,#11984,#11985);
#10466=AXIS2_PLACEMENT_3D('',#14880,#11987,#11988);
#10467=AXIS2_PLACEMENT_3D('',#14881,#11989,#11990);
#10468=AXIS2_PLACEMENT_3D('',#14890,#11995,#11996);
#10469=AXIS2_PLACEMENT_3D('',#14896,#12000,#12001);
#10470=AXIS2_PLACEMENT_3D('',#14897,#12002,#12003);
#10471=AXIS2_PLACEMENT_3D('',#14901,#12005,#12006);
#10472=AXIS2_PLACEMENT_3D('',#14902,#12007,#12008);
#10473=AXIS2_PLACEMENT_3D('',#14903,#12009,#12010);
#10474=AXIS2_PLACEMENT_3D('',#14907,#12012,#12013);
#10475=AXIS2_PLACEMENT_3D('',#14908,#12014,#12015);
#10476=AXIS2_PLACEMENT_3D('',#14914,#12019,#12020);
#10477=AXIS2_PLACEMENT_3D('',#14915,#12021,#12022);
#10478=AXIS2_PLACEMENT_3D('',#14919,#12024,#12025);
#10479=AXIS2_PLACEMENT_3D('',#14920,#12026,#12027);
#10480=AXIS2_PLACEMENT_3D('',#14921,#12028,#12029);
#10481=AXIS2_PLACEMENT_3D('',#14925,#12031,#12032);
#10482=AXIS2_PLACEMENT_3D('',#14926,#12033,#12034);
#10483=AXIS2_PLACEMENT_3D('',#14932,#12038,#12039);
#10484=AXIS2_PLACEMENT_3D('',#14936,#12042,#12043);
#10485=AXIS2_PLACEMENT_3D('',#14940,#12046,#12047);
#10486=AXIS2_PLACEMENT_3D('',#14944,#12050,#12051);
#10487=AXIS2_PLACEMENT_3D('',#14948,#12054,#12055);
#10488=AXIS2_PLACEMENT_3D('',#14952,#12058,#12059);
#10489=AXIS2_PLACEMENT_3D('',#14956,#12062,#12063);
#10490=AXIS2_PLACEMENT_3D('',#14959,#12065,#12066);
#10491=AXIS2_PLACEMENT_3D('',#14960,#12067,#12068);
#10492=AXIS2_PLACEMENT_3D('',#14963,#12070,#12071);
#10493=AXIS2_PLACEMENT_3D('',#14964,#12072,#12073);
#10494=AXIS2_PLACEMENT_3D('',#14967,#12075,#12076);
#10495=AXIS2_PLACEMENT_3D('',#14968,#12077,#12078);
#10496=AXIS2_PLACEMENT_3D('',#14972,#12081,#12082);
#10497=AXIS2_PLACEMENT_3D('',#14975,#12084,#12085);
#10498=AXIS2_PLACEMENT_3D('',#14976,#12086,#12087);
#10499=AXIS2_PLACEMENT_3D('',#14979,#12089,#12090);
#10500=AXIS2_PLACEMENT_3D('',#14980,#12091,#12092);
#10501=AXIS2_PLACEMENT_3D('',#14981,#12093,#12094);
#10502=AXIS2_PLACEMENT_3D('',#14982,#12095,#12096);
#10503=AXIS2_PLACEMENT_3D('',#14985,#12099,#12100);
#10504=AXIS2_PLACEMENT_3D('',#14986,#12101,#12102);
#10505=AXIS2_PLACEMENT_3D('',#14995,#12107,#12108);
#10506=AXIS2_PLACEMENT_3D('',#14996,#12109,#12110);
#10507=AXIS2_PLACEMENT_3D('',#15000,#12112,#12113);
#10508=AXIS2_PLACEMENT_3D('',#15001,#12114,#12115);
#10509=AXIS2_PLACEMENT_3D('',#15002,#12116,#12117);
#10510=AXIS2_PLACEMENT_3D('',#15006,#12119,#12120);
#10511=AXIS2_PLACEMENT_3D('',#15007,#12121,#12122);
#10512=AXIS2_PLACEMENT_3D('',#15013,#12126,#12127);
#10513=AXIS2_PLACEMENT_3D('',#15014,#12128,#12129);
#10514=AXIS2_PLACEMENT_3D('',#15018,#12131,#12132);
#10515=AXIS2_PLACEMENT_3D('',#15019,#12133,#12134);
#10516=AXIS2_PLACEMENT_3D('',#15020,#12135,#12136);
#10517=AXIS2_PLACEMENT_3D('',#15024,#12138,#12139);
#10518=AXIS2_PLACEMENT_3D('',#15025,#12140,#12141);
#10519=AXIS2_PLACEMENT_3D('',#15031,#12145,#12146);
#10520=AXIS2_PLACEMENT_3D('',#15032,#12147,#12148);
#10521=AXIS2_PLACEMENT_3D('',#15036,#12150,#12151);
#10522=AXIS2_PLACEMENT_3D('',#15037,#12152,#12153);
#10523=AXIS2_PLACEMENT_3D('',#15038,#12154,#12155);
#10524=AXIS2_PLACEMENT_3D('',#15042,#12157,#12158);
#10525=AXIS2_PLACEMENT_3D('',#15043,#12159,#12160);
#10526=AXIS2_PLACEMENT_3D('',#15049,#12164,#12165);
#10527=AXIS2_PLACEMENT_3D('',#15050,#12166,#12167);
#10528=AXIS2_PLACEMENT_3D('',#15054,#12169,#12170);
#10529=AXIS2_PLACEMENT_3D('',#15055,#12171,#12172);
#10530=AXIS2_PLACEMENT_3D('',#15061,#12176,#12177);
#10531=AXIS2_PLACEMENT_3D('',#15065,#12180,#12181);
#10532=AXIS2_PLACEMENT_3D('',#15069,#12184,#12185);
#10533=AXIS2_PLACEMENT_3D('',#15073,#12188,#12189);
#10534=AXIS2_PLACEMENT_3D('',#15077,#12192,#12193);
#10535=AXIS2_PLACEMENT_3D('',#15081,#12196,#12197);
#10536=AXIS2_PLACEMENT_3D('',#15084,#12199,#12200);
#10537=AXIS2_PLACEMENT_3D('',#15085,#12201,#12202);
#10538=AXIS2_PLACEMENT_3D('',#15088,#12204,#12205);
#10539=AXIS2_PLACEMENT_3D('',#15089,#12206,#12207);
#10540=AXIS2_PLACEMENT_3D('',#15092,#12209,#12210);
#10541=AXIS2_PLACEMENT_3D('',#15093,#12211,#12212);
#10542=AXIS2_PLACEMENT_3D('',#15097,#12215,#12216);
#10543=AXIS2_PLACEMENT_3D('',#15100,#12218,#12219);
#10544=AXIS2_PLACEMENT_3D('',#15101,#12220,#12221);
#10545=AXIS2_PLACEMENT_3D('',#15104,#12223,#12224);
#10546=AXIS2_PLACEMENT_3D('',#15105,#12225,#12226);
#10547=AXIS2_PLACEMENT_3D('',#15108,#12228,#12229);
#10548=AXIS2_PLACEMENT_3D('',#15109,#12230,#12231);
#10549=AXIS2_PLACEMENT_3D('',#15113,#12234,#12235);
#10550=AXIS2_PLACEMENT_3D('',#15117,#12238,#12239);
#10551=AXIS2_PLACEMENT_3D('',#15121,#12242,#12243);
#10552=AXIS2_PLACEMENT_3D('',#15123,#12245,#12246);
#10553=AXIS2_PLACEMENT_3D('',#15124,#12247,#12248);
#10554=AXIS2_PLACEMENT_3D('',#15125,#12249,#12250);
#10555=AXIS2_PLACEMENT_3D('',#15126,#12251,#12252);
#10556=AXIS2_PLACEMENT_3D('',#15127,#12253,#12254);
#10557=AXIS2_PLACEMENT_3D('',#15136,#12259,#12260);
#10558=AXIS2_PLACEMENT_3D('',#15137,#12261,#12262);
#10559=AXIS2_PLACEMENT_3D('',#15141,#12264,#12265);
#10560=AXIS2_PLACEMENT_3D('',#15142,#12266,#12267);
#10561=AXIS2_PLACEMENT_3D('',#15143,#12268,#12269);
#10562=AXIS2_PLACEMENT_3D('',#15147,#12271,#12272);
#10563=AXIS2_PLACEMENT_3D('',#15148,#12273,#12274);
#10564=AXIS2_PLACEMENT_3D('',#15154,#12278,#12279);
#10565=AXIS2_PLACEMENT_3D('',#15155,#12280,#12281);
#10566=AXIS2_PLACEMENT_3D('',#15159,#12283,#12284);
#10567=AXIS2_PLACEMENT_3D('',#15160,#12285,#12286);
#10568=AXIS2_PLACEMENT_3D('',#15161,#12287,#12288);
#10569=AXIS2_PLACEMENT_3D('',#15165,#12290,#12291);
#10570=AXIS2_PLACEMENT_3D('',#15166,#12292,#12293);
#10571=AXIS2_PLACEMENT_3D('',#15172,#12297,#12298);
#10572=AXIS2_PLACEMENT_3D('',#15173,#12299,#12300);
#10573=AXIS2_PLACEMENT_3D('',#15177,#12302,#12303);
#10574=AXIS2_PLACEMENT_3D('',#15178,#12304,#12305);
#10575=AXIS2_PLACEMENT_3D('',#15179,#12306,#12307);
#10576=AXIS2_PLACEMENT_3D('',#15183,#12309,#12310);
#10577=AXIS2_PLACEMENT_3D('',#15184,#12311,#12312);
#10578=AXIS2_PLACEMENT_3D('',#15190,#12316,#12317);
#10579=AXIS2_PLACEMENT_3D('',#15191,#12318,#12319);
#10580=AXIS2_PLACEMENT_3D('',#15195,#12321,#12322);
#10581=AXIS2_PLACEMENT_3D('',#15196,#12323,#12324);
#10582=AXIS2_PLACEMENT_3D('',#15202,#12328,#12329);
#10583=AXIS2_PLACEMENT_3D('',#15206,#12332,#12333);
#10584=AXIS2_PLACEMENT_3D('',#15210,#12336,#12337);
#10585=AXIS2_PLACEMENT_3D('',#15214,#12340,#12341);
#10586=AXIS2_PLACEMENT_3D('',#15217,#12343,#12344);
#10587=AXIS2_PLACEMENT_3D('',#15218,#12345,#12346);
#10588=AXIS2_PLACEMENT_3D('',#15221,#12348,#12349);
#10589=AXIS2_PLACEMENT_3D('',#15222,#12350,#12351);
#10590=AXIS2_PLACEMENT_3D('',#15225,#12353,#12354);
#10591=AXIS2_PLACEMENT_3D('',#15226,#12355,#12356);
#10592=AXIS2_PLACEMENT_3D('',#15230,#12359,#12360);
#10593=AXIS2_PLACEMENT_3D('',#15233,#12362,#12363);
#10594=AXIS2_PLACEMENT_3D('',#15234,#12364,#12365);
#10595=AXIS2_PLACEMENT_3D('',#15237,#12367,#12368);
#10596=AXIS2_PLACEMENT_3D('',#15238,#12369,#12370);
#10597=AXIS2_PLACEMENT_3D('',#15241,#12372,#12373);
#10598=AXIS2_PLACEMENT_3D('',#15242,#12374,#12375);
#10599=AXIS2_PLACEMENT_3D('',#15244,#12377,#12378);
#10600=AXIS2_PLACEMENT_3D('',#15245,#12379,#12380);
#10601=AXIS2_PLACEMENT_3D('',#15246,#12381,#12382);
#10602=AXIS2_PLACEMENT_3D('',#15247,#12383,#12384);
#10603=AXIS2_PLACEMENT_3D('',#15248,#12385,#12386);
#10604=AXIS2_PLACEMENT_3D('',#15254,#12390,#12391);
#10605=AXIS2_PLACEMENT_3D('',#15258,#12394,#12395);
#10606=AXIS2_PLACEMENT_3D('',#15262,#12398,#12399);
#10607=AXIS2_PLACEMENT_3D('',#15264,#12401,#12402);
#10608=AXIS2_PLACEMENT_3D('',#15265,#12403,#12404);
#10609=AXIS2_PLACEMENT_3D('',#15271,#12408,#12409);
#10610=AXIS2_PLACEMENT_3D('',#15275,#12412,#12413);
#10611=AXIS2_PLACEMENT_3D('',#15279,#12416,#12417);
#10612=AXIS2_PLACEMENT_3D('',#15283,#12420,#12421);
#10613=AXIS2_PLACEMENT_3D('',#15287,#12424,#12425);
#10614=AXIS2_PLACEMENT_3D('',#15291,#12428,#12429);
#10615=AXIS2_PLACEMENT_3D('',#15295,#12432,#12433);
#10616=AXIS2_PLACEMENT_3D('',#15299,#12436,#12437);
#10617=AXIS2_PLACEMENT_3D('',#15303,#12440,#12441);
#10618=AXIS2_PLACEMENT_3D('',#15305,#12443,#12444);
#10619=AXIS2_PLACEMENT_3D('',#15306,#12445,#12446);
#10620=AXIS2_PLACEMENT_3D('',#15309,#12448,#12449);
#10621=AXIS2_PLACEMENT_3D('',#15312,#12451,#12452);
#10622=AXIS2_PLACEMENT_3D('',#15316,#12455,#12456);
#10623=AXIS2_PLACEMENT_3D('',#15319,#12458,#12459);
#10624=AXIS2_PLACEMENT_3D('',#15320,#12460,#12461);
#10625=AXIS2_PLACEMENT_3D('',#15323,#12463,#12464);
#10626=AXIS2_PLACEMENT_3D('',#15324,#12465,#12466);
#10627=AXIS2_PLACEMENT_3D('',#15327,#12468,#12469);
#10628=AXIS2_PLACEMENT_3D('',#15328,#12470,#12471);
#10629=AXIS2_PLACEMENT_3D('',#15332,#12474,#12475);
#10630=AXIS2_PLACEMENT_3D('',#15336,#12478,#12479);
#10631=AXIS2_PLACEMENT_3D('',#15340,#12482,#12483);
#10632=AXIS2_PLACEMENT_3D('',#15344,#12486,#12487);
#10633=AXIS2_PLACEMENT_3D('',#15348,#12490,#12491);
#10634=AXIS2_PLACEMENT_3D('',#15351,#12493,#12494);
#10635=AXIS2_PLACEMENT_3D('',#15352,#12495,#12496);
#10636=AXIS2_PLACEMENT_3D('',#15355,#12498,#12499);
#10637=AXIS2_PLACEMENT_3D('',#15356,#12500,#12501);
#10638=AXIS2_PLACEMENT_3D('',#15360,#12504,#12505);
#10639=AXIS2_PLACEMENT_3D('',#15363,#12507,#12508);
#10640=AXIS2_PLACEMENT_3D('',#15364,#12509,#12510);
#10641=AXIS2_PLACEMENT_3D('',#15367,#12512,#12513);
#10642=AXIS2_PLACEMENT_3D('',#15368,#12514,#12515);
#10643=AXIS2_PLACEMENT_3D('',#15372,#12518,#12519);
#10644=AXIS2_PLACEMENT_3D('',#15375,#12521,#12522);
#10645=AXIS2_PLACEMENT_3D('',#15376,#12523,#12524);
#10646=AXIS2_PLACEMENT_3D('',#15379,#12526,#12527);
#10647=AXIS2_PLACEMENT_3D('',#15380,#12528,#12529);
#10648=AXIS2_PLACEMENT_3D('',#15384,#12532,#12533);
#10649=AXIS2_PLACEMENT_3D('',#15387,#12535,#12536);
#10650=AXIS2_PLACEMENT_3D('',#15388,#12537,#12538);
#10651=AXIS2_PLACEMENT_3D('',#15391,#12540,#12541);
#10652=AXIS2_PLACEMENT_3D('',#15392,#12542,#12543);
#10653=AXIS2_PLACEMENT_3D('',#15396,#12546,#12547);
#10654=AXIS2_PLACEMENT_3D('',#15400,#12550,#12551);
#10655=AXIS2_PLACEMENT_3D('',#15404,#12554,#12555);
#10656=AXIS2_PLACEMENT_3D('',#15407,#12557,#12558);
#10657=AXIS2_PLACEMENT_3D('',#15408,#12559,#12560);
#10658=AXIS2_PLACEMENT_3D('',#15411,#12562,#12563);
#10659=AXIS2_PLACEMENT_3D('',#15412,#12564,#12565);
#10660=AXIS2_PLACEMENT_3D('',#15415,#12567,#12568);
#10661=AXIS2_PLACEMENT_3D('',#15416,#12569,#12570);
#10662=AXIS2_PLACEMENT_3D('',#15420,#12573,#12574);
#10663=AXIS2_PLACEMENT_3D('',#15423,#12576,#12577);
#10664=AXIS2_PLACEMENT_3D('',#15424,#12578,#12579);
#10665=AXIS2_PLACEMENT_3D('',#15427,#12581,#12582);
#10666=AXIS2_PLACEMENT_3D('',#15428,#12583,#12584);
#10667=AXIS2_PLACEMENT_3D('',#15431,#12586,#12587);
#10668=AXIS2_PLACEMENT_3D('',#15432,#12588,#12589);
#10669=AXIS2_PLACEMENT_3D('',#15436,#12592,#12593);
#10670=AXIS2_PLACEMENT_3D('',#15439,#12595,#12596);
#10671=AXIS2_PLACEMENT_3D('',#15440,#12597,#12598);
#10672=AXIS2_PLACEMENT_3D('',#15441,#12599,#12600);
#10673=AXIS2_PLACEMENT_3D('',#15442,#12601,#12602);
#10674=AXIS2_PLACEMENT_3D('',#15443,#12603,#12604);
#10675=AXIS2_PLACEMENT_3D('',#15446,#12606,#12607);
#10676=AXIS2_PLACEMENT_3D('',#15449,#12609,#12610);
#10677=AXIS2_PLACEMENT_3D('',#15453,#12613,#12614);
#10678=AXIS2_PLACEMENT_3D('',#15457,#12617,#12618);
#10679=AXIS2_PLACEMENT_3D('',#15461,#12621,#12622);
#10680=AXIS2_PLACEMENT_3D('',#15464,#12624,#12625);
#10681=AXIS2_PLACEMENT_3D('',#15465,#12626,#12627);
#10682=AXIS2_PLACEMENT_3D('',#15468,#12629,#12630);
#10683=AXIS2_PLACEMENT_3D('',#15469,#12631,#12632);
#10684=AXIS2_PLACEMENT_3D('',#15473,#12635,#12636);
#10685=AXIS2_PLACEMENT_3D('',#15476,#12638,#12639);
#10686=AXIS2_PLACEMENT_3D('',#15477,#12640,#12641);
#10687=AXIS2_PLACEMENT_3D('',#15480,#12643,#12644);
#10688=AXIS2_PLACEMENT_3D('',#15481,#12645,#12646);
#10689=AXIS2_PLACEMENT_3D('',#15485,#12649,#12650);
#10690=AXIS2_PLACEMENT_3D('',#15489,#12653,#12654);
#10691=AXIS2_PLACEMENT_3D('',#15493,#12657,#12658);
#10692=AXIS2_PLACEMENT_3D('',#15496,#12660,#12661);
#10693=AXIS2_PLACEMENT_3D('',#15497,#12662,#12663);
#10694=AXIS2_PLACEMENT_3D('',#15500,#12665,#12666);
#10695=AXIS2_PLACEMENT_3D('',#15501,#12667,#12668);
#10696=AXIS2_PLACEMENT_3D('',#15504,#12670,#12671);
#10697=AXIS2_PLACEMENT_3D('',#15505,#12672,#12673);
#10698=AXIS2_PLACEMENT_3D('',#15509,#12676,#12677);
#10699=AXIS2_PLACEMENT_3D('',#15512,#12679,#12680);
#10700=AXIS2_PLACEMENT_3D('',#15513,#12681,#12682);
#10701=AXIS2_PLACEMENT_3D('',#15514,#12683,#12684);
#10702=AXIS2_PLACEMENT_3D('',#15515,#12685,#12686);
#10703=AXIS2_PLACEMENT_3D('',#15516,#12687,#12688);
#10704=AXIS2_PLACEMENT_3D('',#15517,#12689,#12690);
#10705=AXIS2_PLACEMENT_3D('',#15518,#12691,#12692);
#10706=AXIS2_PLACEMENT_3D('',#15519,#12693,#12694);
#10707=AXIS2_PLACEMENT_3D('',#15520,#12695,#12696);
#10708=AXIS2_PLACEMENT_3D('',#15521,#12697,#12698);
#10709=AXIS2_PLACEMENT_3D('',#15527,#12702,#12703);
#10710=AXIS2_PLACEMENT_3D('',#15530,#12706,#12707);
#10711=AXIS2_PLACEMENT_3D('',#15532,#12709,#12710);
#10712=AXIS2_PLACEMENT_3D('',#15534,#12712,#12713);
#10713=AXIS2_PLACEMENT_3D('',#15535,#12714,#12715);
#10714=AXIS2_PLACEMENT_3D('',#15537,#12717,#12718);
#10715=AXIS2_PLACEMENT_3D('',#15539,#12720,#12721);
#10716=AXIS2_PLACEMENT_3D('',#15542,#12724,#12725);
#10717=AXIS2_PLACEMENT_3D('',#15543,#12726,#12727);
#10718=AXIS2_PLACEMENT_3D('',#15545,#12729,#12730);
#10719=AXIS2_PLACEMENT_3D('',#15547,#12732,#12733);
#10720=AXIS2_PLACEMENT_3D('',#15549,#12735,#12736);
#10721=AXIS2_PLACEMENT_3D('',#15550,#12737,#12738);
#10722=AXIS2_PLACEMENT_3D('',#15552,#12740,#12741);
#10723=AXIS2_PLACEMENT_3D('',#15553,#12742,#12743);
#10724=AXIS2_PLACEMENT_3D('',#15555,#12745,#12746);
#10725=AXIS2_PLACEMENT_3D('',#15557,#12748,#12749);
#10726=AXIS2_PLACEMENT_3D('',#15558,#12750,#12751);
#10727=AXIS2_PLACEMENT_3D('',#15560,#12753,#12754);
#10728=AXIS2_PLACEMENT_3D('',#15562,#12756,#12757);
#10729=AXIS2_PLACEMENT_3D('',#15563,#12758,#12759);
#10730=AXIS2_PLACEMENT_3D('',#15565,#12761,#12762);
#10731=AXIS2_PLACEMENT_3D('',#15567,#12764,#12765);
#10732=AXIS2_PLACEMENT_3D('',#15569,#12767,#12768);
#10733=AXIS2_PLACEMENT_3D('',#15571,#12770,#12771);
#10734=AXIS2_PLACEMENT_3D('',#15572,#12772,#12773);
#10735=AXIS2_PLACEMENT_3D('',#15573,#12774,#12775);
#10736=AXIS2_PLACEMENT_3D('',#15574,#12776,#12777);
#10737=AXIS2_PLACEMENT_3D('',#15575,#12778,#12779);
#10738=AXIS2_PLACEMENT_3D('',#15577,#12780,#12781);
#10739=AXIS2_PLACEMENT_3D('',#15579,#12782,#12783);
#10740=AXIS2_PLACEMENT_3D('',#15580,#12784,#12785);
#10741=AXIS2_PLACEMENT_3D('',#15581,#12786,#12787);
#10742=AXIS2_PLACEMENT_3D('',#15582,#12788,#12789);
#10743=AXIS2_PLACEMENT_3D('',#15593,#12795,#12796);
#10744=AXIS2_PLACEMENT_3D('',#15600,#12800,#12801);
#10745=AXIS2_PLACEMENT_3D('',#15609,#12806,#12807);
#10746=AXIS2_PLACEMENT_3D('',#15618,#12812,#12813);
#10747=AXIS2_PLACEMENT_3D('',#15629,#12819,#12820);
#10748=AXIS2_PLACEMENT_3D('',#15630,#12821,#12822);
#10749=AXIS2_PLACEMENT_3D('',#15660,#12838,#12839);
#10750=AXIS2_PLACEMENT_3D('',#15669,#12844,#12845);
#10751=AXIS2_PLACEMENT_3D('',#15678,#12850,#12851);
#10752=AXIS2_PLACEMENT_3D('',#15687,#12856,#12857);
#10753=AXIS2_PLACEMENT_3D('',#15696,#12862,#12863);
#10754=AXIS2_PLACEMENT_3D('',#15727,#12881,#12882);
#10755=AXIS2_PLACEMENT_3D('',#15738,#12889,#12890);
#10756=AXIS2_PLACEMENT_3D('',#15758,#12900,#12901);
#10757=AXIS2_PLACEMENT_3D('',#15760,#12902,#12903);
#10758=AXIS2_PLACEMENT_3D('',#15772,#12907,#12908);
#10759=AXIS2_PLACEMENT_3D('',#15774,#12909,#12910);
#10760=AXIS2_PLACEMENT_3D('',#15778,#12912,#12913);
#10761=AXIS2_PLACEMENT_3D('',#15780,#12914,#12915);
#10762=AXIS2_PLACEMENT_3D('',#15784,#12917,#12918);
#10763=AXIS2_PLACEMENT_3D('',#15786,#12919,#12920);
#10764=AXIS2_PLACEMENT_3D('',#15790,#12922,#12923);
#10765=AXIS2_PLACEMENT_3D('',#15792,#12924,#12925);
#10766=AXIS2_PLACEMENT_3D('',#15808,#12931,#12932);
#10767=AXIS2_PLACEMENT_3D('',#15810,#12933,#12934);
#10768=AXIS2_PLACEMENT_3D('',#15820,#12939,#12940);
#10769=AXIS2_PLACEMENT_3D('',#15854,#12957,#12958);
#10770=AXIS2_PLACEMENT_3D('',#15856,#12959,#12960);
#10771=AXIS2_PLACEMENT_3D('',#15864,#12962,#12963);
#10772=AXIS2_PLACEMENT_3D('',#15866,#12964,#12965);
#10773=AXIS2_PLACEMENT_3D('',#15933,#12969,#12970);
#10774=AXIS2_PLACEMENT_3D('',#15946,#12977,#12978);
#10775=AXIS2_PLACEMENT_3D('',#15983,#12997,#12998);
#10776=AXIS2_PLACEMENT_3D('',#15992,#13003,#13004);
#10777=AXIS2_PLACEMENT_3D('',#16005,#13011,#13012);
#10778=AXIS2_PLACEMENT_3D('',#16015,#13015,#13016);
#10779=AXIS2_PLACEMENT_3D('',#16027,#13018,#13019);
#10780=AXIS2_PLACEMENT_3D('',#16039,#13024,#13025);
#10781=AXIS2_PLACEMENT_3D('',#16048,#13030,#13031);
#10782=AXIS2_PLACEMENT_3D('',#16049,#13032,#13033);
#10783=AXIS2_PLACEMENT_3D('',#16052,#13034,#13035);
#10784=AXIS2_PLACEMENT_3D('',#16053,#13036,#13037);
#10785=AXIS2_PLACEMENT_3D('',#16054,#13038,#13039);
#10786=AXIS2_PLACEMENT_3D('',#16077,#13053,#13054);
#10787=AXIS2_PLACEMENT_3D('',#16079,#13055,#13056);
#10788=AXIS2_PLACEMENT_3D('',#16120,#13081,#13082);
#10789=AXIS2_PLACEMENT_3D('',#16123,#13085,#13086);
#10790=AXIS2_PLACEMENT_3D('',#16124,#13087,#13088);
#10791=AXIS2_PLACEMENT_3D('',#16125,#13089,#13090);
#10792=AXIS2_PLACEMENT_3D('',#16141,#13100,#13101);
#10793=AXIS2_PLACEMENT_3D('',#16143,#13103,#13104);
#10794=AXIS2_PLACEMENT_3D('',#16146,#13107,#13108);
#10795=AXIS2_PLACEMENT_3D('',#16147,#13109,#13110);
#10796=AXIS2_PLACEMENT_3D('',#16149,#13112,#13113);
#10797=AXIS2_PLACEMENT_3D('',#16164,#13123,#13124);
#10798=AXIS2_PLACEMENT_3D('',#16165,#13125,#13126);
#10799=AXIS2_PLACEMENT_3D('',#16169,#13130,#13131);
#10800=AXIS2_PLACEMENT_3D('',#16173,#13135,#13136);
#10801=AXIS2_PLACEMENT_3D('',#16174,#13137,#13138);
#10802=AXIS2_PLACEMENT_3D('',#16190,#13148,#13149);
#10803=AXIS2_PLACEMENT_3D('',#16194,#13152,#13153);
#10804=AXIS2_PLACEMENT_3D('',#16208,#13162,#13163);
#10805=AXIS2_PLACEMENT_3D('',#16212,#13166,#13167);
#10806=AXIS2_PLACEMENT_3D('',#16216,#13170,#13171);
#10807=AXIS2_PLACEMENT_3D('',#16220,#13174,#13175);
#10808=AXIS2_PLACEMENT_3D('',#16224,#13178,#13179);
#10809=AXIS2_PLACEMENT_3D('',#16228,#13182,#13183);
#10810=AXIS2_PLACEMENT_3D('',#16232,#13186,#13187);
#10811=AXIS2_PLACEMENT_3D('',#16236,#13190,#13191);
#10812=AXIS2_PLACEMENT_3D('',#16240,#13194,#13195);
#10813=AXIS2_PLACEMENT_3D('',#16242,#13197,#13198);
#10814=AXIS2_PLACEMENT_3D('',#16243,#13199,#13200);
#10815=AXIS2_PLACEMENT_3D('',#16249,#13204,#13205);
#10816=AXIS2_PLACEMENT_3D('',#16253,#13208,#13209);
#10817=AXIS2_PLACEMENT_3D('',#16257,#13212,#13213);
#10818=AXIS2_PLACEMENT_3D('',#16259,#13215,#13216);
#10819=AXIS2_PLACEMENT_3D('',#16260,#13217,#13218);
#10820=AXIS2_PLACEMENT_3D('',#16266,#13222,#13223);
#10821=AXIS2_PLACEMENT_3D('',#16270,#13226,#13227);
#10822=AXIS2_PLACEMENT_3D('',#16274,#13230,#13231);
#10823=AXIS2_PLACEMENT_3D('',#16278,#13234,#13235);
#10824=AXIS2_PLACEMENT_3D('',#16282,#13238,#13239);
#10825=AXIS2_PLACEMENT_3D('',#16286,#13242,#13243);
#10826=AXIS2_PLACEMENT_3D('',#16290,#13246,#13247);
#10827=AXIS2_PLACEMENT_3D('',#16292,#13249,#13250);
#10828=AXIS2_PLACEMENT_3D('',#16293,#13251,#13252);
#10829=AXIS2_PLACEMENT_3D('',#16302,#13257,#13258);
#10830=AXIS2_PLACEMENT_3D('',#16303,#13259,#13260);
#10831=AXIS2_PLACEMENT_3D('',#16307,#13262,#13263);
#10832=AXIS2_PLACEMENT_3D('',#16308,#13264,#13265);
#10833=AXIS2_PLACEMENT_3D('',#16309,#13266,#13267);
#10834=AXIS2_PLACEMENT_3D('',#16313,#13269,#13270);
#10835=AXIS2_PLACEMENT_3D('',#16314,#13271,#13272);
#10836=AXIS2_PLACEMENT_3D('',#16320,#13276,#13277);
#10837=AXIS2_PLACEMENT_3D('',#16321,#13278,#13279);
#10838=AXIS2_PLACEMENT_3D('',#16325,#13281,#13282);
#10839=AXIS2_PLACEMENT_3D('',#16326,#13283,#13284);
#10840=AXIS2_PLACEMENT_3D('',#16327,#13285,#13286);
#10841=AXIS2_PLACEMENT_3D('',#16331,#13288,#13289);
#10842=AXIS2_PLACEMENT_3D('',#16332,#13290,#13291);
#10843=AXIS2_PLACEMENT_3D('',#16338,#13295,#13296);
#10844=AXIS2_PLACEMENT_3D('',#16339,#13297,#13298);
#10845=AXIS2_PLACEMENT_3D('',#16343,#13300,#13301);
#10846=AXIS2_PLACEMENT_3D('',#16344,#13302,#13303);
#10847=AXIS2_PLACEMENT_3D('',#16345,#13304,#13305);
#10848=AXIS2_PLACEMENT_3D('',#16349,#13307,#13308);
#10849=AXIS2_PLACEMENT_3D('',#16350,#13309,#13310);
#10850=AXIS2_PLACEMENT_3D('',#16356,#13314,#13315);
#10851=AXIS2_PLACEMENT_3D('',#16357,#13316,#13317);
#10852=AXIS2_PLACEMENT_3D('',#16361,#13319,#13320);
#10853=AXIS2_PLACEMENT_3D('',#16362,#13321,#13322);
#10854=AXIS2_PLACEMENT_3D('',#16368,#13326,#13327);
#10855=AXIS2_PLACEMENT_3D('',#16372,#13330,#13331);
#10856=AXIS2_PLACEMENT_3D('',#16376,#13334,#13335);
#10857=AXIS2_PLACEMENT_3D('',#16393,#13339,#13340);
#10858=AXIS2_PLACEMENT_3D('',#16396,#13342,#13343);
#10859=AXIS2_PLACEMENT_3D('',#16397,#13344,#13345);
#10860=AXIS2_PLACEMENT_3D('',#16400,#13347,#13348);
#10861=AXIS2_PLACEMENT_3D('',#16401,#13349,#13350);
#10862=AXIS2_PLACEMENT_3D('',#16418,#13354,#13355);
#10863=AXIS2_PLACEMENT_3D('',#16421,#13357,#13358);
#10864=AXIS2_PLACEMENT_3D('',#16422,#13359,#13360);
#10865=AXIS2_PLACEMENT_3D('',#16425,#13362,#13363);
#10866=AXIS2_PLACEMENT_3D('',#16426,#13364,#13365);
#10867=AXIS2_PLACEMENT_3D('',#16428,#13367,#13368);
#10868=AXIS2_PLACEMENT_3D('',#16429,#13369,#13370);
#10869=AXIS2_PLACEMENT_3D('',#16430,#13371,#13372);
#10870=AXIS2_PLACEMENT_3D('',#16431,#13373,#13374);
#10871=AXIS2_PLACEMENT_3D('',#16432,#13375,#13376);
#10872=AXIS2_PLACEMENT_3D('',#16463,#13388,#13389);
#10873=AXIS2_PLACEMENT_3D('',#16466,#13391,#13392);
#10874=AXIS2_PLACEMENT_3D('',#16480,#13394,#13395);
#10875=AXIS2_PLACEMENT_3D('',#16497,#13399,#13400);
#10876=AXIS2_PLACEMENT_3D('',#16500,#13402,#13403);
#10877=AXIS2_PLACEMENT_3D('',#16518,#13405,#13406);
#10878=AXIS2_PLACEMENT_3D('',#16532,#13415,#13416);
#10879=AXIS2_PLACEMENT_3D('',#16535,#13418,#13419);
#10880=AXIS2_PLACEMENT_3D('',#16536,#13420,#13421);
#10881=AXIS2_PLACEMENT_3D('',#16539,#13423,#13424);
#10882=AXIS2_PLACEMENT_3D('',#16553,#13426,#13427);
#10883=AXIS2_PLACEMENT_3D('',#16557,#13430,#13431);
#10884=AXIS2_PLACEMENT_3D('',#16561,#13434,#13435);
#10885=AXIS2_PLACEMENT_3D('',#16565,#13438,#13439);
#10886=AXIS2_PLACEMENT_3D('',#16569,#13442,#13443);
#10887=AXIS2_PLACEMENT_3D('',#16573,#13446,#13447);
#10888=AXIS2_PLACEMENT_3D('',#16576,#13449,#13450);
#10889=AXIS2_PLACEMENT_3D('',#16577,#13451,#13452);
#10890=AXIS2_PLACEMENT_3D('',#16580,#13454,#13455);
#10891=AXIS2_PLACEMENT_3D('',#16581,#13456,#13457);
#10892=AXIS2_PLACEMENT_3D('',#16585,#13460,#13461);
#10893=AXIS2_PLACEMENT_3D('',#16588,#13463,#13464);
#10894=AXIS2_PLACEMENT_3D('',#16589,#13465,#13466);
#10895=AXIS2_PLACEMENT_3D('',#16592,#13468,#13469);
#10896=AXIS2_PLACEMENT_3D('',#16593,#13470,#13471);
#10897=AXIS2_PLACEMENT_3D('',#16597,#13474,#13475);
#10898=AXIS2_PLACEMENT_3D('',#16600,#13477,#13478);
#10899=AXIS2_PLACEMENT_3D('',#16601,#13479,#13480);
#10900=AXIS2_PLACEMENT_3D('',#16604,#13482,#13483);
#10901=AXIS2_PLACEMENT_3D('',#16605,#13484,#13485);
#10902=AXIS2_PLACEMENT_3D('',#16609,#13488,#13489);
#10903=AXIS2_PLACEMENT_3D('',#16612,#13491,#13492);
#10904=AXIS2_PLACEMENT_3D('',#16613,#13493,#13494);
#10905=AXIS2_PLACEMENT_3D('',#16616,#13496,#13497);
#10906=AXIS2_PLACEMENT_3D('',#16617,#13498,#13499);
#10907=AXIS2_PLACEMENT_3D('',#16621,#13502,#13503);
#10908=AXIS2_PLACEMENT_3D('',#16625,#13506,#13507);
#10909=AXIS2_PLACEMENT_3D('',#16642,#13511,#13512);
#10910=AXIS2_PLACEMENT_3D('',#16645,#13514,#13515);
#10911=AXIS2_PLACEMENT_3D('',#16646,#13516,#13517);
#10912=AXIS2_PLACEMENT_3D('',#16647,#13518,#13519);
#10913=AXIS2_PLACEMENT_3D('',#16648,#13520,#13521);
#10914=AXIS2_PLACEMENT_3D('',#16649,#13522,#13523);
#10915=AXIS2_PLACEMENT_3D('',#16650,#13524,#13525);
#10916=AXIS2_PLACEMENT_3D('',#16652,#13527,#13528);
#10917=AXIS2_PLACEMENT_3D('',#16654,#13530,#13531);
#10918=AXIS2_PLACEMENT_3D('',#16655,#13532,#13533);
#10919=AXIS2_PLACEMENT_3D('',#16657,#13535,#13536);
#10920=AXIS2_PLACEMENT_3D('',#16659,#13538,#13539);
#10921=AXIS2_PLACEMENT_3D('',#16660,#13540,#13541);
#10922=AXIS2_PLACEMENT_3D('',#16664,#13544,#13545);
#10923=AXIS2_PLACEMENT_3D('',#16668,#13548,#13549);
#10924=AXIS2_PLACEMENT_3D('',#16672,#13552,#13553);
#10925=AXIS2_PLACEMENT_3D('',#16676,#13556,#13557);
#10926=AXIS2_PLACEMENT_3D('',#16678,#13559,#13560);
#10927=AXIS2_PLACEMENT_3D('',#16679,#13561,#13562);
#10928=AXIS2_PLACEMENT_3D('',#16683,#13565,#13566);
#10929=AXIS2_PLACEMENT_3D('',#16687,#13569,#13570);
#10930=AXIS2_PLACEMENT_3D('',#16691,#13573,#13574);
#10931=AXIS2_PLACEMENT_3D('',#16695,#13577,#13578);
#10932=AXIS2_PLACEMENT_3D('',#16697,#13580,#13581);
#10933=AXIS2_PLACEMENT_3D('',#16698,#13582,#13583);
#10934=AXIS2_PLACEMENT_3D('',#16700,#13585,#13586);
#10935=AXIS2_PLACEMENT_3D('',#16702,#13588,#13589);
#10936=AXIS2_PLACEMENT_3D('',#16703,#13590,#13591);
#10937=AXIS2_PLACEMENT_3D('',#16705,#13593,#13594);
#10938=AXIS2_PLACEMENT_3D('',#16707,#13596,#13597);
#10939=AXIS2_PLACEMENT_3D('',#16708,#13598,#13599);
#10940=AXIS2_PLACEMENT_3D('',#16712,#13602,#13603);
#10941=AXIS2_PLACEMENT_3D('',#16716,#13606,#13607);
#10942=AXIS2_PLACEMENT_3D('',#16720,#13610,#13611);
#10943=AXIS2_PLACEMENT_3D('',#16724,#13614,#13615);
#10944=AXIS2_PLACEMENT_3D('',#16726,#13617,#13618);
#10945=AXIS2_PLACEMENT_3D('',#16727,#13619,#13620);
#10946=AXIS2_PLACEMENT_3D('',#16733,#13624,#13625);
#10947=AXIS2_PLACEMENT_3D('',#16735,#13627,#13628);
#10948=AXIS2_PLACEMENT_3D('',#16739,#13631,#13632);
#10949=AXIS2_PLACEMENT_3D('',#16743,#13635,#13636);
#10950=AXIS2_PLACEMENT_3D('',#16745,#13638,#13639);
#10951=AXIS2_PLACEMENT_3D('',#16770,#13642,#13643);
#10952=AXIS2_PLACEMENT_3D('',#16802,#13647,#13648);
#10953=AXIS2_PLACEMENT_3D('',#16981,#13652,#13653);
#10954=AXIS2_PLACEMENT_3D('',#16987,#13657,#13658);
#10955=AXIS2_PLACEMENT_3D('',#16989,#13660,#13661);
#10956=AXIS2_PLACEMENT_3D('',#17013,#13676,#13677);
#10957=AXIS2_PLACEMENT_3D('',#17015,#13679,#13680);
#10958=AXIS2_PLACEMENT_3D('',#17016,#13681,#13682);
#10959=AXIS2_PLACEMENT_3D('',#17018,#13684,#13685);
#10960=AXIS2_PLACEMENT_3D('',#17020,#13687,#13688);
#10961=AXIS2_PLACEMENT_3D('',#17021,#13689,#13690);
#10962=AXIS2_PLACEMENT_3D('',#17023,#13692,#13693);
#10963=AXIS2_PLACEMENT_3D('',#17025,#13695,#13696);
#10964=AXIS2_PLACEMENT_3D('',#17026,#13697,#13698);
#10965=AXIS2_PLACEMENT_3D('',#17028,#13700,#13701);
#10966=AXIS2_PLACEMENT_3D('',#17030,#13703,#13704);
#10967=AXIS2_PLACEMENT_3D('',#17031,#13705,#13706);
#10968=AXIS2_PLACEMENT_3D('',#17033,#13708,#13709);
#10969=AXIS2_PLACEMENT_3D('',#17035,#13711,#13712);
#10970=AXIS2_PLACEMENT_3D('',#17036,#13713,#13714);
#10971=AXIS2_PLACEMENT_3D('',#17038,#13716,#13717);
#10972=AXIS2_PLACEMENT_3D('',#17039,#13718,#13719);
#10973=AXIS2_PLACEMENT_3D('',#17041,#13721,#13722);
#10974=AXIS2_PLACEMENT_3D('',#17043,#13724,#13725);
#10975=AXIS2_PLACEMENT_3D('',#17044,#13726,#13727);
#10976=AXIS2_PLACEMENT_3D('',#17046,#13729,#13730);
#10977=AXIS2_PLACEMENT_3D('',#17047,#13731,#13732);
#10978=AXIS2_PLACEMENT_3D('',#17049,#13734,#13735);
#10979=AXIS2_PLACEMENT_3D('',#17051,#13737,#13738);
#10980=AXIS2_PLACEMENT_3D('',#17052,#13739,#13740);
#10981=AXIS2_PLACEMENT_3D('',#17054,#13742,#13743);
#10982=AXIS2_PLACEMENT_3D('',#17055,#13744,#13745);
#10983=AXIS2_PLACEMENT_3D('',#17057,#13747,#13748);
#10984=AXIS2_PLACEMENT_3D('',#17059,#13750,#13751);
#10985=DIRECTION('',(0.,0.,1.));
#10986=DIRECTION('',(1.,0.,0.));
#10987=DIRECTION('',(-1.,0.,0.));
#10988=DIRECTION('',(0.,0.,1.));
#10989=DIRECTION('',(0.,0.528113436118965,-0.849173832963911));
#10990=DIRECTION('',(0.,0.,1.));
#10991=DIRECTION('',(0.,0.999848110374416,-0.0174286023739623));
#10992=DIRECTION('',(0.,0.,-1.));
#10993=DIRECTION('',(0.,-0.707106781186548,0.707106781186547));
#10994=DIRECTION('',(0.,0.,-1.));
#10995=DIRECTION('',(0.,-1.,0.));
#10996=DIRECTION('',(0.,0.,-1.));
#10997=DIRECTION('',(0.,1.,0.));
#10998=DIRECTION('',(1.,0.,0.));
#10999=DIRECTION('',(0.,0.,-1.));
#11000=DIRECTION('',(0.,1.,0.));
#11001=DIRECTION('',(0.,-0.707106781186548,-0.707106781186548));
#11002=DIRECTION('',(0.,0.,-1.));
#11003=DIRECTION('',(0.,-1.,0.));
#11004=DIRECTION('',(0.,0.,-1.));
#11005=DIRECTION('',(-1.,0.,0.));
#11006=DIRECTION('',(0.,0.,1.));
#11007=DIRECTION('',(0.,0.,-1.));
#11008=DIRECTION('',(0.,-0.528113436118965,0.849173832963911));
#11009=DIRECTION('',(0.,0.,-1.));
#11010=DIRECTION('',(0.,-1.,0.));
#11011=DIRECTION('',(0.,0.,-1.));
#11012=DIRECTION('',(0.,0.707106781186548,0.707106781186548));
#11013=DIRECTION('',(0.,-1.,0.));
#11014=DIRECTION('',(-1.,0.,0.));
#11015=DIRECTION('',(0.,0.,1.));
#11016=DIRECTION('',(0.,-1.,0.));
#11017=DIRECTION('',(0.,0.,-1.));
#11018=DIRECTION('',(0.,-1.,0.));
#11019=DIRECTION('',(0.,0.,-1.));
#11020=DIRECTION('',(0.,0.707106781186548,-0.707106781186547));
#11021=DIRECTION('',(0.,0.,-1.));
#11022=DIRECTION('',(0.,-0.999848110374416,0.0174286023739623));
#11023=DIRECTION('',(-1.,0.,0.));
#11024=DIRECTION('',(0.,0.,1.));
#11025=DIRECTION('',(0.,-0.528113436118965,0.849173832963911));
#11026=DIRECTION('',(0.,0.,-1.));
#11027=DIRECTION('',(0.,-0.999848110374416,0.0174286023739623));
#11028=DIRECTION('',(0.,0.,-1.));
#11029=DIRECTION('',(0.,-0.707106781186548,0.707106781186547));
#11030=DIRECTION('',(0.,0.,-1.));
#11031=DIRECTION('',(0.,-1.,0.));
#11032=DIRECTION('',(0.,0.,-1.));
#11033=DIRECTION('',(0.,-1.,0.));
#11034=DIRECTION('',(-1.,0.,0.));
#11035=DIRECTION('',(0.,0.,1.));
#11036=DIRECTION('',(0.,-1.,0.));
#11037=DIRECTION('',(0.,-0.707106781186548,-0.707106781186548));
#11038=DIRECTION('',(0.,0.,-1.));
#11039=DIRECTION('',(0.,-1.,0.));
#11040=DIRECTION('',(0.,0.,-1.));
#11041=DIRECTION('',(-1.,0.,0.));
#11042=DIRECTION('',(0.,0.,1.));
#11043=DIRECTION('',(0.,0.,-1.));
#11044=DIRECTION('',(0.,-0.528113436118965,0.849173832963911));
#11045=DIRECTION('',(0.,0.,-1.));
#11046=DIRECTION('',(0.,-1.,0.));
#11047=DIRECTION('',(0.,0.,-1.));
#11048=DIRECTION('',(0.,0.707106781186548,0.707106781186548));
#11049=DIRECTION('',(0.,-1.,0.));
#11050=DIRECTION('',(-1.,0.,0.));
#11051=DIRECTION('',(0.,0.,1.));
#11052=DIRECTION('',(0.,-1.,0.));
#11053=DIRECTION('',(0.,0.,-1.));
#11054=DIRECTION('',(0.,-1.,0.));
#11055=DIRECTION('',(0.,0.,-1.));
#11056=DIRECTION('',(0.,0.707106781186548,-0.707106781186547));
#11057=DIRECTION('',(0.,0.,-1.));
#11058=DIRECTION('',(0.,-0.999848110374416,0.0174286023739623));
#11059=DIRECTION('',(0.,0.,-1.));
#11060=DIRECTION('',(-1.,0.,0.));
#11061=DIRECTION('',(1.,0.,0.));
#11062=DIRECTION('',(1.,0.,0.));
#11063=DIRECTION('',(0.,0.,-1.));
#11064=DIRECTION('',(-1.,0.,0.));
#11065=DIRECTION('',(1.,0.,0.));
#11066=DIRECTION('',(1.,0.,0.));
#11067=DIRECTION('',(0.,1.,0.));
#11068=DIRECTION('',(-1.,0.,0.));
#11069=DIRECTION('',(1.,0.,0.));
#11070=DIRECTION('',(1.,0.,0.));
#11071=DIRECTION('',(0.,1.,0.));
#11072=DIRECTION('',(-1.,0.,0.));
#11073=DIRECTION('',(1.,0.,0.));
#11074=DIRECTION('',(1.,0.,0.));
#11075=DIRECTION('',(0.,-0.707106781186547,0.707106781186548));
#11076=DIRECTION('',(-1.,0.,0.));
#11077=DIRECTION('',(0.577350269189625,0.577350269189626,0.577350269189626));
#11078=DIRECTION('',(-1.,0.,0.));
#11079=DIRECTION('',(0.577350269189625,-0.577350269189626,-0.577350269189626));
#11080=DIRECTION('',(1.,0.,0.));
#11081=DIRECTION('',(0.,-0.707106781186548,-0.707106781186547));
#11082=DIRECTION('',(1.,0.,0.));
#11083=DIRECTION('',(0.,-0.707106781186548,-0.707106781186547));
#11084=DIRECTION('',(1.,0.,0.));
#11085=DIRECTION('',(0.,0.,1.));
#11086=DIRECTION('',(1.,0.,0.));
#11087=DIRECTION('',(-0.642183152881065,0.766551236484382,0.));
#11088=DIRECTION('',(-0.999997019365275,-0.00244156928341847,0.));
#11089=DIRECTION('',(0.,-1.,0.));
#11090=DIRECTION('',(-1.,0.,0.));
#11091=DIRECTION('',(0.,1.,0.));
#11092=DIRECTION('',(1.,0.,0.));
#11093=DIRECTION('',(0.,0.,1.));
#11094=DIRECTION('',(1.,0.,0.));
#11095=DIRECTION('',(0.,0.,1.));
#11096=DIRECTION('',(1.,0.,0.));
#11097=DIRECTION('',(0.,0.,1.));
#11098=DIRECTION('',(1.,0.,0.));
#11099=DIRECTION('',(0.,-1.,0.));
#11100=DIRECTION('',(0.,0.,1.));
#11101=DIRECTION('',(1.,0.,0.));
#11102=DIRECTION('',(0.,0.,1.));
#11103=DIRECTION('',(1.,0.,0.));
#11104=DIRECTION('',(0.,0.,1.));
#11105=DIRECTION('',(1.,0.,0.));
#11106=DIRECTION('',(-0.999997019365275,-0.00244156928341454,0.));
#11107=DIRECTION('',(0.646447542024875,-0.762958436227032,0.));
#11108=DIRECTION('',(0.,-1.,0.));
#11109=DIRECTION('',(-1.,0.,0.));
#11110=DIRECTION('',(-1.,0.,0.));
#11111=DIRECTION('',(0.,1.,0.));
#11112=DIRECTION('',(1.,0.,0.));
#11113=DIRECTION('',(0.,-1.,0.));
#11114=DIRECTION('',(1.,0.,0.));
#11115=DIRECTION('',(0.,1.,0.));
#11116=DIRECTION('',(1.,0.,0.));
#11117=DIRECTION('',(0.,-1.,0.));
#11118=DIRECTION('',(-1.,0.,0.));
#11119=DIRECTION('',(0.,1.,0.));
#11120=DIRECTION('',(-1.,0.,0.));
#11121=DIRECTION('',(0.,-1.,0.));
#11122=DIRECTION('',(-1.,0.,0.));
#11123=DIRECTION('',(0.,1.,0.));
#11124=DIRECTION('',(-1.,0.,0.));
#11125=DIRECTION('',(0.,1.,0.));
#11126=DIRECTION('',(1.,0.,0.));
#11127=DIRECTION('',(0.,-1.,0.));
#11128=DIRECTION('',(-1.,0.,0.));
#11129=DIRECTION('',(0.,-1.,0.));
#11130=DIRECTION('',(-1.,0.,0.));
#11131=DIRECTION('',(0.,0.,1.));
#11132=DIRECTION('',(1.,0.,0.));
#11133=DIRECTION('',(0.,0.,1.));
#11134=DIRECTION('',(1.,0.,0.));
#11135=DIRECTION('',(0.,0.,1.));
#11136=DIRECTION('',(1.,0.,0.));
#11137=DIRECTION('',(0.,1.,0.));
#11138=DIRECTION('',(0.,0.,1.));
#11139=DIRECTION('',(1.,0.,0.));
#11140=DIRECTION('',(0.,0.,1.));
#11141=DIRECTION('',(1.,0.,0.));
#11142=DIRECTION('',(0.,0.,1.));
#11143=DIRECTION('',(1.,0.,0.));
#11144=DIRECTION('',(1.,0.,0.));
#11145=DIRECTION('',(0.,0.,1.));
#11146=DIRECTION('',(1.,0.,0.));
#11147=DIRECTION('',(0.,0.,1.));
#11148=DIRECTION('',(1.,0.,0.));
#11149=DIRECTION('',(0.,0.,1.));
#11150=DIRECTION('',(1.,0.,0.));
#11151=DIRECTION('',(0.,-1.,0.));
#11152=DIRECTION('',(-1.,0.,0.));
#11153=DIRECTION('',(0.,1.,0.));
#11154=DIRECTION('',(0.,0.,1.));
#11155=DIRECTION('',(1.,0.,0.));
#11156=DIRECTION('',(0.,0.,1.));
#11157=DIRECTION('',(1.,0.,0.));
#11158=DIRECTION('',(-1.,0.,0.));
#11159=DIRECTION('',(0.,0.,1.));
#11160=DIRECTION('',(1.,0.,0.));
#11161=DIRECTION('',(0.,0.,1.));
#11162=DIRECTION('',(1.,0.,0.));
#11163=DIRECTION('',(0.,-1.,0.));
#11164=DIRECTION('',(0.,0.,1.));
#11165=DIRECTION('',(1.,0.,0.));
#11166=DIRECTION('',(0.,0.,1.));
#11167=DIRECTION('',(1.,0.,0.));
#11168=DIRECTION('',(1.,0.,0.));
#11169=DIRECTION('',(0.,0.,1.));
#11170=DIRECTION('',(1.,0.,0.));
#11171=DIRECTION('',(0.,0.,1.));
#11172=DIRECTION('',(1.,0.,0.));
#11173=DIRECTION('',(0.,1.,0.));
#11174=DIRECTION('',(-1.,0.,0.));
#11175=DIRECTION('',(0.,1.,0.));
#11176=DIRECTION('',(1.,0.,0.));
#11177=DIRECTION('',(0.,-1.,0.));
#11178=DIRECTION('',(0.,0.,1.));
#11179=DIRECTION('',(1.,0.,0.));
#11180=DIRECTION('',(0.,0.,1.));
#11181=DIRECTION('',(1.,0.,0.));
#11182=DIRECTION('',(0.,0.,1.));
#11183=DIRECTION('',(1.,0.,0.));
#11184=DIRECTION('',(-0.642183152881065,0.766551236484382,0.));
#11185=DIRECTION('',(-0.999997019365275,-0.00244156928341251,0.));
#11186=DIRECTION('',(0.,-1.,0.));
#11187=DIRECTION('',(-1.,0.,0.));
#11188=DIRECTION('',(0.,1.,0.));
#11189=DIRECTION('',(1.,0.,0.));
#11190=DIRECTION('',(0.,0.,1.));
#11191=DIRECTION('',(1.,0.,0.));
#11192=DIRECTION('',(0.,0.,1.));
#11193=DIRECTION('',(1.,0.,0.));
#11194=DIRECTION('',(0.,0.,1.));
#11195=DIRECTION('',(1.,0.,0.));
#11196=DIRECTION('',(0.,-1.,0.));
#11197=DIRECTION('',(0.,0.,1.));
#11198=DIRECTION('',(1.,0.,0.));
#11199=DIRECTION('',(0.,0.,1.));
#11200=DIRECTION('',(1.,0.,0.));
#11201=DIRECTION('',(0.,0.,1.));
#11202=DIRECTION('',(1.,0.,0.));
#11203=DIRECTION('',(-0.999997019365275,-0.00244156928341454,0.));
#11204=DIRECTION('',(0.646447542024874,-0.762958436227033,0.));
#11205=DIRECTION('',(0.,-1.,0.));
#11206=DIRECTION('',(-1.,0.,0.));
#11207=DIRECTION('',(0.,1.,0.));
#11208=DIRECTION('',(1.,0.,0.));
#11209=DIRECTION('',(1.,0.,0.));
#11210=DIRECTION('',(1.,0.,0.));
#11211=DIRECTION('',(1.,0.,0.));
#11212=DIRECTION('',(1.,0.,0.));
#11213=DIRECTION('',(0.,-1.,0.));
#11214=DIRECTION('',(-1.,0.,0.));
#11215=DIRECTION('',(0.,0.,1.));
#11216=DIRECTION('',(1.,0.,0.));
#11217=DIRECTION('',(0.,0.,1.));
#11218=DIRECTION('',(1.,0.,0.));
#11219=DIRECTION('',(0.,0.,1.));
#11220=DIRECTION('',(1.,0.,0.));
#11221=DIRECTION('',(0.,1.,0.));
#11222=DIRECTION('',(0.,0.,1.));
#11223=DIRECTION('',(1.,0.,0.));
#11224=DIRECTION('',(0.,0.,1.));
#11225=DIRECTION('',(1.,0.,0.));
#11226=DIRECTION('',(0.,0.,1.));
#11227=DIRECTION('',(1.,0.,0.));
#11228=DIRECTION('',(1.,0.,0.));
#11229=DIRECTION('',(0.,0.,1.));
#11230=DIRECTION('',(1.,0.,0.));
#11231=DIRECTION('',(0.,0.,1.));
#11232=DIRECTION('',(1.,0.,0.));
#11233=DIRECTION('',(0.,0.,1.));
#11234=DIRECTION('',(1.,0.,0.));
#11235=DIRECTION('',(0.,-1.,0.));
#11236=DIRECTION('',(0.,0.,1.));
#11237=DIRECTION('',(1.,0.,0.));
#11238=DIRECTION('',(0.,0.,1.));
#11239=DIRECTION('',(1.,0.,0.));
#11240=DIRECTION('',(0.,0.,1.));
#11241=DIRECTION('',(1.,0.,0.));
#11242=DIRECTION('',(-1.,0.,0.));
#11243=DIRECTION('',(0.,1.,0.));
#11244=DIRECTION('',(0.,0.,1.));
#11245=DIRECTION('',(1.,0.,0.));
#11246=DIRECTION('',(0.,0.,1.));
#11247=DIRECTION('',(1.,0.,0.));
#11248=DIRECTION('',(0.,0.,1.));
#11249=DIRECTION('',(1.,0.,0.));
#11250=DIRECTION('',(1.,0.,0.));
#11251=DIRECTION('',(0.,0.,1.));
#11252=DIRECTION('',(1.,0.,0.));
#11253=DIRECTION('',(0.,0.,1.));
#11254=DIRECTION('',(1.,0.,0.));
#11255=DIRECTION('',(0.,0.,1.));
#11256=DIRECTION('',(1.,0.,0.));
#11257=DIRECTION('',(0.,-1.,0.));
#11258=DIRECTION('',(-1.,0.,0.));
#11259=DIRECTION('',(0.,1.,0.));
#11260=DIRECTION('',(-1.,0.,0.));
#11261=DIRECTION('',(0.,-1.,0.));
#11262=DIRECTION('',(-1.,0.,0.));
#11263=DIRECTION('',(0.,1.,0.));
#11264=DIRECTION('',(1.,0.,0.));
#11265=DIRECTION('',(0.,0.,1.));
#11266=DIRECTION('',(1.,0.,0.));
#11267=DIRECTION('',(0.,0.,1.));
#11268=DIRECTION('',(1.,0.,0.));
#11269=DIRECTION('',(0.,0.,1.));
#11270=DIRECTION('',(1.,0.,0.));
#11271=DIRECTION('',(0.,-1.,0.));
#11272=DIRECTION('',(0.,0.,1.));
#11273=DIRECTION('',(1.,0.,0.));
#11274=DIRECTION('',(0.,0.,1.));
#11275=DIRECTION('',(1.,0.,0.));
#11276=DIRECTION('',(0.,0.,1.));
#11277=DIRECTION('',(1.,0.,0.));
#11278=DIRECTION('',(-0.999997019365275,-0.00244156928341554,0.));
#11279=DIRECTION('',(0.,-1.,0.));
#11280=DIRECTION('',(-1.,0.,0.));
#11281=DIRECTION('',(0.,1.,0.));
#11282=DIRECTION('',(1.,0.,0.));
#11283=DIRECTION('',(0.,-1.,0.));
#11284=DIRECTION('',(-1.,0.,0.));
#11285=DIRECTION('',(0.,1.,0.));
#11286=DIRECTION('',(1.,0.,0.));
#11287=DIRECTION('',(0.643400078129345,-0.76553010356429,0.));
#11288=DIRECTION('',(0.,1.,0.));
#11289=DIRECTION('',(1.,0.,0.));
#11290=DIRECTION('',(0.,-1.,0.));
#11291=DIRECTION('',(-1.,0.,0.));
#11292=DIRECTION('',(-0.6434156069263,0.76551705190914,0.));
#11293=DIRECTION('',(0.,-1.,0.));
#11294=DIRECTION('',(-1.,0.,0.));
#11295=DIRECTION('',(0.,0.,1.));
#11296=DIRECTION('',(1.,0.,0.));
#11297=DIRECTION('',(0.,0.,1.));
#11298=DIRECTION('',(1.,0.,0.));
#11299=DIRECTION('',(0.,0.,1.));
#11300=DIRECTION('',(1.,0.,0.));
#11301=DIRECTION('',(0.,1.,0.));
#11302=DIRECTION('',(0.,0.,1.));
#11303=DIRECTION('',(1.,0.,0.));
#11304=DIRECTION('',(0.,0.,1.));
#11305=DIRECTION('',(1.,0.,0.));
#11306=DIRECTION('',(0.,0.,1.));
#11307=DIRECTION('',(1.,0.,0.));
#11308=DIRECTION('',(1.,0.,0.));
#11309=DIRECTION('',(0.,0.,1.));
#11310=DIRECTION('',(1.,0.,0.));
#11311=DIRECTION('',(0.,0.,1.));
#11312=DIRECTION('',(1.,0.,0.));
#11313=DIRECTION('',(0.,0.,1.));
#11314=DIRECTION('',(1.,0.,0.));
#11315=DIRECTION('',(0.,-1.,0.));
#11316=DIRECTION('',(-1.,0.,0.));
#11317=DIRECTION('',(0.,1.,0.));
#11318=DIRECTION('',(0.,0.,1.));
#11319=DIRECTION('',(1.,0.,0.));
#11320=DIRECTION('',(0.,0.,1.));
#11321=DIRECTION('',(1.,0.,0.));
#11322=DIRECTION('',(-1.,0.,0.));
#11323=DIRECTION('',(0.,0.,1.));
#11324=DIRECTION('',(1.,0.,0.));
#11325=DIRECTION('',(0.,0.,1.));
#11326=DIRECTION('',(1.,0.,0.));
#11327=DIRECTION('',(0.,-1.,0.));
#11328=DIRECTION('',(0.,0.,1.));
#11329=DIRECTION('',(1.,0.,0.));
#11330=DIRECTION('',(0.,0.,1.));
#11331=DIRECTION('',(1.,0.,0.));
#11332=DIRECTION('',(1.,0.,0.));
#11333=DIRECTION('',(0.,0.,1.));
#11334=DIRECTION('',(1.,0.,0.));
#11335=DIRECTION('',(0.,0.,1.));
#11336=DIRECTION('',(1.,0.,0.));
#11337=DIRECTION('',(0.,1.,0.));
#11338=DIRECTION('',(-1.,0.,0.));
#11339=DIRECTION('',(0.,1.,0.));
#11340=DIRECTION('',(1.,0.,0.));
#11341=DIRECTION('',(0.,-1.,0.));
#11342=DIRECTION('',(0.,0.,1.));
#11343=DIRECTION('',(1.,0.,0.));
#11344=DIRECTION('',(0.,0.,1.));
#11345=DIRECTION('',(1.,0.,0.));
#11346=DIRECTION('',(0.,0.,1.));
#11347=DIRECTION('',(1.,0.,0.));
#11348=DIRECTION('',(-1.,0.,0.));
#11349=DIRECTION('',(0.,0.,1.));
#11350=DIRECTION('',(1.,0.,0.));
#11351=DIRECTION('',(0.,0.,1.));
#11352=DIRECTION('',(1.,0.,0.));
#11353=DIRECTION('',(0.,0.,1.));
#11354=DIRECTION('',(1.,0.,0.));
#11355=DIRECTION('',(0.,1.,0.));
#11356=DIRECTION('',(0.,0.,1.));
#11357=DIRECTION('',(1.,0.,0.));
#11358=DIRECTION('',(0.,0.,1.));
#11359=DIRECTION('',(1.,0.,0.));
#11360=DIRECTION('',(0.,0.,1.));
#11361=DIRECTION('',(1.,0.,0.));
#11362=DIRECTION('',(1.,0.,0.));
#11363=DIRECTION('',(0.,-1.,0.));
#11364=DIRECTION('',(-1.,0.,0.));
#11365=DIRECTION('',(0.,0.,1.));
#11366=DIRECTION('',(1.,0.,0.));
#11367=DIRECTION('',(0.,0.,1.));
#11368=DIRECTION('',(1.,0.,0.));
#11369=DIRECTION('',(0.,-1.,0.));
#11370=DIRECTION('',(0.,0.,1.));
#11371=DIRECTION('',(1.,0.,0.));
#11372=DIRECTION('',(0.,0.,1.));
#11373=DIRECTION('',(1.,0.,0.));
#11374=DIRECTION('',(1.,0.,0.));
#11375=DIRECTION('',(0.,-1.,0.));
#11376=DIRECTION('',(0.,0.,1.));
#11377=DIRECTION('',(1.,0.,0.));
#11378=DIRECTION('',(1.,0.,0.));
#11379=DIRECTION('',(-2.31296463463574E-16,1.,0.));
#11380=DIRECTION('',(1.,0.,0.));
#11381=DIRECTION('',(0.,-1.,0.));
#11382=DIRECTION('',(0.,0.,1.));
#11383=DIRECTION('',(1.,0.,0.));
#11384=DIRECTION('',(1.,0.,0.));
#11385=DIRECTION('',(2.31296463463574E-16,-1.,0.));
#11386=DIRECTION('',(1.,0.,0.));
#11387=DIRECTION('',(0.,-1.,0.));
#11388=DIRECTION('',(0.,1.,0.));
#11389=DIRECTION('',(0.,0.,1.));
#11390=DIRECTION('',(-0.707106781186547,0.,0.707106781186548));
#11391=DIRECTION('',(0.,0.,-1.));
#11392=DIRECTION('',(-0.707106781186548,0.,0.707106781186548));
#11393=DIRECTION('',(1.,0.,0.));
#11394=DIRECTION('',(0.707106781186548,0.,0.707106781186547));
#11395=DIRECTION('',(0.,0.,-1.));
#11396=DIRECTION('',(0.707106781186547,0.,0.707106781186548));
#11397=DIRECTION('',(1.,0.,0.));
#11398=DIRECTION('',(1.,0.,0.));
#11399=DIRECTION('',(1.,0.,0.));
#11400=DIRECTION('',(0.,0.,-1.));
#11401=DIRECTION('',(0.,0.,-1.));
#11402=DIRECTION('',(0.,1.,0.));
#11403=DIRECTION('',(0.,1.,0.));
#11404=DIRECTION('',(0.,0.,1.));
#11405=DIRECTION('',(1.,0.,0.));
#11406=DIRECTION('',(0.707106781186548,0.,-0.707106781186548));
#11407=DIRECTION('',(0.,0.,-1.));
#11408=DIRECTION('',(-0.707106781186548,0.,-0.707106781186547));
#11409=DIRECTION('',(1.,0.,0.));
#11410=DIRECTION('',(0.,0.,-1.));
#11411=DIRECTION('',(0.,-1.,0.));
#11412=DIRECTION('',(-0.707106781186548,0.,0.707106781186547));
#11413=DIRECTION('',(0.,1.,0.));
#11414=DIRECTION('',(-0.707106781186548,0.,-0.707106781186547));
#11415=DIRECTION('',(0.,-1.,0.));
#11416=DIRECTION('',(0.,0.,-1.));
#11417=DIRECTION('',(1.,0.,0.));
#11418=DIRECTION('',(0.,1.,0.));
#11419=DIRECTION('',(1.,0.,0.));
#11420=DIRECTION('',(-2.31296463463574E-16,1.,0.));
#11421=DIRECTION('',(1.,0.,0.));
#11422=DIRECTION('',(-2.31296463463574E-16,1.,0.));
#11423=DIRECTION('',(1.,0.,0.));
#11424=DIRECTION('',(0.,1.,0.));
#11425=DIRECTION('',(-1.,0.,0.));
#11426=DIRECTION('',(-0.707106781186547,-1.63551297779559E-16,0.707106781186548));
#11427=DIRECTION('',(-2.31296463463574E-16,1.,0.));
#11428=DIRECTION('',(0.577350269189627,-0.577350269189625,0.577350269189626));
#11429=DIRECTION('',(-0.577350269189626,-0.577350269189626,-0.577350269189625));
#11430=DIRECTION('',(0.,0.707106781186547,-0.707106781186548));
#11431=DIRECTION('',(-1.,0.,0.));
#11432=DIRECTION('',(0.,0.707106781186548,0.707106781186547));
#11433=DIRECTION('',(-1.,0.,0.));
#11434=DIRECTION('',(0.,0.707106781186548,0.707106781186547));
#11435=DIRECTION('',(-0.577350269189626,0.577350269189626,0.577350269189626));
#11436=DIRECTION('',(0.,0.707106781186548,0.707106781186547));
#11437=DIRECTION('',(1.,0.,0.));
#11438=DIRECTION('',(-0.577350269189626,-0.577350269189625,0.577350269189626));
#11439=DIRECTION('',(-0.707106781186548,-1.6355129777956E-16,-0.707106781186548));
#11440=DIRECTION('',(2.31296463463574E-16,-1.,0.));
#11441=DIRECTION('',(0.,-1.,0.));
#11442=DIRECTION('',(0.,0.,-1.));
#11443=DIRECTION('',(1.,0.,0.));
#11444=DIRECTION('',(0.,0.,1.));
#11445=DIRECTION('',(1.,0.,0.));
#11446=DIRECTION('',(0.,0.,1.));
#11447=DIRECTION('',(0.,0.,1.));
#11448=DIRECTION('',(-0.382004760382292,-0.924160355698765,0.));
#11449=DIRECTION('',(0.,0.,1.));
#11450=DIRECTION('',(1.,0.,0.));
#11451=DIRECTION('',(0.,0.,1.));
#11452=DIRECTION('',(0.,0.,1.));
#11453=DIRECTION('',(1.,0.,0.));
#11454=DIRECTION('',(0.,0.,1.));
#11455=DIRECTION('',(-0.924160355699062,-0.382004760381573,0.));
#11456=DIRECTION('',(0.,0.,1.));
#11457=DIRECTION('',(1.,0.,0.));
#11458=DIRECTION('',(0.,0.,1.));
#11459=DIRECTION('',(0.,0.,1.));
#11460=DIRECTION('',(1.,0.,0.));
#11461=DIRECTION('',(-1.,0.,0.));
#11462=DIRECTION('',(0.,0.,1.));
#11463=DIRECTION('',(0.,-1.,0.));
#11464=DIRECTION('',(0.,0.,1.));
#11465=DIRECTION('',(0.,-1.,0.));
#11466=DIRECTION('',(0.,0.,1.));
#11467=DIRECTION('',(-0.924160355699153,0.382004760381352,0.));
#11468=DIRECTION('',(0.,0.,1.));
#11469=DIRECTION('',(1.,0.,0.));
#11470=DIRECTION('',(0.,0.,1.));
#11471=DIRECTION('',(0.,0.,1.));
#11472=DIRECTION('',(1.,0.,0.));
#11473=DIRECTION('',(0.,0.,1.));
#11474=DIRECTION('',(-0.382004760380834,0.924160355699368,0.));
#11475=DIRECTION('',(0.,0.,1.));
#11476=DIRECTION('',(1.,0.,0.));
#11477=DIRECTION('',(0.,0.,1.));
#11478=DIRECTION('',(0.,0.,1.));
#11479=DIRECTION('',(1.,0.,0.));
#11480=DIRECTION('',(0.,1.,0.));
#11481=DIRECTION('',(0.,0.,1.));
#11482=DIRECTION('',(-1.,0.,0.));
#11483=DIRECTION('',(0.,0.,1.));
#11484=DIRECTION('',(-1.,0.,0.));
#11485=DIRECTION('',(0.,0.,1.));
#11486=DIRECTION('',(0.360489717503472,0.932763187295826,0.));
#11487=DIRECTION('',(0.,0.,1.));
#11488=DIRECTION('',(1.,0.,0.));
#11489=DIRECTION('',(0.,0.,1.));
#11490=DIRECTION('',(0.,0.,1.));
#11491=DIRECTION('',(1.,0.,0.));
#11492=DIRECTION('',(0.,0.,1.));
#11493=DIRECTION('',(0.907948943519174,0.419080798847211,0.));
#11494=DIRECTION('',(0.,0.,1.));
#11495=DIRECTION('',(1.,0.,0.));
#11496=DIRECTION('',(0.,0.,1.));
#11497=DIRECTION('',(0.,0.,1.));
#11498=DIRECTION('',(1.,0.,0.));
#11499=DIRECTION('',(1.,0.,0.));
#11500=DIRECTION('',(0.,0.,-1.));
#11501=DIRECTION('',(0.,1.,0.));
#11502=DIRECTION('',(0.,0.,1.));
#11503=DIRECTION('',(0.,1.,0.));
#11504=DIRECTION('',(0.,0.,1.));
#11505=DIRECTION('',(0.907948943519216,-0.41908079884712,0.));
#11506=DIRECTION('',(0.,0.,1.));
#11507=DIRECTION('',(1.,0.,0.));
#11508=DIRECTION('',(0.,0.,1.));
#11509=DIRECTION('',(0.,0.,1.));
#11510=DIRECTION('',(1.,0.,0.));
#11511=DIRECTION('',(0.,0.,1.));
#11512=DIRECTION('',(-0.265178381847888,-0.964199370358919,0.));
#11513=DIRECTION('',(0.,0.,1.));
#11514=DIRECTION('',(0.,0.,1.));
#11515=DIRECTION('',(1.,0.,0.));
#11516=DIRECTION('',(0.,0.,1.));
#11517=DIRECTION('',(0.,1.,0.));
#11518=DIRECTION('',(0.,0.,1.));
#11519=DIRECTION('',(0.,0.,1.));
#11520=DIRECTION('',(-1.,0.,0.));
#11521=DIRECTION('',(0.,0.,1.));
#11522=DIRECTION('',(0.265178381847887,-0.964199370358919,0.));
#11523=DIRECTION('',(0.,0.,1.));
#11524=DIRECTION('',(0.,0.,1.));
#11525=DIRECTION('',(1.,0.,0.));
#11526=DIRECTION('',(0.,0.,1.));
#11527=DIRECTION('',(0.706526558922048,-0.707686527735105,0.));
#11528=DIRECTION('',(0.,0.,1.));
#11529=DIRECTION('',(0.,0.,1.));
#11530=DIRECTION('',(1.,0.,0.));
#11531=DIRECTION('',(0.,0.,1.));
#11532=DIRECTION('',(0.964033151014213,-0.265782022991788,0.));
#11533=DIRECTION('',(0.,0.,1.));
#11534=DIRECTION('',(0.,0.,1.));
#11535=DIRECTION('',(1.,0.,0.));
#11536=DIRECTION('',(-1.,0.,0.));
#11537=DIRECTION('',(0.,0.,1.));
#11538=DIRECTION('',(0.,0.,1.));
#11539=DIRECTION('',(0.,-1.,0.));
#11540=DIRECTION('',(0.,0.,1.));
#11541=DIRECTION('',(0.964033151014215,0.265782022991783,0.));
#11542=DIRECTION('',(0.,0.,1.));
#11543=DIRECTION('',(0.,0.,1.));
#11544=DIRECTION('',(1.,0.,0.));
#11545=DIRECTION('',(0.,0.,1.));
#11546=DIRECTION('',(0.706526558921891,0.707686527735262,0.));
#11547=DIRECTION('',(0.,0.,1.));
#11548=DIRECTION('',(0.,0.,1.));
#11549=DIRECTION('',(1.,0.,0.));
#11550=DIRECTION('',(0.,0.,1.));
#11551=DIRECTION('',(0.265178381848074,0.964199370358868,0.));
#11552=DIRECTION('',(0.,0.,1.));
#11553=DIRECTION('',(0.,0.,1.));
#11554=DIRECTION('',(1.,0.,0.));
#11555=DIRECTION('',(0.,-1.,0.));
#11556=DIRECTION('',(0.,0.,-1.));
#11557=DIRECTION('',(0.,0.,1.));
#11558=DIRECTION('',(1.,0.,0.));
#11559=DIRECTION('',(0.,0.,1.));
#11560=DIRECTION('',(-0.265178381848123,0.964199370358854,0.));
#11561=DIRECTION('',(0.,0.,1.));
#11562=DIRECTION('',(0.,0.,1.));
#11563=DIRECTION('',(1.,0.,0.));
#11564=DIRECTION('',(0.,0.,1.));
#11565=DIRECTION('',(-0.707106781186498,0.707106781186597,0.));
#11566=DIRECTION('',(0.,0.,1.));
#11567=DIRECTION('',(0.,0.,1.));
#11568=DIRECTION('',(1.,0.,0.));
#11569=DIRECTION('',(0.,0.,1.));
#11570=DIRECTION('',(-0.964297839891224,0.264820082284404,0.));
#11571=DIRECTION('',(0.,0.,1.));
#11572=DIRECTION('',(0.,0.,1.));
#11573=DIRECTION('',(1.,0.,0.));
#11574=DIRECTION('',(1.,0.,0.));
#11575=DIRECTION('',(0.,0.,-1.));
#11576=DIRECTION('',(0.,0.,1.));
#11577=DIRECTION('',(0.,1.,0.));
#11578=DIRECTION('',(0.,0.,1.));
#11579=DIRECTION('',(-0.964297839891175,-0.264820082284582,0.));
#11580=DIRECTION('',(0.,0.,1.));
#11581=DIRECTION('',(0.,0.,1.));
#11582=DIRECTION('',(1.,0.,0.));
#11583=DIRECTION('',(0.,0.,1.));
#11584=DIRECTION('',(-0.707106781186658,-0.707106781186438,0.));
#11585=DIRECTION('',(0.,0.,1.));
#11586=DIRECTION('',(1.,0.,0.));
#11587=DIRECTION('',(0.,0.,1.));
#11588=DIRECTION('',(0.360489717506617,-0.93276318729461,0.));
#11589=DIRECTION('',(0.,0.,1.));
#11590=DIRECTION('',(1.,0.,0.));
#11591=DIRECTION('',(0.,0.,1.));
#11592=DIRECTION('',(1.,0.,0.));
#11593=DIRECTION('',(0.,0.,1.));
#11594=DIRECTION('',(1.,0.,0.));
#11595=DIRECTION('',(0.,-1.,0.));
#11596=DIRECTION('',(0.,0.,-1.));
#11597=DIRECTION('',(1.,0.,0.));
#11598=DIRECTION('',(0.,0.,1.));
#11599=DIRECTION('',(1.,0.,0.));
#11600=DIRECTION('',(0.,0.,1.));
#11601=DIRECTION('',(0.,0.,1.));
#11602=DIRECTION('',(-0.334380693097659,-0.942438089257607,0.));
#11603=DIRECTION('',(0.,0.,1.));
#11604=DIRECTION('',(1.,0.,0.));
#11605=DIRECTION('',(0.,0.,1.));
#11606=DIRECTION('',(0.,0.,1.));
#11607=DIRECTION('',(1.,0.,0.));
#11608=DIRECTION('',(0.,0.,1.));
#11609=DIRECTION('',(-0.911928125714204,-0.410349964702544,0.));
#11610=DIRECTION('',(0.,0.,1.));
#11611=DIRECTION('',(1.,0.,0.));
#11612=DIRECTION('',(0.,0.,1.));
#11613=DIRECTION('',(0.,0.,1.));
#11614=DIRECTION('',(1.,0.,0.));
#11615=DIRECTION('',(-1.,0.,0.));
#11616=DIRECTION('',(0.,0.,1.));
#11617=DIRECTION('',(0.,-1.,0.));
#11618=DIRECTION('',(0.,0.,1.));
#11619=DIRECTION('',(0.,-1.,0.));
#11620=DIRECTION('',(0.,0.,1.));
#11621=DIRECTION('',(-0.924160355699268,0.382004760381074,0.));
#11622=DIRECTION('',(0.,0.,1.));
#11623=DIRECTION('',(1.,0.,0.));
#11624=DIRECTION('',(0.,0.,1.));
#11625=DIRECTION('',(0.,0.,1.));
#11626=DIRECTION('',(1.,0.,0.));
#11627=DIRECTION('',(0.,0.,1.));
#11628=DIRECTION('',(-0.382004760380849,0.924160355699361,0.));
#11629=DIRECTION('',(0.,0.,1.));
#11630=DIRECTION('',(1.,0.,0.));
#11631=DIRECTION('',(0.,0.,1.));
#11632=DIRECTION('',(0.,0.,1.));
#11633=DIRECTION('',(1.,0.,0.));
#11634=DIRECTION('',(0.,1.,0.));
#11635=DIRECTION('',(0.,0.,1.));
#11636=DIRECTION('',(-1.,0.,0.));
#11637=DIRECTION('',(0.,0.,1.));
#11638=DIRECTION('',(-1.,0.,0.));
#11639=DIRECTION('',(0.,0.,1.));
#11640=DIRECTION('',(0.36048971750471,0.932763187295347,0.));
#11641=DIRECTION('',(0.,0.,1.));
#11642=DIRECTION('',(1.,0.,0.));
#11643=DIRECTION('',(0.,0.,1.));
#11644=DIRECTION('',(0.,0.,1.));
#11645=DIRECTION('',(1.,0.,0.));
#11646=DIRECTION('',(0.,0.,1.));
#11647=DIRECTION('',(0.907948943519181,0.419080798847196,0.));
#11648=DIRECTION('',(0.,0.,1.));
#11649=DIRECTION('',(1.,0.,0.));
#11650=DIRECTION('',(0.,0.,1.));
#11651=DIRECTION('',(0.,0.,1.));
#11652=DIRECTION('',(1.,0.,0.));
#11653=DIRECTION('',(1.,0.,0.));
#11654=DIRECTION('',(0.,0.,-1.));
#11655=DIRECTION('',(0.,1.,0.));
#11656=DIRECTION('',(0.,0.,1.));
#11657=DIRECTION('',(0.,1.,0.));
#11658=DIRECTION('',(0.,0.,1.));
#11659=DIRECTION('',(0.894152629503059,-0.44776229760082,0.));
#11660=DIRECTION('',(0.,0.,1.));
#11661=DIRECTION('',(1.,0.,0.));
#11662=DIRECTION('',(0.,0.,1.));
#11663=DIRECTION('',(0.,0.,1.));
#11664=DIRECTION('',(1.,0.,0.));
#11665=DIRECTION('',(-0.00244156928341251,0.999997019365275,0.));
#11666=DIRECTION('',(-0.999997019365275,-0.00244156928341251,0.));
#11667=DIRECTION('',(0.,0.,1.));
#11668=DIRECTION('',(-0.999997019365275,-0.00244156928341251,0.));
#11669=DIRECTION('',(0.,0.,1.));
#11670=DIRECTION('',(0.766551236484382,0.642183152881065,0.));
#11671=DIRECTION('',(-0.642183152881065,0.766551236484382,0.));
#11672=DIRECTION('',(0.,0.,1.));
#11673=DIRECTION('',(-0.642183152881065,0.766551236484382,0.));
#11674=DIRECTION('',(0.,1.,0.));
#11675=DIRECTION('',(0.,0.,1.));
#11676=DIRECTION('',(0.,0.,1.));
#11677=DIRECTION('',(-1.,0.,0.));
#11678=DIRECTION('',(-1.,0.,0.));
#11679=DIRECTION('',(0.,0.,1.));
#11680=DIRECTION('',(0.,0.,1.));
#11681=DIRECTION('',(0.,-1.,0.));
#11682=DIRECTION('',(-0.762958436227033,-0.646447542024874,0.));
#11683=DIRECTION('',(0.646447542024874,-0.762958436227033,0.));
#11684=DIRECTION('',(0.,0.,1.));
#11685=DIRECTION('',(0.646447542024874,-0.762958436227033,0.));
#11686=DIRECTION('',(-0.00244156928341454,0.999997019365275,0.));
#11687=DIRECTION('',(-0.999997019365275,-0.00244156928341454,0.));
#11688=DIRECTION('',(0.,0.,1.));
#11689=DIRECTION('',(-0.999997019365275,-0.00244156928341454,0.));
#11690=DIRECTION('',(0.,0.,1.));
#11691=DIRECTION('',(0.256888867048939,-0.966440950077299,0.));
#11692=DIRECTION('',(0.,0.,1.));
#11693=DIRECTION('',(0.,0.,1.));
#11694=DIRECTION('',(1.,0.,0.));
#11695=DIRECTION('',(0.,0.,1.));
#11696=DIRECTION('',(0.703624926481802,-0.710571574743516,0.));
#11697=DIRECTION('',(0.,0.,1.));
#11698=DIRECTION('',(0.,0.,1.));
#11699=DIRECTION('',(1.,0.,0.));
#11700=DIRECTION('',(0.,0.,1.));
#11701=DIRECTION('',(0.964793297795449,-0.263009301221425,0.));
#11702=DIRECTION('',(0.,0.,1.));
#11703=DIRECTION('',(0.,0.,1.));
#11704=DIRECTION('',(1.,0.,0.));
#11705=DIRECTION('',(-1.,0.,0.));
#11706=DIRECTION('',(0.,0.,1.));
#11707=DIRECTION('',(0.,0.,1.));
#11708=DIRECTION('',(0.,-1.,0.));
#11709=DIRECTION('',(0.,0.,1.));
#11710=DIRECTION('',(0.964199370358912,0.265178381847915,0.));
#11711=DIRECTION('',(0.,0.,1.));
#11712=DIRECTION('',(0.,0.,1.));
#11713=DIRECTION('',(1.,0.,0.));
#11714=DIRECTION('',(0.,0.,1.));
#11715=DIRECTION('',(0.704747044237789,0.709458669436141,0.));
#11716=DIRECTION('',(0.,0.,1.));
#11717=DIRECTION('',(0.,0.,1.));
#11718=DIRECTION('',(1.,0.,0.));
#11719=DIRECTION('',(0.,0.,1.));
#11720=DIRECTION('',(0.263611552147018,0.964628918068829,0.));
#11721=DIRECTION('',(0.,0.,1.));
#11722=DIRECTION('',(0.,0.,1.));
#11723=DIRECTION('',(1.,0.,0.));
#11724=DIRECTION('',(0.,-1.,0.));
#11725=DIRECTION('',(0.,0.,-1.));
#11726=DIRECTION('',(0.,0.,1.));
#11727=DIRECTION('',(1.,0.,0.));
#11728=DIRECTION('',(1.,0.,0.));
#11729=DIRECTION('',(0.,0.,-1.));
#11730=DIRECTION('',(0.,0.,1.));
#11731=DIRECTION('',(0.,1.,0.));
#11732=DIRECTION('',(0.,1.,0.));
#11733=DIRECTION('',(0.,0.,1.));
#11734=DIRECTION('',(0.,0.,1.));
#11735=DIRECTION('',(-1.,0.,0.));
#11736=DIRECTION('',(-1.,0.,0.));
#11737=DIRECTION('',(0.,0.,1.));
#11738=DIRECTION('',(0.,-1.,0.));
#11739=DIRECTION('',(0.,0.,1.));
#11740=DIRECTION('',(0.314102252910694,-0.949389158731248,0.));
#11741=DIRECTION('',(0.,0.,1.));
#11742=DIRECTION('',(1.,0.,0.));
#11743=DIRECTION('',(0.,0.,1.));
#11744=DIRECTION('',(1.,0.,0.));
#11745=DIRECTION('',(0.,0.,1.));
#11746=DIRECTION('',(1.,0.,0.));
#11747=DIRECTION('',(0.,0.,1.));
#11748=DIRECTION('',(-0.265178381847881,-0.964199370358921,0.));
#11749=DIRECTION('',(0.,0.,1.));
#11750=DIRECTION('',(0.,0.,1.));
#11751=DIRECTION('',(1.,0.,0.));
#11752=DIRECTION('',(0.,0.,1.));
#11753=DIRECTION('',(0.,1.,0.));
#11754=DIRECTION('',(0.,0.,1.));
#11755=DIRECTION('',(0.,0.,1.));
#11756=DIRECTION('',(-1.,0.,0.));
#11757=DIRECTION('',(0.,0.,1.));
#11758=DIRECTION('',(0.262655104285904,-0.964889784479326,0.));
#11759=DIRECTION('',(0.,0.,1.));
#11760=DIRECTION('',(0.,0.,1.));
#11761=DIRECTION('',(1.,0.,0.));
#11762=DIRECTION('',(0.,0.,1.));
#11763=DIRECTION('',(0.704166532999772,-0.710034853935412,0.));
#11764=DIRECTION('',(0.,0.,1.));
#11765=DIRECTION('',(0.,0.,1.));
#11766=DIRECTION('',(1.,0.,0.));
#11767=DIRECTION('',(0.,0.,1.));
#11768=DIRECTION('',(0.964297839891187,-0.26482008228454,0.));
#11769=DIRECTION('',(0.,0.,1.));
#11770=DIRECTION('',(0.,0.,1.));
#11771=DIRECTION('',(1.,0.,0.));
#11772=DIRECTION('',(-1.,0.,0.));
#11773=DIRECTION('',(0.,0.,1.));
#11774=DIRECTION('',(0.,0.,1.));
#11775=DIRECTION('',(0.,-1.,0.));
#11776=DIRECTION('',(0.,-1.,0.));
#11777=DIRECTION('',(0.,0.,-1.));
#11778=DIRECTION('',(0.,0.,1.));
#11779=DIRECTION('',(1.,0.,0.));
#11780=DIRECTION('',(1.,0.,0.));
#11781=DIRECTION('',(0.,0.,-1.));
#11782=DIRECTION('',(0.,0.,1.));
#11783=DIRECTION('',(0.,1.,0.));
#11784=DIRECTION('',(0.,1.,0.));
#11785=DIRECTION('',(0.,0.,1.));
#11786=DIRECTION('',(0.,0.,1.));
#11787=DIRECTION('',(-1.,0.,0.));
#11788=DIRECTION('',(1.,0.,0.));
#11789=DIRECTION('',(0.,0.,-1.));
#11790=DIRECTION('',(0.,0.,1.));
#11791=DIRECTION('',(0.,1.,0.));
#11792=DIRECTION('',(0.,0.,1.));
#11793=DIRECTION('',(0.907948943519277,-0.419080798846986,0.));
#11794=DIRECTION('',(0.,0.,1.));
#11795=DIRECTION('',(0.,0.,1.));
#11796=DIRECTION('',(1.,0.,0.));
#11797=DIRECTION('',(0.,0.,1.));
#11798=DIRECTION('',(0.360489717501231,-0.932763187296691,0.));
#11799=DIRECTION('',(0.,0.,1.));
#11800=DIRECTION('',(0.,0.,1.));
#11801=DIRECTION('',(1.,0.,0.));
#11802=DIRECTION('',(0.,-1.,0.));
#11803=DIRECTION('',(0.,0.,-1.));
#11804=DIRECTION('',(0.,0.,1.));
#11805=DIRECTION('',(1.,0.,0.));
#11806=DIRECTION('',(0.,0.,1.));
#11807=DIRECTION('',(-0.382004760380898,-0.924160355699341,0.));
#11808=DIRECTION('',(0.,0.,1.));
#11809=DIRECTION('',(0.,0.,1.));
#11810=DIRECTION('',(1.,0.,0.));
#11811=DIRECTION('',(0.,0.,1.));
#11812=DIRECTION('',(-0.924160355699319,-0.382004760380951,0.));
#11813=DIRECTION('',(0.,0.,1.));
#11814=DIRECTION('',(0.,0.,1.));
#11815=DIRECTION('',(1.,0.,0.));
#11816=DIRECTION('',(-1.,0.,0.));
#11817=DIRECTION('',(0.,0.,1.));
#11818=DIRECTION('',(0.,0.,1.));
#11819=DIRECTION('',(0.,-1.,0.));
#11820=DIRECTION('',(0.,0.,1.));
#11821=DIRECTION('',(-0.924160355698786,0.382004760382241,0.));
#11822=DIRECTION('',(0.,0.,1.));
#11823=DIRECTION('',(0.,0.,1.));
#11824=DIRECTION('',(1.,0.,0.));
#11825=DIRECTION('',(0.,0.,1.));
#11826=DIRECTION('',(-0.382004760382216,0.924160355698796,0.));
#11827=DIRECTION('',(0.,0.,1.));
#11828=DIRECTION('',(0.,0.,1.));
#11829=DIRECTION('',(1.,0.,0.));
#11830=DIRECTION('',(0.,1.,0.));
#11831=DIRECTION('',(0.,0.,1.));
#11832=DIRECTION('',(0.,0.,1.));
#11833=DIRECTION('',(-1.,0.,0.));
#11834=DIRECTION('',(0.,0.,1.));
#11835=DIRECTION('',(0.360489717502897,0.932763187296047,0.));
#11836=DIRECTION('',(0.,0.,1.));
#11837=DIRECTION('',(0.,0.,1.));
#11838=DIRECTION('',(1.,0.,0.));
#11839=DIRECTION('',(0.,0.,1.));
#11840=DIRECTION('',(0.907948943518725,0.419080798848182,0.));
#11841=DIRECTION('',(0.,0.,1.));
#11842=DIRECTION('',(0.,0.,1.));
#11843=DIRECTION('',(1.,0.,0.));
#11844=DIRECTION('',(1.,0.,0.));
#11845=DIRECTION('',(0.,0.,-1.));
#11846=DIRECTION('',(0.,0.,1.));
#11847=DIRECTION('',(0.,1.,0.));
#11848=DIRECTION('',(0.,1.,0.));
#11849=DIRECTION('',(0.,0.,1.));
#11850=DIRECTION('',(0.,0.,1.));
#11851=DIRECTION('',(-1.,0.,0.));
#11852=DIRECTION('',(-1.,0.,0.));
#11853=DIRECTION('',(0.,0.,1.));
#11854=DIRECTION('',(0.,0.,1.));
#11855=DIRECTION('',(0.,-1.,0.));
#11856=DIRECTION('',(0.,0.,1.));
#11857=DIRECTION('',(0.964297839891181,0.264820082284563,0.));
#11858=DIRECTION('',(0.,0.,1.));
#11859=DIRECTION('',(0.,0.,1.));
#11860=DIRECTION('',(1.,0.,0.));
#11861=DIRECTION('',(0.,0.,1.));
#11862=DIRECTION('',(0.704166532999747,0.710034853935437,0.));
#11863=DIRECTION('',(0.,0.,1.));
#11864=DIRECTION('',(0.,0.,1.));
#11865=DIRECTION('',(1.,0.,0.));
#11866=DIRECTION('',(0.,0.,1.));
#11867=DIRECTION('',(0.262655104285907,0.964889784479325,0.));
#11868=DIRECTION('',(0.,0.,1.));
#11869=DIRECTION('',(0.,0.,1.));
#11870=DIRECTION('',(1.,0.,0.));
#11871=DIRECTION('',(0.,-1.,0.));
#11872=DIRECTION('',(0.,0.,-1.));
#11873=DIRECTION('',(0.,0.,1.));
#11874=DIRECTION('',(1.,0.,0.));
#11875=DIRECTION('',(0.,0.,1.));
#11876=DIRECTION('',(-0.265178381847894,0.964199370358917,0.));
#11877=DIRECTION('',(0.,0.,1.));
#11878=DIRECTION('',(0.,0.,1.));
#11879=DIRECTION('',(1.,0.,0.));
#11880=DIRECTION('',(0.,0.,1.));
#11881=DIRECTION('',(-0.706526558921899,0.707686527735254,0.));
#11882=DIRECTION('',(0.,0.,1.));
#11883=DIRECTION('',(0.,0.,1.));
#11884=DIRECTION('',(1.,0.,0.));
#11885=DIRECTION('',(0.,0.,1.));
#11886=DIRECTION('',(-0.964033151014259,0.265782022991622,0.));
#11887=DIRECTION('',(0.,0.,1.));
#11888=DIRECTION('',(0.,0.,1.));
#11889=DIRECTION('',(1.,0.,0.));
#11890=DIRECTION('',(1.,0.,0.));
#11891=DIRECTION('',(0.,0.,-1.));
#11892=DIRECTION('',(0.,0.,1.));
#11893=DIRECTION('',(0.,1.,0.));
#11894=DIRECTION('',(0.,0.,1.));
#11895=DIRECTION('',(-0.964033151014263,-0.265782022991609,0.));
#11896=DIRECTION('',(0.,0.,1.));
#11897=DIRECTION('',(0.,0.,1.));
#11898=DIRECTION('',(1.,0.,0.));
#11899=DIRECTION('',(0.,0.,1.));
#11900=DIRECTION('',(-0.70652655892192,-0.707686527735233,0.));
#11901=DIRECTION('',(0.,0.,1.));
#11902=DIRECTION('',(1.,0.,0.));
#11903=DIRECTION('',(0.,0.,1.));
#11904=DIRECTION('',(1.,0.,0.));
#11905=DIRECTION('',(1.,0.,0.));
#11906=DIRECTION('',(0.,0.,-1.));
#11907=DIRECTION('',(0.,0.,1.));
#11908=DIRECTION('',(0.,1.,0.));
#11909=DIRECTION('',(0.,0.,1.));
#11910=DIRECTION('',(0.,1.,0.));
#11911=DIRECTION('',(0.,0.,1.));
#11912=DIRECTION('',(0.,0.,1.));
#11913=DIRECTION('',(-1.,0.,0.));
#11914=DIRECTION('',(-1.,0.,0.));
#11915=DIRECTION('',(0.,0.,1.));
#11916=DIRECTION('',(0.,0.,1.));
#11917=DIRECTION('',(0.,-1.,0.));
#11918=DIRECTION('',(0.,1.,0.));
#11919=DIRECTION('',(0.,0.,1.));
#11920=DIRECTION('',(0.,0.,1.));
#11921=DIRECTION('',(-1.,0.,0.));
#11922=DIRECTION('',(-1.,0.,0.));
#11923=DIRECTION('',(0.,0.,1.));
#11924=DIRECTION('',(0.,0.,1.));
#11925=DIRECTION('',(0.,-1.,0.));
#11926=DIRECTION('',(0.,-1.,0.));
#11927=DIRECTION('',(0.,0.,-1.));
#11928=DIRECTION('',(0.,0.,1.));
#11929=DIRECTION('',(1.,0.,0.));
#11930=DIRECTION('',(1.,0.,0.));
#11931=DIRECTION('',(0.,0.,-1.));
#11932=DIRECTION('',(0.,0.,1.));
#11933=DIRECTION('',(0.,1.,0.));
#11934=DIRECTION('',(0.,1.,0.));
#11935=DIRECTION('',(0.,0.,1.));
#11936=DIRECTION('',(-1.,0.,0.));
#11937=DIRECTION('',(0.,0.,1.));
#11938=DIRECTION('',(1.,0.,0.));
#11939=DIRECTION('',(1.,0.,0.));
#11940=DIRECTION('',(0.,0.,-1.));
#11941=DIRECTION('',(0.,0.,1.));
#11942=DIRECTION('',(0.,1.,0.));
#11943=DIRECTION('',(0.,0.,1.));
#11944=DIRECTION('',(0.,1.,0.));
#11945=DIRECTION('',(0.,0.,1.));
#11946=DIRECTION('',(0.,0.,1.));
#11947=DIRECTION('',(-1.,0.,0.));
#11948=DIRECTION('',(-1.,0.,0.));
#11949=DIRECTION('',(0.,0.,1.));
#11950=DIRECTION('',(0.,0.,1.));
#11951=DIRECTION('',(0.,-1.,0.));
#11952=DIRECTION('',(0.,1.,0.));
#11953=DIRECTION('',(0.,0.,1.));
#11954=DIRECTION('',(0.,0.,1.));
#11955=DIRECTION('',(-1.,0.,0.));
#11956=DIRECTION('',(1.,0.,0.));
#11957=DIRECTION('',(0.,0.,-1.));
#11958=DIRECTION('',(0.,0.,1.));
#11959=DIRECTION('',(0.,1.,0.));
#11960=DIRECTION('',(0.,1.,0.));
#11961=DIRECTION('',(0.,0.,1.));
#11962=DIRECTION('',(0.,0.,1.));
#11963=DIRECTION('',(-1.,0.,0.));
#11964=DIRECTION('',(-1.,0.,0.));
#11965=DIRECTION('',(0.,0.,1.));
#11966=DIRECTION('',(0.,0.,1.));
#11967=DIRECTION('',(0.,-1.,0.));
#11968=DIRECTION('',(0.,-1.,0.));
#11969=DIRECTION('',(0.,0.,-1.));
#11970=DIRECTION('',(0.,0.,1.));
#11971=DIRECTION('',(1.,0.,0.));
#11972=DIRECTION('',(1.,0.,0.));
#11973=DIRECTION('',(0.,0.,-1.));
#11974=DIRECTION('',(0.,0.,1.));
#11975=DIRECTION('',(0.,1.,0.));
#11976=DIRECTION('',(0.,-1.,0.));
#11977=DIRECTION('',(0.,0.,-1.));
#11978=DIRECTION('',(0.,0.,1.));
#11979=DIRECTION('',(1.,0.,0.));
#11980=DIRECTION('',(-1.,0.,0.));
#11981=DIRECTION('',(0.,0.,1.));
#11982=DIRECTION('',(0.,0.,1.));
#11983=DIRECTION('',(0.,-1.,0.));
#11984=DIRECTION('',(0.,-1.,0.));
#11985=DIRECTION('',(0.,0.,-1.));
#11986=DIRECTION('',(1.,0.,0.));
#11987=DIRECTION('',(0.,0.,1.));
#11988=DIRECTION('',(1.,0.,0.));
#11989=DIRECTION('',(0.,-1.,0.));
#11990=DIRECTION('',(0.,0.,-1.));
#11991=DIRECTION('',(1.,0.,0.));
#11992=DIRECTION('',(0.,0.,1.));
#11993=DIRECTION('',(1.,0.,0.));
#11994=DIRECTION('',(0.,0.,1.));
#11995=DIRECTION('',(-1.,0.,0.));
#11996=DIRECTION('',(0.,0.,1.));
#11997=DIRECTION('',(0.,-1.,0.));
#11998=DIRECTION('',(0.,0.,1.));
#11999=DIRECTION('',(0.,-1.,0.));
#12000=DIRECTION('',(0.,0.,1.));
#12001=DIRECTION('',(-0.924160355698797,0.382004760382214,0.));
#12002=DIRECTION('',(0.,0.,1.));
#12003=DIRECTION('',(1.,0.,0.));
#12004=DIRECTION('',(0.,0.,1.));
#12005=DIRECTION('',(0.,0.,1.));
#12006=DIRECTION('',(1.,0.,0.));
#12007=DIRECTION('',(0.,0.,1.));
#12008=DIRECTION('',(-0.382004760382517,0.924160355698672,0.));
#12009=DIRECTION('',(0.,0.,1.));
#12010=DIRECTION('',(1.,0.,0.));
#12011=DIRECTION('',(0.,0.,1.));
#12012=DIRECTION('',(0.,0.,1.));
#12013=DIRECTION('',(1.,0.,0.));
#12014=DIRECTION('',(0.,1.,0.));
#12015=DIRECTION('',(0.,0.,1.));
#12016=DIRECTION('',(-1.,0.,0.));
#12017=DIRECTION('',(0.,0.,1.));
#12018=DIRECTION('',(-1.,0.,0.));
#12019=DIRECTION('',(0.,0.,1.));
#12020=DIRECTION('',(0.36048971750289,0.93276318729605,0.));
#12021=DIRECTION('',(0.,0.,1.));
#12022=DIRECTION('',(1.,0.,0.));
#12023=DIRECTION('',(0.,0.,1.));
#12024=DIRECTION('',(0.,0.,1.));
#12025=DIRECTION('',(1.,0.,0.));
#12026=DIRECTION('',(0.,0.,1.));
#12027=DIRECTION('',(0.907948943518699,0.419080798848239,0.));
#12028=DIRECTION('',(0.,0.,1.));
#12029=DIRECTION('',(1.,0.,0.));
#12030=DIRECTION('',(0.,0.,1.));
#12031=DIRECTION('',(0.,0.,1.));
#12032=DIRECTION('',(1.,0.,0.));
#12033=DIRECTION('',(1.,0.,0.));
#12034=DIRECTION('',(0.,0.,-1.));
#12035=DIRECTION('',(0.,0.,1.));
#12036=DIRECTION('',(0.,1.,0.));
#12037=DIRECTION('',(0.,0.,1.));
#12038=DIRECTION('',(0.,1.,0.));
#12039=DIRECTION('',(0.,0.,1.));
#12040=DIRECTION('',(0.,0.,1.));
#12041=DIRECTION('',(-1.,0.,0.));
#12042=DIRECTION('',(-1.,0.,0.));
#12043=DIRECTION('',(0.,0.,1.));
#12044=DIRECTION('',(0.,0.,1.));
#12045=DIRECTION('',(0.,-1.,0.));
#12046=DIRECTION('',(0.,1.,0.));
#12047=DIRECTION('',(0.,0.,1.));
#12048=DIRECTION('',(0.,0.,1.));
#12049=DIRECTION('',(-1.,0.,0.));
#12050=DIRECTION('',(1.,0.,0.));
#12051=DIRECTION('',(0.,0.,-1.));
#12052=DIRECTION('',(0.,0.,1.));
#12053=DIRECTION('',(0.,1.,0.));
#12054=DIRECTION('',(0.,1.,0.));
#12055=DIRECTION('',(0.,0.,1.));
#12056=DIRECTION('',(0.,0.,1.));
#12057=DIRECTION('',(-1.,0.,0.));
#12058=DIRECTION('',(-1.,0.,0.));
#12059=DIRECTION('',(0.,0.,1.));
#12060=DIRECTION('',(0.,0.,1.));
#12061=DIRECTION('',(0.,-1.,0.));
#12062=DIRECTION('',(0.,0.,1.));
#12063=DIRECTION('',(0.964297839891228,0.264820082284392,0.));
#12064=DIRECTION('',(0.,0.,1.));
#12065=DIRECTION('',(0.,0.,1.));
#12066=DIRECTION('',(1.,0.,0.));
#12067=DIRECTION('',(0.,0.,1.));
#12068=DIRECTION('',(0.703679004085963,0.710518021733853,0.));
#12069=DIRECTION('',(0.,0.,1.));
#12070=DIRECTION('',(0.,0.,1.));
#12071=DIRECTION('',(1.,0.,0.));
#12072=DIRECTION('',(0.,0.,1.));
#12073=DIRECTION('',(0.262651376711543,0.964890799164098,0.));
#12074=DIRECTION('',(0.,0.,1.));
#12075=DIRECTION('',(0.,0.,1.));
#12076=DIRECTION('',(1.,0.,0.));
#12077=DIRECTION('',(0.,-1.,0.));
#12078=DIRECTION('',(0.,0.,-1.));
#12079=DIRECTION('',(0.,0.,1.));
#12080=DIRECTION('',(1.,0.,0.));
#12081=DIRECTION('',(0.,0.,1.));
#12082=DIRECTION('',(-0.26481428521562,0.964299431891226,0.));
#12083=DIRECTION('',(0.,0.,1.));
#12084=DIRECTION('',(0.,0.,1.));
#12085=DIRECTION('',(1.,0.,0.));
#12086=DIRECTION('',(0.,0.,1.));
#12087=DIRECTION('',(-0.706614939953992,0.707598280547527,0.));
#12088=DIRECTION('',(0.,0.,1.));
#12089=DIRECTION('',(0.,0.,1.));
#12090=DIRECTION('',(1.,0.,0.));
#12091=DIRECTION('',(0.,0.,1.));
#12092=DIRECTION('',(-0.964297839891229,0.264820082284387,0.));
#12093=DIRECTION('',(0.,0.,1.));
#12094=DIRECTION('',(1.,0.,0.));
#12095=DIRECTION('',(1.,0.,0.));
#12096=DIRECTION('',(0.,0.,-1.));
#12097=DIRECTION('',(0.,1.,0.));
#12098=DIRECTION('',(0.,1.,0.));
#12099=DIRECTION('',(0.,0.,1.));
#12100=DIRECTION('',(1.,0.,0.));
#12101=DIRECTION('',(0.,-1.,0.));
#12102=DIRECTION('',(0.,0.,-1.));
#12103=DIRECTION('',(1.,0.,0.));
#12104=DIRECTION('',(0.,0.,1.));
#12105=DIRECTION('',(1.,0.,0.));
#12106=DIRECTION('',(0.,0.,1.));
#12107=DIRECTION('',(0.,0.,1.));
#12108=DIRECTION('',(-0.334380693097684,-0.942438089257598,0.));
#12109=DIRECTION('',(0.,0.,1.));
#12110=DIRECTION('',(1.,0.,0.));
#12111=DIRECTION('',(0.,0.,1.));
#12112=DIRECTION('',(0.,0.,1.));
#12113=DIRECTION('',(1.,0.,0.));
#12114=DIRECTION('',(0.,0.,1.));
#12115=DIRECTION('',(-0.91192812571361,-0.410349964703864,0.));
#12116=DIRECTION('',(0.,0.,1.));
#12117=DIRECTION('',(1.,0.,0.));
#12118=DIRECTION('',(0.,0.,1.));
#12119=DIRECTION('',(0.,0.,1.));
#12120=DIRECTION('',(1.,0.,0.));
#12121=DIRECTION('',(-1.,0.,0.));
#12122=DIRECTION('',(0.,0.,1.));
#12123=DIRECTION('',(0.,-1.,0.));
#12124=DIRECTION('',(0.,0.,1.));
#12125=DIRECTION('',(0.,-1.,0.));
#12126=DIRECTION('',(0.,0.,1.));
#12127=DIRECTION('',(-0.924160355698923,0.382004760381909,0.));
#12128=DIRECTION('',(0.,0.,1.));
#12129=DIRECTION('',(1.,0.,0.));
#12130=DIRECTION('',(0.,0.,1.));
#12131=DIRECTION('',(0.,0.,1.));
#12132=DIRECTION('',(1.,0.,0.));
#12133=DIRECTION('',(0.,0.,1.));
#12134=DIRECTION('',(-0.382004760382226,0.924160355698792,0.));
#12135=DIRECTION('',(0.,0.,1.));
#12136=DIRECTION('',(1.,0.,0.));
#12137=DIRECTION('',(0.,0.,1.));
#12138=DIRECTION('',(0.,0.,1.));
#12139=DIRECTION('',(1.,0.,0.));
#12140=DIRECTION('',(0.,1.,0.));
#12141=DIRECTION('',(0.,0.,1.));
#12142=DIRECTION('',(-1.,0.,0.));
#12143=DIRECTION('',(0.,0.,1.));
#12144=DIRECTION('',(-1.,0.,0.));
#12145=DIRECTION('',(0.,0.,1.));
#12146=DIRECTION('',(0.360489717502885,0.932763187296052,0.));
#12147=DIRECTION('',(0.,0.,1.));
#12148=DIRECTION('',(1.,0.,0.));
#12149=DIRECTION('',(0.,0.,1.));
#12150=DIRECTION('',(0.,0.,1.));
#12151=DIRECTION('',(1.,0.,0.));
#12152=DIRECTION('',(0.,0.,1.));
#12153=DIRECTION('',(0.907948943518832,0.41908079884795,0.));
#12154=DIRECTION('',(0.,0.,1.));
#12155=DIRECTION('',(1.,0.,0.));
#12156=DIRECTION('',(0.,0.,1.));
#12157=DIRECTION('',(0.,0.,1.));
#12158=DIRECTION('',(1.,0.,0.));
#12159=DIRECTION('',(1.,0.,0.));
#12160=DIRECTION('',(0.,0.,-1.));
#12161=DIRECTION('',(0.,1.,0.));
#12162=DIRECTION('',(0.,0.,1.));
#12163=DIRECTION('',(0.,1.,0.));
#12164=DIRECTION('',(0.,0.,1.));
#12165=DIRECTION('',(0.894152629502442,-0.447762297602051,0.));
#12166=DIRECTION('',(0.,0.,1.));
#12167=DIRECTION('',(1.,0.,0.));
#12168=DIRECTION('',(0.,0.,1.));
#12169=DIRECTION('',(0.,0.,1.));
#12170=DIRECTION('',(1.,0.,0.));
#12171=DIRECTION('',(-0.00244156928341847,0.999997019365275,0.));
#12172=DIRECTION('',(-0.999997019365275,-0.00244156928341847,0.));
#12173=DIRECTION('',(0.,0.,1.));
#12174=DIRECTION('',(-0.999997019365275,-0.00244156928341847,0.));
#12175=DIRECTION('',(0.,0.,1.));
#12176=DIRECTION('',(0.766551236484382,0.642183152881065,0.));
#12177=DIRECTION('',(-0.642183152881065,0.766551236484382,0.));
#12178=DIRECTION('',(0.,0.,1.));
#12179=DIRECTION('',(-0.642183152881065,0.766551236484382,0.));
#12180=DIRECTION('',(0.,1.,0.));
#12181=DIRECTION('',(0.,0.,1.));
#12182=DIRECTION('',(0.,0.,1.));
#12183=DIRECTION('',(-1.,0.,0.));
#12184=DIRECTION('',(-1.,0.,0.));
#12185=DIRECTION('',(0.,0.,1.));
#12186=DIRECTION('',(0.,0.,1.));
#12187=DIRECTION('',(0.,-1.,0.));
#12188=DIRECTION('',(-0.762958436227032,-0.646447542024875,0.));
#12189=DIRECTION('',(0.646447542024875,-0.762958436227032,0.));
#12190=DIRECTION('',(0.,0.,1.));
#12191=DIRECTION('',(0.646447542024875,-0.762958436227032,0.));
#12192=DIRECTION('',(-0.00244156928341454,0.999997019365275,0.));
#12193=DIRECTION('',(-0.999997019365275,-0.00244156928341454,0.));
#12194=DIRECTION('',(0.,0.,1.));
#12195=DIRECTION('',(-0.999997019365275,-0.00244156928341454,0.));
#12196=DIRECTION('',(0.,0.,1.));
#12197=DIRECTION('',(0.256888867049174,-0.966440950077237,0.));
#12198=DIRECTION('',(0.,0.,1.));
#12199=DIRECTION('',(0.,0.,1.));
#12200=DIRECTION('',(1.,0.,0.));
#12201=DIRECTION('',(0.,0.,1.));
#12202=DIRECTION('',(0.703624926481686,-0.71057157474363,0.));
#12203=DIRECTION('',(0.,0.,1.));
#12204=DIRECTION('',(0.,0.,1.));
#12205=DIRECTION('',(1.,0.,0.));
#12206=DIRECTION('',(0.,0.,1.));
#12207=DIRECTION('',(0.964793297795451,-0.263009301221417,0.));
#12208=DIRECTION('',(0.,0.,1.));
#12209=DIRECTION('',(0.,0.,1.));
#12210=DIRECTION('',(1.,0.,0.));
#12211=DIRECTION('',(-1.,0.,0.));
#12212=DIRECTION('',(0.,0.,1.));
#12213=DIRECTION('',(0.,0.,1.));
#12214=DIRECTION('',(0.,-1.,0.));
#12215=DIRECTION('',(0.,0.,1.));
#12216=DIRECTION('',(0.964199370358898,0.265178381847966,0.));
#12217=DIRECTION('',(0.,0.,1.));
#12218=DIRECTION('',(0.,0.,1.));
#12219=DIRECTION('',(1.,0.,0.));
#12220=DIRECTION('',(0.,0.,1.));
#12221=DIRECTION('',(0.704747044237773,0.709458669436157,0.));
#12222=DIRECTION('',(0.,0.,1.));
#12223=DIRECTION('',(0.,0.,1.));
#12224=DIRECTION('',(1.,0.,0.));
#12225=DIRECTION('',(0.,0.,1.));
#12226=DIRECTION('',(0.263611552147027,0.964628918068827,0.));
#12227=DIRECTION('',(0.,0.,1.));
#12228=DIRECTION('',(0.,0.,1.));
#12229=DIRECTION('',(1.,0.,0.));
#12230=DIRECTION('',(0.,-1.,0.));
#12231=DIRECTION('',(0.,0.,-1.));
#12232=DIRECTION('',(0.,0.,1.));
#12233=DIRECTION('',(1.,0.,0.));
#12234=DIRECTION('',(1.,0.,0.));
#12235=DIRECTION('',(0.,0.,-1.));
#12236=DIRECTION('',(0.,0.,1.));
#12237=DIRECTION('',(0.,1.,0.));
#12238=DIRECTION('',(0.,1.,0.));
#12239=DIRECTION('',(0.,0.,1.));
#12240=DIRECTION('',(0.,0.,1.));
#12241=DIRECTION('',(-1.,0.,0.));
#12242=DIRECTION('',(-1.,0.,0.));
#12243=DIRECTION('',(0.,0.,1.));
#12244=DIRECTION('',(0.,-1.,0.));
#12245=DIRECTION('',(0.,0.,1.));
#12246=DIRECTION('',(0.314102252910646,-0.949389158731264,0.));
#12247=DIRECTION('',(0.,0.,1.));
#12248=DIRECTION('',(1.,0.,0.));
#12249=DIRECTION('',(0.,0.,1.));
#12250=DIRECTION('',(1.,0.,0.));
#12251=DIRECTION('',(0.,0.,1.));
#12252=DIRECTION('',(1.,0.,0.));
#12253=DIRECTION('',(0.,-1.,0.));
#12254=DIRECTION('',(0.,0.,-1.));
#12255=DIRECTION('',(1.,0.,0.));
#12256=DIRECTION('',(0.,0.,1.));
#12257=DIRECTION('',(1.,0.,0.));
#12258=DIRECTION('',(0.,0.,1.));
#12259=DIRECTION('',(0.,0.,1.));
#12260=DIRECTION('',(-0.334380693097614,-0.942438089257623,0.));
#12261=DIRECTION('',(0.,0.,1.));
#12262=DIRECTION('',(1.,0.,0.));
#12263=DIRECTION('',(0.,0.,1.));
#12264=DIRECTION('',(0.,0.,1.));
#12265=DIRECTION('',(1.,0.,0.));
#12266=DIRECTION('',(0.,0.,1.));
#12267=DIRECTION('',(-0.911928125714206,-0.410349964702539,0.));
#12268=DIRECTION('',(0.,0.,1.));
#12269=DIRECTION('',(1.,0.,0.));
#12270=DIRECTION('',(0.,0.,1.));
#12271=DIRECTION('',(0.,0.,1.));
#12272=DIRECTION('',(1.,0.,0.));
#12273=DIRECTION('',(-1.,0.,0.));
#12274=DIRECTION('',(0.,0.,1.));
#12275=DIRECTION('',(0.,-1.,0.));
#12276=DIRECTION('',(0.,0.,1.));
#12277=DIRECTION('',(0.,-1.,0.));
#12278=DIRECTION('',(0.,0.,1.));
#12279=DIRECTION('',(-0.924160355699198,0.382004760381244,0.));
#12280=DIRECTION('',(0.,0.,1.));
#12281=DIRECTION('',(1.,0.,0.));
#12282=DIRECTION('',(0.,0.,1.));
#12283=DIRECTION('',(0.,0.,1.));
#12284=DIRECTION('',(1.,0.,0.));
#12285=DIRECTION('',(0.,0.,1.));
#12286=DIRECTION('',(-0.382004760380783,0.924160355699388,0.));
#12287=DIRECTION('',(0.,0.,1.));
#12288=DIRECTION('',(1.,0.,0.));
#12289=DIRECTION('',(0.,0.,1.));
#12290=DIRECTION('',(0.,0.,1.));
#12291=DIRECTION('',(1.,0.,0.));
#12292=DIRECTION('',(0.,1.,0.));
#12293=DIRECTION('',(0.,0.,1.));
#12294=DIRECTION('',(-1.,0.,0.));
#12295=DIRECTION('',(0.,0.,1.));
#12296=DIRECTION('',(-1.,0.,0.));
#12297=DIRECTION('',(0.,0.,1.));
#12298=DIRECTION('',(0.360489717501115,0.932763187296736,0.));
#12299=DIRECTION('',(0.,0.,1.));
#12300=DIRECTION('',(1.,0.,0.));
#12301=DIRECTION('',(0.,0.,1.));
#12302=DIRECTION('',(0.,0.,1.));
#12303=DIRECTION('',(1.,0.,0.));
#12304=DIRECTION('',(0.,0.,1.));
#12305=DIRECTION('',(0.9079489435192,0.419080798847153,0.));
#12306=DIRECTION('',(0.,0.,1.));
#12307=DIRECTION('',(1.,0.,0.));
#12308=DIRECTION('',(0.,0.,1.));
#12309=DIRECTION('',(0.,0.,1.));
#12310=DIRECTION('',(1.,0.,0.));
#12311=DIRECTION('',(1.,0.,0.));
#12312=DIRECTION('',(0.,0.,-1.));
#12313=DIRECTION('',(0.,1.,0.));
#12314=DIRECTION('',(0.,0.,1.));
#12315=DIRECTION('',(0.,1.,0.));
#12316=DIRECTION('',(0.,0.,1.));
#12317=DIRECTION('',(0.894152629503774,-0.447762297599392,0.));
#12318=DIRECTION('',(0.,0.,1.));
#12319=DIRECTION('',(1.,0.,0.));
#12320=DIRECTION('',(0.,0.,1.));
#12321=DIRECTION('',(0.,0.,1.));
#12322=DIRECTION('',(1.,0.,0.));
#12323=DIRECTION('',(1.,0.,0.));
#12324=DIRECTION('',(0.,0.,-1.));
#12325=DIRECTION('',(0.,0.,1.));
#12326=DIRECTION('',(0.,1.,0.));
#12327=DIRECTION('',(0.,0.,1.));
#12328=DIRECTION('',(0.,1.,0.));
#12329=DIRECTION('',(0.,0.,1.));
#12330=DIRECTION('',(0.,0.,1.));
#12331=DIRECTION('',(-1.,0.,0.));
#12332=DIRECTION('',(-1.,0.,0.));
#12333=DIRECTION('',(0.,0.,1.));
#12334=DIRECTION('',(0.,0.,1.));
#12335=DIRECTION('',(0.,-1.,0.));
#12336=DIRECTION('',(-0.00244156928341554,0.999997019365275,0.));
#12337=DIRECTION('',(-0.999997019365275,-0.00244156928341554,0.));
#12338=DIRECTION('',(0.,0.,1.));
#12339=DIRECTION('',(-0.999997019365275,-0.00244156928341554,0.));
#12340=DIRECTION('',(0.,0.,1.));
#12341=DIRECTION('',(0.256888867049042,-0.966440950077272,0.));
#12342=DIRECTION('',(0.,0.,1.));
#12343=DIRECTION('',(0.,0.,1.));
#12344=DIRECTION('',(1.,0.,0.));
#12345=DIRECTION('',(0.,0.,1.));
#12346=DIRECTION('',(0.703624926481788,-0.710571574743529,0.));
#12347=DIRECTION('',(0.,0.,1.));
#12348=DIRECTION('',(0.,0.,1.));
#12349=DIRECTION('',(1.,0.,0.));
#12350=DIRECTION('',(0.,0.,1.));
#12351=DIRECTION('',(0.964793297795464,-0.263009301221369,0.));
#12352=DIRECTION('',(0.,0.,1.));
#12353=DIRECTION('',(0.,0.,1.));
#12354=DIRECTION('',(1.,0.,0.));
#12355=DIRECTION('',(-1.,0.,0.));
#12356=DIRECTION('',(0.,0.,1.));
#12357=DIRECTION('',(0.,0.,1.));
#12358=DIRECTION('',(0.,-1.,0.));
#12359=DIRECTION('',(0.,0.,1.));
#12360=DIRECTION('',(0.964199370358913,0.26517838184791,0.));
#12361=DIRECTION('',(0.,0.,1.));
#12362=DIRECTION('',(0.,0.,1.));
#12363=DIRECTION('',(1.,0.,0.));
#12364=DIRECTION('',(0.,0.,1.));
#12365=DIRECTION('',(0.704747044237772,0.709458669436158,0.));
#12366=DIRECTION('',(0.,0.,1.));
#12367=DIRECTION('',(0.,0.,1.));
#12368=DIRECTION('',(1.,0.,0.));
#12369=DIRECTION('',(0.,0.,1.));
#12370=DIRECTION('',(0.263611552147024,0.964628918068828,0.));
#12371=DIRECTION('',(0.,0.,1.));
#12372=DIRECTION('',(0.,0.,1.));
#12373=DIRECTION('',(1.,0.,0.));
#12374=DIRECTION('',(0.,-1.,0.));
#12375=DIRECTION('',(0.,0.,-1.));
#12376=DIRECTION('',(1.,0.,0.));
#12377=DIRECTION('',(0.,0.,1.));
#12378=DIRECTION('',(0.314102252910711,-0.949389158731242,0.));
#12379=DIRECTION('',(0.,0.,1.));
#12380=DIRECTION('',(1.,0.,0.));
#12381=DIRECTION('',(0.,0.,1.));
#12382=DIRECTION('',(1.,0.,0.));
#12383=DIRECTION('',(0.,0.,1.));
#12384=DIRECTION('',(1.,0.,0.));
#12385=DIRECTION('',(1.,0.,0.));
#12386=DIRECTION('',(0.,0.,-1.));
#12387=DIRECTION('',(0.,0.,1.));
#12388=DIRECTION('',(0.,1.,0.));
#12389=DIRECTION('',(0.,0.,1.));
#12390=DIRECTION('',(0.,1.,0.));
#12391=DIRECTION('',(0.,0.,1.));
#12392=DIRECTION('',(0.,0.,1.));
#12393=DIRECTION('',(-1.,0.,0.));
#12394=DIRECTION('',(-1.,0.,0.));
#12395=DIRECTION('',(0.,0.,1.));
#12396=DIRECTION('',(0.,0.,1.));
#12397=DIRECTION('',(0.,-1.,0.));
#12398=DIRECTION('',(0.,-1.,0.));
#12399=DIRECTION('',(0.,0.,-1.));
#12400=DIRECTION('',(1.,0.,0.));
#12401=DIRECTION('',(0.,0.,1.));
#12402=DIRECTION('',(1.,0.,0.));
#12403=DIRECTION('',(1.,0.,0.));
#12404=DIRECTION('',(0.,0.,-1.));
#12405=DIRECTION('',(0.,0.,1.));
#12406=DIRECTION('',(0.,1.,0.));
#12407=DIRECTION('',(0.,0.,1.));
#12408=DIRECTION('',(0.,1.,0.));
#12409=DIRECTION('',(0.,0.,1.));
#12410=DIRECTION('',(0.,0.,1.));
#12411=DIRECTION('',(-1.,0.,0.));
#12412=DIRECTION('',(-1.,0.,0.));
#12413=DIRECTION('',(0.,0.,1.));
#12414=DIRECTION('',(0.,0.,1.));
#12415=DIRECTION('',(0.,-1.,0.));
#12416=DIRECTION('',(0.76551705190914,0.6434156069263,0.));
#12417=DIRECTION('',(-0.6434156069263,0.76551705190914,0.));
#12418=DIRECTION('',(0.,0.,1.));
#12419=DIRECTION('',(-0.6434156069263,0.76551705190914,0.));
#12420=DIRECTION('',(0.,1.,0.));
#12421=DIRECTION('',(0.,0.,1.));
#12422=DIRECTION('',(0.,0.,1.));
#12423=DIRECTION('',(-1.,0.,0.));
#12424=DIRECTION('',(-1.,0.,0.));
#12425=DIRECTION('',(0.,0.,1.));
#12426=DIRECTION('',(0.,0.,1.));
#12427=DIRECTION('',(0.,-1.,0.));
#12428=DIRECTION('',(0.,-1.,0.));
#12429=DIRECTION('',(0.,0.,-1.));
#12430=DIRECTION('',(0.,0.,1.));
#12431=DIRECTION('',(1.,0.,0.));
#12432=DIRECTION('',(1.,0.,0.));
#12433=DIRECTION('',(0.,0.,-1.));
#12434=DIRECTION('',(0.,0.,1.));
#12435=DIRECTION('',(0.,1.,0.));
#12436=DIRECTION('',(-0.76553010356429,-0.643400078129345,0.));
#12437=DIRECTION('',(0.643400078129345,-0.76553010356429,0.));
#12438=DIRECTION('',(0.,0.,1.));
#12439=DIRECTION('',(0.643400078129345,-0.76553010356429,0.));
#12440=DIRECTION('',(0.,-1.,0.));
#12441=DIRECTION('',(0.,0.,-1.));
#12442=DIRECTION('',(1.,0.,0.));
#12443=DIRECTION('',(0.,0.,1.));
#12444=DIRECTION('',(1.,0.,0.));
#12445=DIRECTION('',(0.,0.,1.));
#12446=DIRECTION('',(-0.265178381847761,-0.964199370358954,0.));
#12447=DIRECTION('',(0.,0.,1.));
#12448=DIRECTION('',(0.,0.,1.));
#12449=DIRECTION('',(1.,0.,0.));
#12450=DIRECTION('',(0.,0.,1.));
#12451=DIRECTION('',(0.,1.,0.));
#12452=DIRECTION('',(0.,0.,1.));
#12453=DIRECTION('',(0.,0.,1.));
#12454=DIRECTION('',(-1.,0.,0.));
#12455=DIRECTION('',(0.,0.,1.));
#12456=DIRECTION('',(0.26265510428591,-0.964889784479325,0.));
#12457=DIRECTION('',(0.,0.,1.));
#12458=DIRECTION('',(0.,0.,1.));
#12459=DIRECTION('',(1.,0.,0.));
#12460=DIRECTION('',(0.,0.,1.));
#12461=DIRECTION('',(0.704166532999762,-0.710034853935421,0.));
#12462=DIRECTION('',(0.,0.,1.));
#12463=DIRECTION('',(0.,0.,1.));
#12464=DIRECTION('',(1.,0.,0.));
#12465=DIRECTION('',(0.,0.,1.));
#12466=DIRECTION('',(0.964297839891218,-0.264820082284429,0.));
#12467=DIRECTION('',(0.,0.,1.));
#12468=DIRECTION('',(0.,0.,1.));
#12469=DIRECTION('',(1.,0.,0.));
#12470=DIRECTION('',(-1.,0.,0.));
#12471=DIRECTION('',(0.,0.,1.));
#12472=DIRECTION('',(0.,0.,1.));
#12473=DIRECTION('',(0.,-1.,0.));
#12474=DIRECTION('',(0.,-1.,0.));
#12475=DIRECTION('',(0.,0.,-1.));
#12476=DIRECTION('',(0.,0.,1.));
#12477=DIRECTION('',(1.,0.,0.));
#12478=DIRECTION('',(1.,0.,0.));
#12479=DIRECTION('',(0.,0.,-1.));
#12480=DIRECTION('',(0.,0.,1.));
#12481=DIRECTION('',(0.,1.,0.));
#12482=DIRECTION('',(0.,1.,0.));
#12483=DIRECTION('',(0.,0.,1.));
#12484=DIRECTION('',(0.,0.,1.));
#12485=DIRECTION('',(-1.,0.,0.));
#12486=DIRECTION('',(1.,0.,0.));
#12487=DIRECTION('',(0.,0.,-1.));
#12488=DIRECTION('',(0.,0.,1.));
#12489=DIRECTION('',(0.,1.,0.));
#12490=DIRECTION('',(0.,0.,1.));
#12491=DIRECTION('',(0.90794894351912,-0.419080798847326,0.));
#12492=DIRECTION('',(0.,0.,1.));
#12493=DIRECTION('',(0.,0.,1.));
#12494=DIRECTION('',(1.,0.,0.));
#12495=DIRECTION('',(0.,0.,1.));
#12496=DIRECTION('',(0.360489717501409,-0.932763187296623,0.));
#12497=DIRECTION('',(0.,0.,1.));
#12498=DIRECTION('',(0.,0.,1.));
#12499=DIRECTION('',(1.,0.,0.));
#12500=DIRECTION('',(0.,-1.,0.));
#12501=DIRECTION('',(0.,0.,-1.));
#12502=DIRECTION('',(0.,0.,1.));
#12503=DIRECTION('',(1.,0.,0.));
#12504=DIRECTION('',(0.,0.,1.));
#12505=DIRECTION('',(-0.382004760380995,-0.924160355699301,0.));
#12506=DIRECTION('',(0.,0.,1.));
#12507=DIRECTION('',(0.,0.,1.));
#12508=DIRECTION('',(1.,0.,0.));
#12509=DIRECTION('',(0.,0.,1.));
#12510=DIRECTION('',(-0.924160355699239,-0.382004760381146,0.));
#12511=DIRECTION('',(0.,0.,1.));
#12512=DIRECTION('',(0.,0.,1.));
#12513=DIRECTION('',(1.,0.,0.));
#12514=DIRECTION('',(-1.,0.,0.));
#12515=DIRECTION('',(0.,0.,1.));
#12516=DIRECTION('',(0.,0.,1.));
#12517=DIRECTION('',(0.,-1.,0.));
#12518=DIRECTION('',(0.,0.,1.));
#12519=DIRECTION('',(-0.924160355698722,0.382004760382395,0.));
#12520=DIRECTION('',(0.,0.,1.));
#12521=DIRECTION('',(0.,0.,1.));
#12522=DIRECTION('',(1.,0.,0.));
#12523=DIRECTION('',(0.,0.,1.));
#12524=DIRECTION('',(-0.382004760382309,0.924160355698758,0.));
#12525=DIRECTION('',(0.,0.,1.));
#12526=DIRECTION('',(0.,0.,1.));
#12527=DIRECTION('',(1.,0.,0.));
#12528=DIRECTION('',(0.,1.,0.));
#12529=DIRECTION('',(0.,0.,1.));
#12530=DIRECTION('',(0.,0.,1.));
#12531=DIRECTION('',(-1.,0.,0.));
#12532=DIRECTION('',(0.,0.,1.));
#12533=DIRECTION('',(0.360489717502987,0.932763187296013,0.));
#12534=DIRECTION('',(0.,0.,1.));
#12535=DIRECTION('',(0.,0.,1.));
#12536=DIRECTION('',(1.,0.,0.));
#12537=DIRECTION('',(0.,0.,1.));
#12538=DIRECTION('',(0.907948943518595,0.419080798848465,0.));
#12539=DIRECTION('',(0.,0.,1.));
#12540=DIRECTION('',(0.,0.,1.));
#12541=DIRECTION('',(1.,0.,0.));
#12542=DIRECTION('',(1.,0.,0.));
#12543=DIRECTION('',(0.,0.,-1.));
#12544=DIRECTION('',(0.,0.,1.));
#12545=DIRECTION('',(0.,1.,0.));
#12546=DIRECTION('',(0.,1.,0.));
#12547=DIRECTION('',(0.,0.,1.));
#12548=DIRECTION('',(0.,0.,1.));
#12549=DIRECTION('',(-1.,0.,0.));
#12550=DIRECTION('',(-1.,0.,0.));
#12551=DIRECTION('',(0.,0.,1.));
#12552=DIRECTION('',(0.,0.,1.));
#12553=DIRECTION('',(0.,-1.,0.));
#12554=DIRECTION('',(0.,0.,1.));
#12555=DIRECTION('',(0.964297839891169,0.264820082284605,0.));
#12556=DIRECTION('',(0.,0.,1.));
#12557=DIRECTION('',(0.,0.,1.));
#12558=DIRECTION('',(1.,0.,0.));
#12559=DIRECTION('',(0.,0.,1.));
#12560=DIRECTION('',(0.704166532999743,0.71003485393544,0.));
#12561=DIRECTION('',(0.,0.,1.));
#12562=DIRECTION('',(0.,0.,1.));
#12563=DIRECTION('',(1.,0.,0.));
#12564=DIRECTION('',(0.,0.,1.));
#12565=DIRECTION('',(0.262655104285838,0.964889784479344,0.));
#12566=DIRECTION('',(0.,0.,1.));
#12567=DIRECTION('',(0.,0.,1.));
#12568=DIRECTION('',(1.,0.,0.));
#12569=DIRECTION('',(0.,-1.,0.));
#12570=DIRECTION('',(0.,0.,-1.));
#12571=DIRECTION('',(0.,0.,1.));
#12572=DIRECTION('',(1.,0.,0.));
#12573=DIRECTION('',(0.,0.,1.));
#12574=DIRECTION('',(-0.265178381847905,0.964199370358914,0.));
#12575=DIRECTION('',(0.,0.,1.));
#12576=DIRECTION('',(0.,0.,1.));
#12577=DIRECTION('',(1.,0.,0.));
#12578=DIRECTION('',(0.,0.,1.));
#12579=DIRECTION('',(-0.706526558921886,0.707686527735268,0.));
#12580=DIRECTION('',(0.,0.,1.));
#12581=DIRECTION('',(0.,0.,1.));
#12582=DIRECTION('',(1.,0.,0.));
#12583=DIRECTION('',(0.,0.,1.));
#12584=DIRECTION('',(-0.964033151014266,0.265782022991596,0.));
#12585=DIRECTION('',(0.,0.,1.));
#12586=DIRECTION('',(0.,0.,1.));
#12587=DIRECTION('',(1.,0.,0.));
#12588=DIRECTION('',(1.,0.,0.));
#12589=DIRECTION('',(0.,0.,-1.));
#12590=DIRECTION('',(0.,0.,1.));
#12591=DIRECTION('',(0.,1.,0.));
#12592=DIRECTION('',(0.,0.,1.));
#12593=DIRECTION('',(-0.964033151014226,-0.265782022991741,0.));
#12594=DIRECTION('',(0.,0.,1.));
#12595=DIRECTION('',(0.,0.,1.));
#12596=DIRECTION('',(1.,0.,0.));
#12597=DIRECTION('',(0.,0.,1.));
#12598=DIRECTION('',(-0.706526558921907,-0.707686527735246,0.));
#12599=DIRECTION('',(0.,0.,1.));
#12600=DIRECTION('',(1.,0.,0.));
#12601=DIRECTION('',(0.,0.,1.));
#12602=DIRECTION('',(1.,0.,0.));
#12603=DIRECTION('',(0.,0.,1.));
#12604=DIRECTION('',(-0.265178381847851,-0.964199370358929,0.));
#12605=DIRECTION('',(0.,0.,1.));
#12606=DIRECTION('',(0.,0.,1.));
#12607=DIRECTION('',(1.,0.,0.));
#12608=DIRECTION('',(0.,0.,1.));
#12609=DIRECTION('',(0.,1.,0.));
#12610=DIRECTION('',(0.,0.,1.));
#12611=DIRECTION('',(0.,0.,1.));
#12612=DIRECTION('',(-1.,0.,0.));
#12613=DIRECTION('',(-1.,0.,0.));
#12614=DIRECTION('',(0.,0.,1.));
#12615=DIRECTION('',(0.,0.,1.));
#12616=DIRECTION('',(0.,-1.,0.));
#12617=DIRECTION('',(0.,-1.,0.));
#12618=DIRECTION('',(0.,0.,-1.));
#12619=DIRECTION('',(0.,0.,1.));
#12620=DIRECTION('',(1.,0.,0.));
#12621=DIRECTION('',(0.,0.,1.));
#12622=DIRECTION('',(-0.362395321078113,-0.932024479968574,0.));
#12623=DIRECTION('',(0.,0.,1.));
#12624=DIRECTION('',(0.,0.,1.));
#12625=DIRECTION('',(1.,0.,0.));
#12626=DIRECTION('',(0.,0.,1.));
#12627=DIRECTION('',(-0.932024479999007,-0.362395320999846,0.));
#12628=DIRECTION('',(0.,0.,1.));
#12629=DIRECTION('',(0.,0.,1.));
#12630=DIRECTION('',(1.,0.,0.));
#12631=DIRECTION('',(-1.,0.,0.));
#12632=DIRECTION('',(0.,0.,1.));
#12633=DIRECTION('',(0.,0.,1.));
#12634=DIRECTION('',(0.,-1.,0.));
#12635=DIRECTION('',(0.,0.,1.));
#12636=DIRECTION('',(-0.931685492929057,0.363265938763242,0.));
#12637=DIRECTION('',(0.,0.,1.));
#12638=DIRECTION('',(0.,0.,1.));
#12639=DIRECTION('',(1.,0.,0.));
#12640=DIRECTION('',(0.,0.,1.));
#12641=DIRECTION('',(-0.345940873237427,0.938256314779563,0.));
#12642=DIRECTION('',(0.,0.,1.));
#12643=DIRECTION('',(0.,0.,1.));
#12644=DIRECTION('',(1.,0.,0.));
#12645=DIRECTION('',(0.,1.,0.));
#12646=DIRECTION('',(0.,0.,1.));
#12647=DIRECTION('',(0.,0.,1.));
#12648=DIRECTION('',(-1.,0.,0.));
#12649=DIRECTION('',(-1.,0.,0.));
#12650=DIRECTION('',(0.,0.,1.));
#12651=DIRECTION('',(0.,0.,1.));
#12652=DIRECTION('',(0.,-1.,0.));
#12653=DIRECTION('',(0.,-1.,0.));
#12654=DIRECTION('',(0.,0.,-1.));
#12655=DIRECTION('',(0.,0.,1.));
#12656=DIRECTION('',(1.,0.,0.));
#12657=DIRECTION('',(0.,0.,1.));
#12658=DIRECTION('',(-0.2651783818479,0.964199370358916,0.));
#12659=DIRECTION('',(0.,0.,1.));
#12660=DIRECTION('',(0.,0.,1.));
#12661=DIRECTION('',(1.,0.,0.));
#12662=DIRECTION('',(0.,0.,1.));
#12663=DIRECTION('',(-0.706526558921888,0.707686527735265,0.));
#12664=DIRECTION('',(0.,0.,1.));
#12665=DIRECTION('',(0.,0.,1.));
#12666=DIRECTION('',(1.,0.,0.));
#12667=DIRECTION('',(0.,0.,1.));
#12668=DIRECTION('',(-0.964033151014263,0.265782022991607,0.));
#12669=DIRECTION('',(0.,0.,1.));
#12670=DIRECTION('',(0.,0.,1.));
#12671=DIRECTION('',(1.,0.,0.));
#12672=DIRECTION('',(1.,0.,0.));
#12673=DIRECTION('',(0.,0.,-1.));
#12674=DIRECTION('',(0.,0.,1.));
#12675=DIRECTION('',(0.,1.,0.));
#12676=DIRECTION('',(0.,0.,1.));
#12677=DIRECTION('',(-0.96403315101427,-0.265782022991581,0.));
#12678=DIRECTION('',(0.,0.,1.));
#12679=DIRECTION('',(0.,0.,1.));
#12680=DIRECTION('',(1.,0.,0.));
#12681=DIRECTION('',(0.,0.,1.));
#12682=DIRECTION('',(-0.706526558921911,-0.707686527735242,0.));
#12683=DIRECTION('',(0.,0.,1.));
#12684=DIRECTION('',(1.,0.,0.));
#12685=DIRECTION('',(0.,0.,1.));
#12686=DIRECTION('',(1.,0.,0.));
#12687=DIRECTION('',(0.,0.,1.));
#12688=DIRECTION('',(1.,0.,0.));
#12689=DIRECTION('',(0.,0.,1.));
#12690=DIRECTION('',(1.,0.,0.));
#12691=DIRECTION('',(0.,0.,1.));
#12692=DIRECTION('',(1.,0.,0.));
#12693=DIRECTION('',(0.,0.,1.));
#12694=DIRECTION('',(1.,0.,0.));
#12695=DIRECTION('',(0.,0.,1.));
#12696=DIRECTION('',(1.,0.,0.));
#12697=DIRECTION('',(0.,-0.707106781186548,-0.707106781186547));
#12698=DIRECTION('',(0.,0.707106781186547,-0.707106781186548));
#12699=DIRECTION('',(0.,-0.707106781186547,0.707106781186548));
#12700=DIRECTION('',(1.,0.,0.));
#12701=DIRECTION('',(0.,-0.707106781186547,0.707106781186548));
#12702=DIRECTION('',(-1.,0.,0.));
#12703=DIRECTION('',(0.,0.,1.));
#12704=DIRECTION('',(0.,-0.707106781186548,-0.707106781186547));
#12705=DIRECTION('',(0.,-0.707106781186547,0.707106781186548));
#12706=DIRECTION('',(0.,-0.707106781186548,-0.707106781186547));
#12707=DIRECTION('',(0.,0.707106781186547,-0.707106781186548));
#12708=DIRECTION('',(0.,-0.707106781186547,0.707106781186548));
#12709=DIRECTION('',(-1.,0.,0.));
#12710=DIRECTION('',(0.,0.,1.));
#12711=DIRECTION('',(0.,-0.707106781186548,-0.707106781186547));
#12712=DIRECTION('',(0.,-0.707106781186547,0.707106781186548));
#12713=DIRECTION('',(1.,0.,0.));
#12714=DIRECTION('',(0.,1.,0.));
#12715=DIRECTION('',(-1.,0.,0.));
#12716=DIRECTION('',(-1.,0.,0.));
#12717=DIRECTION('',(0.,1.,0.));
#12718=DIRECTION('',(-1.,0.,0.));
#12719=DIRECTION('',(-1.,0.,0.));
#12720=DIRECTION('',(0.,0.,-1.));
#12721=DIRECTION('',(-1.,0.,0.));
#12722=DIRECTION('',(1.,0.,0.));
#12723=DIRECTION('',(1.,0.,0.));
#12724=DIRECTION('',(1.,0.,0.));
#12725=DIRECTION('',(0.,0.,-1.));
#12726=DIRECTION('',(1.,0.,0.));
#12727=DIRECTION('',(0.,0.,-1.));
#12728=DIRECTION('',(1.,0.,0.));
#12729=DIRECTION('',(0.,0.,-1.));
#12730=DIRECTION('',(-1.,0.,0.));
#12731=DIRECTION('',(1.,0.,0.));
#12732=DIRECTION('',(0.,0.707106781186547,0.707106781186548));
#12733=DIRECTION('',(-1.,0.,0.));
#12734=DIRECTION('',(-1.,0.,0.));
#12735=DIRECTION('',(0.,-0.707106781186548,0.707106781186548));
#12736=DIRECTION('',(1.,0.,0.));
#12737=DIRECTION('',(0.,0.707106781186547,0.707106781186548));
#12738=DIRECTION('',(-1.,0.,0.));
#12739=DIRECTION('',(-1.,0.,0.));
#12740=DIRECTION('',(0.,-0.707106781186548,0.707106781186548));
#12741=DIRECTION('',(1.,0.,0.));
#12742=DIRECTION('',(0.,1.,0.));
#12743=DIRECTION('',(0.,0.,1.));
#12744=DIRECTION('',(1.,0.,0.));
#12745=DIRECTION('',(0.,1.,0.));
#12746=DIRECTION('',(0.,0.,1.));
#12747=DIRECTION('',(1.,0.,0.));
#12748=DIRECTION('',(0.,0.,1.));
#12749=DIRECTION('',(1.,0.,0.));
#12750=DIRECTION('',(0.,1.,0.));
#12751=DIRECTION('',(0.,0.,1.));
#12752=DIRECTION('',(1.,0.,0.));
#12753=DIRECTION('',(0.,-1.,0.));
#12754=DIRECTION('',(0.,0.,-1.));
#12755=DIRECTION('',(-1.,0.,0.));
#12756=DIRECTION('',(0.,0.,1.));
#12757=DIRECTION('',(1.,0.,0.));
#12758=DIRECTION('',(0.,-0.0174286023739623,-0.999848110374416));
#12759=DIRECTION('',(0.,0.999848110374416,-0.0174286023739623));
#12760=DIRECTION('',(1.,0.,0.));
#12761=DIRECTION('',(0.,-0.0174286023739623,-0.999848110374416));
#12762=DIRECTION('',(0.,0.999848110374416,-0.0174286023739623));
#12763=DIRECTION('',(1.,0.,0.));
#12764=DIRECTION('',(0.,1.,0.));
#12765=DIRECTION('',(0.,0.,1.));
#12766=DIRECTION('',(1.,0.,0.));
#12767=DIRECTION('',(0.,1.,0.));
#12768=DIRECTION('',(0.,0.,1.));
#12769=DIRECTION('',(1.,0.,0.));
#12770=DIRECTION('',(0.,-0.849173832963911,-0.528113436118965));
#12771=DIRECTION('',(0.,0.528113436118965,-0.849173832963911));
#12772=DIRECTION('',(0.,-0.849173832963911,-0.528113436118965));
#12773=DIRECTION('',(0.,0.528113436118965,-0.849173832963911));
#12774=DIRECTION('',(0.,0.,1.));
#12775=DIRECTION('',(1.,0.,0.));
#12776=DIRECTION('',(0.,0.,-1.));
#12777=DIRECTION('',(-1.,0.,0.));
#12778=DIRECTION('',(0.,0.,1.));
#12779=DIRECTION('',(1.,0.,0.));
#12780=DIRECTION('',(0.,0.,1.));
#12781=DIRECTION('',(1.,0.,0.));
#12782=DIRECTION('',(0.,0.,1.));
#12783=DIRECTION('',(1.,0.,0.));
#12784=DIRECTION('',(0.,0.,1.));
#12785=DIRECTION('',(1.,0.,0.));
#12786=DIRECTION('',(0.,0.,1.));
#12787=DIRECTION('',(1.,0.,0.));
#12788=DIRECTION('',(0.,0.,1.));
#12789=DIRECTION('',(1.,0.,0.));
#12790=DIRECTION('',(0.555628647530744,-0.831430578005859,0.));
#12791=DIRECTION('',(0.601586438330178,0.798807709788289,0.));
#12792=DIRECTION('',(0.,1.,0.));
#12793=DIRECTION('',(-1.,0.,0.));
#12794=DIRECTION('',(0.601586438330155,0.798807709788306,0.));
#12795=DIRECTION('',(0.,0.,1.));
#12796=DIRECTION('',(1.,0.,0.));
#12797=DIRECTION('',(0.555628647530744,-0.831430578005859,0.));
#12798=DIRECTION('',(0.601586438330156,0.798807709788306,0.));
#12799=DIRECTION('',(-1.,0.,0.));
#12800=DIRECTION('',(0.,0.,1.));
#12801=DIRECTION('',(1.,0.,0.));
#12802=DIRECTION('',(0.601586438330177,0.798807709788289,0.));
#12803=DIRECTION('',(0.555628647530744,-0.831430578005859,0.));
#12804=DIRECTION('',(0.601586438330182,0.798807709788286,0.));
#12805=DIRECTION('',(0.,1.,0.));
#12806=DIRECTION('',(0.,0.,1.));
#12807=DIRECTION('',(1.,0.,0.));
#12808=DIRECTION('',(0.555628647530745,0.831430578005858,0.));
#12809=DIRECTION('',(-0.601586438342707,0.798807709778853,0.));
#12810=DIRECTION('',(0.,1.,0.));
#12811=DIRECTION('',(-0.601586438342672,0.798807709778879,0.));
#12812=DIRECTION('',(0.,0.,1.));
#12813=DIRECTION('',(1.,0.,0.));
#12814=DIRECTION('',(-0.601586438348242,0.798807709774685,0.));
#12815=DIRECTION('',(0.555628647530745,0.831430578005858,0.));
#12816=DIRECTION('',(-0.601586438330212,0.798807709788263,0.));
#12817=DIRECTION('',(-1.,0.,0.));
#12818=DIRECTION('',(0.,1.,0.));
#12819=DIRECTION('',(-1.,0.,0.));
#12820=DIRECTION('',(0.,0.,1.));
#12821=DIRECTION('',(-1.,0.,0.));
#12822=DIRECTION('',(0.,0.,1.));
#12823=DIRECTION('',(0.,1.,0.));
#12824=DIRECTION('',(0.,0.,1.));
#12825=DIRECTION('',(0.,0.,-1.));
#12826=DIRECTION('',(0.,1.,0.));
#12827=DIRECTION('',(0.,0.,1.));
#12828=DIRECTION('',(0.,1.,0.));
#12829=DIRECTION('',(0.,0.880233326355357,-0.474541137493246));
#12830=DIRECTION('',(0.,0.378825321252511,-0.925468192850479));
#12831=DIRECTION('',(0.,1.,0.));
#12832=DIRECTION('',(0.,0.,-1.));
#12833=DIRECTION('',(0.,1.,0.));
#12834=DIRECTION('',(0.,0.,-1.));
#12835=DIRECTION('',(0.,1.,0.));
#12836=DIRECTION('',(0.,0.,1.));
#12837=DIRECTION('',(0.,0.,1.));
#12838=DIRECTION('',(0.,0.,-1.));
#12839=DIRECTION('',(1.,0.,0.));
#12840=DIRECTION('',(0.,-1.,0.));
#12841=DIRECTION('',(1.,0.,0.));
#12842=DIRECTION('',(0.,-1.,0.));
#12843=DIRECTION('',(-1.,0.,0.));
#12844=DIRECTION('',(0.,0.,-1.));
#12845=DIRECTION('',(1.,0.,0.));
#12846=DIRECTION('',(0.,-1.,0.));
#12847=DIRECTION('',(1.,0.,0.));
#12848=DIRECTION('',(0.,-1.,0.));
#12849=DIRECTION('',(1.,0.,0.));
#12850=DIRECTION('',(0.,0.,-1.));
#12851=DIRECTION('',(1.,0.,0.));
#12852=DIRECTION('',(0.,-1.,0.));
#12853=DIRECTION('',(1.,0.,0.));
#12854=DIRECTION('',(0.,-1.,0.));
#12855=DIRECTION('',(1.,0.,0.));
#12856=DIRECTION('',(0.,0.,-1.));
#12857=DIRECTION('',(1.,0.,0.));
#12858=DIRECTION('',(1.,0.,0.));
#12859=DIRECTION('',(0.,-1.,0.));
#12860=DIRECTION('',(1.,0.,0.));
#12861=DIRECTION('',(0.,-1.,0.));
#12862=DIRECTION('',(1.,0.,0.));
#12863=DIRECTION('',(0.,0.,-1.));
#12864=DIRECTION('',(0.,0.,1.));
#12865=DIRECTION('',(0.,-1.,0.));
#12866=DIRECTION('',(0.,0.,1.));
#12867=DIRECTION('',(0.,0.,1.));
#12868=DIRECTION('',(0.,-1.,0.));
#12869=DIRECTION('',(0.,0.,1.));
#12870=DIRECTION('',(0.,0.,1.));
#12871=DIRECTION('',(0.,-1.,0.));
#12872=DIRECTION('',(0.,0.,1.));
#12873=DIRECTION('',(0.,0.,1.));
#12874=DIRECTION('',(0.,-1.,0.));
#12875=DIRECTION('',(0.,0.,1.));
#12876=DIRECTION('',(0.,-1.,0.));
#12877=DIRECTION('',(0.,0.,-1.));
#12878=DIRECTION('',(0.,-1.,0.));
#12879=DIRECTION('',(0.,-1.,0.));
#12880=DIRECTION('',(0.,0.,-1.));
#12881=DIRECTION('',(0.,0.,1.));
#12882=DIRECTION('',(1.,0.,0.));
#12883=DIRECTION('',(1.,0.,0.));
#12884=DIRECTION('',(0.,1.,0.));
#12885=DIRECTION('',(1.,0.,0.));
#12886=DIRECTION('',(1.,0.,0.));
#12887=DIRECTION('',(0.,-1.,0.));
#12888=DIRECTION('',(-1.,0.,0.));
#12889=DIRECTION('',(0.,0.,1.));
#12890=DIRECTION('',(1.,0.,0.));
#12891=DIRECTION('',(0.707106781186548,-0.707106781186548,0.));
#12892=DIRECTION('',(0.,1.,0.));
#12893=DIRECTION('',(-1.,-6.91725819465217E-16,0.));
#12894=DIRECTION('',(-7.85384966307247E-16,1.,0.));
#12895=DIRECTION('',(1.,0.,0.));
#12896=DIRECTION('',(0.,1.,0.));
#12897=DIRECTION('',(-1.,0.,0.));
#12898=DIRECTION('',(0.,1.,0.));
#12899=DIRECTION('',(1.,0.,0.));
#12900=DIRECTION('',(0.,0.,1.));
#12901=DIRECTION('',(1.,0.,0.));
#12902=DIRECTION('',(0.,0.,1.));
#12903=DIRECTION('',(1.,0.,0.));
#12904=DIRECTION('',(0.,-1.,0.));
#12905=DIRECTION('',(-1.,0.,0.));
#12906=DIRECTION('',(0.,1.,0.));
#12907=DIRECTION('',(0.,0.,1.));
#12908=DIRECTION('',(1.,0.,0.));
#12909=DIRECTION('',(0.,0.,1.));
#12910=DIRECTION('',(1.,0.,0.));
#12911=DIRECTION('',(-1.,-6.57531599699091E-16,0.));
#12912=DIRECTION('',(0.,0.,1.));
#12913=DIRECTION('',(1.,0.,0.));
#12914=DIRECTION('',(0.,0.,1.));
#12915=DIRECTION('',(1.,0.,0.));
#12916=DIRECTION('',(0.,-1.,0.));
#12917=DIRECTION('',(0.,0.,1.));
#12918=DIRECTION('',(1.,0.,0.));
#12919=DIRECTION('',(0.,0.,1.));
#12920=DIRECTION('',(1.,0.,0.));
#12921=DIRECTION('',(1.,6.57531599699091E-16,0.));
#12922=DIRECTION('',(0.,0.,1.));
#12923=DIRECTION('',(1.,0.,0.));
#12924=DIRECTION('',(0.,0.,1.));
#12925=DIRECTION('',(1.,0.,0.));
#12926=DIRECTION('',(0.,1.,0.));
#12927=DIRECTION('',(-1.,-8.67462589823536E-16,0.));
#12928=DIRECTION('',(0.,1.,0.));
#12929=DIRECTION('',(1.,9.55399663343135E-16,0.));
#12930=DIRECTION('',(1.05143925762458E-15,-1.,0.));
#12931=DIRECTION('',(0.,0.,1.));
#12932=DIRECTION('',(1.,0.,0.));
#12933=DIRECTION('',(0.,0.,1.));
#12934=DIRECTION('',(1.,0.,0.));
#12935=DIRECTION('',(-1.,-6.92889196839415E-16,0.));
#12936=DIRECTION('',(-2.39478722740592E-16,1.,0.));
#12937=DIRECTION('',(-0.707106781186548,-0.707106781186547,0.));
#12938=DIRECTION('',(-1.,0.,0.));
#12939=DIRECTION('',(0.,0.,1.));
#12940=DIRECTION('',(1.,0.,0.));
#12941=DIRECTION('',(-1.,0.,0.));
#12942=DIRECTION('',(-1.,-5.31588414327819E-16,0.));
#12943=DIRECTION('',(-6.02051824052401E-16,1.,0.));
#12944=DIRECTION('',(-1.,-9.61491478412273E-16,0.));
#12945=DIRECTION('',(-5.31588414327819E-16,1.,0.));
#12946=DIRECTION('',(1.,7.85384966307247E-16,0.));
#12947=DIRECTION('',(1.06317682865564E-15,-1.,0.));
#12948=DIRECTION('',(-1.,-9.65081046598345E-16,0.));
#12949=DIRECTION('',(6.02051824052401E-16,-1.,0.));
#12950=DIRECTION('',(-1.,-6.91450883596445E-16,0.));
#12951=DIRECTION('',(-1.07967002528156E-15,1.,0.));
#12952=DIRECTION('',(1.,6.91450883596445E-16,0.));
#12953=DIRECTION('',(0.,-1.,0.));
#12954=DIRECTION('',(-1.,-5.35363006618904E-16,0.));
#12955=DIRECTION('',(-7.86408936276357E-16,1.,0.));
#12956=DIRECTION('',(1.,4.87480323914843E-16,0.));
#12957=DIRECTION('',(0.,0.,1.));
#12958=DIRECTION('',(1.,0.,0.));
#12959=DIRECTION('',(0.,0.,1.));
#12960=DIRECTION('',(1.,0.,0.));
#12961=DIRECTION('',(7.28473012227012E-16,-1.,0.));
#12962=DIRECTION('',(0.,0.,1.));
#12963=DIRECTION('',(1.,0.,0.));
#12964=DIRECTION('',(0.,0.,1.));
#12965=DIRECTION('',(1.,0.,0.));
#12966=DIRECTION('',(-0.999997019365275,-0.00244156928341777,0.));
#12967=DIRECTION('',(1.14963593543323E-15,-1.,0.));
#12968=DIRECTION('',(-1.,0.,0.));
#12969=DIRECTION('',(0.,0.,1.));
#12970=DIRECTION('',(1.,0.,0.));
#12971=DIRECTION('',(0.,-1.,0.));
#12972=DIRECTION('',(0.707106781186548,-0.707106781186547,0.));
#12973=DIRECTION('',(-1.,0.,0.));
#12974=DIRECTION('',(0.707106781186548,-0.707106781186547,0.));
#12975=DIRECTION('',(0.,-1.,0.));
#12976=DIRECTION('',(-1.,-6.91725819465217E-16,0.));
#12977=DIRECTION('',(0.,0.,1.));
#12978=DIRECTION('',(1.,0.,0.));
#12979=DIRECTION('',(0.,1.,0.));
#12980=DIRECTION('',(0.707106781186547,-0.707106781186548,0.));
#12981=DIRECTION('',(-1.,0.,0.));
#12982=DIRECTION('',(0.,1.,0.));
#12983=DIRECTION('',(0.555628647530744,-0.831430578005859,0.));
#12984=DIRECTION('',(-1.,0.,0.));
#12985=DIRECTION('',(0.,1.,0.));
#12986=DIRECTION('',(1.,0.,0.));
#12987=DIRECTION('',(0.,-1.,0.));
#12988=DIRECTION('',(-1.,-5.3346903371813E-16,0.));
#12989=DIRECTION('',(0.,-1.,0.));
#12990=DIRECTION('',(1.,6.63559575493912E-16,0.));
#12991=DIRECTION('',(0.,-1.,0.));
#12992=DIRECTION('',(-1.,-6.63559575493912E-16,0.));
#12993=DIRECTION('',(0.,-1.,0.));
#12994=DIRECTION('',(1.,5.3346903371813E-16,0.));
#12995=DIRECTION('',(0.,-1.,0.));
#12996=DIRECTION('',(-1.,-6.91725819465217E-16,0.));
#12997=DIRECTION('',(0.,0.,1.));
#12998=DIRECTION('',(1.,0.,0.));
#12999=DIRECTION('',(1.,0.,0.));
#13000=DIRECTION('',(0.,1.,0.));
#13001=DIRECTION('',(-1.,0.,0.));
#13002=DIRECTION('',(0.,1.,0.));
#13003=DIRECTION('',(0.,0.,1.));
#13004=DIRECTION('',(1.,0.,0.));
#13005=DIRECTION('',(-1.,-6.92889196839415E-16,0.));
#13006=DIRECTION('',(0.,-1.,0.));
#13007=DIRECTION('',(0.707106781186547,0.707106781186548,0.));
#13008=DIRECTION('',(-1.,0.,0.));
#13009=DIRECTION('',(0.707106781186547,0.707106781186548,0.));
#13010=DIRECTION('',(0.,-1.,0.));
#13011=DIRECTION('',(0.,0.,1.));
#13012=DIRECTION('',(1.,0.,0.));
#13013=DIRECTION('',(-0.707106781186547,-0.707106781186548,0.));
#13014=DIRECTION('',(0.,1.,0.));
#13015=DIRECTION('',(0.,0.,1.));
#13016=DIRECTION('',(1.,0.,0.));
#13017=DIRECTION('',(0.,1.,0.));
#13018=DIRECTION('',(0.,0.,1.));
#13019=DIRECTION('',(1.,0.,0.));
#13020=DIRECTION('',(0.,1.,0.));
#13021=DIRECTION('',(-1.,0.,0.));
#13022=DIRECTION('',(0.555628647530744,0.831430578005859,0.));
#13023=DIRECTION('',(-1.,0.,0.));
#13024=DIRECTION('',(0.,0.,1.));
#13025=DIRECTION('',(1.,0.,0.));
#13026=DIRECTION('',(1.,0.,0.));
#13027=DIRECTION('',(0.,1.,0.));
#13028=DIRECTION('',(-1.,0.,0.));
#13029=DIRECTION('',(0.,1.,0.));
#13030=DIRECTION('',(0.,0.,-1.));
#13031=DIRECTION('',(-1.,0.,0.));
#13032=DIRECTION('',(0.,-0.474541137493246,-0.880233326355357));
#13033=DIRECTION('',(0.,0.880233326355357,-0.474541137493246));
#13034=DIRECTION('',(0.,-0.925468192850479,-0.378825321252511));
#13035=DIRECTION('',(0.,0.378825321252511,-0.925468192850479));
#13036=DIRECTION('',(0.,-0.925468192850479,-0.378825321252511));
#13037=DIRECTION('',(0.,0.378825321252511,-0.925468192850479));
#13038=DIRECTION('',(-1.,0.,0.));
#13039=DIRECTION('',(0.,0.,1.));
#13040=DIRECTION('',(0.,1.,0.));
#13041=DIRECTION('',(0.,0.,1.));
#13042=DIRECTION('',(0.,0.,1.));
#13043=DIRECTION('',(0.,1.,0.));
#13044=DIRECTION('',(0.,0.,-1.));
#13045=DIRECTION('',(0.,1.,0.));
#13046=DIRECTION('',(0.,0.,-1.));
#13047=DIRECTION('',(0.,0.378825321252511,-0.925468192850479));
#13048=DIRECTION('',(0.,0.880233326355357,-0.474541137493246));
#13049=DIRECTION('',(0.,0.,1.));
#13050=DIRECTION('',(0.,1.,0.));
#13051=DIRECTION('',(0.,0.,-1.));
#13052=DIRECTION('',(0.,0.,1.));
#13053=DIRECTION('',(1.,0.,0.));
#13054=DIRECTION('',(0.,0.,-1.));
#13055=DIRECTION('',(0.,-1.,0.));
#13056=DIRECTION('',(0.,0.,-1.));
#13057=DIRECTION('',(-1.,0.,0.));
#13058=DIRECTION('',(0.,0.,1.));
#13059=DIRECTION('',(-1.,0.,0.));
#13060=DIRECTION('',(0.,0.,1.));
#13061=DIRECTION('',(-1.,0.,0.));
#13062=DIRECTION('',(0.,0.,-1.));
#13063=DIRECTION('',(-1.,0.,0.));
#13064=DIRECTION('',(0.,0.,-1.));
#13065=DIRECTION('',(0.,0.,-1.));
#13066=DIRECTION('',(-1.,0.,0.));
#13067=DIRECTION('',(0.,0.,-1.));
#13068=DIRECTION('',(0.,0.,-1.));
#13069=DIRECTION('',(-1.,0.,0.));
#13070=DIRECTION('',(0.,0.,-1.));
#13071=DIRECTION('',(0.,0.,-1.));
#13072=DIRECTION('',(-1.,0.,0.));
#13073=DIRECTION('',(0.,0.,-1.));
#13074=DIRECTION('',(0.,0.,-1.));
#13075=DIRECTION('',(-1.,0.,0.));
#13076=DIRECTION('',(0.,0.,-1.));
#13077=DIRECTION('',(0.,0.,-1.));
#13078=DIRECTION('',(-1.,0.,0.));
#13079=DIRECTION('',(0.,0.,-1.));
#13080=DIRECTION('',(0.,0.,1.));
#13081=DIRECTION('',(0.,-1.,0.));
#13082=DIRECTION('',(0.,0.,-1.));
#13083=DIRECTION('',(1.,0.,0.));
#13084=DIRECTION('',(1.,0.,0.));
#13085=DIRECTION('',(0.,0.,-1.));
#13086=DIRECTION('',(1.,0.,0.));
#13087=DIRECTION('',(1.,0.,0.));
#13088=DIRECTION('',(0.,0.,-1.));
#13089=DIRECTION('',(-0.831430578005859,0.555628647530745,0.));
#13090=DIRECTION('',(-0.555628647530745,-0.831430578005859,0.));
#13091=DIRECTION('',(0.,0.,1.));
#13092=DIRECTION('',(0.555628647530745,0.831430578005858,0.));
#13093=DIRECTION('',(0.555628647530745,0.831430578005858,0.));
#13094=DIRECTION('',(0.,0.,-1.));
#13095=DIRECTION('',(0.555628647530745,0.831430578005858,0.));
#13096=DIRECTION('',(0.,0.,1.));
#13097=DIRECTION('',(0.,0.,1.));
#13098=DIRECTION('',(0.555628647530745,0.831430578005858,0.));
#13099=DIRECTION('',(0.,0.,1.));
#13100=DIRECTION('',(-0.831430578005859,0.555628647530744,0.));
#13101=DIRECTION('',(-0.555628647530744,-0.831430578005859,0.));
#13102=DIRECTION('',(0.555628647530744,0.831430578005859,0.));
#13103=DIRECTION('',(-0.798807709788252,-0.601586438330226,0.));
#13104=DIRECTION('',(0.601586438330226,-0.798807709788252,0.));
#13105=DIRECTION('',(-0.601586438330226,0.798807709788252,0.));
#13106=DIRECTION('',(-0.601586438330226,0.798807709788252,0.));
#13107=DIRECTION('',(0.,0.,1.));
#13108=DIRECTION('',(1.,0.,0.));
#13109=DIRECTION('',(0.831430578005859,0.555628647530744,0.));
#13110=DIRECTION('',(-0.555628647530744,0.831430578005859,0.));
#13111=DIRECTION('',(0.555628647530744,-0.831430578005859,0.));
#13112=DIRECTION('',(0.831430578005859,0.555628647530744,0.));
#13113=DIRECTION('',(-0.555628647530744,0.831430578005859,0.));
#13114=DIRECTION('',(0.555628647530744,-0.831430578005859,0.));
#13115=DIRECTION('',(0.555628647530744,-0.831430578005859,0.));
#13116=DIRECTION('',(0.,0.,1.));
#13117=DIRECTION('',(0.,0.,1.));
#13118=DIRECTION('',(0.555628647530738,-0.831430578005863,0.));
#13119=DIRECTION('',(0.,0.,1.));
#13120=DIRECTION('',(0.,0.,1.));
#13121=DIRECTION('',(0.555628647530737,-0.831430578005864,0.));
#13122=DIRECTION('',(0.,0.,1.));
#13123=DIRECTION('',(0.,0.,1.));
#13124=DIRECTION('',(1.,0.,0.));
#13125=DIRECTION('',(0.,-0.925468192850479,-0.378825321252511));
#13126=DIRECTION('',(0.,0.378825321252511,-0.925468192850479));
#13127=DIRECTION('',(1.,0.,0.));
#13128=DIRECTION('',(-1.,0.,0.));
#13129=DIRECTION('',(-1.,0.,0.));
#13130=DIRECTION('',(0.,-0.925468192850479,-0.378825321252511));
#13131=DIRECTION('',(0.,0.378825321252511,-0.925468192850479));
#13132=DIRECTION('',(-1.,0.,0.));
#13133=DIRECTION('',(-1.,0.,0.));
#13134=DIRECTION('',(1.,0.,0.));
#13135=DIRECTION('',(0.,-0.474541137493246,-0.880233326355357));
#13136=DIRECTION('',(0.,0.880233326355357,-0.474541137493246));
#13137=DIRECTION('',(0.,-1.,0.));
#13138=DIRECTION('',(0.,0.,-1.));
#13139=DIRECTION('',(0.,0.,1.));
#13140=DIRECTION('',(1.,0.,0.));
#13141=DIRECTION('',(0.,0.,1.));
#13142=DIRECTION('',(0.,0.,-1.));
#13143=DIRECTION('',(1.,9.13012355777267E-16,0.));
#13144=DIRECTION('',(0.,0.,-1.));
#13145=DIRECTION('',(0.,0.,-1.));
#13146=DIRECTION('',(1.,9.13012355777269E-16,0.));
#13147=DIRECTION('',(0.,0.,-1.));
#13148=DIRECTION('',(1.,7.85384966307247E-16,0.));
#13149=DIRECTION('',(-7.85384966307247E-16,1.,0.));
#13150=DIRECTION('',(0.,0.,1.));
#13151=DIRECTION('',(-7.85384966307247E-16,1.,0.));
#13152=DIRECTION('',(-6.91725819465217E-16,1.,0.));
#13153=DIRECTION('',(-1.,-6.91725819465217E-16,0.));
#13154=DIRECTION('',(0.,0.,1.));
#13155=DIRECTION('',(-1.,-6.91725819465217E-16,0.));
#13156=DIRECTION('',(0.,0.,-1.));
#13157=DIRECTION('',(-1.,-6.84759266832951E-16,0.));
#13158=DIRECTION('',(0.,0.,-1.));
#13159=DIRECTION('',(0.,0.,-1.));
#13160=DIRECTION('',(-1.,-4.56506177888634E-16,0.));
#13161=DIRECTION('',(0.,0.,-1.));
#13162=DIRECTION('',(-1.,0.,0.));
#13163=DIRECTION('',(0.,0.,1.));
#13164=DIRECTION('',(0.,0.,1.));
#13165=DIRECTION('',(0.,-1.,0.));
#13166=DIRECTION('',(5.3346903371813E-16,-1.,0.));
#13167=DIRECTION('',(1.,5.3346903371813E-16,0.));
#13168=DIRECTION('',(0.,0.,1.));
#13169=DIRECTION('',(1.,5.3346903371813E-16,0.));
#13170=DIRECTION('',(-1.,0.,0.));
#13171=DIRECTION('',(0.,0.,1.));
#13172=DIRECTION('',(0.,0.,1.));
#13173=DIRECTION('',(0.,-1.,0.));
#13174=DIRECTION('',(-6.63559575493912E-16,1.,0.));
#13175=DIRECTION('',(-1.,-6.63559575493912E-16,0.));
#13176=DIRECTION('',(0.,0.,1.));
#13177=DIRECTION('',(-1.,-6.63559575493912E-16,0.));
#13178=DIRECTION('',(-1.,0.,0.));
#13179=DIRECTION('',(0.,0.,1.));
#13180=DIRECTION('',(0.,0.,1.));
#13181=DIRECTION('',(0.,-1.,0.));
#13182=DIRECTION('',(6.63559575493912E-16,-1.,0.));
#13183=DIRECTION('',(1.,6.63559575493912E-16,0.));
#13184=DIRECTION('',(0.,0.,1.));
#13185=DIRECTION('',(1.,6.63559575493912E-16,0.));
#13186=DIRECTION('',(-1.,0.,0.));
#13187=DIRECTION('',(0.,0.,1.));
#13188=DIRECTION('',(0.,0.,1.));
#13189=DIRECTION('',(0.,-1.,0.));
#13190=DIRECTION('',(-5.3346903371813E-16,1.,0.));
#13191=DIRECTION('',(-1.,-5.3346903371813E-16,0.));
#13192=DIRECTION('',(0.,0.,1.));
#13193=DIRECTION('',(-1.,-5.3346903371813E-16,0.));
#13194=DIRECTION('',(-1.,0.,0.));
#13195=DIRECTION('',(0.,0.,1.));
#13196=DIRECTION('',(0.,-1.,0.));
#13197=DIRECTION('',(0.,0.,1.));
#13198=DIRECTION('',(1.,0.,0.));
#13199=DIRECTION('',(1.,1.07967002528156E-15,0.));
#13200=DIRECTION('',(-1.07967002528156E-15,1.,0.));
#13201=DIRECTION('',(0.,0.,1.));
#13202=DIRECTION('',(-1.07967002528156E-15,1.,0.));
#13203=DIRECTION('',(0.,0.,1.));
#13204=DIRECTION('',(-6.91450883596445E-16,1.,0.));
#13205=DIRECTION('',(-1.,-6.91450883596445E-16,0.));
#13206=DIRECTION('',(0.,0.,1.));
#13207=DIRECTION('',(-1.,-6.91450883596445E-16,0.));
#13208=DIRECTION('',(-1.,0.,0.));
#13209=DIRECTION('',(0.,0.,1.));
#13210=DIRECTION('',(0.,0.,1.));
#13211=DIRECTION('',(0.,-1.,0.));
#13212=DIRECTION('',(6.91450883596445E-16,-1.,0.));
#13213=DIRECTION('',(1.,6.91450883596445E-16,0.));
#13214=DIRECTION('',(1.,6.91450883596445E-16,0.));
#13215=DIRECTION('',(0.,0.,1.));
#13216=DIRECTION('',(1.,0.,0.));
#13217=DIRECTION('',(1.,6.02051824052401E-16,0.));
#13218=DIRECTION('',(-6.02051824052401E-16,1.,0.));
#13219=DIRECTION('',(0.,0.,1.));
#13220=DIRECTION('',(-6.02051824052401E-16,1.,0.));
#13221=DIRECTION('',(0.,0.,1.));
#13222=DIRECTION('',(-5.31588414327819E-16,1.,0.));
#13223=DIRECTION('',(-1.,-5.31588414327819E-16,0.));
#13224=DIRECTION('',(0.,0.,1.));
#13225=DIRECTION('',(-1.,-5.31588414327819E-16,0.));
#13226=DIRECTION('',(-1.,-6.02051824052401E-16,0.));
#13227=DIRECTION('',(6.02051824052401E-16,-1.,0.));
#13228=DIRECTION('',(0.,0.,1.));
#13229=DIRECTION('',(6.02051824052401E-16,-1.,0.));
#13230=DIRECTION('',(-9.65081046598345E-16,1.,0.));
#13231=DIRECTION('',(-1.,-9.65081046598345E-16,0.));
#13232=DIRECTION('',(0.,0.,1.));
#13233=DIRECTION('',(-1.,-9.65081046598345E-16,0.));
#13234=DIRECTION('',(-1.,-1.06317682865564E-15,0.));
#13235=DIRECTION('',(1.06317682865564E-15,-1.,0.));
#13236=DIRECTION('',(0.,0.,1.));
#13237=DIRECTION('',(1.06317682865564E-15,-1.,0.));
#13238=DIRECTION('',(7.85384966307247E-16,-1.,0.));
#13239=DIRECTION('',(1.,7.85384966307247E-16,0.));
#13240=DIRECTION('',(0.,0.,1.));
#13241=DIRECTION('',(1.,7.85384966307247E-16,0.));
#13242=DIRECTION('',(1.,5.31588414327819E-16,0.));
#13243=DIRECTION('',(-5.31588414327819E-16,1.,0.));
#13244=DIRECTION('',(0.,0.,1.));
#13245=DIRECTION('',(-5.31588414327819E-16,1.,0.));
#13246=DIRECTION('',(-9.61491478412273E-16,1.,0.));
#13247=DIRECTION('',(-1.,-9.61491478412273E-16,0.));
#13248=DIRECTION('',(-1.,-9.61491478412273E-16,0.));
#13249=DIRECTION('',(0.,0.,1.));
#13250=DIRECTION('',(1.,0.,0.));
#13251=DIRECTION('',(6.57531599699091E-16,-1.,0.));
#13252=DIRECTION('',(1.,6.57531599699091E-16,0.));
#13253=DIRECTION('',(1.,6.57531599699091E-16,0.));
#13254=DIRECTION('',(0.,0.,1.));
#13255=DIRECTION('',(1.,6.57531599699091E-16,0.));
#13256=DIRECTION('',(0.,0.,1.));
#13257=DIRECTION('',(0.,0.,1.));
#13258=DIRECTION('',(-0.334380693097591,-0.942438089257631,0.));
#13259=DIRECTION('',(0.,0.,1.));
#13260=DIRECTION('',(1.,0.,0.));
#13261=DIRECTION('',(0.,0.,1.));
#13262=DIRECTION('',(0.,0.,1.));
#13263=DIRECTION('',(1.,0.,0.));
#13264=DIRECTION('',(0.,0.,1.));
#13265=DIRECTION('',(-0.911928125712967,-0.410349964705292,0.));
#13266=DIRECTION('',(0.,0.,1.));
#13267=DIRECTION('',(1.,0.,0.));
#13268=DIRECTION('',(0.,0.,1.));
#13269=DIRECTION('',(0.,0.,1.));
#13270=DIRECTION('',(1.,0.,0.));
#13271=DIRECTION('',(-1.,0.,0.));
#13272=DIRECTION('',(0.,0.,1.));
#13273=DIRECTION('',(0.,-1.,0.));
#13274=DIRECTION('',(0.,0.,1.));
#13275=DIRECTION('',(0.,-1.,0.));
#13276=DIRECTION('',(0.,0.,1.));
#13277=DIRECTION('',(-0.924160355699176,0.382004760381297,0.));
#13278=DIRECTION('',(0.,0.,1.));
#13279=DIRECTION('',(1.,0.,0.));
#13280=DIRECTION('',(0.,0.,1.));
#13281=DIRECTION('',(0.,0.,1.));
#13282=DIRECTION('',(1.,0.,0.));
#13283=DIRECTION('',(0.,0.,1.));
#13284=DIRECTION('',(-0.382004760381495,0.924160355699094,0.));
#13285=DIRECTION('',(0.,0.,1.));
#13286=DIRECTION('',(1.,0.,0.));
#13287=DIRECTION('',(0.,0.,1.));
#13288=DIRECTION('',(0.,0.,1.));
#13289=DIRECTION('',(1.,0.,0.));
#13290=DIRECTION('',(-6.57531599699091E-16,1.,0.));
#13291=DIRECTION('',(-1.,-6.57531599699091E-16,0.));
#13292=DIRECTION('',(-1.,-6.57531599699091E-16,0.));
#13293=DIRECTION('',(0.,0.,1.));
#13294=DIRECTION('',(-1.,-6.57531599699091E-16,0.));
#13295=DIRECTION('',(0.,0.,1.));
#13296=DIRECTION('',(0.360489717505468,0.932763187295054,0.));
#13297=DIRECTION('',(0.,0.,1.));
#13298=DIRECTION('',(1.,0.,0.));
#13299=DIRECTION('',(0.,0.,1.));
#13300=DIRECTION('',(0.,0.,1.));
#13301=DIRECTION('',(1.,0.,0.));
#13302=DIRECTION('',(0.,0.,1.));
#13303=DIRECTION('',(0.907948943518951,0.419080798847694,0.));
#13304=DIRECTION('',(0.,0.,1.));
#13305=DIRECTION('',(1.,0.,0.));
#13306=DIRECTION('',(0.,0.,1.));
#13307=DIRECTION('',(0.,0.,1.));
#13308=DIRECTION('',(1.,0.,0.));
#13309=DIRECTION('',(1.,7.6805049336668E-16,0.));
#13310=DIRECTION('',(-7.6805049336668E-16,1.,0.));
#13311=DIRECTION('',(-7.6805049336668E-16,1.,0.));
#13312=DIRECTION('',(0.,0.,1.));
#13313=DIRECTION('',(-7.6805049336668E-16,1.,0.));
#13314=DIRECTION('',(0.,0.,1.));
#13315=DIRECTION('',(0.894152629502848,-0.447762297601242,0.));
#13316=DIRECTION('',(0.,0.,1.));
#13317=DIRECTION('',(1.,0.,0.));
#13318=DIRECTION('',(0.,0.,1.));
#13319=DIRECTION('',(0.,0.,1.));
#13320=DIRECTION('',(1.,0.,0.));
#13321=DIRECTION('',(1.,7.86408936276357E-16,0.));
#13322=DIRECTION('',(-7.86408936276357E-16,1.,0.));
#13323=DIRECTION('',(0.,0.,1.));
#13324=DIRECTION('',(-7.86408936276357E-16,1.,0.));
#13325=DIRECTION('',(0.,0.,1.));
#13326=DIRECTION('',(-5.35363006618904E-16,1.,0.));
#13327=DIRECTION('',(-1.,-5.35363006618904E-16,0.));
#13328=DIRECTION('',(0.,0.,1.));
#13329=DIRECTION('',(-1.,-5.35363006618904E-16,0.));
#13330=DIRECTION('',(-1.,-1.14963593543323E-15,0.));
#13331=DIRECTION('',(1.14963593543323E-15,-1.,0.));
#13332=DIRECTION('',(0.,0.,1.));
#13333=DIRECTION('',(1.14963593543323E-15,-1.,0.));
#13334=DIRECTION('',(-0.00244156928341777,0.999997019365275,0.));
#13335=DIRECTION('',(-0.999997019365275,-0.00244156928341777,0.));
#13336=DIRECTION('',(0.,0.,1.));
#13337=DIRECTION('',(-0.999997019365275,-0.00244156928341777,0.));
#13338=DIRECTION('',(0.,0.,1.));
#13339=DIRECTION('',(0.,0.,1.));
#13340=DIRECTION('',(0.70362492648173,-0.710571574743586,0.));
#13341=DIRECTION('',(0.,0.,1.));
#13342=DIRECTION('',(0.,0.,1.));
#13343=DIRECTION('',(1.,0.,0.));
#13344=DIRECTION('',(0.,0.,1.));
#13345=DIRECTION('',(0.964793297795458,-0.263009301221394,0.));
#13346=DIRECTION('',(0.,0.,1.));
#13347=DIRECTION('',(0.,0.,1.));
#13348=DIRECTION('',(1.,0.,0.));
#13349=DIRECTION('',(-1.,-7.28473012227012E-16,0.));
#13350=DIRECTION('',(7.28473012227012E-16,-1.,0.));
#13351=DIRECTION('',(0.,0.,1.));
#13352=DIRECTION('',(7.28473012227012E-16,-1.,0.));
#13353=DIRECTION('',(0.,0.,1.));
#13354=DIRECTION('',(0.,0.,1.));
#13355=DIRECTION('',(0.704747044237787,0.709458669436144,0.));
#13356=DIRECTION('',(0.,0.,1.));
#13357=DIRECTION('',(0.,0.,1.));
#13358=DIRECTION('',(1.,0.,0.));
#13359=DIRECTION('',(0.,0.,1.));
#13360=DIRECTION('',(0.26361155214702,0.964628918068829,0.));
#13361=DIRECTION('',(0.,0.,1.));
#13362=DIRECTION('',(0.,0.,1.));
#13363=DIRECTION('',(1.,0.,0.));
#13364=DIRECTION('',(4.87480323914843E-16,-1.,0.));
#13365=DIRECTION('',(1.,4.87480323914843E-16,0.));
#13366=DIRECTION('',(1.,4.87480323914843E-16,0.));
#13367=DIRECTION('',(0.,0.,1.));
#13368=DIRECTION('',(0.314102252910392,-0.949389158731348,0.));
#13369=DIRECTION('',(0.,0.,1.));
#13370=DIRECTION('',(1.,0.,0.));
#13371=DIRECTION('',(0.,0.,1.));
#13372=DIRECTION('',(1.,0.,0.));
#13373=DIRECTION('',(0.,0.,1.));
#13374=DIRECTION('',(1.,0.,0.));
#13375=DIRECTION('',(0.,-1.,0.));
#13376=DIRECTION('',(0.,0.,-1.));
#13377=DIRECTION('',(0.,0.,-1.));
#13378=DIRECTION('',(1.,0.,0.));
#13379=DIRECTION('',(0.,0.,-1.));
#13380=DIRECTION('',(1.,0.,0.));
#13381=DIRECTION('',(0.,0.,1.));
#13382=DIRECTION('',(1.,0.,0.));
#13383=DIRECTION('',(0.,0.,1.));
#13384=DIRECTION('',(0.,0.,-1.));
#13385=DIRECTION('',(1.,9.13012355777267E-16,0.));
#13386=DIRECTION('',(0.,0.,-1.));
#13387=DIRECTION('',(0.,0.,1.));
#13388=DIRECTION('',(0.,0.,1.));
#13389=DIRECTION('',(-0.706526558921933,0.70768652773522,0.));
#13390=DIRECTION('',(0.,0.,1.));
#13391=DIRECTION('',(0.,0.,1.));
#13392=DIRECTION('',(1.,0.,0.));
#13393=DIRECTION('',(0.,0.,1.));
#13394=DIRECTION('',(1.,0.,0.));
#13395=DIRECTION('',(0.,0.,-1.));
#13396=DIRECTION('',(0.,0.,1.));
#13397=DIRECTION('',(0.,1.,0.));
#13398=DIRECTION('',(0.,0.,1.));
#13399=DIRECTION('',(0.,0.,1.));
#13400=DIRECTION('',(-0.706526558921942,-0.707686527735211,0.));
#13401=DIRECTION('',(0.,0.,1.));
#13402=DIRECTION('',(0.,0.,1.));
#13403=DIRECTION('',(1.,0.,0.));
#13404=DIRECTION('',(0.,0.,1.));
#13405=DIRECTION('',(-6.92889196839415E-16,1.,0.));
#13406=DIRECTION('',(-1.,-6.92889196839415E-16,0.));
#13407=DIRECTION('',(0.,0.,1.));
#13408=DIRECTION('',(-1.,-6.92889196839415E-16,0.));
#13409=DIRECTION('',(0.,0.,-1.));
#13410=DIRECTION('',(-1.,-6.92889196839415E-16,0.));
#13411=DIRECTION('',(0.,0.,-1.));
#13412=DIRECTION('',(0.,0.,-1.));
#13413=DIRECTION('',(-1.,-4.56506177888634E-16,0.));
#13414=DIRECTION('',(0.,0.,-1.));
#13415=DIRECTION('',(0.,0.,1.));
#13416=DIRECTION('',(0.26265510428597,-0.964889784479309,0.));
#13417=DIRECTION('',(0.,0.,1.));
#13418=DIRECTION('',(0.,0.,1.));
#13419=DIRECTION('',(1.,0.,0.));
#13420=DIRECTION('',(0.,0.,1.));
#13421=DIRECTION('',(0.704166532999806,-0.710034853935377,0.));
#13422=DIRECTION('',(0.,0.,1.));
#13423=DIRECTION('',(0.,0.,1.));
#13424=DIRECTION('',(1.,0.,0.));
#13425=DIRECTION('',(0.,0.,1.));
#13426=DIRECTION('',(-1.,-1.05143925762458E-15,0.));
#13427=DIRECTION('',(1.05143925762458E-15,-1.,0.));
#13428=DIRECTION('',(0.,0.,1.));
#13429=DIRECTION('',(1.05143925762458E-15,-1.,0.));
#13430=DIRECTION('',(9.55399663343135E-16,-1.,0.));
#13431=DIRECTION('',(1.,9.55399663343135E-16,0.));
#13432=DIRECTION('',(0.,0.,1.));
#13433=DIRECTION('',(1.,9.55399663343135E-16,0.));
#13434=DIRECTION('',(1.,0.,0.));
#13435=DIRECTION('',(0.,0.,-1.));
#13436=DIRECTION('',(0.,0.,1.));
#13437=DIRECTION('',(0.,1.,0.));
#13438=DIRECTION('',(-8.67462589823536E-16,1.,0.));
#13439=DIRECTION('',(-1.,-8.67462589823536E-16,0.));
#13440=DIRECTION('',(0.,0.,1.));
#13441=DIRECTION('',(-1.,-8.67462589823536E-16,0.));
#13442=DIRECTION('',(1.,0.,0.));
#13443=DIRECTION('',(0.,0.,-1.));
#13444=DIRECTION('',(0.,0.,1.));
#13445=DIRECTION('',(0.,1.,0.));
#13446=DIRECTION('',(0.,0.,1.));
#13447=DIRECTION('',(0.907948943518911,-0.41908079884778,0.));
#13448=DIRECTION('',(0.,0.,1.));
#13449=DIRECTION('',(0.,0.,1.));
#13450=DIRECTION('',(1.,0.,0.));
#13451=DIRECTION('',(0.,0.,1.));
#13452=DIRECTION('',(0.360489717505532,-0.932763187295029,0.));
#13453=DIRECTION('',(0.,0.,1.));
#13454=DIRECTION('',(0.,0.,1.));
#13455=DIRECTION('',(1.,0.,0.));
#13456=DIRECTION('',(6.57531599699091E-16,-1.,0.));
#13457=DIRECTION('',(1.,6.57531599699091E-16,0.));
#13458=DIRECTION('',(0.,0.,1.));
#13459=DIRECTION('',(1.,6.57531599699091E-16,0.));
#13460=DIRECTION('',(0.,0.,1.));
#13461=DIRECTION('',(-0.382004760381773,-0.924160355698979,0.));
#13462=DIRECTION('',(0.,0.,1.));
#13463=DIRECTION('',(0.,0.,1.));
#13464=DIRECTION('',(1.,0.,0.));
#13465=DIRECTION('',(0.,0.,1.));
#13466=DIRECTION('',(-0.924160355698944,-0.382004760381859,0.));
#13467=DIRECTION('',(0.,0.,1.));
#13468=DIRECTION('',(0.,0.,1.));
#13469=DIRECTION('',(1.,0.,0.));
#13470=DIRECTION('',(-1.,0.,0.));
#13471=DIRECTION('',(0.,0.,1.));
#13472=DIRECTION('',(0.,0.,1.));
#13473=DIRECTION('',(0.,-1.,0.));
#13474=DIRECTION('',(0.,0.,1.));
#13475=DIRECTION('',(-0.924160355699056,0.382004760381587,0.));
#13476=DIRECTION('',(0.,0.,1.));
#13477=DIRECTION('',(0.,0.,1.));
#13478=DIRECTION('',(1.,0.,0.));
#13479=DIRECTION('',(0.,0.,1.));
#13480=DIRECTION('',(-0.382004760381586,0.924160355699057,0.));
#13481=DIRECTION('',(0.,0.,1.));
#13482=DIRECTION('',(0.,0.,1.));
#13483=DIRECTION('',(1.,0.,0.));
#13484=DIRECTION('',(-6.57531599699091E-16,1.,0.));
#13485=DIRECTION('',(-1.,-6.57531599699091E-16,0.));
#13486=DIRECTION('',(0.,0.,1.));
#13487=DIRECTION('',(-1.,-6.57531599699091E-16,0.));
#13488=DIRECTION('',(0.,0.,1.));
#13489=DIRECTION('',(0.36048971750189,0.932763187296437,0.));
#13490=DIRECTION('',(0.,0.,1.));
#13491=DIRECTION('',(0.,0.,1.));
#13492=DIRECTION('',(1.,0.,0.));
#13493=DIRECTION('',(0.,0.,1.));
#13494=DIRECTION('',(0.90794894351894,0.419080798847716,0.));
#13495=DIRECTION('',(0.,0.,1.));
#13496=DIRECTION('',(0.,0.,1.));
#13497=DIRECTION('',(1.,0.,0.));
#13498=DIRECTION('',(1.,0.,0.));
#13499=DIRECTION('',(0.,0.,-1.));
#13500=DIRECTION('',(0.,0.,1.));
#13501=DIRECTION('',(0.,1.,0.));
#13502=DIRECTION('',(0.,1.,0.));
#13503=DIRECTION('',(0.,0.,1.));
#13504=DIRECTION('',(0.,0.,1.));
#13505=DIRECTION('',(-1.,0.,0.));
#13506=DIRECTION('',(-1.,0.,0.));
#13507=DIRECTION('',(0.,0.,1.));
#13508=DIRECTION('',(0.,0.,1.));
#13509=DIRECTION('',(0.,-1.,0.));
#13510=DIRECTION('',(0.,0.,1.));
#13511=DIRECTION('',(0.,0.,1.));
#13512=DIRECTION('',(0.704166532999795,0.710034853935388,0.));
#13513=DIRECTION('',(0.,0.,1.));
#13514=DIRECTION('',(0.,0.,1.));
#13515=DIRECTION('',(1.,0.,0.));
#13516=DIRECTION('',(0.,0.,1.));
#13517=DIRECTION('',(0.262655104285988,0.964889784479304,0.));
#13518=DIRECTION('',(0.,0.,1.));
#13519=DIRECTION('',(1.,0.,0.));
#13520=DIRECTION('',(0.,0.,1.));
#13521=DIRECTION('',(1.,0.,0.));
#13522=DIRECTION('',(0.,0.,1.));
#13523=DIRECTION('',(1.,0.,0.));
#13524=DIRECTION('',(-1.,0.,0.));
#13525=DIRECTION('',(0.,0.,1.));
#13526=DIRECTION('',(0.,1.,0.));
#13527=DIRECTION('',(-1.,0.,0.));
#13528=DIRECTION('',(0.,0.,1.));
#13529=DIRECTION('',(0.,1.,0.));
#13530=DIRECTION('',(0.,0.,1.));
#13531=DIRECTION('',(1.,0.,0.));
#13532=DIRECTION('',(-1.,0.,0.));
#13533=DIRECTION('',(0.,0.,1.));
#13534=DIRECTION('',(0.,1.,0.));
#13535=DIRECTION('',(-1.,0.,0.));
#13536=DIRECTION('',(0.,0.,1.));
#13537=DIRECTION('',(0.,1.,0.));
#13538=DIRECTION('',(0.,0.,1.));
#13539=DIRECTION('',(1.,0.,0.));
#13540=DIRECTION('',(-1.,-2.39478722740592E-16,0.));
#13541=DIRECTION('',(2.39478722740592E-16,-1.,0.));
#13542=DIRECTION('',(-2.39478722740592E-16,1.,0.));
#13543=DIRECTION('',(0.,0.,-1.));
#13544=DIRECTION('',(1.,0.,0.));
#13545=DIRECTION('',(0.,0.,-1.));
#13546=DIRECTION('',(0.,0.,-1.));
#13547=DIRECTION('',(0.,-1.,0.));
#13548=DIRECTION('',(-0.707106781186548,0.707106781186547,0.));
#13549=DIRECTION('',(-0.707106781186547,-0.707106781186548,0.));
#13550=DIRECTION('',(0.,0.,-1.));
#13551=DIRECTION('',(0.707106781186547,0.707106781186548,0.));
#13552=DIRECTION('',(0.,-1.,0.));
#13553=DIRECTION('',(0.,0.,-1.));
#13554=DIRECTION('',(0.,0.,-1.));
#13555=DIRECTION('',(-1.,0.,0.));
#13556=DIRECTION('',(0.707106781186547,-0.707106781186548,0.));
#13557=DIRECTION('',(0.707106781186548,0.707106781186547,0.));
#13558=DIRECTION('',(-0.707106781186548,-0.707106781186547,0.));
#13559=DIRECTION('',(0.,0.,1.));
#13560=DIRECTION('',(1.,0.,0.));
#13561=DIRECTION('',(1.,0.,0.));
#13562=DIRECTION('',(0.,0.,-1.));
#13563=DIRECTION('',(0.,-1.,0.));
#13564=DIRECTION('',(0.,0.,-1.));
#13565=DIRECTION('',(-1.,0.,0.));
#13566=DIRECTION('',(0.,0.,1.));
#13567=DIRECTION('',(0.,0.,-1.));
#13568=DIRECTION('',(0.,1.,0.));
#13569=DIRECTION('',(0.707106781186548,-0.707106781186547,0.));
#13570=DIRECTION('',(0.707106781186547,0.707106781186548,0.));
#13571=DIRECTION('',(0.,0.,-1.));
#13572=DIRECTION('',(-0.707106781186547,-0.707106781186548,0.));
#13573=DIRECTION('',(0.,-1.,0.));
#13574=DIRECTION('',(0.,0.,-1.));
#13575=DIRECTION('',(0.,0.,-1.));
#13576=DIRECTION('',(-1.,0.,0.));
#13577=DIRECTION('',(-0.707106781186548,0.707106781186547,0.));
#13578=DIRECTION('',(-0.707106781186547,-0.707106781186548,0.));
#13579=DIRECTION('',(0.707106781186547,0.707106781186548,0.));
#13580=DIRECTION('',(0.,0.,1.));
#13581=DIRECTION('',(1.,0.,0.));
#13582=DIRECTION('',(-1.,0.,0.));
#13583=DIRECTION('',(0.,0.,1.));
#13584=DIRECTION('',(0.,1.,0.));
#13585=DIRECTION('',(-1.,0.,0.));
#13586=DIRECTION('',(0.,0.,1.));
#13587=DIRECTION('',(0.,1.,0.));
#13588=DIRECTION('',(0.,0.,1.));
#13589=DIRECTION('',(1.,0.,0.));
#13590=DIRECTION('',(-1.,0.,0.));
#13591=DIRECTION('',(0.,0.,1.));
#13592=DIRECTION('',(0.,1.,0.));
#13593=DIRECTION('',(-1.,0.,0.));
#13594=DIRECTION('',(0.,0.,1.));
#13595=DIRECTION('',(0.,1.,0.));
#13596=DIRECTION('',(0.,0.,1.));
#13597=DIRECTION('',(1.,0.,0.));
#13598=DIRECTION('',(-1.,0.,0.));
#13599=DIRECTION('',(0.,0.,1.));
#13600=DIRECTION('',(0.,1.,0.));
#13601=DIRECTION('',(0.,0.,-1.));
#13602=DIRECTION('',(1.,0.,0.));
#13603=DIRECTION('',(0.,0.,-1.));
#13604=DIRECTION('',(0.,0.,-1.));
#13605=DIRECTION('',(0.,-1.,0.));
#13606=DIRECTION('',(0.707106781186547,0.707106781186548,0.));
#13607=DIRECTION('',(-0.707106781186548,0.707106781186547,0.));
#13608=DIRECTION('',(0.,0.,-1.));
#13609=DIRECTION('',(0.707106781186548,-0.707106781186547,0.));
#13610=DIRECTION('',(0.,-1.,0.));
#13611=DIRECTION('',(0.,0.,-1.));
#13612=DIRECTION('',(0.,0.,-1.));
#13613=DIRECTION('',(-1.,0.,0.));
#13614=DIRECTION('',(0.707106781186548,0.707106781186547,0.));
#13615=DIRECTION('',(-0.707106781186547,0.707106781186548,0.));
#13616=DIRECTION('',(0.707106781186547,-0.707106781186548,0.));
#13617=DIRECTION('',(0.,0.,1.));
#13618=DIRECTION('',(1.,0.,0.));
#13619=DIRECTION('',(0.707106781186547,0.707106781186548,0.));
#13620=DIRECTION('',(-0.707106781186548,0.707106781186547,0.));
#13621=DIRECTION('',(0.,0.,-1.));
#13622=DIRECTION('',(0.707106781186548,-0.707106781186547,0.));
#13623=DIRECTION('',(0.,0.,-1.));
#13624=DIRECTION('',(1.,0.,0.));
#13625=DIRECTION('',(0.,0.,-1.));
#13626=DIRECTION('',(0.,-1.,0.));
#13627=DIRECTION('',(-1.,0.,0.));
#13628=DIRECTION('',(0.,0.,1.));
#13629=DIRECTION('',(0.,0.,-1.));
#13630=DIRECTION('',(0.,1.,0.));
#13631=DIRECTION('',(0.707106781186548,0.707106781186548,0.));
#13632=DIRECTION('',(-0.707106781186548,0.707106781186548,0.));
#13633=DIRECTION('',(0.,0.,-1.));
#13634=DIRECTION('',(0.707106781186548,-0.707106781186548,0.));
#13635=DIRECTION('',(0.,-1.,0.));
#13636=DIRECTION('',(0.,0.,-1.));
#13637=DIRECTION('',(-1.,0.,0.));
#13638=DIRECTION('',(0.,0.,1.));
#13639=DIRECTION('',(1.,0.,0.));
#13640=DIRECTION('',(0.,0.,1.));
#13641=DIRECTION('',(0.,0.,1.));
#13642=DIRECTION('',(0.,1.,0.));
#13643=DIRECTION('',(0.,0.,1.));
#13644=DIRECTION('',(0.,0.,1.));
#13645=DIRECTION('',(-1.,0.,0.));
#13646=DIRECTION('',(0.,0.,1.));
#13647=DIRECTION('',(0.,0.,1.));
#13648=DIRECTION('',(1.,0.,0.));
#13649=DIRECTION('',(0.,0.,1.));
#13650=DIRECTION('',(0.,0.,1.));
#13651=DIRECTION('',(0.,0.,1.));
#13652=DIRECTION('',(0.,-1.,0.));
#13653=DIRECTION('',(0.,0.,-1.));
#13654=DIRECTION('',(-1.,0.,0.));
#13655=DIRECTION('',(-1.,0.,0.));
#13656=DIRECTION('',(0.,0.,-1.));
#13657=DIRECTION('',(0.,-1.,0.));
#13658=DIRECTION('',(0.,0.,-1.));
#13659=DIRECTION('',(0.,0.,-1.));
#13660=DIRECTION('',(1.,0.,0.));
#13661=DIRECTION('',(0.,0.,-1.));
#13662=DIRECTION('',(0.,0.,1.));
#13663=DIRECTION('',(0.,-1.,0.));
#13664=DIRECTION('',(0.,0.,1.));
#13665=DIRECTION('',(0.,-1.,0.));
#13666=DIRECTION('',(0.,-1.,0.));
#13667=DIRECTION('',(0.,0.,1.));
#13668=DIRECTION('',(0.,-1.,0.));
#13669=DIRECTION('',(0.,0.,1.));
#13670=DIRECTION('',(0.,0.,1.));
#13671=DIRECTION('',(0.,-1.,0.));
#13672=DIRECTION('',(0.,0.,1.));
#13673=DIRECTION('',(0.,0.,1.));
#13674=DIRECTION('',(0.,-1.,0.));
#13675=DIRECTION('',(0.,0.,1.));
#13676=DIRECTION('',(0.,0.,-1.));
#13677=DIRECTION('',(1.,0.,0.));
#13678=DIRECTION('',(1.,0.,0.));
#13679=DIRECTION('',(0.,0.,-1.));
#13680=DIRECTION('',(1.,0.,0.));
#13681=DIRECTION('',(0.,-1.,0.));
#13682=DIRECTION('',(0.,0.,-1.));
#13683=DIRECTION('',(1.,0.,0.));
#13684=DIRECTION('',(0.,-1.,0.));
#13685=DIRECTION('',(0.,0.,-1.));
#13686=DIRECTION('',(1.,0.,0.));
#13687=DIRECTION('',(0.,0.,-1.));
#13688=DIRECTION('',(1.,0.,0.));
#13689=DIRECTION('',(0.,-1.,0.));
#13690=DIRECTION('',(0.,0.,-1.));
#13691=DIRECTION('',(1.,0.,0.));
#13692=DIRECTION('',(0.,-1.,0.));
#13693=DIRECTION('',(0.,0.,-1.));
#13694=DIRECTION('',(1.,0.,0.));
#13695=DIRECTION('',(0.,0.,-1.));
#13696=DIRECTION('',(1.,0.,0.));
#13697=DIRECTION('',(0.,-1.,0.));
#13698=DIRECTION('',(0.,0.,-1.));
#13699=DIRECTION('',(1.,0.,0.));
#13700=DIRECTION('',(0.,-1.,0.));
#13701=DIRECTION('',(0.,0.,-1.));
#13702=DIRECTION('',(1.,0.,0.));
#13703=DIRECTION('',(0.,0.,-1.));
#13704=DIRECTION('',(1.,0.,0.));
#13705=DIRECTION('',(0.,-1.,0.));
#13706=DIRECTION('',(0.,0.,-1.));
#13707=DIRECTION('',(1.,0.,0.));
#13708=DIRECTION('',(0.,-1.,0.));
#13709=DIRECTION('',(0.,0.,-1.));
#13710=DIRECTION('',(1.,0.,0.));
#13711=DIRECTION('',(0.,0.,-1.));
#13712=DIRECTION('',(1.,0.,0.));
#13713=DIRECTION('',(0.798807709778879,0.601586438342672,0.));
#13714=DIRECTION('',(-0.601586438342673,0.798807709778879,0.));
#13715=DIRECTION('',(-0.601586438342672,0.798807709778879,0.));
#13716=DIRECTION('',(0.,0.,1.));
#13717=DIRECTION('',(1.,0.,0.));
#13718=DIRECTION('',(0.798807709774685,0.601586438348242,0.));
#13719=DIRECTION('',(-0.601586438348242,0.798807709774685,0.));
#13720=DIRECTION('',(-0.601586438348242,0.798807709774685,0.));
#13721=DIRECTION('',(0.798807709778853,0.601586438342707,0.));
#13722=DIRECTION('',(-0.601586438342707,0.798807709778853,0.));
#13723=DIRECTION('',(-0.601586438342707,0.798807709778853,0.));
#13724=DIRECTION('',(0.,0.,1.));
#13725=DIRECTION('',(1.,0.,0.));
#13726=DIRECTION('',(0.798807709788263,0.601586438330212,0.));
#13727=DIRECTION('',(-0.601586438330212,0.798807709788263,0.));
#13728=DIRECTION('',(-0.601586438330212,0.798807709788263,0.));
#13729=DIRECTION('',(0.,0.,1.));
#13730=DIRECTION('',(1.,0.,0.));
#13731=DIRECTION('',(0.798807709788306,-0.601586438330155,0.));
#13732=DIRECTION('',(0.601586438330155,0.798807709788306,0.));
#13733=DIRECTION('',(0.601586438330155,0.798807709788306,0.));
#13734=DIRECTION('',(0.798807709788306,-0.601586438330156,0.));
#13735=DIRECTION('',(0.601586438330156,0.798807709788306,0.));
#13736=DIRECTION('',(0.601586438330156,0.798807709788306,0.));
#13737=DIRECTION('',(0.,0.,1.));
#13738=DIRECTION('',(1.,0.,0.));
#13739=DIRECTION('',(0.798807709788286,-0.601586438330182,0.));
#13740=DIRECTION('',(0.601586438330182,0.798807709788286,0.));
#13741=DIRECTION('',(0.601586438330182,0.798807709788286,0.));
#13742=DIRECTION('',(0.,0.,1.));
#13743=DIRECTION('',(1.,0.,0.));
#13744=DIRECTION('',(0.798807709788289,-0.601586438330177,0.));
#13745=DIRECTION('',(0.601586438330177,0.798807709788289,0.));
#13746=DIRECTION('',(0.601586438330177,0.798807709788289,0.));
#13747=DIRECTION('',(0.798807709788289,-0.601586438330178,0.));
#13748=DIRECTION('',(0.601586438330178,0.798807709788289,0.));
#13749=DIRECTION('',(0.601586438330178,0.798807709788289,0.));
#13750=DIRECTION('',(0.,0.,1.));
#13751=DIRECTION('',(1.,0.,0.));
#13752=CARTESIAN_POINT('',(0.,0.,0.));
#13753=CARTESIAN_POINT('',(0.0161980526717089,-0.0473167219414178,0.003));
#13754=CARTESIAN_POINT('',(0.0161980526717089,-0.0512167219414178,0.00231721033323371));
#13755=CARTESIAN_POINT('',(0.0161980526717089,-0.0513167219414178,0.00247800416555966));
#13756=CARTESIAN_POINT('',(0.0161980526717089,-0.0511167219414178,0.00215641650090777));
#13757=CARTESIAN_POINT('',(0.0161980526717089,-0.0511167219414178,0.000217981874999992));
#13758=CARTESIAN_POINT('',(0.016198052671709,-0.0511167219414178,6.62387499999936E-5));
#13759=CARTESIAN_POINT('',(0.0161980526717089,-0.0492167219414178,3.31193749999968E-5));
#13760=CARTESIAN_POINT('',(0.0161980526717089,-0.0473167219414178,0.));
#13761=CARTESIAN_POINT('',(0.0161980526717089,-0.0473167219414178,0.003));
#13762=CARTESIAN_POINT('',(0.0161980526717089,-0.0473167219414178,0.000917533124760324));
#13763=CARTESIAN_POINT('',(0.0161980526717089,-0.0473167219414178,0.000917533124760324));
#13764=CARTESIAN_POINT('',(0.0161980526717089,-0.0478167219414178,0.00141753312476032));
#13765=CARTESIAN_POINT('',(0.0161980526717089,-0.0478167219414178,0.00191753312476033));
#13766=CARTESIAN_POINT('',(0.0161980526717089,-0.0478167219414178,0.00191753312476033));
#13767=CARTESIAN_POINT('',(0.0161980526717089,-0.0480667219414178,0.00191753312476033));
#13768=CARTESIAN_POINT('',(0.0161980526717089,-0.0483167219414178,0.00191753312476033));
#13769=CARTESIAN_POINT('',(0.0161980526717089,-0.0483167219414178,0.00191753312476033));
#13770=CARTESIAN_POINT('',(0.0161980526717089,-0.0483167219414178,0.00141753312476032));
#13771=CARTESIAN_POINT('',(0.0161980526717089,-0.0477892329830046,0.00141753312476032));
#13772=CARTESIAN_POINT('',(0.0161980526717089,-0.049328410691258,0.00141753312476032));
#13773=CARTESIAN_POINT('',(0.0161980526717089,-0.049328410691258,0.00301753312476033));
#13774=CARTESIAN_POINT('',(0.0161980526717089,-0.049328410691258,0.00461753312476032));
#13775=CARTESIAN_POINT('',(0.0161980526717089,-0.0477829623350723,0.00461753312476032));
#13776=CARTESIAN_POINT('',(0.0161980526717089,-0.0478167219414178,0.00461753312476032));
#13777=CARTESIAN_POINT('',(0.016198052671709,-0.0478167219414178,0.00461753312476032));
#13778=CARTESIAN_POINT('',(0.0161980526717089,-0.0473167219414178,0.00511753312476032));
#13779=CARTESIAN_POINT('',(0.0161980526717089,-0.0473167219414178,0.003));
#13780=CARTESIAN_POINT('',(0.0161980526717089,-0.0473167219414178,0.006));
#13781=CARTESIAN_POINT('',(0.0161980526717089,-0.0473167219414178,0.006));
#13782=CARTESIAN_POINT('',(0.0161980526717089,-0.0513167219414178,0.006));
#13783=CARTESIAN_POINT('',(0.0161980526717089,-0.0513167219414178,0.003));
#13784=CARTESIAN_POINT('',(0.012398052671709,-0.0473167219414178,0.003));
#13785=CARTESIAN_POINT('',(0.012398052671709,-0.0511167219414178,0.003));
#13786=CARTESIAN_POINT('',(0.012398052671709,-0.0511167219414178,0.00215641650090777));
#13787=CARTESIAN_POINT('',(0.012398052671709,-0.0511167219414178,6.62387499999932E-5));
#13788=CARTESIAN_POINT('',(0.012398052671709,-0.0504352010455247,0.00106057293429919));
#13789=CARTESIAN_POINT('',(0.012398052671709,-0.0513167219414178,0.00247800416555966));
#13790=CARTESIAN_POINT('',(0.012398052671709,-0.0513167219414178,0.003));
#13791=CARTESIAN_POINT('',(0.012398052671709,-0.0513167219414178,0.006));
#13792=CARTESIAN_POINT('',(0.012398052671709,-0.0473167219414178,0.006));
#13793=CARTESIAN_POINT('',(0.012398052671709,-0.0473167219414178,0.006));
#13794=CARTESIAN_POINT('',(0.012398052671709,-0.0473167219414178,0.003));
#13795=CARTESIAN_POINT('',(0.012398052671709,-0.0473167219414178,0.00511753312476032));
#13796=CARTESIAN_POINT('',(0.012398052671709,-0.048375488503798,0.00405876656238016));
#13797=CARTESIAN_POINT('',(0.012398052671709,-0.0478167219414178,0.00461753312476032));
#13798=CARTESIAN_POINT('',(0.012398052671709,-0.0473167219414178,0.00461753312476032));
#13799=CARTESIAN_POINT('',(0.012398052671709,-0.049328410691258,0.00461753312476032));
#13800=CARTESIAN_POINT('',(0.012398052671709,-0.049328410691258,0.00301753312476033));
#13801=CARTESIAN_POINT('',(0.012398052671709,-0.049328410691258,0.00141753312476032));
#13802=CARTESIAN_POINT('',(0.012398052671709,-0.0473167219414178,0.00141753312476032));
#13803=CARTESIAN_POINT('',(0.012398052671709,-0.0483167219414178,0.00141753312476032));
#13804=CARTESIAN_POINT('',(0.012398052671709,-0.0483167219414178,0.00191753312476033));
#13805=CARTESIAN_POINT('',(0.012398052671709,-0.0483167219414178,0.00191753312476033));
#13806=CARTESIAN_POINT('',(0.012398052671709,-0.0480667219414178,0.00191753312476033));
#13807=CARTESIAN_POINT('',(0.012398052671709,-0.0478167219414178,0.00191753312476033));
#13808=CARTESIAN_POINT('',(0.012398052671709,-0.0478167219414178,0.00191753312476033));
#13809=CARTESIAN_POINT('',(0.012398052671709,-0.0478167219414178,0.00141753312476032));
#13810=CARTESIAN_POINT('',(0.012398052671709,-0.0483579553790376,0.00195876656238016));
#13811=CARTESIAN_POINT('',(0.012398052671709,-0.0473167219414178,0.000917533124760324));
#13812=CARTESIAN_POINT('',(0.012398052671709,-0.0473167219414178,0.003));
#13813=CARTESIAN_POINT('',(0.012398052671709,-0.0473167219414178,0.));
#13814=CARTESIAN_POINT('',(0.012398052671709,-0.047368999806868,9.11268542128345E-7));
#13815=CARTESIAN_POINT('',(-0.011801947328291,-0.0473167219414178,0.003));
#13816=CARTESIAN_POINT('',(-0.011801947328291,-0.0504352010455247,0.00106057293429919));
#13817=CARTESIAN_POINT('',(-0.011801947328291,-0.0511167219414178,0.00215641650090777));
#13818=CARTESIAN_POINT('',(-0.011801947328291,-0.0513167219414178,0.00247800416555966));
#13819=CARTESIAN_POINT('',(-0.011801947328291,-0.0511167219414178,0.003));
#13820=CARTESIAN_POINT('',(-0.011801947328291,-0.0511167219414178,6.79818749999932E-5));
#13821=CARTESIAN_POINT('',(-0.011801947328291,-0.047368999806868,9.11268542128345E-7));
#13822=CARTESIAN_POINT('',(-0.011801947328291,-0.0473167219414178,0.));
#13823=CARTESIAN_POINT('',(-0.011801947328291,-0.0473167219414178,0.003));
#13824=CARTESIAN_POINT('',(-0.011801947328291,-0.0473167219414178,0.000917533124760324));
#13825=CARTESIAN_POINT('',(-0.011801947328291,-0.0473167219414178,0.000917533124760324));
#13826=CARTESIAN_POINT('',(-0.011801947328291,-0.0478167219414178,0.00141753312476032));
#13827=CARTESIAN_POINT('',(-0.011801947328291,-0.0478167219414178,0.00191753312476033));
#13828=CARTESIAN_POINT('',(-0.011801947328291,-0.0478167219414178,0.00191753312476033));
#13829=CARTESIAN_POINT('',(-0.011801947328291,-0.0473167219414178,0.00191753312476033));
#13830=CARTESIAN_POINT('',(-0.011801947328291,-0.0483167219414178,0.00191753312476033));
#13831=CARTESIAN_POINT('',(-0.011801947328291,-0.0483167219414178,0.00191753312476033));
#13832=CARTESIAN_POINT('',(-0.011801947328291,-0.0483167219414178,0.00141753312476032));
#13833=CARTESIAN_POINT('',(-0.011801947328291,-0.0473167219414178,0.00141753312476032));
#13834=CARTESIAN_POINT('',(-0.011801947328291,-0.049328410691258,0.00141753312476032));
#13835=CARTESIAN_POINT('',(-0.011801947328291,-0.049328410691258,0.00301753312476033));
#13836=CARTESIAN_POINT('',(-0.011801947328291,-0.049328410691258,0.00461753312476032));
#13837=CARTESIAN_POINT('',(-0.011801947328291,-0.0473167219414178,0.00461753312476032));
#13838=CARTESIAN_POINT('',(-0.011801947328291,-0.0478167219414178,0.00461753312476032));
#13839=CARTESIAN_POINT('',(-0.011801947328291,-0.0478167219414178,0.00461753312476032));
#13840=CARTESIAN_POINT('',(-0.011801947328291,-0.0473167219414178,0.00511753312476032));
#13841=CARTESIAN_POINT('',(-0.011801947328291,-0.0473167219414178,0.003));
#13842=CARTESIAN_POINT('',(-0.011801947328291,-0.0473167219414178,0.006));
#13843=CARTESIAN_POINT('',(-0.011801947328291,-0.0473167219414178,0.006));
#13844=CARTESIAN_POINT('',(-0.011801947328291,-0.0513167219414178,0.006));
#13845=CARTESIAN_POINT('',(-0.011801947328291,-0.0513167219414178,0.003));
#13846=CARTESIAN_POINT('',(-0.0156019473282911,-0.0473167219414178,0.003));
#13847=CARTESIAN_POINT('',(-0.0156019473282911,-0.0511167219414178,0.003));
#13848=CARTESIAN_POINT('',(-0.0156019473282911,-0.0511167219414178,0.00215641650090777));
#13849=CARTESIAN_POINT('',(-0.0156019473282911,-0.0511167219414178,6.79818749999929E-5));
#13850=CARTESIAN_POINT('',(-0.0156019473282911,-0.0504352010455247,0.00106057293429919));
#13851=CARTESIAN_POINT('',(-0.0156019473282911,-0.0513167219414178,0.00247800416555966));
#13852=CARTESIAN_POINT('',(-0.0156019473282911,-0.0513167219414178,0.003));
#13853=CARTESIAN_POINT('',(-0.0156019473282911,-0.0513167219414178,0.006));
#13854=CARTESIAN_POINT('',(-0.0156019473282911,-0.0473167219414178,0.006));
#13855=CARTESIAN_POINT('',(-0.0156019473282911,-0.0473167219414178,0.006));
#13856=CARTESIAN_POINT('',(-0.0156019473282911,-0.0473167219414178,0.003));
#13857=CARTESIAN_POINT('',(-0.0156019473282911,-0.0473167219414178,0.00511753312476032));
#13858=CARTESIAN_POINT('',(-0.0156019473282911,-0.048375488503798,0.00405876656238016));
#13859=CARTESIAN_POINT('',(-0.0156019473282911,-0.0478167219414178,0.00461753312476032));
#13860=CARTESIAN_POINT('',(-0.0156019473282911,-0.0473167219414178,0.00461753312476032));
#13861=CARTESIAN_POINT('',(-0.0156019473282911,-0.049328410691258,0.00461753312476032));
#13862=CARTESIAN_POINT('',(-0.0156019473282911,-0.049328410691258,0.00301753312476033));
#13863=CARTESIAN_POINT('',(-0.0156019473282911,-0.049328410691258,0.00141753312476032));
#13864=CARTESIAN_POINT('',(-0.0156019473282911,-0.0473167219414178,0.00141753312476032));
#13865=CARTESIAN_POINT('',(-0.0156019473282911,-0.0483167219414178,0.00141753312476032));
#13866=CARTESIAN_POINT('',(-0.0156019473282911,-0.0483167219414178,0.00191753312476033));
#13867=CARTESIAN_POINT('',(-0.0156019473282911,-0.0483167219414178,0.00191753312476033));
#13868=CARTESIAN_POINT('',(-0.0156019473282911,-0.0473167219414178,0.00191753312476033));
#13869=CARTESIAN_POINT('',(-0.0156019473282911,-0.0478167219414178,0.00191753312476033));
#13870=CARTESIAN_POINT('',(-0.0156019473282911,-0.0478167219414178,0.00191753312476033));
#13871=CARTESIAN_POINT('',(-0.0156019473282911,-0.0478167219414178,0.00141753312476032));
#13872=CARTESIAN_POINT('',(-0.0156019473282911,-0.0483579553790376,0.00195876656238016));
#13873=CARTESIAN_POINT('',(-0.0156019473282911,-0.0473167219414178,0.000917533124760324));
#13874=CARTESIAN_POINT('',(-0.0156019473282911,-0.0473167219414178,0.003));
#13875=CARTESIAN_POINT('',(-0.0156019473282911,-0.0473167219414178,0.));
#13876=CARTESIAN_POINT('',(-0.0156019473282911,-0.047368999806868,9.11268542128345E-7));
#13877=CARTESIAN_POINT('',(-0.159859048043762,-0.0477892329830046,0.00141753312476032));
#13878=CARTESIAN_POINT('',(-0.013701947328291,-0.0483167219414178,0.00141753312476032));
#13879=CARTESIAN_POINT('',(-0.159859048043762,-0.049328410691258,0.00141753312476032));
#13880=CARTESIAN_POINT('',(-0.159859048043762,-0.0477892329830046,0.00141753312476032));
#13881=CARTESIAN_POINT('',(0.014298052671709,-0.0483167219414178,0.00141753312476032));
#13882=CARTESIAN_POINT('',(-0.159859048043762,-0.049328410691258,0.00141753312476032));
#13883=CARTESIAN_POINT('',(0.00029805267170897,-0.0473167219414178,0.003));
#13884=CARTESIAN_POINT('',(0.0161980526717089,-0.0473167219414178,0.000917533124760324));
#13885=CARTESIAN_POINT('',(0.00029805267170897,-0.0473167219414178,0.));
#13886=CARTESIAN_POINT('',(0.00029805267170897,-0.0473167219414178,0.003));
#13887=CARTESIAN_POINT('',(-0.011801947328291,-0.0473167219414178,0.000917533124760324));
#13888=CARTESIAN_POINT('',(0.00029805267170897,-0.0473167219414178,0.));
#13889=CARTESIAN_POINT('',(0.000354871968924961,-0.0691772719414178,0.006));
#13890=CARTESIAN_POINT('',(7.3787219180891E-5,-0.0528015373939459,0.022375734547472));
#13891=CARTESIAN_POINT('',(-0.016301947328291,-0.0691772719414178,0.006));
#13892=CARTESIAN_POINT('',(-0.018301947328291,-0.0711772719414178,0.004));
#13893=CARTESIAN_POINT('',(-0.018301947328291,-0.0711772719414178,0.004));
#13894=CARTESIAN_POINT('',(0.0188980526717089,-0.0711772719414178,0.004));
#13895=CARTESIAN_POINT('',(0.0113836591041143,-0.0636628783738231,0.0115143935675947));
#13896=CARTESIAN_POINT('',(0.0168980526717089,-0.0691772719414178,0.006));
#13897=CARTESIAN_POINT('',(0.0188980526717089,-0.0691772719414178,0.006));
#13898=CARTESIAN_POINT('',(-0.00267297636957939,-0.0701873224477567,0.00498994949366117));
#13899=CARTESIAN_POINT('',(-0.00267297636957939,-0.0694802156665701,0.00569705627484772));
#13900=CARTESIAN_POINT('',(-0.00267297636957939,-0.0708944292289432,0.00428284271247462));
#13901=CARTESIAN_POINT('',(-0.000105979730912614,-0.0694802156665701,0.00569705627484772));
#13902=CARTESIAN_POINT('',(0.00246101690775417,-0.0694802156665701,0.00569705627484772));
#13903=CARTESIAN_POINT('',(0.00246101690775417,-0.0701873224477567,0.00498994949366117));
#13904=CARTESIAN_POINT('',(0.00246101690775417,-0.0708944292289432,0.00428284271247461));
#13905=CARTESIAN_POINT('',(-0.000105979730912614,-0.0708944292289432,0.00428284271247462));
#13906=CARTESIAN_POINT('',(0.000354871968924961,-0.020050068299002,0.006));
#13907=CARTESIAN_POINT('',(0.000320200840921532,-0.0583299156018486,0.006));
#13908=CARTESIAN_POINT('',(0.000831184968933132,-0.0589398592190143,0.006));
#13909=CARTESIAN_POINT('',(-0.000190783287090066,-0.0577199719846828,0.006));
#13910=CARTESIAN_POINT('',(-0.000773512914587631,-0.0577213947636826,0.006));
#13911=CARTESIAN_POINT('',(-0.00135624254208519,-0.0577228175426825,0.006));
#13912=CARTESIAN_POINT('',(-0.00135624254208519,-0.0583313383808484,0.006));
#13913=CARTESIAN_POINT('',(-0.00135624254208519,-0.0589398592190143,0.006));
#13914=CARTESIAN_POINT('',(-0.00168292621949956,-0.0589398592190143,0.006));
#13915=CARTESIAN_POINT('',(-0.00200960989691393,-0.0589398592190143,0.006));
#13916=CARTESIAN_POINT('',(-0.00200960989691393,-0.0571606896527884,0.006));
#13917=CARTESIAN_POINT('',(-0.00200960989691393,-0.0553815200865625,0.006));
#13918=CARTESIAN_POINT('',(-0.000574521363704309,-0.0553815200865625,0.006));
#13919=CARTESIAN_POINT('',(0.000860568003403332,-0.0553816113499073,0.006));
#13920=CARTESIAN_POINT('',(0.000866632711941681,-0.0560453442897443,0.006));
#13921=CARTESIAN_POINT('',(0.00120733722059978,-0.0554758822706584,0.006));
#13922=CARTESIAN_POINT('',(0.000841872863231307,-0.0560965057260115,0.006));
#13923=CARTESIAN_POINT('',(0.00145944821852107,-0.0557259723496011,0.006));
#13924=CARTESIAN_POINT('',(0.000900909842119696,-0.0560627955626033,0.006));
#13925=CARTESIAN_POINT('',(0.00155325928154269,-0.0560696809994924,0.006));
#13926=CARTESIAN_POINT('',(0.00155336853036512,-0.0565498491672089,0.006));
#13927=CARTESIAN_POINT('',(0.00155328469386306,-0.0570300169023123,0.006));
#13928=CARTESIAN_POINT('',(0.000888890509952396,-0.0570357266957011,0.006));
#13929=CARTESIAN_POINT('',(0.00145939317533379,-0.0573760131337008,0.006));
#13930=CARTESIAN_POINT('',(0.000862408700882819,-0.0570256963625608,0.006));
#13931=CARTESIAN_POINT('',(0.00120736267825104,-0.0576257929236408,0.006));
#13932=CARTESIAN_POINT('',(0.000867230812287984,-0.0570385184839578,0.006));
#13933=CARTESIAN_POINT('',(0.000860568178947841,-0.0577173021908604,0.006));
#13934=CARTESIAN_POINT('',(0.000762278805169771,-0.0577176450106173,0.006));
#13935=CARTESIAN_POINT('',(0.000663990440834233,-0.0577178849891839,0.006));
#13936=CARTESIAN_POINT('',(0.00110404019077249,-0.0582372460312622,0.006));
#13937=CARTESIAN_POINT('',(0.00154408994071075,-0.0587566070733405,0.006));
#13938=CARTESIAN_POINT('',(0.00154408994071075,-0.0588482331461774,0.006));
#13939=CARTESIAN_POINT('',(0.00154408994071075,-0.0589398592190143,0.006));
#13940=CARTESIAN_POINT('',(0.00118763745482194,-0.0589398592190143,0.006));
#13941=CARTESIAN_POINT('',(-0.010025151534585,-0.0589398592190143,0.006));
#13942=CARTESIAN_POINT('',(-0.00969846785717064,-0.0589398592190143,0.006));
#13943=CARTESIAN_POINT('',(-0.0103518352119994,-0.0589398592190143,0.006));
#13944=CARTESIAN_POINT('',(-0.0103518352119994,-0.0571583700053748,0.006));
#13945=CARTESIAN_POINT('',(-0.0103518352119994,-0.0553768807917353,0.006));
#13946=CARTESIAN_POINT('',(-0.010025151534585,-0.0553768807917353,0.006));
#13947=CARTESIAN_POINT('',(-0.00969846785717064,-0.0553768807917353,0.006));
#13948=CARTESIAN_POINT('',(-0.00969846785717064,-0.0561017706084831,0.006));
#13949=CARTESIAN_POINT('',(-0.00969846785717064,-0.056826660425231,0.006));
#13950=CARTESIAN_POINT('',(-0.00853091199232876,-0.056826660425231,0.006));
#13951=CARTESIAN_POINT('',(-0.00736335612748688,-0.056826660425231,0.006));
#13952=CARTESIAN_POINT('',(-0.00736335612748688,-0.0561017706084831,0.006));
#13953=CARTESIAN_POINT('',(-0.00736335612748688,-0.0553768807917353,0.006));
#13954=CARTESIAN_POINT('',(-0.00703667245007251,-0.0553768807917353,0.006));
#13955=CARTESIAN_POINT('',(-0.00670998877265815,-0.0553768807917353,0.006));
#13956=CARTESIAN_POINT('',(-0.00670998877265815,-0.0571583700053748,0.006));
#13957=CARTESIAN_POINT('',(-0.00670998877265815,-0.0589398592190143,0.006));
#13958=CARTESIAN_POINT('',(-0.00703667245007251,-0.0589398592190143,0.006));
#13959=CARTESIAN_POINT('',(-0.00736335612748688,-0.0589398592190143,0.006));
#13960=CARTESIAN_POINT('',(-0.00736335612748688,-0.0582149694022665,0.006));
#13961=CARTESIAN_POINT('',(-0.00736335612748688,-0.0574900795855186,0.006));
#13962=CARTESIAN_POINT('',(-0.00853091199232876,-0.0574900795855186,0.006));
#13963=CARTESIAN_POINT('',(-0.00969846785717064,-0.0574900795855186,0.006));
#13964=CARTESIAN_POINT('',(-0.00969846785717064,-0.0582149694022665,0.006));
#13965=CARTESIAN_POINT('',(0.00684487088867333,-0.0651255856552627,0.006));
#13966=CARTESIAN_POINT('',(0.00717387421350129,-0.0651255856552627,0.006));
#13967=CARTESIAN_POINT('',(0.00651586756384537,-0.0651255856552627,0.006));
#13968=CARTESIAN_POINT('',(0.00651586756384537,-0.0636730997664511,0.006));
#13969=CARTESIAN_POINT('',(0.00651586756384537,-0.0622206138776396,0.006));
#13970=CARTESIAN_POINT('',(0.00578827149178166,-0.0622206138776396,0.006));
#13971=CARTESIAN_POINT('',(0.00506067541971794,-0.0622206138776396,0.006));
#13972=CARTESIAN_POINT('',(0.00506067541971794,-0.0618916105528116,0.006));
#13973=CARTESIAN_POINT('',(0.00506067541971794,-0.0615626072279836,0.006));
#13974=CARTESIAN_POINT('',(0.00684216463335747,-0.0615626072279836,0.006));
#13975=CARTESIAN_POINT('',(0.008623653846997,-0.0615626072279836,0.006));
#13976=CARTESIAN_POINT('',(0.008623653846997,-0.0618916105528116,0.006));
#13977=CARTESIAN_POINT('',(0.008623653846997,-0.0622206138776396,0.006));
#13978=CARTESIAN_POINT('',(0.00789876403024914,-0.0622206138776396,0.006));
#13979=CARTESIAN_POINT('',(0.00717387421350129,-0.0622206138776396,0.006));
#13980=CARTESIAN_POINT('',(0.00717387421350129,-0.0636730997664511,0.006));
#13981=CARTESIAN_POINT('',(0.00385213911723592,-0.0589398592190143,0.006));
#13982=CARTESIAN_POINT('',(0.00494314747649969,-0.0589397662322864,0.006));
#13983=CARTESIAN_POINT('',(0.00276113046393996,-0.0589397499701919,0.006));
#13984=CARTESIAN_POINT('',(0.00275424502705084,-0.0582874005307686,0.006));
#13985=CARTESIAN_POINT('',(0.00241743218518223,-0.0588459215049768,0.006));
#13986=CARTESIAN_POINT('',(0.00279037330875057,-0.0582222891765935,0.006));
#13987=CARTESIAN_POINT('',(0.00216729171913778,-0.0585961711423119,0.006));
#13988=CARTESIAN_POINT('',(0.00272481993760702,-0.0582589343446524,0.006));
#13989=CARTESIAN_POINT('',(0.00207308635570891,-0.0582516984498099,0.006));
#13990=CARTESIAN_POINT('',(0.00207296955100999,-0.0571583700053748,0.006));
#13991=CARTESIAN_POINT('',(0.00207308635570891,-0.0560650415609397,0.006));
#13992=CARTESIAN_POINT('',(0.00272481993760704,-0.0560578056660972,0.006));
#13993=CARTESIAN_POINT('',(0.00216729170839398,-0.055720568886692,0.006));
#13994=CARTESIAN_POINT('',(0.0027903733087505,-0.0560944508341561,0.006));
#13995=CARTESIAN_POINT('',(0.00241743218518223,-0.0554708185057728,0.006));
#13996=CARTESIAN_POINT('',(0.00275424502705082,-0.0560293394799809,0.006));
#13997=CARTESIAN_POINT('',(0.00276113046393996,-0.0553769900405577,0.006));
#13998=CARTESIAN_POINT('',(0.00385213911723592,-0.0553768807917353,0.006));
#13999=CARTESIAN_POINT('',(0.00494314747649969,-0.0553769737784632,0.006));
#14000=CARTESIAN_POINT('',(0.00494929875959986,-0.056042795394215,0.006));
#14001=CARTESIAN_POINT('',(0.00528991889862398,-0.0554708526771823,0.006));
#14002=CARTESIAN_POINT('',(0.00492714230615927,-0.056089313993112,0.006));
#14003=CARTESIAN_POINT('',(0.00554203366640272,-0.0557205562483371,0.006));
#14004=CARTESIAN_POINT('',(0.00498205319940275,-0.0560577193735893,0.006));
#14005=CARTESIAN_POINT('',(0.0056358295058855,-0.0560650415309019,0.006));
#14006=CARTESIAN_POINT('',(0.00563594797828904,-0.056203448486779,0.006));
#14007=CARTESIAN_POINT('',(0.00563594797828904,-0.05634185411579,0.006));
#14008=CARTESIAN_POINT('',(0.00530694465346108,-0.05634185411579,0.006));
#14009=CARTESIAN_POINT('',(0.00497794132863312,-0.05634185411579,0.006));
#14010=CARTESIAN_POINT('',(0.00497794132863312,-0.0562181395870651,0.006));
#14011=CARTESIAN_POINT('',(0.00497795260633081,-0.0560943057922418,0.006));
#14012=CARTESIAN_POINT('',(0.00492390142850032,-0.0560941864779269,0.006));
#14013=CARTESIAN_POINT('',(0.00495848443354477,-0.0560526321232759,0.006));
#14014=CARTESIAN_POINT('',(0.0049136974837293,-0.0561001808490246,0.006));
#14015=CARTESIAN_POINT('',(0.00491376443066491,-0.0560348739717915,0.006));
#14016=CARTESIAN_POINT('',(0.00384981946982233,-0.0560348874413912,0.006));
#14017=CARTESIAN_POINT('',(0.00278587419349287,-0.0560349056798384,0.006));
#14018=CARTESIAN_POINT('',(0.00278484061562053,-0.0560921518276868,0.006));
#14019=CARTESIAN_POINT('',(0.00274375271987915,-0.0560523035398873,0.006));
#14020=CARTESIAN_POINT('',(0.00278360129213435,-0.056093391151173,0.006));
#14021=CARTESIAN_POINT('',(0.00272635514428596,-0.0560944247290454,0.006));
#14022=CARTESIAN_POINT('',(0.00272633690583872,-0.0571583700053748,0.006));
#14023=CARTESIAN_POINT('',(0.00272635514428595,-0.0582223152817042,0.006));
#14024=CARTESIAN_POINT('',(0.00278360129213486,-0.0582233488595764,0.006));
#14025=CARTESIAN_POINT('',(0.00274375300433488,-0.0582644367553181,0.006));
#14026=CARTESIAN_POINT('',(0.00278484061562059,-0.0582245881830625,0.006));
#14027=CARTESIAN_POINT('',(0.00278587419349287,-0.0582818343309112,0.006));
#14028=CARTESIAN_POINT('',(0.00384981946982233,-0.0582818525693584,0.006));
#14029=CARTESIAN_POINT('',(0.00491376443066491,-0.058281866038958,0.006));
#14030=CARTESIAN_POINT('',(0.00491369748373036,-0.0582165591617274,0.006));
#14031=CARTESIAN_POINT('',(0.00495848443354315,-0.0582641078874751,0.006));
#14032=CARTESIAN_POINT('',(0.00492390142850002,-0.0582225535328226,0.006));
#14033=CARTESIAN_POINT('',(0.00497795260633082,-0.0582224342185077,0.006));
#14034=CARTESIAN_POINT('',(0.00497794132863312,-0.0579006571777246,0.006));
#14035=CARTESIAN_POINT('',(0.00497794132863312,-0.0575789994030397,0.006));
#14036=CARTESIAN_POINT('',(0.00457470928657018,-0.0575789994030397,0.006));
#14037=CARTESIAN_POINT('',(0.00417147724450725,-0.0575789994030397,0.006));
#14038=CARTESIAN_POINT('',(0.00417147724450725,-0.0572499960782117,0.006));
#14039=CARTESIAN_POINT('',(0.00417147724450725,-0.0569209927533838,0.006));
#14040=CARTESIAN_POINT('',(0.00490371261139814,-0.0569209927533838,0.006));
#14041=CARTESIAN_POINT('',(0.00563594797828904,-0.0569209927533838,0.006));
#14042=CARTESIAN_POINT('',(0.00563594797828904,-0.0575863449531827,0.006));
#14043=CARTESIAN_POINT('',(0.00563582950588548,-0.0582516984798477,0.006));
#14044=CARTESIAN_POINT('',(0.00498205319940446,-0.0582590206371607,0.006));
#14045=CARTESIAN_POINT('',(0.00554203368293218,-0.0585961837348306,0.006));
#14046=CARTESIAN_POINT('',(0.00492714230615923,-0.0582274260176376,0.006));
#14047=CARTESIAN_POINT('',(0.00528991881267592,-0.058845887385253,0.006));
#14048=CARTESIAN_POINT('',(0.00494929875959988,-0.0582739446165346,0.006));
#14049=CARTESIAN_POINT('',(0.00348574634467163,-0.0645156420380969,0.006));
#14050=CARTESIAN_POINT('',(0.00399673047268323,-0.0651255856552627,0.006));
#14051=CARTESIAN_POINT('',(0.00297476221666003,-0.0639056984209312,0.006));
#14052=CARTESIAN_POINT('',(0.00239203258916247,-0.063907121199931,0.006));
#14053=CARTESIAN_POINT('',(0.0018093029616649,-0.0639085439789308,0.006));
#14054=CARTESIAN_POINT('',(0.0018093029616649,-0.0645170648170968,0.006));
#14055=CARTESIAN_POINT('',(0.0018093029616649,-0.0651255856552627,0.006));
#14056=CARTESIAN_POINT('',(0.00148261928425054,-0.0651255856552627,0.006));
#14057=CARTESIAN_POINT('',(0.00115593560683617,-0.0651255856552627,0.006));
#14058=CARTESIAN_POINT('',(0.00115593560683617,-0.0633464160890368,0.006));
#14059=CARTESIAN_POINT('',(0.00115593560683617,-0.0615672465228108,0.006));
#14060=CARTESIAN_POINT('',(0.00259102414004579,-0.0615672465228108,0.006));
#14061=CARTESIAN_POINT('',(0.00402611350715343,-0.0615673377861556,0.006));
#14062=CARTESIAN_POINT('',(0.00403217821569152,-0.0622310707259935,0.006));
#14063=CARTESIAN_POINT('',(0.00437288272434988,-0.0616616087069067,0.006));
#14064=CARTESIAN_POINT('',(0.00400741836698077,-0.0622822321622605,0.006));
#14065=CARTESIAN_POINT('',(0.00462499372227116,-0.0619116987858494,0.006));
#14066=CARTESIAN_POINT('',(0.00406645534586964,-0.0622485219988517,0.006));
#14067=CARTESIAN_POINT('',(0.00471880478529279,-0.0622554074357408,0.006));
#14068=CARTESIAN_POINT('',(0.00471891403411522,-0.0627355756034572,0.006));
#14069=CARTESIAN_POINT('',(0.00471883019761315,-0.0632157433385606,0.006));
#14070=CARTESIAN_POINT('',(0.00405443601370279,-0.0632214531319495,0.006));
#14071=CARTESIAN_POINT('',(0.00462493867908389,-0.0635617395699492,0.006));
#14072=CARTESIAN_POINT('',(0.00402795420463326,-0.0632114227988097,0.006));
#14073=CARTESIAN_POINT('',(0.00437290818200114,-0.0638115193598892,0.006));
#14074=CARTESIAN_POINT('',(0.00403277631603808,-0.0632242449202054,0.006));
#14075=CARTESIAN_POINT('',(0.00402611368269794,-0.0639030286271087,0.006));
#14076=CARTESIAN_POINT('',(0.00392782430891987,-0.0639033714468657,0.006));
#14077=CARTESIAN_POINT('',(0.00382953594458433,-0.0639036114254322,0.006));
#14078=CARTESIAN_POINT('',(0.00426958569452259,-0.0644229724675105,0.006));
#14079=CARTESIAN_POINT('',(0.00470963544446085,-0.0649423335095888,0.006));
#14080=CARTESIAN_POINT('',(0.00470963544446085,-0.0650339595824258,0.006));
#14081=CARTESIAN_POINT('',(0.00470963544446085,-0.0651255856552627,0.006));
#14082=CARTESIAN_POINT('',(0.00435318295857203,-0.0651255856552627,0.006));
#14083=CARTESIAN_POINT('',(0.0168980526717089,-0.020050068299002,0.006));
#14084=CARTESIAN_POINT('',(0.0168980526717089,-0.0513167219414178,0.006));
#14085=CARTESIAN_POINT('',(0.00029805267170897,-0.0513167219414178,0.006));
#14086=CARTESIAN_POINT('',(0.00029805267170897,-0.0473167219414178,0.006));
#14087=CARTESIAN_POINT('',(0.00029805267170897,-0.0513167219414178,0.006));
#14088=CARTESIAN_POINT('',(0.00029805267170897,-0.0473167219414178,0.006));
#14089=CARTESIAN_POINT('',(0.00029805267170897,-0.0513167219414178,0.006));
#14090=CARTESIAN_POINT('',(-0.016301947328291,-0.0513167219414178,0.006));
#14091=CARTESIAN_POINT('',(-0.016301947328291,-0.0711772719414178,0.006));
#14092=CARTESIAN_POINT('',(-0.00116951092529095,-0.0651255856552627,0.006));
#14093=CARTESIAN_POINT('',(-7.57960166791276E-5,-0.0651254764064403,0.006));
#14094=CARTESIAN_POINT('',(-0.00226322583390277,-0.0651254764064403,0.006));
#14095=CARTESIAN_POINT('',(-0.00227011127079193,-0.0644731269670172,0.006));
#14096=CARTESIAN_POINT('',(-0.0026069228825105,-0.0650316458668982,0.006));
#14097=CARTESIAN_POINT('',(-0.00223580493710097,-0.0644107770613356,0.006));
#14098=CARTESIAN_POINT('',(-0.00285668175781789,-0.0647818998089525,0.006));
#14099=CARTESIAN_POINT('',(-0.00229671875214344,-0.064444747073409,0.006));
#14100=CARTESIAN_POINT('',(-0.00295049505862466,-0.0644374249160961,0.006));
#14101=CARTESIAN_POINT('',(-0.00295061353102821,-0.0633440964416232,0.006));
#14102=CARTESIAN_POINT('',(-0.00295049505862463,-0.0622507679671503,0.006));
#14103=CARTESIAN_POINT('',(-0.00229671875214379,-0.0622434458098371,0.006));
#14104=CARTESIAN_POINT('',(-0.00285668177115004,-0.0619062930968669,0.006));
#14105=CARTESIAN_POINT('',(-0.00223580493710159,-0.0622774158219103,0.006));
#14106=CARTESIAN_POINT('',(-0.0026069228825105,-0.0616565470163482,0.006));
#14107=CARTESIAN_POINT('',(-0.0022701112707919,-0.0622150659162286,0.006));
#14108=CARTESIAN_POINT('',(-0.00226322583390277,-0.061562716476806,0.006));
#14109=CARTESIAN_POINT('',(-0.00116951092529095,-0.0615626072279836,0.006));
#14110=CARTESIAN_POINT('',(-7.57960166791271E-5,-0.0615627164768061,0.006));
#14111=CARTESIAN_POINT('',(-6.89105797895624E-5,-0.0622150659162272,0.006));
#14112=CARTESIAN_POINT('',(0.000267902247031392,-0.0616565449332175,0.006));
#14113=CARTESIAN_POINT('',(-0.00010503886148966,-0.0622801772704045,0.006));
#14114=CARTESIAN_POINT('',(0.000518042728123054,-0.0619062953046861,0.006));
#14115=CARTESIAN_POINT('',(-3.9485490348013E-5,-0.0622435321023462,0.006));
#14116=CARTESIAN_POINT('',(0.000612248091551957,-0.0622507679971881,0.006));
#14117=CARTESIAN_POINT('',(0.000612364896250843,-0.0633440964416232,0.006));
#14118=CARTESIAN_POINT('',(0.000612248091551958,-0.0644374248860583,0.006));
#14119=CARTESIAN_POINT('',(-3.94854903477976E-5,-0.0644446607809002,0.006));
#14120=CARTESIAN_POINT('',(0.000518042738866856,-0.0647818975603059,0.006));
#14121=CARTESIAN_POINT('',(-0.000105038861490338,-0.0644080156128414,0.006));
#14122=CARTESIAN_POINT('',(0.000267902262078595,-0.0650316479412252,0.006));
#14123=CARTESIAN_POINT('',(-6.89105797899694E-5,-0.0644731269670172,0.006));
#14124=CARTESIAN_POINT('',(-0.00580957896828175,-0.0589398592190143,0.006));
#14125=CARTESIAN_POINT('',(-0.00548289529086738,-0.0589398592190143,0.006));
#14126=CARTESIAN_POINT('',(-0.00613626264569611,-0.0589398592190143,0.006));
#14127=CARTESIAN_POINT('',(-0.00613626264569611,-0.0575024510383911,0.006));
#14128=CARTESIAN_POINT('',(-0.00613614417329254,-0.0560650415309019,0.006));
#14129=CARTESIAN_POINT('',(-0.00548236786681167,-0.0560577193735887,0.006));
#14130=CARTESIAN_POINT('',(-0.00604233375348419,-0.0557205649625293,0.006));
#14131=CARTESIAN_POINT('',(-0.00542248044224203,-0.0560912765291652,0.006));
#14132=CARTESIAN_POINT('',(-0.00579218142659588,-0.0554708272162871,0.006));
#14133=CARTESIAN_POINT('',(-0.00545479226556671,-0.0560313313020809,0.006));
#14134=CARTESIAN_POINT('',(-0.00544810165308431,-0.0553769857728743,0.006));
#14135=CARTESIAN_POINT('',(-0.00435709307947018,-0.0553768807917353,0.006));
#14136=CARTESIAN_POINT('',(-0.00326608492048244,-0.0553769604378095,0.006));
#14137=CARTESIAN_POINT('',(-0.00326057263114436,-0.0560433780356703,0.006));
#14138=CARTESIAN_POINT('',(-0.00291970843624386,-0.0554708672814449,0.006));
#14139=CARTESIAN_POINT('',(-0.0032811248465528,-0.0560889413413537,0.006));
#14140=CARTESIAN_POINT('',(-0.00266719555885382,-0.0557205544734302,0.006));
#14141=CARTESIAN_POINT('',(-0.00322717899730151,-0.0560577193735887,0.006));
#14142=CARTESIAN_POINT('',(-0.00257340269082063,-0.0560650415309019,0.006));
#14143=CARTESIAN_POINT('',(-0.00257328421841706,-0.0575024510383911,0.006));
#14144=CARTESIAN_POINT('',(-0.00257328421841706,-0.0589398592190143,0.006));
#14145=CARTESIAN_POINT('',(-0.00290228754324502,-0.0589398592190143,0.006));
#14146=CARTESIAN_POINT('',(-0.00323129086807298,-0.0589398592190143,0.006));
#14147=CARTESIAN_POINT('',(-0.00323129086807298,-0.058341003578405,0.006));
#14148=CARTESIAN_POINT('',(-0.00323129086807298,-0.0577421479377957,0.006));
#14149=CARTESIAN_POINT('',(-0.00435709307947018,-0.0577421479377957,0.006));
#14150=CARTESIAN_POINT('',(-0.00548289529086738,-0.0577421479377957,0.006));
#14151=CARTESIAN_POINT('',(-0.00548289529086738,-0.058341003578405,0.006));
#14152=CARTESIAN_POINT('',(-0.00652866966649562,-0.0651255856552627,0.006));
#14153=CARTESIAN_POINT('',(-0.00620198598908125,-0.0651255856552627,0.006));
#14154=CARTESIAN_POINT('',(-0.00685535334390998,-0.0651255856552627,0.006));
#14155=CARTESIAN_POINT('',(-0.00685535334390998,-0.0633464160890368,0.006));
#14156=CARTESIAN_POINT('',(-0.00685535334390998,-0.0615672465228108,0.006));
#14157=CARTESIAN_POINT('',(-0.00542026481070037,-0.0615672465228108,0.006));
#14158=CARTESIAN_POINT('',(-0.00398517544359273,-0.0615673377861556,0.006));
#14159=CARTESIAN_POINT('',(-0.00397911073505463,-0.0622310707259935,0.006));
#14160=CARTESIAN_POINT('',(-0.00363840622639628,-0.0616616087069067,0.006));
#14161=CARTESIAN_POINT('',(-0.00400387058376524,-0.0622822321622603,0.006));
#14162=CARTESIAN_POINT('',(-0.00338629522847499,-0.0619116987858494,0.006));
#14163=CARTESIAN_POINT('',(-0.00394483360487652,-0.0622485219988517,0.006));
#14164=CARTESIAN_POINT('',(-0.00329248416545336,-0.0622554074357408,0.006));
#14165=CARTESIAN_POINT('',(-0.00329237491663093,-0.0627355756034572,0.006));
#14166=CARTESIAN_POINT('',(-0.00329245875313301,-0.0632157433385606,0.006));
#14167=CARTESIAN_POINT('',(-0.00395685293704259,-0.0632214531319498,0.006));
#14168=CARTESIAN_POINT('',(-0.00338635027166227,-0.0635617395699491,0.006));
#14169=CARTESIAN_POINT('',(-0.00398333474611289,-0.0632114227988097,0.006));
#14170=CARTESIAN_POINT('',(-0.00363838076874502,-0.0638115193598892,0.006));
#14171=CARTESIAN_POINT('',(-0.00397851263470848,-0.0632242449202042,0.006));
#14172=CARTESIAN_POINT('',(-0.00398517526804822,-0.0639030286271088,0.006));
#14173=CARTESIAN_POINT('',(-0.005093581133286,-0.063905837723615,0.006));
#14174=CARTESIAN_POINT('',(-0.00620198598908125,-0.0639085439789308,0.006));
#14175=CARTESIAN_POINT('',(-0.00620198598908125,-0.0645170648170968,0.006));
#14176=CARTESIAN_POINT('',(0.00643545312017414,-0.0589398592190143,0.006));
#14177=CARTESIAN_POINT('',(0.00675943054227265,-0.0589398592190143,0.006));
#14178=CARTESIAN_POINT('',(0.00611147569807563,-0.0589398592190143,0.006));
#14179=CARTESIAN_POINT('',(0.00611147569807563,-0.0571583700053748,0.006));
#14180=CARTESIAN_POINT('',(0.00611147569807563,-0.0553768807917353,0.006));
#14181=CARTESIAN_POINT('',(0.00643545312017414,-0.0553768807917353,0.006));
#14182=CARTESIAN_POINT('',(0.00675943054227265,-0.0553768807917353,0.006));
#14183=CARTESIAN_POINT('',(0.00675943054227265,-0.0571583700053748,0.006));
#14184=CARTESIAN_POINT('',(0.00756628123430079,-0.0589398592190143,0.006));
#14185=CARTESIAN_POINT('',(0.00789296491171516,-0.0589398592190143,0.006));
#14186=CARTESIAN_POINT('',(0.00723959755688643,-0.0589398592190143,0.006));
#14187=CARTESIAN_POINT('',(0.00723959755688643,-0.0571583700053748,0.006));
#14188=CARTESIAN_POINT('',(0.00723959755688643,-0.0553768807917353,0.006));
#14189=CARTESIAN_POINT('',(0.00759836969018883,-0.0553768807917353,0.006));
#14190=CARTESIAN_POINT('',(0.00795714182349124,-0.0553768807917353,0.006));
#14191=CARTESIAN_POINT('',(0.0090508555790004,-0.056678202990761,0.006));
#14192=CARTESIAN_POINT('',(0.0101445693345096,-0.0579795251897868,0.006));
#14193=CARTESIAN_POINT('',(0.0101445693345096,-0.056678202990761,0.006));
#14194=CARTESIAN_POINT('',(0.0101445693345096,-0.0553768807917353,0.006));
#14195=CARTESIAN_POINT('',(0.0104735726593375,-0.0553768807917353,0.006));
#14196=CARTESIAN_POINT('',(0.0108025759841655,-0.0553768807917353,0.006));
#14197=CARTESIAN_POINT('',(0.0108025759841655,-0.0571583700053748,0.006));
#14198=CARTESIAN_POINT('',(0.0108025759841655,-0.0589398592190143,0.006));
#14199=CARTESIAN_POINT('',(0.0104438038508631,-0.0589398592190143,0.006));
#14200=CARTESIAN_POINT('',(0.0100850317175607,-0.0589398592190143,0.006));
#14201=CARTESIAN_POINT('',(0.00898899831463791,-0.0576358307646727,0.006));
#14202=CARTESIAN_POINT('',(0.00789296491171516,-0.0563318023103311,0.006));
#14203=CARTESIAN_POINT('',(0.00789296491171516,-0.0576358307646727,0.006));
#14204=CARTESIAN_POINT('',(0.0131361412822402,-0.0589398592190143,0.006));
#14205=CARTESIAN_POINT('',(0.014227149641504,-0.0589397662322864,0.006));
#14206=CARTESIAN_POINT('',(0.0120451326289442,-0.0589397499701918,0.006));
#14207=CARTESIAN_POINT('',(0.0120382471920546,-0.0582874005307701,0.006));
#14208=CARTESIAN_POINT('',(0.0117014343501865,-0.0588459215049768,0.006));
#14209=CARTESIAN_POINT('',(0.0120743754737546,-0.0582222891765936,0.006));
#14210=CARTESIAN_POINT('',(0.011451293884142,-0.0585961711423119,0.006));
#14211=CARTESIAN_POINT('',(0.0120088221026131,-0.0582589343446518,0.006));
#14212=CARTESIAN_POINT('',(0.0113570885207131,-0.0582516984498099,0.006));
#14213=CARTESIAN_POINT('',(0.0113569717160142,-0.0571583700053748,0.006));
#14214=CARTESIAN_POINT('',(0.0113570885207132,-0.0560650415609397,0.006));
#14215=CARTESIAN_POINT('',(0.0120088221026114,-0.0560578056660972,0.006));
#14216=CARTESIAN_POINT('',(0.0114512938733982,-0.055720568886692,0.006));
#14217=CARTESIAN_POINT('',(0.0120743754737546,-0.0560944508341559,0.006));
#14218=CARTESIAN_POINT('',(0.0117014343501865,-0.0554708185057728,0.006));
#14219=CARTESIAN_POINT('',(0.0120382471920551,-0.0560293394799808,0.006));
#14220=CARTESIAN_POINT('',(0.0120451326289442,-0.0553769900405577,0.006));
#14221=CARTESIAN_POINT('',(0.0131361412822402,-0.0553768807917353,0.006));
#14222=CARTESIAN_POINT('',(0.014227149641504,-0.0553769737784632,0.006));
#14223=CARTESIAN_POINT('',(0.0142333009246044,-0.056042795394214,0.006));
#14224=CARTESIAN_POINT('',(0.0145739210636282,-0.0554708526771823,0.006));
#14225=CARTESIAN_POINT('',(0.0142111444711637,-0.0560893139931118,0.006));
#14226=CARTESIAN_POINT('',(0.014826035831407,-0.0557205562483371,0.006));
#14227=CARTESIAN_POINT('',(0.0142660553644071,-0.0560577193735893,0.006));
#14228=CARTESIAN_POINT('',(0.0149198316708898,-0.0560650415309019,0.006));
#14229=CARTESIAN_POINT('',(0.0149199501432933,-0.056203448486779,0.006));
#14230=CARTESIAN_POINT('',(0.0149199501432933,-0.05634185411579,0.006));
#14231=CARTESIAN_POINT('',(0.0145909468184653,-0.05634185411579,0.006));
#14232=CARTESIAN_POINT('',(0.0142619434936374,-0.05634185411579,0.006));
#14233=CARTESIAN_POINT('',(0.0142619434936374,-0.0562181395870651,0.006));
#14234=CARTESIAN_POINT('',(0.0142619547713351,-0.0560943057922418,0.006));
#14235=CARTESIAN_POINT('',(0.0142079035935046,-0.0560941864779269,0.006));
#14236=CARTESIAN_POINT('',(0.014242486598549,-0.0560526321232759,0.006));
#14237=CARTESIAN_POINT('',(0.0141976996487336,-0.0561001808490245,0.006));
#14238=CARTESIAN_POINT('',(0.0141977665956692,-0.0560348739717915,0.006));
#14239=CARTESIAN_POINT('',(0.0131338216348266,-0.0560348874413912,0.006));
#14240=CARTESIAN_POINT('',(0.0120698763584971,-0.0560349056798384,0.006));
#14241=CARTESIAN_POINT('',(0.0120688427806248,-0.0560921518276868,0.006));
#14242=CARTESIAN_POINT('',(0.012027754884884,-0.0560523035398867,0.006));
#14243=CARTESIAN_POINT('',(0.0120676034571394,-0.0560933911511734,0.006));
#14244=CARTESIAN_POINT('',(0.0120103573092902,-0.0560944247290454,0.006));
#14245=CARTESIAN_POINT('',(0.012010339070843,-0.0571583700053748,0.006));
#14246=CARTESIAN_POINT('',(0.0120103573092902,-0.0582223152817042,0.006));
#14247=CARTESIAN_POINT('',(0.0120676034571388,-0.0582233488595766,0.006));
#14248=CARTESIAN_POINT('',(0.0120277551693383,-0.0582644367553173,0.006));
#14249=CARTESIAN_POINT('',(0.0120688427806252,-0.0582245881830617,0.006));
#14250=CARTESIAN_POINT('',(0.0120698763584971,-0.0582818343309112,0.006));
#14251=CARTESIAN_POINT('',(0.0131338216348266,-0.0582818525693584,0.006));
#14252=CARTESIAN_POINT('',(0.0141977665956692,-0.0582818660389581,0.006));
#14253=CARTESIAN_POINT('',(0.0141976996487336,-0.0582165591617248,0.006));
#14254=CARTESIAN_POINT('',(0.0142424865985491,-0.0582641078874737,0.006));
#14255=CARTESIAN_POINT('',(0.0142079035935043,-0.0582225535328226,0.006));
#14256=CARTESIAN_POINT('',(0.0142619547713351,-0.0582224342185077,0.006));
#14257=CARTESIAN_POINT('',(0.0142619434936374,-0.0579006571777246,0.006));
#14258=CARTESIAN_POINT('',(0.0142619434936374,-0.0575789994030397,0.006));
#14259=CARTESIAN_POINT('',(0.0138587114515744,-0.0575789994030397,0.006));
#14260=CARTESIAN_POINT('',(0.0134554794095115,-0.0575789994030397,0.006));
#14261=CARTESIAN_POINT('',(0.0134554794095115,-0.0572499960782117,0.006));
#14262=CARTESIAN_POINT('',(0.0134554794095115,-0.0569209927533838,0.006));
#14263=CARTESIAN_POINT('',(0.0141877147764024,-0.0569209927533838,0.006));
#14264=CARTESIAN_POINT('',(0.0149199501432933,-0.0569209927533838,0.006));
#14265=CARTESIAN_POINT('',(0.0149199501432933,-0.0575863449531827,0.006));
#14266=CARTESIAN_POINT('',(0.0149198316708897,-0.0582516984798477,0.006));
#14267=CARTESIAN_POINT('',(0.014266055364409,-0.0582590206371609,0.006));
#14268=CARTESIAN_POINT('',(0.0148260358479364,-0.0585961837348306,0.006));
#14269=CARTESIAN_POINT('',(0.0142111444711636,-0.0582274260176378,0.006));
#14270=CARTESIAN_POINT('',(0.0145739209776802,-0.058845887385253,0.006));
#14271=CARTESIAN_POINT('',(0.0142333009246041,-0.0582739446165347,0.006));
#14272=CARTESIAN_POINT('',(-0.0123042051184403,-0.0589398592190143,0.006));
#14273=CARTESIAN_POINT('',(-0.0108714362326442,-0.0589398592190143,0.006));
#14274=CARTESIAN_POINT('',(-0.0137369751573389,-0.0589397499701918,0.006));
#14275=CARTESIAN_POINT('',(-0.0137438605942285,-0.0582874005307702,0.006));
#14276=CARTESIAN_POINT('',(-0.0140806734360966,-0.0588459215049768,0.006));
#14277=CARTESIAN_POINT('',(-0.0137077323125285,-0.0582222891765936,0.006));
#14278=CARTESIAN_POINT('',(-0.0143308139021411,-0.0585961711423119,0.006));
#14279=CARTESIAN_POINT('',(-0.0137732856836718,-0.0582589343446524,0.006));
#14280=CARTESIAN_POINT('',(-0.01442501926557,-0.0582516984498099,0.006));
#14281=CARTESIAN_POINT('',(-0.0144251360702689,-0.0571583700053748,0.006));
#14282=CARTESIAN_POINT('',(-0.01442501926557,-0.0560650415609397,0.006));
#14283=CARTESIAN_POINT('',(-0.0137732856836718,-0.0560578056660972,0.006));
#14284=CARTESIAN_POINT('',(-0.0143308139128849,-0.055720568886692,0.006));
#14285=CARTESIAN_POINT('',(-0.0137077323125286,-0.0560944508341559,0.006));
#14286=CARTESIAN_POINT('',(-0.0140806734360967,-0.0554708185057728,0.006));
#14287=CARTESIAN_POINT('',(-0.0137438605942281,-0.0560293394799808,0.006));
#14288=CARTESIAN_POINT('',(-0.0137369751573389,-0.0553769900405577,0.006));
#14289=CARTESIAN_POINT('',(-0.0123042051184403,-0.0553768807917353,0.006));
#14290=CARTESIAN_POINT('',(-0.0108714362326442,-0.0553768807917353,0.006));
#14291=CARTESIAN_POINT('',(-0.0108714362326442,-0.0557058841165632,0.006));
#14292=CARTESIAN_POINT('',(-0.0108714362326442,-0.0560348874413912,0.006));
#14293=CARTESIAN_POINT('',(-0.0122350023039347,-0.0560348874413912,0.006));
#14294=CARTESIAN_POINT('',(-0.0135985834021374,-0.0560351587649204,0.006));
#14295=CARTESIAN_POINT('',(-0.0136083682676218,-0.0562118327355473,0.006));
#14296=CARTESIAN_POINT('',(-0.0137248482129143,-0.0560791200428013,0.006));
#14297=CARTESIAN_POINT('',(-0.0136019793978312,-0.0561953660448135,0.006));
#14298=CARTESIAN_POINT('',(-0.0137713764458902,-0.0562080583901814,0.006));
#14299=CARTESIAN_POINT('',(-0.0137717687154402,-0.0571583700053748,0.006));
#14300=CARTESIAN_POINT('',(-0.0137715113963773,-0.0581086659927235,0.006));
#14301=CARTESIAN_POINT('',(-0.0136010136685334,-0.0581177856400936,0.006));
#14302=CARTESIAN_POINT('',(-0.0137248569504633,-0.0582349501469438,0.006));
#14303=CARTESIAN_POINT('',(-0.0136077017861223,-0.0581110975223548,0.006));
#14304=CARTESIAN_POINT('',(-0.0135985821388048,-0.0582815952503017,0.006));
#14305=CARTESIAN_POINT('',(-0.0122350023039347,-0.0582818525693584,0.006));
#14306=CARTESIAN_POINT('',(-0.0108714362326442,-0.0582818525693584,0.006));
#14307=CARTESIAN_POINT('',(-0.0108714362326442,-0.0586108558941864,0.006));
#14308=CARTESIAN_POINT('',(0.000354871968924961,-0.020050068299002,0.));
#14309=CARTESIAN_POINT('',(0.00029805267170897,-0.0711772719414178,0.));
#14310=CARTESIAN_POINT('',(0.0175,-0.0711772719414178,0.));
#14311=CARTESIAN_POINT('',(0.0188980526717089,-0.0711772719414178,0.));
#14312=CARTESIAN_POINT('',(0.0175,-0.0537469969414178,0.));
#14313=CARTESIAN_POINT('',(0.0175,-0.0513167219414178,0.));
#14314=CARTESIAN_POINT('',(0.00029805267170897,-0.0513167219414178,0.));
#14315=CARTESIAN_POINT('',(0.0188980526717089,-0.0513167219414178,0.));
#14316=CARTESIAN_POINT('',(0.0188980526717089,-0.0612469969414178,0.));
#14317=CARTESIAN_POINT('',(0.000354871968924961,-0.020050068299002,0.));
#14318=CARTESIAN_POINT('',(0.00029805267170897,-0.0513167219414178,0.));
#14319=CARTESIAN_POINT('',(-0.018301947328291,-0.0513167219414178,0.));
#14320=CARTESIAN_POINT('',(-0.0175,-0.0513167219414178,0.));
#14321=CARTESIAN_POINT('',(-0.0175,-0.020050068299002,0.));
#14322=CARTESIAN_POINT('',(-0.0175,-0.0711772719414178,0.));
#14323=CARTESIAN_POINT('',(0.00029805267170897,-0.0711772719414178,0.));
#14324=CARTESIAN_POINT('',(-0.018301947328291,-0.0711772719414178,0.));
#14325=CARTESIAN_POINT('',(-0.018301947328291,-0.0612469969414178,0.));
#14326=CARTESIAN_POINT('',(0.00029805267170897,-0.0513167219414178,0.006));
#14327=CARTESIAN_POINT('',(0.00859805267170898,-0.0513167219414178,0.0143));
#14328=CARTESIAN_POINT('',(0.0188980526717089,-0.0513167219414178,0.004));
#14329=CARTESIAN_POINT('',(0.0188980526717089,-0.0513167219414178,0.006));
#14330=CARTESIAN_POINT('',(0.00589902633585448,-0.0513167219414178,0.0116009736641455));
#14331=CARTESIAN_POINT('',(0.017430275,-0.0513167219414178,6.97249999999927E-5));
#14332=CARTESIAN_POINT('',(0.00029805267170897,-0.0513167219414178,6.97249999999927E-5));
#14333=CARTESIAN_POINT('',(-0.017430275,-0.0513167219414178,6.97249999999927E-5));
#14334=CARTESIAN_POINT('',(-0.00560097366414551,-0.0513167219414178,0.0118990263358545));
#14335=CARTESIAN_POINT('',(-0.018301947328291,-0.0513167219414178,0.006));
#14336=CARTESIAN_POINT('',(-0.018301947328291,-0.0513167219414178,0.004));
#14337=CARTESIAN_POINT('',(-0.00800194732829104,-0.0513167219414178,0.0143));
#14338=CARTESIAN_POINT('',(-0.159859048043762,-0.0513167219414178,0.00247800416555966));
#14339=CARTESIAN_POINT('',(-0.159859048043762,-0.0513167219414178,0.00247800416555966));
#14340=CARTESIAN_POINT('',(-0.018301947328291,-0.0612469969414178,0.006));
#14341=CARTESIAN_POINT('',(-0.018301947328291,-0.0711772719414178,0.006));
#14342=CARTESIAN_POINT('',(-0.018301947328291,-0.0513167219414178,0.004));
#14343=CARTESIAN_POINT('',(0.00029805267170897,-0.0711772719414178,0.006));
#14344=CARTESIAN_POINT('',(0.000354871968924961,-0.0711772719414178,6.97250000000065E-5));
#14345=CARTESIAN_POINT('',(-0.017430275,-0.0711772719414178,6.97250000000049E-5));
#14346=CARTESIAN_POINT('',(0.017430275,-0.0711772719414178,6.97250000000065E-5));
#14347=CARTESIAN_POINT('',(0.0175,-0.0711772719414178,5.91277069463637E-18));
#14348=CARTESIAN_POINT('',(0.0188980526717089,-0.0711772719414178,0.006));
#14349=CARTESIAN_POINT('',(-0.015,-0.0711772719414178,0.0025));
#14350=CARTESIAN_POINT('',(0.0188980526717089,-0.0612469969414178,0.006));
#14351=CARTESIAN_POINT('',(0.0188980526717089,-0.0612469969414178,0.004));
#14352=CARTESIAN_POINT('',(-0.016301947328291,-0.020050068299002,0.006));
#14353=CARTESIAN_POINT('',(0.0188980526717089,-0.0612469969414178,0.004));
#14354=CARTESIAN_POINT('',(0.00029805267170897,-0.0612469969414178,0.0025));
#14355=CARTESIAN_POINT('',(-0.00267297636957939,-0.0612469969414178,0.0025));
#14356=CARTESIAN_POINT('',(-0.00267297636957939,-0.0687469969414178,0.0025));
#14357=CARTESIAN_POINT('',(-0.00267297636957939,-0.0684346312542985,0.0025));
#14358=CARTESIAN_POINT('',(1.7347234759768E-18,-0.0687469969414178,0.0025));
#14359=CARTESIAN_POINT('',(-0.015,-0.0687469969414178,0.0025));
#14360=CARTESIAN_POINT('',(-0.015,-0.0612469969414178,0.0025));
#14361=CARTESIAN_POINT('',(-0.015,-0.0537469969414178,0.0025));
#14362=CARTESIAN_POINT('',(-1.7347234759768E-18,-0.0537469969414178,0.0025));
#14363=CARTESIAN_POINT('',(0.015,-0.0537469969414178,0.0025));
#14364=CARTESIAN_POINT('',(0.015,-0.0612469969414178,0.0025));
#14365=CARTESIAN_POINT('',(0.015,-0.0687469969414178,0.0025));
#14366=CARTESIAN_POINT('',(1.7347234759768E-18,-0.0687469969414178,0.0025));
#14367=CARTESIAN_POINT('',(0.00246101690775417,-0.0687469969414178,0.0025));
#14368=CARTESIAN_POINT('',(0.00246101690775417,-0.0612469969414178,0.0025));
#14369=CARTESIAN_POINT('',(0.00246101690775417,-0.0684346312542985,0.0025));
#14370=CARTESIAN_POINT('',(0.00029805267170897,-0.0684346312542985,0.0025));
#14371=CARTESIAN_POINT('',(-0.015,-0.0612469969414178,0.0025));
#14372=CARTESIAN_POINT('',(-0.01,-0.0587469969414178,0.0075));
#14373=CARTESIAN_POINT('',(-0.0125,-0.0662469969414178,0.005));
#14374=CARTESIAN_POINT('',(0.000354871968924961,-0.0712469969414178,0.));
#14375=CARTESIAN_POINT('',(-0.00267297636957939,-0.0712469969414178,0.));
#14376=CARTESIAN_POINT('',(-0.00267297636957939,-0.0689292917289432,0.00231770521247461));
#14377=CARTESIAN_POINT('',(0.000354871968924961,-0.0689292917289432,0.00231770521247461));
#14378=CARTESIAN_POINT('',(0.00246101690775417,-0.0689292917289432,0.00231770521247461));
#14379=CARTESIAN_POINT('',(0.00246101690775417,-0.0712469969414178,0.));
#14380=CARTESIAN_POINT('',(0.011784957322975,-0.0655319542643928,0.00571504267702501));
#14381=CARTESIAN_POINT('',(-1.7347234759768E-18,-0.0537469969414178,0.0025));
#14382=CARTESIAN_POINT('',(0.01,-0.0587469969414178,0.0075));
#14383=CARTESIAN_POINT('',(0.0175,-0.020050068299002,0.));
#14384=CARTESIAN_POINT('',(-0.0011745368280204,-0.0644675790056068,0.005));
#14385=CARTESIAN_POINT('',(-0.0011745368280204,-0.0644675790056068,0.006));
#14386=CARTESIAN_POINT('',(-0.00223848210434986,-0.0644675607671596,0.006));
#14387=CARTESIAN_POINT('',(-0.000110591867177819,-0.0644675924752065,0.006));
#14388=CARTESIAN_POINT('',(-0.00223848177505512,-0.0644675790056068,0.005));
#14389=CARTESIAN_POINT('',(-0.00223848210434986,-0.0644675607671596,0.005));
#14390=CARTESIAN_POINT('',(-0.0011745368280204,-0.0644675790056068,0.005));
#14391=CARTESIAN_POINT('',(-0.000110591867177819,-0.0644675924752065,0.00500000025));
#14392=CARTESIAN_POINT('',(-0.000110591880985682,-0.0644675790056068,0.005));
#14393=CARTESIAN_POINT('',(-0.00223951568222218,-0.0644103146193112,0.005));
#14394=CARTESIAN_POINT('',(-0.00223951568222218,-0.0644103146193112,0.006));
#14395=CARTESIAN_POINT('',(-0.00228060329350733,-0.064450163191567,0.006));
#14396=CARTESIAN_POINT('',(-0.00228060314910182,-0.0644501633316158,0.00500000000000001));
#14397=CARTESIAN_POINT('',(-0.00228060329350733,-0.064450163191567,0.005));
#14398=CARTESIAN_POINT('',(-0.00223951568222218,-0.0644103146193112,0.005));
#14399=CARTESIAN_POINT('',(-0.00224075500570748,-0.0644090752958246,0.00500000000000001));
#14400=CARTESIAN_POINT('',(-0.00224075500570748,-0.0644090752958246,0.006));
#14401=CARTESIAN_POINT('',(-0.0022980011535568,-0.0644080417179526,0.006));
#14402=CARTESIAN_POINT('',(-0.00229801939200401,-0.0644080413886579,0.005));
#14403=CARTESIAN_POINT('',(-0.0022980011535568,-0.0644080417179526,0.00500000025));
#14404=CARTESIAN_POINT('',(-0.00224075500570748,-0.0644090752958246,0.005));
#14405=CARTESIAN_POINT('',(-0.00229801939200401,-0.0633440964416232,0.005));
#14406=CARTESIAN_POINT('',(-0.00229801939200401,-0.0633440964416232,0.006));
#14407=CARTESIAN_POINT('',(-0.00229800115355677,-0.0622801511652937,0.006));
#14408=CARTESIAN_POINT('',(-0.00229801939200401,-0.0622801514945884,0.005));
#14409=CARTESIAN_POINT('',(-0.00229800115355677,-0.0622801511652937,0.005));
#14410=CARTESIAN_POINT('',(-0.00229801939200401,-0.0633440964416232,0.005));
#14411=CARTESIAN_POINT('',(-0.00224075500570815,-0.0622791175874215,0.005));
#14412=CARTESIAN_POINT('',(-0.00224075500570815,-0.0622791175874215,0.006));
#14413=CARTESIAN_POINT('',(-0.00228060357796363,-0.0622380299761357,0.006));
#14414=CARTESIAN_POINT('',(-0.00228060371801304,-0.0622380301205418,0.00500000000000001));
#14415=CARTESIAN_POINT('',(-0.00228060357796363,-0.0622380299761357,0.005));
#14416=CARTESIAN_POINT('',(-0.00224075500570815,-0.0622791175874215,0.005));
#14417=CARTESIAN_POINT('',(-0.00223951568222221,-0.0622778782639354,0.00500000000000001));
#14418=CARTESIAN_POINT('',(-0.00223951568222221,-0.0622778782639354,0.006));
#14419=CARTESIAN_POINT('',(-0.00223848210434986,-0.0622206321160868,0.006));
#14420=CARTESIAN_POINT('',(-0.00223848177505512,-0.0622206138776396,0.005));
#14421=CARTESIAN_POINT('',(-0.00223848210434986,-0.0622206321160868,0.00500000025));
#14422=CARTESIAN_POINT('',(-0.00223951568222221,-0.0622778782639354,0.005));
#14423=CARTESIAN_POINT('',(-0.0011745368280204,-0.0622206138776396,0.005));
#14424=CARTESIAN_POINT('',(-0.0011745368280204,-0.0622206138776396,0.006));
#14425=CARTESIAN_POINT('',(-0.000110591867177819,-0.0622206004080399,0.006));
#14426=CARTESIAN_POINT('',(-0.000110591880985682,-0.0622206138776396,0.005));
#14427=CARTESIAN_POINT('',(-0.000110591867177819,-0.0622206004080399,0.005));
#14428=CARTESIAN_POINT('',(-0.0011745368280204,-0.0622206138776396,0.005));
#14429=CARTESIAN_POINT('',(-0.000110658814112401,-0.0622859072852702,0.005));
#14430=CARTESIAN_POINT('',(-0.000110658814112401,-0.0622859072852702,0.006));
#14431=CARTESIAN_POINT('',(-6.58718643004516E-5,-0.0622383585595221,0.006));
#14432=CARTESIAN_POINT('',(-6.58718643004854E-5,-0.0622383585595221,0.005));
#14433=CARTESIAN_POINT('',(-6.58718643004516E-5,-0.0622383585595221,0.005));
#14434=CARTESIAN_POINT('',(-0.000110658814112401,-0.0622859072852702,0.005));
#14435=CARTESIAN_POINT('',(-0.000100454869342694,-0.0622799129141754,0.00500000000000001));
#14436=CARTESIAN_POINT('',(-0.000100454869342694,-0.0622799129141754,0.006));
#14437=CARTESIAN_POINT('',(-4.64036915119108E-5,-0.0622800322284903,0.006));
#14438=CARTESIAN_POINT('',(-4.64149692096065E-5,-0.0622801514945885,0.005));
#14439=CARTESIAN_POINT('',(-4.6403957115251E-5,-0.0622801515432057,0.00500000025));
#14440=CARTESIAN_POINT('',(-0.000100454869342694,-0.0622799129141754,0.005));
#14441=CARTESIAN_POINT('',(-4.64149692096065E-5,-0.0633440964416232,0.005));
#14442=CARTESIAN_POINT('',(-4.64149692096065E-5,-0.0633440964416232,0.006));
#14443=CARTESIAN_POINT('',(-4.64036915121341E-5,-0.0644081606547578,0.006));
#14444=CARTESIAN_POINT('',(-4.64149692096065E-5,-0.0644080413886579,0.005));
#14445=CARTESIAN_POINT('',(-4.64036915121341E-5,-0.0644081606547578,0.005));
#14446=CARTESIAN_POINT('',(-4.64149692096065E-5,-0.0633440964416232,0.005));
#14447=CARTESIAN_POINT('',(-0.000100454869335597,-0.0644082799690743,0.005));
#14448=CARTESIAN_POINT('',(-0.000100454869335597,-0.0644082799690743,0.006));
#14449=CARTESIAN_POINT('',(-6.5871864295615E-5,-0.0644498343237196,0.006));
#14450=CARTESIAN_POINT('',(-6.58718642956512E-5,-0.0644498343237196,0.005));
#14451=CARTESIAN_POINT('',(-6.5871864295615E-5,-0.0644498343237196,0.005));
#14452=CARTESIAN_POINT('',(-0.000100454869335597,-0.0644082799690743,0.005));
#14453=CARTESIAN_POINT('',(-0.00227011127079193,-0.0644731269670172,0.00500000000000001));
#14454=CARTESIAN_POINT('',(-0.00226322468080011,-0.0651255856552627,0.005));
#14455=CARTESIAN_POINT('',(-0.00226322583390277,-0.0651254764064403,0.00500000025));
#14456=CARTESIAN_POINT('',(-0.00227011127079193,-0.0644731269670172,0.005));
#14457=CARTESIAN_POINT('',(-0.00260692293920397,-0.0650316458330103,0.00500000025));
#14458=CARTESIAN_POINT('',(-0.00260691910591416,-0.0650316399350122,0.005));
#14459=CARTESIAN_POINT('',(-0.00116951092529095,-0.0651255856552627,0.005));
#14460=CARTESIAN_POINT('',(-7.57971697817848E-5,-0.0651255856552627,0.005));
#14461=CARTESIAN_POINT('',(-7.57960166791275E-5,-0.0651254764064403,0.005));
#14462=CARTESIAN_POINT('',(-0.00116951092529095,-0.0651255856552627,0.005));
#14463=CARTESIAN_POINT('',(-6.89105797899694E-5,-0.0644731269670172,0.00500000000000001));
#14464=CARTESIAN_POINT('',(0.000267897255332264,-0.0650316399350122,0.005));
#14465=CARTESIAN_POINT('',(0.000267902262078595,-0.0650316479412252,0.005));
#14466=CARTESIAN_POINT('',(-6.89105797899694E-5,-0.0644731269670172,0.005));
#14467=CARTESIAN_POINT('',(-0.000105038861490338,-0.0644080156128414,0.00500000000000001));
#14468=CARTESIAN_POINT('',(0.000518032568098056,-0.0647818912301486,0.005));
#14469=CARTESIAN_POINT('',(0.000518042738866856,-0.0647818975603059,0.005));
#14470=CARTESIAN_POINT('',(-0.000105038861490338,-0.0644080156128414,0.005));
#14471=CARTESIAN_POINT('',(-3.94854903477976E-5,-0.0644446607809002,0.00500000000000001));
#14472=CARTESIAN_POINT('',(0.000612364896250843,-0.0644374235892301,0.005));
#14473=CARTESIAN_POINT('',(0.000612248091551957,-0.0644374248860583,0.00500000025));
#14474=CARTESIAN_POINT('',(-3.94854903477976E-5,-0.0644446607809002,0.005));
#14475=CARTESIAN_POINT('',(0.000612364896250843,-0.0633440964416232,0.005));
#14476=CARTESIAN_POINT('',(0.000612364896250843,-0.0622507692940163,0.005));
#14477=CARTESIAN_POINT('',(0.000612248091551957,-0.0622507679971881,0.005));
#14478=CARTESIAN_POINT('',(0.000612364896250843,-0.0633440964416232,0.005));
#14479=CARTESIAN_POINT('',(-3.9485490348013E-5,-0.0622435321023462,0.00500000000000001));
#14480=CARTESIAN_POINT('',(0.000518032568098056,-0.0619063016530977,0.005));
#14481=CARTESIAN_POINT('',(0.000518042728123054,-0.0619062953046861,0.005));
#14482=CARTESIAN_POINT('',(-3.9485490348013E-5,-0.0622435321023462,0.005));
#14483=CARTESIAN_POINT('',(-0.00010503886148966,-0.0622801772704045,0.00500000000000001));
#14484=CARTESIAN_POINT('',(0.000267897255332264,-0.0616565529482342,0.005));
#14485=CARTESIAN_POINT('',(0.000267902247031392,-0.0616565449332175,0.005));
#14486=CARTESIAN_POINT('',(-0.00010503886148966,-0.0622801772704045,0.005));
#14487=CARTESIAN_POINT('',(-6.89105797895624E-5,-0.0622150659162272,0.00500000000000001));
#14488=CARTESIAN_POINT('',(-7.57971697817848E-5,-0.0615626072279836,0.005));
#14489=CARTESIAN_POINT('',(-7.57960166791272E-5,-0.0615627164768061,0.00500000025));
#14490=CARTESIAN_POINT('',(-6.89105797895624E-5,-0.0622150659162272,0.005));
#14491=CARTESIAN_POINT('',(-0.00116951092529095,-0.0615626072279836,0.005));
#14492=CARTESIAN_POINT('',(-0.00226322468080011,-0.0615626072279836,0.005));
#14493=CARTESIAN_POINT('',(-0.00226322583390277,-0.061562716476806,0.005));
#14494=CARTESIAN_POINT('',(-0.00116951092529095,-0.0615626072279836,0.005));
#14495=CARTESIAN_POINT('',(-0.0022701112707919,-0.0622150659162286,0.00500000000000001));
#14496=CARTESIAN_POINT('',(-0.00260691910591416,-0.0616565529482342,0.005));
#14497=CARTESIAN_POINT('',(-0.0026069228825105,-0.0616565470163482,0.005));
#14498=CARTESIAN_POINT('',(-0.0022701112707919,-0.0622150659162286,0.005));
#14499=CARTESIAN_POINT('',(-0.00223580493710159,-0.0622774158219103,0.00500000000000001));
#14500=CARTESIAN_POINT('',(-0.00285666781077769,-0.0619063016530977,0.005));
#14501=CARTESIAN_POINT('',(-0.00285668177115004,-0.0619062930968669,0.005));
#14502=CARTESIAN_POINT('',(-0.00223580493710159,-0.0622774158219103,0.005));
#14503=CARTESIAN_POINT('',(-0.00229671875214379,-0.0622434458098371,0.00500000000000001));
#14504=CARTESIAN_POINT('',(-0.00295061353102821,-0.0622507692940163,0.005));
#14505=CARTESIAN_POINT('',(-0.00295049505862463,-0.0622507679671503,0.00500000025));
#14506=CARTESIAN_POINT('',(-0.00229671875214379,-0.0622434458098371,0.005));
#14507=CARTESIAN_POINT('',(-0.00295061353102821,-0.0633440964416232,0.005));
#14508=CARTESIAN_POINT('',(-0.00295061353102821,-0.0644374235892301,0.005));
#14509=CARTESIAN_POINT('',(-0.00295049505862466,-0.0644374249160961,0.005));
#14510=CARTESIAN_POINT('',(-0.00295061353102821,-0.0633440964416232,0.005));
#14511=CARTESIAN_POINT('',(-0.00229671875214344,-0.064444747073409,0.00500000000000001));
#14512=CARTESIAN_POINT('',(-0.00285666781077769,-0.0647818912301486,0.005));
#14513=CARTESIAN_POINT('',(-0.00285668175781789,-0.0647818998089525,0.005));
#14514=CARTESIAN_POINT('',(-0.00229671875214344,-0.064444747073409,0.005));
#14515=CARTESIAN_POINT('',(-0.00223580493710097,-0.0644107770613356,0.00500000000000001));
#14516=CARTESIAN_POINT('',(-0.00223580493710097,-0.0644107770613356,0.005));
#14517=CARTESIAN_POINT('',(-0.000110658814112522,-0.0644022855979765,0.00500000000000001));
#14518=CARTESIAN_POINT('',(-0.000110658814112522,-0.0644022855979765,0.006));
#14519=CARTESIAN_POINT('',(-0.000110658814112522,-0.0644022855979765,0.005));
#14520=CARTESIAN_POINT('',(0.00029805267170897,-0.0602469969414178,0.005));
#14521=CARTESIAN_POINT('',(0.00293278552564851,-0.0632451248186432,0.005));
#14522=CARTESIAN_POINT('',(0.00293278552564851,-0.0632451248186432,0.006));
#14523=CARTESIAN_POINT('',(0.00186883938182427,-0.0632450832508931,0.006));
#14524=CARTESIAN_POINT('',(0.00399673058066956,-0.063245114170908,0.006));
#14525=CARTESIAN_POINT('',(0.00186884057861379,-0.0632451248186432,0.005));
#14526=CARTESIAN_POINT('',(0.00186883938182427,-0.0632450832508931,0.005));
#14527=CARTESIAN_POINT('',(0.00293278552564851,-0.0632451248186432,0.005));
#14528=CARTESIAN_POINT('',(0.00399673058066956,-0.063245114170908,0.00500000025));
#14529=CARTESIAN_POINT('',(0.00399673047268323,-0.0632451248186432,0.005));
#14530=CARTESIAN_POINT('',(0.00186702348910088,-0.0631820123651022,0.005));
#14531=CARTESIAN_POINT('',(0.00186702348910088,-0.0631820123651022,0.006));
#14532=CARTESIAN_POINT('',(0.00182668655763563,-0.0632304501785736,0.006));
#14533=CARTESIAN_POINT('',(0.00182670031726685,-0.0632304337183571,0.005));
#14534=CARTESIAN_POINT('',(0.00182668655763563,-0.0632304501785736,0.005));
#14535=CARTESIAN_POINT('',(0.00186702348910088,-0.0631820123651022,0.005));
#14536=CARTESIAN_POINT('',(0.00185822403080753,-0.0631931732528115,0.00500000000000001));
#14537=CARTESIAN_POINT('',(0.00185822403080753,-0.0631931732528115,0.006));
#14538=CARTESIAN_POINT('',(0.00180936337025896,-0.0631910023962519,0.006));
#14539=CARTESIAN_POINT('',(0.0018093029616649,-0.063190999712326,0.005));
#14540=CARTESIAN_POINT('',(0.00180936337025896,-0.0631910023962519,0.00500000025));
#14541=CARTESIAN_POINT('',(0.00185822403080753,-0.0631931732528115,0.005));
#14542=CARTESIAN_POINT('',(0.0018093029616649,-0.0627355756034572,0.005));
#14543=CARTESIAN_POINT('',(0.0018093029616649,-0.0627355756034572,0.006));
#14544=CARTESIAN_POINT('',(0.00180932120011214,-0.0622801511652938,0.006));
#14545=CARTESIAN_POINT('',(0.0018093029616649,-0.0622801514945885,0.005));
#14546=CARTESIAN_POINT('',(0.00180932120011214,-0.0622801511652938,0.005));
#14547=CARTESIAN_POINT('',(0.0018093029616649,-0.0627355756034572,0.005));
#14548=CARTESIAN_POINT('',(0.00186656734796074,-0.0622791175874214,0.005));
#14549=CARTESIAN_POINT('',(0.00186656734796074,-0.0622791175874214,0.006));
#14550=CARTESIAN_POINT('',(0.00182671877570468,-0.0622380299761362,0.006));
#14551=CARTESIAN_POINT('',(0.00182671863565583,-0.0622380301205417,0.00500000000000001));
#14552=CARTESIAN_POINT('',(0.00182671877570468,-0.0622380299761362,0.005));
#14553=CARTESIAN_POINT('',(0.00186656734796074,-0.0622791175874214,0.005));
#14554=CARTESIAN_POINT('',(0.00186780667144708,-0.0622778782639363,0.00500000000000001));
#14555=CARTESIAN_POINT('',(0.00186780667144708,-0.0622778782639363,0.006));
#14556=CARTESIAN_POINT('',(0.00186884024931905,-0.0622206321160868,0.006));
#14557=CARTESIAN_POINT('',(0.00186884057861379,-0.0622206138776396,0.005));
#14558=CARTESIAN_POINT('',(0.00186884024931905,-0.0622206321160868,0.00500000025));
#14559=CARTESIAN_POINT('',(0.00186780667144708,-0.0622778782639363,0.005));
#14560=CARTESIAN_POINT('',(0.00293278552564851,-0.0622206138776396,0.005));
#14561=CARTESIAN_POINT('',(0.00293278552564851,-0.0622206138776396,0.006));
#14562=CARTESIAN_POINT('',(0.00399673048649109,-0.0622206004080399,0.006));
#14563=CARTESIAN_POINT('',(0.00399673047268323,-0.0622206138776396,0.005));
#14564=CARTESIAN_POINT('',(0.00399673048649109,-0.0622206004080399,0.005));
#14565=CARTESIAN_POINT('',(0.00293278552564851,-0.0622206138776396,0.005));
#14566=CARTESIAN_POINT('',(0.00399666353955642,-0.0622859072852702,0.005));
#14567=CARTESIAN_POINT('',(0.00399666353955642,-0.0622859072852702,0.006));
#14568=CARTESIAN_POINT('',(0.00404145048936803,-0.0622383585595218,0.006));
#14569=CARTESIAN_POINT('',(0.004041450489368,-0.0622383585595217,0.005));
#14570=CARTESIAN_POINT('',(0.00404145048936803,-0.0622383585595218,0.005));
#14571=CARTESIAN_POINT('',(0.00399666353955642,-0.0622859072852702,0.005));
#14572=CARTESIAN_POINT('',(0.00400686748432621,-0.0622799129141754,0.00500000000000001));
#14573=CARTESIAN_POINT('',(0.00400686748432621,-0.0622799129141754,0.006));
#14574=CARTESIAN_POINT('',(0.004060918662157,-0.0622800322284903,0.006));
#14575=CARTESIAN_POINT('',(0.0040609073844593,-0.0622801514945885,0.005));
#14576=CARTESIAN_POINT('',(0.00406091839655366,-0.0622801515432057,0.00500000025));
#14577=CARTESIAN_POINT('',(0.00400686748432621,-0.0622799129141754,0.005));
#14578=CARTESIAN_POINT('',(0.0040609073844593,-0.0627355756034572,0.005));
#14579=CARTESIAN_POINT('',(0.0040609073844593,-0.0627355756034572,0.006));
#14580=CARTESIAN_POINT('',(0.00406087751439501,-0.0631910006091126,0.006));
#14581=CARTESIAN_POINT('',(0.0040609073844593,-0.063190999712326,0.005));
#14582=CARTESIAN_POINT('',(0.00406087751439501,-0.0631910006091126,0.005));
#14583=CARTESIAN_POINT('',(0.0040609073844593,-0.0627355756034572,0.005));
#14584=CARTESIAN_POINT('',(0.00401437607023598,-0.0631923967183825,0.005));
#14585=CARTESIAN_POINT('',(0.00401437607023598,-0.0631923967183825,0.006));
#14586=CARTESIAN_POINT('',(0.00404117727329992,-0.0632304148785581,0.006));
#14587=CARTESIAN_POINT('',(0.00404119038144376,-0.0632304337183571,0.005));
#14588=CARTESIAN_POINT('',(0.00404117727329992,-0.0632304148785581,0.005));
#14589=CARTESIAN_POINT('',(0.00401437607023598,-0.0631923967183825,0.005));
#14590=CARTESIAN_POINT('',(0.00239203258916247,-0.063907121199931,0.005));
#14591=CARTESIAN_POINT('',(0.00297476221666003,-0.0639056984209312,0.005));
#14592=CARTESIAN_POINT('',(0.00297476221666003,-0.0639056984209312,0.005));
#14593=CARTESIAN_POINT('',(0.00239203258916247,-0.063907121199931,0.005));
#14594=CARTESIAN_POINT('',(0.0018093029616649,-0.0639085439789308,0.005));
#14595=CARTESIAN_POINT('',(0.0018093029616649,-0.0639085439789308,0.005));
#14596=CARTESIAN_POINT('',(0.00348574634467163,-0.0645156420380969,0.005));
#14597=CARTESIAN_POINT('',(0.00399673047268323,-0.0651255856552627,0.005));
#14598=CARTESIAN_POINT('',(0.00399673047268323,-0.0651255856552627,0.005));
#14599=CARTESIAN_POINT('',(0.00348574634467163,-0.0645156420380969,0.005));
#14600=CARTESIAN_POINT('',(0.00435318295857203,-0.0651255856552627,0.005));
#14601=CARTESIAN_POINT('',(0.00470963544446085,-0.0651255856552627,0.005));
#14602=CARTESIAN_POINT('',(0.00470963544446085,-0.0651255856552627,0.005));
#14603=CARTESIAN_POINT('',(0.00435318295857203,-0.0651255856552627,0.005));
#14604=CARTESIAN_POINT('',(0.00470963544446085,-0.0650339595824258,0.005));
#14605=CARTESIAN_POINT('',(0.00470963544446085,-0.0649423335095888,0.005));
#14606=CARTESIAN_POINT('',(0.00470963544446085,-0.0649423335095888,0.005));
#14607=CARTESIAN_POINT('',(0.00470963544446085,-0.0650339595824258,0.005));
#14608=CARTESIAN_POINT('',(0.00426958569452259,-0.0644229724675105,0.005));
#14609=CARTESIAN_POINT('',(0.00382953594458433,-0.0639036114254322,0.005));
#14610=CARTESIAN_POINT('',(0.00382953594458433,-0.0639036114254322,0.005));
#14611=CARTESIAN_POINT('',(0.00426958569452259,-0.0644229724675105,0.005));
#14612=CARTESIAN_POINT('',(0.00392782430891987,-0.0639033714468657,0.005));
#14613=CARTESIAN_POINT('',(0.0040261126732554,-0.0639031314682991,0.005));
#14614=CARTESIAN_POINT('',(0.00402611368269794,-0.0639030286271087,0.005));
#14615=CARTESIAN_POINT('',(0.00392782430891987,-0.0639033714468657,0.005));
#14616=CARTESIAN_POINT('',(0.00403277631603808,-0.0632242449202054,0.00500000000000001));
#14617=CARTESIAN_POINT('',(0.00437289996158758,-0.0638115053954622,0.005));
#14618=CARTESIAN_POINT('',(0.00437290818200114,-0.0638115193598892,0.005));
#14619=CARTESIAN_POINT('',(0.00403277631603808,-0.0632242449202054,0.005));
#14620=CARTESIAN_POINT('',(0.00402795420463326,-0.0632114227988097,0.00500000000000001));
#14621=CARTESIAN_POINT('',(0.0046249683138647,-0.0635617566905986,0.005));
#14622=CARTESIAN_POINT('',(0.00462493867908389,-0.0635617395699492,0.005));
#14623=CARTESIAN_POINT('',(0.00402795420463326,-0.0632114227988097,0.005));
#14624=CARTESIAN_POINT('',(0.00405443601370279,-0.0632214531319495,0.00500000000000001));
#14625=CARTESIAN_POINT('',(0.00471891403411522,-0.063215742618071,0.005));
#14626=CARTESIAN_POINT('',(0.00471883019761315,-0.0632157433385606,0.00500000025));
#14627=CARTESIAN_POINT('',(0.00405443601370279,-0.0632214531319495,0.005));
#14628=CARTESIAN_POINT('',(0.00471891403411522,-0.0627355756034572,0.005));
#14629=CARTESIAN_POINT('',(0.00471891403411522,-0.0622554085888435,0.005));
#14630=CARTESIAN_POINT('',(0.00471880478529279,-0.0622554074357408,0.005));
#14631=CARTESIAN_POINT('',(0.00471891403411522,-0.0627355756034572,0.005));
#14632=CARTESIAN_POINT('',(0.00406645534586964,-0.0622485219988517,0.00500000000000001));
#14633=CARTESIAN_POINT('',(0.0046249683138647,-0.0619117141637294,0.005));
#14634=CARTESIAN_POINT('',(0.00462499372227116,-0.0619116987858494,0.005));
#14635=CARTESIAN_POINT('',(0.00406645534586964,-0.0622485219988517,0.005));
#14636=CARTESIAN_POINT('',(0.00400741836698077,-0.0622822321622605,0.00500000000000001));
#14637=CARTESIAN_POINT('',(0.00437289996158758,-0.0616615788509636,0.005));
#14638=CARTESIAN_POINT('',(0.00437288272434988,-0.0616616087069067,0.005));
#14639=CARTESIAN_POINT('',(0.00400741836698077,-0.0622822321622605,0.005));
#14640=CARTESIAN_POINT('',(0.00403217821569152,-0.0622310707259935,0.00500000000000001));
#14641=CARTESIAN_POINT('',(0.0040261126732554,-0.0615672465228108,0.005));
#14642=CARTESIAN_POINT('',(0.00402611350715343,-0.0615673377861556,0.00500000025));
#14643=CARTESIAN_POINT('',(0.00403217821569152,-0.0622310707259935,0.005));
#14644=CARTESIAN_POINT('',(0.00259102414004579,-0.0615672465228108,0.005));
#14645=CARTESIAN_POINT('',(0.00115593560683617,-0.0615672465228108,0.005));
#14646=CARTESIAN_POINT('',(0.00115593560683617,-0.0615672465228108,0.005));
#14647=CARTESIAN_POINT('',(0.00259102414004579,-0.0615672465228108,0.005));
#14648=CARTESIAN_POINT('',(0.00115593560683617,-0.0633464160890368,0.005));
#14649=CARTESIAN_POINT('',(0.00115593560683617,-0.0651255856552627,0.005));
#14650=CARTESIAN_POINT('',(0.00115593560683617,-0.0651255856552627,0.005));
#14651=CARTESIAN_POINT('',(0.00115593560683617,-0.0633464160890368,0.005));
#14652=CARTESIAN_POINT('',(0.00148261928425054,-0.0651255856552627,0.005));
#14653=CARTESIAN_POINT('',(0.0018093029616649,-0.0651255856552627,0.005));
#14654=CARTESIAN_POINT('',(0.0018093029616649,-0.0651255856552627,0.005));
#14655=CARTESIAN_POINT('',(0.00148261928425054,-0.0651255856552627,0.005));
#14656=CARTESIAN_POINT('',(0.0018093029616649,-0.0645170648170968,0.005));
#14657=CARTESIAN_POINT('',(0.0018093029616649,-0.0645170648170968,0.005));
#14658=CARTESIAN_POINT('',(0.00399746514939685,-0.0631726837753676,0.005));
#14659=CARTESIAN_POINT('',(0.00399746514939685,-0.0631726837753676,0.006));
#14660=CARTESIAN_POINT('',(0.00399746514939685,-0.0631726837753676,0.005));
#14661=CARTESIAN_POINT('',(0.00029805267170897,-0.0602469969414178,0.005));
#14662=CARTESIAN_POINT('',(0.00275424502705084,-0.0582874005307686,0.00500000000000001));
#14663=CARTESIAN_POINT('',(0.00276113161704262,-0.0589398592190143,0.005));
#14664=CARTESIAN_POINT('',(0.00276113046393996,-0.0589397499701919,0.00500000025));
#14665=CARTESIAN_POINT('',(0.00275424502705084,-0.0582874005307686,0.005));
#14666=CARTESIAN_POINT('',(0.0024174321314375,-0.0588459214728366,0.00500000025));
#14667=CARTESIAN_POINT('',(0.00241743719192856,-0.0588459134987638,0.005));
#14668=CARTESIAN_POINT('',(0.00385213911723592,-0.0589398592190143,0.005));
#14669=CARTESIAN_POINT('',(0.00494314661742922,-0.0589398592190143,0.005));
#14670=CARTESIAN_POINT('',(0.00494314747649969,-0.0589397662322864,0.005));
#14671=CARTESIAN_POINT('',(0.00385213911723592,-0.0589398592190143,0.005));
#14672=CARTESIAN_POINT('',(0.00494929875959988,-0.0582739446165346,0.00500000000000001));
#14673=CARTESIAN_POINT('',(0.0052899339057614,-0.0588459134987638,0.005));
#14674=CARTESIAN_POINT('',(0.00528991881267592,-0.058845887385253,0.005));
#14675=CARTESIAN_POINT('',(0.00494929875959988,-0.0582739446165346,0.005));
#14676=CARTESIAN_POINT('',(0.00492714230615923,-0.0582274260176376,0.00500000000000001));
#14677=CARTESIAN_POINT('',(0.00554200225803852,-0.0585961647939003,0.005));
#14678=CARTESIAN_POINT('',(0.00554203368293218,-0.0585961837348306,0.005));
#14679=CARTESIAN_POINT('',(0.00492714230615923,-0.0582274260176376,0.005));
#14680=CARTESIAN_POINT('',(0.00498205319940446,-0.0582590206371607,0.00500000000000001));
#14681=CARTESIAN_POINT('',(0.00563594797828904,-0.0582516971529817,0.005));
#14682=CARTESIAN_POINT('',(0.00563582950588548,-0.0582516984798477,0.00500000025));
#14683=CARTESIAN_POINT('',(0.00498205319940446,-0.0582590206371607,0.005));
#14684=CARTESIAN_POINT('',(0.00563594797828904,-0.0575863449531827,0.005));
#14685=CARTESIAN_POINT('',(0.00563594797828904,-0.0569209927533838,0.005));
#14686=CARTESIAN_POINT('',(0.00563594797828904,-0.0569209927533838,0.005));
#14687=CARTESIAN_POINT('',(0.00563594797828904,-0.0575863449531827,0.005));
#14688=CARTESIAN_POINT('',(0.00490371261139814,-0.0569209927533838,0.005));
#14689=CARTESIAN_POINT('',(0.00417147724450725,-0.0569209927533838,0.005));
#14690=CARTESIAN_POINT('',(0.00417147724450725,-0.0569209927533838,0.005));
#14691=CARTESIAN_POINT('',(0.00490371261139814,-0.0569209927533838,0.005));
#14692=CARTESIAN_POINT('',(0.00417147724450725,-0.0572499960782117,0.005));
#14693=CARTESIAN_POINT('',(0.00417147724450725,-0.0575789994030397,0.005));
#14694=CARTESIAN_POINT('',(0.00417147724450725,-0.0575789994030397,0.005));
#14695=CARTESIAN_POINT('',(0.00417147724450725,-0.0572499960782117,0.005));
#14696=CARTESIAN_POINT('',(0.00457470928657018,-0.0575789994030397,0.005));
#14697=CARTESIAN_POINT('',(0.00497794132863312,-0.0575789994030397,0.005));
#14698=CARTESIAN_POINT('',(0.00497794132863312,-0.0575789994030397,0.005));
#14699=CARTESIAN_POINT('',(0.00457470928657018,-0.0575789994030397,0.005));
#14700=CARTESIAN_POINT('',(0.00497794132863312,-0.0579006571777246,0.005));
#14701=CARTESIAN_POINT('',(0.00497794132863312,-0.0582223149524095,0.005));
#14702=CARTESIAN_POINT('',(0.00497795260633082,-0.0582224342185077,0.005));
#14703=CARTESIAN_POINT('',(0.00497794132863312,-0.0579006571777246,0.005));
#14704=CARTESIAN_POINT('',(0.00492390142850002,-0.0582225535328226,0.005));
#14705=CARTESIAN_POINT('',(0.00495848443354311,-0.0582641078874752,0.005));
#14706=CARTESIAN_POINT('',(0.00495848443354315,-0.0582641078874751,0.005));
#14707=CARTESIAN_POINT('',(0.00492390142850002,-0.0582225535328226,0.005));
#14708=CARTESIAN_POINT('',(0.00491369748373036,-0.0582165591617274,0.00500000000000001));
#14709=CARTESIAN_POINT('',(0.00491376441685705,-0.0582818525693584,0.005));
#14710=CARTESIAN_POINT('',(0.00491376443066491,-0.058281866038958,0.00500000025));
#14711=CARTESIAN_POINT('',(0.00491369748373036,-0.0582165591617274,0.005));
#14712=CARTESIAN_POINT('',(0.00384981946982233,-0.0582818525693584,0.005));
#14713=CARTESIAN_POINT('',(0.00278587452278761,-0.0582818525693584,0.005));
#14714=CARTESIAN_POINT('',(0.00278587419349287,-0.0582818343309112,0.005));
#14715=CARTESIAN_POINT('',(0.00384981946982233,-0.0582818525693584,0.005));
#14716=CARTESIAN_POINT('',(0.00278484061562059,-0.0582245881830625,0.005));
#14717=CARTESIAN_POINT('',(0.00274375314874093,-0.0582644368953675,0.00500000000000001));
#14718=CARTESIAN_POINT('',(0.00274375300433488,-0.0582644367553181,0.005));
#14719=CARTESIAN_POINT('',(0.00278484061562059,-0.0582245881830625,0.005));
#14720=CARTESIAN_POINT('',(0.00278360129213486,-0.0582233488595764,0.00500000000000001));
#14721=CARTESIAN_POINT('',(0.00272633690583872,-0.0582223149524095,0.005));
#14722=CARTESIAN_POINT('',(0.00272635514428595,-0.0582223152817042,0.00500000025));
#14723=CARTESIAN_POINT('',(0.00278360129213486,-0.0582233488595764,0.005));
#14724=CARTESIAN_POINT('',(0.00272633690583872,-0.0571583700053748,0.005));
#14725=CARTESIAN_POINT('',(0.00272633690583872,-0.0560944250583401,0.005));
#14726=CARTESIAN_POINT('',(0.00272635514428596,-0.0560944247290454,0.005));
#14727=CARTESIAN_POINT('',(0.00272633690583872,-0.0571583700053748,0.005));
#14728=CARTESIAN_POINT('',(0.00278360129213435,-0.056093391151173,0.005));
#14729=CARTESIAN_POINT('',(0.00274375257982968,-0.0560523036842935,0.00500000000000001));
#14730=CARTESIAN_POINT('',(0.00274375271987915,-0.0560523035398873,0.005));
#14731=CARTESIAN_POINT('',(0.00278360129213435,-0.056093391151173,0.005));
#14732=CARTESIAN_POINT('',(0.00278484061562053,-0.0560921518276868,0.00500000000000001));
#14733=CARTESIAN_POINT('',(0.00278587452278761,-0.0560348874413912,0.005));
#14734=CARTESIAN_POINT('',(0.00278587419349287,-0.0560349056798384,0.00500000025));
#14735=CARTESIAN_POINT('',(0.00278484061562053,-0.0560921518276868,0.005));
#14736=CARTESIAN_POINT('',(0.00384981946982233,-0.0560348874413912,0.005));
#14737=CARTESIAN_POINT('',(0.00491376441685705,-0.0560348874413912,0.005));
#14738=CARTESIAN_POINT('',(0.00491376443066491,-0.0560348739717915,0.005));
#14739=CARTESIAN_POINT('',(0.00384981946982233,-0.0560348874413912,0.005));
#14740=CARTESIAN_POINT('',(0.0049136974837293,-0.0561001808490246,0.005));
#14741=CARTESIAN_POINT('',(0.00495848443354474,-0.0560526321232759,0.005));
#14742=CARTESIAN_POINT('',(0.00495848443354477,-0.0560526321232759,0.005));
#14743=CARTESIAN_POINT('',(0.0049136974837293,-0.0561001808490246,0.005));
#14744=CARTESIAN_POINT('',(0.00492390142850032,-0.0560941864779269,0.00500000000000001));
#14745=CARTESIAN_POINT('',(0.00497794132863312,-0.0560944250583401,0.005));
#14746=CARTESIAN_POINT('',(0.00497795234072747,-0.0560944251069573,0.00500000025));
#14747=CARTESIAN_POINT('',(0.00492390142850032,-0.0560941864779269,0.005));
#14748=CARTESIAN_POINT('',(0.00497794132863312,-0.0562181395870651,0.005));
#14749=CARTESIAN_POINT('',(0.00497794132863312,-0.05634185411579,0.005));
#14750=CARTESIAN_POINT('',(0.00497794132863312,-0.05634185411579,0.005));
#14751=CARTESIAN_POINT('',(0.00497794132863312,-0.0562181395870651,0.005));
#14752=CARTESIAN_POINT('',(0.00530694465346108,-0.05634185411579,0.005));
#14753=CARTESIAN_POINT('',(0.00563594797828904,-0.05634185411579,0.005));
#14754=CARTESIAN_POINT('',(0.00563594797828904,-0.05634185411579,0.005));
#14755=CARTESIAN_POINT('',(0.00530694465346108,-0.05634185411579,0.005));
#14756=CARTESIAN_POINT('',(0.00563594797828904,-0.056203448486779,0.005));
#14757=CARTESIAN_POINT('',(0.00563594797828904,-0.0560650428577679,0.005));
#14758=CARTESIAN_POINT('',(0.0056358295058855,-0.0560650415309019,0.005));
#14759=CARTESIAN_POINT('',(0.00563594797828904,-0.056203448486779,0.005));
#14760=CARTESIAN_POINT('',(0.00498205319940275,-0.0560577193735893,0.00500000000000001));
#14761=CARTESIAN_POINT('',(0.00554200225803852,-0.0557205752168493,0.005));
#14762=CARTESIAN_POINT('',(0.00554203366640272,-0.0557205562483371,0.005));
#14763=CARTESIAN_POINT('',(0.00498205319940275,-0.0560577193735893,0.005));
#14764=CARTESIAN_POINT('',(0.00492714230615927,-0.056089313993112,0.00500000000000001));
#14765=CARTESIAN_POINT('',(0.0052899339057614,-0.0554708265119858,0.005));
#14766=CARTESIAN_POINT('',(0.00528991889862398,-0.0554708526771823,0.005));
#14767=CARTESIAN_POINT('',(0.00492714230615927,-0.056089313993112,0.005));
#14768=CARTESIAN_POINT('',(0.00494929875959986,-0.056042795394215,0.00500000000000001));
#14769=CARTESIAN_POINT('',(0.00494314661742922,-0.0553768807917353,0.005));
#14770=CARTESIAN_POINT('',(0.00494314747649969,-0.0553769737784632,0.00500000025));
#14771=CARTESIAN_POINT('',(0.00494929875959986,-0.056042795394215,0.005));
#14772=CARTESIAN_POINT('',(0.00385213911723592,-0.0553768807917353,0.005));
#14773=CARTESIAN_POINT('',(0.00276113161704262,-0.0553768807917353,0.005));
#14774=CARTESIAN_POINT('',(0.00276113046393996,-0.0553769900405577,0.005));
#14775=CARTESIAN_POINT('',(0.00385213911723592,-0.0553768807917353,0.005));
#14776=CARTESIAN_POINT('',(0.00275424502705082,-0.0560293394799809,0.00500000000000001));
#14777=CARTESIAN_POINT('',(0.00241743719192856,-0.0554708265119858,0.005));
#14778=CARTESIAN_POINT('',(0.00241743218518223,-0.0554708185057728,0.005));
#14779=CARTESIAN_POINT('',(0.00275424502705082,-0.0560293394799809,0.005));
#14780=CARTESIAN_POINT('',(0.0027903733087505,-0.0560944508341561,0.00500000000000001));
#14781=CARTESIAN_POINT('',(0.00216730187916278,-0.0557205752168493,0.005));
#14782=CARTESIAN_POINT('',(0.00216729170839398,-0.055720568886692,0.005));
#14783=CARTESIAN_POINT('',(0.0027903733087505,-0.0560944508341561,0.005));
#14784=CARTESIAN_POINT('',(0.00272481993760704,-0.0560578056660972,0.00500000000000001));
#14785=CARTESIAN_POINT('',(0.00207296955100999,-0.0560650428577679,0.005));
#14786=CARTESIAN_POINT('',(0.00207308635570891,-0.0560650415609397,0.00500000025));
#14787=CARTESIAN_POINT('',(0.00272481993760704,-0.0560578056660972,0.005));
#14788=CARTESIAN_POINT('',(0.00207296955100999,-0.0571583700053748,0.005));
#14789=CARTESIAN_POINT('',(0.00207296955100999,-0.0582516971529817,0.005));
#14790=CARTESIAN_POINT('',(0.00207308635570891,-0.0582516984498099,0.005));
#14791=CARTESIAN_POINT('',(0.00207296955100999,-0.0571583700053748,0.005));
#14792=CARTESIAN_POINT('',(0.00272481993760702,-0.0582589343446524,0.00500000000000001));
#14793=CARTESIAN_POINT('',(0.00216730187916278,-0.0585961647939003,0.005));
#14794=CARTESIAN_POINT('',(0.00216729171913778,-0.0585961711423119,0.005));
#14795=CARTESIAN_POINT('',(0.00272481993760702,-0.0582589343446524,0.005));
#14796=CARTESIAN_POINT('',(0.00279037330875057,-0.0582222891765935,0.00500000000000001));
#14797=CARTESIAN_POINT('',(0.00279037330875057,-0.0582222891765935,0.005));
#14798=CARTESIAN_POINT('',(0.00029805267170897,-0.0602469969414178,0.005));
#14799=CARTESIAN_POINT('',(0.00651586756384537,-0.0636730997664511,0.005));
#14800=CARTESIAN_POINT('',(0.00651586756384537,-0.0651255856552627,0.005));
#14801=CARTESIAN_POINT('',(0.00651586756384537,-0.0651255856552627,0.005));
#14802=CARTESIAN_POINT('',(0.00651586756384537,-0.0636730997664511,0.005));
#14803=CARTESIAN_POINT('',(0.00651586756384537,-0.0622206138776396,0.005));
#14804=CARTESIAN_POINT('',(0.00651586756384537,-0.0622206138776396,0.005));
#14805=CARTESIAN_POINT('',(0.00684487088867333,-0.0651255856552627,0.005));
#14806=CARTESIAN_POINT('',(0.00717387421350129,-0.0651255856552627,0.005));
#14807=CARTESIAN_POINT('',(0.00717387421350129,-0.0651255856552627,0.005));
#14808=CARTESIAN_POINT('',(0.00684487088867333,-0.0651255856552627,0.005));
#14809=CARTESIAN_POINT('',(0.00717387421350129,-0.0636730997664511,0.005));
#14810=CARTESIAN_POINT('',(0.00717387421350129,-0.0622206138776396,0.005));
#14811=CARTESIAN_POINT('',(0.00717387421350129,-0.0622206138776396,0.005));
#14812=CARTESIAN_POINT('',(0.00717387421350129,-0.0636730997664511,0.005));
#14813=CARTESIAN_POINT('',(0.00789876403024914,-0.0622206138776396,0.005));
#14814=CARTESIAN_POINT('',(0.008623653846997,-0.0622206138776396,0.005));
#14815=CARTESIAN_POINT('',(0.008623653846997,-0.0622206138776396,0.005));
#14816=CARTESIAN_POINT('',(0.00789876403024914,-0.0622206138776396,0.005));
#14817=CARTESIAN_POINT('',(0.008623653846997,-0.0618916105528116,0.005));
#14818=CARTESIAN_POINT('',(0.008623653846997,-0.0615626072279836,0.005));
#14819=CARTESIAN_POINT('',(0.008623653846997,-0.0615626072279836,0.005));
#14820=CARTESIAN_POINT('',(0.008623653846997,-0.0618916105528116,0.005));
#14821=CARTESIAN_POINT('',(0.00684216463335747,-0.0615626072279836,0.005));
#14822=CARTESIAN_POINT('',(0.00506067541971794,-0.0615626072279836,0.005));
#14823=CARTESIAN_POINT('',(0.00506067541971794,-0.0615626072279836,0.005));
#14824=CARTESIAN_POINT('',(0.00684216463335747,-0.0615626072279836,0.005));
#14825=CARTESIAN_POINT('',(0.00506067541971794,-0.0618916105528116,0.005));
#14826=CARTESIAN_POINT('',(0.00506067541971794,-0.0622206138776396,0.005));
#14827=CARTESIAN_POINT('',(0.00506067541971794,-0.0622206138776396,0.005));
#14828=CARTESIAN_POINT('',(0.00506067541971794,-0.0618916105528116,0.005));
#14829=CARTESIAN_POINT('',(0.00578827149178166,-0.0622206138776396,0.005));
#14830=CARTESIAN_POINT('',(0.00578827149178166,-0.0622206138776396,0.005));
#14831=CARTESIAN_POINT('',(0.00029805267170897,-0.0602469969414178,0.005));
#14832=CARTESIAN_POINT('',(-0.0103518352119994,-0.0571583700053748,0.005));
#14833=CARTESIAN_POINT('',(-0.0103518352119994,-0.0589398592190143,0.005));
#14834=CARTESIAN_POINT('',(-0.0103518352119994,-0.0589398592190143,0.005));
#14835=CARTESIAN_POINT('',(-0.0103518352119994,-0.0571583700053748,0.005));
#14836=CARTESIAN_POINT('',(-0.0103518352119994,-0.0553768807917353,0.005));
#14837=CARTESIAN_POINT('',(-0.0103518352119994,-0.0553768807917353,0.005));
#14838=CARTESIAN_POINT('',(-0.010025151534585,-0.0589398592190143,0.005));
#14839=CARTESIAN_POINT('',(-0.00969846785717064,-0.0589398592190143,0.005));
#14840=CARTESIAN_POINT('',(-0.00969846785717064,-0.0589398592190143,0.005));
#14841=CARTESIAN_POINT('',(-0.010025151534585,-0.0589398592190143,0.005));
#14842=CARTESIAN_POINT('',(-0.00969846785717064,-0.0582149694022665,0.005));
#14843=CARTESIAN_POINT('',(-0.00969846785717064,-0.0574900795855186,0.005));
#14844=CARTESIAN_POINT('',(-0.00969846785717064,-0.0574900795855186,0.005));
#14845=CARTESIAN_POINT('',(-0.00969846785717064,-0.0582149694022665,0.005));
#14846=CARTESIAN_POINT('',(-0.00853091199232876,-0.0574900795855186,0.005));
#14847=CARTESIAN_POINT('',(-0.00736335612748688,-0.0574900795855186,0.005));
#14848=CARTESIAN_POINT('',(-0.00736335612748688,-0.0574900795855186,0.005));
#14849=CARTESIAN_POINT('',(-0.00853091199232876,-0.0574900795855186,0.005));
#14850=CARTESIAN_POINT('',(-0.00736335612748688,-0.0582149694022665,0.005));
#14851=CARTESIAN_POINT('',(-0.00736335612748688,-0.0589398592190143,0.005));
#14852=CARTESIAN_POINT('',(-0.00736335612748688,-0.0589398592190143,0.005));
#14853=CARTESIAN_POINT('',(-0.00736335612748688,-0.0582149694022665,0.005));
#14854=CARTESIAN_POINT('',(-0.00703667245007251,-0.0589398592190143,0.005));
#14855=CARTESIAN_POINT('',(-0.00670998877265815,-0.0589398592190143,0.005));
#14856=CARTESIAN_POINT('',(-0.00670998877265815,-0.0589398592190143,0.005));
#14857=CARTESIAN_POINT('',(-0.00703667245007251,-0.0589398592190143,0.005));
#14858=CARTESIAN_POINT('',(-0.00670998877265815,-0.0571583700053748,0.005));
#14859=CARTESIAN_POINT('',(-0.00670998877265815,-0.0553768807917353,0.005));
#14860=CARTESIAN_POINT('',(-0.00670998877265815,-0.0553768807917353,0.005));
#14861=CARTESIAN_POINT('',(-0.00670998877265815,-0.0571583700053748,0.005));
#14862=CARTESIAN_POINT('',(-0.00703667245007251,-0.0553768807917353,0.005));
#14863=CARTESIAN_POINT('',(-0.00736335612748688,-0.0553768807917353,0.005));
#14864=CARTESIAN_POINT('',(-0.00736335612748688,-0.0553768807917353,0.005));
#14865=CARTESIAN_POINT('',(-0.00703667245007251,-0.0553768807917353,0.005));
#14866=CARTESIAN_POINT('',(-0.00736335612748688,-0.0561017706084831,0.005));
#14867=CARTESIAN_POINT('',(-0.00736335612748688,-0.056826660425231,0.005));
#14868=CARTESIAN_POINT('',(-0.00736335612748688,-0.056826660425231,0.005));
#14869=CARTESIAN_POINT('',(-0.00736335612748688,-0.0561017706084831,0.005));
#14870=CARTESIAN_POINT('',(-0.00853091199232876,-0.056826660425231,0.005));
#14871=CARTESIAN_POINT('',(-0.00969846785717064,-0.056826660425231,0.005));
#14872=CARTESIAN_POINT('',(-0.00969846785717064,-0.056826660425231,0.005));
#14873=CARTESIAN_POINT('',(-0.00853091199232876,-0.056826660425231,0.005));
#14874=CARTESIAN_POINT('',(-0.00969846785717064,-0.0561017706084831,0.005));
#14875=CARTESIAN_POINT('',(-0.00969846785717064,-0.0553768807917353,0.005));
#14876=CARTESIAN_POINT('',(-0.00969846785717064,-0.0553768807917353,0.005));
#14877=CARTESIAN_POINT('',(-0.00969846785717064,-0.0561017706084831,0.005));
#14878=CARTESIAN_POINT('',(-0.010025151534585,-0.0553768807917353,0.005));
#14879=CARTESIAN_POINT('',(-0.010025151534585,-0.0553768807917353,0.005));
#14880=CARTESIAN_POINT('',(0.00029805267170897,-0.0602469969414178,0.005));
#14881=CARTESIAN_POINT('',(-0.00435709307947018,-0.057088780582967,0.005));
#14882=CARTESIAN_POINT('',(-0.00435709307947018,-0.057088780582967,0.006));
#14883=CARTESIAN_POINT('',(-0.00548289529086738,-0.057088780582967,0.006));
#14884=CARTESIAN_POINT('',(-0.00323129086807298,-0.057088780582967,0.006));
#14885=CARTESIAN_POINT('',(-0.00548289529086738,-0.057088780582967,0.005));
#14886=CARTESIAN_POINT('',(-0.00548289529086738,-0.057088780582967,0.005));
#14887=CARTESIAN_POINT('',(-0.00435709307947018,-0.057088780582967,0.005));
#14888=CARTESIAN_POINT('',(-0.00323129086807298,-0.057088780582967,0.005));
#14889=CARTESIAN_POINT('',(-0.00323129086807298,-0.057088780582967,0.005));
#14890=CARTESIAN_POINT('',(-0.00548289529086738,-0.0565916028206536,0.005));
#14891=CARTESIAN_POINT('',(-0.00548289529086738,-0.0565916028206536,0.006));
#14892=CARTESIAN_POINT('',(-0.00548287705242014,-0.0560944247290454,0.006));
#14893=CARTESIAN_POINT('',(-0.00548289529086738,-0.0560944250583401,0.005));
#14894=CARTESIAN_POINT('',(-0.00548287705242014,-0.0560944247290454,0.005));
#14895=CARTESIAN_POINT('',(-0.00548289529086738,-0.0565916028206536,0.005));
#14896=CARTESIAN_POINT('',(-0.00542563090457186,-0.056093391151173,0.005));
#14897=CARTESIAN_POINT('',(-0.00542563090457186,-0.056093391151173,0.006));
#14898=CARTESIAN_POINT('',(-0.00546547947682693,-0.0560523035398873,0.006));
#14899=CARTESIAN_POINT('',(-0.00546547961687641,-0.0560523036842935,0.00500000000000001));
#14900=CARTESIAN_POINT('',(-0.00546547947682693,-0.0560523035398873,0.005));
#14901=CARTESIAN_POINT('',(-0.00542563090457186,-0.056093391151173,0.005));
#14902=CARTESIAN_POINT('',(-0.00542439158108551,-0.0560921518276869,0.00500000000000001));
#14903=CARTESIAN_POINT('',(-0.00542439158108551,-0.0560921518276869,0.006));
#14904=CARTESIAN_POINT('',(-0.00542335800321323,-0.0560349056798384,0.006));
#14905=CARTESIAN_POINT('',(-0.00542335767391849,-0.0560348874413912,0.005));
#14906=CARTESIAN_POINT('',(-0.00542335800321323,-0.0560349056798384,0.00500000025));
#14907=CARTESIAN_POINT('',(-0.00542439158108551,-0.0560921518276869,0.005));
#14908=CARTESIAN_POINT('',(-0.00435941272688377,-0.0560348874413912,0.005));
#14909=CARTESIAN_POINT('',(-0.00435941272688377,-0.0560348874413912,0.006));
#14910=CARTESIAN_POINT('',(-0.00329546776604119,-0.0560348739717915,0.006));
#14911=CARTESIAN_POINT('',(-0.00329546777984905,-0.0560348874413912,0.005));
#14912=CARTESIAN_POINT('',(-0.00329546776604119,-0.0560348739717915,0.005));
#14913=CARTESIAN_POINT('',(-0.00435941272688377,-0.0560348874413912,0.005));
#14914=CARTESIAN_POINT('',(-0.0032955347129768,-0.0561001808490246,0.005));
#14915=CARTESIAN_POINT('',(-0.0032955347129768,-0.0561001808490246,0.006));
#14916=CARTESIAN_POINT('',(-0.0032507477631613,-0.0560526321232759,0.006));
#14917=CARTESIAN_POINT('',(-0.00325074776316134,-0.0560526321232759,0.005));
#14918=CARTESIAN_POINT('',(-0.0032507477631613,-0.0560526321232759,0.005));
#14919=CARTESIAN_POINT('',(-0.0032955347129768,-0.0561001808490246,0.005));
#14920=CARTESIAN_POINT('',(-0.00328533076820579,-0.0560941864779269,0.00500000000000001));
#14921=CARTESIAN_POINT('',(-0.00328533076820579,-0.0560941864779269,0.006));
#14922=CARTESIAN_POINT('',(-0.00323127959037529,-0.0560943057922418,0.006));
#14923=CARTESIAN_POINT('',(-0.00323129086807298,-0.0560944250583401,0.005));
#14924=CARTESIAN_POINT('',(-0.00323127985597863,-0.0560944251069573,0.00500000025));
#14925=CARTESIAN_POINT('',(-0.00328533076820579,-0.0560941864779269,0.005));
#14926=CARTESIAN_POINT('',(-0.00613626264569611,-0.0575024510383911,0.005));
#14927=CARTESIAN_POINT('',(-0.00613626264569611,-0.0589398592190143,0.005));
#14928=CARTESIAN_POINT('',(-0.00613626264569611,-0.0589398592190143,0.005));
#14929=CARTESIAN_POINT('',(-0.00613626264569611,-0.0575024510383911,0.005));
#14930=CARTESIAN_POINT('',(-0.00613614417329254,-0.0560650415309019,0.00500000025));
#14931=CARTESIAN_POINT('',(-0.00613626264569611,-0.0560650428577679,0.005));
#14932=CARTESIAN_POINT('',(-0.00580957896828175,-0.0589398592190143,0.005));
#14933=CARTESIAN_POINT('',(-0.00548289529086738,-0.0589398592190143,0.005));
#14934=CARTESIAN_POINT('',(-0.00548289529086738,-0.0589398592190143,0.005));
#14935=CARTESIAN_POINT('',(-0.00580957896828175,-0.0589398592190143,0.005));
#14936=CARTESIAN_POINT('',(-0.00548289529086738,-0.058341003578405,0.005));
#14937=CARTESIAN_POINT('',(-0.00548289529086738,-0.0577421479377957,0.005));
#14938=CARTESIAN_POINT('',(-0.00548289529086738,-0.0577421479377957,0.005));
#14939=CARTESIAN_POINT('',(-0.00548289529086738,-0.058341003578405,0.005));
#14940=CARTESIAN_POINT('',(-0.00435709307947018,-0.0577421479377957,0.005));
#14941=CARTESIAN_POINT('',(-0.00323129086807298,-0.0577421479377957,0.005));
#14942=CARTESIAN_POINT('',(-0.00323129086807298,-0.0577421479377957,0.005));
#14943=CARTESIAN_POINT('',(-0.00435709307947018,-0.0577421479377957,0.005));
#14944=CARTESIAN_POINT('',(-0.00323129086807298,-0.058341003578405,0.005));
#14945=CARTESIAN_POINT('',(-0.00323129086807298,-0.0589398592190143,0.005));
#14946=CARTESIAN_POINT('',(-0.00323129086807298,-0.0589398592190143,0.005));
#14947=CARTESIAN_POINT('',(-0.00323129086807298,-0.058341003578405,0.005));
#14948=CARTESIAN_POINT('',(-0.00290228754324502,-0.0589398592190143,0.005));
#14949=CARTESIAN_POINT('',(-0.00257328421841706,-0.0589398592190143,0.005));
#14950=CARTESIAN_POINT('',(-0.00257328421841706,-0.0589398592190143,0.005));
#14951=CARTESIAN_POINT('',(-0.00290228754324502,-0.0589398592190143,0.005));
#14952=CARTESIAN_POINT('',(-0.00257328421841706,-0.0575024510383911,0.005));
#14953=CARTESIAN_POINT('',(-0.00257328421841706,-0.0560650428577679,0.005));
#14954=CARTESIAN_POINT('',(-0.00257340269082063,-0.0560650415309019,0.005));
#14955=CARTESIAN_POINT('',(-0.00257328421841706,-0.0575024510383911,0.005));
#14956=CARTESIAN_POINT('',(-0.00322717899730151,-0.0560577193735887,0.00500000000000001));
#14957=CARTESIAN_POINT('',(-0.00266722993866758,-0.0557205752168493,0.005));
#14958=CARTESIAN_POINT('',(-0.00266719555885382,-0.0557205544734302,0.005));
#14959=CARTESIAN_POINT('',(-0.00322717899730151,-0.0560577193735887,0.005));
#14960=CARTESIAN_POINT('',(-0.0032811248465528,-0.0560889413413537,0.00500000000000001));
#14961=CARTESIAN_POINT('',(-0.00291968489884697,-0.0554708265119858,0.005));
#14962=CARTESIAN_POINT('',(-0.00291970843624386,-0.0554708672814449,0.005));
#14963=CARTESIAN_POINT('',(-0.0032811248465528,-0.0560889413413537,0.005));
#14964=CARTESIAN_POINT('',(-0.00326057263114436,-0.0560433780356703,0.00500000000000001));
#14965=CARTESIAN_POINT('',(-0.00326608557927687,-0.0553768807917353,0.005));
#14966=CARTESIAN_POINT('',(-0.00326608492048244,-0.0553769604378095,0.00500000025));
#14967=CARTESIAN_POINT('',(-0.00326057263114436,-0.0560433780356703,0.005));
#14968=CARTESIAN_POINT('',(-0.00435709307947018,-0.0553768807917353,0.005));
#14969=CARTESIAN_POINT('',(-0.00544810057966348,-0.0553768807917353,0.005));
#14970=CARTESIAN_POINT('',(-0.00544810165308431,-0.0553769857728743,0.005));
#14971=CARTESIAN_POINT('',(-0.00435709307947018,-0.0553768807917353,0.005));
#14972=CARTESIAN_POINT('',(-0.00545479226556671,-0.0560313313020809,0.00500000000000001));
#14973=CARTESIAN_POINT('',(-0.0057921816126798,-0.0554708265119858,0.005));
#14974=CARTESIAN_POINT('',(-0.00579218142659588,-0.0554708272162871,0.005));
#14975=CARTESIAN_POINT('',(-0.00545479226556671,-0.0560313313020809,0.005));
#14976=CARTESIAN_POINT('',(-0.00542248044224203,-0.0560912765291652,0.00500000000000001));
#14977=CARTESIAN_POINT('',(-0.00604231692544559,-0.0557205752168493,0.005));
#14978=CARTESIAN_POINT('',(-0.00604233375348419,-0.0557205649625293,0.005));
#14979=CARTESIAN_POINT('',(-0.00542248044224203,-0.0560912765291652,0.005));
#14980=CARTESIAN_POINT('',(-0.00548236786681167,-0.0560577193735887,0.00500000000000001));
#14981=CARTESIAN_POINT('',(-0.00548236786681167,-0.0560577193735887,0.005));
#14982=CARTESIAN_POINT('',(-0.00323129086807298,-0.0565916028206536,0.005));
#14983=CARTESIAN_POINT('',(-0.00323129086807298,-0.0565916028206536,0.006));
#14984=CARTESIAN_POINT('',(-0.00323129086807298,-0.0565916028206536,0.005));
#14985=CARTESIAN_POINT('',(0.00029805267170897,-0.0602469969414178,0.005));
#14986=CARTESIAN_POINT('',(-0.000232759978101587,-0.0570593983823948,0.005));
#14987=CARTESIAN_POINT('',(-0.000232759978101587,-0.0570593983823948,0.006));
#14988=CARTESIAN_POINT('',(-0.00129670612192582,-0.0570593568146447,0.006));
#14989=CARTESIAN_POINT('',(0.00083118507691947,-0.0570593877346596,0.006));
#14990=CARTESIAN_POINT('',(-0.0012967049251363,-0.0570593983823948,0.005));
#14991=CARTESIAN_POINT('',(-0.00129670612192582,-0.0570593568146447,0.005));
#14992=CARTESIAN_POINT('',(-0.000232759978101587,-0.0570593983823948,0.005));
#14993=CARTESIAN_POINT('',(0.00083118507691947,-0.0570593877346596,0.00500000025));
#14994=CARTESIAN_POINT('',(0.00083118496893313,-0.0570593983823948,0.005));
#14995=CARTESIAN_POINT('',(-0.00129852201464919,-0.0569962859288538,0.005));
#14996=CARTESIAN_POINT('',(-0.00129852201464919,-0.0569962859288538,0.006));
#14997=CARTESIAN_POINT('',(-0.00133885894611446,-0.0570447237423252,0.006));
#14998=CARTESIAN_POINT('',(-0.00133884518648325,-0.0570447072821087,0.005));
#14999=CARTESIAN_POINT('',(-0.00133885894611446,-0.0570447237423252,0.005));
#15000=CARTESIAN_POINT('',(-0.00129852201464919,-0.0569962859288538,0.005));
#15001=CARTESIAN_POINT('',(-0.00130732147294285,-0.0570074468165632,0.00500000000000001));
#15002=CARTESIAN_POINT('',(-0.00130732147294285,-0.0570074468165632,0.006));
#15003=CARTESIAN_POINT('',(-0.00135618213349113,-0.0570052759600036,0.006));
#15004=CARTESIAN_POINT('',(-0.00135624254208519,-0.0570052732760777,0.005));
#15005=CARTESIAN_POINT('',(-0.00135618213349113,-0.0570052759600036,0.00500000025));
#15006=CARTESIAN_POINT('',(-0.00130732147294285,-0.0570074468165632,0.005));
#15007=CARTESIAN_POINT('',(-0.00135624254208519,-0.0565498491672089,0.005));
#15008=CARTESIAN_POINT('',(-0.00135624254208519,-0.0565498491672089,0.006));
#15009=CARTESIAN_POINT('',(-0.00135622430363795,-0.0560944247290454,0.006));
#15010=CARTESIAN_POINT('',(-0.00135624254208519,-0.0560944250583401,0.005));
#15011=CARTESIAN_POINT('',(-0.00135622430363795,-0.0560944247290454,0.005));
#15012=CARTESIAN_POINT('',(-0.00135624254208519,-0.0565498491672089,0.005));
#15013=CARTESIAN_POINT('',(-0.00129897815578968,-0.056093391151173,0.005));
#15014=CARTESIAN_POINT('',(-0.00129897815578968,-0.056093391151173,0.006));
#15015=CARTESIAN_POINT('',(-0.00133882672804469,-0.0560523035398872,0.006));
#15016=CARTESIAN_POINT('',(-0.00133882686809423,-0.0560523036842935,0.00500000000000001));
#15017=CARTESIAN_POINT('',(-0.00133882672804469,-0.0560523035398872,0.005));
#15018=CARTESIAN_POINT('',(-0.00129897815578968,-0.056093391151173,0.005));
#15019=CARTESIAN_POINT('',(-0.00129773883230338,-0.0560921518276868,0.00500000000000001));
#15020=CARTESIAN_POINT('',(-0.00129773883230338,-0.0560921518276868,0.006));
#15021=CARTESIAN_POINT('',(-0.00129670525443105,-0.0560349056798384,0.006));
#15022=CARTESIAN_POINT('',(-0.0012967049251363,-0.0560348874413912,0.005));
#15023=CARTESIAN_POINT('',(-0.00129670525443105,-0.0560349056798384,0.00500000025));
#15024=CARTESIAN_POINT('',(-0.00129773883230338,-0.0560921518276868,0.005));
#15025=CARTESIAN_POINT('',(-0.000232759978101587,-0.0560348874413912,0.005));
#15026=CARTESIAN_POINT('',(-0.000232759978101587,-0.0560348874413912,0.006));
#15027=CARTESIAN_POINT('',(0.000831184982740993,-0.0560348739717915,0.006));
#15028=CARTESIAN_POINT('',(0.00083118496893313,-0.0560348874413912,0.005));
#15029=CARTESIAN_POINT('',(0.000831184982740993,-0.0560348739717915,0.005));
#15030=CARTESIAN_POINT('',(-0.000232759978101587,-0.0560348874413912,0.005));
#15031=CARTESIAN_POINT('',(0.000831118035805383,-0.0561001808490246,0.005));
#15032=CARTESIAN_POINT('',(0.000831118035805383,-0.0561001808490246,0.006));
#15033=CARTESIAN_POINT('',(0.000875904985626384,-0.0560526321232811,0.006));
#15034=CARTESIAN_POINT('',(0.00087590498562635,-0.0560526321232811,0.005));
#15035=CARTESIAN_POINT('',(0.000875904985626384,-0.0560526321232811,0.005));
#15036=CARTESIAN_POINT('',(0.000831118035805383,-0.0561001808490246,0.005));
#15037=CARTESIAN_POINT('',(0.000841321980583289,-0.0560941864779237,0.00500000000000001));
#15038=CARTESIAN_POINT('',(0.000841321980583289,-0.0560941864779237,0.006));
#15039=CARTESIAN_POINT('',(0.000895373158406679,-0.0560943057922402,0.006));
#15040=CARTESIAN_POINT('',(0.000895361880709206,-0.0560944250583401,0.005));
#15041=CARTESIAN_POINT('',(0.000895372892803332,-0.0560944251069573,0.00500000025));
#15042=CARTESIAN_POINT('',(0.000841321980583289,-0.0560941864779237,0.005));
#15043=CARTESIAN_POINT('',(0.000895361880709206,-0.0565498491672089,0.005));
#15044=CARTESIAN_POINT('',(0.000895361880709206,-0.0565498491672089,0.006));
#15045=CARTESIAN_POINT('',(0.000895332010644916,-0.0570052741728643,0.006));
#15046=CARTESIAN_POINT('',(0.000895361880709206,-0.0570052732760777,0.005));
#15047=CARTESIAN_POINT('',(0.000895332010644916,-0.0570052741728643,0.005));
#15048=CARTESIAN_POINT('',(0.000895361880709206,-0.0565498491672089,0.005));
#15049=CARTESIAN_POINT('',(0.000848830566486114,-0.0570066702821342,0.005));
#15050=CARTESIAN_POINT('',(0.000848830566486114,-0.0570066702821342,0.006));
#15051=CARTESIAN_POINT('',(0.000875631769549824,-0.0570446884423097,0.006));
#15052=CARTESIAN_POINT('',(0.000875644877693664,-0.0570447072821087,0.005));
#15053=CARTESIAN_POINT('',(0.000875631769549824,-0.0570446884423097,0.005));
#15054=CARTESIAN_POINT('',(0.000848830566486114,-0.0570066702821342,0.005));
#15055=CARTESIAN_POINT('',(-0.000773512914587631,-0.0577213947636826,0.005));
#15056=CARTESIAN_POINT('',(-0.000190783287090066,-0.0577199719846828,0.005));
#15057=CARTESIAN_POINT('',(-0.000190783287090066,-0.0577199719846828,0.005));
#15058=CARTESIAN_POINT('',(-0.000773512914587631,-0.0577213947636826,0.005));
#15059=CARTESIAN_POINT('',(-0.00135624254208519,-0.0577228175426825,0.005));
#15060=CARTESIAN_POINT('',(-0.00135624254208519,-0.0577228175426825,0.005));
#15061=CARTESIAN_POINT('',(0.000320200840921532,-0.0583299156018486,0.005));
#15062=CARTESIAN_POINT('',(0.000831184968933132,-0.0589398592190143,0.005));
#15063=CARTESIAN_POINT('',(0.000831184968933132,-0.0589398592190143,0.005));
#15064=CARTESIAN_POINT('',(0.000320200840921532,-0.0583299156018486,0.005));
#15065=CARTESIAN_POINT('',(0.00118763745482194,-0.0589398592190143,0.005));
#15066=CARTESIAN_POINT('',(0.00154408994071075,-0.0589398592190143,0.005));
#15067=CARTESIAN_POINT('',(0.00154408994071075,-0.0589398592190143,0.005));
#15068=CARTESIAN_POINT('',(0.00118763745482194,-0.0589398592190143,0.005));
#15069=CARTESIAN_POINT('',(0.00154408994071075,-0.0588482331461774,0.005));
#15070=CARTESIAN_POINT('',(0.00154408994071075,-0.0587566070733405,0.005));
#15071=CARTESIAN_POINT('',(0.00154408994071075,-0.0587566070733405,0.005));
#15072=CARTESIAN_POINT('',(0.00154408994071075,-0.0588482331461774,0.005));
#15073=CARTESIAN_POINT('',(0.00110404019077249,-0.0582372460312622,0.005));
#15074=CARTESIAN_POINT('',(0.000663990440834233,-0.0577178849891839,0.005));
#15075=CARTESIAN_POINT('',(0.000663990440834233,-0.0577178849891839,0.005));
#15076=CARTESIAN_POINT('',(0.00110404019077249,-0.0582372460312622,0.005));
#15077=CARTESIAN_POINT('',(0.000762278805169771,-0.0577176450106173,0.005));
#15078=CARTESIAN_POINT('',(0.00086056716950531,-0.0577174050320508,0.005));
#15079=CARTESIAN_POINT('',(0.000860568178947841,-0.0577173021908604,0.005));
#15080=CARTESIAN_POINT('',(0.000762278805169771,-0.0577176450106173,0.005));
#15081=CARTESIAN_POINT('',(0.000867230812287984,-0.0570385184839578,0.00500000000000001));
#15082=CARTESIAN_POINT('',(0.00120735445783748,-0.0576257789592138,0.005));
#15083=CARTESIAN_POINT('',(0.00120736267825104,-0.0576257929236408,0.005));
#15084=CARTESIAN_POINT('',(0.000867230812287984,-0.0570385184839578,0.005));
#15085=CARTESIAN_POINT('',(0.000862408700882819,-0.0570256963625608,0.00500000000000001));
#15086=CARTESIAN_POINT('',(0.0014594228101146,-0.0573760302543503,0.005));
#15087=CARTESIAN_POINT('',(0.00145939317533379,-0.0573760131337008,0.005));
#15088=CARTESIAN_POINT('',(0.000862408700882819,-0.0570256963625608,0.005));
#15089=CARTESIAN_POINT('',(0.000888890509952396,-0.0570357266957011,0.00500000000000001));
#15090=CARTESIAN_POINT('',(0.00155336853036512,-0.0570300161818227,0.005));
#15091=CARTESIAN_POINT('',(0.00155328469386306,-0.0570300169023123,0.00500000025));
#15092=CARTESIAN_POINT('',(0.000888890509952396,-0.0570357266957011,0.005));
#15093=CARTESIAN_POINT('',(0.00155336853036512,-0.0565498491672089,0.005));
#15094=CARTESIAN_POINT('',(0.00155336853036512,-0.0560696821525951,0.005));
#15095=CARTESIAN_POINT('',(0.00155325928154269,-0.0560696809994924,0.005));
#15096=CARTESIAN_POINT('',(0.00155336853036512,-0.0565498491672089,0.005));
#15097=CARTESIAN_POINT('',(0.000900909842119696,-0.0560627955626033,0.00500000000000001));
#15098=CARTESIAN_POINT('',(0.0014594228101146,-0.0557259877274811,0.005));
#15099=CARTESIAN_POINT('',(0.00145944821852107,-0.0557259723496011,0.005));
#15100=CARTESIAN_POINT('',(0.000900909842119696,-0.0560627955626033,0.005));
#15101=CARTESIAN_POINT('',(0.000841872863231307,-0.0560965057260115,0.00500000000000001));
#15102=CARTESIAN_POINT('',(0.00120735445783748,-0.0554758524147153,0.005));
#15103=CARTESIAN_POINT('',(0.00120733722059978,-0.0554758822706584,0.005));
#15104=CARTESIAN_POINT('',(0.000841872863231307,-0.0560965057260115,0.005));
#15105=CARTESIAN_POINT('',(0.000866632711941681,-0.0560453442897443,0.00500000000000001));
#15106=CARTESIAN_POINT('',(0.000860567169505309,-0.0553815200865625,0.005));
#15107=CARTESIAN_POINT('',(0.000860568003403332,-0.0553816113499073,0.00500000025));
#15108=CARTESIAN_POINT('',(0.000866632711941681,-0.0560453442897443,0.005));
#15109=CARTESIAN_POINT('',(-0.000574521363704309,-0.0553815200865625,0.005));
#15110=CARTESIAN_POINT('',(-0.00200960989691393,-0.0553815200865625,0.005));
#15111=CARTESIAN_POINT('',(-0.00200960989691393,-0.0553815200865625,0.005));
#15112=CARTESIAN_POINT('',(-0.000574521363704309,-0.0553815200865625,0.005));
#15113=CARTESIAN_POINT('',(-0.00200960989691393,-0.0571606896527884,0.005));
#15114=CARTESIAN_POINT('',(-0.00200960989691393,-0.0589398592190143,0.005));
#15115=CARTESIAN_POINT('',(-0.00200960989691393,-0.0589398592190143,0.005));
#15116=CARTESIAN_POINT('',(-0.00200960989691393,-0.0571606896527884,0.005));
#15117=CARTESIAN_POINT('',(-0.00168292621949956,-0.0589398592190143,0.005));
#15118=CARTESIAN_POINT('',(-0.00135624254208519,-0.0589398592190143,0.005));
#15119=CARTESIAN_POINT('',(-0.00135624254208519,-0.0589398592190143,0.005));
#15120=CARTESIAN_POINT('',(-0.00168292621949956,-0.0589398592190143,0.005));
#15121=CARTESIAN_POINT('',(-0.00135624254208519,-0.0583313383808484,0.005));
#15122=CARTESIAN_POINT('',(-0.00135624254208519,-0.0583313383808484,0.005));
#15123=CARTESIAN_POINT('',(0.000831919645646779,-0.0569869573391192,0.005));
#15124=CARTESIAN_POINT('',(0.000831919645646779,-0.0569869573391192,0.006));
#15125=CARTESIAN_POINT('',(0.000831919645646779,-0.0569869573391192,0.005));
#15126=CARTESIAN_POINT('',(0.00029805267170897,-0.0602469969414178,0.005));
#15127=CARTESIAN_POINT('',(-0.00507850342509764,-0.0632451248186432,0.005));
#15128=CARTESIAN_POINT('',(-0.00507850342509764,-0.0632451248186432,0.006));
#15129=CARTESIAN_POINT('',(-0.00614244956892188,-0.0632450832508931,0.006));
#15130=CARTESIAN_POINT('',(-0.00401455837007659,-0.063245114170908,0.006));
#15131=CARTESIAN_POINT('',(-0.00614244837213236,-0.0632451248186432,0.005));
#15132=CARTESIAN_POINT('',(-0.00614244956892188,-0.0632450832508931,0.005));
#15133=CARTESIAN_POINT('',(-0.00507850342509764,-0.0632451248186432,0.005));
#15134=CARTESIAN_POINT('',(-0.00401455837007659,-0.063245114170908,0.00500000025));
#15135=CARTESIAN_POINT('',(-0.00401455847806293,-0.0632451248186432,0.005));
#15136=CARTESIAN_POINT('',(-0.00614426546164526,-0.0631820123651022,0.005));
#15137=CARTESIAN_POINT('',(-0.00614426546164526,-0.0631820123651022,0.006));
#15138=CARTESIAN_POINT('',(-0.00618460239311052,-0.0632304501785736,0.006));
#15139=CARTESIAN_POINT('',(-0.0061845886334793,-0.0632304337183571,0.005));
#15140=CARTESIAN_POINT('',(-0.00618460239311052,-0.0632304501785736,0.005));
#15141=CARTESIAN_POINT('',(-0.00614426546164526,-0.0631820123651022,0.005));
#15142=CARTESIAN_POINT('',(-0.00615306491993862,-0.0631931732528115,0.00500000000000001));
#15143=CARTESIAN_POINT('',(-0.00615306491993862,-0.0631931732528115,0.006));
#15144=CARTESIAN_POINT('',(-0.00620192558048719,-0.0631910023962519,0.006));
#15145=CARTESIAN_POINT('',(-0.00620198598908125,-0.063190999712326,0.005));
#15146=CARTESIAN_POINT('',(-0.00620192558048719,-0.0631910023962519,0.00500000025));
#15147=CARTESIAN_POINT('',(-0.00615306491993862,-0.0631931732528115,0.005));
#15148=CARTESIAN_POINT('',(-0.00620198598908125,-0.0627355756034572,0.005));
#15149=CARTESIAN_POINT('',(-0.00620198598908125,-0.0627355756034572,0.006));
#15150=CARTESIAN_POINT('',(-0.00620196775063401,-0.0622801511652938,0.006));
#15151=CARTESIAN_POINT('',(-0.00620198598908125,-0.0622801514945885,0.005));
#15152=CARTESIAN_POINT('',(-0.00620196775063401,-0.0622801511652938,0.005));
#15153=CARTESIAN_POINT('',(-0.00620198598908125,-0.0627355756034572,0.005));
#15154=CARTESIAN_POINT('',(-0.0061447216027854,-0.0622791175874214,0.005));
#15155=CARTESIAN_POINT('',(-0.0061447216027854,-0.0622791175874214,0.006));
#15156=CARTESIAN_POINT('',(-0.00618457017504145,-0.0622380299761362,0.006));
#15157=CARTESIAN_POINT('',(-0.00618457031509032,-0.0622380301205417,0.00500000000000001));
#15158=CARTESIAN_POINT('',(-0.00618457017504145,-0.0622380299761362,0.005));
#15159=CARTESIAN_POINT('',(-0.0061447216027854,-0.0622791175874214,0.005));
#15160=CARTESIAN_POINT('',(-0.00614348227929907,-0.0622778782639363,0.00500000000000001));
#15161=CARTESIAN_POINT('',(-0.00614348227929907,-0.0622778782639363,0.006));
#15162=CARTESIAN_POINT('',(-0.0061424487014271,-0.0622206321160868,0.006));
#15163=CARTESIAN_POINT('',(-0.00614244837213236,-0.0622206138776396,0.005));
#15164=CARTESIAN_POINT('',(-0.0061424487014271,-0.0622206321160868,0.00500000025));
#15165=CARTESIAN_POINT('',(-0.00614348227929907,-0.0622778782639363,0.005));
#15166=CARTESIAN_POINT('',(-0.00507850342509764,-0.0622206138776396,0.005));
#15167=CARTESIAN_POINT('',(-0.00507850342509764,-0.0622206138776396,0.006));
#15168=CARTESIAN_POINT('',(-0.00401455846425506,-0.0622206004080399,0.006));
#15169=CARTESIAN_POINT('',(-0.00401455847806293,-0.0622206138776396,0.005));
#15170=CARTESIAN_POINT('',(-0.00401455846425506,-0.0622206004080399,0.005));
#15171=CARTESIAN_POINT('',(-0.00507850342509764,-0.0622206138776396,0.005));
#15172=CARTESIAN_POINT('',(-0.00401462541119063,-0.0622859072852732,0.005));
#15173=CARTESIAN_POINT('',(-0.00401462541119063,-0.0622859072852732,0.006));
#15174=CARTESIAN_POINT('',(-0.00396983846137509,-0.0622383585595243,0.006));
#15175=CARTESIAN_POINT('',(-0.00396983846137512,-0.0622383585595242,0.005));
#15176=CARTESIAN_POINT('',(-0.00396983846137509,-0.0622383585595243,0.005));
#15177=CARTESIAN_POINT('',(-0.00401462541119063,-0.0622859072852732,0.005));
#15178=CARTESIAN_POINT('',(-0.00400442146641994,-0.0622799129141754,0.00500000000000001));
#15179=CARTESIAN_POINT('',(-0.00400442146641994,-0.0622799129141754,0.006));
#15180=CARTESIAN_POINT('',(-0.00395037028858916,-0.0622800322284903,0.006));
#15181=CARTESIAN_POINT('',(-0.00395038156628685,-0.0622801514945885,0.005));
#15182=CARTESIAN_POINT('',(-0.00395037055419249,-0.0622801515432057,0.00500000025));
#15183=CARTESIAN_POINT('',(-0.00400442146641994,-0.0622799129141754,0.005));
#15184=CARTESIAN_POINT('',(-0.00395038156628685,-0.0627355756034572,0.005));
#15185=CARTESIAN_POINT('',(-0.00395038156628685,-0.0627355756034572,0.006));
#15186=CARTESIAN_POINT('',(-0.00395041143635134,-0.0631910006091126,0.006));
#15187=CARTESIAN_POINT('',(-0.00395038156628685,-0.063190999712326,0.005));
#15188=CARTESIAN_POINT('',(-0.00395041143635134,-0.0631910006091126,0.005));
#15189=CARTESIAN_POINT('',(-0.00395038156628685,-0.0627355756034572,0.005));
#15190=CARTESIAN_POINT('',(-0.00399691288050601,-0.0631923967183846,0.005));
#15191=CARTESIAN_POINT('',(-0.00399691288050601,-0.0631923967183846,0.006));
#15192=CARTESIAN_POINT('',(-0.00397011167744632,-0.0632304148785579,0.006));
#15193=CARTESIAN_POINT('',(-0.00397009856930239,-0.0632304337183571,0.005));
#15194=CARTESIAN_POINT('',(-0.00397011167744632,-0.0632304148785579,0.005));
#15195=CARTESIAN_POINT('',(-0.00399691288050601,-0.0631923967183846,0.005));
#15196=CARTESIAN_POINT('',(-0.00685535334390998,-0.0633464160890368,0.005));
#15197=CARTESIAN_POINT('',(-0.00685535334390998,-0.0651255856552627,0.005));
#15198=CARTESIAN_POINT('',(-0.00685535334390998,-0.0651255856552627,0.005));
#15199=CARTESIAN_POINT('',(-0.00685535334390998,-0.0633464160890368,0.005));
#15200=CARTESIAN_POINT('',(-0.00685535334390998,-0.0615672465228108,0.005));
#15201=CARTESIAN_POINT('',(-0.00685535334390998,-0.0615672465228108,0.005));
#15202=CARTESIAN_POINT('',(-0.00652866966649562,-0.0651255856552627,0.005));
#15203=CARTESIAN_POINT('',(-0.00620198598908125,-0.0651255856552627,0.005));
#15204=CARTESIAN_POINT('',(-0.00620198598908125,-0.0651255856552627,0.005));
#15205=CARTESIAN_POINT('',(-0.00652866966649562,-0.0651255856552627,0.005));
#15206=CARTESIAN_POINT('',(-0.00620198598908125,-0.0645170648170968,0.005));
#15207=CARTESIAN_POINT('',(-0.00620198598908125,-0.0639085439789308,0.005));
#15208=CARTESIAN_POINT('',(-0.00620198598908125,-0.0639085439789308,0.005));
#15209=CARTESIAN_POINT('',(-0.00620198598908125,-0.0645170648170968,0.005));
#15210=CARTESIAN_POINT('',(-0.005093581133286,-0.063905837723615,0.005));
#15211=CARTESIAN_POINT('',(-0.00398517627749075,-0.0639031314682991,0.005));
#15212=CARTESIAN_POINT('',(-0.00398517526804822,-0.0639030286271088,0.005));
#15213=CARTESIAN_POINT('',(-0.005093581133286,-0.063905837723615,0.005));
#15214=CARTESIAN_POINT('',(-0.00397851263470848,-0.0632242449202042,0.00500000000000001));
#15215=CARTESIAN_POINT('',(-0.00363838898915858,-0.0638115053954622,0.005));
#15216=CARTESIAN_POINT('',(-0.00363838076874502,-0.0638115193598892,0.005));
#15217=CARTESIAN_POINT('',(-0.00397851263470848,-0.0632242449202042,0.005));
#15218=CARTESIAN_POINT('',(-0.00398333474611289,-0.0632114227988097,0.00500000000000001));
#15219=CARTESIAN_POINT('',(-0.00338632063688145,-0.0635617566905986,0.005));
#15220=CARTESIAN_POINT('',(-0.00338635027166227,-0.0635617395699491,0.005));
#15221=CARTESIAN_POINT('',(-0.00398333474611289,-0.0632114227988097,0.005));
#15222=CARTESIAN_POINT('',(-0.00395685293704259,-0.0632214531319498,0.00500000000000001));
#15223=CARTESIAN_POINT('',(-0.00329237491663093,-0.063215742618071,0.005));
#15224=CARTESIAN_POINT('',(-0.00329245875313301,-0.0632157433385606,0.00500000025));
#15225=CARTESIAN_POINT('',(-0.00395685293704259,-0.0632214531319498,0.005));
#15226=CARTESIAN_POINT('',(-0.00329237491663093,-0.0627355756034572,0.005));
#15227=CARTESIAN_POINT('',(-0.00329237491663093,-0.0622554085888435,0.005));
#15228=CARTESIAN_POINT('',(-0.00329248416545336,-0.0622554074357408,0.005));
#15229=CARTESIAN_POINT('',(-0.00329237491663093,-0.0627355756034572,0.005));
#15230=CARTESIAN_POINT('',(-0.00394483360487652,-0.0622485219988517,0.00500000000000001));
#15231=CARTESIAN_POINT('',(-0.00338632063688145,-0.0619117141637294,0.005));
#15232=CARTESIAN_POINT('',(-0.00338629522847499,-0.0619116987858494,0.005));
#15233=CARTESIAN_POINT('',(-0.00394483360487652,-0.0622485219988517,0.005));
#15234=CARTESIAN_POINT('',(-0.00400387058376524,-0.0622822321622603,0.00500000000000001));
#15235=CARTESIAN_POINT('',(-0.00363838898915858,-0.0616615788509636,0.005));
#15236=CARTESIAN_POINT('',(-0.00363840622639628,-0.0616616087069067,0.005));
#15237=CARTESIAN_POINT('',(-0.00400387058376524,-0.0622822321622603,0.005));
#15238=CARTESIAN_POINT('',(-0.00397911073505463,-0.0622310707259935,0.00500000000000001));
#15239=CARTESIAN_POINT('',(-0.00398517627749075,-0.0615672465228108,0.005));
#15240=CARTESIAN_POINT('',(-0.00398517544359273,-0.0615673377861556,0.00500000025));
#15241=CARTESIAN_POINT('',(-0.00397911073505463,-0.0622310707259935,0.005));
#15242=CARTESIAN_POINT('',(-0.00542026481070037,-0.0615672465228108,0.005));
#15243=CARTESIAN_POINT('',(-0.00542026481070037,-0.0615672465228108,0.005));
#15244=CARTESIAN_POINT('',(-0.00401382380134929,-0.0631726837753676,0.005));
#15245=CARTESIAN_POINT('',(-0.00401382380134929,-0.0631726837753676,0.006));
#15246=CARTESIAN_POINT('',(-0.00401382380134929,-0.0631726837753676,0.005));
#15247=CARTESIAN_POINT('',(0.00029805267170897,-0.0602469969414178,0.005));
#15248=CARTESIAN_POINT('',(0.00611147569807563,-0.0571583700053748,0.005));
#15249=CARTESIAN_POINT('',(0.00611147569807563,-0.0589398592190143,0.005));
#15250=CARTESIAN_POINT('',(0.00611147569807563,-0.0589398592190143,0.005));
#15251=CARTESIAN_POINT('',(0.00611147569807563,-0.0571583700053748,0.005));
#15252=CARTESIAN_POINT('',(0.00611147569807563,-0.0553768807917353,0.005));
#15253=CARTESIAN_POINT('',(0.00611147569807563,-0.0553768807917353,0.005));
#15254=CARTESIAN_POINT('',(0.00643545312017414,-0.0589398592190143,0.005));
#15255=CARTESIAN_POINT('',(0.00675943054227265,-0.0589398592190143,0.005));
#15256=CARTESIAN_POINT('',(0.00675943054227265,-0.0589398592190143,0.005));
#15257=CARTESIAN_POINT('',(0.00643545312017414,-0.0589398592190143,0.005));
#15258=CARTESIAN_POINT('',(0.00675943054227265,-0.0571583700053748,0.005));
#15259=CARTESIAN_POINT('',(0.00675943054227265,-0.0553768807917353,0.005));
#15260=CARTESIAN_POINT('',(0.00675943054227265,-0.0553768807917353,0.005));
#15261=CARTESIAN_POINT('',(0.00675943054227265,-0.0571583700053748,0.005));
#15262=CARTESIAN_POINT('',(0.00643545312017414,-0.0553768807917353,0.005));
#15263=CARTESIAN_POINT('',(0.00643545312017414,-0.0553768807917353,0.005));
#15264=CARTESIAN_POINT('',(0.00029805267170897,-0.0602469969414178,0.005));
#15265=CARTESIAN_POINT('',(0.00723959755688643,-0.0571583700053748,0.005));
#15266=CARTESIAN_POINT('',(0.00723959755688643,-0.0589398592190143,0.005));
#15267=CARTESIAN_POINT('',(0.00723959755688643,-0.0589398592190143,0.005));
#15268=CARTESIAN_POINT('',(0.00723959755688643,-0.0571583700053748,0.005));
#15269=CARTESIAN_POINT('',(0.00723959755688643,-0.0553768807917353,0.005));
#15270=CARTESIAN_POINT('',(0.00723959755688643,-0.0553768807917353,0.005));
#15271=CARTESIAN_POINT('',(0.00756628123430079,-0.0589398592190143,0.005));
#15272=CARTESIAN_POINT('',(0.00789296491171516,-0.0589398592190143,0.005));
#15273=CARTESIAN_POINT('',(0.00789296491171516,-0.0589398592190143,0.005));
#15274=CARTESIAN_POINT('',(0.00756628123430079,-0.0589398592190143,0.005));
#15275=CARTESIAN_POINT('',(0.00789296491171516,-0.0576358307646727,0.005));
#15276=CARTESIAN_POINT('',(0.00789296491171516,-0.0563318023103311,0.005));
#15277=CARTESIAN_POINT('',(0.00789296491171516,-0.0563318023103311,0.005));
#15278=CARTESIAN_POINT('',(0.00789296491171516,-0.0576358307646727,0.005));
#15279=CARTESIAN_POINT('',(0.00898899831463791,-0.0576358307646727,0.005));
#15280=CARTESIAN_POINT('',(0.0100850317175607,-0.0589398592190143,0.005));
#15281=CARTESIAN_POINT('',(0.0100850317175607,-0.0589398592190143,0.005));
#15282=CARTESIAN_POINT('',(0.00898899831463791,-0.0576358307646727,0.005));
#15283=CARTESIAN_POINT('',(0.0104438038508631,-0.0589398592190143,0.005));
#15284=CARTESIAN_POINT('',(0.0108025759841655,-0.0589398592190143,0.005));
#15285=CARTESIAN_POINT('',(0.0108025759841655,-0.0589398592190143,0.005));
#15286=CARTESIAN_POINT('',(0.0104438038508631,-0.0589398592190143,0.005));
#15287=CARTESIAN_POINT('',(0.0108025759841655,-0.0571583700053748,0.005));
#15288=CARTESIAN_POINT('',(0.0108025759841655,-0.0553768807917353,0.005));
#15289=CARTESIAN_POINT('',(0.0108025759841655,-0.0553768807917353,0.005));
#15290=CARTESIAN_POINT('',(0.0108025759841655,-0.0571583700053748,0.005));
#15291=CARTESIAN_POINT('',(0.0104735726593375,-0.0553768807917353,0.005));
#15292=CARTESIAN_POINT('',(0.0101445693345096,-0.0553768807917353,0.005));
#15293=CARTESIAN_POINT('',(0.0101445693345096,-0.0553768807917353,0.005));
#15294=CARTESIAN_POINT('',(0.0104735726593375,-0.0553768807917353,0.005));
#15295=CARTESIAN_POINT('',(0.0101445693345096,-0.056678202990761,0.005));
#15296=CARTESIAN_POINT('',(0.0101445693345096,-0.0579795251897868,0.005));
#15297=CARTESIAN_POINT('',(0.0101445693345096,-0.0579795251897868,0.005));
#15298=CARTESIAN_POINT('',(0.0101445693345096,-0.056678202990761,0.005));
#15299=CARTESIAN_POINT('',(0.0090508555790004,-0.056678202990761,0.005));
#15300=CARTESIAN_POINT('',(0.00795714182349124,-0.0553768807917353,0.005));
#15301=CARTESIAN_POINT('',(0.00795714182349124,-0.0553768807917353,0.005));
#15302=CARTESIAN_POINT('',(0.0090508555790004,-0.056678202990761,0.005));
#15303=CARTESIAN_POINT('',(0.00759836969018883,-0.0553768807917353,0.005));
#15304=CARTESIAN_POINT('',(0.00759836969018883,-0.0553768807917353,0.005));
#15305=CARTESIAN_POINT('',(0.00029805267170897,-0.0602469969414178,0.005));
#15306=CARTESIAN_POINT('',(0.0120382471920546,-0.0582874005307701,0.00500000000000001));
#15307=CARTESIAN_POINT('',(0.0120451337820469,-0.0589398592190143,0.005));
#15308=CARTESIAN_POINT('',(0.0120451326289442,-0.0589397499701918,0.00500000025));
#15309=CARTESIAN_POINT('',(0.0120382471920546,-0.0582874005307701,0.005));
#15310=CARTESIAN_POINT('',(0.0117014342964418,-0.0588459214728366,0.00500000025));
#15311=CARTESIAN_POINT('',(0.0117014393569328,-0.0588459134987638,0.005));
#15312=CARTESIAN_POINT('',(0.0131361412822402,-0.0589398592190143,0.005));
#15313=CARTESIAN_POINT('',(0.0142271487824335,-0.0589398592190143,0.005));
#15314=CARTESIAN_POINT('',(0.014227149641504,-0.0589397662322864,0.005));
#15315=CARTESIAN_POINT('',(0.0131361412822402,-0.0589398592190143,0.005));
#15316=CARTESIAN_POINT('',(0.0142333009246041,-0.0582739446165347,0.00500000000000001));
#15317=CARTESIAN_POINT('',(0.0145739360707656,-0.0588459134987638,0.005));
#15318=CARTESIAN_POINT('',(0.0145739209776802,-0.058845887385253,0.005));
#15319=CARTESIAN_POINT('',(0.0142333009246041,-0.0582739446165347,0.005));
#15320=CARTESIAN_POINT('',(0.0142111444711636,-0.0582274260176378,0.00500000000000001));
#15321=CARTESIAN_POINT('',(0.0148260044230428,-0.0585961647939003,0.005));
#15322=CARTESIAN_POINT('',(0.0148260358479364,-0.0585961837348306,0.005));
#15323=CARTESIAN_POINT('',(0.0142111444711636,-0.0582274260176378,0.005));
#15324=CARTESIAN_POINT('',(0.014266055364409,-0.0582590206371609,0.00500000000000001));
#15325=CARTESIAN_POINT('',(0.0149199501432933,-0.0582516971529817,0.005));
#15326=CARTESIAN_POINT('',(0.0149198316708897,-0.0582516984798477,0.00500000025));
#15327=CARTESIAN_POINT('',(0.014266055364409,-0.0582590206371609,0.005));
#15328=CARTESIAN_POINT('',(0.0149199501432933,-0.0575863449531827,0.005));
#15329=CARTESIAN_POINT('',(0.0149199501432933,-0.0569209927533838,0.005));
#15330=CARTESIAN_POINT('',(0.0149199501432933,-0.0569209927533838,0.005));
#15331=CARTESIAN_POINT('',(0.0149199501432933,-0.0575863449531827,0.005));
#15332=CARTESIAN_POINT('',(0.0141877147764024,-0.0569209927533838,0.005));
#15333=CARTESIAN_POINT('',(0.0134554794095115,-0.0569209927533838,0.005));
#15334=CARTESIAN_POINT('',(0.0134554794095115,-0.0569209927533838,0.005));
#15335=CARTESIAN_POINT('',(0.0141877147764024,-0.0569209927533838,0.005));
#15336=CARTESIAN_POINT('',(0.0134554794095115,-0.0572499960782117,0.005));
#15337=CARTESIAN_POINT('',(0.0134554794095115,-0.0575789994030397,0.005));
#15338=CARTESIAN_POINT('',(0.0134554794095115,-0.0575789994030397,0.005));
#15339=CARTESIAN_POINT('',(0.0134554794095115,-0.0572499960782117,0.005));
#15340=CARTESIAN_POINT('',(0.0138587114515744,-0.0575789994030397,0.005));
#15341=CARTESIAN_POINT('',(0.0142619434936374,-0.0575789994030397,0.005));
#15342=CARTESIAN_POINT('',(0.0142619434936374,-0.0575789994030397,0.005));
#15343=CARTESIAN_POINT('',(0.0138587114515744,-0.0575789994030397,0.005));
#15344=CARTESIAN_POINT('',(0.0142619434936374,-0.0579006571777246,0.005));
#15345=CARTESIAN_POINT('',(0.0142619434936374,-0.0582223149524095,0.005));
#15346=CARTESIAN_POINT('',(0.0142619547713351,-0.0582224342185077,0.005));
#15347=CARTESIAN_POINT('',(0.0142619434936374,-0.0579006571777246,0.005));
#15348=CARTESIAN_POINT('',(0.0142079035935043,-0.0582225535328226,0.005));
#15349=CARTESIAN_POINT('',(0.0142424865985491,-0.0582641078874737,0.005));
#15350=CARTESIAN_POINT('',(0.0142424865985491,-0.0582641078874737,0.005));
#15351=CARTESIAN_POINT('',(0.0142079035935043,-0.0582225535328226,0.005));
#15352=CARTESIAN_POINT('',(0.0141976996487336,-0.0582165591617248,0.00500000000000001));
#15353=CARTESIAN_POINT('',(0.0141977665818613,-0.0582818525693584,0.005));
#15354=CARTESIAN_POINT('',(0.0141977665956692,-0.0582818660389581,0.00500000025));
#15355=CARTESIAN_POINT('',(0.0141976996487336,-0.0582165591617248,0.005));
#15356=CARTESIAN_POINT('',(0.0131338216348266,-0.0582818525693584,0.005));
#15357=CARTESIAN_POINT('',(0.0120698766877919,-0.0582818525693584,0.005));
#15358=CARTESIAN_POINT('',(0.0120698763584971,-0.0582818343309112,0.005));
#15359=CARTESIAN_POINT('',(0.0131338216348266,-0.0582818525693584,0.005));
#15360=CARTESIAN_POINT('',(0.0120688427806252,-0.0582245881830617,0.005));
#15361=CARTESIAN_POINT('',(0.0120277553137452,-0.0582644368953675,0.00500000000000001));
#15362=CARTESIAN_POINT('',(0.0120277551693383,-0.0582644367553173,0.005));
#15363=CARTESIAN_POINT('',(0.0120688427806252,-0.0582245881830617,0.005));
#15364=CARTESIAN_POINT('',(0.0120676034571388,-0.0582233488595766,0.00500000000000001));
#15365=CARTESIAN_POINT('',(0.012010339070843,-0.0582223149524095,0.005));
#15366=CARTESIAN_POINT('',(0.0120103573092902,-0.0582223152817042,0.00500000025));
#15367=CARTESIAN_POINT('',(0.0120676034571388,-0.0582233488595766,0.005));
#15368=CARTESIAN_POINT('',(0.012010339070843,-0.0571583700053748,0.005));
#15369=CARTESIAN_POINT('',(0.012010339070843,-0.0560944250583401,0.005));
#15370=CARTESIAN_POINT('',(0.0120103573092902,-0.0560944247290454,0.005));
#15371=CARTESIAN_POINT('',(0.012010339070843,-0.0571583700053748,0.005));
#15372=CARTESIAN_POINT('',(0.0120676034571394,-0.0560933911511734,0.005));
#15373=CARTESIAN_POINT('',(0.0120277547448339,-0.0560523036842935,0.00500000000000001));
#15374=CARTESIAN_POINT('',(0.012027754884884,-0.0560523035398867,0.005));
#15375=CARTESIAN_POINT('',(0.0120676034571394,-0.0560933911511734,0.005));
#15376=CARTESIAN_POINT('',(0.0120688427806248,-0.0560921518276868,0.00500000000000001));
#15377=CARTESIAN_POINT('',(0.0120698766877919,-0.0560348874413912,0.005));
#15378=CARTESIAN_POINT('',(0.0120698763584971,-0.0560349056798384,0.00500000025));
#15379=CARTESIAN_POINT('',(0.0120688427806248,-0.0560921518276868,0.005));
#15380=CARTESIAN_POINT('',(0.0131338216348266,-0.0560348874413912,0.005));
#15381=CARTESIAN_POINT('',(0.0141977665818613,-0.0560348874413912,0.005));
#15382=CARTESIAN_POINT('',(0.0141977665956692,-0.0560348739717915,0.005));
#15383=CARTESIAN_POINT('',(0.0131338216348266,-0.0560348874413912,0.005));
#15384=CARTESIAN_POINT('',(0.0141976996487336,-0.0561001808490245,0.005));
#15385=CARTESIAN_POINT('',(0.014242486598549,-0.0560526321232758,0.005));
#15386=CARTESIAN_POINT('',(0.014242486598549,-0.0560526321232759,0.005));
#15387=CARTESIAN_POINT('',(0.0141976996487336,-0.0561001808490245,0.005));
#15388=CARTESIAN_POINT('',(0.0142079035935046,-0.0560941864779269,0.00500000000000001));
#15389=CARTESIAN_POINT('',(0.0142619434936374,-0.0560944250583401,0.005));
#15390=CARTESIAN_POINT('',(0.0142619545057317,-0.0560944251069573,0.00500000025));
#15391=CARTESIAN_POINT('',(0.0142079035935046,-0.0560941864779269,0.005));
#15392=CARTESIAN_POINT('',(0.0142619434936374,-0.0562181395870651,0.005));
#15393=CARTESIAN_POINT('',(0.0142619434936374,-0.05634185411579,0.005));
#15394=CARTESIAN_POINT('',(0.0142619434936374,-0.05634185411579,0.005));
#15395=CARTESIAN_POINT('',(0.0142619434936374,-0.0562181395870651,0.005));
#15396=CARTESIAN_POINT('',(0.0145909468184653,-0.05634185411579,0.005));
#15397=CARTESIAN_POINT('',(0.0149199501432933,-0.05634185411579,0.005));
#15398=CARTESIAN_POINT('',(0.0149199501432933,-0.05634185411579,0.005));
#15399=CARTESIAN_POINT('',(0.0145909468184653,-0.05634185411579,0.005));
#15400=CARTESIAN_POINT('',(0.0149199501432933,-0.056203448486779,0.005));
#15401=CARTESIAN_POINT('',(0.0149199501432933,-0.0560650428577679,0.005));
#15402=CARTESIAN_POINT('',(0.0149198316708898,-0.0560650415309019,0.005));
#15403=CARTESIAN_POINT('',(0.0149199501432933,-0.056203448486779,0.005));
#15404=CARTESIAN_POINT('',(0.0142660553644071,-0.0560577193735893,0.00500000000000001));
#15405=CARTESIAN_POINT('',(0.0148260044230428,-0.0557205752168493,0.005));
#15406=CARTESIAN_POINT('',(0.014826035831407,-0.0557205562483371,0.005));
#15407=CARTESIAN_POINT('',(0.0142660553644071,-0.0560577193735893,0.005));
#15408=CARTESIAN_POINT('',(0.0142111444711637,-0.0560893139931118,0.00500000000000001));
#15409=CARTESIAN_POINT('',(0.0145739360707656,-0.0554708265119858,0.005));
#15410=CARTESIAN_POINT('',(0.0145739210636282,-0.0554708526771823,0.005));
#15411=CARTESIAN_POINT('',(0.0142111444711637,-0.0560893139931118,0.005));
#15412=CARTESIAN_POINT('',(0.0142333009246044,-0.056042795394214,0.00500000000000001));
#15413=CARTESIAN_POINT('',(0.0142271487824335,-0.0553768807917353,0.005));
#15414=CARTESIAN_POINT('',(0.014227149641504,-0.0553769737784632,0.00500000025));
#15415=CARTESIAN_POINT('',(0.0142333009246044,-0.056042795394214,0.005));
#15416=CARTESIAN_POINT('',(0.0131361412822402,-0.0553768807917353,0.005));
#15417=CARTESIAN_POINT('',(0.0120451337820469,-0.0553768807917353,0.005));
#15418=CARTESIAN_POINT('',(0.0120451326289442,-0.0553769900405577,0.005));
#15419=CARTESIAN_POINT('',(0.0131361412822402,-0.0553768807917353,0.005));
#15420=CARTESIAN_POINT('',(0.0120382471920551,-0.0560293394799808,0.00500000000000001));
#15421=CARTESIAN_POINT('',(0.0117014393569328,-0.0554708265119858,0.005));
#15422=CARTESIAN_POINT('',(0.0117014343501865,-0.0554708185057728,0.005));
#15423=CARTESIAN_POINT('',(0.0120382471920551,-0.0560293394799808,0.005));
#15424=CARTESIAN_POINT('',(0.0120743754737546,-0.0560944508341559,0.00500000000000001));
#15425=CARTESIAN_POINT('',(0.011451304044167,-0.0557205752168493,0.005));
#15426=CARTESIAN_POINT('',(0.0114512938733982,-0.055720568886692,0.005));
#15427=CARTESIAN_POINT('',(0.0120743754737546,-0.0560944508341559,0.005));
#15428=CARTESIAN_POINT('',(0.0120088221026114,-0.0560578056660972,0.00500000000000001));
#15429=CARTESIAN_POINT('',(0.0113569717160142,-0.0560650428577679,0.005));
#15430=CARTESIAN_POINT('',(0.0113570885207132,-0.0560650415609397,0.00500000025));
#15431=CARTESIAN_POINT('',(0.0120088221026114,-0.0560578056660972,0.005));
#15432=CARTESIAN_POINT('',(0.0113569717160142,-0.0571583700053748,0.005));
#15433=CARTESIAN_POINT('',(0.0113569717160142,-0.0582516971529817,0.005));
#15434=CARTESIAN_POINT('',(0.0113570885207131,-0.0582516984498099,0.005));
#15435=CARTESIAN_POINT('',(0.0113569717160142,-0.0571583700053748,0.005));
#15436=CARTESIAN_POINT('',(0.0120088221026131,-0.0582589343446518,0.00500000000000001));
#15437=CARTESIAN_POINT('',(0.011451304044167,-0.0585961647939003,0.005));
#15438=CARTESIAN_POINT('',(0.011451293884142,-0.0585961711423119,0.005));
#15439=CARTESIAN_POINT('',(0.0120088221026131,-0.0582589343446518,0.005));
#15440=CARTESIAN_POINT('',(0.0120743754737546,-0.0582222891765936,0.00500000000000001));
#15441=CARTESIAN_POINT('',(0.0120743754737546,-0.0582222891765936,0.005));
#15442=CARTESIAN_POINT('',(0.00029805267170897,-0.0602469969414178,0.005));
#15443=CARTESIAN_POINT('',(-0.0137438605942285,-0.0582874005307702,0.00500000000000001));
#15444=CARTESIAN_POINT('',(-0.0137369740042363,-0.0589398592190143,0.005));
#15445=CARTESIAN_POINT('',(-0.0137369751573389,-0.0589397499701918,0.00500000025));
#15446=CARTESIAN_POINT('',(-0.0137438605942285,-0.0582874005307702,0.005));
#15447=CARTESIAN_POINT('',(-0.0140806734898414,-0.0588459214728366,0.00500000025));
#15448=CARTESIAN_POINT('',(-0.0140806684293503,-0.0588459134987638,0.005));
#15449=CARTESIAN_POINT('',(-0.0123042051184403,-0.0589398592190143,0.005));
#15450=CARTESIAN_POINT('',(-0.0108714362326442,-0.0589398592190143,0.005));
#15451=CARTESIAN_POINT('',(-0.0108714362326442,-0.0589398592190143,0.005));
#15452=CARTESIAN_POINT('',(-0.0123042051184403,-0.0589398592190143,0.005));
#15453=CARTESIAN_POINT('',(-0.0108714362326442,-0.0586108558941864,0.005));
#15454=CARTESIAN_POINT('',(-0.0108714362326442,-0.0582818525693584,0.005));
#15455=CARTESIAN_POINT('',(-0.0108714362326442,-0.0582818525693584,0.005));
#15456=CARTESIAN_POINT('',(-0.0108714362326442,-0.0586108558941864,0.005));
#15457=CARTESIAN_POINT('',(-0.0122350023039347,-0.0582818525693584,0.005));
#15458=CARTESIAN_POINT('',(-0.0135985683752252,-0.0582818525693584,0.005));
#15459=CARTESIAN_POINT('',(-0.0135985821388048,-0.0582815952503017,0.005));
#15460=CARTESIAN_POINT('',(-0.0122350023039347,-0.0582818525693584,0.005));
#15461=CARTESIAN_POINT('',(-0.0136077017861223,-0.0581110975223548,0.005));
#15462=CARTESIAN_POINT('',(-0.0137248545748684,-0.0582349528019594,0.005));
#15463=CARTESIAN_POINT('',(-0.0137248569504633,-0.0582349501469438,0.005));
#15464=CARTESIAN_POINT('',(-0.0136077017861223,-0.0581110975223548,0.005));
#15465=CARTESIAN_POINT('',(-0.0136010136685334,-0.0581177856400936,0.005));
#15466=CARTESIAN_POINT('',(-0.0137717687154402,-0.0581086522291435,0.005));
#15467=CARTESIAN_POINT('',(-0.0137715113963773,-0.0581086659927235,0.00500000025));
#15468=CARTESIAN_POINT('',(-0.0136010136685334,-0.0581177856400936,0.005));
#15469=CARTESIAN_POINT('',(-0.0137717687154402,-0.0571583700053748,0.005));
#15470=CARTESIAN_POINT('',(-0.0137717687154402,-0.0562080877816062,0.005));
#15471=CARTESIAN_POINT('',(-0.0137713764458902,-0.0562080583901814,0.005));
#15472=CARTESIAN_POINT('',(-0.0137717687154402,-0.0571583700053748,0.005));
#15473=CARTESIAN_POINT('',(-0.0136019793978312,-0.0561953660448135,0.005));
#15474=CARTESIAN_POINT('',(-0.0137246025513638,-0.0560793473501517,0.005));
#15475=CARTESIAN_POINT('',(-0.0137248482129143,-0.0560791200428013,0.005));
#15476=CARTESIAN_POINT('',(-0.0136019793978312,-0.0561953660448135,0.005));
#15477=CARTESIAN_POINT('',(-0.0136083682676218,-0.0562118327355473,0.005));
#15478=CARTESIAN_POINT('',(-0.0135985683752252,-0.0560348874413912,0.005));
#15479=CARTESIAN_POINT('',(-0.0135985834021374,-0.0560351587649204,0.00500000025));
#15480=CARTESIAN_POINT('',(-0.0136083682676218,-0.0562118327355473,0.005));
#15481=CARTESIAN_POINT('',(-0.0122350023039347,-0.0560348874413912,0.005));
#15482=CARTESIAN_POINT('',(-0.0108714362326442,-0.0560348874413912,0.005));
#15483=CARTESIAN_POINT('',(-0.0108714362326442,-0.0560348874413912,0.005));
#15484=CARTESIAN_POINT('',(-0.0122350023039347,-0.0560348874413912,0.005));
#15485=CARTESIAN_POINT('',(-0.0108714362326442,-0.0557058841165632,0.005));
#15486=CARTESIAN_POINT('',(-0.0108714362326442,-0.0553768807917353,0.005));
#15487=CARTESIAN_POINT('',(-0.0108714362326442,-0.0553768807917353,0.005));
#15488=CARTESIAN_POINT('',(-0.0108714362326442,-0.0557058841165632,0.005));
#15489=CARTESIAN_POINT('',(-0.0123042051184403,-0.0553768807917353,0.005));
#15490=CARTESIAN_POINT('',(-0.0137369740042363,-0.0553768807917353,0.005));
#15491=CARTESIAN_POINT('',(-0.0137369751573389,-0.0553769900405577,0.005));
#15492=CARTESIAN_POINT('',(-0.0123042051184403,-0.0553768807917353,0.005));
#15493=CARTESIAN_POINT('',(-0.0137438605942281,-0.0560293394799808,0.00500000000000001));
#15494=CARTESIAN_POINT('',(-0.0140806684293503,-0.0554708265119858,0.005));
#15495=CARTESIAN_POINT('',(-0.0140806734360967,-0.0554708185057728,0.005));
#15496=CARTESIAN_POINT('',(-0.0137438605942281,-0.0560293394799808,0.005));
#15497=CARTESIAN_POINT('',(-0.0137077323125286,-0.0560944508341559,0.00500000000000001));
#15498=CARTESIAN_POINT('',(-0.0143308037421161,-0.0557205752168493,0.005));
#15499=CARTESIAN_POINT('',(-0.0143308139128849,-0.055720568886692,0.005));
#15500=CARTESIAN_POINT('',(-0.0137077323125286,-0.0560944508341559,0.005));
#15501=CARTESIAN_POINT('',(-0.0137732856836718,-0.0560578056660972,0.00500000000000001));
#15502=CARTESIAN_POINT('',(-0.0144251360702689,-0.0560650428577679,0.005));
#15503=CARTESIAN_POINT('',(-0.01442501926557,-0.0560650415609397,0.00500000025));
#15504=CARTESIAN_POINT('',(-0.0137732856836718,-0.0560578056660972,0.005));
#15505=CARTESIAN_POINT('',(-0.0144251360702689,-0.0571583700053748,0.005));
#15506=CARTESIAN_POINT('',(-0.0144251360702689,-0.0582516971529817,0.005));
#15507=CARTESIAN_POINT('',(-0.01442501926557,-0.0582516984498099,0.005));
#15508=CARTESIAN_POINT('',(-0.0144251360702689,-0.0571583700053748,0.005));
#15509=CARTESIAN_POINT('',(-0.0137732856836718,-0.0582589343446524,0.00500000000000001));
#15510=CARTESIAN_POINT('',(-0.0143308037421161,-0.0585961647939003,0.005));
#15511=CARTESIAN_POINT('',(-0.0143308139021411,-0.0585961711423119,0.005));
#15512=CARTESIAN_POINT('',(-0.0137732856836718,-0.0582589343446524,0.005));
#15513=CARTESIAN_POINT('',(-0.0137077323125285,-0.0582222891765936,0.00500000000000001));
#15514=CARTESIAN_POINT('',(-0.0137077323125285,-0.0582222891765936,0.005));
#15515=CARTESIAN_POINT('',(0.00029805267170897,-0.0602469969414178,0.005));
#15516=CARTESIAN_POINT('',(0.000354871968924961,-0.020050068299002,0.006));
#15517=CARTESIAN_POINT('',(0.000354871968924961,-0.020050068299002,0.006));
#15518=CARTESIAN_POINT('',(0.000354871968924961,-0.020050068299002,0.006));
#15519=CARTESIAN_POINT('',(0.000354871968924961,-0.020050068299002,0.006));
#15520=CARTESIAN_POINT('',(0.000354871968924961,-0.020050068299002,0.006));
#15521=CARTESIAN_POINT('',(-0.000105979730912614,-0.0673588953230105,0.00357573593128808));
#15522=CARTESIAN_POINT('',(-0.00267297636957939,-0.0673588953230105,0.00357573593128808));
#15523=CARTESIAN_POINT('',(-0.00267297636957939,-0.0673588953230105,0.00357573593128808));
#15524=CARTESIAN_POINT('',(-0.000105979730912614,-0.0673588953230105,0.00357573593128808));
#15525=CARTESIAN_POINT('',(0.00246101690775417,-0.0673588953230105,0.00357573593128808));
#15526=CARTESIAN_POINT('',(0.00246101690775417,-0.0673588953230105,0.00357573593128808));
#15527=CARTESIAN_POINT('',(-0.00267297636957939,-0.068066002104197,0.00286862915010153));
#15528=CARTESIAN_POINT('',(-0.00267297636957939,-0.068066002104197,0.00286862915010153));
#15529=CARTESIAN_POINT('',(-0.00267297636957939,-0.0687731088853836,0.00216152236891497));
#15530=CARTESIAN_POINT('',(-0.000105979730912614,-0.0687731088853836,0.00216152236891497));
#15531=CARTESIAN_POINT('',(0.00246101690775417,-0.0687731088853836,0.00216152236891497));
#15532=CARTESIAN_POINT('',(0.00246101690775417,-0.068066002104197,0.00286862915010153));
#15533=CARTESIAN_POINT('',(0.00246101690775417,-0.068066002104197,0.00286862915010153));
#15534=CARTESIAN_POINT('',(0.00029805267170897,-0.0680559515978582,0.00287867965644036));
#15535=CARTESIAN_POINT('',(0.00029805267170897,-0.0473167219414178,0.003));
#15536=CARTESIAN_POINT('',(0.00029805267170897,-0.0473167219414178,0.00511753312476032));
#15537=CARTESIAN_POINT('',(0.00029805267170897,-0.0473167219414178,0.003));
#15538=CARTESIAN_POINT('',(0.00029805267170897,-0.0473167219414178,0.00511753312476032));
#15539=CARTESIAN_POINT('',(-0.159859048043762,-0.0477829623350723,0.00461753312476032));
#15540=CARTESIAN_POINT('',(-0.159859048043762,-0.0478167219414178,0.00461753312476032));
#15541=CARTESIAN_POINT('',(-0.159859048043762,-0.049328410691258,0.00461753312476032));
#15542=CARTESIAN_POINT('',(-0.159859048043762,-0.049328410691258,0.00301753312476033));
#15543=CARTESIAN_POINT('',(-0.159859048043762,-0.049328410691258,0.00301753312476033));
#15544=CARTESIAN_POINT('',(-0.159859048043762,-0.049328410691258,0.00461753312476032));
#15545=CARTESIAN_POINT('',(-0.159859048043762,-0.0477829623350723,0.00461753312476032));
#15546=CARTESIAN_POINT('',(-0.159859048043762,-0.0478167219414178,0.00461753312476032));
#15547=CARTESIAN_POINT('',(0.00029805267170897,-0.0473167219414178,0.000917533124760324));
#15548=CARTESIAN_POINT('',(0.012398052671709,-0.0478167219414178,0.00141753312476032));
#15549=CARTESIAN_POINT('',(-0.159859048043762,-0.0478167219414178,0.00461753312476032));
#15550=CARTESIAN_POINT('',(0.00029805267170897,-0.0473167219414178,0.000917533124760324));
#15551=CARTESIAN_POINT('',(-0.0156019473282911,-0.0478167219414178,0.00141753312476032));
#15552=CARTESIAN_POINT('',(-0.159859048043762,-0.0478167219414178,0.00461753312476032));
#15553=CARTESIAN_POINT('',(0.014298052671709,-0.0478167219414178,0.00191753312476033));
#15554=CARTESIAN_POINT('',(0.014298052671709,-0.0478167219414178,0.00191753312476033));
#15555=CARTESIAN_POINT('',(0.014298052671709,-0.0483167219414178,0.00191753312476033));
#15556=CARTESIAN_POINT('',(0.014298052671709,-0.0483167219414178,0.00191753312476033));
#15557=CARTESIAN_POINT('',(0.000298052671708967,-0.0485725663163379,0.00191753312476033));
#15558=CARTESIAN_POINT('',(-0.013701947328291,-0.0483167219414178,0.00191753312476033));
#15559=CARTESIAN_POINT('',(-0.013701947328291,-0.0483167219414178,0.00191753312476033));
#15560=CARTESIAN_POINT('',(-0.0156019473282911,-0.0478167219414178,0.00191753312476033));
#15561=CARTESIAN_POINT('',(-0.0156019473282911,-0.0478167219414178,0.00191753312476033));
#15562=CARTESIAN_POINT('',(0.000298052671708967,-0.0485725663163379,0.00191753312476033));
#15563=CARTESIAN_POINT('',(-0.159859048043762,-0.0492167219414178,3.31193749999968E-5));
#15564=CARTESIAN_POINT('',(-0.159859048043762,-0.0511167219414178,6.62387499999935E-5));
#15565=CARTESIAN_POINT('',(-0.159859048043762,-0.0492167219414178,3.31193749999968E-5));
#15566=CARTESIAN_POINT('',(-0.159859048043762,-0.0511167219414178,6.62387499999936E-5));
#15567=CARTESIAN_POINT('',(-0.159859048043762,-0.0511167219414178,0.000217981874999992));
#15568=CARTESIAN_POINT('',(-0.159859048043762,-0.0511167219414178,0.00215641650090777));
#15569=CARTESIAN_POINT('',(-0.159859048043762,-0.0511167219414178,0.000217981874999992));
#15570=CARTESIAN_POINT('',(-0.159859048043762,-0.0511167219414178,0.00215641650090777));
#15571=CARTESIAN_POINT('',(-0.159859048043762,-0.0512167219414178,0.00231721033323371));
#15572=CARTESIAN_POINT('',(-0.159859048043762,-0.0512167219414178,0.00231721033323371));
#15573=CARTESIAN_POINT('',(0.,0.,0.));
#15574=CARTESIAN_POINT('',(-0.0349409022529171,-0.0648222383976591,0.0365));
#15575=CARTESIAN_POINT('',(-0.0349409022529171,-0.0648222383976591,0.0365));
#15576=CARTESIAN_POINT('',(-0.0335409022529171,-0.0648222383976591,0.0365));
#15577=CARTESIAN_POINT('',(-0.0349409022529171,-0.0648222383976591,0.));
#15578=CARTESIAN_POINT('',(-0.0335409022529171,-0.0648222383976591,0.));
#15579=CARTESIAN_POINT('',(0.000354871968924961,-0.020050068299002,0.0365));
#15580=CARTESIAN_POINT('',(0.000354871968924961,-0.020050068299002,0.));
#15581=CARTESIAN_POINT('',(0.,0.,0.));
#15582=CARTESIAN_POINT('',(0.000354871968924961,-0.020050068299002,0.009));
#15583=CARTESIAN_POINT('',(0.0679828144115173,0.00488248724533115,0.009));
#15584=CARTESIAN_POINT('',(0.0549743734813101,0.0243480342606315,0.009));
#15585=CARTESIAN_POINT('',(0.0590944234438573,0.018182881443193,0.009));
#15586=CARTESIAN_POINT('',(0.0639371243299036,0.0246131906348527,0.009));
#15587=CARTESIAN_POINT('',(0.06877982521595,0.0310434998265124,0.009));
#15588=CARTESIAN_POINT('',(0.06877982521595,0.00728502316400414,0.009));
#15589=CARTESIAN_POINT('',(0.06877982521595,0.0310771353434136,0.009));
#15590=CARTESIAN_POINT('',(0.000354871968924961,0.0310771353434137,0.009));
#15591=CARTESIAN_POINT('',(0.0600420961684475,0.0310771353434137,0.009));
#15592=CARTESIAN_POINT('',(0.0575082348248789,0.0277125848020227,0.009));
#15593=CARTESIAN_POINT('',(0.000354871968924961,-0.020050068299002,0.009));
#15594=CARTESIAN_POINT('',(0.0679828144115173,0.00488248724533115,0.009));
#15595=CARTESIAN_POINT('',(0.0504774480221916,0.0310771353434137,0.009));
#15596=CARTESIAN_POINT('',(0.0508543235187624,0.0305131870780707,0.009));
#15597=CARTESIAN_POINT('',(0.0510666797743375,0.0307951612107422,0.009));
#15598=CARTESIAN_POINT('',(0.0512790360299125,0.0310771353434137,0.009));
#15599=CARTESIAN_POINT('',(0.000354871968924961,0.0310771353434137,0.009));
#15600=CARTESIAN_POINT('',(0.000354871968924961,-0.020050068299002,0.009));
#15601=CARTESIAN_POINT('',(0.0659501820064049,0.0159155904693638,0.009));
#15602=CARTESIAN_POINT('',(0.0631205387968599,0.0121582903247517,0.009));
#15603=CARTESIAN_POINT('',(0.06877982521595,0.0196728906139759,0.009));
#15604=CARTESIAN_POINT('',(0.0679828144115173,0.00488248724533115,0.009));
#15605=CARTESIAN_POINT('',(0.0671858036070847,0.00607511681321117,0.009));
#15606=CARTESIAN_POINT('',(0.0679828144115173,0.00713341589510626,0.009));
#15607=CARTESIAN_POINT('',(0.06877982521595,0.00819171497700133,0.009));
#15608=CARTESIAN_POINT('',(0.06877982521595,0.00728502316400414,0.009));
#15609=CARTESIAN_POINT('',(0.000354871968924961,-0.020050068299002,0.009));
#15610=CARTESIAN_POINT('',(-0.0563259387779968,0.0212654578520327,0.009));
#15611=CARTESIAN_POINT('',(-0.0664773439223832,0.00607511681350346,0.009));
#15612=CARTESIAN_POINT('',(-0.0624120791120542,0.0121582903248425,0.009));
#15613=CARTESIAN_POINT('',(-0.0652410801950771,0.0159147378310679,0.009));
#15614=CARTESIAN_POINT('',(-0.0680700812781001,0.0196711853372932,0.009));
#15615=CARTESIAN_POINT('',(-0.0680700812781001,0.00728502316400382,0.009));
#15616=CARTESIAN_POINT('',(-0.0680700812781001,0.00819000970055814,0.009));
#15617=CARTESIAN_POINT('',(-0.0672737126001416,0.007132563256898,0.009));
#15618=CARTESIAN_POINT('',(0.000354871968924961,-0.020050068299002,0.009));
#15619=CARTESIAN_POINT('',(-0.0632280225185787,0.0246123379965035,0.009));
#15620=CARTESIAN_POINT('',(-0.0583859637591346,0.0181828814435168,0.009));
#15621=CARTESIAN_POINT('',(-0.0680700812781001,0.0310417945495927,0.009));
#15622=CARTESIAN_POINT('',(-0.0563259387779968,0.0212654578520327,0.009));
#15623=CARTESIAN_POINT('',(-0.0542659137968591,0.0243480342605486,0.009));
#15624=CARTESIAN_POINT('',(-0.0567997751405031,0.0277125848020391,0.009));
#15625=CARTESIAN_POINT('',(-0.0593336364840598,0.0310771353434137,0.009));
#15626=CARTESIAN_POINT('',(0.000354871968924961,0.0310771353434137,0.009));
#15627=CARTESIAN_POINT('',(-0.0680700812781001,0.0310771353434137,0.009));
#15628=CARTESIAN_POINT('',(-0.0680700812781001,0.00728502316400382,0.009));
#15629=CARTESIAN_POINT('',(-0.0680700812781001,0.00728502316400382,0.009));
#15630=CARTESIAN_POINT('',(-0.0680700812781001,0.0197771353434136,0.000971));
#15631=CARTESIAN_POINT('',(-0.0680700812781001,0.0197771353434136,0.003471));
#15632=CARTESIAN_POINT('',(-0.0680700812781001,0.00728502316400382,0.004));
#15633=CARTESIAN_POINT('',(-0.0680700812781001,0.0196711853372932,0.004));
#15634=CARTESIAN_POINT('',(-0.0680700812781001,0.0310417945495927,0.004));
#15635=CARTESIAN_POINT('',(-0.0680700812781001,0.0310417945495927,0.004));
#15636=CARTESIAN_POINT('',(-0.0680700812781001,0.0310771353434137,0.009));
#15637=CARTESIAN_POINT('',(-0.0680700812781001,0.0310771353434137,-0.006029));
#15638=CARTESIAN_POINT('',(-0.0680700812781001,0.00728502316400382,-0.006029));
#15639=CARTESIAN_POINT('',(-0.0680700812781001,0.0125447095048472,-0.006029));
#15640=CARTESIAN_POINT('',(-0.0680700812781001,0.0125447095048472,-0.006029));
#15641=CARTESIAN_POINT('',(-0.0680700812781001,0.0125447095048472,0.));
#15642=CARTESIAN_POINT('',(-0.0680700812781001,0.00728502316400382,0.));
#15643=CARTESIAN_POINT('',(-0.0680700812781001,-0.00653436045653597,4.33680868994202E-19));
#15644=CARTESIAN_POINT('',(-0.0680700812781001,-0.0105690873005072,0.00217515493754402));
#15645=CARTESIAN_POINT('',(-0.0680700812781001,-0.0146038141444785,0.00435030987508806));
#15646=CARTESIAN_POINT('',(-0.0680700812781001,-0.0155554515799419,0.00667515493754403));
#15647=CARTESIAN_POINT('',(-0.0680700812781001,-0.0165070890154053,0.009));
#15648=CARTESIAN_POINT('',(-0.0680700812781001,0.00728502316400382,0.009));
#15649=CARTESIAN_POINT('',(-0.0680700812781001,-0.00292631228175114,0.009));
#15650=CARTESIAN_POINT('',(-0.0680700812781001,-0.00292631228175114,0.014));
#15651=CARTESIAN_POINT('',(-0.0680700812781001,-0.00292631228175114,0.014));
#15652=CARTESIAN_POINT('',(-0.0680700812781001,0.00728502316400382,0.014));
#15653=CARTESIAN_POINT('',(-0.0680700812781001,0.00369177940611762,0.014));
#15654=CARTESIAN_POINT('',(-0.0680700812781001,0.00369177940611762,0.014));
#15655=CARTESIAN_POINT('',(-0.0680700812781001,0.00369177940611762,0.004));
#15656=CARTESIAN_POINT('',(-0.0680700812781001,0.00728502316400382,0.004));
#15657=CARTESIAN_POINT('',(-0.0680700812781001,0.00819000970055814,0.004));
#15658=CARTESIAN_POINT('',(-0.0680700812781001,0.00819000970055814,0.004));
#15659=CARTESIAN_POINT('',(-0.0680700812781001,0.0196711853372932,0.004));
#15660=CARTESIAN_POINT('',(0.000354871968924961,0.00390637675664175,0.003));
#15661=CARTESIAN_POINT('',(0.0501955981619369,0.00549711396981946,0.003));
#15662=CARTESIAN_POINT('',(0.0501955981619369,-0.00085288603018054,0.003));
#15663=CARTESIAN_POINT('',(0.0501955981619369,-0.00335288603018054,0.003));
#15664=CARTESIAN_POINT('',(0.0526091644594301,-0.00085288603018054,0.003));
#15665=CARTESIAN_POINT('',(0.0550227307569233,-0.00085288603018054,0.003));
#15666=CARTESIAN_POINT('',(0.0550227307569233,0.00549711396981946,0.003));
#15667=CARTESIAN_POINT('',(0.0550227307569233,-0.00335288603018054,0.003));
#15668=CARTESIAN_POINT('',(0.0526091644594301,-0.00335288603018054,0.003));
#15669=CARTESIAN_POINT('',(0.000354871968924961,0.00390637675664175,0.003));
#15670=CARTESIAN_POINT('',(0.0501955981619369,0.00549711396981946,0.003));
#15671=CARTESIAN_POINT('',(0.0501955981619369,0.0105471139698194,0.003));
#15672=CARTESIAN_POINT('',(0.0501955981619369,0.00804711396981946,0.003));
#15673=CARTESIAN_POINT('',(0.0526091644594301,0.0105471139698194,0.003));
#15674=CARTESIAN_POINT('',(0.0550227307569233,0.0105471139698194,0.003));
#15675=CARTESIAN_POINT('',(0.0550227307569233,0.00549711396981946,0.003));
#15676=CARTESIAN_POINT('',(0.0550227307569233,0.00804711396981946,0.003));
#15677=CARTESIAN_POINT('',(0.0526091644594301,0.00804711396981946,0.003));
#15678=CARTESIAN_POINT('',(0.000354871968924961,0.00390637675664175,0.003));
#15679=CARTESIAN_POINT('',(0.0501955981619369,0.00549711396981946,0.003));
#15680=CARTESIAN_POINT('',(0.0501955981619369,0.00674711396981946,0.003));
#15681=CARTESIAN_POINT('',(0.0501955981619369,0.00424711396981946,0.003));
#15682=CARTESIAN_POINT('',(0.0526091644594301,0.00674711396981946,0.003));
#15683=CARTESIAN_POINT('',(0.0550227307569233,0.00674711396981946,0.003));
#15684=CARTESIAN_POINT('',(0.0550227307569233,0.00549711396981946,0.003));
#15685=CARTESIAN_POINT('',(0.0550227307569233,0.00424711396981946,0.003));
#15686=CARTESIAN_POINT('',(0.0526091644594301,0.00424711396981946,0.003));
#15687=CARTESIAN_POINT('',(0.000354871968924961,0.00390637675664175,0.003));
#15688=CARTESIAN_POINT('',(0.0526091644594301,0.00044711396981946,0.003));
#15689=CARTESIAN_POINT('',(0.0501955981619369,0.00044711396981946,0.003));
#15690=CARTESIAN_POINT('',(0.0550227307569233,0.00044711396981946,0.003));
#15691=CARTESIAN_POINT('',(0.0501955981619369,0.00549711396981946,0.003));
#15692=CARTESIAN_POINT('',(0.0501955981619369,0.00294711396981946,0.003));
#15693=CARTESIAN_POINT('',(0.0526091644594301,0.00294711396981946,0.003));
#15694=CARTESIAN_POINT('',(0.0550227307569233,0.00294711396981946,0.003));
#15695=CARTESIAN_POINT('',(0.0550227307569233,0.00549711396981946,0.003));
#15696=CARTESIAN_POINT('',(0.0550227307569233,0.00549711396981946,0.003));
#15697=CARTESIAN_POINT('',(0.0550227307569233,-0.00085288603018054,0.001));
#15698=CARTESIAN_POINT('',(0.0550227307569233,-0.00085288603018054,0.001));
#15699=CARTESIAN_POINT('',(0.0550227307569233,0.00549711396981946,0.001));
#15700=CARTESIAN_POINT('',(0.0550227307569233,0.00044711396981946,0.001));
#15701=CARTESIAN_POINT('',(0.0550227307569233,0.00044711396981946,0.001));
#15702=CARTESIAN_POINT('',(0.0550227307569233,0.00294711396981946,0.001));
#15703=CARTESIAN_POINT('',(0.0550227307569233,0.00294711396981946,0.001));
#15704=CARTESIAN_POINT('',(0.0550227307569233,0.00549711396981946,0.001));
#15705=CARTESIAN_POINT('',(0.0550227307569233,0.00424711396981946,0.001));
#15706=CARTESIAN_POINT('',(0.0550227307569233,0.00424711396981946,0.001));
#15707=CARTESIAN_POINT('',(0.0550227307569233,0.00674711396981946,0.001));
#15708=CARTESIAN_POINT('',(0.0550227307569233,0.00674711396981946,0.001));
#15709=CARTESIAN_POINT('',(0.0550227307569233,0.00549711396981946,0.001));
#15710=CARTESIAN_POINT('',(0.0550227307569233,0.00804711396981946,0.001));
#15711=CARTESIAN_POINT('',(0.0550227307569233,0.00804711396981946,0.001));
#15712=CARTESIAN_POINT('',(0.0550227307569233,0.0105471139698194,0.001));
#15713=CARTESIAN_POINT('',(0.0550227307569233,0.0105471139698194,0.001));
#15714=CARTESIAN_POINT('',(0.0550227307569233,0.00549711396981946,0.001));
#15715=CARTESIAN_POINT('',(0.0550227307569233,0.0118471139698194,0.001));
#15716=CARTESIAN_POINT('',(0.0550227307569233,0.0118471139698194,0.001));
#15717=CARTESIAN_POINT('',(0.0550227307569233,0.0118471139698194,0.003));
#15718=CARTESIAN_POINT('',(0.0550227307569233,0.00549711396981946,0.003));
#15719=CARTESIAN_POINT('',(0.0550227307569233,0.0143471139698195,0.003));
#15720=CARTESIAN_POINT('',(0.0550227307569233,0.0143471139698195,0.003));
#15721=CARTESIAN_POINT('',(0.0550227307569233,0.0143471139698195,0.));
#15722=CARTESIAN_POINT('',(0.0550227307569233,0.00549711396981946,0.));
#15723=CARTESIAN_POINT('',(0.0550227307569233,0.0125447095048472,0.));
#15724=CARTESIAN_POINT('',(0.0550227307569233,0.00549711396981946,0.));
#15725=CARTESIAN_POINT('',(0.0550227307569233,-0.00335288603018054,0.));
#15726=CARTESIAN_POINT('',(0.0550227307569233,-0.00335288603018054,0.003));
#15727=CARTESIAN_POINT('',(0.000354871968924961,-0.020050068299002,0.));
#15728=CARTESIAN_POINT('',(0.000354871968924961,0.0125447095048472,0.));
#15729=CARTESIAN_POINT('',(0.06877982521595,0.0125447095048472,0.));
#15730=CARTESIAN_POINT('',(0.06877982521595,0.00728502316400414,0.));
#15731=CARTESIAN_POINT('',(0.06877982521595,-0.00653436045653597,4.33680868994202E-19));
#15732=CARTESIAN_POINT('',(-0.0680720812781001,-0.00653436045653597,4.33680868994202E-19));
#15733=CARTESIAN_POINT('',(0.000354871968924961,0.0125447095048472,0.));
#15734=CARTESIAN_POINT('',(0.0501955981619369,0.0125447095048472,0.));
#15735=CARTESIAN_POINT('',(0.0501955981619369,0.00549711396981946,0.));
#15736=CARTESIAN_POINT('',(0.0501955981619369,-0.00335288603018054,0.));
#15737=CARTESIAN_POINT('',(0.0526091644594301,-0.00335288603018054,0.));
#15738=CARTESIAN_POINT('',(0.000354871968924961,-0.020050068299002,0.009));
#15739=CARTESIAN_POINT('',(0.0359702247024647,-0.0122118386919122,0.009));
#15740=CARTESIAN_POINT('',(0.0316749743789716,-0.00791658836841907,0.009));
#15741=CARTESIAN_POINT('',(0.0402654750259579,-0.0165070890154053,0.009));
#15742=CARTESIAN_POINT('',(0.0316749743789716,-0.000672840547632952,0.009));
#15743=CARTESIAN_POINT('',(0.0316749743789716,0.00657090727315316,0.009));
#15744=CARTESIAN_POINT('',(0.0297941097786182,0.00657090727315318,0.009));
#15745=CARTESIAN_POINT('',(0.0279132451782647,0.00657090727315318,0.009));
#15746=CARTESIAN_POINT('',(0.0279132451782647,0.0154059298437185,0.009));
#15747=CARTESIAN_POINT('',(0.0279132451782647,0.0242409524142838,0.009));
#15748=CARTESIAN_POINT('',(0.0362005571649759,0.0242409524142838,0.009));
#15749=CARTESIAN_POINT('',(0.0317505571649759,0.0242409524142838,0.009));
#15750=CARTESIAN_POINT('',(0.0317505571649759,0.0276590438788488,0.009));
#15751=CARTESIAN_POINT('',(0.0317505571649759,0.0310771353434137,0.009));
#15752=CARTESIAN_POINT('',(0.000354871968924961,0.0310771353434137,0.009));
#15753=CARTESIAN_POINT('',(-0.031042097480467,0.0310771353434137,0.009));
#15754=CARTESIAN_POINT('',(-0.031042097480467,0.0276590438788488,0.009));
#15755=CARTESIAN_POINT('',(-0.031042097480467,0.0242409524142838,0.009));
#15756=CARTESIAN_POINT('',(-0.035492097480467,0.0242409524142838,0.009));
#15757=CARTESIAN_POINT('',(-0.0290005548114506,0.024240491260866,0.009));
#15758=CARTESIAN_POINT('',(-0.0289700484661907,0.0209384510587154,0.009));
#15759=CARTESIAN_POINT('',(-0.0272807951194814,0.0237749132586343,0.009));
#15760=CARTESIAN_POINT('',(-0.0290799299994243,0.0207077492009307,0.009));
#15761=CARTESIAN_POINT('',(-0.0260306263544731,0.0225364526171414,0.009));
#15762=CARTESIAN_POINT('',(-0.0260306263544731,0.0225364526171414,0.009));
#15763=CARTESIAN_POINT('',(-0.0255647169611034,0.0217637716067382,0.009));
#15764=CARTESIAN_POINT('',(-0.0255647169611034,0.0208281181747859,0.009));
#15765=CARTESIAN_POINT('',(-0.0255647169611034,0.0208281181747859,0.009));
#15766=CARTESIAN_POINT('',(-0.0255647169611034,0.0201417166816735,0.009));
#15767=CARTESIAN_POINT('',(-0.0255647169611034,0.0194553151885609,0.009));
#15768=CARTESIAN_POINT('',(-0.0271963584992005,0.0194553151885609,0.009));
#15769=CARTESIAN_POINT('',(-0.0288280000372975,0.0194553151885609,0.009));
#15770=CARTESIAN_POINT('',(-0.0288280000372975,0.0200688584226279,0.009));
#15771=CARTESIAN_POINT('',(-0.0288279454245042,0.0206824014155853,0.009));
#15772=CARTESIAN_POINT('',(-0.0290960026351972,0.0206835848596686,0.009));
#15773=CARTESIAN_POINT('',(-0.02892595294471,0.0208912007183209,0.009));
#15774=CARTESIAN_POINT('',(-0.0291466075345528,0.0206538566954228,0.009));
#15775=CARTESIAN_POINT('',(-0.0291462755214918,0.0209777361385039,0.009));
#15776=CARTESIAN_POINT('',(-0.0344227474029463,0.0209776693380898,0.009));
#15777=CARTESIAN_POINT('',(-0.0396992208490096,0.0209775788873076,0.009));
#15778=CARTESIAN_POINT('',(-0.0397043467199703,0.0206936753955237,0.009));
#15779=CARTESIAN_POINT('',(-0.039908115838232,0.0208912968682901,0.009));
#15780=CARTESIAN_POINT('',(-0.0397104929547515,0.0206875291607425,0.009));
#15781=CARTESIAN_POINT('',(-0.0399943964465354,0.0206824032897818,0.009));
#15782=CARTESIAN_POINT('',(-0.0399944868973176,0.0154059298437185,0.009));
#15783=CARTESIAN_POINT('',(-0.0399943964465354,0.0101294563976552,0.009));
#15784=CARTESIAN_POINT('',(-0.039710492954755,0.0101243305266931,0.009));
#15785=CARTESIAN_POINT('',(-0.03990811442752,0.00992056140843519,0.009));
#15786=CARTESIAN_POINT('',(-0.0397043467199704,0.010118184291913,0.009));
#15787=CARTESIAN_POINT('',(-0.0396992208490096,0.00983428080012934,0.009));
#15788=CARTESIAN_POINT('',(-0.0344227474029463,0.00983419034934719,0.009));
#15789=CARTESIAN_POINT('',(-0.0291462755214918,0.00983412354893315,0.009));
#15790=CARTESIAN_POINT('',(-0.0291466075345483,0.0101580029919991,0.009));
#15791=CARTESIAN_POINT('',(-0.0289259437014536,0.00992066646715148,0.009));
#15792=CARTESIAN_POINT('',(-0.0290960026351971,0.0101282748277683,0.009));
#15793=CARTESIAN_POINT('',(-0.0288279454245042,0.0101294582718516,0.009));
#15794=CARTESIAN_POINT('',(-0.0288280000372975,0.0117246704393163,0.009));
#15795=CARTESIAN_POINT('',(-0.0288280000372975,0.0133198828478906,0.009));
#15796=CARTESIAN_POINT('',(-0.0308277675158347,0.0133198828478906,0.009));
#15797=CARTESIAN_POINT('',(-0.032827534994372,0.0133198828478905,0.009));
#15798=CARTESIAN_POINT('',(-0.032827534994372,0.0149515243859876,0.009));
#15799=CARTESIAN_POINT('',(-0.032827534994372,0.0165831659240846,0.009));
#15800=CARTESIAN_POINT('',(-0.0291961259777378,0.0165831659240846,0.009));
#15801=CARTESIAN_POINT('',(-0.0255647169611034,0.0165831659240846,0.009));
#15802=CARTESIAN_POINT('',(-0.0255647169611034,0.0132834537183678,0.009));
#15803=CARTESIAN_POINT('',(-0.0255647169611034,0.00998374151265104,0.009));
#15804=CARTESIAN_POINT('',(-0.0255647169611034,0.00998374151265104,0.009));
#15805=CARTESIAN_POINT('',(-0.0255647169611034,0.00904808808069881,0.009));
#15806=CARTESIAN_POINT('',(-0.0260306263544731,0.00827540707029563,0.009));
#15807=CARTESIAN_POINT('',(-0.0260306263544731,0.00827540707029563,0.009));
#15808=CARTESIAN_POINT('',(-0.0290799299994239,0.0101041104865058,0.009));
#15809=CARTESIAN_POINT('',(-0.0272807955457277,0.00703694617247509,0.009));
#15810=CARTESIAN_POINT('',(-0.0289700484661907,0.0098734086287217,0.009));
#15811=CARTESIAN_POINT('',(-0.0290005548114506,0.00657136842657099,0.009));
#15812=CARTESIAN_POINT('',(-0.0379442212785995,0.00657090727315314,0.009));
#15813=CARTESIAN_POINT('',(-0.0309665146944627,0.00657090727315314,0.009));
#15814=CARTESIAN_POINT('',(-0.0309665146944627,-0.000672840547632966,0.009));
#15815=CARTESIAN_POINT('',(-0.0309665146944627,-0.00791658836841906,0.009));
#15816=CARTESIAN_POINT('',(-0.0352617650179559,-0.0122118386919122,0.009));
#15817=CARTESIAN_POINT('',(-0.039557015341449,-0.0165070890154053,0.009));
#15818=CARTESIAN_POINT('',(-0.03528504063905,-0.0165070890154053,0.009));
#15819=CARTESIAN_POINT('',(-0.0025,-0.0165070890154053,0.009));
#15820=CARTESIAN_POINT('',(0.,-0.0165070890154053,0.009));
#15821=CARTESIAN_POINT('',(0.0025,-0.0165070890154053,0.009));
#15822=CARTESIAN_POINT('',(0.035639912607975,-0.0165070890154053,0.009));
#15823=CARTESIAN_POINT('',(0.00451232276642661,0.00657090727315316,0.009));
#15824=CARTESIAN_POINT('',(0.00614396430452364,0.00657090727315316,0.009));
#15825=CARTESIAN_POINT('',(0.00288068122832958,0.00657090727315316,0.009));
#15826=CARTESIAN_POINT('',(0.00288068122832957,0.0137742883056215,0.009));
#15827=CARTESIAN_POINT('',(0.00288068122832957,0.0209776693380898,0.009));
#15828=CARTESIAN_POINT('',(-0.000727719917027192,0.0209776693380898,0.009));
#15829=CARTESIAN_POINT('',(-0.00433612106238396,0.0209776693380898,0.009));
#15830=CARTESIAN_POINT('',(-0.00433612106238396,0.0226093108761868,0.009));
#15831=CARTESIAN_POINT('',(-0.00433612106238397,0.0242409524142838,0.009));
#15832=CARTESIAN_POINT('',(0.00449890150818138,0.0242409524142838,0.009));
#15833=CARTESIAN_POINT('',(0.0133339240787467,0.0242409524142838,0.009));
#15834=CARTESIAN_POINT('',(0.0133339240787467,0.0226093108761868,0.009));
#15835=CARTESIAN_POINT('',(0.0133339240787467,0.0209776693380898,0.009));
#15836=CARTESIAN_POINT('',(0.00973894419163518,0.0209776693380898,0.009));
#15837=CARTESIAN_POINT('',(0.00614396430452363,0.0209776693380898,0.009));
#15838=CARTESIAN_POINT('',(0.00614396430452363,0.0137742883056215,0.009));
#15839=CARTESIAN_POINT('',(0.0202688799463107,0.0122155050265699,0.009));
#15840=CARTESIAN_POINT('',(0.0252865132074152,0.0122155050265699,0.009));
#15841=CARTESIAN_POINT('',(0.0152512466852063,0.0122155050265699,0.009));
#15842=CARTESIAN_POINT('',(0.0152512466852062,0.013822221370783,0.009));
#15843=CARTESIAN_POINT('',(0.0152512466852063,0.0154289377149961,0.009));
#15844=CARTESIAN_POINT('',(0.0202688799463107,0.0154289377149961,0.009));
#15845=CARTESIAN_POINT('',(0.0252865132074152,0.0154289377149961,0.009));
#15846=CARTESIAN_POINT('',(0.0252865132074152,0.013822221370783,0.009));
#15847=CARTESIAN_POINT('',(-0.0212449891287502,0.00657090727315315,0.009));
#15848=CARTESIAN_POINT('',(-0.0196248515262919,0.00657090727315315,0.009));
#15849=CARTESIAN_POINT('',(-0.0228651267312085,0.00657090727315315,0.009));
#15850=CARTESIAN_POINT('',(-0.0228651267312085,0.0153944259080798,0.009));
#15851=CARTESIAN_POINT('',(-0.0228651267312085,0.0242179445430063,0.009));
#15852=CARTESIAN_POINT('',(-0.0157480252160308,0.0242179445430063,0.009));
#15853=CARTESIAN_POINT('',(-0.00863091956526386,0.0242174919364429,0.009));
#15854=CARTESIAN_POINT('',(-0.00860084257326887,0.0209258102021951,0.009));
#15855=CARTESIAN_POINT('',(-0.00691117080829616,0.0237499697610588,0.009));
#15856=CARTESIAN_POINT('',(-0.00872363524612196,0.0206720829044387,0.009));
#15857=CARTESIAN_POINT('',(-0.00566099098344747,0.0225096101006509,0.009));
#15858=CARTESIAN_POINT('',(-0.00566099098344747,0.0225096101006509,0.009));
#15859=CARTESIAN_POINT('',(-0.00519508159007781,0.0217369290902477,0.009));
#15860=CARTESIAN_POINT('',(-0.00519508159007781,0.0208051103035084,0.009));
#15861=CARTESIAN_POINT('',(-0.00519508159007781,0.0208051103035084,0.009));
#15862=CARTESIAN_POINT('',(-0.00519508159007781,0.0184237956262857,0.009));
#15863=CARTESIAN_POINT('',(-0.00519549736435385,0.0160424773759053,0.009));
#15864=CARTESIAN_POINT('',(-0.0084904584371771,0.0160141605311671,0.009));
#15865=CARTESIAN_POINT('',(-0.00566113795259856,0.0143265621235174,0.009));
#15866=CARTESIAN_POINT('',(-0.00862179090837895,0.0160639044302649,0.009));
#15867=CARTESIAN_POINT('',(-0.00691108532285906,0.013087886812509,0.009));
#15868=CARTESIAN_POINT('',(-0.00691108532285906,0.013087886812509,0.009));
#15869=CARTESIAN_POINT('',(-0.00769527026890099,0.0126334813547781,0.009));
#15870=CARTESIAN_POINT('',(-0.00863092370085322,0.0126334813547781,0.009));
#15871=CARTESIAN_POINT('',(-0.00863092370085322,0.0126334813547781,0.009));
#15872=CARTESIAN_POINT('',(-0.0141278876135726,0.0126200600965328,0.009));
#15873=CARTESIAN_POINT('',(-0.0196248515262919,0.0126066388382876,0.009));
#15874=CARTESIAN_POINT('',(-0.0196248515262919,0.00958877305572039,0.009));
#15875=CARTESIAN_POINT('',(0.00209302740814066,-0.00255713862742498,0.009));
#15876=CARTESIAN_POINT('',(0.00214666956172866,-0.00224701161685932,0.009));
#15877=CARTESIAN_POINT('',(0.00230278193739091,-0.00144374525606647,0.009));
#15878=CARTESIAN_POINT('',(0.00282792154146398,-0.000185663398615804,0.009));
#15879=CARTESIAN_POINT('',(0.00395848051187862,0.000793036933543151,0.009));
#15880=CARTESIAN_POINT('',(0.00587997971617436,-0.000353178622862846,0.009));
#15881=CARTESIAN_POINT('',(0.00422009256091525,0.00011896409112771,0.009));
#15882=CARTESIAN_POINT('',(0.00399441990742058,-0.000714258968686011,0.009));
#15883=CARTESIAN_POINT('',(0.0037778480135422,-0.000964190564242342,0.009));
#15884=CARTESIAN_POINT('',(0.00209302740814066,-0.00255713862742498,0.009));
#15885=CARTESIAN_POINT('',(0.00377784803848203,-0.000964190553984326,0.009));
#15886=CARTESIAN_POINT('',(0.00377784803848203,-0.000964190553984327,0.009));
#15887=CARTESIAN_POINT('',(0.00415065077141104,-0.000811327623421794,0.009));
#15888=CARTESIAN_POINT('',(0.00506742346313637,-0.000734700655348074,0.009));
#15889=CARTESIAN_POINT('',(0.0064582715828945,-0.000828045036471204,0.009));
#15890=CARTESIAN_POINT('',(0.00846034704241347,-0.00434436658404802,0.009));
#15891=CARTESIAN_POINT('',(0.00566553003819066,-0.00203014406475297,0.009));
#15892=CARTESIAN_POINT('',(0.0043647075759208,-0.00207308070457433,0.009));
#15893=CARTESIAN_POINT('',(0.00224478239082999,-0.00355029704067469,0.009));
#15894=CARTESIAN_POINT('',(0.00201655488084581,-0.00334195165603653,0.009));
#15895=CARTESIAN_POINT('',(0.00201655488084581,-0.00334195165603653,0.009));
#15896=CARTESIAN_POINT('',(0.000167076041558303,-0.0105684274029001,0.009));
#15897=CARTESIAN_POINT('',(0.00013627510521808,-0.00962585746725714,0.009));
#15898=CARTESIAN_POINT('',(0.000105963099145867,-0.00776948759245182,0.009));
#15899=CARTESIAN_POINT('',(6.22678062294606E-5,-0.00541829503347521,0.009));
#15900=CARTESIAN_POINT('',(0.00214812028824755,-0.00357129080828663,0.009));
#15901=CARTESIAN_POINT('',(0.00201655488084581,-0.00334195165603653,0.009));
#15902=CARTESIAN_POINT('',(0.000167076041558303,-0.0105684274029001,0.009));
#15903=CARTESIAN_POINT('',(-0.000788488137801075,-0.0105684274029001,0.009));
#15904=CARTESIAN_POINT('',(-0.00174405231716046,-0.0105684274029001,0.009));
#15905=CARTESIAN_POINT('',(0.00178924263017372,-0.00328342010932955,0.009));
#15906=CARTESIAN_POINT('',(0.00138940353132922,-0.00331086875263182,0.009));
#15907=CARTESIAN_POINT('',(-0.000632525819864267,-0.00410840842338703,0.009));
#15908=CARTESIAN_POINT('',(-0.0016843781824073,-0.0062911943528244,0.009));
#15909=CARTESIAN_POINT('',(-0.00186331941480389,-0.00924144746765052,0.009));
#15910=CARTESIAN_POINT('',(-0.00174405231716045,-0.0105684274029001,0.009));
#15911=CARTESIAN_POINT('',(0.00178924264089986,-0.00328342010996575,0.009));
#15912=CARTESIAN_POINT('',(0.00178924264089986,-0.00328342010996575,0.009));
#15913=CARTESIAN_POINT('',(0.00140594873010181,-0.00303844951201524,0.009));
#15914=CARTESIAN_POINT('',(-0.000245205330870969,-0.00126881371071973,0.009));
#15915=CARTESIAN_POINT('',(-0.0023906921933229,-0.00176907491790767,0.009));
#15916=CARTESIAN_POINT('',(-0.0043877561738829,-0.00509167443892307,0.009));
#15917=CARTESIAN_POINT('',(-0.00355733474677472,-0.000965086642846807,0.009));
#15918=CARTESIAN_POINT('',(-0.00179832681468733,0.000210207521177745,0.009));
#15919=CARTESIAN_POINT('',(-0.000344935568283551,8.71434721989318E-5,0.009));
#15920=CARTESIAN_POINT('',(0.000363157654337558,-0.000109296974453504,0.009));
#15921=CARTESIAN_POINT('',(0.000665250073994173,-0.000365643036959593,0.009));
#15922=CARTESIAN_POINT('',(0.000665250073994173,-0.000365643036959593,0.009));
#15923=CARTESIAN_POINT('',(0.000665250086572309,-0.000365643047644416,0.009));
#15924=CARTESIAN_POINT('',(0.000527226415247555,-0.000154300413166837,0.009));
#15925=CARTESIAN_POINT('',(0.000384289592370009,0.000242348576332131,0.009));
#15926=CARTESIAN_POINT('',(-0.000145843734034903,0.00101243835779749,0.009));
#15927=CARTESIAN_POINT('',(-0.0018420927222116,0.000581678146312076,0.009));
#15928=CARTESIAN_POINT('',(0.000117428943138887,0.0013398748021944,0.009));
#15929=CARTESIAN_POINT('',(0.00115370150530773,0.000638812137770005,0.009));
#15930=CARTESIAN_POINT('',(0.00188861620990144,-0.000536185380303879,0.009));
#15931=CARTESIAN_POINT('',(0.00202703033236973,-0.00184086140838891,0.009));
#15932=CARTESIAN_POINT('',(0.00209302740876542,-0.00255713863314726,0.009));
#15933=CARTESIAN_POINT('',(0.000354871968924961,-0.020050068299002,0.009));
#15934=CARTESIAN_POINT('',(0.0354749743789716,-0.000672840547632945,0.009));
#15935=CARTESIAN_POINT('',(0.0354749743789716,0.00657090727315318,0.009));
#15936=CARTESIAN_POINT('',(0.0354749743789716,-0.00791658836841906,0.009));
#15937=CARTESIAN_POINT('',(0.0397702247024648,-0.0122118386919122,0.009));
#15938=CARTESIAN_POINT('',(0.0440654750259579,-0.0165070890154053,0.009));
#15939=CARTESIAN_POINT('',(0.035639912607975,-0.0165070890154053,0.009));
#15940=CARTESIAN_POINT('',(0.0453654750259579,-0.0165070890154053,0.009));
#15941=CARTESIAN_POINT('',(0.0410702247024647,-0.0122118386919122,0.009));
#15942=CARTESIAN_POINT('',(0.0367749743789716,-0.00791658836841906,0.009));
#15943=CARTESIAN_POINT('',(0.0367749743789716,-0.00067284054763295,0.009));
#15944=CARTESIAN_POINT('',(0.0367749743789716,0.00657090727315318,0.009));
#15945=CARTESIAN_POINT('',(0.0297941097786182,0.00657090727315318,0.009));
#15946=CARTESIAN_POINT('',(0.000354871968924961,-0.020050068299002,0.009));
#15947=CARTESIAN_POINT('',(0.0405749743789716,-0.000672840547632956,0.009));
#15948=CARTESIAN_POINT('',(0.0405749743789716,-0.00791658836841906,0.009));
#15949=CARTESIAN_POINT('',(0.0405749743789716,0.00657090727315319,0.009));
#15950=CARTESIAN_POINT('',(0.0448702247024648,-0.0122118386919122,0.009));
#15951=CARTESIAN_POINT('',(0.0491654750259579,-0.0165070890154053,0.009));
#15952=CARTESIAN_POINT('',(0.035639912607975,-0.0165070890154053,0.009));
#15953=CARTESIAN_POINT('',(0.06877982521595,-0.0165070890154053,0.009));
#15954=CARTESIAN_POINT('',(0.06877982521595,0.00728502316400414,0.009));
#15955=CARTESIAN_POINT('',(0.06877982521595,-0.00292823401041356,0.009));
#15956=CARTESIAN_POINT('',(0.0574172665834736,0.0140744506665001,0.009));
#15957=CARTESIAN_POINT('',(0.0460547079509974,0.0310771353434137,0.009));
#15958=CARTESIAN_POINT('',(0.000354871968924961,0.0310771353434137,0.009));
#15959=CARTESIAN_POINT('',(0.0406505571649759,0.0310771353434137,0.009));
#15960=CARTESIAN_POINT('',(0.0406505571649759,0.0276590438788488,0.009));
#15961=CARTESIAN_POINT('',(0.0406505571649759,0.0242409524142838,0.009));
#15962=CARTESIAN_POINT('',(0.0362005571649759,0.0242409524142838,0.009));
#15963=CARTESIAN_POINT('',(0.0441836448166799,0.0242409524142839,0.009));
#15964=CARTESIAN_POINT('',(0.0441836448166799,0.0226093108761868,0.009));
#15965=CARTESIAN_POINT('',(0.0441836448166799,0.0209776693380898,0.009));
#15966=CARTESIAN_POINT('',(0.0376800865355694,0.0209776693380898,0.009));
#15967=CARTESIAN_POINT('',(0.0311765282544588,0.0209776693380898,0.009));
#15968=CARTESIAN_POINT('',(0.0311765282544588,0.0190143309890753,0.009));
#15969=CARTESIAN_POINT('',(0.0311765282544588,0.0170509926400607,0.009));
#15970=CARTESIAN_POINT('',(0.0364050670022738,0.0170509926400607,0.009));
#15971=CARTESIAN_POINT('',(0.0416336057500888,0.0170509926400607,0.009));
#15972=CARTESIAN_POINT('',(0.0416336057500888,0.0154059298437186,0.009));
#15973=CARTESIAN_POINT('',(0.0416336057500888,0.0137608670473763,0.009));
#15974=CARTESIAN_POINT('',(0.0364050670022738,0.0137608670473763,0.009));
#15975=CARTESIAN_POINT('',(0.0311765282544588,0.0137608670473763,0.009));
#15976=CARTESIAN_POINT('',(0.0311765282544588,0.0117975286983618,0.009));
#15977=CARTESIAN_POINT('',(0.0311765282544588,0.00983419034934723,0.009));
#15978=CARTESIAN_POINT('',(0.0376800865355694,0.00983419034934724,0.009));
#15979=CARTESIAN_POINT('',(0.04418364481668,0.00983419034934724,0.009));
#15980=CARTESIAN_POINT('',(0.04418364481668,0.00820254881125022,0.009));
#15981=CARTESIAN_POINT('',(0.04418364481668,0.00657090727315319,0.009));
#15982=CARTESIAN_POINT('',(0.0297941097786182,0.00657090727315318,0.009));
#15983=CARTESIAN_POINT('',(0.000354871968924961,-0.020050068299002,0.009));
#15984=CARTESIAN_POINT('',(0.0362005571649759,0.0242409524142838,0.009));
#15985=CARTESIAN_POINT('',(0.0355505571649759,0.0242409524142838,0.009));
#15986=CARTESIAN_POINT('',(0.0368505571649759,0.0242409524142838,0.009));
#15987=CARTESIAN_POINT('',(0.0368505571649759,0.0276590438788488,0.009));
#15988=CARTESIAN_POINT('',(0.0368505571649759,0.0310771353434137,0.009));
#15989=CARTESIAN_POINT('',(0.000354871968924961,0.0310771353434137,0.009));
#15990=CARTESIAN_POINT('',(0.0355505571649759,0.0310771353434137,0.009));
#15991=CARTESIAN_POINT('',(0.0355505571649759,0.0276590438788488,0.009));
#15992=CARTESIAN_POINT('',(0.000354871968924961,-0.020050068299002,0.009));
#15993=CARTESIAN_POINT('',(-0.0379442212785995,0.00657090727315314,0.009));
#15994=CARTESIAN_POINT('',(-0.0347665146944627,0.00657090727315314,0.009));
#15995=CARTESIAN_POINT('',(-0.0360665146944627,0.00657090727315312,0.009));
#15996=CARTESIAN_POINT('',(-0.0360665146944627,-0.000672840547632982,0.009));
#15997=CARTESIAN_POINT('',(-0.0360665146944627,-0.00791658836841908,0.009));
#15998=CARTESIAN_POINT('',(-0.0403617650179559,-0.0122118386919122,0.009));
#15999=CARTESIAN_POINT('',(-0.044657015341449,-0.0165070890154053,0.009));
#16000=CARTESIAN_POINT('',(-0.03528504063905,-0.0165070890154053,0.009));
#16001=CARTESIAN_POINT('',(-0.043357015341449,-0.0165070890154053,0.009));
#16002=CARTESIAN_POINT('',(-0.0390617650179559,-0.0122118386919122,0.009));
#16003=CARTESIAN_POINT('',(-0.0347665146944627,-0.00791658836841908,0.009));
#16004=CARTESIAN_POINT('',(-0.0347665146944627,-0.000672840547632966,0.009));
#16005=CARTESIAN_POINT('',(0.000354871968924961,-0.020050068299002,0.009));
#16006=CARTESIAN_POINT('',(-0.0441617650179559,-0.0122118386919122,0.009));
#16007=CARTESIAN_POINT('',(-0.0398665146944627,-0.00791658836841908,0.009));
#16008=CARTESIAN_POINT('',(-0.048457015341449,-0.0165070890154053,0.009));
#16009=CARTESIAN_POINT('',(-0.0398665146944627,-0.000672840547632983,0.009));
#16010=CARTESIAN_POINT('',(-0.0398665146944749,0.00657104116117503,0.009));
#16011=CARTESIAN_POINT('',(-0.0398219278627362,0.00657090727315313,0.009));
#16012=CARTESIAN_POINT('',(-0.0407537466494756,0.00657090727315313,0.009));
#16013=CARTESIAN_POINT('',(-0.0415264276598787,0.00703681666652279,0.009));
#16014=CARTESIAN_POINT('',(-0.0415264276598787,0.00703681666652279,0.009));
#16015=CARTESIAN_POINT('',(-0.0396769081768104,0.0101295858619495,0.009));
#16016=CARTESIAN_POINT('',(-0.0427669353862581,0.00827540707029562,0.009));
#16017=CARTESIAN_POINT('',(-0.0427669353862581,0.00827540707029562,0.009));
#16018=CARTESIAN_POINT('',(-0.0432347621022341,0.0090480880806988,0.009));
#16019=CARTESIAN_POINT('',(-0.0432347621022341,0.00998374151265103,0.009));
#16020=CARTESIAN_POINT('',(-0.0432347621022341,0.00998374151265103,0.009));
#16021=CARTESIAN_POINT('',(-0.0432347621022341,0.0154059298437185,0.009));
#16022=CARTESIAN_POINT('',(-0.0432347621022341,0.0208281181747859,0.009));
#16023=CARTESIAN_POINT('',(-0.0432347621022341,0.0208281181747859,0.009));
#16024=CARTESIAN_POINT('',(-0.0432347621022341,0.0217637716067382,0.009));
#16025=CARTESIAN_POINT('',(-0.0427669353862581,0.0225364526171414,0.009));
#16026=CARTESIAN_POINT('',(-0.0427669353862581,0.0225364526171414,0.009));
#16027=CARTESIAN_POINT('',(-0.0396769081768101,0.0206822738254871,0.009));
#16028=CARTESIAN_POINT('',(-0.0415264276598787,0.0237750430209141,0.009));
#16029=CARTESIAN_POINT('',(-0.0415264276598787,0.0237750430209141,0.009));
#16030=CARTESIAN_POINT('',(-0.0407537466494756,0.0242409524142838,0.009));
#16031=CARTESIAN_POINT('',(-0.0398219278627362,0.0242409524142838,0.009));
#16032=CARTESIAN_POINT('',(-0.0399420810283317,0.0242399573529745,0.009));
#16033=CARTESIAN_POINT('',(-0.039942097480467,0.0276590438788488,0.009));
#16034=CARTESIAN_POINT('',(-0.039942097480467,0.0310771353434137,0.009));
#16035=CARTESIAN_POINT('',(0.000354871968924961,0.0310771353434137,0.009));
#16036=CARTESIAN_POINT('',(-0.0453462482664884,0.0310771353434137,0.009));
#16037=CARTESIAN_POINT('',(-0.0567081647722943,0.0140754115308313,0.009));
#16038=CARTESIAN_POINT('',(-0.03528504063905,-0.0165070890154053,0.009));
#16039=CARTESIAN_POINT('',(0.000354871968924961,-0.020050068299002,0.009));
#16040=CARTESIAN_POINT('',(-0.035492097480467,0.0242409524142838,0.009));
#16041=CARTESIAN_POINT('',(-0.036142097480467,0.0242409524142838,0.009));
#16042=CARTESIAN_POINT('',(-0.034842097480467,0.0242409524142838,0.009));
#16043=CARTESIAN_POINT('',(-0.034842097480467,0.0276590438788488,0.009));
#16044=CARTESIAN_POINT('',(-0.034842097480467,0.0310771353434137,0.009));
#16045=CARTESIAN_POINT('',(0.000354871968924961,0.0310771353434137,0.009));
#16046=CARTESIAN_POINT('',(-0.036142097480467,0.0310771353434137,0.009));
#16047=CARTESIAN_POINT('',(-0.036142097480467,0.0276590438788488,0.009));
#16048=CARTESIAN_POINT('',(0.,-0.0165070890154053,0.009));
#16049=CARTESIAN_POINT('',(0.,-0.0165070890154053,0.0053763812531755));
#16050=CARTESIAN_POINT('',(-0.0016209703161065,-0.0146038141444785,0.00435030987508806));
#16051=CARTESIAN_POINT('',(0.0016209703161065,-0.0146038141444785,0.00435030987508806));
#16052=CARTESIAN_POINT('',(0.,-0.0165070890154053,0.009));
#16053=CARTESIAN_POINT('',(0.,-0.0165070890154053,0.009));
#16054=CARTESIAN_POINT('',(0.06877982521595,0.00728502316400414,0.009));
#16055=CARTESIAN_POINT('',(0.06877982521595,0.00728502316400414,0.004));
#16056=CARTESIAN_POINT('',(0.06877982521595,0.0196728906139759,0.004));
#16057=CARTESIAN_POINT('',(0.06877982521595,0.0310434998265124,0.004));
#16058=CARTESIAN_POINT('',(0.06877982521595,0.0196728906139759,0.004));
#16059=CARTESIAN_POINT('',(0.06877982521595,0.00819171497700133,0.004));
#16060=CARTESIAN_POINT('',(0.06877982521595,0.00819171497700133,0.004));
#16061=CARTESIAN_POINT('',(0.06877982521595,0.00728502316400414,0.004));
#16062=CARTESIAN_POINT('',(0.06877982521595,0.00368985767745107,0.004));
#16063=CARTESIAN_POINT('',(0.06877982521595,0.00368985767745107,0.014));
#16064=CARTESIAN_POINT('',(0.06877982521595,0.00368985767745107,0.014));
#16065=CARTESIAN_POINT('',(0.06877982521595,0.00728502316400414,0.014));
#16066=CARTESIAN_POINT('',(0.06877982521595,-0.00292823401041356,0.014));
#16067=CARTESIAN_POINT('',(0.06877982521595,-0.00292823401041356,0.014));
#16068=CARTESIAN_POINT('',(0.06877982521595,-0.0155554515799419,0.00667515493754403));
#16069=CARTESIAN_POINT('',(0.06877982521595,-0.0146038141444785,0.00435030987508806));
#16070=CARTESIAN_POINT('',(0.06877982521595,-0.0105690873005072,0.00217515493754402));
#16071=CARTESIAN_POINT('',(0.06877982521595,0.0125447095048472,-0.006029));
#16072=CARTESIAN_POINT('',(0.06877982521595,0.0125447095048472,-0.006029));
#16073=CARTESIAN_POINT('',(0.06877982521595,0.00728502316400414,-0.006029));
#16074=CARTESIAN_POINT('',(0.06877982521595,0.0310771353434136,-0.006029));
#16075=CARTESIAN_POINT('',(0.06877982521595,0.0310771353434136,0.009));
#16076=CARTESIAN_POINT('',(0.06877982521595,0.0310434998265124,0.004));
#16077=CARTESIAN_POINT('',(0.06877982521595,0.0197771353434136,0.000971));
#16078=CARTESIAN_POINT('',(0.06877982521595,0.0197771353434136,-0.001529));
#16079=CARTESIAN_POINT('',(0.000354871968924961,0.0310771353434137,0.009));
#16080=CARTESIAN_POINT('',(0.000354871968924961,0.0310771353434137,0.004));
#16081=CARTESIAN_POINT('',(0.0600420961684475,0.0310771353434137,0.004));
#16082=CARTESIAN_POINT('',(0.0512790360299125,0.0310771353434137,0.004));
#16083=CARTESIAN_POINT('',(0.0600420961684475,0.0310771353434137,0.004));
#16084=CARTESIAN_POINT('',(0.000354871968924961,0.0310771353434137,-0.006029));
#16085=CARTESIAN_POINT('',(-0.0593336364840598,0.0310771353434137,0.004));
#16086=CARTESIAN_POINT('',(-0.0593336364840598,0.0310771353434137,0.004));
#16087=CARTESIAN_POINT('',(0.000354871968924961,0.0310771353434137,0.004));
#16088=CARTESIAN_POINT('',(-0.0505705763454044,0.0310771353434137,0.004));
#16089=CARTESIAN_POINT('',(-0.0505705763454044,0.0310771353434137,0.014));
#16090=CARTESIAN_POINT('',(-0.0505705763454044,0.0310771353434137,0.014));
#16091=CARTESIAN_POINT('',(0.000354871968924961,0.0310771353434137,0.014));
#16092=CARTESIAN_POINT('',(-0.0453462482664884,0.0310771353434137,0.014));
#16093=CARTESIAN_POINT('',(-0.0453462482664884,0.0310771353434137,0.014));
#16094=CARTESIAN_POINT('',(-0.039942097480467,0.0310771353434137,0.0115));
#16095=CARTESIAN_POINT('',(-0.039942097480467,0.0310771353434137,0.0115));
#16096=CARTESIAN_POINT('',(0.000354871968924961,0.0310771353434137,0.0115));
#16097=CARTESIAN_POINT('',(-0.036142097480467,0.0310771353434137,0.0115));
#16098=CARTESIAN_POINT('',(-0.036142097480467,0.0310771353434137,0.0115));
#16099=CARTESIAN_POINT('',(-0.034842097480467,0.0310771353434137,0.0115));
#16100=CARTESIAN_POINT('',(-0.034842097480467,0.0310771353434137,0.0115));
#16101=CARTESIAN_POINT('',(0.000354871968924961,0.0310771353434137,0.0115));
#16102=CARTESIAN_POINT('',(-0.031042097480467,0.0310771353434137,0.0115));
#16103=CARTESIAN_POINT('',(-0.031042097480467,0.0310771353434137,0.0115));
#16104=CARTESIAN_POINT('',(0.0317505571649759,0.0310771353434137,0.0115));
#16105=CARTESIAN_POINT('',(0.0317505571649759,0.0310771353434137,0.0115));
#16106=CARTESIAN_POINT('',(0.000354871968924961,0.0310771353434137,0.0115));
#16107=CARTESIAN_POINT('',(0.0355505571649759,0.0310771353434137,0.0115));
#16108=CARTESIAN_POINT('',(0.0355505571649759,0.0310771353434137,0.0115));
#16109=CARTESIAN_POINT('',(0.0368505571649759,0.0310771353434137,0.0115));
#16110=CARTESIAN_POINT('',(0.0368505571649759,0.0310771353434137,0.0115));
#16111=CARTESIAN_POINT('',(0.000354871968924961,0.0310771353434137,0.0115));
#16112=CARTESIAN_POINT('',(0.0406505571649759,0.0310771353434137,0.0115));
#16113=CARTESIAN_POINT('',(0.0406505571649759,0.0310771353434137,0.0115));
#16114=CARTESIAN_POINT('',(0.0460547079509974,0.0310771353434137,0.014));
#16115=CARTESIAN_POINT('',(0.0460547079509974,0.0310771353434137,0.014));
#16116=CARTESIAN_POINT('',(0.000354871968924961,0.0310771353434137,0.014));
#16117=CARTESIAN_POINT('',(0.0504774480221919,0.0310771353434137,0.014));
#16118=CARTESIAN_POINT('',(0.0504774480221919,0.0310771353434137,0.014));
#16119=CARTESIAN_POINT('',(0.0512790360299125,0.0310771353434137,0.004));
#16120=CARTESIAN_POINT('',(0.000354871968924961,0.0125447095048472,-0.006029));
#16121=CARTESIAN_POINT('',(0.000354871968924961,0.0125447095048472,-0.006029));
#16122=CARTESIAN_POINT('',(0.000354871968924961,0.0125447095048472,0.));
#16123=CARTESIAN_POINT('',(0.000354871968924961,0.00728502316400419,-0.006029));
#16124=CARTESIAN_POINT('',(-0.0680720812781001,0.0197771353434136,0.000971));
#16125=CARTESIAN_POINT('',(-0.0563259387779968,0.0212654578520327,0.014));
#16126=CARTESIAN_POINT('',(-0.0664773439223832,0.00607511681350346,0.004));
#16127=CARTESIAN_POINT('',(-0.0664773439223832,0.00607511681350346,0.004));
#16128=CARTESIAN_POINT('',(-0.0672737126002416,0.00488344810981055,0.004));
#16129=CARTESIAN_POINT('',(-0.0563259387779968,0.0212654578520327,0.014));
#16130=CARTESIAN_POINT('',(-0.0501458638342552,0.0305131870780719,0.014));
#16131=CARTESIAN_POINT('',(-0.0501458638342552,0.0305131870780719,0.014));
#16132=CARTESIAN_POINT('',(-0.0501458638342552,0.0305131870780719,0.004));
#16133=CARTESIAN_POINT('',(-0.0522058888155571,0.0274306106693102,0.004));
#16134=CARTESIAN_POINT('',(-0.0542659137968591,0.0243480342605486,0.004));
#16135=CARTESIAN_POINT('',(-0.0542659137968591,0.0243480342605486,0.004));
#16136=CARTESIAN_POINT('',(-0.0583859637591346,0.0181828814435168,0.004));
#16137=CARTESIAN_POINT('',(-0.0583859637591346,0.0181828814435168,0.004));
#16138=CARTESIAN_POINT('',(-0.0603990214356576,0.0151705858842637,0.004));
#16139=CARTESIAN_POINT('',(-0.0624120791120542,0.0121582903248425,0.004));
#16140=CARTESIAN_POINT('',(-0.0624120791120542,0.0121582903248425,0.004));
#16141=CARTESIAN_POINT('',(-0.0567081647722943,0.0140754115308313,0.014));
#16142=CARTESIAN_POINT('',(-0.0567081647722943,0.0140754115308313,0.014));
#16143=CARTESIAN_POINT('',(-0.0503582200898298,0.0307951612107428,0.014));
#16144=CARTESIAN_POINT('',(-0.0503582200898298,0.0307951612107428,0.004));
#16145=CARTESIAN_POINT('',(-0.0503582200898298,0.0307951612107428,0.014));
#16146=CARTESIAN_POINT('',(0.000354229842254777,0.00728502316400418,0.014));
#16147=CARTESIAN_POINT('',(0.0574172665834736,0.0140744506665001,0.014));
#16148=CARTESIAN_POINT('',(0.0574172665834736,0.0140744506665001,0.014));
#16149=CARTESIAN_POINT('',(0.0679828144115173,0.00488248724533115,0.014));
#16150=CARTESIAN_POINT('',(0.0679828144115173,0.00488248724533115,0.014));
#16151=CARTESIAN_POINT('',(0.0679828144115173,0.00488248724533115,0.004));
#16152=CARTESIAN_POINT('',(0.0671858036070847,0.00607511681321117,0.004));
#16153=CARTESIAN_POINT('',(0.0671858036070847,0.00607511681321117,0.004));
#16154=CARTESIAN_POINT('',(0.0631205387968599,0.0121582903247517,0.004));
#16155=CARTESIAN_POINT('',(0.0631205387968599,0.0121582903247517,0.004));
#16156=CARTESIAN_POINT('',(0.0611074811203586,0.0151705858839724,0.004));
#16157=CARTESIAN_POINT('',(0.0590944234438573,0.018182881443193,0.004));
#16158=CARTESIAN_POINT('',(0.0590944234438573,0.018182881443193,0.004));
#16159=CARTESIAN_POINT('',(0.0549743734813101,0.0243480342606315,0.004));
#16160=CARTESIAN_POINT('',(0.0549743734813101,0.0243480342606315,0.004));
#16161=CARTESIAN_POINT('',(0.0529143485000363,0.0274306106693511,0.004));
#16162=CARTESIAN_POINT('',(0.0508543235187624,0.0305131870780707,0.004));
#16163=CARTESIAN_POINT('',(0.0508543235187624,0.0305131870780707,0.004));
#16164=CARTESIAN_POINT('',(0.000354229842254777,0.00728502316400418,0.014));
#16165=CARTESIAN_POINT('',(-0.0680720812781001,-0.0155554515799419,0.00667515493754403));
#16166=CARTESIAN_POINT('',(-0.0680720812781001,-0.0146038141444785,0.00435030987508806));
#16167=CARTESIAN_POINT('',(0.035639912607975,-0.0165070890154053,0.009));
#16168=CARTESIAN_POINT('',(0.035639912607975,-0.0165070890154053,0.009));
#16169=CARTESIAN_POINT('',(-0.0680720812781001,-0.0155554515799419,0.00667515493754403));
#16170=CARTESIAN_POINT('',(-0.03528504063905,-0.0165070890154053,0.009));
#16171=CARTESIAN_POINT('',(-0.03528504063905,-0.0165070890154053,0.009));
#16172=CARTESIAN_POINT('',(-0.0680720812781001,-0.0146038141444785,0.00435030987508806));
#16173=CARTESIAN_POINT('',(-0.0680720812781001,-0.0105690873005072,0.00217515493754402));
#16174=CARTESIAN_POINT('',(0.0362005571649759,0.0242409524142838,0.004));
#16175=CARTESIAN_POINT('',(0.0279132451782647,0.0242409524142838,0.004));
#16176=CARTESIAN_POINT('',(0.0279132451782647,0.0242409524142838,0.004));
#16177=CARTESIAN_POINT('',(0.0362005571649759,0.0242409524142838,0.004));
#16178=CARTESIAN_POINT('',(0.0441836448166799,0.0242409524142839,0.004));
#16179=CARTESIAN_POINT('',(0.0441836448166799,0.0242409524142839,0.004));
#16180=CARTESIAN_POINT('',(0.0406505571649759,0.0242409524142838,0.0115));
#16181=CARTESIAN_POINT('',(0.0406505571649759,0.0242409524142838,0.0115));
#16182=CARTESIAN_POINT('',(0.0387505571649759,0.0242409524142838,0.0115));
#16183=CARTESIAN_POINT('',(0.0368505571649759,0.0242409524142838,0.0115));
#16184=CARTESIAN_POINT('',(0.0368505571649759,0.0242409524142838,0.0115));
#16185=CARTESIAN_POINT('',(0.0355505571649759,0.0242409524142838,0.0115));
#16186=CARTESIAN_POINT('',(0.0355505571649759,0.0242409524142838,0.0115));
#16187=CARTESIAN_POINT('',(0.0336505571649759,0.0242409524142838,0.0115));
#16188=CARTESIAN_POINT('',(0.0317505571649759,0.0242409524142838,0.0115));
#16189=CARTESIAN_POINT('',(0.0317505571649759,0.0242409524142838,0.0115));
#16190=CARTESIAN_POINT('',(0.0279132451782647,0.0154059298437185,0.004));
#16191=CARTESIAN_POINT('',(0.0279132451782647,0.00657090727315318,0.004));
#16192=CARTESIAN_POINT('',(0.0279132451782647,0.00657090727315318,0.004));
#16193=CARTESIAN_POINT('',(0.0279132451782647,0.0154059298437185,0.004));
#16194=CARTESIAN_POINT('',(0.0297941097786182,0.00657090727315318,0.004));
#16195=CARTESIAN_POINT('',(0.04418364481668,0.00657090727315319,0.004));
#16196=CARTESIAN_POINT('',(0.04418364481668,0.00657090727315319,0.004));
#16197=CARTESIAN_POINT('',(0.0297941097786182,0.00657090727315318,0.004));
#16198=CARTESIAN_POINT('',(0.0316749743789716,0.00657090727315316,0.0115));
#16199=CARTESIAN_POINT('',(0.0316749743789716,0.00657090727315316,0.0115));
#16200=CARTESIAN_POINT('',(0.0335749743789716,0.00657090727315318,0.0115));
#16201=CARTESIAN_POINT('',(0.0354749743789716,0.00657090727315318,0.0115));
#16202=CARTESIAN_POINT('',(0.0354749743789716,0.00657090727315318,0.0115));
#16203=CARTESIAN_POINT('',(0.0367749743789716,0.00657090727315316,0.0115));
#16204=CARTESIAN_POINT('',(0.0367749743789716,0.00657090727315316,0.0115));
#16205=CARTESIAN_POINT('',(0.0386749743789716,0.00657090727315318,0.0115));
#16206=CARTESIAN_POINT('',(0.0405749743789716,0.00657090727315315,0.0115));
#16207=CARTESIAN_POINT('',(0.0405749743789716,0.00657090727315315,0.0115));
#16208=CARTESIAN_POINT('',(0.04418364481668,0.00820254881125022,0.004));
#16209=CARTESIAN_POINT('',(0.04418364481668,0.00983419034934724,0.004));
#16210=CARTESIAN_POINT('',(0.04418364481668,0.00983419034934724,0.004));
#16211=CARTESIAN_POINT('',(0.04418364481668,0.00820254881125022,0.004));
#16212=CARTESIAN_POINT('',(0.0376800865355694,0.00983419034934724,0.004));
#16213=CARTESIAN_POINT('',(0.0311765282544588,0.00983419034934723,0.004));
#16214=CARTESIAN_POINT('',(0.0311765282544588,0.00983419034934723,0.004));
#16215=CARTESIAN_POINT('',(0.0376800865355694,0.00983419034934724,0.004));
#16216=CARTESIAN_POINT('',(0.0311765282544588,0.0117975286983618,0.004));
#16217=CARTESIAN_POINT('',(0.0311765282544588,0.0137608670473763,0.004));
#16218=CARTESIAN_POINT('',(0.0311765282544588,0.0137608670473763,0.004));
#16219=CARTESIAN_POINT('',(0.0311765282544588,0.0117975286983618,0.004));
#16220=CARTESIAN_POINT('',(0.0364050670022738,0.0137608670473763,0.004));
#16221=CARTESIAN_POINT('',(0.0416336057500888,0.0137608670473763,0.004));
#16222=CARTESIAN_POINT('',(0.0416336057500888,0.0137608670473763,0.004));
#16223=CARTESIAN_POINT('',(0.0364050670022738,0.0137608670473763,0.004));
#16224=CARTESIAN_POINT('',(0.0416336057500888,0.0154059298437186,0.004));
#16225=CARTESIAN_POINT('',(0.0416336057500888,0.0170509926400607,0.004));
#16226=CARTESIAN_POINT('',(0.0416336057500888,0.0170509926400607,0.004));
#16227=CARTESIAN_POINT('',(0.0416336057500888,0.0154059298437186,0.004));
#16228=CARTESIAN_POINT('',(0.0364050670022738,0.0170509926400607,0.004));
#16229=CARTESIAN_POINT('',(0.0311765282544588,0.0170509926400607,0.004));
#16230=CARTESIAN_POINT('',(0.0311765282544588,0.0170509926400607,0.004));
#16231=CARTESIAN_POINT('',(0.0364050670022738,0.0170509926400607,0.004));
#16232=CARTESIAN_POINT('',(0.0311765282544588,0.0190143309890753,0.004));
#16233=CARTESIAN_POINT('',(0.0311765282544588,0.0209776693380898,0.004));
#16234=CARTESIAN_POINT('',(0.0311765282544588,0.0209776693380898,0.004));
#16235=CARTESIAN_POINT('',(0.0311765282544588,0.0190143309890753,0.004));
#16236=CARTESIAN_POINT('',(0.0376800865355694,0.0209776693380898,0.004));
#16237=CARTESIAN_POINT('',(0.0441836448166799,0.0209776693380898,0.004));
#16238=CARTESIAN_POINT('',(0.0441836448166799,0.0209776693380898,0.004));
#16239=CARTESIAN_POINT('',(0.0376800865355694,0.0209776693380898,0.004));
#16240=CARTESIAN_POINT('',(0.0441836448166799,0.0226093108761868,0.004));
#16241=CARTESIAN_POINT('',(0.0441836448166799,0.0226093108761868,0.004));
#16242=CARTESIAN_POINT('',(0.000354229842254777,0.00728502316400418,0.004));
#16243=CARTESIAN_POINT('',(0.0152512466852062,0.013822221370783,0.004));
#16244=CARTESIAN_POINT('',(0.0152512466852063,0.0122155050265699,0.004));
#16245=CARTESIAN_POINT('',(0.0152512466852063,0.0122155050265699,0.004));
#16246=CARTESIAN_POINT('',(0.0152512466852062,0.013822221370783,0.004));
#16247=CARTESIAN_POINT('',(0.0152512466852063,0.0154289377149961,0.004));
#16248=CARTESIAN_POINT('',(0.0152512466852063,0.0154289377149961,0.004));
#16249=CARTESIAN_POINT('',(0.0202688799463107,0.0122155050265699,0.004));
#16250=CARTESIAN_POINT('',(0.0252865132074152,0.0122155050265699,0.004));
#16251=CARTESIAN_POINT('',(0.0252865132074152,0.0122155050265699,0.004));
#16252=CARTESIAN_POINT('',(0.0202688799463107,0.0122155050265699,0.004));
#16253=CARTESIAN_POINT('',(0.0252865132074152,0.013822221370783,0.004));
#16254=CARTESIAN_POINT('',(0.0252865132074152,0.0154289377149961,0.004));
#16255=CARTESIAN_POINT('',(0.0252865132074152,0.0154289377149961,0.004));
#16256=CARTESIAN_POINT('',(0.0252865132074152,0.013822221370783,0.004));
#16257=CARTESIAN_POINT('',(0.0202688799463107,0.0154289377149961,0.004));
#16258=CARTESIAN_POINT('',(0.0202688799463107,0.0154289377149961,0.004));
#16259=CARTESIAN_POINT('',(0.000354229842254777,0.00728502316400418,0.004));
#16260=CARTESIAN_POINT('',(0.00288068122832957,0.0137742883056215,0.004));
#16261=CARTESIAN_POINT('',(0.00288068122832958,0.00657090727315316,0.004));
#16262=CARTESIAN_POINT('',(0.00288068122832958,0.00657090727315316,0.004));
#16263=CARTESIAN_POINT('',(0.00288068122832957,0.0137742883056215,0.004));
#16264=CARTESIAN_POINT('',(0.00288068122832957,0.0209776693380898,0.004));
#16265=CARTESIAN_POINT('',(0.00288068122832957,0.0209776693380898,0.004));
#16266=CARTESIAN_POINT('',(0.00451232276642661,0.00657090727315316,0.004));
#16267=CARTESIAN_POINT('',(0.00614396430452364,0.00657090727315316,0.004));
#16268=CARTESIAN_POINT('',(0.00614396430452364,0.00657090727315316,0.004));
#16269=CARTESIAN_POINT('',(0.00451232276642661,0.00657090727315316,0.004));
#16270=CARTESIAN_POINT('',(0.00614396430452363,0.0137742883056215,0.004));
#16271=CARTESIAN_POINT('',(0.00614396430452363,0.0209776693380898,0.004));
#16272=CARTESIAN_POINT('',(0.00614396430452363,0.0209776693380898,0.004));
#16273=CARTESIAN_POINT('',(0.00614396430452363,0.0137742883056215,0.004));
#16274=CARTESIAN_POINT('',(0.00973894419163518,0.0209776693380898,0.004));
#16275=CARTESIAN_POINT('',(0.0133339240787467,0.0209776693380898,0.004));
#16276=CARTESIAN_POINT('',(0.0133339240787467,0.0209776693380898,0.004));
#16277=CARTESIAN_POINT('',(0.00973894419163518,0.0209776693380898,0.004));
#16278=CARTESIAN_POINT('',(0.0133339240787467,0.0226093108761868,0.004));
#16279=CARTESIAN_POINT('',(0.0133339240787467,0.0242409524142838,0.004));
#16280=CARTESIAN_POINT('',(0.0133339240787467,0.0242409524142838,0.004));
#16281=CARTESIAN_POINT('',(0.0133339240787467,0.0226093108761868,0.004));
#16282=CARTESIAN_POINT('',(0.00449890150818138,0.0242409524142838,0.004));
#16283=CARTESIAN_POINT('',(-0.00433612106238397,0.0242409524142838,0.004));
#16284=CARTESIAN_POINT('',(-0.00433612106238397,0.0242409524142838,0.004));
#16285=CARTESIAN_POINT('',(0.00449890150818138,0.0242409524142838,0.004));
#16286=CARTESIAN_POINT('',(-0.00433612106238396,0.0226093108761868,0.004));
#16287=CARTESIAN_POINT('',(-0.00433612106238395,0.0209776693380898,0.004));
#16288=CARTESIAN_POINT('',(-0.00433612106238395,0.0209776693380898,0.004));
#16289=CARTESIAN_POINT('',(-0.00433612106238396,0.0226093108761868,0.004));
#16290=CARTESIAN_POINT('',(-0.000727719917027192,0.0209776693380898,0.004));
#16291=CARTESIAN_POINT('',(-0.000727719917027192,0.0209776693380898,0.004));
#16292=CARTESIAN_POINT('',(0.000354229842254777,0.00728502316400418,0.004));
#16293=CARTESIAN_POINT('',(-0.0140531120319207,0.0158967644309721,0.004));
#16294=CARTESIAN_POINT('',(-0.0140531120319207,0.0158967644309721,0.009));
#16295=CARTESIAN_POINT('',(-0.0193295897801913,0.0158969705798544,0.009));
#16296=CARTESIAN_POINT('',(-0.00877663968340245,0.0158968172367822,0.009));
#16297=CARTESIAN_POINT('',(-0.0193295838448972,0.0158967644309721,0.004));
#16298=CARTESIAN_POINT('',(-0.0193295897801913,0.0158969705798544,0.004));
#16299=CARTESIAN_POINT('',(-0.0140531120319207,0.0158967644309721,0.004));
#16300=CARTESIAN_POINT('',(-0.00877663968340245,0.0158968172367822,0.00400000025));
#16301=CARTESIAN_POINT('',(-0.00877664021894414,0.0158967644309722,0.004));
#16302=CARTESIAN_POINT('',(-0.0193385954216926,0.0162097609662582,0.004));
#16303=CARTESIAN_POINT('',(-0.0193385954216926,0.0162097609662582,0.009));
#16304=CARTESIAN_POINT('',(-0.0195381523790668,0.0159689977609666,0.009));
#16305=CARTESIAN_POINT('',(-0.0195381523790668,0.0159689977609666,0.004));
#16306=CARTESIAN_POINT('',(-0.0195381523790668,0.0159689977609666,0.004));
#16307=CARTESIAN_POINT('',(-0.0193385954216926,0.0162097609662582,0.004));
#16308=CARTESIAN_POINT('',(-0.0193822349857975,0.0161544102551156,0.004));
#16309=CARTESIAN_POINT('',(-0.0193822349857975,0.0161544102551156,0.009));
#16310=CARTESIAN_POINT('',(-0.0196245519391309,0.0161651762853573,0.009));
#16311=CARTESIAN_POINT('',(-0.0196248515262919,0.0161651895958764,0.004));
#16312=CARTESIAN_POINT('',(-0.0196245519391309,0.0161651762853573,0.00400000025));
#16313=CARTESIAN_POINT('',(-0.0193822349857975,0.0161544102551156,0.004));
#16314=CARTESIAN_POINT('',(-0.0196248515262919,0.0184237956262857,0.004));
#16315=CARTESIAN_POINT('',(-0.0196248515262919,0.0184237956262857,0.009));
#16316=CARTESIAN_POINT('',(-0.0196247610755097,0.0206824032897818,0.009));
#16317=CARTESIAN_POINT('',(-0.0196248515262919,0.020682401656695,0.004));
#16318=CARTESIAN_POINT('',(-0.0196247610755097,0.0206824032897818,0.004));
#16319=CARTESIAN_POINT('',(-0.0196248515262919,0.0184237956262857,0.004));
#16320=CARTESIAN_POINT('',(-0.0193408575837305,0.0206875291607445,0.004));
#16321=CARTESIAN_POINT('',(-0.0193408575837305,0.0206875291607445,0.009));
#16322=CARTESIAN_POINT('',(-0.0195384804672061,0.0208912968682899,0.009));
#16323=CARTESIAN_POINT('',(-0.01953848116176,0.0208912961521297,0.004));
#16324=CARTESIAN_POINT('',(-0.0195384804672061,0.0208912968682899,0.004));
#16325=CARTESIAN_POINT('',(-0.0193408575837305,0.0206875291607445,0.004));
#16326=CARTESIAN_POINT('',(-0.0193347113489467,0.0206936753955284,0.004));
#16327=CARTESIAN_POINT('',(-0.0193347113489467,0.0206936753955284,0.009));
#16328=CARTESIAN_POINT('',(-0.019329585477984,0.0209775788873075,0.009));
#16329=CARTESIAN_POINT('',(-0.0193295838448972,0.0209776693380898,0.004));
#16330=CARTESIAN_POINT('',(-0.019329585477984,0.0209775788873075,0.00400000025));
#16331=CARTESIAN_POINT('',(-0.0193347113489467,0.0206936753955284,0.004));
#16332=CARTESIAN_POINT('',(-0.0140531120319207,0.0209776693380898,0.004));
#16333=CARTESIAN_POINT('',(-0.0140531120319207,0.0209776693380898,0.009));
#16334=CARTESIAN_POINT('',(-0.00877664015046617,0.0209777361385038,0.009));
#16335=CARTESIAN_POINT('',(-0.00877664021894415,0.0209776693380898,0.004));
#16336=CARTESIAN_POINT('',(-0.00877664015046617,0.0209777361385038,0.004));
#16337=CARTESIAN_POINT('',(-0.0140531120319207,0.0209776693380898,0.004));
#16338=CARTESIAN_POINT('',(-0.00877697216352262,0.020653856695438,0.004));
#16339=CARTESIAN_POINT('',(-0.00877697216352262,0.020653856695438,0.009));
#16340=CARTESIAN_POINT('',(-0.00855631757368436,0.0208912007183209,0.009));
#16341=CARTESIAN_POINT('',(-0.0085561481192013,0.0208913898207991,0.004));
#16342=CARTESIAN_POINT('',(-0.00855631757368436,0.0208912007183209,0.004));
#16343=CARTESIAN_POINT('',(-0.00877697216352262,0.020653856695438,0.004));
#16344=CARTESIAN_POINT('',(-0.00872636726417147,0.0206835848596687,0.004));
#16345=CARTESIAN_POINT('',(-0.00872636726417147,0.0206835848596687,0.009));
#16346=CARTESIAN_POINT('',(-0.00845831005347858,0.0206824014155853,0.009));
#16347=CARTESIAN_POINT('',(-0.00845836466627187,0.020682401656695,0.004));
#16348=CARTESIAN_POINT('',(-0.00845831005347858,0.0206824014155853,0.00400000025));
#16349=CARTESIAN_POINT('',(-0.00872636726417147,0.0206835848596687,0.004));
#16350=CARTESIAN_POINT('',(-0.00845836466627187,0.0184237956262857,0.004));
#16351=CARTESIAN_POINT('',(-0.00845836466627187,0.0184237956262857,0.009));
#16352=CARTESIAN_POINT('',(-0.00845851280227525,0.0161651851484007,0.009));
#16353=CARTESIAN_POINT('',(-0.00845836466627187,0.0161651895958764,0.004));
#16354=CARTESIAN_POINT('',(-0.00845851280227525,0.0161651851484007,0.004));
#16355=CARTESIAN_POINT('',(-0.00845836466627187,0.0184237956262857,0.004));
#16356=CARTESIAN_POINT('',(-0.00868912958376523,0.0161582613585648,0.004));
#16357=CARTESIAN_POINT('',(-0.00868912958376523,0.0161582613585648,0.009));
#16358=CARTESIAN_POINT('',(-0.00855621312703059,0.0159697161231118,0.009));
#16359=CARTESIAN_POINT('',(-0.0085561481192013,0.0159696226900176,0.004));
#16360=CARTESIAN_POINT('',(-0.00855621312703059,0.0159697161231118,0.004));
#16361=CARTESIAN_POINT('',(-0.00868912958376523,0.0161582613585648,0.004));
#16362=CARTESIAN_POINT('',(-0.0228651267312085,0.0153944259080798,0.004));
#16363=CARTESIAN_POINT('',(-0.0228651267312085,0.00657090727315315,0.004));
#16364=CARTESIAN_POINT('',(-0.0228651267312085,0.00657090727315315,0.004));
#16365=CARTESIAN_POINT('',(-0.0228651267312085,0.0153944259080798,0.004));
#16366=CARTESIAN_POINT('',(-0.0228651267312085,0.0242179445430063,0.004));
#16367=CARTESIAN_POINT('',(-0.0228651267312085,0.0242179445430063,0.004));
#16368=CARTESIAN_POINT('',(-0.0212449891287502,0.00657090727315315,0.004));
#16369=CARTESIAN_POINT('',(-0.0196248515262919,0.00657090727315315,0.004));
#16370=CARTESIAN_POINT('',(-0.0196248515262919,0.00657090727315315,0.004));
#16371=CARTESIAN_POINT('',(-0.0212449891287502,0.00657090727315315,0.004));
#16372=CARTESIAN_POINT('',(-0.0196248515262919,0.00958877305572039,0.004));
#16373=CARTESIAN_POINT('',(-0.0196248515262919,0.0126066388382876,0.004));
#16374=CARTESIAN_POINT('',(-0.0196248515262919,0.0126066388382876,0.004));
#16375=CARTESIAN_POINT('',(-0.0196248515262919,0.00958877305572039,0.004));
#16376=CARTESIAN_POINT('',(-0.0141278876135726,0.0126200600965328,0.004));
#16377=CARTESIAN_POINT('',(-0.00863092370085322,0.0126334813547781,0.004));
#16378=CARTESIAN_POINT('',(-0.00863092370085322,0.0126334813547781,0.004));
#16379=CARTESIAN_POINT('',(-0.0141278876135726,0.0126200600965328,0.004));
#16380=CARTESIAN_POINT('',(-0.00691108532285906,0.013087886812509,0.004));
#16381=CARTESIAN_POINT('',(-0.00691108532285906,0.013087886812509,0.009));
#16382=CARTESIAN_POINT('',(-0.00743387528688701,0.0127849498406884,0.004));
#16383=CARTESIAN_POINT('',(-0.00743387528688701,0.0127849498406884,0.009));
#16384=CARTESIAN_POINT('',(-0.0080071547462184,0.0126334813547781,0.004));
#16385=CARTESIAN_POINT('',(-0.0080071547462184,0.0126334813547781,0.009));
#16386=CARTESIAN_POINT('',(-0.00863092370085322,0.0126334813547781,0.004));
#16387=CARTESIAN_POINT('',(-0.00863092370085322,0.0126334813547781,0.009));
#16388=CARTESIAN_POINT('',(-0.00691108532285906,0.013087886812509,0.004));
#16389=CARTESIAN_POINT('',(-0.00691108532285906,0.013087886812509,0.004));
#16390=CARTESIAN_POINT('',(-0.00691108532285906,0.013087886812509,0.004));
#16391=CARTESIAN_POINT('',(-0.00769527026890099,0.0126334813547781,0.004));
#16392=CARTESIAN_POINT('',(-0.00863092370085322,0.0126334813547781,0.004));
#16393=CARTESIAN_POINT('',(-0.00862179090837895,0.0160639044302649,0.004));
#16394=CARTESIAN_POINT('',(-0.00566099098344747,0.0143264772162818,0.004));
#16395=CARTESIAN_POINT('',(-0.00566113795259856,0.0143265621235174,0.004));
#16396=CARTESIAN_POINT('',(-0.00862179090837895,0.0160639044302649,0.004));
#16397=CARTESIAN_POINT('',(-0.0084904584371771,0.0160141605311671,0.004));
#16398=CARTESIAN_POINT('',(-0.00519508159007781,0.016042480949063,0.004));
#16399=CARTESIAN_POINT('',(-0.00519549736435385,0.0160424773759053,0.00400000025));
#16400=CARTESIAN_POINT('',(-0.0084904584371771,0.0160141605311671,0.004));
#16401=CARTESIAN_POINT('',(-0.00519508159007781,0.0184237956262857,0.004));
#16402=CARTESIAN_POINT('',(-0.00519508159007781,0.0208051103035084,0.004));
#16403=CARTESIAN_POINT('',(-0.00519508159007781,0.0208051103035084,0.004));
#16404=CARTESIAN_POINT('',(-0.00519508159007781,0.0184237956262857,0.004));
#16405=CARTESIAN_POINT('',(-0.00566099098344747,0.0225096101006509,0.004));
#16406=CARTESIAN_POINT('',(-0.00566099098344747,0.0225096101006509,0.009));
#16407=CARTESIAN_POINT('',(-0.00535038472120103,0.0219944894270488,0.004));
#16408=CARTESIAN_POINT('',(-0.00535038472120103,0.0219944894270488,0.009));
#16409=CARTESIAN_POINT('',(-0.00519508159007781,0.0214263228280013,0.004));
#16410=CARTESIAN_POINT('',(-0.00519508159007781,0.0214263228280013,0.009));
#16411=CARTESIAN_POINT('',(-0.00519508159007781,0.0208051103035084,0.004));
#16412=CARTESIAN_POINT('',(-0.00519508159007781,0.0208051103035084,0.009));
#16413=CARTESIAN_POINT('',(-0.00566099098344747,0.0225096101006509,0.004));
#16414=CARTESIAN_POINT('',(-0.00566099098344747,0.0225096101006509,0.004));
#16415=CARTESIAN_POINT('',(-0.00566099098344747,0.0225096101006509,0.004));
#16416=CARTESIAN_POINT('',(-0.00519508159007781,0.0217369290902477,0.004));
#16417=CARTESIAN_POINT('',(-0.00519508159007781,0.0208051103035084,0.004));
#16418=CARTESIAN_POINT('',(-0.00872363524612196,0.0206720829044387,0.004));
#16419=CARTESIAN_POINT('',(-0.00691108532285906,0.0237501178270302,0.004));
#16420=CARTESIAN_POINT('',(-0.00691117080829617,0.0237499697610588,0.004));
#16421=CARTESIAN_POINT('',(-0.00872363524612196,0.0206720829044387,0.004));
#16422=CARTESIAN_POINT('',(-0.00860084257326887,0.0209258102021951,0.004));
#16423=CARTESIAN_POINT('',(-0.00863092370085323,0.0242179445430063,0.004));
#16424=CARTESIAN_POINT('',(-0.00863091956526386,0.0242174919364429,0.00400000025));
#16425=CARTESIAN_POINT('',(-0.00860084257326887,0.0209258102021951,0.004));
#16426=CARTESIAN_POINT('',(-0.0157480252160308,0.0242179445430063,0.004));
#16427=CARTESIAN_POINT('',(-0.0157480252160308,0.0242179445430063,0.004));
#16428=CARTESIAN_POINT('',(-0.00877299670244265,0.0162560246765438,0.004));
#16429=CARTESIAN_POINT('',(-0.00877299670244265,0.0162560246765438,0.009));
#16430=CARTESIAN_POINT('',(-0.00877299670244265,0.0162560246765438,0.004));
#16431=CARTESIAN_POINT('',(0.000354229842254777,0.00728502316400418,0.004));
#16432=CARTESIAN_POINT('',(-0.035492097480467,0.0242409524142838,0.004));
#16433=CARTESIAN_POINT('',(-0.036142097480467,0.0242409524142838,0.0115));
#16434=CARTESIAN_POINT('',(-0.036142097480467,0.0242409524142838,0.0115));
#16435=CARTESIAN_POINT('',(-0.0398820126716017,0.0242409524142838,0.0115));
#16436=CARTESIAN_POINT('',(-0.039942097480467,0.0242409524142838,0.0115));
#16437=CARTESIAN_POINT('',(-0.039942097480467,0.0242409524142838,0.0115));
#16438=CARTESIAN_POINT('',(-0.0398820126716017,0.0242409524142838,0.009));
#16439=CARTESIAN_POINT('',(-0.0398219278627362,0.0242409524142838,0.009));
#16440=CARTESIAN_POINT('',(-0.0398219278627362,0.0242409524142838,0.004));
#16441=CARTESIAN_POINT('',(-0.0398219278627362,0.0242409524142838,0.004));
#16442=CARTESIAN_POINT('',(-0.035492097480467,0.0242409524142838,0.004));
#16443=CARTESIAN_POINT('',(-0.0290005548114506,0.024240491260866,0.00400000025));
#16444=CARTESIAN_POINT('',(-0.0290005590718789,0.0242409524142838,0.004));
#16445=CARTESIAN_POINT('',(-0.031042097480467,0.0242409524142838,0.0115));
#16446=CARTESIAN_POINT('',(-0.031042097480467,0.0242409524142838,0.0115));
#16447=CARTESIAN_POINT('',(-0.032942097480467,0.0242409524142838,0.0115));
#16448=CARTESIAN_POINT('',(-0.034842097480467,0.0242409524142838,0.0115));
#16449=CARTESIAN_POINT('',(-0.034842097480467,0.0242409524142838,0.0115));
#16450=CARTESIAN_POINT('',(-0.0415264276598787,0.0237750430209141,0.004));
#16451=CARTESIAN_POINT('',(-0.0415264276598787,0.0237750430209141,0.009));
#16452=CARTESIAN_POINT('',(-0.0410113069862766,0.0240856492831606,0.004));
#16453=CARTESIAN_POINT('',(-0.0410113069862766,0.0240856492831606,0.009));
#16454=CARTESIAN_POINT('',(-0.0404431403872291,0.0242409524142838,0.004));
#16455=CARTESIAN_POINT('',(-0.0404431403872291,0.0242409524142838,0.009));
#16456=CARTESIAN_POINT('',(-0.0398219278627362,0.0242409524142838,0.004));
#16457=CARTESIAN_POINT('',(-0.0398219278627362,0.0242409524142838,0.009));
#16458=CARTESIAN_POINT('',(-0.0415264276598787,0.0237750430209141,0.004));
#16459=CARTESIAN_POINT('',(-0.0415264276598787,0.0237750430209141,0.004));
#16460=CARTESIAN_POINT('',(-0.0415264276598787,0.0237750430209141,0.004));
#16461=CARTESIAN_POINT('',(-0.0407537466494756,0.0242409524142838,0.004));
#16462=CARTESIAN_POINT('',(-0.0398219278627362,0.0242409524142838,0.004));
#16463=CARTESIAN_POINT('',(-0.0396769081768101,0.0206822738254871,0.004));
#16464=CARTESIAN_POINT('',(-0.0427669353862581,0.0225364526171414,0.004));
#16465=CARTESIAN_POINT('',(-0.0427669353862581,0.0225364526171414,0.004));
#16466=CARTESIAN_POINT('',(-0.0396769081768101,0.0206822738254871,0.004));
#16467=CARTESIAN_POINT('',(-0.0432347621022341,0.0208281181747859,0.004));
#16468=CARTESIAN_POINT('',(-0.0432347621022341,0.0208281181747859,0.009));
#16469=CARTESIAN_POINT('',(-0.0432347621022341,0.0214518871294207,0.004));
#16470=CARTESIAN_POINT('',(-0.0432347621022341,0.0214518871294207,0.009));
#16471=CARTESIAN_POINT('',(-0.0430788198635754,0.0220213319435392,0.004));
#16472=CARTESIAN_POINT('',(-0.0430788198635754,0.0220213319435392,0.009));
#16473=CARTESIAN_POINT('',(-0.0427669353862581,0.0225364526171414,0.004));
#16474=CARTESIAN_POINT('',(-0.0427669353862581,0.0225364526171414,0.009));
#16475=CARTESIAN_POINT('',(-0.0432347621022341,0.0208281181747859,0.004));
#16476=CARTESIAN_POINT('',(-0.0432347621022341,0.0208281181747859,0.004));
#16477=CARTESIAN_POINT('',(-0.0432347621022341,0.0208281181747859,0.004));
#16478=CARTESIAN_POINT('',(-0.0432347621022341,0.0217637716067382,0.004));
#16479=CARTESIAN_POINT('',(-0.0427669353862581,0.0225364526171414,0.004));
#16480=CARTESIAN_POINT('',(-0.0432347621022341,0.0154059298437185,0.004));
#16481=CARTESIAN_POINT('',(-0.0432347621022341,0.00998374151265103,0.004));
#16482=CARTESIAN_POINT('',(-0.0432347621022341,0.00998374151265103,0.004));
#16483=CARTESIAN_POINT('',(-0.0432347621022341,0.0154059298437185,0.004));
#16484=CARTESIAN_POINT('',(-0.0427669353862581,0.00827540707029562,0.004));
#16485=CARTESIAN_POINT('',(-0.0427669353862581,0.00827540707029562,0.009));
#16486=CARTESIAN_POINT('',(-0.0430788198635754,0.00879052774389774,0.004));
#16487=CARTESIAN_POINT('',(-0.0430788198635754,0.00879052774389774,0.009));
#16488=CARTESIAN_POINT('',(-0.0432347621022341,0.00935997255801621,0.004));
#16489=CARTESIAN_POINT('',(-0.0432347621022341,0.00935997255801621,0.009));
#16490=CARTESIAN_POINT('',(-0.0432347621022341,0.00998374151265103,0.004));
#16491=CARTESIAN_POINT('',(-0.0432347621022341,0.00998374151265103,0.009));
#16492=CARTESIAN_POINT('',(-0.0427669353862581,0.00827540707029562,0.004));
#16493=CARTESIAN_POINT('',(-0.0427669353862581,0.00827540707029562,0.004));
#16494=CARTESIAN_POINT('',(-0.0427669353862581,0.00827540707029562,0.004));
#16495=CARTESIAN_POINT('',(-0.0432347621022341,0.0090480880806988,0.004));
#16496=CARTESIAN_POINT('',(-0.0432347621022341,0.00998374151265103,0.004));
#16497=CARTESIAN_POINT('',(-0.0396769081768104,0.0101295858619495,0.004));
#16498=CARTESIAN_POINT('',(-0.0415264276598787,0.00703681666652279,0.004));
#16499=CARTESIAN_POINT('',(-0.0415264276598787,0.00703681666652279,0.004));
#16500=CARTESIAN_POINT('',(-0.0396769081768104,0.0101295858619495,0.004));
#16501=CARTESIAN_POINT('',(-0.0398219278627362,0.00657090727315313,0.004));
#16502=CARTESIAN_POINT('',(-0.0398219278627362,0.00657090727315313,0.009));
#16503=CARTESIAN_POINT('',(-0.0404431403872291,0.00657090727315313,0.004));
#16504=CARTESIAN_POINT('',(-0.0404431403872291,0.00657090727315313,0.009));
#16505=CARTESIAN_POINT('',(-0.0410113069862766,0.00672621040427635,0.004));
#16506=CARTESIAN_POINT('',(-0.0410113069862766,0.00672621040427635,0.009));
#16507=CARTESIAN_POINT('',(-0.0415264276598787,0.00703681666652279,0.004));
#16508=CARTESIAN_POINT('',(-0.0415264276598787,0.00703681666652279,0.009));
#16509=CARTESIAN_POINT('',(-0.0398219278627362,0.00657090727315313,0.009));
#16510=CARTESIAN_POINT('',(-0.0407537466494756,0.00657090727315313,0.009));
#16511=CARTESIAN_POINT('',(-0.0415264276598787,0.00703681666652279,0.009));
#16512=CARTESIAN_POINT('',(-0.0398219278627362,0.00657090727315313,0.009));
#16513=CARTESIAN_POINT('',(-0.0398219278627362,0.00657090727315313,0.004));
#16514=CARTESIAN_POINT('',(-0.0398219278627362,0.00657090727315313,0.004));
#16515=CARTESIAN_POINT('',(-0.0398219278627362,0.00657090727315313,0.004));
#16516=CARTESIAN_POINT('',(-0.0407537466494756,0.00657090727315313,0.004));
#16517=CARTESIAN_POINT('',(-0.0415264276598787,0.00703681666652279,0.004));
#16518=CARTESIAN_POINT('',(-0.0379442212785995,0.00657090727315314,0.004));
#16519=CARTESIAN_POINT('',(-0.0290005590718788,0.00657090727315314,0.004));
#16520=CARTESIAN_POINT('',(-0.0290005548114506,0.00657136842657099,0.004));
#16521=CARTESIAN_POINT('',(-0.0379442212785995,0.00657090727315314,0.004));
#16522=CARTESIAN_POINT('',(-0.0398665146944627,0.00657090727315312,0.0115));
#16523=CARTESIAN_POINT('',(-0.0398665146944627,0.00657090727315312,0.0115));
#16524=CARTESIAN_POINT('',(-0.0379442212785995,0.00657090727315314,0.0115));
#16525=CARTESIAN_POINT('',(-0.0360665146944627,0.00657090727315312,0.0115));
#16526=CARTESIAN_POINT('',(-0.0360665146944627,0.00657090727315312,0.0115));
#16527=CARTESIAN_POINT('',(-0.0347665146944627,0.00657090727315314,0.0115));
#16528=CARTESIAN_POINT('',(-0.0347665146944627,0.00657090727315314,0.0115));
#16529=CARTESIAN_POINT('',(-0.0328665146944627,0.00657090727315314,0.0115));
#16530=CARTESIAN_POINT('',(-0.0309665146944627,0.00657090727315315,0.0115));
#16531=CARTESIAN_POINT('',(-0.0309665146944627,0.00657090727315315,0.0115));
#16532=CARTESIAN_POINT('',(-0.0289700484661907,0.0098734086287217,0.004));
#16533=CARTESIAN_POINT('',(-0.0272807206938847,0.0070368166665228,0.004));
#16534=CARTESIAN_POINT('',(-0.0272807955457277,0.00703694617247509,0.004));
#16535=CARTESIAN_POINT('',(-0.0289700484661907,0.0098734086287217,0.004));
#16536=CARTESIAN_POINT('',(-0.0290799299994239,0.0101041104865058,0.004));
#16537=CARTESIAN_POINT('',(-0.0260306263544731,0.00827540707029563,0.004));
#16538=CARTESIAN_POINT('',(-0.0260306263544731,0.00827540707029563,0.004));
#16539=CARTESIAN_POINT('',(-0.0290799299994239,0.0101041104865058,0.004));
#16540=CARTESIAN_POINT('',(-0.0255647169611034,0.00998374151265104,0.004));
#16541=CARTESIAN_POINT('',(-0.0255647169611034,0.00998374151265104,0.009));
#16542=CARTESIAN_POINT('',(-0.0255647169611034,0.00935997255801622,0.004));
#16543=CARTESIAN_POINT('',(-0.0255647169611034,0.00935997255801622,0.009));
#16544=CARTESIAN_POINT('',(-0.0257200200922267,0.00879052774389775,0.004));
#16545=CARTESIAN_POINT('',(-0.0257200200922267,0.00879052774389775,0.009));
#16546=CARTESIAN_POINT('',(-0.0260306263544731,0.00827540707029563,0.004));
#16547=CARTESIAN_POINT('',(-0.0260306263544731,0.00827540707029563,0.009));
#16548=CARTESIAN_POINT('',(-0.0255647169611034,0.00998374151265104,0.004));
#16549=CARTESIAN_POINT('',(-0.0255647169611034,0.00998374151265104,0.004));
#16550=CARTESIAN_POINT('',(-0.0255647169611034,0.00998374151265104,0.004));
#16551=CARTESIAN_POINT('',(-0.0255647169611034,0.00904808808069881,0.004));
#16552=CARTESIAN_POINT('',(-0.0260306263544731,0.00827540707029563,0.004));
#16553=CARTESIAN_POINT('',(-0.0255647169611034,0.0132834537183678,0.004));
#16554=CARTESIAN_POINT('',(-0.0255647169611034,0.0165831659240846,0.004));
#16555=CARTESIAN_POINT('',(-0.0255647169611034,0.0165831659240846,0.004));
#16556=CARTESIAN_POINT('',(-0.0255647169611034,0.0132834537183678,0.004));
#16557=CARTESIAN_POINT('',(-0.0291961259777378,0.0165831659240846,0.004));
#16558=CARTESIAN_POINT('',(-0.032827534994372,0.0165831659240846,0.004));
#16559=CARTESIAN_POINT('',(-0.032827534994372,0.0165831659240846,0.004));
#16560=CARTESIAN_POINT('',(-0.0291961259777378,0.0165831659240846,0.004));
#16561=CARTESIAN_POINT('',(-0.032827534994372,0.0149515243859876,0.004));
#16562=CARTESIAN_POINT('',(-0.032827534994372,0.0133198828478905,0.004));
#16563=CARTESIAN_POINT('',(-0.032827534994372,0.0133198828478905,0.004));
#16564=CARTESIAN_POINT('',(-0.032827534994372,0.0149515243859876,0.004));
#16565=CARTESIAN_POINT('',(-0.0308277675158347,0.0133198828478906,0.004));
#16566=CARTESIAN_POINT('',(-0.0288280000372975,0.0133198828478906,0.004));
#16567=CARTESIAN_POINT('',(-0.0288280000372975,0.0133198828478906,0.004));
#16568=CARTESIAN_POINT('',(-0.0308277675158347,0.0133198828478906,0.004));
#16569=CARTESIAN_POINT('',(-0.0288280000372975,0.0117246704393163,0.004));
#16570=CARTESIAN_POINT('',(-0.0288280000372975,0.010129458030742,0.004));
#16571=CARTESIAN_POINT('',(-0.0288279454245042,0.0101294582718516,0.004));
#16572=CARTESIAN_POINT('',(-0.0288280000372975,0.0117246704393163,0.004));
#16573=CARTESIAN_POINT('',(-0.0290960026351971,0.0101282748277683,0.004));
#16574=CARTESIAN_POINT('',(-0.0289257834902269,0.00992046986663787,0.004));
#16575=CARTESIAN_POINT('',(-0.0289259437014536,0.00992066646715148,0.004));
#16576=CARTESIAN_POINT('',(-0.0290960026351971,0.0101282748277683,0.004));
#16577=CARTESIAN_POINT('',(-0.0291466075345483,0.0101580029919991,0.004));
#16578=CARTESIAN_POINT('',(-0.0291462755899698,0.0098341903493472,0.004));
#16579=CARTESIAN_POINT('',(-0.0291462755214918,0.00983412354893315,0.00400000025));
#16580=CARTESIAN_POINT('',(-0.0291466075345483,0.0101580029919991,0.004));
#16581=CARTESIAN_POINT('',(-0.0344227474029463,0.00983419034934719,0.004));
#16582=CARTESIAN_POINT('',(-0.0396992192159228,0.00983419034934719,0.004));
#16583=CARTESIAN_POINT('',(-0.0396992208490096,0.00983428080012934,0.004));
#16584=CARTESIAN_POINT('',(-0.0344227474029463,0.00983419034934719,0.004));
#16585=CARTESIAN_POINT('',(-0.0397043467199704,0.010118184291913,0.004));
#16586=CARTESIAN_POINT('',(-0.0399081137113575,0.00992056071387913,0.004));
#16587=CARTESIAN_POINT('',(-0.03990811442752,0.00992056140843519,0.004));
#16588=CARTESIAN_POINT('',(-0.0397043467199704,0.010118184291913,0.004));
#16589=CARTESIAN_POINT('',(-0.039710492954755,0.0101243305266931,0.004));
#16590=CARTESIAN_POINT('',(-0.0399944868973176,0.0101294580307419,0.004));
#16591=CARTESIAN_POINT('',(-0.0399943964465354,0.0101294563976552,0.00400000025));
#16592=CARTESIAN_POINT('',(-0.039710492954755,0.0101243305266931,0.004));
#16593=CARTESIAN_POINT('',(-0.0399944868973176,0.0154059298437185,0.004));
#16594=CARTESIAN_POINT('',(-0.0399944868973176,0.020682401656695,0.004));
#16595=CARTESIAN_POINT('',(-0.0399943964465354,0.0206824032897818,0.004));
#16596=CARTESIAN_POINT('',(-0.0399944868973176,0.0154059298437185,0.004));
#16597=CARTESIAN_POINT('',(-0.0397104929547515,0.0206875291607425,0.004));
#16598=CARTESIAN_POINT('',(-0.0399081165327858,0.0208912961521299,0.004));
#16599=CARTESIAN_POINT('',(-0.039908115838232,0.0208912968682901,0.004));
#16600=CARTESIAN_POINT('',(-0.0397104929547515,0.0206875291607425,0.004));
#16601=CARTESIAN_POINT('',(-0.0397043467199703,0.0206936753955237,0.004));
#16602=CARTESIAN_POINT('',(-0.0396992192159228,0.0209776693380898,0.004));
#16603=CARTESIAN_POINT('',(-0.0396992208490096,0.0209775788873076,0.00400000025));
#16604=CARTESIAN_POINT('',(-0.0397043467199703,0.0206936753955237,0.004));
#16605=CARTESIAN_POINT('',(-0.0344227474029463,0.0209776693380898,0.004));
#16606=CARTESIAN_POINT('',(-0.0291462755899698,0.0209776693380898,0.004));
#16607=CARTESIAN_POINT('',(-0.0291462755214918,0.0209777361385039,0.004));
#16608=CARTESIAN_POINT('',(-0.0344227474029463,0.0209776693380898,0.004));
#16609=CARTESIAN_POINT('',(-0.0291466075345528,0.0206538566954228,0.004));
#16610=CARTESIAN_POINT('',(-0.0289257834902269,0.0208913898207991,0.004));
#16611=CARTESIAN_POINT('',(-0.02892595294471,0.0208912007183209,0.004));
#16612=CARTESIAN_POINT('',(-0.0291466075345528,0.0206538566954228,0.004));
#16613=CARTESIAN_POINT('',(-0.0290960026351972,0.0206835848596686,0.004));
#16614=CARTESIAN_POINT('',(-0.0288280000372975,0.020682401656695,0.004));
#16615=CARTESIAN_POINT('',(-0.0288279454245042,0.0206824014155853,0.00400000025));
#16616=CARTESIAN_POINT('',(-0.0290960026351972,0.0206835848596686,0.004));
#16617=CARTESIAN_POINT('',(-0.0288280000372975,0.0200688584226279,0.004));
#16618=CARTESIAN_POINT('',(-0.0288280000372975,0.0194553151885609,0.004));
#16619=CARTESIAN_POINT('',(-0.0288280000372975,0.0194553151885609,0.004));
#16620=CARTESIAN_POINT('',(-0.0288280000372975,0.0200688584226279,0.004));
#16621=CARTESIAN_POINT('',(-0.0271963584992005,0.0194553151885609,0.004));
#16622=CARTESIAN_POINT('',(-0.0255647169611034,0.0194553151885609,0.004));
#16623=CARTESIAN_POINT('',(-0.0255647169611034,0.0194553151885609,0.004));
#16624=CARTESIAN_POINT('',(-0.0271963584992005,0.0194553151885609,0.004));
#16625=CARTESIAN_POINT('',(-0.0255647169611034,0.0201417166816735,0.004));
#16626=CARTESIAN_POINT('',(-0.0255647169611034,0.0208281181747859,0.004));
#16627=CARTESIAN_POINT('',(-0.0255647169611034,0.0208281181747859,0.004));
#16628=CARTESIAN_POINT('',(-0.0255647169611034,0.0201417166816735,0.004));
#16629=CARTESIAN_POINT('',(-0.0260306263544731,0.0225364526171414,0.004));
#16630=CARTESIAN_POINT('',(-0.0260306263544731,0.0225364526171414,0.009));
#16631=CARTESIAN_POINT('',(-0.0257200200922267,0.0220213319435392,0.004));
#16632=CARTESIAN_POINT('',(-0.0257200200922267,0.0220213319435392,0.009));
#16633=CARTESIAN_POINT('',(-0.0255647169611034,0.0214518871294208,0.004));
#16634=CARTESIAN_POINT('',(-0.0255647169611034,0.0214518871294208,0.009));
#16635=CARTESIAN_POINT('',(-0.0255647169611034,0.0208281181747859,0.004));
#16636=CARTESIAN_POINT('',(-0.0255647169611034,0.0208281181747859,0.009));
#16637=CARTESIAN_POINT('',(-0.0260306263544731,0.0225364526171414,0.004));
#16638=CARTESIAN_POINT('',(-0.0260306263544731,0.0225364526171414,0.004));
#16639=CARTESIAN_POINT('',(-0.0260306263544731,0.0225364526171414,0.004));
#16640=CARTESIAN_POINT('',(-0.0255647169611034,0.0217637716067382,0.004));
#16641=CARTESIAN_POINT('',(-0.0255647169611034,0.0208281181747859,0.004));
#16642=CARTESIAN_POINT('',(-0.0290799299994243,0.0207077492009307,0.004));
#16643=CARTESIAN_POINT('',(-0.0272807206938847,0.0237750430209141,0.004));
#16644=CARTESIAN_POINT('',(-0.0272807951194814,0.0237749132586343,0.004));
#16645=CARTESIAN_POINT('',(-0.0290799299994243,0.0207077492009307,0.004));
#16646=CARTESIAN_POINT('',(-0.0289700484661907,0.0209384510587154,0.004));
#16647=CARTESIAN_POINT('',(-0.0289700484661907,0.0209384510587154,0.004));
#16648=CARTESIAN_POINT('',(0.000354229842254777,0.00728502316400418,0.004));
#16649=CARTESIAN_POINT('',(0.000354871968924961,-0.020050068299002,0.009));
#16650=CARTESIAN_POINT('',(-0.039942097480467,0.0276590438788488,0.0115));
#16651=CARTESIAN_POINT('',(-0.039942097480467,0.0276590438788488,0.0115));
#16652=CARTESIAN_POINT('',(-0.036142097480467,0.0276590438788488,0.0115));
#16653=CARTESIAN_POINT('',(-0.036142097480467,0.0276590438788488,0.0115));
#16654=CARTESIAN_POINT('',(0.000354229842254777,0.00728502316400418,0.0115));
#16655=CARTESIAN_POINT('',(-0.034842097480467,0.0276590438788488,0.0115));
#16656=CARTESIAN_POINT('',(-0.034842097480467,0.0276590438788488,0.0115));
#16657=CARTESIAN_POINT('',(-0.031042097480467,0.0276590438788488,0.0115));
#16658=CARTESIAN_POINT('',(-0.031042097480467,0.0276590438788488,0.0115));
#16659=CARTESIAN_POINT('',(0.000354229842254777,0.00728502316400418,0.0115));
#16660=CARTESIAN_POINT('',(-0.0309665146944627,-0.000672840547632966,0.0115));
#16661=CARTESIAN_POINT('',(-0.0309665146944627,-0.000672840547632966,0.0115));
#16662=CARTESIAN_POINT('',(-0.0309665146944627,-0.00791658836841906,0.0115));
#16663=CARTESIAN_POINT('',(-0.0309665146944627,-0.00791658836841906,0.0115));
#16664=CARTESIAN_POINT('',(-0.0347665146944627,-0.000672840547632966,0.0115));
#16665=CARTESIAN_POINT('',(-0.0347665146944627,-0.00791658836841908,0.0115));
#16666=CARTESIAN_POINT('',(-0.0347665146944627,-0.00791658836841908,0.0115));
#16667=CARTESIAN_POINT('',(-0.0347665146944627,-0.000672840547632966,0.0115));
#16668=CARTESIAN_POINT('',(-0.0390617650179559,-0.0122118386919122,0.0115));
#16669=CARTESIAN_POINT('',(-0.043357015341449,-0.0165070890154053,0.0115));
#16670=CARTESIAN_POINT('',(-0.043357015341449,-0.0165070890154053,0.0115));
#16671=CARTESIAN_POINT('',(-0.0390617650179559,-0.0122118386919122,0.0115));
#16672=CARTESIAN_POINT('',(-0.03528504063905,-0.0165070890154053,0.0115));
#16673=CARTESIAN_POINT('',(-0.039557015341449,-0.0165070890154053,0.0115));
#16674=CARTESIAN_POINT('',(-0.039557015341449,-0.0165070890154053,0.0115));
#16675=CARTESIAN_POINT('',(-0.03528504063905,-0.0165070890154053,0.0115));
#16676=CARTESIAN_POINT('',(-0.0352617650179559,-0.0122118386919122,0.0115));
#16677=CARTESIAN_POINT('',(-0.0352617650179559,-0.0122118386919122,0.0115));
#16678=CARTESIAN_POINT('',(0.000354229842254777,0.00728502316400418,0.0115));
#16679=CARTESIAN_POINT('',(-0.0360665146944627,-0.000672840547632982,0.0115));
#16680=CARTESIAN_POINT('',(-0.0360665146944627,-0.000672840547632982,0.0115));
#16681=CARTESIAN_POINT('',(-0.0360665146944627,-0.00791658836841908,0.0115));
#16682=CARTESIAN_POINT('',(-0.0360665146944627,-0.00791658836841908,0.0115));
#16683=CARTESIAN_POINT('',(-0.0398665146944627,-0.000672840547632983,0.0115));
#16684=CARTESIAN_POINT('',(-0.0398665146944627,-0.00791658836841908,0.0115));
#16685=CARTESIAN_POINT('',(-0.0398665146944627,-0.00791658836841908,0.0115));
#16686=CARTESIAN_POINT('',(-0.0398665146944627,-0.000672840547632983,0.0115));
#16687=CARTESIAN_POINT('',(-0.0441617650179559,-0.0122118386919122,0.0115));
#16688=CARTESIAN_POINT('',(-0.048457015341449,-0.0165070890154053,0.0115));
#16689=CARTESIAN_POINT('',(-0.048457015341449,-0.0165070890154053,0.0115));
#16690=CARTESIAN_POINT('',(-0.0441617650179559,-0.0122118386919122,0.0115));
#16691=CARTESIAN_POINT('',(-0.03528504063905,-0.0165070890154053,0.0115));
#16692=CARTESIAN_POINT('',(-0.044657015341449,-0.0165070890154053,0.0115));
#16693=CARTESIAN_POINT('',(-0.044657015341449,-0.0165070890154053,0.0115));
#16694=CARTESIAN_POINT('',(-0.03528504063905,-0.0165070890154053,0.0115));
#16695=CARTESIAN_POINT('',(-0.0403617650179559,-0.0122118386919122,0.0115));
#16696=CARTESIAN_POINT('',(-0.0403617650179559,-0.0122118386919122,0.0115));
#16697=CARTESIAN_POINT('',(0.000354229842254777,0.00728502316400418,0.0115));
#16698=CARTESIAN_POINT('',(0.0317505571649759,0.0276590438788488,0.0115));
#16699=CARTESIAN_POINT('',(0.0317505571649759,0.0276590438788488,0.0115));
#16700=CARTESIAN_POINT('',(0.0355505571649759,0.0276590438788488,0.0115));
#16701=CARTESIAN_POINT('',(0.0355505571649759,0.0276590438788488,0.0115));
#16702=CARTESIAN_POINT('',(0.000354229842254777,0.00728502316400418,0.0115));
#16703=CARTESIAN_POINT('',(0.0368505571649759,0.0276590438788488,0.0115));
#16704=CARTESIAN_POINT('',(0.0368505571649759,0.0276590438788488,0.0115));
#16705=CARTESIAN_POINT('',(0.0406505571649759,0.0276590438788488,0.0115));
#16706=CARTESIAN_POINT('',(0.0406505571649759,0.0276590438788488,0.0115));
#16707=CARTESIAN_POINT('',(0.000354229842254777,0.00728502316400418,0.0115));
#16708=CARTESIAN_POINT('',(0.0405749743789716,-0.000672840547632956,0.0115));
#16709=CARTESIAN_POINT('',(0.0405749743789716,-0.000672840547632956,0.0115));
#16710=CARTESIAN_POINT('',(0.0405749743789716,-0.00791658836841906,0.0115));
#16711=CARTESIAN_POINT('',(0.0405749743789716,-0.00791658836841906,0.0115));
#16712=CARTESIAN_POINT('',(0.0367749743789716,-0.00067284054763295,0.0115));
#16713=CARTESIAN_POINT('',(0.0367749743789716,-0.00791658836841906,0.0115));
#16714=CARTESIAN_POINT('',(0.0367749743789716,-0.00791658836841906,0.0115));
#16715=CARTESIAN_POINT('',(0.0367749743789716,-0.00067284054763295,0.0115));
#16716=CARTESIAN_POINT('',(0.0410702247024647,-0.0122118386919122,0.0115));
#16717=CARTESIAN_POINT('',(0.0453654750259579,-0.0165070890154053,0.0115));
#16718=CARTESIAN_POINT('',(0.0453654750259579,-0.0165070890154053,0.0115));
#16719=CARTESIAN_POINT('',(0.0410702247024647,-0.0122118386919122,0.0115));
#16720=CARTESIAN_POINT('',(0.035639912607975,-0.0165070890154053,0.0115));
#16721=CARTESIAN_POINT('',(0.0491654750259579,-0.0165070890154053,0.0115));
#16722=CARTESIAN_POINT('',(0.0491654750259579,-0.0165070890154053,0.0115));
#16723=CARTESIAN_POINT('',(0.035639912607975,-0.0165070890154053,0.0115));
#16724=CARTESIAN_POINT('',(0.0448702247024648,-0.0122118386919122,0.0115));
#16725=CARTESIAN_POINT('',(0.0448702247024648,-0.0122118386919122,0.0115));
#16726=CARTESIAN_POINT('',(0.000354229842254777,0.00728502316400418,0.0115));
#16727=CARTESIAN_POINT('',(0.0397702247024648,-0.0122118386919122,0.0115));
#16728=CARTESIAN_POINT('',(0.0354749743789716,-0.00791658836841906,0.0115));
#16729=CARTESIAN_POINT('',(0.0354749743789716,-0.00791658836841906,0.0115));
#16730=CARTESIAN_POINT('',(0.0397702247024648,-0.0122118386919122,0.0115));
#16731=CARTESIAN_POINT('',(0.0440654750259579,-0.0165070890154053,0.0115));
#16732=CARTESIAN_POINT('',(0.0440654750259579,-0.0165070890154053,0.0115));
#16733=CARTESIAN_POINT('',(0.0354749743789716,-0.000672840547632945,0.0115));
#16734=CARTESIAN_POINT('',(0.0354749743789716,-0.000672840547632945,0.0115));
#16735=CARTESIAN_POINT('',(0.0316749743789716,-0.000672840547632952,0.0115));
#16736=CARTESIAN_POINT('',(0.0316749743789716,-0.00791658836841907,0.0115));
#16737=CARTESIAN_POINT('',(0.0316749743789716,-0.00791658836841907,0.0115));
#16738=CARTESIAN_POINT('',(0.0316749743789716,-0.000672840547632952,0.0115));
#16739=CARTESIAN_POINT('',(0.0359702247024647,-0.0122118386919122,0.0115));
#16740=CARTESIAN_POINT('',(0.0402654750259579,-0.0165070890154053,0.0115));
#16741=CARTESIAN_POINT('',(0.0402654750259579,-0.0165070890154053,0.0115));
#16742=CARTESIAN_POINT('',(0.0359702247024647,-0.0122118386919122,0.0115));
#16743=CARTESIAN_POINT('',(0.035639912607975,-0.0165070890154053,0.0115));
#16744=CARTESIAN_POINT('',(0.035639912607975,-0.0165070890154053,0.0115));
#16745=CARTESIAN_POINT('',(0.000354229842254777,0.00728502316400418,0.0115));
#16746=CARTESIAN_POINT('',(0.00178924263017372,-0.00328342010932955,0.0065));
#16747=CARTESIAN_POINT('',(0.00178924263017372,-0.00328342010932955,0.009));
#16748=CARTESIAN_POINT('',(0.00136169096939955,-0.00331277119846466,0.0065));
#16749=CARTESIAN_POINT('',(0.00136169096939955,-0.00331277119846466,0.009));
#16750=CARTESIAN_POINT('',(-0.000421863105851079,-0.00404094493763156,0.0065));
#16751=CARTESIAN_POINT('',(-0.000421863105851079,-0.00404094493763156,0.009));
#16752=CARTESIAN_POINT('',(-0.00138592297188744,-0.00559385932542851,0.0065));
#16753=CARTESIAN_POINT('',(-0.00138592297188744,-0.00559385932542851,0.009));
#16754=CARTESIAN_POINT('',(-0.0017966975989826,-0.00799763058843421,0.0065));
#16755=CARTESIAN_POINT('',(-0.0017966975989826,-0.00799763058843421,0.009));
#16756=CARTESIAN_POINT('',(-0.00181444704660838,-0.00978520725777681,0.0065));
#16757=CARTESIAN_POINT('',(-0.00181444704660838,-0.00978520725777681,0.009));
#16758=CARTESIAN_POINT('',(-0.00174405231716045,-0.0105684274029001,0.0065));
#16759=CARTESIAN_POINT('',(-0.00174405231716045,-0.0105684274029001,0.009));
#16760=CARTESIAN_POINT('',(-0.00174405231716046,-0.0105684274029001,0.0065));
#16761=CARTESIAN_POINT('',(-0.00174405231716046,-0.0105684274029001,0.0065));
#16762=CARTESIAN_POINT('',(0.00178924263017372,-0.00328342010932955,0.0065));
#16763=CARTESIAN_POINT('',(0.00138940353132922,-0.00331086875263182,0.0065));
#16764=CARTESIAN_POINT('',(-0.000632525819864267,-0.00410840842338703,0.0065));
#16765=CARTESIAN_POINT('',(-0.0016843781824073,-0.0062911943528244,0.0065));
#16766=CARTESIAN_POINT('',(-0.00186331941480389,-0.00924144746765052,0.0065));
#16767=CARTESIAN_POINT('',(-0.00174405231716045,-0.0105684274029001,0.0065));
#16768=CARTESIAN_POINT('',(0.00178924264089986,-0.00328342010996575,0.0065));
#16769=CARTESIAN_POINT('',(0.00178924264089986,-0.00328342010996575,0.0065));
#16770=CARTESIAN_POINT('',(-0.000788488137801075,-0.0105684274029001,0.0065));
#16771=CARTESIAN_POINT('',(0.000167076041558303,-0.0105684274029001,0.0065));
#16772=CARTESIAN_POINT('',(0.000167076041558303,-0.0105684274029001,0.0065));
#16773=CARTESIAN_POINT('',(-0.000788488137801075,-0.0105684274029001,0.0065));
#16774=CARTESIAN_POINT('',(0.000167076041558303,-0.0105684274029001,0.0065));
#16775=CARTESIAN_POINT('',(0.000167076041558303,-0.0105684274029001,0.009));
#16776=CARTESIAN_POINT('',(0.000144824011904383,-0.00988747102134261,0.0065));
#16777=CARTESIAN_POINT('',(0.000144824011904383,-0.00988747102134261,0.009));
#16778=CARTESIAN_POINT('',(0.000126418541237046,-0.00885825599375593,0.0065));
#16779=CARTESIAN_POINT('',(0.000126418541237046,-0.00885825599375593,0.00899999999999999));
#16780=CARTESIAN_POINT('',(9.66869997876941E-5,-0.00756658647203599,0.0065));
#16781=CARTESIAN_POINT('',(9.66869997876941E-5,-0.00756658647203599,0.009));
#16782=CARTESIAN_POINT('',(0.000105964755507655,-0.00664558381594493,0.0065));
#16783=CARTESIAN_POINT('',(0.000105964755507655,-0.00664558381594493,0.00899999999999999));
#16784=CARTESIAN_POINT('',(0.000318553188276413,-0.00572780639637404,0.0065));
#16785=CARTESIAN_POINT('',(0.000318553188276413,-0.00572780639637404,0.009));
#16786=CARTESIAN_POINT('',(0.000986561670177819,-0.00473529331342133,0.0065));
#16787=CARTESIAN_POINT('',(0.000986561670177819,-0.00473529331342133,0.009));
#16788=CARTESIAN_POINT('',(0.00182486457288761,-0.00380987670266444,0.0065));
#16789=CARTESIAN_POINT('',(0.00182486457288761,-0.00380987670266444,0.009));
#16790=CARTESIAN_POINT('',(0.00206723120585996,-0.00343028844339892,0.0065));
#16791=CARTESIAN_POINT('',(0.00206723120585996,-0.00343028844339892,0.009));
#16792=CARTESIAN_POINT('',(0.00201655488084581,-0.00334195165603653,0.0065));
#16793=CARTESIAN_POINT('',(0.00201655488084581,-0.00334195165603653,0.009));
#16794=CARTESIAN_POINT('',(0.00201655488084581,-0.00334195165603653,0.0065));
#16795=CARTESIAN_POINT('',(0.00201655488084581,-0.00334195165603653,0.0065));
#16796=CARTESIAN_POINT('',(0.000167076041558303,-0.0105684274029001,0.0065));
#16797=CARTESIAN_POINT('',(0.00013627510521808,-0.00962585746725714,0.0065));
#16798=CARTESIAN_POINT('',(0.000105963099145867,-0.00776948759245182,0.0065));
#16799=CARTESIAN_POINT('',(6.22678062294606E-5,-0.00541829503347521,0.0065));
#16800=CARTESIAN_POINT('',(0.00214812028824755,-0.00357129080828663,0.0065));
#16801=CARTESIAN_POINT('',(0.00201655488084581,-0.00334195165603653,0.0065));
#16802=CARTESIAN_POINT('',(0.000354229842254777,0.00728502316400418,0.0065));
#16803=CARTESIAN_POINT('',(0.00377784803848203,-0.000964190553984327,0.0065));
#16804=CARTESIAN_POINT('',(0.00415065077141104,-0.000811327623421794,0.0065));
#16805=CARTESIAN_POINT('',(0.00506742346313637,-0.000734700655348074,0.0065));
#16806=CARTESIAN_POINT('',(0.0064582715828945,-0.000828045036471204,0.0065));
#16807=CARTESIAN_POINT('',(0.00846034704241347,-0.00434436658404802,0.0065));
#16808=CARTESIAN_POINT('',(0.00566553003819066,-0.00203014406475297,0.0065));
#16809=CARTESIAN_POINT('',(0.0043647075759208,-0.00207308070457433,0.0065));
#16810=CARTESIAN_POINT('',(0.00224478239082999,-0.00355029704067469,0.0065));
#16811=CARTESIAN_POINT('',(0.00201655488084581,-0.00334195165603653,0.0065));
#16812=CARTESIAN_POINT('',(0.00377784803848203,-0.000964190553984326,0.0065));
#16813=CARTESIAN_POINT('',(0.00209302740814066,-0.00255713862742498,0.0065));
#16814=CARTESIAN_POINT('',(0.00214666956172866,-0.00224701161685932,0.0065));
#16815=CARTESIAN_POINT('',(0.00230278193739091,-0.00144374525606647,0.0065));
#16816=CARTESIAN_POINT('',(0.00282792154146398,-0.000185663398615804,0.0065));
#16817=CARTESIAN_POINT('',(0.00395848051187862,0.000793036933543151,0.0065));
#16818=CARTESIAN_POINT('',(0.00587997971617436,-0.000353178622862846,0.0065));
#16819=CARTESIAN_POINT('',(0.00422009256091525,0.00011896409112771,0.0065));
#16820=CARTESIAN_POINT('',(0.00399441990742058,-0.000714258968686011,0.0065));
#16821=CARTESIAN_POINT('',(0.0037778480135422,-0.000964190564242342,0.0065));
#16822=CARTESIAN_POINT('',(0.00209302740814066,-0.00255713862742498,0.0065));
#16823=CARTESIAN_POINT('',(0.000665250086572309,-0.000365643047644416,0.0065));
#16824=CARTESIAN_POINT('',(0.000527226415247555,-0.000154300413166837,0.0065));
#16825=CARTESIAN_POINT('',(0.000384289592370009,0.000242348576332131,0.0065));
#16826=CARTESIAN_POINT('',(-0.000145843734034903,0.00101243835779749,0.0065));
#16827=CARTESIAN_POINT('',(-0.0018420927222116,0.000581678146312076,0.0065));
#16828=CARTESIAN_POINT('',(0.000117428943138887,0.0013398748021944,0.0065));
#16829=CARTESIAN_POINT('',(0.00115370150530773,0.000638812137770005,0.0065));
#16830=CARTESIAN_POINT('',(0.00188861620990144,-0.000536185380303879,0.0065));
#16831=CARTESIAN_POINT('',(0.00202703033236973,-0.00184086140838891,0.0065));
#16832=CARTESIAN_POINT('',(0.00209302740876542,-0.00255713863314726,0.0065));
#16833=CARTESIAN_POINT('',(0.000665250073994173,-0.000365643036959593,0.0065));
#16834=CARTESIAN_POINT('',(0.00178924264089986,-0.00328342010996575,0.0065));
#16835=CARTESIAN_POINT('',(0.00140594873010181,-0.00303844951201524,0.0065));
#16836=CARTESIAN_POINT('',(-0.000245205330870969,-0.00126881371071973,0.0065));
#16837=CARTESIAN_POINT('',(-0.0023906921933229,-0.00176907491790767,0.0065));
#16838=CARTESIAN_POINT('',(-0.0043877561738829,-0.00509167443892307,0.0065));
#16839=CARTESIAN_POINT('',(-0.00355733474677472,-0.000965086642846807,0.0065));
#16840=CARTESIAN_POINT('',(-0.00179832681468733,0.000210207521177745,0.0065));
#16841=CARTESIAN_POINT('',(-0.000344935568283551,8.71434721989318E-5,0.0065));
#16842=CARTESIAN_POINT('',(0.000363157654337558,-0.000109296974453504,0.0065));
#16843=CARTESIAN_POINT('',(0.000665250073994173,-0.000365643036959593,0.0065));
#16844=CARTESIAN_POINT('',(0.00178924264089986,-0.00328342010996575,0.0065));
#16845=CARTESIAN_POINT('',(0.00178924264089986,-0.00328342010996575,0.009));
#16846=CARTESIAN_POINT('',(0.00142619101202901,-0.00305138674834457,0.0065));
#16847=CARTESIAN_POINT('',(0.00142619101202901,-0.00305138674834457,0.009));
#16848=CARTESIAN_POINT('',(0.000401033701280972,-0.00195777482489822,0.0065));
#16849=CARTESIAN_POINT('',(0.000401033701280972,-0.00195777482489822,0.009));
#16850=CARTESIAN_POINT('',(-0.000869984366278113,-0.00153461088329382,0.0065));
#16851=CARTESIAN_POINT('',(-0.000869984366278113,-0.00153461088329382,0.009));
#16852=CARTESIAN_POINT('',(-0.00175451959888259,-0.00173545723880845,0.0065));
#16853=CARTESIAN_POINT('',(-0.00175451959888259,-0.00173545723880845,0.009));
#16854=CARTESIAN_POINT('',(-0.00259434412566714,-0.00241325998478646,0.0065));
#16855=CARTESIAN_POINT('',(-0.00259434412566714,-0.00241325998478646,0.00899999999999999));
#16856=CARTESIAN_POINT('',(-0.00335743565300146,-0.00337940015648486,0.0065));
#16857=CARTESIAN_POINT('',(-0.00335743565300146,-0.00337940015648486,0.009));
#16858=CARTESIAN_POINT('',(-0.00389086008276255,-0.00401457529230069,0.0065));
#16859=CARTESIAN_POINT('',(-0.00389086008276255,-0.00401457529230069,0.00899999999999999));
#16860=CARTESIAN_POINT('',(-0.0040302556922245,-0.00362419753674532,0.0065));
#16861=CARTESIAN_POINT('',(-0.0040302556922245,-0.00362419753674532,0.009));
#16862=CARTESIAN_POINT('',(-0.00381484782344846,-0.0025001638333329,0.0065));
#16863=CARTESIAN_POINT('',(-0.00381484782344846,-0.0025001638333329,0.00899999999999999));
#16864=CARTESIAN_POINT('',(-0.00335407478911234,-0.00127588103597968,0.0065));
#16865=CARTESIAN_POINT('',(-0.00335407478911234,-0.00127588103597968,0.009));
#16866=CARTESIAN_POINT('',(-0.00273917437131285,-0.000481434950211168,0.0065));
#16867=CARTESIAN_POINT('',(-0.00273917437131285,-0.000481434950211168,0.009));
#16868=CARTESIAN_POINT('',(-0.00203278088849542,-3.54166900408375E-5,0.0065));
#16869=CARTESIAN_POINT('',(-0.00203278088849542,-3.54166900408375E-5,0.009));
#16870=CARTESIAN_POINT('',(-0.00130188446597,0.000134053207703462,0.0065));
#16871=CARTESIAN_POINT('',(-0.00130188446597,0.000134053207703462,0.009));
#16872=CARTESIAN_POINT('',(-0.00059132868658719,0.000100011420698474,0.0065));
#16873=CARTESIAN_POINT('',(-0.00059132868658719,0.000100011420698474,0.009));
#16874=CARTESIAN_POINT('',(6.21180340101817E-5,-1.12989422700637E-5,0.0065));
#16875=CARTESIAN_POINT('',(6.21180340101817E-5,-1.12989422700637E-5,0.009));
#16876=CARTESIAN_POINT('',(0.000463541907935699,-0.000194479873702504,0.0065));
#16877=CARTESIAN_POINT('',(0.000463541907935699,-0.000194479873702504,0.009));
#16878=CARTESIAN_POINT('',(0.000665250073994173,-0.000365643036959593,0.0065));
#16879=CARTESIAN_POINT('',(0.000665250073994173,-0.000365643036959593,0.009));
#16880=CARTESIAN_POINT('',(0.000665250073994173,-0.000365643036959593,0.0065));
#16881=CARTESIAN_POINT('',(0.000665250086572309,-0.000365643047644416,0.0065));
#16882=CARTESIAN_POINT('',(0.000665250086572309,-0.000365643047644416,0.009));
#16883=CARTESIAN_POINT('',(0.000509548201925018,-0.000127231431878468,0.0065));
#16884=CARTESIAN_POINT('',(0.000509548201925018,-0.000127231431878468,0.009));
#16885=CARTESIAN_POINT('',(0.000407160484245961,0.0001934750644717,0.0065));
#16886=CARTESIAN_POINT('',(0.000407160484245961,0.0001934750644717,0.009));
#16887=CARTESIAN_POINT('',(6.22642543534523E-5,0.000685845928986941,0.0065));
#16888=CARTESIAN_POINT('',(6.22642543534523E-5,0.000685845928986941,0.00899999999999999));
#16889=CARTESIAN_POINT('',(-0.000404826841788204,0.000869200531914686,0.0065));
#16890=CARTESIAN_POINT('',(-0.000404826841788204,0.000869200531914686,0.009));
#16891=CARTESIAN_POINT('',(-0.00106631152496335,0.00078400980739056,0.0065));
#16892=CARTESIAN_POINT('',(-0.00106631152496335,0.00078400980739056,0.009));
#16893=CARTESIAN_POINT('',(-0.00134833590235191,0.000745818663117928,0.0065));
#16894=CARTESIAN_POINT('',(-0.00134833590235191,0.000745818663117928,0.009));
#16895=CARTESIAN_POINT('',(-0.000900373381002395,0.000938275326271982,0.0065));
#16896=CARTESIAN_POINT('',(-0.000900373381002395,0.000938275326271982,0.00899999999999999));
#16897=CARTESIAN_POINT('',(8.01441261150135E-5,0.00118707656513287,0.0065));
#16898=CARTESIAN_POINT('',(8.01441261150135E-5,0.00118707656513287,0.009));
#16899=CARTESIAN_POINT('',(0.00075826296869012,0.000931776090215831,0.0065));
#16900=CARTESIAN_POINT('',(0.00075826296869012,0.000931776090215831,0.00899999999999999));
#16901=CARTESIAN_POINT('',(0.00123284155030829,0.000437395119419361,0.0065));
#16902=CARTESIAN_POINT('',(0.00123284155030829,0.000437395119419361,0.009));
#16903=CARTESIAN_POINT('',(0.00163771604787894,-0.00013495144766841,0.0065));
#16904=CARTESIAN_POINT('',(0.00163771604787894,-0.00013495144766841,0.009));
#16905=CARTESIAN_POINT('',(0.00195221016676603,-0.00109194392698997,0.00649999999999999));
#16906=CARTESIAN_POINT('',(0.00195221016676603,-0.00109194392698997,0.00899999999999999));
#16907=CARTESIAN_POINT('',(0.00204783232803,-0.00206662892014411,0.0065));
#16908=CARTESIAN_POINT('',(0.00204783232803,-0.00206662892014411,0.009));
#16909=CARTESIAN_POINT('',(0.00209302740876542,-0.00255713863314726,0.0065));
#16910=CARTESIAN_POINT('',(0.00209302740876542,-0.00255713863314726,0.009));
#16911=CARTESIAN_POINT('',(0.00209302740814066,-0.00255713862742498,0.0065));
#16912=CARTESIAN_POINT('',(0.00209302740814066,-0.00255713862742498,0.0065));
#16913=CARTESIAN_POINT('',(0.00209302740814066,-0.00255713862742498,0.009));
#16914=CARTESIAN_POINT('',(0.00214455735364627,-0.00225922314705466,0.0065));
#16915=CARTESIAN_POINT('',(0.00214455735364627,-0.00225922314705466,0.009));
#16916=CARTESIAN_POINT('',(0.002263402679382,-0.00164167915532019,0.0065));
#16917=CARTESIAN_POINT('',(0.002263402679382,-0.00164167915532019,0.009));
#16918=CARTESIAN_POINT('',(0.00259778043820779,-0.000722126243363202,0.0065));
#16919=CARTESIAN_POINT('',(0.00259778043820779,-0.000722126243363202,0.009));
#16920=CARTESIAN_POINT('',(0.00304705024943969,-2.30180925635598E-5,0.0065));
#16921=CARTESIAN_POINT('',(0.00304705024943969,-2.30180925635598E-5,0.009));
#16922=CARTESIAN_POINT('',(0.0035521454213148,0.000359464537562686,0.0065));
#16923=CARTESIAN_POINT('',(0.0035521454213148,0.000359464537562686,0.009));
#16924=CARTESIAN_POINT('',(0.00401932046890878,0.000475119514944801,0.0065));
#16925=CARTESIAN_POINT('',(0.00401932046890878,0.000475119514944801,0.00899999999999999));
#16926=CARTESIAN_POINT('',(0.00461052279028734,0.000333191924984873,0.0065));
#16927=CARTESIAN_POINT('',(0.00461052279028734,0.000333191924984873,0.009));
#16928=CARTESIAN_POINT('',(0.00514055021703663,6.78079151982417E-5,0.0065));
#16929=CARTESIAN_POINT('',(0.00514055021703663,6.78079151982417E-5,0.009));
#16930=CARTESIAN_POINT('',(0.00538560259507584,-0.000144768294220093,0.0065));
#16931=CARTESIAN_POINT('',(0.00538560259507584,-0.000144768294220093,0.009));
#16932=CARTESIAN_POINT('',(0.00511580866611196,-0.000128109705064755,0.0065));
#16933=CARTESIAN_POINT('',(0.00511580866611196,-0.000128109705064755,0.009));
#16934=CARTESIAN_POINT('',(0.00460806769701113,-7.50206903328042E-5,0.0065));
#16935=CARTESIAN_POINT('',(0.00460806769701113,-7.50206903328042E-5,0.009));
#16936=CARTESIAN_POINT('',(0.00422309116431061,-0.00025129481365268,0.0065));
#16937=CARTESIAN_POINT('',(0.00422309116431061,-0.00025129481365268,0.009));
#16938=CARTESIAN_POINT('',(0.00399852068671556,-0.00062389613331608,0.0065));
#16939=CARTESIAN_POINT('',(0.00399852068671556,-0.00062389613331608,0.009));
#16940=CARTESIAN_POINT('',(0.00386034507546685,-0.000868986048336342,0.0065));
#16941=CARTESIAN_POINT('',(0.00386034507546685,-0.000868986048336342,0.009));
#16942=CARTESIAN_POINT('',(0.0037778480135422,-0.000964190564242342,0.0065));
#16943=CARTESIAN_POINT('',(0.0037778480135422,-0.000964190564242342,0.009));
#16944=CARTESIAN_POINT('',(0.00377784803848203,-0.000964190553984326,0.0065));
#16945=CARTESIAN_POINT('',(0.00377784803848203,-0.000964190553984327,0.0065));
#16946=CARTESIAN_POINT('',(0.00377784803848203,-0.000964190553984327,0.009));
#16947=CARTESIAN_POINT('',(0.00421032607139077,-0.000786858539825142,0.0065));
#16948=CARTESIAN_POINT('',(0.00421032607139077,-0.000786858539825142,0.009));
#16949=CARTESIAN_POINT('',(0.00484465066803638,-0.000747682096808572,0.0065));
#16950=CARTESIAN_POINT('',(0.00484465066803638,-0.000747682096808572,0.00899999999999999));
#16951=CARTESIAN_POINT('',(0.00562654838183436,-0.000796676155917711,0.0065));
#16952=CARTESIAN_POINT('',(0.00562654838183436,-0.000796676155917711,0.009));
#16953=CARTESIAN_POINT('',(0.00621557916842058,-0.00106080499564544,0.0065));
#16954=CARTESIAN_POINT('',(0.00621557916842058,-0.00106080499564544,0.00899999999999999));
#16955=CARTESIAN_POINT('',(0.00686250303139837,-0.00174007789659684,0.0065));
#16956=CARTESIAN_POINT('',(0.00686250303139837,-0.00174007789659684,0.00899999999999999));
#16957=CARTESIAN_POINT('',(0.00743035136081924,-0.00261353025259972,0.0065));
#16958=CARTESIAN_POINT('',(0.00743035136081924,-0.00261353025259972,0.009));
#16959=CARTESIAN_POINT('',(0.00772208016370901,-0.00331483372558885,0.0065));
#16960=CARTESIAN_POINT('',(0.00772208016370901,-0.00331483372558885,0.009));
#16961=CARTESIAN_POINT('',(0.0074965300906146,-0.00342452596708105,0.0065));
#16962=CARTESIAN_POINT('',(0.0074965300906146,-0.00342452596708105,0.009));
#16963=CARTESIAN_POINT('',(0.00683354486877714,-0.00300546878090446,0.0065));
#16964=CARTESIAN_POINT('',(0.00683354486877714,-0.00300546878090446,0.009));
#16965=CARTESIAN_POINT('',(0.00602391377824372,-0.00245204823118647,0.0065));
#16966=CARTESIAN_POINT('',(0.00602391377824372,-0.00245204823118647,0.009));
#16967=CARTESIAN_POINT('',(0.0053611276912902,-0.00212674554920506,0.0065));
#16968=CARTESIAN_POINT('',(0.0053611276912902,-0.00212674554920506,0.009));
#16969=CARTESIAN_POINT('',(0.00479698130836871,-0.00211006957045148,0.0065));
#16970=CARTESIAN_POINT('',(0.00479698130836871,-0.00211006957045148,0.00899999999999999));
#16971=CARTESIAN_POINT('',(0.0041330189441038,-0.00237144614086693,0.0065));
#16972=CARTESIAN_POINT('',(0.0041330189441038,-0.00237144614086693,0.009));
#16973=CARTESIAN_POINT('',(0.00324973361437415,-0.00288083588414333,0.0065));
#16974=CARTESIAN_POINT('',(0.00324973361437415,-0.00288083588414333,0.00899999999999999));
#16975=CARTESIAN_POINT('',(0.0024281588753531,-0.00333339745456023,0.0065));
#16976=CARTESIAN_POINT('',(0.0024281588753531,-0.00333339745456023,0.009));
#16977=CARTESIAN_POINT('',(0.00208989000132392,-0.00340889815992012,0.0065));
#16978=CARTESIAN_POINT('',(0.00208989000132392,-0.00340889815992012,0.009));
#16979=CARTESIAN_POINT('',(0.00201655488084581,-0.00334195165603653,0.0065));
#16980=CARTESIAN_POINT('',(0.00201655488084581,-0.00334195165603653,0.009));
#16981=CARTESIAN_POINT('',(0.0526091644594301,0.0143471139698195,0.003));
#16982=CARTESIAN_POINT('',(0.0526091644594301,0.0143471139698195,0.));
#16983=CARTESIAN_POINT('',(0.0501955981619369,0.0143471139698195,0.));
#16984=CARTESIAN_POINT('',(0.0526091644594301,0.0143471139698195,0.003));
#16985=CARTESIAN_POINT('',(0.0501955981619369,0.0143471139698195,0.003));
#16986=CARTESIAN_POINT('',(0.0501955981619369,0.0143471139698195,0.003));
#16987=CARTESIAN_POINT('',(0.0526091644594301,-0.00335288603018054,0.003));
#16988=CARTESIAN_POINT('',(0.0501955981619369,-0.00335288603018054,0.003));
#16989=CARTESIAN_POINT('',(0.0501955981619369,0.00549711396981946,0.003));
#16990=CARTESIAN_POINT('',(0.0501955981619369,0.00044711396981946,0.001));
#16991=CARTESIAN_POINT('',(0.0501955981619369,0.00044711396981946,0.001));
#16992=CARTESIAN_POINT('',(0.0501955981619369,0.00549711396981946,0.001));
#16993=CARTESIAN_POINT('',(0.0501955981619369,-0.00085288603018054,0.001));
#16994=CARTESIAN_POINT('',(0.0501955981619369,-0.00085288603018054,0.001));
#16995=CARTESIAN_POINT('',(0.0501955981619369,0.00549711396981946,0.));
#16996=CARTESIAN_POINT('',(0.0501955981619369,0.00549711396981946,0.003));
#16997=CARTESIAN_POINT('',(0.0501955981619369,0.0118471139698194,0.003));
#16998=CARTESIAN_POINT('',(0.0501955981619369,0.0118471139698194,0.001));
#16999=CARTESIAN_POINT('',(0.0501955981619369,0.0118471139698194,0.001));
#17000=CARTESIAN_POINT('',(0.0501955981619369,0.00549711396981946,0.001));
#17001=CARTESIAN_POINT('',(0.0501955981619369,0.0105471139698194,0.001));
#17002=CARTESIAN_POINT('',(0.0501955981619369,0.0105471139698194,0.001));
#17003=CARTESIAN_POINT('',(0.0501955981619369,0.00804711396981946,0.001));
#17004=CARTESIAN_POINT('',(0.0501955981619369,0.00804711396981946,0.001));
#17005=CARTESIAN_POINT('',(0.0501955981619369,0.00549711396981946,0.001));
#17006=CARTESIAN_POINT('',(0.0501955981619369,0.00674711396981946,0.001));
#17007=CARTESIAN_POINT('',(0.0501955981619369,0.00674711396981946,0.001));
#17008=CARTESIAN_POINT('',(0.0501955981619369,0.00424711396981946,0.001));
#17009=CARTESIAN_POINT('',(0.0501955981619369,0.00424711396981946,0.001));
#17010=CARTESIAN_POINT('',(0.0501955981619369,0.00549711396981946,0.001));
#17011=CARTESIAN_POINT('',(0.0501955981619369,0.00294711396981946,0.001));
#17012=CARTESIAN_POINT('',(0.0501955981619369,0.00294711396981946,0.001));
#17013=CARTESIAN_POINT('',(0.000354871968924961,0.00390637675664175,0.003));
#17014=CARTESIAN_POINT('',(0.0526091644594301,0.0118471139698194,0.003));
#17015=CARTESIAN_POINT('',(0.000354871968924961,0.00390637675664175,0.));
#17016=CARTESIAN_POINT('',(0.0526091644594301,0.00294711396981946,0.001));
#17017=CARTESIAN_POINT('',(0.0526091644594301,0.00294711396981946,0.001));
#17018=CARTESIAN_POINT('',(0.0526091644594301,0.00424711396981946,0.001));
#17019=CARTESIAN_POINT('',(0.0526091644594301,0.00424711396981946,0.001));
#17020=CARTESIAN_POINT('',(0.0526091644594301,0.00549711396981946,0.001));
#17021=CARTESIAN_POINT('',(0.0526091644594301,0.00674711396981946,0.001));
#17022=CARTESIAN_POINT('',(0.0526091644594301,0.00674711396981946,0.001));
#17023=CARTESIAN_POINT('',(0.0526091644594301,0.00804711396981946,0.001));
#17024=CARTESIAN_POINT('',(0.0526091644594301,0.00804711396981946,0.001));
#17025=CARTESIAN_POINT('',(0.0526091644594301,0.00549711396981946,0.001));
#17026=CARTESIAN_POINT('',(0.0526091644594301,0.0105471139698194,0.001));
#17027=CARTESIAN_POINT('',(0.0526091644594301,0.0105471139698194,0.001));
#17028=CARTESIAN_POINT('',(0.0526091644594301,0.0118471139698194,0.001));
#17029=CARTESIAN_POINT('',(0.0526091644594301,0.0118471139698194,0.001));
#17030=CARTESIAN_POINT('',(0.0526091644594301,0.00549711396981946,0.001));
#17031=CARTESIAN_POINT('',(0.0526091644594301,-0.00085288603018054,0.001));
#17032=CARTESIAN_POINT('',(0.0526091644594301,-0.00085288603018054,0.001));
#17033=CARTESIAN_POINT('',(0.0526091644594301,0.00044711396981946,0.001));
#17034=CARTESIAN_POINT('',(0.0526091644594301,0.00044711396981946,0.001));
#17035=CARTESIAN_POINT('',(0.0526091644594301,0.00549711396981946,0.001));
#17036=CARTESIAN_POINT('',(-0.0672737126001416,0.007132563256898,0.004));
#17037=CARTESIAN_POINT('',(-0.0672737126001416,0.007132563256898,0.004));
#17038=CARTESIAN_POINT('',(0.000354229842254777,0.00728502316400418,0.004));
#17039=CARTESIAN_POINT('',(-0.0632280225185787,0.0246123379965035,0.004));
#17040=CARTESIAN_POINT('',(-0.0632280225185787,0.0246123379965035,0.004));
#17041=CARTESIAN_POINT('',(-0.0652410801950771,0.0159147378310679,0.004));
#17042=CARTESIAN_POINT('',(-0.0652410801950771,0.0159147378310679,0.004));
#17043=CARTESIAN_POINT('',(0.000354229842254777,0.00728502316400418,0.004));
#17044=CARTESIAN_POINT('',(-0.0567997751405031,0.0277125848020391,0.004));
#17045=CARTESIAN_POINT('',(-0.0567997751405031,0.0277125848020391,0.004));
#17046=CARTESIAN_POINT('',(0.000354229842254777,0.00728502316400418,0.004));
#17047=CARTESIAN_POINT('',(0.0575082348248789,0.0277125848020227,0.004));
#17048=CARTESIAN_POINT('',(0.0575082348248789,0.0277125848020227,0.004));
#17049=CARTESIAN_POINT('',(0.0510666797743375,0.0307951612107422,0.004));
#17050=CARTESIAN_POINT('',(0.0510666797743375,0.0307951612107422,0.004));
#17051=CARTESIAN_POINT('',(0.000354229842254777,0.00728502316400418,0.004));
#17052=CARTESIAN_POINT('',(0.0679828144115173,0.00713341589510626,0.004));
#17053=CARTESIAN_POINT('',(0.0679828144115173,0.00713341589510626,0.004));
#17054=CARTESIAN_POINT('',(0.000354229842254777,0.00728502316400418,0.004));
#17055=CARTESIAN_POINT('',(0.0659501820064049,0.0159155904693638,0.004));
#17056=CARTESIAN_POINT('',(0.0659501820064049,0.0159155904693638,0.004));
#17057=CARTESIAN_POINT('',(0.0639371243299036,0.0246131906348527,0.004));
#17058=CARTESIAN_POINT('',(0.0639371243299036,0.0246131906348527,0.004));
#17059=CARTESIAN_POINT('',(0.000354229842254777,0.00728502316400418,0.004));
#17060=MECHANICAL_DESIGN_GEOMETRIC_PRESENTATION_REPRESENTATION('',(#10136),
#17063);
#17061=MECHANICAL_DESIGN_GEOMETRIC_PRESENTATION_REPRESENTATION('',(#10137),
#17064);
#17062=MECHANICAL_DESIGN_GEOMETRIC_PRESENTATION_REPRESENTATION('',(#10138),
#17065);
#17063=(
GEOMETRIC_REPRESENTATION_CONTEXT(3)
GLOBAL_UNCERTAINTY_ASSIGNED_CONTEXT((#17066))
GLOBAL_UNIT_ASSIGNED_CONTEXT((#17075,#17072,#17069))
REPRESENTATION_CONTEXT('Part 2','TOP_LEVEL_ASSEMBLY_PART')
);
#17064=(
GEOMETRIC_REPRESENTATION_CONTEXT(3)
GLOBAL_UNCERTAINTY_ASSIGNED_CONTEXT((#17067))
GLOBAL_UNIT_ASSIGNED_CONTEXT((#17076,#17073,#17070))
REPRESENTATION_CONTEXT('Part 3','TOP_LEVEL_ASSEMBLY_PART')
);
#17065=(
GEOMETRIC_REPRESENTATION_CONTEXT(3)
GLOBAL_UNCERTAINTY_ASSIGNED_CONTEXT((#17068))
GLOBAL_UNIT_ASSIGNED_CONTEXT((#17077,#17074,#17071))
REPRESENTATION_CONTEXT('Part 1','TOP_LEVEL_ASSEMBLY_PART')
);
#17066=UNCERTAINTY_MEASURE_WITH_UNIT(LENGTH_MEASURE(2.34862500000001E-5),
#17075,'DISTANCE_ACCURACY_VALUE','Maximum Tolerance applied to model');
#17067=UNCERTAINTY_MEASURE_WITH_UNIT(LENGTH_MEASURE(1.E-8),#17076,
'DISTANCE_ACCURACY_VALUE','Maximum Tolerance applied to model');
#17068=UNCERTAINTY_MEASURE_WITH_UNIT(LENGTH_MEASURE(2.19903946160792E-5),
#17077,'DISTANCE_ACCURACY_VALUE','Maximum Tolerance applied to model');
#17069=(
NAMED_UNIT(*)
SI_UNIT($,.STERADIAN.)
SOLID_ANGLE_UNIT()
);
#17070=(
NAMED_UNIT(*)
SI_UNIT($,.STERADIAN.)
SOLID_ANGLE_UNIT()
);
#17071=(
NAMED_UNIT(*)
SI_UNIT($,.STERADIAN.)
SOLID_ANGLE_UNIT()
);
#17072=(
NAMED_UNIT(*)
PLANE_ANGLE_UNIT()
SI_UNIT($,.RADIAN.)
);
#17073=(
NAMED_UNIT(*)
PLANE_ANGLE_UNIT()
SI_UNIT($,.RADIAN.)
);
#17074=(
NAMED_UNIT(*)
PLANE_ANGLE_UNIT()
SI_UNIT($,.RADIAN.)
);
#17075=(
LENGTH_UNIT()
NAMED_UNIT(*)
SI_UNIT($,.METRE.)
);
#17076=(
LENGTH_UNIT()
NAMED_UNIT(*)
SI_UNIT($,.METRE.)
);
#17077=(
LENGTH_UNIT()
NAMED_UNIT(*)
SI_UNIT($,.METRE.)
);
#17078=PRODUCT_DEFINITION_SHAPE('','',#17081);
#17079=PRODUCT_DEFINITION_SHAPE('','',#17082);
#17080=PRODUCT_DEFINITION_SHAPE('','',#17083);
#17081=PRODUCT_DEFINITION('','',#17087,#17084);
#17082=PRODUCT_DEFINITION('','',#17088,#17085);
#17083=PRODUCT_DEFINITION('','',#17089,#17086);
#17084=PRODUCT_DEFINITION_CONTEXT('',#17105,'design');
#17085=PRODUCT_DEFINITION_CONTEXT('',#17106,'design');
#17086=PRODUCT_DEFINITION_CONTEXT('',#17107,'design');
#17087=PRODUCT_DEFINITION_FORMATION_WITH_SPECIFIED_SOURCE('','',#17093,
 .NOT_KNOWN.);
#17088=PRODUCT_DEFINITION_FORMATION_WITH_SPECIFIED_SOURCE('','',#17094,
 .NOT_KNOWN.);
#17089=PRODUCT_DEFINITION_FORMATION_WITH_SPECIFIED_SOURCE('','',#17095,
 .NOT_KNOWN.);
#17090=PRODUCT_RELATED_PRODUCT_CATEGORY('','',(#17093));
#17091=PRODUCT_RELATED_PRODUCT_CATEGORY('','',(#17094));
#17092=PRODUCT_RELATED_PRODUCT_CATEGORY('','',(#17095));
#17093=PRODUCT('Part 2','Part 2','Part 2',(#17099));
#17094=PRODUCT('Part 3','Part 3','Part 3',(#17100));
#17095=PRODUCT('Part 1','Part 1','Part 1',(#17101));
#17096=PRODUCT_CATEGORY('','');
#17097=PRODUCT_CATEGORY('','');
#17098=PRODUCT_CATEGORY('','');
#17099=PRODUCT_CONTEXT('',#17105,'mechanical');
#17100=PRODUCT_CONTEXT('',#17106,'mechanical');
#17101=PRODUCT_CONTEXT('',#17107,'mechanical');
#17102=APPLICATION_PROTOCOL_DEFINITION('international standard',
'ap242_managed_model_based_3d_engineering',2020,#17105);
#17103=APPLICATION_PROTOCOL_DEFINITION('international standard',
'ap242_managed_model_based_3d_engineering',2020,#17106);
#17104=APPLICATION_PROTOCOL_DEFINITION('international standard',
'ap242_managed_model_based_3d_engineering',2020,#17107);
#17105=APPLICATION_CONTEXT('managed model based 3d engineering');
#17106=APPLICATION_CONTEXT('managed model based 3d engineering');
#17107=APPLICATION_CONTEXT('managed model based 3d engineering');
ENDSEC;
END-ISO-10303-21;
