ISO-10303-21;
HEADER;
/*Generated by software containing ST-Developer
 * from STEP Tools, Inc. (www.steptools.com) 
 */
/*OPTION: using custom renumber hook */
/*description */
/*implementation_level */
FILE_DESCRIPTION(('STEP AP242 Edition 2','STEP AP242 Edition 2''CAx-IF Rec.Pracs.---Representation and Presentation of Product Manufa
cturing Information (PMI)---4.0---2014-10-13','STEP AP242 Edition 2''CAx-IF Rec.Pracs.---Representation and Presentation of Product Manufa
cturing Information (PMI)---4.0---2014-10-13''CAx-IF Rec.Pracs.---3D Tessellated Geometry---0.4---2014-09-14','STEP AP242 Edition 2''CAx-IF Rec.Pracs.---Representation and Presentation of Product Manufa
cturing Information (PMI)---4.0---2014-10-13''CAx-IF Rec.Pracs.---3D Tessellated Geometry---0.4---2014-09-14''2;1','STEP AP242 Edition 2''CAx-IF Rec.Pracs.---Representation and Presentation of Product Manufa
cturing Information (PMI)---4.0---2014-10-13''CAx-IF Rec.Pracs.---3D Tessellated Geometry---0.4---2014-09-14''2;1''CAx-IF Rec.Pracs.---User Defined Attributes---1.5---2016-08-15'),'2;1');
/*name */
/*time_stamp */
/*author */
/*organization */
/*preprocessor_version */
/*originating_system */
/*authorisation */
FILE_NAME('/vol/tmp/translate-2339486006007115423/FRONT.step','2026-04-23T21:15:56',(''),(''),'ST-DEVELOPER v20','ONSHAPE BY PTC INC, 1.213','  ');
FILE_SCHEMA(('AP242_MANAGED_MODEL_BASED_3D_ENGINEERING_MIM_LF { 1 0 10303 442 3 1 4 }'));
ENDSEC;
DATA;
#10=SHAPE_REPRESENTATION_RELATIONSHIP('','',#5925,#11);
#11=ADVANCED_BREP_SHAPE_REPRESENTATION('',(#5923),#9911);
#12=VERTEX_LOOP('',#3221);
#13=VERTEX_LOOP('',#3223);
#14=CONICAL_SURFACE('',#6289,0.001,1.02974425867665);
#15=CONICAL_SURFACE('',#6292,0.001,1.02974425867665);
#16=ELLIPSE('',#6189,0.00226274169979696,0.0016);
#17=ELLIPSE('',#6191,0.00226274169979695,0.0016);
#18=B_SPLINE_SURFACE_WITH_KNOTS('',3,1,((#9238,#9239),(#9240,#9241),(#9242,
#9243),(#9244,#9245),(#9246,#9247),(#9248,#9249),(#9250,#9251),(#9252,#9253),(#9254,#9255),(#9256,#9257)),.SURF_OF_LINEAR_EXTRUSION.,.F.,.F.,.F.,(4,1,1,1,1,1,1,4),(2,2),(0.515268501103969,0.575859938465973,0.636451375827977,0.697042813189981,0.757634250551984,0.818225687913988,0.878817125275992,1.),(0.,1.),.UNSPECIFIED.);
#19=B_SPLINE_SURFACE_WITH_KNOTS('',3,1,((#9266,#9267),(#9268,#9269),(#9270,
#9271),(#9272,#9273),(#9274,#9275),(#9276,#9277),(#9278,#9279),(#9280,#9281),(#9282,#9283),(#9284,#9285),(#9286,#9287),(#9288,#9289)),.SURF_OF_LINEAR_EXTRUSION.,.F.,.F.,.F.,(4,1,1,1,1,1,1,1,1,4),(2,2),(0.,0.060232841296725,0.12046568259345,0.180698523890175,0.2409313651869,0.301164206483625,0.331280627131987,0.36139704778035,0.421629889077075,0.4818627303738),(0.,1.),.UNSPECIFIED.);
#20=B_SPLINE_SURFACE_WITH_KNOTS('',3,1,((#9298,#9299),(#9300,#9301),(#9302,
#9303),(#9304,#9305),(#9306,#9307),(#9308,#9309),(#9310,#9311),(#9312,#9313),(#9314,#9315),(#9316,#9317),(#9318,#9319),(#9320,#9321),(#9322,#9323),(#9324,
#9325),(#9326,#9327),(#9328,#9329),(#9330,#9331),(#9332,#9333),(#9334,#9335),(#9336,#9337),(#9338,#9339)),.SURF_OF_LINEAR_EXTRUSION.,.F.,.F.,.F.,(4,1,1,1,1,1,1,1,1,1,1,1,1,1,1,1,1,1,4),(2,2),(0.0289896369178568,0.128979820068938,0.178974911644478,0.228970003220018,0.253967549007789,0.278965094795559,0.328960186371099,0.353957732158869,0.37895527794664,0.40395282373441,0.42895036952218,0.47894546109772,0.528940552673261,0.578935644248801,0.628930735824341,0.678925827399882,0.728920918975422,0.778916010550963,0.828911102126503),(0.,1.),.UNSPECIFIED.);
#21=B_SPLINE_SURFACE_WITH_KNOTS('',3,1,((#9352,#9353),(#9354,#9355),(#9356,
#9357),(#9358,#9359),(#9360,#9361),(#9362,#9363),(#9364,#9365),(#9366,#9367),(#9368,#9369),(#9370,#9371),(#9372,#9373),(#9374,#9375),(#9376,#9377),(#9378,
#9379),(#9380,#9381),(#9382,#9383),(#9384,#9385),(#9386,#9387),(#9388,#9389),(#9390,#9391)),.SURF_OF_LINEAR_EXTRUSION.,.F.,.F.,.F.,(4,1,1,1,1,1,1,1,1,1,1,1,1,1,1,1,1,4),(2,2),(0.241925698958126,0.288554567941946,0.335183436925766,0.381812305909586,0.405126740401496,0.428441174893406,0.475070043877226,0.498384478369136,0.521698912861046,0.568327781844866,0.614956650828685,0.661585519812505,0.708214388796325,0.754843257780145,0.801472126763965,0.848100995747785,0.894729864731605,0.987987602699245),(0.,1.),.UNSPECIFIED.);
#22=B_SPLINE_SURFACE_WITH_KNOTS('',3,1,((#9404,#9405),(#9406,#9407),(#9408,
#9409),(#9410,#9411),(#9412,#9413),(#9414,#9415),(#9416,#9417),(#9418,#9419),(#9420,#9421),(#9422,#9423),(#9424,#9425),(#9426,#9427),(#9428,#9429),(#9430,
#9431),(#9432,#9433),(#9434,#9435),(#9436,#9437),(#9438,#9439)),.SURF_OF_LINEAR_EXTRUSION.,.F.,.F.,.F.,(4,1,1,1,1,1,1,1,1,1,1,1,1,1,1,4),(2,2),(0.0398356785961304,0.128871629658549,0.217907580720968,0.262425556252178,0.306943531783387,0.351461507314596,0.395979482845806,0.440497458377015,0.485015433908225,0.529533409439434,0.574051384970643,0.618569360501853,0.640828348267457,0.663087336033062,0.707605311564272,0.752123287095481),(0.,1.),.UNSPECIFIED.);
#23=B_SPLINE_SURFACE_WITH_KNOTS('',3,1,((#9451,#9452),(#9453,#9454),(#9455,
#9456),(#9457,#9458),(#9459,#9460),(#9461,#9462),(#9463,#9464),(#9465,#9466),(#9467,#9468),(#9469,#9470),(#9471,#9472),(#9473,#9474),(#9475,#9476),(#9477,
#9478),(#9479,#9480),(#9481,#9482),(#9483,#9484),(#9485,#9486),(#9487,#9488),(#9489,#9490),(#9491,#9492),(#9493,#9494)),.SURF_OF_LINEAR_EXTRUSION.,.F.,.F.,.F.,(4,1,1,1,1,1,1,1,1,1,1,1,1,1,1,1,1,1,1,4),(2,2),(0.202260857355505,0.252119546747076,0.301978236138648,0.35183692553022,0.401695614921791,0.426624959617577,0.451554304313363,0.501412993704935,0.551271683096507,0.576201027792292,0.601130372488078,0.65098906187965,0.700847751271222,0.725777095967008,0.750706440662793,0.800565130054365,0.850423819445937,0.900282508837508,0.95014119822908,0.999999887620652),(0.,1.),.UNSPECIFIED.);
#24=B_SPLINE_SURFACE_WITH_KNOTS('',3,1,((#9585,#9586),(#9587,#9588),(#9589,
#9590),(#9591,#9592),(#9593,#9594),(#9595,#9596),(#9597,#9598),(#9599,#9600),(#9601,#9602),(#9603,#9604),(#9605,#9606),(#9607,#9608)),.SURF_OF_LINEAR_EXTRUSION.,.F.,.F.,.F.,(4,1,1,1,1,1,1,1,1,4),(2,2),(0.0279528170950297,0.149458714958151,0.270964612821272,0.392470510684394,0.513976408547515,0.635482306410636,0.696235255342197,0.756988204273757,0.878494102136879,1.),(0.,1.),.UNSPECIFIED.);
#25=B_SPLINE_SURFACE_WITH_KNOTS('',3,1,((#9615,#9616),(#9617,#9618),(#9619,
#9620),(#9621,#9622),(#9623,#9624),(#9625,#9626),(#9627,#9628),(#9629,#9630),(#9631,#9632),(#9633,#9634),(#9635,#9636)),.SURF_OF_LINEAR_EXTRUSION.,.F.,.F.,.F.,(4,1,1,1,1,1,1,1,4),(2,2),(0.,0.25,0.375,0.5,0.625,0.6875,0.75,0.875,1.),(0.,1.),.UNSPECIFIED.);
#26=CYLINDRICAL_SURFACE('',#5936,0.0016);
#27=CYLINDRICAL_SURFACE('',#5938,0.0016);
#28=CYLINDRICAL_SURFACE('',#5984,0.00112);
#29=CYLINDRICAL_SURFACE('',#6030,0.000130254345919932);
#30=CYLINDRICAL_SURFACE('',#6033,0.000100906693117137);
#31=CYLINDRICAL_SURFACE('',#6037,0.000118235622571202);
#32=CYLINDRICAL_SURFACE('',#6040,0.000118235622570983);
#33=CYLINDRICAL_SURFACE('',#6044,0.000134933068648632);
#34=CYLINDRICAL_SURFACE('',#6047,0.000111677432179669);
#35=CYLINDRICAL_SURFACE('',#6051,9.60401242674684E-05);
#36=CYLINDRICAL_SURFACE('',#6058,0.00140202646687635);
#37=CYLINDRICAL_SURFACE('',#6060,0.00142972998179849);
#38=CYLINDRICAL_SURFACE('',#6062,0.00137232426116791);
#39=CYLINDRICAL_SURFACE('',#6065,0.00134741517127024);
#40=CYLINDRICAL_SURFACE('',#6067,0.00148765582607871);
#41=CYLINDRICAL_SURFACE('',#6069,0.00137094953165998);
#42=CYLINDRICAL_SURFACE('',#6072,0.000149606005876808);
#43=CYLINDRICAL_SURFACE('',#6124,0.00150090345114018);
#44=CYLINDRICAL_SURFACE('',#6125,0.00134613529012796);
#45=CYLINDRICAL_SURFACE('',#6127,0.00134613529012444);
#46=CYLINDRICAL_SURFACE('',#6128,0.00150090345114108);
#47=CYLINDRICAL_SURFACE('',#6129,0.00134741517127054);
#48=CYLINDRICAL_SURFACE('',#6131,0.00137526203435577);
#49=CYLINDRICAL_SURFACE('',#6132,0.00148099031040015);
#50=CYLINDRICAL_SURFACE('',#6133,0.00135035324912031);
#51=CYLINDRICAL_SURFACE('',#6141,0.00135035324912047);
#52=CYLINDRICAL_SURFACE('',#6142,0.00148099031039879);
#53=CYLINDRICAL_SURFACE('',#6143,0.00137526203435738);
#54=CYLINDRICAL_SURFACE('',#6145,0.00134741517126997);
#55=CYLINDRICAL_SURFACE('',#6146,0.000111677432196277);
#56=CYLINDRICAL_SURFACE('',#6147,0.000134933068648619);
#57=CYLINDRICAL_SURFACE('',#6149,0.000118235622573154);
#58=CYLINDRICAL_SURFACE('',#6150,0.000118235622571041);
#59=CYLINDRICAL_SURFACE('',#6152,0.000118235622571293);
#60=CYLINDRICAL_SURFACE('',#6153,0.000118235622573165);
#61=CYLINDRICAL_SURFACE('',#6155,0.000134933068648631);
#62=CYLINDRICAL_SURFACE('',#6156,0.00011167743219639);
#63=CYLINDRICAL_SURFACE('',#6178,0.00215);
#64=CYLINDRICAL_SURFACE('',#6184,0.006);
#65=CYLINDRICAL_SURFACE('',#6188,0.0016);
#66=CYLINDRICAL_SURFACE('',#6190,0.0016);
#67=CYLINDRICAL_SURFACE('',#6192,0.0016);
#68=CYLINDRICAL_SURFACE('',#6193,0.0016);
#69=CYLINDRICAL_SURFACE('',#6207,0.00215);
#70=CYLINDRICAL_SURFACE('',#6208,0.00215);
#71=CYLINDRICAL_SURFACE('',#6209,0.00215);
#72=CYLINDRICAL_SURFACE('',#6210,0.00215);
#73=CYLINDRICAL_SURFACE('',#6234,0.0011);
#74=CYLINDRICAL_SURFACE('',#6237,0.0011);
#75=CYLINDRICAL_SURFACE('',#6240,0.0011);
#76=CYLINDRICAL_SURFACE('',#6243,0.0011);
#77=CYLINDRICAL_SURFACE('',#6246,0.006);
#78=CYLINDRICAL_SURFACE('',#6291,0.001);
#79=CYLINDRICAL_SURFACE('',#6294,0.001);
#80=CYLINDRICAL_SURFACE('',#6295,0.0016);
#81=CYLINDRICAL_SURFACE('',#6298,0.0016);
#82=CYLINDRICAL_SURFACE('',#6301,0.0016);
#83=CYLINDRICAL_SURFACE('',#6304,0.0016);
#84=CYLINDRICAL_SURFACE('',#6318,0.0240685401834262);
#85=B_SPLINE_CURVE_WITH_KNOTS('',3,(#7952,#7953,#7954,#7955,#7956,#7957,#7958),.UNSPECIFIED.,.F.,.F.,(4,1,1,1,4),(0.,0.247551453903085,0.436077401436897,0.69442569641887,1.),.UNSPECIFIED.);
#86=B_SPLINE_CURVE_WITH_KNOTS('',3,(#7972,#7973,#7974,#7975,#7976,#7977,#7978),.UNSPECIFIED.,.F.,.F.,(4,1,1,1,4),(0.,0.247551453903085,0.436077401436897,0.69442569641887,1.),.UNSPECIFIED.);
#87=B_SPLINE_CURVE_WITH_KNOTS('',3,(#8328,#8329,#8330,#8331,#8332,#8333),.UNSPECIFIED.,.F.,.F.,(4,1,1,4),(0.515268501103969,0.628596681397516,0.794684490713813,1.),.UNSPECIFIED.);
#88=B_SPLINE_CURVE_WITH_KNOTS('',3,(#8335,#8336,#8337,#8338,#8339,#8340,#8341,#8342,#8343,#8344),.UNSPECIFIED.,.F.,.F.,(4,1,1,1,1,1,1,4),(0.0289896369178568,0.134554865871534,0.265411620973734,0.392118450511406,0.52720829317947,0.652854925754451,0.754034915976347,0.828911102126503),.UNSPECIFIED.);
#89=B_SPLINE_CURVE_WITH_KNOTS('',3,(#8346,#8347,#8348,#8349,#8350,#8351,#8352,#8353,#8354,#8355),.UNSPECIFIED.,.F.,.F.,(4,1,1,1,1,1,1,4),(0.241925698958126,0.324595060366224,0.417832261318769,0.513837792176505,0.623914530093608,0.735846402549163,0.851806010437681,0.987987602699245),.UNSPECIFIED.);
#90=B_SPLINE_CURVE_WITH_KNOTS('',3,(#8357,#8358,#8359,#8360,#8361,#8362,#8363,#8364,#8365),.UNSPECIFIED.,.F.,.F.,(4,1,1,1,1,1,4),(0.0398356785961304,0.132521205712915,0.271584361559607,0.403960539822031,0.532008093403082,0.635254370220486,0.752123287095481),.UNSPECIFIED.);
#91=B_SPLINE_CURVE_WITH_KNOTS('',3,(#8367,#8368,#8369,#8370,#8371,#8372,#8373,#8374,#8375),.UNSPECIFIED.,.F.,.F.,(4,1,1,1,1,1,4),(0.202260857355505,0.288218788976043,0.416645073762862,0.572056372780153,0.715196093422161,0.844833879905108,1.),.UNSPECIFIED.);
#92=B_SPLINE_CURVE_WITH_KNOTS('',3,(#8377,#8378,#8379,#8380,#8381,#8382),.UNSPECIFIED.,.F.,.F.,(4,1,1,4),(0.,0.166746894451507,0.325486872992799,0.481862862745313),.UNSPECIFIED.);
#93=B_SPLINE_CURVE_WITH_KNOTS('',3,(#8535,#8536,#8537,#8538,#8539,#8540,#8541),.UNSPECIFIED.,.F.,.F.,(4,1,1,1,4),(0.,0.247551453903085,0.436077401436897,0.69442569641887,1.),.UNSPECIFIED.);
#94=B_SPLINE_CURVE_WITH_KNOTS('',3,(#9116,#9117,#9118,#9119,#9120,#9121,#9122),.UNSPECIFIED.,.F.,.F.,(4,1,1,1,4),(0.,0.247551453903085,0.436077401436897,0.69442569641887,1.),.UNSPECIFIED.);
#95=B_SPLINE_CURVE_WITH_KNOTS('',3,(#9258,#9259,#9260,#9261,#9262,#9263),.UNSPECIFIED.,.F.,.F.,(4,1,1,4),(0.515268501103969,0.628596681397516,0.794684490713813,1.),.UNSPECIFIED.);
#96=B_SPLINE_CURVE_WITH_KNOTS('',3,(#9292,#9293,#9294,#9295,#9296,#9297),.UNSPECIFIED.,.F.,.F.,(4,1,1,4),(0.,0.166746894451507,0.325486872992799,0.481862862745313),.UNSPECIFIED.);
#97=B_SPLINE_CURVE_WITH_KNOTS('',3,(#9340,#9341,#9342,#9343,#9344,#9345,#9346,#9347,#9348,#9349),.UNSPECIFIED.,.F.,.F.,(4,1,1,1,1,1,1,4),(0.0289896369178568,0.134554865871534,0.265411620973734,0.392118450511406,0.52720829317947,0.652854925754451,0.754034915976347,0.828911102126503),.UNSPECIFIED.);
#98=B_SPLINE_CURVE_WITH_KNOTS('',3,(#9392,#9393,#9394,#9395,#9396,#9397,#9398,#9399,#9400,#9401),.UNSPECIFIED.,.F.,.F.,(4,1,1,1,1,1,1,4),(0.241925698958126,0.324595060366224,0.417832261318769,0.513837792176505,0.623914530093608,0.735846402549163,0.851806010437681,0.987987602699245),.UNSPECIFIED.);
#99=B_SPLINE_CURVE_WITH_KNOTS('',3,(#9440,#9441,#9442,#9443,#9444,#9445,#9446,#9447,#9448),.UNSPECIFIED.,.F.,.F.,(4,1,1,1,1,1,4),(0.0398356785961304,0.132521205712915,0.271584361559607,0.403960539822031,0.532008093403082,0.635254370220486,0.752123287095481),.UNSPECIFIED.);
#100=B_SPLINE_CURVE_WITH_KNOTS('',3,(#9495,#9496,#9497,#9498,#9499,#9500,#9501,#9502,#9503),.UNSPECIFIED.,.F.,.F.,(4,1,1,1,1,1,4),(0.202260857355505,0.288218788976043,0.416645073762862,0.572056372780153,0.715196093422161,0.844833879905108,1.),.UNSPECIFIED.);
#101=B_SPLINE_CURVE_WITH_KNOTS('',3,(#9882,#9883,#9884,#9885),.UNSPECIFIED.,.F.,.F.,(4,4),(0.,1.),.UNSPECIFIED.);
#102=B_SPLINE_CURVE_WITH_KNOTS('',3,(#9888,#9889,#9890,#9891),.UNSPECIFIED.,.F.,.F.,(4,4),(0.,1.),.UNSPECIFIED.);
#103=CIRCLE('',#5934,0.0016);
#104=CIRCLE('',#5935,0.0016);
#105=CIRCLE('',#5937,0.0016);
#106=CIRCLE('',#5939,0.0016);
#107=CIRCLE('',#5947,0.001);
#108=CIRCLE('',#5953,0.0016);
#109=CIRCLE('',#5954,0.0016);
#110=CIRCLE('',#5955,0.0016);
#111=CIRCLE('',#5956,0.0016);
#112=CIRCLE('',#5959,0.00215);
#113=CIRCLE('',#5960,0.00215);
#114=CIRCLE('',#5961,0.00215);
#115=CIRCLE('',#5962,0.00215);
#116=CIRCLE('',#5963,0.0016);
#117=CIRCLE('',#5964,0.0016);
#118=CIRCLE('',#5965,0.0016);
#119=CIRCLE('',#5966,0.0016);
#120=CIRCLE('',#5967,0.00215);
#121=CIRCLE('',#5971,0.0240685401834262);
#122=CIRCLE('',#5972,0.006);
#123=CIRCLE('',#5976,0.006);
#124=CIRCLE('',#5978,0.006);
#125=CIRCLE('',#5980,0.00215);
#126=CIRCLE('',#5981,0.00215);
#127=CIRCLE('',#5982,0.00215);
#128=CIRCLE('',#5983,0.00215);
#129=CIRCLE('',#5985,0.00112);
#130=CIRCLE('',#5986,0.00112);
#131=CIRCLE('',#5994,0.0016);
#132=CIRCLE('',#5995,0.0016);
#133=CIRCLE('',#5996,0.0016);
#134=CIRCLE('',#5997,0.0016);
#135=CIRCLE('',#6001,0.00134741517126997);
#136=CIRCLE('',#6002,0.00150090345114018);
#137=CIRCLE('',#6003,0.00134613529012796);
#138=CIRCLE('',#6004,0.00134613529012444);
#139=CIRCLE('',#6005,0.00150090345114108);
#140=CIRCLE('',#6006,0.00134741517127054);
#141=CIRCLE('',#6007,0.00137526203435577);
#142=CIRCLE('',#6008,0.00148099031040015);
#143=CIRCLE('',#6009,0.00135035324912031);
#144=CIRCLE('',#6010,0.000111677432196277);
#145=CIRCLE('',#6011,0.000134933068648619);
#146=CIRCLE('',#6012,0.000118235622573154);
#147=CIRCLE('',#6013,0.000118235622571041);
#148=CIRCLE('',#6014,0.000118235622571293);
#149=CIRCLE('',#6015,0.000118235622573165);
#150=CIRCLE('',#6016,0.000134933068648631);
#151=CIRCLE('',#6017,0.00011167743219639);
#152=CIRCLE('',#6018,0.00135035324912047);
#153=CIRCLE('',#6019,0.00148099031039879);
#154=CIRCLE('',#6020,0.00137526203435738);
#155=CIRCLE('',#6021,0.00137094953165998);
#156=CIRCLE('',#6022,0.00148765582607871);
#157=CIRCLE('',#6023,0.00134741517127024);
#158=CIRCLE('',#6024,0.00137232426116791);
#159=CIRCLE('',#6025,0.00142972998179849);
#160=CIRCLE('',#6026,0.00140202646687635);
#161=CIRCLE('',#6031,0.000130254345919932);
#162=CIRCLE('',#6032,0.000130254345919932);
#163=CIRCLE('',#6034,0.000100906693117137);
#164=CIRCLE('',#6035,0.000100906693117137);
#165=CIRCLE('',#6038,0.000118235622571202);
#166=CIRCLE('',#6039,0.000118235622571202);
#167=CIRCLE('',#6041,0.000118235622570983);
#168=CIRCLE('',#6042,0.000118235622570983);
#169=CIRCLE('',#6045,0.000134933068648632);
#170=CIRCLE('',#6046,0.000134933068648632);
#171=CIRCLE('',#6048,0.000111677432179669);
#172=CIRCLE('',#6049,0.000111677432179669);
#173=CIRCLE('',#6052,9.60401242674684E-05);
#174=CIRCLE('',#6053,9.60401242674684E-05);
#175=CIRCLE('',#6059,0.00140202646687635);
#176=CIRCLE('',#6061,0.00142972998179849);
#177=CIRCLE('',#6063,0.00137232426116791);
#178=CIRCLE('',#6066,0.00134741517127024);
#179=CIRCLE('',#6068,0.00148765582607871);
#180=CIRCLE('',#6070,0.00137094953165998);
#181=CIRCLE('',#6073,0.000149606005876808);
#182=CIRCLE('',#6074,0.000149606005876808);
#183=CIRCLE('',#6104,0.00134741517126997);
#184=CIRCLE('',#6105,0.00137526203435738);
#185=CIRCLE('',#6106,0.00148099031039879);
#186=CIRCLE('',#6107,0.00135035324912047);
#187=CIRCLE('',#6108,0.00011167743219639);
#188=CIRCLE('',#6109,0.000134933068648631);
#189=CIRCLE('',#6110,0.000118235622573165);
#190=CIRCLE('',#6111,0.000118235622571293);
#191=CIRCLE('',#6112,0.000118235622571041);
#192=CIRCLE('',#6113,0.000118235622573154);
#193=CIRCLE('',#6114,0.000134933068648619);
#194=CIRCLE('',#6115,0.000111677432196277);
#195=CIRCLE('',#6116,0.00135035324912031);
#196=CIRCLE('',#6117,0.00148099031040015);
#197=CIRCLE('',#6118,0.00137526203435577);
#198=CIRCLE('',#6119,0.00134741517127054);
#199=CIRCLE('',#6120,0.00150090345114108);
#200=CIRCLE('',#6121,0.00134613529012444);
#201=CIRCLE('',#6122,0.00134613529012796);
#202=CIRCLE('',#6123,0.00150090345114018);
#203=CIRCLE('',#6167,0.0240685401834262);
#204=CIRCLE('',#6168,0.006);
#205=CIRCLE('',#6179,0.00215);
#206=CIRCLE('',#6223,0.0011);
#207=CIRCLE('',#6224,0.0011);
#208=CIRCLE('',#6225,0.0011);
#209=CIRCLE('',#6226,0.0011);
#210=CIRCLE('',#6235,0.0011);
#211=CIRCLE('',#6238,0.0011);
#212=CIRCLE('',#6241,0.0011);
#213=CIRCLE('',#6244,0.0011);
#214=CIRCLE('',#6277,0.001);
#215=CIRCLE('',#6290,0.001);
#216=CIRCLE('',#6293,0.001);
#217=CIRCLE('',#6296,0.0016);
#218=CIRCLE('',#6299,0.0016);
#219=CIRCLE('',#6302,0.0016);
#220=CIRCLE('',#6305,0.0016);
#221=ORIENTED_EDGE('',*,*,#1861,.F.);
#222=ORIENTED_EDGE('',*,*,#1862,.T.);
#223=ORIENTED_EDGE('',*,*,#1863,.T.);
#224=ORIENTED_EDGE('',*,*,#1864,.F.);
#225=ORIENTED_EDGE('',*,*,#1865,.F.);
#226=ORIENTED_EDGE('',*,*,#1866,.T.);
#227=ORIENTED_EDGE('',*,*,#1861,.T.);
#228=ORIENTED_EDGE('',*,*,#1867,.F.);
#229=ORIENTED_EDGE('',*,*,#1868,.F.);
#230=ORIENTED_EDGE('',*,*,#1869,.T.);
#231=ORIENTED_EDGE('',*,*,#1870,.T.);
#232=ORIENTED_EDGE('',*,*,#1871,.F.);
#233=ORIENTED_EDGE('',*,*,#1872,.F.);
#234=ORIENTED_EDGE('',*,*,#1873,.T.);
#235=ORIENTED_EDGE('',*,*,#1874,.F.);
#236=ORIENTED_EDGE('',*,*,#1875,.F.);
#237=ORIENTED_EDGE('',*,*,#1876,.T.);
#238=ORIENTED_EDGE('',*,*,#1877,.T.);
#239=ORIENTED_EDGE('',*,*,#1878,.T.);
#240=ORIENTED_EDGE('',*,*,#1879,.F.);
#241=ORIENTED_EDGE('',*,*,#1880,.F.);
#242=ORIENTED_EDGE('',*,*,#1881,.T.);
#243=ORIENTED_EDGE('',*,*,#1882,.T.);
#244=ORIENTED_EDGE('',*,*,#1883,.F.);
#245=ORIENTED_EDGE('',*,*,#1884,.F.);
#246=ORIENTED_EDGE('',*,*,#1885,.F.);
#247=ORIENTED_EDGE('',*,*,#1886,.T.);
#248=ORIENTED_EDGE('',*,*,#1887,.T.);
#249=ORIENTED_EDGE('',*,*,#1888,.F.);
#250=ORIENTED_EDGE('',*,*,#1889,.F.);
#251=ORIENTED_EDGE('',*,*,#1890,.F.);
#252=ORIENTED_EDGE('',*,*,#1891,.F.);
#253=ORIENTED_EDGE('',*,*,#1892,.F.);
#254=ORIENTED_EDGE('',*,*,#1888,.T.);
#255=ORIENTED_EDGE('',*,*,#1893,.F.);
#256=ORIENTED_EDGE('',*,*,#1894,.T.);
#257=ORIENTED_EDGE('',*,*,#1895,.F.);
#258=ORIENTED_EDGE('',*,*,#1896,.F.);
#259=ORIENTED_EDGE('',*,*,#1897,.F.);
#260=ORIENTED_EDGE('',*,*,#1898,.T.);
#261=ORIENTED_EDGE('',*,*,#1899,.F.);
#262=ORIENTED_EDGE('',*,*,#1900,.F.);
#263=ORIENTED_EDGE('',*,*,#1901,.F.);
#264=ORIENTED_EDGE('',*,*,#1902,.T.);
#265=ORIENTED_EDGE('',*,*,#1903,.F.);
#266=ORIENTED_EDGE('',*,*,#1904,.T.);
#267=ORIENTED_EDGE('',*,*,#1905,.T.);
#268=ORIENTED_EDGE('',*,*,#1906,.F.);
#269=ORIENTED_EDGE('',*,*,#1907,.T.);
#270=ORIENTED_EDGE('',*,*,#1908,.F.);
#271=ORIENTED_EDGE('',*,*,#1909,.T.);
#272=ORIENTED_EDGE('',*,*,#1910,.F.);
#273=ORIENTED_EDGE('',*,*,#1911,.T.);
#274=ORIENTED_EDGE('',*,*,#1912,.T.);
#275=ORIENTED_EDGE('',*,*,#1913,.F.);
#276=ORIENTED_EDGE('',*,*,#1914,.F.);
#277=ORIENTED_EDGE('',*,*,#1915,.F.);
#278=ORIENTED_EDGE('',*,*,#1890,.T.);
#279=ORIENTED_EDGE('',*,*,#1916,.T.);
#280=ORIENTED_EDGE('',*,*,#1891,.T.);
#281=ORIENTED_EDGE('',*,*,#1917,.T.);
#282=ORIENTED_EDGE('',*,*,#1918,.T.);
#283=ORIENTED_EDGE('',*,*,#1919,.T.);
#284=ORIENTED_EDGE('',*,*,#1911,.F.);
#285=ORIENTED_EDGE('',*,*,#1920,.T.);
#286=ORIENTED_EDGE('',*,*,#1921,.F.);
#287=ORIENTED_EDGE('',*,*,#1922,.F.);
#288=ORIENTED_EDGE('',*,*,#1923,.F.);
#289=ORIENTED_EDGE('',*,*,#1913,.T.);
#290=ORIENTED_EDGE('',*,*,#1924,.F.);
#291=ORIENTED_EDGE('',*,*,#1925,.F.);
#292=ORIENTED_EDGE('',*,*,#1926,.T.);
#293=ORIENTED_EDGE('',*,*,#1896,.T.);
#294=ORIENTED_EDGE('',*,*,#1927,.T.);
#295=ORIENTED_EDGE('',*,*,#1928,.T.);
#296=ORIENTED_EDGE('',*,*,#1894,.F.);
#297=ORIENTED_EDGE('',*,*,#1929,.F.);
#298=ORIENTED_EDGE('',*,*,#1925,.T.);
#299=ORIENTED_EDGE('',*,*,#1930,.T.);
#300=ORIENTED_EDGE('',*,*,#1927,.F.);
#301=ORIENTED_EDGE('',*,*,#1931,.F.);
#302=ORIENTED_EDGE('',*,*,#1932,.F.);
#303=ORIENTED_EDGE('',*,*,#1933,.T.);
#304=ORIENTED_EDGE('',*,*,#1877,.F.);
#305=ORIENTED_EDGE('',*,*,#1934,.F.);
#306=ORIENTED_EDGE('',*,*,#1935,.T.);
#307=ORIENTED_EDGE('',*,*,#1936,.T.);
#308=ORIENTED_EDGE('',*,*,#1937,.F.);
#309=ORIENTED_EDGE('',*,*,#1938,.F.);
#310=ORIENTED_EDGE('',*,*,#1939,.T.);
#311=ORIENTED_EDGE('',*,*,#1940,.F.);
#312=ORIENTED_EDGE('',*,*,#1883,.T.);
#313=ORIENTED_EDGE('',*,*,#1941,.F.);
#314=ORIENTED_EDGE('',*,*,#1942,.F.);
#315=ORIENTED_EDGE('',*,*,#1943,.T.);
#316=ORIENTED_EDGE('',*,*,#1944,.F.);
#317=ORIENTED_EDGE('',*,*,#1945,.T.);
#318=ORIENTED_EDGE('',*,*,#1946,.F.);
#319=ORIENTED_EDGE('',*,*,#1947,.T.);
#320=ORIENTED_EDGE('',*,*,#1948,.F.);
#321=ORIENTED_EDGE('',*,*,#1949,.F.);
#322=ORIENTED_EDGE('',*,*,#1950,.T.);
#323=ORIENTED_EDGE('',*,*,#1951,.T.);
#324=ORIENTED_EDGE('',*,*,#1952,.T.);
#325=ORIENTED_EDGE('',*,*,#1953,.F.);
#326=ORIENTED_EDGE('',*,*,#1954,.T.);
#327=ORIENTED_EDGE('',*,*,#1955,.T.);
#328=ORIENTED_EDGE('',*,*,#1956,.T.);
#329=ORIENTED_EDGE('',*,*,#1957,.T.);
#330=ORIENTED_EDGE('',*,*,#1958,.F.);
#331=ORIENTED_EDGE('',*,*,#1959,.F.);
#332=ORIENTED_EDGE('',*,*,#1960,.F.);
#333=ORIENTED_EDGE('',*,*,#1961,.T.);
#334=ORIENTED_EDGE('',*,*,#1962,.T.);
#335=ORIENTED_EDGE('',*,*,#1963,.T.);
#336=ORIENTED_EDGE('',*,*,#1964,.T.);
#337=ORIENTED_EDGE('',*,*,#1965,.T.);
#338=ORIENTED_EDGE('',*,*,#1966,.T.);
#339=ORIENTED_EDGE('',*,*,#1873,.F.);
#340=ORIENTED_EDGE('',*,*,#1967,.F.);
#341=ORIENTED_EDGE('',*,*,#1968,.F.);
#342=ORIENTED_EDGE('',*,*,#1969,.F.);
#343=ORIENTED_EDGE('',*,*,#1970,.T.);
#344=ORIENTED_EDGE('',*,*,#1971,.T.);
#345=ORIENTED_EDGE('',*,*,#1972,.F.);
#346=ORIENTED_EDGE('',*,*,#1973,.F.);
#347=ORIENTED_EDGE('',*,*,#1974,.T.);
#348=ORIENTED_EDGE('',*,*,#1975,.T.);
#349=ORIENTED_EDGE('',*,*,#1976,.T.);
#350=ORIENTED_EDGE('',*,*,#1944,.T.);
#351=ORIENTED_EDGE('',*,*,#1977,.T.);
#352=ORIENTED_EDGE('',*,*,#1978,.T.);
#353=ORIENTED_EDGE('',*,*,#1979,.F.);
#354=ORIENTED_EDGE('',*,*,#1980,.F.);
#355=ORIENTED_EDGE('',*,*,#1981,.F.);
#356=ORIENTED_EDGE('',*,*,#1982,.F.);
#357=ORIENTED_EDGE('',*,*,#1983,.F.);
#358=ORIENTED_EDGE('',*,*,#1984,.T.);
#359=ORIENTED_EDGE('',*,*,#1985,.F.);
#360=ORIENTED_EDGE('',*,*,#1986,.F.);
#361=ORIENTED_EDGE('',*,*,#1984,.F.);
#362=ORIENTED_EDGE('',*,*,#1987,.T.);
#363=ORIENTED_EDGE('',*,*,#1988,.T.);
#364=ORIENTED_EDGE('',*,*,#1989,.T.);
#365=ORIENTED_EDGE('',*,*,#1990,.F.);
#366=ORIENTED_EDGE('',*,*,#1991,.F.);
#367=ORIENTED_EDGE('',*,*,#1899,.T.);
#368=ORIENTED_EDGE('',*,*,#1992,.T.);
#369=ORIENTED_EDGE('',*,*,#1993,.T.);
#370=ORIENTED_EDGE('',*,*,#1994,.T.);
#371=ORIENTED_EDGE('',*,*,#1995,.F.);
#372=ORIENTED_EDGE('',*,*,#1996,.F.);
#373=ORIENTED_EDGE('',*,*,#1997,.F.);
#374=ORIENTED_EDGE('',*,*,#1998,.F.);
#375=ORIENTED_EDGE('',*,*,#1999,.F.);
#376=ORIENTED_EDGE('',*,*,#2000,.T.);
#377=ORIENTED_EDGE('',*,*,#2001,.T.);
#378=ORIENTED_EDGE('',*,*,#2002,.F.);
#379=ORIENTED_EDGE('',*,*,#2003,.T.);
#380=ORIENTED_EDGE('',*,*,#2004,.F.);
#381=ORIENTED_EDGE('',*,*,#1979,.T.);
#382=ORIENTED_EDGE('',*,*,#2005,.F.);
#383=ORIENTED_EDGE('',*,*,#2006,.T.);
#384=ORIENTED_EDGE('',*,*,#2007,.F.);
#385=ORIENTED_EDGE('',*,*,#2008,.F.);
#386=ORIENTED_EDGE('',*,*,#2009,.T.);
#387=ORIENTED_EDGE('',*,*,#2010,.T.);
#388=ORIENTED_EDGE('',*,*,#2011,.T.);
#389=ORIENTED_EDGE('',*,*,#2012,.F.);
#390=ORIENTED_EDGE('',*,*,#2013,.F.);
#391=ORIENTED_EDGE('',*,*,#2014,.F.);
#392=ORIENTED_EDGE('',*,*,#2015,.T.);
#393=ORIENTED_EDGE('',*,*,#2016,.T.);
#394=ORIENTED_EDGE('',*,*,#2017,.F.);
#395=ORIENTED_EDGE('',*,*,#2018,.F.);
#396=ORIENTED_EDGE('',*,*,#2019,.T.);
#397=ORIENTED_EDGE('',*,*,#2020,.T.);
#398=ORIENTED_EDGE('',*,*,#2021,.T.);
#399=ORIENTED_EDGE('',*,*,#2022,.F.);
#400=ORIENTED_EDGE('',*,*,#2023,.T.);
#401=ORIENTED_EDGE('',*,*,#2024,.T.);
#402=ORIENTED_EDGE('',*,*,#2025,.F.);
#403=ORIENTED_EDGE('',*,*,#2026,.F.);
#404=ORIENTED_EDGE('',*,*,#2027,.T.);
#405=ORIENTED_EDGE('',*,*,#2024,.F.);
#406=ORIENTED_EDGE('',*,*,#2028,.F.);
#407=ORIENTED_EDGE('',*,*,#2029,.T.);
#408=ORIENTED_EDGE('',*,*,#2030,.T.);
#409=ORIENTED_EDGE('',*,*,#2016,.F.);
#410=ORIENTED_EDGE('',*,*,#2031,.F.);
#411=ORIENTED_EDGE('',*,*,#2032,.F.);
#412=ORIENTED_EDGE('',*,*,#2033,.T.);
#413=ORIENTED_EDGE('',*,*,#2034,.T.);
#414=ORIENTED_EDGE('',*,*,#2035,.T.);
#415=ORIENTED_EDGE('',*,*,#2036,.F.);
#416=ORIENTED_EDGE('',*,*,#2037,.F.);
#417=ORIENTED_EDGE('',*,*,#2038,.T.);
#418=ORIENTED_EDGE('',*,*,#2039,.T.);
#419=ORIENTED_EDGE('',*,*,#2040,.F.);
#420=ORIENTED_EDGE('',*,*,#2041,.F.);
#421=ORIENTED_EDGE('',*,*,#2042,.T.);
#422=ORIENTED_EDGE('',*,*,#2043,.T.);
#423=ORIENTED_EDGE('',*,*,#2044,.F.);
#424=ORIENTED_EDGE('',*,*,#2045,.F.);
#425=ORIENTED_EDGE('',*,*,#2046,.T.);
#426=ORIENTED_EDGE('',*,*,#2047,.T.);
#427=ORIENTED_EDGE('',*,*,#2048,.F.);
#428=ORIENTED_EDGE('',*,*,#2049,.F.);
#429=ORIENTED_EDGE('',*,*,#2050,.T.);
#430=ORIENTED_EDGE('',*,*,#2051,.T.);
#431=ORIENTED_EDGE('',*,*,#2052,.F.);
#432=ORIENTED_EDGE('',*,*,#2053,.T.);
#433=ORIENTED_EDGE('',*,*,#2054,.T.);
#434=ORIENTED_EDGE('',*,*,#2055,.T.);
#435=ORIENTED_EDGE('',*,*,#2056,.F.);
#436=ORIENTED_EDGE('',*,*,#2057,.F.);
#437=ORIENTED_EDGE('',*,*,#2058,.T.);
#438=ORIENTED_EDGE('',*,*,#2059,.T.);
#439=ORIENTED_EDGE('',*,*,#2060,.T.);
#440=ORIENTED_EDGE('',*,*,#2061,.T.);
#441=ORIENTED_EDGE('',*,*,#2062,.T.);
#442=ORIENTED_EDGE('',*,*,#2063,.T.);
#443=ORIENTED_EDGE('',*,*,#2064,.F.);
#444=ORIENTED_EDGE('',*,*,#2065,.F.);
#445=ORIENTED_EDGE('',*,*,#2066,.F.);
#446=ORIENTED_EDGE('',*,*,#2067,.F.);
#447=ORIENTED_EDGE('',*,*,#2068,.F.);
#448=ORIENTED_EDGE('',*,*,#2069,.F.);
#449=ORIENTED_EDGE('',*,*,#2070,.T.);
#450=ORIENTED_EDGE('',*,*,#2071,.T.);
#451=ORIENTED_EDGE('',*,*,#2072,.F.);
#452=ORIENTED_EDGE('',*,*,#2073,.T.);
#453=ORIENTED_EDGE('',*,*,#2074,.T.);
#454=ORIENTED_EDGE('',*,*,#2075,.T.);
#455=ORIENTED_EDGE('',*,*,#2076,.F.);
#456=ORIENTED_EDGE('',*,*,#2077,.T.);
#457=ORIENTED_EDGE('',*,*,#2078,.T.);
#458=ORIENTED_EDGE('',*,*,#2079,.F.);
#459=ORIENTED_EDGE('',*,*,#2080,.T.);
#460=ORIENTED_EDGE('',*,*,#2081,.F.);
#461=ORIENTED_EDGE('',*,*,#1865,.T.);
#462=ORIENTED_EDGE('',*,*,#2082,.F.);
#463=ORIENTED_EDGE('',*,*,#1904,.F.);
#464=ORIENTED_EDGE('',*,*,#2083,.F.);
#465=ORIENTED_EDGE('',*,*,#1869,.F.);
#466=ORIENTED_EDGE('',*,*,#2084,.F.);
#467=ORIENTED_EDGE('',*,*,#2085,.T.);
#468=ORIENTED_EDGE('',*,*,#2086,.F.);
#469=ORIENTED_EDGE('',*,*,#2087,.F.);
#470=ORIENTED_EDGE('',*,*,#2088,.F.);
#471=ORIENTED_EDGE('',*,*,#2089,.F.);
#472=ORIENTED_EDGE('',*,*,#2090,.T.);
#473=ORIENTED_EDGE('',*,*,#2091,.F.);
#474=ORIENTED_EDGE('',*,*,#1889,.T.);
#475=ORIENTED_EDGE('',*,*,#1892,.T.);
#476=ORIENTED_EDGE('',*,*,#2092,.F.);
#477=ORIENTED_EDGE('',*,*,#2093,.T.);
#478=ORIENTED_EDGE('',*,*,#2094,.F.);
#479=ORIENTED_EDGE('',*,*,#2095,.F.);
#480=ORIENTED_EDGE('',*,*,#2096,.T.);
#481=ORIENTED_EDGE('',*,*,#2097,.T.);
#482=ORIENTED_EDGE('',*,*,#2098,.F.);
#483=ORIENTED_EDGE('',*,*,#1915,.T.);
#484=ORIENTED_EDGE('',*,*,#2099,.F.);
#485=ORIENTED_EDGE('',*,*,#2100,.T.);
#486=ORIENTED_EDGE('',*,*,#2092,.T.);
#487=ORIENTED_EDGE('',*,*,#2101,.T.);
#488=ORIENTED_EDGE('',*,*,#2102,.F.);
#489=ORIENTED_EDGE('',*,*,#2103,.T.);
#490=ORIENTED_EDGE('',*,*,#2032,.T.);
#491=ORIENTED_EDGE('',*,*,#2104,.F.);
#492=ORIENTED_EDGE('',*,*,#2097,.F.);
#493=ORIENTED_EDGE('',*,*,#2105,.F.);
#494=ORIENTED_EDGE('',*,*,#2106,.F.);
#495=ORIENTED_EDGE('',*,*,#2107,.T.);
#496=ORIENTED_EDGE('',*,*,#2093,.F.);
#497=ORIENTED_EDGE('',*,*,#2100,.F.);
#498=ORIENTED_EDGE('',*,*,#2108,.T.);
#499=ORIENTED_EDGE('',*,*,#2109,.T.);
#500=ORIENTED_EDGE('',*,*,#2110,.T.);
#501=ORIENTED_EDGE('',*,*,#2111,.T.);
#502=ORIENTED_EDGE('',*,*,#2112,.T.);
#503=ORIENTED_EDGE('',*,*,#2096,.F.);
#504=ORIENTED_EDGE('',*,*,#2113,.F.);
#505=ORIENTED_EDGE('',*,*,#2114,.T.);
#506=ORIENTED_EDGE('',*,*,#2105,.T.);
#507=ORIENTED_EDGE('',*,*,#2115,.T.);
#508=ORIENTED_EDGE('',*,*,#2094,.T.);
#509=ORIENTED_EDGE('',*,*,#2107,.F.);
#510=ORIENTED_EDGE('',*,*,#2116,.F.);
#511=ORIENTED_EDGE('',*,*,#2113,.T.);
#512=ORIENTED_EDGE('',*,*,#2095,.T.);
#513=ORIENTED_EDGE('',*,*,#2115,.F.);
#514=ORIENTED_EDGE('',*,*,#2117,.T.);
#515=ORIENTED_EDGE('',*,*,#2118,.F.);
#516=ORIENTED_EDGE('',*,*,#1948,.T.);
#517=ORIENTED_EDGE('',*,*,#2119,.T.);
#518=ORIENTED_EDGE('',*,*,#2001,.F.);
#519=ORIENTED_EDGE('',*,*,#2120,.F.);
#520=ORIENTED_EDGE('',*,*,#2121,.F.);
#521=ORIENTED_EDGE('',*,*,#2122,.F.);
#522=ORIENTED_EDGE('',*,*,#2123,.F.);
#523=ORIENTED_EDGE('',*,*,#2124,.F.);
#524=ORIENTED_EDGE('',*,*,#2125,.F.);
#525=ORIENTED_EDGE('',*,*,#2126,.T.);
#526=ORIENTED_EDGE('',*,*,#2127,.T.);
#527=ORIENTED_EDGE('',*,*,#2128,.F.);
#528=ORIENTED_EDGE('',*,*,#2129,.T.);
#529=ORIENTED_EDGE('',*,*,#2130,.T.);
#530=ORIENTED_EDGE('',*,*,#2131,.F.);
#531=ORIENTED_EDGE('',*,*,#2132,.F.);
#532=ORIENTED_EDGE('',*,*,#2133,.T.);
#533=ORIENTED_EDGE('',*,*,#2134,.T.);
#534=ORIENTED_EDGE('',*,*,#2135,.F.);
#535=ORIENTED_EDGE('',*,*,#2136,.F.);
#536=ORIENTED_EDGE('',*,*,#2137,.T.);
#537=ORIENTED_EDGE('',*,*,#2138,.T.);
#538=ORIENTED_EDGE('',*,*,#2139,.F.);
#539=ORIENTED_EDGE('',*,*,#2140,.F.);
#540=ORIENTED_EDGE('',*,*,#2141,.T.);
#541=ORIENTED_EDGE('',*,*,#2142,.T.);
#542=ORIENTED_EDGE('',*,*,#2143,.F.);
#543=ORIENTED_EDGE('',*,*,#2144,.F.);
#544=ORIENTED_EDGE('',*,*,#2145,.F.);
#545=ORIENTED_EDGE('',*,*,#2146,.T.);
#546=ORIENTED_EDGE('',*,*,#2147,.F.);
#547=ORIENTED_EDGE('',*,*,#2148,.F.);
#548=ORIENTED_EDGE('',*,*,#2149,.T.);
#549=ORIENTED_EDGE('',*,*,#2150,.T.);
#550=ORIENTED_EDGE('',*,*,#2151,.F.);
#551=ORIENTED_EDGE('',*,*,#2152,.F.);
#552=ORIENTED_EDGE('',*,*,#2153,.T.);
#553=ORIENTED_EDGE('',*,*,#2154,.F.);
#554=ORIENTED_EDGE('',*,*,#2155,.F.);
#555=ORIENTED_EDGE('',*,*,#2156,.T.);
#556=ORIENTED_EDGE('',*,*,#2157,.T.);
#557=ORIENTED_EDGE('',*,*,#2084,.T.);
#558=ORIENTED_EDGE('',*,*,#2158,.F.);
#559=ORIENTED_EDGE('',*,*,#2159,.T.);
#560=ORIENTED_EDGE('',*,*,#2071,.F.);
#561=ORIENTED_EDGE('',*,*,#2160,.F.);
#562=ORIENTED_EDGE('',*,*,#2161,.F.);
#563=ORIENTED_EDGE('',*,*,#2162,.T.);
#564=ORIENTED_EDGE('',*,*,#2163,.T.);
#565=ORIENTED_EDGE('',*,*,#2069,.T.);
#566=ORIENTED_EDGE('',*,*,#1989,.F.);
#567=ORIENTED_EDGE('',*,*,#2164,.T.);
#568=ORIENTED_EDGE('',*,*,#2165,.F.);
#569=ORIENTED_EDGE('',*,*,#2166,.T.);
#570=ORIENTED_EDGE('',*,*,#2167,.F.);
#571=ORIENTED_EDGE('',*,*,#2168,.T.);
#572=ORIENTED_EDGE('',*,*,#1993,.F.);
#573=ORIENTED_EDGE('',*,*,#2169,.F.);
#574=ORIENTED_EDGE('',*,*,#2170,.F.);
#575=ORIENTED_EDGE('',*,*,#1917,.F.);
#576=ORIENTED_EDGE('',*,*,#2171,.F.);
#577=ORIENTED_EDGE('',*,*,#2172,.T.);
#578=ORIENTED_EDGE('',*,*,#2173,.T.);
#579=ORIENTED_EDGE('',*,*,#1909,.F.);
#580=ORIENTED_EDGE('',*,*,#2168,.F.);
#581=ORIENTED_EDGE('',*,*,#2174,.T.);
#582=ORIENTED_EDGE('',*,*,#1900,.T.);
#583=ORIENTED_EDGE('',*,*,#1994,.F.);
#584=ORIENTED_EDGE('',*,*,#2175,.F.);
#585=ORIENTED_EDGE('',*,*,#2158,.T.);
#586=ORIENTED_EDGE('',*,*,#2176,.T.);
#587=ORIENTED_EDGE('',*,*,#2177,.T.);
#588=ORIENTED_EDGE('',*,*,#2178,.F.);
#589=ORIENTED_EDGE('',*,*,#2179,.T.);
#590=ORIENTED_EDGE('',*,*,#2180,.F.);
#591=ORIENTED_EDGE('',*,*,#2181,.F.);
#592=ORIENTED_EDGE('',*,*,#2182,.T.);
#593=ORIENTED_EDGE('',*,*,#2162,.F.);
#594=ORIENTED_EDGE('',*,*,#2183,.F.);
#595=ORIENTED_EDGE('',*,*,#2184,.F.);
#596=ORIENTED_EDGE('',*,*,#2185,.T.);
#597=ORIENTED_EDGE('',*,*,#2186,.T.);
#598=ORIENTED_EDGE('',*,*,#2187,.F.);
#599=ORIENTED_EDGE('',*,*,#2188,.F.);
#600=ORIENTED_EDGE('',*,*,#2189,.F.);
#601=ORIENTED_EDGE('',*,*,#2190,.F.);
#602=ORIENTED_EDGE('',*,*,#2191,.T.);
#603=ORIENTED_EDGE('',*,*,#2192,.T.);
#604=ORIENTED_EDGE('',*,*,#2193,.F.);
#605=ORIENTED_EDGE('',*,*,#2194,.F.);
#606=ORIENTED_EDGE('',*,*,#2159,.F.);
#607=ORIENTED_EDGE('',*,*,#2175,.T.);
#608=ORIENTED_EDGE('',*,*,#2161,.T.);
#609=ORIENTED_EDGE('',*,*,#2068,.T.);
#610=ORIENTED_EDGE('',*,*,#2195,.F.);
#611=ORIENTED_EDGE('',*,*,#2196,.T.);
#612=ORIENTED_EDGE('',*,*,#2176,.F.);
#613=ORIENTED_EDGE('',*,*,#2160,.T.);
#614=ORIENTED_EDGE('',*,*,#2070,.F.);
#615=ORIENTED_EDGE('',*,*,#2163,.F.);
#616=ORIENTED_EDGE('',*,*,#2182,.F.);
#617=ORIENTED_EDGE('',*,*,#2197,.F.);
#618=ORIENTED_EDGE('',*,*,#2198,.F.);
#619=ORIENTED_EDGE('',*,*,#1875,.T.);
#620=ORIENTED_EDGE('',*,*,#2199,.F.);
#621=ORIENTED_EDGE('',*,*,#2200,.T.);
#622=ORIENTED_EDGE('',*,*,#2201,.T.);
#623=ORIENTED_EDGE('',*,*,#2202,.T.);
#624=ORIENTED_EDGE('',*,*,#2203,.T.);
#625=ORIENTED_EDGE('',*,*,#2204,.T.);
#626=ORIENTED_EDGE('',*,*,#2205,.T.);
#627=ORIENTED_EDGE('',*,*,#2206,.T.);
#628=ORIENTED_EDGE('',*,*,#2207,.T.);
#629=ORIENTED_EDGE('',*,*,#2208,.T.);
#630=ORIENTED_EDGE('',*,*,#2209,.T.);
#631=ORIENTED_EDGE('',*,*,#2210,.T.);
#632=ORIENTED_EDGE('',*,*,#2211,.T.);
#633=ORIENTED_EDGE('',*,*,#2212,.T.);
#634=ORIENTED_EDGE('',*,*,#2213,.T.);
#635=ORIENTED_EDGE('',*,*,#2214,.T.);
#636=ORIENTED_EDGE('',*,*,#2215,.T.);
#637=ORIENTED_EDGE('',*,*,#2216,.T.);
#638=ORIENTED_EDGE('',*,*,#2217,.T.);
#639=ORIENTED_EDGE('',*,*,#2218,.T.);
#640=ORIENTED_EDGE('',*,*,#2219,.T.);
#641=ORIENTED_EDGE('',*,*,#2220,.T.);
#642=ORIENTED_EDGE('',*,*,#2221,.T.);
#643=ORIENTED_EDGE('',*,*,#2222,.T.);
#644=ORIENTED_EDGE('',*,*,#2223,.T.);
#645=ORIENTED_EDGE('',*,*,#2224,.T.);
#646=ORIENTED_EDGE('',*,*,#2225,.T.);
#647=ORIENTED_EDGE('',*,*,#2226,.T.);
#648=ORIENTED_EDGE('',*,*,#2227,.T.);
#649=ORIENTED_EDGE('',*,*,#2228,.T.);
#650=ORIENTED_EDGE('',*,*,#2229,.T.);
#651=ORIENTED_EDGE('',*,*,#2230,.T.);
#652=ORIENTED_EDGE('',*,*,#2231,.T.);
#653=ORIENTED_EDGE('',*,*,#2232,.T.);
#654=ORIENTED_EDGE('',*,*,#2233,.T.);
#655=ORIENTED_EDGE('',*,*,#2234,.T.);
#656=ORIENTED_EDGE('',*,*,#2235,.T.);
#657=ORIENTED_EDGE('',*,*,#2236,.T.);
#658=ORIENTED_EDGE('',*,*,#2237,.T.);
#659=ORIENTED_EDGE('',*,*,#2238,.T.);
#660=ORIENTED_EDGE('',*,*,#2239,.T.);
#661=ORIENTED_EDGE('',*,*,#2240,.T.);
#662=ORIENTED_EDGE('',*,*,#2241,.T.);
#663=ORIENTED_EDGE('',*,*,#2242,.T.);
#664=ORIENTED_EDGE('',*,*,#2243,.T.);
#665=ORIENTED_EDGE('',*,*,#2244,.T.);
#666=ORIENTED_EDGE('',*,*,#2245,.T.);
#667=ORIENTED_EDGE('',*,*,#2246,.T.);
#668=ORIENTED_EDGE('',*,*,#2247,.T.);
#669=ORIENTED_EDGE('',*,*,#2248,.T.);
#670=ORIENTED_EDGE('',*,*,#2249,.T.);
#671=ORIENTED_EDGE('',*,*,#2250,.T.);
#672=ORIENTED_EDGE('',*,*,#2251,.T.);
#673=ORIENTED_EDGE('',*,*,#2252,.T.);
#674=ORIENTED_EDGE('',*,*,#2253,.T.);
#675=ORIENTED_EDGE('',*,*,#2254,.T.);
#676=ORIENTED_EDGE('',*,*,#2255,.T.);
#677=ORIENTED_EDGE('',*,*,#2256,.T.);
#678=ORIENTED_EDGE('',*,*,#2257,.T.);
#679=ORIENTED_EDGE('',*,*,#2258,.T.);
#680=ORIENTED_EDGE('',*,*,#2259,.T.);
#681=ORIENTED_EDGE('',*,*,#2260,.T.);
#682=ORIENTED_EDGE('',*,*,#2261,.T.);
#683=ORIENTED_EDGE('',*,*,#2262,.T.);
#684=ORIENTED_EDGE('',*,*,#2263,.T.);
#685=ORIENTED_EDGE('',*,*,#2264,.T.);
#686=ORIENTED_EDGE('',*,*,#2265,.T.);
#687=ORIENTED_EDGE('',*,*,#2266,.T.);
#688=ORIENTED_EDGE('',*,*,#2267,.T.);
#689=ORIENTED_EDGE('',*,*,#2268,.T.);
#690=ORIENTED_EDGE('',*,*,#2269,.T.);
#691=ORIENTED_EDGE('',*,*,#1870,.F.);
#692=ORIENTED_EDGE('',*,*,#2270,.F.);
#693=ORIENTED_EDGE('',*,*,#2271,.F.);
#694=ORIENTED_EDGE('',*,*,#2272,.F.);
#695=ORIENTED_EDGE('',*,*,#2273,.F.);
#696=ORIENTED_EDGE('',*,*,#1871,.T.);
#697=ORIENTED_EDGE('',*,*,#2272,.T.);
#698=ORIENTED_EDGE('',*,*,#2274,.F.);
#699=ORIENTED_EDGE('',*,*,#2275,.F.);
#700=ORIENTED_EDGE('',*,*,#2276,.F.);
#701=ORIENTED_EDGE('',*,*,#2277,.T.);
#702=ORIENTED_EDGE('',*,*,#2278,.T.);
#703=ORIENTED_EDGE('',*,*,#2279,.F.);
#704=ORIENTED_EDGE('',*,*,#2280,.F.);
#705=ORIENTED_EDGE('',*,*,#2281,.T.);
#706=ORIENTED_EDGE('',*,*,#2276,.T.);
#707=ORIENTED_EDGE('',*,*,#2282,.F.);
#708=ORIENTED_EDGE('',*,*,#2283,.F.);
#709=ORIENTED_EDGE('',*,*,#2284,.T.);
#710=ORIENTED_EDGE('',*,*,#2280,.T.);
#711=ORIENTED_EDGE('',*,*,#2285,.F.);
#712=ORIENTED_EDGE('',*,*,#2286,.F.);
#713=ORIENTED_EDGE('',*,*,#2287,.T.);
#714=ORIENTED_EDGE('',*,*,#2283,.T.);
#715=ORIENTED_EDGE('',*,*,#2288,.F.);
#716=ORIENTED_EDGE('',*,*,#2289,.F.);
#717=ORIENTED_EDGE('',*,*,#2290,.T.);
#718=ORIENTED_EDGE('',*,*,#2286,.T.);
#719=ORIENTED_EDGE('',*,*,#2291,.F.);
#720=ORIENTED_EDGE('',*,*,#2292,.F.);
#721=ORIENTED_EDGE('',*,*,#2293,.T.);
#722=ORIENTED_EDGE('',*,*,#2289,.T.);
#723=ORIENTED_EDGE('',*,*,#2294,.F.);
#724=ORIENTED_EDGE('',*,*,#2295,.F.);
#725=ORIENTED_EDGE('',*,*,#2296,.T.);
#726=ORIENTED_EDGE('',*,*,#2292,.T.);
#727=ORIENTED_EDGE('',*,*,#2297,.F.);
#728=ORIENTED_EDGE('',*,*,#2298,.F.);
#729=ORIENTED_EDGE('',*,*,#2299,.T.);
#730=ORIENTED_EDGE('',*,*,#2295,.T.);
#731=ORIENTED_EDGE('',*,*,#2300,.F.);
#732=ORIENTED_EDGE('',*,*,#2301,.F.);
#733=ORIENTED_EDGE('',*,*,#2302,.T.);
#734=ORIENTED_EDGE('',*,*,#2298,.T.);
#735=ORIENTED_EDGE('',*,*,#2303,.F.);
#736=ORIENTED_EDGE('',*,*,#2304,.F.);
#737=ORIENTED_EDGE('',*,*,#2305,.T.);
#738=ORIENTED_EDGE('',*,*,#2301,.T.);
#739=ORIENTED_EDGE('',*,*,#2306,.F.);
#740=ORIENTED_EDGE('',*,*,#2307,.F.);
#741=ORIENTED_EDGE('',*,*,#2308,.T.);
#742=ORIENTED_EDGE('',*,*,#2304,.T.);
#743=ORIENTED_EDGE('',*,*,#2260,.F.);
#744=ORIENTED_EDGE('',*,*,#2309,.F.);
#745=ORIENTED_EDGE('',*,*,#2310,.T.);
#746=ORIENTED_EDGE('',*,*,#2311,.T.);
#747=ORIENTED_EDGE('',*,*,#2259,.F.);
#748=ORIENTED_EDGE('',*,*,#2312,.F.);
#749=ORIENTED_EDGE('',*,*,#2313,.T.);
#750=ORIENTED_EDGE('',*,*,#2309,.T.);
#751=ORIENTED_EDGE('',*,*,#2258,.F.);
#752=ORIENTED_EDGE('',*,*,#2314,.F.);
#753=ORIENTED_EDGE('',*,*,#2315,.T.);
#754=ORIENTED_EDGE('',*,*,#2312,.T.);
#755=ORIENTED_EDGE('',*,*,#2269,.F.);
#756=ORIENTED_EDGE('',*,*,#2316,.F.);
#757=ORIENTED_EDGE('',*,*,#2317,.T.);
#758=ORIENTED_EDGE('',*,*,#2314,.T.);
#759=ORIENTED_EDGE('',*,*,#2268,.F.);
#760=ORIENTED_EDGE('',*,*,#2318,.F.);
#761=ORIENTED_EDGE('',*,*,#2319,.T.);
#762=ORIENTED_EDGE('',*,*,#2316,.T.);
#763=ORIENTED_EDGE('',*,*,#2267,.F.);
#764=ORIENTED_EDGE('',*,*,#2320,.F.);
#765=ORIENTED_EDGE('',*,*,#2321,.T.);
#766=ORIENTED_EDGE('',*,*,#2318,.T.);
#767=ORIENTED_EDGE('',*,*,#2266,.F.);
#768=ORIENTED_EDGE('',*,*,#2322,.F.);
#769=ORIENTED_EDGE('',*,*,#2323,.T.);
#770=ORIENTED_EDGE('',*,*,#2320,.T.);
#771=ORIENTED_EDGE('',*,*,#2265,.F.);
#772=ORIENTED_EDGE('',*,*,#2324,.F.);
#773=ORIENTED_EDGE('',*,*,#2325,.T.);
#774=ORIENTED_EDGE('',*,*,#2322,.T.);
#775=ORIENTED_EDGE('',*,*,#2264,.F.);
#776=ORIENTED_EDGE('',*,*,#2326,.F.);
#777=ORIENTED_EDGE('',*,*,#2327,.T.);
#778=ORIENTED_EDGE('',*,*,#2324,.T.);
#779=ORIENTED_EDGE('',*,*,#2263,.F.);
#780=ORIENTED_EDGE('',*,*,#2328,.F.);
#781=ORIENTED_EDGE('',*,*,#2329,.T.);
#782=ORIENTED_EDGE('',*,*,#2326,.T.);
#783=ORIENTED_EDGE('',*,*,#2262,.F.);
#784=ORIENTED_EDGE('',*,*,#2330,.F.);
#785=ORIENTED_EDGE('',*,*,#2331,.T.);
#786=ORIENTED_EDGE('',*,*,#2328,.T.);
#787=ORIENTED_EDGE('',*,*,#2261,.F.);
#788=ORIENTED_EDGE('',*,*,#2311,.F.);
#789=ORIENTED_EDGE('',*,*,#2332,.T.);
#790=ORIENTED_EDGE('',*,*,#2330,.T.);
#791=ORIENTED_EDGE('',*,*,#2333,.F.);
#792=ORIENTED_EDGE('',*,*,#2278,.F.);
#793=ORIENTED_EDGE('',*,*,#2334,.T.);
#794=ORIENTED_EDGE('',*,*,#2307,.T.);
#795=ORIENTED_EDGE('',*,*,#2310,.F.);
#796=ORIENTED_EDGE('',*,*,#2313,.F.);
#797=ORIENTED_EDGE('',*,*,#2315,.F.);
#798=ORIENTED_EDGE('',*,*,#2317,.F.);
#799=ORIENTED_EDGE('',*,*,#2319,.F.);
#800=ORIENTED_EDGE('',*,*,#2321,.F.);
#801=ORIENTED_EDGE('',*,*,#2323,.F.);
#802=ORIENTED_EDGE('',*,*,#2325,.F.);
#803=ORIENTED_EDGE('',*,*,#2327,.F.);
#804=ORIENTED_EDGE('',*,*,#2329,.F.);
#805=ORIENTED_EDGE('',*,*,#2331,.F.);
#806=ORIENTED_EDGE('',*,*,#2332,.F.);
#807=ORIENTED_EDGE('',*,*,#2277,.F.);
#808=ORIENTED_EDGE('',*,*,#2281,.F.);
#809=ORIENTED_EDGE('',*,*,#2284,.F.);
#810=ORIENTED_EDGE('',*,*,#2287,.F.);
#811=ORIENTED_EDGE('',*,*,#2290,.F.);
#812=ORIENTED_EDGE('',*,*,#2293,.F.);
#813=ORIENTED_EDGE('',*,*,#2296,.F.);
#814=ORIENTED_EDGE('',*,*,#2299,.F.);
#815=ORIENTED_EDGE('',*,*,#2302,.F.);
#816=ORIENTED_EDGE('',*,*,#2305,.F.);
#817=ORIENTED_EDGE('',*,*,#2308,.F.);
#818=ORIENTED_EDGE('',*,*,#2334,.F.);
#819=ORIENTED_EDGE('',*,*,#2335,.F.);
#820=ORIENTED_EDGE('',*,*,#2336,.F.);
#821=ORIENTED_EDGE('',*,*,#2337,.F.);
#822=ORIENTED_EDGE('',*,*,#2338,.F.);
#823=ORIENTED_EDGE('',*,*,#2339,.F.);
#824=ORIENTED_EDGE('',*,*,#2340,.F.);
#825=ORIENTED_EDGE('',*,*,#2341,.F.);
#826=ORIENTED_EDGE('',*,*,#2342,.F.);
#827=ORIENTED_EDGE('',*,*,#2203,.F.);
#828=ORIENTED_EDGE('',*,*,#2343,.F.);
#829=ORIENTED_EDGE('',*,*,#2342,.T.);
#830=ORIENTED_EDGE('',*,*,#2344,.T.);
#831=ORIENTED_EDGE('',*,*,#2204,.F.);
#832=ORIENTED_EDGE('',*,*,#2344,.F.);
#833=ORIENTED_EDGE('',*,*,#2341,.T.);
#834=ORIENTED_EDGE('',*,*,#2345,.T.);
#835=ORIENTED_EDGE('',*,*,#2205,.F.);
#836=ORIENTED_EDGE('',*,*,#2345,.F.);
#837=ORIENTED_EDGE('',*,*,#2340,.T.);
#838=ORIENTED_EDGE('',*,*,#2346,.T.);
#839=ORIENTED_EDGE('',*,*,#2206,.F.);
#840=ORIENTED_EDGE('',*,*,#2346,.F.);
#841=ORIENTED_EDGE('',*,*,#2339,.T.);
#842=ORIENTED_EDGE('',*,*,#2347,.T.);
#843=ORIENTED_EDGE('',*,*,#2207,.F.);
#844=ORIENTED_EDGE('',*,*,#2347,.F.);
#845=ORIENTED_EDGE('',*,*,#2338,.T.);
#846=ORIENTED_EDGE('',*,*,#2348,.T.);
#847=ORIENTED_EDGE('',*,*,#2200,.F.);
#848=ORIENTED_EDGE('',*,*,#2348,.F.);
#849=ORIENTED_EDGE('',*,*,#2337,.T.);
#850=ORIENTED_EDGE('',*,*,#2349,.T.);
#851=ORIENTED_EDGE('',*,*,#2201,.F.);
#852=ORIENTED_EDGE('',*,*,#2349,.F.);
#853=ORIENTED_EDGE('',*,*,#2336,.T.);
#854=ORIENTED_EDGE('',*,*,#2350,.T.);
#855=ORIENTED_EDGE('',*,*,#2202,.F.);
#856=ORIENTED_EDGE('',*,*,#2350,.F.);
#857=ORIENTED_EDGE('',*,*,#2335,.T.);
#858=ORIENTED_EDGE('',*,*,#2343,.T.);
#859=ORIENTED_EDGE('',*,*,#2351,.F.);
#860=ORIENTED_EDGE('',*,*,#2352,.F.);
#861=ORIENTED_EDGE('',*,*,#2353,.F.);
#862=ORIENTED_EDGE('',*,*,#2354,.F.);
#863=ORIENTED_EDGE('',*,*,#2211,.F.);
#864=ORIENTED_EDGE('',*,*,#2355,.F.);
#865=ORIENTED_EDGE('',*,*,#2354,.T.);
#866=ORIENTED_EDGE('',*,*,#2356,.T.);
#867=ORIENTED_EDGE('',*,*,#2208,.F.);
#868=ORIENTED_EDGE('',*,*,#2356,.F.);
#869=ORIENTED_EDGE('',*,*,#2353,.T.);
#870=ORIENTED_EDGE('',*,*,#2357,.T.);
#871=ORIENTED_EDGE('',*,*,#2209,.F.);
#872=ORIENTED_EDGE('',*,*,#2357,.F.);
#873=ORIENTED_EDGE('',*,*,#2352,.T.);
#874=ORIENTED_EDGE('',*,*,#2358,.T.);
#875=ORIENTED_EDGE('',*,*,#2210,.F.);
#876=ORIENTED_EDGE('',*,*,#2358,.F.);
#877=ORIENTED_EDGE('',*,*,#2351,.T.);
#878=ORIENTED_EDGE('',*,*,#2355,.T.);
#879=ORIENTED_EDGE('',*,*,#2359,.F.);
#880=ORIENTED_EDGE('',*,*,#2360,.F.);
#881=ORIENTED_EDGE('',*,*,#2361,.F.);
#882=ORIENTED_EDGE('',*,*,#2362,.F.);
#883=ORIENTED_EDGE('',*,*,#2363,.F.);
#884=ORIENTED_EDGE('',*,*,#2364,.F.);
#885=ORIENTED_EDGE('',*,*,#2365,.F.);
#886=ORIENTED_EDGE('',*,*,#2366,.F.);
#887=ORIENTED_EDGE('',*,*,#2367,.F.);
#888=ORIENTED_EDGE('',*,*,#2368,.F.);
#889=ORIENTED_EDGE('',*,*,#2369,.F.);
#890=ORIENTED_EDGE('',*,*,#2370,.F.);
#891=ORIENTED_EDGE('',*,*,#2219,.F.);
#892=ORIENTED_EDGE('',*,*,#2371,.F.);
#893=ORIENTED_EDGE('',*,*,#2366,.T.);
#894=ORIENTED_EDGE('',*,*,#2372,.T.);
#895=ORIENTED_EDGE('',*,*,#2220,.F.);
#896=ORIENTED_EDGE('',*,*,#2372,.F.);
#897=ORIENTED_EDGE('',*,*,#2365,.T.);
#898=ORIENTED_EDGE('',*,*,#2373,.T.);
#899=ORIENTED_EDGE('',*,*,#2221,.F.);
#900=ORIENTED_EDGE('',*,*,#2373,.F.);
#901=ORIENTED_EDGE('',*,*,#2364,.T.);
#902=ORIENTED_EDGE('',*,*,#2374,.T.);
#903=ORIENTED_EDGE('',*,*,#2215,.F.);
#904=ORIENTED_EDGE('',*,*,#2375,.F.);
#905=ORIENTED_EDGE('',*,*,#2370,.T.);
#906=ORIENTED_EDGE('',*,*,#2376,.T.);
#907=ORIENTED_EDGE('',*,*,#2216,.F.);
#908=ORIENTED_EDGE('',*,*,#2376,.F.);
#909=ORIENTED_EDGE('',*,*,#2369,.T.);
#910=ORIENTED_EDGE('',*,*,#2377,.T.);
#911=ORIENTED_EDGE('',*,*,#2217,.F.);
#912=ORIENTED_EDGE('',*,*,#2377,.F.);
#913=ORIENTED_EDGE('',*,*,#2368,.T.);
#914=ORIENTED_EDGE('',*,*,#2378,.T.);
#915=ORIENTED_EDGE('',*,*,#2223,.F.);
#916=ORIENTED_EDGE('',*,*,#2379,.F.);
#917=ORIENTED_EDGE('',*,*,#2362,.T.);
#918=ORIENTED_EDGE('',*,*,#2380,.T.);
#919=ORIENTED_EDGE('',*,*,#2212,.F.);
#920=ORIENTED_EDGE('',*,*,#2380,.F.);
#921=ORIENTED_EDGE('',*,*,#2361,.T.);
#922=ORIENTED_EDGE('',*,*,#2381,.T.);
#923=ORIENTED_EDGE('',*,*,#2213,.F.);
#924=ORIENTED_EDGE('',*,*,#2381,.F.);
#925=ORIENTED_EDGE('',*,*,#2360,.T.);
#926=ORIENTED_EDGE('',*,*,#2382,.T.);
#927=ORIENTED_EDGE('',*,*,#2214,.F.);
#928=ORIENTED_EDGE('',*,*,#2382,.F.);
#929=ORIENTED_EDGE('',*,*,#2359,.T.);
#930=ORIENTED_EDGE('',*,*,#2375,.T.);
#931=ORIENTED_EDGE('',*,*,#2218,.F.);
#932=ORIENTED_EDGE('',*,*,#2378,.F.);
#933=ORIENTED_EDGE('',*,*,#2367,.T.);
#934=ORIENTED_EDGE('',*,*,#2371,.T.);
#935=ORIENTED_EDGE('',*,*,#2222,.F.);
#936=ORIENTED_EDGE('',*,*,#2374,.F.);
#937=ORIENTED_EDGE('',*,*,#2363,.T.);
#938=ORIENTED_EDGE('',*,*,#2379,.T.);
#939=ORIENTED_EDGE('',*,*,#2383,.F.);
#940=ORIENTED_EDGE('',*,*,#2384,.F.);
#941=ORIENTED_EDGE('',*,*,#2385,.F.);
#942=ORIENTED_EDGE('',*,*,#2386,.F.);
#943=ORIENTED_EDGE('',*,*,#2387,.F.);
#944=ORIENTED_EDGE('',*,*,#2388,.F.);
#945=ORIENTED_EDGE('',*,*,#2389,.F.);
#946=ORIENTED_EDGE('',*,*,#2390,.F.);
#947=ORIENTED_EDGE('',*,*,#2391,.F.);
#948=ORIENTED_EDGE('',*,*,#2392,.F.);
#949=ORIENTED_EDGE('',*,*,#2393,.F.);
#950=ORIENTED_EDGE('',*,*,#2394,.F.);
#951=ORIENTED_EDGE('',*,*,#2395,.F.);
#952=ORIENTED_EDGE('',*,*,#2396,.F.);
#953=ORIENTED_EDGE('',*,*,#2397,.F.);
#954=ORIENTED_EDGE('',*,*,#2398,.F.);
#955=ORIENTED_EDGE('',*,*,#2399,.F.);
#956=ORIENTED_EDGE('',*,*,#2400,.F.);
#957=ORIENTED_EDGE('',*,*,#2401,.F.);
#958=ORIENTED_EDGE('',*,*,#2402,.F.);
#959=ORIENTED_EDGE('',*,*,#2403,.F.);
#960=ORIENTED_EDGE('',*,*,#2404,.F.);
#961=ORIENTED_EDGE('',*,*,#2405,.F.);
#962=ORIENTED_EDGE('',*,*,#2406,.F.);
#963=ORIENTED_EDGE('',*,*,#2407,.F.);
#964=ORIENTED_EDGE('',*,*,#2408,.F.);
#965=ORIENTED_EDGE('',*,*,#2409,.F.);
#966=ORIENTED_EDGE('',*,*,#2410,.F.);
#967=ORIENTED_EDGE('',*,*,#2411,.F.);
#968=ORIENTED_EDGE('',*,*,#2412,.F.);
#969=ORIENTED_EDGE('',*,*,#2413,.F.);
#970=ORIENTED_EDGE('',*,*,#2414,.F.);
#971=ORIENTED_EDGE('',*,*,#2415,.F.);
#972=ORIENTED_EDGE('',*,*,#2416,.F.);
#973=ORIENTED_EDGE('',*,*,#2226,.F.);
#974=ORIENTED_EDGE('',*,*,#2417,.F.);
#975=ORIENTED_EDGE('',*,*,#2416,.T.);
#976=ORIENTED_EDGE('',*,*,#2418,.T.);
#977=ORIENTED_EDGE('',*,*,#2227,.F.);
#978=ORIENTED_EDGE('',*,*,#2418,.F.);
#979=ORIENTED_EDGE('',*,*,#2415,.T.);
#980=ORIENTED_EDGE('',*,*,#2419,.T.);
#981=ORIENTED_EDGE('',*,*,#2228,.F.);
#982=ORIENTED_EDGE('',*,*,#2419,.F.);
#983=ORIENTED_EDGE('',*,*,#2414,.T.);
#984=ORIENTED_EDGE('',*,*,#2420,.T.);
#985=ORIENTED_EDGE('',*,*,#2229,.F.);
#986=ORIENTED_EDGE('',*,*,#2420,.F.);
#987=ORIENTED_EDGE('',*,*,#2413,.T.);
#988=ORIENTED_EDGE('',*,*,#2421,.T.);
#989=ORIENTED_EDGE('',*,*,#2230,.F.);
#990=ORIENTED_EDGE('',*,*,#2421,.F.);
#991=ORIENTED_EDGE('',*,*,#2412,.T.);
#992=ORIENTED_EDGE('',*,*,#2422,.T.);
#993=ORIENTED_EDGE('',*,*,#2231,.F.);
#994=ORIENTED_EDGE('',*,*,#2422,.F.);
#995=ORIENTED_EDGE('',*,*,#2411,.T.);
#996=ORIENTED_EDGE('',*,*,#2423,.T.);
#997=ORIENTED_EDGE('',*,*,#2232,.F.);
#998=ORIENTED_EDGE('',*,*,#2423,.F.);
#999=ORIENTED_EDGE('',*,*,#2410,.T.);
#1000=ORIENTED_EDGE('',*,*,#2424,.T.);
#1001=ORIENTED_EDGE('',*,*,#2233,.F.);
#1002=ORIENTED_EDGE('',*,*,#2424,.F.);
#1003=ORIENTED_EDGE('',*,*,#2409,.T.);
#1004=ORIENTED_EDGE('',*,*,#2425,.T.);
#1005=ORIENTED_EDGE('',*,*,#2234,.F.);
#1006=ORIENTED_EDGE('',*,*,#2425,.F.);
#1007=ORIENTED_EDGE('',*,*,#2408,.T.);
#1008=ORIENTED_EDGE('',*,*,#2426,.T.);
#1009=ORIENTED_EDGE('',*,*,#2235,.F.);
#1010=ORIENTED_EDGE('',*,*,#2426,.F.);
#1011=ORIENTED_EDGE('',*,*,#2407,.T.);
#1012=ORIENTED_EDGE('',*,*,#2427,.T.);
#1013=ORIENTED_EDGE('',*,*,#2236,.F.);
#1014=ORIENTED_EDGE('',*,*,#2427,.F.);
#1015=ORIENTED_EDGE('',*,*,#2406,.T.);
#1016=ORIENTED_EDGE('',*,*,#2428,.T.);
#1017=ORIENTED_EDGE('',*,*,#2237,.F.);
#1018=ORIENTED_EDGE('',*,*,#2428,.F.);
#1019=ORIENTED_EDGE('',*,*,#2405,.T.);
#1020=ORIENTED_EDGE('',*,*,#2429,.T.);
#1021=ORIENTED_EDGE('',*,*,#2238,.F.);
#1022=ORIENTED_EDGE('',*,*,#2429,.F.);
#1023=ORIENTED_EDGE('',*,*,#2404,.T.);
#1024=ORIENTED_EDGE('',*,*,#2430,.T.);
#1025=ORIENTED_EDGE('',*,*,#2251,.F.);
#1026=ORIENTED_EDGE('',*,*,#2431,.F.);
#1027=ORIENTED_EDGE('',*,*,#2391,.T.);
#1028=ORIENTED_EDGE('',*,*,#2432,.T.);
#1029=ORIENTED_EDGE('',*,*,#2252,.F.);
#1030=ORIENTED_EDGE('',*,*,#2432,.F.);
#1031=ORIENTED_EDGE('',*,*,#2390,.T.);
#1032=ORIENTED_EDGE('',*,*,#2433,.T.);
#1033=ORIENTED_EDGE('',*,*,#2253,.F.);
#1034=ORIENTED_EDGE('',*,*,#2433,.F.);
#1035=ORIENTED_EDGE('',*,*,#2389,.T.);
#1036=ORIENTED_EDGE('',*,*,#2434,.T.);
#1037=ORIENTED_EDGE('',*,*,#2254,.F.);
#1038=ORIENTED_EDGE('',*,*,#2434,.F.);
#1039=ORIENTED_EDGE('',*,*,#2388,.T.);
#1040=ORIENTED_EDGE('',*,*,#2435,.T.);
#1041=ORIENTED_EDGE('',*,*,#2255,.F.);
#1042=ORIENTED_EDGE('',*,*,#2435,.F.);
#1043=ORIENTED_EDGE('',*,*,#2387,.T.);
#1044=ORIENTED_EDGE('',*,*,#2436,.T.);
#1045=ORIENTED_EDGE('',*,*,#2256,.F.);
#1046=ORIENTED_EDGE('',*,*,#2436,.F.);
#1047=ORIENTED_EDGE('',*,*,#2386,.T.);
#1048=ORIENTED_EDGE('',*,*,#2437,.T.);
#1049=ORIENTED_EDGE('',*,*,#2257,.F.);
#1050=ORIENTED_EDGE('',*,*,#2437,.F.);
#1051=ORIENTED_EDGE('',*,*,#2385,.T.);
#1052=ORIENTED_EDGE('',*,*,#2438,.T.);
#1053=ORIENTED_EDGE('',*,*,#2224,.F.);
#1054=ORIENTED_EDGE('',*,*,#2438,.F.);
#1055=ORIENTED_EDGE('',*,*,#2384,.T.);
#1056=ORIENTED_EDGE('',*,*,#2439,.T.);
#1057=ORIENTED_EDGE('',*,*,#2225,.F.);
#1058=ORIENTED_EDGE('',*,*,#2439,.F.);
#1059=ORIENTED_EDGE('',*,*,#2383,.T.);
#1060=ORIENTED_EDGE('',*,*,#2417,.T.);
#1061=ORIENTED_EDGE('',*,*,#2239,.F.);
#1062=ORIENTED_EDGE('',*,*,#2430,.F.);
#1063=ORIENTED_EDGE('',*,*,#2403,.T.);
#1064=ORIENTED_EDGE('',*,*,#2440,.T.);
#1065=ORIENTED_EDGE('',*,*,#2240,.F.);
#1066=ORIENTED_EDGE('',*,*,#2440,.F.);
#1067=ORIENTED_EDGE('',*,*,#2402,.T.);
#1068=ORIENTED_EDGE('',*,*,#2441,.T.);
#1069=ORIENTED_EDGE('',*,*,#2241,.F.);
#1070=ORIENTED_EDGE('',*,*,#2441,.F.);
#1071=ORIENTED_EDGE('',*,*,#2401,.T.);
#1072=ORIENTED_EDGE('',*,*,#2442,.T.);
#1073=ORIENTED_EDGE('',*,*,#2242,.F.);
#1074=ORIENTED_EDGE('',*,*,#2442,.F.);
#1075=ORIENTED_EDGE('',*,*,#2400,.T.);
#1076=ORIENTED_EDGE('',*,*,#2443,.T.);
#1077=ORIENTED_EDGE('',*,*,#2243,.F.);
#1078=ORIENTED_EDGE('',*,*,#2443,.F.);
#1079=ORIENTED_EDGE('',*,*,#2399,.T.);
#1080=ORIENTED_EDGE('',*,*,#2444,.T.);
#1081=ORIENTED_EDGE('',*,*,#2244,.F.);
#1082=ORIENTED_EDGE('',*,*,#2444,.F.);
#1083=ORIENTED_EDGE('',*,*,#2398,.T.);
#1084=ORIENTED_EDGE('',*,*,#2445,.T.);
#1085=ORIENTED_EDGE('',*,*,#2245,.F.);
#1086=ORIENTED_EDGE('',*,*,#2445,.F.);
#1087=ORIENTED_EDGE('',*,*,#2397,.T.);
#1088=ORIENTED_EDGE('',*,*,#2446,.T.);
#1089=ORIENTED_EDGE('',*,*,#2246,.F.);
#1090=ORIENTED_EDGE('',*,*,#2446,.F.);
#1091=ORIENTED_EDGE('',*,*,#2396,.T.);
#1092=ORIENTED_EDGE('',*,*,#2447,.T.);
#1093=ORIENTED_EDGE('',*,*,#2247,.F.);
#1094=ORIENTED_EDGE('',*,*,#2447,.F.);
#1095=ORIENTED_EDGE('',*,*,#2395,.T.);
#1096=ORIENTED_EDGE('',*,*,#2448,.T.);
#1097=ORIENTED_EDGE('',*,*,#2248,.F.);
#1098=ORIENTED_EDGE('',*,*,#2448,.F.);
#1099=ORIENTED_EDGE('',*,*,#2394,.T.);
#1100=ORIENTED_EDGE('',*,*,#2449,.T.);
#1101=ORIENTED_EDGE('',*,*,#2249,.F.);
#1102=ORIENTED_EDGE('',*,*,#2449,.F.);
#1103=ORIENTED_EDGE('',*,*,#2393,.T.);
#1104=ORIENTED_EDGE('',*,*,#2450,.T.);
#1105=ORIENTED_EDGE('',*,*,#2250,.F.);
#1106=ORIENTED_EDGE('',*,*,#2450,.F.);
#1107=ORIENTED_EDGE('',*,*,#2392,.T.);
#1108=ORIENTED_EDGE('',*,*,#2431,.T.);
#1109=ORIENTED_EDGE('',*,*,#2451,.F.);
#1110=ORIENTED_EDGE('',*,*,#1985,.T.);
#1111=ORIENTED_EDGE('',*,*,#2452,.F.);
#1112=ORIENTED_EDGE('',*,*,#2172,.F.);
#1113=ORIENTED_EDGE('',*,*,#2453,.F.);
#1114=ORIENTED_EDGE('',*,*,#2454,.T.);
#1115=ORIENTED_EDGE('',*,*,#2455,.F.);
#1116=ORIENTED_EDGE('',*,*,#2456,.T.);
#1117=ORIENTED_EDGE('',*,*,#1916,.F.);
#1118=ORIENTED_EDGE('',*,*,#2081,.T.);
#1119=ORIENTED_EDGE('',*,*,#2457,.T.);
#1120=ORIENTED_EDGE('',*,*,#2458,.T.);
#1121=ORIENTED_EDGE('',*,*,#1964,.F.);
#1122=ORIENTED_EDGE('',*,*,#2459,.F.);
#1123=ORIENTED_EDGE('',*,*,#2460,.F.);
#1124=ORIENTED_EDGE('',*,*,#2456,.F.);
#1125=ORIENTED_EDGE('',*,*,#2461,.T.);
#1126=ORIENTED_EDGE('',*,*,#1905,.F.);
#1127=ORIENTED_EDGE('',*,*,#2082,.T.);
#1128=ORIENTED_EDGE('',*,*,#2462,.T.);
#1129=ORIENTED_EDGE('',*,*,#2463,.F.);
#1130=ORIENTED_EDGE('',*,*,#2464,.F.);
#1131=ORIENTED_EDGE('',*,*,#2458,.F.);
#1132=ORIENTED_EDGE('',*,*,#2465,.T.);
#1133=ORIENTED_EDGE('',*,*,#2466,.T.);
#1134=ORIENTED_EDGE('',*,*,#1965,.F.);
#1135=ORIENTED_EDGE('',*,*,#2466,.F.);
#1136=ORIENTED_EDGE('',*,*,#2467,.T.);
#1137=ORIENTED_EDGE('',*,*,#2079,.T.);
#1138=ORIENTED_EDGE('',*,*,#1874,.T.);
#1139=ORIENTED_EDGE('',*,*,#1966,.F.);
#1140=ORIENTED_EDGE('',*,*,#2074,.F.);
#1141=ORIENTED_EDGE('',*,*,#2468,.T.);
#1142=ORIENTED_EDGE('',*,*,#2469,.T.);
#1143=ORIENTED_EDGE('',*,*,#1934,.T.);
#1144=ORIENTED_EDGE('',*,*,#1876,.F.);
#1145=ORIENTED_EDGE('',*,*,#2469,.F.);
#1146=ORIENTED_EDGE('',*,*,#2470,.T.);
#1147=ORIENTED_EDGE('',*,*,#2471,.T.);
#1148=ORIENTED_EDGE('',*,*,#1935,.F.);
#1149=ORIENTED_EDGE('',*,*,#2471,.F.);
#1150=ORIENTED_EDGE('',*,*,#2472,.T.);
#1151=ORIENTED_EDGE('',*,*,#2072,.T.);
#1152=ORIENTED_EDGE('',*,*,#2473,.F.);
#1153=ORIENTED_EDGE('',*,*,#2474,.F.);
#1154=ORIENTED_EDGE('',*,*,#2270,.T.);
#1155=ORIENTED_EDGE('',*,*,#2083,.T.);
#1156=ORIENTED_EDGE('',*,*,#1903,.T.);
#1157=ORIENTED_EDGE('',*,*,#2475,.F.);
#1158=ORIENTED_EDGE('',*,*,#2165,.T.);
#1159=ORIENTED_EDGE('',*,*,#2476,.F.);
#1160=ORIENTED_EDGE('',*,*,#2477,.T.);
#1161=ORIENTED_EDGE('',*,*,#1936,.F.);
#1162=ORIENTED_EDGE('',*,*,#2478,.T.);
#1163=ORIENTED_EDGE('',*,*,#2098,.T.);
#1164=ORIENTED_EDGE('',*,*,#2104,.T.);
#1165=ORIENTED_EDGE('',*,*,#2035,.F.);
#1166=ORIENTED_EDGE('',*,*,#2479,.F.);
#1167=ORIENTED_EDGE('',*,*,#1941,.T.);
#1168=ORIENTED_EDGE('',*,*,#1882,.F.);
#1169=ORIENTED_EDGE('',*,*,#2480,.T.);
#1170=ORIENTED_EDGE('',*,*,#2481,.F.);
#1171=ORIENTED_EDGE('',*,*,#2482,.T.);
#1172=ORIENTED_EDGE('',*,*,#2483,.T.);
#1173=ORIENTED_EDGE('',*,*,#2484,.F.);
#1174=ORIENTED_EDGE('',*,*,#2485,.F.);
#1175=ORIENTED_EDGE('',*,*,#2486,.T.);
#1176=ORIENTED_EDGE('',*,*,#1942,.T.);
#1177=ORIENTED_EDGE('',*,*,#2479,.T.);
#1178=ORIENTED_EDGE('',*,*,#2034,.F.);
#1179=ORIENTED_EDGE('',*,*,#2487,.F.);
#1180=ORIENTED_EDGE('',*,*,#2462,.F.);
#1181=ORIENTED_EDGE('',*,*,#1867,.T.);
#1182=ORIENTED_EDGE('',*,*,#1864,.T.);
#1183=ORIENTED_EDGE('',*,*,#2488,.F.);
#1184=ORIENTED_EDGE('',*,*,#2489,.F.);
#1185=ORIENTED_EDGE('',*,*,#2490,.F.);
#1186=ORIENTED_EDGE('',*,*,#2491,.T.);
#1187=ORIENTED_EDGE('',*,*,#2492,.T.);
#1188=ORIENTED_EDGE('',*,*,#2493,.F.);
#1189=ORIENTED_EDGE('',*,*,#2494,.F.);
#1190=ORIENTED_EDGE('',*,*,#2495,.T.);
#1191=ORIENTED_EDGE('',*,*,#2490,.T.);
#1192=ORIENTED_EDGE('',*,*,#2496,.F.);
#1193=ORIENTED_EDGE('',*,*,#2497,.F.);
#1194=ORIENTED_EDGE('',*,*,#2491,.F.);
#1195=ORIENTED_EDGE('',*,*,#2495,.F.);
#1196=ORIENTED_EDGE('',*,*,#2497,.T.);
#1197=ORIENTED_EDGE('',*,*,#2498,.F.);
#1198=ORIENTED_EDGE('',*,*,#2499,.F.);
#1199=ORIENTED_EDGE('',*,*,#2500,.T.);
#1200=ORIENTED_EDGE('',*,*,#2496,.T.);
#1201=ORIENTED_EDGE('',*,*,#2501,.F.);
#1202=ORIENTED_EDGE('',*,*,#2502,.F.);
#1203=ORIENTED_EDGE('',*,*,#2498,.T.);
#1204=ORIENTED_EDGE('',*,*,#2494,.T.);
#1205=ORIENTED_EDGE('',*,*,#2503,.T.);
#1206=ORIENTED_EDGE('',*,*,#2198,.T.);
#1207=ORIENTED_EDGE('',*,*,#2504,.F.);
#1208=ORIENTED_EDGE('',*,*,#2505,.T.);
#1209=ORIENTED_EDGE('',*,*,#2501,.T.);
#1210=ORIENTED_EDGE('',*,*,#2504,.T.);
#1211=ORIENTED_EDGE('',*,*,#2199,.T.);
#1212=ORIENTED_EDGE('',*,*,#2506,.F.);
#1213=ORIENTED_EDGE('',*,*,#2492,.F.);
#1214=ORIENTED_EDGE('',*,*,#2500,.F.);
#1215=ORIENTED_EDGE('',*,*,#2507,.T.);
#1216=ORIENTED_EDGE('',*,*,#2499,.T.);
#1217=ORIENTED_EDGE('',*,*,#2502,.T.);
#1218=ORIENTED_EDGE('',*,*,#2505,.F.);
#1219=ORIENTED_EDGE('',*,*,#2507,.F.);
#1220=ORIENTED_EDGE('',*,*,#2508,.T.);
#1221=ORIENTED_EDGE('',*,*,#2076,.T.);
#1222=ORIENTED_EDGE('',*,*,#2509,.F.);
#1223=ORIENTED_EDGE('',*,*,#2510,.T.);
#1224=ORIENTED_EDGE('',*,*,#2075,.F.);
#1225=ORIENTED_EDGE('',*,*,#2503,.F.);
#1226=ORIENTED_EDGE('',*,*,#2511,.F.);
#1227=ORIENTED_EDGE('',*,*,#2509,.T.);
#1228=ORIENTED_EDGE('',*,*,#2078,.F.);
#1229=ORIENTED_EDGE('',*,*,#2512,.F.);
#1230=ORIENTED_EDGE('',*,*,#2513,.F.);
#1231=ORIENTED_EDGE('',*,*,#2506,.T.);
#1232=ORIENTED_EDGE('',*,*,#2077,.F.);
#1233=ORIENTED_EDGE('',*,*,#2508,.F.);
#1234=ORIENTED_EDGE('',*,*,#2514,.F.);
#1235=ORIENTED_EDGE('',*,*,#2512,.T.);
#1236=ORIENTED_EDGE('',*,*,#2153,.F.);
#1237=ORIENTED_EDGE('',*,*,#2510,.F.);
#1238=ORIENTED_EDGE('',*,*,#2511,.T.);
#1239=ORIENTED_EDGE('',*,*,#2493,.T.);
#1240=ORIENTED_EDGE('',*,*,#2489,.T.);
#1241=ORIENTED_EDGE('',*,*,#2513,.T.);
#1242=ORIENTED_EDGE('',*,*,#2514,.T.);
#1243=ORIENTED_EDGE('',*,*,#2157,.F.);
#1244=ORIENTED_EDGE('',*,*,#2515,.F.);
#1245=ORIENTED_EDGE('',*,*,#2516,.T.);
#1246=ORIENTED_EDGE('',*,*,#2085,.F.);
#1247=ORIENTED_EDGE('',*,*,#2517,.F.);
#1248=ORIENTED_EDGE('',*,*,#2518,.F.);
#1249=ORIENTED_EDGE('',*,*,#2155,.T.);
#1250=ORIENTED_EDGE('',*,*,#2090,.F.);
#1251=ORIENTED_EDGE('',*,*,#2519,.T.);
#1252=ORIENTED_EDGE('',*,*,#2520,.T.);
#1253=ORIENTED_EDGE('',*,*,#2086,.T.);
#1254=ORIENTED_EDGE('',*,*,#2516,.F.);
#1255=ORIENTED_EDGE('',*,*,#2521,.T.);
#1256=ORIENTED_EDGE('',*,*,#2522,.T.);
#1257=ORIENTED_EDGE('',*,*,#2087,.T.);
#1258=ORIENTED_EDGE('',*,*,#2520,.F.);
#1259=ORIENTED_EDGE('',*,*,#2523,.T.);
#1260=ORIENTED_EDGE('',*,*,#2524,.T.);
#1261=ORIENTED_EDGE('',*,*,#2088,.T.);
#1262=ORIENTED_EDGE('',*,*,#2522,.F.);
#1263=ORIENTED_EDGE('',*,*,#2525,.T.);
#1264=ORIENTED_EDGE('',*,*,#2517,.T.);
#1265=ORIENTED_EDGE('',*,*,#2089,.T.);
#1266=ORIENTED_EDGE('',*,*,#2524,.F.);
#1267=ORIENTED_EDGE('',*,*,#2118,.T.);
#1268=ORIENTED_EDGE('',*,*,#2487,.T.);
#1269=ORIENTED_EDGE('',*,*,#2526,.T.);
#1270=ORIENTED_EDGE('',*,*,#2527,.T.);
#1271=ORIENTED_EDGE('',*,*,#1974,.F.);
#1272=ORIENTED_EDGE('',*,*,#2528,.F.);
#1273=ORIENTED_EDGE('',*,*,#2529,.F.);
#1274=ORIENTED_EDGE('',*,*,#2530,.F.);
#1275=ORIENTED_EDGE('',*,*,#2531,.F.);
#1276=ORIENTED_EDGE('',*,*,#2532,.T.);
#1277=ORIENTED_EDGE('',*,*,#2533,.T.);
#1278=ORIENTED_EDGE('',*,*,#1972,.T.);
#1279=ORIENTED_EDGE('',*,*,#1969,.T.);
#1280=ORIENTED_EDGE('',*,*,#2534,.F.);
#1281=ORIENTED_EDGE('',*,*,#2191,.F.);
#1282=ORIENTED_EDGE('',*,*,#2535,.T.);
#1283=ORIENTED_EDGE('',*,*,#2067,.T.);
#1284=ORIENTED_EDGE('',*,*,#2180,.T.);
#1285=ORIENTED_EDGE('',*,*,#2536,.T.);
#1286=ORIENTED_EDGE('',*,*,#2537,.T.);
#1287=ORIENTED_EDGE('',*,*,#2064,.T.);
#1288=ORIENTED_EDGE('',*,*,#2538,.T.);
#1289=ORIENTED_EDGE('',*,*,#2539,.T.);
#1290=ORIENTED_EDGE('',*,*,#2178,.T.);
#1291=ORIENTED_EDGE('',*,*,#2066,.T.);
#1292=ORIENTED_EDGE('',*,*,#2194,.T.);
#1293=ORIENTED_EDGE('',*,*,#2065,.T.);
#1294=ORIENTED_EDGE('',*,*,#2193,.T.);
#1295=ORIENTED_EDGE('',*,*,#2177,.F.);
#1296=ORIENTED_EDGE('',*,*,#2196,.F.);
#1297=ORIENTED_EDGE('',*,*,#2540,.T.);
#1298=ORIENTED_EDGE('',*,*,#2541,.T.);
#1299=ORIENTED_EDGE('',*,*,#2542,.T.);
#1300=ORIENTED_EDGE('',*,*,#2538,.F.);
#1301=ORIENTED_EDGE('',*,*,#2181,.T.);
#1302=ORIENTED_EDGE('',*,*,#2537,.F.);
#1303=ORIENTED_EDGE('',*,*,#2543,.T.);
#1304=ORIENTED_EDGE('',*,*,#2544,.F.);
#1305=ORIENTED_EDGE('',*,*,#2545,.F.);
#1306=ORIENTED_EDGE('',*,*,#2197,.T.);
#1307=ORIENTED_EDGE('',*,*,#2544,.T.);
#1308=ORIENTED_EDGE('',*,*,#2546,.T.);
#1309=ORIENTED_EDGE('',*,*,#2541,.F.);
#1310=ORIENTED_EDGE('',*,*,#2547,.T.);
#1311=ORIENTED_EDGE('',*,*,#2540,.F.);
#1312=ORIENTED_EDGE('',*,*,#2195,.T.);
#1313=ORIENTED_EDGE('',*,*,#2545,.T.);
#1314=ORIENTED_EDGE('',*,*,#2547,.F.);
#1315=ORIENTED_EDGE('',*,*,#2185,.F.);
#1316=ORIENTED_EDGE('',*,*,#2548,.F.);
#1317=ORIENTED_EDGE('',*,*,#2549,.T.);
#1318=ORIENTED_EDGE('',*,*,#2550,.T.);
#1319=ORIENTED_EDGE('',*,*,#2187,.T.);
#1320=ORIENTED_EDGE('',*,*,#2551,.F.);
#1321=ORIENTED_EDGE('',*,*,#2552,.F.);
#1322=ORIENTED_EDGE('',*,*,#2553,.T.);
#1323=ORIENTED_EDGE('',*,*,#2186,.F.);
#1324=ORIENTED_EDGE('',*,*,#2550,.F.);
#1325=ORIENTED_EDGE('',*,*,#2554,.T.);
#1326=ORIENTED_EDGE('',*,*,#2551,.T.);
#1327=ORIENTED_EDGE('',*,*,#2549,.F.);
#1328=ORIENTED_EDGE('',*,*,#2555,.T.);
#1329=ORIENTED_EDGE('',*,*,#2529,.T.);
#1330=ORIENTED_EDGE('',*,*,#2556,.T.);
#1331=ORIENTED_EDGE('',*,*,#2532,.F.);
#1332=ORIENTED_EDGE('',*,*,#2557,.T.);
#1333=ORIENTED_EDGE('',*,*,#2552,.T.);
#1334=ORIENTED_EDGE('',*,*,#2554,.F.);
#1335=ORIENTED_EDGE('',*,*,#2279,.T.);
#1336=ORIENTED_EDGE('',*,*,#2275,.T.);
#1337=ORIENTED_EDGE('',*,*,#2333,.T.);
#1338=ORIENTED_EDGE('',*,*,#2306,.T.);
#1339=ORIENTED_EDGE('',*,*,#2303,.T.);
#1340=ORIENTED_EDGE('',*,*,#2300,.T.);
#1341=ORIENTED_EDGE('',*,*,#2297,.T.);
#1342=ORIENTED_EDGE('',*,*,#2294,.T.);
#1343=ORIENTED_EDGE('',*,*,#2291,.T.);
#1344=ORIENTED_EDGE('',*,*,#2288,.T.);
#1345=ORIENTED_EDGE('',*,*,#2285,.T.);
#1346=ORIENTED_EDGE('',*,*,#2282,.T.);
#1347=ORIENTED_EDGE('',*,*,#2558,.T.);
#1348=ORIENTED_EDGE('',*,*,#1938,.T.);
#1349=ORIENTED_EDGE('',*,*,#2559,.F.);
#1350=ORIENTED_EDGE('',*,*,#2560,.F.);
#1351=ORIENTED_EDGE('',*,*,#2561,.F.);
#1352=ORIENTED_EDGE('',*,*,#2125,.T.);
#1353=ORIENTED_EDGE('',*,*,#2562,.T.);
#1354=ORIENTED_EDGE('',*,*,#2563,.F.);
#1355=ORIENTED_EDGE('',*,*,#2126,.F.);
#1356=ORIENTED_EDGE('',*,*,#2561,.T.);
#1357=ORIENTED_EDGE('',*,*,#2564,.F.);
#1358=ORIENTED_EDGE('',*,*,#1886,.F.);
#1359=ORIENTED_EDGE('',*,*,#1940,.T.);
#1360=ORIENTED_EDGE('',*,*,#2565,.F.);
#1361=ORIENTED_EDGE('',*,*,#2127,.F.);
#1362=ORIENTED_EDGE('',*,*,#2563,.T.);
#1363=ORIENTED_EDGE('',*,*,#1880,.T.);
#1364=ORIENTED_EDGE('',*,*,#1939,.F.);
#1365=ORIENTED_EDGE('',*,*,#2558,.F.);
#1366=ORIENTED_EDGE('',*,*,#2128,.T.);
#1367=ORIENTED_EDGE('',*,*,#2565,.T.);
#1368=ORIENTED_EDGE('',*,*,#2124,.T.);
#1369=ORIENTED_EDGE('',*,*,#2062,.F.);
#1370=ORIENTED_EDGE('',*,*,#2123,.T.);
#1371=ORIENTED_EDGE('',*,*,#2061,.F.);
#1372=ORIENTED_EDGE('',*,*,#2122,.T.);
#1373=ORIENTED_EDGE('',*,*,#2060,.F.);
#1374=ORIENTED_EDGE('',*,*,#2121,.T.);
#1375=ORIENTED_EDGE('',*,*,#2063,.F.);
#1376=ORIENTED_EDGE('',*,*,#2453,.T.);
#1377=ORIENTED_EDGE('',*,*,#2171,.T.);
#1378=ORIENTED_EDGE('',*,*,#1908,.T.);
#1379=ORIENTED_EDGE('',*,*,#2566,.F.);
#1380=ORIENTED_EDGE('',*,*,#2566,.T.);
#1381=ORIENTED_EDGE('',*,*,#1907,.F.);
#1382=ORIENTED_EDGE('',*,*,#2567,.F.);
#1383=ORIENTED_EDGE('',*,*,#2454,.F.);
#1384=ORIENTED_EDGE('',*,*,#2455,.T.);
#1385=ORIENTED_EDGE('',*,*,#2567,.T.);
#1386=ORIENTED_EDGE('',*,*,#1906,.T.);
#1387=ORIENTED_EDGE('',*,*,#2461,.F.);
#1388=ORIENTED_EDGE('',*,*,#2475,.T.);
#1389=ORIENTED_EDGE('',*,*,#1902,.F.);
#1390=ORIENTED_EDGE('',*,*,#2568,.F.);
#1391=ORIENTED_EDGE('',*,*,#2166,.F.);
#1392=ORIENTED_EDGE('',*,*,#2167,.T.);
#1393=ORIENTED_EDGE('',*,*,#2568,.T.);
#1394=ORIENTED_EDGE('',*,*,#1901,.T.);
#1395=ORIENTED_EDGE('',*,*,#2174,.F.);
#1396=ORIENTED_EDGE('',*,*,#2188,.T.);
#1397=ORIENTED_EDGE('',*,*,#2553,.F.);
#1398=ORIENTED_EDGE('',*,*,#2557,.F.);
#1399=ORIENTED_EDGE('',*,*,#2531,.T.);
#1400=ORIENTED_EDGE('',*,*,#2548,.T.);
#1401=ORIENTED_EDGE('',*,*,#2184,.T.);
#1402=ORIENTED_EDGE('',*,*,#2526,.F.);
#1403=ORIENTED_EDGE('',*,*,#2555,.F.);
#1404=ORIENTED_EDGE('',*,*,#1973,.T.);
#1405=ORIENTED_EDGE('',*,*,#2533,.F.);
#1406=ORIENTED_EDGE('',*,*,#2556,.F.);
#1407=ORIENTED_EDGE('',*,*,#2528,.T.);
#1408=ORIENTED_EDGE('',*,*,#2542,.F.);
#1409=ORIENTED_EDGE('',*,*,#2546,.F.);
#1410=ORIENTED_EDGE('',*,*,#2543,.F.);
#1411=ORIENTED_EDGE('',*,*,#2536,.F.);
#1412=ORIENTED_EDGE('',*,*,#2179,.F.);
#1413=ORIENTED_EDGE('',*,*,#2539,.F.);
#1414=ORIENTED_EDGE('',*,*,#1970,.F.);
#1415=ORIENTED_EDGE('',*,*,#2535,.F.);
#1416=ORIENTED_EDGE('',*,*,#2190,.T.);
#1417=ORIENTED_EDGE('',*,*,#2569,.T.);
#1418=ORIENTED_EDGE('',*,*,#1971,.F.);
#1419=ORIENTED_EDGE('',*,*,#2569,.F.);
#1420=ORIENTED_EDGE('',*,*,#2189,.T.);
#1421=ORIENTED_EDGE('',*,*,#2530,.T.);
#1422=ORIENTED_EDGE('',*,*,#1968,.T.);
#1423=ORIENTED_EDGE('',*,*,#2570,.F.);
#1424=ORIENTED_EDGE('',*,*,#2192,.F.);
#1425=ORIENTED_EDGE('',*,*,#2534,.T.);
#1426=ORIENTED_EDGE('',*,*,#1975,.F.);
#1427=ORIENTED_EDGE('',*,*,#2527,.F.);
#1428=ORIENTED_EDGE('',*,*,#2183,.T.);
#1429=ORIENTED_EDGE('',*,*,#2570,.T.);
#1430=ORIENTED_EDGE('',*,*,#2571,.F.);
#1431=ORIENTED_EDGE('',*,*,#2572,.F.);
#1432=ORIENTED_EDGE('',*,*,#2573,.F.);
#1433=ORIENTED_EDGE('',*,*,#2574,.F.);
#1434=ORIENTED_EDGE('',*,*,#1959,.T.);
#1435=ORIENTED_EDGE('',*,*,#2575,.F.);
#1436=ORIENTED_EDGE('',*,*,#2576,.F.);
#1437=ORIENTED_EDGE('',*,*,#2577,.T.);
#1438=ORIENTED_EDGE('',*,*,#1961,.F.);
#1439=ORIENTED_EDGE('',*,*,#2578,.F.);
#1440=ORIENTED_EDGE('',*,*,#2008,.T.);
#1441=ORIENTED_EDGE('',*,*,#2579,.T.);
#1442=ORIENTED_EDGE('',*,*,#2580,.F.);
#1443=ORIENTED_EDGE('',*,*,#1960,.T.);
#1444=ORIENTED_EDGE('',*,*,#2577,.F.);
#1445=ORIENTED_EDGE('',*,*,#2581,.F.);
#1446=ORIENTED_EDGE('',*,*,#2582,.T.);
#1447=ORIENTED_EDGE('',*,*,#2009,.F.);
#1448=ORIENTED_EDGE('',*,*,#2578,.T.);
#1449=ORIENTED_EDGE('',*,*,#2583,.F.);
#1450=ORIENTED_EDGE('',*,*,#2584,.F.);
#1451=ORIENTED_EDGE('',*,*,#2579,.F.);
#1452=ORIENTED_EDGE('',*,*,#2007,.T.);
#1453=ORIENTED_EDGE('',*,*,#2518,.T.);
#1454=ORIENTED_EDGE('',*,*,#2525,.F.);
#1455=ORIENTED_EDGE('',*,*,#2523,.F.);
#1456=ORIENTED_EDGE('',*,*,#2521,.F.);
#1457=ORIENTED_EDGE('',*,*,#2519,.F.);
#1458=ORIENTED_EDGE('',*,*,#2515,.T.);
#1459=ORIENTED_EDGE('',*,*,#2156,.F.);
#1460=ORIENTED_EDGE('',*,*,#2585,.F.);
#1461=ORIENTED_EDGE('',*,*,#1954,.F.);
#1462=ORIENTED_EDGE('',*,*,#2586,.T.);
#1463=ORIENTED_EDGE('',*,*,#2010,.F.);
#1464=ORIENTED_EDGE('',*,*,#2582,.F.);
#1465=ORIENTED_EDGE('',*,*,#2587,.T.);
#1466=ORIENTED_EDGE('',*,*,#1958,.T.);
#1467=ORIENTED_EDGE('',*,*,#2588,.T.);
#1468=ORIENTED_EDGE('',*,*,#2589,.F.);
#1469=ORIENTED_EDGE('',*,*,#2575,.T.);
#1470=ORIENTED_EDGE('',*,*,#2590,.F.);
#1471=ORIENTED_EDGE('',*,*,#2587,.F.);
#1472=ORIENTED_EDGE('',*,*,#2581,.T.);
#1473=ORIENTED_EDGE('',*,*,#2576,.T.);
#1474=ORIENTED_EDGE('',*,*,#2589,.T.);
#1475=ORIENTED_EDGE('',*,*,#2591,.T.);
#1476=ORIENTED_EDGE('',*,*,#2592,.T.);
#1477=ORIENTED_EDGE('',*,*,#2593,.F.);
#1478=ORIENTED_EDGE('',*,*,#2574,.T.);
#1479=ORIENTED_EDGE('',*,*,#2593,.T.);
#1480=ORIENTED_EDGE('',*,*,#2594,.F.);
#1481=ORIENTED_EDGE('',*,*,#2573,.T.);
#1482=ORIENTED_EDGE('',*,*,#2594,.T.);
#1483=ORIENTED_EDGE('',*,*,#2595,.F.);
#1484=ORIENTED_EDGE('',*,*,#2572,.T.);
#1485=ORIENTED_EDGE('',*,*,#2595,.T.);
#1486=ORIENTED_EDGE('',*,*,#2596,.F.);
#1487=ORIENTED_EDGE('',*,*,#2571,.T.);
#1488=ORIENTED_EDGE('',*,*,#2596,.T.);
#1489=ORIENTED_EDGE('',*,*,#2106,.T.);
#1490=ORIENTED_EDGE('',*,*,#2114,.F.);
#1491=ORIENTED_EDGE('',*,*,#2117,.F.);
#1492=ORIENTED_EDGE('',*,*,#2116,.T.);
#1493=ORIENTED_EDGE('',*,*,#2597,.T.);
#1494=ORIENTED_EDGE('',*,*,#2598,.T.);
#1495=ORIENTED_EDGE('',*,*,#2029,.F.);
#1496=ORIENTED_EDGE('',*,*,#2599,.F.);
#1497=ORIENTED_EDGE('',*,*,#2154,.T.);
#1498=ORIENTED_EDGE('',*,*,#2600,.T.);
#1499=ORIENTED_EDGE('',*,*,#2601,.T.);
#1500=ORIENTED_EDGE('',*,*,#2018,.T.);
#1501=ORIENTED_EDGE('',*,*,#2602,.F.);
#1502=ORIENTED_EDGE('',*,*,#2597,.F.);
#1503=ORIENTED_EDGE('',*,*,#2603,.T.);
#1504=ORIENTED_EDGE('',*,*,#2022,.T.);
#1505=ORIENTED_EDGE('',*,*,#2604,.F.);
#1506=ORIENTED_EDGE('',*,*,#2017,.T.);
#1507=ORIENTED_EDGE('',*,*,#2030,.F.);
#1508=ORIENTED_EDGE('',*,*,#2598,.F.);
#1509=ORIENTED_EDGE('',*,*,#2602,.T.);
#1510=ORIENTED_EDGE('',*,*,#2023,.F.);
#1511=ORIENTED_EDGE('',*,*,#2603,.F.);
#1512=ORIENTED_EDGE('',*,*,#2599,.T.);
#1513=ORIENTED_EDGE('',*,*,#2028,.T.);
#1514=ORIENTED_EDGE('',*,*,#2605,.T.);
#1515=ORIENTED_EDGE('',*,*,#2036,.T.);
#1516=ORIENTED_EDGE('',*,*,#2606,.F.);
#1517=ORIENTED_EDGE('',*,*,#2130,.F.);
#1518=ORIENTED_EDGE('',*,*,#2131,.T.);
#1519=ORIENTED_EDGE('',*,*,#2606,.T.);
#1520=ORIENTED_EDGE('',*,*,#2039,.F.);
#1521=ORIENTED_EDGE('',*,*,#2607,.F.);
#1522=ORIENTED_EDGE('',*,*,#2132,.T.);
#1523=ORIENTED_EDGE('',*,*,#2607,.T.);
#1524=ORIENTED_EDGE('',*,*,#2038,.F.);
#1525=ORIENTED_EDGE('',*,*,#2608,.F.);
#1526=ORIENTED_EDGE('',*,*,#2608,.T.);
#1527=ORIENTED_EDGE('',*,*,#2037,.T.);
#1528=ORIENTED_EDGE('',*,*,#2605,.F.);
#1529=ORIENTED_EDGE('',*,*,#2129,.F.);
#1530=ORIENTED_EDGE('',*,*,#2609,.T.);
#1531=ORIENTED_EDGE('',*,*,#2040,.T.);
#1532=ORIENTED_EDGE('',*,*,#2610,.F.);
#1533=ORIENTED_EDGE('',*,*,#2134,.F.);
#1534=ORIENTED_EDGE('',*,*,#2135,.T.);
#1535=ORIENTED_EDGE('',*,*,#2610,.T.);
#1536=ORIENTED_EDGE('',*,*,#2043,.F.);
#1537=ORIENTED_EDGE('',*,*,#2611,.F.);
#1538=ORIENTED_EDGE('',*,*,#2136,.T.);
#1539=ORIENTED_EDGE('',*,*,#2611,.T.);
#1540=ORIENTED_EDGE('',*,*,#2042,.F.);
#1541=ORIENTED_EDGE('',*,*,#2612,.F.);
#1542=ORIENTED_EDGE('',*,*,#2612,.T.);
#1543=ORIENTED_EDGE('',*,*,#2041,.T.);
#1544=ORIENTED_EDGE('',*,*,#2609,.F.);
#1545=ORIENTED_EDGE('',*,*,#2133,.F.);
#1546=ORIENTED_EDGE('',*,*,#2613,.T.);
#1547=ORIENTED_EDGE('',*,*,#2044,.T.);
#1548=ORIENTED_EDGE('',*,*,#2614,.F.);
#1549=ORIENTED_EDGE('',*,*,#2138,.F.);
#1550=ORIENTED_EDGE('',*,*,#2139,.T.);
#1551=ORIENTED_EDGE('',*,*,#2614,.T.);
#1552=ORIENTED_EDGE('',*,*,#2047,.F.);
#1553=ORIENTED_EDGE('',*,*,#2615,.F.);
#1554=ORIENTED_EDGE('',*,*,#2140,.T.);
#1555=ORIENTED_EDGE('',*,*,#2615,.T.);
#1556=ORIENTED_EDGE('',*,*,#2046,.F.);
#1557=ORIENTED_EDGE('',*,*,#2616,.F.);
#1558=ORIENTED_EDGE('',*,*,#2616,.T.);
#1559=ORIENTED_EDGE('',*,*,#2045,.T.);
#1560=ORIENTED_EDGE('',*,*,#2613,.F.);
#1561=ORIENTED_EDGE('',*,*,#2137,.F.);
#1562=ORIENTED_EDGE('',*,*,#2617,.T.);
#1563=ORIENTED_EDGE('',*,*,#2048,.T.);
#1564=ORIENTED_EDGE('',*,*,#2618,.F.);
#1565=ORIENTED_EDGE('',*,*,#2142,.F.);
#1566=ORIENTED_EDGE('',*,*,#2143,.T.);
#1567=ORIENTED_EDGE('',*,*,#2618,.T.);
#1568=ORIENTED_EDGE('',*,*,#2051,.F.);
#1569=ORIENTED_EDGE('',*,*,#2619,.F.);
#1570=ORIENTED_EDGE('',*,*,#2144,.T.);
#1571=ORIENTED_EDGE('',*,*,#2619,.T.);
#1572=ORIENTED_EDGE('',*,*,#2050,.F.);
#1573=ORIENTED_EDGE('',*,*,#2620,.F.);
#1574=ORIENTED_EDGE('',*,*,#2620,.T.);
#1575=ORIENTED_EDGE('',*,*,#2049,.T.);
#1576=ORIENTED_EDGE('',*,*,#2617,.F.);
#1577=ORIENTED_EDGE('',*,*,#2141,.F.);
#1578=ORIENTED_EDGE('',*,*,#2621,.T.);
#1579=ORIENTED_EDGE('',*,*,#2052,.T.);
#1580=ORIENTED_EDGE('',*,*,#2622,.F.);
#1581=ORIENTED_EDGE('',*,*,#2146,.F.);
#1582=ORIENTED_EDGE('',*,*,#2147,.T.);
#1583=ORIENTED_EDGE('',*,*,#2622,.T.);
#1584=ORIENTED_EDGE('',*,*,#2055,.F.);
#1585=ORIENTED_EDGE('',*,*,#2623,.F.);
#1586=ORIENTED_EDGE('',*,*,#2148,.T.);
#1587=ORIENTED_EDGE('',*,*,#2623,.T.);
#1588=ORIENTED_EDGE('',*,*,#2054,.F.);
#1589=ORIENTED_EDGE('',*,*,#2624,.F.);
#1590=ORIENTED_EDGE('',*,*,#2145,.T.);
#1591=ORIENTED_EDGE('',*,*,#2624,.T.);
#1592=ORIENTED_EDGE('',*,*,#2053,.F.);
#1593=ORIENTED_EDGE('',*,*,#2621,.F.);
#1594=ORIENTED_EDGE('',*,*,#2625,.T.);
#1595=ORIENTED_EDGE('',*,*,#2056,.T.);
#1596=ORIENTED_EDGE('',*,*,#2626,.F.);
#1597=ORIENTED_EDGE('',*,*,#2150,.F.);
#1598=ORIENTED_EDGE('',*,*,#2151,.T.);
#1599=ORIENTED_EDGE('',*,*,#2626,.T.);
#1600=ORIENTED_EDGE('',*,*,#2059,.F.);
#1601=ORIENTED_EDGE('',*,*,#2627,.F.);
#1602=ORIENTED_EDGE('',*,*,#2152,.T.);
#1603=ORIENTED_EDGE('',*,*,#2627,.T.);
#1604=ORIENTED_EDGE('',*,*,#2058,.F.);
#1605=ORIENTED_EDGE('',*,*,#2628,.F.);
#1606=ORIENTED_EDGE('',*,*,#2628,.T.);
#1607=ORIENTED_EDGE('',*,*,#2057,.T.);
#1608=ORIENTED_EDGE('',*,*,#2625,.F.);
#1609=ORIENTED_EDGE('',*,*,#2149,.F.);
#1610=ORIENTED_EDGE('',*,*,#2000,.F.);
#1611=ORIENTED_EDGE('',*,*,#2629,.F.);
#1612=ORIENTED_EDGE('',*,*,#1949,.T.);
#1613=ORIENTED_EDGE('',*,*,#2120,.T.);
#1614=ORIENTED_EDGE('',*,*,#2630,.T.);
#1615=ORIENTED_EDGE('',*,*,#1999,.T.);
#1616=ORIENTED_EDGE('',*,*,#2631,.F.);
#1617=ORIENTED_EDGE('',*,*,#1950,.F.);
#1618=ORIENTED_EDGE('',*,*,#2629,.T.);
#1619=ORIENTED_EDGE('',*,*,#2013,.T.);
#1620=ORIENTED_EDGE('',*,*,#2632,.F.);
#1621=ORIENTED_EDGE('',*,*,#1951,.F.);
#1622=ORIENTED_EDGE('',*,*,#2631,.T.);
#1623=ORIENTED_EDGE('',*,*,#2012,.T.);
#1624=ORIENTED_EDGE('',*,*,#2633,.F.);
#1625=ORIENTED_EDGE('',*,*,#1952,.F.);
#1626=ORIENTED_EDGE('',*,*,#2632,.T.);
#1627=ORIENTED_EDGE('',*,*,#2011,.F.);
#1628=ORIENTED_EDGE('',*,*,#2586,.F.);
#1629=ORIENTED_EDGE('',*,*,#1953,.T.);
#1630=ORIENTED_EDGE('',*,*,#2633,.T.);
#1631=ORIENTED_EDGE('',*,*,#2003,.F.);
#1632=ORIENTED_EDGE('',*,*,#2634,.F.);
#1633=ORIENTED_EDGE('',*,*,#1946,.T.);
#1634=ORIENTED_EDGE('',*,*,#2635,.T.);
#1635=ORIENTED_EDGE('',*,*,#2002,.T.);
#1636=ORIENTED_EDGE('',*,*,#2119,.F.);
#1637=ORIENTED_EDGE('',*,*,#1947,.F.);
#1638=ORIENTED_EDGE('',*,*,#2634,.T.);
#1639=ORIENTED_EDGE('',*,*,#2006,.F.);
#1640=ORIENTED_EDGE('',*,*,#2636,.F.);
#1641=ORIENTED_EDGE('',*,*,#2637,.T.);
#1642=ORIENTED_EDGE('',*,*,#2583,.T.);
#1643=ORIENTED_EDGE('',*,*,#2005,.T.);
#1644=ORIENTED_EDGE('',*,*,#1978,.F.);
#1645=ORIENTED_EDGE('',*,*,#2638,.F.);
#1646=ORIENTED_EDGE('',*,*,#2636,.T.);
#1647=ORIENTED_EDGE('',*,*,#2004,.T.);
#1648=ORIENTED_EDGE('',*,*,#2635,.F.);
#1649=ORIENTED_EDGE('',*,*,#1945,.F.);
#1650=ORIENTED_EDGE('',*,*,#1980,.T.);
#1651=ORIENTED_EDGE('',*,*,#2590,.T.);
#1652=ORIENTED_EDGE('',*,*,#2639,.T.);
#1653=ORIENTED_EDGE('',*,*,#1955,.F.);
#1654=ORIENTED_EDGE('',*,*,#2585,.T.);
#1655=ORIENTED_EDGE('',*,*,#2592,.F.);
#1656=ORIENTED_EDGE('',*,*,#2640,.T.);
#1657=ORIENTED_EDGE('',*,*,#1956,.F.);
#1658=ORIENTED_EDGE('',*,*,#2639,.F.);
#1659=ORIENTED_EDGE('',*,*,#1957,.F.);
#1660=ORIENTED_EDGE('',*,*,#2640,.F.);
#1661=ORIENTED_EDGE('',*,*,#2591,.F.);
#1662=ORIENTED_EDGE('',*,*,#2588,.F.);
#1663=ORIENTED_EDGE('',*,*,#2641,.F.);
#1664=ORIENTED_EDGE('',*,*,#2641,.T.);
#1665=ORIENTED_EDGE('',*,*,#1976,.F.);
#1666=ORIENTED_EDGE('',*,*,#2642,.F.);
#1667=ORIENTED_EDGE('',*,*,#2642,.T.);
#1668=ORIENTED_EDGE('',*,*,#2630,.F.);
#1669=ORIENTED_EDGE('',*,*,#2643,.F.);
#1670=ORIENTED_EDGE('',*,*,#1998,.T.);
#1671=ORIENTED_EDGE('',*,*,#2643,.T.);
#1672=ORIENTED_EDGE('',*,*,#2644,.F.);
#1673=ORIENTED_EDGE('',*,*,#1997,.T.);
#1674=ORIENTED_EDGE('',*,*,#2644,.T.);
#1675=ORIENTED_EDGE('',*,*,#2645,.F.);
#1676=ORIENTED_EDGE('',*,*,#1996,.T.);
#1677=ORIENTED_EDGE('',*,*,#2645,.T.);
#1678=ORIENTED_EDGE('',*,*,#2646,.F.);
#1679=ORIENTED_EDGE('',*,*,#1995,.T.);
#1680=ORIENTED_EDGE('',*,*,#2646,.T.);
#1681=ORIENTED_EDGE('',*,*,#2647,.F.);
#1682=ORIENTED_EDGE('',*,*,#1918,.F.);
#1683=ORIENTED_EDGE('',*,*,#2648,.F.);
#1684=ORIENTED_EDGE('',*,*,#1922,.T.);
#1685=ORIENTED_EDGE('',*,*,#2649,.T.);
#1686=ORIENTED_EDGE('',*,*,#2650,.T.);
#1687=ORIENTED_EDGE('',*,*,#2109,.F.);
#1688=ORIENTED_EDGE('',*,*,#2651,.T.);
#1689=ORIENTED_EDGE('',*,*,#2015,.F.);
#1690=ORIENTED_EDGE('',*,*,#2652,.F.);
#1691=ORIENTED_EDGE('',*,*,#2653,.T.);
#1692=ORIENTED_EDGE('',*,*,#2031,.T.);
#1693=ORIENTED_EDGE('',*,*,#2014,.T.);
#1694=ORIENTED_EDGE('',*,*,#2654,.F.);
#1695=ORIENTED_EDGE('',*,*,#2655,.F.);
#1696=ORIENTED_EDGE('',*,*,#2652,.T.);
#1697=ORIENTED_EDGE('',*,*,#2025,.T.);
#1698=ORIENTED_EDGE('',*,*,#2027,.F.);
#1699=ORIENTED_EDGE('',*,*,#2656,.F.);
#1700=ORIENTED_EDGE('',*,*,#2654,.T.);
#1701=ORIENTED_EDGE('',*,*,#2026,.T.);
#1702=ORIENTED_EDGE('',*,*,#2653,.F.);
#1703=ORIENTED_EDGE('',*,*,#2655,.T.);
#1704=ORIENTED_EDGE('',*,*,#2656,.T.);
#1705=ORIENTED_EDGE('',*,*,#2019,.F.);
#1706=ORIENTED_EDGE('',*,*,#2601,.F.);
#1707=ORIENTED_EDGE('',*,*,#2657,.T.);
#1708=ORIENTED_EDGE('',*,*,#2658,.T.);
#1709=ORIENTED_EDGE('',*,*,#2021,.F.);
#1710=ORIENTED_EDGE('',*,*,#2659,.F.);
#1711=ORIENTED_EDGE('',*,*,#2660,.T.);
#1712=ORIENTED_EDGE('',*,*,#2604,.T.);
#1713=ORIENTED_EDGE('',*,*,#2020,.F.);
#1714=ORIENTED_EDGE('',*,*,#2658,.F.);
#1715=ORIENTED_EDGE('',*,*,#2661,.T.);
#1716=ORIENTED_EDGE('',*,*,#2659,.T.);
#1717=ORIENTED_EDGE('',*,*,#2657,.F.);
#1718=ORIENTED_EDGE('',*,*,#2600,.F.);
#1719=ORIENTED_EDGE('',*,*,#2660,.F.);
#1720=ORIENTED_EDGE('',*,*,#2661,.F.);
#1721=ORIENTED_EDGE('',*,*,#2477,.F.);
#1722=ORIENTED_EDGE('',*,*,#2662,.T.);
#1723=ORIENTED_EDGE('',*,*,#1991,.T.);
#1724=ORIENTED_EDGE('',*,*,#2663,.F.);
#1725=ORIENTED_EDGE('',*,*,#2559,.T.);
#1726=ORIENTED_EDGE('',*,*,#1937,.T.);
#1727=ORIENTED_EDGE('',*,*,#2483,.F.);
#1728=ORIENTED_EDGE('',*,*,#2664,.F.);
#1729=ORIENTED_EDGE('',*,*,#2101,.F.);
#1730=ORIENTED_EDGE('',*,*,#2665,.F.);
#1731=ORIENTED_EDGE('',*,*,#1992,.F.);
#1732=ORIENTED_EDGE('',*,*,#1898,.F.);
#1733=ORIENTED_EDGE('',*,*,#2666,.T.);
#1734=ORIENTED_EDGE('',*,*,#2169,.T.);
#1735=ORIENTED_EDGE('',*,*,#1887,.F.);
#1736=ORIENTED_EDGE('',*,*,#2564,.T.);
#1737=ORIENTED_EDGE('',*,*,#2560,.T.);
#1738=ORIENTED_EDGE('',*,*,#2663,.T.);
#1739=ORIENTED_EDGE('',*,*,#1990,.T.);
#1740=ORIENTED_EDGE('',*,*,#2170,.T.);
#1741=ORIENTED_EDGE('',*,*,#2666,.F.);
#1742=ORIENTED_EDGE('',*,*,#1897,.T.);
#1743=ORIENTED_EDGE('',*,*,#1926,.F.);
#1744=ORIENTED_EDGE('',*,*,#1931,.T.);
#1745=ORIENTED_EDGE('',*,*,#1929,.T.);
#1746=ORIENTED_EDGE('',*,*,#1893,.T.);
#1747=ORIENTED_EDGE('',*,*,#1987,.F.);
#1748=ORIENTED_EDGE('',*,*,#1983,.T.);
#1749=ORIENTED_EDGE('',*,*,#2667,.F.);
#1750=ORIENTED_EDGE('',*,*,#2651,.F.);
#1751=ORIENTED_EDGE('',*,*,#2108,.F.);
#1752=ORIENTED_EDGE('',*,*,#2099,.T.);
#1753=ORIENTED_EDGE('',*,*,#1914,.T.);
#1754=ORIENTED_EDGE('',*,*,#1923,.T.);
#1755=ORIENTED_EDGE('',*,*,#2648,.T.);
#1756=ORIENTED_EDGE('',*,*,#1920,.F.);
#1757=ORIENTED_EDGE('',*,*,#1910,.T.);
#1758=ORIENTED_EDGE('',*,*,#2173,.F.);
#1759=ORIENTED_EDGE('',*,*,#2452,.T.);
#1760=ORIENTED_EDGE('',*,*,#2460,.T.);
#1761=ORIENTED_EDGE('',*,*,#1981,.T.);
#1762=ORIENTED_EDGE('',*,*,#1986,.T.);
#1763=ORIENTED_EDGE('',*,*,#2451,.T.);
#1764=ORIENTED_EDGE('',*,*,#2164,.F.);
#1765=ORIENTED_EDGE('',*,*,#1988,.F.);
#1766=ORIENTED_EDGE('',*,*,#2662,.F.);
#1767=ORIENTED_EDGE('',*,*,#2476,.T.);
#1768=ORIENTED_EDGE('',*,*,#1977,.F.);
#1769=ORIENTED_EDGE('',*,*,#2668,.T.);
#1770=ORIENTED_EDGE('',*,*,#2580,.T.);
#1771=ORIENTED_EDGE('',*,*,#2584,.T.);
#1772=ORIENTED_EDGE('',*,*,#2637,.F.);
#1773=ORIENTED_EDGE('',*,*,#2638,.T.);
#1774=ORIENTED_EDGE('',*,*,#1963,.F.);
#1775=ORIENTED_EDGE('',*,*,#2669,.T.);
#1776=ORIENTED_EDGE('',*,*,#2649,.F.);
#1777=ORIENTED_EDGE('',*,*,#2667,.T.);
#1778=ORIENTED_EDGE('',*,*,#1982,.T.);
#1779=ORIENTED_EDGE('',*,*,#2459,.T.);
#1780=ORIENTED_EDGE('',*,*,#1895,.T.);
#1781=ORIENTED_EDGE('',*,*,#1928,.F.);
#1782=ORIENTED_EDGE('',*,*,#1930,.F.);
#1783=ORIENTED_EDGE('',*,*,#1924,.T.);
#1784=ORIENTED_EDGE('',*,*,#1912,.F.);
#1785=ORIENTED_EDGE('',*,*,#1919,.F.);
#1786=ORIENTED_EDGE('',*,*,#2647,.T.);
#1787=ORIENTED_EDGE('',*,*,#1921,.T.);
#1788=ORIENTED_EDGE('',*,*,#2670,.F.);
#1789=ORIENTED_EDGE('',*,*,#2274,.T.);
#1790=ORIENTED_EDGE('',*,*,#2271,.T.);
#1791=ORIENTED_EDGE('',*,*,#2474,.T.);
#1792=ORIENTED_EDGE('',*,*,#2671,.F.);
#1793=ORIENTED_EDGE('',*,*,#2463,.T.);
#1794=ORIENTED_EDGE('',*,*,#2488,.T.);
#1795=ORIENTED_EDGE('',*,*,#1863,.F.);
#1796=ORIENTED_EDGE('',*,*,#2091,.T.);
#1797=ORIENTED_EDGE('',*,*,#2478,.F.);
#1798=ORIENTED_EDGE('',*,*,#2672,.F.);
#1799=ORIENTED_EDGE('',*,*,#1884,.T.);
#1800=ORIENTED_EDGE('',*,*,#1885,.T.);
#1801=ORIENTED_EDGE('',*,*,#2672,.T.);
#1802=ORIENTED_EDGE('',*,*,#2480,.F.);
#1803=ORIENTED_EDGE('',*,*,#1881,.F.);
#1804=ORIENTED_EDGE('',*,*,#2562,.F.);
#1805=ORIENTED_EDGE('',*,*,#2664,.T.);
#1806=ORIENTED_EDGE('',*,*,#2482,.F.);
#1807=ORIENTED_EDGE('',*,*,#2673,.F.);
#1808=ORIENTED_EDGE('',*,*,#2102,.T.);
#1809=ORIENTED_EDGE('',*,*,#2103,.F.);
#1810=ORIENTED_EDGE('',*,*,#2673,.T.);
#1811=ORIENTED_EDGE('',*,*,#2481,.T.);
#1812=ORIENTED_EDGE('',*,*,#2033,.F.);
#1813=ORIENTED_EDGE('',*,*,#2665,.T.);
#1814=ORIENTED_EDGE('',*,*,#2112,.F.);
#1815=ORIENTED_EDGE('',*,*,#2674,.F.);
#1816=ORIENTED_EDGE('',*,*,#2484,.T.);
#1817=ORIENTED_EDGE('',*,*,#2111,.F.);
#1818=ORIENTED_EDGE('',*,*,#2675,.T.);
#1819=ORIENTED_EDGE('',*,*,#2485,.T.);
#1820=ORIENTED_EDGE('',*,*,#2674,.T.);
#1821=ORIENTED_EDGE('',*,*,#2110,.F.);
#1822=ORIENTED_EDGE('',*,*,#2650,.F.);
#1823=ORIENTED_EDGE('',*,*,#2669,.F.);
#1824=ORIENTED_EDGE('',*,*,#1962,.F.);
#1825=ORIENTED_EDGE('',*,*,#2668,.F.);
#1826=ORIENTED_EDGE('',*,*,#1943,.F.);
#1827=ORIENTED_EDGE('',*,*,#2486,.F.);
#1828=ORIENTED_EDGE('',*,*,#2675,.F.);
#1829=ORIENTED_EDGE('',*,*,#1872,.T.);
#1830=ORIENTED_EDGE('',*,*,#2676,.F.);
#1831=ORIENTED_EDGE('',*,*,#2677,.F.);
#1832=ORIENTED_EDGE('',*,*,#1967,.T.);
#1833=ORIENTED_EDGE('',*,*,#1879,.T.);
#1834=ORIENTED_EDGE('',*,*,#2678,.F.);
#1835=ORIENTED_EDGE('',*,*,#2679,.F.);
#1836=ORIENTED_EDGE('',*,*,#2676,.T.);
#1837=ORIENTED_EDGE('',*,*,#1878,.F.);
#1838=ORIENTED_EDGE('',*,*,#1933,.F.);
#1839=ORIENTED_EDGE('',*,*,#2680,.T.);
#1840=ORIENTED_EDGE('',*,*,#2678,.T.);
#1841=ORIENTED_EDGE('',*,*,#1932,.T.);
#1842=ORIENTED_EDGE('',*,*,#2677,.T.);
#1843=ORIENTED_EDGE('',*,*,#2679,.T.);
#1844=ORIENTED_EDGE('',*,*,#2680,.F.);
#1845=ORIENTED_EDGE('',*,*,#2464,.T.);
#1846=ORIENTED_EDGE('',*,*,#2671,.T.);
#1847=ORIENTED_EDGE('',*,*,#1862,.F.);
#1848=ORIENTED_EDGE('',*,*,#1866,.F.);
#1849=ORIENTED_EDGE('',*,*,#2473,.T.);
#1850=ORIENTED_EDGE('',*,*,#1868,.T.);
#1851=ORIENTED_EDGE('',*,*,#2273,.T.);
#1852=ORIENTED_EDGE('',*,*,#2670,.T.);
#1853=ORIENTED_EDGE('',*,*,#2468,.F.);
#1854=ORIENTED_EDGE('',*,*,#2073,.F.);
#1855=ORIENTED_EDGE('',*,*,#2472,.F.);
#1856=ORIENTED_EDGE('',*,*,#2470,.F.);
#1857=ORIENTED_EDGE('',*,*,#2457,.F.);
#1858=ORIENTED_EDGE('',*,*,#2080,.F.);
#1859=ORIENTED_EDGE('',*,*,#2467,.F.);
#1860=ORIENTED_EDGE('',*,*,#2465,.F.);
#1861=EDGE_CURVE('',#2681,#2682,#3237,.T.);
#1862=EDGE_CURVE('',#2681,#2683,#3238,.T.);
#1863=EDGE_CURVE('',#2683,#2684,#3239,.T.);
#1864=EDGE_CURVE('',#2682,#2684,#3240,.T.);
#1865=EDGE_CURVE('',#2685,#2686,#3241,.T.);
#1866=EDGE_CURVE('',#2685,#2681,#3242,.T.);
#1867=EDGE_CURVE('',#2686,#2682,#3243,.T.);
#1868=EDGE_CURVE('',#2687,#2688,#3244,.T.);
#1869=EDGE_CURVE('',#2687,#2689,#3245,.T.);
#1870=EDGE_CURVE('',#2689,#2690,#3246,.T.);
#1871=EDGE_CURVE('',#2688,#2690,#3247,.T.);
#1872=EDGE_CURVE('',#2691,#2692,#3248,.T.);
#1873=EDGE_CURVE('',#2691,#2693,#3249,.T.);
#1874=EDGE_CURVE('',#2694,#2693,#3250,.T.);
#1875=EDGE_CURVE('',#2695,#2694,#3251,.T.);
#1876=EDGE_CURVE('',#2695,#2696,#3252,.T.);
#1877=EDGE_CURVE('',#2696,#2697,#3253,.T.);
#1878=EDGE_CURVE('',#2697,#2698,#3254,.T.);
#1879=EDGE_CURVE('',#2692,#2698,#3255,.T.);
#1880=EDGE_CURVE('',#2699,#2700,#3256,.T.);
#1881=EDGE_CURVE('',#2699,#2701,#3257,.T.);
#1882=EDGE_CURVE('',#2701,#2702,#3258,.T.);
#1883=EDGE_CURVE('',#2700,#2702,#3259,.T.);
#1884=EDGE_CURVE('',#2703,#2704,#3260,.T.);
#1885=EDGE_CURVE('',#2705,#2703,#3261,.T.);
#1886=EDGE_CURVE('',#2705,#2706,#3262,.T.);
#1887=EDGE_CURVE('',#2706,#2707,#3263,.T.);
#1888=EDGE_CURVE('',#2708,#2707,#3264,.T.);
#1889=EDGE_CURVE('',#2704,#2708,#3265,.T.);
#1890=EDGE_CURVE('',#2709,#2709,#103,.T.);
#1891=EDGE_CURVE('',#2710,#2710,#104,.T.);
#1892=EDGE_CURVE('',#2708,#2711,#3266,.T.);
#1893=EDGE_CURVE('',#2712,#2707,#3267,.T.);
#1894=EDGE_CURVE('',#2712,#2713,#3268,.T.);
#1895=EDGE_CURVE('',#2714,#2713,#3269,.T.);
#1896=EDGE_CURVE('',#2715,#2714,#3270,.T.);
#1897=EDGE_CURVE('',#2716,#2715,#3271,.T.);
#1898=EDGE_CURVE('',#2716,#2717,#3272,.T.);
#1899=EDGE_CURVE('',#2718,#2717,#3273,.T.);
#1900=EDGE_CURVE('',#2719,#2718,#3274,.T.);
#1901=EDGE_CURVE('',#2720,#2719,#85,.T.);
#1902=EDGE_CURVE('',#2720,#2721,#3275,.T.);
#1903=EDGE_CURVE('',#2722,#2721,#3276,.T.);
#1904=EDGE_CURVE('',#2722,#2723,#3277,.T.);
#1905=EDGE_CURVE('',#2723,#2724,#3278,.T.);
#1906=EDGE_CURVE('',#2725,#2724,#3279,.T.);
#1907=EDGE_CURVE('',#2725,#2726,#3280,.T.);
#1908=EDGE_CURVE('',#2727,#2726,#86,.T.);
#1909=EDGE_CURVE('',#2727,#2728,#3281,.T.);
#1910=EDGE_CURVE('',#2729,#2728,#3282,.T.);
#1911=EDGE_CURVE('',#2729,#2730,#3283,.T.);
#1912=EDGE_CURVE('',#2730,#2731,#3284,.T.);
#1913=EDGE_CURVE('',#2732,#2731,#3285,.T.);
#1914=EDGE_CURVE('',#2733,#2732,#3286,.T.);
#1915=EDGE_CURVE('',#2711,#2733,#3287,.T.);
#1916=EDGE_CURVE('',#2734,#2734,#105,.T.);
#1917=EDGE_CURVE('',#2735,#2735,#106,.T.);
#1918=EDGE_CURVE('',#2736,#2737,#3288,.T.);
#1919=EDGE_CURVE('',#2737,#2730,#3289,.T.);
#1920=EDGE_CURVE('',#2729,#2736,#3290,.T.);
#1921=EDGE_CURVE('',#2738,#2731,#3291,.T.);
#1922=EDGE_CURVE('',#2739,#2738,#3292,.T.);
#1923=EDGE_CURVE('',#2732,#2739,#3293,.T.);
#1924=EDGE_CURVE('',#2740,#2714,#3294,.T.);
#1925=EDGE_CURVE('',#2741,#2740,#3295,.T.);
#1926=EDGE_CURVE('',#2741,#2715,#3296,.T.);
#1927=EDGE_CURVE('',#2742,#2743,#3297,.T.);
#1928=EDGE_CURVE('',#2743,#2713,#3298,.T.);
#1929=EDGE_CURVE('',#2742,#2712,#3299,.T.);
#1930=EDGE_CURVE('',#2740,#2743,#3300,.T.);
#1931=EDGE_CURVE('',#2741,#2742,#3301,.T.);
#1932=EDGE_CURVE('',#2744,#2745,#3302,.T.);
#1933=EDGE_CURVE('',#2744,#2697,#3303,.T.);
#1934=EDGE_CURVE('',#2746,#2696,#3304,.T.);
#1935=EDGE_CURVE('',#2746,#2747,#3305,.T.);
#1936=EDGE_CURVE('',#2747,#2748,#3306,.T.);
#1937=EDGE_CURVE('',#2749,#2748,#3307,.T.);
#1938=EDGE_CURVE('',#2750,#2749,#3308,.T.);
#1939=EDGE_CURVE('',#2750,#2751,#3309,.T.);
#1940=EDGE_CURVE('',#2700,#2751,#3310,.T.);
#1941=EDGE_CURVE('',#2752,#2702,#3311,.T.);
#1942=EDGE_CURVE('',#2753,#2752,#3312,.T.);
#1943=EDGE_CURVE('',#2753,#2754,#3313,.T.);
#1944=EDGE_CURVE('',#2755,#2754,#3314,.T.);
#1945=EDGE_CURVE('',#2755,#2756,#3315,.T.);
#1946=EDGE_CURVE('',#2757,#2756,#3316,.T.);
#1947=EDGE_CURVE('',#2757,#2758,#3317,.T.);
#1948=EDGE_CURVE('',#2759,#2758,#3318,.T.);
#1949=EDGE_CURVE('',#2760,#2759,#3319,.T.);
#1950=EDGE_CURVE('',#2760,#2761,#3320,.T.);
#1951=EDGE_CURVE('',#2761,#2762,#3321,.T.);
#1952=EDGE_CURVE('',#2762,#2763,#3322,.T.);
#1953=EDGE_CURVE('',#2764,#2763,#3323,.T.);
#1954=EDGE_CURVE('',#2764,#2765,#3324,.T.);
#1955=EDGE_CURVE('',#2765,#2766,#3325,.T.);
#1956=EDGE_CURVE('',#2766,#2767,#3326,.F.);
#1957=EDGE_CURVE('',#2767,#2768,#3327,.F.);
#1958=EDGE_CURVE('',#2769,#2768,#3328,.T.);
#1959=EDGE_CURVE('',#2770,#2769,#3329,.T.);
#1960=EDGE_CURVE('',#2771,#2770,#3330,.T.);
#1961=EDGE_CURVE('',#2771,#2772,#3331,.T.);
#1962=EDGE_CURVE('',#2772,#2773,#3332,.T.);
#1963=EDGE_CURVE('',#2773,#2774,#3333,.T.);
#1964=EDGE_CURVE('',#2774,#2775,#3334,.T.);
#1965=EDGE_CURVE('',#2775,#2776,#3335,.T.);
#1966=EDGE_CURVE('',#2776,#2693,#3336,.T.);
#1967=EDGE_CURVE('',#2745,#2691,#3337,.T.);
#1968=EDGE_CURVE('',#2777,#2778,#3338,.T.);
#1969=EDGE_CURVE('',#2779,#2777,#3339,.T.);
#1970=EDGE_CURVE('',#2779,#2780,#3340,.T.);
#1971=EDGE_CURVE('',#2780,#2781,#3341,.T.);
#1972=EDGE_CURVE('',#2782,#2781,#3342,.T.);
#1973=EDGE_CURVE('',#2783,#2782,#3343,.T.);
#1974=EDGE_CURVE('',#2783,#2784,#3344,.T.);
#1975=EDGE_CURVE('',#2784,#2778,#3345,.T.);
#1976=EDGE_CURVE('',#2785,#2785,#107,.T.);
#1977=EDGE_CURVE('',#2754,#2786,#3346,.T.);
#1978=EDGE_CURVE('',#2786,#2787,#3347,.T.);
#1979=EDGE_CURVE('',#2788,#2787,#3348,.T.);
#1980=EDGE_CURVE('',#2755,#2788,#3349,.T.);
#1981=EDGE_CURVE('',#2789,#2790,#3350,.T.);
#1982=EDGE_CURVE('',#2791,#2789,#3351,.T.);
#1983=EDGE_CURVE('',#2792,#2791,#3352,.T.);
#1984=EDGE_CURVE('',#2792,#2790,#3353,.T.);
#1985=EDGE_CURVE('',#2793,#2794,#3354,.T.);
#1986=EDGE_CURVE('',#2790,#2793,#3355,.T.);
#1987=EDGE_CURVE('',#2792,#2794,#3356,.T.);
#1988=EDGE_CURVE('',#2795,#2796,#3357,.T.);
#1989=EDGE_CURVE('',#2796,#2797,#3358,.T.);
#1990=EDGE_CURVE('',#2798,#2797,#3359,.T.);
#1991=EDGE_CURVE('',#2795,#2798,#3360,.T.);
#1992=EDGE_CURVE('',#2717,#2799,#3361,.T.);
#1993=EDGE_CURVE('',#2799,#2800,#3362,.T.);
#1994=EDGE_CURVE('',#2800,#2718,#3363,.T.);
#1995=EDGE_CURVE('',#2801,#2801,#108,.T.);
#1996=EDGE_CURVE('',#2802,#2802,#109,.T.);
#1997=EDGE_CURVE('',#2803,#2803,#110,.T.);
#1998=EDGE_CURVE('',#2804,#2804,#111,.T.);
#1999=EDGE_CURVE('',#2805,#2806,#3364,.T.);
#2000=EDGE_CURVE('',#2805,#2807,#3365,.T.);
#2001=EDGE_CURVE('',#2807,#2808,#3366,.T.);
#2002=EDGE_CURVE('',#2809,#2808,#3367,.T.);
#2003=EDGE_CURVE('',#2809,#2810,#3368,.T.);
#2004=EDGE_CURVE('',#2788,#2810,#3369,.T.);
#2005=EDGE_CURVE('',#2811,#2787,#3370,.T.);
#2006=EDGE_CURVE('',#2811,#2812,#3371,.T.);
#2007=EDGE_CURVE('',#2813,#2812,#3372,.T.);
#2008=EDGE_CURVE('',#2814,#2813,#3373,.T.);
#2009=EDGE_CURVE('',#2814,#2815,#3374,.T.);
#2010=EDGE_CURVE('',#2815,#2816,#3375,.T.);
#2011=EDGE_CURVE('',#2816,#2817,#3376,.T.);
#2012=EDGE_CURVE('',#2818,#2817,#3377,.T.);
#2013=EDGE_CURVE('',#2806,#2818,#3378,.T.);
#2014=EDGE_CURVE('',#2819,#2820,#3379,.T.);
#2015=EDGE_CURVE('',#2819,#2821,#3380,.T.);
#2016=EDGE_CURVE('',#2821,#2822,#3381,.T.);
#2017=EDGE_CURVE('',#2823,#2822,#3382,.T.);
#2018=EDGE_CURVE('',#2824,#2823,#3383,.T.);
#2019=EDGE_CURVE('',#2824,#2825,#3384,.T.);
#2020=EDGE_CURVE('',#2825,#2826,#3385,.T.);
#2021=EDGE_CURVE('',#2826,#2827,#3386,.T.);
#2022=EDGE_CURVE('',#2828,#2827,#3387,.T.);
#2023=EDGE_CURVE('',#2828,#2829,#3388,.T.);
#2024=EDGE_CURVE('',#2829,#2830,#3389,.T.);
#2025=EDGE_CURVE('',#2820,#2830,#3390,.T.);
#2026=EDGE_CURVE('',#2831,#2832,#3391,.T.);
#2027=EDGE_CURVE('',#2831,#2830,#3392,.T.);
#2028=EDGE_CURVE('',#2833,#2829,#3393,.T.);
#2029=EDGE_CURVE('',#2833,#2834,#3394,.T.);
#2030=EDGE_CURVE('',#2834,#2822,#3395,.T.);
#2031=EDGE_CURVE('',#2832,#2821,#3396,.T.);
#2032=EDGE_CURVE('',#2835,#2836,#3397,.T.);
#2033=EDGE_CURVE('',#2835,#2837,#3398,.T.);
#2034=EDGE_CURVE('',#2837,#2838,#3399,.T.);
#2035=EDGE_CURVE('',#2838,#2836,#3400,.T.);
#2036=EDGE_CURVE('',#2839,#2840,#3401,.T.);
#2037=EDGE_CURVE('',#2841,#2839,#3402,.T.);
#2038=EDGE_CURVE('',#2841,#2842,#3403,.T.);
#2039=EDGE_CURVE('',#2842,#2840,#3404,.T.);
#2040=EDGE_CURVE('',#2843,#2844,#3405,.T.);
#2041=EDGE_CURVE('',#2845,#2843,#3406,.T.);
#2042=EDGE_CURVE('',#2845,#2846,#3407,.T.);
#2043=EDGE_CURVE('',#2846,#2844,#3408,.T.);
#2044=EDGE_CURVE('',#2847,#2848,#3409,.T.);
#2045=EDGE_CURVE('',#2849,#2847,#3410,.T.);
#2046=EDGE_CURVE('',#2849,#2850,#3411,.T.);
#2047=EDGE_CURVE('',#2850,#2848,#3412,.T.);
#2048=EDGE_CURVE('',#2851,#2852,#3413,.T.);
#2049=EDGE_CURVE('',#2853,#2851,#3414,.T.);
#2050=EDGE_CURVE('',#2853,#2854,#3415,.T.);
#2051=EDGE_CURVE('',#2854,#2852,#3416,.T.);
#2052=EDGE_CURVE('',#2855,#2856,#3417,.T.);
#2053=EDGE_CURVE('',#2855,#2857,#3418,.T.);
#2054=EDGE_CURVE('',#2857,#2858,#3419,.T.);
#2055=EDGE_CURVE('',#2858,#2856,#3420,.T.);
#2056=EDGE_CURVE('',#2859,#2860,#3421,.T.);
#2057=EDGE_CURVE('',#2861,#2859,#3422,.T.);
#2058=EDGE_CURVE('',#2861,#2862,#3423,.T.);
#2059=EDGE_CURVE('',#2862,#2860,#3424,.T.);
#2060=EDGE_CURVE('',#2863,#2863,#112,.F.);
#2061=EDGE_CURVE('',#2864,#2864,#113,.F.);
#2062=EDGE_CURVE('',#2865,#2865,#114,.F.);
#2063=EDGE_CURVE('',#2866,#2866,#115,.F.);
#2064=EDGE_CURVE('',#2867,#2867,#116,.T.);
#2065=EDGE_CURVE('',#2868,#2868,#117,.T.);
#2066=EDGE_CURVE('',#2869,#2869,#118,.T.);
#2067=EDGE_CURVE('',#2870,#2870,#119,.T.);
#2068=EDGE_CURVE('',#2871,#2872,#3425,.T.);
#2069=EDGE_CURVE('',#2873,#2871,#3426,.T.);
#2070=EDGE_CURVE('',#2873,#2874,#3427,.T.);
#2071=EDGE_CURVE('',#2874,#2872,#3428,.T.);
#2072=EDGE_CURVE('',#2875,#2687,#3429,.T.);
#2073=EDGE_CURVE('',#2875,#2876,#3430,.T.);
#2074=EDGE_CURVE('',#2876,#2695,#3431,.T.);
#2075=EDGE_CURVE('',#2695,#2877,#3432,.T.);
#2076=EDGE_CURVE('',#2878,#2877,#120,.F.);
#2077=EDGE_CURVE('',#2878,#2879,#3433,.T.);
#2078=EDGE_CURVE('',#2879,#2694,#3434,.T.);
#2079=EDGE_CURVE('',#2880,#2694,#3435,.T.);
#2080=EDGE_CURVE('',#2880,#2881,#3436,.T.);
#2081=EDGE_CURVE('',#2685,#2881,#3437,.T.);
#2082=EDGE_CURVE('',#2723,#2686,#3438,.T.);
#2083=EDGE_CURVE('',#2689,#2722,#3439,.T.);
#2084=EDGE_CURVE('',#2882,#2883,#3440,.T.);
#2085=EDGE_CURVE('',#2882,#2884,#87,.F.);
#2086=EDGE_CURVE('',#2885,#2884,#88,.F.);
#2087=EDGE_CURVE('',#2886,#2885,#89,.F.);
#2088=EDGE_CURVE('',#2887,#2886,#90,.F.);
#2089=EDGE_CURVE('',#2888,#2887,#91,.F.);
#2090=EDGE_CURVE('',#2888,#2883,#92,.F.);
#2091=EDGE_CURVE('',#2704,#2889,#3441,.T.);
#2092=EDGE_CURVE('',#2890,#2711,#3442,.T.);
#2093=EDGE_CURVE('',#2890,#2891,#3443,.T.);
#2094=EDGE_CURVE('',#2892,#2891,#3444,.T.);
#2095=EDGE_CURVE('',#2893,#2892,#3445,.T.);
#2096=EDGE_CURVE('',#2893,#2894,#3446,.T.);
#2097=EDGE_CURVE('',#2894,#2895,#3447,.T.);
#2098=EDGE_CURVE('',#2889,#2895,#3448,.T.);
#2099=EDGE_CURVE('',#2896,#2733,#3449,.T.);
#2100=EDGE_CURVE('',#2896,#2890,#3450,.T.);
#2101=EDGE_CURVE('',#2897,#2898,#121,.F.);
#2102=EDGE_CURVE('',#2899,#2898,#3451,.T.);
#2103=EDGE_CURVE('',#2899,#2835,#3452,.T.);
#2104=EDGE_CURVE('',#2895,#2836,#3453,.T.);
#2105=EDGE_CURVE('',#2900,#2894,#3454,.T.);
#2106=EDGE_CURVE('',#2901,#2900,#122,.T.);
#2107=EDGE_CURVE('',#2901,#2891,#3455,.T.);
#2108=EDGE_CURVE('',#2896,#2902,#3456,.T.);
#2109=EDGE_CURVE('',#2902,#2903,#3457,.T.);
#2110=EDGE_CURVE('',#2903,#2904,#3458,.T.);
#2111=EDGE_CURVE('',#2904,#2905,#3459,.T.);
#2112=EDGE_CURVE('',#2905,#2897,#3460,.T.);
#2113=EDGE_CURVE('',#2906,#2893,#3461,.T.);
#2114=EDGE_CURVE('',#2906,#2900,#3462,.T.);
#2115=EDGE_CURVE('',#2907,#2892,#3463,.T.);
#2116=EDGE_CURVE('',#2907,#2901,#3464,.T.);
#2117=EDGE_CURVE('',#2907,#2906,#123,.T.);
#2118=EDGE_CURVE('',#2908,#2908,#124,.F.);
#2119=EDGE_CURVE('',#2758,#2808,#3465,.T.);
#2120=EDGE_CURVE('',#2759,#2807,#3466,.T.);
#2121=EDGE_CURVE('',#2909,#2909,#125,.T.);
#2122=EDGE_CURVE('',#2910,#2910,#126,.T.);
#2123=EDGE_CURVE('',#2911,#2911,#127,.T.);
#2124=EDGE_CURVE('',#2912,#2912,#128,.T.);
#2125=EDGE_CURVE('',#2913,#2914,#3467,.T.);
#2126=EDGE_CURVE('',#2913,#2915,#3468,.T.);
#2127=EDGE_CURVE('',#2915,#2916,#3469,.T.);
#2128=EDGE_CURVE('',#2914,#2916,#3470,.T.);
#2129=EDGE_CURVE('',#2917,#2918,#3471,.T.);
#2130=EDGE_CURVE('',#2918,#2919,#3472,.T.);
#2131=EDGE_CURVE('',#2920,#2919,#3473,.T.);
#2132=EDGE_CURVE('',#2917,#2920,#3474,.T.);
#2133=EDGE_CURVE('',#2921,#2922,#3475,.T.);
#2134=EDGE_CURVE('',#2922,#2923,#3476,.T.);
#2135=EDGE_CURVE('',#2924,#2923,#3477,.T.);
#2136=EDGE_CURVE('',#2921,#2924,#3478,.T.);
#2137=EDGE_CURVE('',#2925,#2926,#3479,.T.);
#2138=EDGE_CURVE('',#2926,#2927,#3480,.T.);
#2139=EDGE_CURVE('',#2928,#2927,#3481,.T.);
#2140=EDGE_CURVE('',#2925,#2928,#3482,.T.);
#2141=EDGE_CURVE('',#2929,#2930,#3483,.T.);
#2142=EDGE_CURVE('',#2930,#2931,#3484,.T.);
#2143=EDGE_CURVE('',#2932,#2931,#3485,.T.);
#2144=EDGE_CURVE('',#2929,#2932,#3486,.T.);
#2145=EDGE_CURVE('',#2933,#2934,#3487,.T.);
#2146=EDGE_CURVE('',#2933,#2935,#3488,.T.);
#2147=EDGE_CURVE('',#2936,#2935,#3489,.T.);
#2148=EDGE_CURVE('',#2934,#2936,#3490,.T.);
#2149=EDGE_CURVE('',#2937,#2938,#3491,.T.);
#2150=EDGE_CURVE('',#2938,#2939,#3492,.T.);
#2151=EDGE_CURVE('',#2940,#2939,#3493,.T.);
#2152=EDGE_CURVE('',#2937,#2940,#3494,.T.);
#2153=EDGE_CURVE('',#2941,#2941,#129,.T.);
#2154=EDGE_CURVE('',#2942,#2942,#130,.F.);
#2155=EDGE_CURVE('',#2943,#2883,#3495,.T.);
#2156=EDGE_CURVE('',#2943,#2944,#3496,.T.);
#2157=EDGE_CURVE('',#2944,#2882,#3497,.T.);
#2158=EDGE_CURVE('',#2945,#2946,#3498,.T.);
#2159=EDGE_CURVE('',#2945,#2872,#3499,.T.);
#2160=EDGE_CURVE('',#2946,#2874,#3500,.T.);
#2161=EDGE_CURVE('',#2947,#2871,#3501,.T.);
#2162=EDGE_CURVE('',#2947,#2948,#3502,.T.);
#2163=EDGE_CURVE('',#2948,#2873,#3503,.T.);
#2164=EDGE_CURVE('',#2796,#2949,#3504,.T.);
#2165=EDGE_CURVE('',#2950,#2949,#3505,.T.);
#2166=EDGE_CURVE('',#2950,#2951,#3506,.T.);
#2167=EDGE_CURVE('',#2952,#2951,#93,.F.);
#2168=EDGE_CURVE('',#2952,#2800,#3507,.T.);
#2169=EDGE_CURVE('',#2953,#2799,#3508,.T.);
#2170=EDGE_CURVE('',#2797,#2953,#3509,.T.);
#2171=EDGE_CURVE('',#2954,#2727,#3510,.T.);
#2172=EDGE_CURVE('',#2954,#2955,#3511,.T.);
#2173=EDGE_CURVE('',#2955,#2728,#3512,.T.);
#2174=EDGE_CURVE('',#2952,#2719,#3513,.T.);
#2175=EDGE_CURVE('',#2945,#2947,#3514,.T.);
#2176=EDGE_CURVE('',#2946,#2956,#3515,.T.);
#2177=EDGE_CURVE('',#2956,#2957,#3516,.T.);
#2178=EDGE_CURVE('',#2958,#2957,#131,.T.);
#2179=EDGE_CURVE('',#2958,#2959,#3517,.T.);
#2180=EDGE_CURVE('',#2960,#2959,#132,.T.);
#2181=EDGE_CURVE('',#2961,#2960,#3518,.T.);
#2182=EDGE_CURVE('',#2961,#2948,#3519,.T.);
#2183=EDGE_CURVE('',#2962,#2963,#3520,.T.);
#2184=EDGE_CURVE('',#2964,#2962,#3521,.T.);
#2185=EDGE_CURVE('',#2964,#2965,#3522,.T.);
#2186=EDGE_CURVE('',#2965,#2966,#3523,.T.);
#2187=EDGE_CURVE('',#2967,#2966,#3524,.T.);
#2188=EDGE_CURVE('',#2968,#2967,#3525,.T.);
#2189=EDGE_CURVE('',#2969,#2968,#3526,.T.);
#2190=EDGE_CURVE('',#2970,#2969,#3527,.T.);
#2191=EDGE_CURVE('',#2970,#2971,#3528,.T.);
#2192=EDGE_CURVE('',#2971,#2963,#3529,.T.);
#2193=EDGE_CURVE('',#2972,#2972,#133,.T.);
#2194=EDGE_CURVE('',#2973,#2973,#134,.T.);
#2195=EDGE_CURVE('',#2974,#2975,#3530,.T.);
#2196=EDGE_CURVE('',#2974,#2956,#3531,.T.);
#2197=EDGE_CURVE('',#2975,#2961,#3532,.T.);
#2198=EDGE_CURVE('',#2695,#2976,#3533,.T.);
#2199=EDGE_CURVE('',#2976,#2694,#3534,.T.);
#2200=EDGE_CURVE('',#2977,#2978,#3535,.T.);
#2201=EDGE_CURVE('',#2978,#2979,#3536,.T.);
#2202=EDGE_CURVE('',#2979,#2980,#3537,.T.);
#2203=EDGE_CURVE('',#2980,#2981,#3538,.T.);
#2204=EDGE_CURVE('',#2981,#2982,#3539,.T.);
#2205=EDGE_CURVE('',#2982,#2983,#3540,.T.);
#2206=EDGE_CURVE('',#2983,#2984,#3541,.T.);
#2207=EDGE_CURVE('',#2984,#2977,#3542,.T.);
#2208=EDGE_CURVE('',#2985,#2986,#3543,.T.);
#2209=EDGE_CURVE('',#2986,#2987,#3544,.T.);
#2210=EDGE_CURVE('',#2987,#2988,#3545,.T.);
#2211=EDGE_CURVE('',#2988,#2985,#3546,.T.);
#2212=EDGE_CURVE('',#2989,#2990,#3547,.T.);
#2213=EDGE_CURVE('',#2990,#2991,#3548,.T.);
#2214=EDGE_CURVE('',#2991,#2992,#3549,.T.);
#2215=EDGE_CURVE('',#2992,#2993,#3550,.T.);
#2216=EDGE_CURVE('',#2993,#2994,#3551,.T.);
#2217=EDGE_CURVE('',#2994,#2995,#3552,.T.);
#2218=EDGE_CURVE('',#2995,#2996,#3553,.T.);
#2219=EDGE_CURVE('',#2996,#2997,#3554,.T.);
#2220=EDGE_CURVE('',#2997,#2998,#3555,.T.);
#2221=EDGE_CURVE('',#2998,#2999,#3556,.T.);
#2222=EDGE_CURVE('',#2999,#3000,#3557,.T.);
#2223=EDGE_CURVE('',#3000,#2989,#3558,.T.);
#2224=EDGE_CURVE('',#3001,#3002,#3559,.T.);
#2225=EDGE_CURVE('',#3002,#3003,#135,.T.);
#2226=EDGE_CURVE('',#3003,#3004,#136,.T.);
#2227=EDGE_CURVE('',#3004,#3005,#137,.T.);
#2228=EDGE_CURVE('',#3005,#3006,#3560,.T.);
#2229=EDGE_CURVE('',#3006,#3007,#138,.T.);
#2230=EDGE_CURVE('',#3007,#3008,#139,.T.);
#2231=EDGE_CURVE('',#3008,#3009,#140,.T.);
#2232=EDGE_CURVE('',#3009,#3010,#3561,.T.);
#2233=EDGE_CURVE('',#3010,#3011,#141,.T.);
#2234=EDGE_CURVE('',#3011,#3012,#142,.T.);
#2235=EDGE_CURVE('',#3012,#3013,#143,.T.);
#2236=EDGE_CURVE('',#3013,#3014,#3562,.T.);
#2237=EDGE_CURVE('',#3014,#3015,#3563,.T.);
#2238=EDGE_CURVE('',#3015,#3016,#3564,.T.);
#2239=EDGE_CURVE('',#3016,#3017,#144,.F.);
#2240=EDGE_CURVE('',#3017,#3018,#145,.F.);
#2241=EDGE_CURVE('',#3018,#3019,#3565,.T.);
#2242=EDGE_CURVE('',#3019,#3020,#146,.F.);
#2243=EDGE_CURVE('',#3020,#3021,#147,.F.);
#2244=EDGE_CURVE('',#3021,#3022,#3566,.T.);
#2245=EDGE_CURVE('',#3022,#3023,#148,.F.);
#2246=EDGE_CURVE('',#3023,#3024,#149,.F.);
#2247=EDGE_CURVE('',#3024,#3025,#3567,.T.);
#2248=EDGE_CURVE('',#3025,#3026,#150,.F.);
#2249=EDGE_CURVE('',#3026,#3027,#151,.F.);
#2250=EDGE_CURVE('',#3027,#3028,#3568,.T.);
#2251=EDGE_CURVE('',#3028,#3029,#3569,.T.);
#2252=EDGE_CURVE('',#3029,#3030,#3570,.T.);
#2253=EDGE_CURVE('',#3030,#3031,#3571,.T.);
#2254=EDGE_CURVE('',#3031,#3032,#3572,.T.);
#2255=EDGE_CURVE('',#3032,#3033,#152,.T.);
#2256=EDGE_CURVE('',#3033,#3034,#153,.T.);
#2257=EDGE_CURVE('',#3034,#3001,#154,.T.);
#2258=EDGE_CURVE('',#3035,#3036,#3573,.T.);
#2259=EDGE_CURVE('',#3036,#3037,#3574,.T.);
#2260=EDGE_CURVE('',#3037,#3038,#3575,.T.);
#2261=EDGE_CURVE('',#3038,#3039,#3576,.T.);
#2262=EDGE_CURVE('',#3039,#3040,#155,.T.);
#2263=EDGE_CURVE('',#3040,#3041,#156,.T.);
#2264=EDGE_CURVE('',#3041,#3042,#157,.T.);
#2265=EDGE_CURVE('',#3042,#3043,#3577,.T.);
#2266=EDGE_CURVE('',#3043,#3044,#158,.T.);
#2267=EDGE_CURVE('',#3044,#3045,#159,.T.);
#2268=EDGE_CURVE('',#3045,#3046,#160,.T.);
#2269=EDGE_CURVE('',#3046,#3035,#3578,.T.);
#2270=EDGE_CURVE('',#3047,#2689,#3579,.T.);
#2271=EDGE_CURVE('',#3048,#3047,#3580,.T.);
#2272=EDGE_CURVE('',#2690,#3048,#3581,.T.);
#2273=EDGE_CURVE('',#2688,#3049,#3582,.T.);
#2274=EDGE_CURVE('',#3049,#3048,#3583,.T.);
#2275=EDGE_CURVE('',#3050,#3051,#3584,.T.);
#2276=EDGE_CURVE('',#3052,#3050,#3585,.T.);
#2277=EDGE_CURVE('',#3052,#3053,#3586,.T.);
#2278=EDGE_CURVE('',#3053,#3051,#3587,.T.);
#2279=EDGE_CURVE('',#3054,#3050,#161,.F.);
#2280=EDGE_CURVE('',#3055,#3054,#3588,.T.);
#2281=EDGE_CURVE('',#3055,#3052,#162,.F.);
#2282=EDGE_CURVE('',#3056,#3054,#163,.F.);
#2283=EDGE_CURVE('',#3057,#3056,#3589,.T.);
#2284=EDGE_CURVE('',#3057,#3055,#164,.F.);
#2285=EDGE_CURVE('',#3058,#3056,#3590,.T.);
#2286=EDGE_CURVE('',#3059,#3058,#3591,.T.);
#2287=EDGE_CURVE('',#3059,#3057,#3592,.T.);
#2288=EDGE_CURVE('',#3060,#3058,#165,.F.);
#2289=EDGE_CURVE('',#3061,#3060,#3593,.T.);
#2290=EDGE_CURVE('',#3061,#3059,#166,.F.);
#2291=EDGE_CURVE('',#3062,#3060,#167,.F.);
#2292=EDGE_CURVE('',#3063,#3062,#3594,.T.);
#2293=EDGE_CURVE('',#3063,#3061,#168,.F.);
#2294=EDGE_CURVE('',#3064,#3062,#3595,.T.);
#2295=EDGE_CURVE('',#3065,#3064,#3596,.T.);
#2296=EDGE_CURVE('',#3065,#3063,#3597,.T.);
#2297=EDGE_CURVE('',#3066,#3064,#169,.F.);
#2298=EDGE_CURVE('',#3067,#3066,#3598,.T.);
#2299=EDGE_CURVE('',#3067,#3065,#170,.F.);
#2300=EDGE_CURVE('',#3068,#3066,#171,.F.);
#2301=EDGE_CURVE('',#3069,#3068,#3599,.T.);
#2302=EDGE_CURVE('',#3069,#3067,#172,.F.);
#2303=EDGE_CURVE('',#3070,#3068,#3600,.T.);
#2304=EDGE_CURVE('',#3071,#3070,#3601,.T.);
#2305=EDGE_CURVE('',#3071,#3069,#3602,.T.);
#2306=EDGE_CURVE('',#3072,#3070,#173,.F.);
#2307=EDGE_CURVE('',#3073,#3072,#3603,.T.);
#2308=EDGE_CURVE('',#3073,#3071,#174,.F.);
#2309=EDGE_CURVE('',#3074,#3037,#3604,.T.);
#2310=EDGE_CURVE('',#3074,#3075,#3605,.T.);
#2311=EDGE_CURVE('',#3075,#3038,#3606,.T.);
#2312=EDGE_CURVE('',#3076,#3036,#3607,.T.);
#2313=EDGE_CURVE('',#3076,#3074,#3608,.T.);
#2314=EDGE_CURVE('',#3077,#3035,#3609,.T.);
#2315=EDGE_CURVE('',#3077,#3076,#3610,.T.);
#2316=EDGE_CURVE('',#3078,#3046,#3611,.T.);
#2317=EDGE_CURVE('',#3078,#3077,#3612,.T.);
#2318=EDGE_CURVE('',#3079,#3045,#3613,.T.);
#2319=EDGE_CURVE('',#3079,#3078,#175,.T.);
#2320=EDGE_CURVE('',#3080,#3044,#3614,.T.);
#2321=EDGE_CURVE('',#3080,#3079,#176,.T.);
#2322=EDGE_CURVE('',#3081,#3043,#3615,.T.);
#2323=EDGE_CURVE('',#3081,#3080,#177,.T.);
#2324=EDGE_CURVE('',#3082,#3042,#3616,.T.);
#2325=EDGE_CURVE('',#3082,#3081,#3617,.T.);
#2326=EDGE_CURVE('',#3083,#3041,#3618,.T.);
#2327=EDGE_CURVE('',#3083,#3082,#178,.T.);
#2328=EDGE_CURVE('',#3084,#3040,#3619,.T.);
#2329=EDGE_CURVE('',#3084,#3083,#179,.T.);
#2330=EDGE_CURVE('',#3085,#3039,#3620,.T.);
#2331=EDGE_CURVE('',#3085,#3084,#180,.T.);
#2332=EDGE_CURVE('',#3075,#3085,#3621,.T.);
#2333=EDGE_CURVE('',#3051,#3072,#181,.F.);
#2334=EDGE_CURVE('',#3053,#3073,#182,.F.);
#2335=EDGE_CURVE('',#3086,#3087,#3622,.T.);
#2336=EDGE_CURVE('',#3088,#3086,#3623,.T.);
#2337=EDGE_CURVE('',#3089,#3088,#3624,.T.);
#2338=EDGE_CURVE('',#3090,#3089,#3625,.T.);
#2339=EDGE_CURVE('',#3091,#3090,#3626,.T.);
#2340=EDGE_CURVE('',#3092,#3091,#3627,.T.);
#2341=EDGE_CURVE('',#3093,#3092,#3628,.T.);
#2342=EDGE_CURVE('',#3087,#3093,#3629,.T.);
#2343=EDGE_CURVE('',#3087,#2980,#3630,.T.);
#2344=EDGE_CURVE('',#3093,#2981,#3631,.T.);
#2345=EDGE_CURVE('',#3092,#2982,#3632,.T.);
#2346=EDGE_CURVE('',#3091,#2983,#3633,.T.);
#2347=EDGE_CURVE('',#3090,#2984,#3634,.T.);
#2348=EDGE_CURVE('',#3089,#2977,#3635,.T.);
#2349=EDGE_CURVE('',#3088,#2978,#3636,.T.);
#2350=EDGE_CURVE('',#3086,#2979,#3637,.T.);
#2351=EDGE_CURVE('',#3094,#3095,#3638,.T.);
#2352=EDGE_CURVE('',#3096,#3094,#3639,.T.);
#2353=EDGE_CURVE('',#3097,#3096,#3640,.T.);
#2354=EDGE_CURVE('',#3095,#3097,#3641,.T.);
#2355=EDGE_CURVE('',#3095,#2988,#3642,.T.);
#2356=EDGE_CURVE('',#3097,#2985,#3643,.T.);
#2357=EDGE_CURVE('',#3096,#2986,#3644,.T.);
#2358=EDGE_CURVE('',#3094,#2987,#3645,.T.);
#2359=EDGE_CURVE('',#3098,#3099,#3646,.T.);
#2360=EDGE_CURVE('',#3100,#3098,#3647,.T.);
#2361=EDGE_CURVE('',#3101,#3100,#3648,.T.);
#2362=EDGE_CURVE('',#3102,#3101,#3649,.T.);
#2363=EDGE_CURVE('',#3103,#3102,#3650,.T.);
#2364=EDGE_CURVE('',#3104,#3103,#3651,.T.);
#2365=EDGE_CURVE('',#3105,#3104,#3652,.T.);
#2366=EDGE_CURVE('',#3106,#3105,#3653,.T.);
#2367=EDGE_CURVE('',#3107,#3106,#3654,.T.);
#2368=EDGE_CURVE('',#3108,#3107,#3655,.T.);
#2369=EDGE_CURVE('',#3109,#3108,#3656,.T.);
#2370=EDGE_CURVE('',#3099,#3109,#3657,.T.);
#2371=EDGE_CURVE('',#3106,#2996,#3658,.T.);
#2372=EDGE_CURVE('',#3105,#2997,#3659,.T.);
#2373=EDGE_CURVE('',#3104,#2998,#3660,.T.);
#2374=EDGE_CURVE('',#3103,#2999,#3661,.T.);
#2375=EDGE_CURVE('',#3099,#2992,#3662,.T.);
#2376=EDGE_CURVE('',#3109,#2993,#3663,.T.);
#2377=EDGE_CURVE('',#3108,#2994,#3664,.T.);
#2378=EDGE_CURVE('',#3107,#2995,#3665,.T.);
#2379=EDGE_CURVE('',#3102,#3000,#3666,.T.);
#2380=EDGE_CURVE('',#3101,#2989,#3667,.T.);
#2381=EDGE_CURVE('',#3100,#2990,#3668,.T.);
#2382=EDGE_CURVE('',#3098,#2991,#3669,.T.);
#2383=EDGE_CURVE('',#3110,#3111,#183,.T.);
#2384=EDGE_CURVE('',#3112,#3110,#3670,.T.);
#2385=EDGE_CURVE('',#3113,#3112,#184,.T.);
#2386=EDGE_CURVE('',#3114,#3113,#185,.T.);
#2387=EDGE_CURVE('',#3115,#3114,#186,.T.);
#2388=EDGE_CURVE('',#3116,#3115,#3671,.T.);
#2389=EDGE_CURVE('',#3117,#3116,#3672,.T.);
#2390=EDGE_CURVE('',#3118,#3117,#3673,.T.);
#2391=EDGE_CURVE('',#3119,#3118,#3674,.T.);
#2392=EDGE_CURVE('',#3120,#3119,#3675,.T.);
#2393=EDGE_CURVE('',#3121,#3120,#187,.F.);
#2394=EDGE_CURVE('',#3122,#3121,#188,.F.);
#2395=EDGE_CURVE('',#3123,#3122,#3676,.T.);
#2396=EDGE_CURVE('',#3124,#3123,#189,.F.);
#2397=EDGE_CURVE('',#3125,#3124,#190,.F.);
#2398=EDGE_CURVE('',#3126,#3125,#3677,.T.);
#2399=EDGE_CURVE('',#3127,#3126,#191,.F.);
#2400=EDGE_CURVE('',#3128,#3127,#192,.F.);
#2401=EDGE_CURVE('',#3129,#3128,#3678,.T.);
#2402=EDGE_CURVE('',#3130,#3129,#193,.F.);
#2403=EDGE_CURVE('',#3131,#3130,#194,.F.);
#2404=EDGE_CURVE('',#3132,#3131,#3679,.T.);
#2405=EDGE_CURVE('',#3133,#3132,#3680,.T.);
#2406=EDGE_CURVE('',#3134,#3133,#3681,.T.);
#2407=EDGE_CURVE('',#3135,#3134,#195,.T.);
#2408=EDGE_CURVE('',#3136,#3135,#196,.T.);
#2409=EDGE_CURVE('',#3137,#3136,#197,.T.);
#2410=EDGE_CURVE('',#3138,#3137,#3682,.T.);
#2411=EDGE_CURVE('',#3139,#3138,#198,.T.);
#2412=EDGE_CURVE('',#3140,#3139,#199,.T.);
#2413=EDGE_CURVE('',#3141,#3140,#200,.T.);
#2414=EDGE_CURVE('',#3142,#3141,#3683,.T.);
#2415=EDGE_CURVE('',#3143,#3142,#201,.T.);
#2416=EDGE_CURVE('',#3111,#3143,#202,.T.);
#2417=EDGE_CURVE('',#3111,#3003,#3684,.T.);
#2418=EDGE_CURVE('',#3143,#3004,#3685,.T.);
#2419=EDGE_CURVE('',#3142,#3005,#3686,.T.);
#2420=EDGE_CURVE('',#3141,#3006,#3687,.T.);
#2421=EDGE_CURVE('',#3140,#3007,#3688,.T.);
#2422=EDGE_CURVE('',#3139,#3008,#3689,.T.);
#2423=EDGE_CURVE('',#3138,#3009,#3690,.T.);
#2424=EDGE_CURVE('',#3137,#3010,#3691,.T.);
#2425=EDGE_CURVE('',#3136,#3011,#3692,.T.);
#2426=EDGE_CURVE('',#3135,#3012,#3693,.T.);
#2427=EDGE_CURVE('',#3134,#3013,#3694,.T.);
#2428=EDGE_CURVE('',#3133,#3014,#3695,.T.);
#2429=EDGE_CURVE('',#3132,#3015,#3696,.T.);
#2430=EDGE_CURVE('',#3131,#3016,#3697,.T.);
#2431=EDGE_CURVE('',#3119,#3028,#3698,.T.);
#2432=EDGE_CURVE('',#3118,#3029,#3699,.T.);
#2433=EDGE_CURVE('',#3117,#3030,#3700,.T.);
#2434=EDGE_CURVE('',#3116,#3031,#3701,.T.);
#2435=EDGE_CURVE('',#3115,#3032,#3702,.T.);
#2436=EDGE_CURVE('',#3114,#3033,#3703,.T.);
#2437=EDGE_CURVE('',#3113,#3034,#3704,.T.);
#2438=EDGE_CURVE('',#3112,#3001,#3705,.T.);
#2439=EDGE_CURVE('',#3110,#3002,#3706,.T.);
#2440=EDGE_CURVE('',#3130,#3017,#3707,.T.);
#2441=EDGE_CURVE('',#3129,#3018,#3708,.T.);
#2442=EDGE_CURVE('',#3128,#3019,#3709,.T.);
#2443=EDGE_CURVE('',#3127,#3020,#3710,.T.);
#2444=EDGE_CURVE('',#3126,#3021,#3711,.T.);
#2445=EDGE_CURVE('',#3125,#3022,#3712,.T.);
#2446=EDGE_CURVE('',#3124,#3023,#3713,.T.);
#2447=EDGE_CURVE('',#3123,#3024,#3714,.T.);
#2448=EDGE_CURVE('',#3122,#3025,#3715,.T.);
#2449=EDGE_CURVE('',#3121,#3026,#3716,.T.);
#2450=EDGE_CURVE('',#3120,#3027,#3717,.T.);
#2451=EDGE_CURVE('',#2793,#3144,#3718,.T.);
#2452=EDGE_CURVE('',#2955,#2794,#3719,.T.);
#2453=EDGE_CURVE('',#3145,#2954,#94,.F.);
#2454=EDGE_CURVE('',#3145,#3146,#3720,.T.);
#2455=EDGE_CURVE('',#3147,#3146,#3721,.T.);
#2456=EDGE_CURVE('',#3147,#3144,#3722,.T.);
#2457=EDGE_CURVE('',#2881,#3148,#3723,.F.);
#2458=EDGE_CURVE('',#3148,#2775,#3724,.T.);
#2459=EDGE_CURVE('',#2789,#2774,#3725,.T.);
#2460=EDGE_CURVE('',#3144,#2789,#3726,.T.);
#2461=EDGE_CURVE('',#3147,#2724,#3727,.T.);
#2462=EDGE_CURVE('',#2686,#3149,#3728,.T.);
#2463=EDGE_CURVE('',#3150,#3149,#3729,.T.);
#2464=EDGE_CURVE('',#2685,#3150,#3730,.T.);
#2465=EDGE_CURVE('',#3148,#3151,#3731,.T.);
#2466=EDGE_CURVE('',#3151,#2776,#3732,.T.);
#2467=EDGE_CURVE('',#3151,#2880,#3733,.F.);
#2468=EDGE_CURVE('',#2876,#3152,#3734,.F.);
#2469=EDGE_CURVE('',#3152,#2746,#3735,.T.);
#2470=EDGE_CURVE('',#3152,#3153,#3736,.T.);
#2471=EDGE_CURVE('',#3153,#2747,#3737,.T.);
#2472=EDGE_CURVE('',#3153,#2875,#3738,.F.);
#2473=EDGE_CURVE('',#3154,#2687,#3739,.T.);
#2474=EDGE_CURVE('',#3047,#3154,#3740,.T.);
#2475=EDGE_CURVE('',#2950,#2721,#3741,.T.);
#2476=EDGE_CURVE('',#3155,#2949,#3742,.T.);
#2477=EDGE_CURVE('',#3155,#2748,#3743,.T.);
#2478=EDGE_CURVE('',#3156,#2889,#3744,.T.);
#2479=EDGE_CURVE('',#2752,#2838,#3745,.T.);
#2480=EDGE_CURVE('',#2701,#3156,#3746,.T.);
#2481=EDGE_CURVE('',#3157,#2837,#3747,.T.);
#2482=EDGE_CURVE('',#3157,#3158,#3748,.T.);
#2483=EDGE_CURVE('',#3158,#3159,#203,.T.);
#2484=EDGE_CURVE('',#3160,#3159,#3749,.T.);
#2485=EDGE_CURVE('',#3161,#3160,#3750,.T.);
#2486=EDGE_CURVE('',#3161,#2753,#3751,.T.);
#2487=EDGE_CURVE('',#3162,#3162,#204,.T.);
#2488=EDGE_CURVE('',#3149,#2684,#3752,.T.);
#2489=EDGE_CURVE('',#3163,#3164,#3753,.T.);
#2490=EDGE_CURVE('',#3165,#3163,#3754,.T.);
#2491=EDGE_CURVE('',#3165,#3166,#3755,.T.);
#2492=EDGE_CURVE('',#3166,#3164,#3756,.T.);
#2493=EDGE_CURVE('',#3167,#3163,#3757,.T.);
#2494=EDGE_CURVE('',#3168,#3167,#3758,.T.);
#2495=EDGE_CURVE('',#3168,#3165,#3759,.T.);
#2496=EDGE_CURVE('',#3169,#3168,#3760,.T.);
#2497=EDGE_CURVE('',#3166,#3169,#3761,.T.);
#2498=EDGE_CURVE('',#3170,#3169,#3762,.T.);
#2499=EDGE_CURVE('',#3171,#3170,#3763,.T.);
#2500=EDGE_CURVE('',#3171,#3166,#3764,.T.);
#2501=EDGE_CURVE('',#3172,#3168,#3765,.T.);
#2502=EDGE_CURVE('',#3170,#3172,#3766,.T.);
#2503=EDGE_CURVE('',#3167,#2695,#3767,.T.);
#2504=EDGE_CURVE('',#3173,#2976,#3768,.T.);
#2505=EDGE_CURVE('',#3173,#3172,#3769,.T.);
#2506=EDGE_CURVE('',#3164,#2694,#3770,.T.);
#2507=EDGE_CURVE('',#3171,#3173,#3771,.T.);
#2508=EDGE_CURVE('',#3174,#2878,#3772,.T.);
#2509=EDGE_CURVE('',#3175,#2877,#3773,.T.);
#2510=EDGE_CURVE('',#3175,#3174,#205,.T.);
#2511=EDGE_CURVE('',#3175,#3167,#3774,.T.);
#2512=EDGE_CURVE('',#3176,#2879,#3775,.T.);
#2513=EDGE_CURVE('',#3164,#3176,#3776,.T.);
#2514=EDGE_CURVE('',#3176,#3174,#3777,.T.);
#2515=EDGE_CURVE('',#3177,#2944,#95,.T.);
#2516=EDGE_CURVE('',#3177,#2884,#3778,.T.);
#2517=EDGE_CURVE('',#3178,#2888,#3779,.T.);
#2518=EDGE_CURVE('',#2943,#3178,#96,.T.);
#2519=EDGE_CURVE('',#3177,#3179,#97,.T.);
#2520=EDGE_CURVE('',#3179,#2885,#3780,.T.);
#2521=EDGE_CURVE('',#3179,#3180,#98,.T.);
#2522=EDGE_CURVE('',#3180,#2886,#3781,.T.);
#2523=EDGE_CURVE('',#3180,#3181,#99,.T.);
#2524=EDGE_CURVE('',#3181,#2887,#3782,.T.);
#2525=EDGE_CURVE('',#3181,#3178,#100,.T.);
#2526=EDGE_CURVE('',#3182,#2962,#3783,.T.);
#2527=EDGE_CURVE('',#2962,#2784,#3784,.T.);
#2528=EDGE_CURVE('',#3183,#2783,#3785,.T.);
#2529=EDGE_CURVE('',#3182,#3183,#3786,.T.);
#2530=EDGE_CURVE('',#2968,#2781,#3787,.T.);
#2531=EDGE_CURVE('',#3184,#2968,#3788,.T.);
#2532=EDGE_CURVE('',#3184,#3185,#3789,.T.);
#2533=EDGE_CURVE('',#3185,#2782,#3790,.T.);
#2534=EDGE_CURVE('',#2971,#2777,#3791,.T.);
#2535=EDGE_CURVE('',#2970,#2779,#3792,.T.);
#2536=EDGE_CURVE('',#2959,#3186,#16,.F.);
#2537=EDGE_CURVE('',#3186,#2960,#3793,.T.);
#2538=EDGE_CURVE('',#2957,#3187,#3794,.F.);
#2539=EDGE_CURVE('',#3187,#2958,#17,.F.);
#2540=EDGE_CURVE('',#2974,#3188,#3795,.T.);
#2541=EDGE_CURVE('',#3188,#3189,#3796,.T.);
#2542=EDGE_CURVE('',#3189,#3187,#3797,.F.);
#2543=EDGE_CURVE('',#3186,#3190,#3798,.F.);
#2544=EDGE_CURVE('',#3191,#3190,#3799,.T.);
#2545=EDGE_CURVE('',#2975,#3191,#3800,.T.);
#2546=EDGE_CURVE('',#3190,#3189,#3801,.T.);
#2547=EDGE_CURVE('',#3188,#3191,#3802,.T.);
#2548=EDGE_CURVE('',#3192,#2964,#3803,.T.);
#2549=EDGE_CURVE('',#3192,#3193,#3804,.T.);
#2550=EDGE_CURVE('',#3193,#2965,#3805,.T.);
#2551=EDGE_CURVE('',#3194,#2966,#3806,.T.);
#2552=EDGE_CURVE('',#3195,#3194,#3807,.T.);
#2553=EDGE_CURVE('',#3195,#2967,#3808,.T.);
#2554=EDGE_CURVE('',#3193,#3194,#3809,.T.);
#2555=EDGE_CURVE('',#3192,#3182,#3810,.T.);
#2556=EDGE_CURVE('',#3183,#3185,#3811,.T.);
#2557=EDGE_CURVE('',#3184,#3195,#3812,.T.);
#2558=EDGE_CURVE('',#2914,#2750,#3813,.T.);
#2559=EDGE_CURVE('',#3196,#2749,#3814,.T.);
#2560=EDGE_CURVE('',#3197,#3196,#3815,.T.);
#2561=EDGE_CURVE('',#2913,#3197,#3816,.T.);
#2562=EDGE_CURVE('',#2705,#2699,#3817,.T.);
#2563=EDGE_CURVE('',#2915,#2699,#3818,.T.);
#2564=EDGE_CURVE('',#2706,#3197,#3819,.T.);
#2565=EDGE_CURVE('',#2916,#2751,#3820,.T.);
#2566=EDGE_CURVE('',#3145,#2726,#3821,.T.);
#2567=EDGE_CURVE('',#3146,#2725,#3822,.T.);
#2568=EDGE_CURVE('',#2951,#2720,#3823,.T.);
#2569=EDGE_CURVE('',#2969,#2780,#3824,.T.);
#2570=EDGE_CURVE('',#2963,#2778,#3825,.T.);
#2571=EDGE_CURVE('',#3198,#3198,#206,.T.);
#2572=EDGE_CURVE('',#3199,#3199,#207,.T.);
#2573=EDGE_CURVE('',#3200,#3200,#208,.T.);
#2574=EDGE_CURVE('',#3201,#3201,#209,.T.);
#2575=EDGE_CURVE('',#3202,#2769,#3826,.T.);
#2576=EDGE_CURVE('',#3203,#3202,#3827,.T.);
#2577=EDGE_CURVE('',#3203,#2770,#3828,.T.);
#2578=EDGE_CURVE('',#2814,#2771,#3829,.T.);
#2579=EDGE_CURVE('',#2813,#3204,#3830,.T.);
#2580=EDGE_CURVE('',#2772,#3204,#3831,.T.);
#2581=EDGE_CURVE('',#3205,#3203,#3832,.T.);
#2582=EDGE_CURVE('',#3205,#2815,#3833,.T.);
#2583=EDGE_CURVE('',#3206,#2812,#3834,.T.);
#2584=EDGE_CURVE('',#3204,#3206,#3835,.T.);
#2585=EDGE_CURVE('',#2765,#3207,#3836,.T.);
#2586=EDGE_CURVE('',#2764,#2816,#3837,.T.);
#2587=EDGE_CURVE('',#3205,#3207,#3838,.T.);
#2588=EDGE_CURVE('',#2768,#3208,#3839,.F.);
#2589=EDGE_CURVE('',#3202,#3208,#3840,.T.);
#2590=EDGE_CURVE('',#3207,#3209,#3841,.T.);
#2591=EDGE_CURVE('',#3208,#3210,#3842,.F.);
#2592=EDGE_CURVE('',#3210,#3209,#3843,.F.);
#2593=EDGE_CURVE('',#3211,#3211,#210,.T.);
#2594=EDGE_CURVE('',#3212,#3212,#211,.T.);
#2595=EDGE_CURVE('',#3213,#3213,#212,.T.);
#2596=EDGE_CURVE('',#3214,#3214,#213,.T.);
#2597=EDGE_CURVE('',#3215,#3216,#3844,.T.);
#2598=EDGE_CURVE('',#3216,#2834,#3845,.T.);
#2599=EDGE_CURVE('',#3215,#2833,#3846,.T.);
#2600=EDGE_CURVE('',#3217,#3218,#3847,.T.);
#2601=EDGE_CURVE('',#3218,#2824,#3848,.T.);
#2602=EDGE_CURVE('',#3216,#2823,#3849,.T.);
#2603=EDGE_CURVE('',#3215,#2828,#3850,.T.);
#2604=EDGE_CURVE('',#3217,#2827,#3851,.T.);
#2605=EDGE_CURVE('',#2918,#2839,#3852,.T.);
#2606=EDGE_CURVE('',#2919,#2840,#3853,.T.);
#2607=EDGE_CURVE('',#2920,#2842,#3854,.T.);
#2608=EDGE_CURVE('',#2917,#2841,#3855,.T.);
#2609=EDGE_CURVE('',#2922,#2843,#3856,.T.);
#2610=EDGE_CURVE('',#2923,#2844,#3857,.T.);
#2611=EDGE_CURVE('',#2924,#2846,#3858,.T.);
#2612=EDGE_CURVE('',#2921,#2845,#3859,.T.);
#2613=EDGE_CURVE('',#2926,#2847,#3860,.T.);
#2614=EDGE_CURVE('',#2927,#2848,#3861,.T.);
#2615=EDGE_CURVE('',#2928,#2850,#3862,.T.);
#2616=EDGE_CURVE('',#2925,#2849,#3863,.T.);
#2617=EDGE_CURVE('',#2930,#2851,#3864,.T.);
#2618=EDGE_CURVE('',#2931,#2852,#3865,.T.);
#2619=EDGE_CURVE('',#2932,#2854,#3866,.T.);
#2620=EDGE_CURVE('',#2929,#2853,#3867,.T.);
#2621=EDGE_CURVE('',#2933,#2855,#3868,.T.);
#2622=EDGE_CURVE('',#2935,#2856,#3869,.T.);
#2623=EDGE_CURVE('',#2936,#2858,#3870,.T.);
#2624=EDGE_CURVE('',#2934,#2857,#3871,.T.);
#2625=EDGE_CURVE('',#2938,#2859,#3872,.T.);
#2626=EDGE_CURVE('',#2939,#2860,#3873,.T.);
#2627=EDGE_CURVE('',#2940,#2862,#3874,.T.);
#2628=EDGE_CURVE('',#2937,#2861,#3875,.T.);
#2629=EDGE_CURVE('',#2760,#2805,#3876,.T.);
#2630=EDGE_CURVE('',#3219,#3219,#214,.T.);
#2631=EDGE_CURVE('',#2761,#2806,#3877,.T.);
#2632=EDGE_CURVE('',#2762,#2818,#3878,.T.);
#2633=EDGE_CURVE('',#2763,#2817,#3879,.T.);
#2634=EDGE_CURVE('',#2757,#2809,#3880,.T.);
#2635=EDGE_CURVE('',#2756,#2810,#3881,.T.);
#2636=EDGE_CURVE('',#3220,#2811,#3882,.T.);
#2637=EDGE_CURVE('',#3220,#3206,#3883,.T.);
#2638=EDGE_CURVE('',#3220,#2786,#3884,.T.);
#2639=EDGE_CURVE('',#3209,#2766,#3885,.T.);
#2640=EDGE_CURVE('',#3210,#2767,#3886,.F.);
#2641=EDGE_CURVE('',#3222,#3222,#215,.T.);
#2642=EDGE_CURVE('',#3224,#3224,#216,.T.);
#2643=EDGE_CURVE('',#3225,#3225,#217,.T.);
#2644=EDGE_CURVE('',#3226,#3226,#218,.T.);
#2645=EDGE_CURVE('',#3227,#3227,#219,.T.);
#2646=EDGE_CURVE('',#3228,#3228,#220,.T.);
#2647=EDGE_CURVE('',#2737,#2738,#3887,.T.);
#2648=EDGE_CURVE('',#2739,#2736,#3888,.T.);
#2649=EDGE_CURVE('',#3229,#3230,#3889,.T.);
#2650=EDGE_CURVE('',#3230,#2903,#3890,.T.);
#2651=EDGE_CURVE('',#2902,#3229,#3891,.T.);
#2652=EDGE_CURVE('',#3231,#2819,#3892,.T.);
#2653=EDGE_CURVE('',#3231,#2832,#3893,.T.);
#2654=EDGE_CURVE('',#3232,#2820,#3894,.T.);
#2655=EDGE_CURVE('',#3231,#3232,#3895,.T.);
#2656=EDGE_CURVE('',#3232,#2831,#3896,.T.);
#2657=EDGE_CURVE('',#3218,#3233,#3897,.T.);
#2658=EDGE_CURVE('',#3233,#2825,#3898,.T.);
#2659=EDGE_CURVE('',#3234,#2826,#3899,.T.);
#2660=EDGE_CURVE('',#3234,#3217,#3900,.T.);
#2661=EDGE_CURVE('',#3233,#3234,#3901,.T.);
#2662=EDGE_CURVE('',#3155,#2795,#3902,.T.);
#2663=EDGE_CURVE('',#3196,#2798,#3903,.T.);
#2664=EDGE_CURVE('',#2898,#3158,#3904,.T.);
#2665=EDGE_CURVE('',#3159,#2897,#3905,.F.);
#2666=EDGE_CURVE('',#2716,#2953,#3906,.T.);
#2667=EDGE_CURVE('',#3229,#2791,#3907,.T.);
#2668=EDGE_CURVE('',#2754,#2772,#3908,.T.);
#2669=EDGE_CURVE('',#2773,#3230,#3909,.T.);
#2670=EDGE_CURVE('',#3049,#3154,#3910,.T.);
#2671=EDGE_CURVE('',#3150,#2683,#3911,.T.);
#2672=EDGE_CURVE('',#2703,#3156,#3912,.T.);
#2673=EDGE_CURVE('',#2899,#3157,#101,.F.);
#2674=EDGE_CURVE('',#3160,#2905,#102,.F.);
#2675=EDGE_CURVE('',#2904,#3161,#3913,.T.);
#2676=EDGE_CURVE('',#3235,#2692,#3914,.T.);
#2677=EDGE_CURVE('',#2745,#3235,#3915,.T.);
#2678=EDGE_CURVE('',#3236,#2698,#3916,.T.);
#2679=EDGE_CURVE('',#3235,#3236,#3917,.T.);
#2680=EDGE_CURVE('',#2744,#3236,#3918,.T.);
#2681=VERTEX_POINT('',#7868);
#2682=VERTEX_POINT('',#7869);
#2683=VERTEX_POINT('',#7871);
#2684=VERTEX_POINT('',#7873);
#2685=VERTEX_POINT('',#7877);
#2686=VERTEX_POINT('',#7878);
#2687=VERTEX_POINT('',#7883);
#2688=VERTEX_POINT('',#7884);
#2689=VERTEX_POINT('',#7886);
#2690=VERTEX_POINT('',#7888);
#2691=VERTEX_POINT('',#7892);
#2692=VERTEX_POINT('',#7893);
#2693=VERTEX_POINT('',#7895);
#2694=VERTEX_POINT('',#7897);
#2695=VERTEX_POINT('',#7899);
#2696=VERTEX_POINT('',#7901);
#2697=VERTEX_POINT('',#7903);
#2698=VERTEX_POINT('',#7905);
#2699=VERTEX_POINT('',#7909);
#2700=VERTEX_POINT('',#7910);
#2701=VERTEX_POINT('',#7912);
#2702=VERTEX_POINT('',#7914);
#2703=VERTEX_POINT('',#7918);
#2704=VERTEX_POINT('',#7919);
#2705=VERTEX_POINT('',#7921);
#2706=VERTEX_POINT('',#7923);
#2707=VERTEX_POINT('',#7925);
#2708=VERTEX_POINT('',#7927);
#2709=VERTEX_POINT('',#7931);
#2710=VERTEX_POINT('',#7933);
#2711=VERTEX_POINT('',#7935);
#2712=VERTEX_POINT('',#7937);
#2713=VERTEX_POINT('',#7939);
#2714=VERTEX_POINT('',#7941);
#2715=VERTEX_POINT('',#7943);
#2716=VERTEX_POINT('',#7945);
#2717=VERTEX_POINT('',#7947);
#2718=VERTEX_POINT('',#7949);
#2719=VERTEX_POINT('',#7951);
#2720=VERTEX_POINT('',#7959);
#2721=VERTEX_POINT('',#7961);
#2722=VERTEX_POINT('',#7963);
#2723=VERTEX_POINT('',#7965);
#2724=VERTEX_POINT('',#7967);
#2725=VERTEX_POINT('',#7969);
#2726=VERTEX_POINT('',#7971);
#2727=VERTEX_POINT('',#7979);
#2728=VERTEX_POINT('',#7981);
#2729=VERTEX_POINT('',#7983);
#2730=VERTEX_POINT('',#7985);
#2731=VERTEX_POINT('',#7987);
#2732=VERTEX_POINT('',#7989);
#2733=VERTEX_POINT('',#7991);
#2734=VERTEX_POINT('',#7995);
#2735=VERTEX_POINT('',#7998);
#2736=VERTEX_POINT('',#8001);
#2737=VERTEX_POINT('',#8002);
#2738=VERTEX_POINT('',#8007);
#2739=VERTEX_POINT('',#8009);
#2740=VERTEX_POINT('',#8013);
#2741=VERTEX_POINT('',#8015);
#2742=VERTEX_POINT('',#8019);
#2743=VERTEX_POINT('',#8020);
#2744=VERTEX_POINT('',#8028);
#2745=VERTEX_POINT('',#8029);
#2746=VERTEX_POINT('',#8032);
#2747=VERTEX_POINT('',#8034);
#2748=VERTEX_POINT('',#8036);
#2749=VERTEX_POINT('',#8038);
#2750=VERTEX_POINT('',#8040);
#2751=VERTEX_POINT('',#8042);
#2752=VERTEX_POINT('',#8045);
#2753=VERTEX_POINT('',#8047);
#2754=VERTEX_POINT('',#8049);
#2755=VERTEX_POINT('',#8051);
#2756=VERTEX_POINT('',#8053);
#2757=VERTEX_POINT('',#8055);
#2758=VERTEX_POINT('',#8057);
#2759=VERTEX_POINT('',#8059);
#2760=VERTEX_POINT('',#8061);
#2761=VERTEX_POINT('',#8063);
#2762=VERTEX_POINT('',#8065);
#2763=VERTEX_POINT('',#8067);
#2764=VERTEX_POINT('',#8069);
#2765=VERTEX_POINT('',#8071);
#2766=VERTEX_POINT('',#8073);
#2767=VERTEX_POINT('',#8075);
#2768=VERTEX_POINT('',#8077);
#2769=VERTEX_POINT('',#8079);
#2770=VERTEX_POINT('',#8081);
#2771=VERTEX_POINT('',#8083);
#2772=VERTEX_POINT('',#8085);
#2773=VERTEX_POINT('',#8087);
#2774=VERTEX_POINT('',#8089);
#2775=VERTEX_POINT('',#8091);
#2776=VERTEX_POINT('',#8093);
#2777=VERTEX_POINT('',#8097);
#2778=VERTEX_POINT('',#8098);
#2779=VERTEX_POINT('',#8100);
#2780=VERTEX_POINT('',#8102);
#2781=VERTEX_POINT('',#8104);
#2782=VERTEX_POINT('',#8106);
#2783=VERTEX_POINT('',#8108);
#2784=VERTEX_POINT('',#8110);
#2785=VERTEX_POINT('',#8114);
#2786=VERTEX_POINT('',#8116);
#2787=VERTEX_POINT('',#8118);
#2788=VERTEX_POINT('',#8120);
#2789=VERTEX_POINT('',#8124);
#2790=VERTEX_POINT('',#8125);
#2791=VERTEX_POINT('',#8127);
#2792=VERTEX_POINT('',#8129);
#2793=VERTEX_POINT('',#8133);
#2794=VERTEX_POINT('',#8134);
#2795=VERTEX_POINT('',#8139);
#2796=VERTEX_POINT('',#8140);
#2797=VERTEX_POINT('',#8142);
#2798=VERTEX_POINT('',#8144);
#2799=VERTEX_POINT('',#8148);
#2800=VERTEX_POINT('',#8150);
#2801=VERTEX_POINT('',#8154);
#2802=VERTEX_POINT('',#8156);
#2803=VERTEX_POINT('',#8158);
#2804=VERTEX_POINT('',#8160);
#2805=VERTEX_POINT('',#8162);
#2806=VERTEX_POINT('',#8163);
#2807=VERTEX_POINT('',#8165);
#2808=VERTEX_POINT('',#8167);
#2809=VERTEX_POINT('',#8169);
#2810=VERTEX_POINT('',#8171);
#2811=VERTEX_POINT('',#8174);
#2812=VERTEX_POINT('',#8176);
#2813=VERTEX_POINT('',#8178);
#2814=VERTEX_POINT('',#8180);
#2815=VERTEX_POINT('',#8182);
#2816=VERTEX_POINT('',#8184);
#2817=VERTEX_POINT('',#8186);
#2818=VERTEX_POINT('',#8188);
#2819=VERTEX_POINT('',#8191);
#2820=VERTEX_POINT('',#8192);
#2821=VERTEX_POINT('',#8194);
#2822=VERTEX_POINT('',#8196);
#2823=VERTEX_POINT('',#8198);
#2824=VERTEX_POINT('',#8200);
#2825=VERTEX_POINT('',#8202);
#2826=VERTEX_POINT('',#8204);
#2827=VERTEX_POINT('',#8206);
#2828=VERTEX_POINT('',#8208);
#2829=VERTEX_POINT('',#8210);
#2830=VERTEX_POINT('',#8212);
#2831=VERTEX_POINT('',#8216);
#2832=VERTEX_POINT('',#8217);
#2833=VERTEX_POINT('',#8220);
#2834=VERTEX_POINT('',#8222);
#2835=VERTEX_POINT('',#8227);
#2836=VERTEX_POINT('',#8228);
#2837=VERTEX_POINT('',#8230);
#2838=VERTEX_POINT('',#8232);
#2839=VERTEX_POINT('',#8235);
#2840=VERTEX_POINT('',#8236);
#2841=VERTEX_POINT('',#8238);
#2842=VERTEX_POINT('',#8240);
#2843=VERTEX_POINT('',#8243);
#2844=VERTEX_POINT('',#8244);
#2845=VERTEX_POINT('',#8246);
#2846=VERTEX_POINT('',#8248);
#2847=VERTEX_POINT('',#8251);
#2848=VERTEX_POINT('',#8252);
#2849=VERTEX_POINT('',#8254);
#2850=VERTEX_POINT('',#8256);
#2851=VERTEX_POINT('',#8259);
#2852=VERTEX_POINT('',#8260);
#2853=VERTEX_POINT('',#8262);
#2854=VERTEX_POINT('',#8264);
#2855=VERTEX_POINT('',#8267);
#2856=VERTEX_POINT('',#8268);
#2857=VERTEX_POINT('',#8270);
#2858=VERTEX_POINT('',#8272);
#2859=VERTEX_POINT('',#8275);
#2860=VERTEX_POINT('',#8276);
#2861=VERTEX_POINT('',#8278);
#2862=VERTEX_POINT('',#8280);
#2863=VERTEX_POINT('',#8283);
#2864=VERTEX_POINT('',#8285);
#2865=VERTEX_POINT('',#8287);
#2866=VERTEX_POINT('',#8289);
#2867=VERTEX_POINT('',#8291);
#2868=VERTEX_POINT('',#8293);
#2869=VERTEX_POINT('',#8295);
#2870=VERTEX_POINT('',#8297);
#2871=VERTEX_POINT('',#8299);
#2872=VERTEX_POINT('',#8300);
#2873=VERTEX_POINT('',#8302);
#2874=VERTEX_POINT('',#8304);
#2875=VERTEX_POINT('',#8307);
#2876=VERTEX_POINT('',#8309);
#2877=VERTEX_POINT('',#8312);
#2878=VERTEX_POINT('',#8314);
#2879=VERTEX_POINT('',#8316);
#2880=VERTEX_POINT('',#8319);
#2881=VERTEX_POINT('',#8321);
#2882=VERTEX_POINT('',#8326);
#2883=VERTEX_POINT('',#8327);
#2884=VERTEX_POINT('',#8334);
#2885=VERTEX_POINT('',#8345);
#2886=VERTEX_POINT('',#8356);
#2887=VERTEX_POINT('',#8366);
#2888=VERTEX_POINT('',#8376);
#2889=VERTEX_POINT('',#8385);
#2890=VERTEX_POINT('',#8387);
#2891=VERTEX_POINT('',#8389);
#2892=VERTEX_POINT('',#8391);
#2893=VERTEX_POINT('',#8393);
#2894=VERTEX_POINT('',#8395);
#2895=VERTEX_POINT('',#8397);
#2896=VERTEX_POINT('',#8401);
#2897=VERTEX_POINT('',#8405);
#2898=VERTEX_POINT('',#8406);
#2899=VERTEX_POINT('',#8408);
#2900=VERTEX_POINT('',#8412);
#2901=VERTEX_POINT('',#8414);
#2902=VERTEX_POINT('',#8417);
#2903=VERTEX_POINT('',#8419);
#2904=VERTEX_POINT('',#8421);
#2905=VERTEX_POINT('',#8423);
#2906=VERTEX_POINT('',#8427);
#2907=VERTEX_POINT('',#8431);
#2908=VERTEX_POINT('',#8437);
#2909=VERTEX_POINT('',#8442);
#2910=VERTEX_POINT('',#8444);
#2911=VERTEX_POINT('',#8446);
#2912=VERTEX_POINT('',#8448);
#2913=VERTEX_POINT('',#8450);
#2914=VERTEX_POINT('',#8451);
#2915=VERTEX_POINT('',#8453);
#2916=VERTEX_POINT('',#8455);
#2917=VERTEX_POINT('',#8458);
#2918=VERTEX_POINT('',#8459);
#2919=VERTEX_POINT('',#8461);
#2920=VERTEX_POINT('',#8463);
#2921=VERTEX_POINT('',#8466);
#2922=VERTEX_POINT('',#8467);
#2923=VERTEX_POINT('',#8469);
#2924=VERTEX_POINT('',#8471);
#2925=VERTEX_POINT('',#8474);
#2926=VERTEX_POINT('',#8475);
#2927=VERTEX_POINT('',#8477);
#2928=VERTEX_POINT('',#8479);
#2929=VERTEX_POINT('',#8482);
#2930=VERTEX_POINT('',#8483);
#2931=VERTEX_POINT('',#8485);
#2932=VERTEX_POINT('',#8487);
#2933=VERTEX_POINT('',#8490);
#2934=VERTEX_POINT('',#8491);
#2935=VERTEX_POINT('',#8493);
#2936=VERTEX_POINT('',#8495);
#2937=VERTEX_POINT('',#8498);
#2938=VERTEX_POINT('',#8499);
#2939=VERTEX_POINT('',#8501);
#2940=VERTEX_POINT('',#8503);
#2941=VERTEX_POINT('',#8507);
#2942=VERTEX_POINT('',#8509);
#2943=VERTEX_POINT('',#8512);
#2944=VERTEX_POINT('',#8514);
#2945=VERTEX_POINT('',#8518);
#2946=VERTEX_POINT('',#8519);
#2947=VERTEX_POINT('',#8524);
#2948=VERTEX_POINT('',#8526);
#2949=VERTEX_POINT('',#8530);
#2950=VERTEX_POINT('',#8532);
#2951=VERTEX_POINT('',#8534);
#2952=VERTEX_POINT('',#8542);
#2953=VERTEX_POINT('',#8545);
#2954=VERTEX_POINT('',#8549);
#2955=VERTEX_POINT('',#8551);
#2956=VERTEX_POINT('',#8558);
#2957=VERTEX_POINT('',#8560);
#2958=VERTEX_POINT('',#8562);
#2959=VERTEX_POINT('',#8564);
#2960=VERTEX_POINT('',#8566);
#2961=VERTEX_POINT('',#8568);
#2962=VERTEX_POINT('',#8571);
#2963=VERTEX_POINT('',#8572);
#2964=VERTEX_POINT('',#8574);
#2965=VERTEX_POINT('',#8576);
#2966=VERTEX_POINT('',#8578);
#2967=VERTEX_POINT('',#8580);
#2968=VERTEX_POINT('',#8582);
#2969=VERTEX_POINT('',#8584);
#2970=VERTEX_POINT('',#8586);
#2971=VERTEX_POINT('',#8588);
#2972=VERTEX_POINT('',#8591);
#2973=VERTEX_POINT('',#8593);
#2974=VERTEX_POINT('',#8597);
#2975=VERTEX_POINT('',#8598);
#2976=VERTEX_POINT('',#8603);
#2977=VERTEX_POINT('',#8606);
#2978=VERTEX_POINT('',#8607);
#2979=VERTEX_POINT('',#8609);
#2980=VERTEX_POINT('',#8611);
#2981=VERTEX_POINT('',#8613);
#2982=VERTEX_POINT('',#8615);
#2983=VERTEX_POINT('',#8617);
#2984=VERTEX_POINT('',#8619);
#2985=VERTEX_POINT('',#8622);
#2986=VERTEX_POINT('',#8623);
#2987=VERTEX_POINT('',#8625);
#2988=VERTEX_POINT('',#8627);
#2989=VERTEX_POINT('',#8630);
#2990=VERTEX_POINT('',#8631);
#2991=VERTEX_POINT('',#8633);
#2992=VERTEX_POINT('',#8635);
#2993=VERTEX_POINT('',#8637);
#2994=VERTEX_POINT('',#8639);
#2995=VERTEX_POINT('',#8641);
#2996=VERTEX_POINT('',#8643);
#2997=VERTEX_POINT('',#8645);
#2998=VERTEX_POINT('',#8647);
#2999=VERTEX_POINT('',#8649);
#3000=VERTEX_POINT('',#8651);
#3001=VERTEX_POINT('',#8654);
#3002=VERTEX_POINT('',#8655);
#3003=VERTEX_POINT('',#8657);
#3004=VERTEX_POINT('',#8659);
#3005=VERTEX_POINT('',#8661);
#3006=VERTEX_POINT('',#8663);
#3007=VERTEX_POINT('',#8665);
#3008=VERTEX_POINT('',#8667);
#3009=VERTEX_POINT('',#8669);
#3010=VERTEX_POINT('',#8671);
#3011=VERTEX_POINT('',#8673);
#3012=VERTEX_POINT('',#8675);
#3013=VERTEX_POINT('',#8677);
#3014=VERTEX_POINT('',#8679);
#3015=VERTEX_POINT('',#8681);
#3016=VERTEX_POINT('',#8683);
#3017=VERTEX_POINT('',#8685);
#3018=VERTEX_POINT('',#8687);
#3019=VERTEX_POINT('',#8689);
#3020=VERTEX_POINT('',#8691);
#3021=VERTEX_POINT('',#8693);
#3022=VERTEX_POINT('',#8695);
#3023=VERTEX_POINT('',#8697);
#3024=VERTEX_POINT('',#8699);
#3025=VERTEX_POINT('',#8701);
#3026=VERTEX_POINT('',#8703);
#3027=VERTEX_POINT('',#8705);
#3028=VERTEX_POINT('',#8707);
#3029=VERTEX_POINT('',#8709);
#3030=VERTEX_POINT('',#8711);
#3031=VERTEX_POINT('',#8713);
#3032=VERTEX_POINT('',#8715);
#3033=VERTEX_POINT('',#8717);
#3034=VERTEX_POINT('',#8719);
#3035=VERTEX_POINT('',#8722);
#3036=VERTEX_POINT('',#8723);
#3037=VERTEX_POINT('',#8725);
#3038=VERTEX_POINT('',#8727);
#3039=VERTEX_POINT('',#8729);
#3040=VERTEX_POINT('',#8731);
#3041=VERTEX_POINT('',#8733);
#3042=VERTEX_POINT('',#8735);
#3043=VERTEX_POINT('',#8737);
#3044=VERTEX_POINT('',#8739);
#3045=VERTEX_POINT('',#8741);
#3046=VERTEX_POINT('',#8743);
#3047=VERTEX_POINT('',#8747);
#3048=VERTEX_POINT('',#8749);
#3049=VERTEX_POINT('',#8753);
#3050=VERTEX_POINT('',#8757);
#3051=VERTEX_POINT('',#8758);
#3052=VERTEX_POINT('',#8760);
#3053=VERTEX_POINT('',#8762);
#3054=VERTEX_POINT('',#8766);
#3055=VERTEX_POINT('',#8768);
#3056=VERTEX_POINT('',#8772);
#3057=VERTEX_POINT('',#8774);
#3058=VERTEX_POINT('',#8778);
#3059=VERTEX_POINT('',#8780);
#3060=VERTEX_POINT('',#8784);
#3061=VERTEX_POINT('',#8786);
#3062=VERTEX_POINT('',#8790);
#3063=VERTEX_POINT('',#8792);
#3064=VERTEX_POINT('',#8796);
#3065=VERTEX_POINT('',#8798);
#3066=VERTEX_POINT('',#8802);
#3067=VERTEX_POINT('',#8804);
#3068=VERTEX_POINT('',#8808);
#3069=VERTEX_POINT('',#8810);
#3070=VERTEX_POINT('',#8814);
#3071=VERTEX_POINT('',#8816);
#3072=VERTEX_POINT('',#8820);
#3073=VERTEX_POINT('',#8822);
#3074=VERTEX_POINT('',#8826);
#3075=VERTEX_POINT('',#8828);
#3076=VERTEX_POINT('',#8832);
#3077=VERTEX_POINT('',#8836);
#3078=VERTEX_POINT('',#8840);
#3079=VERTEX_POINT('',#8844);
#3080=VERTEX_POINT('',#8848);
#3081=VERTEX_POINT('',#8852);
#3082=VERTEX_POINT('',#8856);
#3083=VERTEX_POINT('',#8860);
#3084=VERTEX_POINT('',#8864);
#3085=VERTEX_POINT('',#8868);
#3086=VERTEX_POINT('',#8878);
#3087=VERTEX_POINT('',#8879);
#3088=VERTEX_POINT('',#8881);
#3089=VERTEX_POINT('',#8883);
#3090=VERTEX_POINT('',#8885);
#3091=VERTEX_POINT('',#8887);
#3092=VERTEX_POINT('',#8889);
#3093=VERTEX_POINT('',#8891);
#3094=VERTEX_POINT('',#8911);
#3095=VERTEX_POINT('',#8912);
#3096=VERTEX_POINT('',#8914);
#3097=VERTEX_POINT('',#8916);
#3098=VERTEX_POINT('',#8928);
#3099=VERTEX_POINT('',#8929);
#3100=VERTEX_POINT('',#8931);
#3101=VERTEX_POINT('',#8933);
#3102=VERTEX_POINT('',#8935);
#3103=VERTEX_POINT('',#8937);
#3104=VERTEX_POINT('',#8939);
#3105=VERTEX_POINT('',#8941);
#3106=VERTEX_POINT('',#8943);
#3107=VERTEX_POINT('',#8945);
#3108=VERTEX_POINT('',#8947);
#3109=VERTEX_POINT('',#8949);
#3110=VERTEX_POINT('',#8977);
#3111=VERTEX_POINT('',#8978);
#3112=VERTEX_POINT('',#8980);
#3113=VERTEX_POINT('',#8982);
#3114=VERTEX_POINT('',#8984);
#3115=VERTEX_POINT('',#8986);
#3116=VERTEX_POINT('',#8988);
#3117=VERTEX_POINT('',#8990);
#3118=VERTEX_POINT('',#8992);
#3119=VERTEX_POINT('',#8994);
#3120=VERTEX_POINT('',#8996);
#3121=VERTEX_POINT('',#8998);
#3122=VERTEX_POINT('',#9000);
#3123=VERTEX_POINT('',#9002);
#3124=VERTEX_POINT('',#9004);
#3125=VERTEX_POINT('',#9006);
#3126=VERTEX_POINT('',#9008);
#3127=VERTEX_POINT('',#9010);
#3128=VERTEX_POINT('',#9012);
#3129=VERTEX_POINT('',#9014);
#3130=VERTEX_POINT('',#9016);
#3131=VERTEX_POINT('',#9018);
#3132=VERTEX_POINT('',#9020);
#3133=VERTEX_POINT('',#9022);
#3134=VERTEX_POINT('',#9024);
#3135=VERTEX_POINT('',#9026);
#3136=VERTEX_POINT('',#9028);
#3137=VERTEX_POINT('',#9030);
#3138=VERTEX_POINT('',#9032);
#3139=VERTEX_POINT('',#9034);
#3140=VERTEX_POINT('',#9036);
#3141=VERTEX_POINT('',#9038);
#3142=VERTEX_POINT('',#9040);
#3143=VERTEX_POINT('',#9042);
#3144=VERTEX_POINT('',#9114);
#3145=VERTEX_POINT('',#9123);
#3146=VERTEX_POINT('',#9125);
#3147=VERTEX_POINT('',#9127);
#3148=VERTEX_POINT('',#9131);
#3149=VERTEX_POINT('',#9137);
#3150=VERTEX_POINT('',#9139);
#3151=VERTEX_POINT('',#9143);
#3152=VERTEX_POINT('',#9149);
#3153=VERTEX_POINT('',#9153);
#3154=VERTEX_POINT('',#9158);
#3155=VERTEX_POINT('',#9162);
#3156=VERTEX_POINT('',#9166);
#3157=VERTEX_POINT('',#9171);
#3158=VERTEX_POINT('',#9173);
#3159=VERTEX_POINT('',#9175);
#3160=VERTEX_POINT('',#9177);
#3161=VERTEX_POINT('',#9179);
#3162=VERTEX_POINT('',#9182);
#3163=VERTEX_POINT('',#9187);
#3164=VERTEX_POINT('',#9188);
#3165=VERTEX_POINT('',#9190);
#3166=VERTEX_POINT('',#9192);
#3167=VERTEX_POINT('',#9196);
#3168=VERTEX_POINT('',#9198);
#3169=VERTEX_POINT('',#9202);
#3170=VERTEX_POINT('',#9206);
#3171=VERTEX_POINT('',#9208);
#3172=VERTEX_POINT('',#9212);
#3173=VERTEX_POINT('',#9217);
#3174=VERTEX_POINT('',#9225);
#3175=VERTEX_POINT('',#9227);
#3176=VERTEX_POINT('',#9233);
#3177=VERTEX_POINT('',#9264);
#3178=VERTEX_POINT('',#9291);
#3179=VERTEX_POINT('',#9350);
#3180=VERTEX_POINT('',#9402);
#3181=VERTEX_POINT('',#9449);
#3182=VERTEX_POINT('',#9507);
#3183=VERTEX_POINT('',#9510);
#3184=VERTEX_POINT('',#9515);
#3185=VERTEX_POINT('',#9517);
#3186=VERTEX_POINT('',#9524);
#3187=VERTEX_POINT('',#9528);
#3188=VERTEX_POINT('',#9534);
#3189=VERTEX_POINT('',#9536);
#3190=VERTEX_POINT('',#9540);
#3191=VERTEX_POINT('',#9542);
#3192=VERTEX_POINT('',#9550);
#3193=VERTEX_POINT('',#9552);
#3194=VERTEX_POINT('',#9556);
#3195=VERTEX_POINT('',#9558);
#3196=VERTEX_POINT('',#9570);
#3197=VERTEX_POINT('',#9572);
#3198=VERTEX_POINT('',#9649);
#3199=VERTEX_POINT('',#9651);
#3200=VERTEX_POINT('',#9653);
#3201=VERTEX_POINT('',#9655);
#3202=VERTEX_POINT('',#9657);
#3203=VERTEX_POINT('',#9659);
#3204=VERTEX_POINT('',#9664);
#3205=VERTEX_POINT('',#9668);
#3206=VERTEX_POINT('',#9672);
#3207=VERTEX_POINT('',#9677);
#3208=VERTEX_POINT('',#9682);
#3209=VERTEX_POINT('',#9686);
#3210=VERTEX_POINT('',#9688);
#3211=VERTEX_POINT('',#9692);
#3212=VERTEX_POINT('',#9696);
#3213=VERTEX_POINT('',#9700);
#3214=VERTEX_POINT('',#9704);
#3215=VERTEX_POINT('',#9709);
#3216=VERTEX_POINT('',#9710);
#3217=VERTEX_POINT('',#9715);
#3218=VERTEX_POINT('',#9716);
#3219=VERTEX_POINT('',#9775);
#3220=VERTEX_POINT('',#9788);
#3221=VERTEX_POINT('',#9799);
#3222=VERTEX_POINT('',#9801);
#3223=VERTEX_POINT('',#9804);
#3224=VERTEX_POINT('',#9806);
#3225=VERTEX_POINT('',#9810);
#3226=VERTEX_POINT('',#9814);
#3227=VERTEX_POINT('',#9818);
#3228=VERTEX_POINT('',#9822);
#3229=VERTEX_POINT('',#9829);
#3230=VERTEX_POINT('',#9830);
#3231=VERTEX_POINT('',#9835);
#3232=VERTEX_POINT('',#9839);
#3233=VERTEX_POINT('',#9846);
#3234=VERTEX_POINT('',#9850);
#3235=VERTEX_POINT('',#9897);
#3236=VERTEX_POINT('',#9901);
#3237=LINE('',#7867,#3919);
#3238=LINE('',#7870,#3920);
#3239=LINE('',#7872,#3921);
#3240=LINE('',#7874,#3922);
#3241=LINE('',#7876,#3923);
#3242=LINE('',#7879,#3924);
#3243=LINE('',#7880,#3925);
#3244=LINE('',#7882,#3926);
#3245=LINE('',#7885,#3927);
#3246=LINE('',#7887,#3928);
#3247=LINE('',#7889,#3929);
#3248=LINE('',#7891,#3930);
#3249=LINE('',#7894,#3931);
#3250=LINE('',#7896,#3932);
#3251=LINE('',#7898,#3933);
#3252=LINE('',#7900,#3934);
#3253=LINE('',#7902,#3935);
#3254=LINE('',#7904,#3936);
#3255=LINE('',#7906,#3937);
#3256=LINE('',#7908,#3938);
#3257=LINE('',#7911,#3939);
#3258=LINE('',#7913,#3940);
#3259=LINE('',#7915,#3941);
#3260=LINE('',#7917,#3942);
#3261=LINE('',#7920,#3943);
#3262=LINE('',#7922,#3944);
#3263=LINE('',#7924,#3945);
#3264=LINE('',#7926,#3946);
#3265=LINE('',#7928,#3947);
#3266=LINE('',#7934,#3948);
#3267=LINE('',#7936,#3949);
#3268=LINE('',#7938,#3950);
#3269=LINE('',#7940,#3951);
#3270=LINE('',#7942,#3952);
#3271=LINE('',#7944,#3953);
#3272=LINE('',#7946,#3954);
#3273=LINE('',#7948,#3955);
#3274=LINE('',#7950,#3956);
#3275=LINE('',#7960,#3957);
#3276=LINE('',#7962,#3958);
#3277=LINE('',#7964,#3959);
#3278=LINE('',#7966,#3960);
#3279=LINE('',#7968,#3961);
#3280=LINE('',#7970,#3962);
#3281=LINE('',#7980,#3963);
#3282=LINE('',#7982,#3964);
#3283=LINE('',#7984,#3965);
#3284=LINE('',#7986,#3966);
#3285=LINE('',#7988,#3967);
#3286=LINE('',#7990,#3968);
#3287=LINE('',#7992,#3969);
#3288=LINE('',#8000,#3970);
#3289=LINE('',#8003,#3971);
#3290=LINE('',#8004,#3972);
#3291=LINE('',#8006,#3973);
#3292=LINE('',#8008,#3974);
#3293=LINE('',#8010,#3975);
#3294=LINE('',#8012,#3976);
#3295=LINE('',#8014,#3977);
#3296=LINE('',#8016,#3978);
#3297=LINE('',#8018,#3979);
#3298=LINE('',#8021,#3980);
#3299=LINE('',#8022,#3981);
#3300=LINE('',#8024,#3982);
#3301=LINE('',#8025,#3983);
#3302=LINE('',#8027,#3984);
#3303=LINE('',#8030,#3985);
#3304=LINE('',#8031,#3986);
#3305=LINE('',#8033,#3987);
#3306=LINE('',#8035,#3988);
#3307=LINE('',#8037,#3989);
#3308=LINE('',#8039,#3990);
#3309=LINE('',#8041,#3991);
#3310=LINE('',#8043,#3992);
#3311=LINE('',#8044,#3993);
#3312=LINE('',#8046,#3994);
#3313=LINE('',#8048,#3995);
#3314=LINE('',#8050,#3996);
#3315=LINE('',#8052,#3997);
#3316=LINE('',#8054,#3998);
#3317=LINE('',#8056,#3999);
#3318=LINE('',#8058,#4000);
#3319=LINE('',#8060,#4001);
#3320=LINE('',#8062,#4002);
#3321=LINE('',#8064,#4003);
#3322=LINE('',#8066,#4004);
#3323=LINE('',#8068,#4005);
#3324=LINE('',#8070,#4006);
#3325=LINE('',#8072,#4007);
#3326=LINE('',#8074,#4008);
#3327=LINE('',#8076,#4009);
#3328=LINE('',#8078,#4010);
#3329=LINE('',#8080,#4011);
#3330=LINE('',#8082,#4012);
#3331=LINE('',#8084,#4013);
#3332=LINE('',#8086,#4014);
#3333=LINE('',#8088,#4015);
#3334=LINE('',#8090,#4016);
#3335=LINE('',#8092,#4017);
#3336=LINE('',#8094,#4018);
#3337=LINE('',#8095,#4019);
#3338=LINE('',#8096,#4020);
#3339=LINE('',#8099,#4021);
#3340=LINE('',#8101,#4022);
#3341=LINE('',#8103,#4023);
#3342=LINE('',#8105,#4024);
#3343=LINE('',#8107,#4025);
#3344=LINE('',#8109,#4026);
#3345=LINE('',#8111,#4027);
#3346=LINE('',#8115,#4028);
#3347=LINE('',#8117,#4029);
#3348=LINE('',#8119,#4030);
#3349=LINE('',#8121,#4031);
#3350=LINE('',#8123,#4032);
#3351=LINE('',#8126,#4033);
#3352=LINE('',#8128,#4034);
#3353=LINE('',#8130,#4035);
#3354=LINE('',#8132,#4036);
#3355=LINE('',#8135,#4037);
#3356=LINE('',#8136,#4038);
#3357=LINE('',#8138,#4039);
#3358=LINE('',#8141,#4040);
#3359=LINE('',#8143,#4041);
#3360=LINE('',#8145,#4042);
#3361=LINE('',#8147,#4043);
#3362=LINE('',#8149,#4044);
#3363=LINE('',#8151,#4045);
#3364=LINE('',#8161,#4046);
#3365=LINE('',#8164,#4047);
#3366=LINE('',#8166,#4048);
#3367=LINE('',#8168,#4049);
#3368=LINE('',#8170,#4050);
#3369=LINE('',#8172,#4051);
#3370=LINE('',#8173,#4052);
#3371=LINE('',#8175,#4053);
#3372=LINE('',#8177,#4054);
#3373=LINE('',#8179,#4055);
#3374=LINE('',#8181,#4056);
#3375=LINE('',#8183,#4057);
#3376=LINE('',#8185,#4058);
#3377=LINE('',#8187,#4059);
#3378=LINE('',#8189,#4060);
#3379=LINE('',#8190,#4061);
#3380=LINE('',#8193,#4062);
#3381=LINE('',#8195,#4063);
#3382=LINE('',#8197,#4064);
#3383=LINE('',#8199,#4065);
#3384=LINE('',#8201,#4066);
#3385=LINE('',#8203,#4067);
#3386=LINE('',#8205,#4068);
#3387=LINE('',#8207,#4069);
#3388=LINE('',#8209,#4070);
#3389=LINE('',#8211,#4071);
#3390=LINE('',#8213,#4072);
#3391=LINE('',#8215,#4073);
#3392=LINE('',#8218,#4074);
#3393=LINE('',#8219,#4075);
#3394=LINE('',#8221,#4076);
#3395=LINE('',#8223,#4077);
#3396=LINE('',#8224,#4078);
#3397=LINE('',#8226,#4079);
#3398=LINE('',#8229,#4080);
#3399=LINE('',#8231,#4081);
#3400=LINE('',#8233,#4082);
#3401=LINE('',#8234,#4083);
#3402=LINE('',#8237,#4084);
#3403=LINE('',#8239,#4085);
#3404=LINE('',#8241,#4086);
#3405=LINE('',#8242,#4087);
#3406=LINE('',#8245,#4088);
#3407=LINE('',#8247,#4089);
#3408=LINE('',#8249,#4090);
#3409=LINE('',#8250,#4091);
#3410=LINE('',#8253,#4092);
#3411=LINE('',#8255,#4093);
#3412=LINE('',#8257,#4094);
#3413=LINE('',#8258,#4095);
#3414=LINE('',#8261,#4096);
#3415=LINE('',#8263,#4097);
#3416=LINE('',#8265,#4098);
#3417=LINE('',#8266,#4099);
#3418=LINE('',#8269,#4100);
#3419=LINE('',#8271,#4101);
#3420=LINE('',#8273,#4102);
#3421=LINE('',#8274,#4103);
#3422=LINE('',#8277,#4104);
#3423=LINE('',#8279,#4105);
#3424=LINE('',#8281,#4106);
#3425=LINE('',#8298,#4107);
#3426=LINE('',#8301,#4108);
#3427=LINE('',#8303,#4109);
#3428=LINE('',#8305,#4110);
#3429=LINE('',#8306,#4111);
#3430=LINE('',#8308,#4112);
#3431=LINE('',#8310,#4113);
#3432=LINE('',#8311,#4114);
#3433=LINE('',#8315,#4115);
#3434=LINE('',#8317,#4116);
#3435=LINE('',#8318,#4117);
#3436=LINE('',#8320,#4118);
#3437=LINE('',#8322,#4119);
#3438=LINE('',#8323,#4120);
#3439=LINE('',#8324,#4121);
#3440=LINE('',#8325,#4122);
#3441=LINE('',#8384,#4123);
#3442=LINE('',#8386,#4124);
#3443=LINE('',#8388,#4125);
#3444=LINE('',#8390,#4126);
#3445=LINE('',#8392,#4127);
#3446=LINE('',#8394,#4128);
#3447=LINE('',#8396,#4129);
#3448=LINE('',#8398,#4130);
#3449=LINE('',#8400,#4131);
#3450=LINE('',#8402,#4132);
#3451=LINE('',#8407,#4133);
#3452=LINE('',#8409,#4134);
#3453=LINE('',#8410,#4135);
#3454=LINE('',#8411,#4136);
#3455=LINE('',#8415,#4137);
#3456=LINE('',#8416,#4138);
#3457=LINE('',#8418,#4139);
#3458=LINE('',#8420,#4140);
#3459=LINE('',#8422,#4141);
#3460=LINE('',#8424,#4142);
#3461=LINE('',#8426,#4143);
#3462=LINE('',#8428,#4144);
#3463=LINE('',#8430,#4145);
#3464=LINE('',#8432,#4146);
#3465=LINE('',#8438,#4147);
#3466=LINE('',#8439,#4148);
#3467=LINE('',#8449,#4149);
#3468=LINE('',#8452,#4150);
#3469=LINE('',#8454,#4151);
#3470=LINE('',#8456,#4152);
#3471=LINE('',#8457,#4153);
#3472=LINE('',#8460,#4154);
#3473=LINE('',#8462,#4155);
#3474=LINE('',#8464,#4156);
#3475=LINE('',#8465,#4157);
#3476=LINE('',#8468,#4158);
#3477=LINE('',#8470,#4159);
#3478=LINE('',#8472,#4160);
#3479=LINE('',#8473,#4161);
#3480=LINE('',#8476,#4162);
#3481=LINE('',#8478,#4163);
#3482=LINE('',#8480,#4164);
#3483=LINE('',#8481,#4165);
#3484=LINE('',#8484,#4166);
#3485=LINE('',#8486,#4167);
#3486=LINE('',#8488,#4168);
#3487=LINE('',#8489,#4169);
#3488=LINE('',#8492,#4170);
#3489=LINE('',#8494,#4171);
#3490=LINE('',#8496,#4172);
#3491=LINE('',#8497,#4173);
#3492=LINE('',#8500,#4174);
#3493=LINE('',#8502,#4175);
#3494=LINE('',#8504,#4176);
#3495=LINE('',#8511,#4177);
#3496=LINE('',#8513,#4178);
#3497=LINE('',#8515,#4179);
#3498=LINE('',#8517,#4180);
#3499=LINE('',#8520,#4181);
#3500=LINE('',#8521,#4182);
#3501=LINE('',#8523,#4183);
#3502=LINE('',#8525,#4184);
#3503=LINE('',#8527,#4185);
#3504=LINE('',#8529,#4186);
#3505=LINE('',#8531,#4187);
#3506=LINE('',#8533,#4188);
#3507=LINE('',#8543,#4189);
#3508=LINE('',#8544,#4190);
#3509=LINE('',#8546,#4191);
#3510=LINE('',#8548,#4192);
#3511=LINE('',#8550,#4193);
#3512=LINE('',#8552,#4194);
#3513=LINE('',#8554,#4195);
#3514=LINE('',#8556,#4196);
#3515=LINE('',#8557,#4197);
#3516=LINE('',#8559,#4198);
#3517=LINE('',#8563,#4199);
#3518=LINE('',#8567,#4200);
#3519=LINE('',#8569,#4201);
#3520=LINE('',#8570,#4202);
#3521=LINE('',#8573,#4203);
#3522=LINE('',#8575,#4204);
#3523=LINE('',#8577,#4205);
#3524=LINE('',#8579,#4206);
#3525=LINE('',#8581,#4207);
#3526=LINE('',#8583,#4208);
#3527=LINE('',#8585,#4209);
#3528=LINE('',#8587,#4210);
#3529=LINE('',#8589,#4211);
#3530=LINE('',#8596,#4212);
#3531=LINE('',#8599,#4213);
#3532=LINE('',#8600,#4214);
#3533=LINE('',#8602,#4215);
#3534=LINE('',#8604,#4216);
#3535=LINE('',#8605,#4217);
#3536=LINE('',#8608,#4218);
#3537=LINE('',#8610,#4219);
#3538=LINE('',#8612,#4220);
#3539=LINE('',#8614,#4221);
#3540=LINE('',#8616,#4222);
#3541=LINE('',#8618,#4223);
#3542=LINE('',#8620,#4224);
#3543=LINE('',#8621,#4225);
#3544=LINE('',#8624,#4226);
#3545=LINE('',#8626,#4227);
#3546=LINE('',#8628,#4228);
#3547=LINE('',#8629,#4229);
#3548=LINE('',#8632,#4230);
#3549=LINE('',#8634,#4231);
#3550=LINE('',#8636,#4232);
#3551=LINE('',#8638,#4233);
#3552=LINE('',#8640,#4234);
#3553=LINE('',#8642,#4235);
#3554=LINE('',#8644,#4236);
#3555=LINE('',#8646,#4237);
#3556=LINE('',#8648,#4238);
#3557=LINE('',#8650,#4239);
#3558=LINE('',#8652,#4240);
#3559=LINE('',#8653,#4241);
#3560=LINE('',#8662,#4242);
#3561=LINE('',#8670,#4243);
#3562=LINE('',#8678,#4244);
#3563=LINE('',#8680,#4245);
#3564=LINE('',#8682,#4246);
#3565=LINE('',#8688,#4247);
#3566=LINE('',#8694,#4248);
#3567=LINE('',#8700,#4249);
#3568=LINE('',#8706,#4250);
#3569=LINE('',#8708,#4251);
#3570=LINE('',#8710,#4252);
#3571=LINE('',#8712,#4253);
#3572=LINE('',#8714,#4254);
#3573=LINE('',#8721,#4255);
#3574=LINE('',#8724,#4256);
#3575=LINE('',#8726,#4257);
#3576=LINE('',#8728,#4258);
#3577=LINE('',#8736,#4259);
#3578=LINE('',#8744,#4260);
#3579=LINE('',#8746,#4261);
#3580=LINE('',#8748,#4262);
#3581=LINE('',#8750,#4263);
#3582=LINE('',#8752,#4264);
#3583=LINE('',#8754,#4265);
#3584=LINE('',#8756,#4266);
#3585=LINE('',#8759,#4267);
#3586=LINE('',#8761,#4268);
#3587=LINE('',#8763,#4269);
#3588=LINE('',#8767,#4270);
#3589=LINE('',#8773,#4271);
#3590=LINE('',#8777,#4272);
#3591=LINE('',#8779,#4273);
#3592=LINE('',#8781,#4274);
#3593=LINE('',#8785,#4275);
#3594=LINE('',#8791,#4276);
#3595=LINE('',#8795,#4277);
#3596=LINE('',#8797,#4278);
#3597=LINE('',#8799,#4279);
#3598=LINE('',#8803,#4280);
#3599=LINE('',#8809,#4281);
#3600=LINE('',#8813,#4282);
#3601=LINE('',#8815,#4283);
#3602=LINE('',#8817,#4284);
#3603=LINE('',#8821,#4285);
#3604=LINE('',#8825,#4286);
#3605=LINE('',#8827,#4287);
#3606=LINE('',#8829,#4288);
#3607=LINE('',#8831,#4289);
#3608=LINE('',#8833,#4290);
#3609=LINE('',#8835,#4291);
#3610=LINE('',#8837,#4292);
#3611=LINE('',#8839,#4293);
#3612=LINE('',#8841,#4294);
#3613=LINE('',#8843,#4295);
#3614=LINE('',#8847,#4296);
#3615=LINE('',#8851,#4297);
#3616=LINE('',#8855,#4298);
#3617=LINE('',#8857,#4299);
#3618=LINE('',#8859,#4300);
#3619=LINE('',#8863,#4301);
#3620=LINE('',#8867,#4302);
#3621=LINE('',#8871,#4303);
#3622=LINE('',#8877,#4304);
#3623=LINE('',#8880,#4305);
#3624=LINE('',#8882,#4306);
#3625=LINE('',#8884,#4307);
#3626=LINE('',#8886,#4308);
#3627=LINE('',#8888,#4309);
#3628=LINE('',#8890,#4310);
#3629=LINE('',#8892,#4311);
#3630=LINE('',#8894,#4312);
#3631=LINE('',#8895,#4313);
#3632=LINE('',#8897,#4314);
#3633=LINE('',#8899,#4315);
#3634=LINE('',#8901,#4316);
#3635=LINE('',#8903,#4317);
#3636=LINE('',#8905,#4318);
#3637=LINE('',#8907,#4319);
#3638=LINE('',#8910,#4320);
#3639=LINE('',#8913,#4321);
#3640=LINE('',#8915,#4322);
#3641=LINE('',#8917,#4323);
#3642=LINE('',#8919,#4324);
#3643=LINE('',#8920,#4325);
#3644=LINE('',#8922,#4326);
#3645=LINE('',#8924,#4327);
#3646=LINE('',#8927,#4328);
#3647=LINE('',#8930,#4329);
#3648=LINE('',#8932,#4330);
#3649=LINE('',#8934,#4331);
#3650=LINE('',#8936,#4332);
#3651=LINE('',#8938,#4333);
#3652=LINE('',#8940,#4334);
#3653=LINE('',#8942,#4335);
#3654=LINE('',#8944,#4336);
#3655=LINE('',#8946,#4337);
#3656=LINE('',#8948,#4338);
#3657=LINE('',#8950,#4339);
#3658=LINE('',#8952,#4340);
#3659=LINE('',#8953,#4341);
#3660=LINE('',#8955,#4342);
#3661=LINE('',#8957,#4343);
#3662=LINE('',#8959,#4344);
#3663=LINE('',#8960,#4345);
#3664=LINE('',#8962,#4346);
#3665=LINE('',#8964,#4347);
#3666=LINE('',#8966,#4348);
#3667=LINE('',#8967,#4349);
#3668=LINE('',#8969,#4350);
#3669=LINE('',#8971,#4351);
#3670=LINE('',#8979,#4352);
#3671=LINE('',#8987,#4353);
#3672=LINE('',#8989,#4354);
#3673=LINE('',#8991,#4355);
#3674=LINE('',#8993,#4356);
#3675=LINE('',#8995,#4357);
#3676=LINE('',#9001,#4358);
#3677=LINE('',#9007,#4359);
#3678=LINE('',#9013,#4360);
#3679=LINE('',#9019,#4361);
#3680=LINE('',#9021,#4362);
#3681=LINE('',#9023,#4363);
#3682=LINE('',#9031,#4364);
#3683=LINE('',#9039,#4365);
#3684=LINE('',#9045,#4366);
#3685=LINE('',#9046,#4367);
#3686=LINE('',#9048,#4368);
#3687=LINE('',#9050,#4369);
#3688=LINE('',#9052,#4370);
#3689=LINE('',#9054,#4371);
#3690=LINE('',#9056,#4372);
#3691=LINE('',#9058,#4373);
#3692=LINE('',#9060,#4374);
#3693=LINE('',#9062,#4375);
#3694=LINE('',#9064,#4376);
#3695=LINE('',#9066,#4377);
#3696=LINE('',#9068,#4378);
#3697=LINE('',#9070,#4379);
#3698=LINE('',#9072,#4380);
#3699=LINE('',#9073,#4381);
#3700=LINE('',#9075,#4382);
#3701=LINE('',#9077,#4383);
#3702=LINE('',#9079,#4384);
#3703=LINE('',#9081,#4385);
#3704=LINE('',#9083,#4386);
#3705=LINE('',#9085,#4387);
#3706=LINE('',#9087,#4388);
#3707=LINE('',#9090,#4389);
#3708=LINE('',#9092,#4390);
#3709=LINE('',#9094,#4391);
#3710=LINE('',#9096,#4392);
#3711=LINE('',#9098,#4393);
#3712=LINE('',#9100,#4394);
#3713=LINE('',#9102,#4395);
#3714=LINE('',#9104,#4396);
#3715=LINE('',#9106,#4397);
#3716=LINE('',#9108,#4398);
#3717=LINE('',#9110,#4399);
#3718=LINE('',#9113,#4400);
#3719=LINE('',#9115,#4401);
#3720=LINE('',#9124,#4402);
#3721=LINE('',#9126,#4403);
#3722=LINE('',#9128,#4404);
#3723=LINE('',#9130,#4405);
#3724=LINE('',#9132,#4406);
#3725=LINE('',#9133,#4407);
#3726=LINE('',#9134,#4408);
#3727=LINE('',#9135,#4409);
#3728=LINE('',#9136,#4410);
#3729=LINE('',#9138,#4411);
#3730=LINE('',#9140,#4412);
#3731=LINE('',#9142,#4413);
#3732=LINE('',#9144,#4414);
#3733=LINE('',#9146,#4415);
#3734=LINE('',#9148,#4416);
#3735=LINE('',#9150,#4417);
#3736=LINE('',#9152,#4418);
#3737=LINE('',#9154,#4419);
#3738=LINE('',#9156,#4420);
#3739=LINE('',#9157,#4421);
#3740=LINE('',#9159,#4422);
#3741=LINE('',#9160,#4423);
#3742=LINE('',#9161,#4424);
#3743=LINE('',#9163,#4425);
#3744=LINE('',#9165,#4426);
#3745=LINE('',#9167,#4427);
#3746=LINE('',#9168,#4428);
#3747=LINE('',#9170,#4429);
#3748=LINE('',#9172,#4430);
#3749=LINE('',#9176,#4431);
#3750=LINE('',#9178,#4432);
#3751=LINE('',#9180,#4433);
#3752=LINE('',#9184,#4434);
#3753=LINE('',#9186,#4435);
#3754=LINE('',#9189,#4436);
#3755=LINE('',#9191,#4437);
#3756=LINE('',#9193,#4438);
#3757=LINE('',#9195,#4439);
#3758=LINE('',#9197,#4440);
#3759=LINE('',#9199,#4441);
#3760=LINE('',#9201,#4442);
#3761=LINE('',#9203,#4443);
#3762=LINE('',#9205,#4444);
#3763=LINE('',#9207,#4445);
#3764=LINE('',#9209,#4446);
#3765=LINE('',#9211,#4447);
#3766=LINE('',#9213,#4448);
#3767=LINE('',#9215,#4449);
#3768=LINE('',#9216,#4450);
#3769=LINE('',#9218,#4451);
#3770=LINE('',#9220,#4452);
#3771=LINE('',#9221,#4453);
#3772=LINE('',#9224,#4454);
#3773=LINE('',#9226,#4455);
#3774=LINE('',#9230,#4456);
#3775=LINE('',#9232,#4457);
#3776=LINE('',#9234,#4458);
#3777=LINE('',#9236,#4459);
#3778=LINE('',#9265,#4460);
#3779=LINE('',#9290,#4461);
#3780=LINE('',#9351,#4462);
#3781=LINE('',#9403,#4463);
#3782=LINE('',#9450,#4464);
#3783=LINE('',#9506,#4465);
#3784=LINE('',#9508,#4466);
#3785=LINE('',#9509,#4467);
#3786=LINE('',#9511,#4468);
#3787=LINE('',#9513,#4469);
#3788=LINE('',#9514,#4470);
#3789=LINE('',#9516,#4471);
#3790=LINE('',#9518,#4472);
#3791=LINE('',#9520,#4473);
#3792=LINE('',#9521,#4474);
#3793=LINE('',#9525,#4475);
#3794=LINE('',#9527,#4476);
#3795=LINE('',#9533,#4477);
#3796=LINE('',#9535,#4478);
#3797=LINE('',#9537,#4479);
#3798=LINE('',#9539,#4480);
#3799=LINE('',#9541,#4481);
#3800=LINE('',#9543,#4482);
#3801=LINE('',#9545,#4483);
#3802=LINE('',#9546,#4484);
#3803=LINE('',#9549,#4485);
#3804=LINE('',#9551,#4486);
#3805=LINE('',#9553,#4487);
#3806=LINE('',#9555,#4488);
#3807=LINE('',#9557,#4489);
#3808=LINE('',#9559,#4490);
#3809=LINE('',#9561,#4491);
#3810=LINE('',#9563,#4492);
#3811=LINE('',#9564,#4493);
#3812=LINE('',#9565,#4494);
#3813=LINE('',#9568,#4495);
#3814=LINE('',#9569,#4496);
#3815=LINE('',#9571,#4497);
#3816=LINE('',#9573,#4498);
#3817=LINE('',#9575,#4499);
#3818=LINE('',#9576,#4500);
#3819=LINE('',#9577,#4501);
#3820=LINE('',#9579,#4502);
#3821=LINE('',#9609,#4503);
#3822=LINE('',#9611,#4504);
#3823=LINE('',#9614,#4505);
#3824=LINE('',#9642,#4506);
#3825=LINE('',#9645,#4507);
#3826=LINE('',#9656,#4508);
#3827=LINE('',#9658,#4509);
#3828=LINE('',#9660,#4510);
#3829=LINE('',#9662,#4511);
#3830=LINE('',#9663,#4512);
#3831=LINE('',#9665,#4513);
#3832=LINE('',#9667,#4514);
#3833=LINE('',#9669,#4515);
#3834=LINE('',#9671,#4516);
#3835=LINE('',#9673,#4517);
#3836=LINE('',#9676,#4518);
#3837=LINE('',#9678,#4519);
#3838=LINE('',#9679,#4520);
#3839=LINE('',#9681,#4521);
#3840=LINE('',#9683,#4522);
#3841=LINE('',#9685,#4523);
#3842=LINE('',#9687,#4524);
#3843=LINE('',#9689,#4525);
#3844=LINE('',#9708,#4526);
#3845=LINE('',#9711,#4527);
#3846=LINE('',#9712,#4528);
#3847=LINE('',#9714,#4529);
#3848=LINE('',#9717,#4530);
#3849=LINE('',#9718,#4531);
#3850=LINE('',#9719,#4532);
#3851=LINE('',#9720,#4533);
#3852=LINE('',#9724,#4534);
#3853=LINE('',#9725,#4535);
#3854=LINE('',#9727,#4536);
#3855=LINE('',#9729,#4537);
#3856=LINE('',#9732,#4538);
#3857=LINE('',#9733,#4539);
#3858=LINE('',#9735,#4540);
#3859=LINE('',#9737,#4541);
#3860=LINE('',#9740,#4542);
#3861=LINE('',#9741,#4543);
#3862=LINE('',#9743,#4544);
#3863=LINE('',#9745,#4545);
#3864=LINE('',#9748,#4546);
#3865=LINE('',#9749,#4547);
#3866=LINE('',#9751,#4548);
#3867=LINE('',#9753,#4549);
#3868=LINE('',#9756,#4550);
#3869=LINE('',#9757,#4551);
#3870=LINE('',#9759,#4552);
#3871=LINE('',#9761,#4553);
#3872=LINE('',#9764,#4554);
#3873=LINE('',#9765,#4555);
#3874=LINE('',#9767,#4556);
#3875=LINE('',#9769,#4557);
#3876=LINE('',#9772,#4558);
#3877=LINE('',#9776,#4559);
#3878=LINE('',#9778,#4560);
#3879=LINE('',#9780,#4561);
#3880=LINE('',#9783,#4562);
#3881=LINE('',#9784,#4563);
#3882=LINE('',#9787,#4564);
#3883=LINE('',#9789,#4565);
#3884=LINE('',#9791,#4566);
#3885=LINE('',#9794,#4567);
#3886=LINE('',#9796,#4568);
#3887=LINE('',#9825,#4569);
#3888=LINE('',#9826,#4570);
#3889=LINE('',#9828,#4571);
#3890=LINE('',#9831,#4572);
#3891=LINE('',#9832,#4573);
#3892=LINE('',#9834,#4574);
#3893=LINE('',#9836,#4575);
#3894=LINE('',#9838,#4576);
#3895=LINE('',#9840,#4577);
#3896=LINE('',#9842,#4578);
#3897=LINE('',#9845,#4579);
#3898=LINE('',#9847,#4580);
#3899=LINE('',#9849,#4581);
#3900=LINE('',#9851,#4582);
#3901=LINE('',#9853,#4583);
#3902=LINE('',#9856,#4584);
#3903=LINE('',#9857,#4585);
#3904=LINE('',#9859,#4586);
#3905=LINE('',#9860,#4587);
#3906=LINE('',#9862,#4588);
#3907=LINE('',#9865,#4589);
#3908=LINE('',#9869,#4590);
#3909=LINE('',#9871,#4591);
#3910=LINE('',#9875,#4592);
#3911=LINE('',#9877,#4593);
#3912=LINE('',#9879,#4594);
#3913=LINE('',#9893,#4595);
#3914=LINE('',#9896,#4596);
#3915=LINE('',#9898,#4597);
#3916=LINE('',#9900,#4598);
#3917=LINE('',#9902,#4599);
#3918=LINE('',#9904,#4600);
#3919=VECTOR('',#6349,1.);
#3920=VECTOR('',#6350,1.);
#3921=VECTOR('',#6351,1.);
#3922=VECTOR('',#6352,1.);
#3923=VECTOR('',#6355,1.);
#3924=VECTOR('',#6356,1.);
#3925=VECTOR('',#6357,1.);
#3926=VECTOR('',#6360,1.);
#3927=VECTOR('',#6361,1.);
#3928=VECTOR('',#6362,1.);
#3929=VECTOR('',#6363,1.);
#3930=VECTOR('',#6366,1.);
#3931=VECTOR('',#6367,1.);
#3932=VECTOR('',#6368,1.);
#3933=VECTOR('',#6369,1.);
#3934=VECTOR('',#6370,1.);
#3935=VECTOR('',#6371,1.);
#3936=VECTOR('',#6372,1.);
#3937=VECTOR('',#6373,1.);
#3938=VECTOR('',#6376,1.);
#3939=VECTOR('',#6377,1.);
#3940=VECTOR('',#6378,1.);
#3941=VECTOR('',#6379,1.);
#3942=VECTOR('',#6382,1.);
#3943=VECTOR('',#6383,1.);
#3944=VECTOR('',#6384,1.);
#3945=VECTOR('',#6385,1.);
#3946=VECTOR('',#6386,1.);
#3947=VECTOR('',#6387,1.);
#3948=VECTOR('',#6394,1.);
#3949=VECTOR('',#6395,1.);
#3950=VECTOR('',#6396,1.);
#3951=VECTOR('',#6397,1.);
#3952=VECTOR('',#6398,1.);
#3953=VECTOR('',#6399,1.);
#3954=VECTOR('',#6400,1.);
#3955=VECTOR('',#6401,1.);
#3956=VECTOR('',#6402,1.);
#3957=VECTOR('',#6403,1.);
#3958=VECTOR('',#6404,1.);
#3959=VECTOR('',#6405,1.);
#3960=VECTOR('',#6406,1.);
#3961=VECTOR('',#6407,1.);
#3962=VECTOR('',#6408,1.);
#3963=VECTOR('',#6409,1.);
#3964=VECTOR('',#6410,1.);
#3965=VECTOR('',#6411,1.);
#3966=VECTOR('',#6412,1.);
#3967=VECTOR('',#6413,1.);
#3968=VECTOR('',#6414,1.);
#3969=VECTOR('',#6415,1.);
#3970=VECTOR('',#6426,1.);
#3971=VECTOR('',#6427,1.);
#3972=VECTOR('',#6428,1.);
#3973=VECTOR('',#6431,1.);
#3974=VECTOR('',#6432,1.);
#3975=VECTOR('',#6433,1.);
#3976=VECTOR('',#6436,1.);
#3977=VECTOR('',#6437,1.);
#3978=VECTOR('',#6438,1.);
#3979=VECTOR('',#6441,1.);
#3980=VECTOR('',#6442,1.);
#3981=VECTOR('',#6443,1.);
#3982=VECTOR('',#6446,1.);
#3983=VECTOR('',#6447,1.);
#3984=VECTOR('',#6450,1.);
#3985=VECTOR('',#6451,1.);
#3986=VECTOR('',#6452,1.);
#3987=VECTOR('',#6453,1.);
#3988=VECTOR('',#6454,1.);
#3989=VECTOR('',#6455,1.);
#3990=VECTOR('',#6456,1.);
#3991=VECTOR('',#6457,1.);
#3992=VECTOR('',#6458,1.);
#3993=VECTOR('',#6459,1.);
#3994=VECTOR('',#6460,1.);
#3995=VECTOR('',#6461,1.);
#3996=VECTOR('',#6462,1.);
#3997=VECTOR('',#6463,1.);
#3998=VECTOR('',#6464,1.);
#3999=VECTOR('',#6465,1.);
#4000=VECTOR('',#6466,1.);
#4001=VECTOR('',#6467,1.);
#4002=VECTOR('',#6468,1.);
#4003=VECTOR('',#6469,1.);
#4004=VECTOR('',#6470,1.);
#4005=VECTOR('',#6471,1.);
#4006=VECTOR('',#6472,1.);
#4007=VECTOR('',#6473,1.);
#4008=VECTOR('',#6474,1.);
#4009=VECTOR('',#6475,1.);
#4010=VECTOR('',#6476,1.);
#4011=VECTOR('',#6477,1.);
#4012=VECTOR('',#6478,1.);
#4013=VECTOR('',#6479,1.);
#4014=VECTOR('',#6480,1.);
#4015=VECTOR('',#6481,1.);
#4016=VECTOR('',#6482,1.);
#4017=VECTOR('',#6483,1.);
#4018=VECTOR('',#6484,1.);
#4019=VECTOR('',#6485,1.);
#4020=VECTOR('',#6486,1.);
#4021=VECTOR('',#6487,1.);
#4022=VECTOR('',#6488,1.);
#4023=VECTOR('',#6489,1.);
#4024=VECTOR('',#6490,1.);
#4025=VECTOR('',#6491,1.);
#4026=VECTOR('',#6492,1.);
#4027=VECTOR('',#6493,1.);
#4028=VECTOR('',#6498,1.);
#4029=VECTOR('',#6499,1.);
#4030=VECTOR('',#6500,1.);
#4031=VECTOR('',#6501,1.);
#4032=VECTOR('',#6504,1.);
#4033=VECTOR('',#6505,1.);
#4034=VECTOR('',#6506,1.);
#4035=VECTOR('',#6507,1.);
#4036=VECTOR('',#6510,1.);
#4037=VECTOR('',#6511,1.);
#4038=VECTOR('',#6512,1.);
#4039=VECTOR('',#6515,1.);
#4040=VECTOR('',#6516,1.);
#4041=VECTOR('',#6517,1.);
#4042=VECTOR('',#6518,1.);
#4043=VECTOR('',#6521,1.);
#4044=VECTOR('',#6522,1.);
#4045=VECTOR('',#6523,1.);
#4046=VECTOR('',#6534,1.);
#4047=VECTOR('',#6535,1.);
#4048=VECTOR('',#6536,1.);
#4049=VECTOR('',#6537,1.);
#4050=VECTOR('',#6538,1.);
#4051=VECTOR('',#6539,1.);
#4052=VECTOR('',#6540,1.);
#4053=VECTOR('',#6541,1.);
#4054=VECTOR('',#6542,1.);
#4055=VECTOR('',#6543,1.);
#4056=VECTOR('',#6544,1.);
#4057=VECTOR('',#6545,1.);
#4058=VECTOR('',#6546,1.);
#4059=VECTOR('',#6547,1.);
#4060=VECTOR('',#6548,1.);
#4061=VECTOR('',#6549,1.);
#4062=VECTOR('',#6550,1.);
#4063=VECTOR('',#6551,1.);
#4064=VECTOR('',#6552,1.);
#4065=VECTOR('',#6553,1.);
#4066=VECTOR('',#6554,1.);
#4067=VECTOR('',#6555,1.);
#4068=VECTOR('',#6556,1.);
#4069=VECTOR('',#6557,1.);
#4070=VECTOR('',#6558,1.);
#4071=VECTOR('',#6559,1.);
#4072=VECTOR('',#6560,1.);
#4073=VECTOR('',#6563,1.);
#4074=VECTOR('',#6564,1.);
#4075=VECTOR('',#6565,1.);
#4076=VECTOR('',#6566,1.);
#4077=VECTOR('',#6567,1.);
#4078=VECTOR('',#6568,1.);
#4079=VECTOR('',#6571,1.);
#4080=VECTOR('',#6572,1.);
#4081=VECTOR('',#6573,1.);
#4082=VECTOR('',#6574,1.);
#4083=VECTOR('',#6575,1.);
#4084=VECTOR('',#6576,1.);
#4085=VECTOR('',#6577,1.);
#4086=VECTOR('',#6578,1.);
#4087=VECTOR('',#6579,1.);
#4088=VECTOR('',#6580,1.);
#4089=VECTOR('',#6581,1.);
#4090=VECTOR('',#6582,1.);
#4091=VECTOR('',#6583,1.);
#4092=VECTOR('',#6584,1.);
#4093=VECTOR('',#6585,1.);
#4094=VECTOR('',#6586,1.);
#4095=VECTOR('',#6587,1.);
#4096=VECTOR('',#6588,1.);
#4097=VECTOR('',#6589,1.);
#4098=VECTOR('',#6590,1.);
#4099=VECTOR('',#6591,1.);
#4100=VECTOR('',#6592,1.);
#4101=VECTOR('',#6593,1.);
#4102=VECTOR('',#6594,1.);
#4103=VECTOR('',#6595,1.);
#4104=VECTOR('',#6596,1.);
#4105=VECTOR('',#6597,1.);
#4106=VECTOR('',#6598,1.);
#4107=VECTOR('',#6615,1.);
#4108=VECTOR('',#6616,1.);
#4109=VECTOR('',#6617,1.);
#4110=VECTOR('',#6618,1.);
#4111=VECTOR('',#6619,1.);
#4112=VECTOR('',#6620,1.);
#4113=VECTOR('',#6621,1.);
#4114=VECTOR('',#6622,1.);
#4115=VECTOR('',#6625,1.);
#4116=VECTOR('',#6626,1.);
#4117=VECTOR('',#6627,1.);
#4118=VECTOR('',#6628,1.);
#4119=VECTOR('',#6629,1.);
#4120=VECTOR('',#6630,1.);
#4121=VECTOR('',#6631,1.);
#4122=VECTOR('',#6632,1.);
#4123=VECTOR('',#6635,1.);
#4124=VECTOR('',#6636,1.);
#4125=VECTOR('',#6637,1.);
#4126=VECTOR('',#6638,1.);
#4127=VECTOR('',#6639,1.);
#4128=VECTOR('',#6640,1.);
#4129=VECTOR('',#6641,1.);
#4130=VECTOR('',#6642,1.);
#4131=VECTOR('',#6645,1.);
#4132=VECTOR('',#6646,1.);
#4133=VECTOR('',#6651,1.);
#4134=VECTOR('',#6652,1.);
#4135=VECTOR('',#6653,1.);
#4136=VECTOR('',#6654,1.);
#4137=VECTOR('',#6657,1.);
#4138=VECTOR('',#6658,1.);
#4139=VECTOR('',#6659,1.);
#4140=VECTOR('',#6660,1.);
#4141=VECTOR('',#6661,1.);
#4142=VECTOR('',#6662,1.);
#4143=VECTOR('',#6665,1.);
#4144=VECTOR('',#6666,1.);
#4145=VECTOR('',#6669,1.);
#4146=VECTOR('',#6670,1.);
#4147=VECTOR('',#6679,1.);
#4148=VECTOR('',#6680,1.);
#4149=VECTOR('',#6691,1.);
#4150=VECTOR('',#6692,1.);
#4151=VECTOR('',#6693,1.);
#4152=VECTOR('',#6694,1.);
#4153=VECTOR('',#6695,1.);
#4154=VECTOR('',#6696,1.);
#4155=VECTOR('',#6697,1.);
#4156=VECTOR('',#6698,1.);
#4157=VECTOR('',#6699,1.);
#4158=VECTOR('',#6700,1.);
#4159=VECTOR('',#6701,1.);
#4160=VECTOR('',#6702,1.);
#4161=VECTOR('',#6703,1.);
#4162=VECTOR('',#6704,1.);
#4163=VECTOR('',#6705,1.);
#4164=VECTOR('',#6706,1.);
#4165=VECTOR('',#6707,1.);
#4166=VECTOR('',#6708,1.);
#4167=VECTOR('',#6709,1.);
#4168=VECTOR('',#6710,1.);
#4169=VECTOR('',#6711,1.);
#4170=VECTOR('',#6712,1.);
#4171=VECTOR('',#6713,1.);
#4172=VECTOR('',#6714,1.);
#4173=VECTOR('',#6715,1.);
#4174=VECTOR('',#6716,1.);
#4175=VECTOR('',#6717,1.);
#4176=VECTOR('',#6718,1.);
#4177=VECTOR('',#6727,1.);
#4178=VECTOR('',#6728,1.);
#4179=VECTOR('',#6729,1.);
#4180=VECTOR('',#6732,1.);
#4181=VECTOR('',#6733,1.);
#4182=VECTOR('',#6734,1.);
#4183=VECTOR('',#6737,1.);
#4184=VECTOR('',#6738,1.);
#4185=VECTOR('',#6739,1.);
#4186=VECTOR('',#6742,1.);
#4187=VECTOR('',#6743,1.);
#4188=VECTOR('',#6744,1.);
#4189=VECTOR('',#6745,1.);
#4190=VECTOR('',#6746,1.);
#4191=VECTOR('',#6747,1.);
#4192=VECTOR('',#6750,1.);
#4193=VECTOR('',#6751,1.);
#4194=VECTOR('',#6752,1.);
#4195=VECTOR('',#6755,1.);
#4196=VECTOR('',#6758,1.);
#4197=VECTOR('',#6759,1.);
#4198=VECTOR('',#6760,1.);
#4199=VECTOR('',#6763,1.);
#4200=VECTOR('',#6766,1.);
#4201=VECTOR('',#6767,1.);
#4202=VECTOR('',#6768,1.);
#4203=VECTOR('',#6769,1.);
#4204=VECTOR('',#6770,1.);
#4205=VECTOR('',#6771,1.);
#4206=VECTOR('',#6772,1.);
#4207=VECTOR('',#6773,1.);
#4208=VECTOR('',#6774,1.);
#4209=VECTOR('',#6775,1.);
#4210=VECTOR('',#6776,1.);
#4211=VECTOR('',#6777,1.);
#4212=VECTOR('',#6786,1.);
#4213=VECTOR('',#6787,1.);
#4214=VECTOR('',#6788,1.);
#4215=VECTOR('',#6791,1.);
#4216=VECTOR('',#6792,1.);
#4217=VECTOR('',#6793,1.);
#4218=VECTOR('',#6794,1.);
#4219=VECTOR('',#6795,1.);
#4220=VECTOR('',#6796,1.);
#4221=VECTOR('',#6797,1.);
#4222=VECTOR('',#6798,1.);
#4223=VECTOR('',#6799,1.);
#4224=VECTOR('',#6800,1.);
#4225=VECTOR('',#6801,1.);
#4226=VECTOR('',#6802,1.);
#4227=VECTOR('',#6803,1.);
#4228=VECTOR('',#6804,1.);
#4229=VECTOR('',#6805,1.);
#4230=VECTOR('',#6806,1.);
#4231=VECTOR('',#6807,1.);
#4232=VECTOR('',#6808,1.);
#4233=VECTOR('',#6809,1.);
#4234=VECTOR('',#6810,1.);
#4235=VECTOR('',#6811,1.);
#4236=VECTOR('',#6812,1.);
#4237=VECTOR('',#6813,1.);
#4238=VECTOR('',#6814,1.);
#4239=VECTOR('',#6815,1.);
#4240=VECTOR('',#6816,1.);
#4241=VECTOR('',#6817,1.);
#4242=VECTOR('',#6824,1.);
#4243=VECTOR('',#6831,1.);
#4244=VECTOR('',#6838,1.);
#4245=VECTOR('',#6839,1.);
#4246=VECTOR('',#6840,1.);
#4247=VECTOR('',#6845,1.);
#4248=VECTOR('',#6850,1.);
#4249=VECTOR('',#6855,1.);
#4250=VECTOR('',#6860,1.);
#4251=VECTOR('',#6861,1.);
#4252=VECTOR('',#6862,1.);
#4253=VECTOR('',#6863,1.);
#4254=VECTOR('',#6864,1.);
#4255=VECTOR('',#6871,1.);
#4256=VECTOR('',#6872,1.);
#4257=VECTOR('',#6873,1.);
#4258=VECTOR('',#6874,1.);
#4259=VECTOR('',#6881,1.);
#4260=VECTOR('',#6888,1.);
#4261=VECTOR('',#6891,1.);
#4262=VECTOR('',#6892,1.);
#4263=VECTOR('',#6893,1.);
#4264=VECTOR('',#6896,1.);
#4265=VECTOR('',#6897,1.);
#4266=VECTOR('',#6900,1.);
#4267=VECTOR('',#6901,1.);
#4268=VECTOR('',#6902,1.);
#4269=VECTOR('',#6903,1.);
#4270=VECTOR('',#6908,1.);
#4271=VECTOR('',#6915,1.);
#4272=VECTOR('',#6920,1.);
#4273=VECTOR('',#6921,1.);
#4274=VECTOR('',#6922,1.);
#4275=VECTOR('',#6927,1.);
#4276=VECTOR('',#6934,1.);
#4277=VECTOR('',#6939,1.);
#4278=VECTOR('',#6940,1.);
#4279=VECTOR('',#6941,1.);
#4280=VECTOR('',#6946,1.);
#4281=VECTOR('',#6953,1.);
#4282=VECTOR('',#6958,1.);
#4283=VECTOR('',#6959,1.);
#4284=VECTOR('',#6960,1.);
#4285=VECTOR('',#6965,1.);
#4286=VECTOR('',#6970,1.);
#4287=VECTOR('',#6971,1.);
#4288=VECTOR('',#6972,1.);
#4289=VECTOR('',#6975,1.);
#4290=VECTOR('',#6976,1.);
#4291=VECTOR('',#6979,1.);
#4292=VECTOR('',#6980,1.);
#4293=VECTOR('',#6983,1.);
#4294=VECTOR('',#6984,1.);
#4295=VECTOR('',#6987,1.);
#4296=VECTOR('',#6992,1.);
#4297=VECTOR('',#6997,1.);
#4298=VECTOR('',#7002,1.);
#4299=VECTOR('',#7003,1.);
#4300=VECTOR('',#7006,1.);
#4301=VECTOR('',#7011,1.);
#4302=VECTOR('',#7016,1.);
#4303=VECTOR('',#7021,1.);
#4304=VECTOR('',#7032,1.);
#4305=VECTOR('',#7033,1.);
#4306=VECTOR('',#7034,1.);
#4307=VECTOR('',#7035,1.);
#4308=VECTOR('',#7036,1.);
#4309=VECTOR('',#7037,1.);
#4310=VECTOR('',#7038,1.);
#4311=VECTOR('',#7039,1.);
#4312=VECTOR('',#7042,1.);
#4313=VECTOR('',#7043,1.);
#4314=VECTOR('',#7046,1.);
#4315=VECTOR('',#7049,1.);
#4316=VECTOR('',#7052,1.);
#4317=VECTOR('',#7055,1.);
#4318=VECTOR('',#7058,1.);
#4319=VECTOR('',#7061,1.);
#4320=VECTOR('',#7066,1.);
#4321=VECTOR('',#7067,1.);
#4322=VECTOR('',#7068,1.);
#4323=VECTOR('',#7069,1.);
#4324=VECTOR('',#7072,1.);
#4325=VECTOR('',#7073,1.);
#4326=VECTOR('',#7076,1.);
#4327=VECTOR('',#7079,1.);
#4328=VECTOR('',#7084,1.);
#4329=VECTOR('',#7085,1.);
#4330=VECTOR('',#7086,1.);
#4331=VECTOR('',#7087,1.);
#4332=VECTOR('',#7088,1.);
#4333=VECTOR('',#7089,1.);
#4334=VECTOR('',#7090,1.);
#4335=VECTOR('',#7091,1.);
#4336=VECTOR('',#7092,1.);
#4337=VECTOR('',#7093,1.);
#4338=VECTOR('',#7094,1.);
#4339=VECTOR('',#7095,1.);
#4340=VECTOR('',#7098,1.);
#4341=VECTOR('',#7099,1.);
#4342=VECTOR('',#7102,1.);
#4343=VECTOR('',#7105,1.);
#4344=VECTOR('',#7108,1.);
#4345=VECTOR('',#7109,1.);
#4346=VECTOR('',#7112,1.);
#4347=VECTOR('',#7115,1.);
#4348=VECTOR('',#7118,1.);
#4349=VECTOR('',#7119,1.);
#4350=VECTOR('',#7122,1.);
#4351=VECTOR('',#7125,1.);
#4352=VECTOR('',#7136,1.);
#4353=VECTOR('',#7143,1.);
#4354=VECTOR('',#7144,1.);
#4355=VECTOR('',#7145,1.);
#4356=VECTOR('',#7146,1.);
#4357=VECTOR('',#7147,1.);
#4358=VECTOR('',#7152,1.);
#4359=VECTOR('',#7157,1.);
#4360=VECTOR('',#7162,1.);
#4361=VECTOR('',#7167,1.);
#4362=VECTOR('',#7168,1.);
#4363=VECTOR('',#7169,1.);
#4364=VECTOR('',#7176,1.);
#4365=VECTOR('',#7183,1.);
#4366=VECTOR('',#7190,1.);
#4367=VECTOR('',#7191,1.);
#4368=VECTOR('',#7194,1.);
#4369=VECTOR('',#7197,1.);
#4370=VECTOR('',#7200,1.);
#4371=VECTOR('',#7203,1.);
#4372=VECTOR('',#7206,1.);
#4373=VECTOR('',#7209,1.);
#4374=VECTOR('',#7212,1.);
#4375=VECTOR('',#7215,1.);
#4376=VECTOR('',#7218,1.);
#4377=VECTOR('',#7221,1.);
#4378=VECTOR('',#7224,1.);
#4379=VECTOR('',#7227,1.);
#4380=VECTOR('',#7230,1.);
#4381=VECTOR('',#7231,1.);
#4382=VECTOR('',#7234,1.);
#4383=VECTOR('',#7237,1.);
#4384=VECTOR('',#7240,1.);
#4385=VECTOR('',#7243,1.);
#4386=VECTOR('',#7246,1.);
#4387=VECTOR('',#7249,1.);
#4388=VECTOR('',#7252,1.);
#4389=VECTOR('',#7257,1.);
#4390=VECTOR('',#7260,1.);
#4391=VECTOR('',#7263,1.);
#4392=VECTOR('',#7266,1.);
#4393=VECTOR('',#7269,1.);
#4394=VECTOR('',#7272,1.);
#4395=VECTOR('',#7275,1.);
#4396=VECTOR('',#7278,1.);
#4397=VECTOR('',#7281,1.);
#4398=VECTOR('',#7284,1.);
#4399=VECTOR('',#7287,1.);
#4400=VECTOR('',#7292,1.);
#4401=VECTOR('',#7293,1.);
#4402=VECTOR('',#7294,1.);
#4403=VECTOR('',#7295,1.);
#4404=VECTOR('',#7296,1.);
#4405=VECTOR('',#7299,1.);
#4406=VECTOR('',#7300,1.);
#4407=VECTOR('',#7301,1.);
#4408=VECTOR('',#7302,1.);
#4409=VECTOR('',#7303,1.);
#4410=VECTOR('',#7304,1.);
#4411=VECTOR('',#7305,1.);
#4412=VECTOR('',#7306,1.);
#4413=VECTOR('',#7309,1.);
#4414=VECTOR('',#7310,1.);
#4415=VECTOR('',#7313,1.);
#4416=VECTOR('',#7316,1.);
#4417=VECTOR('',#7317,1.);
#4418=VECTOR('',#7320,1.);
#4419=VECTOR('',#7321,1.);
#4420=VECTOR('',#7324,1.);
#4421=VECTOR('',#7325,1.);
#4422=VECTOR('',#7326,1.);
#4423=VECTOR('',#7327,1.);
#4424=VECTOR('',#7328,1.);
#4425=VECTOR('',#7329,1.);
#4426=VECTOR('',#7332,1.);
#4427=VECTOR('',#7333,1.);
#4428=VECTOR('',#7334,1.);
#4429=VECTOR('',#7337,1.);
#4430=VECTOR('',#7338,1.);
#4431=VECTOR('',#7341,1.);
#4432=VECTOR('',#7342,1.);
#4433=VECTOR('',#7343,1.);
#4434=VECTOR('',#7348,1.);
#4435=VECTOR('',#7351,1.);
#4436=VECTOR('',#7352,1.);
#4437=VECTOR('',#7353,1.);
#4438=VECTOR('',#7354,1.);
#4439=VECTOR('',#7357,1.);
#4440=VECTOR('',#7358,1.);
#4441=VECTOR('',#7359,1.);
#4442=VECTOR('',#7362,1.);
#4443=VECTOR('',#7363,1.);
#4444=VECTOR('',#7366,1.);
#4445=VECTOR('',#7367,1.);
#4446=VECTOR('',#7368,1.);
#4447=VECTOR('',#7371,1.);
#4448=VECTOR('',#7372,1.);
#4449=VECTOR('',#7375,1.);
#4450=VECTOR('',#7376,1.);
#4451=VECTOR('',#7377,1.);
#4452=VECTOR('',#7380,1.);
#4453=VECTOR('',#7381,1.);
#4454=VECTOR('',#7386,1.);
#4455=VECTOR('',#7387,1.);
#4456=VECTOR('',#7392,1.);
#4457=VECTOR('',#7395,1.);
#4458=VECTOR('',#7396,1.);
#4459=VECTOR('',#7399,1.);
#4460=VECTOR('',#7402,1.);
#4461=VECTOR('',#7403,1.);
#4462=VECTOR('',#7404,1.);
#4463=VECTOR('',#7405,1.);
#4464=VECTOR('',#7406,1.);
#4465=VECTOR('',#7411,1.);
#4466=VECTOR('',#7412,1.);
#4467=VECTOR('',#7413,1.);
#4468=VECTOR('',#7414,1.);
#4469=VECTOR('',#7417,1.);
#4470=VECTOR('',#7418,1.);
#4471=VECTOR('',#7419,1.);
#4472=VECTOR('',#7420,1.);
#4473=VECTOR('',#7423,1.);
#4474=VECTOR('',#7424,1.);
#4475=VECTOR('',#7429,1.);
#4476=VECTOR('',#7432,1.);
#4477=VECTOR('',#7441,1.);
#4478=VECTOR('',#7442,1.);
#4479=VECTOR('',#7443,1.);
#4480=VECTOR('',#7446,1.);
#4481=VECTOR('',#7447,1.);
#4482=VECTOR('',#7448,1.);
#4483=VECTOR('',#7451,1.);
#4484=VECTOR('',#7452,1.);
#4485=VECTOR('',#7457,1.);
#4486=VECTOR('',#7458,1.);
#4487=VECTOR('',#7459,1.);
#4488=VECTOR('',#7462,1.);
#4489=VECTOR('',#7463,1.);
#4490=VECTOR('',#7464,1.);
#4491=VECTOR('',#7467,1.);
#4492=VECTOR('',#7470,1.);
#4493=VECTOR('',#7471,1.);
#4494=VECTOR('',#7472,1.);
#4495=VECTOR('',#7477,1.);
#4496=VECTOR('',#7478,1.);
#4497=VECTOR('',#7479,1.);
#4498=VECTOR('',#7480,1.);
#4499=VECTOR('',#7483,1.);
#4500=VECTOR('',#7484,1.);
#4501=VECTOR('',#7485,1.);
#4502=VECTOR('',#7488,1.);
#4503=VECTOR('',#7499,1.);
#4504=VECTOR('',#7502,1.);
#4505=VECTOR('',#7507,1.);
#4506=VECTOR('',#7518,1.);
#4507=VECTOR('',#7523,1.);
#4508=VECTOR('',#7536,1.);
#4509=VECTOR('',#7537,1.);
#4510=VECTOR('',#7538,1.);
#4511=VECTOR('',#7541,1.);
#4512=VECTOR('',#7542,1.);
#4513=VECTOR('',#7543,1.);
#4514=VECTOR('',#7546,1.);
#4515=VECTOR('',#7547,1.);
#4516=VECTOR('',#7550,1.);
#4517=VECTOR('',#7551,1.);
#4518=VECTOR('',#7556,1.);
#4519=VECTOR('',#7557,1.);
#4520=VECTOR('',#7558,1.);
#4521=VECTOR('',#7561,1.);
#4522=VECTOR('',#7562,1.);
#4523=VECTOR('',#7565,1.);
#4524=VECTOR('',#7566,1.);
#4525=VECTOR('',#7567,1.);
#4526=VECTOR('',#7596,1.);
#4527=VECTOR('',#7597,1.);
#4528=VECTOR('',#7598,1.);
#4529=VECTOR('',#7601,1.);
#4530=VECTOR('',#7602,1.);
#4531=VECTOR('',#7603,1.);
#4532=VECTOR('',#7604,1.);
#4533=VECTOR('',#7605,1.);
#4534=VECTOR('',#7612,1.);
#4535=VECTOR('',#7613,1.);
#4536=VECTOR('',#7616,1.);
#4537=VECTOR('',#7619,1.);
#4538=VECTOR('',#7624,1.);
#4539=VECTOR('',#7625,1.);
#4540=VECTOR('',#7628,1.);
#4541=VECTOR('',#7631,1.);
#4542=VECTOR('',#7636,1.);
#4543=VECTOR('',#7637,1.);
#4544=VECTOR('',#7640,1.);
#4545=VECTOR('',#7643,1.);
#4546=VECTOR('',#7648,1.);
#4547=VECTOR('',#7649,1.);
#4548=VECTOR('',#7652,1.);
#4549=VECTOR('',#7655,1.);
#4550=VECTOR('',#7660,1.);
#4551=VECTOR('',#7661,1.);
#4552=VECTOR('',#7664,1.);
#4553=VECTOR('',#7667,1.);
#4554=VECTOR('',#7672,1.);
#4555=VECTOR('',#7673,1.);
#4556=VECTOR('',#7676,1.);
#4557=VECTOR('',#7679,1.);
#4558=VECTOR('',#7684,1.);
#4559=VECTOR('',#7689,1.);
#4560=VECTOR('',#7692,1.);
#4561=VECTOR('',#7695,1.);
#4562=VECTOR('',#7700,1.);
#4563=VECTOR('',#7701,1.);
#4564=VECTOR('',#7706,1.);
#4565=VECTOR('',#7707,1.);
#4566=VECTOR('',#7710,1.);
#4567=VECTOR('',#7715,1.);
#4568=VECTOR('',#7718,1.);
#4569=VECTOR('',#7759,1.);
#4570=VECTOR('',#7760,1.);
#4571=VECTOR('',#7763,1.);
#4572=VECTOR('',#7764,1.);
#4573=VECTOR('',#7765,1.);
#4574=VECTOR('',#7768,1.);
#4575=VECTOR('',#7769,1.);
#4576=VECTOR('',#7772,1.);
#4577=VECTOR('',#7773,1.);
#4578=VECTOR('',#7776,1.);
#4579=VECTOR('',#7781,1.);
#4580=VECTOR('',#7782,1.);
#4581=VECTOR('',#7785,1.);
#4582=VECTOR('',#7786,1.);
#4583=VECTOR('',#7789,1.);
#4584=VECTOR('',#7794,1.);
#4585=VECTOR('',#7795,1.);
#4586=VECTOR('',#7798,1.);
#4587=VECTOR('',#7799,1.);
#4588=VECTOR('',#7802,1.);
#4589=VECTOR('',#7807,1.);
#4590=VECTOR('',#7814,1.);
#4591=VECTOR('',#7817,1.);
#4592=VECTOR('',#7824,1.);
#4593=VECTOR('',#7827,1.);
#4594=VECTOR('',#7830,1.);
#4595=VECTOR('',#7841,1.);
#4596=VECTOR('',#7846,1.);
#4597=VECTOR('',#7847,1.);
#4598=VECTOR('',#7850,1.);
#4599=VECTOR('',#7851,1.);
#4600=VECTOR('',#7854,1.);
#4601=EDGE_LOOP('',(#221,#222,#223,#224));
#4602=EDGE_LOOP('',(#225,#226,#227,#228));
#4603=EDGE_LOOP('',(#229,#230,#231,#232));
#4604=EDGE_LOOP('',(#233,#234,#235,#236,#237,#238,#239,#240));
#4605=EDGE_LOOP('',(#241,#242,#243,#244));
#4606=EDGE_LOOP('',(#245,#246,#247,#248,#249,#250));
#4607=EDGE_LOOP('',(#251));
#4608=EDGE_LOOP('',(#252));
#4609=EDGE_LOOP('',(#253,#254,#255,#256,#257,#258,#259,#260,#261,#262,#263,#264,#265,#266,#267,#268,#269,#270,#271,#272,#273,#274,#275,#276,#277));
#4610=EDGE_LOOP('',(#278));
#4611=EDGE_LOOP('',(#279));
#4612=EDGE_LOOP('',(#280));
#4613=EDGE_LOOP('',(#281));
#4614=EDGE_LOOP('',(#282,#283,#284,#285));
#4615=EDGE_LOOP('',(#286,#287,#288,#289));
#4616=EDGE_LOOP('',(#290,#291,#292,#293));
#4617=EDGE_LOOP('',(#294,#295,#296,#297));
#4618=EDGE_LOOP('',(#298,#299,#300,#301));
#4619=EDGE_LOOP('',(#302,#303,#304,#305,#306,#307,#308,#309,#310,#311,#312,#313,#314,#315,#316,#317,#318,#319,#320,#321,#322,#323,#324,#325,#326,#327,#328,#329,#330,#331,#332,#333,#334,#335,#336,#337,#338,#339,#340));
#4620=EDGE_LOOP('',(#341,#342,#343,#344,#345,#346,#347,#348));
#4621=EDGE_LOOP('',(#349));
#4622=EDGE_LOOP('',(#350,#351,#352,#353,#354));
#4623=EDGE_LOOP('',(#355,#356,#357,#358));
#4624=EDGE_LOOP('',(#359,#360,#361,#362));
#4625=EDGE_LOOP('',(#363,#364,#365,#366));
#4626=EDGE_LOOP('',(#367,#368,#369,#370));
#4627=EDGE_LOOP('',(#371));
#4628=EDGE_LOOP('',(#372));
#4629=EDGE_LOOP('',(#373));
#4630=EDGE_LOOP('',(#374));
#4631=EDGE_LOOP('',(#375,#376,#377,#378,#379,#380,#381,#382,#383,#384,#385,#386,#387,#388,#389,#390));
#4632=EDGE_LOOP('',(#391,#392,#393,#394,#395,#396,#397,#398,#399,#400,#401,#402));
#4633=EDGE_LOOP('',(#403,#404,#405,#406,#407,#408,#409,#410));
#4634=EDGE_LOOP('',(#411,#412,#413,#414));
#4635=EDGE_LOOP('',(#415,#416,#417,#418));
#4636=EDGE_LOOP('',(#419,#420,#421,#422));
#4637=EDGE_LOOP('',(#423,#424,#425,#426));
#4638=EDGE_LOOP('',(#427,#428,#429,#430));
#4639=EDGE_LOOP('',(#431,#432,#433,#434));
#4640=EDGE_LOOP('',(#435,#436,#437,#438));
#4641=EDGE_LOOP('',(#439));
#4642=EDGE_LOOP('',(#440));
#4643=EDGE_LOOP('',(#441));
#4644=EDGE_LOOP('',(#442));
#4645=EDGE_LOOP('',(#443));
#4646=EDGE_LOOP('',(#444));
#4647=EDGE_LOOP('',(#445));
#4648=EDGE_LOOP('',(#446));
#4649=EDGE_LOOP('',(#447,#448,#449,#450));
#4650=EDGE_LOOP('',(#451,#452,#453,#454,#455,#456,#457,#458,#459,#460,#461,#462,#463,#464,#465));
#4651=EDGE_LOOP('',(#466,#467,#468,#469,#470,#471,#472));
#4652=EDGE_LOOP('',(#473,#474,#475,#476,#477,#478,#479,#480,#481,#482));
#4653=EDGE_LOOP('',(#483,#484,#485,#486));
#4654=EDGE_LOOP('',(#487,#488,#489,#490,#491,#492,#493,#494,#495,#496,#497,#498,#499,#500,#501,#502));
#4655=EDGE_LOOP('',(#503,#504,#505,#506));
#4656=EDGE_LOOP('',(#507,#508,#509,#510));
#4657=EDGE_LOOP('',(#511,#512,#513,#514));
#4658=EDGE_LOOP('',(#515));
#4659=EDGE_LOOP('',(#516,#517,#518,#519));
#4660=EDGE_LOOP('',(#520));
#4661=EDGE_LOOP('',(#521));
#4662=EDGE_LOOP('',(#522));
#4663=EDGE_LOOP('',(#523));
#4664=EDGE_LOOP('',(#524,#525,#526,#527));
#4665=EDGE_LOOP('',(#528,#529,#530,#531));
#4666=EDGE_LOOP('',(#532,#533,#534,#535));
#4667=EDGE_LOOP('',(#536,#537,#538,#539));
#4668=EDGE_LOOP('',(#540,#541,#542,#543));
#4669=EDGE_LOOP('',(#544,#545,#546,#547));
#4670=EDGE_LOOP('',(#548,#549,#550,#551));
#4671=EDGE_LOOP('',(#552));
#4672=EDGE_LOOP('',(#553));
#4673=EDGE_LOOP('',(#554,#555,#556,#557));
#4674=EDGE_LOOP('',(#558,#559,#560,#561));
#4675=EDGE_LOOP('',(#562,#563,#564,#565));
#4676=EDGE_LOOP('',(#566,#567,#568,#569,#570,#571,#572,#573,#574));
#4677=EDGE_LOOP('',(#575));
#4678=EDGE_LOOP('',(#576,#577,#578,#579));
#4679=EDGE_LOOP('',(#580,#581,#582,#583));
#4680=EDGE_LOOP('',(#584,#585,#586,#587,#588,#589,#590,#591,#592,#593));
#4681=EDGE_LOOP('',(#594,#595,#596,#597,#598,#599,#600,#601,#602,#603));
#4682=EDGE_LOOP('',(#604));
#4683=EDGE_LOOP('',(#605));
#4684=EDGE_LOOP('',(#606,#607,#608,#609));
#4685=EDGE_LOOP('',(#610,#611,#612,#613,#614,#615,#616,#617));
#4686=EDGE_LOOP('',(#618,#619,#620));
#4687=EDGE_LOOP('',(#621,#622,#623,#624,#625,#626,#627,#628));
#4688=EDGE_LOOP('',(#629,#630,#631,#632));
#4689=EDGE_LOOP('',(#633,#634,#635,#636,#637,#638,#639,#640,#641,#642,#643,#644));
#4690=EDGE_LOOP('',(#645,#646,#647,#648,#649,#650,#651,#652,#653,#654,#655,#656,#657,#658,#659,#660,#661,#662,#663,#664,#665,#666,#667,#668,#669,#670,#671,#672,#673,#674,#675,#676,#677,#678));
#4691=EDGE_LOOP('',(#679,#680,#681,#682,#683,#684,#685,#686,#687,#688,#689,#690));
#4692=EDGE_LOOP('',(#691,#692,#693,#694));
#4693=EDGE_LOOP('',(#695,#696,#697,#698));
#4694=EDGE_LOOP('',(#699,#700,#701,#702));
#4695=EDGE_LOOP('',(#703,#704,#705,#706));
#4696=EDGE_LOOP('',(#707,#708,#709,#710));
#4697=EDGE_LOOP('',(#711,#712,#713,#714));
#4698=EDGE_LOOP('',(#715,#716,#717,#718));
#4699=EDGE_LOOP('',(#719,#720,#721,#722));
#4700=EDGE_LOOP('',(#723,#724,#725,#726));
#4701=EDGE_LOOP('',(#727,#728,#729,#730));
#4702=EDGE_LOOP('',(#731,#732,#733,#734));
#4703=EDGE_LOOP('',(#735,#736,#737,#738));
#4704=EDGE_LOOP('',(#739,#740,#741,#742));
#4705=EDGE_LOOP('',(#743,#744,#745,#746));
#4706=EDGE_LOOP('',(#747,#748,#749,#750));
#4707=EDGE_LOOP('',(#751,#752,#753,#754));
#4708=EDGE_LOOP('',(#755,#756,#757,#758));
#4709=EDGE_LOOP('',(#759,#760,#761,#762));
#4710=EDGE_LOOP('',(#763,#764,#765,#766));
#4711=EDGE_LOOP('',(#767,#768,#769,#770));
#4712=EDGE_LOOP('',(#771,#772,#773,#774));
#4713=EDGE_LOOP('',(#775,#776,#777,#778));
#4714=EDGE_LOOP('',(#779,#780,#781,#782));
#4715=EDGE_LOOP('',(#783,#784,#785,#786));
#4716=EDGE_LOOP('',(#787,#788,#789,#790));
#4717=EDGE_LOOP('',(#791,#792,#793,#794));
#4718=EDGE_LOOP('',(#795,#796,#797,#798,#799,#800,#801,#802,#803,#804,#805,#806));
#4719=EDGE_LOOP('',(#807,#808,#809,#810,#811,#812,#813,#814,#815,#816,#817,#818));
#4720=EDGE_LOOP('',(#819,#820,#821,#822,#823,#824,#825,#826));
#4721=EDGE_LOOP('',(#827,#828,#829,#830));
#4722=EDGE_LOOP('',(#831,#832,#833,#834));
#4723=EDGE_LOOP('',(#835,#836,#837,#838));
#4724=EDGE_LOOP('',(#839,#840,#841,#842));
#4725=EDGE_LOOP('',(#843,#844,#845,#846));
#4726=EDGE_LOOP('',(#847,#848,#849,#850));
#4727=EDGE_LOOP('',(#851,#852,#853,#854));
#4728=EDGE_LOOP('',(#855,#856,#857,#858));
#4729=EDGE_LOOP('',(#859,#860,#861,#862));
#4730=EDGE_LOOP('',(#863,#864,#865,#866));
#4731=EDGE_LOOP('',(#867,#868,#869,#870));
#4732=EDGE_LOOP('',(#871,#872,#873,#874));
#4733=EDGE_LOOP('',(#875,#876,#877,#878));
#4734=EDGE_LOOP('',(#879,#880,#881,#882,#883,#884,#885,#886,#887,#888,#889,#890));
#4735=EDGE_LOOP('',(#891,#892,#893,#894));
#4736=EDGE_LOOP('',(#895,#896,#897,#898));
#4737=EDGE_LOOP('',(#899,#900,#901,#902));
#4738=EDGE_LOOP('',(#903,#904,#905,#906));
#4739=EDGE_LOOP('',(#907,#908,#909,#910));
#4740=EDGE_LOOP('',(#911,#912,#913,#914));
#4741=EDGE_LOOP('',(#915,#916,#917,#918));
#4742=EDGE_LOOP('',(#919,#920,#921,#922));
#4743=EDGE_LOOP('',(#923,#924,#925,#926));
#4744=EDGE_LOOP('',(#927,#928,#929,#930));
#4745=EDGE_LOOP('',(#931,#932,#933,#934));
#4746=EDGE_LOOP('',(#935,#936,#937,#938));
#4747=EDGE_LOOP('',(#939,#940,#941,#942,#943,#944,#945,#946,#947,#948,#949,#950,#951,#952,#953,#954,#955,#956,#957,#958,#959,#960,#961,#962,#963,#964,#965,#966,#967,#968,#969,#970,#971,#972));
#4748=EDGE_LOOP('',(#973,#974,#975,#976));
#4749=EDGE_LOOP('',(#977,#978,#979,#980));
#4750=EDGE_LOOP('',(#981,#982,#983,#984));
#4751=EDGE_LOOP('',(#985,#986,#987,#988));
#4752=EDGE_LOOP('',(#989,#990,#991,#992));
#4753=EDGE_LOOP('',(#993,#994,#995,#996));
#4754=EDGE_LOOP('',(#997,#998,#999,#1000));
#4755=EDGE_LOOP('',(#1001,#1002,#1003,#1004));
#4756=EDGE_LOOP('',(#1005,#1006,#1007,#1008));
#4757=EDGE_LOOP('',(#1009,#1010,#1011,#1012));
#4758=EDGE_LOOP('',(#1013,#1014,#1015,#1016));
#4759=EDGE_LOOP('',(#1017,#1018,#1019,#1020));
#4760=EDGE_LOOP('',(#1021,#1022,#1023,#1024));
#4761=EDGE_LOOP('',(#1025,#1026,#1027,#1028));
#4762=EDGE_LOOP('',(#1029,#1030,#1031,#1032));
#4763=EDGE_LOOP('',(#1033,#1034,#1035,#1036));
#4764=EDGE_LOOP('',(#1037,#1038,#1039,#1040));
#4765=EDGE_LOOP('',(#1041,#1042,#1043,#1044));
#4766=EDGE_LOOP('',(#1045,#1046,#1047,#1048));
#4767=EDGE_LOOP('',(#1049,#1050,#1051,#1052));
#4768=EDGE_LOOP('',(#1053,#1054,#1055,#1056));
#4769=EDGE_LOOP('',(#1057,#1058,#1059,#1060));
#4770=EDGE_LOOP('',(#1061,#1062,#1063,#1064));
#4771=EDGE_LOOP('',(#1065,#1066,#1067,#1068));
#4772=EDGE_LOOP('',(#1069,#1070,#1071,#1072));
#4773=EDGE_LOOP('',(#1073,#1074,#1075,#1076));
#4774=EDGE_LOOP('',(#1077,#1078,#1079,#1080));
#4775=EDGE_LOOP('',(#1081,#1082,#1083,#1084));
#4776=EDGE_LOOP('',(#1085,#1086,#1087,#1088));
#4777=EDGE_LOOP('',(#1089,#1090,#1091,#1092));
#4778=EDGE_LOOP('',(#1093,#1094,#1095,#1096));
#4779=EDGE_LOOP('',(#1097,#1098,#1099,#1100));
#4780=EDGE_LOOP('',(#1101,#1102,#1103,#1104));
#4781=EDGE_LOOP('',(#1105,#1106,#1107,#1108));
#4782=EDGE_LOOP('',(#1109,#1110,#1111,#1112,#1113,#1114,#1115,#1116));
#4783=EDGE_LOOP('',(#1117));
#4784=EDGE_LOOP('',(#1118,#1119,#1120,#1121,#1122,#1123,#1124,#1125,#1126,#1127,#1128,#1129,#1130));
#4785=EDGE_LOOP('',(#1131,#1132,#1133,#1134));
#4786=EDGE_LOOP('',(#1135,#1136,#1137,#1138,#1139));
#4787=EDGE_LOOP('',(#1140,#1141,#1142,#1143,#1144));
#4788=EDGE_LOOP('',(#1145,#1146,#1147,#1148));
#4789=EDGE_LOOP('',(#1149,#1150,#1151,#1152,#1153,#1154,#1155,#1156,#1157,#1158,#1159,#1160,#1161));
#4790=EDGE_LOOP('',(#1162,#1163,#1164,#1165,#1166,#1167,#1168,#1169));
#4791=EDGE_LOOP('',(#1170,#1171,#1172,#1173,#1174,#1175,#1176,#1177,#1178));
#4792=EDGE_LOOP('',(#1179));
#4793=EDGE_LOOP('',(#1180,#1181,#1182,#1183));
#4794=EDGE_LOOP('',(#1184,#1185,#1186,#1187));
#4795=EDGE_LOOP('',(#1188,#1189,#1190,#1191));
#4796=EDGE_LOOP('',(#1192,#1193,#1194,#1195));
#4797=EDGE_LOOP('',(#1196,#1197,#1198,#1199));
#4798=EDGE_LOOP('',(#1200,#1201,#1202,#1203));
#4799=EDGE_LOOP('',(#1204,#1205,#1206,#1207,#1208,#1209));
#4800=EDGE_LOOP('',(#1210,#1211,#1212,#1213,#1214,#1215));
#4801=EDGE_LOOP('',(#1216,#1217,#1218,#1219));
#4802=EDGE_LOOP('',(#1220,#1221,#1222,#1223));
#4803=EDGE_LOOP('',(#1224,#1225,#1226,#1227));
#4804=EDGE_LOOP('',(#1228,#1229,#1230,#1231));
#4805=EDGE_LOOP('',(#1232,#1233,#1234,#1235));
#4806=EDGE_LOOP('',(#1236));
#4807=EDGE_LOOP('',(#1237,#1238,#1239,#1240,#1241,#1242));
#4808=EDGE_LOOP('',(#1243,#1244,#1245,#1246));
#4809=EDGE_LOOP('',(#1247,#1248,#1249,#1250));
#4810=EDGE_LOOP('',(#1251,#1252,#1253,#1254));
#4811=EDGE_LOOP('',(#1255,#1256,#1257,#1258));
#4812=EDGE_LOOP('',(#1259,#1260,#1261,#1262));
#4813=EDGE_LOOP('',(#1263,#1264,#1265,#1266));
#4814=EDGE_LOOP('',(#1267));
#4815=EDGE_LOOP('',(#1268));
#4816=EDGE_LOOP('',(#1269,#1270,#1271,#1272,#1273));
#4817=EDGE_LOOP('',(#1274,#1275,#1276,#1277,#1278));
#4818=EDGE_LOOP('',(#1279,#1280,#1281,#1282));
#4819=EDGE_LOOP('',(#1283));
#4820=EDGE_LOOP('',(#1284,#1285,#1286));
#4821=EDGE_LOOP('',(#1287));
#4822=EDGE_LOOP('',(#1288,#1289,#1290));
#4823=EDGE_LOOP('',(#1291));
#4824=EDGE_LOOP('',(#1292));
#4825=EDGE_LOOP('',(#1293));
#4826=EDGE_LOOP('',(#1294));
#4827=EDGE_LOOP('',(#1295,#1296,#1297,#1298,#1299,#1300));
#4828=EDGE_LOOP('',(#1301,#1302,#1303,#1304,#1305,#1306));
#4829=EDGE_LOOP('',(#1307,#1308,#1309,#1310));
#4830=EDGE_LOOP('',(#1311,#1312,#1313,#1314));
#4831=EDGE_LOOP('',(#1315,#1316,#1317,#1318));
#4832=EDGE_LOOP('',(#1319,#1320,#1321,#1322));
#4833=EDGE_LOOP('',(#1323,#1324,#1325,#1326));
#4834=EDGE_LOOP('',(#1327,#1328,#1329,#1330,#1331,#1332,#1333,#1334));
#4835=EDGE_LOOP('',(#1335,#1336,#1337,#1338,#1339,#1340,#1341,#1342,#1343,#1344,#1345,#1346));
#4836=EDGE_LOOP('',(#1347,#1348,#1349,#1350,#1351,#1352));
#4837=EDGE_LOOP('',(#1353,#1354,#1355,#1356,#1357,#1358));
#4838=EDGE_LOOP('',(#1359,#1360,#1361,#1362,#1363));
#4839=EDGE_LOOP('',(#1364,#1365,#1366,#1367));
#4840=EDGE_LOOP('',(#1368));
#4841=EDGE_LOOP('',(#1369));
#4842=EDGE_LOOP('',(#1370));
#4843=EDGE_LOOP('',(#1371));
#4844=EDGE_LOOP('',(#1372));
#4845=EDGE_LOOP('',(#1373));
#4846=EDGE_LOOP('',(#1374));
#4847=EDGE_LOOP('',(#1375));
#4848=EDGE_LOOP('',(#1376,#1377,#1378,#1379));
#4849=EDGE_LOOP('',(#1380,#1381,#1382,#1383));
#4850=EDGE_LOOP('',(#1384,#1385,#1386,#1387));
#4851=EDGE_LOOP('',(#1388,#1389,#1390,#1391));
#4852=EDGE_LOOP('',(#1392,#1393,#1394,#1395));
#4853=EDGE_LOOP('',(#1396,#1397,#1398,#1399));
#4854=EDGE_LOOP('',(#1400,#1401,#1402,#1403));
#4855=EDGE_LOOP('',(#1404,#1405,#1406,#1407));
#4856=EDGE_LOOP('',(#1408,#1409,#1410,#1411,#1412,#1413));
#4857=EDGE_LOOP('',(#1414,#1415,#1416,#1417));
#4858=EDGE_LOOP('',(#1418,#1419,#1420,#1421));
#4859=EDGE_LOOP('',(#1422,#1423,#1424,#1425));
#4860=EDGE_LOOP('',(#1426,#1427,#1428,#1429));
#4861=EDGE_LOOP('',(#1430));
#4862=EDGE_LOOP('',(#1431));
#4863=EDGE_LOOP('',(#1432));
#4864=EDGE_LOOP('',(#1433));
#4865=EDGE_LOOP('',(#1434,#1435,#1436,#1437));
#4866=EDGE_LOOP('',(#1438,#1439,#1440,#1441,#1442));
#4867=EDGE_LOOP('',(#1443,#1444,#1445,#1446,#1447,#1448));
#4868=EDGE_LOOP('',(#1449,#1450,#1451,#1452));
#4869=EDGE_LOOP('',(#1453,#1454,#1455,#1456,#1457,#1458,#1459));
#4870=EDGE_LOOP('',(#1460,#1461,#1462,#1463,#1464,#1465));
#4871=EDGE_LOOP('',(#1466,#1467,#1468,#1469));
#4872=EDGE_LOOP('',(#1470,#1471,#1472,#1473,#1474,#1475,#1476));
#4873=EDGE_LOOP('',(#1477));
#4874=EDGE_LOOP('',(#1478));
#4875=EDGE_LOOP('',(#1479));
#4876=EDGE_LOOP('',(#1480));
#4877=EDGE_LOOP('',(#1481));
#4878=EDGE_LOOP('',(#1482));
#4879=EDGE_LOOP('',(#1483));
#4880=EDGE_LOOP('',(#1484));
#4881=EDGE_LOOP('',(#1485));
#4882=EDGE_LOOP('',(#1486));
#4883=EDGE_LOOP('',(#1487));
#4884=EDGE_LOOP('',(#1488));
#4885=EDGE_LOOP('',(#1489,#1490,#1491,#1492));
#4886=EDGE_LOOP('',(#1493,#1494,#1495,#1496));
#4887=EDGE_LOOP('',(#1497));
#4888=EDGE_LOOP('',(#1498,#1499,#1500,#1501,#1502,#1503,#1504,#1505));
#4889=EDGE_LOOP('',(#1506,#1507,#1508,#1509));
#4890=EDGE_LOOP('',(#1510,#1511,#1512,#1513));
#4891=EDGE_LOOP('',(#1514,#1515,#1516,#1517));
#4892=EDGE_LOOP('',(#1518,#1519,#1520,#1521));
#4893=EDGE_LOOP('',(#1522,#1523,#1524,#1525));
#4894=EDGE_LOOP('',(#1526,#1527,#1528,#1529));
#4895=EDGE_LOOP('',(#1530,#1531,#1532,#1533));
#4896=EDGE_LOOP('',(#1534,#1535,#1536,#1537));
#4897=EDGE_LOOP('',(#1538,#1539,#1540,#1541));
#4898=EDGE_LOOP('',(#1542,#1543,#1544,#1545));
#4899=EDGE_LOOP('',(#1546,#1547,#1548,#1549));
#4900=EDGE_LOOP('',(#1550,#1551,#1552,#1553));
#4901=EDGE_LOOP('',(#1554,#1555,#1556,#1557));
#4902=EDGE_LOOP('',(#1558,#1559,#1560,#1561));
#4903=EDGE_LOOP('',(#1562,#1563,#1564,#1565));
#4904=EDGE_LOOP('',(#1566,#1567,#1568,#1569));
#4905=EDGE_LOOP('',(#1570,#1571,#1572,#1573));
#4906=EDGE_LOOP('',(#1574,#1575,#1576,#1577));
#4907=EDGE_LOOP('',(#1578,#1579,#1580,#1581));
#4908=EDGE_LOOP('',(#1582,#1583,#1584,#1585));
#4909=EDGE_LOOP('',(#1586,#1587,#1588,#1589));
#4910=EDGE_LOOP('',(#1590,#1591,#1592,#1593));
#4911=EDGE_LOOP('',(#1594,#1595,#1596,#1597));
#4912=EDGE_LOOP('',(#1598,#1599,#1600,#1601));
#4913=EDGE_LOOP('',(#1602,#1603,#1604,#1605));
#4914=EDGE_LOOP('',(#1606,#1607,#1608,#1609));
#4915=EDGE_LOOP('',(#1610,#1611,#1612,#1613));
#4916=EDGE_LOOP('',(#1614));
#4917=EDGE_LOOP('',(#1615,#1616,#1617,#1618));
#4918=EDGE_LOOP('',(#1619,#1620,#1621,#1622));
#4919=EDGE_LOOP('',(#1623,#1624,#1625,#1626));
#4920=EDGE_LOOP('',(#1627,#1628,#1629,#1630));
#4921=EDGE_LOOP('',(#1631,#1632,#1633,#1634));
#4922=EDGE_LOOP('',(#1635,#1636,#1637,#1638));
#4923=EDGE_LOOP('',(#1639,#1640,#1641,#1642));
#4924=EDGE_LOOP('',(#1643,#1644,#1645,#1646));
#4925=EDGE_LOOP('',(#1647,#1648,#1649,#1650));
#4926=EDGE_LOOP('',(#1651,#1652,#1653,#1654));
#4927=EDGE_LOOP('',(#1655,#1656,#1657,#1658));
#4928=EDGE_LOOP('',(#1659,#1660,#1661,#1662));
#4929=EDGE_LOOP('',(#1663));
#4930=EDGE_LOOP('',(#1664));
#4931=EDGE_LOOP('',(#1665));
#4932=EDGE_LOOP('',(#1666));
#4933=EDGE_LOOP('',(#1667));
#4934=EDGE_LOOP('',(#1668));
#4935=EDGE_LOOP('',(#1669));
#4936=EDGE_LOOP('',(#1670));
#4937=EDGE_LOOP('',(#1671));
#4938=EDGE_LOOP('',(#1672));
#4939=EDGE_LOOP('',(#1673));
#4940=EDGE_LOOP('',(#1674));
#4941=EDGE_LOOP('',(#1675));
#4942=EDGE_LOOP('',(#1676));
#4943=EDGE_LOOP('',(#1677));
#4944=EDGE_LOOP('',(#1678));
#4945=EDGE_LOOP('',(#1679));
#4946=EDGE_LOOP('',(#1680));
#4947=EDGE_LOOP('',(#1681,#1682,#1683,#1684));
#4948=EDGE_LOOP('',(#1685,#1686,#1687,#1688));
#4949=EDGE_LOOP('',(#1689,#1690,#1691,#1692));
#4950=EDGE_LOOP('',(#1693,#1694,#1695,#1696));
#4951=EDGE_LOOP('',(#1697,#1698,#1699,#1700));
#4952=EDGE_LOOP('',(#1701,#1702,#1703,#1704));
#4953=EDGE_LOOP('',(#1705,#1706,#1707,#1708));
#4954=EDGE_LOOP('',(#1709,#1710,#1711,#1712));
#4955=EDGE_LOOP('',(#1713,#1714,#1715,#1716));
#4956=EDGE_LOOP('',(#1717,#1718,#1719,#1720));
#4957=EDGE_LOOP('',(#1721,#1722,#1723,#1724,#1725,#1726));
#4958=EDGE_LOOP('',(#1727,#1728,#1729,#1730));
#4959=EDGE_LOOP('',(#1731,#1732,#1733,#1734));
#4960=EDGE_LOOP('',(#1735,#1736,#1737,#1738,#1739,#1740,#1741,#1742,#1743,#1744,#1745,#1746));
#4961=EDGE_LOOP('',(#1747,#1748,#1749,#1750,#1751,#1752,#1753,#1754,#1755,#1756,#1757,#1758,#1759));
#4962=EDGE_LOOP('',(#1760,#1761,#1762,#1763));
#4963=EDGE_LOOP('',(#1764,#1765,#1766,#1767));
#4964=EDGE_LOOP('',(#1768,#1769,#1770,#1771,#1772,#1773));
#4965=EDGE_LOOP('',(#1774,#1775,#1776,#1777,#1778,#1779));
#4966=EDGE_LOOP('',(#1780,#1781,#1782,#1783));
#4967=EDGE_LOOP('',(#1784,#1785,#1786,#1787));
#4968=EDGE_LOOP('',(#1788,#1789,#1790,#1791));
#4969=EDGE_LOOP('',(#1792,#1793,#1794,#1795));
#4970=EDGE_LOOP('',(#1796,#1797,#1798,#1799));
#4971=EDGE_LOOP('',(#1800,#1801,#1802,#1803,#1804));
#4972=EDGE_LOOP('',(#1805,#1806,#1807,#1808));
#4973=EDGE_LOOP('',(#1809,#1810,#1811,#1812));
#4974=EDGE_LOOP('',(#1813,#1814,#1815,#1816));
#4975=EDGE_LOOP('',(#1817,#1818,#1819,#1820));
#4976=EDGE_LOOP('',(#1821,#1822,#1823,#1824,#1825,#1826,#1827,#1828));
#4977=EDGE_LOOP('',(#1829,#1830,#1831,#1832));
#4978=EDGE_LOOP('',(#1833,#1834,#1835,#1836));
#4979=EDGE_LOOP('',(#1837,#1838,#1839,#1840));
#4980=EDGE_LOOP('',(#1841,#1842,#1843,#1844));
#4981=EDGE_LOOP('',(#1845,#1846,#1847,#1848));
#4982=EDGE_LOOP('',(#1849,#1850,#1851,#1852));
#4983=EDGE_LOOP('',(#1853,#1854,#1855,#1856));
#4984=EDGE_LOOP('',(#1857,#1858,#1859,#1860));
#4985=FACE_BOUND('',#4601,.T.);
#4986=FACE_BOUND('',#4602,.T.);
#4987=FACE_BOUND('',#4603,.T.);
#4988=FACE_BOUND('',#4604,.T.);
#4989=FACE_BOUND('',#4605,.T.);
#4990=FACE_BOUND('',#4606,.T.);
#4991=FACE_BOUND('',#4607,.T.);
#4992=FACE_BOUND('',#4608,.T.);
#4993=FACE_BOUND('',#4609,.T.);
#4994=FACE_BOUND('',#4610,.T.);
#4995=FACE_BOUND('',#4611,.T.);
#4996=FACE_BOUND('',#4612,.T.);
#4997=FACE_BOUND('',#4613,.T.);
#4998=FACE_BOUND('',#4614,.T.);
#4999=FACE_BOUND('',#4615,.T.);
#5000=FACE_BOUND('',#4616,.T.);
#5001=FACE_BOUND('',#4617,.T.);
#5002=FACE_BOUND('',#4618,.T.);
#5003=FACE_BOUND('',#4619,.T.);
#5004=FACE_BOUND('',#4620,.T.);
#5005=FACE_BOUND('',#4621,.T.);
#5006=FACE_BOUND('',#4622,.T.);
#5007=FACE_BOUND('',#4623,.T.);
#5008=FACE_BOUND('',#4624,.T.);
#5009=FACE_BOUND('',#4625,.T.);
#5010=FACE_BOUND('',#4626,.T.);
#5011=FACE_BOUND('',#4627,.T.);
#5012=FACE_BOUND('',#4628,.T.);
#5013=FACE_BOUND('',#4629,.T.);
#5014=FACE_BOUND('',#4630,.T.);
#5015=FACE_BOUND('',#4631,.T.);
#5016=FACE_BOUND('',#4632,.T.);
#5017=FACE_BOUND('',#4633,.T.);
#5018=FACE_BOUND('',#4634,.T.);
#5019=FACE_BOUND('',#4635,.T.);
#5020=FACE_BOUND('',#4636,.T.);
#5021=FACE_BOUND('',#4637,.T.);
#5022=FACE_BOUND('',#4638,.T.);
#5023=FACE_BOUND('',#4639,.T.);
#5024=FACE_BOUND('',#4640,.T.);
#5025=FACE_BOUND('',#4641,.T.);
#5026=FACE_BOUND('',#4642,.T.);
#5027=FACE_BOUND('',#4643,.T.);
#5028=FACE_BOUND('',#4644,.T.);
#5029=FACE_BOUND('',#4645,.T.);
#5030=FACE_BOUND('',#4646,.T.);
#5031=FACE_BOUND('',#4647,.T.);
#5032=FACE_BOUND('',#4648,.T.);
#5033=FACE_BOUND('',#4649,.T.);
#5034=FACE_BOUND('',#4650,.T.);
#5035=FACE_BOUND('',#4651,.T.);
#5036=FACE_BOUND('',#4652,.T.);
#5037=FACE_BOUND('',#4653,.T.);
#5038=FACE_BOUND('',#4654,.T.);
#5039=FACE_BOUND('',#4655,.T.);
#5040=FACE_BOUND('',#4656,.T.);
#5041=FACE_BOUND('',#4657,.T.);
#5042=FACE_BOUND('',#4658,.T.);
#5043=FACE_BOUND('',#4659,.T.);
#5044=FACE_BOUND('',#4660,.T.);
#5045=FACE_BOUND('',#4661,.T.);
#5046=FACE_BOUND('',#4662,.T.);
#5047=FACE_BOUND('',#4663,.T.);
#5048=FACE_BOUND('',#4664,.T.);
#5049=FACE_BOUND('',#4665,.T.);
#5050=FACE_BOUND('',#4666,.T.);
#5051=FACE_BOUND('',#4667,.T.);
#5052=FACE_BOUND('',#4668,.T.);
#5053=FACE_BOUND('',#4669,.T.);
#5054=FACE_BOUND('',#4670,.T.);
#5055=FACE_BOUND('',#4671,.T.);
#5056=FACE_BOUND('',#4672,.T.);
#5057=FACE_BOUND('',#4673,.T.);
#5058=FACE_BOUND('',#4674,.T.);
#5059=FACE_BOUND('',#4675,.T.);
#5060=FACE_BOUND('',#4676,.T.);
#5061=FACE_BOUND('',#4677,.T.);
#5062=FACE_BOUND('',#4678,.T.);
#5063=FACE_BOUND('',#4679,.T.);
#5064=FACE_BOUND('',#4680,.T.);
#5065=FACE_BOUND('',#4681,.T.);
#5066=FACE_BOUND('',#4682,.T.);
#5067=FACE_BOUND('',#4683,.T.);
#5068=FACE_BOUND('',#4684,.T.);
#5069=FACE_BOUND('',#4685,.T.);
#5070=FACE_BOUND('',#4686,.T.);
#5071=FACE_BOUND('',#4687,.T.);
#5072=FACE_BOUND('',#4688,.T.);
#5073=FACE_BOUND('',#4689,.T.);
#5074=FACE_BOUND('',#4690,.T.);
#5075=FACE_BOUND('',#4691,.T.);
#5076=FACE_BOUND('',#4692,.T.);
#5077=FACE_BOUND('',#4693,.T.);
#5078=FACE_BOUND('',#4694,.T.);
#5079=FACE_BOUND('',#4695,.T.);
#5080=FACE_BOUND('',#4696,.T.);
#5081=FACE_BOUND('',#4697,.T.);
#5082=FACE_BOUND('',#4698,.T.);
#5083=FACE_BOUND('',#4699,.T.);
#5084=FACE_BOUND('',#4700,.T.);
#5085=FACE_BOUND('',#4701,.T.);
#5086=FACE_BOUND('',#4702,.T.);
#5087=FACE_BOUND('',#4703,.T.);
#5088=FACE_BOUND('',#4704,.T.);
#5089=FACE_BOUND('',#4705,.T.);
#5090=FACE_BOUND('',#4706,.T.);
#5091=FACE_BOUND('',#4707,.T.);
#5092=FACE_BOUND('',#4708,.T.);
#5093=FACE_BOUND('',#4709,.T.);
#5094=FACE_BOUND('',#4710,.T.);
#5095=FACE_BOUND('',#4711,.T.);
#5096=FACE_BOUND('',#4712,.T.);
#5097=FACE_BOUND('',#4713,.T.);
#5098=FACE_BOUND('',#4714,.T.);
#5099=FACE_BOUND('',#4715,.T.);
#5100=FACE_BOUND('',#4716,.T.);
#5101=FACE_BOUND('',#4717,.T.);
#5102=FACE_BOUND('',#4718,.T.);
#5103=FACE_BOUND('',#4719,.T.);
#5104=FACE_BOUND('',#4720,.T.);
#5105=FACE_BOUND('',#4721,.T.);
#5106=FACE_BOUND('',#4722,.T.);
#5107=FACE_BOUND('',#4723,.T.);
#5108=FACE_BOUND('',#4724,.T.);
#5109=FACE_BOUND('',#4725,.T.);
#5110=FACE_BOUND('',#4726,.T.);
#5111=FACE_BOUND('',#4727,.T.);
#5112=FACE_BOUND('',#4728,.T.);
#5113=FACE_BOUND('',#4729,.T.);
#5114=FACE_BOUND('',#4730,.T.);
#5115=FACE_BOUND('',#4731,.T.);
#5116=FACE_BOUND('',#4732,.T.);
#5117=FACE_BOUND('',#4733,.T.);
#5118=FACE_BOUND('',#4734,.T.);
#5119=FACE_BOUND('',#4735,.T.);
#5120=FACE_BOUND('',#4736,.T.);
#5121=FACE_BOUND('',#4737,.T.);
#5122=FACE_BOUND('',#4738,.T.);
#5123=FACE_BOUND('',#4739,.T.);
#5124=FACE_BOUND('',#4740,.T.);
#5125=FACE_BOUND('',#4741,.T.);
#5126=FACE_BOUND('',#4742,.T.);
#5127=FACE_BOUND('',#4743,.T.);
#5128=FACE_BOUND('',#4744,.T.);
#5129=FACE_BOUND('',#4745,.T.);
#5130=FACE_BOUND('',#4746,.T.);
#5131=FACE_BOUND('',#4747,.T.);
#5132=FACE_BOUND('',#4748,.T.);
#5133=FACE_BOUND('',#4749,.T.);
#5134=FACE_BOUND('',#4750,.T.);
#5135=FACE_BOUND('',#4751,.T.);
#5136=FACE_BOUND('',#4752,.T.);
#5137=FACE_BOUND('',#4753,.T.);
#5138=FACE_BOUND('',#4754,.T.);
#5139=FACE_BOUND('',#4755,.T.);
#5140=FACE_BOUND('',#4756,.T.);
#5141=FACE_BOUND('',#4757,.T.);
#5142=FACE_BOUND('',#4758,.T.);
#5143=FACE_BOUND('',#4759,.T.);
#5144=FACE_BOUND('',#4760,.T.);
#5145=FACE_BOUND('',#4761,.T.);
#5146=FACE_BOUND('',#4762,.T.);
#5147=FACE_BOUND('',#4763,.T.);
#5148=FACE_BOUND('',#4764,.T.);
#5149=FACE_BOUND('',#4765,.T.);
#5150=FACE_BOUND('',#4766,.T.);
#5151=FACE_BOUND('',#4767,.T.);
#5152=FACE_BOUND('',#4768,.T.);
#5153=FACE_BOUND('',#4769,.T.);
#5154=FACE_BOUND('',#4770,.T.);
#5155=FACE_BOUND('',#4771,.T.);
#5156=FACE_BOUND('',#4772,.T.);
#5157=FACE_BOUND('',#4773,.T.);
#5158=FACE_BOUND('',#4774,.T.);
#5159=FACE_BOUND('',#4775,.T.);
#5160=FACE_BOUND('',#4776,.T.);
#5161=FACE_BOUND('',#4777,.T.);
#5162=FACE_BOUND('',#4778,.T.);
#5163=FACE_BOUND('',#4779,.T.);
#5164=FACE_BOUND('',#4780,.T.);
#5165=FACE_BOUND('',#4781,.T.);
#5166=FACE_BOUND('',#4782,.T.);
#5167=FACE_BOUND('',#4783,.T.);
#5168=FACE_BOUND('',#4784,.T.);
#5169=FACE_BOUND('',#4785,.T.);
#5170=FACE_BOUND('',#4786,.T.);
#5171=FACE_BOUND('',#4787,.T.);
#5172=FACE_BOUND('',#4788,.T.);
#5173=FACE_BOUND('',#4789,.T.);
#5174=FACE_BOUND('',#4790,.T.);
#5175=FACE_BOUND('',#4791,.T.);
#5176=FACE_BOUND('',#4792,.T.);
#5177=FACE_BOUND('',#4793,.T.);
#5178=FACE_BOUND('',#4794,.T.);
#5179=FACE_BOUND('',#4795,.T.);
#5180=FACE_BOUND('',#4796,.T.);
#5181=FACE_BOUND('',#4797,.T.);
#5182=FACE_BOUND('',#4798,.T.);
#5183=FACE_BOUND('',#4799,.T.);
#5184=FACE_BOUND('',#4800,.T.);
#5185=FACE_BOUND('',#4801,.T.);
#5186=FACE_BOUND('',#4802,.T.);
#5187=FACE_BOUND('',#4803,.T.);
#5188=FACE_BOUND('',#4804,.T.);
#5189=FACE_BOUND('',#4805,.T.);
#5190=FACE_BOUND('',#4806,.T.);
#5191=FACE_BOUND('',#4807,.T.);
#5192=FACE_BOUND('',#4808,.T.);
#5193=FACE_BOUND('',#4809,.T.);
#5194=FACE_BOUND('',#4810,.T.);
#5195=FACE_BOUND('',#4811,.T.);
#5196=FACE_BOUND('',#4812,.T.);
#5197=FACE_BOUND('',#4813,.T.);
#5198=FACE_BOUND('',#4814,.T.);
#5199=FACE_BOUND('',#4815,.T.);
#5200=FACE_BOUND('',#4816,.T.);
#5201=FACE_BOUND('',#4817,.T.);
#5202=FACE_BOUND('',#4818,.T.);
#5203=FACE_BOUND('',#4819,.T.);
#5204=FACE_BOUND('',#4820,.T.);
#5205=FACE_BOUND('',#4821,.T.);
#5206=FACE_BOUND('',#4822,.T.);
#5207=FACE_BOUND('',#4823,.T.);
#5208=FACE_BOUND('',#4824,.T.);
#5209=FACE_BOUND('',#4825,.T.);
#5210=FACE_BOUND('',#4826,.T.);
#5211=FACE_BOUND('',#4827,.T.);
#5212=FACE_BOUND('',#4828,.T.);
#5213=FACE_BOUND('',#4829,.T.);
#5214=FACE_BOUND('',#4830,.T.);
#5215=FACE_BOUND('',#4831,.T.);
#5216=FACE_BOUND('',#4832,.T.);
#5217=FACE_BOUND('',#4833,.T.);
#5218=FACE_BOUND('',#4834,.T.);
#5219=FACE_BOUND('',#4835,.T.);
#5220=FACE_BOUND('',#4836,.T.);
#5221=FACE_BOUND('',#4837,.T.);
#5222=FACE_BOUND('',#4838,.T.);
#5223=FACE_BOUND('',#4839,.T.);
#5224=FACE_BOUND('',#4840,.T.);
#5225=FACE_BOUND('',#4841,.T.);
#5226=FACE_BOUND('',#4842,.T.);
#5227=FACE_BOUND('',#4843,.T.);
#5228=FACE_BOUND('',#4844,.T.);
#5229=FACE_BOUND('',#4845,.T.);
#5230=FACE_BOUND('',#4846,.T.);
#5231=FACE_BOUND('',#4847,.T.);
#5232=FACE_BOUND('',#4848,.T.);
#5233=FACE_BOUND('',#4849,.T.);
#5234=FACE_BOUND('',#4850,.T.);
#5235=FACE_BOUND('',#4851,.T.);
#5236=FACE_BOUND('',#4852,.T.);
#5237=FACE_BOUND('',#4853,.T.);
#5238=FACE_BOUND('',#4854,.T.);
#5239=FACE_BOUND('',#4855,.T.);
#5240=FACE_BOUND('',#4856,.T.);
#5241=FACE_BOUND('',#4857,.T.);
#5242=FACE_BOUND('',#4858,.T.);
#5243=FACE_BOUND('',#4859,.T.);
#5244=FACE_BOUND('',#4860,.T.);
#5245=FACE_BOUND('',#4861,.T.);
#5246=FACE_BOUND('',#4862,.T.);
#5247=FACE_BOUND('',#4863,.T.);
#5248=FACE_BOUND('',#4864,.T.);
#5249=FACE_BOUND('',#4865,.T.);
#5250=FACE_BOUND('',#4866,.T.);
#5251=FACE_BOUND('',#4867,.T.);
#5252=FACE_BOUND('',#4868,.T.);
#5253=FACE_BOUND('',#4869,.T.);
#5254=FACE_BOUND('',#4870,.T.);
#5255=FACE_BOUND('',#4871,.T.);
#5256=FACE_BOUND('',#4872,.T.);
#5257=FACE_BOUND('',#4873,.T.);
#5258=FACE_BOUND('',#4874,.T.);
#5259=FACE_BOUND('',#4875,.T.);
#5260=FACE_BOUND('',#4876,.T.);
#5261=FACE_BOUND('',#4877,.T.);
#5262=FACE_BOUND('',#4878,.T.);
#5263=FACE_BOUND('',#4879,.T.);
#5264=FACE_BOUND('',#4880,.T.);
#5265=FACE_BOUND('',#4881,.T.);
#5266=FACE_BOUND('',#4882,.T.);
#5267=FACE_BOUND('',#4883,.T.);
#5268=FACE_BOUND('',#4884,.T.);
#5269=FACE_BOUND('',#4885,.T.);
#5270=FACE_BOUND('',#4886,.T.);
#5271=FACE_BOUND('',#4887,.T.);
#5272=FACE_BOUND('',#4888,.T.);
#5273=FACE_BOUND('',#4889,.T.);
#5274=FACE_BOUND('',#4890,.T.);
#5275=FACE_BOUND('',#4891,.T.);
#5276=FACE_BOUND('',#4892,.T.);
#5277=FACE_BOUND('',#4893,.T.);
#5278=FACE_BOUND('',#4894,.T.);
#5279=FACE_BOUND('',#4895,.T.);
#5280=FACE_BOUND('',#4896,.T.);
#5281=FACE_BOUND('',#4897,.T.);
#5282=FACE_BOUND('',#4898,.T.);
#5283=FACE_BOUND('',#4899,.T.);
#5284=FACE_BOUND('',#4900,.T.);
#5285=FACE_BOUND('',#4901,.T.);
#5286=FACE_BOUND('',#4902,.T.);
#5287=FACE_BOUND('',#4903,.T.);
#5288=FACE_BOUND('',#4904,.T.);
#5289=FACE_BOUND('',#4905,.T.);
#5290=FACE_BOUND('',#4906,.T.);
#5291=FACE_BOUND('',#4907,.T.);
#5292=FACE_BOUND('',#4908,.T.);
#5293=FACE_BOUND('',#4909,.T.);
#5294=FACE_BOUND('',#4910,.T.);
#5295=FACE_BOUND('',#4911,.T.);
#5296=FACE_BOUND('',#4912,.T.);
#5297=FACE_BOUND('',#4913,.T.);
#5298=FACE_BOUND('',#4914,.T.);
#5299=FACE_BOUND('',#4915,.T.);
#5300=FACE_BOUND('',#4916,.T.);
#5301=FACE_BOUND('',#4917,.T.);
#5302=FACE_BOUND('',#4918,.T.);
#5303=FACE_BOUND('',#4919,.T.);
#5304=FACE_BOUND('',#4920,.T.);
#5305=FACE_BOUND('',#4921,.T.);
#5306=FACE_BOUND('',#4922,.T.);
#5307=FACE_BOUND('',#4923,.T.);
#5308=FACE_BOUND('',#4924,.T.);
#5309=FACE_BOUND('',#4925,.T.);
#5310=FACE_BOUND('',#4926,.T.);
#5311=FACE_BOUND('',#4927,.T.);
#5312=FACE_BOUND('',#4928,.T.);
#5313=FACE_BOUND('',#12,.T.);
#5314=FACE_BOUND('',#4929,.T.);
#5315=FACE_BOUND('',#4930,.T.);
#5316=FACE_BOUND('',#4931,.T.);
#5317=FACE_BOUND('',#13,.T.);
#5318=FACE_BOUND('',#4932,.T.);
#5319=FACE_BOUND('',#4933,.T.);
#5320=FACE_BOUND('',#4934,.T.);
#5321=FACE_BOUND('',#4935,.T.);
#5322=FACE_BOUND('',#4936,.T.);
#5323=FACE_BOUND('',#4937,.T.);
#5324=FACE_BOUND('',#4938,.T.);
#5325=FACE_BOUND('',#4939,.T.);
#5326=FACE_BOUND('',#4940,.T.);
#5327=FACE_BOUND('',#4941,.T.);
#5328=FACE_BOUND('',#4942,.T.);
#5329=FACE_BOUND('',#4943,.T.);
#5330=FACE_BOUND('',#4944,.T.);
#5331=FACE_BOUND('',#4945,.T.);
#5332=FACE_BOUND('',#4946,.T.);
#5333=FACE_BOUND('',#4947,.T.);
#5334=FACE_BOUND('',#4948,.T.);
#5335=FACE_BOUND('',#4949,.T.);
#5336=FACE_BOUND('',#4950,.T.);
#5337=FACE_BOUND('',#4951,.T.);
#5338=FACE_BOUND('',#4952,.T.);
#5339=FACE_BOUND('',#4953,.T.);
#5340=FACE_BOUND('',#4954,.T.);
#5341=FACE_BOUND('',#4955,.T.);
#5342=FACE_BOUND('',#4956,.T.);
#5343=FACE_BOUND('',#4957,.T.);
#5344=FACE_BOUND('',#4958,.T.);
#5345=FACE_BOUND('',#4959,.T.);
#5346=FACE_BOUND('',#4960,.T.);
#5347=FACE_BOUND('',#4961,.T.);
#5348=FACE_BOUND('',#4962,.T.);
#5349=FACE_BOUND('',#4963,.T.);
#5350=FACE_BOUND('',#4964,.T.);
#5351=FACE_BOUND('',#4965,.T.);
#5352=FACE_BOUND('',#4966,.T.);
#5353=FACE_BOUND('',#4967,.T.);
#5354=FACE_BOUND('',#4968,.T.);
#5355=FACE_BOUND('',#4969,.T.);
#5356=FACE_BOUND('',#4970,.T.);
#5357=FACE_BOUND('',#4971,.T.);
#5358=FACE_BOUND('',#4972,.T.);
#5359=FACE_BOUND('',#4973,.T.);
#5360=FACE_BOUND('',#4974,.T.);
#5361=FACE_BOUND('',#4975,.T.);
#5362=FACE_BOUND('',#4976,.T.);
#5363=FACE_BOUND('',#4977,.T.);
#5364=FACE_BOUND('',#4978,.T.);
#5365=FACE_BOUND('',#4979,.T.);
#5366=FACE_BOUND('',#4980,.T.);
#5367=FACE_BOUND('',#4981,.T.);
#5368=FACE_BOUND('',#4982,.T.);
#5369=FACE_BOUND('',#4983,.T.);
#5370=FACE_BOUND('',#4984,.T.);
#5371=PLANE('',#5927);
#5372=PLANE('',#5928);
#5373=PLANE('',#5929);
#5374=PLANE('',#5930);
#5375=PLANE('',#5931);
#5376=PLANE('',#5932);
#5377=PLANE('',#5933);
#5378=PLANE('',#5940);
#5379=PLANE('',#5941);
#5380=PLANE('',#5942);
#5381=PLANE('',#5943);
#5382=PLANE('',#5944);
#5383=PLANE('',#5945);
#5384=PLANE('',#5946);
#5385=PLANE('',#5948);
#5386=PLANE('',#5949);
#5387=PLANE('',#5950);
#5388=PLANE('',#5951);
#5389=PLANE('',#5952);
#5390=PLANE('',#5957);
#5391=PLANE('',#5958);
#5392=PLANE('',#5968);
#5393=PLANE('',#5969);
#5394=PLANE('',#5970);
#5395=PLANE('',#5973);
#5396=PLANE('',#5974);
#5397=PLANE('',#5975);
#5398=PLANE('',#5977);
#5399=PLANE('',#5979);
#5400=PLANE('',#5987);
#5401=PLANE('',#5988);
#5402=PLANE('',#5989);
#5403=PLANE('',#5990);
#5404=PLANE('',#5991);
#5405=PLANE('',#5992);
#5406=PLANE('',#5993);
#5407=PLANE('',#5998);
#5408=PLANE('',#5999);
#5409=PLANE('',#6000);
#5410=PLANE('',#6027);
#5411=PLANE('',#6028);
#5412=PLANE('',#6029);
#5413=PLANE('',#6036);
#5414=PLANE('',#6043);
#5415=PLANE('',#6050);
#5416=PLANE('',#6054);
#5417=PLANE('',#6055);
#5418=PLANE('',#6056);
#5419=PLANE('',#6057);
#5420=PLANE('',#6064);
#5421=PLANE('',#6071);
#5422=PLANE('',#6075);
#5423=PLANE('',#6076);
#5424=PLANE('',#6077);
#5425=PLANE('',#6078);
#5426=PLANE('',#6079);
#5427=PLANE('',#6080);
#5428=PLANE('',#6081);
#5429=PLANE('',#6082);
#5430=PLANE('',#6083);
#5431=PLANE('',#6084);
#5432=PLANE('',#6085);
#5433=PLANE('',#6086);
#5434=PLANE('',#6087);
#5435=PLANE('',#6088);
#5436=PLANE('',#6089);
#5437=PLANE('',#6090);
#5438=PLANE('',#6091);
#5439=PLANE('',#6092);
#5440=PLANE('',#6093);
#5441=PLANE('',#6094);
#5442=PLANE('',#6095);
#5443=PLANE('',#6096);
#5444=PLANE('',#6097);
#5445=PLANE('',#6098);
#5446=PLANE('',#6099);
#5447=PLANE('',#6100);
#5448=PLANE('',#6101);
#5449=PLANE('',#6102);
#5450=PLANE('',#6103);
#5451=PLANE('',#6126);
#5452=PLANE('',#6130);
#5453=PLANE('',#6134);
#5454=PLANE('',#6135);
#5455=PLANE('',#6136);
#5456=PLANE('',#6137);
#5457=PLANE('',#6138);
#5458=PLANE('',#6139);
#5459=PLANE('',#6140);
#5460=PLANE('',#6144);
#5461=PLANE('',#6148);
#5462=PLANE('',#6151);
#5463=PLANE('',#6154);
#5464=PLANE('',#6157);
#5465=PLANE('',#6158);
#5466=PLANE('',#6159);
#5467=PLANE('',#6160);
#5468=PLANE('',#6161);
#5469=PLANE('',#6162);
#5470=PLANE('',#6163);
#5471=PLANE('',#6164);
#5472=PLANE('',#6165);
#5473=PLANE('',#6166);
#5474=PLANE('',#6169);
#5475=PLANE('',#6170);
#5476=PLANE('',#6171);
#5477=PLANE('',#6172);
#5478=PLANE('',#6173);
#5479=PLANE('',#6174);
#5480=PLANE('',#6175);
#5481=PLANE('',#6176);
#5482=PLANE('',#6177);
#5483=PLANE('',#6180);
#5484=PLANE('',#6181);
#5485=PLANE('',#6182);
#5486=PLANE('',#6183);
#5487=PLANE('',#6185);
#5488=PLANE('',#6186);
#5489=PLANE('',#6187);
#5490=PLANE('',#6194);
#5491=PLANE('',#6195);
#5492=PLANE('',#6196);
#5493=PLANE('',#6197);
#5494=PLANE('',#6198);
#5495=PLANE('',#6199);
#5496=PLANE('',#6200);
#5497=PLANE('',#6201);
#5498=PLANE('',#6202);
#5499=PLANE('',#6203);
#5500=PLANE('',#6204);
#5501=PLANE('',#6205);
#5502=PLANE('',#6206);
#5503=PLANE('',#6211);
#5504=PLANE('',#6212);
#5505=PLANE('',#6213);
#5506=PLANE('',#6214);
#5507=PLANE('',#6215);
#5508=PLANE('',#6216);
#5509=PLANE('',#6217);
#5510=PLANE('',#6218);
#5511=PLANE('',#6219);
#5512=PLANE('',#6220);
#5513=PLANE('',#6221);
#5514=PLANE('',#6222);
#5515=PLANE('',#6227);
#5516=PLANE('',#6228);
#5517=PLANE('',#6229);
#5518=PLANE('',#6230);
#5519=PLANE('',#6231);
#5520=PLANE('',#6232);
#5521=PLANE('',#6233);
#5522=PLANE('',#6236);
#5523=PLANE('',#6239);
#5524=PLANE('',#6242);
#5525=PLANE('',#6245);
#5526=PLANE('',#6247);
#5527=PLANE('',#6248);
#5528=PLANE('',#6249);
#5529=PLANE('',#6250);
#5530=PLANE('',#6251);
#5531=PLANE('',#6252);
#5532=PLANE('',#6253);
#5533=PLANE('',#6254);
#5534=PLANE('',#6255);
#5535=PLANE('',#6256);
#5536=PLANE('',#6257);
#5537=PLANE('',#6258);
#5538=PLANE('',#6259);
#5539=PLANE('',#6260);
#5540=PLANE('',#6261);
#5541=PLANE('',#6262);
#5542=PLANE('',#6263);
#5543=PLANE('',#6264);
#5544=PLANE('',#6265);
#5545=PLANE('',#6266);
#5546=PLANE('',#6267);
#5547=PLANE('',#6268);
#5548=PLANE('',#6269);
#5549=PLANE('',#6270);
#5550=PLANE('',#6271);
#5551=PLANE('',#6272);
#5552=PLANE('',#6273);
#5553=PLANE('',#6274);
#5554=PLANE('',#6275);
#5555=PLANE('',#6276);
#5556=PLANE('',#6278);
#5557=PLANE('',#6279);
#5558=PLANE('',#6280);
#5559=PLANE('',#6281);
#5560=PLANE('',#6282);
#5561=PLANE('',#6283);
#5562=PLANE('',#6284);
#5563=PLANE('',#6285);
#5564=PLANE('',#6286);
#5565=PLANE('',#6287);
#5566=PLANE('',#6288);
#5567=PLANE('',#6297);
#5568=PLANE('',#6300);
#5569=PLANE('',#6303);
#5570=PLANE('',#6306);
#5571=PLANE('',#6307);
#5572=PLANE('',#6308);
#5573=PLANE('',#6309);
#5574=PLANE('',#6310);
#5575=PLANE('',#6311);
#5576=PLANE('',#6312);
#5577=PLANE('',#6313);
#5578=PLANE('',#6314);
#5579=PLANE('',#6315);
#5580=PLANE('',#6316);
#5581=PLANE('',#6317);
#5582=PLANE('',#6319);
#5583=PLANE('',#6320);
#5584=PLANE('',#6321);
#5585=PLANE('',#6322);
#5586=PLANE('',#6323);
#5587=PLANE('',#6324);
#5588=PLANE('',#6325);
#5589=PLANE('',#6326);
#5590=PLANE('',#6327);
#5591=PLANE('',#6328);
#5592=PLANE('',#6329);
#5593=PLANE('',#6330);
#5594=PLANE('',#6331);
#5595=PLANE('',#6332);
#5596=PLANE('',#6333);
#5597=PLANE('',#6334);
#5598=PLANE('',#6335);
#5599=PLANE('',#6336);
#5600=PLANE('',#6337);
#5601=PLANE('',#6338);
#5602=PLANE('',#6339);
#5603=PLANE('',#6340);
#5604=PLANE('',#6341);
#5605=PLANE('',#6342);
#5606=PLANE('',#6343);
#5607=PLANE('',#6344);
#5608=ADVANCED_FACE('',(#4985),#5371,.T.);
#5609=ADVANCED_FACE('',(#4986),#5372,.T.);
#5610=ADVANCED_FACE('',(#4987),#5373,.F.);
#5611=ADVANCED_FACE('',(#4988),#5374,.F.);
#5612=ADVANCED_FACE('',(#4989),#5375,.T.);
#5613=ADVANCED_FACE('',(#4990),#5376,.F.);
#5614=ADVANCED_FACE('',(#4991,#4992,#4993),#5377,.T.);
#5615=ADVANCED_FACE('',(#4994,#4995),#26,.F.);
#5616=ADVANCED_FACE('',(#4996,#4997),#27,.F.);
#5617=ADVANCED_FACE('',(#4998),#5378,.T.);
#5618=ADVANCED_FACE('',(#4999),#5379,.F.);
#5619=ADVANCED_FACE('',(#5000),#5380,.F.);
#5620=ADVANCED_FACE('',(#5001),#5381,.T.);
#5621=ADVANCED_FACE('',(#5002),#5382,.T.);
#5622=ADVANCED_FACE('',(#5003,#5004),#5383,.F.);
#5623=ADVANCED_FACE('',(#5005,#5006),#5384,.T.);
#5624=ADVANCED_FACE('',(#5007),#5385,.F.);
#5625=ADVANCED_FACE('',(#5008),#5386,.F.);
#5626=ADVANCED_FACE('',(#5009),#5387,.T.);
#5627=ADVANCED_FACE('',(#5010),#5388,.F.);
#5628=ADVANCED_FACE('',(#5011,#5012,#5013,#5014,#5015,#5016),#5389,.T.);
#5629=ADVANCED_FACE('',(#5017),#5390,.T.);
#5630=ADVANCED_FACE('',(#5018,#5019,#5020,#5021,#5022,#5023,#5024,#5025,#5026,#5027,#5028,#5029,#5030,#5031,#5032,#5033,#5034,#5035),#5391,.T.);
#5631=ADVANCED_FACE('',(#5036),#5392,.T.);
#5632=ADVANCED_FACE('',(#5037),#5393,.T.);
#5633=ADVANCED_FACE('',(#5038),#5394,.F.);
#5634=ADVANCED_FACE('',(#5039),#5395,.F.);
#5635=ADVANCED_FACE('',(#5040),#5396,.T.);
#5636=ADVANCED_FACE('',(#5041),#5397,.T.);
#5637=ADVANCED_FACE('',(#5042,#5043),#5398,.F.);
#5638=ADVANCED_FACE('',(#5044,#5045,#5046,#5047,#5048,#5049,#5050,#5051,#5052,#5053,#5054),#5399,.T.);
#5639=ADVANCED_FACE('',(#5055,#5056),#28,.F.);
#5640=ADVANCED_FACE('',(#5057),#5400,.T.);
#5641=ADVANCED_FACE('',(#5058),#5401,.F.);
#5642=ADVANCED_FACE('',(#5059),#5402,.T.);
#5643=ADVANCED_FACE('',(#5060,#5061),#5403,.T.);
#5644=ADVANCED_FACE('',(#5062),#5404,.F.);
#5645=ADVANCED_FACE('',(#5063),#5405,.T.);
#5646=ADVANCED_FACE('',(#5064,#5065,#5066,#5067),#5406,.T.);
#5647=ADVANCED_FACE('',(#5068),#5407,.T.);
#5648=ADVANCED_FACE('',(#5069),#5408,.F.);
#5649=ADVANCED_FACE('',(#5070,#5071,#5072,#5073,#5074,#5075),#5409,.T.);
#5650=ADVANCED_FACE('',(#5076),#5410,.F.);
#5651=ADVANCED_FACE('',(#5077),#5411,.T.);
#5652=ADVANCED_FACE('',(#5078),#5412,.T.);
#5653=ADVANCED_FACE('',(#5079),#29,.F.);
#5654=ADVANCED_FACE('',(#5080),#30,.F.);
#5655=ADVANCED_FACE('',(#5081),#5413,.T.);
#5656=ADVANCED_FACE('',(#5082),#31,.F.);
#5657=ADVANCED_FACE('',(#5083),#32,.F.);
#5658=ADVANCED_FACE('',(#5084),#5414,.T.);
#5659=ADVANCED_FACE('',(#5085),#33,.F.);
#5660=ADVANCED_FACE('',(#5086),#34,.F.);
#5661=ADVANCED_FACE('',(#5087),#5415,.T.);
#5662=ADVANCED_FACE('',(#5088),#35,.F.);
#5663=ADVANCED_FACE('',(#5089),#5416,.T.);
#5664=ADVANCED_FACE('',(#5090),#5417,.T.);
#5665=ADVANCED_FACE('',(#5091),#5418,.T.);
#5666=ADVANCED_FACE('',(#5092),#5419,.T.);
#5667=ADVANCED_FACE('',(#5093),#36,.T.);
#5668=ADVANCED_FACE('',(#5094),#37,.T.);
#5669=ADVANCED_FACE('',(#5095),#38,.T.);
#5670=ADVANCED_FACE('',(#5096),#5420,.T.);
#5671=ADVANCED_FACE('',(#5097),#39,.T.);
#5672=ADVANCED_FACE('',(#5098),#40,.T.);
#5673=ADVANCED_FACE('',(#5099),#41,.T.);
#5674=ADVANCED_FACE('',(#5100),#5421,.T.);
#5675=ADVANCED_FACE('',(#5101),#42,.F.);
#5676=ADVANCED_FACE('',(#5102,#5103),#5422,.T.);
#5677=ADVANCED_FACE('',(#5104),#5423,.T.);
#5678=ADVANCED_FACE('',(#5105),#5424,.T.);
#5679=ADVANCED_FACE('',(#5106),#5425,.T.);
#5680=ADVANCED_FACE('',(#5107),#5426,.T.);
#5681=ADVANCED_FACE('',(#5108),#5427,.T.);
#5682=ADVANCED_FACE('',(#5109),#5428,.T.);
#5683=ADVANCED_FACE('',(#5110),#5429,.T.);
#5684=ADVANCED_FACE('',(#5111),#5430,.T.);
#5685=ADVANCED_FACE('',(#5112),#5431,.T.);
#5686=ADVANCED_FACE('',(#5113),#5432,.T.);
#5687=ADVANCED_FACE('',(#5114),#5433,.T.);
#5688=ADVANCED_FACE('',(#5115),#5434,.T.);
#5689=ADVANCED_FACE('',(#5116),#5435,.T.);
#5690=ADVANCED_FACE('',(#5117),#5436,.T.);
#5691=ADVANCED_FACE('',(#5118),#5437,.T.);
#5692=ADVANCED_FACE('',(#5119),#5438,.T.);
#5693=ADVANCED_FACE('',(#5120),#5439,.T.);
#5694=ADVANCED_FACE('',(#5121),#5440,.T.);
#5695=ADVANCED_FACE('',(#5122),#5441,.T.);
#5696=ADVANCED_FACE('',(#5123),#5442,.T.);
#5697=ADVANCED_FACE('',(#5124),#5443,.T.);
#5698=ADVANCED_FACE('',(#5125),#5444,.T.);
#5699=ADVANCED_FACE('',(#5126),#5445,.T.);
#5700=ADVANCED_FACE('',(#5127),#5446,.T.);
#5701=ADVANCED_FACE('',(#5128),#5447,.T.);
#5702=ADVANCED_FACE('',(#5129),#5448,.T.);
#5703=ADVANCED_FACE('',(#5130),#5449,.T.);
#5704=ADVANCED_FACE('',(#5131),#5450,.T.);
#5705=ADVANCED_FACE('',(#5132),#43,.T.);
#5706=ADVANCED_FACE('',(#5133),#44,.T.);
#5707=ADVANCED_FACE('',(#5134),#5451,.T.);
#5708=ADVANCED_FACE('',(#5135),#45,.T.);
#5709=ADVANCED_FACE('',(#5136),#46,.T.);
#5710=ADVANCED_FACE('',(#5137),#47,.T.);
#5711=ADVANCED_FACE('',(#5138),#5452,.T.);
#5712=ADVANCED_FACE('',(#5139),#48,.T.);
#5713=ADVANCED_FACE('',(#5140),#49,.T.);
#5714=ADVANCED_FACE('',(#5141),#50,.T.);
#5715=ADVANCED_FACE('',(#5142),#5453,.T.);
#5716=ADVANCED_FACE('',(#5143),#5454,.T.);
#5717=ADVANCED_FACE('',(#5144),#5455,.T.);
#5718=ADVANCED_FACE('',(#5145),#5456,.T.);
#5719=ADVANCED_FACE('',(#5146),#5457,.T.);
#5720=ADVANCED_FACE('',(#5147),#5458,.T.);
#5721=ADVANCED_FACE('',(#5148),#5459,.T.);
#5722=ADVANCED_FACE('',(#5149),#51,.T.);
#5723=ADVANCED_FACE('',(#5150),#52,.T.);
#5724=ADVANCED_FACE('',(#5151),#53,.T.);
#5725=ADVANCED_FACE('',(#5152),#5460,.T.);
#5726=ADVANCED_FACE('',(#5153),#54,.T.);
#5727=ADVANCED_FACE('',(#5154),#55,.F.);
#5728=ADVANCED_FACE('',(#5155),#56,.F.);
#5729=ADVANCED_FACE('',(#5156),#5461,.T.);
#5730=ADVANCED_FACE('',(#5157),#57,.F.);
#5731=ADVANCED_FACE('',(#5158),#58,.F.);
#5732=ADVANCED_FACE('',(#5159),#5462,.T.);
#5733=ADVANCED_FACE('',(#5160),#59,.F.);
#5734=ADVANCED_FACE('',(#5161),#60,.F.);
#5735=ADVANCED_FACE('',(#5162),#5463,.T.);
#5736=ADVANCED_FACE('',(#5163),#61,.F.);
#5737=ADVANCED_FACE('',(#5164),#62,.F.);
#5738=ADVANCED_FACE('',(#5165),#5464,.T.);
#5739=ADVANCED_FACE('',(#5166,#5167),#5465,.T.);
#5740=ADVANCED_FACE('',(#5168),#5466,.T.);
#5741=ADVANCED_FACE('',(#5169),#5467,.T.);
#5742=ADVANCED_FACE('',(#5170),#5468,.T.);
#5743=ADVANCED_FACE('',(#5171),#5469,.F.);
#5744=ADVANCED_FACE('',(#5172),#5470,.T.);
#5745=ADVANCED_FACE('',(#5173),#5471,.T.);
#5746=ADVANCED_FACE('',(#5174),#5472,.T.);
#5747=ADVANCED_FACE('',(#5175,#5176),#5473,.T.);
#5748=ADVANCED_FACE('',(#5177),#5474,.F.);
#5749=ADVANCED_FACE('',(#5178),#5475,.T.);
#5750=ADVANCED_FACE('',(#5179),#5476,.T.);
#5751=ADVANCED_FACE('',(#5180),#5477,.T.);
#5752=ADVANCED_FACE('',(#5181),#5478,.F.);
#5753=ADVANCED_FACE('',(#5182),#5479,.F.);
#5754=ADVANCED_FACE('',(#5183),#5480,.T.);
#5755=ADVANCED_FACE('',(#5184),#5481,.T.);
#5756=ADVANCED_FACE('',(#5185),#5482,.T.);
#5757=ADVANCED_FACE('',(#5186),#63,.F.);
#5758=ADVANCED_FACE('',(#5187),#5483,.F.);
#5759=ADVANCED_FACE('',(#5188),#5484,.F.);
#5760=ADVANCED_FACE('',(#5189),#5485,.F.);
#5761=ADVANCED_FACE('',(#5190,#5191),#5486,.T.);
#5762=ADVANCED_FACE('',(#5192),#18,.F.);
#5763=ADVANCED_FACE('',(#5193),#19,.F.);
#5764=ADVANCED_FACE('',(#5194),#20,.T.);
#5765=ADVANCED_FACE('',(#5195),#21,.T.);
#5766=ADVANCED_FACE('',(#5196),#22,.T.);
#5767=ADVANCED_FACE('',(#5197),#23,.T.);
#5768=ADVANCED_FACE('',(#5198,#5199),#64,.F.);
#5769=ADVANCED_FACE('',(#5200),#5487,.F.);
#5770=ADVANCED_FACE('',(#5201),#5488,.T.);
#5771=ADVANCED_FACE('',(#5202),#5489,.F.);
#5772=ADVANCED_FACE('',(#5203,#5204),#65,.F.);
#5773=ADVANCED_FACE('',(#5205,#5206),#66,.F.);
#5774=ADVANCED_FACE('',(#5207,#5208),#67,.F.);
#5775=ADVANCED_FACE('',(#5209,#5210),#68,.F.);
#5776=ADVANCED_FACE('',(#5211),#5490,.T.);
#5777=ADVANCED_FACE('',(#5212),#5491,.F.);
#5778=ADVANCED_FACE('',(#5213),#5492,.T.);
#5779=ADVANCED_FACE('',(#5214),#5493,.T.);
#5780=ADVANCED_FACE('',(#5215),#5494,.T.);
#5781=ADVANCED_FACE('',(#5216),#5495,.F.);
#5782=ADVANCED_FACE('',(#5217),#5496,.T.);
#5783=ADVANCED_FACE('',(#5218),#5497,.T.);
#5784=ADVANCED_FACE('',(#5219),#5498,.T.);
#5785=ADVANCED_FACE('',(#5220),#5499,.T.);
#5786=ADVANCED_FACE('',(#5221),#5500,.F.);
#5787=ADVANCED_FACE('',(#5222),#5501,.F.);
#5788=ADVANCED_FACE('',(#5223),#5502,.T.);
#5789=ADVANCED_FACE('',(#5224,#5225),#69,.F.);
#5790=ADVANCED_FACE('',(#5226,#5227),#70,.F.);
#5791=ADVANCED_FACE('',(#5228,#5229),#71,.F.);
#5792=ADVANCED_FACE('',(#5230,#5231),#72,.F.);
#5793=ADVANCED_FACE('',(#5232),#24,.F.);
#5794=ADVANCED_FACE('',(#5233),#5503,.T.);
#5795=ADVANCED_FACE('',(#5234),#5504,.F.);
#5796=ADVANCED_FACE('',(#5235),#5505,.T.);
#5797=ADVANCED_FACE('',(#5236),#25,.F.);
#5798=ADVANCED_FACE('',(#5237),#5506,.F.);
#5799=ADVANCED_FACE('',(#5238),#5507,.F.);
#5800=ADVANCED_FACE('',(#5239),#5508,.F.);
#5801=ADVANCED_FACE('',(#5240),#5509,.F.);
#5802=ADVANCED_FACE('',(#5241),#5510,.T.);
#5803=ADVANCED_FACE('',(#5242),#5511,.T.);
#5804=ADVANCED_FACE('',(#5243),#5512,.F.);
#5805=ADVANCED_FACE('',(#5244),#5513,.T.);
#5806=ADVANCED_FACE('',(#5245,#5246,#5247,#5248,#5249),#5514,.F.);
#5807=ADVANCED_FACE('',(#5250),#5515,.T.);
#5808=ADVANCED_FACE('',(#5251),#5516,.F.);
#5809=ADVANCED_FACE('',(#5252),#5517,.T.);
#5810=ADVANCED_FACE('',(#5253),#5518,.T.);
#5811=ADVANCED_FACE('',(#5254),#5519,.T.);
#5812=ADVANCED_FACE('',(#5255),#5520,.F.);
#5813=ADVANCED_FACE('',(#5256),#5521,.T.);
#5814=ADVANCED_FACE('',(#5257,#5258),#73,.F.);
#5815=ADVANCED_FACE('',(#5259),#5522,.T.);
#5816=ADVANCED_FACE('',(#5260,#5261),#74,.F.);
#5817=ADVANCED_FACE('',(#5262),#5523,.T.);
#5818=ADVANCED_FACE('',(#5263,#5264),#75,.F.);
#5819=ADVANCED_FACE('',(#5265),#5524,.T.);
#5820=ADVANCED_FACE('',(#5266,#5267),#76,.F.);
#5821=ADVANCED_FACE('',(#5268),#5525,.T.);
#5822=ADVANCED_FACE('',(#5269),#77,.F.);
#5823=ADVANCED_FACE('',(#5270,#5271),#5526,.T.);
#5824=ADVANCED_FACE('',(#5272),#5527,.F.);
#5825=ADVANCED_FACE('',(#5273),#5528,.F.);
#5826=ADVANCED_FACE('',(#5274),#5529,.T.);
#5827=ADVANCED_FACE('',(#5275),#5530,.T.);
#5828=ADVANCED_FACE('',(#5276),#5531,.F.);
#5829=ADVANCED_FACE('',(#5277),#5532,.F.);
#5830=ADVANCED_FACE('',(#5278),#5533,.T.);
#5831=ADVANCED_FACE('',(#5279),#5534,.T.);
#5832=ADVANCED_FACE('',(#5280),#5535,.F.);
#5833=ADVANCED_FACE('',(#5281),#5536,.F.);
#5834=ADVANCED_FACE('',(#5282),#5537,.T.);
#5835=ADVANCED_FACE('',(#5283),#5538,.T.);
#5836=ADVANCED_FACE('',(#5284),#5539,.F.);
#5837=ADVANCED_FACE('',(#5285),#5540,.F.);
#5838=ADVANCED_FACE('',(#5286),#5541,.T.);
#5839=ADVANCED_FACE('',(#5287),#5542,.T.);
#5840=ADVANCED_FACE('',(#5288),#5543,.F.);
#5841=ADVANCED_FACE('',(#5289),#5544,.F.);
#5842=ADVANCED_FACE('',(#5290),#5545,.T.);
#5843=ADVANCED_FACE('',(#5291),#5546,.T.);
#5844=ADVANCED_FACE('',(#5292),#5547,.F.);
#5845=ADVANCED_FACE('',(#5293),#5548,.F.);
#5846=ADVANCED_FACE('',(#5294),#5549,.F.);
#5847=ADVANCED_FACE('',(#5295),#5550,.T.);
#5848=ADVANCED_FACE('',(#5296),#5551,.F.);
#5849=ADVANCED_FACE('',(#5297),#5552,.F.);
#5850=ADVANCED_FACE('',(#5298),#5553,.T.);
#5851=ADVANCED_FACE('',(#5299),#5554,.T.);
#5852=ADVANCED_FACE('',(#5300,#5301),#5555,.F.);
#5853=ADVANCED_FACE('',(#5302),#5556,.F.);
#5854=ADVANCED_FACE('',(#5303),#5557,.F.);
#5855=ADVANCED_FACE('',(#5304),#5558,.T.);
#5856=ADVANCED_FACE('',(#5305),#5559,.T.);
#5857=ADVANCED_FACE('',(#5306),#5560,.F.);
#5858=ADVANCED_FACE('',(#5307),#5561,.T.);
#5859=ADVANCED_FACE('',(#5308),#5562,.F.);
#5860=ADVANCED_FACE('',(#5309),#5563,.F.);
#5861=ADVANCED_FACE('',(#5310),#5564,.F.);
#5862=ADVANCED_FACE('',(#5311),#5565,.F.);
#5863=ADVANCED_FACE('',(#5312),#5566,.F.);
#5864=ADVANCED_FACE('',(#5313,#5314),#14,.F.);
#5865=ADVANCED_FACE('',(#5315,#5316),#78,.F.);
#5866=ADVANCED_FACE('',(#5317,#5318),#15,.F.);
#5867=ADVANCED_FACE('',(#5319,#5320),#79,.F.);
#5868=ADVANCED_FACE('',(#5321,#5322),#80,.F.);
#5869=ADVANCED_FACE('',(#5323),#5567,.T.);
#5870=ADVANCED_FACE('',(#5324,#5325),#81,.F.);
#5871=ADVANCED_FACE('',(#5326),#5568,.T.);
#5872=ADVANCED_FACE('',(#5327,#5328),#82,.F.);
#5873=ADVANCED_FACE('',(#5329),#5569,.T.);
#5874=ADVANCED_FACE('',(#5330,#5331),#83,.F.);
#5875=ADVANCED_FACE('',(#5332),#5570,.T.);
#5876=ADVANCED_FACE('',(#5333),#5571,.T.);
#5877=ADVANCED_FACE('',(#5334),#5572,.T.);
#5878=ADVANCED_FACE('',(#5335),#5573,.T.);
#5879=ADVANCED_FACE('',(#5336),#5574,.F.);
#5880=ADVANCED_FACE('',(#5337),#5575,.F.);
#5881=ADVANCED_FACE('',(#5338),#5576,.T.);
#5882=ADVANCED_FACE('',(#5339),#5577,.T.);
#5883=ADVANCED_FACE('',(#5340),#5578,.T.);
#5884=ADVANCED_FACE('',(#5341),#5579,.T.);
#5885=ADVANCED_FACE('',(#5342),#5580,.T.);
#5886=ADVANCED_FACE('',(#5343),#5581,.F.);
#5887=ADVANCED_FACE('',(#5344),#84,.T.);
#5888=ADVANCED_FACE('',(#5345),#5582,.T.);
#5889=ADVANCED_FACE('',(#5346),#5583,.T.);
#5890=ADVANCED_FACE('',(#5347),#5584,.T.);
#5891=ADVANCED_FACE('',(#5348),#5585,.T.);
#5892=ADVANCED_FACE('',(#5349),#5586,.T.);
#5893=ADVANCED_FACE('',(#5350),#5587,.T.);
#5894=ADVANCED_FACE('',(#5351),#5588,.T.);
#5895=ADVANCED_FACE('',(#5352),#5589,.F.);
#5896=ADVANCED_FACE('',(#5353),#5590,.T.);
#5897=ADVANCED_FACE('',(#5354),#5591,.T.);
#5898=ADVANCED_FACE('',(#5355),#5592,.T.);
#5899=ADVANCED_FACE('',(#5356),#5593,.F.);
#5900=ADVANCED_FACE('',(#5357),#5594,.T.);
#5901=ADVANCED_FACE('',(#5358),#5595,.F.);
#5902=ADVANCED_FACE('',(#5359),#5596,.T.);
#5903=ADVANCED_FACE('',(#5360),#5597,.F.);
#5904=ADVANCED_FACE('',(#5361),#5598,.T.);
#5905=ADVANCED_FACE('',(#5362),#5599,.T.);
#5906=ADVANCED_FACE('',(#5363),#5600,.F.);
#5907=ADVANCED_FACE('',(#5364),#5601,.F.);
#5908=ADVANCED_FACE('',(#5365),#5602,.T.);
#5909=ADVANCED_FACE('',(#5366),#5603,.T.);
#5910=ADVANCED_FACE('',(#5367),#5604,.F.);
#5911=ADVANCED_FACE('',(#5368),#5605,.F.);
#5912=ADVANCED_FACE('',(#5369),#5606,.F.);
#5913=ADVANCED_FACE('',(#5370),#5607,.F.);
#5914=CLOSED_SHELL('',(#5608,#5609,#5610,#5611,#5612,#5613,#5614,#5615,#5616,#5617,#5618,#5619,#5620,#5621,#5622,#5623,#5624,#5625,#5626,#5627,#5628,#5629,#5630,#5631,#5632,#5633,#5634,#5635,#5636,#5637,#5638,#5639,#5640,#5641,#5642,#5643,#5644,#5645,#5646,#5647,#5648,#5649,#5650,#5651,#5652,#5653,#5654,#5655,#5656,#5657,#5658,#5659,#5660,#5661,#5662,#5663,#5664,#5665,#5666,#5667,#5668,#5669,#5670,#5671,#5672,#5673,#5674,#5675,#5676,#5677,#5678,#5679,#5680,#5681,#5682,#5683,#5684,#5685,#5686,#5687,#5688,#5689,#5690,#5691,#5692,#5693,#5694,#5695,#5696,#5697,#5698,#5699,#5700,#5701,#5702,#5703,#5704,#5705,#5706,#5707,#5708,#5709,#5710,#5711,#5712,#5713,#5714,#5715,#5716,#5717,#5718,#5719,#5720,#5721,#5722,#5723,#5724,#5725,#5726,#5727,#5728,#5729,#5730,#5731,#5732,#5733,#5734,#5735,#5736,#5737,#5738,#5739,#5740,#5741,#5742,#5743,#5744,#5745,#5746,#5747,#5748,#5749,#5750,#5751,#5752,#5753,#5754,#5755,#5756,#5757,#5758,#5759,#5760,#5761,#5762,#5763,#5764,#5765,#5766,#5767,#5768,#5769,#5770,#5771,#5772,#5773,#5774,#5775,#5776,#5777,#5778,#5779,#5780,#5781,#5782,#5783,#5784,#5785,#5786,#5787,#5788,#5789,#5790,#5791,#5792,#5793,#5794,#5795,#5796,#5797,#5798,#5799,#5800,#5801,#5802,#5803,#5804,#5805,#5806,#5807,#5808,#5809,#5810,#5811,#5812,#5813,#5814,#5815,#5816,#5817,#5818,#5819,#5820,#5821,#5822,#5823,#5824,#5825,#5826,#5827,#5828,#5829,#5830,#5831,#5832,#5833,#5834,#5835,#5836,#5837,#5838,#5839,#5840,#5841,#5842,#5843,#5844,#5845,#5846,#5847,#5848,#5849,#5850,#5851,#5852,#5853,#5854,#5855,#5856,#5857,#5858,#5859,#5860,#5861,#5862,#5863,#5864,#5865,#5866,#5867,#5868,#5869,#5870,#5871,#5872,#5873,#5874,#5875,#5876,#5877,#5878,#5879,#5880,#5881,#5882,#5883,#5884,#5885,#5886,#5887,#5888,#5889,#5890,#5891,#5892,#5893,#5894,#5895,#5896,#5897,#5898,#5899,#5900,#5901,#5902,#5903,#5904,#5905,#5906,#5907,#5908,#5909,#5910,#5911,#5912,#5913));
#5915=STYLED_ITEM('',(#5916),#5923);
#5916=PRESENTATION_STYLE_ASSIGNMENT((#5917));
#5917=SURFACE_STYLE_USAGE(.BOTH.,#5918);
#5918=SURFACE_SIDE_STYLE('',(#5919));
#5919=SURFACE_STYLE_FILL_AREA(#5920);
#5920=FILL_AREA_STYLE('',(#5921));
#5921=FILL_AREA_STYLE_COLOUR('',#5922);
#5922=COLOUR_RGB('',0.615686274509804,0.811764705882353,0.929411764705882);
#5923=MANIFOLD_SOLID_BREP('Part 1',#5914);
#5924=SHAPE_DEFINITION_REPRESENTATION(#9916,#5925);
#5925=SHAPE_REPRESENTATION('Part 1',(#5926),#9911);
#5926=AXIS2_PLACEMENT_3D('',#7865,#6345,#6346);
#5927=AXIS2_PLACEMENT_3D('',#7866,#6347,#6348);
#5928=AXIS2_PLACEMENT_3D('',#7875,#6353,#6354);
#5929=AXIS2_PLACEMENT_3D('',#7881,#6358,#6359);
#5930=AXIS2_PLACEMENT_3D('',#7890,#6364,#6365);
#5931=AXIS2_PLACEMENT_3D('',#7907,#6374,#6375);
#5932=AXIS2_PLACEMENT_3D('',#7916,#6380,#6381);
#5933=AXIS2_PLACEMENT_3D('',#7929,#6388,#6389);
#5934=AXIS2_PLACEMENT_3D('',#7930,#6390,#6391);
#5935=AXIS2_PLACEMENT_3D('',#7932,#6392,#6393);
#5936=AXIS2_PLACEMENT_3D('',#7993,#6416,#6417);
#5937=AXIS2_PLACEMENT_3D('',#7994,#6418,#6419);
#5938=AXIS2_PLACEMENT_3D('',#7996,#6420,#6421);
#5939=AXIS2_PLACEMENT_3D('',#7997,#6422,#6423);
#5940=AXIS2_PLACEMENT_3D('',#7999,#6424,#6425);
#5941=AXIS2_PLACEMENT_3D('',#8005,#6429,#6430);
#5942=AXIS2_PLACEMENT_3D('',#8011,#6434,#6435);
#5943=AXIS2_PLACEMENT_3D('',#8017,#6439,#6440);
#5944=AXIS2_PLACEMENT_3D('',#8023,#6444,#6445);
#5945=AXIS2_PLACEMENT_3D('',#8026,#6448,#6449);
#5946=AXIS2_PLACEMENT_3D('',#8112,#6494,#6495);
#5947=AXIS2_PLACEMENT_3D('',#8113,#6496,#6497);
#5948=AXIS2_PLACEMENT_3D('',#8122,#6502,#6503);
#5949=AXIS2_PLACEMENT_3D('',#8131,#6508,#6509);
#5950=AXIS2_PLACEMENT_3D('',#8137,#6513,#6514);
#5951=AXIS2_PLACEMENT_3D('',#8146,#6519,#6520);
#5952=AXIS2_PLACEMENT_3D('',#8152,#6524,#6525);
#5953=AXIS2_PLACEMENT_3D('',#8153,#6526,#6527);
#5954=AXIS2_PLACEMENT_3D('',#8155,#6528,#6529);
#5955=AXIS2_PLACEMENT_3D('',#8157,#6530,#6531);
#5956=AXIS2_PLACEMENT_3D('',#8159,#6532,#6533);
#5957=AXIS2_PLACEMENT_3D('',#8214,#6561,#6562);
#5958=AXIS2_PLACEMENT_3D('',#8225,#6569,#6570);
#5959=AXIS2_PLACEMENT_3D('',#8282,#6599,#6600);
#5960=AXIS2_PLACEMENT_3D('',#8284,#6601,#6602);
#5961=AXIS2_PLACEMENT_3D('',#8286,#6603,#6604);
#5962=AXIS2_PLACEMENT_3D('',#8288,#6605,#6606);
#5963=AXIS2_PLACEMENT_3D('',#8290,#6607,#6608);
#5964=AXIS2_PLACEMENT_3D('',#8292,#6609,#6610);
#5965=AXIS2_PLACEMENT_3D('',#8294,#6611,#6612);
#5966=AXIS2_PLACEMENT_3D('',#8296,#6613,#6614);
#5967=AXIS2_PLACEMENT_3D('',#8313,#6623,#6624);
#5968=AXIS2_PLACEMENT_3D('',#8383,#6633,#6634);
#5969=AXIS2_PLACEMENT_3D('',#8399,#6643,#6644);
#5970=AXIS2_PLACEMENT_3D('',#8403,#6647,#6648);
#5971=AXIS2_PLACEMENT_3D('',#8404,#6649,#6650);
#5972=AXIS2_PLACEMENT_3D('',#8413,#6655,#6656);
#5973=AXIS2_PLACEMENT_3D('',#8425,#6663,#6664);
#5974=AXIS2_PLACEMENT_3D('',#8429,#6667,#6668);
#5975=AXIS2_PLACEMENT_3D('',#8433,#6671,#6672);
#5976=AXIS2_PLACEMENT_3D('',#8434,#6673,#6674);
#5977=AXIS2_PLACEMENT_3D('',#8435,#6675,#6676);
#5978=AXIS2_PLACEMENT_3D('',#8436,#6677,#6678);
#5979=AXIS2_PLACEMENT_3D('',#8440,#6681,#6682);
#5980=AXIS2_PLACEMENT_3D('',#8441,#6683,#6684);
#5981=AXIS2_PLACEMENT_3D('',#8443,#6685,#6686);
#5982=AXIS2_PLACEMENT_3D('',#8445,#6687,#6688);
#5983=AXIS2_PLACEMENT_3D('',#8447,#6689,#6690);
#5984=AXIS2_PLACEMENT_3D('',#8505,#6719,#6720);
#5985=AXIS2_PLACEMENT_3D('',#8506,#6721,#6722);
#5986=AXIS2_PLACEMENT_3D('',#8508,#6723,#6724);
#5987=AXIS2_PLACEMENT_3D('',#8510,#6725,#6726);
#5988=AXIS2_PLACEMENT_3D('',#8516,#6730,#6731);
#5989=AXIS2_PLACEMENT_3D('',#8522,#6735,#6736);
#5990=AXIS2_PLACEMENT_3D('',#8528,#6740,#6741);
#5991=AXIS2_PLACEMENT_3D('',#8547,#6748,#6749);
#5992=AXIS2_PLACEMENT_3D('',#8553,#6753,#6754);
#5993=AXIS2_PLACEMENT_3D('',#8555,#6756,#6757);
#5994=AXIS2_PLACEMENT_3D('',#8561,#6761,#6762);
#5995=AXIS2_PLACEMENT_3D('',#8565,#6764,#6765);
#5996=AXIS2_PLACEMENT_3D('',#8590,#6778,#6779);
#5997=AXIS2_PLACEMENT_3D('',#8592,#6780,#6781);
#5998=AXIS2_PLACEMENT_3D('',#8594,#6782,#6783);
#5999=AXIS2_PLACEMENT_3D('',#8595,#6784,#6785);
#6000=AXIS2_PLACEMENT_3D('',#8601,#6789,#6790);
#6001=AXIS2_PLACEMENT_3D('',#8656,#6818,#6819);
#6002=AXIS2_PLACEMENT_3D('',#8658,#6820,#6821);
#6003=AXIS2_PLACEMENT_3D('',#8660,#6822,#6823);
#6004=AXIS2_PLACEMENT_3D('',#8664,#6825,#6826);
#6005=AXIS2_PLACEMENT_3D('',#8666,#6827,#6828);
#6006=AXIS2_PLACEMENT_3D('',#8668,#6829,#6830);
#6007=AXIS2_PLACEMENT_3D('',#8672,#6832,#6833);
#6008=AXIS2_PLACEMENT_3D('',#8674,#6834,#6835);
#6009=AXIS2_PLACEMENT_3D('',#8676,#6836,#6837);
#6010=AXIS2_PLACEMENT_3D('',#8684,#6841,#6842);
#6011=AXIS2_PLACEMENT_3D('',#8686,#6843,#6844);
#6012=AXIS2_PLACEMENT_3D('',#8690,#6846,#6847);
#6013=AXIS2_PLACEMENT_3D('',#8692,#6848,#6849);
#6014=AXIS2_PLACEMENT_3D('',#8696,#6851,#6852);
#6015=AXIS2_PLACEMENT_3D('',#8698,#6853,#6854);
#6016=AXIS2_PLACEMENT_3D('',#8702,#6856,#6857);
#6017=AXIS2_PLACEMENT_3D('',#8704,#6858,#6859);
#6018=AXIS2_PLACEMENT_3D('',#8716,#6865,#6866);
#6019=AXIS2_PLACEMENT_3D('',#8718,#6867,#6868);
#6020=AXIS2_PLACEMENT_3D('',#8720,#6869,#6870);
#6021=AXIS2_PLACEMENT_3D('',#8730,#6875,#6876);
#6022=AXIS2_PLACEMENT_3D('',#8732,#6877,#6878);
#6023=AXIS2_PLACEMENT_3D('',#8734,#6879,#6880);
#6024=AXIS2_PLACEMENT_3D('',#8738,#6882,#6883);
#6025=AXIS2_PLACEMENT_3D('',#8740,#6884,#6885);
#6026=AXIS2_PLACEMENT_3D('',#8742,#6886,#6887);
#6027=AXIS2_PLACEMENT_3D('',#8745,#6889,#6890);
#6028=AXIS2_PLACEMENT_3D('',#8751,#6894,#6895);
#6029=AXIS2_PLACEMENT_3D('',#8755,#6898,#6899);
#6030=AXIS2_PLACEMENT_3D('',#8764,#6904,#6905);
#6031=AXIS2_PLACEMENT_3D('',#8765,#6906,#6907);
#6032=AXIS2_PLACEMENT_3D('',#8769,#6909,#6910);
#6033=AXIS2_PLACEMENT_3D('',#8770,#6911,#6912);
#6034=AXIS2_PLACEMENT_3D('',#8771,#6913,#6914);
#6035=AXIS2_PLACEMENT_3D('',#8775,#6916,#6917);
#6036=AXIS2_PLACEMENT_3D('',#8776,#6918,#6919);
#6037=AXIS2_PLACEMENT_3D('',#8782,#6923,#6924);
#6038=AXIS2_PLACEMENT_3D('',#8783,#6925,#6926);
#6039=AXIS2_PLACEMENT_3D('',#8787,#6928,#6929);
#6040=AXIS2_PLACEMENT_3D('',#8788,#6930,#6931);
#6041=AXIS2_PLACEMENT_3D('',#8789,#6932,#6933);
#6042=AXIS2_PLACEMENT_3D('',#8793,#6935,#6936);
#6043=AXIS2_PLACEMENT_3D('',#8794,#6937,#6938);
#6044=AXIS2_PLACEMENT_3D('',#8800,#6942,#6943);
#6045=AXIS2_PLACEMENT_3D('',#8801,#6944,#6945);
#6046=AXIS2_PLACEMENT_3D('',#8805,#6947,#6948);
#6047=AXIS2_PLACEMENT_3D('',#8806,#6949,#6950);
#6048=AXIS2_PLACEMENT_3D('',#8807,#6951,#6952);
#6049=AXIS2_PLACEMENT_3D('',#8811,#6954,#6955);
#6050=AXIS2_PLACEMENT_3D('',#8812,#6956,#6957);
#6051=AXIS2_PLACEMENT_3D('',#8818,#6961,#6962);
#6052=AXIS2_PLACEMENT_3D('',#8819,#6963,#6964);
#6053=AXIS2_PLACEMENT_3D('',#8823,#6966,#6967);
#6054=AXIS2_PLACEMENT_3D('',#8824,#6968,#6969);
#6055=AXIS2_PLACEMENT_3D('',#8830,#6973,#6974);
#6056=AXIS2_PLACEMENT_3D('',#8834,#6977,#6978);
#6057=AXIS2_PLACEMENT_3D('',#8838,#6981,#6982);
#6058=AXIS2_PLACEMENT_3D('',#8842,#6985,#6986);
#6059=AXIS2_PLACEMENT_3D('',#8845,#6988,#6989);
#6060=AXIS2_PLACEMENT_3D('',#8846,#6990,#6991);
#6061=AXIS2_PLACEMENT_3D('',#8849,#6993,#6994);
#6062=AXIS2_PLACEMENT_3D('',#8850,#6995,#6996);
#6063=AXIS2_PLACEMENT_3D('',#8853,#6998,#6999);
#6064=AXIS2_PLACEMENT_3D('',#8854,#7000,#7001);
#6065=AXIS2_PLACEMENT_3D('',#8858,#7004,#7005);
#6066=AXIS2_PLACEMENT_3D('',#8861,#7007,#7008);
#6067=AXIS2_PLACEMENT_3D('',#8862,#7009,#7010);
#6068=AXIS2_PLACEMENT_3D('',#8865,#7012,#7013);
#6069=AXIS2_PLACEMENT_3D('',#8866,#7014,#7015);
#6070=AXIS2_PLACEMENT_3D('',#8869,#7017,#7018);
#6071=AXIS2_PLACEMENT_3D('',#8870,#7019,#7020);
#6072=AXIS2_PLACEMENT_3D('',#8872,#7022,#7023);
#6073=AXIS2_PLACEMENT_3D('',#8873,#7024,#7025);
#6074=AXIS2_PLACEMENT_3D('',#8874,#7026,#7027);
#6075=AXIS2_PLACEMENT_3D('',#8875,#7028,#7029);
#6076=AXIS2_PLACEMENT_3D('',#8876,#7030,#7031);
#6077=AXIS2_PLACEMENT_3D('',#8893,#7040,#7041);
#6078=AXIS2_PLACEMENT_3D('',#8896,#7044,#7045);
#6079=AXIS2_PLACEMENT_3D('',#8898,#7047,#7048);
#6080=AXIS2_PLACEMENT_3D('',#8900,#7050,#7051);
#6081=AXIS2_PLACEMENT_3D('',#8902,#7053,#7054);
#6082=AXIS2_PLACEMENT_3D('',#8904,#7056,#7057);
#6083=AXIS2_PLACEMENT_3D('',#8906,#7059,#7060);
#6084=AXIS2_PLACEMENT_3D('',#8908,#7062,#7063);
#6085=AXIS2_PLACEMENT_3D('',#8909,#7064,#7065);
#6086=AXIS2_PLACEMENT_3D('',#8918,#7070,#7071);
#6087=AXIS2_PLACEMENT_3D('',#8921,#7074,#7075);
#6088=AXIS2_PLACEMENT_3D('',#8923,#7077,#7078);
#6089=AXIS2_PLACEMENT_3D('',#8925,#7080,#7081);
#6090=AXIS2_PLACEMENT_3D('',#8926,#7082,#7083);
#6091=AXIS2_PLACEMENT_3D('',#8951,#7096,#7097);
#6092=AXIS2_PLACEMENT_3D('',#8954,#7100,#7101);
#6093=AXIS2_PLACEMENT_3D('',#8956,#7103,#7104);
#6094=AXIS2_PLACEMENT_3D('',#8958,#7106,#7107);
#6095=AXIS2_PLACEMENT_3D('',#8961,#7110,#7111);
#6096=AXIS2_PLACEMENT_3D('',#8963,#7113,#7114);
#6097=AXIS2_PLACEMENT_3D('',#8965,#7116,#7117);
#6098=AXIS2_PLACEMENT_3D('',#8968,#7120,#7121);
#6099=AXIS2_PLACEMENT_3D('',#8970,#7123,#7124);
#6100=AXIS2_PLACEMENT_3D('',#8972,#7126,#7127);
#6101=AXIS2_PLACEMENT_3D('',#8973,#7128,#7129);
#6102=AXIS2_PLACEMENT_3D('',#8974,#7130,#7131);
#6103=AXIS2_PLACEMENT_3D('',#8975,#7132,#7133);
#6104=AXIS2_PLACEMENT_3D('',#8976,#7134,#7135);
#6105=AXIS2_PLACEMENT_3D('',#8981,#7137,#7138);
#6106=AXIS2_PLACEMENT_3D('',#8983,#7139,#7140);
#6107=AXIS2_PLACEMENT_3D('',#8985,#7141,#7142);
#6108=AXIS2_PLACEMENT_3D('',#8997,#7148,#7149);
#6109=AXIS2_PLACEMENT_3D('',#8999,#7150,#7151);
#6110=AXIS2_PLACEMENT_3D('',#9003,#7153,#7154);
#6111=AXIS2_PLACEMENT_3D('',#9005,#7155,#7156);
#6112=AXIS2_PLACEMENT_3D('',#9009,#7158,#7159);
#6113=AXIS2_PLACEMENT_3D('',#9011,#7160,#7161);
#6114=AXIS2_PLACEMENT_3D('',#9015,#7163,#7164);
#6115=AXIS2_PLACEMENT_3D('',#9017,#7165,#7166);
#6116=AXIS2_PLACEMENT_3D('',#9025,#7170,#7171);
#6117=AXIS2_PLACEMENT_3D('',#9027,#7172,#7173);
#6118=AXIS2_PLACEMENT_3D('',#9029,#7174,#7175);
#6119=AXIS2_PLACEMENT_3D('',#9033,#7177,#7178);
#6120=AXIS2_PLACEMENT_3D('',#9035,#7179,#7180);
#6121=AXIS2_PLACEMENT_3D('',#9037,#7181,#7182);
#6122=AXIS2_PLACEMENT_3D('',#9041,#7184,#7185);
#6123=AXIS2_PLACEMENT_3D('',#9043,#7186,#7187);
#6124=AXIS2_PLACEMENT_3D('',#9044,#7188,#7189);
#6125=AXIS2_PLACEMENT_3D('',#9047,#7192,#7193);
#6126=AXIS2_PLACEMENT_3D('',#9049,#7195,#7196);
#6127=AXIS2_PLACEMENT_3D('',#9051,#7198,#7199);
#6128=AXIS2_PLACEMENT_3D('',#9053,#7201,#7202);
#6129=AXIS2_PLACEMENT_3D('',#9055,#7204,#7205);
#6130=AXIS2_PLACEMENT_3D('',#9057,#7207,#7208);
#6131=AXIS2_PLACEMENT_3D('',#9059,#7210,#7211);
#6132=AXIS2_PLACEMENT_3D('',#9061,#7213,#7214);
#6133=AXIS2_PLACEMENT_3D('',#9063,#7216,#7217);
#6134=AXIS2_PLACEMENT_3D('',#9065,#7219,#7220);
#6135=AXIS2_PLACEMENT_3D('',#9067,#7222,#7223);
#6136=AXIS2_PLACEMENT_3D('',#9069,#7225,#7226);
#6137=AXIS2_PLACEMENT_3D('',#9071,#7228,#7229);
#6138=AXIS2_PLACEMENT_3D('',#9074,#7232,#7233);
#6139=AXIS2_PLACEMENT_3D('',#9076,#7235,#7236);
#6140=AXIS2_PLACEMENT_3D('',#9078,#7238,#7239);
#6141=AXIS2_PLACEMENT_3D('',#9080,#7241,#7242);
#6142=AXIS2_PLACEMENT_3D('',#9082,#7244,#7245);
#6143=AXIS2_PLACEMENT_3D('',#9084,#7247,#7248);
#6144=AXIS2_PLACEMENT_3D('',#9086,#7250,#7251);
#6145=AXIS2_PLACEMENT_3D('',#9088,#7253,#7254);
#6146=AXIS2_PLACEMENT_3D('',#9089,#7255,#7256);
#6147=AXIS2_PLACEMENT_3D('',#9091,#7258,#7259);
#6148=AXIS2_PLACEMENT_3D('',#9093,#7261,#7262);
#6149=AXIS2_PLACEMENT_3D('',#9095,#7264,#7265);
#6150=AXIS2_PLACEMENT_3D('',#9097,#7267,#7268);
#6151=AXIS2_PLACEMENT_3D('',#9099,#7270,#7271);
#6152=AXIS2_PLACEMENT_3D('',#9101,#7273,#7274);
#6153=AXIS2_PLACEMENT_3D('',#9103,#7276,#7277);
#6154=AXIS2_PLACEMENT_3D('',#9105,#7279,#7280);
#6155=AXIS2_PLACEMENT_3D('',#9107,#7282,#7283);
#6156=AXIS2_PLACEMENT_3D('',#9109,#7285,#7286);
#6157=AXIS2_PLACEMENT_3D('',#9111,#7288,#7289);
#6158=AXIS2_PLACEMENT_3D('',#9112,#7290,#7291);
#6159=AXIS2_PLACEMENT_3D('',#9129,#7297,#7298);
#6160=AXIS2_PLACEMENT_3D('',#9141,#7307,#7308);
#6161=AXIS2_PLACEMENT_3D('',#9145,#7311,#7312);
#6162=AXIS2_PLACEMENT_3D('',#9147,#7314,#7315);
#6163=AXIS2_PLACEMENT_3D('',#9151,#7318,#7319);
#6164=AXIS2_PLACEMENT_3D('',#9155,#7322,#7323);
#6165=AXIS2_PLACEMENT_3D('',#9164,#7330,#7331);
#6166=AXIS2_PLACEMENT_3D('',#9169,#7335,#7336);
#6167=AXIS2_PLACEMENT_3D('',#9174,#7339,#7340);
#6168=AXIS2_PLACEMENT_3D('',#9181,#7344,#7345);
#6169=AXIS2_PLACEMENT_3D('',#9183,#7346,#7347);
#6170=AXIS2_PLACEMENT_3D('',#9185,#7349,#7350);
#6171=AXIS2_PLACEMENT_3D('',#9194,#7355,#7356);
#6172=AXIS2_PLACEMENT_3D('',#9200,#7360,#7361);
#6173=AXIS2_PLACEMENT_3D('',#9204,#7364,#7365);
#6174=AXIS2_PLACEMENT_3D('',#9210,#7369,#7370);
#6175=AXIS2_PLACEMENT_3D('',#9214,#7373,#7374);
#6176=AXIS2_PLACEMENT_3D('',#9219,#7378,#7379);
#6177=AXIS2_PLACEMENT_3D('',#9222,#7382,#7383);
#6178=AXIS2_PLACEMENT_3D('',#9223,#7384,#7385);
#6179=AXIS2_PLACEMENT_3D('',#9228,#7388,#7389);
#6180=AXIS2_PLACEMENT_3D('',#9229,#7390,#7391);
#6181=AXIS2_PLACEMENT_3D('',#9231,#7393,#7394);
#6182=AXIS2_PLACEMENT_3D('',#9235,#7397,#7398);
#6183=AXIS2_PLACEMENT_3D('',#9237,#7400,#7401);
#6184=AXIS2_PLACEMENT_3D('',#9504,#7407,#7408);
#6185=AXIS2_PLACEMENT_3D('',#9505,#7409,#7410);
#6186=AXIS2_PLACEMENT_3D('',#9512,#7415,#7416);
#6187=AXIS2_PLACEMENT_3D('',#9519,#7421,#7422);
#6188=AXIS2_PLACEMENT_3D('',#9522,#7425,#7426);
#6189=AXIS2_PLACEMENT_3D('',#9523,#7427,#7428);
#6190=AXIS2_PLACEMENT_3D('',#9526,#7430,#7431);
#6191=AXIS2_PLACEMENT_3D('',#9529,#7433,#7434);
#6192=AXIS2_PLACEMENT_3D('',#9530,#7435,#7436);
#6193=AXIS2_PLACEMENT_3D('',#9531,#7437,#7438);
#6194=AXIS2_PLACEMENT_3D('',#9532,#7439,#7440);
#6195=AXIS2_PLACEMENT_3D('',#9538,#7444,#7445);
#6196=AXIS2_PLACEMENT_3D('',#9544,#7449,#7450);
#6197=AXIS2_PLACEMENT_3D('',#9547,#7453,#7454);
#6198=AXIS2_PLACEMENT_3D('',#9548,#7455,#7456);
#6199=AXIS2_PLACEMENT_3D('',#9554,#7460,#7461);
#6200=AXIS2_PLACEMENT_3D('',#9560,#7465,#7466);
#6201=AXIS2_PLACEMENT_3D('',#9562,#7468,#7469);
#6202=AXIS2_PLACEMENT_3D('',#9566,#7473,#7474);
#6203=AXIS2_PLACEMENT_3D('',#9567,#7475,#7476);
#6204=AXIS2_PLACEMENT_3D('',#9574,#7481,#7482);
#6205=AXIS2_PLACEMENT_3D('',#9578,#7486,#7487);
#6206=AXIS2_PLACEMENT_3D('',#9580,#7489,#7490);
#6207=AXIS2_PLACEMENT_3D('',#9581,#7491,#7492);
#6208=AXIS2_PLACEMENT_3D('',#9582,#7493,#7494);
#6209=AXIS2_PLACEMENT_3D('',#9583,#7495,#7496);
#6210=AXIS2_PLACEMENT_3D('',#9584,#7497,#7498);
#6211=AXIS2_PLACEMENT_3D('',#9610,#7500,#7501);
#6212=AXIS2_PLACEMENT_3D('',#9612,#7503,#7504);
#6213=AXIS2_PLACEMENT_3D('',#9613,#7505,#7506);
#6214=AXIS2_PLACEMENT_3D('',#9637,#7508,#7509);
#6215=AXIS2_PLACEMENT_3D('',#9638,#7510,#7511);
#6216=AXIS2_PLACEMENT_3D('',#9639,#7512,#7513);
#6217=AXIS2_PLACEMENT_3D('',#9640,#7514,#7515);
#6218=AXIS2_PLACEMENT_3D('',#9641,#7516,#7517);
#6219=AXIS2_PLACEMENT_3D('',#9643,#7519,#7520);
#6220=AXIS2_PLACEMENT_3D('',#9644,#7521,#7522);
#6221=AXIS2_PLACEMENT_3D('',#9646,#7524,#7525);
#6222=AXIS2_PLACEMENT_3D('',#9647,#7526,#7527);
#6223=AXIS2_PLACEMENT_3D('',#9648,#7528,#7529);
#6224=AXIS2_PLACEMENT_3D('',#9650,#7530,#7531);
#6225=AXIS2_PLACEMENT_3D('',#9652,#7532,#7533);
#6226=AXIS2_PLACEMENT_3D('',#9654,#7534,#7535);
#6227=AXIS2_PLACEMENT_3D('',#9661,#7539,#7540);
#6228=AXIS2_PLACEMENT_3D('',#9666,#7544,#7545);
#6229=AXIS2_PLACEMENT_3D('',#9670,#7548,#7549);
#6230=AXIS2_PLACEMENT_3D('',#9674,#7552,#7553);
#6231=AXIS2_PLACEMENT_3D('',#9675,#7554,#7555);
#6232=AXIS2_PLACEMENT_3D('',#9680,#7559,#7560);
#6233=AXIS2_PLACEMENT_3D('',#9684,#7563,#7564);
#6234=AXIS2_PLACEMENT_3D('',#9690,#7568,#7569);
#6235=AXIS2_PLACEMENT_3D('',#9691,#7570,#7571);
#6236=AXIS2_PLACEMENT_3D('',#9693,#7572,#7573);
#6237=AXIS2_PLACEMENT_3D('',#9694,#7574,#7575);
#6238=AXIS2_PLACEMENT_3D('',#9695,#7576,#7577);
#6239=AXIS2_PLACEMENT_3D('',#9697,#7578,#7579);
#6240=AXIS2_PLACEMENT_3D('',#9698,#7580,#7581);
#6241=AXIS2_PLACEMENT_3D('',#9699,#7582,#7583);
#6242=AXIS2_PLACEMENT_3D('',#9701,#7584,#7585);
#6243=AXIS2_PLACEMENT_3D('',#9702,#7586,#7587);
#6244=AXIS2_PLACEMENT_3D('',#9703,#7588,#7589);
#6245=AXIS2_PLACEMENT_3D('',#9705,#7590,#7591);
#6246=AXIS2_PLACEMENT_3D('',#9706,#7592,#7593);
#6247=AXIS2_PLACEMENT_3D('',#9707,#7594,#7595);
#6248=AXIS2_PLACEMENT_3D('',#9713,#7599,#7600);
#6249=AXIS2_PLACEMENT_3D('',#9721,#7606,#7607);
#6250=AXIS2_PLACEMENT_3D('',#9722,#7608,#7609);
#6251=AXIS2_PLACEMENT_3D('',#9723,#7610,#7611);
#6252=AXIS2_PLACEMENT_3D('',#9726,#7614,#7615);
#6253=AXIS2_PLACEMENT_3D('',#9728,#7617,#7618);
#6254=AXIS2_PLACEMENT_3D('',#9730,#7620,#7621);
#6255=AXIS2_PLACEMENT_3D('',#9731,#7622,#7623);
#6256=AXIS2_PLACEMENT_3D('',#9734,#7626,#7627);
#6257=AXIS2_PLACEMENT_3D('',#9736,#7629,#7630);
#6258=AXIS2_PLACEMENT_3D('',#9738,#7632,#7633);
#6259=AXIS2_PLACEMENT_3D('',#9739,#7634,#7635);
#6260=AXIS2_PLACEMENT_3D('',#9742,#7638,#7639);
#6261=AXIS2_PLACEMENT_3D('',#9744,#7641,#7642);
#6262=AXIS2_PLACEMENT_3D('',#9746,#7644,#7645);
#6263=AXIS2_PLACEMENT_3D('',#9747,#7646,#7647);
#6264=AXIS2_PLACEMENT_3D('',#9750,#7650,#7651);
#6265=AXIS2_PLACEMENT_3D('',#9752,#7653,#7654);
#6266=AXIS2_PLACEMENT_3D('',#9754,#7656,#7657);
#6267=AXIS2_PLACEMENT_3D('',#9755,#7658,#7659);
#6268=AXIS2_PLACEMENT_3D('',#9758,#7662,#7663);
#6269=AXIS2_PLACEMENT_3D('',#9760,#7665,#7666);
#6270=AXIS2_PLACEMENT_3D('',#9762,#7668,#7669);
#6271=AXIS2_PLACEMENT_3D('',#9763,#7670,#7671);
#6272=AXIS2_PLACEMENT_3D('',#9766,#7674,#7675);
#6273=AXIS2_PLACEMENT_3D('',#9768,#7677,#7678);
#6274=AXIS2_PLACEMENT_3D('',#9770,#7680,#7681);
#6275=AXIS2_PLACEMENT_3D('',#9771,#7682,#7683);
#6276=AXIS2_PLACEMENT_3D('',#9773,#7685,#7686);
#6277=AXIS2_PLACEMENT_3D('',#9774,#7687,#7688);
#6278=AXIS2_PLACEMENT_3D('',#9777,#7690,#7691);
#6279=AXIS2_PLACEMENT_3D('',#9779,#7693,#7694);
#6280=AXIS2_PLACEMENT_3D('',#9781,#7696,#7697);
#6281=AXIS2_PLACEMENT_3D('',#9782,#7698,#7699);
#6282=AXIS2_PLACEMENT_3D('',#9785,#7702,#7703);
#6283=AXIS2_PLACEMENT_3D('',#9786,#7704,#7705);
#6284=AXIS2_PLACEMENT_3D('',#9790,#7708,#7709);
#6285=AXIS2_PLACEMENT_3D('',#9792,#7711,#7712);
#6286=AXIS2_PLACEMENT_3D('',#9793,#7713,#7714);
#6287=AXIS2_PLACEMENT_3D('',#9795,#7716,#7717);
#6288=AXIS2_PLACEMENT_3D('',#9797,#7719,#7720);
#6289=AXIS2_PLACEMENT_3D('',#9798,#7721,#7722);
#6290=AXIS2_PLACEMENT_3D('',#9800,#7723,#7724);
#6291=AXIS2_PLACEMENT_3D('',#9802,#7725,#7726);
#6292=AXIS2_PLACEMENT_3D('',#9803,#7727,#7728);
#6293=AXIS2_PLACEMENT_3D('',#9805,#7729,#7730);
#6294=AXIS2_PLACEMENT_3D('',#9807,#7731,#7732);
#6295=AXIS2_PLACEMENT_3D('',#9808,#7733,#7734);
#6296=AXIS2_PLACEMENT_3D('',#9809,#7735,#7736);
#6297=AXIS2_PLACEMENT_3D('',#9811,#7737,#7738);
#6298=AXIS2_PLACEMENT_3D('',#9812,#7739,#7740);
#6299=AXIS2_PLACEMENT_3D('',#9813,#7741,#7742);
#6300=AXIS2_PLACEMENT_3D('',#9815,#7743,#7744);
#6301=AXIS2_PLACEMENT_3D('',#9816,#7745,#7746);
#6302=AXIS2_PLACEMENT_3D('',#9817,#7747,#7748);
#6303=AXIS2_PLACEMENT_3D('',#9819,#7749,#7750);
#6304=AXIS2_PLACEMENT_3D('',#9820,#7751,#7752);
#6305=AXIS2_PLACEMENT_3D('',#9821,#7753,#7754);
#6306=AXIS2_PLACEMENT_3D('',#9823,#7755,#7756);
#6307=AXIS2_PLACEMENT_3D('',#9824,#7757,#7758);
#6308=AXIS2_PLACEMENT_3D('',#9827,#7761,#7762);
#6309=AXIS2_PLACEMENT_3D('',#9833,#7766,#7767);
#6310=AXIS2_PLACEMENT_3D('',#9837,#7770,#7771);
#6311=AXIS2_PLACEMENT_3D('',#9841,#7774,#7775);
#6312=AXIS2_PLACEMENT_3D('',#9843,#7777,#7778);
#6313=AXIS2_PLACEMENT_3D('',#9844,#7779,#7780);
#6314=AXIS2_PLACEMENT_3D('',#9848,#7783,#7784);
#6315=AXIS2_PLACEMENT_3D('',#9852,#7787,#7788);
#6316=AXIS2_PLACEMENT_3D('',#9854,#7790,#7791);
#6317=AXIS2_PLACEMENT_3D('',#9855,#7792,#7793);
#6318=AXIS2_PLACEMENT_3D('',#9858,#7796,#7797);
#6319=AXIS2_PLACEMENT_3D('',#9861,#7800,#7801);
#6320=AXIS2_PLACEMENT_3D('',#9863,#7803,#7804);
#6321=AXIS2_PLACEMENT_3D('',#9864,#7805,#7806);
#6322=AXIS2_PLACEMENT_3D('',#9866,#7808,#7809);
#6323=AXIS2_PLACEMENT_3D('',#9867,#7810,#7811);
#6324=AXIS2_PLACEMENT_3D('',#9868,#7812,#7813);
#6325=AXIS2_PLACEMENT_3D('',#9870,#7815,#7816);
#6326=AXIS2_PLACEMENT_3D('',#9872,#7818,#7819);
#6327=AXIS2_PLACEMENT_3D('',#9873,#7820,#7821);
#6328=AXIS2_PLACEMENT_3D('',#9874,#7822,#7823);
#6329=AXIS2_PLACEMENT_3D('',#9876,#7825,#7826);
#6330=AXIS2_PLACEMENT_3D('',#9878,#7828,#7829);
#6331=AXIS2_PLACEMENT_3D('',#9880,#7831,#7832);
#6332=AXIS2_PLACEMENT_3D('',#9881,#7833,#7834);
#6333=AXIS2_PLACEMENT_3D('',#9886,#7835,#7836);
#6334=AXIS2_PLACEMENT_3D('',#9887,#7837,#7838);
#6335=AXIS2_PLACEMENT_3D('',#9892,#7839,#7840);
#6336=AXIS2_PLACEMENT_3D('',#9894,#7842,#7843);
#6337=AXIS2_PLACEMENT_3D('',#9895,#7844,#7845);
#6338=AXIS2_PLACEMENT_3D('',#9899,#7848,#7849);
#6339=AXIS2_PLACEMENT_3D('',#9903,#7852,#7853);
#6340=AXIS2_PLACEMENT_3D('',#9905,#7855,#7856);
#6341=AXIS2_PLACEMENT_3D('',#9906,#7857,#7858);
#6342=AXIS2_PLACEMENT_3D('',#9907,#7859,#7860);
#6343=AXIS2_PLACEMENT_3D('',#9908,#7861,#7862);
#6344=AXIS2_PLACEMENT_3D('',#9909,#7863,#7864);
#6345=DIRECTION('',(0.,0.,1.));
#6346=DIRECTION('',(1.,0.,0.));
#6347=DIRECTION('',(-1.,1.22464679914735E-16,0.));
#6348=DIRECTION('',(-1.22464679914735E-16,-1.,0.));
#6349=DIRECTION('',(-1.22464679914735E-16,-1.,0.));
#6350=DIRECTION('',(0.,0.,-1.));
#6351=DIRECTION('',(-1.22464679914735E-16,-1.,0.));
#6352=DIRECTION('',(0.,0.,-1.));
#6353=DIRECTION('',(-0.599332498608785,7.33970626046234E-17,0.800500191200072));
#6354=DIRECTION('',(0.800500191200072,0.,0.599332498608785));
#6355=DIRECTION('',(-1.22464679914735E-16,-1.,0.));
#6356=DIRECTION('',(-0.800500191200072,9.80329996870012E-17,-0.599332498608785));
#6357=DIRECTION('',(-0.800500191200072,9.80329996870012E-17,-0.599332498608785));
#6358=DIRECTION('',(-0.599332498608785,7.33970626046234E-17,-0.800500191200072));
#6359=DIRECTION('',(-0.800500191200072,0.,0.599332498608785));
#6360=DIRECTION('',(0.800500191200072,-9.80329996870012E-17,-0.599332498608785));
#6361=DIRECTION('',(-1.22464679914735E-16,-1.,0.));
#6362=DIRECTION('',(0.800500191200072,-9.80329996870012E-17,-0.599332498608785));
#6363=DIRECTION('',(-1.22464679914735E-16,-1.,0.));
#6364=DIRECTION('',(1.37224463195565E-16,-1.,0.));
#6365=DIRECTION('',(1.,1.37224463195565E-16,0.));
#6366=DIRECTION('',(0.,0.,1.));
#6367=DIRECTION('',(-1.,-1.37224463195565E-16,0.));
#6368=DIRECTION('',(0.,0.,-1.));
#6369=DIRECTION('',(-1.,-1.37224463195565E-16,0.));
#6370=DIRECTION('',(0.,0.,-1.));
#6371=DIRECTION('',(-1.,-1.37224463195565E-16,0.));
#6372=DIRECTION('',(0.,0.,1.));
#6373=DIRECTION('',(1.,1.37224463195565E-16,-1.35384246304121E-16));
#6374=DIRECTION('',(0.,-1.,0.));
#6375=DIRECTION('',(0.,0.,-1.));
#6376=DIRECTION('',(0.,0.,-1.));
#6377=DIRECTION('',(-1.,0.,0.));
#6378=DIRECTION('',(0.,0.,-1.));
#6379=DIRECTION('',(-1.,0.,0.));
#6380=DIRECTION('',(1.,0.,0.));
#6381=DIRECTION('',(0.,0.,-1.));
#6382=DIRECTION('',(0.,0.,1.));
#6383=DIRECTION('',(0.,-1.,0.));
#6384=DIRECTION('',(0.,0.,-1.));
#6385=DIRECTION('',(0.,-1.,0.));
#6386=DIRECTION('',(0.,0.,-1.));
#6387=DIRECTION('',(0.,-1.,0.));
#6388=DIRECTION('',(-1.22464679914735E-16,-1.,0.));
#6389=DIRECTION('',(0.,0.,1.));
#6390=DIRECTION('',(-1.22464679914735E-16,-1.,0.));
#6391=DIRECTION('',(1.,-1.22464679914735E-16,0.));
#6392=DIRECTION('',(-1.22464679914735E-16,-1.,0.));
#6393=DIRECTION('',(1.,-1.22464679914735E-16,0.));
#6394=DIRECTION('',(-1.,1.22464679914735E-16,0.));
#6395=DIRECTION('',(-1.,1.22464679914735E-16,0.));
#6396=DIRECTION('',(0.,0.,1.));
#6397=DIRECTION('',(-1.,1.22464679914735E-16,0.));
#6398=DIRECTION('',(0.,0.,1.));
#6399=DIRECTION('',(-1.,1.22464679914735E-16,0.));
#6400=DIRECTION('',(0.,0.,1.));
#6401=DIRECTION('',(-1.,1.22464679914735E-16,0.));
#6402=DIRECTION('',(0.,0.,-1.));
#6403=DIRECTION('',(-1.,1.22464679914735E-16,0.));
#6404=DIRECTION('',(0.,0.,-1.));
#6405=DIRECTION('',(-1.,1.22464679914735E-16,0.));
#6406=DIRECTION('',(0.,0.,-1.));
#6407=DIRECTION('',(1.,-1.22464679914735E-16,0.));
#6408=DIRECTION('',(-0.999998314852105,1.22464473543638E-16,0.00183583576362787));
#6409=DIRECTION('',(0.,0.,-1.));
#6410=DIRECTION('',(-1.,1.22464679914735E-16,0.));
#6411=DIRECTION('',(0.,0.,1.));
#6412=DIRECTION('',(1.,-1.22464679914735E-16,0.));
#6413=DIRECTION('',(0.,0.,1.));
#6414=DIRECTION('',(-1.,1.22464679914735E-16,0.));
#6415=DIRECTION('',(0.,0.,-1.));
#6416=DIRECTION('',(-1.22464679914735E-16,-1.,0.));
#6417=DIRECTION('',(1.,-1.22464679914735E-16,0.));
#6418=DIRECTION('',(1.22464679914735E-16,1.,0.));
#6419=DIRECTION('',(-1.,1.22464679914735E-16,0.));
#6420=DIRECTION('',(-1.22464679914735E-16,-1.,0.));
#6421=DIRECTION('',(1.,-1.22464679914735E-16,0.));
#6422=DIRECTION('',(1.22464679914735E-16,1.,0.));
#6423=DIRECTION('',(-1.,1.22464679914735E-16,0.));
#6424=DIRECTION('',(-1.,1.22464679914735E-16,0.));
#6425=DIRECTION('',(-1.22464679914735E-16,-1.,0.));
#6426=DIRECTION('',(0.,0.,1.));
#6427=DIRECTION('',(1.22464679914735E-16,1.,0.));
#6428=DIRECTION('',(0.,-1.,0.));
#6429=DIRECTION('',(-1.,1.22464679914735E-16,0.));
#6430=DIRECTION('',(-1.22464679914735E-16,-1.,0.));
#6431=DIRECTION('',(1.22464679914735E-16,1.,0.));
#6432=DIRECTION('',(0.,0.,1.));
#6433=DIRECTION('',(0.,-1.,0.));
#6434=DIRECTION('',(-1.,1.22464679914735E-16,0.));
#6435=DIRECTION('',(-1.22464679914735E-16,-1.,0.));
#6436=DIRECTION('',(1.22464679914735E-16,1.,0.));
#6437=DIRECTION('',(0.,0.,1.));
#6438=DIRECTION('',(0.,1.,0.));
#6439=DIRECTION('',(-1.,1.22464679914735E-16,0.));
#6440=DIRECTION('',(-1.22464679914735E-16,-1.,0.));
#6441=DIRECTION('',(0.,0.,1.));
#6442=DIRECTION('',(1.22464679914735E-16,1.,0.));
#6443=DIRECTION('',(0.,1.,0.));
#6444=DIRECTION('',(-1.22464679914735E-16,-1.,0.));
#6445=DIRECTION('',(1.,-1.22464679914735E-16,0.));
#6446=DIRECTION('',(-1.,1.22464679914735E-16,0.));
#6447=DIRECTION('',(-1.,0.,0.));
#6448=DIRECTION('',(0.,0.,1.));
#6449=DIRECTION('',(-1.,1.22464679914735E-16,0.));
#6450=DIRECTION('',(-1.,-1.37224463195565E-16,0.));
#6451=DIRECTION('',(-1.37224463195565E-16,1.,0.));
#6452=DIRECTION('',(-1.22464679914735E-16,-1.,0.));
#6453=DIRECTION('',(1.,3.48927568992005E-16,0.));
#6454=DIRECTION('',(-2.94517590995996E-16,-1.,0.));
#6455=DIRECTION('',(1.,0.,0.));
#6456=DIRECTION('',(0.,1.,0.));
#6457=DIRECTION('',(-1.,1.28498035257541E-16,0.));
#6458=DIRECTION('',(3.0785987613786E-16,1.,0.));
#6459=DIRECTION('',(5.78241158658936E-17,-1.,0.));
#6460=DIRECTION('',(1.,0.,0.));
#6461=DIRECTION('',(0.,1.,0.));
#6462=DIRECTION('',(-1.,0.,0.));
#6463=DIRECTION('',(0.,-1.,0.));
#6464=DIRECTION('',(-1.,0.,0.));
#6465=DIRECTION('',(0.,-1.,0.));
#6466=DIRECTION('',(-1.,1.25025115385716E-16,0.));
#6467=DIRECTION('',(0.,-1.,0.));
#6468=DIRECTION('',(1.,0.,0.));
#6469=DIRECTION('',(0.,1.,0.));
#6470=DIRECTION('',(1.,0.,0.));
#6471=DIRECTION('',(0.,1.,0.));
#6472=DIRECTION('',(-1.,1.29779811170335E-16,0.));
#6473=DIRECTION('',(0.,-1.,0.));
#6474=DIRECTION('',(0.707106781186548,0.707106781186548,0.));
#6475=DIRECTION('',(0.866025403784439,0.5,0.));
#6476=DIRECTION('',(0.,1.,0.));
#6477=DIRECTION('',(-1.,1.25025115385716E-16,0.));
#6478=DIRECTION('',(-1.7347234759768E-16,-1.,0.));
#6479=DIRECTION('',(-1.,1.25025115385716E-16,0.));
#6480=DIRECTION('',(0.,1.,0.));
#6481=DIRECTION('',(-1.,0.,0.));
#6482=DIRECTION('',(1.22464679914735E-16,1.,0.));
#6483=DIRECTION('',(1.,3.48927568992006E-16,0.));
#6484=DIRECTION('',(-1.22464679914735E-16,-1.,0.));
#6485=DIRECTION('',(-1.37224463195565E-16,1.,0.));
#6486=DIRECTION('',(2.47817639425258E-16,1.,0.));
#6487=DIRECTION('',(-1.,1.00856016045163E-16,0.));
#6488=DIRECTION('',(4.95635278850516E-16,1.,0.));
#6489=DIRECTION('',(-1.,0.,0.));
#6490=DIRECTION('',(0.,-1.,0.));
#6491=DIRECTION('',(1.,0.,0.));
#6492=DIRECTION('',(0.,-1.,0.));
#6493=DIRECTION('',(-1.,0.,0.));
#6494=DIRECTION('',(0.,1.,0.));
#6495=DIRECTION('',(0.,0.,1.));
#6496=DIRECTION('',(0.,-1.,0.));
#6497=DIRECTION('',(0.,0.,-1.));
#6498=DIRECTION('',(-1.,0.,0.));
#6499=DIRECTION('',(0.,0.,1.));
#6500=DIRECTION('',(-1.,0.,0.));
#6501=DIRECTION('',(0.,0.,1.));
#6502=DIRECTION('',(4.9588231166525E-17,-1.,0.));
#6503=DIRECTION('',(1.,4.9588231166525E-17,0.));
#6504=DIRECTION('',(-1.,-4.9588231166525E-17,0.));
#6505=DIRECTION('',(0.,0.,1.));
#6506=DIRECTION('',(1.,0.,0.));
#6507=DIRECTION('',(0.,0.,1.));
#6508=DIRECTION('',(1.,4.9588231166525E-17,0.));
#6509=DIRECTION('',(-4.9588231166525E-17,1.,0.));
#6510=DIRECTION('',(0.,0.,-1.));
#6511=DIRECTION('',(4.9588231166525E-17,-1.,0.));
#6512=DIRECTION('',(4.9588231166525E-17,-1.,0.));
#6513=DIRECTION('',(1.,4.9588231166525E-17,0.));
#6514=DIRECTION('',(-4.9588231166525E-17,1.,0.));
#6515=DIRECTION('',(4.9588231166525E-17,-1.,0.));
#6516=DIRECTION('',(0.,0.,-1.));
#6517=DIRECTION('',(4.9588231166525E-17,-1.,0.));
#6518=DIRECTION('',(0.,0.,-1.));
#6519=DIRECTION('',(0.,0.,1.));
#6520=DIRECTION('',(-1.,1.22464679914735E-16,0.));
#6521=DIRECTION('',(0.,1.,0.));
#6522=DIRECTION('',(1.,-1.22464679914735E-16,0.));
#6523=DIRECTION('',(-1.22464679914735E-16,-1.,0.));
#6524=DIRECTION('',(0.,0.,-1.));
#6525=DIRECTION('',(1.,0.,0.));
#6526=DIRECTION('',(0.,0.,-1.));
#6527=DIRECTION('',(-1.,0.,0.));
#6528=DIRECTION('',(0.,0.,-1.));
#6529=DIRECTION('',(-1.,0.,0.));
#6530=DIRECTION('',(0.,0.,-1.));
#6531=DIRECTION('',(-1.,0.,0.));
#6532=DIRECTION('',(0.,0.,-1.));
#6533=DIRECTION('',(-1.,0.,0.));
#6534=DIRECTION('',(1.,0.,0.));
#6535=DIRECTION('',(0.,-1.,0.));
#6536=DIRECTION('',(-1.,1.25025115385716E-16,0.));
#6537=DIRECTION('',(0.,-1.,0.));
#6538=DIRECTION('',(-1.,0.,0.));
#6539=DIRECTION('',(0.,-1.,0.));
#6540=DIRECTION('',(0.,-1.,0.));
#6541=DIRECTION('',(-1.,0.,0.));
#6542=DIRECTION('',(-3.46944695195362E-16,-1.,0.));
#6543=DIRECTION('',(-1.,1.25025115385716E-16,0.));
#6544=DIRECTION('',(-1.7347234759768E-16,-1.,0.));
#6545=DIRECTION('',(-1.,1.29779811170335E-16,0.));
#6546=DIRECTION('',(0.,1.,0.));
#6547=DIRECTION('',(1.,0.,0.));
#6548=DIRECTION('',(0.,1.,0.));
#6549=DIRECTION('',(0.,1.,0.));
#6550=DIRECTION('',(1.,0.,0.));
#6551=DIRECTION('',(0.,-1.,0.));
#6552=DIRECTION('',(-1.,0.,0.));
#6553=DIRECTION('',(0.,-1.,0.));
#6554=DIRECTION('',(1.,0.,0.));
#6555=DIRECTION('',(0.,1.,0.));
#6556=DIRECTION('',(-1.,0.,0.));
#6557=DIRECTION('',(0.,-1.,0.));
#6558=DIRECTION('',(-1.,0.,0.));
#6559=DIRECTION('',(0.,-1.,0.));
#6560=DIRECTION('',(1.,0.,0.));
#6561=DIRECTION('',(1.,0.,0.));
#6562=DIRECTION('',(0.,0.,-1.));
#6563=DIRECTION('',(0.,-1.,0.));
#6564=DIRECTION('',(0.,0.,-1.));
#6565=DIRECTION('',(0.,0.,-1.));
#6566=DIRECTION('',(0.,-1.,0.));
#6567=DIRECTION('',(0.,0.,-1.));
#6568=DIRECTION('',(0.,0.,-1.));
#6569=DIRECTION('',(0.,0.,1.));
#6570=DIRECTION('',(1.,0.,0.));
#6571=DIRECTION('',(1.,0.,0.));
#6572=DIRECTION('',(0.,1.,0.));
#6573=DIRECTION('',(1.,0.,0.));
#6574=DIRECTION('',(5.78241158658936E-17,-1.,0.));
#6575=DIRECTION('',(0.,1.,0.));
#6576=DIRECTION('',(0.707106781186548,0.707106781186548,0.));
#6577=DIRECTION('',(-3.82835525732812E-16,1.,0.));
#6578=DIRECTION('',(0.707106781186548,-0.707106781186548,0.));
#6579=DIRECTION('',(-1.,-5.78241158658935E-16,0.));
#6580=DIRECTION('',(-3.44789759200359E-16,1.,0.));
#6581=DIRECTION('',(-1.,0.,0.));
#6582=DIRECTION('',(-3.44789759200359E-16,1.,0.));
#6583=DIRECTION('',(-1.,-5.78241158658936E-16,0.));
#6584=DIRECTION('',(-3.44789759200359E-16,1.,0.));
#6585=DIRECTION('',(-1.,0.,0.));
#6586=DIRECTION('',(-3.44789759200359E-16,1.,0.));
#6587=DIRECTION('',(-1.,-3.46944695195329E-16,0.));
#6588=DIRECTION('',(-1.29296159700135E-16,1.,0.));
#6589=DIRECTION('',(-1.,0.,0.));
#6590=DIRECTION('',(-6.03382078600629E-16,1.,0.));
#6591=DIRECTION('',(-1.,-5.78241158658936E-16,0.));
#6592=DIRECTION('',(4.74085918900494E-16,-1.,0.));
#6593=DIRECTION('',(-1.,0.,0.));
#6594=DIRECTION('',(-3.66339119150381E-16,1.,0.));
#6595=DIRECTION('',(-0.707106781186547,-0.707106781186548,0.));
#6596=DIRECTION('',(-3.58908305374517E-16,1.,0.));
#6597=DIRECTION('',(-0.707106781186548,0.707106781186548,0.));
#6598=DIRECTION('',(-3.65582220143878E-16,1.,0.));
#6599=DIRECTION('',(0.,0.,1.));
#6600=DIRECTION('',(1.,0.,0.));
#6601=DIRECTION('',(0.,0.,1.));
#6602=DIRECTION('',(1.,0.,0.));
#6603=DIRECTION('',(0.,0.,1.));
#6604=DIRECTION('',(1.,0.,0.));
#6605=DIRECTION('',(0.,0.,1.));
#6606=DIRECTION('',(1.,0.,0.));
#6607=DIRECTION('',(0.,0.,1.));
#6608=DIRECTION('',(1.,0.,0.));
#6609=DIRECTION('',(0.,0.,1.));
#6610=DIRECTION('',(1.,0.,0.));
#6611=DIRECTION('',(0.,0.,1.));
#6612=DIRECTION('',(1.,0.,0.));
#6613=DIRECTION('',(0.,0.,1.));
#6614=DIRECTION('',(1.,0.,0.));
#6615=DIRECTION('',(-1.,0.,0.));
#6616=DIRECTION('',(0.,1.,0.));
#6617=DIRECTION('',(-1.,0.,0.));
#6618=DIRECTION('',(0.,1.,0.));
#6619=DIRECTION('',(-2.94517590995996E-16,-1.,0.));
#6620=DIRECTION('',(-1.,-3.48927568992005E-16,0.));
#6621=DIRECTION('',(-1.22464679914735E-16,-1.,0.));
#6622=DIRECTION('',(-0.633116328750538,-0.774056660890817,0.));
#6623=DIRECTION('',(0.,0.,1.));
#6624=DIRECTION('',(1.,0.,0.));
#6625=DIRECTION('',(-0.633116328750538,-0.774056660890817,0.));
#6626=DIRECTION('',(-0.62878594006493,0.777578447217168,0.));
#6627=DIRECTION('',(-1.22464679914735E-16,-1.,0.));
#6628=DIRECTION('',(-1.,-3.48927568992006E-16,0.));
#6629=DIRECTION('',(1.22464679914735E-16,1.,0.));
#6630=DIRECTION('',(1.22464679914735E-16,1.,0.));
#6631=DIRECTION('',(-2.94517590995996E-16,-1.,0.));
#6632=DIRECTION('',(1.,0.,0.));
#6633=DIRECTION('',(0.,0.,-1.));
#6634=DIRECTION('',(1.,0.,0.));
#6635=DIRECTION('',(-1.,0.,0.));
#6636=DIRECTION('',(0.,-1.,0.));
#6637=DIRECTION('',(1.,0.,0.));
#6638=DIRECTION('',(0.,1.,0.));
#6639=DIRECTION('',(-1.,0.,0.));
#6640=DIRECTION('',(0.,1.,0.));
#6641=DIRECTION('',(1.,0.,0.));
#6642=DIRECTION('',(5.78241158658936E-17,-1.,0.));
#6643=DIRECTION('',(1.,0.,0.));
#6644=DIRECTION('',(0.,0.,-1.));
#6645=DIRECTION('',(0.,-1.,0.));
#6646=DIRECTION('',(0.,0.,1.));
#6647=DIRECTION('',(0.,-1.,0.));
#6648=DIRECTION('',(0.,0.,-1.));
#6649=DIRECTION('',(-1.80679575054458E-15,1.,-8.94271847281053E-16));
#6650=DIRECTION('',(-1.,-1.80679575054458E-15,0.));
#6651=DIRECTION('',(-1.,0.,0.));
#6652=DIRECTION('',(0.,0.,1.));
#6653=DIRECTION('',(0.,0.,1.));
#6654=DIRECTION('',(-0.0250956067540884,0.,-0.999685055665855));
#6655=DIRECTION('',(0.,1.,0.));
#6656=DIRECTION('',(0.,0.,1.));
#6657=DIRECTION('',(-0.025095606754088,0.,-0.999685055665855));
#6658=DIRECTION('',(-1.,0.,0.));
#6659=DIRECTION('',(0.,0.,1.));
#6660=DIRECTION('',(-0.5,0.,0.866025403784439));
#6661=DIRECTION('',(0.,0.,1.));
#6662=DIRECTION('',(1.,0.,0.));
#6663=DIRECTION('',(0.999685055665855,0.,-0.0250956067540884));
#6664=DIRECTION('',(-0.0250956067540884,0.,-0.999685055665855));
#6665=DIRECTION('',(-0.0250956067540884,0.,-0.999685055665855));
#6666=DIRECTION('',(0.,1.,0.));
#6667=DIRECTION('',(0.999685055665855,0.,-0.025095606754088));
#6668=DIRECTION('',(-0.025095606754088,0.,-0.999685055665855));
#6669=DIRECTION('',(-0.025095606754088,0.,-0.999685055665855));
#6670=DIRECTION('',(0.,1.,0.));
#6671=DIRECTION('',(0.,1.,0.));
#6672=DIRECTION('',(-1.,0.,0.));
#6673=DIRECTION('',(0.,1.,0.));
#6674=DIRECTION('',(0.,0.,1.));
#6675=DIRECTION('',(-1.25025115385716E-16,-1.,0.));
#6676=DIRECTION('',(1.,-1.25025115385716E-16,0.));
#6677=DIRECTION('',(-1.25025115385716E-16,-1.,0.));
#6678=DIRECTION('',(1.,-1.25025115385716E-16,0.));
#6679=DIRECTION('',(0.,0.,1.));
#6680=DIRECTION('',(0.,0.,1.));
#6681=DIRECTION('',(0.,0.,-1.));
#6682=DIRECTION('',(1.,0.,0.));
#6683=DIRECTION('',(0.,0.,-1.));
#6684=DIRECTION('',(-1.,0.,0.));
#6685=DIRECTION('',(0.,0.,-1.));
#6686=DIRECTION('',(-1.,0.,0.));
#6687=DIRECTION('',(0.,0.,-1.));
#6688=DIRECTION('',(-1.,0.,0.));
#6689=DIRECTION('',(0.,0.,-1.));
#6690=DIRECTION('',(-1.,0.,0.));
#6691=DIRECTION('',(3.42661427353444E-16,1.,0.));
#6692=DIRECTION('',(-1.,0.,0.));
#6693=DIRECTION('',(3.0785987613786E-16,1.,0.));
#6694=DIRECTION('',(-1.,1.28498035257541E-16,0.));
#6695=DIRECTION('',(0.707106781186548,0.707106781186548,0.));
#6696=DIRECTION('',(0.,1.,0.));
#6697=DIRECTION('',(0.707106781186548,-0.707106781186548,0.));
#6698=DIRECTION('',(-3.82835525732812E-16,1.,0.));
#6699=DIRECTION('',(-3.44789759200359E-16,1.,0.));
#6700=DIRECTION('',(-1.,-5.78241158658935E-16,0.));
#6701=DIRECTION('',(-3.44789759200359E-16,1.,0.));
#6702=DIRECTION('',(-1.,0.,0.));
#6703=DIRECTION('',(-3.44789759200359E-16,1.,0.));
#6704=DIRECTION('',(-1.,-5.78241158658936E-16,0.));
#6705=DIRECTION('',(-3.44789759200359E-16,1.,0.));
#6706=DIRECTION('',(-1.,0.,0.));
#6707=DIRECTION('',(-1.29296159700135E-16,1.,0.));
#6708=DIRECTION('',(-1.,-3.46944695195329E-16,0.));
#6709=DIRECTION('',(-6.03382078600629E-16,1.,0.));
#6710=DIRECTION('',(-1.,0.,0.));
#6711=DIRECTION('',(4.74085918900494E-16,-1.,0.));
#6712=DIRECTION('',(-1.,-5.78241158658936E-16,0.));
#6713=DIRECTION('',(-3.66339119150381E-16,1.,0.));
#6714=DIRECTION('',(-1.,0.,0.));
#6715=DIRECTION('',(-3.58908305374517E-16,1.,0.));
#6716=DIRECTION('',(-0.707106781186547,-0.707106781186548,0.));
#6717=DIRECTION('',(-3.65582220143878E-16,1.,0.));
#6718=DIRECTION('',(-0.707106781186548,0.707106781186548,0.));
#6719=DIRECTION('',(0.,0.,1.));
#6720=DIRECTION('',(1.,0.,0.));
#6721=DIRECTION('',(0.,0.,1.));
#6722=DIRECTION('',(1.,0.,0.));
#6723=DIRECTION('',(0.,0.,-1.));
#6724=DIRECTION('',(-1.,0.,0.));
#6725=DIRECTION('',(0.,1.,0.));
#6726=DIRECTION('',(0.,0.,1.));
#6727=DIRECTION('',(0.,0.,1.));
#6728=DIRECTION('',(-1.,0.,0.));
#6729=DIRECTION('',(0.,0.,1.));
#6730=DIRECTION('',(-1.,0.,0.));
#6731=DIRECTION('',(0.,0.,1.));
#6732=DIRECTION('',(0.,-1.,0.));
#6733=DIRECTION('',(0.,0.,1.));
#6734=DIRECTION('',(0.,0.,1.));
#6735=DIRECTION('',(-1.,0.,0.));
#6736=DIRECTION('',(0.,0.,1.));
#6737=DIRECTION('',(0.,0.,1.));
#6738=DIRECTION('',(0.,-1.,0.));
#6739=DIRECTION('',(0.,0.,1.));
#6740=DIRECTION('',(1.22464679914735E-16,1.,0.));
#6741=DIRECTION('',(0.,0.,-1.));
#6742=DIRECTION('',(-1.,1.22464679914735E-16,0.));
#6743=DIRECTION('',(0.,0.,-1.));
#6744=DIRECTION('',(1.,-1.22464679914735E-16,0.));
#6745=DIRECTION('',(0.,0.,-1.));
#6746=DIRECTION('',(0.,0.,1.));
#6747=DIRECTION('',(1.,-1.22464679914735E-16,0.));
#6748=DIRECTION('',(1.,-1.22464679914735E-16,0.));
#6749=DIRECTION('',(0.,0.,1.));
#6750=DIRECTION('',(-1.22464679914735E-16,-1.,0.));
#6751=DIRECTION('',(0.,0.,-1.));
#6752=DIRECTION('',(-1.22464679914735E-16,-1.,0.));
#6753=DIRECTION('',(1.,-1.22464679914735E-16,0.));
#6754=DIRECTION('',(0.,0.,1.));
#6755=DIRECTION('',(-1.22464679914735E-16,-1.,0.));
#6756=DIRECTION('',(0.,0.,-1.));
#6757=DIRECTION('',(1.,0.,0.));
#6758=DIRECTION('',(1.,0.,0.));
#6759=DIRECTION('',(1.,0.,0.));
#6760=DIRECTION('',(0.,-1.,0.));
#6761=DIRECTION('',(0.,0.,-1.));
#6762=DIRECTION('',(-1.,0.,0.));
#6763=DIRECTION('',(1.,0.,0.));
#6764=DIRECTION('',(0.,0.,-1.));
#6765=DIRECTION('',(-1.,0.,0.));
#6766=DIRECTION('',(0.,-1.,0.));
#6767=DIRECTION('',(1.,0.,0.));
#6768=DIRECTION('',(-1.,0.,0.));
#6769=DIRECTION('',(-1.,0.,0.));
#6770=DIRECTION('',(0.,-1.,0.));
#6771=DIRECTION('',(1.,0.,0.));
#6772=DIRECTION('',(0.,-1.,0.));
#6773=DIRECTION('',(-1.,0.,0.));
#6774=DIRECTION('',(-1.,0.,0.));
#6775=DIRECTION('',(4.95635278850516E-16,1.,0.));
#6776=DIRECTION('',(-1.,1.00856016045163E-16,0.));
#6777=DIRECTION('',(2.47817639425258E-16,1.,0.));
#6778=DIRECTION('',(0.,0.,-1.));
#6779=DIRECTION('',(-1.,0.,0.));
#6780=DIRECTION('',(0.,0.,-1.));
#6781=DIRECTION('',(-1.,0.,0.));
#6782=DIRECTION('',(0.,-1.,0.));
#6783=DIRECTION('',(0.,0.,-1.));
#6784=DIRECTION('',(0.,-1.,0.));
#6785=DIRECTION('',(0.,0.,-1.));
#6786=DIRECTION('',(1.,0.,0.));
#6787=DIRECTION('',(0.,0.,-1.));
#6788=DIRECTION('',(0.,0.,-1.));
#6789=DIRECTION('',(0.,0.,1.));
#6790=DIRECTION('',(1.,0.,0.));
#6791=DIRECTION('',(-0.934594842355073,-0.355714043359686,0.));
#6792=DIRECTION('',(-0.934594842355073,0.355714043359686,0.));
#6793=DIRECTION('',(0.,-1.,0.));
#6794=DIRECTION('',(-1.,0.,0.));
#6795=DIRECTION('',(0.,1.,0.));
#6796=DIRECTION('',(-1.,0.,0.));
#6797=DIRECTION('',(0.,1.,0.));
#6798=DIRECTION('',(1.,0.,0.));
#6799=DIRECTION('',(0.,-1.,0.));
#6800=DIRECTION('',(-1.,0.,0.));
#6801=DIRECTION('',(0.,-1.,0.));
#6802=DIRECTION('',(-1.,0.,0.));
#6803=DIRECTION('',(0.,1.,0.));
#6804=DIRECTION('',(1.,0.,0.));
#6805=DIRECTION('',(0.,-1.,0.));
#6806=DIRECTION('',(-1.,0.,0.));
#6807=DIRECTION('',(0.,1.,0.));
#6808=DIRECTION('',(1.,0.,0.));
#6809=DIRECTION('',(0.,-1.,0.));
#6810=DIRECTION('',(-1.,0.,0.));
#6811=DIRECTION('',(0.,-1.,0.));
#6812=DIRECTION('',(1.,0.,0.));
#6813=DIRECTION('',(0.,-1.,0.));
#6814=DIRECTION('',(-1.,0.,0.));
#6815=DIRECTION('',(0.,-1.,0.));
#6816=DIRECTION('',(1.,0.,0.));
#6817=DIRECTION('',(-1.,0.,0.));
#6818=DIRECTION('',(0.,0.,-1.));
#6819=DIRECTION('',(-1.,0.,0.));
#6820=DIRECTION('',(0.,0.,-1.));
#6821=DIRECTION('',(-1.,0.,0.));
#6822=DIRECTION('',(0.,0.,-1.));
#6823=DIRECTION('',(-1.,0.,0.));
#6824=DIRECTION('',(0.,1.,0.));
#6825=DIRECTION('',(0.,0.,-1.));
#6826=DIRECTION('',(-1.,0.,0.));
#6827=DIRECTION('',(0.,0.,-1.));
#6828=DIRECTION('',(-1.,0.,0.));
#6829=DIRECTION('',(0.,0.,-1.));
#6830=DIRECTION('',(-1.,0.,0.));
#6831=DIRECTION('',(1.,0.,0.));
#6832=DIRECTION('',(0.,0.,-1.));
#6833=DIRECTION('',(-1.,0.,0.));
#6834=DIRECTION('',(0.,0.,-1.));
#6835=DIRECTION('',(-1.,0.,0.));
#6836=DIRECTION('',(0.,0.,-1.));
#6837=DIRECTION('',(-1.,0.,0.));
#6838=DIRECTION('',(0.,-1.,0.));
#6839=DIRECTION('',(-1.,0.,0.));
#6840=DIRECTION('',(0.,1.,0.));
#6841=DIRECTION('',(0.,0.,-1.));
#6842=DIRECTION('',(-1.,0.,0.));
#6843=DIRECTION('',(0.,0.,-1.));
#6844=DIRECTION('',(-1.,0.,0.));
#6845=DIRECTION('',(-1.,0.,0.));
#6846=DIRECTION('',(0.,0.,-1.));
#6847=DIRECTION('',(-1.,0.,0.));
#6848=DIRECTION('',(0.,0.,-1.));
#6849=DIRECTION('',(-1.,0.,0.));
#6850=DIRECTION('',(0.,-1.,0.));
#6851=DIRECTION('',(0.,0.,-1.));
#6852=DIRECTION('',(-1.,0.,0.));
#6853=DIRECTION('',(0.,0.,-1.));
#6854=DIRECTION('',(-1.,0.,0.));
#6855=DIRECTION('',(1.,0.,0.));
#6856=DIRECTION('',(0.,0.,-1.));
#6857=DIRECTION('',(-1.,0.,0.));
#6858=DIRECTION('',(0.,0.,-1.));
#6859=DIRECTION('',(-1.,0.,0.));
#6860=DIRECTION('',(0.,1.,0.));
#6861=DIRECTION('',(-1.,0.,0.));
#6862=DIRECTION('',(0.,1.,0.));
#6863=DIRECTION('',(1.,0.,0.));
#6864=DIRECTION('',(0.,-1.,0.));
#6865=DIRECTION('',(0.,0.,-1.));
#6866=DIRECTION('',(-1.,0.,0.));
#6867=DIRECTION('',(0.,0.,-1.));
#6868=DIRECTION('',(-1.,0.,0.));
#6869=DIRECTION('',(0.,0.,-1.));
#6870=DIRECTION('',(-1.,0.,0.));
#6871=DIRECTION('',(0.,-1.,0.));
#6872=DIRECTION('',(-1.,0.,0.));
#6873=DIRECTION('',(0.,1.,0.));
#6874=DIRECTION('',(1.,0.,0.));
#6875=DIRECTION('',(0.,0.,-1.));
#6876=DIRECTION('',(-1.,0.,0.));
#6877=DIRECTION('',(0.,0.,-1.));
#6878=DIRECTION('',(-1.,0.,0.));
#6879=DIRECTION('',(0.,0.,-1.));
#6880=DIRECTION('',(-1.,0.,0.));
#6881=DIRECTION('',(0.,-1.,0.));
#6882=DIRECTION('',(0.,0.,-1.));
#6883=DIRECTION('',(-1.,0.,0.));
#6884=DIRECTION('',(0.,0.,-1.));
#6885=DIRECTION('',(-1.,0.,0.));
#6886=DIRECTION('',(0.,0.,-1.));
#6887=DIRECTION('',(-1.,0.,0.));
#6888=DIRECTION('',(-0.999997019365275,-0.00244156928341845,0.));
#6889=DIRECTION('',(1.22464679914735E-16,1.,4.57710679677258E-16));
#6890=DIRECTION('',(0.,-4.57710679677258E-16,1.));
#6891=DIRECTION('',(-1.34803846751686E-31,-4.57710679677258E-16,1.));
#6892=DIRECTION('',(-1.,1.22464679914735E-16,0.));
#6893=DIRECTION('',(1.34803846751686E-31,4.57710679677258E-16,-1.));
#6894=DIRECTION('',(1.,-2.94517590995996E-16,0.));
#6895=DIRECTION('',(2.94517590995996E-16,1.,0.));
#6896=DIRECTION('',(0.,0.,-1.));
#6897=DIRECTION('',(-2.94517590995996E-16,-1.,0.));
#6898=DIRECTION('',(0.,1.,0.));
#6899=DIRECTION('',(0.,0.,1.));
#6900=DIRECTION('',(1.,0.,0.));
#6901=DIRECTION('',(0.,0.,-1.));
#6902=DIRECTION('',(1.,0.,0.));
#6903=DIRECTION('',(0.,0.,-1.));
#6904=DIRECTION('',(0.,0.,-1.));
#6905=DIRECTION('',(-0.334380693097693,-0.942438089257595,0.));
#6906=DIRECTION('',(0.,0.,-1.));
#6907=DIRECTION('',(-1.,0.,0.));
#6908=DIRECTION('',(0.,0.,-1.));
#6909=DIRECTION('',(0.,0.,-1.));
#6910=DIRECTION('',(-1.,0.,0.));
#6911=DIRECTION('',(0.,0.,-1.));
#6912=DIRECTION('',(-0.911928125713856,-0.410349964703316,0.));
#6913=DIRECTION('',(0.,0.,-1.));
#6914=DIRECTION('',(-1.,0.,0.));
#6915=DIRECTION('',(0.,0.,-1.));
#6916=DIRECTION('',(0.,0.,-1.));
#6917=DIRECTION('',(-1.,0.,0.));
#6918=DIRECTION('',(1.,0.,0.));
#6919=DIRECTION('',(0.,0.,-1.));
#6920=DIRECTION('',(0.,-1.,0.));
#6921=DIRECTION('',(0.,0.,-1.));
#6922=DIRECTION('',(0.,-1.,0.));
#6923=DIRECTION('',(0.,0.,-1.));
#6924=DIRECTION('',(-0.924160355699029,0.382004760381654,0.));
#6925=DIRECTION('',(0.,0.,-1.));
#6926=DIRECTION('',(-1.,0.,0.));
#6927=DIRECTION('',(0.,0.,-1.));
#6928=DIRECTION('',(0.,0.,-1.));
#6929=DIRECTION('',(-1.,0.,0.));
#6930=DIRECTION('',(0.,0.,-1.));
#6931=DIRECTION('',(-0.382004760381339,0.924160355699159,0.));
#6932=DIRECTION('',(0.,0.,-1.));
#6933=DIRECTION('',(-1.,0.,0.));
#6934=DIRECTION('',(0.,0.,-1.));
#6935=DIRECTION('',(0.,0.,-1.));
#6936=DIRECTION('',(-1.,0.,0.));
#6937=DIRECTION('',(0.,-1.,0.));
#6938=DIRECTION('',(0.,0.,-1.));
#6939=DIRECTION('',(-1.,0.,0.));
#6940=DIRECTION('',(0.,0.,-1.));
#6941=DIRECTION('',(-1.,0.,0.));
#6942=DIRECTION('',(0.,0.,-1.));
#6943=DIRECTION('',(0.360489717501886,0.932763187296438,0.));
#6944=DIRECTION('',(0.,0.,-1.));
#6945=DIRECTION('',(-1.,0.,0.));
#6946=DIRECTION('',(0.,0.,-1.));
#6947=DIRECTION('',(0.,0.,-1.));
#6948=DIRECTION('',(-1.,0.,0.));
#6949=DIRECTION('',(0.,0.,-1.));
#6950=DIRECTION('',(0.907948943513708,0.419080798859053,0.));
#6951=DIRECTION('',(0.,0.,-1.));
#6952=DIRECTION('',(-1.,0.,0.));
#6953=DIRECTION('',(0.,0.,-1.));
#6954=DIRECTION('',(0.,0.,-1.));
#6955=DIRECTION('',(-1.,0.,0.));
#6956=DIRECTION('',(-1.,0.,0.));
#6957=DIRECTION('',(0.,0.,1.));
#6958=DIRECTION('',(0.,1.,0.));
#6959=DIRECTION('',(0.,0.,-1.));
#6960=DIRECTION('',(0.,1.,0.));
#6961=DIRECTION('',(0.,0.,-1.));
#6962=DIRECTION('',(0.89415262950271,-0.447762297601518,0.));
#6963=DIRECTION('',(0.,0.,-1.));
#6964=DIRECTION('',(-1.,0.,0.));
#6965=DIRECTION('',(0.,0.,-1.));
#6966=DIRECTION('',(0.,0.,-1.));
#6967=DIRECTION('',(-1.,0.,0.));
#6968=DIRECTION('',(-1.,0.,0.));
#6969=DIRECTION('',(0.,0.,1.));
#6970=DIRECTION('',(0.,0.,-1.));
#6971=DIRECTION('',(0.,1.,0.));
#6972=DIRECTION('',(0.,0.,-1.));
#6973=DIRECTION('',(0.,-1.,0.));
#6974=DIRECTION('',(0.,0.,-1.));
#6975=DIRECTION('',(0.,0.,-1.));
#6976=DIRECTION('',(-1.,0.,0.));
#6977=DIRECTION('',(1.,0.,0.));
#6978=DIRECTION('',(0.,0.,-1.));
#6979=DIRECTION('',(0.,0.,-1.));
#6980=DIRECTION('',(0.,-1.,0.));
#6981=DIRECTION('',(0.00244156928341845,-0.999997019365275,0.));
#6982=DIRECTION('',(0.999997019365275,0.00244156928341845,0.));
#6983=DIRECTION('',(0.,0.,-1.));
#6984=DIRECTION('',(-0.999997019365275,-0.00244156928341845,0.));
#6985=DIRECTION('',(0.,0.,-1.));
#6986=DIRECTION('',(0.25688886704908,-0.966440950077262,0.));
#6987=DIRECTION('',(0.,0.,-1.));
#6988=DIRECTION('',(0.,0.,-1.));
#6989=DIRECTION('',(-1.,0.,0.));
#6990=DIRECTION('',(0.,0.,-1.));
#6991=DIRECTION('',(0.703624926481696,-0.71057157474362,0.));
#6992=DIRECTION('',(0.,0.,-1.));
#6993=DIRECTION('',(0.,0.,-1.));
#6994=DIRECTION('',(-1.,0.,0.));
#6995=DIRECTION('',(0.,0.,-1.));
#6996=DIRECTION('',(0.964793297795462,-0.263009301221379,0.));
#6997=DIRECTION('',(0.,0.,-1.));
#6998=DIRECTION('',(0.,0.,-1.));
#6999=DIRECTION('',(-1.,0.,0.));
#7000=DIRECTION('',(1.,0.,0.));
#7001=DIRECTION('',(0.,0.,-1.));
#7002=DIRECTION('',(0.,0.,-1.));
#7003=DIRECTION('',(0.,-1.,0.));
#7004=DIRECTION('',(0.,0.,-1.));
#7005=DIRECTION('',(0.964199370358912,0.265178381847913,0.));
#7006=DIRECTION('',(0.,0.,-1.));
#7007=DIRECTION('',(0.,0.,-1.));
#7008=DIRECTION('',(-1.,0.,0.));
#7009=DIRECTION('',(0.,0.,-1.));
#7010=DIRECTION('',(0.704747044237768,0.709458669436162,0.));
#7011=DIRECTION('',(0.,0.,-1.));
#7012=DIRECTION('',(0.,0.,-1.));
#7013=DIRECTION('',(-1.,0.,0.));
#7014=DIRECTION('',(0.,0.,-1.));
#7015=DIRECTION('',(0.2636115521471,0.964628918068807,0.));
#7016=DIRECTION('',(0.,0.,-1.));
#7017=DIRECTION('',(0.,0.,-1.));
#7018=DIRECTION('',(-1.,0.,0.));
#7019=DIRECTION('',(0.,1.,0.));
#7020=DIRECTION('',(0.,0.,1.));
#7021=DIRECTION('',(1.,0.,0.));
#7022=DIRECTION('',(0.,0.,-1.));
#7023=DIRECTION('',(0.314102252910641,-0.949389158731265,0.));
#7024=DIRECTION('',(0.,0.,-1.));
#7025=DIRECTION('',(-1.,0.,0.));
#7026=DIRECTION('',(0.,0.,-1.));
#7027=DIRECTION('',(-1.,0.,0.));
#7028=DIRECTION('',(0.,0.,1.));
#7029=DIRECTION('',(1.,0.,0.));
#7030=DIRECTION('',(0.,0.,1.));
#7031=DIRECTION('',(1.,0.,0.));
#7032=DIRECTION('',(0.,1.,0.));
#7033=DIRECTION('',(-1.,0.,0.));
#7034=DIRECTION('',(0.,-1.,0.));
#7035=DIRECTION('',(-1.,0.,0.));
#7036=DIRECTION('',(0.,-1.,0.));
#7037=DIRECTION('',(1.,0.,0.));
#7038=DIRECTION('',(0.,1.,0.));
#7039=DIRECTION('',(-1.,0.,0.));
#7040=DIRECTION('',(0.,-1.,0.));
#7041=DIRECTION('',(0.,0.,-1.));
#7042=DIRECTION('',(0.,0.,-1.));
#7043=DIRECTION('',(0.,0.,-1.));
#7044=DIRECTION('',(-1.,0.,0.));
#7045=DIRECTION('',(0.,0.,1.));
#7046=DIRECTION('',(0.,0.,-1.));
#7047=DIRECTION('',(0.,1.,0.));
#7048=DIRECTION('',(0.,0.,1.));
#7049=DIRECTION('',(0.,0.,-1.));
#7050=DIRECTION('',(1.,0.,0.));
#7051=DIRECTION('',(0.,0.,-1.));
#7052=DIRECTION('',(0.,0.,-1.));
#7053=DIRECTION('',(0.,-1.,0.));
#7054=DIRECTION('',(0.,0.,-1.));
#7055=DIRECTION('',(0.,0.,-1.));
#7056=DIRECTION('',(1.,0.,0.));
#7057=DIRECTION('',(0.,0.,-1.));
#7058=DIRECTION('',(0.,0.,-1.));
#7059=DIRECTION('',(0.,-1.,0.));
#7060=DIRECTION('',(0.,0.,-1.));
#7061=DIRECTION('',(0.,0.,-1.));
#7062=DIRECTION('',(-1.,0.,0.));
#7063=DIRECTION('',(0.,0.,1.));
#7064=DIRECTION('',(0.,0.,1.));
#7065=DIRECTION('',(1.,0.,0.));
#7066=DIRECTION('',(0.,1.,0.));
#7067=DIRECTION('',(-1.,0.,0.));
#7068=DIRECTION('',(0.,-1.,0.));
#7069=DIRECTION('',(1.,0.,0.));
#7070=DIRECTION('',(0.,1.,0.));
#7071=DIRECTION('',(0.,0.,1.));
#7072=DIRECTION('',(0.,0.,-1.));
#7073=DIRECTION('',(0.,0.,-1.));
#7074=DIRECTION('',(1.,0.,0.));
#7075=DIRECTION('',(0.,0.,-1.));
#7076=DIRECTION('',(0.,0.,-1.));
#7077=DIRECTION('',(0.,-1.,0.));
#7078=DIRECTION('',(0.,0.,-1.));
#7079=DIRECTION('',(0.,0.,-1.));
#7080=DIRECTION('',(-1.,0.,0.));
#7081=DIRECTION('',(0.,0.,1.));
#7082=DIRECTION('',(0.,0.,1.));
#7083=DIRECTION('',(1.,0.,0.));
#7084=DIRECTION('',(0.,1.,0.));
#7085=DIRECTION('',(-1.,0.,0.));
#7086=DIRECTION('',(0.,-1.,0.));
#7087=DIRECTION('',(1.,0.,0.));
#7088=DIRECTION('',(0.,-1.,0.));
#7089=DIRECTION('',(-1.,0.,0.));
#7090=DIRECTION('',(0.,-1.,0.));
#7091=DIRECTION('',(1.,0.,0.));
#7092=DIRECTION('',(0.,-1.,0.));
#7093=DIRECTION('',(-1.,0.,0.));
#7094=DIRECTION('',(0.,-1.,0.));
#7095=DIRECTION('',(1.,0.,0.));
#7096=DIRECTION('',(0.,1.,0.));
#7097=DIRECTION('',(0.,0.,1.));
#7098=DIRECTION('',(0.,0.,-1.));
#7099=DIRECTION('',(0.,0.,-1.));
#7100=DIRECTION('',(1.,0.,0.));
#7101=DIRECTION('',(0.,0.,-1.));
#7102=DIRECTION('',(0.,0.,-1.));
#7103=DIRECTION('',(0.,-1.,0.));
#7104=DIRECTION('',(0.,0.,-1.));
#7105=DIRECTION('',(0.,0.,-1.));
#7106=DIRECTION('',(0.,1.,0.));
#7107=DIRECTION('',(0.,0.,1.));
#7108=DIRECTION('',(0.,0.,-1.));
#7109=DIRECTION('',(0.,0.,-1.));
#7110=DIRECTION('',(1.,0.,0.));
#7111=DIRECTION('',(0.,0.,-1.));
#7112=DIRECTION('',(0.,0.,-1.));
#7113=DIRECTION('',(0.,-1.,0.));
#7114=DIRECTION('',(0.,0.,-1.));
#7115=DIRECTION('',(0.,0.,-1.));
#7116=DIRECTION('',(0.,1.,0.));
#7117=DIRECTION('',(0.,0.,1.));
#7118=DIRECTION('',(0.,0.,-1.));
#7119=DIRECTION('',(0.,0.,-1.));
#7120=DIRECTION('',(1.,0.,0.));
#7121=DIRECTION('',(0.,0.,-1.));
#7122=DIRECTION('',(0.,0.,-1.));
#7123=DIRECTION('',(0.,-1.,0.));
#7124=DIRECTION('',(0.,0.,-1.));
#7125=DIRECTION('',(0.,0.,-1.));
#7126=DIRECTION('',(-1.,0.,0.));
#7127=DIRECTION('',(0.,0.,1.));
#7128=DIRECTION('',(1.,0.,0.));
#7129=DIRECTION('',(0.,0.,-1.));
#7130=DIRECTION('',(1.,0.,0.));
#7131=DIRECTION('',(0.,0.,-1.));
#7132=DIRECTION('',(0.,0.,1.));
#7133=DIRECTION('',(1.,0.,0.));
#7134=DIRECTION('',(0.,0.,-1.));
#7135=DIRECTION('',(-1.,0.,0.));
#7136=DIRECTION('',(-1.,0.,0.));
#7137=DIRECTION('',(0.,0.,-1.));
#7138=DIRECTION('',(-1.,0.,0.));
#7139=DIRECTION('',(0.,0.,-1.));
#7140=DIRECTION('',(-1.,0.,0.));
#7141=DIRECTION('',(0.,0.,-1.));
#7142=DIRECTION('',(-1.,0.,0.));
#7143=DIRECTION('',(0.,-1.,0.));
#7144=DIRECTION('',(1.,0.,0.));
#7145=DIRECTION('',(0.,1.,0.));
#7146=DIRECTION('',(-1.,0.,0.));
#7147=DIRECTION('',(0.,1.,0.));
#7148=DIRECTION('',(0.,0.,-1.));
#7149=DIRECTION('',(-1.,0.,0.));
#7150=DIRECTION('',(0.,0.,-1.));
#7151=DIRECTION('',(-1.,0.,0.));
#7152=DIRECTION('',(1.,0.,0.));
#7153=DIRECTION('',(0.,0.,-1.));
#7154=DIRECTION('',(-1.,0.,0.));
#7155=DIRECTION('',(0.,0.,-1.));
#7156=DIRECTION('',(-1.,0.,0.));
#7157=DIRECTION('',(0.,-1.,0.));
#7158=DIRECTION('',(0.,0.,-1.));
#7159=DIRECTION('',(-1.,0.,0.));
#7160=DIRECTION('',(0.,0.,-1.));
#7161=DIRECTION('',(-1.,0.,0.));
#7162=DIRECTION('',(-1.,0.,0.));
#7163=DIRECTION('',(0.,0.,-1.));
#7164=DIRECTION('',(-1.,0.,0.));
#7165=DIRECTION('',(0.,0.,-1.));
#7166=DIRECTION('',(-1.,0.,0.));
#7167=DIRECTION('',(0.,1.,0.));
#7168=DIRECTION('',(-1.,0.,0.));
#7169=DIRECTION('',(0.,-1.,0.));
#7170=DIRECTION('',(0.,0.,-1.));
#7171=DIRECTION('',(-1.,0.,0.));
#7172=DIRECTION('',(0.,0.,-1.));
#7173=DIRECTION('',(-1.,0.,0.));
#7174=DIRECTION('',(0.,0.,-1.));
#7175=DIRECTION('',(-1.,0.,0.));
#7176=DIRECTION('',(1.,0.,0.));
#7177=DIRECTION('',(0.,0.,-1.));
#7178=DIRECTION('',(-1.,0.,0.));
#7179=DIRECTION('',(0.,0.,-1.));
#7180=DIRECTION('',(-1.,0.,0.));
#7181=DIRECTION('',(0.,0.,-1.));
#7182=DIRECTION('',(-1.,0.,0.));
#7183=DIRECTION('',(0.,1.,0.));
#7184=DIRECTION('',(0.,0.,-1.));
#7185=DIRECTION('',(-1.,0.,0.));
#7186=DIRECTION('',(0.,0.,-1.));
#7187=DIRECTION('',(-1.,0.,0.));
#7188=DIRECTION('',(0.,0.,-1.));
#7189=DIRECTION('',(-0.706526558921902,-0.707686527735251,0.));
#7190=DIRECTION('',(0.,0.,-1.));
#7191=DIRECTION('',(0.,0.,-1.));
#7192=DIRECTION('',(0.,0.,-1.));
#7193=DIRECTION('',(-0.964033151014225,-0.265782022991743,0.));
#7194=DIRECTION('',(0.,0.,-1.));
#7195=DIRECTION('',(-1.,0.,0.));
#7196=DIRECTION('',(0.,0.,1.));
#7197=DIRECTION('',(0.,0.,-1.));
#7198=DIRECTION('',(0.,0.,-1.));
#7199=DIRECTION('',(-0.964033151014227,0.265782022991739,0.));
#7200=DIRECTION('',(0.,0.,-1.));
#7201=DIRECTION('',(0.,0.,-1.));
#7202=DIRECTION('',(-0.706526558921979,0.707686527735174,0.));
#7203=DIRECTION('',(0.,0.,-1.));
#7204=DIRECTION('',(0.,0.,-1.));
#7205=DIRECTION('',(-0.265178381847868,0.964199370358924,0.));
#7206=DIRECTION('',(0.,0.,-1.));
#7207=DIRECTION('',(0.,1.,0.));
#7208=DIRECTION('',(0.,0.,1.));
#7209=DIRECTION('',(0.,0.,-1.));
#7210=DIRECTION('',(0.,0.,-1.));
#7211=DIRECTION('',(0.262655104285829,0.964889784479347,0.));
#7212=DIRECTION('',(0.,0.,-1.));
#7213=DIRECTION('',(0.,0.,-1.));
#7214=DIRECTION('',(0.704166532999853,0.710034853935331,0.));
#7215=DIRECTION('',(0.,0.,-1.));
#7216=DIRECTION('',(0.,0.,-1.));
#7217=DIRECTION('',(0.964297839891181,0.264820082284561,0.));
#7218=DIRECTION('',(0.,0.,-1.));
#7219=DIRECTION('',(1.,0.,0.));
#7220=DIRECTION('',(0.,0.,-1.));
#7221=DIRECTION('',(0.,0.,-1.));
#7222=DIRECTION('',(0.,-1.,0.));
#7223=DIRECTION('',(0.,0.,-1.));
#7224=DIRECTION('',(0.,0.,-1.));
#7225=DIRECTION('',(-1.,0.,0.));
#7226=DIRECTION('',(0.,0.,1.));
#7227=DIRECTION('',(0.,0.,-1.));
#7228=DIRECTION('',(0.,-1.,0.));
#7229=DIRECTION('',(0.,0.,-1.));
#7230=DIRECTION('',(0.,0.,-1.));
#7231=DIRECTION('',(0.,0.,-1.));
#7232=DIRECTION('',(-1.,0.,0.));
#7233=DIRECTION('',(0.,0.,1.));
#7234=DIRECTION('',(0.,0.,-1.));
#7235=DIRECTION('',(0.,1.,0.));
#7236=DIRECTION('',(0.,0.,1.));
#7237=DIRECTION('',(0.,0.,-1.));
#7238=DIRECTION('',(1.,0.,0.));
#7239=DIRECTION('',(0.,0.,-1.));
#7240=DIRECTION('',(0.,0.,-1.));
#7241=DIRECTION('',(0.,0.,-1.));
#7242=DIRECTION('',(0.964297839891182,-0.264820082284558,0.));
#7243=DIRECTION('',(0.,0.,-1.));
#7244=DIRECTION('',(0.,0.,-1.));
#7245=DIRECTION('',(0.704166532999769,-0.710034853935414,0.));
#7246=DIRECTION('',(0.,0.,-1.));
#7247=DIRECTION('',(0.,0.,-1.));
#7248=DIRECTION('',(0.262655104286016,-0.964889784479296,0.));
#7249=DIRECTION('',(0.,0.,-1.));
#7250=DIRECTION('',(0.,-1.,0.));
#7251=DIRECTION('',(0.,0.,-1.));
#7252=DIRECTION('',(0.,0.,-1.));
#7253=DIRECTION('',(0.,0.,-1.));
#7254=DIRECTION('',(-0.265178381847974,-0.964199370358895,0.));
#7255=DIRECTION('',(0.,0.,-1.));
#7256=DIRECTION('',(0.907948943518986,0.419080798847617,0.));
#7257=DIRECTION('',(0.,0.,-1.));
#7258=DIRECTION('',(0.,0.,-1.));
#7259=DIRECTION('',(0.360489717501921,0.932763187296425,0.));
#7260=DIRECTION('',(0.,0.,-1.));
#7261=DIRECTION('',(0.,-1.,0.));
#7262=DIRECTION('',(0.,0.,-1.));
#7263=DIRECTION('',(0.,0.,-1.));
#7264=DIRECTION('',(0.,0.,-1.));
#7265=DIRECTION('',(-0.382004760381434,0.92416035569912,0.));
#7266=DIRECTION('',(0.,0.,-1.));
#7267=DIRECTION('',(0.,0.,-1.));
#7268=DIRECTION('',(-0.924160355699045,0.382004760381613,0.));
#7269=DIRECTION('',(0.,0.,-1.));
#7270=DIRECTION('',(1.,0.,0.));
#7271=DIRECTION('',(0.,0.,-1.));
#7272=DIRECTION('',(0.,0.,-1.));
#7273=DIRECTION('',(0.,0.,-1.));
#7274=DIRECTION('',(-0.924160355699018,-0.38200476038168,0.));
#7275=DIRECTION('',(0.,0.,-1.));
#7276=DIRECTION('',(0.,0.,-1.));
#7277=DIRECTION('',(-0.382004760381285,-0.924160355699181,0.));
#7278=DIRECTION('',(0.,0.,-1.));
#7279=DIRECTION('',(0.,1.,0.));
#7280=DIRECTION('',(0.,0.,1.));
#7281=DIRECTION('',(0.,0.,-1.));
#7282=DIRECTION('',(0.,0.,-1.));
#7283=DIRECTION('',(0.360489717501852,-0.932763187296452,0.));
#7284=DIRECTION('',(0.,0.,-1.));
#7285=DIRECTION('',(0.,0.,-1.));
#7286=DIRECTION('',(0.907948943518982,-0.419080798847625,0.));
#7287=DIRECTION('',(0.,0.,-1.));
#7288=DIRECTION('',(-1.,0.,0.));
#7289=DIRECTION('',(0.,0.,1.));
#7290=DIRECTION('',(1.22464679914735E-16,1.,0.));
#7291=DIRECTION('',(0.,0.,-1.));
#7292=DIRECTION('',(1.,-1.22464679914735E-16,0.));
#7293=DIRECTION('',(1.,-1.22464679914735E-16,0.));
#7294=DIRECTION('',(0.999998314852105,-1.22464473543638E-16,-0.00183583576362787));
#7295=DIRECTION('',(-1.,1.22464679914735E-16,0.));
#7296=DIRECTION('',(0.,0.,-1.));
#7297=DIRECTION('',(-1.,1.22464679914735E-16,0.));
#7298=DIRECTION('',(0.,0.,-1.));
#7299=DIRECTION('',(-6.12323399573677E-17,-0.5,0.866025403784439));
#7300=DIRECTION('',(0.,0.,-1.));
#7301=DIRECTION('',(0.,0.,1.));
#7302=DIRECTION('',(-4.9588231166525E-17,1.,0.));
#7303=DIRECTION('',(-1.22464679914735E-16,-1.,0.));
#7304=DIRECTION('',(0.,0.,-1.));
#7305=DIRECTION('',(-1.22464679914735E-16,-1.,0.));
#7306=DIRECTION('',(0.,0.,-1.));
#7307=DIRECTION('',(-3.48927568992006E-16,1.,0.));
#7308=DIRECTION('',(-1.,-3.48927568992006E-16,0.));
#7309=DIRECTION('',(1.,3.48927568992006E-16,0.));
#7310=DIRECTION('',(0.,0.,-1.));
#7311=DIRECTION('',(1.,-1.22464679914735E-16,0.));
#7312=DIRECTION('',(0.,0.,1.));
#7313=DIRECTION('',(6.12323399573677E-17,0.5,-0.866025403784439));
#7314=DIRECTION('',(1.,-1.22464679914735E-16,0.));
#7315=DIRECTION('',(0.,0.,1.));
#7316=DIRECTION('',(-6.12323399573677E-17,-0.5,0.866025403784438));
#7317=DIRECTION('',(0.,0.,-1.));
#7318=DIRECTION('',(-3.48927568992005E-16,1.,0.));
#7319=DIRECTION('',(-1.,-3.48927568992005E-16,0.));
#7320=DIRECTION('',(1.,3.48927568992005E-16,0.));
#7321=DIRECTION('',(0.,0.,-1.));
#7322=DIRECTION('',(1.,-2.94517590995996E-16,0.));
#7323=DIRECTION('',(2.94517590995996E-16,1.,0.));
#7324=DIRECTION('',(1.47258795497998E-16,0.5,-0.866025403784438));
#7325=DIRECTION('',(0.,0.,1.));
#7326=DIRECTION('',(2.94517590995996E-16,1.,0.));
#7327=DIRECTION('',(-1.22464679914735E-16,-1.,0.));
#7328=DIRECTION('',(-2.94517590995996E-16,-1.,0.));
#7329=DIRECTION('',(0.,0.,1.));
#7330=DIRECTION('',(-1.,-5.78241158658936E-17,0.));
#7331=DIRECTION('',(5.78241158658936E-17,-1.,0.));
#7332=DIRECTION('',(0.,0.,1.));
#7333=DIRECTION('',(0.,0.,1.));
#7334=DIRECTION('',(5.78241158658936E-17,-1.,0.));
#7335=DIRECTION('',(0.,-1.,0.));
#7336=DIRECTION('',(0.,0.,-1.));
#7337=DIRECTION('',(0.,0.,1.));
#7338=DIRECTION('',(-1.,0.,0.));
#7339=DIRECTION('',(-1.80679575054458E-15,1.,-8.94271847281053E-16));
#7340=DIRECTION('',(-1.,-1.80679575054458E-15,0.));
#7341=DIRECTION('',(1.,0.,0.));
#7342=DIRECTION('',(0.,0.,1.));
#7343=DIRECTION('',(0.5,0.,-0.866025403784439));
#7344=DIRECTION('',(0.,-1.,0.));
#7345=DIRECTION('',(0.,0.,-1.));
#7346=DIRECTION('',(1.22464679914735E-16,1.,0.));
#7347=DIRECTION('',(-1.,1.22464679914735E-16,0.));
#7348=DIRECTION('',(-1.,1.22464679914735E-16,0.));
#7349=DIRECTION('',(-0.679362622516084,-0.73380271676253,0.));
#7350=DIRECTION('',(0.73380271676253,-0.679362622516084,0.));
#7351=DIRECTION('',(-0.73380271676253,0.679362622516084,0.));
#7352=DIRECTION('',(0.,0.,-1.));
#7353=DIRECTION('',(-0.73380271676253,0.679362622516084,0.));
#7354=DIRECTION('',(0.,0.,-1.));
#7355=DIRECTION('',(0.679362622516084,-0.733802716762529,0.));
#7356=DIRECTION('',(0.733802716762529,0.679362622516084,0.));
#7357=DIRECTION('',(-0.733802716762529,-0.679362622516084,0.));
#7358=DIRECTION('',(0.,0.,-1.));
#7359=DIRECTION('',(-0.733802716762529,-0.679362622516084,0.));
#7360=DIRECTION('',(0.,0.,1.));
#7361=DIRECTION('',(1.,0.,0.));
#7362=DIRECTION('',(0.84746090374252,0.53085781206262,0.));
#7363=DIRECTION('',(0.84746090374252,-0.53085781206262,0.));
#7364=DIRECTION('',(0.53085781206262,0.84746090374252,0.));
#7365=DIRECTION('',(-0.84746090374252,0.53085781206262,0.));
#7366=DIRECTION('',(0.,0.,-1.));
#7367=DIRECTION('',(0.84746090374252,-0.53085781206262,0.));
#7368=DIRECTION('',(0.,0.,-1.));
#7369=DIRECTION('',(-0.53085781206262,0.84746090374252,0.));
#7370=DIRECTION('',(-0.84746090374252,-0.53085781206262,0.));
#7371=DIRECTION('',(0.,0.,-1.));
#7372=DIRECTION('',(0.84746090374252,0.53085781206262,0.));
#7373=DIRECTION('',(-0.355714043359686,0.934594842355073,0.));
#7374=DIRECTION('',(-0.934594842355073,-0.355714043359686,0.));
#7375=DIRECTION('',(0.,0.,-1.));
#7376=DIRECTION('',(0.,0.,-1.));
#7377=DIRECTION('',(0.934594842355073,0.355714043359686,0.));
#7378=DIRECTION('',(0.355714043359686,0.934594842355073,0.));
#7379=DIRECTION('',(-0.934594842355073,0.355714043359686,0.));
#7380=DIRECTION('',(0.,0.,-1.));
#7381=DIRECTION('',(0.934594842355073,-0.355714043359685,0.));
#7382=DIRECTION('',(0.,0.,1.));
#7383=DIRECTION('',(1.,0.,0.));
#7384=DIRECTION('',(0.,0.,-1.));
#7385=DIRECTION('',(-1.,0.,0.));
#7386=DIRECTION('',(0.,0.,-1.));
#7387=DIRECTION('',(0.,0.,-1.));
#7388=DIRECTION('',(0.,0.,1.));
#7389=DIRECTION('',(1.,0.,0.));
#7390=DIRECTION('',(-0.774056660890817,0.633116328750538,0.));
#7391=DIRECTION('',(-0.633116328750538,-0.774056660890817,0.));
#7392=DIRECTION('',(0.633116328750538,0.774056660890817,0.));
#7393=DIRECTION('',(0.777578447217168,0.62878594006493,0.));
#7394=DIRECTION('',(-0.62878594006493,0.777578447217168,0.));
#7395=DIRECTION('',(0.,0.,-1.));
#7396=DIRECTION('',(0.62878594006493,-0.777578447217168,0.));
#7397=DIRECTION('',(-0.774056660890817,0.633116328750537,0.));
#7398=DIRECTION('',(-0.633116328750538,-0.774056660890817,0.));
#7399=DIRECTION('',(0.633116328750538,0.774056660890817,0.));
#7400=DIRECTION('',(0.,0.,1.));
#7401=DIRECTION('',(1.,0.,0.));
#7402=DIRECTION('',(0.,0.,1.));
#7403=DIRECTION('',(0.,0.,1.));
#7404=DIRECTION('',(0.,0.,1.));
#7405=DIRECTION('',(0.,0.,1.));
#7406=DIRECTION('',(0.,0.,1.));
#7407=DIRECTION('',(0.,-1.,0.));
#7408=DIRECTION('',(0.,0.,-1.));
#7409=DIRECTION('',(-1.,0.,0.));
#7410=DIRECTION('',(0.,0.,1.));
#7411=DIRECTION('',(0.,0.,-1.));
#7412=DIRECTION('',(0.,0.,-1.));
#7413=DIRECTION('',(0.,0.,-1.));
#7414=DIRECTION('',(0.,1.,0.));
#7415=DIRECTION('',(-1.,0.,0.));
#7416=DIRECTION('',(0.,0.,1.));
#7417=DIRECTION('',(0.,0.,-1.));
#7418=DIRECTION('',(0.,0.,-1.));
#7419=DIRECTION('',(0.,1.,0.));
#7420=DIRECTION('',(0.,0.,-1.));
#7421=DIRECTION('',(-1.00856016045163E-16,-1.,0.));
#7422=DIRECTION('',(1.,-1.00856016045163E-16,0.));
#7423=DIRECTION('',(0.,0.,-1.));
#7424=DIRECTION('',(0.,0.,-1.));
#7425=DIRECTION('',(0.,0.,-1.));
#7426=DIRECTION('',(-1.,0.,0.));
#7427=DIRECTION('',(0.,-0.707106781186548,0.707106781186548));
#7428=DIRECTION('',(0.,-0.707106781186548,-0.707106781186548));
#7429=DIRECTION('',(0.,0.,-1.));
#7430=DIRECTION('',(0.,0.,-1.));
#7431=DIRECTION('',(-1.,0.,0.));
#7432=DIRECTION('',(0.,0.,-1.));
#7433=DIRECTION('',(0.,-0.707106781186548,0.707106781186548));
#7434=DIRECTION('',(0.,-0.707106781186548,-0.707106781186548));
#7435=DIRECTION('',(0.,0.,-1.));
#7436=DIRECTION('',(-1.,0.,0.));
#7437=DIRECTION('',(0.,0.,-1.));
#7438=DIRECTION('',(-1.,0.,0.));
#7439=DIRECTION('',(1.,0.,0.));
#7440=DIRECTION('',(0.,0.,-1.));
#7441=DIRECTION('',(0.,-1.,0.));
#7442=DIRECTION('',(0.,0.,-1.));
#7443=DIRECTION('',(0.,0.707106781186548,0.707106781186548));
#7444=DIRECTION('',(1.,0.,0.));
#7445=DIRECTION('',(0.,0.,-1.));
#7446=DIRECTION('',(0.,-0.707106781186548,-0.707106781186548));
#7447=DIRECTION('',(0.,0.,-1.));
#7448=DIRECTION('',(0.,-1.,0.));
#7449=DIRECTION('',(0.,1.,0.));
#7450=DIRECTION('',(0.,0.,1.));
#7451=DIRECTION('',(-1.,0.,0.));
#7452=DIRECTION('',(1.,0.,0.));
#7453=DIRECTION('',(0.,0.,-1.));
#7454=DIRECTION('',(1.,0.,0.));
#7455=DIRECTION('',(1.,0.,0.));
#7456=DIRECTION('',(0.,0.,-1.));
#7457=DIRECTION('',(0.,0.,-1.));
#7458=DIRECTION('',(0.,-1.,0.));
#7459=DIRECTION('',(0.,0.,-1.));
#7460=DIRECTION('',(1.,0.,0.));
#7461=DIRECTION('',(0.,0.,-1.));
#7462=DIRECTION('',(0.,0.,-1.));
#7463=DIRECTION('',(0.,-1.,0.));
#7464=DIRECTION('',(0.,0.,-1.));
#7465=DIRECTION('',(0.,1.,0.));
#7466=DIRECTION('',(0.,0.,1.));
#7467=DIRECTION('',(1.,0.,0.));
#7468=DIRECTION('',(0.,0.,-1.));
#7469=DIRECTION('',(1.,0.,0.));
#7470=DIRECTION('',(-1.,0.,0.));
#7471=DIRECTION('',(1.,0.,0.));
#7472=DIRECTION('',(-1.,0.,0.));
#7473=DIRECTION('',(0.,0.,1.));
#7474=DIRECTION('',(-1.,1.22464679914735E-16,0.));
#7475=DIRECTION('',(-1.,3.42661427353444E-16,0.));
#7476=DIRECTION('',(-3.42661427353444E-16,-1.,0.));
#7477=DIRECTION('',(0.,0.,-1.));
#7478=DIRECTION('',(0.,0.,1.));
#7479=DIRECTION('',(0.,1.,0.));
#7480=DIRECTION('',(0.,0.,-1.));
#7481=DIRECTION('',(0.,-1.,0.));
#7482=DIRECTION('',(0.,0.,-1.));
#7483=DIRECTION('',(-1.,0.,0.));
#7484=DIRECTION('',(0.,0.,-1.));
#7485=DIRECTION('',(1.,0.,0.));
#7486=DIRECTION('',(-1.,3.0785987613786E-16,0.));
#7487=DIRECTION('',(-3.0785987613786E-16,-1.,0.));
#7488=DIRECTION('',(0.,0.,-1.));
#7489=DIRECTION('',(-1.28498035257541E-16,-1.,0.));
#7490=DIRECTION('',(1.,-1.28498035257541E-16,0.));
#7491=DIRECTION('',(0.,0.,1.));
#7492=DIRECTION('',(1.,0.,0.));
#7493=DIRECTION('',(0.,0.,1.));
#7494=DIRECTION('',(1.,0.,0.));
#7495=DIRECTION('',(0.,0.,1.));
#7496=DIRECTION('',(1.,0.,0.));
#7497=DIRECTION('',(0.,0.,1.));
#7498=DIRECTION('',(1.,0.,0.));
#7499=DIRECTION('',(-1.22464679914735E-16,-1.,0.));
#7500=DIRECTION('',(0.00183583576362787,-2.24825039168711E-19,0.999998314852105));
#7501=DIRECTION('',(0.999998314852105,0.,-0.00183583576362787));
#7502=DIRECTION('',(-1.22464679914735E-16,-1.,0.));
#7503=DIRECTION('',(0.,0.,-1.));
#7504=DIRECTION('',(-1.,0.,0.));
#7505=DIRECTION('',(0.,0.,1.));
#7506=DIRECTION('',(1.,0.,0.));
#7507=DIRECTION('',(-1.22464679914735E-16,-1.,0.));
#7508=DIRECTION('',(0.,-1.,0.));
#7509=DIRECTION('',(0.,0.,-1.));
#7510=DIRECTION('',(0.,-1.,0.));
#7511=DIRECTION('',(0.,0.,-1.));
#7512=DIRECTION('',(0.,1.,0.));
#7513=DIRECTION('',(0.,0.,1.));
#7514=DIRECTION('',(0.,-0.707106781186548,0.707106781186548));
#7515=DIRECTION('',(1.,0.,0.));
#7516=DIRECTION('',(-1.,4.95635278850516E-16,0.));
#7517=DIRECTION('',(-4.95635278850516E-16,-1.,0.));
#7518=DIRECTION('',(0.,0.,-1.));
#7519=DIRECTION('',(0.,-1.,0.));
#7520=DIRECTION('',(0.,0.,-1.));
#7521=DIRECTION('',(-1.,2.47817639425258E-16,0.));
#7522=DIRECTION('',(-2.47817639425258E-16,-1.,0.));
#7523=DIRECTION('',(0.,0.,-1.));
#7524=DIRECTION('',(0.,-1.,0.));
#7525=DIRECTION('',(0.,0.,-1.));
#7526=DIRECTION('',(-1.25025115385716E-16,-1.,0.));
#7527=DIRECTION('',(1.,-1.25025115385716E-16,0.));
#7528=DIRECTION('',(1.25025115385716E-16,1.,0.));
#7529=DIRECTION('',(-1.,1.25025115385716E-16,0.));
#7530=DIRECTION('',(1.25025115385716E-16,1.,0.));
#7531=DIRECTION('',(-1.,1.25025115385716E-16,0.));
#7532=DIRECTION('',(1.25025115385716E-16,1.,0.));
#7533=DIRECTION('',(-1.,1.25025115385716E-16,0.));
#7534=DIRECTION('',(1.25025115385716E-16,1.,0.));
#7535=DIRECTION('',(-1.,1.25025115385716E-16,0.));
#7536=DIRECTION('',(0.,0.,-1.));
#7537=DIRECTION('',(-1.,1.25025115385716E-16,0.));
#7538=DIRECTION('',(0.,0.,-1.));
#7539=DIRECTION('',(-1.25025115385716E-16,-1.,0.));
#7540=DIRECTION('',(1.,-1.25025115385716E-16,0.));
#7541=DIRECTION('',(0.,0.,-1.));
#7542=DIRECTION('',(0.,0.,-1.));
#7543=DIRECTION('',(-1.,1.25025115385716E-16,0.));
#7544=DIRECTION('',(1.,-1.7347234759768E-16,0.));
#7545=DIRECTION('',(1.7347234759768E-16,1.,0.));
#7546=DIRECTION('',(-1.7347234759768E-16,-1.,0.));
#7547=DIRECTION('',(0.,0.,-1.));
#7548=DIRECTION('',(1.,-3.46944695195362E-16,0.));
#7549=DIRECTION('',(3.46944695195362E-16,1.,0.));
#7550=DIRECTION('',(0.,0.,1.));
#7551=DIRECTION('',(-3.46944695195362E-16,-1.,0.));
#7552=DIRECTION('',(0.,0.,1.));
#7553=DIRECTION('',(1.,0.,0.));
#7554=DIRECTION('',(-1.29779811170335E-16,-1.,0.));
#7555=DIRECTION('',(1.,-1.29779811170335E-16,0.));
#7556=DIRECTION('',(0.,0.,1.));
#7557=DIRECTION('',(0.,0.,1.));
#7558=DIRECTION('',(-1.,1.29779811170335E-16,0.));
#7559=DIRECTION('',(-1.,0.,0.));
#7560=DIRECTION('',(0.,0.,1.));
#7561=DIRECTION('',(0.,0.,-1.));
#7562=DIRECTION('',(0.,1.,0.));
#7563=DIRECTION('',(0.,0.,-1.));
#7564=DIRECTION('',(1.,0.,0.));
#7565=DIRECTION('',(0.,-1.,0.));
#7566=DIRECTION('',(-0.866025403784439,-0.5,0.));
#7567=DIRECTION('',(-0.707106781186548,-0.707106781186548,0.));
#7568=DIRECTION('',(1.25025115385716E-16,1.,0.));
#7569=DIRECTION('',(-1.,1.25025115385716E-16,0.));
#7570=DIRECTION('',(1.25025115385716E-16,1.,0.));
#7571=DIRECTION('',(-1.,1.25025115385716E-16,0.));
#7572=DIRECTION('',(1.25025115385716E-16,1.,0.));
#7573=DIRECTION('',(-1.,1.25025115385716E-16,0.));
#7574=DIRECTION('',(1.25025115385716E-16,1.,0.));
#7575=DIRECTION('',(-1.,1.25025115385716E-16,0.));
#7576=DIRECTION('',(1.25025115385716E-16,1.,0.));
#7577=DIRECTION('',(-1.,1.25025115385716E-16,0.));
#7578=DIRECTION('',(1.25025115385716E-16,1.,0.));
#7579=DIRECTION('',(-1.,1.25025115385716E-16,0.));
#7580=DIRECTION('',(1.25025115385716E-16,1.,0.));
#7581=DIRECTION('',(-1.,1.25025115385716E-16,0.));
#7582=DIRECTION('',(1.25025115385716E-16,1.,0.));
#7583=DIRECTION('',(-1.,1.25025115385716E-16,0.));
#7584=DIRECTION('',(1.25025115385716E-16,1.,0.));
#7585=DIRECTION('',(-1.,1.25025115385716E-16,0.));
#7586=DIRECTION('',(1.25025115385716E-16,1.,0.));
#7587=DIRECTION('',(-1.,1.25025115385716E-16,0.));
#7588=DIRECTION('',(1.25025115385716E-16,1.,0.));
#7589=DIRECTION('',(-1.,1.25025115385716E-16,0.));
#7590=DIRECTION('',(1.25025115385716E-16,1.,0.));
#7591=DIRECTION('',(-1.,1.25025115385716E-16,0.));
#7592=DIRECTION('',(0.,1.,0.));
#7593=DIRECTION('',(0.,0.,1.));
#7594=DIRECTION('',(0.,0.,-1.));
#7595=DIRECTION('',(1.,0.,0.));
#7596=DIRECTION('',(0.,-1.,0.));
#7597=DIRECTION('',(-1.,0.,0.));
#7598=DIRECTION('',(-1.,0.,0.));
#7599=DIRECTION('',(1.,0.,0.));
#7600=DIRECTION('',(0.,0.,-1.));
#7601=DIRECTION('',(0.,-1.,0.));
#7602=DIRECTION('',(0.,0.,-1.));
#7603=DIRECTION('',(0.,0.,-1.));
#7604=DIRECTION('',(0.,0.,-1.));
#7605=DIRECTION('',(0.,0.,-1.));
#7606=DIRECTION('',(0.,-1.,0.));
#7607=DIRECTION('',(0.,0.,-1.));
#7608=DIRECTION('',(0.,-1.,0.));
#7609=DIRECTION('',(0.,0.,-1.));
#7610=DIRECTION('',(-1.,0.,0.));
#7611=DIRECTION('',(0.,0.,1.));
#7612=DIRECTION('',(0.,0.,1.));
#7613=DIRECTION('',(0.,0.,1.));
#7614=DIRECTION('',(0.707106781186548,0.707106781186548,0.));
#7615=DIRECTION('',(-0.707106781186548,0.707106781186548,0.));
#7616=DIRECTION('',(0.,0.,1.));
#7617=DIRECTION('',(-1.,-3.82835525732812E-16,0.));
#7618=DIRECTION('',(3.82835525732812E-16,-1.,0.));
#7619=DIRECTION('',(0.,0.,1.));
#7620=DIRECTION('',(-0.707106781186548,0.707106781186548,0.));
#7621=DIRECTION('',(-0.707106781186548,-0.707106781186548,0.));
#7622=DIRECTION('',(5.78241158658935E-16,-1.,0.));
#7623=DIRECTION('',(1.,5.78241158658935E-16,0.));
#7624=DIRECTION('',(0.,0.,1.));
#7625=DIRECTION('',(0.,0.,1.));
#7626=DIRECTION('',(-1.,-3.44789759200359E-16,0.));
#7627=DIRECTION('',(3.44789759200359E-16,-1.,0.));
#7628=DIRECTION('',(0.,0.,1.));
#7629=DIRECTION('',(0.,-1.,0.));
#7630=DIRECTION('',(0.,0.,-1.));
#7631=DIRECTION('',(0.,0.,1.));
#7632=DIRECTION('',(-1.,-3.44789759200359E-16,0.));
#7633=DIRECTION('',(3.44789759200359E-16,-1.,0.));
#7634=DIRECTION('',(5.78241158658936E-16,-1.,0.));
#7635=DIRECTION('',(1.,5.78241158658936E-16,0.));
#7636=DIRECTION('',(0.,0.,1.));
#7637=DIRECTION('',(0.,0.,1.));
#7638=DIRECTION('',(-1.,-3.44789759200359E-16,0.));
#7639=DIRECTION('',(3.44789759200359E-16,-1.,0.));
#7640=DIRECTION('',(0.,0.,1.));
#7641=DIRECTION('',(0.,-1.,0.));
#7642=DIRECTION('',(0.,0.,-1.));
#7643=DIRECTION('',(0.,0.,1.));
#7644=DIRECTION('',(-1.,-3.44789759200359E-16,0.));
#7645=DIRECTION('',(3.44789759200359E-16,-1.,0.));
#7646=DIRECTION('',(3.46944695195329E-16,-1.,0.));
#7647=DIRECTION('',(1.,3.46944695195329E-16,0.));
#7648=DIRECTION('',(0.,0.,1.));
#7649=DIRECTION('',(0.,0.,1.));
#7650=DIRECTION('',(-1.,-6.03382078600629E-16,0.));
#7651=DIRECTION('',(6.03382078600629E-16,-1.,0.));
#7652=DIRECTION('',(0.,0.,1.));
#7653=DIRECTION('',(0.,-1.,0.));
#7654=DIRECTION('',(0.,0.,-1.));
#7655=DIRECTION('',(0.,0.,1.));
#7656=DIRECTION('',(-1.,-1.29296159700135E-16,0.));
#7657=DIRECTION('',(1.29296159700135E-16,-1.,0.));
#7658=DIRECTION('',(5.78241158658936E-16,-1.,0.));
#7659=DIRECTION('',(1.,5.78241158658936E-16,0.));
#7660=DIRECTION('',(0.,0.,1.));
#7661=DIRECTION('',(0.,0.,1.));
#7662=DIRECTION('',(-1.,-3.66339119150381E-16,0.));
#7663=DIRECTION('',(3.66339119150381E-16,-1.,0.));
#7664=DIRECTION('',(0.,0.,1.));
#7665=DIRECTION('',(0.,-1.,0.));
#7666=DIRECTION('',(0.,0.,-1.));
#7667=DIRECTION('',(0.,0.,1.));
#7668=DIRECTION('',(1.,4.74085918900494E-16,0.));
#7669=DIRECTION('',(-4.74085918900494E-16,1.,0.));
#7670=DIRECTION('',(0.707106781186548,-0.707106781186547,0.));
#7671=DIRECTION('',(0.707106781186547,0.707106781186548,0.));
#7672=DIRECTION('',(0.,0.,1.));
#7673=DIRECTION('',(0.,0.,1.));
#7674=DIRECTION('',(-1.,-3.65582220143878E-16,0.));
#7675=DIRECTION('',(3.65582220143878E-16,-1.,0.));
#7676=DIRECTION('',(0.,0.,1.));
#7677=DIRECTION('',(-0.707106781186548,-0.707106781186548,0.));
#7678=DIRECTION('',(0.707106781186548,-0.707106781186548,0.));
#7679=DIRECTION('',(0.,0.,1.));
#7680=DIRECTION('',(-1.,-3.58908305374517E-16,0.));
#7681=DIRECTION('',(3.58908305374517E-16,-1.,0.));
#7682=DIRECTION('',(-1.,0.,0.));
#7683=DIRECTION('',(0.,0.,1.));
#7684=DIRECTION('',(0.,0.,1.));
#7685=DIRECTION('',(0.,-1.,0.));
#7686=DIRECTION('',(0.,0.,-1.));
#7687=DIRECTION('',(0.,-1.,0.));
#7688=DIRECTION('',(0.,0.,-1.));
#7689=DIRECTION('',(0.,0.,1.));
#7690=DIRECTION('',(1.,0.,0.));
#7691=DIRECTION('',(0.,0.,-1.));
#7692=DIRECTION('',(0.,0.,1.));
#7693=DIRECTION('',(0.,-1.,0.));
#7694=DIRECTION('',(0.,0.,-1.));
#7695=DIRECTION('',(0.,0.,1.));
#7696=DIRECTION('',(1.,0.,0.));
#7697=DIRECTION('',(0.,0.,-1.));
#7698=DIRECTION('',(0.,1.,0.));
#7699=DIRECTION('',(0.,0.,1.));
#7700=DIRECTION('',(0.,0.,1.));
#7701=DIRECTION('',(0.,0.,1.));
#7702=DIRECTION('',(-1.,0.,0.));
#7703=DIRECTION('',(0.,0.,1.));
#7704=DIRECTION('',(0.,1.,0.));
#7705=DIRECTION('',(0.,0.,1.));
#7706=DIRECTION('',(0.,0.,1.));
#7707=DIRECTION('',(-1.,0.,0.));
#7708=DIRECTION('',(-1.,0.,0.));
#7709=DIRECTION('',(0.,0.,1.));
#7710=DIRECTION('',(0.,-1.,0.));
#7711=DIRECTION('',(-1.,0.,0.));
#7712=DIRECTION('',(0.,0.,1.));
#7713=DIRECTION('',(-1.,0.,0.));
#7714=DIRECTION('',(0.,0.,1.));
#7715=DIRECTION('',(0.,0.,-1.));
#7716=DIRECTION('',(-0.707106781186548,0.707106781186548,0.));
#7717=DIRECTION('',(0.,0.,1.));
#7718=DIRECTION('',(0.,0.,1.));
#7719=DIRECTION('',(-0.5,0.866025403784439,0.));
#7720=DIRECTION('',(0.,0.,1.));
#7721=DIRECTION('',(0.,1.,0.));
#7722=DIRECTION('',(0.,0.,1.));
#7723=DIRECTION('',(0.,-1.,0.));
#7724=DIRECTION('',(0.,0.,-1.));
#7725=DIRECTION('',(0.,-1.,0.));
#7726=DIRECTION('',(0.,0.,-1.));
#7727=DIRECTION('',(0.,1.,0.));
#7728=DIRECTION('',(0.,0.,1.));
#7729=DIRECTION('',(0.,-1.,0.));
#7730=DIRECTION('',(0.,0.,-1.));
#7731=DIRECTION('',(0.,-1.,0.));
#7732=DIRECTION('',(0.,0.,-1.));
#7733=DIRECTION('',(0.,0.,-1.));
#7734=DIRECTION('',(-1.,0.,0.));
#7735=DIRECTION('',(0.,0.,-1.));
#7736=DIRECTION('',(-1.,0.,0.));
#7737=DIRECTION('',(0.,0.,-1.));
#7738=DIRECTION('',(1.,0.,0.));
#7739=DIRECTION('',(0.,0.,-1.));
#7740=DIRECTION('',(-1.,0.,0.));
#7741=DIRECTION('',(0.,0.,-1.));
#7742=DIRECTION('',(-1.,0.,0.));
#7743=DIRECTION('',(0.,0.,-1.));
#7744=DIRECTION('',(1.,0.,0.));
#7745=DIRECTION('',(0.,0.,-1.));
#7746=DIRECTION('',(-1.,0.,0.));
#7747=DIRECTION('',(0.,0.,-1.));
#7748=DIRECTION('',(-1.,0.,0.));
#7749=DIRECTION('',(0.,0.,-1.));
#7750=DIRECTION('',(1.,0.,0.));
#7751=DIRECTION('',(0.,0.,-1.));
#7752=DIRECTION('',(-1.,0.,0.));
#7753=DIRECTION('',(0.,0.,-1.));
#7754=DIRECTION('',(-1.,0.,0.));
#7755=DIRECTION('',(0.,0.,-1.));
#7756=DIRECTION('',(1.,0.,0.));
#7757=DIRECTION('',(-1.22464679914735E-16,-1.,0.));
#7758=DIRECTION('',(1.,-1.22464679914735E-16,0.));
#7759=DIRECTION('',(1.,-1.22464679914735E-16,0.));
#7760=DIRECTION('',(-1.,0.,0.));
#7761=DIRECTION('',(1.,0.,0.));
#7762=DIRECTION('',(0.,1.,0.));
#7763=DIRECTION('',(0.,0.,1.));
#7764=DIRECTION('',(0.,-1.,0.));
#7765=DIRECTION('',(0.,1.,0.));
#7766=DIRECTION('',(0.,1.,0.));
#7767=DIRECTION('',(0.,0.,1.));
#7768=DIRECTION('',(0.,0.,-1.));
#7769=DIRECTION('',(1.,0.,0.));
#7770=DIRECTION('',(-1.,0.,0.));
#7771=DIRECTION('',(0.,0.,1.));
#7772=DIRECTION('',(0.,0.,-1.));
#7773=DIRECTION('',(0.,1.,0.));
#7774=DIRECTION('',(0.,1.,0.));
#7775=DIRECTION('',(0.,0.,1.));
#7776=DIRECTION('',(1.,0.,0.));
#7777=DIRECTION('',(0.,0.,-1.));
#7778=DIRECTION('',(1.,0.,0.));
#7779=DIRECTION('',(0.,1.,0.));
#7780=DIRECTION('',(0.,0.,1.));
#7781=DIRECTION('',(1.,0.,0.));
#7782=DIRECTION('',(0.,0.,-1.));
#7783=DIRECTION('',(0.,-1.,0.));
#7784=DIRECTION('',(0.,0.,-1.));
#7785=DIRECTION('',(0.,0.,-1.));
#7786=DIRECTION('',(-1.,0.,0.));
#7787=DIRECTION('',(-1.,0.,0.));
#7788=DIRECTION('',(0.,0.,1.));
#7789=DIRECTION('',(0.,1.,0.));
#7790=DIRECTION('',(0.,0.,-1.));
#7791=DIRECTION('',(1.,0.,0.));
#7792=DIRECTION('',(4.9588231166525E-17,-1.,0.));
#7793=DIRECTION('',(1.,4.9588231166525E-17,0.));
#7794=DIRECTION('',(1.,4.9588231166525E-17,0.));
#7795=DIRECTION('',(1.,0.,0.));
#7796=DIRECTION('',(-1.80679575054458E-15,1.,-8.94271847281053E-16));
#7797=DIRECTION('',(0.399085027509416,-1.44149117325598E-16,-0.916913922251052));
#7798=DIRECTION('',(-1.80679575054458E-15,1.,-8.94271847281053E-16));
#7799=DIRECTION('',(-1.80679575054458E-15,1.,-8.94271847281053E-16));
#7800=DIRECTION('',(1.,0.,0.));
#7801=DIRECTION('',(0.,0.,-1.));
#7802=DIRECTION('',(0.,1.,0.));
#7803=DIRECTION('',(0.,0.,-1.));
#7804=DIRECTION('',(1.,0.,0.));
#7805=DIRECTION('',(0.,0.,-1.));
#7806=DIRECTION('',(1.,0.,0.));
#7807=DIRECTION('',(-1.,0.,0.));
#7808=DIRECTION('',(0.,0.,1.));
#7809=DIRECTION('',(-1.,1.22464679914735E-16,0.));
#7810=DIRECTION('',(0.,0.,1.));
#7811=DIRECTION('',(-1.,1.22464679914735E-16,0.));
#7812=DIRECTION('',(0.,0.,1.));
#7813=DIRECTION('',(1.,0.,0.));
#7814=DIRECTION('',(0.,1.,0.));
#7815=DIRECTION('',(0.,1.,0.));
#7816=DIRECTION('',(-1.,0.,0.));
#7817=DIRECTION('',(0.5,0.,-0.866025403784439));
#7818=DIRECTION('',(0.,0.,-1.));
#7819=DIRECTION('',(-1.,0.,0.));
#7820=DIRECTION('',(0.,0.,1.));
#7821=DIRECTION('',(1.,0.,0.));
#7822=DIRECTION('',(0.,0.,-1.));
#7823=DIRECTION('',(-1.,0.,0.));
#7824=DIRECTION('',(-1.,1.22464679914735E-16,0.));
#7825=DIRECTION('',(0.,0.,-1.));
#7826=DIRECTION('',(-1.,0.,0.));
#7827=DIRECTION('',(-1.,1.22464679914735E-16,0.));
#7828=DIRECTION('',(0.,1.,0.));
#7829=DIRECTION('',(0.,0.,1.));
#7830=DIRECTION('',(-1.,0.,0.));
#7831=DIRECTION('',(0.,0.,-1.));
#7832=DIRECTION('',(1.,0.,0.));
#7833=DIRECTION('',(0.,0.,1.));
#7834=DIRECTION('',(1.,0.,0.));
#7835=DIRECTION('',(1.,0.,0.));
#7836=DIRECTION('',(0.,1.,0.));
#7837=DIRECTION('',(0.,0.,1.));
#7838=DIRECTION('',(1.,0.,0.));
#7839=DIRECTION('',(1.,0.,0.));
#7840=DIRECTION('',(0.,1.,0.));
#7841=DIRECTION('',(0.,1.,0.));
#7842=DIRECTION('',(0.866025403784439,0.,0.5));
#7843=DIRECTION('',(0.,-1.,0.));
#7844=DIRECTION('',(-1.,-1.37224463195565E-16,0.));
#7845=DIRECTION('',(1.37224463195565E-16,-1.,0.));
#7846=DIRECTION('',(-1.37224463195565E-16,1.,0.));
#7847=DIRECTION('',(0.,0.,1.));
#7848=DIRECTION('',(1.35384246304121E-16,1.85780305242191E-32,1.));
#7849=DIRECTION('',(1.,0.,-1.35384246304121E-16));
#7850=DIRECTION('',(-1.37224463195565E-16,1.,0.));
#7851=DIRECTION('',(1.,1.37224463195565E-16,-1.35384246304121E-16));
#7852=DIRECTION('',(-1.,-1.37224463195565E-16,0.));
#7853=DIRECTION('',(1.37224463195565E-16,-1.,0.));
#7854=DIRECTION('',(0.,0.,1.));
#7855=DIRECTION('',(-1.37224463195565E-16,1.,0.));
#7856=DIRECTION('',(-1.,-1.37224463195565E-16,0.));
#7857=DIRECTION('',(-1.22464679914735E-16,-1.,0.));
#7858=DIRECTION('',(1.,-1.22464679914735E-16,0.));
#7859=DIRECTION('',(-1.22464679914735E-16,-1.,0.));
#7860=DIRECTION('',(1.,-1.22464679914735E-16,0.));
#7861=DIRECTION('',(3.02180138827824E-16,-0.866025403784438,-0.5));
#7862=DIRECTION('',(1.,3.48927568992005E-16,0.));
#7863=DIRECTION('',(3.02180138827825E-16,-0.866025403784439,-0.5));
#7864=DIRECTION('',(1.,3.48927568992006E-16,0.));
#7865=CARTESIAN_POINT('',(0.,0.,0.));
#7866=CARTESIAN_POINT('',(-0.09188,0.00190000000000004,0.011));
#7867=CARTESIAN_POINT('',(-0.09188,0.091522,0.0152617224245847));
#7868=CARTESIAN_POINT('',(-0.09188,0.06894,0.0152617224245847));
#7869=CARTESIAN_POINT('',(-0.09188,0.03122,0.0152617224245847));
#7870=CARTESIAN_POINT('',(-0.09188,0.06894,0.01442));
#7871=CARTESIAN_POINT('',(-0.09188,0.06894,0.00184));
#7872=CARTESIAN_POINT('',(-0.09188,0.05972,0.00184));
#7873=CARTESIAN_POINT('',(-0.09188,0.03122,0.00184));
#7874=CARTESIAN_POINT('',(-0.09188,0.03122,0.01442));
#7875=CARTESIAN_POINT('',(-0.08738,0.091522,0.0186308612122923));
#7876=CARTESIAN_POINT('',(-0.08288,0.091522,0.022));
#7877=CARTESIAN_POINT('',(-0.08288,0.06894,0.022));
#7878=CARTESIAN_POINT('',(-0.08288,0.03122,0.022));
#7879=CARTESIAN_POINT('',(-0.08738,0.06894,0.0186308612122923));
#7880=CARTESIAN_POINT('',(-0.08738,0.03122,0.0186308612122923));
#7881=CARTESIAN_POINT('',(0.08738,0.091522,0.0186308612122923));
#7882=CARTESIAN_POINT('',(0.08738,0.06894,0.0186308612122923));
#7883=CARTESIAN_POINT('',(0.08288,0.06894,0.022));
#7884=CARTESIAN_POINT('',(0.09188,0.06894,0.0152617224245847));
#7885=CARTESIAN_POINT('',(0.08288,0.091522,0.022));
#7886=CARTESIAN_POINT('',(0.08288,0.03122,0.022));
#7887=CARTESIAN_POINT('',(0.08738,0.03122,0.0186308612122923));
#7888=CARTESIAN_POINT('',(0.09188,0.03122,0.0152617224245847));
#7889=CARTESIAN_POINT('',(0.09188,0.091522,0.0152617224245847));
#7890=CARTESIAN_POINT('',(1.03458161591968E-17,0.08448,0.02));
#7891=CARTESIAN_POINT('',(-0.03844,0.08448,0.0059));
#7892=CARTESIAN_POINT('',(-0.03844,0.08448,0.));
#7893=CARTESIAN_POINT('',(-0.03844,0.08448,0.0118));
#7894=CARTESIAN_POINT('',(1.03458161591968E-17,0.08448,0.));
#7895=CARTESIAN_POINT('',(-0.05344,0.08448,0.));
#7896=CARTESIAN_POINT('',(-0.05344,0.08448,0.02));
#7897=CARTESIAN_POINT('',(-0.05344,0.08448,0.022));
#7898=CARTESIAN_POINT('',(1.03458161591968E-17,0.08448,0.022));
#7899=CARTESIAN_POINT('',(0.05344,0.08448,0.022));
#7900=CARTESIAN_POINT('',(0.05344,0.08448,0.02));
#7901=CARTESIAN_POINT('',(0.05344,0.08448,0.));
#7902=CARTESIAN_POINT('',(1.03458161591968E-17,0.08448,0.));
#7903=CARTESIAN_POINT('',(0.03844,0.08448,0.));
#7904=CARTESIAN_POINT('',(0.03844,0.08448,0.0059));
#7905=CARTESIAN_POINT('',(0.03844,0.08448,0.0118));
#7906=CARTESIAN_POINT('',(6.93889390390723E-18,0.08448,0.0118));
#7907=CARTESIAN_POINT('',(-0.00161483936184526,-0.06904687,0.007));
#7908=CARTESIAN_POINT('',(-0.00162056674454218,-0.06904687,0.012));
#7909=CARTESIAN_POINT('',(-0.00162056674454218,-0.06904687,0.002));
#7910=CARTESIAN_POINT('',(-0.00162056674454217,-0.06904687,0.));
#7911=CARTESIAN_POINT('',(-0.00161483936184526,-0.06904687,0.002));
#7912=CARTESIAN_POINT('',(-0.00458314106799668,-0.06904687,0.002));
#7913=CARTESIAN_POINT('',(-0.00458314106799668,-0.06904687,0.007));
#7914=CARTESIAN_POINT('',(-0.00458314106799668,-0.06904687,0.));
#7915=CARTESIAN_POINT('',(-0.00161483936184526,-0.06904687,0.));
#7916=CARTESIAN_POINT('',(0.0774630411082113,-0.078383435,0.007));
#7917=CARTESIAN_POINT('',(0.0774630411082113,-0.0719048437361097,0.002));
#7918=CARTESIAN_POINT('',(0.0774630411082113,-0.0719048437361097,0.002));
#7919=CARTESIAN_POINT('',(0.0774630411082113,-0.0719048437361097,0.007));
#7920=CARTESIAN_POINT('',(0.0774630411082113,-0.078383435,0.002));
#7921=CARTESIAN_POINT('',(0.0774630411082113,-0.06904687,0.002));
#7922=CARTESIAN_POINT('',(0.0774630411082113,-0.06904687,0.007));
#7923=CARTESIAN_POINT('',(0.0774630411082113,-0.06904687,-0.005));
#7924=CARTESIAN_POINT('',(0.0774630411082113,-0.078383435,-0.005));
#7925=CARTESIAN_POINT('',(0.0774630411082113,-0.08772,-0.005));
#7926=CARTESIAN_POINT('',(0.0774630411082113,-0.08772,0.007));
#7927=CARTESIAN_POINT('',(0.0774630411082113,-0.08772,0.007));
#7928=CARTESIAN_POINT('',(0.0774630411082113,-0.078383435,0.007));
#7929=CARTESIAN_POINT('',(-1.07426017221206E-17,-0.08772,0.02));
#7930=CARTESIAN_POINT('',(-0.0876866143001137,-0.08772,0.00447424));
#7931=CARTESIAN_POINT('',(-0.0860866143001137,-0.08772,0.00447424));
#7932=CARTESIAN_POINT('',(0.0872142415422346,-0.08772,0.00494661));
#7933=CARTESIAN_POINT('',(0.0888142415422346,-0.08772,0.00494661));
#7934=CARTESIAN_POINT('',(-1.07426017221206E-17,-0.08772,0.007));
#7935=CARTESIAN_POINT('',(-0.0756927198319018,-0.08772,0.007));
#7936=CARTESIAN_POINT('',(-1.07426017221206E-17,-0.08772,-0.005));
#7937=CARTESIAN_POINT('',(0.0797071023574888,-0.08772,-0.005));
#7938=CARTESIAN_POINT('',(0.0797071023574888,-0.08772,0.00192));
#7939=CARTESIAN_POINT('',(0.0797071023574888,-0.08772,-0.00116));
#7940=CARTESIAN_POINT('',(0.0812071023574888,-0.08772,-0.00116));
#7941=CARTESIAN_POINT('',(0.0827071023574888,-0.08772,-0.00116));
#7942=CARTESIAN_POINT('',(0.0827071023574888,-0.08772,0.00192));
#7943=CARTESIAN_POINT('',(0.0827071023574888,-0.08772,-0.005));
#7944=CARTESIAN_POINT('',(-1.07426017221206E-17,-0.08772,-0.005));
#7945=CARTESIAN_POINT('',(0.0905691606196582,-0.08772,-0.005));
#7946=CARTESIAN_POINT('',(0.0905691606196582,-0.08772,-0.005));
#7947=CARTESIAN_POINT('',(0.0905691606196582,-0.08772,0.));
#7948=CARTESIAN_POINT('',(-1.07426017221206E-17,-0.08772,0.));
#7949=CARTESIAN_POINT('',(0.09082,-0.08772,0.));
#7950=CARTESIAN_POINT('',(0.09082,-0.08772,0.01308));
#7951=CARTESIAN_POINT('',(0.09082,-0.08772,0.00382905656391592));
#7952=CARTESIAN_POINT('',(0.0872077967546997,-0.08772,0.00807935059932756));
#7953=CARTESIAN_POINT('',(0.0877095286758061,-0.08772,0.00807842950037082));
#7954=CARTESIAN_POINT('',(0.0886608026387208,-0.08772,0.00777426145257617));
#7955=CARTESIAN_POINT('',(0.0893845444329568,-0.08772,0.00725060487281403));
#7956=CARTESIAN_POINT('',(0.0904971621549429,-0.08772,0.00636025862623171));
#7957=CARTESIAN_POINT('',(0.090819823819468,-0.08772,0.00373308924558442));
#7958=CARTESIAN_POINT('',(0.09082,-0.08772,0.00382905656391592));
#7959=CARTESIAN_POINT('',(0.0872077967546997,-0.08772,0.00807935059932756));
#7960=CARTESIAN_POINT('',(0.0850438983773498,-0.08772,0.00807935059932756));
#7961=CARTESIAN_POINT('',(0.08288,-0.08772,0.00807935059932756));
#7962=CARTESIAN_POINT('',(0.08288,-0.08772,0.02));
#7963=CARTESIAN_POINT('',(0.08288,-0.08772,0.022));
#7964=CARTESIAN_POINT('',(-1.07426017221206E-17,-0.08772,0.022));
#7965=CARTESIAN_POINT('',(-0.08288,-0.08772,0.022));
#7966=CARTESIAN_POINT('',(-0.08288,-0.08772,0.02));
#7967=CARTESIAN_POINT('',(-0.08288,-0.08772,0.00807203));
#7968=CARTESIAN_POINT('',(-0.0846801921858607,-0.08772,0.00807203));
#7969=CARTESIAN_POINT('',(-0.0864803843717214,-0.08772,0.00807203));
#7970=CARTESIAN_POINT('',(-0.0865283680308872,-0.08772,0.00807211809026601));
#7971=CARTESIAN_POINT('',(-0.0865763516900529,-0.08772,0.00807220618053202));
#7972=CARTESIAN_POINT('',(-0.0908266457254645,-0.08772,0.00446000293523168));
#7973=CARTESIAN_POINT('',(-0.0908257246265078,-0.08772,0.00496173485633807));
#7974=CARTESIAN_POINT('',(-0.0905215565787132,-0.08772,0.0059130088192528));
#7975=CARTESIAN_POINT('',(-0.089997899998951,-0.08772,0.00663675061348878));
#7976=CARTESIAN_POINT('',(-0.0891075537523687,-0.08772,0.00774936833547489));
#7977=CARTESIAN_POINT('',(-0.0864803843717214,-0.08772,0.00807203));
#7978=CARTESIAN_POINT('',(-0.0865763516900529,-0.08772,0.00807220618053202));
#7979=CARTESIAN_POINT('',(-0.09082,-0.08772,0.00463114425704783));
#7980=CARTESIAN_POINT('',(-0.09082,-0.08772,0.01308));
#7981=CARTESIAN_POINT('',(-0.09082,-0.08772,-0.005));
#7982=CARTESIAN_POINT('',(-1.07426017221206E-17,-0.08772,-0.005));
#7983=CARTESIAN_POINT('',(-0.0827071023574888,-0.08772,-0.005));
#7984=CARTESIAN_POINT('',(-0.0827071023574888,-0.08772,0.00192));
#7985=CARTESIAN_POINT('',(-0.0827071023574888,-0.08772,-0.00116));
#7986=CARTESIAN_POINT('',(-0.0812071023574888,-0.08772,-0.00116));
#7987=CARTESIAN_POINT('',(-0.0797071023574888,-0.08772,-0.00116));
#7988=CARTESIAN_POINT('',(-0.0797071023574888,-0.08772,0.00192));
#7989=CARTESIAN_POINT('',(-0.0797071023574888,-0.08772,-0.005));
#7990=CARTESIAN_POINT('',(-1.07426017221206E-17,-0.08772,-0.005));
#7991=CARTESIAN_POINT('',(-0.0756927198319018,-0.08772,-0.005));
#7992=CARTESIAN_POINT('',(-0.0756927198319018,-0.08772,0.007));
#7993=CARTESIAN_POINT('',(-0.0876866143001137,-0.06272,0.00447424));
#7994=CARTESIAN_POINT('',(-0.0876866143001137,-0.08388,0.00447424));
#7995=CARTESIAN_POINT('',(-0.0892866143001137,-0.08388,0.00447424));
#7996=CARTESIAN_POINT('',(0.0872142415422346,-0.06272,0.00494661));
#7997=CARTESIAN_POINT('',(0.0872142415422346,-0.08388,0.00494661));
#7998=CARTESIAN_POINT('',(0.0856142415422346,-0.08388,0.00494661));
#7999=CARTESIAN_POINT('',(-0.0827071023574888,-0.09152,0.00192));
#8000=CARTESIAN_POINT('',(-0.0827071023574888,-0.09152,0.00192));
#8001=CARTESIAN_POINT('',(-0.0827071023574888,-0.09152,-0.005));
#8002=CARTESIAN_POINT('',(-0.0827071023574888,-0.09152,-0.00116));
#8003=CARTESIAN_POINT('',(-0.0827071023574888,-0.09152,-0.00116));
#8004=CARTESIAN_POINT('',(-0.0827071023574888,-0.08962,-0.005));
#8005=CARTESIAN_POINT('',(-0.0797071023574888,-0.09152,0.00192));
#8006=CARTESIAN_POINT('',(-0.0797071023574888,-0.09152,-0.00116));
#8007=CARTESIAN_POINT('',(-0.0797071023574888,-0.09152,-0.00116));
#8008=CARTESIAN_POINT('',(-0.0797071023574888,-0.09152,0.00192));
#8009=CARTESIAN_POINT('',(-0.0797071023574888,-0.09152,-0.005));
#8010=CARTESIAN_POINT('',(-0.0797071023574888,-0.08962,-0.005));
#8011=CARTESIAN_POINT('',(0.0827071023574888,-0.09152,0.00192));
#8012=CARTESIAN_POINT('',(0.0827071023574888,-0.09152,-0.00116));
#8013=CARTESIAN_POINT('',(0.0827071023574888,-0.09152,-0.00116));
#8014=CARTESIAN_POINT('',(0.0827071023574888,-0.09152,0.00192));
#8015=CARTESIAN_POINT('',(0.0827071023574888,-0.09152,-0.005));
#8016=CARTESIAN_POINT('',(0.0827071023574888,-0.08962,-0.005));
#8017=CARTESIAN_POINT('',(0.0797071023574888,-0.09152,0.00192));
#8018=CARTESIAN_POINT('',(0.0797071023574888,-0.09152,0.00192));
#8019=CARTESIAN_POINT('',(0.0797071023574888,-0.09152,-0.005));
#8020=CARTESIAN_POINT('',(0.0797071023574888,-0.09152,-0.00116));
#8021=CARTESIAN_POINT('',(0.0797071023574888,-0.09152,-0.00116));
#8022=CARTESIAN_POINT('',(0.0797071023574888,-0.08962,-0.005));
#8023=CARTESIAN_POINT('',(-3.32286273227189E-06,-0.09152,0.011));
#8024=CARTESIAN_POINT('',(0.0812071023574888,-0.09152,-0.00116));
#8025=CARTESIAN_POINT('',(0.0812071023574888,-0.09152,-0.005));
#8026=CARTESIAN_POINT('',(3.39907768361723E-33,2.77555756156289E-17,0.));
#8027=CARTESIAN_POINT('',(1.2198346412337E-17,0.07098,0.));
#8028=CARTESIAN_POINT('',(0.03844,0.07098,0.));
#8029=CARTESIAN_POINT('',(-0.03844,0.07098,0.));
#8030=CARTESIAN_POINT('',(0.03844,0.07098,0.));
#8031=CARTESIAN_POINT('',(0.05344,0.088,0.));
#8032=CARTESIAN_POINT('',(0.05344,0.09152,0.));
#8033=CARTESIAN_POINT('',(0.06816,0.09152,0.));
#8034=CARTESIAN_POINT('',(0.08288,0.09152,0.));
#8035=CARTESIAN_POINT('',(0.08288,-0.00322,0.));
#8036=CARTESIAN_POINT('',(0.08288,0.06894,0.));
#8037=CARTESIAN_POINT('',(0.0830497166277289,0.06894,0.));
#8038=CARTESIAN_POINT('',(0.0793794332554578,0.06894,0.));
#8039=CARTESIAN_POINT('',(0.0793794332554578,-5.34349999999628E-05,0.));
#8040=CARTESIAN_POINT('',(0.0793794332554579,0.01195313,0.));
#8041=CARTESIAN_POINT('',(0.0388794332554578,0.01195313,0.));
#8042=CARTESIAN_POINT('',(-0.00162056674454216,0.01195313,0.));
#8043=CARTESIAN_POINT('',(-0.00162056674454217,-0.02854687,0.));
#8044=CARTESIAN_POINT('',(-0.00458314106799668,2.74905595354833E-17,0.));
#8045=CARTESIAN_POINT('',(-0.00458314106799668,0.0152371825277806,0.));
#8046=CARTESIAN_POINT('',(3.39907768361723E-33,0.0152371825277806,0.));
#8047=CARTESIAN_POINT('',(-0.0808231435061178,0.0152371825277806,0.));
#8048=CARTESIAN_POINT('',(-0.0808231435061178,2.77555756156289E-17,0.));
#8049=CARTESIAN_POINT('',(-0.0808231435061178,0.0249988049775503,0.));
#8050=CARTESIAN_POINT('',(-0.0793552618145943,0.0249988049775503,0.));
#8051=CARTESIAN_POINT('',(-0.0770052618145943,0.0249988049775503,0.));
#8052=CARTESIAN_POINT('',(-0.0770052618145943,0.0238988049775503,0.));
#8053=CARTESIAN_POINT('',(-0.0770052618145943,0.0227988049775503,0.));
#8054=CARTESIAN_POINT('',(-0.0731052618145943,0.0227988049775503,0.));
#8055=CARTESIAN_POINT('',(-0.0692052618145943,0.0227988049775503,0.));
#8056=CARTESIAN_POINT('',(-0.0692052618145943,0.0207988049775502,0.));
#8057=CARTESIAN_POINT('',(-0.0692052618145943,0.0187988049775502,0.));
#8058=CARTESIAN_POINT('',(-0.0271281750192908,0.0187988049775502,0.));
#8059=CARTESIAN_POINT('',(-0.0539052618145943,0.0187988049775502,0.));
#8060=CARTESIAN_POINT('',(-0.0539052618145943,0.0212988049775503,0.));
#8061=CARTESIAN_POINT('',(-0.0539052618145943,0.0249988049775503,0.));
#8062=CARTESIAN_POINT('',(-0.0518052618145943,0.0249988049775503,0.));
#8063=CARTESIAN_POINT('',(-0.0497052618145943,0.0249988049775503,0.));
#8064=CARTESIAN_POINT('',(-0.0497052618145943,0.0262488049775502,0.));
#8065=CARTESIAN_POINT('',(-0.0497052618145943,0.0283485261254234,0.));
#8066=CARTESIAN_POINT('',(-0.0485325690718002,0.0283485261254234,0.));
#8067=CARTESIAN_POINT('',(-0.0473598763290061,0.0283485261254234,0.));
#8068=CARTESIAN_POINT('',(-0.0473598763290061,0.0260736655514868,0.));
#8069=CARTESIAN_POINT('',(-0.0473598763290061,0.0237988049775503,0.));
#8070=CARTESIAN_POINT('',(-0.0117281750192907,0.0237988049775503,0.));
#8071=CARTESIAN_POINT('',(-0.04738406627332,0.0237988049775503,0.));
#8072=CARTESIAN_POINT('',(-0.04738406627332,0.0220930240326546,3.46944695195361E-18));
#8073=CARTESIAN_POINT('',(-0.04738406627332,0.023787243087759,3.46944695195361E-18));
#8074=CARTESIAN_POINT('',(-0.05078406627332,0.020387243087759,0.));
#8075=CARTESIAN_POINT('',(-0.0480520154657511,0.0231192938953279,0.));
#8076=CARTESIAN_POINT('',(-0.05278406627332,0.020387243087759,0.));
#8077=CARTESIAN_POINT('',(-0.0518281750192908,0.0209391271605888,0.));
#8078=CARTESIAN_POINT('',(-0.0518281750192908,0.0212988049775503,0.));
#8079=CARTESIAN_POINT('',(-0.0518281750192908,0.0187988049775502,0.));
#8080=CARTESIAN_POINT('',(-0.0271281750192908,0.0187988049775502,0.));
#8081=CARTESIAN_POINT('',(0.0283718249807092,0.0187988049775502,0.));
#8082=CARTESIAN_POINT('',(0.0283718249807092,0.0387988049775502,0.));
#8083=CARTESIAN_POINT('',(0.0283718249807092,0.0587988049775502,0.));
#8084=CARTESIAN_POINT('',(-0.0271281750192908,0.0587988049775502,0.));
#8085=CARTESIAN_POINT('',(-0.0808231435061178,0.0587988049775502,0.));
#8086=CARTESIAN_POINT('',(-0.0808231435061178,2.77555756156289E-17,0.));
#8087=CARTESIAN_POINT('',(-0.0808231435061178,0.0689398049775502,0.));
#8088=CARTESIAN_POINT('',(-0.0817315705339984,0.0689398049775502,0.));
#8089=CARTESIAN_POINT('',(-0.08288,0.0689398049775502,0.));
#8090=CARTESIAN_POINT('',(-0.08288,0.08448,0.));
#8091=CARTESIAN_POINT('',(-0.08288,0.09152,0.));
#8092=CARTESIAN_POINT('',(-0.06816,0.09152,0.));
#8093=CARTESIAN_POINT('',(-0.05344,0.09152,0.));
#8094=CARTESIAN_POINT('',(-0.05344,0.088,0.));
#8095=CARTESIAN_POINT('',(-0.03844,0.07098,0.));
#8096=CARTESIAN_POINT('',(0.0361323505597115,0.04162743,0.));
#8097=CARTESIAN_POINT('',(0.0361323505597115,0.01362743,0.));
#8098=CARTESIAN_POINT('',(0.0361323505597115,0.06962743,0.));
#8099=CARTESIAN_POINT('',(0.0563323505597115,0.01362743,0.));
#8100=CARTESIAN_POINT('',(0.0765323505597114,0.01362743,0.));
#8101=CARTESIAN_POINT('',(0.0765323505597115,0.04162743,0.));
#8102=CARTESIAN_POINT('',(0.0765323505597115,0.06962743,0.));
#8103=CARTESIAN_POINT('',(0.0563323505597115,0.06962743,0.));
#8104=CARTESIAN_POINT('',(0.0735323505597115,0.06962743,0.));
#8105=CARTESIAN_POINT('',(0.0735323505597115,2.77555756156289E-17,0.));
#8106=CARTESIAN_POINT('',(0.0735323505597115,0.0749717280268669,0.));
#8107=CARTESIAN_POINT('',(0.0563323505597115,0.0749717280268669,0.));
#8108=CARTESIAN_POINT('',(0.0391323505597115,0.0749717280268669,0.));
#8109=CARTESIAN_POINT('',(0.0391323505597115,2.77555756156289E-17,0.));
#8110=CARTESIAN_POINT('',(0.0391323505597115,0.06962743,0.));
#8111=CARTESIAN_POINT('',(0.0563323505597115,0.06962743,0.));
#8112=CARTESIAN_POINT('',(-0.0793552618145943,0.0249988049775503,0.));
#8113=CARTESIAN_POINT('',(-0.0794052618145943,0.0249988049775503,0.0093));
#8114=CARTESIAN_POINT('',(-0.0794052618145943,0.0249988049775503,0.0083));
#8115=CARTESIAN_POINT('',(-0.0817315705339984,0.0249988049775503,0.));
#8116=CARTESIAN_POINT('',(-0.0817052618145943,0.0249988049775503,0.));
#8117=CARTESIAN_POINT('',(-0.0817052618145943,0.0249988049775503,0.));
#8118=CARTESIAN_POINT('',(-0.0817052618145943,0.0249988049775503,0.018));
#8119=CARTESIAN_POINT('',(-0.0793552618145943,0.0249988049775503,0.018));
#8120=CARTESIAN_POINT('',(-0.0770052618145943,0.0249988049775503,0.018));
#8121=CARTESIAN_POINT('',(-0.0770052618145943,0.0249988049775503,0.));
#8122=CARTESIAN_POINT('',(-0.08288,0.06894,0.00192));
#8123=CARTESIAN_POINT('',(-0.08288,0.06894,-0.00216));
#8124=CARTESIAN_POINT('',(-0.08288,0.0689398049775502,-0.00216));
#8125=CARTESIAN_POINT('',(-0.08672,0.06894,-0.00216));
#8126=CARTESIAN_POINT('',(-0.08288,0.06894,-0.005));
#8127=CARTESIAN_POINT('',(-0.08288,0.0689399024887752,-0.005));
#8128=CARTESIAN_POINT('',(-0.0848,0.06894,-0.005));
#8129=CARTESIAN_POINT('',(-0.08672,0.06894,-0.005));
#8130=CARTESIAN_POINT('',(-0.08672,0.06894,0.00192));
#8131=CARTESIAN_POINT('',(-0.08672,-0.00321999999999996,0.00384));
#8132=CARTESIAN_POINT('',(-0.08672,-0.08388,0.00384));
#8133=CARTESIAN_POINT('',(-0.08672,-0.08388,-0.00216));
#8134=CARTESIAN_POINT('',(-0.08672,-0.08388,-0.005));
#8135=CARTESIAN_POINT('',(-0.08672,-0.00321999999999996,-0.00216));
#8136=CARTESIAN_POINT('',(-0.08672,-0.00321999999999996,-0.005));
#8137=CARTESIAN_POINT('',(0.08672,-0.00322,0.00384));
#8138=CARTESIAN_POINT('',(0.08672,-0.00322,-0.00216));
#8139=CARTESIAN_POINT('',(0.08672,0.06894,-0.00216));
#8140=CARTESIAN_POINT('',(0.08672,-0.08388,-0.00216));
#8141=CARTESIAN_POINT('',(0.08672,-0.08388,0.00384));
#8142=CARTESIAN_POINT('',(0.08672,-0.08388,-0.005));
#8143=CARTESIAN_POINT('',(0.08672,-0.00322,-0.005));
#8144=CARTESIAN_POINT('',(0.08672,0.06894,-0.005));
#8145=CARTESIAN_POINT('',(0.08672,0.06894,0.00192));
#8146=CARTESIAN_POINT('',(3.39907768361723E-33,2.77555756156289E-17,0.));
#8147=CARTESIAN_POINT('',(0.0905691606196582,-0.0858,0.));
#8148=CARTESIAN_POINT('',(0.0905691606196582,-0.08388,0.));
#8149=CARTESIAN_POINT('',(0.08877,-0.08388,0.));
#8150=CARTESIAN_POINT('',(0.09082,-0.08388,0.));
#8151=CARTESIAN_POINT('',(0.09082,-0.0858,0.));
#8152=CARTESIAN_POINT('',(-1.38777878078145E-17,0.00190000000000002,0.018));
#8153=CARTESIAN_POINT('',(-0.0433269729606408,0.0263835984170437,0.018));
#8154=CARTESIAN_POINT('',(-0.0449269729606408,0.0263835984170437,0.018));
#8155=CARTESIAN_POINT('',(-0.0433269729606408,0.0477110524297687,0.018));
#8156=CARTESIAN_POINT('',(-0.0449269729606408,0.0477110524297687,0.018));
#8157=CARTESIAN_POINT('',(0.0226730270393592,0.0477110524297687,0.018));
#8158=CARTESIAN_POINT('',(0.0210730270393592,0.0477110524297687,0.018));
#8159=CARTESIAN_POINT('',(0.0226730270393592,0.0263835984170437,0.018));
#8160=CARTESIAN_POINT('',(0.0210730270393592,0.0263835984170437,0.018));
#8161=CARTESIAN_POINT('',(-0.0518052618145943,0.0249988049775503,0.018));
#8162=CARTESIAN_POINT('',(-0.0539052618145943,0.0249988049775503,0.018));
#8163=CARTESIAN_POINT('',(-0.0497052618145943,0.0249988049775503,0.018));
#8164=CARTESIAN_POINT('',(-0.0539052618145943,0.0212988049775503,0.018));
#8165=CARTESIAN_POINT('',(-0.0539052618145943,0.0187988049775502,0.018));
#8166=CARTESIAN_POINT('',(-0.0271281750192908,0.0187988049775502,0.018));
#8167=CARTESIAN_POINT('',(-0.0692052618145943,0.0187988049775502,0.018));
#8168=CARTESIAN_POINT('',(-0.0692052618145943,0.0207988049775502,0.018));
#8169=CARTESIAN_POINT('',(-0.0692052618145943,0.0227988049775503,0.018));
#8170=CARTESIAN_POINT('',(-0.0731052618145943,0.0227988049775503,0.018));
#8171=CARTESIAN_POINT('',(-0.0770052618145943,0.0227988049775503,0.018));
#8172=CARTESIAN_POINT('',(-0.0770052618145943,0.0238988049775503,0.018));
#8173=CARTESIAN_POINT('',(-0.0817052618145943,0.0262488049775502,0.018));
#8174=CARTESIAN_POINT('',(-0.0817052618145943,0.0293511470522535,0.018));
#8175=CARTESIAN_POINT('',(-0.0821667184169425,0.0293511470522535,0.018));
#8176=CARTESIAN_POINT('',(-0.0826281750192908,0.0293511470522535,0.018));
#8177=CARTESIAN_POINT('',(-0.0826281750192908,0.0387988049775502,0.018));
#8178=CARTESIAN_POINT('',(-0.0826281750192908,0.0587988049775503,0.018));
#8179=CARTESIAN_POINT('',(-0.0271281750192908,0.0587988049775502,0.018));
#8180=CARTESIAN_POINT('',(0.0283718249807092,0.0587988049775502,0.018));
#8181=CARTESIAN_POINT('',(0.0283718249807092,0.0387988049775502,0.018));
#8182=CARTESIAN_POINT('',(0.0283718249807092,0.0237988049775502,0.018));
#8183=CARTESIAN_POINT('',(-0.0117281750192907,0.0237988049775503,0.018));
#8184=CARTESIAN_POINT('',(-0.0473598763290061,0.0237988049775503,0.018));
#8185=CARTESIAN_POINT('',(-0.0473598763290061,0.0260736655514868,0.018));
#8186=CARTESIAN_POINT('',(-0.0473598763290061,0.0283485261254234,0.018));
#8187=CARTESIAN_POINT('',(-0.0485325690718002,0.0283485261254234,0.018));
#8188=CARTESIAN_POINT('',(-0.0497052618145943,0.0283485261254234,0.018));
#8189=CARTESIAN_POINT('',(-0.0497052618145943,0.0262488049775502,0.018));
#8190=CARTESIAN_POINT('',(-0.00665228125266731,0.0273835984170437,0.018));
#8191=CARTESIAN_POINT('',(-0.00665228125266731,0.0258835984170437,0.018));
#8192=CARTESIAN_POINT('',(-0.00665228125266731,0.0278835984170437,0.018));
#8193=CARTESIAN_POINT('',(-0.00465228125266731,0.0258835984170437,0.018));
#8194=CARTESIAN_POINT('',(-0.00265228125266731,0.0258835984170437,0.018));
#8195=CARTESIAN_POINT('',(-0.00265228125266731,0.0251335984170437,0.018));
#8196=CARTESIAN_POINT('',(-0.00265228125266731,0.0243835984170437,0.018));
#8197=CARTESIAN_POINT('',(-0.000152281252667306,0.0243835984170437,0.018));
#8198=CARTESIAN_POINT('',(0.0023477187473327,0.0243835984170437,0.018));
#8199=CARTESIAN_POINT('',(0.0023477187473327,0.0263835984170437,0.018));
#8200=CARTESIAN_POINT('',(0.0023477187473327,0.0258835984170437,0.018));
#8201=CARTESIAN_POINT('',(0.0043477187473327,0.0258835984170437,0.018));
#8202=CARTESIAN_POINT('',(0.00634771874733269,0.0258835984170437,0.018));
#8203=CARTESIAN_POINT('',(0.00634771874733269,0.0273835984170437,0.018));
#8204=CARTESIAN_POINT('',(0.00634771874733269,0.0278835984170437,0.018));
#8205=CARTESIAN_POINT('',(0.0043477187473327,0.0278835984170437,0.018));
#8206=CARTESIAN_POINT('',(0.0023477187473327,0.0278835984170437,0.018));
#8207=CARTESIAN_POINT('',(0.0023477187473327,0.0263835984170437,0.018));
#8208=CARTESIAN_POINT('',(0.0023477187473327,0.0293835984170437,0.018));
#8209=CARTESIAN_POINT('',(-0.000152281252667306,0.0293835984170437,0.018));
#8210=CARTESIAN_POINT('',(-0.00265228125266731,0.0293835984170437,0.018));
#8211=CARTESIAN_POINT('',(-0.00265228125266731,0.0251335984170437,0.018));
#8212=CARTESIAN_POINT('',(-0.00265228125266731,0.0278835984170437,0.018));
#8213=CARTESIAN_POINT('',(-0.00465228125266731,0.0278835984170437,0.018));
#8214=CARTESIAN_POINT('',(-0.00265228125266731,0.0251335984170437,0.0227));
#8215=CARTESIAN_POINT('',(-0.00265228125266731,0.0273835984170437,0.02));
#8216=CARTESIAN_POINT('',(-0.00265228125266731,0.0278835984170437,0.02));
#8217=CARTESIAN_POINT('',(-0.00265228125266731,0.0258835984170437,0.02));
#8218=CARTESIAN_POINT('',(-0.00265228125266731,0.0278835984170437,0.02));
#8219=CARTESIAN_POINT('',(-0.00265228125266731,0.0293835984170437,0.0227));
#8220=CARTESIAN_POINT('',(-0.00265228125266731,0.0293835984170437,0.0227));
#8221=CARTESIAN_POINT('',(-0.00265228125266731,0.0251335984170437,0.0227));
#8222=CARTESIAN_POINT('',(-0.00265228125266731,0.0243835984170437,0.0227));
#8223=CARTESIAN_POINT('',(-0.00265228125266731,0.0243835984170437,0.0227));
#8224=CARTESIAN_POINT('',(-0.00265228125266731,0.0258835984170437,0.02));
#8225=CARTESIAN_POINT('',(1.38777878078145E-17,0.00190000000000004,0.022));
#8226=CARTESIAN_POINT('',(-0.0395831410679967,-0.0747628174722195,0.022));
#8227=CARTESIAN_POINT('',(-0.0735831410679967,-0.0747628174722195,0.022));
#8228=CARTESIAN_POINT('',(-0.00458314106799668,-0.0747628174722195,0.022));
#8229=CARTESIAN_POINT('',(-0.0735831410679967,0.00190000000000004,0.022));
#8230=CARTESIAN_POINT('',(-0.0735831410679967,0.0152371825277806,0.022));
#8231=CARTESIAN_POINT('',(-0.0395831410679967,0.0152371825277806,0.022));
#8232=CARTESIAN_POINT('',(-0.00458314106799668,0.0152371825277806,0.022));
#8233=CARTESIAN_POINT('',(-0.00458314106799668,-0.0297628174722194,0.022));
#8234=CARTESIAN_POINT('',(0.0737459115755217,0.00190000000000004,0.022));
#8235=CARTESIAN_POINT('',(0.0737459115755217,-0.0589188891525572,0.022));
#8236=CARTESIAN_POINT('',(0.0737459115755217,0.00158111084744281,0.022));
#8237=CARTESIAN_POINT('',(0.0672824003640394,-0.0653824003640394,0.022));
#8238=CARTESIAN_POINT('',(0.0677459115755217,-0.0649188891525572,0.022));
#8239=CARTESIAN_POINT('',(0.0677459115755216,0.00190000000000007,0.022));
#8240=CARTESIAN_POINT('',(0.0677459115755216,0.00758111084744282,0.022));
#8241=CARTESIAN_POINT('',(0.0367135112114822,0.0386135112114823,0.022));
#8242=CARTESIAN_POINT('',(8.2797710542836E-18,0.0115811108474427,0.022));
#8243=CARTESIAN_POINT('',(0.0627459115755216,0.0115811108474428,0.022));
#8244=CARTESIAN_POINT('',(0.0567459115755216,0.0115811108474428,0.022));
#8245=CARTESIAN_POINT('',(0.0627459115755216,0.00190000000000006,0.022));
#8246=CARTESIAN_POINT('',(0.0627459115755217,-0.0689188891525572,0.022));
#8247=CARTESIAN_POINT('',(1.38777878078145E-17,-0.0689188891525572,0.022));
#8248=CARTESIAN_POINT('',(0.0567459115755217,-0.0689188891525572,0.022));
#8249=CARTESIAN_POINT('',(0.0567459115755216,0.00190000000000006,0.022));
#8250=CARTESIAN_POINT('',(8.27977105428359E-18,0.0115811108474427,0.022));
#8251=CARTESIAN_POINT('',(0.0517459115755216,0.0115811108474428,0.022));
#8252=CARTESIAN_POINT('',(0.0457459115755216,0.0115811108474428,0.022));
#8253=CARTESIAN_POINT('',(0.0517459115755216,0.00190000000000006,0.022));
#8254=CARTESIAN_POINT('',(0.0517459115755217,-0.0689188891525572,0.022));
#8255=CARTESIAN_POINT('',(1.38777878078145E-17,-0.0689188891525572,0.022));
#8256=CARTESIAN_POINT('',(0.0457459115755217,-0.0689188891525572,0.022));
#8257=CARTESIAN_POINT('',(0.0457459115755216,0.00190000000000006,0.022));
#8258=CARTESIAN_POINT('',(1.05189777556963E-17,0.0115811108474428,0.022));
#8259=CARTESIAN_POINT('',(0.0307459115755217,0.0115811108474428,0.022));
#8260=CARTESIAN_POINT('',(0.0257459115755212,0.0115811108474428,0.022));
#8261=CARTESIAN_POINT('',(0.0307459115755217,0.00190000000000005,0.022));
#8262=CARTESIAN_POINT('',(0.0307459115755217,-0.0689188891525572,0.022));
#8263=CARTESIAN_POINT('',(1.38777878078145E-17,-0.0689188891525572,0.022));
#8264=CARTESIAN_POINT('',(0.0257459115755212,-0.0689188891525572,0.022));
#8265=CARTESIAN_POINT('',(0.0257459115755212,0.00190000000000006,0.022));
#8266=CARTESIAN_POINT('',(8.27977105428359E-18,0.0115811108474427,0.022));
#8267=CARTESIAN_POINT('',(0.0207459115755212,0.0115811108474428,0.022));
#8268=CARTESIAN_POINT('',(0.0147459115755212,0.0115811108474428,0.022));
#8269=CARTESIAN_POINT('',(0.0207459115755212,0.00190000000000005,0.022));
#8270=CARTESIAN_POINT('',(0.0207459115755212,-0.0689188891525572,0.022));
#8271=CARTESIAN_POINT('',(1.38777878078145E-17,-0.0689188891525572,0.022));
#8272=CARTESIAN_POINT('',(0.0147459115755212,-0.0689188891525572,0.022));
#8273=CARTESIAN_POINT('',(0.0147459115755212,0.00190000000000005,0.022));
#8274=CARTESIAN_POINT('',(0.00203240036403947,-0.000132400364039414,0.022));
#8275=CARTESIAN_POINT('',(0.00974591157552118,0.0075811108474423,0.022));
#8276=CARTESIAN_POINT('',(0.00374591157552119,0.0015811108474423,0.022));
#8277=CARTESIAN_POINT('',(0.00974591157552119,0.00190000000000005,0.022));
#8278=CARTESIAN_POINT('',(0.00974591157552121,-0.0649188891525568,0.022));
#8279=CARTESIAN_POINT('',(-0.0285364887885178,-0.0266364887885178,0.022));
#8280=CARTESIAN_POINT('',(0.00374591157552121,-0.0589188891525568,0.022));
#8281=CARTESIAN_POINT('',(0.00374591157552119,0.00190000000000004,0.022));
#8282=CARTESIAN_POINT('',(0.0739959115755216,0.0070811108474428,0.022));
#8283=CARTESIAN_POINT('',(0.0761459115755216,0.0070811108474428,0.022));
#8284=CARTESIAN_POINT('',(0.0739959115755217,-0.0639188891525572,0.022));
#8285=CARTESIAN_POINT('',(0.0761459115755217,-0.0639188891525572,0.022));
#8286=CARTESIAN_POINT('',(0.00299591157552166,-0.0639188891525572,0.022));
#8287=CARTESIAN_POINT('',(0.00514591157552166,-0.0639188891525572,0.022));
#8288=CARTESIAN_POINT('',(0.00299591157552163,0.00708111084744279,0.022));
#8289=CARTESIAN_POINT('',(0.00514591157552164,0.00708111084744279,0.022));
#8290=CARTESIAN_POINT('',(0.0417323505597115,0.01622743,0.022));
#8291=CARTESIAN_POINT('',(0.0433323505597114,0.01622743,0.022));
#8292=CARTESIAN_POINT('',(0.0709323505597115,0.06702743,0.022));
#8293=CARTESIAN_POINT('',(0.0725323505597115,0.06702743,0.022));
#8294=CARTESIAN_POINT('',(0.0417323505597115,0.06702743,0.022));
#8295=CARTESIAN_POINT('',(0.0433323505597114,0.06702743,0.022));
#8296=CARTESIAN_POINT('',(0.0709323505597115,0.01622743,0.022));
#8297=CARTESIAN_POINT('',(0.0725323505597115,0.01622743,0.022));
#8298=CARTESIAN_POINT('',(1.38777878078145E-17,0.0646274259835482,0.022));
#8299=CARTESIAN_POINT('',(0.0735323505597115,0.0646274259835482,0.022));
#8300=CARTESIAN_POINT('',(0.0391323505597115,0.0646274259835482,0.022));
#8301=CARTESIAN_POINT('',(0.0735323505597115,0.00190000000000004,0.022));
#8302=CARTESIAN_POINT('',(0.0735323505597115,0.0206274259835482,0.022));
#8303=CARTESIAN_POINT('',(1.38777878078145E-17,0.0206274259835482,0.022));
#8304=CARTESIAN_POINT('',(0.0391323505597115,0.0206274259835482,0.022));
#8305=CARTESIAN_POINT('',(0.0391323505597115,0.00190000000000004,0.022));
#8306=CARTESIAN_POINT('',(0.08288,-0.00322,0.022));
#8307=CARTESIAN_POINT('',(0.08288,0.0845917967697245,0.022));
#8308=CARTESIAN_POINT('',(-1.49756598146265E-17,0.0845917967697245,0.022));
#8309=CARTESIAN_POINT('',(0.05344,0.0845917967697245,0.022));
#8310=CARTESIAN_POINT('',(0.05344,0.088,0.022));
#8311=CARTESIAN_POINT('',(-0.00845049923186983,0.00881183129104985,0.022));
#8312=CARTESIAN_POINT('',(0.0413818250810522,0.0697375108390929,0.022));
#8313=CARTESIAN_POINT('',(0.0412479184550643,0.0675916848872701,0.022));
#8314=CARTESIAN_POINT('',(0.0391712749270363,0.067034862063115,0.022));
#8315=CARTESIAN_POINT('',(-0.00845049923186982,0.00881183129104983,0.022));
#8316=CARTESIAN_POINT('',(-0.000304678380489455,0.0187710229942206,0.022));
#8317=CARTESIAN_POINT('',(0.00806453878161902,0.00842135950673308,0.022));
#8318=CARTESIAN_POINT('',(-0.05344,0.088,0.022));
#8319=CARTESIAN_POINT('',(-0.05344,0.0845917967697245,0.022));
#8320=CARTESIAN_POINT('',(-1.49756598146265E-17,0.0845917967697245,0.022));
#8321=CARTESIAN_POINT('',(-0.08288,0.0845917967697245,0.022));
#8322=CARTESIAN_POINT('',(-0.08288,0.08448,0.022));
#8323=CARTESIAN_POINT('',(-0.08288,0.08448,0.022));
#8324=CARTESIAN_POINT('',(0.08288,-0.00322,0.022));
#8325=CARTESIAN_POINT('',(1.38777878078145E-17,0.0307371825277806,0.022));
#8326=CARTESIAN_POINT('',(-0.0604831410679967,0.0307371825277806,0.022));
#8327=CARTESIAN_POINT('',(-0.0559302834669129,0.0307371825277806,0.022));
#8328=CARTESIAN_POINT('',(-0.052065815918452,0.0480921658714771,0.022));
#8329=CARTESIAN_POINT('',(-0.0530183476818904,0.0480267753157378,0.022));
#8330=CARTESIAN_POINT('',(-0.0578351651499289,0.0461268063575276,0.022));
#8331=CARTESIAN_POINT('',(-0.0603409801101733,0.0409267822555033,0.022));
#8332=CARTESIAN_POINT('',(-0.0607672696089123,0.0338984305188558,0.022));
#8333=CARTESIAN_POINT('',(-0.0604831410679967,0.0307371825277806,0.022));
#8334=CARTESIAN_POINT('',(-0.0520658159152047,0.0480921658694,0.022));
#8335=CARTESIAN_POINT('',(-0.0520658159152047,0.0480921658694,0.022));
#8336=CARTESIAN_POINT('',(-0.0529789322885786,0.0486757563152003,0.022));
#8337=CARTESIAN_POINT('',(-0.0569124563142294,0.0528915379336311,0.022));
#8338=CARTESIAN_POINT('',(-0.0620236232977324,0.0516997718081634,0.022));
#8339=CARTESIAN_POINT('',(-0.0667812042745742,0.0437843838042127,0.022));
#8340=CARTESIAN_POINT('',(-0.0648029015147077,0.0536151031947726,0.022));
#8341=CARTESIAN_POINT('',(-0.0606124385364179,0.0564149920372866,0.022));
#8342=CARTESIAN_POINT('',(-0.0571500424321449,0.0561218180658493,0.022));
#8343=CARTESIAN_POINT('',(-0.0554631606502469,0.0556538404039649,0.022));
#8344=CARTESIAN_POINT('',(-0.0547434895914337,0.0550431503293689,0.022));
#8345=CARTESIAN_POINT('',(-0.0547434895914337,0.0550431503293689,0.022));
#8346=CARTESIAN_POINT('',(-0.05474348956209,0.0550431503044571,0.022));
#8347=CARTESIAN_POINT('',(-0.0550723016579518,0.055546629265144,0.022));
#8348=CARTESIAN_POINT('',(-0.0554128182943916,0.056491561277978,0.022));
#8349=CARTESIAN_POINT('',(-0.0566757484025042,0.0583261366998966,0.022));
#8350=CARTESIAN_POINT('',(-0.0607167015200271,0.0572999419421459,0.022));
#8351=CARTESIAN_POINT('',(-0.0560485571393114,0.0591061845171682,0.022));
#8352=CARTESIAN_POINT('',(-0.0535798577503138,0.0574360515478157,0.022));
#8353=CARTESIAN_POINT('',(-0.0518290794817357,0.0546368694013458,0.022));
#8354=CARTESIAN_POINT('',(-0.0514993372188862,0.051528755734284,0.022));
#8355=CARTESIAN_POINT('',(-0.0513421131949017,0.0498223773049059,0.022));
#8356=CARTESIAN_POINT('',(-0.0513421131963476,0.0498223773184716,0.022));
#8357=CARTESIAN_POINT('',(-0.0513421131963476,0.0498223773184716,0.022));
#8358=CARTESIAN_POINT('',(-0.0512143221531258,0.0505611890842186,0.022));
#8359=CARTESIAN_POINT('',(-0.0508424175592156,0.0524748006632921,0.022));
#8360=CARTESIAN_POINT('',(-0.0495913839344519,0.0554719136103417,0.022));
#8361=CARTESIAN_POINT('',(-0.0468980671938764,0.0578034593833533,0.022));
#8362=CARTESIAN_POINT('',(-0.0423205032548329,0.055072844150391,0.022));
#8363=CARTESIAN_POINT('',(-0.046274832024645,0.0561976239352545,0.022));
#8364=CARTESIAN_POINT('',(-0.0468124492135568,0.0542126468803018,0.022));
#8365=CARTESIAN_POINT('',(-0.0473283857746308,0.0536172379118738,0.022));
#8366=CARTESIAN_POINT('',(-0.047328385764421,0.0536172379160997,0.022));
#8367=CARTESIAN_POINT('',(-0.0473283857644535,0.0536172379160873,0.022));
#8368=CARTESIAN_POINT('',(-0.0464402623787109,0.0539814014143379,0.022));
#8369=CARTESIAN_POINT('',(-0.0442562460442952,0.0541639489022864,0.022));
#8370=CARTESIAN_POINT('',(-0.0409428456479902,0.053941575729391,0.022));
#8371=CARTESIAN_POINT('',(-0.0361733258864158,0.0455646861224193,0.022));
#8372=CARTESIAN_POINT('',(-0.042831384087093,0.0510778299881906,0.022));
#8373=CARTESIAN_POINT('',(-0.0459303174517658,0.0509755425588382,0.022));
#8374=CARTESIAN_POINT('',(-0.0509805891661891,0.0474563882364312,0.022));
#8375=CARTESIAN_POINT('',(-0.0515242927582935,0.0479527268856764,0.022));
#8376=CARTESIAN_POINT('',(-0.0515242927582935,0.0479527268856764,0.022));
#8377=CARTESIAN_POINT('',(-0.0559302834669129,0.0307371825277806,0.022));
#8378=CARTESIAN_POINT('',(-0.0560036601590107,0.0329826553012168,0.022));
#8379=CARTESIAN_POINT('',(-0.05607587207854,0.037405062439059,0.022));
#8380=CARTESIAN_POINT('',(-0.0561799668378368,0.0430062795759995,0.022));
#8381=CARTESIAN_POINT('',(-0.0512108661051878,0.0474063750418641,0.022));
#8382=CARTESIAN_POINT('',(-0.0515242927582935,0.0479527268856764,0.022));
#8383=CARTESIAN_POINT('',(-1.38777878078145E-17,0.00190000000000002,0.007));
#8384=CARTESIAN_POINT('',(0.0364399500201074,-0.0719048437361097,0.007));
#8385=CARTESIAN_POINT('',(-0.00458314106799668,-0.0719048437361097,0.007));
#8386=CARTESIAN_POINT('',(-0.0756927198319018,-0.078383435,0.007));
#8387=CARTESIAN_POINT('',(-0.0756927198319018,-0.0747628174722195,0.007));
#8388=CARTESIAN_POINT('',(3.39907768361723E-33,-0.0747628174722195,0.007));
#8389=CARTESIAN_POINT('',(-0.0664603418682184,-0.0747628174722195,0.007));
#8390=CARTESIAN_POINT('',(-0.0664603418682184,-0.0797628174722195,0.007));
#8391=CARTESIAN_POINT('',(-0.0664603418682184,-0.0797628174722195,0.007));
#8392=CARTESIAN_POINT('',(-0.0395831410679967,-0.0797628174722195,0.007));
#8393=CARTESIAN_POINT('',(-0.0544565613455545,-0.0797628174722195,0.007));
#8394=CARTESIAN_POINT('',(-0.0544565613455545,-0.0797628174722195,0.007));
#8395=CARTESIAN_POINT('',(-0.0544565613455545,-0.0747628174722195,0.007));
#8396=CARTESIAN_POINT('',(3.39907768361723E-33,-0.0747628174722195,0.007));
#8397=CARTESIAN_POINT('',(-0.00458314106799668,-0.0747628174722195,0.007));
#8398=CARTESIAN_POINT('',(-0.00458314106799668,2.74905595354833E-17,0.007));
#8399=CARTESIAN_POINT('',(-0.0756927198319018,-0.078383435,0.007));
#8400=CARTESIAN_POINT('',(-0.0756927198319018,-0.0812414087361097,-0.005));
#8401=CARTESIAN_POINT('',(-0.0756927198319018,-0.0747628174722195,-0.005));
#8402=CARTESIAN_POINT('',(-0.0756927198319018,-0.0747628174722195,0.007));
#8403=CARTESIAN_POINT('',(-0.0395831410679967,-0.0747628174722195,-0.005));
#8404=CARTESIAN_POINT('',(-0.0891313661976483,-0.0747628174722195,0.0426683577924483));
#8405=CARTESIAN_POINT('',(-0.0805831410679967,-0.0747628174722195,0.0201686071664678));
#8406=CARTESIAN_POINT('',(-0.0785815348046932,-0.0747628174722195,0.0210351498902111));
#8407=CARTESIAN_POINT('',(-0.0735831410679967,-0.0747628174722195,0.0210351498902111));
#8408=CARTESIAN_POINT('',(-0.0735831410679967,-0.0747628174722195,0.0210351498902111));
#8409=CARTESIAN_POINT('',(-0.0735831410679967,-0.0747628174722195,-0.005));
#8410=CARTESIAN_POINT('',(-0.00458314106799668,-0.0747628174722195,-0.005));
#8411=CARTESIAN_POINT('',(-0.0545086583351494,-0.0747628174722195,0.00492471317973773));
#8412=CARTESIAN_POINT('',(-0.0543850307340015,-0.0747628174722195,0.00984942635947547));
#8413=CARTESIAN_POINT('',(-0.0603831410679967,-0.0747628174722195,0.01));
#8414=CARTESIAN_POINT('',(-0.0663812514019918,-0.0747628174722195,0.0101505736405245));
#8415=CARTESIAN_POINT('',(-0.0665086589304765,-0.0747628174722195,0.00507528682026226));
#8416=CARTESIAN_POINT('',(-0.0781379304499493,-0.0747628174722195,-0.005));
#8417=CARTESIAN_POINT('',(-0.0805831410679967,-0.0747628174722195,-0.005));
#8418=CARTESIAN_POINT('',(-0.0805831410679967,-0.0747628174722195,-0.005));
#8419=CARTESIAN_POINT('',(-0.0805831410679967,-0.0747628174722195,-0.000415696416766111));
#8420=CARTESIAN_POINT('',(-0.0683480793871264,-0.0747628174722195,-0.0216074448817726));
#8421=CARTESIAN_POINT('',(-0.0823831410679967,-0.0747628174722195,0.00270199503685786));
#8422=CARTESIAN_POINT('',(-0.0823831410679967,-0.0747628174722195,-0.005));
#8423=CARTESIAN_POINT('',(-0.0823831410679967,-0.0747628174722195,0.0201686071664678));
#8424=CARTESIAN_POINT('',(-0.0823831410679967,-0.0747628174722195,0.0201686071664678));
#8425=CARTESIAN_POINT('',(-0.0545086583351494,-0.0797628174722195,0.00492471317973773));
#8426=CARTESIAN_POINT('',(-0.0545086583351494,-0.0797628174722195,0.00492471317973773));
#8427=CARTESIAN_POINT('',(-0.0543850307340015,-0.0797628174722195,0.00984942635947547));
#8428=CARTESIAN_POINT('',(-0.0543850307340015,-0.0797628174722195,0.00984942635947547));
#8429=CARTESIAN_POINT('',(-0.0665086589304765,-0.0797628174722195,0.00507528682026226));
#8430=CARTESIAN_POINT('',(-0.0665086589304765,-0.0797628174722195,0.00507528682026226));
#8431=CARTESIAN_POINT('',(-0.0663812514019918,-0.0797628174722195,0.0101505736405245));
#8432=CARTESIAN_POINT('',(-0.0663812514019918,-0.0797628174722195,0.0101505736405245));
#8433=CARTESIAN_POINT('',(-0.0395831410679967,-0.0797628174722195,0.01));
#8434=CARTESIAN_POINT('',(-0.0603831410679967,-0.0797628174722195,0.01));
#8435=CARTESIAN_POINT('',(-0.0271281750192908,0.0187988049775502,0.018));
#8436=CARTESIAN_POINT('',(-0.0603831410679967,0.0187988049775502,0.01));
#8437=CARTESIAN_POINT('',(-0.0543831410679967,0.0187988049775502,0.01));
#8438=CARTESIAN_POINT('',(-0.0692052618145943,0.0187988049775502,0.));
#8439=CARTESIAN_POINT('',(-0.0539052618145943,0.0187988049775502,0.));
#8440=CARTESIAN_POINT('',(-1.38777878078145E-17,0.00190000000000002,0.012));
#8441=CARTESIAN_POINT('',(0.00299591157552163,0.00708111084744279,0.012));
#8442=CARTESIAN_POINT('',(0.000845911575521635,0.00708111084744279,0.012));
#8443=CARTESIAN_POINT('',(0.0739959115755216,0.0070811108474428,0.012));
#8444=CARTESIAN_POINT('',(0.0718459115755216,0.0070811108474428,0.012));
#8445=CARTESIAN_POINT('',(0.0739959115755217,-0.0639188891525572,0.012));
#8446=CARTESIAN_POINT('',(0.0718459115755217,-0.0639188891525572,0.012));
#8447=CARTESIAN_POINT('',(0.00299591157552166,-0.0639188891525572,0.012));
#8448=CARTESIAN_POINT('',(0.00084591157552166,-0.0639188891525572,0.012));
#8449=CARTESIAN_POINT('',(0.0793794332554578,-0.02854687,0.012));
#8450=CARTESIAN_POINT('',(0.0793794332554578,-0.06904687,0.012));
#8451=CARTESIAN_POINT('',(0.0793794332554579,0.01195313,0.012));
#8452=CARTESIAN_POINT('',(0.0388794332554578,-0.06904687,0.012));
#8453=CARTESIAN_POINT('',(-0.00162056674454218,-0.06904687,0.012));
#8454=CARTESIAN_POINT('',(-0.00162056674454217,-0.02854687,0.012));
#8455=CARTESIAN_POINT('',(-0.00162056674454216,0.01195313,0.012));
#8456=CARTESIAN_POINT('',(0.0388794332554578,0.01195313,0.012));
#8457=CARTESIAN_POINT('',(0.0672824003640394,-0.0653824003640394,0.012));
#8458=CARTESIAN_POINT('',(0.0677459115755217,-0.0649188891525572,0.012));
#8459=CARTESIAN_POINT('',(0.0737459115755216,-0.0589188891525572,0.012));
#8460=CARTESIAN_POINT('',(0.0737459115755217,0.00190000000000002,0.012));
#8461=CARTESIAN_POINT('',(0.0737459115755217,0.0015811108474428,0.012));
#8462=CARTESIAN_POINT('',(0.0367135112114822,0.0386135112114823,0.012));
#8463=CARTESIAN_POINT('',(0.0677459115755216,0.00758111084744282,0.012));
#8464=CARTESIAN_POINT('',(0.0677459115755216,0.00190000000000006,0.012));
#8465=CARTESIAN_POINT('',(0.0627459115755216,0.00190000000000005,0.012));
#8466=CARTESIAN_POINT('',(0.0627459115755217,-0.0689188891525572,0.012));
#8467=CARTESIAN_POINT('',(0.0627459115755216,0.0115811108474428,0.012));
#8468=CARTESIAN_POINT('',(-1.94758045613453E-17,0.0115811108474427,0.012));
#8469=CARTESIAN_POINT('',(0.0567459115755216,0.0115811108474428,0.012));
#8470=CARTESIAN_POINT('',(0.0567459115755216,0.00190000000000005,0.012));
#8471=CARTESIAN_POINT('',(0.0567459115755217,-0.0689188891525572,0.012));
#8472=CARTESIAN_POINT('',(-1.38777878078145E-17,-0.0689188891525572,0.012));
#8473=CARTESIAN_POINT('',(0.0517459115755216,0.00190000000000005,0.012));
#8474=CARTESIAN_POINT('',(0.0517459115755217,-0.0689188891525572,0.012));
#8475=CARTESIAN_POINT('',(0.0517459115755216,0.0115811108474428,0.012));
#8476=CARTESIAN_POINT('',(-1.94758045613454E-17,0.0115811108474427,0.012));
#8477=CARTESIAN_POINT('',(0.0457459115755216,0.0115811108474428,0.012));
#8478=CARTESIAN_POINT('',(0.0457459115755216,0.00190000000000005,0.012));
#8479=CARTESIAN_POINT('',(0.0457459115755217,-0.0689188891525572,0.012));
#8480=CARTESIAN_POINT('',(-1.38777878078145E-17,-0.0689188891525572,0.012));
#8481=CARTESIAN_POINT('',(0.0307459115755217,0.00190000000000003,0.012));
#8482=CARTESIAN_POINT('',(0.0307459115755217,-0.0689188891525572,0.012));
#8483=CARTESIAN_POINT('',(0.0307459115755217,0.0115811108474428,0.012));
#8484=CARTESIAN_POINT('',(-1.72365978599326E-17,0.0115811108474428,0.012));
#8485=CARTESIAN_POINT('',(0.0257459115755212,0.0115811108474428,0.012));
#8486=CARTESIAN_POINT('',(0.0257459115755212,0.00190000000000004,0.012));
#8487=CARTESIAN_POINT('',(0.0257459115755212,-0.0689188891525572,0.012));
#8488=CARTESIAN_POINT('',(-1.38777878078145E-17,-0.0689188891525572,0.012));
#8489=CARTESIAN_POINT('',(0.0207459115755212,0.00190000000000003,0.012));
#8490=CARTESIAN_POINT('',(0.0207459115755212,0.0115811108474428,0.012));
#8491=CARTESIAN_POINT('',(0.0207459115755212,-0.0689188891525572,0.012));
#8492=CARTESIAN_POINT('',(-1.94758045613454E-17,0.0115811108474427,0.012));
#8493=CARTESIAN_POINT('',(0.0147459115755212,0.0115811108474428,0.012));
#8494=CARTESIAN_POINT('',(0.0147459115755212,0.00190000000000003,0.012));
#8495=CARTESIAN_POINT('',(0.0147459115755212,-0.0689188891525572,0.012));
#8496=CARTESIAN_POINT('',(-1.38777878078145E-17,-0.0689188891525572,0.012));
#8497=CARTESIAN_POINT('',(0.00974591157552119,0.00190000000000003,0.012));
#8498=CARTESIAN_POINT('',(0.00974591157552121,-0.0649188891525568,0.012));
#8499=CARTESIAN_POINT('',(0.00974591157552118,0.0075811108474423,0.012));
#8500=CARTESIAN_POINT('',(0.00203240036403945,-0.000132400364039435,0.012));
#8501=CARTESIAN_POINT('',(0.00374591157552119,0.0015811108474423,0.012));
#8502=CARTESIAN_POINT('',(0.00374591157552119,0.00190000000000003,0.012));
#8503=CARTESIAN_POINT('',(0.00374591157552121,-0.0589188891525568,0.012));
#8504=CARTESIAN_POINT('',(-0.0285364887885178,-0.0266364887885178,0.012));
#8505=CARTESIAN_POINT('',(-0.000152339190244719,0.0268836071355159,-0.002));
#8506=CARTESIAN_POINT('',(-0.000152339190244719,0.0268836071355159,0.023));
#8507=CARTESIAN_POINT('',(0.000967660809755281,0.0268836071355159,0.023));
#8508=CARTESIAN_POINT('',(-0.000152339190244719,0.0268836071355159,0.0227));
#8509=CARTESIAN_POINT('',(-0.00127233919024472,0.0268836071355159,0.0227));
#8510=CARTESIAN_POINT('',(-0.0582067122674548,0.0307371825277806,0.0182));
#8511=CARTESIAN_POINT('',(-0.0559302834669129,0.0307371825277806,0.0182));
#8512=CARTESIAN_POINT('',(-0.0559302834669129,0.0307371825277806,0.0206));
#8513=CARTESIAN_POINT('',(-0.0582067122674548,0.0307371825277806,0.0206));
#8514=CARTESIAN_POINT('',(-0.0604831410679967,0.0307371825277806,0.0206));
#8515=CARTESIAN_POINT('',(-0.0604831410679967,0.0307371825277806,0.0182));
#8516=CARTESIAN_POINT('',(0.0391323505597115,0.0426274259835481,-0.0663));
#8517=CARTESIAN_POINT('',(0.0391323505597115,2.77555756156289E-17,0.019));
#8518=CARTESIAN_POINT('',(0.0391323505597115,0.0646274259835482,0.019));
#8519=CARTESIAN_POINT('',(0.0391323505597115,0.0206274259835482,0.019));
#8520=CARTESIAN_POINT('',(0.0391323505597115,0.0646274259835482,-0.0663));
#8521=CARTESIAN_POINT('',(0.0391323505597115,0.0206274259835482,-0.0663));
#8522=CARTESIAN_POINT('',(0.0735323505597115,0.0426274259835481,-0.0663));
#8523=CARTESIAN_POINT('',(0.0735323505597115,0.0646274259835482,-0.0663));
#8524=CARTESIAN_POINT('',(0.0735323505597115,0.0646274259835482,0.019));
#8525=CARTESIAN_POINT('',(0.0735323505597115,2.77555756156289E-17,0.019));
#8526=CARTESIAN_POINT('',(0.0735323505597115,0.0206274259835482,0.019));
#8527=CARTESIAN_POINT('',(0.0735323505597115,0.0206274259835482,-0.0663));
#8528=CARTESIAN_POINT('',(0.08877,-0.08388,0.01308));
#8529=CARTESIAN_POINT('',(0.0848,-0.08388,-0.00216));
#8530=CARTESIAN_POINT('',(0.08288,-0.08388,-0.00216));
#8531=CARTESIAN_POINT('',(0.08288,-0.08388,0.01308));
#8532=CARTESIAN_POINT('',(0.08288,-0.08388,0.00807935059932756));
#8533=CARTESIAN_POINT('',(0.08877,-0.08388,0.00807935059932756));
#8534=CARTESIAN_POINT('',(0.0872077967546997,-0.08388,0.00807935059932756));
#8535=CARTESIAN_POINT('',(0.0872077967546997,-0.08388,0.00807935059932756));
#8536=CARTESIAN_POINT('',(0.0877095286758061,-0.08388,0.00807842950037082));
#8537=CARTESIAN_POINT('',(0.0886608026387208,-0.08388,0.00777426145257617));
#8538=CARTESIAN_POINT('',(0.0893845444329568,-0.08388,0.00725060487281403));
#8539=CARTESIAN_POINT('',(0.0904971621549429,-0.08388,0.00636025862623171));
#8540=CARTESIAN_POINT('',(0.090819823819468,-0.08388,0.00373308924558442));
#8541=CARTESIAN_POINT('',(0.09082,-0.08388,0.00382905656391592));
#8542=CARTESIAN_POINT('',(0.09082,-0.08388,0.00382905656391592));
#8543=CARTESIAN_POINT('',(0.09082,-0.08388,0.01308));
#8544=CARTESIAN_POINT('',(0.0905691606196582,-0.08388,-0.005));
#8545=CARTESIAN_POINT('',(0.0905691606196582,-0.08388,-0.005));
#8546=CARTESIAN_POINT('',(0.08877,-0.08388,-0.005));
#8547=CARTESIAN_POINT('',(-0.09082,-0.0858,0.01308));
#8548=CARTESIAN_POINT('',(-0.09082,-0.06272,0.00463114425704783));
#8549=CARTESIAN_POINT('',(-0.09082,-0.08388,0.00463114425704783));
#8550=CARTESIAN_POINT('',(-0.09082,-0.08388,0.01308));
#8551=CARTESIAN_POINT('',(-0.09082,-0.08388,-0.005));
#8552=CARTESIAN_POINT('',(-0.09082,-0.0858,-0.005));
#8553=CARTESIAN_POINT('',(0.09082,-0.0858,0.01308));
#8554=CARTESIAN_POINT('',(0.09082,-0.06272,0.00382905656391592));
#8555=CARTESIAN_POINT('',(-1.38777878078145E-17,0.00190000000000002,0.019));
#8556=CARTESIAN_POINT('',(3.39907768361723E-33,0.0646274259835482,0.019));
#8557=CARTESIAN_POINT('',(3.39907768361723E-33,0.0206274259835482,0.019));
#8558=CARTESIAN_POINT('',(0.0416323505597114,0.0206274259835482,0.019));
#8559=CARTESIAN_POINT('',(0.0416323505597114,0.0193774259835482,0.019));
#8560=CARTESIAN_POINT('',(0.0416323505597114,0.0178243019422672,0.019));
#8561=CARTESIAN_POINT('',(0.0417323505597115,0.01622743,0.019));
#8562=CARTESIAN_POINT('',(0.0430552289477718,0.0171274259835482,0.019));
#8563=CARTESIAN_POINT('',(-1.38777878078145E-17,0.0171274259835482,0.019));
#8564=CARTESIAN_POINT('',(0.0696094721716511,0.0171274259835482,0.019));
#8565=CARTESIAN_POINT('',(0.0709323505597115,0.01622743,0.019));
#8566=CARTESIAN_POINT('',(0.0710323505597115,0.0178243019422672,0.019));
#8567=CARTESIAN_POINT('',(0.0710323505597115,0.0193774259835482,0.019));
#8568=CARTESIAN_POINT('',(0.0710323505597115,0.0206274259835482,0.019));
#8569=CARTESIAN_POINT('',(3.39907768361723E-33,0.0206274259835482,0.019));
#8570=CARTESIAN_POINT('',(0.0563323505597115,0.06962743,0.019));
#8571=CARTESIAN_POINT('',(0.0391323505597115,0.06962743,0.019));
#8572=CARTESIAN_POINT('',(0.0361323505597115,0.06962743,0.019));
#8573=CARTESIAN_POINT('',(0.0563323505597115,0.06962743,0.019));
#8574=CARTESIAN_POINT('',(0.0451323505597115,0.06962743,0.019));
#8575=CARTESIAN_POINT('',(0.0451323505597115,0.06862743,0.019));
#8576=CARTESIAN_POINT('',(0.0451323505597115,0.06762743,0.019));
#8577=CARTESIAN_POINT('',(0.0563323505597115,0.06762743,0.019));
#8578=CARTESIAN_POINT('',(0.0675323505597115,0.06762743,0.019));
#8579=CARTESIAN_POINT('',(0.0675323505597115,0.06862743,0.019));
#8580=CARTESIAN_POINT('',(0.0675323505597115,0.06962743,0.019));
#8581=CARTESIAN_POINT('',(0.0563323505597115,0.06962743,0.019));
#8582=CARTESIAN_POINT('',(0.0735323505597115,0.06962743,0.019));
#8583=CARTESIAN_POINT('',(0.0563323505597115,0.06962743,0.019));
#8584=CARTESIAN_POINT('',(0.0765323505597115,0.06962743,0.019));
#8585=CARTESIAN_POINT('',(0.0765323505597115,0.04162743,0.019));
#8586=CARTESIAN_POINT('',(0.0765323505597114,0.01362743,0.019));
#8587=CARTESIAN_POINT('',(0.0563323505597115,0.01362743,0.019));
#8588=CARTESIAN_POINT('',(0.0361323505597115,0.01362743,0.019));
#8589=CARTESIAN_POINT('',(0.0361323505597115,0.04162743,0.019));
#8590=CARTESIAN_POINT('',(0.0709323505597115,0.06702743,0.019));
#8591=CARTESIAN_POINT('',(0.0693323505597115,0.06702743,0.019));
#8592=CARTESIAN_POINT('',(0.0417323505597115,0.06702743,0.019));
#8593=CARTESIAN_POINT('',(0.0401323505597115,0.06702743,0.019));
#8594=CARTESIAN_POINT('',(0.0563323505597115,0.0646274259835482,-0.0663));
#8595=CARTESIAN_POINT('',(0.0563323505597115,0.0206274259835482,-0.0663));
#8596=CARTESIAN_POINT('',(3.39907768361723E-33,0.0206274259835482,0.021));
#8597=CARTESIAN_POINT('',(0.0416323505597114,0.0206274259835482,0.021));
#8598=CARTESIAN_POINT('',(0.0710323505597115,0.0206274259835482,0.021));
#8599=CARTESIAN_POINT('',(0.0416323505597114,0.0206274259835482,0.021));
#8600=CARTESIAN_POINT('',(0.0710323505597115,0.0206274259835482,0.021));
#8601=CARTESIAN_POINT('',(1.38777878078145E-17,0.00190000000000004,0.022));
#8602=CARTESIAN_POINT('',(-0.020691702213116,0.0562648993592614,0.022));
#8603=CARTESIAN_POINT('',(3.46944695195361E-18,0.0641403216542046,0.022));
#8604=CARTESIAN_POINT('',(0.020691702213116,0.0562648993592614,0.022));
#8605=CARTESIAN_POINT('',(0.0020860471305686,0.0778708429601633,0.022));
#8606=CARTESIAN_POINT('',(0.0020860471305686,0.0808712599002285,0.022));
#8607=CARTESIAN_POINT('',(0.0020860471305686,0.074870426020098,0.022));
#8608=CARTESIAN_POINT('',(0.00140642114813699,0.074870426020098,0.022));
#8609=CARTESIAN_POINT('',(0.000726795165705393,0.074870426020098,0.022));
#8610=CARTESIAN_POINT('',(0.000726795165705393,0.0778708429601633,0.022));
#8611=CARTESIAN_POINT('',(0.000726795165705393,0.0808712599002285,0.022));
#8612=CARTESIAN_POINT('',(-0.00077620847581784,0.0808712599002285,0.022));
#8613=CARTESIAN_POINT('',(-0.00227921211734107,0.0808712599002285,0.022));
#8614=CARTESIAN_POINT('',(-0.00227921211734107,0.0815508858826601,0.022));
#8615=CARTESIAN_POINT('',(-0.00227921211734107,0.0822305118650917,0.022));
#8616=CARTESIAN_POINT('',(0.00140083080515577,0.0822305118650917,0.022));
#8617=CARTESIAN_POINT('',(0.00508087372765262,0.0822305118650917,0.022));
#8618=CARTESIAN_POINT('',(0.00508087372765262,0.0815508858826601,0.022));
#8619=CARTESIAN_POINT('',(0.00508087372765262,0.0808712599002285,0.022));
#8620=CARTESIAN_POINT('',(0.00358346042911061,0.0808712599002285,0.022));
#8621=CARTESIAN_POINT('',(0.0100594734626451,0.0778908084708105,0.022));
#8622=CARTESIAN_POINT('',(0.0100594734626451,0.0785600523877055,0.022));
#8623=CARTESIAN_POINT('',(0.0100594734626451,0.0772215645539155,0.022));
#8624=CARTESIAN_POINT('',(0.00796948380809339,0.0772215645539155,0.022));
#8625=CARTESIAN_POINT('',(0.00587949415354169,0.0772215645539155,0.022));
#8626=CARTESIAN_POINT('',(0.00587949415354169,0.0778908084708105,0.022));
#8627=CARTESIAN_POINT('',(0.00587949415354169,0.0785600523877055,0.022));
#8628=CARTESIAN_POINT('',(0.00796948380809339,0.0785600523877055,0.022));
#8629=CARTESIAN_POINT('',(0.0179306763802078,0.0755500520025296,0.022));
#8630=CARTESIAN_POINT('',(0.0179306763802078,0.0762296779849612,0.022));
#8631=CARTESIAN_POINT('',(0.0179306763802078,0.074870426020098,0.022));
#8632=CARTESIAN_POINT('',(0.0145421299131604,0.074870426020098,0.022));
#8633=CARTESIAN_POINT('',(0.0111535834461131,0.074870426020098,0.022));
#8634=CARTESIAN_POINT('',(0.0111535834461131,0.0785504689425949,0.022));
#8635=CARTESIAN_POINT('',(0.0111535834461131,0.0822305118650917,0.022));
#8636=CARTESIAN_POINT('',(0.0145421299131604,0.0822305118650917,0.022));
#8637=CARTESIAN_POINT('',(0.0179306763802078,0.0822305118650917,0.022));
#8638=CARTESIAN_POINT('',(0.0179306763802078,0.0815508858826601,0.022));
#8639=CARTESIAN_POINT('',(0.0179306763802078,0.0808712599002285,0.022));
#8640=CARTESIAN_POINT('',(0.0152217558955921,0.0808712599002285,0.022));
#8641=CARTESIAN_POINT('',(0.0125128354109763,0.0808712599002285,0.022));
#8642=CARTESIAN_POINT('',(0.0125128354109763,0.0800534725841181,0.022));
#8643=CARTESIAN_POINT('',(0.0125128354109763,0.0792356852680077,0.022));
#8644=CARTESIAN_POINT('',(0.0146906733123758,0.0792356852680077,0.022));
#8645=CARTESIAN_POINT('',(0.0168685112137753,0.0792356852680077,0.022));
#8646=CARTESIAN_POINT('',(0.0168685112137753,0.0785504689425949,0.022));
#8647=CARTESIAN_POINT('',(0.0168685112137753,0.0778652526171821,0.022));
#8648=CARTESIAN_POINT('',(0.0146906733123758,0.0778652526171821,0.022));
#8649=CARTESIAN_POINT('',(0.0125128354109763,0.0778652526171821,0.022));
#8650=CARTESIAN_POINT('',(0.0125128354109763,0.0770474653010716,0.022));
#8651=CARTESIAN_POINT('',(0.0125128354109763,0.0762296779849612,0.022));
#8652=CARTESIAN_POINT('',(0.0152217558955921,0.0762296779849612,0.022));
#8653=CARTESIAN_POINT('',(-0.0148063721178371,0.074870426020098,0.022));
#8654=CARTESIAN_POINT('',(-0.0125526635013863,0.0748706181038599,0.022));
#8655=CARTESIAN_POINT('',(-0.0170600813416735,0.0748706516966571,0.022));
#8656=CARTESIAN_POINT('',(-0.0170743046684824,0.0762182174967546,0.022));
#8657=CARTESIAN_POINT('',(-0.0177700628297222,0.0750644742268761,0.022));
#8658=CARTESIAN_POINT('',(-0.0169996740581181,0.0763527187759504,0.022));
#8659=CARTESIAN_POINT('',(-0.0182867809437367,0.0755803865024342,0.022));
#8660=CARTESIAN_POINT('',(-0.0171350884168855,0.0762770204274425,0.022));
#8661=CARTESIAN_POINT('',(-0.0184813820329579,0.0762919676993075,0.022));
#8662=CARTESIAN_POINT('',(-0.0184816233177785,0.0785504689425949,0.022));
#8663=CARTESIAN_POINT('',(-0.0184813820329578,0.0808089701858823,0.022));
#8664=CARTESIAN_POINT('',(-0.0171350884168889,0.0808239174577482,0.022));
#8665=CARTESIAN_POINT('',(-0.018286780921543,0.0815205514204637,0.022));
#8666=CARTESIAN_POINT('',(-0.0169996740581174,0.0807482191092388,0.022));
#8667=CARTESIAN_POINT('',(-0.0177700628297222,0.0820364636583137,0.022));
#8668=CARTESIAN_POINT('',(-0.0170743046684824,0.0808827203884345,0.022));
#8669=CARTESIAN_POINT('',(-0.0170600813416735,0.0822302861885326,0.022));
#8670=CARTESIAN_POINT('',(-0.0148063721178371,0.0822305118650917,0.022));
#8671=CARTESIAN_POINT('',(-0.0125526635013863,0.0822303197813298,0.022));
#8672=CARTESIAN_POINT('',(-0.0125399567245699,0.0808549243504011,0.022));
#8673=CARTESIAN_POINT('',(-0.0118363339319173,0.0820363931586187,0.022));
#8674=CARTESIAN_POINT('',(-0.012585725567317,0.0807588303413384,0.022));
#8675=CARTESIAN_POINT('',(-0.0113155373215087,0.0815205774329756,0.022));
#8676=CARTESIAN_POINT('',(-0.0124722954985276,0.0808240957131824,0.022));
#8677=CARTESIAN_POINT('',(-0.0111217822026024,0.0808089702479317,0.022));
#8678=CARTESIAN_POINT('',(-0.0111215374727849,0.0805230613945409,0.022));
#8679=CARTESIAN_POINT('',(-0.0111215374727849,0.0802371552820726,0.022));
#8680=CARTESIAN_POINT('',(-0.0118011634552165,0.0802371552820726,0.022));
#8681=CARTESIAN_POINT('',(-0.0124807894376481,0.0802371552820726,0.022));
#8682=CARTESIAN_POINT('',(-0.0124807894376481,0.0804927138183571,0.022));
#8683=CARTESIAN_POINT('',(-0.0124807666898371,0.0807482722542124,0.022));
#8684=CARTESIAN_POINT('',(-0.0125924202858699,0.0807487651929671,0.022));
#8685=CARTESIAN_POINT('',(-0.0125215858119869,0.0808352400912525,0.022));
#8686=CARTESIAN_POINT('',(-0.0126134986928836,0.080736382551094,0.022));
#8687=CARTESIAN_POINT('',(-0.0126133603998226,0.0808712877245368,0.022));
#8688=CARTESIAN_POINT('',(-0.0148111638403924,0.0808712599002285,0.022));
#8689=CARTESIAN_POINT('',(-0.0170089679326671,0.0808712222248567,0.022));
#8690=CARTESIAN_POINT('',(-0.01701110300646,0.0807529681935548,0.022));
#8691=CARTESIAN_POINT('',(-0.0170959781703106,0.0808352838603894,0.022));
#8692=CARTESIAN_POINT('',(-0.0170136630913543,0.0807504081086633,0.022));
#8693=CARTESIAN_POINT('',(-0.0171319171226541,0.0807482730348696,0.022));
#8694=CARTESIAN_POINT('',(-0.017131954798026,0.0785504689425949,0.022));
#8695=CARTESIAN_POINT('',(-0.0171319171226541,0.0763526648503202,0.022));
#8696=CARTESIAN_POINT('',(-0.0170136630913541,0.0763505297765265,0.022));
#8697=CARTESIAN_POINT('',(-0.0170959787581894,0.0762656546126792,0.022));
#8698=CARTESIAN_POINT('',(-0.01701110300646,0.0763479696916349,0.022));
#8699=CARTESIAN_POINT('',(-0.0170089679326671,0.0762297156603331,0.022));
#8700=CARTESIAN_POINT('',(-0.0148111638403924,0.0762296779849612,0.022));
#8701=CARTESIAN_POINT('',(-0.0126133603998226,0.076229650160653,0.022));
#8702=CARTESIAN_POINT('',(-0.0126134986928836,0.0763645553340957,0.022));
#8703=CARTESIAN_POINT('',(-0.0125215895720322,0.0762656952594064,0.022));
#8704=CARTESIAN_POINT('',(-0.01259242028587,0.0763521726922227,0.022));
#8705=CARTESIAN_POINT('',(-0.0124807666898371,0.0763526656309774,0.022));
#8706=CARTESIAN_POINT('',(-0.0124807894376481,0.0770171177248879,0.022));
#8707=CARTESIAN_POINT('',(-0.0124807894376481,0.0776815699192276,0.022));
#8708=CARTESIAN_POINT('',(-0.0133137505418504,0.0776815699192276,0.022));
#8709=CARTESIAN_POINT('',(-0.0141467116460527,0.0776815699192276,0.022));
#8710=CARTESIAN_POINT('',(-0.0141467116460527,0.0783611959016592,0.022));
#8711=CARTESIAN_POINT('',(-0.0141467116460527,0.0790408218840908,0.022));
#8712=CARTESIAN_POINT('',(-0.0126341245594188,0.0790408218840908,0.022));
#8713=CARTESIAN_POINT('',(-0.0111215374727849,0.0790408218840908,0.022));
#8714=CARTESIAN_POINT('',(-0.0111215374727849,0.0776663961311357,0.022));
#8715=CARTESIAN_POINT('',(-0.0111217822026024,0.076291967637258,0.022));
#8716=CARTESIAN_POINT('',(-0.0124722954985278,0.0762768421720074,0.022));
#8717=CARTESIAN_POINT('',(-0.0113155373556539,0.0755803603952378,0.022));
#8718=CARTESIAN_POINT('',(-0.0125857255673159,0.0763421075438505,0.022));
#8719=CARTESIAN_POINT('',(-0.0118363337543734,0.0750645448333389,0.022));
#8720=CARTESIAN_POINT('',(-0.0125399567245706,0.0762460135347902,0.022));
#8721=CARTESIAN_POINT('',(-0.00864741139338054,0.0761274545704474,0.022));
#8722=CARTESIAN_POINT('',(-0.00864741139338054,0.0773844831207968,0.022));
#8723=CARTESIAN_POINT('',(-0.00864741139338054,0.074870426020098,0.022));
#8724=CARTESIAN_POINT('',(-0.0093222456532568,0.074870426020098,0.022));
#8725=CARTESIAN_POINT('',(-0.00999707991313307,0.074870426020098,0.022));
#8726=CARTESIAN_POINT('',(-0.00999707991313307,0.0785456772200395,0.022));
#8727=CARTESIAN_POINT('',(-0.00999707991313307,0.0822209284199811,0.022));
#8728=CARTESIAN_POINT('',(-0.00703260089223283,0.0822209284199811,0.022));
#8729=CARTESIAN_POINT('',(-0.00406812014873978,0.0822207398962318,0.022));
#8730=CARTESIAN_POINT('',(-0.00405559221000089,0.0808496590673513,0.022));
#8731=CARTESIAN_POINT('',(-0.00335179495647185,0.0820260033622963,0.022));
#8732=CARTESIAN_POINT('',(-0.00410673891653826,0.0807439742953092,0.022));
#8733=CARTESIAN_POINT('',(-0.00283100634519062,0.0815093893867788,0.022));
#8734=CARTESIAN_POINT('',(-0.00398478554479626,0.0808136097706849,0.022));
#8735=CARTESIAN_POINT('',(-0.00263721974469847,0.080799386443876,0.022));
#8736=CARTESIAN_POINT('',(-0.00263699406813938,0.0798074974929443,0.022));
#8737=CARTESIAN_POINT('',(-0.00263716725017368,0.0788156094356664,0.022));
#8738=CARTESIAN_POINT('',(-0.00400961401860048,0.0788038146492656,0.022));
#8739=CARTESIAN_POINT('',(-0.00283112004854073,0.0781008810091433,0.022));
#8740=CARTESIAN_POINT('',(-0.0040643177986164,0.0788245344247217,0.022));
#8741=CARTESIAN_POINT('',(-0.00335174236830651,0.0775849080012163,0.022));
#8742=CARTESIAN_POINT('',(-0.00405435670718159,0.0787980476199008,0.022));
#8743=CARTESIAN_POINT('',(-0.00406811978611545,0.0773958762469985,0.022));
#8744=CARTESIAN_POINT('',(-0.00635776663235657,0.0773900734637781,0.022));
#8745=CARTESIAN_POINT('',(0.09188,0.03122,0.01442));
#8746=CARTESIAN_POINT('',(0.08288,0.03122,0.02));
#8747=CARTESIAN_POINT('',(0.08288,0.03122,0.00184));
#8748=CARTESIAN_POINT('',(0.09188,0.03122,0.00184));
#8749=CARTESIAN_POINT('',(0.09188,0.03122,0.00184));
#8750=CARTESIAN_POINT('',(0.09188,0.03122,0.01442));
#8751=CARTESIAN_POINT('',(0.09188,0.00190000000000003,0.011));
#8752=CARTESIAN_POINT('',(0.09188,0.06894,0.01442));
#8753=CARTESIAN_POINT('',(0.09188,0.06894,0.00184));
#8754=CARTESIAN_POINT('',(0.09188,0.05972,0.00184));
#8755=CARTESIAN_POINT('',(-0.00632662043574689,0.0787549157716225,0.023));
#8756=CARTESIAN_POINT('',(-0.00632662043574689,0.0787549157716225,0.022));
#8757=CARTESIAN_POINT('',(-0.0085244263200156,0.0787550016386058,0.022));
#8758=CARTESIAN_POINT('',(-0.00412881680063153,0.0787549377667726,0.022));
#8759=CARTESIAN_POINT('',(-0.00852442384779362,0.0787549157716225,0.023));
#8760=CARTESIAN_POINT('',(-0.0085244263200156,0.0787550016386058,0.023));
#8761=CARTESIAN_POINT('',(-0.00632662043574689,0.0787549157716225,0.023));
#8762=CARTESIAN_POINT('',(-0.00412881680063153,0.0787549377667726,0.02299999975));
#8763=CARTESIAN_POINT('',(-0.00412881702370016,0.0787549157716225,0.023));
#8764=CARTESIAN_POINT('',(-0.00852817743066701,0.0788852878986029,0.023));
#8765=CARTESIAN_POINT('',(-0.00852817743066701,0.0788852878986029,0.022));
#8766=CARTESIAN_POINT('',(-0.0086112986863897,0.0787850030469148,0.022));
#8767=CARTESIAN_POINT('',(-0.0086112986863897,0.0787850030469148,0.023));
#8768=CARTESIAN_POINT('',(-0.0086112986863897,0.0787850030469148,0.023));
#8769=CARTESIAN_POINT('',(-0.00852817743066701,0.0788852878986029,0.023));
#8770=CARTESIAN_POINT('',(-0.00854635457368124,0.0788622327234669,0.023));
#8771=CARTESIAN_POINT('',(-0.00854635457368124,0.0788622327234669,0.022));
#8772=CARTESIAN_POINT('',(-0.00864728660664744,0.07886671708703,0.022));
#8773=CARTESIAN_POINT('',(-0.00864741139338054,0.0788667226312469,0.023));
#8774=CARTESIAN_POINT('',(-0.00864728660664744,0.07886671708703,0.02299999975));
#8775=CARTESIAN_POINT('',(-0.00854635457368124,0.0788622327234669,0.023));
#8776=CARTESIAN_POINT('',(-0.00864741139338054,0.0798074974929443,0.023));
#8777=CARTESIAN_POINT('',(-0.00864741139338054,0.0798074974929443,0.022));
#8778=CARTESIAN_POINT('',(-0.00864737371800864,0.0807482730348696,0.022));
#8779=CARTESIAN_POINT('',(-0.00864741139338054,0.0807482723546416,0.023));
#8780=CARTESIAN_POINT('',(-0.00864737371800864,0.0807482730348696,0.023));
#8781=CARTESIAN_POINT('',(-0.00864741139338054,0.0798074974929443,0.023));
#8782=CARTESIAN_POINT('',(-0.00852911968670869,0.0807504081086632,0.023));
#8783=CARTESIAN_POINT('',(-0.00852911968670869,0.0807504081086632,0.022));
#8784=CARTESIAN_POINT('',(-0.00861143534440518,0.0808352832636498,0.022));
#8785=CARTESIAN_POINT('',(-0.00861143563370696,0.0808352829653484,0.023));
#8786=CARTESIAN_POINT('',(-0.00861143534440518,0.0808352832636498,0.023));
#8787=CARTESIAN_POINT('',(-0.00852911968670869,0.0807504081086632,0.023));
#8788=CARTESIAN_POINT('',(-0.0085265596018154,0.0807529681935568,0.023));
#8789=CARTESIAN_POINT('',(-0.0085265596018154,0.0807529681935568,0.022));
#8790=CARTESIAN_POINT('',(-0.00852442452802159,0.0808712222248566,0.022));
#8791=CARTESIAN_POINT('',(-0.00852442384779362,0.0808712599002285,0.023));
#8792=CARTESIAN_POINT('',(-0.00852442452802159,0.0808712222248566,0.02299999975));
#8793=CARTESIAN_POINT('',(-0.0085265596018154,0.0807529681935568,0.023));
#8794=CARTESIAN_POINT('',(-0.00632662043574689,0.0808712599002285,0.023));
#8795=CARTESIAN_POINT('',(-0.00632662043574689,0.0808712599002285,0.022));
#8796=CARTESIAN_POINT('',(-0.0041288169951771,0.0808712877245368,0.022));
#8797=CARTESIAN_POINT('',(-0.00412881702370016,0.0808712599002285,0.023));
#8798=CARTESIAN_POINT('',(-0.0041288169951771,0.0808712877245368,0.023));
#8799=CARTESIAN_POINT('',(-0.00632662043574689,0.0808712599002285,0.023));
#8800=CARTESIAN_POINT('',(-0.00412895528823811,0.080736382551094,0.023));
#8801=CARTESIAN_POINT('',(-0.00412895528823811,0.080736382551094,0.022));
#8802=CARTESIAN_POINT('',(-0.00403704616738726,0.0808352426257827,0.022));
#8803=CARTESIAN_POINT('',(-0.00403697567472292,0.0808353219810635,0.023));
#8804=CARTESIAN_POINT('',(-0.00403704616738726,0.0808352426257827,0.023));
#8805=CARTESIAN_POINT('',(-0.00412895528823811,0.080736382551094,0.023));
#8806=CARTESIAN_POINT('',(-0.00410787688120819,0.080748765192973,0.023));
#8807=CARTESIAN_POINT('',(-0.00410787688120819,0.080748765192973,0.022));
#8808=CARTESIAN_POINT('',(-0.00399622328519181,0.0807482722542124,0.022));
#8809=CARTESIAN_POINT('',(-0.00399624603300258,0.0807482723546416,0.023));
#8810=CARTESIAN_POINT('',(-0.00399622328519181,0.0807482722542124,0.02299999975));
#8811=CARTESIAN_POINT('',(-0.00410787688120819,0.080748765192973,0.023));
#8812=CARTESIAN_POINT('',(-0.00399624603300258,0.0798074974929443,0.023));
#8813=CARTESIAN_POINT('',(-0.00399624603300258,0.0798074974929443,0.022));
#8814=CARTESIAN_POINT('',(-0.00399630773594068,0.0788667207787443,0.022));
#8815=CARTESIAN_POINT('',(-0.00399624603300258,0.0788667226312469,0.023));
#8816=CARTESIAN_POINT('',(-0.00399630773594068,0.0788667207787443,0.023));
#8817=CARTESIAN_POINT('',(-0.00399624603300258,0.0798074974929443,0.023));
#8818=CARTESIAN_POINT('',(-0.00409236630825922,0.0788638368196398,0.023));
#8819=CARTESIAN_POINT('',(-0.00409236630825922,0.0788638368196398,0.022));
#8820=CARTESIAN_POINT('',(-0.00403700275236762,0.0787853022653976,0.022));
#8821=CARTESIAN_POINT('',(-0.00403697567472292,0.0787852633478063,0.023));
#8822=CARTESIAN_POINT('',(-0.00403700275236762,0.0787853022653976,0.023));
#8823=CARTESIAN_POINT('',(-0.00409236630825922,0.0788638368196398,0.023));
#8824=CARTESIAN_POINT('',(-0.00999707991313307,0.0785456772200395,0.023));
#8825=CARTESIAN_POINT('',(-0.00999707991313307,0.074870426020098,0.023));
#8826=CARTESIAN_POINT('',(-0.00999707991313307,0.074870426020098,0.023));
#8827=CARTESIAN_POINT('',(-0.00999707991313307,0.0785456772200395,0.023));
#8828=CARTESIAN_POINT('',(-0.00999707991313307,0.0822209284199811,0.023));
#8829=CARTESIAN_POINT('',(-0.00999707991313307,0.0822209284199811,0.023));
#8830=CARTESIAN_POINT('',(-0.0093222456532568,0.074870426020098,0.023));
#8831=CARTESIAN_POINT('',(-0.00864741139338054,0.074870426020098,0.023));
#8832=CARTESIAN_POINT('',(-0.00864741139338054,0.074870426020098,0.023));
#8833=CARTESIAN_POINT('',(-0.0093222456532568,0.074870426020098,0.023));
#8834=CARTESIAN_POINT('',(-0.00864741139338054,0.0761274545704474,0.023));
#8835=CARTESIAN_POINT('',(-0.00864741139338054,0.0773844831207968,0.023));
#8836=CARTESIAN_POINT('',(-0.00864741139338054,0.0773844831207968,0.023));
#8837=CARTESIAN_POINT('',(-0.00864741139338054,0.0761274545704474,0.023));
#8838=CARTESIAN_POINT('',(-0.00635776663235657,0.0773900734637781,0.023));
#8839=CARTESIAN_POINT('',(-0.00406812187133259,0.0773956638067593,0.023));
#8840=CARTESIAN_POINT('',(-0.00406811978611545,0.0773958762469985,0.023));
#8841=CARTESIAN_POINT('',(-0.00635776663235657,0.0773900734637781,0.023));
#8842=CARTESIAN_POINT('',(-0.00405435670718159,0.0787980476199008,0.023));
#8843=CARTESIAN_POINT('',(-0.0033517593493101,0.077584936847695,0.023));
#8844=CARTESIAN_POINT('',(-0.00335174236830651,0.0775849080012163,0.023));
#8845=CARTESIAN_POINT('',(-0.00405435670718159,0.0787980476199008,0.023));
#8846=CARTESIAN_POINT('',(-0.0040643177986164,0.0788245344247217,0.023));
#8847=CARTESIAN_POINT('',(-0.00283105883163042,0.0781008456428193,0.023));
#8848=CARTESIAN_POINT('',(-0.00283112004854073,0.0781008810091433,0.023));
#8849=CARTESIAN_POINT('',(-0.0040643177986164,0.0788245344247217,0.023));
#8850=CARTESIAN_POINT('',(-0.00400961401860048,0.0788038146492656,0.023));
#8851=CARTESIAN_POINT('',(-0.00263699406813938,0.0788156109239901,0.023));
#8852=CARTESIAN_POINT('',(-0.00263716725017368,0.0788156094356664,0.02299999975));
#8853=CARTESIAN_POINT('',(-0.00400961401860048,0.0788038146492656,0.023));
#8854=CARTESIAN_POINT('',(-0.00263699406813938,0.0798074974929443,0.023));
#8855=CARTESIAN_POINT('',(-0.00263699406813938,0.0807993840618985,0.023));
#8856=CARTESIAN_POINT('',(-0.00263721974469847,0.080799386443876,0.023));
#8857=CARTESIAN_POINT('',(-0.00263699406813938,0.0798074974929443,0.023));
#8858=CARTESIAN_POINT('',(-0.00398478554479626,0.0808136097706849,0.023));
#8859=CARTESIAN_POINT('',(-0.00283105883163042,0.0815093576205139,0.023));
#8860=CARTESIAN_POINT('',(-0.00283100634519062,0.0815093893867788,0.023));
#8861=CARTESIAN_POINT('',(-0.00398478554479626,0.0808136097706849,0.023));
#8862=CARTESIAN_POINT('',(-0.00410673891653826,0.0807439742953092,0.023));
#8863=CARTESIAN_POINT('',(-0.0033517593493101,0.0820260650360641,0.023));
#8864=CARTESIAN_POINT('',(-0.00335179495647185,0.0820260033622963,0.023));
#8865=CARTESIAN_POINT('',(-0.00410673891653826,0.0807439742953092,0.023));
#8866=CARTESIAN_POINT('',(-0.00405559221000089,0.0808496590673513,0.023));
#8867=CARTESIAN_POINT('',(-0.00406812187133259,0.0822209284199811,0.023));
#8868=CARTESIAN_POINT('',(-0.00406812014873978,0.0822207398962318,0.02299999975));
#8869=CARTESIAN_POINT('',(-0.00405559221000089,0.0808496590673513,0.023));
#8870=CARTESIAN_POINT('',(-0.00703260089223283,0.0822209284199811,0.023));
#8871=CARTESIAN_POINT('',(-0.00703260089223283,0.0822209284199811,0.023));
#8872=CARTESIAN_POINT('',(-0.00412729939349535,0.07890455807457,0.023));
#8873=CARTESIAN_POINT('',(-0.00412729939349535,0.07890455807457,0.022));
#8874=CARTESIAN_POINT('',(-0.00412729939349535,0.07890455807457,0.023));
#8875=CARTESIAN_POINT('',(1.38777878078145E-17,0.00190000000000004,0.023));
#8876=CARTESIAN_POINT('',(1.38777878078145E-17,0.00190000000000004,0.023));
#8877=CARTESIAN_POINT('',(0.000726795165705393,0.0778708429601633,0.023));
#8878=CARTESIAN_POINT('',(0.000726795165705393,0.074870426020098,0.023));
#8879=CARTESIAN_POINT('',(0.000726795165705393,0.0808712599002285,0.023));
#8880=CARTESIAN_POINT('',(0.00140642114813699,0.074870426020098,0.023));
#8881=CARTESIAN_POINT('',(0.0020860471305686,0.074870426020098,0.023));
#8882=CARTESIAN_POINT('',(0.0020860471305686,0.0778708429601633,0.023));
#8883=CARTESIAN_POINT('',(0.0020860471305686,0.0808712599002285,0.023));
#8884=CARTESIAN_POINT('',(0.00358346042911061,0.0808712599002285,0.023));
#8885=CARTESIAN_POINT('',(0.00508087372765262,0.0808712599002285,0.023));
#8886=CARTESIAN_POINT('',(0.00508087372765262,0.0815508858826601,0.023));
#8887=CARTESIAN_POINT('',(0.00508087372765262,0.0822305118650917,0.023));
#8888=CARTESIAN_POINT('',(0.00140083080515577,0.0822305118650917,0.023));
#8889=CARTESIAN_POINT('',(-0.00227921211734107,0.0822305118650917,0.023));
#8890=CARTESIAN_POINT('',(-0.00227921211734107,0.0815508858826601,0.023));
#8891=CARTESIAN_POINT('',(-0.00227921211734107,0.0808712599002285,0.023));
#8892=CARTESIAN_POINT('',(-0.00077620847581784,0.0808712599002285,0.023));
#8893=CARTESIAN_POINT('',(-0.00077620847581784,0.0808712599002285,0.023));
#8894=CARTESIAN_POINT('',(0.000726795165705393,0.0808712599002285,0.023));
#8895=CARTESIAN_POINT('',(-0.00227921211734107,0.0808712599002285,0.023));
#8896=CARTESIAN_POINT('',(-0.00227921211734107,0.0815508858826601,0.023));
#8897=CARTESIAN_POINT('',(-0.00227921211734107,0.0822305118650917,0.023));
#8898=CARTESIAN_POINT('',(0.00140083080515577,0.0822305118650917,0.023));
#8899=CARTESIAN_POINT('',(0.00508087372765262,0.0822305118650917,0.023));
#8900=CARTESIAN_POINT('',(0.00508087372765262,0.0815508858826601,0.023));
#8901=CARTESIAN_POINT('',(0.00508087372765262,0.0808712599002285,0.023));
#8902=CARTESIAN_POINT('',(0.00358346042911061,0.0808712599002285,0.023));
#8903=CARTESIAN_POINT('',(0.0020860471305686,0.0808712599002285,0.023));
#8904=CARTESIAN_POINT('',(0.0020860471305686,0.0778708429601633,0.023));
#8905=CARTESIAN_POINT('',(0.0020860471305686,0.074870426020098,0.023));
#8906=CARTESIAN_POINT('',(0.00140642114813699,0.074870426020098,0.023));
#8907=CARTESIAN_POINT('',(0.000726795165705393,0.074870426020098,0.023));
#8908=CARTESIAN_POINT('',(0.000726795165705393,0.0778708429601633,0.023));
#8909=CARTESIAN_POINT('',(1.38777878078145E-17,0.00190000000000004,0.023));
#8910=CARTESIAN_POINT('',(0.00587949415354169,0.0778908084708105,0.023));
#8911=CARTESIAN_POINT('',(0.00587949415354169,0.0772215645539155,0.023));
#8912=CARTESIAN_POINT('',(0.00587949415354169,0.0785600523877055,0.023));
#8913=CARTESIAN_POINT('',(0.00796948380809339,0.0772215645539155,0.023));
#8914=CARTESIAN_POINT('',(0.0100594734626451,0.0772215645539155,0.023));
#8915=CARTESIAN_POINT('',(0.0100594734626451,0.0778908084708105,0.023));
#8916=CARTESIAN_POINT('',(0.0100594734626451,0.0785600523877055,0.023));
#8917=CARTESIAN_POINT('',(0.00796948380809339,0.0785600523877055,0.023));
#8918=CARTESIAN_POINT('',(0.00796948380809339,0.0785600523877055,0.023));
#8919=CARTESIAN_POINT('',(0.00587949415354169,0.0785600523877055,0.023));
#8920=CARTESIAN_POINT('',(0.0100594734626451,0.0785600523877055,0.023));
#8921=CARTESIAN_POINT('',(0.0100594734626451,0.0778908084708105,0.023));
#8922=CARTESIAN_POINT('',(0.0100594734626451,0.0772215645539155,0.023));
#8923=CARTESIAN_POINT('',(0.00796948380809339,0.0772215645539155,0.023));
#8924=CARTESIAN_POINT('',(0.00587949415354169,0.0772215645539155,0.023));
#8925=CARTESIAN_POINT('',(0.00587949415354169,0.0778908084708105,0.023));
#8926=CARTESIAN_POINT('',(1.38777878078145E-17,0.00190000000000004,0.023));
#8927=CARTESIAN_POINT('',(0.0111535834461131,0.0785504689425949,0.023));
#8928=CARTESIAN_POINT('',(0.0111535834461131,0.074870426020098,0.023));
#8929=CARTESIAN_POINT('',(0.0111535834461131,0.0822305118650917,0.023));
#8930=CARTESIAN_POINT('',(0.0145421299131604,0.074870426020098,0.023));
#8931=CARTESIAN_POINT('',(0.0179306763802078,0.074870426020098,0.023));
#8932=CARTESIAN_POINT('',(0.0179306763802078,0.0755500520025296,0.023));
#8933=CARTESIAN_POINT('',(0.0179306763802078,0.0762296779849612,0.023));
#8934=CARTESIAN_POINT('',(0.0152217558955921,0.0762296779849612,0.023));
#8935=CARTESIAN_POINT('',(0.0125128354109763,0.0762296779849612,0.023));
#8936=CARTESIAN_POINT('',(0.0125128354109763,0.0770474653010716,0.023));
#8937=CARTESIAN_POINT('',(0.0125128354109763,0.0778652526171821,0.023));
#8938=CARTESIAN_POINT('',(0.0146906733123758,0.0778652526171821,0.023));
#8939=CARTESIAN_POINT('',(0.0168685112137753,0.0778652526171821,0.023));
#8940=CARTESIAN_POINT('',(0.0168685112137753,0.0785504689425949,0.023));
#8941=CARTESIAN_POINT('',(0.0168685112137753,0.0792356852680077,0.023));
#8942=CARTESIAN_POINT('',(0.0146906733123758,0.0792356852680077,0.023));
#8943=CARTESIAN_POINT('',(0.0125128354109763,0.0792356852680077,0.023));
#8944=CARTESIAN_POINT('',(0.0125128354109763,0.0800534725841181,0.023));
#8945=CARTESIAN_POINT('',(0.0125128354109763,0.0808712599002285,0.023));
#8946=CARTESIAN_POINT('',(0.0152217558955921,0.0808712599002285,0.023));
#8947=CARTESIAN_POINT('',(0.0179306763802078,0.0808712599002285,0.023));
#8948=CARTESIAN_POINT('',(0.0179306763802078,0.0815508858826601,0.023));
#8949=CARTESIAN_POINT('',(0.0179306763802078,0.0822305118650917,0.023));
#8950=CARTESIAN_POINT('',(0.0145421299131604,0.0822305118650917,0.023));
#8951=CARTESIAN_POINT('',(0.0146906733123758,0.0792356852680077,0.023));
#8952=CARTESIAN_POINT('',(0.0125128354109763,0.0792356852680077,0.023));
#8953=CARTESIAN_POINT('',(0.0168685112137753,0.0792356852680077,0.023));
#8954=CARTESIAN_POINT('',(0.0168685112137753,0.0785504689425949,0.023));
#8955=CARTESIAN_POINT('',(0.0168685112137753,0.0778652526171821,0.023));
#8956=CARTESIAN_POINT('',(0.0146906733123758,0.0778652526171821,0.023));
#8957=CARTESIAN_POINT('',(0.0125128354109763,0.0778652526171821,0.023));
#8958=CARTESIAN_POINT('',(0.0145421299131604,0.0822305118650917,0.023));
#8959=CARTESIAN_POINT('',(0.0111535834461131,0.0822305118650917,0.023));
#8960=CARTESIAN_POINT('',(0.0179306763802078,0.0822305118650917,0.023));
#8961=CARTESIAN_POINT('',(0.0179306763802078,0.0815508858826601,0.023));
#8962=CARTESIAN_POINT('',(0.0179306763802078,0.0808712599002285,0.023));
#8963=CARTESIAN_POINT('',(0.0152217558955921,0.0808712599002285,0.023));
#8964=CARTESIAN_POINT('',(0.0125128354109763,0.0808712599002285,0.023));
#8965=CARTESIAN_POINT('',(0.0152217558955921,0.0762296779849612,0.023));
#8966=CARTESIAN_POINT('',(0.0125128354109763,0.0762296779849612,0.023));
#8967=CARTESIAN_POINT('',(0.0179306763802078,0.0762296779849612,0.023));
#8968=CARTESIAN_POINT('',(0.0179306763802078,0.0755500520025296,0.023));
#8969=CARTESIAN_POINT('',(0.0179306763802078,0.074870426020098,0.023));
#8970=CARTESIAN_POINT('',(0.0145421299131604,0.074870426020098,0.023));
#8971=CARTESIAN_POINT('',(0.0111535834461131,0.074870426020098,0.023));
#8972=CARTESIAN_POINT('',(0.0111535834461131,0.0785504689425949,0.023));
#8973=CARTESIAN_POINT('',(0.0125128354109763,0.0800534725841181,0.023));
#8974=CARTESIAN_POINT('',(0.0125128354109763,0.0770474653010716,0.023));
#8975=CARTESIAN_POINT('',(1.38777878078145E-17,0.00190000000000004,0.023));
#8976=CARTESIAN_POINT('',(-0.0170743046684824,0.0762182174967546,0.023));
#8977=CARTESIAN_POINT('',(-0.0170600813416735,0.0748706516966571,0.02299999975));
#8978=CARTESIAN_POINT('',(-0.0177700628297222,0.0750644742268761,0.023));
#8979=CARTESIAN_POINT('',(-0.0148063721178371,0.074870426020098,0.023));
#8980=CARTESIAN_POINT('',(-0.0125526635013863,0.0748706181038599,0.023));
#8981=CARTESIAN_POINT('',(-0.0125399567245706,0.0762460135347902,0.023));
#8982=CARTESIAN_POINT('',(-0.0118363340470059,0.0750645446585512,0.0229999999999985));
#8983=CARTESIAN_POINT('',(-0.0125857255673159,0.0763421075438505,0.023));
#8984=CARTESIAN_POINT('',(-0.0113155373959058,0.0755803603281191,0.02299999975));
#8985=CARTESIAN_POINT('',(-0.0124722954985278,0.0762768421720074,0.023));
#8986=CARTESIAN_POINT('',(-0.0111217822026024,0.076291967637258,0.02299999975));
#8987=CARTESIAN_POINT('',(-0.0111215374727849,0.0776663961311357,0.023));
#8988=CARTESIAN_POINT('',(-0.0111215374727849,0.0790408218840908,0.023));
#8989=CARTESIAN_POINT('',(-0.0126341245594188,0.0790408218840908,0.023));
#8990=CARTESIAN_POINT('',(-0.0141467116460527,0.0790408218840908,0.023));
#8991=CARTESIAN_POINT('',(-0.0141467116460527,0.0783611959016592,0.023));
#8992=CARTESIAN_POINT('',(-0.0141467116460527,0.0776815699192276,0.023));
#8993=CARTESIAN_POINT('',(-0.0133137505418504,0.0776815699192276,0.023));
#8994=CARTESIAN_POINT('',(-0.0124807894376481,0.0776815699192276,0.023));
#8995=CARTESIAN_POINT('',(-0.0124807894376481,0.0770171177248879,0.023));
#8996=CARTESIAN_POINT('',(-0.0124807666898371,0.0763526656309774,0.023));
#8997=CARTESIAN_POINT('',(-0.01259242028587,0.0763521726922227,0.023));
#8998=CARTESIAN_POINT('',(-0.0125215897804025,0.0762656944748573,0.02299999975));
#8999=CARTESIAN_POINT('',(-0.0126134986928836,0.0763645553340957,0.023));
#9000=CARTESIAN_POINT('',(-0.0126133603998226,0.076229650160653,0.02299999975));
#9001=CARTESIAN_POINT('',(-0.0148111638403924,0.0762296779849612,0.023));
#9002=CARTESIAN_POINT('',(-0.0170089679326671,0.0762297156603331,0.023));
#9003=CARTESIAN_POINT('',(-0.01701110300646,0.0763479696916349,0.023));
#9004=CARTESIAN_POINT('',(-0.0170959787581894,0.0762656546126792,0.023));
#9005=CARTESIAN_POINT('',(-0.0170136630913541,0.0763505297765265,0.023));
#9006=CARTESIAN_POINT('',(-0.0171319171226541,0.0763526648503202,0.02299999975));
#9007=CARTESIAN_POINT('',(-0.017131954798026,0.0785504689425949,0.023));
#9008=CARTESIAN_POINT('',(-0.0171319171226541,0.0807482730348696,0.023));
#9009=CARTESIAN_POINT('',(-0.0170136630913543,0.0807504081086633,0.023));
#9010=CARTESIAN_POINT('',(-0.0170959781703106,0.0808352838603894,0.023));
#9011=CARTESIAN_POINT('',(-0.01701110300646,0.0807529681935548,0.023));
#9012=CARTESIAN_POINT('',(-0.0170089679326671,0.0808712222248567,0.02299999975));
#9013=CARTESIAN_POINT('',(-0.0148111638403924,0.0808712599002285,0.023));
#9014=CARTESIAN_POINT('',(-0.0126133603998226,0.0808712877245368,0.023));
#9015=CARTESIAN_POINT('',(-0.0126134986928836,0.080736382551094,0.023));
#9016=CARTESIAN_POINT('',(-0.012521586482308,0.0808352407090401,0.023));
#9017=CARTESIAN_POINT('',(-0.0125924202858699,0.0807487651929671,0.023));
#9018=CARTESIAN_POINT('',(-0.0124807666898371,0.0807482722542124,0.02299999975));
#9019=CARTESIAN_POINT('',(-0.0124807894376481,0.0804927138183571,0.023));
#9020=CARTESIAN_POINT('',(-0.0124807894376481,0.0802371552820726,0.023));
#9021=CARTESIAN_POINT('',(-0.0118011634552165,0.0802371552820726,0.023));
#9022=CARTESIAN_POINT('',(-0.0111215374727849,0.0802371552820726,0.023));
#9023=CARTESIAN_POINT('',(-0.0111215374727849,0.0805230613945409,0.023));
#9024=CARTESIAN_POINT('',(-0.0111217822026024,0.0808089702479317,0.023));
#9025=CARTESIAN_POINT('',(-0.0124722954985276,0.0808240957131824,0.023));
#9026=CARTESIAN_POINT('',(-0.0113155373276107,0.081520577443121,0.02299999975));
#9027=CARTESIAN_POINT('',(-0.012585725567317,0.0807588303413384,0.023));
#9028=CARTESIAN_POINT('',(-0.0118363338168977,0.0820363930911507,0.02299999975));
#9029=CARTESIAN_POINT('',(-0.0125399567245699,0.0808549243504011,0.023));
#9030=CARTESIAN_POINT('',(-0.0125526635013863,0.0822303197813298,0.02299999975));
#9031=CARTESIAN_POINT('',(-0.0148063721178371,0.0822305118650917,0.023));
#9032=CARTESIAN_POINT('',(-0.0170600813416735,0.0822302861885326,0.023));
#9033=CARTESIAN_POINT('',(-0.0170743046684824,0.0808827203884345,0.023));
#9034=CARTESIAN_POINT('',(-0.0177700629098093,0.0820364636103567,0.0229999997500006));
#9035=CARTESIAN_POINT('',(-0.0169996740581174,0.0807482191092388,0.023));
#9036=CARTESIAN_POINT('',(-0.0182867808450386,0.0815205515479599,0.02299999975));
#9037=CARTESIAN_POINT('',(-0.0171350884168889,0.0808239174577482,0.023));
#9038=CARTESIAN_POINT('',(-0.0184813820329578,0.0808089701858823,0.02299999975));
#9039=CARTESIAN_POINT('',(-0.0184816233177785,0.0785504689425949,0.023));
#9040=CARTESIAN_POINT('',(-0.0184813820329579,0.0762919676993075,0.023));
#9041=CARTESIAN_POINT('',(-0.0171350884168855,0.0762770204274425,0.023));
#9042=CARTESIAN_POINT('',(-0.0182867809985201,0.0755803865923292,0.0229999999499989));
#9043=CARTESIAN_POINT('',(-0.0169996740581181,0.0763527187759504,0.023));
#9044=CARTESIAN_POINT('',(-0.0169996740581181,0.0763527187759504,0.023));
#9045=CARTESIAN_POINT('',(-0.0177700525183114,0.0750644907835891,0.023));
#9046=CARTESIAN_POINT('',(-0.0182867599338617,0.0755803995787134,0.023));
#9047=CARTESIAN_POINT('',(-0.0171350884168855,0.0762770204274425,0.023));
#9048=CARTESIAN_POINT('',(-0.0184816233177785,0.0762919703781806,0.023));
#9049=CARTESIAN_POINT('',(-0.0184816233177785,0.0785504689425949,0.023));
#9050=CARTESIAN_POINT('',(-0.0184816233177785,0.0808089675070092,0.023));
#9051=CARTESIAN_POINT('',(-0.0171350884168889,0.0808239174577482,0.023));
#9052=CARTESIAN_POINT('',(-0.0182867599338617,0.0815205383064763,0.023));
#9053=CARTESIAN_POINT('',(-0.0169996740581174,0.0807482191092388,0.023));
#9054=CARTESIAN_POINT('',(-0.0177700525183114,0.0820364471016007,0.023));
#9055=CARTESIAN_POINT('',(-0.0170743046684824,0.0808827203884345,0.023));
#9056=CARTESIAN_POINT('',(-0.017060078959696,0.0822305118650917,0.023));
#9057=CARTESIAN_POINT('',(-0.0148063721178371,0.0822305118650917,0.023));
#9058=CARTESIAN_POINT('',(-0.0125526652759781,0.0822305118650917,0.023));
#9059=CARTESIAN_POINT('',(-0.0125399567245699,0.0808549243504011,0.023));
#9060=CARTESIAN_POINT('',(-0.0118363027539556,0.0820364471016007,0.023));
#9061=CARTESIAN_POINT('',(-0.012585725567317,0.0807588303413384,0.023));
#9062=CARTESIAN_POINT('',(-0.0113156022362759,0.0815205383064763,0.023));
#9063=CARTESIAN_POINT('',(-0.0124722954985276,0.0808240957131824,0.023));
#9064=CARTESIAN_POINT('',(-0.0111215374727849,0.0808089675070092,0.023));
#9065=CARTESIAN_POINT('',(-0.0111215374727849,0.0805230613945409,0.023));
#9066=CARTESIAN_POINT('',(-0.0111215374727849,0.0802371552820726,0.023));
#9067=CARTESIAN_POINT('',(-0.0118011634552165,0.0802371552820726,0.023));
#9068=CARTESIAN_POINT('',(-0.0124807894376481,0.0802371552820726,0.023));
#9069=CARTESIAN_POINT('',(-0.0124807894376481,0.0804927138183571,0.023));
#9070=CARTESIAN_POINT('',(-0.0124807894376481,0.0807482723546416,0.023));
#9071=CARTESIAN_POINT('',(-0.0133137505418504,0.0776815699192276,0.023));
#9072=CARTESIAN_POINT('',(-0.0124807894376481,0.0776815699192276,0.023));
#9073=CARTESIAN_POINT('',(-0.0141467116460527,0.0776815699192276,0.023));
#9074=CARTESIAN_POINT('',(-0.0141467116460527,0.0783611959016592,0.023));
#9075=CARTESIAN_POINT('',(-0.0141467116460527,0.0790408218840908,0.023));
#9076=CARTESIAN_POINT('',(-0.0126341245594188,0.0790408218840908,0.023));
#9077=CARTESIAN_POINT('',(-0.0111215374727849,0.0790408218840908,0.023));
#9078=CARTESIAN_POINT('',(-0.0111215374727849,0.0776663961311357,0.023));
#9079=CARTESIAN_POINT('',(-0.0111215374727849,0.0762919703781806,0.023));
#9080=CARTESIAN_POINT('',(-0.0124722954985278,0.0762768421720074,0.023));
#9081=CARTESIAN_POINT('',(-0.0113156022362759,0.0755803995787134,0.023));
#9082=CARTESIAN_POINT('',(-0.0125857255673159,0.0763421075438505,0.023));
#9083=CARTESIAN_POINT('',(-0.0118363027539556,0.0750644907835891,0.023));
#9084=CARTESIAN_POINT('',(-0.0125399567245706,0.0762460135347902,0.023));
#9085=CARTESIAN_POINT('',(-0.0125526652759781,0.074870426020098,0.023));
#9086=CARTESIAN_POINT('',(-0.0148063721178371,0.074870426020098,0.023));
#9087=CARTESIAN_POINT('',(-0.017060078959696,0.074870426020098,0.023));
#9088=CARTESIAN_POINT('',(-0.0170743046684824,0.0762182174967546,0.023));
#9089=CARTESIAN_POINT('',(-0.0125924202858699,0.0807487651929671,0.023));
#9090=CARTESIAN_POINT('',(-0.0125215190793684,0.0808353219810635,0.023));
#9091=CARTESIAN_POINT('',(-0.0126134986928836,0.080736382551094,0.023));
#9092=CARTESIAN_POINT('',(-0.0126133604283457,0.0808712599002285,0.023));
#9093=CARTESIAN_POINT('',(-0.0148111638403924,0.0808712599002285,0.023));
#9094=CARTESIAN_POINT('',(-0.0170089672524391,0.0808712599002285,0.023));
#9095=CARTESIAN_POINT('',(-0.01701110300646,0.0807529681935548,0.023));
#9096=CARTESIAN_POINT('',(-0.0170959778808696,0.0808352841588302,0.023));
#9097=CARTESIAN_POINT('',(-0.0170136630913543,0.0807504081086633,0.023));
#9098=CARTESIAN_POINT('',(-0.017131954798026,0.0807482723546416,0.023));
#9099=CARTESIAN_POINT('',(-0.017131954798026,0.0785504689425949,0.023));
#9100=CARTESIAN_POINT('',(-0.017131954798026,0.0763526655305482,0.023));
#9101=CARTESIAN_POINT('',(-0.0170136630913541,0.0763505297765265,0.023));
#9102=CARTESIAN_POINT('',(-0.0170959790566276,0.0762656549021177,0.023));
#9103=CARTESIAN_POINT('',(-0.01701110300646,0.0763479696916349,0.023));
#9104=CARTESIAN_POINT('',(-0.0170089672524391,0.0762296779849612,0.023));
#9105=CARTESIAN_POINT('',(-0.0148111638403924,0.0762296779849612,0.023));
#9106=CARTESIAN_POINT('',(-0.0126133604283457,0.0762296779849612,0.023));
#9107=CARTESIAN_POINT('',(-0.0126134986928836,0.0763645553340957,0.023));
#9108=CARTESIAN_POINT('',(-0.0125215190793684,0.0762656159041262,0.023));
#9109=CARTESIAN_POINT('',(-0.01259242028587,0.0763521726922227,0.023));
#9110=CARTESIAN_POINT('',(-0.0124807894376481,0.0763526655305482,0.023));
#9111=CARTESIAN_POINT('',(-0.0124807894376481,0.0770171177248879,0.023));
#9112=CARTESIAN_POINT('',(-0.0848,-0.08388,0.01308));
#9113=CARTESIAN_POINT('',(-0.0848,-0.08388,-0.00216));
#9114=CARTESIAN_POINT('',(-0.08288,-0.08388,-0.00216));
#9115=CARTESIAN_POINT('',(-0.0848,-0.08388,-0.005));
#9116=CARTESIAN_POINT('',(-0.0908266457254645,-0.08388,0.00446000293523168));
#9117=CARTESIAN_POINT('',(-0.0908257246265078,-0.08388,0.00496173485633807));
#9118=CARTESIAN_POINT('',(-0.0905215565787132,-0.08388,0.0059130088192528));
#9119=CARTESIAN_POINT('',(-0.089997899998951,-0.08388,0.00663675061348878));
#9120=CARTESIAN_POINT('',(-0.0891075537523687,-0.08388,0.00774936833547489));
#9121=CARTESIAN_POINT('',(-0.0864803843717214,-0.08388,0.00807203));
#9122=CARTESIAN_POINT('',(-0.0865763516900529,-0.08388,0.00807220618053202));
#9123=CARTESIAN_POINT('',(-0.0865763516900529,-0.08388,0.00807220618053202));
#9124=CARTESIAN_POINT('',(-0.0848091994583239,-0.08388,0.00806896197379827));
#9125=CARTESIAN_POINT('',(-0.0864803843717214,-0.08388,0.00807203));
#9126=CARTESIAN_POINT('',(-0.0848,-0.08388,0.00807203));
#9127=CARTESIAN_POINT('',(-0.08288,-0.08388,0.00807203));
#9128=CARTESIAN_POINT('',(-0.08288,-0.08388,0.01308));
#9129=CARTESIAN_POINT('',(-0.08288,0.08448,0.02));
#9130=CARTESIAN_POINT('',(-0.08288,0.0854298729810778,0.0205484094213212));
#9131=CARTESIAN_POINT('',(-0.08288,0.09152,0.01));
#9132=CARTESIAN_POINT('',(-0.08288,0.09152,0.02));
#9133=CARTESIAN_POINT('',(-0.08288,0.0689398049775502,-0.005));
#9134=CARTESIAN_POINT('',(-0.08288,-0.00321999999999996,-0.00216));
#9135=CARTESIAN_POINT('',(-0.08288,-0.06272,0.00807203));
#9136=CARTESIAN_POINT('',(-0.08288,0.03122,0.02));
#9137=CARTESIAN_POINT('',(-0.08288,0.03122,0.00184));
#9138=CARTESIAN_POINT('',(-0.08288,0.08448,0.00184));
#9139=CARTESIAN_POINT('',(-0.08288,0.06894,0.00184));
#9140=CARTESIAN_POINT('',(-0.08288,0.06894,0.02));
#9141=CARTESIAN_POINT('',(-0.06816,0.09152,0.02));
#9142=CARTESIAN_POINT('',(-0.06816,0.09152,0.01));
#9143=CARTESIAN_POINT('',(-0.05344,0.09152,0.01));
#9144=CARTESIAN_POINT('',(-0.05344,0.09152,0.02));
#9145=CARTESIAN_POINT('',(-0.05344,0.088,0.02));
#9146=CARTESIAN_POINT('',(-0.05344,0.0863098729810778,0.0190242047106606));
#9147=CARTESIAN_POINT('',(0.05344,0.088,0.02));
#9148=CARTESIAN_POINT('',(0.05344,0.09152,0.01));
#9149=CARTESIAN_POINT('',(0.05344,0.09152,0.01));
#9150=CARTESIAN_POINT('',(0.05344,0.09152,0.02));
#9151=CARTESIAN_POINT('',(0.06816,0.09152,0.02));
#9152=CARTESIAN_POINT('',(0.06816,0.09152,0.01));
#9153=CARTESIAN_POINT('',(0.08288,0.09152,0.01));
#9154=CARTESIAN_POINT('',(0.08288,0.09152,0.02));
#9155=CARTESIAN_POINT('',(0.08288,-0.00322,0.02));
#9156=CARTESIAN_POINT('',(0.08288,0.0635048729810778,0.0585236233772689));
#9157=CARTESIAN_POINT('',(0.08288,0.06894,0.02));
#9158=CARTESIAN_POINT('',(0.08288,0.06894,0.00184));
#9159=CARTESIAN_POINT('',(0.08288,-0.00322,0.00184));
#9160=CARTESIAN_POINT('',(0.08288,-0.06272,0.00807935059932756));
#9161=CARTESIAN_POINT('',(0.08288,-0.00322,-0.00216));
#9162=CARTESIAN_POINT('',(0.08288,0.06894,-0.00216));
#9163=CARTESIAN_POINT('',(0.08288,0.06894,-0.00216));
#9164=CARTESIAN_POINT('',(-0.00458314106799668,-0.0297628174722194,-0.005));
#9165=CARTESIAN_POINT('',(-0.00458314106799668,-0.0719048437361097,0.002));
#9166=CARTESIAN_POINT('',(-0.00458314106799668,-0.0719048437361097,0.002));
#9167=CARTESIAN_POINT('',(-0.00458314106799668,0.0152371825277806,-0.005));
#9168=CARTESIAN_POINT('',(-0.00458314106799668,2.74905595354833E-17,0.002));
#9169=CARTESIAN_POINT('',(-0.0395831410679967,0.0152371825277806,-0.005));
#9170=CARTESIAN_POINT('',(-0.0735831410679967,0.0152371825277806,-0.005));
#9171=CARTESIAN_POINT('',(-0.0735831410679967,0.0152371825277806,0.0210351498902111));
#9172=CARTESIAN_POINT('',(-0.0735831410679967,0.0152371825277806,0.0210351498902111));
#9173=CARTESIAN_POINT('',(-0.0785815348046933,0.0152371825277806,0.0210351498902111));
#9174=CARTESIAN_POINT('',(-0.0891313661976484,0.0152371825277806,0.0426683577924483));
#9175=CARTESIAN_POINT('',(-0.0805831410679967,0.0152371825277805,0.0201686071664678));
#9176=CARTESIAN_POINT('',(-0.0823831410679967,0.0152371825277805,0.0201686071664678));
#9177=CARTESIAN_POINT('',(-0.0823831410679967,0.0152371825277805,0.0201686071664678));
#9178=CARTESIAN_POINT('',(-0.0823831410679967,0.0152371825277806,-0.005));
#9179=CARTESIAN_POINT('',(-0.0823831410679967,0.0152371825277806,0.00270199503685786));
#9180=CARTESIAN_POINT('',(-0.0852019432215137,0.0152371825277806,0.00758430358323389));
#9181=CARTESIAN_POINT('',(-0.0603831410679967,0.0152371825277806,0.01));
#9182=CARTESIAN_POINT('',(-0.0603831410679967,0.0152371825277806,0.004));
#9183=CARTESIAN_POINT('',(-0.07388,0.03122,0.01442));
#9184=CARTESIAN_POINT('',(-0.07388,0.03122,0.00184));
#9185=CARTESIAN_POINT('',(-0.02672,0.0597423302435875,0.025));
#9186=CARTESIAN_POINT('',(-0.02672,0.0597423302435875,0.023));
#9187=CARTESIAN_POINT('',(-3.46944695195361E-18,0.035004660487175,0.023));
#9188=CARTESIAN_POINT('',(-0.05344,0.08448,0.023));
#9189=CARTESIAN_POINT('',(-3.46944695195361E-18,0.035004660487175,0.025));
#9190=CARTESIAN_POINT('',(-3.46944695195361E-18,0.035004660487175,0.025));
#9191=CARTESIAN_POINT('',(-0.02672,0.0597423302435875,0.025));
#9192=CARTESIAN_POINT('',(-0.05344,0.08448,0.025));
#9193=CARTESIAN_POINT('',(-0.05344,0.08448,0.025));
#9194=CARTESIAN_POINT('',(0.02672,0.0597423302435875,0.025));
#9195=CARTESIAN_POINT('',(0.02672,0.0597423302435875,0.023));
#9196=CARTESIAN_POINT('',(0.05344,0.08448,0.023));
#9197=CARTESIAN_POINT('',(0.05344,0.08448,0.025));
#9198=CARTESIAN_POINT('',(0.05344,0.08448,0.025));
#9199=CARTESIAN_POINT('',(0.02672,0.0597423302435875,0.025));
#9200=CARTESIAN_POINT('',(1.38777878078145E-17,0.00190000000000004,0.025));
#9201=CARTESIAN_POINT('',(0.02672,0.0677423302435875,0.025));
#9202=CARTESIAN_POINT('',(3.46944695195361E-18,0.051004660487175,0.025));
#9203=CARTESIAN_POINT('',(-0.02672,0.0677423302435875,0.025));
#9204=CARTESIAN_POINT('',(-0.02672,0.0677423302435875,0.027));
#9205=CARTESIAN_POINT('',(3.46944695195361E-18,0.051004660487175,0.027));
#9206=CARTESIAN_POINT('',(3.46944695195361E-18,0.051004660487175,0.027));
#9207=CARTESIAN_POINT('',(-0.02672,0.0677423302435875,0.027));
#9208=CARTESIAN_POINT('',(-0.05344,0.08448,0.027));
#9209=CARTESIAN_POINT('',(-0.05344,0.08448,0.027));
#9210=CARTESIAN_POINT('',(0.02672,0.0677423302435875,0.027));
#9211=CARTESIAN_POINT('',(0.05344,0.08448,0.027));
#9212=CARTESIAN_POINT('',(0.05344,0.08448,0.027));
#9213=CARTESIAN_POINT('',(0.02672,0.0677423302435875,0.027));
#9214=CARTESIAN_POINT('',(0.02672,0.0743101608271023,0.027));
#9215=CARTESIAN_POINT('',(0.05344,0.08448,0.023));
#9216=CARTESIAN_POINT('',(3.46944695195361E-18,0.0641403216542046,0.027));
#9217=CARTESIAN_POINT('',(3.46944695195361E-18,0.0641403216542046,0.027));
#9218=CARTESIAN_POINT('',(0.02672,0.0743101608271023,0.027));
#9219=CARTESIAN_POINT('',(-0.02672,0.0743101608271023,0.027));
#9220=CARTESIAN_POINT('',(-0.05344,0.08448,0.023));
#9221=CARTESIAN_POINT('',(-0.02672,0.0743101608271023,0.027));
#9222=CARTESIAN_POINT('',(1.38777878078145E-17,0.00190000000000004,0.027));
#9223=CARTESIAN_POINT('',(0.0412479184550643,0.0675916848872701,0.023));
#9224=CARTESIAN_POINT('',(0.0391712749270363,0.0670348620631151,0.023));
#9225=CARTESIAN_POINT('',(0.0391712749270363,0.0670348620631151,0.023));
#9226=CARTESIAN_POINT('',(0.0413818250810522,0.0697375108390929,0.023));
#9227=CARTESIAN_POINT('',(0.0413818250810522,0.0697375108390929,0.023));
#9228=CARTESIAN_POINT('',(0.0412479184550643,0.0675916848872701,0.023));
#9229=CARTESIAN_POINT('',(0.0474109125405262,0.0771087554195465,0.023));
#9230=CARTESIAN_POINT('',(0.0474109125405262,0.0771087554195465,0.023));
#9231=CARTESIAN_POINT('',(-0.0268723391902447,0.0516255114971103,0.023));
#9232=CARTESIAN_POINT('',(-0.000304678380489455,0.0187710229942206,0.023));
#9233=CARTESIAN_POINT('',(-0.000304678380489455,0.0187710229942206,0.023));
#9234=CARTESIAN_POINT('',(-0.0268723391902447,0.0516255114971103,0.023));
#9235=CARTESIAN_POINT('',(0.0194332982732735,0.0429029425286679,0.023));
#9236=CARTESIAN_POINT('',(0.0194332982732735,0.0429029425286679,0.023));
#9237=CARTESIAN_POINT('',(1.38777878078145E-17,0.00190000000000004,0.023));
#9238=CARTESIAN_POINT('',(-0.052065815918452,0.0480921658714771,0.0206));
#9239=CARTESIAN_POINT('',(-0.052065815918452,0.0480921658714771,0.022));
#9240=CARTESIAN_POINT('',(-0.0525750914448939,0.048057204507482,0.0206));
#9241=CARTESIAN_POINT('',(-0.0525750914448939,0.048057204507482,0.022));
#9242=CARTESIAN_POINT('',(-0.0541722226126708,0.0475820342339673,0.0206));
#9243=CARTESIAN_POINT('',(-0.0541722226126708,0.0475820342339673,0.022));
#9244=CARTESIAN_POINT('',(-0.0568208425689469,0.0461532694868885,0.0206));
#9245=CARTESIAN_POINT('',(-0.0568208425689469,0.0461532694868885,0.022));
#9246=CARTESIAN_POINT('',(-0.0584675022790621,0.0444326207683347,0.0206));
#9247=CARTESIAN_POINT('',(-0.0584675022790621,0.0444326207683347,0.022));
#9248=CARTESIAN_POINT('',(-0.059474605879454,0.0423278492176629,0.0206));
#9249=CARTESIAN_POINT('',(-0.059474605879454,0.0423278492176629,0.022));
#9250=CARTESIAN_POINT('',(-0.0600958331262343,0.0397572061059686,0.0206));
#9251=CARTESIAN_POINT('',(-0.0600958331262343,0.0397572061059686,0.022));
#9252=CARTESIAN_POINT('',(-0.0606331878329418,0.035777484587074,0.0206));
#9253=CARTESIAN_POINT('',(-0.0606331878329418,0.035777484587074,0.022));
#9254=CARTESIAN_POINT('',(-0.060650841567092,0.032603038256877,0.0206));
#9255=CARTESIAN_POINT('',(-0.060650841567092,0.032603038256877,0.022));
#9256=CARTESIAN_POINT('',(-0.0604831410679967,0.0307371825277806,0.0206));
#9257=CARTESIAN_POINT('',(-0.0604831410679967,0.0307371825277806,0.022));
#9258=CARTESIAN_POINT('',(-0.052065815918452,0.0480921658714771,0.0206));
#9259=CARTESIAN_POINT('',(-0.0530183476818904,0.0480267753157378,0.0206));
#9260=CARTESIAN_POINT('',(-0.0578351651499289,0.0461268063575276,0.0206));
#9261=CARTESIAN_POINT('',(-0.0603409801101733,0.0409267822555033,0.0206));
#9262=CARTESIAN_POINT('',(-0.0607672696089123,0.0338984305188558,0.0206));
#9263=CARTESIAN_POINT('',(-0.0604831410679967,0.0307371825277806,0.0206));
#9264=CARTESIAN_POINT('',(-0.0520658159152047,0.0480921658694,0.0206));
#9265=CARTESIAN_POINT('',(-0.0520658159152047,0.0480921658694,0.0182));
#9266=CARTESIAN_POINT('',(-0.0559302834669129,0.0307371825277806,0.0206));
#9267=CARTESIAN_POINT('',(-0.0559302834669129,0.0307371825277806,0.022));
#9268=CARTESIAN_POINT('',(-0.0559567888280145,0.0315482993143534,0.0206));
#9269=CARTESIAN_POINT('',(-0.0559567888280145,0.0315482993143534,0.022));
#9270=CARTESIAN_POINT('',(-0.0560011215222202,0.0331754719847182,0.0206));
#9271=CARTESIAN_POINT('',(-0.0560011215222202,0.0331754719847182,0.022));
#9272=CARTESIAN_POINT('',(-0.0560443858824275,0.0355807531344953,0.0206));
#9273=CARTESIAN_POINT('',(-0.0560443858824275,0.0355807531344953,0.022));
#9274=CARTESIAN_POINT('',(-0.0560966095421748,0.0378889908277778,0.0206));
#9275=CARTESIAN_POINT('',(-0.0560966095421748,0.0378889908277778,0.022));
#9276=CARTESIAN_POINT('',(-0.0560817742077682,0.0400801071440114,0.0206));
#9277=CARTESIAN_POINT('',(-0.0560817742077682,0.0400801071440114,0.022));
#9278=CARTESIAN_POINT('',(-0.0556362621446658,0.0419117097191951,0.0206));
#9279=CARTESIAN_POINT('',(-0.0556362621446658,0.0419117097191951,0.022));
#9280=CARTESIAN_POINT('',(-0.0548041706092443,0.0434387160819973,0.0206));
#9281=CARTESIAN_POINT('',(-0.0548041706092443,0.0434387160819973,0.022));
#9282=CARTESIAN_POINT('',(-0.0536275660155797,0.045008019519993,0.0206));
#9283=CARTESIAN_POINT('',(-0.0536275660155797,0.045008019519993,0.022));
#9284=CARTESIAN_POINT('',(-0.0519873661601775,0.0468353720128802,0.0206));
#9285=CARTESIAN_POINT('',(-0.0519873661601775,0.0468353720128802,0.022));
#9286=CARTESIAN_POINT('',(-0.0514035682216755,0.0477422808455417,0.0206));
#9287=CARTESIAN_POINT('',(-0.0514035682216755,0.0477422808455417,0.022));
#9288=CARTESIAN_POINT('',(-0.0515242919623571,0.0479527254982203,0.0206));
#9289=CARTESIAN_POINT('',(-0.0515242919623571,0.0479527254982203,0.022));
#9290=CARTESIAN_POINT('',(-0.051524291745507,0.0479527256226186,0.02));
#9291=CARTESIAN_POINT('',(-0.0515242917696561,0.047952725652739,0.0206));
#9292=CARTESIAN_POINT('',(-0.0559302834669129,0.0307371825277806,0.0206));
#9293=CARTESIAN_POINT('',(-0.0560036601590107,0.0329826553012168,0.0206));
#9294=CARTESIAN_POINT('',(-0.05607587207854,0.037405062439059,0.0206));
#9295=CARTESIAN_POINT('',(-0.0561799668378368,0.0430062795759995,0.0206));
#9296=CARTESIAN_POINT('',(-0.0512108661051878,0.0474063750418641,0.0206));
#9297=CARTESIAN_POINT('',(-0.0515242927582935,0.0479527268856764,0.0206));
#9298=CARTESIAN_POINT('',(-0.0520658159152047,0.0480921658694,0.0206));
#9299=CARTESIAN_POINT('',(-0.0520658159152047,0.0480921658694,0.022));
#9300=CARTESIAN_POINT('',(-0.0529307093494999,0.0486449360962935,0.0206));
#9301=CARTESIAN_POINT('',(-0.0529307093494999,0.0486449360962935,0.022));
#9302=CARTESIAN_POINT('',(-0.0553734356686559,0.0512482331878301,0.0206));
#9303=CARTESIAN_POINT('',(-0.0553734356686559,0.0512482331878301,0.022));
#9304=CARTESIAN_POINT('',(-0.058400015305187,0.0522616678513921,0.0206));
#9305=CARTESIAN_POINT('',(-0.058400015305187,0.0522616678513921,0.022));
#9306=CARTESIAN_POINT('',(-0.0601594075275835,0.0518495986598378,0.0206));
#9307=CARTESIAN_POINT('',(-0.0601594075275835,0.0518495986598378,0.022));
#9308=CARTESIAN_POINT('',(-0.0615040379461323,0.0509898415414226,0.0206));
#9309=CARTESIAN_POINT('',(-0.0615040379461323,0.0509898415414226,0.022));
#9310=CARTESIAN_POINT('',(-0.0628140376723757,0.0497727604495547,0.0206));
#9311=CARTESIAN_POINT('',(-0.0628140376723757,0.0497727604495547,0.022));
#9312=CARTESIAN_POINT('',(-0.0640253538845945,0.0482391569407198,0.0206));
#9313=CARTESIAN_POINT('',(-0.0640253538845945,0.0482391569407198,0.022));
#9314=CARTESIAN_POINT('',(-0.0649586078168228,0.0471230535553533,0.0206));
#9315=CARTESIAN_POINT('',(-0.0649586078168228,0.0471230535553533,0.022));
#9316=CARTESIAN_POINT('',(-0.0654792649789225,0.0466599365714587,0.0206));
#9317=CARTESIAN_POINT('',(-0.0654792649789225,0.0466599365714587,0.022));
#9318=CARTESIAN_POINT('',(-0.0657703711968223,0.0467824253877124,0.0206));
#9319=CARTESIAN_POINT('',(-0.0657703711968223,0.0467824253877124,0.022));
#9320=CARTESIAN_POINT('',(-0.0658400380708718,0.0477456344932907,0.0206));
#9321=CARTESIAN_POINT('',(-0.0658400380708718,0.0477456344932907,0.022));
#9322=CARTESIAN_POINT('',(-0.0654177205251925,0.0499516514051321,0.0206));
#9323=CARTESIAN_POINT('',(-0.0654177205251925,0.0499516514051321,0.022));
#9324=CARTESIAN_POINT('',(-0.0643183164119998,0.0528764314850759,0.0206));
#9325=CARTESIAN_POINT('',(-0.0643183164119998,0.0528764314850759,0.022));
#9326=CARTESIAN_POINT('',(-0.0628539049442586,0.0547668371388897,0.0206));
#9327=CARTESIAN_POINT('',(-0.0628539049442586,0.0547668371388897,0.022));
#9328=CARTESIAN_POINT('',(-0.0611709496457545,0.055829968706271,0.0206));
#9329=CARTESIAN_POINT('',(-0.0611709496457545,0.055829968706271,0.022));
#9330=CARTESIAN_POINT('',(-0.0594297769846525,0.056233537259373,0.0206));
#9331=CARTESIAN_POINT('',(-0.0594297769846525,0.056233537259373,0.022));
#9332=CARTESIAN_POINT('',(-0.0577370198565641,0.056152482184792,0.0206));
#9333=CARTESIAN_POINT('',(-0.0577370198565641,0.056152482184792,0.022));
#9334=CARTESIAN_POINT('',(-0.056180324172702,0.0558872973505982,0.0206));
#9335=CARTESIAN_POINT('',(-0.056180324172702,0.0558872973505982,0.022));
#9336=CARTESIAN_POINT('',(-0.0552240164764099,0.0554509102297259,0.0206));
#9337=CARTESIAN_POINT('',(-0.0552240164764099,0.0554509102297259,0.022));
#9338=CARTESIAN_POINT('',(-0.0547434895914337,0.0550431503293689,0.0206));
#9339=CARTESIAN_POINT('',(-0.0547434895914337,0.0550431503293689,0.022));
#9340=CARTESIAN_POINT('',(-0.0520658159152047,0.0480921658694,0.0206));
#9341=CARTESIAN_POINT('',(-0.0529789322885786,0.0486757563152003,0.0206));
#9342=CARTESIAN_POINT('',(-0.0569124563142294,0.0528915379336311,0.0206));
#9343=CARTESIAN_POINT('',(-0.0620236232977324,0.0516997718081634,0.0206));
#9344=CARTESIAN_POINT('',(-0.0667812042745742,0.0437843838042127,0.0206));
#9345=CARTESIAN_POINT('',(-0.0648029015147077,0.0536151031947726,0.0206));
#9346=CARTESIAN_POINT('',(-0.0606124385364179,0.0564149920372866,0.0206));
#9347=CARTESIAN_POINT('',(-0.0571500424321449,0.0561218180658493,0.0206));
#9348=CARTESIAN_POINT('',(-0.0554631606502469,0.0556538404039649,0.0206));
#9349=CARTESIAN_POINT('',(-0.0547434895914337,0.0550431503293689,0.0206));
#9350=CARTESIAN_POINT('',(-0.0547434895914337,0.0550431503293689,0.0206));
#9351=CARTESIAN_POINT('',(-0.0547434895914337,0.0550431503293689,0.0182));
#9352=CARTESIAN_POINT('',(-0.05474348956209,0.0550431503044571,0.0206));
#9353=CARTESIAN_POINT('',(-0.05474348956209,0.0550431503044571,0.022));
#9354=CARTESIAN_POINT('',(-0.0549289529051845,0.0553271328355194,0.0206));
#9355=CARTESIAN_POINT('',(-0.0549289529051845,0.0553271328355194,0.022));
#9356=CARTESIAN_POINT('',(-0.0551920102278542,0.0558536892568582,0.0206));
#9357=CARTESIAN_POINT('',(-0.0551920102278542,0.0558536892568582,0.022));
#9358=CARTESIAN_POINT('',(-0.055562306058881,0.0566733096760397,0.0206));
#9359=CARTESIAN_POINT('',(-0.055562306058881,0.0566733096760397,0.022));
#9360=CARTESIAN_POINT('',(-0.056084915843282,0.0573959264423285,0.0206));
#9361=CARTESIAN_POINT('',(-0.056084915843282,0.0573959264423285,0.022));
#9362=CARTESIAN_POINT('',(-0.0567228730888048,0.0577755074916579,0.0206));
#9363=CARTESIAN_POINT('',(-0.0567228730888048,0.0577755074916579,0.022));
#9364=CARTESIAN_POINT('',(-0.0575644465318445,0.0579451854169574,0.0206));
#9365=CARTESIAN_POINT('',(-0.0575644465318445,0.0579451854169574,0.022));
#9366=CARTESIAN_POINT('',(-0.0585962329541935,0.0578210035007315,0.0206));
#9367=CARTESIAN_POINT('',(-0.0585962329541935,0.0578210035007315,0.022));
#9368=CARTESIAN_POINT('',(-0.0592191914103074,0.0577287932956917,0.0206));
#9369=CARTESIAN_POINT('',(-0.0592191914103074,0.0577287932956917,0.022));
#9370=CARTESIAN_POINT('',(-0.0593543182276442,0.0577716481883961,0.0206));
#9371=CARTESIAN_POINT('',(-0.0593543182276442,0.0577716481883961,0.022));
#9372=CARTESIAN_POINT('',(-0.0584740426023085,0.0581494515887562,0.0206));
#9373=CARTESIAN_POINT('',(-0.0584740426023085,0.0581494515887562,0.022));
#9374=CARTESIAN_POINT('',(-0.0567282563862032,0.0585889102215274,0.0206));
#9375=CARTESIAN_POINT('',(-0.0567282563862032,0.0585889102215274,0.022));
#9376=CARTESIAN_POINT('',(-0.0553012261783789,0.0584584265955988,0.0206));
#9377=CARTESIAN_POINT('',(-0.0553012261783789,0.0584584265955988,0.022));
#9378=CARTESIAN_POINT('',(-0.0542470195431006,0.0578338604522593,0.0206));
#9379=CARTESIAN_POINT('',(-0.0542470195431006,0.0578338604522593,0.022));
#9380=CARTESIAN_POINT('',(-0.0533887039939268,0.056958571593139,0.0206));
#9381=CARTESIAN_POINT('',(-0.0533887039939268,0.056958571593139,0.022));
#9382=CARTESIAN_POINT('',(-0.0526706462311116,0.0559298603768194,0.0206));
#9383=CARTESIAN_POINT('',(-0.0526706462311116,0.0559298603768194,0.022));
#9384=CARTESIAN_POINT('',(-0.0521188550962062,0.0546933871235574,0.0206));
#9385=CARTESIAN_POINT('',(-0.0521188550962062,0.0546933871235574,0.022));
#9386=CARTESIAN_POINT('',(-0.0516255832459238,0.0527248402513142,0.0206));
#9387=CARTESIAN_POINT('',(-0.0516255832459238,0.0527248402513142,0.022));
#9388=CARTESIAN_POINT('',(-0.0514497808802876,0.050990912565787,0.0206));
#9389=CARTESIAN_POINT('',(-0.0514497808802876,0.050990912565787,0.022));
#9390=CARTESIAN_POINT('',(-0.0513421131949017,0.0498223773049059,0.0206));
#9391=CARTESIAN_POINT('',(-0.0513421131949017,0.0498223773049059,0.022));
#9392=CARTESIAN_POINT('',(-0.05474348956209,0.0550431503044571,0.0206));
#9393=CARTESIAN_POINT('',(-0.0550723016579518,0.055546629265144,0.0206));
#9394=CARTESIAN_POINT('',(-0.0554128182943916,0.056491561277978,0.0206));
#9395=CARTESIAN_POINT('',(-0.0566757484025042,0.0583261366998966,0.0206));
#9396=CARTESIAN_POINT('',(-0.0607167015200271,0.0572999419421459,0.0206));
#9397=CARTESIAN_POINT('',(-0.0560485571393114,0.0591061845171682,0.0206));
#9398=CARTESIAN_POINT('',(-0.0535798577503138,0.0574360515478157,0.0206));
#9399=CARTESIAN_POINT('',(-0.0518290794817357,0.0546368694013458,0.0206));
#9400=CARTESIAN_POINT('',(-0.0514993372188862,0.051528755734284,0.0206));
#9401=CARTESIAN_POINT('',(-0.0513421131949017,0.0498223773049059,0.0206));
#9402=CARTESIAN_POINT('',(-0.0513421131963476,0.0498223773184716,0.0206));
#9403=CARTESIAN_POINT('',(-0.0513421131963476,0.0498223773184716,0.0182));
#9404=CARTESIAN_POINT('',(-0.0513421131963476,0.0498223773184716,0.0206));
#9405=CARTESIAN_POINT('',(-0.0513421131963476,0.0498223773184716,0.022));
#9406=CARTESIAN_POINT('',(-0.0512193540404745,0.0505320977059546,0.0206));
#9407=CARTESIAN_POINT('',(-0.0512193540404745,0.0505320977059546,0.022));
#9408=CARTESIAN_POINT('',(-0.0509354861001681,0.051999735752556,0.0206));
#9409=CARTESIAN_POINT('',(-0.0509354861001681,0.051999735752556,0.022));
#9410=CARTESIAN_POINT('',(-0.0502744567593535,0.0538385040603565,0.0206));
#9411=CARTESIAN_POINT('',(-0.0502744567593535,0.0538385040603565,0.022));
#9412=CARTESIAN_POINT('',(-0.0494939374246663,0.0551764260994818,0.0206));
#9413=CARTESIAN_POINT('',(-0.0494939374246663,0.0551764260994818,0.022));
#9414=CARTESIAN_POINT('',(-0.048769484032366,0.0560916705296276,0.0206));
#9415=CARTESIAN_POINT('',(-0.048769484032366,0.0560916705296276,0.022));
#9416=CARTESIAN_POINT('',(-0.0478658162240477,0.0567693575623656,0.0206));
#9417=CARTESIAN_POINT('',(-0.0478658162240477,0.0567693575623656,0.022));
#9418=CARTESIAN_POINT('',(-0.046753212929413,0.0570464260588181,0.0206));
#9419=CARTESIAN_POINT('',(-0.046753212929413,0.0570464260588181,0.022));
#9420=CARTESIAN_POINT('',(-0.0453446368796067,0.0567078341633949,0.0206));
#9421=CARTESIAN_POINT('',(-0.0453446368796067,0.0567078341633949,0.022));
#9422=CARTESIAN_POINT('',(-0.0440822650773296,0.0560759862017103,0.0206));
#9423=CARTESIAN_POINT('',(-0.0440822650773296,0.0560759862017103,0.022));
#9424=CARTESIAN_POINT('',(-0.0434974177449283,0.0555685556397742,0.0206));
#9425=CARTESIAN_POINT('',(-0.0434974177449283,0.0555685556397742,0.022));
#9426=CARTESIAN_POINT('',(-0.0441440867395881,0.0556119195720941,0.0206));
#9427=CARTESIAN_POINT('',(-0.0441440867395881,0.0556119195720941,0.022));
#9428=CARTESIAN_POINT('',(-0.0451398185734573,0.0557058967868969,0.0206));
#9429=CARTESIAN_POINT('',(-0.0451398185734573,0.0557058967868969,0.022));
#9430=CARTESIAN_POINT('',(-0.0458249699944426,0.05554028650015,0.0206));
#9431=CARTESIAN_POINT('',(-0.0458249699944426,0.05554028650015,0.022));
#9432=CARTESIAN_POINT('',(-0.0463476809311414,0.0551590760214875,0.0206));
#9433=CARTESIAN_POINT('',(-0.0463476809311414,0.0551590760214875,0.022));
#9434=CARTESIAN_POINT('',(-0.0468060155431247,0.0544310240923028,0.0206));
#9435=CARTESIAN_POINT('',(-0.0468060155431247,0.0544310240923028,0.022));
#9436=CARTESIAN_POINT('',(-0.0471318540379149,0.0538440424600489,0.0206));
#9437=CARTESIAN_POINT('',(-0.0471318540379149,0.0538440424600489,0.022));
#9438=CARTESIAN_POINT('',(-0.0473283857746308,0.0536172379118738,0.0206));
#9439=CARTESIAN_POINT('',(-0.0473283857746308,0.0536172379118738,0.022));
#9440=CARTESIAN_POINT('',(-0.0513421131963476,0.0498223773184716,0.0206));
#9441=CARTESIAN_POINT('',(-0.0512143221531258,0.0505611890842186,0.0206));
#9442=CARTESIAN_POINT('',(-0.0508424175592156,0.0524748006632921,0.0206));
#9443=CARTESIAN_POINT('',(-0.0495913839344519,0.0554719136103417,0.0206));
#9444=CARTESIAN_POINT('',(-0.0468980671938764,0.0578034593833533,0.0206));
#9445=CARTESIAN_POINT('',(-0.0423205032548329,0.055072844150391,0.0206));
#9446=CARTESIAN_POINT('',(-0.046274832024645,0.0561976239352545,0.0206));
#9447=CARTESIAN_POINT('',(-0.0468124492135568,0.0542126468803018,0.0206));
#9448=CARTESIAN_POINT('',(-0.0473283857746308,0.0536172379118738,0.0206));
#9449=CARTESIAN_POINT('',(-0.047328385764421,0.0536172379160997,0.0206));
#9450=CARTESIAN_POINT('',(-0.047328385764421,0.0536172379160997,0.0182));
#9451=CARTESIAN_POINT('',(-0.0473283857644535,0.0536172379160873,0.0206));
#9452=CARTESIAN_POINT('',(-0.0473283857644535,0.0536172379160873,0.022));
#9453=CARTESIAN_POINT('',(-0.0468132422844241,0.0538284658319378,0.0206));
#9454=CARTESIAN_POINT('',(-0.0468132422844241,0.0538284658319378,0.022));
#9455=CARTESIAN_POINT('',(-0.0457903324512352,0.054049753380521,0.0206));
#9456=CARTESIAN_POINT('',(-0.0457903324512352,0.054049753380521,0.022));
#9457=CARTESIAN_POINT('',(-0.0443219838184847,0.0541086564345045,0.0206));
#9458=CARTESIAN_POINT('',(-0.0443219838184847,0.0541086564345045,0.022));
#9459=CARTESIAN_POINT('',(-0.0429254829612294,0.0540181055249486,0.0206));
#9460=CARTESIAN_POINT('',(-0.0429254829612294,0.0540181055249486,0.022));
#9461=CARTESIAN_POINT('',(-0.0417503921156874,0.0534822364261406,0.0206));
#9462=CARTESIAN_POINT('',(-0.0417503921156874,0.0534822364261406,0.022));
#9463=CARTESIAN_POINT('',(-0.0407582676001769,0.052595082574413,0.0206));
#9464=CARTESIAN_POINT('',(-0.0407582676001769,0.052595082574413,0.022));
#9465=CARTESIAN_POINT('',(-0.039750285847467,0.0514128035854001,0.0206));
#9466=CARTESIAN_POINT('',(-0.039750285847467,0.0514128035854001,0.022));
#9467=CARTESIAN_POINT('',(-0.0386248074673638,0.049685662747454,0.0206));
#9468=CARTESIAN_POINT('',(-0.0386248074673638,0.049685662747454,0.022));
#9469=CARTESIAN_POINT('',(-0.0380588193006077,0.0483121542385088,0.0206));
#9470=CARTESIAN_POINT('',(-0.0380588193006077,0.0483121542385088,0.022));
#9471=CARTESIAN_POINT('',(-0.0381815876349651,0.0478576757347972,0.0206));
#9472=CARTESIAN_POINT('',(-0.0381815876349651,0.0478576757347972,0.022));
#9473=CARTESIAN_POINT('',(-0.0387434321824312,0.0479388877054612,0.0206));
#9474=CARTESIAN_POINT('',(-0.0387434321824312,0.0479388877054612,0.022));
#9475=CARTESIAN_POINT('',(-0.0400476220591876,0.0487508750055723,0.0206));
#9476=CARTESIAN_POINT('',(-0.0400476220591876,0.0487508750055723,0.022));
#9477=CARTESIAN_POINT('',(-0.0416490012406678,0.0498468529560961,0.0206));
#9478=CARTESIAN_POINT('',(-0.0416490012406678,0.0498468529560961,0.022));
#9479=CARTESIAN_POINT('',(-0.0427801849739256,0.0504719625581777,0.0206));
#9480=CARTESIAN_POINT('',(-0.0427801849739256,0.0504719625581777,0.022));
#9481=CARTESIAN_POINT('',(-0.0437729840842694,0.0508475351612597,0.0206));
#9482=CARTESIAN_POINT('',(-0.0437729840842694,0.0508475351612597,0.022));
#9483=CARTESIAN_POINT('',(-0.0449030849648868,0.0508897294250708,0.0206));
#9484=CARTESIAN_POINT('',(-0.0449030849648868,0.0508897294250708,0.022));
#9485=CARTESIAN_POINT('',(-0.0464815740315616,0.0502641343524626,0.0206));
#9486=CARTESIAN_POINT('',(-0.0464815740315616,0.0502641343524626,0.022));
#9487=CARTESIAN_POINT('',(-0.0485866874543693,0.0490514061385768,0.0206));
#9488=CARTESIAN_POINT('',(-0.0485866874543693,0.0490514061385768,0.022));
#9489=CARTESIAN_POINT('',(-0.0505436770324072,0.0479730596386079,0.0206));
#9490=CARTESIAN_POINT('',(-0.0505436770324072,0.0479730596386079,0.022));
#9491=CARTESIAN_POINT('',(-0.0513495852174124,0.0477932411193839,0.0206));
#9492=CARTESIAN_POINT('',(-0.0513495852174124,0.0477932411193839,0.022));
#9493=CARTESIAN_POINT('',(-0.0515242915769551,0.0479527258072577,0.0206));
#9494=CARTESIAN_POINT('',(-0.0515242915769551,0.0479527258072577,0.022));
#9495=CARTESIAN_POINT('',(-0.0473283857644535,0.0536172379160873,0.0206));
#9496=CARTESIAN_POINT('',(-0.0464402623787109,0.0539814014143379,0.0206));
#9497=CARTESIAN_POINT('',(-0.0442562460442952,0.0541639489022864,0.0206));
#9498=CARTESIAN_POINT('',(-0.0409428456479902,0.053941575729391,0.0206));
#9499=CARTESIAN_POINT('',(-0.0361733258864158,0.0455646861224193,0.0206));
#9500=CARTESIAN_POINT('',(-0.042831384087093,0.0510778299881906,0.0206));
#9501=CARTESIAN_POINT('',(-0.0459303174517658,0.0509755425588382,0.0206));
#9502=CARTESIAN_POINT('',(-0.0509805891661891,0.0474563882364312,0.0206));
#9503=CARTESIAN_POINT('',(-0.0515242927582935,0.0479527268856764,0.0206));
#9504=CARTESIAN_POINT('',(-0.0603831410679967,0.0294371825277805,0.01));
#9505=CARTESIAN_POINT('',(0.0391323505597115,0.0426274259835481,-0.0663));
#9506=CARTESIAN_POINT('',(0.0391323505597115,0.06962743,0.021));
#9507=CARTESIAN_POINT('',(0.0391323505597115,0.06962743,0.021));
#9508=CARTESIAN_POINT('',(0.0391323505597115,0.06962743,0.019));
#9509=CARTESIAN_POINT('',(0.0391323505597115,0.0749717280268669,0.021));
#9510=CARTESIAN_POINT('',(0.0391323505597115,0.0749717280268669,0.021));
#9511=CARTESIAN_POINT('',(0.0391323505597115,0.0722995790134335,0.021));
#9512=CARTESIAN_POINT('',(0.0735323505597115,0.0426274259835481,-0.0663));
#9513=CARTESIAN_POINT('',(0.0735323505597115,0.06962743,0.019));
#9514=CARTESIAN_POINT('',(0.0735323505597115,0.06962743,0.021));
#9515=CARTESIAN_POINT('',(0.0735323505597115,0.06962743,0.021));
#9516=CARTESIAN_POINT('',(0.0735323505597115,0.0722995790134335,0.021));
#9517=CARTESIAN_POINT('',(0.0735323505597115,0.0749717280268669,0.021));
#9518=CARTESIAN_POINT('',(0.0735323505597115,0.0749717280268669,0.021));
#9519=CARTESIAN_POINT('',(0.0563323505597115,0.01362743,0.019));
#9520=CARTESIAN_POINT('',(0.0361323505597115,0.01362743,0.019));
#9521=CARTESIAN_POINT('',(0.0765323505597114,0.01362743,0.019));
#9522=CARTESIAN_POINT('',(0.0709323505597115,0.01622743,0.03));
#9523=CARTESIAN_POINT('',(0.0709323505597115,0.01622743,0.0181000040164519));
#9524=CARTESIAN_POINT('',(0.0710323505597115,0.0178243019422672,0.019696875958719));
#9525=CARTESIAN_POINT('',(0.0710323505597115,0.0178243019422672,0.019696875958719));
#9526=CARTESIAN_POINT('',(0.0417323505597115,0.01622743,0.03));
#9527=CARTESIAN_POINT('',(0.0416323505597114,0.0178243019422672,0.019));
#9528=CARTESIAN_POINT('',(0.0416323505597114,0.0178243019422672,0.019696875958719));
#9529=CARTESIAN_POINT('',(0.0417323505597115,0.01622743,0.0181000040164519));
#9530=CARTESIAN_POINT('',(0.0417323505597115,0.06702743,0.03));
#9531=CARTESIAN_POINT('',(0.0709323505597115,0.06702743,0.03));
#9532=CARTESIAN_POINT('',(0.0416323505597114,0.0193774259835482,0.021));
#9533=CARTESIAN_POINT('',(0.0416323505597114,0.0193774259835482,0.021));
#9534=CARTESIAN_POINT('',(0.0416323505597114,0.0181274259835482,0.021));
#9535=CARTESIAN_POINT('',(0.0416323505597114,0.0181274259835482,0.021));
#9536=CARTESIAN_POINT('',(0.0416323505597114,0.0181274259835482,0.02));
#9537=CARTESIAN_POINT('',(0.0416323505597114,0.0171274259835482,0.019));
#9538=CARTESIAN_POINT('',(0.0710323505597115,0.0193774259835482,0.021));
#9539=CARTESIAN_POINT('',(0.0710323505597115,0.0192524259835482,0.021125));
#9540=CARTESIAN_POINT('',(0.0710323505597115,0.0181274259835482,0.02));
#9541=CARTESIAN_POINT('',(0.0710323505597115,0.0181274259835482,0.021));
#9542=CARTESIAN_POINT('',(0.0710323505597115,0.0181274259835482,0.021));
#9543=CARTESIAN_POINT('',(0.0710323505597115,0.0193774259835482,0.021));
#9544=CARTESIAN_POINT('',(0.0563323505597115,0.0181274259835482,0.021));
#9545=CARTESIAN_POINT('',(0.0563323505597115,0.0181274259835482,0.02));
#9546=CARTESIAN_POINT('',(0.0563323505597115,0.0181274259835482,0.021));
#9547=CARTESIAN_POINT('',(0.0563323505597115,0.04162743,0.021));
#9548=CARTESIAN_POINT('',(0.0451323505597115,0.06862743,0.021));
#9549=CARTESIAN_POINT('',(0.0451323505597115,0.06962743,0.021));
#9550=CARTESIAN_POINT('',(0.0451323505597115,0.06962743,0.021));
#9551=CARTESIAN_POINT('',(0.0451323505597115,0.06862743,0.021));
#9552=CARTESIAN_POINT('',(0.0451323505597115,0.06762743,0.021));
#9553=CARTESIAN_POINT('',(0.0451323505597115,0.06762743,0.021));
#9554=CARTESIAN_POINT('',(0.0675323505597115,0.06862743,0.021));
#9555=CARTESIAN_POINT('',(0.0675323505597115,0.06762743,0.021));
#9556=CARTESIAN_POINT('',(0.0675323505597115,0.06762743,0.021));
#9557=CARTESIAN_POINT('',(0.0675323505597115,0.06862743,0.021));
#9558=CARTESIAN_POINT('',(0.0675323505597115,0.06962743,0.021));
#9559=CARTESIAN_POINT('',(0.0675323505597115,0.06962743,0.021));
#9560=CARTESIAN_POINT('',(0.0563323505597115,0.06762743,0.021));
#9561=CARTESIAN_POINT('',(0.0563323505597115,0.06762743,0.021));
#9562=CARTESIAN_POINT('',(0.0563323505597115,0.04162743,0.021));
#9563=CARTESIAN_POINT('',(0.0563323505597115,0.06962743,0.021));
#9564=CARTESIAN_POINT('',(0.0563323505597115,0.0749717280268669,0.021));
#9565=CARTESIAN_POINT('',(0.0563323505597115,0.06962743,0.021));
#9566=CARTESIAN_POINT('',(3.39907768361723E-33,2.77555756156289E-17,0.022));
#9567=CARTESIAN_POINT('',(0.0793794332554578,-0.02854687,0.012));
#9568=CARTESIAN_POINT('',(0.0793794332554579,0.01195313,0.012));
#9569=CARTESIAN_POINT('',(0.0793794332554578,0.06894,-0.005));
#9570=CARTESIAN_POINT('',(0.0793794332554578,0.06894,-0.005));
#9571=CARTESIAN_POINT('',(0.0793794332554578,-5.34349999999628E-05,-0.005));
#9572=CARTESIAN_POINT('',(0.0793794332554578,-0.06904687,-0.005));
#9573=CARTESIAN_POINT('',(0.0793794332554578,-0.06904687,0.012));
#9574=CARTESIAN_POINT('',(0.0388794332554578,-0.06904687,0.012));
#9575=CARTESIAN_POINT('',(-0.00161483936184526,-0.06904687,0.002));
#9576=CARTESIAN_POINT('',(-0.00162056674454218,-0.06904687,0.012));
#9577=CARTESIAN_POINT('',(0.0759212371818346,-0.06904687,-0.005));
#9578=CARTESIAN_POINT('',(-0.00162056674454217,-0.02854687,0.012));
#9579=CARTESIAN_POINT('',(-0.00162056674454216,0.01195313,0.012));
#9580=CARTESIAN_POINT('',(0.0388794332554578,0.01195313,0.012));
#9581=CARTESIAN_POINT('',(0.00299591157552166,-0.0639188891525572,-0.005));
#9582=CARTESIAN_POINT('',(0.0739959115755217,-0.0639188891525572,-0.005));
#9583=CARTESIAN_POINT('',(0.0739959115755216,0.0070811108474428,-0.005));
#9584=CARTESIAN_POINT('',(0.00299591157552163,0.00708111084744279,-0.005));
#9585=CARTESIAN_POINT('',(-0.0908200000000003,-0.08388,0.00463114425704389));
#9586=CARTESIAN_POINT('',(-0.0908200000000003,-0.08772,0.00463114425704389));
#9587=CARTESIAN_POINT('',(-0.0908015352785528,-0.08388,0.00488041205321073));
#9588=CARTESIAN_POINT('',(-0.0908015352785528,-0.08772,0.00488041205321073));
#9589=CARTESIAN_POINT('',(-0.0906896521780392,-0.08388,0.00538822726044187));
#9590=CARTESIAN_POINT('',(-0.0906896521780392,-0.08772,0.00538822726044187));
#9591=CARTESIAN_POINT('',(-0.0904231865404996,-0.08388,0.00602240835956432));
#9592=CARTESIAN_POINT('',(-0.0904231865404996,-0.08772,0.00602240835956432));
#9593=CARTESIAN_POINT('',(-0.0901431010968171,-0.08388,0.00643467060052502));
#9594=CARTESIAN_POINT('',(-0.0901431010968171,-0.08772,0.00643467060052502));
#9595=CARTESIAN_POINT('',(-0.0898062517729641,-0.08388,0.0068924405095148));
#9596=CARTESIAN_POINT('',(-0.0898062517729641,-0.08772,0.0068924405095148));
#9597=CARTESIAN_POINT('',(-0.0893486498777996,-0.08388,0.00730340123054672));
#9598=CARTESIAN_POINT('',(-0.0893486498777996,-0.08772,0.00730340123054672));
#9599=CARTESIAN_POINT('',(-0.0887594735603875,-0.08388,0.00758390503492822));
#9600=CARTESIAN_POINT('',(-0.0887594735603875,-0.08772,0.00758390503492822));
#9601=CARTESIAN_POINT('',(-0.087990209742795,-0.08388,0.00781720960189326));
#9602=CARTESIAN_POINT('',(-0.087990209742795,-0.08772,0.00781720960189326));
#9603=CARTESIAN_POINT('',(-0.0869424431661491,-0.08388,0.00801675491923559));
#9604=CARTESIAN_POINT('',(-0.0869424431661491,-0.08772,0.00801675491923559));
#9605=CARTESIAN_POINT('',(-0.0865381920835587,-0.08388,0.00807213612564364));
#9606=CARTESIAN_POINT('',(-0.0865381920835587,-0.08772,0.00807213612564364));
#9607=CARTESIAN_POINT('',(-0.0865763516900529,-0.08388,0.00807220618053202));
#9608=CARTESIAN_POINT('',(-0.0865763516900529,-0.08772,0.00807220618053202));
#9609=CARTESIAN_POINT('',(-0.0865763516900529,-0.06272,0.00807220618053202));
#9610=CARTESIAN_POINT('',(-0.0865283680308872,-0.06272,0.00807211809026601));
#9611=CARTESIAN_POINT('',(-0.0864803843717214,-0.06272,0.00807203));
#9612=CARTESIAN_POINT('',(-0.0846801921858607,-0.06272,0.00807203));
#9613=CARTESIAN_POINT('',(0.0850438983773498,-0.06272,0.00807935059932756));
#9614=CARTESIAN_POINT('',(0.0872077967546997,-0.06272,0.00807935059932756));
#9615=CARTESIAN_POINT('',(0.0872077967546997,-0.08388,0.00807935059932756));
#9616=CARTESIAN_POINT('',(0.0872077967546997,-0.08772,0.00807935059932756));
#9617=CARTESIAN_POINT('',(0.0877144913359632,-0.08388,0.00807842038972647));
#9618=CARTESIAN_POINT('',(0.0877144913359632,-0.08772,0.00807842038972647));
#9619=CARTESIAN_POINT('',(0.088534373277363,-0.08388,0.00781641520299123));
#9620=CARTESIAN_POINT('',(0.088534373277363,-0.08772,0.00781641520299123));
#9621=CARTESIAN_POINT('',(0.0891266356885575,-0.08388,0.00743916845148785));
#9622=CARTESIAN_POINT('',(0.0891266356885575,-0.08772,0.00743916845148785));
#9623=CARTESIAN_POINT('',(0.0895812630868421,-0.08388,0.007105584330145));
#9624=CARTESIAN_POINT('',(0.0895812630868421,-0.08772,0.007105584330145));
#9625=CARTESIAN_POINT('',(0.0900089031565891,-0.08388,0.00666346767591905));
#9626=CARTESIAN_POINT('',(0.0900089031565891,-0.08772,0.00666346767591905));
#9627=CARTESIAN_POINT('',(0.0903037278240549,-0.08388,0.00608609709593526));
#9628=CARTESIAN_POINT('',(0.0903037278240549,-0.08772,0.00608609709593526));
#9629=CARTESIAN_POINT('',(0.0905504914275499,-0.08388,0.00531259708467467));
#9630=CARTESIAN_POINT('',(0.0905504914275499,-0.08772,0.00531259708467467));
#9631=CARTESIAN_POINT('',(0.0907612769567865,-0.08388,0.00421951736259759));
#9632=CARTESIAN_POINT('',(0.0907612769567865,-0.08772,0.00421951736259759));
#9633=CARTESIAN_POINT('',(0.090819927930568,-0.08388,0.00378979961511214));
#9634=CARTESIAN_POINT('',(0.090819927930568,-0.08772,0.00378979961511214));
#9635=CARTESIAN_POINT('',(0.09082,-0.08388,0.00382905656391592));
#9636=CARTESIAN_POINT('',(0.09082,-0.08772,0.00382905656391592));
#9637=CARTESIAN_POINT('',(0.0563323505597115,0.06962743,0.021));
#9638=CARTESIAN_POINT('',(0.0563323505597115,0.06962743,0.021));
#9639=CARTESIAN_POINT('',(0.0563323505597115,0.0749717280268669,0.021));
#9640=CARTESIAN_POINT('',(-1.38777878078145E-17,0.0171274259835482,0.019));
#9641=CARTESIAN_POINT('',(0.0765323505597115,0.04162743,0.019));
#9642=CARTESIAN_POINT('',(0.0765323505597115,0.06962743,0.019));
#9643=CARTESIAN_POINT('',(0.0563323505597115,0.06962743,0.019));
#9644=CARTESIAN_POINT('',(0.0361323505597115,0.04162743,0.019));
#9645=CARTESIAN_POINT('',(0.0361323505597115,0.06962743,0.019));
#9646=CARTESIAN_POINT('',(0.0563323505597115,0.06962743,0.019));
#9647=CARTESIAN_POINT('',(-0.0271281750192908,0.0187988049775502,0.018));
#9648=CARTESIAN_POINT('',(-0.0498281750192907,0.0187988049775502,0.018));
#9649=CARTESIAN_POINT('',(-0.0509281750192907,0.0187988049775502,0.018));
#9650=CARTESIAN_POINT('',(-0.0498281750192907,0.0187988049775502,0.002));
#9651=CARTESIAN_POINT('',(-0.0509281750192907,0.0187988049775502,0.002));
#9652=CARTESIAN_POINT('',(0.0263718249807092,0.0187988049775502,0.002));
#9653=CARTESIAN_POINT('',(0.0252718249807092,0.0187988049775502,0.002));
#9654=CARTESIAN_POINT('',(0.0263718249807092,0.0187988049775502,0.018));
#9655=CARTESIAN_POINT('',(0.0252718249807092,0.0187988049775502,0.018));
#9656=CARTESIAN_POINT('',(-0.0518281750192908,0.0187988049775502,0.02));
#9657=CARTESIAN_POINT('',(-0.0518281750192908,0.0187988049775502,0.02));
#9658=CARTESIAN_POINT('',(-0.0271281750192908,0.0187988049775502,0.02));
#9659=CARTESIAN_POINT('',(0.0283718249807092,0.0187988049775502,0.02));
#9660=CARTESIAN_POINT('',(0.0283718249807092,0.0187988049775502,0.018));
#9661=CARTESIAN_POINT('',(-0.0271281750192908,0.0587988049775502,0.018));
#9662=CARTESIAN_POINT('',(0.0283718249807092,0.0587988049775502,0.018));
#9663=CARTESIAN_POINT('',(-0.0826281750192908,0.0587988049775503,0.018));
#9664=CARTESIAN_POINT('',(-0.0826281750192908,0.0587988049775503,0.));
#9665=CARTESIAN_POINT('',(-0.0271281750192908,0.0587988049775502,0.));
#9666=CARTESIAN_POINT('',(0.0283718249807092,0.0387988049775502,0.018));
#9667=CARTESIAN_POINT('',(0.0283718249807092,0.0387988049775502,0.02));
#9668=CARTESIAN_POINT('',(0.0283718249807092,0.0237988049775502,0.02));
#9669=CARTESIAN_POINT('',(0.0283718249807092,0.0237988049775502,0.02));
#9670=CARTESIAN_POINT('',(-0.0826281750192908,0.0387988049775502,0.018));
#9671=CARTESIAN_POINT('',(-0.0826281750192908,0.0293511470522535,0.));
#9672=CARTESIAN_POINT('',(-0.0826281750192908,0.0293511470522535,0.));
#9673=CARTESIAN_POINT('',(-0.0826281750192908,0.0387988049775502,0.));
#9674=CARTESIAN_POINT('',(1.38777878078145E-17,0.00190000000000004,0.0206));
#9675=CARTESIAN_POINT('',(-0.0117281750192907,0.0237988049775503,0.02));
#9676=CARTESIAN_POINT('',(-0.04738406627332,0.0237988049775503,3.46944695195361E-18));
#9677=CARTESIAN_POINT('',(-0.04738406627332,0.0237988049775503,0.02));
#9678=CARTESIAN_POINT('',(-0.0473598763290061,0.0237988049775503,0.));
#9679=CARTESIAN_POINT('',(-0.0117281750192907,0.0237988049775503,0.02));
#9680=CARTESIAN_POINT('',(-0.0518281750192908,0.0212988049775503,0.02));
#9681=CARTESIAN_POINT('',(-0.0518281750192908,0.0209391271605888,0.02));
#9682=CARTESIAN_POINT('',(-0.0518281750192908,0.0209391271605888,0.02));
#9683=CARTESIAN_POINT('',(-0.0518281750192908,0.0212988049775503,0.02));
#9684=CARTESIAN_POINT('',(-0.0271281750192908,0.0387988049775502,0.02));
#9685=CARTESIAN_POINT('',(-0.04738406627332,0.0220930240326546,0.02));
#9686=CARTESIAN_POINT('',(-0.04738406627332,0.023787243087759,0.02));
#9687=CARTESIAN_POINT('',(-0.05278406627332,0.020387243087759,0.02));
#9688=CARTESIAN_POINT('',(-0.0480520154657511,0.0231192938953279,0.02));
#9689=CARTESIAN_POINT('',(-0.05078406627332,0.020387243087759,0.02));
#9690=CARTESIAN_POINT('',(0.0263718249807092,0.0157988049775502,0.018));
#9691=CARTESIAN_POINT('',(0.0263718249807092,0.0157988049775502,0.018));
#9692=CARTESIAN_POINT('',(0.0252718249807092,0.0157988049775502,0.018));
#9693=CARTESIAN_POINT('',(-0.0271281750192908,0.0157988049775502,0.0095508723285569));
#9694=CARTESIAN_POINT('',(0.0263718249807092,0.0157988049775502,0.002));
#9695=CARTESIAN_POINT('',(0.0263718249807092,0.0157988049775502,0.002));
#9696=CARTESIAN_POINT('',(0.0252718249807092,0.0157988049775502,0.002));
#9697=CARTESIAN_POINT('',(-0.0271281750192908,0.0157988049775502,0.0095508723285569));
#9698=CARTESIAN_POINT('',(-0.0498281750192907,0.0157988049775502,0.002));
#9699=CARTESIAN_POINT('',(-0.0498281750192907,0.0157988049775502,0.002));
#9700=CARTESIAN_POINT('',(-0.0509281750192907,0.0157988049775502,0.002));
#9701=CARTESIAN_POINT('',(-0.0271281750192908,0.0157988049775502,0.0095508723285569));
#9702=CARTESIAN_POINT('',(-0.0498281750192907,0.0157988049775502,0.018));
#9703=CARTESIAN_POINT('',(-0.0498281750192907,0.0157988049775502,0.018));
#9704=CARTESIAN_POINT('',(-0.0509281750192907,0.0157988049775502,0.018));
#9705=CARTESIAN_POINT('',(-0.0271281750192908,0.0157988049775502,0.0095508723285569));
#9706=CARTESIAN_POINT('',(-0.0603831410679967,-0.0797628174722195,0.01));
#9707=CARTESIAN_POINT('',(-0.0271281750192908,0.0387988049775502,0.0227));
#9708=CARTESIAN_POINT('',(0.0023477187473327,0.0263835984170437,0.0227));
#9709=CARTESIAN_POINT('',(0.0023477187473327,0.0293835984170437,0.0227));
#9710=CARTESIAN_POINT('',(0.0023477187473327,0.0243835984170437,0.0227));
#9711=CARTESIAN_POINT('',(-0.000152281252667306,0.0243835984170437,0.0227));
#9712=CARTESIAN_POINT('',(-0.000152281252667306,0.0293835984170437,0.0227));
#9713=CARTESIAN_POINT('',(0.0023477187473327,0.0263835984170437,0.0227));
#9714=CARTESIAN_POINT('',(0.0023477187473327,0.0273835984170437,0.02));
#9715=CARTESIAN_POINT('',(0.0023477187473327,0.0278835984170437,0.02));
#9716=CARTESIAN_POINT('',(0.0023477187473327,0.0258835984170437,0.02));
#9717=CARTESIAN_POINT('',(0.0023477187473327,0.0258835984170437,0.02));
#9718=CARTESIAN_POINT('',(0.0023477187473327,0.0243835984170437,0.0227));
#9719=CARTESIAN_POINT('',(0.0023477187473327,0.0293835984170437,0.0227));
#9720=CARTESIAN_POINT('',(0.0023477187473327,0.0278835984170437,0.02));
#9721=CARTESIAN_POINT('',(-0.000152281252667306,0.0243835984170437,0.0227));
#9722=CARTESIAN_POINT('',(-0.000152281252667306,0.0293835984170437,0.0227));
#9723=CARTESIAN_POINT('',(0.0737459115755217,-0.0286688891525572,-0.005));
#9724=CARTESIAN_POINT('',(0.0737459115755217,-0.0589188891525572,-0.005));
#9725=CARTESIAN_POINT('',(0.0737459115755217,0.0015811108474428,-0.005));
#9726=CARTESIAN_POINT('',(0.0707459115755217,0.00458111084744281,-0.005));
#9727=CARTESIAN_POINT('',(0.0677459115755216,0.00758111084744282,-0.005));
#9728=CARTESIAN_POINT('',(0.0677459115755217,-0.0286688891525572,-0.005));
#9729=CARTESIAN_POINT('',(0.0677459115755217,-0.0649188891525572,-0.005));
#9730=CARTESIAN_POINT('',(0.0707459115755217,-0.0619188891525572,-0.005));
#9731=CARTESIAN_POINT('',(0.0597459115755216,0.0115811108474428,-0.005));
#9732=CARTESIAN_POINT('',(0.0627459115755216,0.0115811108474428,-0.005));
#9733=CARTESIAN_POINT('',(0.0567459115755216,0.0115811108474428,-0.005));
#9734=CARTESIAN_POINT('',(0.0567459115755216,-0.0286688891525572,-0.005));
#9735=CARTESIAN_POINT('',(0.0567459115755217,-0.0689188891525572,-0.005));
#9736=CARTESIAN_POINT('',(0.0597459115755217,-0.0689188891525572,-0.005));
#9737=CARTESIAN_POINT('',(0.0627459115755217,-0.0689188891525572,-0.005));
#9738=CARTESIAN_POINT('',(0.0627459115755217,-0.0286688891525572,-0.005));
#9739=CARTESIAN_POINT('',(0.0487459115755216,0.0115811108474428,-0.005));
#9740=CARTESIAN_POINT('',(0.0517459115755216,0.0115811108474428,-0.005));
#9741=CARTESIAN_POINT('',(0.0457459115755216,0.0115811108474428,-0.005));
#9742=CARTESIAN_POINT('',(0.0457459115755216,-0.0286688891525572,-0.005));
#9743=CARTESIAN_POINT('',(0.0457459115755217,-0.0689188891525572,-0.005));
#9744=CARTESIAN_POINT('',(0.0487459115755217,-0.0689188891525572,-0.005));
#9745=CARTESIAN_POINT('',(0.0517459115755217,-0.0689188891525572,-0.005));
#9746=CARTESIAN_POINT('',(0.0517459115755216,-0.0286688891525572,-0.005));
#9747=CARTESIAN_POINT('',(0.0282459115755214,0.0115811108474428,-0.005));
#9748=CARTESIAN_POINT('',(0.0307459115755217,0.0115811108474428,-0.005));
#9749=CARTESIAN_POINT('',(0.0257459115755212,0.0115811108474428,-0.005));
#9750=CARTESIAN_POINT('',(0.0257459115755212,-0.0286688891525573,-0.005));
#9751=CARTESIAN_POINT('',(0.0257459115755212,-0.0689188891525572,-0.005));
#9752=CARTESIAN_POINT('',(0.0282459115755214,-0.0689188891525572,-0.005));
#9753=CARTESIAN_POINT('',(0.0307459115755217,-0.0689188891525572,-0.005));
#9754=CARTESIAN_POINT('',(0.0307459115755217,-0.0286688891525572,-0.005));
#9755=CARTESIAN_POINT('',(0.0177459115755212,0.0115811108474428,-0.005));
#9756=CARTESIAN_POINT('',(0.0207459115755212,0.0115811108474428,-0.005));
#9757=CARTESIAN_POINT('',(0.0147459115755212,0.0115811108474428,-0.005));
#9758=CARTESIAN_POINT('',(0.0147459115755212,-0.0286688891525573,-0.005));
#9759=CARTESIAN_POINT('',(0.0147459115755212,-0.0689188891525572,-0.005));
#9760=CARTESIAN_POINT('',(0.0177459115755212,-0.0689188891525572,-0.005));
#9761=CARTESIAN_POINT('',(0.0207459115755212,-0.0689188891525572,-0.005));
#9762=CARTESIAN_POINT('',(0.0207459115755212,-0.0286688891525573,-0.005));
#9763=CARTESIAN_POINT('',(0.00674591157552118,0.0045811108474423,-0.005));
#9764=CARTESIAN_POINT('',(0.00974591157552118,0.0075811108474423,-0.005));
#9765=CARTESIAN_POINT('',(0.00374591157552119,0.0015811108474423,-0.005));
#9766=CARTESIAN_POINT('',(0.0037459115755212,-0.0286688891525573,-0.005));
#9767=CARTESIAN_POINT('',(0.00374591157552121,-0.0589188891525568,-0.005));
#9768=CARTESIAN_POINT('',(0.00674591157552121,-0.0619188891525568,-0.005));
#9769=CARTESIAN_POINT('',(0.00974591157552121,-0.0649188891525568,-0.005));
#9770=CARTESIAN_POINT('',(0.0097459115755212,-0.0286688891525573,-0.005));
#9771=CARTESIAN_POINT('',(-0.0539052618145943,0.0212988049775503,0.));
#9772=CARTESIAN_POINT('',(-0.0539052618145943,0.0249988049775503,0.));
#9773=CARTESIAN_POINT('',(-0.0518052618145943,0.0249988049775503,0.));
#9774=CARTESIAN_POINT('',(-0.0520052618145943,0.0249988049775503,0.0093));
#9775=CARTESIAN_POINT('',(-0.0520052618145943,0.0249988049775503,0.0083));
#9776=CARTESIAN_POINT('',(-0.0497052618145943,0.0249988049775503,0.));
#9777=CARTESIAN_POINT('',(-0.0497052618145943,0.0262488049775502,0.));
#9778=CARTESIAN_POINT('',(-0.0497052618145943,0.0283485261254234,0.));
#9779=CARTESIAN_POINT('',(-0.0485325690718002,0.0283485261254234,0.));
#9780=CARTESIAN_POINT('',(-0.0473598763290061,0.0283485261254234,0.));
#9781=CARTESIAN_POINT('',(-0.0473598763290061,0.0260736655514868,0.));
#9782=CARTESIAN_POINT('',(-0.0731052618145943,0.0227988049775503,0.));
#9783=CARTESIAN_POINT('',(-0.0692052618145943,0.0227988049775503,0.));
#9784=CARTESIAN_POINT('',(-0.0770052618145943,0.0227988049775503,0.));
#9785=CARTESIAN_POINT('',(-0.0692052618145943,0.0207988049775502,0.));
#9786=CARTESIAN_POINT('',(-0.0821667184169425,0.0293511470522535,0.));
#9787=CARTESIAN_POINT('',(-0.0817052618145943,0.0293511470522535,0.));
#9788=CARTESIAN_POINT('',(-0.0817052618145943,0.0293511470522535,0.));
#9789=CARTESIAN_POINT('',(-0.0821667184169425,0.0293511470522535,0.));
#9790=CARTESIAN_POINT('',(-0.0817052618145943,0.0262488049775502,0.));
#9791=CARTESIAN_POINT('',(-0.0817052618145943,0.0262488049775502,0.));
#9792=CARTESIAN_POINT('',(-0.0770052618145943,0.0238988049775503,0.));
#9793=CARTESIAN_POINT('',(-0.04738406627332,0.0220930240326546,3.46944695195361E-18));
#9794=CARTESIAN_POINT('',(-0.04738406627332,0.023787243087759,3.46944695195361E-18));
#9795=CARTESIAN_POINT('',(-0.05078406627332,0.020387243087759,3.46944695195361E-18));
#9796=CARTESIAN_POINT('',(-0.0480520154657511,0.0231192938953279,3.46944695195361E-18));
#9797=CARTESIAN_POINT('',(-0.05278406627332,0.020387243087759,3.46944695195361E-18));
#9798=CARTESIAN_POINT('',(-0.0794052618145943,0.0219988049775502,0.0093));
#9799=CARTESIAN_POINT('',(-0.0794052618145943,0.0213979443585227,0.0093));
#9800=CARTESIAN_POINT('',(-0.0794052618145943,0.0219988049775502,0.0093));
#9801=CARTESIAN_POINT('',(-0.0794052618145943,0.0219988049775502,0.0083));
#9802=CARTESIAN_POINT('',(-0.0794052618145943,0.0249988049775503,0.0093));
#9803=CARTESIAN_POINT('',(-0.0520052618145943,0.0219988049775502,0.0093));
#9804=CARTESIAN_POINT('',(-0.0520052618145943,0.0213979443585227,0.0093));
#9805=CARTESIAN_POINT('',(-0.0520052618145943,0.0219988049775502,0.0093));
#9806=CARTESIAN_POINT('',(-0.0520052618145943,0.0219988049775502,0.0083));
#9807=CARTESIAN_POINT('',(-0.0520052618145943,0.0249988049775503,0.0093));
#9808=CARTESIAN_POINT('',(0.0226730270393592,0.0263835984170437,0.021));
#9809=CARTESIAN_POINT('',(0.0226730270393592,0.0263835984170437,0.021));
#9810=CARTESIAN_POINT('',(0.0210730270393592,0.0263835984170437,0.021));
#9811=CARTESIAN_POINT('',(-0.0271281750192908,0.0387988049775502,0.021));
#9812=CARTESIAN_POINT('',(0.0226730270393592,0.0477110524297687,0.021));
#9813=CARTESIAN_POINT('',(0.0226730270393592,0.0477110524297687,0.021));
#9814=CARTESIAN_POINT('',(0.0210730270393592,0.0477110524297687,0.021));
#9815=CARTESIAN_POINT('',(-0.0271281750192908,0.0387988049775502,0.021));
#9816=CARTESIAN_POINT('',(-0.0433269729606408,0.0477110524297687,0.021));
#9817=CARTESIAN_POINT('',(-0.0433269729606408,0.0477110524297687,0.021));
#9818=CARTESIAN_POINT('',(-0.0449269729606408,0.0477110524297687,0.021));
#9819=CARTESIAN_POINT('',(-0.0271281750192908,0.0387988049775502,0.021));
#9820=CARTESIAN_POINT('',(-0.0433269729606408,0.0263835984170437,0.021));
#9821=CARTESIAN_POINT('',(-0.0433269729606408,0.0263835984170437,0.021));
#9822=CARTESIAN_POINT('',(-0.0449269729606408,0.0263835984170437,0.021));
#9823=CARTESIAN_POINT('',(-0.0271281750192908,0.0387988049775502,0.021));
#9824=CARTESIAN_POINT('',(-3.32286273227189E-06,-0.09152,0.011));
#9825=CARTESIAN_POINT('',(-0.0812071023574888,-0.09152,-0.00116));
#9826=CARTESIAN_POINT('',(-0.0812071023574888,-0.09152,-0.005));
#9827=CARTESIAN_POINT('',(-0.0805831410679967,-0.0297628174722194,0.011));
#9828=CARTESIAN_POINT('',(-0.0805831410679967,0.0689398049775502,-0.005));
#9829=CARTESIAN_POINT('',(-0.0805831410679967,0.0689398049775502,-0.005));
#9830=CARTESIAN_POINT('',(-0.0805831410679967,0.0689398049775502,-0.000415696416766111));
#9831=CARTESIAN_POINT('',(-0.0805831410679967,-0.0747628174722195,-0.000415696416766111));
#9832=CARTESIAN_POINT('',(-0.0805831410679967,-0.0248820062473346,-0.005));
#9833=CARTESIAN_POINT('',(-0.00465228125266731,0.0258835984170437,0.02));
#9834=CARTESIAN_POINT('',(-0.00665228125266731,0.0258835984170437,0.02));
#9835=CARTESIAN_POINT('',(-0.00665228125266731,0.0258835984170437,0.02));
#9836=CARTESIAN_POINT('',(-0.00465228125266731,0.0258835984170437,0.02));
#9837=CARTESIAN_POINT('',(-0.00665228125266731,0.0273835984170437,0.02));
#9838=CARTESIAN_POINT('',(-0.00665228125266731,0.0278835984170437,0.02));
#9839=CARTESIAN_POINT('',(-0.00665228125266731,0.0278835984170437,0.02));
#9840=CARTESIAN_POINT('',(-0.00665228125266731,0.0273835984170437,0.02));
#9841=CARTESIAN_POINT('',(-0.00465228125266731,0.0278835984170437,0.02));
#9842=CARTESIAN_POINT('',(-0.00465228125266731,0.0278835984170437,0.02));
#9843=CARTESIAN_POINT('',(-0.0271281750192908,0.0387988049775502,0.02));
#9844=CARTESIAN_POINT('',(0.0043477187473327,0.0258835984170437,0.02));
#9845=CARTESIAN_POINT('',(0.0043477187473327,0.0258835984170437,0.02));
#9846=CARTESIAN_POINT('',(0.00634771874733269,0.0258835984170437,0.02));
#9847=CARTESIAN_POINT('',(0.00634771874733269,0.0258835984170437,0.02));
#9848=CARTESIAN_POINT('',(0.0043477187473327,0.0278835984170437,0.02));
#9849=CARTESIAN_POINT('',(0.00634771874733269,0.0278835984170437,0.02));
#9850=CARTESIAN_POINT('',(0.00634771874733269,0.0278835984170437,0.02));
#9851=CARTESIAN_POINT('',(0.0043477187473327,0.0278835984170437,0.02));
#9852=CARTESIAN_POINT('',(0.00634771874733269,0.0273835984170437,0.02));
#9853=CARTESIAN_POINT('',(0.00634771874733269,0.0273835984170437,0.02));
#9854=CARTESIAN_POINT('',(-0.0271281750192908,0.0387988049775502,0.02));
#9855=CARTESIAN_POINT('',(0.08288,0.06894,0.00192));
#9856=CARTESIAN_POINT('',(0.08288,0.06894,-0.00216));
#9857=CARTESIAN_POINT('',(0.0830497166277289,0.06894,-0.005));
#9858=CARTESIAN_POINT('',(-0.0891313661976483,-0.0297628174722266,0.0426683577924483));
#9859=CARTESIAN_POINT('',(-0.0785815348046932,-0.0747628174722195,0.0210351498902111));
#9860=CARTESIAN_POINT('',(-0.0805840948008873,0.0152371825277805,0.0201686071664678));
#9861=CARTESIAN_POINT('',(0.0905691606196582,-0.0858,-0.005));
#9862=CARTESIAN_POINT('',(0.0905691606196582,-0.0858,-0.005));
#9863=CARTESIAN_POINT('',(-1.38777878078145E-17,4.16333634234433E-17,-0.005));
#9864=CARTESIAN_POINT('',(-1.38777878078145E-17,4.16333634234433E-17,-0.005));
#9865=CARTESIAN_POINT('',(-0.0817315705339984,0.0689398049775502,-0.005));
#9866=CARTESIAN_POINT('',(3.39907768361723E-33,2.77555756156289E-17,-0.00216));
#9867=CARTESIAN_POINT('',(3.39907768361723E-33,2.77555756156289E-17,-0.00216));
#9868=CARTESIAN_POINT('',(-0.0817315705339984,0.0689398049775502,0.));
#9869=CARTESIAN_POINT('',(-0.0808231435061178,0.0689398049775502,0.));
#9870=CARTESIAN_POINT('',(-0.0799426309072971,0.0689398049775502,0.0065));
#9871=CARTESIAN_POINT('',(-0.083417597918712,0.0689398049775502,0.00449372686053454));
#9872=CARTESIAN_POINT('',(0.0812071023574888,-0.09152,-0.00116));
#9873=CARTESIAN_POINT('',(-0.0812071023574888,-0.09152,-0.00116));
#9874=CARTESIAN_POINT('',(0.09188,0.05972,0.00184));
#9875=CARTESIAN_POINT('',(0.09188,0.06894,0.00184));
#9876=CARTESIAN_POINT('',(-0.07388,0.05972,0.00184));
#9877=CARTESIAN_POINT('',(-0.07388,0.06894,0.00184));
#9878=CARTESIAN_POINT('',(0.0364399500201074,-0.0719048437361097,0.002));
#9879=CARTESIAN_POINT('',(0.0364399500201074,-0.0719048437361097,0.002));
#9880=CARTESIAN_POINT('',(0.000885160638154747,-0.078383435,0.002));
#9881=CARTESIAN_POINT('',(-0.0735831410679967,-0.0297628174722194,0.0210351498902111));
#9882=CARTESIAN_POINT('',(-0.0735831410679967,0.0152371825277806,0.0210351498902111));
#9883=CARTESIAN_POINT('',(-0.0735831410679967,-0.0147628174722194,0.0210351498902111));
#9884=CARTESIAN_POINT('',(-0.0735831410679967,-0.0447628174722194,0.0210351498902111));
#9885=CARTESIAN_POINT('',(-0.0735831410679967,-0.0747628174722194,0.0210351498902111));
#9886=CARTESIAN_POINT('',(-0.0735831410679967,-0.0297628174722194,0.01));
#9887=CARTESIAN_POINT('',(-0.0823831410679967,-0.00293650624733461,0.0201686071664678));
#9888=CARTESIAN_POINT('',(-0.0823831410679967,-0.0747628174722195,0.0201686071664678));
#9889=CARTESIAN_POINT('',(-0.0823831410679967,-0.0447628174722195,0.0201686071664678));
#9890=CARTESIAN_POINT('',(-0.0823831410679967,-0.0147628174722195,0.0201686071664678));
#9891=CARTESIAN_POINT('',(-0.0823831410679967,0.0152371825277805,0.0201686071664678));
#9892=CARTESIAN_POINT('',(-0.0823831410679967,-0.00293650624733461,0.00760929108323389));
#9893=CARTESIAN_POINT('',(-0.0823831410679967,-0.0297628174722195,0.00270199503685786));
#9894=CARTESIAN_POINT('',(-0.0852019432215137,-0.0297628174722195,0.00758430358323389));
#9895=CARTESIAN_POINT('',(-0.03844,0.07098,0.0059));
#9896=CARTESIAN_POINT('',(-0.03844,0.07098,0.0118));
#9897=CARTESIAN_POINT('',(-0.03844,0.07098,0.0118));
#9898=CARTESIAN_POINT('',(-0.03844,0.07098,0.0059));
#9899=CARTESIAN_POINT('',(8.79142415704735E-18,0.07098,0.0118));
#9900=CARTESIAN_POINT('',(0.03844,0.07098,0.0118));
#9901=CARTESIAN_POINT('',(0.03844,0.07098,0.0118));
#9902=CARTESIAN_POINT('',(8.79142415704735E-18,0.07098,0.0118));
#9903=CARTESIAN_POINT('',(0.03844,0.07098,0.0059));
#9904=CARTESIAN_POINT('',(0.03844,0.07098,0.0059));
#9905=CARTESIAN_POINT('',(4.13759541019325E-18,0.07098,0.011));
#9906=CARTESIAN_POINT('',(0.08288,0.06894,-0.00216));
#9907=CARTESIAN_POINT('',(0.08288,0.06894,-0.00216));
#9908=CARTESIAN_POINT('',(0.06816,0.09152,0.01));
#9909=CARTESIAN_POINT('',(-0.06816,0.09152,0.01));
#9910=MECHANICAL_DESIGN_GEOMETRIC_PRESENTATION_REPRESENTATION('',(#5915),#9911);
#9911=(
GEOMETRIC_REPRESENTATION_CONTEXT(3)
GLOBAL_UNCERTAINTY_ASSIGNED_CONTEXT((#9912))
GLOBAL_UNIT_ASSIGNED_CONTEXT((#9915,#9914,#9913))
REPRESENTATION_CONTEXT('Part 1','TOP_LEVEL_ASSEMBLY_PART')
);
#9912=UNCERTAINTY_MEASURE_WITH_UNIT(LENGTH_MEASURE(2.1E-05),#9915,'DISTANCE_ACCURACY_VALUE','Maximum Tolerance applied to model');
#9913=(
NAMED_UNIT(*)
SI_UNIT($,.STERADIAN.)
SOLID_ANGLE_UNIT()
);
#9914=(
NAMED_UNIT(*)
PLANE_ANGLE_UNIT()
SI_UNIT($,.RADIAN.)
);
#9915=(
LENGTH_UNIT()
NAMED_UNIT(*)
SI_UNIT($,.METRE.)
);
#9916=PRODUCT_DEFINITION_SHAPE('','',#9917);
#9917=PRODUCT_DEFINITION('','',#9919,#9918);
#9918=PRODUCT_DEFINITION_CONTEXT('',#9925,'design');
#9919=PRODUCT_DEFINITION_FORMATION_WITH_SPECIFIED_SOURCE('','',#9921,.NOT_KNOWN.);
#9920=PRODUCT_RELATED_PRODUCT_CATEGORY('','',(#9921));
#9921=PRODUCT('Part 1','Part 1','Part 1',(#9923));
#9922=PRODUCT_CATEGORY('','');
#9923=PRODUCT_CONTEXT('',#9925,'mechanical');
#9924=APPLICATION_PROTOCOL_DEFINITION('international standard','ap242_managed_model_based_3d_engineering',2020,#9925);
#9925=APPLICATION_CONTEXT('managed model based 3d engineering');
#9926=COMPOSITE_SHAPE_ASPECT('hole_callout.FbbQu5W7NkWAZv1_1.JHD.0',$,#9916,$);
#9927=SHAPE_ASPECT('hole_callout.FbbQu5W7NkWAZv1_1.JHD.0',$,#9916,.T.);
#9928=GEOMETRIC_ITEM_SPECIFIC_USAGE('','',#9927,#11,#5867);
#9929=SHAPE_ASPECT_RELATIONSHIP('','',#9926,#9927);
#9930=SHAPE_ASPECT('hole_callout.FbbQu5W7NkWAZv1_1.JHD.0',$,#9916,.T.);
#9931=GEOMETRIC_ITEM_SPECIFIC_USAGE('','',#9930,#11,#5866);
#9932=SHAPE_ASPECT_RELATIONSHIP('','',#9926,#9930);
#9933=SHAPE_ASPECT('hole_callout.FbbQu5W7NkWAZv1_1.JHD.0',$,#9916,.T.);
#9934=GEOMETRIC_ITEM_SPECIFIC_USAGE('','',#9933,#11,#5865);
#9935=SHAPE_ASPECT_RELATIONSHIP('','',#9926,#9933);
#9936=SHAPE_ASPECT('hole_callout.FbbQu5W7NkWAZv1_1.JHD.0',$,#9916,.T.);
#9937=GEOMETRIC_ITEM_SPECIFIC_USAGE('','',#9936,#11,#5864);
#9938=SHAPE_ASPECT_RELATIONSHIP('','',#9926,#9936);
#9939=DIMENSIONAL_SIZE(#9926,'depth');
#9940=(
LENGTH_UNIT()
NAMED_UNIT(*)
SI_UNIT(.MILLI.,.METRE.)
);
#9942=PRECISION_QUALIFIER(3);
#9941=(
LENGTH_MEASURE_WITH_UNIT()
MEASURE_REPRESENTATION_ITEM()
MEASURE_WITH_UNIT(POSITIVE_LENGTH_MEASURE(3.),#9940)
QUALIFIED_REPRESENTATION_ITEM((#9942))
REPRESENTATION_ITEM('nominal value')
);
#9943=COMPOUND_REPRESENTATION_ITEM('modifiers',SET_REPRESENTATION_ITEM((#9944)));
#9944=DESCRIPTIVE_REPRESENTATION_ITEM('dimensional note','depth');
#9945=SHAPE_DIMENSION_REPRESENTATION('',(#9941,#9943),#9911);
#9946=DIMENSIONAL_CHARACTERISTIC_REPRESENTATION(#9939,#9945);
#9947=DIMENSIONAL_SIZE(#9926,'diameter');
#9948=(
LENGTH_UNIT()
NAMED_UNIT(*)
SI_UNIT(.MILLI.,.METRE.)
);
#9950=PRECISION_QUALIFIER(3);
#9949=(
LENGTH_MEASURE_WITH_UNIT()
MEASURE_REPRESENTATION_ITEM()
MEASURE_WITH_UNIT(POSITIVE_LENGTH_MEASURE(2.),#9948)
QUALIFIED_REPRESENTATION_ITEM((#9950))
REPRESENTATION_ITEM('nominal value')
);
#9951=COMPOUND_REPRESENTATION_ITEM('modifiers',SET_REPRESENTATION_ITEM((#9952)));
#9952=DESCRIPTIVE_REPRESENTATION_ITEM('dimensional note','diameter');
#9953=SHAPE_DIMENSION_REPRESENTATION('',(#9949,#9951),#9911);
#9954=DIMENSIONAL_CHARACTERISTIC_REPRESENTATION(#9947,#9953);
#9955=PRESENTATION_STYLE_ASSIGNMENT((NULL_STYLE(.NULL.)));
#9956=CARTESIAN_POINT('',(-0.0520052618145943,0.0249988049775502,0.0093));
#9957=DIRECTION('',(0.,1.,0.));
#9958=DIRECTION('',(-1.,0.,0.));
#9959=AXIS2_PLACEMENT_3D('',#9956,#9957,#9958);
#9960=PLANE('',#9959);
#9961=ANNOTATION_PLANE('',(#9955),#9960,(#9988));
#9962=CARTESIAN_POINT('',(0.,0.,0.));
#9963=DIRECTION('',(0.,0.,1.));
#9964=DIRECTION('',(1.,0.,0.));
#9965=AXIS2_PLACEMENT_3D('',#9962,#9963,#9964);
#9966=CARTESIAN_POINT('',(0.,0.,0.));
#9967=DIRECTION('',(0.,0.,1.));
#9968=DIRECTION('',(1.,0.,0.));
#9969=AXIS2_PLACEMENT_3D('',#9966,#9967,#9968);
#9970=SHAPE_REPRESENTATION('',(#9969,#5923),#9911);
#9971=REPRESENTATION_MAP(#9965,#9970);
#9972=MAPPED_ITEM('',#9971,#9965);
#9973=PRESENTATION_STYLE_ASSIGNMENT((NULL_STYLE(.NULL.)));
#9974=STYLED_ITEM('',(#9973),#9972);
#9975=DRAUGHTING_MODEL('',(#9961,#9965,#9972,#9974),#9911);
#9976=DRAUGHTING_PRE_DEFINED_CURVE_FONT('continuous');
#9977=COLOUR_RGB('',0.,0.,0.);
#9978=CURVE_STYLE('',#9976,POSITIVE_LENGTH_MEASURE(0.02),#9977);
#9979=PRESENTATION_STYLE_ASSIGNMENT((#9978));
#9980=COORDINATES_LIST('coordinates',1509,((-0.0527124,0.0249988,0.0100071),(-0.0541266,0.0249988,0.0128355),(-0.0555408,0.0249988,0.0114213),(-0.0619284,0.0249988,0.0156908),(-0.0620254,0.0249988,0.0156502),(-0.0621235,0.0249988,0.0156149),(-0.0619284,0.0249988,0.0156908),(-0.0621235,0.0249988,0.0156149),(-0.0622224,0.0249988,0.0155851),(-0.0619284,0.0249988,0.0156908),(-0.0622224,0.0249988,0.0155851),(-0.0623224,0.0249988,0.0155607),(-0.0619284,0.0249988,0.0156908),(-0.0623224,0.0249988,0.0155607),(-0.0624232,0.0249988,0.0155417),(-0.0619284,0.0249988,0.0156908),(-0.0624232,0.0249988,0.0155417),(-0.0625251,0.0249988,0.0155281),(-0.0619284,0.0249988,0.0156908),(-0.0625251,0.0249988,0.0155281),(-0.0626279,0.0249988,0.0155200),(-0.0619284,0.0249988,0.0156908),(-0.0626279,0.0249988,0.0155200),(-0.0627317,0.0249988,0.0155173),(-0.0619284,0.0249988,0.0156908),(-0.0627317,0.0249988,0.0155173),(-0.0628674,0.0249988,0.0155216),(-0.0619284,0.0249988,0.0156908),(-0.0628674,0.0249988,0.0155216),(-0.0630007,0.0249988,0.0155345),(-0.0619284,0.0249988,0.0156908),(-0.0630007,0.0249988,0.0155345),(-0.0631314,0.0249988,0.0155561),(-0.0619284,0.0249988,0.0156908),(-0.0631314,0.0249988,0.0155561),(-0.0632595,0.0249988,0.0155863),(-0.0619284,0.0249988,0.0156908),(-0.0632595,0.0249988,0.0155863),(-0.0633851,0.0249988,0.0156252),(-0.0619284,0.0249988,0.0156908),(-0.0633851,0.0249988,0.0156252),(-0.0635082,0.0249988,0.0156727),(-0.0619284,0.0249988,0.0156908),(-0.0635082,0.0249988,0.0156727),(-0.0636287,0.0249988,0.0157288),(-0.0619284,0.0249988,0.0156908),(-0.0636287,0.0249988,0.0157288),(-0.0637466,0.0249988,0.0157935),(-0.0619284,0.0249988,0.0156908),(-0.0637466,0.0249988,0.0157935),(-0.0638602,0.0249988,0.0158659),(-0.0619284,0.0249988,0.0156908),(-0.0638602,0.0249988,0.0158659),(-0.0639675,0.0249988,0.0159444),(-0.0619284,0.0249988,0.0156908),(-0.0639675,0.0249988,0.0159444),(-0.0640687,0.0249988,0.0160291),(-0.0619284,0.0249988,0.0156908),(-0.0640687,0.0249988,0.0160291),(-0.0641636,0.0249988,0.0161200),(-0.0619284,0.0249988,0.0156908),(-0.0641636,0.0249988,0.0161200),(-0.0642523,0.0249988,0.0162170),(-0.0642523,0.0249988,0.0162170),(-0.0643348,0.0249988,0.0163202),(-0.0644110,0.0249988,0.0164295),(-0.0642523,0.0249988,0.0162170),(-0.0644110,0.0249988,0.0164295),(-0.0644811,0.0249988,0.0165449),(-0.0642523,0.0249988,0.0162170),(-0.0644811,0.0249988,0.0165449),(-0.0645441,0.0249988,0.0166647),(-0.0642523,0.0249988,0.0162170),(-0.0645441,0.0249988,0.0166647),(-0.0645987,0.0249988,0.0167869),(-0.0642523,0.0249988,0.0162170),(-0.0645987,0.0249988,0.0167869),(-0.0646449,0.0249988,0.0169117),(-0.0642523,0.0249988,0.0162170),(-0.0646449,0.0249988,0.0169117),(-0.0646827,0.0249988,0.0170389),(-0.0642523,0.0249988,0.0162170),(-0.0646827,0.0249988,0.0170389),(-0.0647121,0.0249988,0.0171686),(-0.0642523,0.0249988,0.0162170),(-0.0647121,0.0249988,0.0171686),(-0.0647331,0.0249988,0.0173008),(-0.0642523,0.0249988,0.0162170),(-0.0647331,0.0249988,0.0173008),(-0.0647457,0.0249988,0.0174354),(-0.0642523,0.0249988,0.0162170),(-0.0647457,0.0249988,0.0174354),(-0.0647499,0.0249988,0.0175726),(-0.0642523,0.0249988,0.0162170),(-0.0647499,0.0249988,0.0175726),(-0.0647457,0.0249988,0.0177042),(-0.0642523,0.0249988,0.0162170),(-0.0647457,0.0249988,0.0177042),(-0.0647331,0.0249988,0.0178350),(-0.0642523,0.0249988,0.0162170),(-0.0647331,0.0249988,0.0178350),(-0.0647121,0.0249988,0.0179651),(-0.0642523,0.0249988,0.0162170),(-0.0647121,0.0249988,0.0179651),(-0.0646827,0.0249988,0.0180943),(-0.0642523,0.0249988,0.0162170),(-0.0646827,0.0249988,0.0180943),(-0.0646449,0.0249988,0.0182228),(-0.0642523,0.0249988,0.0162170),(-0.0646449,0.0249988,0.0182228),(-0.0645987,0.0249988,0.0183504),(-0.0645987,0.0249988,0.0183504),(-0.0642069,0.0249988,0.0182089),(-0.0642435,0.0249988,0.0181111),(-0.0645987,0.0249988,0.0183504),(-0.0642435,0.0249988,0.0181111),(-0.0642734,0.0249988,0.0180099),(-0.0645987,0.0249988,0.0183504),(-0.0642734,0.0249988,0.0180099),(-0.0642967,0.0249988,0.0179055),(-0.0645987,0.0249988,0.0183504),(-0.0642967,0.0249988,0.0179055),(-0.0643133,0.0249988,0.0177978),(-0.0645987,0.0249988,0.0183504),(-0.0643133,0.0249988,0.0177978),(-0.0643233,0.0249988,0.0176868),(-0.0645987,0.0249988,0.0183504),(-0.0643233,0.0249988,0.0176868),(-0.0643266,0.0249988,0.0175726),(-0.0645987,0.0249988,0.0183504),(-0.0643266,0.0249988,0.0175726),(-0.0643232,0.0249988,0.0174625),(-0.0642523,0.0249988,0.0162170),(-0.0645987,0.0249988,0.0183504),(-0.0643232,0.0249988,0.0174625),(-0.0642523,0.0249988,0.0162170),(-0.0643232,0.0249988,0.0174625),(-0.0643131,0.0249988,0.0173547),(-0.0642523,0.0249988,0.0162170),(-0.0643131,0.0249988,0.0173547),(-0.0642964,0.0249988,0.0172490),(-0.0642523,0.0249988,0.0162170),(-0.0642964,0.0249988,0.0172490),(-0.0642729,0.0249988,0.0171455),(-0.0642523,0.0249988,0.0162170),(-0.0642729,0.0249988,0.0171455),(-0.0642427,0.0249988,0.0170442),(-0.0642523,0.0249988,0.0162170),(-0.0642427,0.0249988,0.0170442),(-0.0642057,0.0249988,0.0169451),(-0.0642523,0.0249988,0.0162170),(-0.0642057,0.0249988,0.0169451),(-0.0641621,0.0249988,0.0168482),(-0.0642523,0.0249988,0.0162170),(-0.0641621,0.0249988,0.0168482),(-0.0641117,0.0249988,0.0167534),(-0.0642523,0.0249988,0.0162170),(-0.0641117,0.0249988,0.0167534),(-0.0640559,0.0249988,0.0166622),(-0.0642523,0.0249988,0.0162170),(-0.0640559,0.0249988,0.0166622),(-0.0639953,0.0249988,0.0165759),(-0.0642523,0.0249988,0.0162170),(-0.0639953,0.0249988,0.0165759),(-0.0639298,0.0249988,0.0164944),(-0.0642523,0.0249988,0.0162170),(-0.0639298,0.0249988,0.0164944),(-0.0638596,0.0249988,0.0164179),(-0.0642523,0.0249988,0.0162170),(-0.0638596,0.0249988,0.0164179),(-0.0637846,0.0249988,0.0163463),(-0.0642523,0.0249988,0.0162170),(-0.0637846,0.0249988,0.0163463),(-0.0637047,0.0249988,0.0162795),(-0.0642523,0.0249988,0.0162170),(-0.0637047,0.0249988,0.0162795),(-0.0636201,0.0249988,0.0162177),(-0.0642523,0.0249988,0.0162170),(-0.0636201,0.0249988,0.0162177),(-0.0635307,0.0249988,0.0161607),(-0.0642523,0.0249988,0.0162170),(-0.0635307,0.0249988,0.0161607),(-0.0634381,0.0249988,0.0161096),(-0.0642523,0.0249988,0.0162170),(-0.0634381,0.0249988,0.0161096),(-0.0633435,0.0249988,0.0160654),(-0.0642523,0.0249988,0.0162170),(-0.0633435,0.0249988,0.0160654),(-0.0632467,0.0249988,0.0160279),(-0.0642523,0.0249988,0.0162170),(-0.0632467,0.0249988,0.0160279),(-0.0631479,0.0249988,0.0159972),(-0.0619284,0.0249988,0.0156908),(-0.0642523,0.0249988,0.0162170),(-0.0631479,0.0249988,0.0159972),(-0.0619284,0.0249988,0.0156908),(-0.0631479,0.0249988,0.0159972),(-0.0630469,0.0249988,0.0159734),(-0.0619284,0.0249988,0.0156908),(-0.0630469,0.0249988,0.0159734),(-0.0629439,0.0249988,0.0159563),(-0.0619284,0.0249988,0.0156908),(-0.0629439,0.0249988,0.0159563),(-0.0628388,0.0249988,0.0159461),(-0.0619284,0.0249988,0.0156908),(-0.0628388,0.0249988,0.0159461),(-0.0627317,0.0249988,0.0159427),(-0.0619284,0.0249988,0.0156908),(-0.0627317,0.0249988,0.0159427),(-0.0625781,0.0249988,0.0159498),(-0.0619284,0.0249988,0.0156908),(-0.0625781,0.0249988,0.0159498),(-0.0624285,0.0249988,0.0159710),(-0.0619284,0.0249988,0.0156908),(-0.0624285,0.0249988,0.0159710),(-0.0622828,0.0249988,0.0160064),(-0.0619284,0.0249988,0.0156908),(-0.0622828,0.0249988,0.0160064),(-0.0621411,0.0249988,0.0160560),(-0.0619284,0.0249988,0.0156908),(-0.0621411,0.0249988,0.0160560),(-0.0637381,0.0249988,0.0188394),(-0.0613675,0.0249988,0.0147161),(-0.0619284,0.0249988,0.0156908),(-0.0637381,0.0249988,0.0188394),(-0.0641637,0.0249988,0.0183036),(-0.0642069,0.0249988,0.0182089),(-0.0645987,0.0249988,0.0183504),(-0.0641139,0.0249988,0.0183949),(-0.0641637,0.0249988,0.0183036),(-0.0645987,0.0249988,0.0183504),(-0.0640459,0.0249988,0.0184989),(-0.0641139,0.0249988,0.0183949),(-0.0645987,0.0249988,0.0183504),(-0.0639607,0.0249988,0.0186076),(-0.0640459,0.0249988,0.0184989),(-0.0645987,0.0249988,0.0183504),(-0.0639115,0.0249988,0.0186638),(-0.0639607,0.0249988,0.0186076),(-0.0645987,0.0249988,0.0183504),(-0.0638581,0.0249988,0.0187211),(-0.0639115,0.0249988,0.0186638),(-0.0645987,0.0249988,0.0183504),(-0.0638003,0.0249988,0.0187797),(-0.0638581,0.0249988,0.0187211),(-0.0645987,0.0249988,0.0183504),(-0.0637381,0.0249988,0.0188394),(-0.0638003,0.0249988,0.0187797),(-0.0645987,0.0249988,0.0183504),(-0.0637381,0.0249988,0.0188394),(-0.0645987,0.0249988,0.0183504),(-0.0645441,0.0249988,0.0184773),(-0.0637381,0.0249988,0.0188394),(-0.0645441,0.0249988,0.0184773),(-0.0644811,0.0249988,0.0186034),(-0.0637381,0.0249988,0.0188394),(-0.0644811,0.0249988,0.0186034),(-0.0644309,0.0249988,0.0186901),(-0.0637381,0.0249988,0.0188394),(-0.0644309,0.0249988,0.0186901),(-0.0643761,0.0249988,0.0187735),(-0.0637381,0.0249988,0.0188394),(-0.0643761,0.0249988,0.0187735),(-0.0643167,0.0249988,0.0188536),(-0.0637381,0.0249988,0.0188394),(-0.0643167,0.0249988,0.0188536),(-0.0642528,0.0249988,0.0189304),(-0.0637381,0.0249988,0.0188394),(-0.0642528,0.0249988,0.0189304),(-0.0641842,0.0249988,0.0190039),(-0.0637381,0.0249988,0.0188394),(-0.0641842,0.0249988,0.0190039),(-0.0641110,0.0249988,0.0190741),(-0.0637381,0.0249988,0.0188394),(-0.0641110,0.0249988,0.0190741),(-0.0640332,0.0249988,0.0191409),(-0.0637381,0.0249988,0.0188394),(-0.0640332,0.0249988,0.0191409),(-0.0639509,0.0249988,0.0192045),(-0.0637381,0.0249988,0.0188394),(-0.0639509,0.0249988,0.0192045),(-0.0644927,0.0249988,0.0201570),(-0.0613675,0.0249988,0.0147161),(-0.0637381,0.0249988,0.0188394),(-0.0644927,0.0249988,0.0201570),(-0.0613675,0.0249988,0.0147161),(-0.0644927,0.0249988,0.0201570),(-0.0645213,0.0249988,0.0202607),(-0.0613675,0.0249988,0.0147161),(-0.0645213,0.0249988,0.0202607),(-0.0645139,0.0249988,0.0203210),(-0.0613675,0.0249988,0.0147161),(-0.0645139,0.0249988,0.0203210),(-0.0644753,0.0249988,0.0203962),(-0.0613675,0.0249988,0.0147161),(-0.0644753,0.0249988,0.0203962),(-0.0644102,0.0249988,0.0204502),(-0.0613675,0.0249988,0.0147161),(-0.0644102,0.0249988,0.0204502),(-0.0643075,0.0249988,0.0204809),(-0.0613675,0.0249988,0.0147161),(-0.0643075,0.0249988,0.0204809),(-0.0642472,0.0249988,0.0204734),(-0.0613675,0.0249988,0.0147161),(-0.0642472,0.0249988,0.0204734),(-0.0641715,0.0249988,0.0204348),(-0.0613675,0.0249988,0.0147161),(-0.0641715,0.0249988,0.0204348),(-0.0641160,0.0249988,0.0203697),(-0.0613675,0.0249988,0.0147161),(-0.0641160,0.0249988,0.0203697),(-0.0635805,0.0249988,0.0194416),(-0.0635805,0.0249988,0.0194416),(-0.0634798,0.0249988,0.0194860),(-0.0633759,0.0249988,0.0195245),(-0.0635805,0.0249988,0.0194416),(-0.0633759,0.0249988,0.0195245),(-0.0632687,0.0249988,0.0195570),(-0.0635805,0.0249988,0.0194416),(-0.0632687,0.0249988,0.0195570),(-0.0631582,0.0249988,0.0195837),(-0.0635805,0.0249988,0.0194416),(-0.0631582,0.0249988,0.0195837),(-0.0630443,0.0249988,0.0196044),(-0.0635805,0.0249988,0.0194416),(-0.0630443,0.0249988,0.0196044),(-0.0629272,0.0249988,0.0196192),(-0.0635805,0.0249988,0.0194416),(-0.0629272,0.0249988,0.0196192),(-0.0628067,0.0249988,0.0196281),(-0.0635805,0.0249988,0.0194416),(-0.0628067,0.0249988,0.0196281),(-0.0626830,0.0249988,0.0196310),(-0.0635805,0.0249988,0.0194416),(-0.0626830,0.0249988,0.0196310),(-0.0625584,0.0249988,0.0196267),(-0.0635805,0.0249988,0.0194416),(-0.0625584,0.0249988,0.0196267),(-0.0624349,0.0249988,0.0196137),(-0.0635805,0.0249988,0.0194416),(-0.0624349,0.0249988,0.0196137),(-0.0623125,0.0249988,0.0195920),(-0.0635805,0.0249988,0.0194416),(-0.0623125,0.0249988,0.0195920),(-0.0621911,0.0249988,0.0195617),(-0.0635805,0.0249988,0.0194416),(-0.0621911,0.0249988,0.0195617),(-0.0620709,0.0249988,0.0195227),(-0.0635805,0.0249988,0.0194416),(-0.0620709,0.0249988,0.0195227),(-0.0619517,0.0249988,0.0194750),(-0.0635805,0.0249988,0.0194416),(-0.0619517,0.0249988,0.0194750),(-0.0618337,0.0249988,0.0194187),(-0.0635805,0.0249988,0.0194416),(-0.0618337,0.0249988,0.0194187),(-0.0617167,0.0249988,0.0193537),(-0.0635805,0.0249988,0.0194416),(-0.0617167,0.0249988,0.0193537),(-0.0616036,0.0249988,0.0192816),(-0.0635805,0.0249988,0.0194416),(-0.0616036,0.0249988,0.0192816),(-0.0614966,0.0249988,0.0192032),(-0.0635805,0.0249988,0.0194416),(-0.0614966,0.0249988,0.0192032),(-0.0613957,0.0249988,0.0191186),(-0.0635805,0.0249988,0.0194416),(-0.0613957,0.0249988,0.0191186),(-0.0613008,0.0249988,0.0190278),(-0.0635805,0.0249988,0.0194416),(-0.0613008,0.0249988,0.0190278),(-0.0612120,0.0249988,0.0189307),(-0.0612120,0.0249988,0.0189307),(-0.0611294,0.0249988,0.0188275),(-0.0610528,0.0249988,0.0187180),(-0.0612120,0.0249988,0.0189307),(-0.0610528,0.0249988,0.0187180),(-0.0609822,0.0249988,0.0186023),(-0.0612120,0.0249988,0.0189307),(-0.0609822,0.0249988,0.0186023),(-0.0609190,0.0249988,0.0184825),(-0.0612120,0.0249988,0.0189307),(-0.0609190,0.0249988,0.0184825),(-0.0608642,0.0249988,0.0183602),(-0.0612120,0.0249988,0.0189307),(-0.0608642,0.0249988,0.0183602),(-0.0608178,0.0249988,0.0182353),(-0.0612120,0.0249988,0.0189307),(-0.0608178,0.0249988,0.0182353),(-0.0607798,0.0249988,0.0181078),(-0.0612120,0.0249988,0.0189307),(-0.0607798,0.0249988,0.0181078),(-0.0607503,0.0249988,0.0179778),(-0.0612120,0.0249988,0.0189307),(-0.0607503,0.0249988,0.0179778),(-0.0607292,0.0249988,0.0178453),(-0.0612120,0.0249988,0.0189307),(-0.0607292,0.0249988,0.0178453),(-0.0607166,0.0249988,0.0177102),(-0.0612120,0.0249988,0.0189307),(-0.0607166,0.0249988,0.0177102),(-0.0607124,0.0249988,0.0175726),(-0.0612120,0.0249988,0.0189307),(-0.0607124,0.0249988,0.0175726),(-0.0607166,0.0249988,0.0174345),(-0.0612120,0.0249988,0.0189307),(-0.0607166,0.0249988,0.0174345),(-0.0607292,0.0249988,0.0172992),(-0.0612120,0.0249988,0.0189307),(-0.0607292,0.0249988,0.0172992),(-0.0607502,0.0249988,0.0171666),(-0.0612120,0.0249988,0.0189307),(-0.0607502,0.0249988,0.0171666),(-0.0607796,0.0249988,0.0170368),(-0.0612120,0.0249988,0.0189307),(-0.0607796,0.0249988,0.0170368),(-0.0608174,0.0249988,0.0169097),(-0.0612120,0.0249988,0.0189307),(-0.0608174,0.0249988,0.0169097),(-0.0608636,0.0249988,0.0167854),(-0.0612120,0.0249988,0.0189307),(-0.0608636,0.0249988,0.0167854),(-0.0609182,0.0249988,0.0166638),(-0.0612120,0.0249988,0.0189307),(-0.0609182,0.0249988,0.0166638),(-0.0609812,0.0249988,0.0165449),(-0.0609812,0.0249988,0.0165449),(-0.0613495,0.0249988,0.0167534),(-0.0613001,0.0249988,0.0168481),(-0.0609812,0.0249988,0.0165449),(-0.0613001,0.0249988,0.0168481),(-0.0612573,0.0249988,0.0169450),(-0.0609812,0.0249988,0.0165449),(-0.0612573,0.0249988,0.0169450),(-0.0612211,0.0249988,0.0170441),(-0.0609812,0.0249988,0.0165449),(-0.0612211,0.0249988,0.0170441),(-0.0611915,0.0249988,0.0171453),(-0.0609812,0.0249988,0.0165449),(-0.0611915,0.0249988,0.0171453),(-0.0611685,0.0249988,0.0172486),(-0.0609812,0.0249988,0.0165449),(-0.0611685,0.0249988,0.0172486),(-0.0611520,0.0249988,0.0173541),(-0.0609812,0.0249988,0.0165449),(-0.0611520,0.0249988,0.0173541),(-0.0611422,0.0249988,0.0174617),(-0.0609812,0.0249988,0.0165449),(-0.0611422,0.0249988,0.0174617),(-0.0611389,0.0249988,0.0175715),(-0.0609812,0.0249988,0.0165449),(-0.0611389,0.0249988,0.0175715),(-0.0611422,0.0249988,0.0176813),(-0.0612120,0.0249988,0.0189307),(-0.0609812,0.0249988,0.0165449),(-0.0611422,0.0249988,0.0176813),(-0.0612120,0.0249988,0.0189307),(-0.0611422,0.0249988,0.0176813),(-0.0611522,0.0249988,0.0177891),(-0.0612120,0.0249988,0.0189307),(-0.0611522,0.0249988,0.0177891),(-0.0611689,0.0249988,0.0178947),(-0.0612120,0.0249988,0.0189307),(-0.0611689,0.0249988,0.0178947),(-0.0611923,0.0249988,0.0179983),(-0.0612120,0.0249988,0.0189307),(-0.0611923,0.0249988,0.0179983),(-0.0612224,0.0249988,0.0180998),(-0.0612120,0.0249988,0.0189307),(-0.0612224,0.0249988,0.0180998),(-0.0612591,0.0249988,0.0181992),(-0.0612120,0.0249988,0.0189307),(-0.0612591,0.0249988,0.0181992),(-0.0613026,0.0249988,0.0182965),(-0.0612120,0.0249988,0.0189307),(-0.0613026,0.0249988,0.0182965),(-0.0613527,0.0249988,0.0183917),(-0.0612120,0.0249988,0.0189307),(-0.0613527,0.0249988,0.0183917),(-0.0614085,0.0249988,0.0184836),(-0.0612120,0.0249988,0.0189307),(-0.0614085,0.0249988,0.0184836),(-0.0614691,0.0249988,0.0185706),(-0.0612120,0.0249988,0.0189307),(-0.0614691,0.0249988,0.0185706),(-0.0615346,0.0249988,0.0186525),(-0.0612120,0.0249988,0.0189307),(-0.0615346,0.0249988,0.0186525),(-0.0616048,0.0249988,0.0187293),(-0.0612120,0.0249988,0.0189307),(-0.0616048,0.0249988,0.0187293),(-0.0616798,0.0249988,0.0188011),(-0.0612120,0.0249988,0.0189307),(-0.0616798,0.0249988,0.0188011),(-0.0617597,0.0249988,0.0188680),(-0.0612120,0.0249988,0.0189307),(-0.0617597,0.0249988,0.0188680),(-0.0618443,0.0249988,0.0189297),(-0.0612120,0.0249988,0.0189307),(-0.0618443,0.0249988,0.0189297),(-0.0619337,0.0249988,0.0189865),(-0.0612120,0.0249988,0.0189307),(-0.0619337,0.0249988,0.0189865),(-0.0620258,0.0249988,0.0190376),(-0.0612120,0.0249988,0.0189307),(-0.0620258,0.0249988,0.0190376),(-0.0621184,0.0249988,0.0190819),(-0.0612120,0.0249988,0.0189307),(-0.0621184,0.0249988,0.0190819),(-0.0622115,0.0249988,0.0191193),(-0.0612120,0.0249988,0.0189307),(-0.0622115,0.0249988,0.0191193),(-0.0623052,0.0249988,0.0191500),(-0.0612120,0.0249988,0.0189307),(-0.0623052,0.0249988,0.0191500),(-0.0623994,0.0249988,0.0191738),(-0.0635805,0.0249988,0.0194416),(-0.0612120,0.0249988,0.0189307),(-0.0623994,0.0249988,0.0191738),(-0.0635805,0.0249988,0.0194416),(-0.0623994,0.0249988,0.0191738),(-0.0624941,0.0249988,0.0191909),(-0.0635805,0.0249988,0.0194416),(-0.0624941,0.0249988,0.0191909),(-0.0625893,0.0249988,0.0192011),(-0.0635805,0.0249988,0.0194416),(-0.0625893,0.0249988,0.0192011),(-0.0626851,0.0249988,0.0192045),(-0.0635805,0.0249988,0.0194416),(-0.0626851,0.0249988,0.0192045),(-0.0626915,0.0249988,0.0192045),(-0.0635805,0.0249988,0.0194416),(-0.0626915,0.0249988,0.0192045),(-0.0627852,0.0249988,0.0192024),(-0.0635805,0.0249988,0.0194416),(-0.0627852,0.0249988,0.0192024),(-0.0628763,0.0249988,0.0191962),(-0.0635805,0.0249988,0.0194416),(-0.0628763,0.0249988,0.0191962),(-0.0629649,0.0249988,0.0191858),(-0.0635805,0.0249988,0.0194416),(-0.0629649,0.0249988,0.0191858),(-0.0630510,0.0249988,0.0191712),(-0.0635805,0.0249988,0.0194416),(-0.0630510,0.0249988,0.0191712),(-0.0631345,0.0249988,0.0191524),(-0.0635805,0.0249988,0.0194416),(-0.0631345,0.0249988,0.0191524),(-0.0632155,0.0249988,0.0191295),(-0.0635805,0.0249988,0.0194416),(-0.0632155,0.0249988,0.0191295),(-0.0632940,0.0249988,0.0191024),(-0.0635805,0.0249988,0.0194416),(-0.0632940,0.0249988,0.0191024),(-0.0633698,0.0249988,0.0190712),(-0.0613675,0.0249988,0.0147161),(-0.0635805,0.0249988,0.0194416),(-0.0633698,0.0249988,0.0190712),(-0.0613675,0.0249988,0.0147161),(-0.0633698,0.0249988,0.0190712),(-0.0617654,0.0249988,0.0162761),(-0.0613675,0.0249988,0.0147161),(-0.0617654,0.0249988,0.0162761),(-0.0616450,0.0249988,0.0163790),(-0.0613919,0.0249988,0.0166841),(-0.0613495,0.0249988,0.0167534),(-0.0609812,0.0249988,0.0165449),(-0.0614370,0.0249988,0.0166176),(-0.0613919,0.0249988,0.0166841),(-0.0609812,0.0249988,0.0165449),(-0.0615355,0.0249988,0.0164928),(-0.0614370,0.0249988,0.0166176),(-0.0609812,0.0249988,0.0165449),(-0.0616450,0.0249988,0.0163790),(-0.0615355,0.0249988,0.0164928),(-0.0609812,0.0249988,0.0165449),(-0.0616450,0.0249988,0.0163790),(-0.0609812,0.0249988,0.0165449),(-0.0610391,0.0249988,0.0164499),(-0.0616450,0.0249988,0.0163790),(-0.0610391,0.0249988,0.0164499),(-0.0611008,0.0249988,0.0163589),(-0.0616450,0.0249988,0.0163790),(-0.0611008,0.0249988,0.0163589),(-0.0611661,0.0249988,0.0162721),(-0.0616450,0.0249988,0.0163790),(-0.0611661,0.0249988,0.0162721),(-0.0612352,0.0249988,0.0161893),(-0.0616450,0.0249988,0.0163790),(-0.0612352,0.0249988,0.0161893),(-0.0613079,0.0249988,0.0161107),(-0.0616450,0.0249988,0.0163790),(-0.0613079,0.0249988,0.0161107),(-0.0613844,0.0249988,0.0160361),(-0.0616450,0.0249988,0.0163790),(-0.0613844,0.0249988,0.0160361),(-0.0614646,0.0249988,0.0159657),(-0.0616450,0.0249988,0.0163790),(-0.0614646,0.0249988,0.0159657),(-0.0615485,0.0249988,0.0158993),(-0.0613675,0.0249988,0.0147161),(-0.0616450,0.0249988,0.0163790),(-0.0615485,0.0249988,0.0158993),(-0.0613675,0.0249988,0.0147161),(-0.0615485,0.0249988,0.0158993),(-0.0609928,0.0249988,0.0149288),(-0.0613675,0.0249988,0.0147161),(-0.0609928,0.0249988,0.0149288),(-0.0609653,0.0249988,0.0148272),(-0.0613675,0.0249988,0.0147161),(-0.0609653,0.0249988,0.0148272),(-0.0609717,0.0249988,0.0147669),(-0.0613675,0.0249988,0.0147161),(-0.0609717,0.0249988,0.0147669),(-0.0610108,0.0249988,0.0146899),(-0.0613675,0.0249988,0.0147161),(-0.0610108,0.0249988,0.0146899),(-0.0610733,0.0249988,0.0146346),(-0.0613675,0.0249988,0.0147161),(-0.0610733,0.0249988,0.0146346),(-0.0611780,0.0249988,0.0146071),(-0.0613675,0.0249988,0.0147161),(-0.0611780,0.0249988,0.0146071),(-0.0612384,0.0249988,0.0146145),(-0.0613675,0.0249988,0.0147161),(-0.0612384,0.0249988,0.0146145),(-0.0613109,0.0249988,0.0146500),(-0.0658887,0.0249988,0.0159988),(-0.0670603,0.0249988,0.0175895),(-0.0671247,0.0249988,0.0176832),(-0.0658887,0.0249988,0.0159988),(-0.0671247,0.0249988,0.0176832),(-0.0671806,0.0249988,0.0177809),(-0.0658887,0.0249988,0.0159988),(-0.0671806,0.0249988,0.0177809),(-0.0672279,0.0249988,0.0178823),(-0.0658887,0.0249988,0.0159988),(-0.0672279,0.0249988,0.0178823),(-0.0672666,0.0249988,0.0179877),(-0.0658887,0.0249988,0.0159988),(-0.0672666,0.0249988,0.0179877),(-0.0672967,0.0249988,0.0180969),(-0.0658887,0.0249988,0.0159988),(-0.0672967,0.0249988,0.0180969),(-0.0673182,0.0249988,0.0182100),(-0.0658887,0.0249988,0.0159988),(-0.0673182,0.0249988,0.0182100),(-0.0673311,0.0249988,0.0183270),(-0.0658887,0.0249988,0.0159988),(-0.0673311,0.0249988,0.0183270),(-0.0673354,0.0249988,0.0184478),(-0.0658887,0.0249988,0.0159988),(-0.0673354,0.0249988,0.0184478),(-0.0673303,0.0249988,0.0185728),(-0.0658887,0.0249988,0.0159988),(-0.0673303,0.0249988,0.0185728),(-0.0673149,0.0249988,0.0186931),(-0.0658887,0.0249988,0.0159988),(-0.0673149,0.0249988,0.0186931),(-0.0672893,0.0249988,0.0188089),(-0.0658887,0.0249988,0.0159988),(-0.0672893,0.0249988,0.0188089),(-0.0672534,0.0249988,0.0189201),(-0.0672534,0.0249988,0.0189201),(-0.0672073,0.0249988,0.0190267),(-0.0671509,0.0249988,0.0191286),(-0.0672534,0.0249988,0.0189201),(-0.0671509,0.0249988,0.0191286),(-0.0670842,0.0249988,0.0192260),(-0.0672534,0.0249988,0.0189201),(-0.0670842,0.0249988,0.0192260),(-0.0670073,0.0249988,0.0193188),(-0.0672534,0.0249988,0.0189201),(-0.0670073,0.0249988,0.0193188),(-0.0669344,0.0249988,0.0193920),(-0.0672534,0.0249988,0.0189201),(-0.0669344,0.0249988,0.0193920),(-0.0668571,0.0249988,0.0194554),(-0.0672534,0.0249988,0.0189201),(-0.0668571,0.0249988,0.0194554),(-0.0667752,0.0249988,0.0195091),(-0.0672534,0.0249988,0.0189201),(-0.0667752,0.0249988,0.0195091),(-0.0666888,0.0249988,0.0195530),(-0.0672534,0.0249988,0.0189201),(-0.0666888,0.0249988,0.0195530),(-0.0665979,0.0249988,0.0195871),(-0.0672534,0.0249988,0.0189201),(-0.0665979,0.0249988,0.0195871),(-0.0665025,0.0249988,0.0196115),(-0.0672534,0.0249988,0.0189201),(-0.0665025,0.0249988,0.0196115),(-0.0664026,0.0249988,0.0196261),(-0.0672534,0.0249988,0.0189201),(-0.0664026,0.0249988,0.0196261),(-0.0662983,0.0249988,0.0196310),(-0.0672534,0.0249988,0.0189201),(-0.0662983,0.0249988,0.0196310),(-0.0661997,0.0249988,0.0196262),(-0.0672534,0.0249988,0.0189201),(-0.0661997,0.0249988,0.0196262),(-0.0661042,0.0249988,0.0196119),(-0.0672534,0.0249988,0.0189201),(-0.0661042,0.0249988,0.0196119),(-0.0660118,0.0249988,0.0195880),(-0.0672534,0.0249988,0.0189201),(-0.0660118,0.0249988,0.0195880),(-0.0659223,0.0249988,0.0195546),(-0.0672534,0.0249988,0.0189201),(-0.0659223,0.0249988,0.0195546),(-0.0658358,0.0249988,0.0195115),(-0.0672534,0.0249988,0.0189201),(-0.0658358,0.0249988,0.0195115),(-0.0657524,0.0249988,0.0194590),(-0.0657524,0.0249988,0.0194590),(-0.0656719,0.0249988,0.0193968),(-0.0655945,0.0249988,0.0193252),(-0.0657524,0.0249988,0.0194590),(-0.0655945,0.0249988,0.0193252),(-0.0655153,0.0249988,0.0192386),(-0.0657524,0.0249988,0.0194590),(-0.0655153,0.0249988,0.0192386),(-0.0654468,0.0249988,0.0191458),(-0.0657524,0.0249988,0.0194590),(-0.0654468,0.0249988,0.0191458),(-0.0653887,0.0249988,0.0190466),(-0.0657524,0.0249988,0.0194590),(-0.0653887,0.0249988,0.0190466),(-0.0653413,0.0249988,0.0189410),(-0.0657524,0.0249988,0.0194590),(-0.0653413,0.0249988,0.0189410),(-0.0653043,0.0249988,0.0188291),(-0.0657524,0.0249988,0.0194590),(-0.0653043,0.0249988,0.0188291),(-0.0652780,0.0249988,0.0187108),(-0.0657524,0.0249988,0.0194590),(-0.0652780,0.0249988,0.0187108),(-0.0652621,0.0249988,0.0185862),(-0.0657524,0.0249988,0.0194590),(-0.0652621,0.0249988,0.0185862),(-0.0652569,0.0249988,0.0184552),(-0.0657524,0.0249988,0.0194590),(-0.0652569,0.0249988,0.0184552),(-0.0652569,0.0249988,0.0184499),(-0.0657524,0.0249988,0.0194590),(-0.0652569,0.0249988,0.0184499),(-0.0652725,0.0249988,0.0183684),(-0.0657524,0.0249988,0.0194590),(-0.0652725,0.0249988,0.0183684),(-0.0653193,0.0249988,0.0182996),(-0.0657524,0.0249988,0.0194590),(-0.0653193,0.0249988,0.0182996),(-0.0653881,0.0249988,0.0182528),(-0.0657524,0.0249988,0.0194590),(-0.0653881,0.0249988,0.0182528),(-0.0654696,0.0249988,0.0182372),(-0.0657524,0.0249988,0.0194590),(-0.0654696,0.0249988,0.0182372),(-0.0655511,0.0249988,0.0182528),(-0.0657524,0.0249988,0.0194590),(-0.0655511,0.0249988,0.0182528),(-0.0656199,0.0249988,0.0182996),(-0.0657524,0.0249988,0.0194590),(-0.0656199,0.0249988,0.0182996),(-0.0656675,0.0249988,0.0183684),(-0.0656675,0.0249988,0.0183684),(-0.0656834,0.0249988,0.0184499),(-0.0656834,0.0249988,0.0184552),(-0.0656675,0.0249988,0.0183684),(-0.0656834,0.0249988,0.0184552),(-0.0656867,0.0249988,0.0185421),(-0.0657524,0.0249988,0.0194590),(-0.0656675,0.0249988,0.0183684),(-0.0656867,0.0249988,0.0185421),(-0.0657524,0.0249988,0.0194590),(-0.0656867,0.0249988,0.0185421),(-0.0656967,0.0249988,0.0186245),(-0.0657524,0.0249988,0.0194590),(-0.0656967,0.0249988,0.0186245),(-0.0657133,0.0249988,0.0187025),(-0.0657524,0.0249988,0.0194590),(-0.0657133,0.0249988,0.0187025),(-0.0657365,0.0249988,0.0187759),(-0.0657524,0.0249988,0.0194590),(-0.0657365,0.0249988,0.0187759),(-0.0658030,0.0249988,0.0189092),(-0.0657524,0.0249988,0.0194590),(-0.0658030,0.0249988,0.0189092),(-0.0658961,0.0249988,0.0190246),(-0.0657524,0.0249988,0.0194590),(-0.0658961,0.0249988,0.0190246),(-0.0659870,0.0249988,0.0191033),(-0.0657524,0.0249988,0.0194590),(-0.0659870,0.0249988,0.0191033),(-0.0660839,0.0249988,0.0191595),(-0.0657524,0.0249988,0.0194590),(-0.0660839,0.0249988,0.0191595),(-0.0661870,0.0249988,0.0191933),(-0.0657524,0.0249988,0.0194590),(-0.0661870,0.0249988,0.0191933),(-0.0662961,0.0249988,0.0192045),(-0.0657524,0.0249988,0.0194590),(-0.0662961,0.0249988,0.0192045),(-0.0664094,0.0249988,0.0191937),(-0.0657524,0.0249988,0.0194590),(-0.0664094,0.0249988,0.0191937),(-0.0665131,0.0249988,0.0191611),(-0.0672534,0.0249988,0.0189201),(-0.0657524,0.0249988,0.0194590),(-0.0665131,0.0249988,0.0191611),(-0.0672534,0.0249988,0.0189201),(-0.0665131,0.0249988,0.0191611),(-0.0666073,0.0249988,0.0191069),(-0.0672534,0.0249988,0.0189201),(-0.0666073,0.0249988,0.0191069),(-0.0666920,0.0249988,0.0190309),(-0.0672534,0.0249988,0.0189201),(-0.0666920,0.0249988,0.0190309),(-0.0667435,0.0249988,0.0189698),(-0.0672534,0.0249988,0.0189201),(-0.0667435,0.0249988,0.0189698),(-0.0667883,0.0249988,0.0189053),(-0.0672534,0.0249988,0.0189201),(-0.0667883,0.0249988,0.0189053),(-0.0668571,0.0249988,0.0187666),(-0.0672534,0.0249988,0.0189201),(-0.0668571,0.0249988,0.0187666),(-0.0668983,0.0249988,0.0186148),(-0.0672534,0.0249988,0.0189201),(-0.0668983,0.0249988,0.0186148),(-0.0669086,0.0249988,0.0185340),(-0.0672534,0.0249988,0.0189201),(-0.0669086,0.0249988,0.0185340),(-0.0669121,0.0249988,0.0184499),(-0.0672534,0.0249988,0.0189201),(-0.0669121,0.0249988,0.0184499),(-0.0669092,0.0249988,0.0183632),(-0.0672534,0.0249988,0.0189201),(-0.0669092,0.0249988,0.0183632),(-0.0669004,0.0249988,0.0182798),(-0.0672534,0.0249988,0.0189201),(-0.0669004,0.0249988,0.0182798),(-0.0668857,0.0249988,0.0181997),(-0.0672534,0.0249988,0.0189201),(-0.0668857,0.0249988,0.0181997),(-0.0668653,0.0249988,0.0181229),(-0.0672534,0.0249988,0.0189201),(-0.0668653,0.0249988,0.0181229),(-0.0668067,0.0249988,0.0179792),(-0.0658887,0.0249988,0.0159988),(-0.0672534,0.0249988,0.0189201),(-0.0668067,0.0249988,0.0179792),(-0.0658887,0.0249988,0.0159988),(-0.0668067,0.0249988,0.0179792),(-0.0667248,0.0249988,0.0178488),(-0.0658887,0.0249988,0.0159988),(-0.0667248,0.0249988,0.0178488),(-0.0653013,0.0249988,0.0159152),(-0.0671248,0.0249988,0.0159988),(-0.0658887,0.0249988,0.0159988),(-0.0653013,0.0249988,0.0159152),(-0.0671248,0.0249988,0.0159988),(-0.0653013,0.0249988,0.0159152),(-0.0652547,0.0249988,0.0157903),(-0.0671248,0.0249988,0.0159988),(-0.0652547,0.0249988,0.0157903),(-0.0652569,0.0249988,0.0157554),(-0.0671248,0.0249988,0.0159988),(-0.0652569,0.0249988,0.0157554),(-0.0652833,0.0249988,0.0156768),(-0.0671248,0.0249988,0.0159988),(-0.0652833,0.0249988,0.0156768),(-0.0653352,0.0249988,0.0156210),(-0.0671248,0.0249988,0.0159988),(-0.0653352,0.0249988,0.0156210),(-0.0654037,0.0249988,0.0155861),(-0.0671248,0.0249988,0.0159988),(-0.0654037,0.0249988,0.0155861),(-0.0654696,0.0249988,0.0155744),(-0.0671248,0.0249988,0.0159988),(-0.0654696,0.0249988,0.0155744),(-0.0671248,0.0249988,0.0155744),(-0.0671248,0.0249988,0.0159988),(-0.0671248,0.0249988,0.0155744),(-0.0672082,0.0249988,0.0155895),(-0.0671248,0.0249988,0.0159988),(-0.0672082,0.0249988,0.0155895),(-0.0672762,0.0249988,0.0156347),(-0.0671248,0.0249988,0.0159988),(-0.0672762,0.0249988,0.0156347),(-0.0673206,0.0249988,0.0157027),(-0.0671248,0.0249988,0.0159988),(-0.0673206,0.0249988,0.0157027),(-0.0673354,0.0249988,0.0157861),(-0.0671248,0.0249988,0.0159988),(-0.0673354,0.0249988,0.0157861),(-0.0673206,0.0249988,0.0158702),(-0.0671248,0.0249988,0.0159988),(-0.0673206,0.0249988,0.0158702),(-0.0672762,0.0249988,0.0159385),(-0.0671248,0.0249988,0.0159988),(-0.0672762,0.0249988,0.0159385),(-0.0672103,0.0249988,0.0159837),(-0.0710683,0.0249988,0.0156247),(-0.0711678,0.0249988,0.0155157),(-0.0712811,0.0249988,0.0154882),(-0.0710683,0.0249988,0.0156247),(-0.0712811,0.0249988,0.0154882),(-0.0713821,0.0249988,0.0155136),(-0.0710683,0.0249988,0.0156247),(-0.0713821,0.0249988,0.0155136),(-0.0714589,0.0249988,0.0155898),(-0.0710683,0.0249988,0.0156247),(-0.0714589,0.0249988,0.0155898),(-0.0714663,0.0249988,0.0155961),(-0.0710683,0.0249988,0.0156247),(-0.0714663,0.0249988,0.0155961),(-0.0727119,0.0249988,0.0177636),(-0.0710683,0.0249988,0.0156247),(-0.0727119,0.0249988,0.0177636),(-0.0727395,0.0249988,0.0178705),(-0.0710683,0.0249988,0.0156247),(-0.0727395,0.0249988,0.0178705),(-0.0727117,0.0249988,0.0179798),(-0.0710683,0.0249988,0.0156247),(-0.0727117,0.0249988,0.0179798),(-0.0726283,0.0249988,0.0180578),(-0.0710683,0.0249988,0.0156247),(-0.0726283,0.0249988,0.0180578),(-0.0725214,0.0249988,0.0180874),(-0.0710683,0.0249988,0.0156247),(-0.0725214,0.0249988,0.0180874),(-0.0724127,0.0249988,0.0180597),(-0.0710683,0.0249988,0.0156247),(-0.0724127,0.0249988,0.0180597),(-0.0723362,0.0249988,0.0179763),(-0.0710683,0.0249988,0.0156247),(-0.0723362,0.0249988,0.0179763),(-0.0714938,0.0249988,0.0165105),(-0.0710683,0.0249988,0.0156247),(-0.0714938,0.0249988,0.0165105),(-0.0714938,0.0249988,0.0191183),(-0.0714938,0.0249988,0.0191183),(-0.0730802,0.0249988,0.0191183),(-0.0731652,0.0249988,0.0191341),(-0.0714938,0.0249988,0.0191183),(-0.0731652,0.0249988,0.0191341),(-0.0732358,0.0249988,0.0191818),(-0.0714938,0.0249988,0.0191183),(-0.0732358,0.0249988,0.0191818),(-0.0732834,0.0249988,0.0192513),(-0.0714938,0.0249988,0.0191183),(-0.0732834,0.0249988,0.0192513),(-0.0732993,0.0249988,0.0193331),(-0.0714938,0.0249988,0.0191183),(-0.0732993,0.0249988,0.0193331),(-0.0732834,0.0249988,0.0194151),(-0.0714938,0.0249988,0.0191183),(-0.0732834,0.0249988,0.0194151),(-0.0732358,0.0249988,0.0194855),(-0.0714938,0.0249988,0.0191183),(-0.0732358,0.0249988,0.0194855),(-0.0731652,0.0249988,0.0195347),(-0.0714938,0.0249988,0.0191183),(-0.0731652,0.0249988,0.0195347),(-0.0730802,0.0249988,0.0195511),(-0.0714938,0.0249988,0.0191183),(-0.0730802,0.0249988,0.0195511),(-0.0712737,0.0249988,0.0195511),(-0.0710683,0.0249988,0.0156247),(-0.0714938,0.0249988,0.0191183),(-0.0712737,0.0249988,0.0195511),(-0.0712737,0.0249988,0.0195511),(-0.0694681,0.0249988,0.0195511),(-0.0693853,0.0249988,0.0195347),(-0.0712737,0.0249988,0.0195511),(-0.0693853,0.0249988,0.0195347),(-0.0693168,0.0249988,0.0194855),(-0.0712737,0.0249988,0.0195511),(-0.0693168,0.0249988,0.0194855),(-0.0692708,0.0249988,0.0194151),(-0.0712737,0.0249988,0.0195511),(-0.0692708,0.0249988,0.0194151),(-0.0692554,0.0249988,0.0193331),(-0.0712737,0.0249988,0.0195511),(-0.0692554,0.0249988,0.0193331),(-0.0692708,0.0249988,0.0192513),(-0.0712737,0.0249988,0.0195511),(-0.0692708,0.0249988,0.0192513),(-0.0693168,0.0249988,0.0191818),(-0.0712737,0.0249988,0.0195511),(-0.0693168,0.0249988,0.0191818),(-0.0693853,0.0249988,0.0191341),(-0.0712737,0.0249988,0.0195511),(-0.0693853,0.0249988,0.0191341),(-0.0694681,0.0249988,0.0191183),(-0.0712737,0.0249988,0.0195511),(-0.0694681,0.0249988,0.0191183),(-0.0710609,0.0249988,0.0191183),(-0.0710683,0.0249988,0.0156247),(-0.0712737,0.0249988,0.0195511),(-0.0710609,0.0249988,0.0191183),(-0.0710683,0.0249988,0.0156247),(-0.0710609,0.0249988,0.0191183),(-0.0710609,0.0249988,0.0165063),(-0.0710683,0.0249988,0.0156247),(-0.0710609,0.0249988,0.0165063),(-0.0702047,0.0249988,0.0179954),(-0.0710683,0.0249988,0.0156247),(-0.0702047,0.0249988,0.0179954),(-0.0701251,0.0249988,0.0180747),(-0.0710683,0.0249988,0.0156247),(-0.0701251,0.0249988,0.0180747),(-0.0700174,0.0249988,0.0181012),(-0.0710683,0.0249988,0.0156247),(-0.0700174,0.0249988,0.0181012),(-0.0699063,0.0249988,0.0180737),(-0.0710683,0.0249988,0.0156247),(-0.0699063,0.0249988,0.0180737),(-0.0698245,0.0249988,0.0179940),(-0.0710683,0.0249988,0.0156247),(-0.0698245,0.0249988,0.0179940),(-0.0697973,0.0249988,0.0178842),(-0.0710683,0.0249988,0.0156247),(-0.0697973,0.0249988,0.0178842),(-0.0698290,0.0249988,0.0177752),(-0.0759176,0.0249988,0.0178356),(-0.0759653,0.0249988,0.0178842),(-0.0760213,0.0249988,0.0179618),(-0.0759176,0.0249988,0.0178356),(-0.0760213,0.0249988,0.0179618),(-0.0760699,0.0249988,0.0180432),(-0.0759176,0.0249988,0.0178356),(-0.0760699,0.0249988,0.0180432),(-0.0761110,0.0249988,0.0181284),(-0.0759176,0.0249988,0.0178356),(-0.0761110,0.0249988,0.0181284),(-0.0761446,0.0249988,0.0182173),(-0.0759176,0.0249988,0.0178356),(-0.0761446,0.0249988,0.0182173),(-0.0761708,0.0249988,0.0183101),(-0.0759176,0.0249988,0.0178356),(-0.0761708,0.0249988,0.0183101),(-0.0761895,0.0249988,0.0184067),(-0.0759176,0.0249988,0.0178356),(-0.0761895,0.0249988,0.0184067),(-0.0762007,0.0249988,0.0185071),(-0.0759176,0.0249988,0.0178356),(-0.0762007,0.0249988,0.0185071),(-0.0762044,0.0249988,0.0186113),(-0.0759176,0.0249988,0.0178356),(-0.0762044,0.0249988,0.0186113),(-0.0762007,0.0249988,0.0187154),(-0.0759176,0.0249988,0.0178356),(-0.0762007,0.0249988,0.0187154),(-0.0761896,0.0249988,0.0188150),(-0.0759176,0.0249988,0.0178356),(-0.0761896,0.0249988,0.0188150),(-0.0761709,0.0249988,0.0189102),(-0.0759176,0.0249988,0.0178356),(-0.0761709,0.0249988,0.0189102),(-0.0761449,0.0249988,0.0190008),(-0.0759176,0.0249988,0.0178356),(-0.0761449,0.0249988,0.0190008),(-0.0761114,0.0249988,0.0190869),(-0.0759176,0.0249988,0.0178356),(-0.0761114,0.0249988,0.0190869),(-0.0760705,0.0249988,0.0191685),(-0.0759176,0.0249988,0.0178356),(-0.0760705,0.0249988,0.0191685),(-0.0760221,0.0249988,0.0192456),(-0.0759176,0.0249988,0.0178356),(-0.0760221,0.0249988,0.0192456),(-0.0759663,0.0249988,0.0193183),(-0.0759176,0.0249988,0.0178356),(-0.0759663,0.0249988,0.0193183),(-0.0759046,0.0249988,0.0193843),(-0.0759176,0.0249988,0.0178356),(-0.0759046,0.0249988,0.0193843),(-0.0758379,0.0249988,0.0194414),(-0.0759176,0.0249988,0.0178356),(-0.0758379,0.0249988,0.0194414),(-0.0757662,0.0249988,0.0194898),(-0.0759176,0.0249988,0.0178356),(-0.0757662,0.0249988,0.0194898),(-0.0756896,0.0249988,0.0195294),(-0.0756896,0.0249988,0.0195294),(-0.0756080,0.0249988,0.0195602),(-0.0755214,0.0249988,0.0195822),(-0.0756896,0.0249988,0.0195294),(-0.0755214,0.0249988,0.0195822),(-0.0754299,0.0249988,0.0195954),(-0.0756896,0.0249988,0.0195294),(-0.0754299,0.0249988,0.0195954),(-0.0753334,0.0249988,0.0195998),(-0.0756896,0.0249988,0.0195294),(-0.0753334,0.0249988,0.0195998),(-0.0752379,0.0249988,0.0195954),(-0.0756896,0.0249988,0.0195294),(-0.0752379,0.0249988,0.0195954),(-0.0751466,0.0249988,0.0195823),(-0.0756896,0.0249988,0.0195294),(-0.0751466,0.0249988,0.0195823),(-0.0750596,0.0249988,0.0195604),(-0.0756896,0.0249988,0.0195294),(-0.0750596,0.0249988,0.0195604),(-0.0749768,0.0249988,0.0195297),(-0.0756896,0.0249988,0.0195294),(-0.0749768,0.0249988,0.0195297),(-0.0748982,0.0249988,0.0194902),(-0.0756896,0.0249988,0.0195294),(-0.0748982,0.0249988,0.0194902),(-0.0748238,0.0249988,0.0194420),(-0.0756896,0.0249988,0.0195294),(-0.0748238,0.0249988,0.0194420),(-0.0747537,0.0249988,0.0193851),(-0.0756896,0.0249988,0.0195294),(-0.0747537,0.0249988,0.0193851),(-0.0746878,0.0249988,0.0193193),(-0.0756896,0.0249988,0.0195294),(-0.0746878,0.0249988,0.0193193),(-0.0746281,0.0249988,0.0192469),(-0.0756896,0.0249988,0.0195294),(-0.0746281,0.0249988,0.0192469),(-0.0745763,0.0249988,0.0191699),(-0.0756896,0.0249988,0.0195294),(-0.0745763,0.0249988,0.0191699),(-0.0745324,0.0249988,0.0190883),(-0.0756896,0.0249988,0.0195294),(-0.0745324,0.0249988,0.0190883),(-0.0744965,0.0249988,0.0190021),(-0.0756896,0.0249988,0.0195294),(-0.0744965,0.0249988,0.0190021),(-0.0744687,0.0249988,0.0189113),(-0.0756896,0.0249988,0.0195294),(-0.0744687,0.0249988,0.0189113),(-0.0744487,0.0249988,0.0188159),(-0.0756896,0.0249988,0.0195294),(-0.0744487,0.0249988,0.0188159),(-0.0744368,0.0249988,0.0187159),(-0.0744368,0.0249988,0.0187159),(-0.0744328,0.0249988,0.0186113),(-0.0744481,0.0249988,0.0185290),(-0.0744368,0.0249988,0.0187159),(-0.0744481,0.0249988,0.0185290),(-0.0744942,0.0249988,0.0184600),(-0.0744368,0.0249988,0.0187159),(-0.0744942,0.0249988,0.0184600),(-0.0745624,0.0249988,0.0184131),(-0.0744368,0.0249988,0.0187159),(-0.0745624,0.0249988,0.0184131),(-0.0746445,0.0249988,0.0183975),(-0.0744368,0.0249988,0.0187159),(-0.0746445,0.0249988,0.0183975),(-0.0747273,0.0249988,0.0184131),(-0.0744368,0.0249988,0.0187159),(-0.0747273,0.0249988,0.0184131),(-0.0747958,0.0249988,0.0184600),(-0.0744368,0.0249988,0.0187159),(-0.0747958,0.0249988,0.0184600),(-0.0748418,0.0249988,0.0185290),(-0.0744368,0.0249988,0.0187159),(-0.0748418,0.0249988,0.0185290),(-0.0748572,0.0249988,0.0186113),(-0.0744368,0.0249988,0.0187159),(-0.0748572,0.0249988,0.0186113),(-0.0748658,0.0249988,0.0187376),(-0.0744368,0.0249988,0.0187159),(-0.0748658,0.0249988,0.0187376),(-0.0748918,0.0249988,0.0188486),(-0.0744368,0.0249988,0.0187159),(-0.0748918,0.0249988,0.0188486),(-0.0749352,0.0249988,0.0189445),(-0.0744368,0.0249988,0.0187159),(-0.0749352,0.0249988,0.0189445),(-0.0749958,0.0249988,0.0190251),(-0.0744368,0.0249988,0.0187159),(-0.0749958,0.0249988,0.0190251),(-0.0750673,0.0249988,0.0190899),(-0.0756896,0.0249988,0.0195294),(-0.0744368,0.0249988,0.0187159),(-0.0750673,0.0249988,0.0190899),(-0.0756896,0.0249988,0.0195294),(-0.0750673,0.0249988,0.0190899),(-0.0751474,0.0249988,0.0191362),(-0.0756896,0.0249988,0.0195294),(-0.0751474,0.0249988,0.0191362),(-0.0752361,0.0249988,0.0191640),(-0.0756896,0.0249988,0.0195294),(-0.0752361,0.0249988,0.0191640),(-0.0753334,0.0249988,0.0191733),(-0.0756896,0.0249988,0.0195294),(-0.0753334,0.0249988,0.0191733),(-0.0754273,0.0249988,0.0191641),(-0.0756896,0.0249988,0.0195294),(-0.0754273,0.0249988,0.0191641),(-0.0755120,0.0249988,0.0191365),(-0.0756896,0.0249988,0.0195294),(-0.0755120,0.0249988,0.0191365),(-0.0755876,0.0249988,0.0190905),(-0.0756896,0.0249988,0.0195294),(-0.0755876,0.0249988,0.0190905),(-0.0756541,0.0249988,0.0190262),(-0.0756896,0.0249988,0.0195294),(-0.0756541,0.0249988,0.0190262),(-0.0757083,0.0249988,0.0189451),(-0.0756896,0.0249988,0.0195294),(-0.0757083,0.0249988,0.0189451),(-0.0757470,0.0249988,0.0188489),(-0.0756896,0.0249988,0.0195294),(-0.0757470,0.0249988,0.0188489),(-0.0757702,0.0249988,0.0187376),(-0.0759176,0.0249988,0.0178356),(-0.0756896,0.0249988,0.0195294),(-0.0757702,0.0249988,0.0187376),(-0.0759176,0.0249988,0.0178356),(-0.0757702,0.0249988,0.0187376),(-0.0757779,0.0249988,0.0186113),(-0.0759176,0.0249988,0.0178356),(-0.0757779,0.0249988,0.0186113),(-0.0757703,0.0249988,0.0184833),(-0.0759176,0.0249988,0.0178356),(-0.0757703,0.0249988,0.0184833),(-0.0757472,0.0249988,0.0183679),(-0.0759176,0.0249988,0.0178356),(-0.0757472,0.0249988,0.0183679),(-0.0757089,0.0249988,0.0182652),(-0.0759176,0.0249988,0.0178356),(-0.0757089,0.0249988,0.0182652),(-0.0756552,0.0249988,0.0181753),(-0.0759176,0.0249988,0.0178356),(-0.0756552,0.0249988,0.0181753),(-0.0755929,0.0249988,0.0181105),(-0.0760020,0.0249988,0.0177594),(-0.0759176,0.0249988,0.0178356),(-0.0755929,0.0249988,0.0181105),(-0.0760020,0.0249988,0.0177594),(-0.0755929,0.0249988,0.0181105),(-0.0755237,0.0249988,0.0180642),(-0.0760020,0.0249988,0.0177594),(-0.0755237,0.0249988,0.0180642),(-0.0754474,0.0249988,0.0180364),(-0.0760020,0.0249988,0.0177594),(-0.0754474,0.0249988,0.0180364),(-0.0753641,0.0249988,0.0180271),(-0.0760020,0.0249988,0.0177594),(-0.0753641,0.0249988,0.0180271),(-0.0753218,0.0249988,0.0180271),(-0.0760020,0.0249988,0.0177594),(-0.0753218,0.0249988,0.0180271),(-0.0752551,0.0249988,0.0180271),(-0.0760020,0.0249988,0.0177594),(-0.0752551,0.0249988,0.0180271),(-0.0751736,0.0249988,0.0180115),(-0.0760020,0.0249988,0.0177594),(-0.0751736,0.0249988,0.0180115),(-0.0751048,0.0249988,0.0179647),(-0.0760020,0.0249988,0.0177594),(-0.0751048,0.0249988,0.0179647),(-0.0750580,0.0249988,0.0178961),(-0.0760020,0.0249988,0.0177594),(-0.0750580,0.0249988,0.0178961),(-0.0750424,0.0249988,0.0178154),(-0.0760020,0.0249988,0.0177594),(-0.0750424,0.0249988,0.0178154),(-0.0750580,0.0249988,0.0177345),(-0.0760020,0.0249988,0.0177594),(-0.0750580,0.0249988,0.0177345),(-0.0751048,0.0249988,0.0176652),(-0.0760020,0.0249988,0.0177594),(-0.0751048,0.0249988,0.0176652),(-0.0751736,0.0249988,0.0176175),(-0.0760020,0.0249988,0.0177594),(-0.0751736,0.0249988,0.0176175),(-0.0752551,0.0249988,0.0176017),(-0.0760020,0.0249988,0.0177594),(-0.0752551,0.0249988,0.0176017),(-0.0753218,0.0249988,0.0176017),(-0.0760020,0.0249988,0.0177594),(-0.0753218,0.0249988,0.0176017),(-0.0754522,0.0249988,0.0175877),(-0.0760020,0.0249988,0.0177594),(-0.0754522,0.0249988,0.0175877),(-0.0755702,0.0249988,0.0175458),(-0.0760020,0.0249988,0.0177594),(-0.0755702,0.0249988,0.0175458),(-0.0756760,0.0249988,0.0174761),(-0.0760020,0.0249988,0.0177594),(-0.0756760,0.0249988,0.0174761),(-0.0757695,0.0249988,0.0173784),(-0.0760020,0.0249988,0.0177594),(-0.0757695,0.0249988,0.0173784),(-0.0758463,0.0249988,0.0172572),(-0.0760020,0.0249988,0.0177594),(-0.0758463,0.0249988,0.0172572),(-0.0759012,0.0249988,0.0171169),(-0.0760020,0.0249988,0.0177594),(-0.0759012,0.0249988,0.0171169),(-0.0759342,0.0249988,0.0169577),(-0.0760020,0.0249988,0.0177594),(-0.0759342,0.0249988,0.0169577),(-0.0759424,0.0249988,0.0168709),(-0.0760020,0.0249988,0.0177594),(-0.0759424,0.0249988,0.0168709),(-0.0759451,0.0249988,0.0167793),(-0.0760020,0.0249988,0.0177594),(-0.0759451,0.0249988,0.0167793),(-0.0759424,0.0249988,0.0166887),(-0.0747234,0.0249988,0.0167438),(-0.0747207,0.0249988,0.0168439),(-0.0747048,0.0249988,0.0169259),(-0.0747315,0.0249988,0.0166495),(-0.0747234,0.0249988,0.0167438),(-0.0747048,0.0249988,0.0169259),(-0.0747315,0.0249988,0.0166495),(-0.0747048,0.0249988,0.0169259),(-0.0746572,0.0249988,0.0169942),(-0.0747451,0.0249988,0.0165609),(-0.0747315,0.0249988,0.0166495),(-0.0746572,0.0249988,0.0169942),(-0.0747451,0.0249988,0.0165609),(-0.0746572,0.0249988,0.0169942),(-0.0745878,0.0249988,0.0170402),(-0.0747640,0.0249988,0.0164780),(-0.0747451,0.0249988,0.0165609),(-0.0745878,0.0249988,0.0170402),(-0.0747640,0.0249988,0.0164780),(-0.0745878,0.0249988,0.0170402),(-0.0745048,0.0249988,0.0170556),(-0.0748183,0.0249988,0.0163293),(-0.0747640,0.0249988,0.0164780),(-0.0745048,0.0249988,0.0170556),(-0.0748183,0.0249988,0.0163293),(-0.0745048,0.0249988,0.0170556),(-0.0744219,0.0249988,0.0170402),(-0.0748183,0.0249988,0.0163293),(-0.0744219,0.0249988,0.0170402),(-0.0743534,0.0249988,0.0169942),(-0.0748942,0.0249988,0.0162036),(-0.0748183,0.0249988,0.0163293),(-0.0743534,0.0249988,0.0169942),(-0.0748942,0.0249988,0.0162036),(-0.0743534,0.0249988,0.0169942),(-0.0743074,0.0249988,0.0169259),(-0.0748942,0.0249988,0.0162036),(-0.0743074,0.0249988,0.0169259),(-0.0742920,0.0249988,0.0168439),(-0.0749848,0.0249988,0.0161041),(-0.0748942,0.0249988,0.0162036),(-0.0742920,0.0249988,0.0168439),(-0.0749848,0.0249988,0.0161041),(-0.0742920,0.0249988,0.0168439),(-0.0742964,0.0249988,0.0167069),(-0.0749848,0.0249988,0.0161041),(-0.0742964,0.0249988,0.0167069),(-0.0743097,0.0249988,0.0165759),(-0.0749848,0.0249988,0.0161041),(-0.0743097,0.0249988,0.0165759),(-0.0743318,0.0249988,0.0164509),(-0.0750882,0.0249988,0.0160329),(-0.0749848,0.0249988,0.0161041),(-0.0743318,0.0249988,0.0164509),(-0.0750882,0.0249988,0.0160329),(-0.0743318,0.0249988,0.0164509),(-0.0743627,0.0249988,0.0163319),(-0.0750882,0.0249988,0.0160329),(-0.0743627,0.0249988,0.0163319),(-0.0744024,0.0249988,0.0162189),(-0.0752044,0.0249988,0.0159903),(-0.0750882,0.0249988,0.0160329),(-0.0744024,0.0249988,0.0162189),(-0.0752044,0.0249988,0.0159903),(-0.0744024,0.0249988,0.0162189),(-0.0744510,0.0249988,0.0161119),(-0.0752044,0.0249988,0.0159903),(-0.0744510,0.0249988,0.0161119),(-0.0745084,0.0249988,0.0160108),(-0.0753334,0.0249988,0.0159761),(-0.0752044,0.0249988,0.0159903),(-0.0745084,0.0249988,0.0160108),(-0.0753334,0.0249988,0.0159761),(-0.0745084,0.0249988,0.0160108),(-0.0745746,0.0249988,0.0159157),(-0.0753334,0.0249988,0.0159761),(-0.0745746,0.0249988,0.0159157),(-0.0746467,0.0249988,0.0158302),(-0.0754570,0.0249988,0.0159895),(-0.0753334,0.0249988,0.0159761),(-0.0746467,0.0249988,0.0158302),(-0.0754570,0.0249988,0.0159895),(-0.0746467,0.0249988,0.0158302),(-0.0747252,0.0249988,0.0157560),(-0.0754570,0.0249988,0.0159895),(-0.0747252,0.0249988,0.0157560),(-0.0748103,0.0249988,0.0156932),(-0.0755705,0.0249988,0.0160298),(-0.0754570,0.0249988,0.0159895),(-0.0748103,0.0249988,0.0156932),(-0.0755705,0.0249988,0.0160298),(-0.0748103,0.0249988,0.0156932),(-0.0749019,0.0249988,0.0156419),(-0.0755705,0.0249988,0.0160298),(-0.0749019,0.0249988,0.0156419),(-0.0750000,0.0249988,0.0156020),(-0.0756739,0.0249988,0.0160969),(-0.0755705,0.0249988,0.0160298),(-0.0750000,0.0249988,0.0156020),(-0.0756739,0.0249988,0.0160969),(-0.0750000,0.0249988,0.0156020),(-0.0751046,0.0249988,0.0155734),(-0.0756739,0.0249988,0.0160969),(-0.0751046,0.0249988,0.0155734),(-0.0752158,0.0249988,0.0155563),(-0.0757673,0.0249988,0.0161909),(-0.0756739,0.0249988,0.0160969),(-0.0752158,0.0249988,0.0155563),(-0.0757673,0.0249988,0.0161909),(-0.0752158,0.0249988,0.0155563),(-0.0753334,0.0249988,0.0155506),(-0.0757673,0.0249988,0.0161909),(-0.0753334,0.0249988,0.0155506),(-0.0754466,0.0249988,0.0155561),(-0.0758451,0.0249988,0.0163086),(-0.0757673,0.0249988,0.0161909),(-0.0754466,0.0249988,0.0155561),(-0.0758451,0.0249988,0.0163086),(-0.0754466,0.0249988,0.0155561),(-0.0755542,0.0249988,0.0155726),(-0.0759007,0.0249988,0.0164460),(-0.0758451,0.0249988,0.0163086),(-0.0755542,0.0249988,0.0155726),(-0.0759007,0.0249988,0.0164460),(-0.0755542,0.0249988,0.0155726),(-0.0756562,0.0249988,0.0156000),(-0.0759007,0.0249988,0.0164460),(-0.0756562,0.0249988,0.0156000),(-0.0757528,0.0249988,0.0156385),(-0.0759201,0.0249988,0.0165220),(-0.0759007,0.0249988,0.0164460),(-0.0757528,0.0249988,0.0156385),(-0.0759201,0.0249988,0.0165220),(-0.0757528,0.0249988,0.0156385),(-0.0758438,0.0249988,0.0156879),(-0.0759340,0.0249988,0.0166029),(-0.0759201,0.0249988,0.0165220),(-0.0758438,0.0249988,0.0156879),(-0.0759340,0.0249988,0.0166029),(-0.0758438,0.0249988,0.0156879),(-0.0759293,0.0249988,0.0157483),(-0.0759424,0.0249988,0.0166887),(-0.0759340,0.0249988,0.0166029),(-0.0759293,0.0249988,0.0157483),(-0.0760020,0.0249988,0.0177594),(-0.0759424,0.0249988,0.0166887),(-0.0759293,0.0249988,0.0157483),(-0.0760020,0.0249988,0.0177594),(-0.0759293,0.0249988,0.0157483),(-0.0760093,0.0249988,0.0158196),(-0.0760020,0.0249988,0.0177594),(-0.0760093,0.0249988,0.0158196),(-0.0760838,0.0249988,0.0159020),(-0.0760020,0.0249988,0.0177594),(-0.0760838,0.0249988,0.0159020),(-0.0761515,0.0249988,0.0159932),(-0.0760020,0.0249988,0.0177594),(-0.0761515,0.0249988,0.0159932),(-0.0762102,0.0249988,0.0160898),(-0.0760020,0.0249988,0.0177594),(-0.0762102,0.0249988,0.0160898),(-0.0762598,0.0249988,0.0161915),(-0.0760020,0.0249988,0.0177594),(-0.0762598,0.0249988,0.0161915),(-0.0763005,0.0249988,0.0162986),(-0.0760020,0.0249988,0.0177594),(-0.0763005,0.0249988,0.0162986),(-0.0763321,0.0249988,0.0164109),(-0.0760020,0.0249988,0.0177594),(-0.0763321,0.0249988,0.0164109),(-0.0763547,0.0249988,0.0165284),(-0.0760020,0.0249988,0.0177594),(-0.0763547,0.0249988,0.0165284),(-0.0763682,0.0249988,0.0166513),(-0.0760020,0.0249988,0.0177594),(-0.0763682,0.0249988,0.0166513),(-0.0763727,0.0249988,0.0167793),(-0.0760020,0.0249988,0.0177594),(-0.0763727,0.0249988,0.0167793),(-0.0763682,0.0249988,0.0169087),(-0.0760020,0.0249988,0.0177594),(-0.0763682,0.0249988,0.0169087),(-0.0763548,0.0249988,0.0170328),(-0.0760020,0.0249988,0.0177594),(-0.0763548,0.0249988,0.0170328),(-0.0763324,0.0249988,0.0171516),(-0.0760020,0.0249988,0.0177594),(-0.0763324,0.0249988,0.0171516),(-0.0763010,0.0249988,0.0172651),(-0.0760020,0.0249988,0.0177594),(-0.0763010,0.0249988,0.0172651),(-0.0762607,0.0249988,0.0173733),(-0.0760020,0.0249988,0.0177594),(-0.0762607,0.0249988,0.0173733),(-0.0762114,0.0249988,0.0174762),(-0.0760020,0.0249988,0.0177594),(-0.0762114,0.0249988,0.0174762),(-0.0761531,0.0249988,0.0175739),(-0.0760020,0.0249988,0.0177594),(-0.0761531,0.0249988,0.0175739),(-0.0760859,0.0249988,0.0176662)));
#9981=COMPLEX_TRIANGULATED_SURFACE_SET('surface set',#9980,1509,(),(),(),((1,2,3),(4,5,6),(7,8,9),(10,11,12),(13,14,15),(16,17,18),(19,20,21),(22,23,24),(25,26,27),(28,29,30),(31,32,33),(34,35,36),(37,38,39),(40,41,42),(43,44,45),(46,47,48),(49,50,51),(52,53,54),(55,56,57),(58,59,60),(61,62,63),(64,65,66),(67,68,69),(70,71,72),(73,74,75),(76,77,78),(79,80,81),(82,83,84),(85,86,87),(88,89,90),(91,92,93),(94,95,96),(97,98,99),(100,101,102),(103,104,105),(106,107,108),(109,110,111),(112,113,114),(115,116,117),(118,119,120),(121,122,123),(124,125,126),(127,128,129),(130,131,132),(133,134,135),(136,137,138),(139,140,141),(142,143,144),(145,146,147),(148,149,150),(151,152,153),(154,155,156),(157,158,159),(160,161,162),(163,164,165),(166,167,168),(169,170,171),(172,173,174),(175,176,177),(178,179,180),(181,182,183),(184,185,186),(187,188,189),(190,191,192),(193,194,195),(196,197,198),(199,200,201),(202,203,204),(205,206,207),(208,209,210),(211,212,213),(214,215,216),(217,218,219),(220,221,222),(223,224,225),(226,227,228),(229,230,231),(232,233,234),(235,236,237),(238,239,240),(241,242,243),(244,245,246),(247,248,249),(250,251,252),(253,254,255),(256,257,258),(259,260,261),(262,263,264),(265,266,267),(268,269,270),(271,272,273),(274,275,276),(277,278,279),(280,281,282),(283,284,285),(286,287,288),(289,290,291),(292,293,294),(295,296,297),(298,299,300),(301,302,303),(304,305,306),(307,308,309),(310,311,312),(313,314,315),(316,317,318),(319,320,321),(322,323,324),(325,326,327),(328,329,330),(331,332,333),(334,335,336),(337,338,339),(340,341,342),(343,344,345),(346,347,348),(349,350,351),(352,353,354),(355,356,357),(358,359,360),(361,362,363),(364,365,366),(367,368,369),(370,371,372),(373,374,375),(376,377,378),(379,380,381),(382,383,384),(385,386,387),(388,389,390),(391,392,393),(394,395,396),(397,398,399),(400,401,402),(403,404,405),(406,407,408),(409,410,411),(412,413,414),(415,416,417),(418,419,420),(421,422,423),(424,425,426),(427,428,429),(430,431,432),(433,434,435),(436,437,438),(439,440,441),(442,443,444),(445,446,447),(448,449,450),(451,452,453),(454,455,456),(457,458,459),(460,461,462),(463,464,465),(466,467,468),(469,470,471),(472,473,474),(475,476,477),(478,479,480),(481,482,483),(484,485,486),(487,488,489),(490,491,492),(493,494,495),(496,497,498),(499,500,501),(502,503,504),(505,506,507),(508,509,510),(511,512,513),(514,515,516),(517,518,519),(520,521,522),(523,524,525),(526,527,528),(529,530,531),(532,533,534),(535,536,537),(538,539,540),(541,542,543),(544,545,546),(547,548,549),(550,551,552),(553,554,555),(556,557,558),(559,560,561),(562,563,564),(565,566,567),(568,569,570),(571,572,573),(574,575,576),(577,578,579),(580,581,582),(583,584,585),(586,587,588),(589,590,591),(592,593,594),(595,596,597),(598,599,600),(601,602,603),(604,605,606),(607,608,609),(610,611,612),(613,614,615),(616,617,618),(619,620,621),(622,623,624),(625,626,627),(628,629,630),(631,632,633),(634,635,636),(637,638,639),(640,641,642),(643,644,645),(646,647,648),(649,650,651),(652,653,654),(655,656,657),(658,659,660),(661,662,663),(664,665,666),(667,668,669),(670,671,672),(673,674,675),(676,677,678),(679,680,681),(682,683,684),(685,686,687),(688,689,690),(691,692,693),(694,695,696),(697,698,699),(700,701,702),(703,704,705),(706,707,708),(709,710,711),(712,713,714),(715,716,717),(718,719,720),(721,722,723),(724,725,726),(727,728,729),(730,731,732),(733,734,735),(736,737,738),(739,740,741),(742,743,744),(745,746,747),(748,749,750),(751,752,753),(754,755,756),(757,758,759),(760,761,762),(763,764,765),(766,767,768),(769,770,771),(772,773,774),(775,776,777),(778,779,780),(781,782,783),(784,785,786),(787,788,789),(790,791,792),(793,794,795),(796,797,798),(799,800,801),(802,803,804),(805,806,807),(808,809,810),(811,812,813),(814,815,816),(817,818,819),(820,821,822),(823,824,825),(826,827,828),(829,830,831),(832,833,834),(835,836,837),(838,839,840),(841,842,843),(844,845,846),(847,848,849),(850,851,852),(853,854,855),(856,857,858),(859,860,861),(862,863,864),(865,866,867),(868,869,870),(871,872,873),(874,875,876),(877,878,879),(880,881,882),(883,884,885),(886,887,888),(889,890,891),(892,893,894),(895,896,897),(898,899,900),(901,902,903),(904,905,906),(907,908,909),(910,911,912),(913,914,915),(916,917,918),(919,920,921),(922,923,924),(925,926,927),(928,929,930),(931,932,933),(934,935,936),(937,938,939),(940,941,942),(943,944,945),(946,947,948),(949,950,951),(952,953,954),(955,956,957),(958,959,960),(961,962,963),(964,965,966),(967,968,969),(970,971,972),(973,974,975),(976,977,978),(979,980,981),(982,983,984),(985,986,987),(988,989,990),(991,992,993),(994,995,996),(997,998,999),(1000,1001,1002),(1003,1004,1005),(1006,1007,1008),(1009,1010,1011),(1012,1013,1014),(1015,1016,1017),(1018,1019,1020),(1021,1022,1023),(1024,1025,1026),(1027,1028,1029),(1030,1031,1032),(1033,1034,1035),(1036,1037,1038),(1039,1040,1041),(1042,1043,1044),(1045,1046,1047),(1048,1049,1050),(1051,1052,1053),(1054,1055,1056),(1057,1058,1059),(1060,1061,1062),(1063,1064,1065),(1066,1067,1068),(1069,1070,1071),(1072,1073,1074),(1075,1076,1077),(1078,1079,1080),(1081,1082,1083),(1084,1085,1086),(1087,1088,1089),(1090,1091,1092),(1093,1094,1095),(1096,1097,1098),(1099,1100,1101),(1102,1103,1104),(1105,1106,1107),(1108,1109,1110),(1111,1112,1113),(1114,1115,1116),(1117,1118,1119),(1120,1121,1122),(1123,1124,1125),(1126,1127,1128),(1129,1130,1131),(1132,1133,1134),(1135,1136,1137),(1138,1139,1140),(1141,1142,1143),(1144,1145,1146),(1147,1148,1149),(1150,1151,1152),(1153,1154,1155),(1156,1157,1158),(1159,1160,1161),(1162,1163,1164),(1165,1166,1167),(1168,1169,1170),(1171,1172,1173),(1174,1175,1176),(1177,1178,1179),(1180,1181,1182),(1183,1184,1185),(1186,1187,1188),(1189,1190,1191),(1192,1193,1194),(1195,1196,1197),(1198,1199,1200),(1201,1202,1203),(1204,1205,1206),(1207,1208,1209),(1210,1211,1212),(1213,1214,1215),(1216,1217,1218),(1219,1220,1221),(1222,1223,1224),(1225,1226,1227),(1228,1229,1230),(1231,1232,1233),(1234,1235,1236),(1237,1238,1239),(1240,1241,1242),(1243,1244,1245),(1246,1247,1248),(1249,1250,1251),(1252,1253,1254),(1255,1256,1257),(1258,1259,1260),(1261,1262,1263),(1264,1265,1266),(1267,1268,1269),(1270,1271,1272),(1273,1274,1275),(1276,1277,1278),(1279,1280,1281),(1282,1283,1284),(1285,1286,1287),(1288,1289,1290),(1291,1292,1293),(1294,1295,1296),(1297,1298,1299),(1300,1301,1302),(1303,1304,1305),(1306,1307,1308),(1309,1310,1311),(1312,1313,1314),(1315,1316,1317),(1318,1319,1320),(1321,1322,1323),(1324,1325,1326),(1327,1328,1329),(1330,1331,1332),(1333,1334,1335),(1336,1337,1338),(1339,1340,1341),(1342,1343,1344),(1345,1346,1347),(1348,1349,1350),(1351,1352,1353),(1354,1355,1356),(1357,1358,1359),(1360,1361,1362),(1363,1364,1365),(1366,1367,1368),(1369,1370,1371),(1372,1373,1374),(1375,1376,1377),(1378,1379,1380),(1381,1382,1383),(1384,1385,1386),(1387,1388,1389),(1390,1391,1392),(1393,1394,1395),(1396,1397,1398),(1399,1400,1401),(1402,1403,1404),(1405,1406,1407),(1408,1409,1410),(1411,1412,1413),(1414,1415,1416),(1417,1418,1419),(1420,1421,1422),(1423,1424,1425),(1426,1427,1428),(1429,1430,1431),(1432,1433,1434),(1435,1436,1437),(1438,1439,1440),(1441,1442,1443),(1444,1445,1446),(1447,1448,1449),(1450,1451,1452),(1453,1454,1455),(1456,1457,1458),(1459,1460,1461),(1462,1463,1464),(1465,1466,1467),(1468,1469,1470),(1471,1472,1473),(1474,1475,1476),(1477,1478,1479),(1480,1481,1482),(1483,1484,1485),(1486,1487,1488),(1489,1490,1491),(1492,1493,1494),(1495,1496,1497),(1498,1499,1500),(1501,1502,1503),(1504,1505,1506),(1507,1508,1509)));
#9982=TESSELLATED_GEOMETRIC_SET('hole callout',(#9981));
#9983=COORDINATES_LIST('coordinates',5,((-0.0607124,0.0249988,0.0130071),(-0.0770127,0.0249988,0.0130071),(-0.0527124,0.0249988,0.0100071),(-0.0557124,0.0249988,0.0130071),(-0.0607124,0.0249988,0.0130071)));
#9984=TESSELLATED_CURVE_SET('curve set',#9983,((1,2),(3,4,5)));
#9985=TESSELLATED_GEOMETRIC_SET('hole callout',(#9984));
#9986=TESSELLATED_ANNOTATION_OCCURRENCE('hole callout',(#9979),#9982);
#9987=TESSELLATED_ANNOTATION_OCCURRENCE('hole callout',(#9979),#9985);
#9988=DRAUGHTING_CALLOUT('hole callout',(#9986,#9987));
#9989=DRAUGHTING_MODEL_ITEM_ASSOCIATION('','',#9939,#9975,#9988);
#9990=DRAUGHTING_MODEL_ITEM_ASSOCIATION('','',#9947,#9975,#9988);
#9991=DRAUGHTING_MODEL_ITEM_ASSOCIATION('','',#9926,#9975,#9988);
ENDSEC;
END-ISO-10303-21;
