ISO-10303-21;
HEADER;
/*Generated by software containing ST-Developer
 * from STEP Tools, Inc. (www.steptools.com) 
 */
/*OPTION: using custom renumber hook */
/*description */
/*implementation_level */
FILE_DESCRIPTION(('STEP AP242 Edition 2','STEP AP242 Edition 2''CAx-IF Rec.Pracs.---Representation and Presentation of Product Manufa
cturing Information (PMI)---4.0---2014-10-13','STEP AP242 Edition 2''CAx-IF Rec.Pracs.---Representation and Presentation of Product Manufa
cturing Information (PMI)---4.0---2014-10-13''CAx-IF Rec.Pracs.---3D Tessellated Geometry---0.4---2014-09-14','STEP AP242 Edition 2''CAx-IF Rec.Pracs.---Representation and Presentation of Product Manufa
cturing Information (PMI)---4.0---2014-10-13''CAx-IF Rec.Pracs.---3D Tessellated Geometry---0.4---2014-09-14''2;1','STEP AP242 Edition 2''CAx-IF Rec.Pracs.---Representation and Presentation of Product Manufa
cturing Information (PMI)---4.0---2014-10-13''CAx-IF Rec.Pracs.---3D Tessellated Geometry---0.4---2014-09-14''2;1''CAx-IF Rec.Pracs.---User Defined Attributes---1.5---2016-08-15'),'2;1');
/*name */
/*time_stamp */
/*author */
/*organization */
/*preprocessor_version */
/*originating_system */
/*authorisation */
FILE_NAME('/vol/tmp/translate-15048384050172899385/HEAD.step','2026-04-23T21:14:56',(''),(''),'ST-DEVELOPER v20','ONSHAPE BY PTC INC, 1.213','  ');
FILE_SCHEMA(('AP242_MANAGED_MODEL_BASED_3D_ENGINEERING_MIM_LF { 1 0 10303 442 3 1 4 }'));
ENDSEC;
DATA;
#10=SHAPE_REPRESENTATION_RELATIONSHIP('','',#4821,#11);
#11=ADVANCED_BREP_SHAPE_REPRESENTATION('',(#4819),#8239);
#12=VERTEX_LOOP('',#2517);
#13=VERTEX_LOOP('',#2521);
#14=VERTEX_LOOP('',#2525);
#15=VERTEX_LOOP('',#2529);
#16=CONICAL_SURFACE('',#5035,0.0016,1.02974425867665);
#17=CONICAL_SURFACE('',#5042,0.0016,1.02974425867665);
#18=CONICAL_SURFACE('',#5049,0.0016,1.02974425867665);
#19=CONICAL_SURFACE('',#5056,0.0016,1.02974425867665);
#20=CYLINDRICAL_SURFACE('',#4894,0.0011);
#21=CYLINDRICAL_SURFACE('',#4896,0.0011);
#22=CYLINDRICAL_SURFACE('',#4924,0.0036);
#23=CYLINDRICAL_SURFACE('',#4925,0.0036);
#24=CYLINDRICAL_SURFACE('',#4934,0.0016);
#25=CYLINDRICAL_SURFACE('',#4935,0.0016);
#26=CYLINDRICAL_SURFACE('',#4938,0.0016);
#27=CYLINDRICAL_SURFACE('',#4939,0.0016);
#28=CYLINDRICAL_SURFACE('',#4977,0.0011);
#29=CYLINDRICAL_SURFACE('',#4978,0.0011);
#30=CYLINDRICAL_SURFACE('',#4979,0.0011);
#31=CYLINDRICAL_SURFACE('',#4980,0.0011);
#32=CYLINDRICAL_SURFACE('',#4981,0.0026);
#33=CYLINDRICAL_SURFACE('',#4983,0.0026);
#34=CYLINDRICAL_SURFACE('',#4989,0.01);
#35=CYLINDRICAL_SURFACE('',#4991,0.012);
#36=CYLINDRICAL_SURFACE('',#4994,0.01);
#37=CYLINDRICAL_SURFACE('',#4996,0.012);
#38=CYLINDRICAL_SURFACE('',#5019,0.0026);
#39=CYLINDRICAL_SURFACE('',#5020,0.0026);
#40=CYLINDRICAL_SURFACE('',#5029,0.0025);
#41=CYLINDRICAL_SURFACE('',#5032,0.0025);
#42=CYLINDRICAL_SURFACE('',#5037,0.0016);
#43=CYLINDRICAL_SURFACE('',#5041,0.0025);
#44=CYLINDRICAL_SURFACE('',#5044,0.0016);
#45=CYLINDRICAL_SURFACE('',#5048,0.0025);
#46=CYLINDRICAL_SURFACE('',#5051,0.0016);
#47=CYLINDRICAL_SURFACE('',#5055,0.0025);
#48=CYLINDRICAL_SURFACE('',#5058,0.0016);
#49=CYLINDRICAL_SURFACE('',#5062,0.0025);
#50=CYLINDRICAL_SURFACE('',#5068,0.0026);
#51=CYLINDRICAL_SURFACE('',#5082,0.00255);
#52=CYLINDRICAL_SURFACE('',#5100,0.0016);
#53=CYLINDRICAL_SURFACE('',#5102,0.0016);
#54=CYLINDRICAL_SURFACE('',#5104,0.0016);
#55=CYLINDRICAL_SURFACE('',#5106,0.0012771965917373);
#56=CYLINDRICAL_SURFACE('',#5108,0.0016);
#57=CYLINDRICAL_SURFACE('',#5111,0.0101);
#58=CYLINDRICAL_SURFACE('',#5121,0.0016);
#59=CYLINDRICAL_SURFACE('',#5122,0.0016);
#60=CYLINDRICAL_SURFACE('',#5123,0.0016);
#61=CYLINDRICAL_SURFACE('',#5128,0.0016);
#62=CYLINDRICAL_SURFACE('',#5137,0.0011);
#63=CYLINDRICAL_SURFACE('',#5138,0.0011);
#64=CYLINDRICAL_SURFACE('',#5150,0.0035);
#65=CYLINDRICAL_SURFACE('',#5153,0.0035);
#66=B_SPLINE_SURFACE_WITH_KNOTS('',3,1,((#6992,#6993),(#6994,#6995),(#6996,
#6997),(#6998,#6999),(#7000,#7001),(#7002,#7003),(#7004,#7005),(#7006,#7007),(#7008,#7009)),.SURF_OF_LINEAR_EXTRUSION.,.F.,.F.,.F.,(4,1,1,1,1,1,4),(2,2),(0.,0.253831134024163,0.37967233933539,0.492096361269366,0.609503864294692,0.725340069452432,1.),(0.,1.),.UNSPECIFIED.);
#67=B_SPLINE_SURFACE_WITH_KNOTS('',3,1,((#7022,#7023),(#7024,#7025),(#7026,
#7027),(#7028,#7029),(#7030,#7031),(#7032,#7033),(#7034,#7035),(#7036,#7037),(#7038,#7039)),.SURF_OF_LINEAR_EXTRUSION.,.F.,.F.,.F.,(4,1,1,1,1,1,4),(2,2),(0.,0.253831134024163,0.37967233933539,0.492096361269366,0.609503864294692,0.725340069452432,1.),(0.,1.),.UNSPECIFIED.);
#68=B_SPLINE_SURFACE_WITH_KNOTS('',3,1,((#7235,#7236),(#7237,#7238),(#7239,
#7240),(#7241,#7242),(#7243,#7244),(#7245,#7246),(#7247,#7248),(#7249,#7250),(#7251,#7252),(#7253,#7254),(#7255,#7256),(#7257,#7258),(#7259,#7260),(#7261,
#7262),(#7263,#7264),(#7265,#7266),(#7267,#7268),(#7269,#7270),(#7271,#7272),(#7273,#7274)),.SURF_OF_LINEAR_EXTRUSION.,.F.,.F.,.F.,(4,1,1,1,1,1,1,1,1,1,1,1,1,1,1,1,1,4),(2,2),(0.0426405500050836,0.157627643362021,0.21512119004049,0.272614736718959,0.330108283397428,0.387601830075897,0.445095376754366,0.502588923432835,0.560082470111304,0.588829243450538,0.617576016789773,0.646322790129007,0.675069563468242,0.732563110146711,0.79005665682518,0.847550203503649,0.905043750182118,0.962537296860586),(0.,1.),.UNSPECIFIED.);
#69=B_SPLINE_SURFACE_WITH_KNOTS('',3,1,((#7293,#7294),(#7295,#7296),(#7297,
#7298),(#7299,#7300),(#7301,#7302),(#7303,#7304),(#7305,#7306),(#7307,#7308),(#7309,#7310),(#7311,#7312),(#7313,#7314),(#7315,#7316),(#7317,#7318),(#7319,
#7320),(#7321,#7322),(#7323,#7324),(#7325,#7326),(#7327,#7328),(#7329,#7330),(#7331,#7332)),.SURF_OF_LINEAR_EXTRUSION.,.F.,.F.,.F.,(4,1,1,1,1,1,1,1,1,1,1,1,1,1,1,1,1,4),(2,2),(0.0426405500050837,0.157627643362021,0.21512119004049,0.272614736718959,0.330108283397428,0.387601830075897,0.445095376754366,0.502588923432835,0.560082470111304,0.588829243450538,0.617576016789773,0.646322790129007,0.675069563468242,0.73256311014671,0.790056656825179,0.847550203503648,0.905043750182117,0.962537296860586),(0.,1.),.UNSPECIFIED.);
#70=B_SPLINE_SURFACE_WITH_KNOTS('',2,3,((#7737,#7738,#7739,#7740,#7741,
#7742,#7743,#7744,#7745,#7746,#7747,#7748,#7749,#7750,#7751,#7752,#7753,
#7754),(#7755,#7756,#7757,#7758,#7759,#7760,#7761,#7762,#7763,#7764,#7765,
#7766,#7767,#7768,#7769,#7770,#7771,#7772),(#7773,#7774,#7775,#7776,#7777,
#7778,#7779,#7780,#7781,#7782,#7783,#7784,#7785,#7786,#7787,#7788,#7789,
#7790)),.UNSPECIFIED.,.F.,.T.,.F.,(3,3),(4,2,2,2,2,2,2,2,4),(0.,1.),(0.,0.785398163397448,1.5707963267949,2.35619449019234,3.1415926535898,3.92699081698724,4.71238898038469,5.49778714378214,6.28318530717959),.UNSPECIFIED.);
#71=B_SPLINE_SURFACE_WITH_KNOTS('',2,3,((#7808,#7809,#7810,#7811,#7812,
#7813,#7814,#7815,#7816,#7817,#7818,#7819,#7820,#7821,#7822,#7823,#7824,
#7825),(#7826,#7827,#7828,#7829,#7830,#7831,#7832,#7833,#7834,#7835,#7836,
#7837,#7838,#7839,#7840,#7841,#7842,#7843),(#7844,#7845,#7846,#7847,#7848,
#7849,#7850,#7851,#7852,#7853,#7854,#7855,#7856,#7857,#7858,#7859,#7860,
#7861)),.UNSPECIFIED.,.F.,.T.,.F.,(3,3),(4,2,2,2,2,2,2,2,4),(0.,1.),(0.,0.785398163397448,1.5707963267949,2.35619449019234,3.1415926535898,3.92699081698724,4.71238898038469,5.49778714378214,6.28318530717959),.UNSPECIFIED.);
#72=B_SPLINE_SURFACE_WITH_KNOTS('',3,1,((#7947,#7948),(#7949,#7950),(#7951,
#7952),(#7953,#7954)),.SURF_OF_LINEAR_EXTRUSION.,.F.,.F.,.F.,(4,4),(2,2),(-9.16108603475692E-17,1.),(0.,1.),.PIECEWISE_BEZIER_KNOTS.);
#73=B_SPLINE_SURFACE_WITH_KNOTS('',3,1,((#7989,#7990),(#7991,#7992),(#7993,
#7994),(#7995,#7996)),.SURF_OF_LINEAR_EXTRUSION.,.F.,.F.,.F.,(4,4),(2,2),(-1.53545786568218E-17,1.),(0.,1.),.PIECEWISE_BEZIER_KNOTS.);
#74=B_SPLINE_SURFACE_WITH_KNOTS('',3,1,((#8055,#8056),(#8057,#8058),(#8059,
#8060),(#8061,#8062)),.SURF_OF_LINEAR_EXTRUSION.,.F.,.F.,.F.,(4,4),(2,2),(-9.16108603475692E-17,1.),(0.,1.),.PIECEWISE_BEZIER_KNOTS.);
#75=B_SPLINE_SURFACE_WITH_KNOTS('',3,1,((#8095,#8096),(#8097,#8098),(#8099,
#8100),(#8101,#8102)),.SURF_OF_LINEAR_EXTRUSION.,.F.,.F.,.F.,(4,4),(2,2),(6.16330135474854E-17,1.),(0.,1.),.PIECEWISE_BEZIER_KNOTS.);
#76=B_SPLINE_SURFACE_WITH_KNOTS('',3,1,((#8163,#8164),(#8165,#8166),(#8167,
#8168),(#8169,#8170)),.SURF_OF_LINEAR_EXTRUSION.,.F.,.F.,.F.,(4,4),(2,2),(-0.00603240745877647,0.999999999999999),(0.,1.),.PIECEWISE_BEZIER_KNOTS.);
#77=B_SPLINE_SURFACE_WITH_KNOTS('',3,1,((#8171,#8172),(#8173,#8174),(#8175,
#8176),(#8177,#8178)),.SURF_OF_LINEAR_EXTRUSION.,.F.,.F.,.F.,(4,4),(2,2),(-5.99011499742392E-16,1.0060303383894),(0.,1.),.PIECEWISE_BEZIER_KNOTS.);
#78=B_SPLINE_SURFACE_WITH_KNOTS('',3,1,((#8197,#8198),(#8199,#8200),(#8201,
#8202),(#8203,#8204)),.SURF_OF_LINEAR_EXTRUSION.,.F.,.F.,.F.,(4,4),(2,2),(-0.00673647815933871,1.),(0.,1.),.PIECEWISE_BEZIER_KNOTS.);
#79=B_SPLINE_SURFACE_WITH_KNOTS('',3,1,((#8222,#8223),(#8224,#8225),(#8226,
#8227),(#8228,#8229)),.SURF_OF_LINEAR_EXTRUSION.,.F.,.F.,.F.,(4,4),(2,2),(-5.49007087154505E-17,1.),(0.,1.),.PIECEWISE_BEZIER_KNOTS.);
#80=B_SPLINE_CURVE_WITH_KNOTS('',3,(#6371,#6372,#6373,#6374,#6375),.UNSPECIFIED.,.F.,.F.,(4,1,4),(0.,0.00129025792168464,0.00258051584336929),.UNSPECIFIED.);
#81=B_SPLINE_CURVE_WITH_KNOTS('',3,(#6385,#6386,#6387,#6388),.UNSPECIFIED.,.F.,.F.,(4,4),(0.,0.00265920106396543),.UNSPECIFIED.);
#82=B_SPLINE_CURVE_WITH_KNOTS('',3,(#6396,#6397,#6398,#6399),.UNSPECIFIED.,.F.,.F.,(4,4),(0.,1.),.UNSPECIFIED.);
#83=B_SPLINE_CURVE_WITH_KNOTS('',3,(#6411,#6412,#6413,#6414),.UNSPECIFIED.,.F.,.F.,(4,4),(0.,1.),.UNSPECIFIED.);
#84=B_SPLINE_CURVE_WITH_KNOTS('',3,(#6422,#6423,#6424,#6425,#6426,#6427,#6428),.UNSPECIFIED.,.F.,.F.,(4,1,1,1,4),(0.,0.00160253599288592,0.00320507198577185,0.00480760797865777,0.00641014397154369),.UNSPECIFIED.);
#85=B_SPLINE_CURVE_WITH_KNOTS('',3,(#6439,#6440,#6441,#6442),.UNSPECIFIED.,.F.,.F.,(4,4),(0.,1.),.UNSPECIFIED.);
#86=B_SPLINE_CURVE_WITH_KNOTS('',3,(#6444,#6445,#6446,#6447),.UNSPECIFIED.,.F.,.F.,(4,4),(0.893188447318476,1.),.UNSPECIFIED.);
#87=B_SPLINE_CURVE_WITH_KNOTS('',3,(#6457,#6458,#6459,#6460,#6461,#6462,#6463,#6464,#6465,#6466),.UNSPECIFIED.,.F.,.F.,(4,1,1,1,1,1,1,4),(0.,0.0855659102086779,0.171131820417356,0.256697730626034,0.342263640834712,0.513395461252067,0.598961371460745,0.684527281669423),.UNSPECIFIED.);
#88=B_SPLINE_CURVE_WITH_KNOTS('',3,(#6469,#6470,#6471,#6472),.UNSPECIFIED.,.F.,.F.,(4,4),(0.,1.),.UNSPECIFIED.);
#89=B_SPLINE_CURVE_WITH_KNOTS('',3,(#6478,#6479,#6480,#6481),.UNSPECIFIED.,.F.,.F.,(4,4),(0.,1.),.UNSPECIFIED.);
#90=B_SPLINE_CURVE_WITH_KNOTS('',3,(#6483,#6484,#6485,#6486,#6487,#6488,#6489,#6490,#6491,#6492),.UNSPECIFIED.,.F.,.F.,(4,1,1,1,1,1,1,4),(0.315478986121363,0.401044112856193,0.486609239591022,0.657739493060682,0.743304619795511,0.828869746530341,0.91443487326517,1.),.UNSPECIFIED.);
#91=B_SPLINE_CURVE_WITH_KNOTS('',3,(#6720,#6721,#6722,#6723),.UNSPECIFIED.,.F.,.F.,(4,4),(0.,0.106837944200234),.UNSPECIFIED.);
#92=B_SPLINE_CURVE_WITH_KNOTS('',3,(#6726,#6727,#6728,#6729),.UNSPECIFIED.,.F.,.F.,(4,4),(0.,1.),.UNSPECIFIED.);
#93=B_SPLINE_CURVE_WITH_KNOTS('',3,(#6888,#6889,#6890,#6891,#6892,#6893,#6894,#6895,#6896),.UNSPECIFIED.,.F.,.F.,(4,1,1,1,1,1,4),(0.,0.253831134024163,0.37967233933539,0.492096361269366,0.609503864294692,0.725340069452432,1.),.UNSPECIFIED.);
#94=B_SPLINE_CURVE_WITH_KNOTS('',3,(#6905,#6906,#6907,#6908,#6909,#6910,#6911,#6912,#6913),.UNSPECIFIED.,.F.,.F.,(4,1,1,1,1,1,4),(0.,0.253831134024163,0.37967233933539,0.492096361269366,0.609503864294692,0.725340069452432,1.),.UNSPECIFIED.);
#95=B_SPLINE_CURVE_WITH_KNOTS('',3,(#7010,#7011,#7012,#7013,#7014,#7015,#7016,#7017,#7018),.UNSPECIFIED.,.F.,.F.,(4,1,1,1,1,1,4),(0.,0.253831134024163,0.37967233933539,0.492096361269366,0.609503864294692,0.725340069452432,1.),.UNSPECIFIED.);
#96=B_SPLINE_CURVE_WITH_KNOTS('',3,(#7040,#7041,#7042,#7043,#7044,#7045,#7046,#7047,#7048),.UNSPECIFIED.,.F.,.F.,(4,1,1,1,1,1,4),(0.,0.253831134024163,0.37967233933539,0.492096361269366,0.609503864294692,0.725340069452432,1.),.UNSPECIFIED.);
#97=B_SPLINE_CURVE_WITH_KNOTS('',3,(#7132,#7133,#7134,#7135,#7136,#7137,#7138,#7139,#7140,#7141,#7142,#7143,#7144,#7145,#7146,#7147),.UNSPECIFIED.,.F.,.F.,(4,1,1,1,1,1,1,1,1,1,1,1,1,4),(0.,0.00314250720365371,0.00471376080548056,0.00628501440730741,0.00785626800913427,0.00942752161096112,0.010998775212788,0.0125700288146148,0.0141412824164417,0.0157125360182685,0.0172837896200954,0.0188550432219222,0.0219975504255759,0.0251400576292296),.UNSPECIFIED.);
#98=B_SPLINE_CURVE_WITH_KNOTS('',3,(#7151,#7152,#7153,#7154,#7155,#7156,#7157,#7158,#7159,#7160,#7161,#7162,#7163,#7164,#7165,#7166),.UNSPECIFIED.,.F.,.F.,(4,1,1,1,1,1,1,1,1,1,1,1,1,4),(0.,0.0031425072036537,0.00471376080548055,0.00628501440730741,0.00785626800913426,0.00942752161096111,0.010998775212788,0.0125700288146148,0.0141412824164417,0.0157125360182685,0.0172837896200954,0.0188550432219222,0.0219975504255759,0.0251400576292296),.UNSPECIFIED.);
#99=B_SPLINE_CURVE_WITH_KNOTS('',3,(#7183,#7184,#7185,#7186,#7187,#7188,#7189,#7190,#7191,#7192,#7193,#7194,#7195),.UNSPECIFIED.,.F.,.F.,(4,1,1,1,1,1,1,1,1,1,4),(0.,0.125,0.1875,0.25,0.375,0.5,0.625,0.75,0.8125,0.875,1.),.UNSPECIFIED.);
#100=B_SPLINE_CURVE_WITH_KNOTS('',3,(#7196,#7197,#7198,#7199),.UNSPECIFIED.,.F.,.F.,(4,4),(0.,1.),.UNSPECIFIED.);
#101=B_SPLINE_CURVE_WITH_KNOTS('',3,(#7212,#7213,#7214,#7215),.UNSPECIFIED.,.F.,.F.,(4,4),(0.,1.),.UNSPECIFIED.);
#102=B_SPLINE_CURVE_WITH_KNOTS('',3,(#7216,#7217,#7218,#7219,#7220,#7221,#7222,#7223,#7224,#7225,#7226,#7227,#7228),.UNSPECIFIED.,.F.,.F.,(4,1,1,1,1,1,1,1,1,1,4),(0.,0.125,0.1875,0.25,0.375,0.5,0.625,0.75,0.8125,0.875,1.),.UNSPECIFIED.);
#103=B_SPLINE_CURVE_WITH_KNOTS('',3,(#7275,#7276,#7277,#7278,#7279,#7280,#7281,#7282,#7283,#7284,#7285,#7286,#7287,#7288,#7289,#7290),.UNSPECIFIED.,.F.,.F.,(4,1,1,1,1,1,1,1,1,1,1,1,1,4),(0.,0.00314250720365371,0.00471376080548056,0.00628501440730742,0.00785626800913427,0.00942752161096112,0.010998775212788,0.0125700288146148,0.0141412824164417,0.0157125360182685,0.0172837896200954,0.0188550432219222,0.021997550425576,0.0251400576292297),.UNSPECIFIED.);
#104=B_SPLINE_CURVE_WITH_KNOTS('',3,(#7333,#7334,#7335,#7336,#7337,#7338,#7339,#7340,#7341,#7342,#7343,#7344,#7345,#7346,#7347,#7348),.UNSPECIFIED.,.F.,.F.,(4,1,1,1,1,1,1,1,1,1,1,1,1,4),(0.,0.00314250720365369,0.00471376080548054,0.00628501440730739,0.00785626800913423,0.00942752161096108,0.0109987752127879,0.0125700288146148,0.0141412824164416,0.0157125360182685,0.0172837896200953,0.0188550432219222,0.0219975504255759,0.0251400576292295),.UNSPECIFIED.);
#105=B_SPLINE_CURVE_WITH_KNOTS('',3,(#7510,#7511,#7512,#7513),.UNSPECIFIED.,.F.,.F.,(4,4),(0.,1.),.UNSPECIFIED.);
#106=B_SPLINE_CURVE_WITH_KNOTS('',3,(#7662,#7663,#7664,#7665,#7666,#7667,#7668,#7669,#7670,#7671,#7672),.UNSPECIFIED.,.T.,.F.,(1,1,1,1,1,1,1,1,1,1,1,1,1,1,1),(-0.375,-0.25,-0.125,0.,0.125,0.25,0.375,0.5,0.625,0.75,0.875,1.,1.125,1.25,1.375),.UNSPECIFIED.);
#107=B_SPLINE_CURVE_WITH_KNOTS('',3,(#7678,#7679,#7680,#7681,#7682,#7683,#7684,#7685,#7686,#7687,#7688),.UNSPECIFIED.,.T.,.F.,(1,1,1,1,1,1,1,1,1,1,1,1,1,1,1),(-0.375,-0.25,-0.125,0.,0.125,0.25,0.375,0.5,0.625,0.75,0.875,1.,1.125,1.25,1.375),.UNSPECIFIED.);
#108=B_SPLINE_CURVE_WITH_KNOTS('',3,(#7791,#7792,#7793,#7794,#7795,#7796,#7797,#7798,#7799,#7800,#7801,#7802,#7803,#7804,#7805,#7806,#7807),.UNSPECIFIED.,.F.,.F.,(4,1,1,1,1,1,1,1,1,1,1,1,1,1,4),(0.,0.25,0.375,0.5,0.625,0.75,0.8125,0.875,0.890625,0.90625,0.921875,0.9375,0.953125,0.96875,1.),.UNSPECIFIED.);
#109=B_SPLINE_CURVE_WITH_KNOTS('',3,(#7862,#7863,#7864,#7865,#7866,#7867,#7868,#7869,#7870,#7871,#7872,#7873,#7874,#7875,#7876),.UNSPECIFIED.,.F.,.F.,(4,1,1,1,1,1,1,1,1,1,1,1,4),(0.,0.25,0.5,0.625,0.75,0.8125,0.875,0.90625,0.9375,0.953125,0.96875,0.984375,1.),.UNSPECIFIED.);
#110=B_SPLINE_CURVE_WITH_KNOTS('',3,(#7921,#7922,#7923,#7924),.UNSPECIFIED.,.F.,.F.,(4,4),(0.,1.),.UNSPECIFIED.);
#111=B_SPLINE_CURVE_WITH_KNOTS('',3,(#7926,#7927,#7928,#7929),.UNSPECIFIED.,.F.,.F.,(4,4),(0.,1.),.UNSPECIFIED.);
#112=B_SPLINE_CURVE_WITH_KNOTS('',3,(#7955,#7956,#7957,#7958),.UNSPECIFIED.,.F.,.F.,(4,4),(0.,1.),.UNSPECIFIED.);
#113=B_SPLINE_CURVE_WITH_KNOTS('',3,(#7961,#7962,#7963,#7964),.UNSPECIFIED.,.F.,.F.,(4,4),(0.,1.),.UNSPECIFIED.);
#114=B_SPLINE_CURVE_WITH_KNOTS('',3,(#7966,#7967,#7968,#7969),.UNSPECIFIED.,.F.,.F.,(4,4),(0.,1.),.UNSPECIFIED.);
#115=B_SPLINE_CURVE_WITH_KNOTS('',3,(#7971,#7972,#7973,#7974),.UNSPECIFIED.,.F.,.F.,(4,4),(0.,1.),.UNSPECIFIED.);
#116=B_SPLINE_CURVE_WITH_KNOTS('',3,(#7978,#7979,#7980,#7981),.UNSPECIFIED.,.F.,.F.,(4,4),(0.,1.),.UNSPECIFIED.);
#117=B_SPLINE_CURVE_WITH_KNOTS('',3,(#7997,#7998,#7999,#8000),.UNSPECIFIED.,.F.,.F.,(4,4),(0.,1.),.UNSPECIFIED.);
#118=B_SPLINE_CURVE_WITH_KNOTS('',3,(#8002,#8003,#8004,#8005),.UNSPECIFIED.,.F.,.F.,(4,4),(0.,1.),.UNSPECIFIED.);
#119=B_SPLINE_CURVE_WITH_KNOTS('',3,(#8007,#8008,#8009,#8010),.UNSPECIFIED.,.F.,.F.,(4,4),(0.,1.),.UNSPECIFIED.);
#120=B_SPLINE_CURVE_WITH_KNOTS('',3,(#8063,#8064,#8065,#8066),.UNSPECIFIED.,.F.,.F.,(4,4),(0.,1.),.UNSPECIFIED.);
#121=B_SPLINE_CURVE_WITH_KNOTS('',3,(#8069,#8070,#8071,#8072),.UNSPECIFIED.,.F.,.F.,(4,4),(0.,1.),.UNSPECIFIED.);
#122=B_SPLINE_CURVE_WITH_KNOTS('',3,(#8074,#8075,#8076,#8077),.UNSPECIFIED.,.F.,.F.,(4,4),(0.,1.),.UNSPECIFIED.);
#123=B_SPLINE_CURVE_WITH_KNOTS('',3,(#8079,#8080,#8081,#8082),.UNSPECIFIED.,.F.,.F.,(4,4),(0.,1.),.UNSPECIFIED.);
#124=B_SPLINE_CURVE_WITH_KNOTS('',3,(#8086,#8087,#8088,#8089),.UNSPECIFIED.,.F.,.F.,(4,4),(0.,1.),.UNSPECIFIED.);
#125=B_SPLINE_CURVE_WITH_KNOTS('',3,(#8103,#8104,#8105,#8106),.UNSPECIFIED.,.F.,.F.,(4,4),(0.,1.),.UNSPECIFIED.);
#126=B_SPLINE_CURVE_WITH_KNOTS('',3,(#8108,#8109,#8110,#8111),.UNSPECIFIED.,.F.,.F.,(4,4),(0.,1.),.UNSPECIFIED.);
#127=B_SPLINE_CURVE_WITH_KNOTS('',3,(#8113,#8114,#8115,#8116),.UNSPECIFIED.,.F.,.F.,(4,4),(0.,1.),.UNSPECIFIED.);
#128=B_SPLINE_CURVE_WITH_KNOTS('',3,(#8188,#8189,#8190,#8191),.UNSPECIFIED.,.F.,.F.,(4,4),(0.,1.),.UNSPECIFIED.);
#129=B_SPLINE_CURVE_WITH_KNOTS('',3,(#8193,#8194,#8195,#8196),.UNSPECIFIED.,.F.,.F.,(4,4),(0.,1.),.UNSPECIFIED.);
#130=B_SPLINE_CURVE_WITH_KNOTS('',3,(#8206,#8207,#8208,#8209),.UNSPECIFIED.,.F.,.F.,(4,4),(0.,1.),.UNSPECIFIED.);
#131=B_SPLINE_CURVE_WITH_KNOTS('',3,(#8213,#8214,#8215,#8216),.UNSPECIFIED.,.F.,.F.,(4,4),(0.,1.),.UNSPECIFIED.);
#132=B_SPLINE_CURVE_WITH_KNOTS('',3,(#8218,#8219,#8220,#8221),.UNSPECIFIED.,.F.,.F.,(4,4),(0.,1.),.UNSPECIFIED.);
#133=CIRCLE('',#4825,0.0016);
#134=CIRCLE('',#4826,0.0016);
#135=CIRCLE('',#4831,0.0016);
#136=CIRCLE('',#4832,0.0016);
#137=CIRCLE('',#4833,0.0016);
#138=CIRCLE('',#4834,0.0016);
#139=CIRCLE('',#4836,0.0016);
#140=CIRCLE('',#4837,0.0016);
#141=CIRCLE('',#4838,0.0016);
#142=CIRCLE('',#4839,0.0016);
#143=CIRCLE('',#4841,0.0026);
#144=CIRCLE('',#4843,0.0026);
#145=CIRCLE('',#4845,0.0025);
#146=CIRCLE('',#4846,0.0025);
#147=CIRCLE('',#4847,0.0025);
#148=CIRCLE('',#4848,0.0025);
#149=CIRCLE('',#4851,0.0026);
#150=CIRCLE('',#4852,0.01);
#151=CIRCLE('',#4854,0.0026);
#152=CIRCLE('',#4855,0.01);
#153=CIRCLE('',#4858,0.012);
#154=CIRCLE('',#4861,0.0011);
#155=CIRCLE('',#4862,0.0011);
#156=CIRCLE('',#4863,0.0011);
#157=CIRCLE('',#4864,0.0011);
#158=CIRCLE('',#4866,0.0011);
#159=CIRCLE('',#4867,0.0011);
#160=CIRCLE('',#4868,0.0011);
#161=CIRCLE('',#4869,0.0011);
#162=CIRCLE('',#4881,0.012);
#163=CIRCLE('',#4891,0.0011);
#164=CIRCLE('',#4893,0.0011);
#165=CIRCLE('',#4895,0.0011);
#166=CIRCLE('',#4897,0.0011);
#167=CIRCLE('',#4901,0.0036);
#168=CIRCLE('',#4904,0.0036);
#169=CIRCLE('',#4912,0.0035);
#170=CIRCLE('',#4915,0.0035);
#171=CIRCLE('',#4918,0.0036);
#172=CIRCLE('',#4920,0.0036);
#173=CIRCLE('',#4930,0.0016);
#174=CIRCLE('',#4931,0.0016);
#175=CIRCLE('',#4932,0.0016);
#176=CIRCLE('',#4933,0.0016);
#177=CIRCLE('',#4936,0.0016);
#178=CIRCLE('',#4940,0.0016);
#179=CIRCLE('',#4982,0.0026);
#180=CIRCLE('',#4984,0.0026);
#181=CIRCLE('',#4990,0.01);
#182=CIRCLE('',#4992,0.012);
#183=CIRCLE('',#4995,0.01);
#184=CIRCLE('',#4997,0.012);
#185=CIRCLE('',#5008,0.0026);
#186=CIRCLE('',#5009,0.0026);
#187=CIRCLE('',#5014,0.0026);
#188=CIRCLE('',#5015,0.0026);
#189=CIRCLE('',#5030,0.0025);
#190=CIRCLE('',#5033,0.0025);
#191=CIRCLE('',#5036,0.0016);
#192=CIRCLE('',#5038,0.0016);
#193=CIRCLE('',#5040,0.0025);
#194=CIRCLE('',#5043,0.0016);
#195=CIRCLE('',#5045,0.0016);
#196=CIRCLE('',#5047,0.0025);
#197=CIRCLE('',#5050,0.0016);
#198=CIRCLE('',#5052,0.0016);
#199=CIRCLE('',#5054,0.0025);
#200=CIRCLE('',#5057,0.0016);
#201=CIRCLE('',#5059,0.0016);
#202=CIRCLE('',#5061,0.0025);
#203=CIRCLE('',#5083,0.00255);
#204=CIRCLE('',#5084,0.00255);
#205=CIRCLE('',#5087,0.0011);
#206=CIRCLE('',#5088,0.0011);
#207=CIRCLE('',#5091,0.0011);
#208=CIRCLE('',#5092,0.0011);
#209=CIRCLE('',#5094,0.0016);
#210=CIRCLE('',#5095,0.0016);
#211=CIRCLE('',#5096,0.0016);
#212=CIRCLE('',#5097,0.0016);
#213=CIRCLE('',#5098,0.0012771965917373);
#214=CIRCLE('',#5099,0.0101);
#215=CIRCLE('',#5101,0.0016);
#216=CIRCLE('',#5103,0.0016);
#217=CIRCLE('',#5105,0.0016);
#218=CIRCLE('',#5107,0.0012771965917373);
#219=CIRCLE('',#5109,0.0016);
#220=CIRCLE('',#5112,0.0101);
#221=CIRCLE('',#5151,0.0035);
#222=CIRCLE('',#5154,0.0035);
#223=ORIENTED_EDGE('',*,*,#1497,.T.);
#224=ORIENTED_EDGE('',*,*,#1498,.T.);
#225=ORIENTED_EDGE('',*,*,#1499,.F.);
#226=ORIENTED_EDGE('',*,*,#1500,.T.);
#227=ORIENTED_EDGE('',*,*,#1501,.T.);
#228=ORIENTED_EDGE('',*,*,#1502,.T.);
#229=ORIENTED_EDGE('',*,*,#1503,.T.);
#230=ORIENTED_EDGE('',*,*,#1504,.F.);
#231=ORIENTED_EDGE('',*,*,#1505,.T.);
#232=ORIENTED_EDGE('',*,*,#1506,.F.);
#233=ORIENTED_EDGE('',*,*,#1507,.F.);
#234=ORIENTED_EDGE('',*,*,#1508,.T.);
#235=ORIENTED_EDGE('',*,*,#1509,.T.);
#236=ORIENTED_EDGE('',*,*,#1510,.F.);
#237=ORIENTED_EDGE('',*,*,#1511,.F.);
#238=ORIENTED_EDGE('',*,*,#1512,.T.);
#239=ORIENTED_EDGE('',*,*,#1513,.T.);
#240=ORIENTED_EDGE('',*,*,#1514,.T.);
#241=ORIENTED_EDGE('',*,*,#1515,.F.);
#242=ORIENTED_EDGE('',*,*,#1516,.F.);
#243=ORIENTED_EDGE('',*,*,#1517,.F.);
#244=ORIENTED_EDGE('',*,*,#1518,.T.);
#245=ORIENTED_EDGE('',*,*,#1519,.F.);
#246=ORIENTED_EDGE('',*,*,#1520,.T.);
#247=ORIENTED_EDGE('',*,*,#1521,.T.);
#248=ORIENTED_EDGE('',*,*,#1500,.F.);
#249=ORIENTED_EDGE('',*,*,#1522,.T.);
#250=ORIENTED_EDGE('',*,*,#1523,.T.);
#251=ORIENTED_EDGE('',*,*,#1524,.F.);
#252=ORIENTED_EDGE('',*,*,#1525,.F.);
#253=ORIENTED_EDGE('',*,*,#1526,.T.);
#254=ORIENTED_EDGE('',*,*,#1527,.T.);
#255=ORIENTED_EDGE('',*,*,#1528,.F.);
#256=ORIENTED_EDGE('',*,*,#1529,.F.);
#257=ORIENTED_EDGE('',*,*,#1530,.T.);
#258=ORIENTED_EDGE('',*,*,#1531,.T.);
#259=ORIENTED_EDGE('',*,*,#1532,.T.);
#260=ORIENTED_EDGE('',*,*,#1533,.T.);
#261=ORIENTED_EDGE('',*,*,#1534,.F.);
#262=ORIENTED_EDGE('',*,*,#1535,.F.);
#263=ORIENTED_EDGE('',*,*,#1536,.T.);
#264=ORIENTED_EDGE('',*,*,#1537,.T.);
#265=ORIENTED_EDGE('',*,*,#1538,.T.);
#266=ORIENTED_EDGE('',*,*,#1539,.T.);
#267=ORIENTED_EDGE('',*,*,#1540,.F.);
#268=ORIENTED_EDGE('',*,*,#1541,.T.);
#269=ORIENTED_EDGE('',*,*,#1542,.F.);
#270=ORIENTED_EDGE('',*,*,#1543,.T.);
#271=ORIENTED_EDGE('',*,*,#1544,.T.);
#272=ORIENTED_EDGE('',*,*,#1506,.T.);
#273=ORIENTED_EDGE('',*,*,#1545,.T.);
#274=ORIENTED_EDGE('',*,*,#1546,.T.);
#275=ORIENTED_EDGE('',*,*,#1547,.T.);
#276=ORIENTED_EDGE('',*,*,#1548,.F.);
#277=ORIENTED_EDGE('',*,*,#1549,.T.);
#278=ORIENTED_EDGE('',*,*,#1550,.T.);
#279=ORIENTED_EDGE('',*,*,#1551,.F.);
#280=ORIENTED_EDGE('',*,*,#1552,.T.);
#281=ORIENTED_EDGE('',*,*,#1553,.T.);
#282=ORIENTED_EDGE('',*,*,#1536,.F.);
#283=ORIENTED_EDGE('',*,*,#1554,.F.);
#284=ORIENTED_EDGE('',*,*,#1555,.F.);
#285=ORIENTED_EDGE('',*,*,#1556,.T.);
#286=ORIENTED_EDGE('',*,*,#1532,.F.);
#287=ORIENTED_EDGE('',*,*,#1557,.T.);
#288=ORIENTED_EDGE('',*,*,#1558,.T.);
#289=ORIENTED_EDGE('',*,*,#1559,.T.);
#290=ORIENTED_EDGE('',*,*,#1560,.T.);
#291=ORIENTED_EDGE('',*,*,#1561,.T.);
#292=ORIENTED_EDGE('',*,*,#1562,.T.);
#293=ORIENTED_EDGE('',*,*,#1563,.F.);
#294=ORIENTED_EDGE('',*,*,#1564,.T.);
#295=ORIENTED_EDGE('',*,*,#1565,.T.);
#296=ORIENTED_EDGE('',*,*,#1566,.F.);
#297=ORIENTED_EDGE('',*,*,#1567,.T.);
#298=ORIENTED_EDGE('',*,*,#1568,.T.);
#299=ORIENTED_EDGE('',*,*,#1569,.T.);
#300=ORIENTED_EDGE('',*,*,#1570,.T.);
#301=ORIENTED_EDGE('',*,*,#1571,.T.);
#302=ORIENTED_EDGE('',*,*,#1497,.F.);
#303=ORIENTED_EDGE('',*,*,#1572,.F.);
#304=ORIENTED_EDGE('',*,*,#1573,.F.);
#305=ORIENTED_EDGE('',*,*,#1574,.T.);
#306=ORIENTED_EDGE('',*,*,#1575,.F.);
#307=ORIENTED_EDGE('',*,*,#1576,.T.);
#308=ORIENTED_EDGE('',*,*,#1529,.T.);
#309=ORIENTED_EDGE('',*,*,#1577,.F.);
#310=ORIENTED_EDGE('',*,*,#1578,.F.);
#311=ORIENTED_EDGE('',*,*,#1579,.F.);
#312=ORIENTED_EDGE('',*,*,#1580,.F.);
#313=ORIENTED_EDGE('',*,*,#1581,.F.);
#314=ORIENTED_EDGE('',*,*,#1582,.T.);
#315=ORIENTED_EDGE('',*,*,#1583,.F.);
#316=ORIENTED_EDGE('',*,*,#1584,.F.);
#317=ORIENTED_EDGE('',*,*,#1585,.T.);
#318=ORIENTED_EDGE('',*,*,#1586,.T.);
#319=ORIENTED_EDGE('',*,*,#1587,.F.);
#320=ORIENTED_EDGE('',*,*,#1588,.F.);
#321=ORIENTED_EDGE('',*,*,#1589,.T.);
#322=ORIENTED_EDGE('',*,*,#1590,.T.);
#323=ORIENTED_EDGE('',*,*,#1591,.F.);
#324=ORIENTED_EDGE('',*,*,#1592,.F.);
#325=ORIENTED_EDGE('',*,*,#1593,.T.);
#326=ORIENTED_EDGE('',*,*,#1594,.T.);
#327=ORIENTED_EDGE('',*,*,#1595,.F.);
#328=ORIENTED_EDGE('',*,*,#1596,.F.);
#329=ORIENTED_EDGE('',*,*,#1597,.T.);
#330=ORIENTED_EDGE('',*,*,#1598,.T.);
#331=ORIENTED_EDGE('',*,*,#1599,.F.);
#332=ORIENTED_EDGE('',*,*,#1600,.F.);
#333=ORIENTED_EDGE('',*,*,#1601,.F.);
#334=ORIENTED_EDGE('',*,*,#1602,.T.);
#335=ORIENTED_EDGE('',*,*,#1603,.F.);
#336=ORIENTED_EDGE('',*,*,#1604,.F.);
#337=ORIENTED_EDGE('',*,*,#1605,.F.);
#338=ORIENTED_EDGE('',*,*,#1606,.F.);
#339=ORIENTED_EDGE('',*,*,#1607,.T.);
#340=ORIENTED_EDGE('',*,*,#1608,.T.);
#341=ORIENTED_EDGE('',*,*,#1609,.T.);
#342=ORIENTED_EDGE('',*,*,#1610,.T.);
#343=ORIENTED_EDGE('',*,*,#1611,.T.);
#344=ORIENTED_EDGE('',*,*,#1612,.T.);
#345=ORIENTED_EDGE('',*,*,#1613,.T.);
#346=ORIENTED_EDGE('',*,*,#1614,.F.);
#347=ORIENTED_EDGE('',*,*,#1615,.F.);
#348=ORIENTED_EDGE('',*,*,#1616,.F.);
#349=ORIENTED_EDGE('',*,*,#1617,.T.);
#350=ORIENTED_EDGE('',*,*,#1618,.T.);
#351=ORIENTED_EDGE('',*,*,#1619,.F.);
#352=ORIENTED_EDGE('',*,*,#1620,.F.);
#353=ORIENTED_EDGE('',*,*,#1621,.T.);
#354=ORIENTED_EDGE('',*,*,#1622,.T.);
#355=ORIENTED_EDGE('',*,*,#1623,.F.);
#356=ORIENTED_EDGE('',*,*,#1624,.F.);
#357=ORIENTED_EDGE('',*,*,#1625,.T.);
#358=ORIENTED_EDGE('',*,*,#1626,.T.);
#359=ORIENTED_EDGE('',*,*,#1627,.T.);
#360=ORIENTED_EDGE('',*,*,#1539,.F.);
#361=ORIENTED_EDGE('',*,*,#1628,.T.);
#362=ORIENTED_EDGE('',*,*,#1629,.T.);
#363=ORIENTED_EDGE('',*,*,#1630,.T.);
#364=ORIENTED_EDGE('',*,*,#1631,.T.);
#365=ORIENTED_EDGE('',*,*,#1632,.T.);
#366=ORIENTED_EDGE('',*,*,#1633,.T.);
#367=ORIENTED_EDGE('',*,*,#1634,.F.);
#368=ORIENTED_EDGE('',*,*,#1635,.T.);
#369=ORIENTED_EDGE('',*,*,#1636,.T.);
#370=ORIENTED_EDGE('',*,*,#1637,.F.);
#371=ORIENTED_EDGE('',*,*,#1638,.F.);
#372=ORIENTED_EDGE('',*,*,#1639,.F.);
#373=ORIENTED_EDGE('',*,*,#1640,.T.);
#374=ORIENTED_EDGE('',*,*,#1641,.T.);
#375=ORIENTED_EDGE('',*,*,#1642,.T.);
#376=ORIENTED_EDGE('',*,*,#1643,.F.);
#377=ORIENTED_EDGE('',*,*,#1644,.F.);
#378=ORIENTED_EDGE('',*,*,#1645,.F.);
#379=ORIENTED_EDGE('',*,*,#1646,.F.);
#380=ORIENTED_EDGE('',*,*,#1647,.F.);
#381=ORIENTED_EDGE('',*,*,#1648,.T.);
#382=ORIENTED_EDGE('',*,*,#1649,.T.);
#383=ORIENTED_EDGE('',*,*,#1650,.F.);
#384=ORIENTED_EDGE('',*,*,#1651,.T.);
#385=ORIENTED_EDGE('',*,*,#1652,.T.);
#386=ORIENTED_EDGE('',*,*,#1653,.T.);
#387=ORIENTED_EDGE('',*,*,#1654,.T.);
#388=ORIENTED_EDGE('',*,*,#1655,.F.);
#389=ORIENTED_EDGE('',*,*,#1656,.T.);
#390=ORIENTED_EDGE('',*,*,#1657,.T.);
#391=ORIENTED_EDGE('',*,*,#1658,.T.);
#392=ORIENTED_EDGE('',*,*,#1659,.T.);
#393=ORIENTED_EDGE('',*,*,#1660,.T.);
#394=ORIENTED_EDGE('',*,*,#1661,.T.);
#395=ORIENTED_EDGE('',*,*,#1662,.T.);
#396=ORIENTED_EDGE('',*,*,#1663,.F.);
#397=ORIENTED_EDGE('',*,*,#1664,.T.);
#398=ORIENTED_EDGE('',*,*,#1665,.T.);
#399=ORIENTED_EDGE('',*,*,#1666,.F.);
#400=ORIENTED_EDGE('',*,*,#1667,.F.);
#401=ORIENTED_EDGE('',*,*,#1668,.T.);
#402=ORIENTED_EDGE('',*,*,#1669,.T.);
#403=ORIENTED_EDGE('',*,*,#1670,.F.);
#404=ORIENTED_EDGE('',*,*,#1671,.T.);
#405=ORIENTED_EDGE('',*,*,#1672,.T.);
#406=ORIENTED_EDGE('',*,*,#1673,.T.);
#407=ORIENTED_EDGE('',*,*,#1674,.F.);
#408=ORIENTED_EDGE('',*,*,#1675,.F.);
#409=ORIENTED_EDGE('',*,*,#1676,.F.);
#410=ORIENTED_EDGE('',*,*,#1677,.F.);
#411=ORIENTED_EDGE('',*,*,#1678,.T.);
#412=ORIENTED_EDGE('',*,*,#1679,.T.);
#413=ORIENTED_EDGE('',*,*,#1680,.F.);
#414=ORIENTED_EDGE('',*,*,#1681,.F.);
#415=ORIENTED_EDGE('',*,*,#1682,.F.);
#416=ORIENTED_EDGE('',*,*,#1683,.T.);
#417=ORIENTED_EDGE('',*,*,#1684,.F.);
#418=ORIENTED_EDGE('',*,*,#1680,.T.);
#419=ORIENTED_EDGE('',*,*,#1685,.T.);
#420=ORIENTED_EDGE('',*,*,#1686,.F.);
#421=ORIENTED_EDGE('',*,*,#1610,.F.);
#422=ORIENTED_EDGE('',*,*,#1687,.T.);
#423=ORIENTED_EDGE('',*,*,#1688,.T.);
#424=ORIENTED_EDGE('',*,*,#1689,.T.);
#425=ORIENTED_EDGE('',*,*,#1690,.F.);
#426=ORIENTED_EDGE('',*,*,#1691,.T.);
#427=ORIENTED_EDGE('',*,*,#1692,.T.);
#428=ORIENTED_EDGE('',*,*,#1693,.T.);
#429=ORIENTED_EDGE('',*,*,#1694,.F.);
#430=ORIENTED_EDGE('',*,*,#1695,.F.);
#431=ORIENTED_EDGE('',*,*,#1696,.F.);
#432=ORIENTED_EDGE('',*,*,#1697,.F.);
#433=ORIENTED_EDGE('',*,*,#1690,.T.);
#434=ORIENTED_EDGE('',*,*,#1698,.T.);
#435=ORIENTED_EDGE('',*,*,#1678,.F.);
#436=ORIENTED_EDGE('',*,*,#1699,.T.);
#437=ORIENTED_EDGE('',*,*,#1655,.T.);
#438=ORIENTED_EDGE('',*,*,#1700,.T.);
#439=ORIENTED_EDGE('',*,*,#1701,.T.);
#440=ORIENTED_EDGE('',*,*,#1702,.T.);
#441=ORIENTED_EDGE('',*,*,#1703,.F.);
#442=ORIENTED_EDGE('',*,*,#1704,.F.);
#443=ORIENTED_EDGE('',*,*,#1705,.F.);
#444=ORIENTED_EDGE('',*,*,#1706,.F.);
#445=ORIENTED_EDGE('',*,*,#1707,.F.);
#446=ORIENTED_EDGE('',*,*,#1708,.F.);
#447=ORIENTED_EDGE('',*,*,#1562,.F.);
#448=ORIENTED_EDGE('',*,*,#1709,.T.);
#449=ORIENTED_EDGE('',*,*,#1710,.F.);
#450=ORIENTED_EDGE('',*,*,#1711,.F.);
#451=ORIENTED_EDGE('',*,*,#1712,.T.);
#452=ORIENTED_EDGE('',*,*,#1713,.T.);
#453=ORIENTED_EDGE('',*,*,#1714,.F.);
#454=ORIENTED_EDGE('',*,*,#1715,.F.);
#455=ORIENTED_EDGE('',*,*,#1716,.T.);
#456=ORIENTED_EDGE('',*,*,#1717,.T.);
#457=ORIENTED_EDGE('',*,*,#1507,.T.);
#458=ORIENTED_EDGE('',*,*,#1544,.F.);
#459=ORIENTED_EDGE('',*,*,#1718,.T.);
#460=ORIENTED_EDGE('',*,*,#1719,.F.);
#461=ORIENTED_EDGE('',*,*,#1720,.F.);
#462=ORIENTED_EDGE('',*,*,#1721,.T.);
#463=ORIENTED_EDGE('',*,*,#1722,.T.);
#464=ORIENTED_EDGE('',*,*,#1723,.F.);
#465=ORIENTED_EDGE('',*,*,#1724,.T.);
#466=ORIENTED_EDGE('',*,*,#1725,.F.);
#467=ORIENTED_EDGE('',*,*,#1726,.F.);
#468=ORIENTED_EDGE('',*,*,#1727,.T.);
#469=ORIENTED_EDGE('',*,*,#1728,.T.);
#470=ORIENTED_EDGE('',*,*,#1632,.F.);
#471=ORIENTED_EDGE('',*,*,#1659,.F.);
#472=ORIENTED_EDGE('',*,*,#1729,.T.);
#473=ORIENTED_EDGE('',*,*,#1606,.T.);
#474=ORIENTED_EDGE('',*,*,#1730,.T.);
#475=ORIENTED_EDGE('',*,*,#1731,.F.);
#476=ORIENTED_EDGE('',*,*,#1732,.T.);
#477=ORIENTED_EDGE('',*,*,#1733,.T.);
#478=ORIENTED_EDGE('',*,*,#1734,.T.);
#479=ORIENTED_EDGE('',*,*,#1641,.F.);
#480=ORIENTED_EDGE('',*,*,#1735,.T.);
#481=ORIENTED_EDGE('',*,*,#1736,.T.);
#482=ORIENTED_EDGE('',*,*,#1737,.F.);
#483=ORIENTED_EDGE('',*,*,#1738,.F.);
#484=ORIENTED_EDGE('',*,*,#1525,.T.);
#485=ORIENTED_EDGE('',*,*,#1739,.T.);
#486=ORIENTED_EDGE('',*,*,#1740,.F.);
#487=ORIENTED_EDGE('',*,*,#1741,.F.);
#488=ORIENTED_EDGE('',*,*,#1526,.F.);
#489=ORIENTED_EDGE('',*,*,#1738,.T.);
#490=ORIENTED_EDGE('',*,*,#1742,.T.);
#491=ORIENTED_EDGE('',*,*,#1743,.F.);
#492=ORIENTED_EDGE('',*,*,#1523,.F.);
#493=ORIENTED_EDGE('',*,*,#1744,.F.);
#494=ORIENTED_EDGE('',*,*,#1740,.T.);
#495=ORIENTED_EDGE('',*,*,#1743,.T.);
#496=ORIENTED_EDGE('',*,*,#1745,.F.);
#497=ORIENTED_EDGE('',*,*,#1736,.F.);
#498=ORIENTED_EDGE('',*,*,#1524,.T.);
#499=ORIENTED_EDGE('',*,*,#1513,.F.);
#500=ORIENTED_EDGE('',*,*,#1746,.T.);
#501=ORIENTED_EDGE('',*,*,#1747,.T.);
#502=ORIENTED_EDGE('',*,*,#1748,.F.);
#503=ORIENTED_EDGE('',*,*,#1749,.T.);
#504=ORIENTED_EDGE('',*,*,#1750,.F.);
#505=ORIENTED_EDGE('',*,*,#1751,.T.);
#506=ORIENTED_EDGE('',*,*,#1752,.F.);
#507=ORIENTED_EDGE('',*,*,#1753,.F.);
#508=ORIENTED_EDGE('',*,*,#1754,.T.);
#509=ORIENTED_EDGE('',*,*,#1755,.T.);
#510=ORIENTED_EDGE('',*,*,#1756,.F.);
#511=ORIENTED_EDGE('',*,*,#1757,.T.);
#512=ORIENTED_EDGE('',*,*,#1758,.F.);
#513=ORIENTED_EDGE('',*,*,#1759,.F.);
#514=ORIENTED_EDGE('',*,*,#1760,.T.);
#515=ORIENTED_EDGE('',*,*,#1761,.F.);
#516=ORIENTED_EDGE('',*,*,#1762,.F.);
#517=ORIENTED_EDGE('',*,*,#1763,.F.);
#518=ORIENTED_EDGE('',*,*,#1764,.T.);
#519=ORIENTED_EDGE('',*,*,#1686,.T.);
#520=ORIENTED_EDGE('',*,*,#1765,.T.);
#521=ORIENTED_EDGE('',*,*,#1766,.T.);
#522=ORIENTED_EDGE('',*,*,#1767,.T.);
#523=ORIENTED_EDGE('',*,*,#1768,.F.);
#524=ORIENTED_EDGE('',*,*,#1644,.T.);
#525=ORIENTED_EDGE('',*,*,#1769,.T.);
#526=ORIENTED_EDGE('',*,*,#1770,.T.);
#527=ORIENTED_EDGE('',*,*,#1752,.T.);
#528=ORIENTED_EDGE('',*,*,#1771,.T.);
#529=ORIENTED_EDGE('',*,*,#1772,.F.);
#530=ORIENTED_EDGE('',*,*,#1611,.F.);
#531=ORIENTED_EDGE('',*,*,#1773,.F.);
#532=ORIENTED_EDGE('',*,*,#1774,.T.);
#533=ORIENTED_EDGE('',*,*,#1764,.F.);
#534=ORIENTED_EDGE('',*,*,#1775,.F.);
#535=ORIENTED_EDGE('',*,*,#1776,.T.);
#536=ORIENTED_EDGE('',*,*,#1777,.T.);
#537=ORIENTED_EDGE('',*,*,#1778,.T.);
#538=ORIENTED_EDGE('',*,*,#1754,.F.);
#539=ORIENTED_EDGE('',*,*,#1779,.F.);
#540=ORIENTED_EDGE('',*,*,#1780,.F.);
#541=ORIENTED_EDGE('',*,*,#1768,.T.);
#542=ORIENTED_EDGE('',*,*,#1781,.T.);
#543=ORIENTED_EDGE('',*,*,#1688,.F.);
#544=ORIENTED_EDGE('',*,*,#1782,.F.);
#545=ORIENTED_EDGE('',*,*,#1645,.T.);
#546=ORIENTED_EDGE('',*,*,#1763,.T.);
#547=ORIENTED_EDGE('',*,*,#1783,.F.);
#548=ORIENTED_EDGE('',*,*,#1784,.F.);
#549=ORIENTED_EDGE('',*,*,#1775,.T.);
#550=ORIENTED_EDGE('',*,*,#1762,.T.);
#551=ORIENTED_EDGE('',*,*,#1785,.F.);
#552=ORIENTED_EDGE('',*,*,#1746,.F.);
#553=ORIENTED_EDGE('',*,*,#1786,.F.);
#554=ORIENTED_EDGE('',*,*,#1783,.T.);
#555=ORIENTED_EDGE('',*,*,#1761,.T.);
#556=ORIENTED_EDGE('',*,*,#1787,.F.);
#557=ORIENTED_EDGE('',*,*,#1747,.F.);
#558=ORIENTED_EDGE('',*,*,#1785,.T.);
#559=ORIENTED_EDGE('',*,*,#1760,.F.);
#560=ORIENTED_EDGE('',*,*,#1788,.F.);
#561=ORIENTED_EDGE('',*,*,#1789,.T.);
#562=ORIENTED_EDGE('',*,*,#1748,.T.);
#563=ORIENTED_EDGE('',*,*,#1787,.T.);
#564=ORIENTED_EDGE('',*,*,#1759,.T.);
#565=ORIENTED_EDGE('',*,*,#1790,.F.);
#566=ORIENTED_EDGE('',*,*,#1791,.F.);
#567=ORIENTED_EDGE('',*,*,#1788,.T.);
#568=ORIENTED_EDGE('',*,*,#1792,.T.);
#569=ORIENTED_EDGE('',*,*,#1793,.T.);
#570=ORIENTED_EDGE('',*,*,#1756,.T.);
#571=ORIENTED_EDGE('',*,*,#1794,.F.);
#572=ORIENTED_EDGE('',*,*,#1795,.F.);
#573=ORIENTED_EDGE('',*,*,#1796,.F.);
#574=ORIENTED_EDGE('',*,*,#1790,.T.);
#575=ORIENTED_EDGE('',*,*,#1758,.T.);
#576=ORIENTED_EDGE('',*,*,#1797,.F.);
#577=ORIENTED_EDGE('',*,*,#1755,.F.);
#578=ORIENTED_EDGE('',*,*,#1778,.F.);
#579=ORIENTED_EDGE('',*,*,#1798,.T.);
#580=ORIENTED_EDGE('',*,*,#1794,.T.);
#581=ORIENTED_EDGE('',*,*,#1799,.F.);
#582=ORIENTED_EDGE('',*,*,#1795,.T.);
#583=ORIENTED_EDGE('',*,*,#1798,.F.);
#584=ORIENTED_EDGE('',*,*,#1777,.F.);
#585=ORIENTED_EDGE('',*,*,#1753,.T.);
#586=ORIENTED_EDGE('',*,*,#1774,.F.);
#587=ORIENTED_EDGE('',*,*,#1800,.F.);
#588=ORIENTED_EDGE('',*,*,#1779,.T.);
#589=ORIENTED_EDGE('',*,*,#1801,.F.);
#590=ORIENTED_EDGE('',*,*,#1773,.T.);
#591=ORIENTED_EDGE('',*,*,#1800,.T.);
#592=ORIENTED_EDGE('',*,*,#1757,.F.);
#593=ORIENTED_EDGE('',*,*,#1793,.F.);
#594=ORIENTED_EDGE('',*,*,#1802,.T.);
#595=ORIENTED_EDGE('',*,*,#1797,.T.);
#596=ORIENTED_EDGE('',*,*,#1792,.F.);
#597=ORIENTED_EDGE('',*,*,#1802,.F.);
#598=ORIENTED_EDGE('',*,*,#1803,.F.);
#599=ORIENTED_EDGE('',*,*,#1804,.T.);
#600=ORIENTED_EDGE('',*,*,#1803,.T.);
#601=ORIENTED_EDGE('',*,*,#1805,.T.);
#602=ORIENTED_EDGE('',*,*,#1801,.T.);
#603=ORIENTED_EDGE('',*,*,#1806,.T.);
#604=ORIENTED_EDGE('',*,*,#1807,.T.);
#605=ORIENTED_EDGE('',*,*,#1808,.F.);
#606=ORIENTED_EDGE('',*,*,#1809,.T.);
#607=ORIENTED_EDGE('',*,*,#1769,.F.);
#608=ORIENTED_EDGE('',*,*,#1643,.T.);
#609=ORIENTED_EDGE('',*,*,#1810,.F.);
#610=ORIENTED_EDGE('',*,*,#1811,.T.);
#611=ORIENTED_EDGE('',*,*,#1812,.T.);
#612=ORIENTED_EDGE('',*,*,#1612,.F.);
#613=ORIENTED_EDGE('',*,*,#1772,.T.);
#614=ORIENTED_EDGE('',*,*,#1813,.T.);
#615=ORIENTED_EDGE('',*,*,#1791,.T.);
#616=ORIENTED_EDGE('',*,*,#1796,.T.);
#617=ORIENTED_EDGE('',*,*,#1814,.F.);
#618=ORIENTED_EDGE('',*,*,#1815,.F.);
#619=ORIENTED_EDGE('',*,*,#1816,.T.);
#620=ORIENTED_EDGE('',*,*,#1817,.F.);
#621=ORIENTED_EDGE('',*,*,#1514,.F.);
#622=ORIENTED_EDGE('',*,*,#1789,.F.);
#623=ORIENTED_EDGE('',*,*,#1818,.F.);
#624=ORIENTED_EDGE('',*,*,#1819,.T.);
#625=ORIENTED_EDGE('',*,*,#1573,.T.);
#626=ORIENTED_EDGE('',*,*,#1820,.T.);
#627=ORIENTED_EDGE('',*,*,#1821,.T.);
#628=ORIENTED_EDGE('',*,*,#1822,.T.);
#629=ORIENTED_EDGE('',*,*,#1823,.F.);
#630=ORIENTED_EDGE('',*,*,#1824,.T.);
#631=ORIENTED_EDGE('',*,*,#1814,.T.);
#632=ORIENTED_EDGE('',*,*,#1799,.T.);
#633=ORIENTED_EDGE('',*,*,#1825,.T.);
#634=ORIENTED_EDGE('',*,*,#1826,.T.);
#635=ORIENTED_EDGE('',*,*,#1827,.F.);
#636=ORIENTED_EDGE('',*,*,#1828,.F.);
#637=ORIENTED_EDGE('',*,*,#1829,.T.);
#638=ORIENTED_EDGE('',*,*,#1716,.F.);
#639=ORIENTED_EDGE('',*,*,#1631,.F.);
#640=ORIENTED_EDGE('',*,*,#1830,.T.);
#641=ORIENTED_EDGE('',*,*,#1831,.T.);
#642=ORIENTED_EDGE('',*,*,#1710,.T.);
#643=ORIENTED_EDGE('',*,*,#1786,.T.);
#644=ORIENTED_EDGE('',*,*,#1512,.F.);
#645=ORIENTED_EDGE('',*,*,#1832,.T.);
#646=ORIENTED_EDGE('',*,*,#1833,.F.);
#647=ORIENTED_EDGE('',*,*,#1834,.T.);
#648=ORIENTED_EDGE('',*,*,#1825,.F.);
#649=ORIENTED_EDGE('',*,*,#1776,.F.);
#650=ORIENTED_EDGE('',*,*,#1784,.T.);
#651=ORIENTED_EDGE('',*,*,#1515,.T.);
#652=ORIENTED_EDGE('',*,*,#1817,.T.);
#653=ORIENTED_EDGE('',*,*,#1835,.F.);
#654=ORIENTED_EDGE('',*,*,#1836,.F.);
#655=ORIENTED_EDGE('',*,*,#1837,.T.);
#656=ORIENTED_EDGE('',*,*,#1838,.F.);
#657=ORIENTED_EDGE('',*,*,#1511,.T.);
#658=ORIENTED_EDGE('',*,*,#1839,.T.);
#659=ORIENTED_EDGE('',*,*,#1840,.F.);
#660=ORIENTED_EDGE('',*,*,#1841,.T.);
#661=ORIENTED_EDGE('',*,*,#1842,.F.);
#662=ORIENTED_EDGE('',*,*,#1832,.F.);
#663=ORIENTED_EDGE('',*,*,#1843,.F.);
#664=ORIENTED_EDGE('',*,*,#1844,.T.);
#665=ORIENTED_EDGE('',*,*,#1839,.F.);
#666=ORIENTED_EDGE('',*,*,#1510,.T.);
#667=ORIENTED_EDGE('',*,*,#1845,.F.);
#668=ORIENTED_EDGE('',*,*,#1827,.T.);
#669=ORIENTED_EDGE('',*,*,#1846,.T.);
#670=ORIENTED_EDGE('',*,*,#1516,.T.);
#671=ORIENTED_EDGE('',*,*,#1838,.T.);
#672=ORIENTED_EDGE('',*,*,#1847,.F.);
#673=ORIENTED_EDGE('',*,*,#1848,.T.);
#674=ORIENTED_EDGE('',*,*,#1823,.T.);
#675=ORIENTED_EDGE('',*,*,#1834,.F.);
#676=ORIENTED_EDGE('',*,*,#1849,.T.);
#677=ORIENTED_EDGE('',*,*,#1850,.T.);
#678=ORIENTED_EDGE('',*,*,#1851,.T.);
#679=ORIENTED_EDGE('',*,*,#1843,.T.);
#680=ORIENTED_EDGE('',*,*,#1826,.F.);
#681=ORIENTED_EDGE('',*,*,#1561,.F.);
#682=ORIENTED_EDGE('',*,*,#1852,.T.);
#683=ORIENTED_EDGE('',*,*,#1818,.T.);
#684=ORIENTED_EDGE('',*,*,#1709,.F.);
#685=ORIENTED_EDGE('',*,*,#1853,.F.);
#686=ORIENTED_EDGE('',*,*,#1854,.T.);
#687=ORIENTED_EDGE('',*,*,#1855,.T.);
#688=ORIENTED_EDGE('',*,*,#1559,.F.);
#689=ORIENTED_EDGE('',*,*,#1856,.T.);
#690=ORIENTED_EDGE('',*,*,#1673,.F.);
#691=ORIENTED_EDGE('',*,*,#1857,.T.);
#692=ORIENTED_EDGE('',*,*,#1858,.T.);
#693=ORIENTED_EDGE('',*,*,#1575,.T.);
#694=ORIENTED_EDGE('',*,*,#1831,.F.);
#695=ORIENTED_EDGE('',*,*,#1859,.T.);
#696=ORIENTED_EDGE('',*,*,#1563,.T.);
#697=ORIENTED_EDGE('',*,*,#1711,.T.);
#698=ORIENTED_EDGE('',*,*,#1860,.F.);
#699=ORIENTED_EDGE('',*,*,#1565,.F.);
#700=ORIENTED_EDGE('',*,*,#1861,.T.);
#701=ORIENTED_EDGE('',*,*,#1862,.T.);
#702=ORIENTED_EDGE('',*,*,#1629,.F.);
#703=ORIENTED_EDGE('',*,*,#1863,.T.);
#704=ORIENTED_EDGE('',*,*,#1864,.T.);
#705=ORIENTED_EDGE('',*,*,#1545,.F.);
#706=ORIENTED_EDGE('',*,*,#1865,.T.);
#707=ORIENTED_EDGE('',*,*,#1848,.F.);
#708=ORIENTED_EDGE('',*,*,#1866,.F.);
#709=ORIENTED_EDGE('',*,*,#1867,.F.);
#710=ORIENTED_EDGE('',*,*,#1868,.T.);
#711=ORIENTED_EDGE('',*,*,#1815,.T.);
#712=ORIENTED_EDGE('',*,*,#1824,.F.);
#713=ORIENTED_EDGE('',*,*,#1844,.F.);
#714=ORIENTED_EDGE('',*,*,#1851,.F.);
#715=ORIENTED_EDGE('',*,*,#1869,.T.);
#716=ORIENTED_EDGE('',*,*,#1840,.T.);
#717=ORIENTED_EDGE('',*,*,#1841,.F.);
#718=ORIENTED_EDGE('',*,*,#1869,.F.);
#719=ORIENTED_EDGE('',*,*,#1850,.F.);
#720=ORIENTED_EDGE('',*,*,#1870,.F.);
#721=ORIENTED_EDGE('',*,*,#1805,.F.);
#722=ORIENTED_EDGE('',*,*,#1847,.T.);
#723=ORIENTED_EDGE('',*,*,#1837,.F.);
#724=ORIENTED_EDGE('',*,*,#1871,.F.);
#725=ORIENTED_EDGE('',*,*,#1866,.T.);
#726=ORIENTED_EDGE('',*,*,#1867,.T.);
#727=ORIENTED_EDGE('',*,*,#1871,.T.);
#728=ORIENTED_EDGE('',*,*,#1836,.T.);
#729=ORIENTED_EDGE('',*,*,#1872,.F.);
#730=ORIENTED_EDGE('',*,*,#1804,.F.);
#731=ORIENTED_EDGE('',*,*,#1509,.F.);
#732=ORIENTED_EDGE('',*,*,#1873,.T.);
#733=ORIENTED_EDGE('',*,*,#1828,.T.);
#734=ORIENTED_EDGE('',*,*,#1845,.T.);
#735=ORIENTED_EDGE('',*,*,#1822,.F.);
#736=ORIENTED_EDGE('',*,*,#1874,.T.);
#737=ORIENTED_EDGE('',*,*,#1517,.T.);
#738=ORIENTED_EDGE('',*,*,#1846,.F.);
#739=ORIENTED_EDGE('',*,*,#1519,.T.);
#740=ORIENTED_EDGE('',*,*,#1875,.T.);
#741=ORIENTED_EDGE('',*,*,#1820,.F.);
#742=ORIENTED_EDGE('',*,*,#1572,.T.);
#743=ORIENTED_EDGE('',*,*,#1842,.T.);
#744=ORIENTED_EDGE('',*,*,#1870,.T.);
#745=ORIENTED_EDGE('',*,*,#1849,.F.);
#746=ORIENTED_EDGE('',*,*,#1833,.T.);
#747=ORIENTED_EDGE('',*,*,#1872,.T.);
#748=ORIENTED_EDGE('',*,*,#1835,.T.);
#749=ORIENTED_EDGE('',*,*,#1816,.F.);
#750=ORIENTED_EDGE('',*,*,#1868,.F.);
#751=ORIENTED_EDGE('',*,*,#1732,.F.);
#752=ORIENTED_EDGE('',*,*,#1876,.F.);
#753=ORIENTED_EDGE('',*,*,#1877,.T.);
#754=ORIENTED_EDGE('',*,*,#1878,.T.);
#755=ORIENTED_EDGE('',*,*,#1731,.T.);
#756=ORIENTED_EDGE('',*,*,#1879,.T.);
#757=ORIENTED_EDGE('',*,*,#1880,.F.);
#758=ORIENTED_EDGE('',*,*,#1876,.T.);
#759=ORIENTED_EDGE('',*,*,#1881,.T.);
#760=ORIENTED_EDGE('',*,*,#1882,.T.);
#761=ORIENTED_EDGE('',*,*,#1733,.F.);
#762=ORIENTED_EDGE('',*,*,#1878,.F.);
#763=ORIENTED_EDGE('',*,*,#1883,.F.);
#764=ORIENTED_EDGE('',*,*,#1884,.F.);
#765=ORIENTED_EDGE('',*,*,#1885,.F.);
#766=ORIENTED_EDGE('',*,*,#1886,.F.);
#767=ORIENTED_EDGE('',*,*,#1739,.F.);
#768=ORIENTED_EDGE('',*,*,#1737,.T.);
#769=ORIENTED_EDGE('',*,*,#1745,.T.);
#770=ORIENTED_EDGE('',*,*,#1742,.F.);
#771=ORIENTED_EDGE('',*,*,#1887,.T.);
#772=ORIENTED_EDGE('',*,*,#1888,.T.);
#773=ORIENTED_EDGE('',*,*,#1889,.T.);
#774=ORIENTED_EDGE('',*,*,#1881,.F.);
#775=ORIENTED_EDGE('',*,*,#1877,.F.);
#776=ORIENTED_EDGE('',*,*,#1880,.T.);
#777=ORIENTED_EDGE('',*,*,#1890,.T.);
#778=ORIENTED_EDGE('',*,*,#1891,.T.);
#779=ORIENTED_EDGE('',*,*,#1886,.T.);
#780=ORIENTED_EDGE('',*,*,#1521,.F.);
#781=ORIENTED_EDGE('',*,*,#1892,.F.);
#782=ORIENTED_EDGE('',*,*,#1885,.T.);
#783=ORIENTED_EDGE('',*,*,#1892,.T.);
#784=ORIENTED_EDGE('',*,*,#1884,.T.);
#785=ORIENTED_EDGE('',*,*,#1520,.F.);
#786=ORIENTED_EDGE('',*,*,#1893,.F.);
#787=ORIENTED_EDGE('',*,*,#1883,.T.);
#788=ORIENTED_EDGE('',*,*,#1893,.T.);
#789=ORIENTED_EDGE('',*,*,#1725,.T.);
#790=ORIENTED_EDGE('',*,*,#1894,.T.);
#791=ORIENTED_EDGE('',*,*,#1895,.F.);
#792=ORIENTED_EDGE('',*,*,#1896,.F.);
#793=ORIENTED_EDGE('',*,*,#1897,.T.);
#794=ORIENTED_EDGE('',*,*,#1898,.T.);
#795=ORIENTED_EDGE('',*,*,#1727,.F.);
#796=ORIENTED_EDGE('',*,*,#1899,.T.);
#797=ORIENTED_EDGE('',*,*,#1726,.T.);
#798=ORIENTED_EDGE('',*,*,#1896,.T.);
#799=ORIENTED_EDGE('',*,*,#1900,.F.);
#800=ORIENTED_EDGE('',*,*,#1899,.F.);
#801=ORIENTED_EDGE('',*,*,#1901,.T.);
#802=ORIENTED_EDGE('',*,*,#1902,.T.);
#803=ORIENTED_EDGE('',*,*,#1897,.F.);
#804=ORIENTED_EDGE('',*,*,#1900,.T.);
#805=ORIENTED_EDGE('',*,*,#1895,.T.);
#806=ORIENTED_EDGE('',*,*,#1903,.T.);
#807=ORIENTED_EDGE('',*,*,#1904,.T.);
#808=ORIENTED_EDGE('',*,*,#1905,.T.);
#809=ORIENTED_EDGE('',*,*,#1906,.F.);
#810=ORIENTED_EDGE('',*,*,#1907,.T.);
#811=ORIENTED_EDGE('',*,*,#1906,.T.);
#812=ORIENTED_EDGE('',*,*,#1908,.T.);
#813=ORIENTED_EDGE('',*,*,#1721,.F.);
#814=ORIENTED_EDGE('',*,*,#1909,.F.);
#815=ORIENTED_EDGE('',*,*,#1719,.T.);
#816=ORIENTED_EDGE('',*,*,#1910,.T.);
#817=ORIENTED_EDGE('',*,*,#1901,.F.);
#818=ORIENTED_EDGE('',*,*,#1911,.F.);
#819=ORIENTED_EDGE('',*,*,#1907,.F.);
#820=ORIENTED_EDGE('',*,*,#1909,.T.);
#821=ORIENTED_EDGE('',*,*,#1720,.T.);
#822=ORIENTED_EDGE('',*,*,#1911,.T.);
#823=ORIENTED_EDGE('',*,*,#1912,.T.);
#824=ORIENTED_EDGE('',*,*,#1913,.T.);
#825=ORIENTED_EDGE('',*,*,#1914,.F.);
#826=ORIENTED_EDGE('',*,*,#1915,.F.);
#827=ORIENTED_EDGE('',*,*,#1916,.T.);
#828=ORIENTED_EDGE('',*,*,#1917,.T.);
#829=ORIENTED_EDGE('',*,*,#1918,.F.);
#830=ORIENTED_EDGE('',*,*,#1919,.T.);
#831=ORIENTED_EDGE('',*,*,#1920,.T.);
#832=ORIENTED_EDGE('',*,*,#1915,.T.);
#833=ORIENTED_EDGE('',*,*,#1921,.F.);
#834=ORIENTED_EDGE('',*,*,#1919,.F.);
#835=ORIENTED_EDGE('',*,*,#1569,.F.);
#836=ORIENTED_EDGE('',*,*,#1922,.T.);
#837=ORIENTED_EDGE('',*,*,#1916,.F.);
#838=ORIENTED_EDGE('',*,*,#1921,.T.);
#839=ORIENTED_EDGE('',*,*,#1914,.T.);
#840=ORIENTED_EDGE('',*,*,#1923,.T.);
#841=ORIENTED_EDGE('',*,*,#1924,.F.);
#842=ORIENTED_EDGE('',*,*,#1925,.T.);
#843=ORIENTED_EDGE('',*,*,#1926,.F.);
#844=ORIENTED_EDGE('',*,*,#1927,.T.);
#845=ORIENTED_EDGE('',*,*,#1928,.T.);
#846=ORIENTED_EDGE('',*,*,#1929,.T.);
#847=ORIENTED_EDGE('',*,*,#1926,.T.);
#848=ORIENTED_EDGE('',*,*,#1930,.T.);
#849=ORIENTED_EDGE('',*,*,#1931,.F.);
#850=ORIENTED_EDGE('',*,*,#1932,.F.);
#851=ORIENTED_EDGE('',*,*,#1918,.T.);
#852=ORIENTED_EDGE('',*,*,#1933,.T.);
#853=ORIENTED_EDGE('',*,*,#1934,.F.);
#854=ORIENTED_EDGE('',*,*,#1935,.F.);
#855=ORIENTED_EDGE('',*,*,#1931,.T.);
#856=ORIENTED_EDGE('',*,*,#1936,.T.);
#857=ORIENTED_EDGE('',*,*,#1937,.F.);
#858=ORIENTED_EDGE('',*,*,#1938,.T.);
#859=ORIENTED_EDGE('',*,*,#1912,.F.);
#860=ORIENTED_EDGE('',*,*,#1920,.F.);
#861=ORIENTED_EDGE('',*,*,#1934,.T.);
#862=ORIENTED_EDGE('',*,*,#1939,.T.);
#863=ORIENTED_EDGE('',*,*,#1928,.F.);
#864=ORIENTED_EDGE('',*,*,#1940,.F.);
#865=ORIENTED_EDGE('',*,*,#1927,.F.);
#866=ORIENTED_EDGE('',*,*,#1932,.T.);
#867=ORIENTED_EDGE('',*,*,#1935,.T.);
#868=ORIENTED_EDGE('',*,*,#1940,.T.);
#869=ORIENTED_EDGE('',*,*,#1924,.T.);
#870=ORIENTED_EDGE('',*,*,#1941,.T.);
#871=ORIENTED_EDGE('',*,*,#1937,.T.);
#872=ORIENTED_EDGE('',*,*,#1942,.T.);
#873=ORIENTED_EDGE('',*,*,#1904,.F.);
#874=ORIENTED_EDGE('',*,*,#1943,.T.);
#875=ORIENTED_EDGE('',*,*,#1723,.T.);
#876=ORIENTED_EDGE('',*,*,#1944,.T.);
#877=ORIENTED_EDGE('',*,*,#1938,.F.);
#878=ORIENTED_EDGE('',*,*,#1941,.F.);
#879=ORIENTED_EDGE('',*,*,#1923,.F.);
#880=ORIENTED_EDGE('',*,*,#1913,.F.);
#881=ORIENTED_EDGE('',*,*,#1925,.F.);
#882=ORIENTED_EDGE('',*,*,#1942,.F.);
#883=ORIENTED_EDGE('',*,*,#1936,.F.);
#884=ORIENTED_EDGE('',*,*,#1930,.F.);
#885=ORIENTED_EDGE('',*,*,#1724,.F.);
#886=ORIENTED_EDGE('',*,*,#1943,.F.);
#887=ORIENTED_EDGE('',*,*,#1903,.F.);
#888=ORIENTED_EDGE('',*,*,#1894,.F.);
#889=ORIENTED_EDGE('',*,*,#1905,.F.);
#890=ORIENTED_EDGE('',*,*,#1944,.F.);
#891=ORIENTED_EDGE('',*,*,#1722,.F.);
#892=ORIENTED_EDGE('',*,*,#1908,.F.);
#893=ORIENTED_EDGE('',*,*,#1945,.F.);
#894=ORIENTED_EDGE('',*,*,#1946,.T.);
#895=ORIENTED_EDGE('',*,*,#1947,.T.);
#896=ORIENTED_EDGE('',*,*,#1502,.F.);
#897=ORIENTED_EDGE('',*,*,#1945,.T.);
#898=ORIENTED_EDGE('',*,*,#1948,.T.);
#899=ORIENTED_EDGE('',*,*,#1949,.F.);
#900=ORIENTED_EDGE('',*,*,#1950,.F.);
#901=ORIENTED_EDGE('',*,*,#1949,.T.);
#902=ORIENTED_EDGE('',*,*,#1504,.T.);
#903=ORIENTED_EDGE('',*,*,#1951,.F.);
#904=ORIENTED_EDGE('',*,*,#1952,.F.);
#905=ORIENTED_EDGE('',*,*,#1947,.F.);
#906=ORIENTED_EDGE('',*,*,#1953,.T.);
#907=ORIENTED_EDGE('',*,*,#1951,.T.);
#908=ORIENTED_EDGE('',*,*,#1503,.F.);
#909=ORIENTED_EDGE('',*,*,#1954,.T.);
#910=ORIENTED_EDGE('',*,*,#1955,.T.);
#911=ORIENTED_EDGE('',*,*,#1570,.F.);
#912=ORIENTED_EDGE('',*,*,#1929,.F.);
#913=ORIENTED_EDGE('',*,*,#1939,.F.);
#914=ORIENTED_EDGE('',*,*,#1956,.F.);
#915=ORIENTED_EDGE('',*,*,#1567,.F.);
#916=ORIENTED_EDGE('',*,*,#1957,.T.);
#917=ORIENTED_EDGE('',*,*,#1956,.T.);
#918=ORIENTED_EDGE('',*,*,#1933,.F.);
#919=ORIENTED_EDGE('',*,*,#1958,.F.);
#920=ORIENTED_EDGE('',*,*,#1958,.T.);
#921=ORIENTED_EDGE('',*,*,#1917,.F.);
#922=ORIENTED_EDGE('',*,*,#1922,.F.);
#923=ORIENTED_EDGE('',*,*,#1568,.F.);
#924=ORIENTED_EDGE('',*,*,#1728,.F.);
#925=ORIENTED_EDGE('',*,*,#1898,.F.);
#926=ORIENTED_EDGE('',*,*,#1959,.F.);
#927=ORIENTED_EDGE('',*,*,#1633,.F.);
#928=ORIENTED_EDGE('',*,*,#1960,.F.);
#929=ORIENTED_EDGE('',*,*,#1961,.T.);
#930=ORIENTED_EDGE('',*,*,#1626,.F.);
#931=ORIENTED_EDGE('',*,*,#1959,.T.);
#932=ORIENTED_EDGE('',*,*,#1902,.F.);
#933=ORIENTED_EDGE('',*,*,#1543,.F.);
#934=ORIENTED_EDGE('',*,*,#1962,.T.);
#935=ORIENTED_EDGE('',*,*,#1963,.T.);
#936=ORIENTED_EDGE('',*,*,#1960,.T.);
#937=ORIENTED_EDGE('',*,*,#1910,.F.);
#938=ORIENTED_EDGE('',*,*,#1718,.F.);
#939=ORIENTED_EDGE('',*,*,#1964,.T.);
#940=ORIENTED_EDGE('',*,*,#1712,.F.);
#941=ORIENTED_EDGE('',*,*,#1965,.F.);
#942=ORIENTED_EDGE('',*,*,#1702,.F.);
#943=ORIENTED_EDGE('',*,*,#1703,.T.);
#944=ORIENTED_EDGE('',*,*,#1965,.T.);
#945=ORIENTED_EDGE('',*,*,#1715,.T.);
#946=ORIENTED_EDGE('',*,*,#1966,.F.);
#947=ORIENTED_EDGE('',*,*,#1704,.T.);
#948=ORIENTED_EDGE('',*,*,#1966,.T.);
#949=ORIENTED_EDGE('',*,*,#1714,.T.);
#950=ORIENTED_EDGE('',*,*,#1967,.F.);
#951=ORIENTED_EDGE('',*,*,#1967,.T.);
#952=ORIENTED_EDGE('',*,*,#1713,.F.);
#953=ORIENTED_EDGE('',*,*,#1964,.F.);
#954=ORIENTED_EDGE('',*,*,#1701,.F.);
#955=ORIENTED_EDGE('',*,*,#1697,.T.);
#956=ORIENTED_EDGE('',*,*,#1708,.T.);
#957=ORIENTED_EDGE('',*,*,#1696,.T.);
#958=ORIENTED_EDGE('',*,*,#1707,.T.);
#959=ORIENTED_EDGE('',*,*,#1695,.T.);
#960=ORIENTED_EDGE('',*,*,#1706,.T.);
#961=ORIENTED_EDGE('',*,*,#1694,.T.);
#962=ORIENTED_EDGE('',*,*,#1705,.T.);
#963=ORIENTED_EDGE('',*,*,#1676,.T.);
#964=ORIENTED_EDGE('',*,*,#1968,.F.);
#965=ORIENTED_EDGE('',*,*,#1674,.T.);
#966=ORIENTED_EDGE('',*,*,#1969,.F.);
#967=ORIENTED_EDGE('',*,*,#1782,.T.);
#968=ORIENTED_EDGE('',*,*,#1693,.F.);
#969=ORIENTED_EDGE('',*,*,#1970,.F.);
#970=ORIENTED_EDGE('',*,*,#1646,.T.);
#971=ORIENTED_EDGE('',*,*,#1692,.F.);
#972=ORIENTED_EDGE('',*,*,#1971,.T.);
#973=ORIENTED_EDGE('',*,*,#1639,.T.);
#974=ORIENTED_EDGE('',*,*,#1970,.T.);
#975=ORIENTED_EDGE('',*,*,#1687,.F.);
#976=ORIENTED_EDGE('',*,*,#1609,.F.);
#977=ORIENTED_EDGE('',*,*,#1972,.T.);
#978=ORIENTED_EDGE('',*,*,#1681,.T.);
#979=ORIENTED_EDGE('',*,*,#1608,.F.);
#980=ORIENTED_EDGE('',*,*,#1973,.T.);
#981=ORIENTED_EDGE('',*,*,#1682,.T.);
#982=ORIENTED_EDGE('',*,*,#1972,.F.);
#983=ORIENTED_EDGE('',*,*,#1974,.T.);
#984=ORIENTED_EDGE('',*,*,#1677,.T.);
#985=ORIENTED_EDGE('',*,*,#1975,.F.);
#986=ORIENTED_EDGE('',*,*,#1780,.T.);
#987=ORIENTED_EDGE('',*,*,#1974,.F.);
#988=ORIENTED_EDGE('',*,*,#1975,.T.);
#989=ORIENTED_EDGE('',*,*,#1976,.T.);
#990=ORIENTED_EDGE('',*,*,#1675,.T.);
#991=ORIENTED_EDGE('',*,*,#1977,.F.);
#992=ORIENTED_EDGE('',*,*,#1684,.T.);
#993=ORIENTED_EDGE('',*,*,#1976,.F.);
#994=ORIENTED_EDGE('',*,*,#1977,.T.);
#995=ORIENTED_EDGE('',*,*,#1729,.F.);
#996=ORIENTED_EDGE('',*,*,#1658,.F.);
#997=ORIENTED_EDGE('',*,*,#1978,.F.);
#998=ORIENTED_EDGE('',*,*,#1607,.F.);
#999=ORIENTED_EDGE('',*,*,#1978,.T.);
#1000=ORIENTED_EDGE('',*,*,#1657,.F.);
#1001=ORIENTED_EDGE('',*,*,#1979,.F.);
#1002=ORIENTED_EDGE('',*,*,#1973,.F.);
#1003=ORIENTED_EDGE('',*,*,#1979,.T.);
#1004=ORIENTED_EDGE('',*,*,#1656,.F.);
#1005=ORIENTED_EDGE('',*,*,#1699,.F.);
#1006=ORIENTED_EDGE('',*,*,#1683,.F.);
#1007=ORIENTED_EDGE('',*,*,#1700,.F.);
#1008=ORIENTED_EDGE('',*,*,#1662,.F.);
#1009=ORIENTED_EDGE('',*,*,#1980,.F.);
#1010=ORIENTED_EDGE('',*,*,#1691,.F.);
#1011=ORIENTED_EDGE('',*,*,#1980,.T.);
#1012=ORIENTED_EDGE('',*,*,#1661,.F.);
#1013=ORIENTED_EDGE('',*,*,#1981,.F.);
#1014=ORIENTED_EDGE('',*,*,#1971,.F.);
#1015=ORIENTED_EDGE('',*,*,#1981,.T.);
#1016=ORIENTED_EDGE('',*,*,#1660,.F.);
#1017=ORIENTED_EDGE('',*,*,#1735,.F.);
#1018=ORIENTED_EDGE('',*,*,#1640,.F.);
#1019=ORIENTED_EDGE('',*,*,#1806,.F.);
#1020=ORIENTED_EDGE('',*,*,#1642,.F.);
#1021=ORIENTED_EDGE('',*,*,#1734,.F.);
#1022=ORIENTED_EDGE('',*,*,#1882,.F.);
#1023=ORIENTED_EDGE('',*,*,#1889,.F.);
#1024=ORIENTED_EDGE('',*,*,#1888,.F.);
#1025=ORIENTED_EDGE('',*,*,#1982,.F.);
#1026=ORIENTED_EDGE('',*,*,#1807,.F.);
#1027=ORIENTED_EDGE('',*,*,#1812,.F.);
#1028=ORIENTED_EDGE('',*,*,#1811,.F.);
#1029=ORIENTED_EDGE('',*,*,#1983,.F.);
#1030=ORIENTED_EDGE('',*,*,#1891,.F.);
#1031=ORIENTED_EDGE('',*,*,#1890,.F.);
#1032=ORIENTED_EDGE('',*,*,#1879,.F.);
#1033=ORIENTED_EDGE('',*,*,#1730,.F.);
#1034=ORIENTED_EDGE('',*,*,#1613,.F.);
#1035=ORIENTED_EDGE('',*,*,#1984,.F.);
#1036=ORIENTED_EDGE('',*,*,#1985,.F.);
#1037=ORIENTED_EDGE('',*,*,#1664,.F.);
#1038=ORIENTED_EDGE('',*,*,#1986,.F.);
#1039=ORIENTED_EDGE('',*,*,#1987,.T.);
#1040=ORIENTED_EDGE('',*,*,#1988,.T.);
#1041=ORIENTED_EDGE('',*,*,#1989,.F.);
#1042=ORIENTED_EDGE('',*,*,#1990,.T.);
#1043=ORIENTED_EDGE('',*,*,#1991,.F.);
#1044=ORIENTED_EDGE('',*,*,#1986,.T.);
#1045=ORIENTED_EDGE('',*,*,#1663,.T.);
#1046=ORIENTED_EDGE('',*,*,#1992,.F.);
#1047=ORIENTED_EDGE('',*,*,#1993,.T.);
#1048=ORIENTED_EDGE('',*,*,#1989,.T.);
#1049=ORIENTED_EDGE('',*,*,#1666,.T.);
#1050=ORIENTED_EDGE('',*,*,#1994,.T.);
#1051=ORIENTED_EDGE('',*,*,#1549,.F.);
#1052=ORIENTED_EDGE('',*,*,#1995,.F.);
#1053=ORIENTED_EDGE('',*,*,#1996,.T.);
#1054=ORIENTED_EDGE('',*,*,#1997,.T.);
#1055=ORIENTED_EDGE('',*,*,#1998,.T.);
#1056=ORIENTED_EDGE('',*,*,#1995,.T.);
#1057=ORIENTED_EDGE('',*,*,#1548,.T.);
#1058=ORIENTED_EDGE('',*,*,#1999,.F.);
#1059=ORIENTED_EDGE('',*,*,#2000,.F.);
#1060=ORIENTED_EDGE('',*,*,#1999,.T.);
#1061=ORIENTED_EDGE('',*,*,#1551,.T.);
#1062=ORIENTED_EDGE('',*,*,#2001,.F.);
#1063=ORIENTED_EDGE('',*,*,#2002,.F.);
#1064=ORIENTED_EDGE('',*,*,#2001,.T.);
#1065=ORIENTED_EDGE('',*,*,#1550,.F.);
#1066=ORIENTED_EDGE('',*,*,#1994,.F.);
#1067=ORIENTED_EDGE('',*,*,#2003,.T.);
#1068=ORIENTED_EDGE('',*,*,#2004,.T.);
#1069=ORIENTED_EDGE('',*,*,#2005,.T.);
#1070=ORIENTED_EDGE('',*,*,#1992,.T.);
#1071=ORIENTED_EDGE('',*,*,#1665,.F.);
#1072=ORIENTED_EDGE('',*,*,#1988,.F.);
#1073=ORIENTED_EDGE('',*,*,#1985,.T.);
#1074=ORIENTED_EDGE('',*,*,#1998,.F.);
#1075=ORIENTED_EDGE('',*,*,#1984,.T.);
#1076=ORIENTED_EDGE('',*,*,#1997,.F.);
#1077=ORIENTED_EDGE('',*,*,#1996,.F.);
#1078=ORIENTED_EDGE('',*,*,#2000,.T.);
#1079=ORIENTED_EDGE('',*,*,#2002,.T.);
#1080=ORIENTED_EDGE('',*,*,#2003,.F.);
#1081=ORIENTED_EDGE('',*,*,#1991,.T.);
#1082=ORIENTED_EDGE('',*,*,#2006,.T.);
#1083=ORIENTED_EDGE('',*,*,#2004,.F.);
#1084=ORIENTED_EDGE('',*,*,#1987,.F.);
#1085=ORIENTED_EDGE('',*,*,#1990,.F.);
#1086=ORIENTED_EDGE('',*,*,#1993,.F.);
#1087=ORIENTED_EDGE('',*,*,#2005,.F.);
#1088=ORIENTED_EDGE('',*,*,#2006,.F.);
#1089=ORIENTED_EDGE('',*,*,#1555,.T.);
#1090=ORIENTED_EDGE('',*,*,#2007,.T.);
#1091=ORIENTED_EDGE('',*,*,#1668,.F.);
#1092=ORIENTED_EDGE('',*,*,#2008,.F.);
#1093=ORIENTED_EDGE('',*,*,#2008,.T.);
#1094=ORIENTED_EDGE('',*,*,#1667,.T.);
#1095=ORIENTED_EDGE('',*,*,#2009,.F.);
#1096=ORIENTED_EDGE('',*,*,#2010,.F.);
#1097=ORIENTED_EDGE('',*,*,#1533,.F.);
#1098=ORIENTED_EDGE('',*,*,#1556,.F.);
#1099=ORIENTED_EDGE('',*,*,#1554,.T.);
#1100=ORIENTED_EDGE('',*,*,#1535,.T.);
#1101=ORIENTED_EDGE('',*,*,#2011,.T.);
#1102=ORIENTED_EDGE('',*,*,#2012,.T.);
#1103=ORIENTED_EDGE('',*,*,#1669,.F.);
#1104=ORIENTED_EDGE('',*,*,#2007,.F.);
#1105=ORIENTED_EDGE('',*,*,#1534,.T.);
#1106=ORIENTED_EDGE('',*,*,#2010,.T.);
#1107=ORIENTED_EDGE('',*,*,#2013,.T.);
#1108=ORIENTED_EDGE('',*,*,#2011,.F.);
#1109=ORIENTED_EDGE('',*,*,#1670,.T.);
#1110=ORIENTED_EDGE('',*,*,#2012,.F.);
#1111=ORIENTED_EDGE('',*,*,#2013,.F.);
#1112=ORIENTED_EDGE('',*,*,#2009,.T.);
#1113=ORIENTED_EDGE('',*,*,#2014,.T.);
#1114=ORIENTED_EDGE('',*,*,#2015,.T.);
#1115=ORIENTED_EDGE('',*,*,#2015,.F.);
#1116=ORIENTED_EDGE('',*,*,#2016,.T.);
#1117=ORIENTED_EDGE('',*,*,#2017,.T.);
#1118=ORIENTED_EDGE('',*,*,#2017,.F.);
#1119=ORIENTED_EDGE('',*,*,#2018,.F.);
#1120=ORIENTED_EDGE('',*,*,#2018,.T.);
#1121=ORIENTED_EDGE('',*,*,#2019,.F.);
#1122=ORIENTED_EDGE('',*,*,#2019,.T.);
#1123=ORIENTED_EDGE('',*,*,#2020,.F.);
#1124=ORIENTED_EDGE('',*,*,#2020,.T.);
#1125=ORIENTED_EDGE('',*,*,#1654,.F.);
#1126=ORIENTED_EDGE('',*,*,#2021,.F.);
#1127=ORIENTED_EDGE('',*,*,#2021,.T.);
#1128=ORIENTED_EDGE('',*,*,#2022,.F.);
#1129=ORIENTED_EDGE('',*,*,#2022,.T.);
#1130=ORIENTED_EDGE('',*,*,#2023,.F.);
#1131=ORIENTED_EDGE('',*,*,#2023,.T.);
#1132=ORIENTED_EDGE('',*,*,#1653,.F.);
#1133=ORIENTED_EDGE('',*,*,#2024,.F.);
#1134=ORIENTED_EDGE('',*,*,#2024,.T.);
#1135=ORIENTED_EDGE('',*,*,#2025,.F.);
#1136=ORIENTED_EDGE('',*,*,#2025,.T.);
#1137=ORIENTED_EDGE('',*,*,#2026,.F.);
#1138=ORIENTED_EDGE('',*,*,#2026,.T.);
#1139=ORIENTED_EDGE('',*,*,#1652,.F.);
#1140=ORIENTED_EDGE('',*,*,#2027,.F.);
#1141=ORIENTED_EDGE('',*,*,#2027,.T.);
#1142=ORIENTED_EDGE('',*,*,#2028,.F.);
#1143=ORIENTED_EDGE('',*,*,#2028,.T.);
#1144=ORIENTED_EDGE('',*,*,#2029,.F.);
#1145=ORIENTED_EDGE('',*,*,#2029,.T.);
#1146=ORIENTED_EDGE('',*,*,#1651,.F.);
#1147=ORIENTED_EDGE('',*,*,#2016,.F.);
#1148=ORIENTED_EDGE('',*,*,#1558,.F.);
#1149=ORIENTED_EDGE('',*,*,#2030,.T.);
#1150=ORIENTED_EDGE('',*,*,#1671,.F.);
#1151=ORIENTED_EDGE('',*,*,#1856,.F.);
#1152=ORIENTED_EDGE('',*,*,#2014,.F.);
#1153=ORIENTED_EDGE('',*,*,#1547,.F.);
#1154=ORIENTED_EDGE('',*,*,#2031,.T.);
#1155=ORIENTED_EDGE('',*,*,#1552,.F.);
#1156=ORIENTED_EDGE('',*,*,#1865,.F.);
#1157=ORIENTED_EDGE('',*,*,#1771,.F.);
#1158=ORIENTED_EDGE('',*,*,#1751,.F.);
#1159=ORIENTED_EDGE('',*,*,#2032,.F.);
#1160=ORIENTED_EDGE('',*,*,#1813,.F.);
#1161=ORIENTED_EDGE('',*,*,#1770,.F.);
#1162=ORIENTED_EDGE('',*,*,#1809,.F.);
#1163=ORIENTED_EDGE('',*,*,#2033,.F.);
#1164=ORIENTED_EDGE('',*,*,#1749,.F.);
#1165=ORIENTED_EDGE('',*,*,#1781,.F.);
#1166=ORIENTED_EDGE('',*,*,#1767,.F.);
#1167=ORIENTED_EDGE('',*,*,#2034,.F.);
#1168=ORIENTED_EDGE('',*,*,#1689,.F.);
#1169=ORIENTED_EDGE('',*,*,#2034,.T.);
#1170=ORIENTED_EDGE('',*,*,#1766,.F.);
#1171=ORIENTED_EDGE('',*,*,#2035,.F.);
#1172=ORIENTED_EDGE('',*,*,#1698,.F.);
#1173=ORIENTED_EDGE('',*,*,#1685,.F.);
#1174=ORIENTED_EDGE('',*,*,#1679,.F.);
#1175=ORIENTED_EDGE('',*,*,#2035,.T.);
#1176=ORIENTED_EDGE('',*,*,#1765,.F.);
#1177=ORIENTED_EDGE('',*,*,#1638,.T.);
#1178=ORIENTED_EDGE('',*,*,#1625,.F.);
#1179=ORIENTED_EDGE('',*,*,#2036,.T.);
#1180=ORIENTED_EDGE('',*,*,#2037,.T.);
#1181=ORIENTED_EDGE('',*,*,#1648,.F.);
#1182=ORIENTED_EDGE('',*,*,#2038,.F.);
#1183=ORIENTED_EDGE('',*,*,#2039,.F.);
#1184=ORIENTED_EDGE('',*,*,#2040,.F.);
#1185=ORIENTED_EDGE('',*,*,#2038,.T.);
#1186=ORIENTED_EDGE('',*,*,#1647,.T.);
#1187=ORIENTED_EDGE('',*,*,#2041,.F.);
#1188=ORIENTED_EDGE('',*,*,#2042,.F.);
#1189=ORIENTED_EDGE('',*,*,#2039,.T.);
#1190=ORIENTED_EDGE('',*,*,#1650,.T.);
#1191=ORIENTED_EDGE('',*,*,#2043,.T.);
#1192=ORIENTED_EDGE('',*,*,#2041,.T.);
#1193=ORIENTED_EDGE('',*,*,#1649,.F.);
#1194=ORIENTED_EDGE('',*,*,#2037,.F.);
#1195=ORIENTED_EDGE('',*,*,#1634,.T.);
#1196=ORIENTED_EDGE('',*,*,#2044,.T.);
#1197=ORIENTED_EDGE('',*,*,#2045,.F.);
#1198=ORIENTED_EDGE('',*,*,#2046,.F.);
#1199=ORIENTED_EDGE('',*,*,#2046,.T.);
#1200=ORIENTED_EDGE('',*,*,#2047,.T.);
#1201=ORIENTED_EDGE('',*,*,#2048,.F.);
#1202=ORIENTED_EDGE('',*,*,#1635,.F.);
#1203=ORIENTED_EDGE('',*,*,#2048,.T.);
#1204=ORIENTED_EDGE('',*,*,#2049,.T.);
#1205=ORIENTED_EDGE('',*,*,#2050,.F.);
#1206=ORIENTED_EDGE('',*,*,#1636,.F.);
#1207=ORIENTED_EDGE('',*,*,#1637,.T.);
#1208=ORIENTED_EDGE('',*,*,#2050,.T.);
#1209=ORIENTED_EDGE('',*,*,#2051,.F.);
#1210=ORIENTED_EDGE('',*,*,#2044,.F.);
#1211=ORIENTED_EDGE('',*,*,#2040,.T.);
#1212=ORIENTED_EDGE('',*,*,#2042,.T.);
#1213=ORIENTED_EDGE('',*,*,#2043,.F.);
#1214=ORIENTED_EDGE('',*,*,#2036,.F.);
#1215=ORIENTED_EDGE('',*,*,#2045,.T.);
#1216=ORIENTED_EDGE('',*,*,#2051,.T.);
#1217=ORIENTED_EDGE('',*,*,#2049,.F.);
#1218=ORIENTED_EDGE('',*,*,#2047,.F.);
#1219=ORIENTED_EDGE('',*,*,#1538,.F.);
#1220=ORIENTED_EDGE('',*,*,#2052,.T.);
#1221=ORIENTED_EDGE('',*,*,#1863,.F.);
#1222=ORIENTED_EDGE('',*,*,#1628,.F.);
#1223=ORIENTED_EDGE('',*,*,#1858,.F.);
#1224=ORIENTED_EDGE('',*,*,#2053,.T.);
#1225=ORIENTED_EDGE('',*,*,#1530,.F.);
#1226=ORIENTED_EDGE('',*,*,#1576,.F.);
#1227=ORIENTED_EDGE('',*,*,#2054,.F.);
#1228=ORIENTED_EDGE('',*,*,#2055,.T.);
#1229=ORIENTED_EDGE('',*,*,#2056,.T.);
#1230=ORIENTED_EDGE('',*,*,#2057,.F.);
#1231=ORIENTED_EDGE('',*,*,#2058,.F.);
#1232=ORIENTED_EDGE('',*,*,#2059,.T.);
#1233=ORIENTED_EDGE('',*,*,#2060,.T.);
#1234=ORIENTED_EDGE('',*,*,#2061,.F.);
#1235=ORIENTED_EDGE('',*,*,#1808,.T.);
#1236=ORIENTED_EDGE('',*,*,#1982,.T.);
#1237=ORIENTED_EDGE('',*,*,#1887,.F.);
#1238=ORIENTED_EDGE('',*,*,#1983,.T.);
#1239=ORIENTED_EDGE('',*,*,#1810,.T.);
#1240=ORIENTED_EDGE('',*,*,#2032,.T.);
#1241=ORIENTED_EDGE('',*,*,#1750,.T.);
#1242=ORIENTED_EDGE('',*,*,#2033,.T.);
#1243=ORIENTED_EDGE('',*,*,#1946,.F.);
#1244=ORIENTED_EDGE('',*,*,#1950,.T.);
#1245=ORIENTED_EDGE('',*,*,#1952,.T.);
#1246=ORIENTED_EDGE('',*,*,#1953,.F.);
#1247=ORIENTED_EDGE('',*,*,#2062,.F.);
#1248=ORIENTED_EDGE('',*,*,#2063,.F.);
#1249=ORIENTED_EDGE('',*,*,#2064,.F.);
#1250=ORIENTED_EDGE('',*,*,#2065,.F.);
#1251=ORIENTED_EDGE('',*,*,#2066,.T.);
#1252=ORIENTED_EDGE('',*,*,#2067,.T.);
#1253=ORIENTED_EDGE('',*,*,#2068,.F.);
#1254=ORIENTED_EDGE('',*,*,#2065,.T.);
#1255=ORIENTED_EDGE('',*,*,#2069,.F.);
#1256=ORIENTED_EDGE('',*,*,#2070,.T.);
#1257=ORIENTED_EDGE('',*,*,#2071,.F.);
#1258=ORIENTED_EDGE('',*,*,#2067,.F.);
#1259=ORIENTED_EDGE('',*,*,#2072,.F.);
#1260=ORIENTED_EDGE('',*,*,#2073,.F.);
#1261=ORIENTED_EDGE('',*,*,#2074,.T.);
#1262=ORIENTED_EDGE('',*,*,#2060,.F.);
#1263=ORIENTED_EDGE('',*,*,#2075,.F.);
#1264=ORIENTED_EDGE('',*,*,#2073,.T.);
#1265=ORIENTED_EDGE('',*,*,#2076,.F.);
#1266=ORIENTED_EDGE('',*,*,#2077,.F.);
#1267=ORIENTED_EDGE('',*,*,#2070,.F.);
#1268=ORIENTED_EDGE('',*,*,#2061,.T.);
#1269=ORIENTED_EDGE('',*,*,#2074,.F.);
#1270=ORIENTED_EDGE('',*,*,#2072,.T.);
#1271=ORIENTED_EDGE('',*,*,#2066,.F.);
#1272=ORIENTED_EDGE('',*,*,#2064,.T.);
#1273=ORIENTED_EDGE('',*,*,#2078,.T.);
#1274=ORIENTED_EDGE('',*,*,#2058,.T.);
#1275=ORIENTED_EDGE('',*,*,#2078,.F.);
#1276=ORIENTED_EDGE('',*,*,#2063,.T.);
#1277=ORIENTED_EDGE('',*,*,#2079,.T.);
#1278=ORIENTED_EDGE('',*,*,#2080,.F.);
#1279=ORIENTED_EDGE('',*,*,#2081,.F.);
#1280=ORIENTED_EDGE('',*,*,#2069,.T.);
#1281=ORIENTED_EDGE('',*,*,#2075,.T.);
#1282=ORIENTED_EDGE('',*,*,#2059,.F.);
#1283=ORIENTED_EDGE('',*,*,#2079,.F.);
#1284=ORIENTED_EDGE('',*,*,#2062,.T.);
#1285=ORIENTED_EDGE('',*,*,#2068,.T.);
#1286=ORIENTED_EDGE('',*,*,#2071,.T.);
#1287=ORIENTED_EDGE('',*,*,#2082,.F.);
#1288=ORIENTED_EDGE('',*,*,#2083,.F.);
#1289=ORIENTED_EDGE('',*,*,#2084,.F.);
#1290=ORIENTED_EDGE('',*,*,#2085,.F.);
#1291=ORIENTED_EDGE('',*,*,#2086,.F.);
#1292=ORIENTED_EDGE('',*,*,#2087,.T.);
#1293=ORIENTED_EDGE('',*,*,#2088,.T.);
#1294=ORIENTED_EDGE('',*,*,#2082,.T.);
#1295=ORIENTED_EDGE('',*,*,#2089,.T.);
#1296=ORIENTED_EDGE('',*,*,#2083,.T.);
#1297=ORIENTED_EDGE('',*,*,#2090,.T.);
#1298=ORIENTED_EDGE('',*,*,#2085,.T.);
#1299=ORIENTED_EDGE('',*,*,#2091,.T.);
#1300=ORIENTED_EDGE('',*,*,#2086,.T.);
#1301=ORIENTED_EDGE('',*,*,#2092,.T.);
#1302=ORIENTED_EDGE('',*,*,#2084,.T.);
#1303=ORIENTED_EDGE('',*,*,#2093,.F.);
#1304=ORIENTED_EDGE('',*,*,#2094,.F.);
#1305=ORIENTED_EDGE('',*,*,#2095,.F.);
#1306=ORIENTED_EDGE('',*,*,#2096,.F.);
#1307=ORIENTED_EDGE('',*,*,#2097,.T.);
#1308=ORIENTED_EDGE('',*,*,#2098,.T.);
#1309=ORIENTED_EDGE('',*,*,#2099,.F.);
#1310=ORIENTED_EDGE('',*,*,#2096,.T.);
#1311=ORIENTED_EDGE('',*,*,#2087,.F.);
#1312=ORIENTED_EDGE('',*,*,#2100,.T.);
#1313=ORIENTED_EDGE('',*,*,#2101,.F.);
#1314=ORIENTED_EDGE('',*,*,#2098,.F.);
#1315=ORIENTED_EDGE('',*,*,#2102,.F.);
#1316=ORIENTED_EDGE('',*,*,#2103,.F.);
#1317=ORIENTED_EDGE('',*,*,#2104,.T.);
#1318=ORIENTED_EDGE('',*,*,#2056,.F.);
#1319=ORIENTED_EDGE('',*,*,#2105,.F.);
#1320=ORIENTED_EDGE('',*,*,#2103,.T.);
#1321=ORIENTED_EDGE('',*,*,#2100,.F.);
#1322=ORIENTED_EDGE('',*,*,#2057,.T.);
#1323=ORIENTED_EDGE('',*,*,#2104,.F.);
#1324=ORIENTED_EDGE('',*,*,#2102,.T.);
#1325=ORIENTED_EDGE('',*,*,#2097,.F.);
#1326=ORIENTED_EDGE('',*,*,#2095,.T.);
#1327=ORIENTED_EDGE('',*,*,#2106,.T.);
#1328=ORIENTED_EDGE('',*,*,#2054,.T.);
#1329=ORIENTED_EDGE('',*,*,#2106,.F.);
#1330=ORIENTED_EDGE('',*,*,#2094,.T.);
#1331=ORIENTED_EDGE('',*,*,#2107,.T.);
#1332=ORIENTED_EDGE('',*,*,#2092,.F.);
#1333=ORIENTED_EDGE('',*,*,#2091,.F.);
#1334=ORIENTED_EDGE('',*,*,#2090,.F.);
#1335=ORIENTED_EDGE('',*,*,#2089,.F.);
#1336=ORIENTED_EDGE('',*,*,#2088,.F.);
#1337=ORIENTED_EDGE('',*,*,#2105,.T.);
#1338=ORIENTED_EDGE('',*,*,#2055,.F.);
#1339=ORIENTED_EDGE('',*,*,#2107,.F.);
#1340=ORIENTED_EDGE('',*,*,#2093,.T.);
#1341=ORIENTED_EDGE('',*,*,#2099,.T.);
#1342=ORIENTED_EDGE('',*,*,#2101,.T.);
#1343=ORIENTED_EDGE('',*,*,#2108,.T.);
#1344=ORIENTED_EDGE('',*,*,#1602,.F.);
#1345=ORIENTED_EDGE('',*,*,#2109,.F.);
#1346=ORIENTED_EDGE('',*,*,#1582,.F.);
#1347=ORIENTED_EDGE('',*,*,#1583,.T.);
#1348=ORIENTED_EDGE('',*,*,#2109,.T.);
#1349=ORIENTED_EDGE('',*,*,#1605,.T.);
#1350=ORIENTED_EDGE('',*,*,#2110,.F.);
#1351=ORIENTED_EDGE('',*,*,#1584,.T.);
#1352=ORIENTED_EDGE('',*,*,#2110,.T.);
#1353=ORIENTED_EDGE('',*,*,#1604,.T.);
#1354=ORIENTED_EDGE('',*,*,#2111,.F.);
#1355=ORIENTED_EDGE('',*,*,#1581,.T.);
#1356=ORIENTED_EDGE('',*,*,#2111,.T.);
#1357=ORIENTED_EDGE('',*,*,#1603,.T.);
#1358=ORIENTED_EDGE('',*,*,#2108,.F.);
#1359=ORIENTED_EDGE('',*,*,#1580,.T.);
#1360=ORIENTED_EDGE('',*,*,#1614,.T.);
#1361=ORIENTED_EDGE('',*,*,#1579,.T.);
#1362=ORIENTED_EDGE('',*,*,#1615,.T.);
#1363=ORIENTED_EDGE('',*,*,#1578,.T.);
#1364=ORIENTED_EDGE('',*,*,#1616,.T.);
#1365=ORIENTED_EDGE('',*,*,#2112,.T.);
#1366=ORIENTED_EDGE('',*,*,#1617,.F.);
#1367=ORIENTED_EDGE('',*,*,#2113,.F.);
#1368=ORIENTED_EDGE('',*,*,#1586,.F.);
#1369=ORIENTED_EDGE('',*,*,#1587,.T.);
#1370=ORIENTED_EDGE('',*,*,#2113,.T.);
#1371=ORIENTED_EDGE('',*,*,#1620,.T.);
#1372=ORIENTED_EDGE('',*,*,#2114,.F.);
#1373=ORIENTED_EDGE('',*,*,#1588,.T.);
#1374=ORIENTED_EDGE('',*,*,#2114,.T.);
#1375=ORIENTED_EDGE('',*,*,#1619,.T.);
#1376=ORIENTED_EDGE('',*,*,#2115,.F.);
#1377=ORIENTED_EDGE('',*,*,#2115,.T.);
#1378=ORIENTED_EDGE('',*,*,#1618,.F.);
#1379=ORIENTED_EDGE('',*,*,#2112,.F.);
#1380=ORIENTED_EDGE('',*,*,#1585,.F.);
#1381=ORIENTED_EDGE('',*,*,#1577,.T.);
#1382=ORIENTED_EDGE('',*,*,#1601,.T.);
#1383=ORIENTED_EDGE('',*,*,#2116,.T.);
#1384=ORIENTED_EDGE('',*,*,#1597,.F.);
#1385=ORIENTED_EDGE('',*,*,#2117,.F.);
#1386=ORIENTED_EDGE('',*,*,#1590,.F.);
#1387=ORIENTED_EDGE('',*,*,#1591,.T.);
#1388=ORIENTED_EDGE('',*,*,#2117,.T.);
#1389=ORIENTED_EDGE('',*,*,#1600,.T.);
#1390=ORIENTED_EDGE('',*,*,#2118,.F.);
#1391=ORIENTED_EDGE('',*,*,#1592,.T.);
#1392=ORIENTED_EDGE('',*,*,#2118,.T.);
#1393=ORIENTED_EDGE('',*,*,#1599,.T.);
#1394=ORIENTED_EDGE('',*,*,#2119,.F.);
#1395=ORIENTED_EDGE('',*,*,#2119,.T.);
#1396=ORIENTED_EDGE('',*,*,#1598,.F.);
#1397=ORIENTED_EDGE('',*,*,#2116,.F.);
#1398=ORIENTED_EDGE('',*,*,#1589,.F.);
#1399=ORIENTED_EDGE('',*,*,#2120,.T.);
#1400=ORIENTED_EDGE('',*,*,#1621,.F.);
#1401=ORIENTED_EDGE('',*,*,#2121,.F.);
#1402=ORIENTED_EDGE('',*,*,#1594,.F.);
#1403=ORIENTED_EDGE('',*,*,#1595,.T.);
#1404=ORIENTED_EDGE('',*,*,#2121,.T.);
#1405=ORIENTED_EDGE('',*,*,#1624,.T.);
#1406=ORIENTED_EDGE('',*,*,#2122,.F.);
#1407=ORIENTED_EDGE('',*,*,#1596,.T.);
#1408=ORIENTED_EDGE('',*,*,#2122,.T.);
#1409=ORIENTED_EDGE('',*,*,#1623,.T.);
#1410=ORIENTED_EDGE('',*,*,#2123,.F.);
#1411=ORIENTED_EDGE('',*,*,#2123,.T.);
#1412=ORIENTED_EDGE('',*,*,#1622,.F.);
#1413=ORIENTED_EDGE('',*,*,#2120,.F.);
#1414=ORIENTED_EDGE('',*,*,#1593,.F.);
#1415=ORIENTED_EDGE('',*,*,#2081,.T.);
#1416=ORIENTED_EDGE('',*,*,#2077,.T.);
#1417=ORIENTED_EDGE('',*,*,#2080,.T.);
#1418=ORIENTED_EDGE('',*,*,#2076,.T.);
#1419=ORIENTED_EDGE('',*,*,#1864,.F.);
#1420=ORIENTED_EDGE('',*,*,#2052,.F.);
#1421=ORIENTED_EDGE('',*,*,#1537,.F.);
#1422=ORIENTED_EDGE('',*,*,#1553,.F.);
#1423=ORIENTED_EDGE('',*,*,#2031,.F.);
#1424=ORIENTED_EDGE('',*,*,#1546,.F.);
#1425=ORIENTED_EDGE('',*,*,#1531,.F.);
#1426=ORIENTED_EDGE('',*,*,#2053,.F.);
#1427=ORIENTED_EDGE('',*,*,#1857,.F.);
#1428=ORIENTED_EDGE('',*,*,#1672,.F.);
#1429=ORIENTED_EDGE('',*,*,#2030,.F.);
#1430=ORIENTED_EDGE('',*,*,#1557,.F.);
#1431=ORIENTED_EDGE('',*,*,#1574,.F.);
#1432=ORIENTED_EDGE('',*,*,#1819,.F.);
#1433=ORIENTED_EDGE('',*,*,#2124,.F.);
#1434=ORIENTED_EDGE('',*,*,#1854,.F.);
#1435=ORIENTED_EDGE('',*,*,#1560,.F.);
#1436=ORIENTED_EDGE('',*,*,#1855,.F.);
#1437=ORIENTED_EDGE('',*,*,#2124,.T.);
#1438=ORIENTED_EDGE('',*,*,#1852,.F.);
#1439=ORIENTED_EDGE('',*,*,#1630,.F.);
#1440=ORIENTED_EDGE('',*,*,#1862,.F.);
#1441=ORIENTED_EDGE('',*,*,#2125,.F.);
#1442=ORIENTED_EDGE('',*,*,#1830,.F.);
#1443=ORIENTED_EDGE('',*,*,#1564,.F.);
#1444=ORIENTED_EDGE('',*,*,#1859,.F.);
#1445=ORIENTED_EDGE('',*,*,#2125,.T.);
#1446=ORIENTED_EDGE('',*,*,#1861,.F.);
#1447=ORIENTED_EDGE('',*,*,#1821,.F.);
#1448=ORIENTED_EDGE('',*,*,#1875,.F.);
#1449=ORIENTED_EDGE('',*,*,#1518,.F.);
#1450=ORIENTED_EDGE('',*,*,#1874,.F.);
#1451=ORIENTED_EDGE('',*,*,#1829,.F.);
#1452=ORIENTED_EDGE('',*,*,#1873,.F.);
#1453=ORIENTED_EDGE('',*,*,#1508,.F.);
#1454=ORIENTED_EDGE('',*,*,#1717,.F.);
#1455=ORIENTED_EDGE('',*,*,#1963,.F.);
#1456=ORIENTED_EDGE('',*,*,#2126,.T.);
#1457=ORIENTED_EDGE('',*,*,#1540,.T.);
#1458=ORIENTED_EDGE('',*,*,#1627,.F.);
#1459=ORIENTED_EDGE('',*,*,#1961,.F.);
#1460=ORIENTED_EDGE('',*,*,#1505,.F.);
#1461=ORIENTED_EDGE('',*,*,#2127,.T.);
#1462=ORIENTED_EDGE('',*,*,#1962,.F.);
#1463=ORIENTED_EDGE('',*,*,#1542,.T.);
#1464=ORIENTED_EDGE('',*,*,#1541,.F.);
#1465=ORIENTED_EDGE('',*,*,#2126,.F.);
#1466=ORIENTED_EDGE('',*,*,#2127,.F.);
#1467=ORIENTED_EDGE('',*,*,#1948,.F.);
#1468=ORIENTED_EDGE('',*,*,#1501,.F.);
#1469=ORIENTED_EDGE('',*,*,#1528,.T.);
#1470=ORIENTED_EDGE('',*,*,#2128,.T.);
#1471=ORIENTED_EDGE('',*,*,#2129,.F.);
#1472=ORIENTED_EDGE('',*,*,#1954,.F.);
#1473=ORIENTED_EDGE('',*,*,#1957,.F.);
#1474=ORIENTED_EDGE('',*,*,#1566,.T.);
#1475=ORIENTED_EDGE('',*,*,#2129,.T.);
#1476=ORIENTED_EDGE('',*,*,#2130,.T.);
#1477=ORIENTED_EDGE('',*,*,#1498,.F.);
#1478=ORIENTED_EDGE('',*,*,#1571,.F.);
#1479=ORIENTED_EDGE('',*,*,#1955,.F.);
#1480=ORIENTED_EDGE('',*,*,#1744,.T.);
#1481=ORIENTED_EDGE('',*,*,#2131,.T.);
#1482=ORIENTED_EDGE('',*,*,#1741,.T.);
#1483=ORIENTED_EDGE('',*,*,#1522,.F.);
#1484=ORIENTED_EDGE('',*,*,#1499,.T.);
#1485=ORIENTED_EDGE('',*,*,#2130,.F.);
#1486=ORIENTED_EDGE('',*,*,#2128,.F.);
#1487=ORIENTED_EDGE('',*,*,#1527,.F.);
#1488=ORIENTED_EDGE('',*,*,#2131,.F.);
#1489=ORIENTED_EDGE('',*,*,#2132,.F.);
#1490=ORIENTED_EDGE('',*,*,#1853,.T.);
#1491=ORIENTED_EDGE('',*,*,#1969,.T.);
#1492=ORIENTED_EDGE('',*,*,#2132,.T.);
#1493=ORIENTED_EDGE('',*,*,#2133,.F.);
#1494=ORIENTED_EDGE('',*,*,#1860,.T.);
#1495=ORIENTED_EDGE('',*,*,#1968,.T.);
#1496=ORIENTED_EDGE('',*,*,#2133,.T.);
#1497=EDGE_CURVE('',#2134,#2135,#2586,.T.);
#1498=EDGE_CURVE('',#2135,#2136,#2587,.T.);
#1499=EDGE_CURVE('',#2137,#2136,#2588,.T.);
#1500=EDGE_CURVE('',#2137,#2138,#2589,.T.);
#1501=EDGE_CURVE('',#2138,#2139,#2590,.T.);
#1502=EDGE_CURVE('',#2139,#2140,#2591,.T.);
#1503=EDGE_CURVE('',#2140,#2141,#2592,.T.);
#1504=EDGE_CURVE('',#2142,#2141,#2593,.T.);
#1505=EDGE_CURVE('',#2142,#2143,#2594,.T.);
#1506=EDGE_CURVE('',#2144,#2143,#2595,.T.);
#1507=EDGE_CURVE('',#2145,#2144,#2596,.T.);
#1508=EDGE_CURVE('',#2145,#2146,#2597,.F.);
#1509=EDGE_CURVE('',#2146,#2147,#2598,.T.);
#1510=EDGE_CURVE('',#2148,#2147,#2599,.T.);
#1511=EDGE_CURVE('',#2149,#2148,#2600,.T.);
#1512=EDGE_CURVE('',#2149,#2150,#2601,.T.);
#1513=EDGE_CURVE('',#2150,#2151,#2602,.T.);
#1514=EDGE_CURVE('',#2151,#2152,#2603,.T.);
#1515=EDGE_CURVE('',#2153,#2152,#2604,.T.);
#1516=EDGE_CURVE('',#2154,#2153,#2605,.T.);
#1517=EDGE_CURVE('',#2155,#2154,#2606,.T.);
#1518=EDGE_CURVE('',#2155,#2156,#2607,.T.);
#1519=EDGE_CURVE('',#2134,#2156,#2608,.T.);
#1520=EDGE_CURVE('',#2157,#2157,#133,.T.);
#1521=EDGE_CURVE('',#2158,#2158,#134,.T.);
#1522=EDGE_CURVE('',#2137,#2159,#80,.T.);
#1523=EDGE_CURVE('',#2159,#2160,#2609,.T.);
#1524=EDGE_CURVE('',#2161,#2160,#2610,.T.);
#1525=EDGE_CURVE('',#2162,#2161,#2611,.T.);
#1526=EDGE_CURVE('',#2162,#2163,#2612,.T.);
#1527=EDGE_CURVE('',#2163,#2164,#81,.T.);
#1528=EDGE_CURVE('',#2165,#2164,#2613,.T.);
#1529=EDGE_CURVE('',#2166,#2165,#2614,.T.);
#1530=EDGE_CURVE('',#2166,#2167,#2615,.T.);
#1531=EDGE_CURVE('',#2167,#2168,#82,.T.);
#1532=EDGE_CURVE('',#2168,#2169,#2616,.T.);
#1533=EDGE_CURVE('',#2169,#2170,#2617,.T.);
#1534=EDGE_CURVE('',#2171,#2170,#2618,.T.);
#1535=EDGE_CURVE('',#2172,#2171,#2619,.T.);
#1536=EDGE_CURVE('',#2172,#2173,#2620,.T.);
#1537=EDGE_CURVE('',#2173,#2174,#83,.T.);
#1538=EDGE_CURVE('',#2174,#2175,#2621,.F.);
#1539=EDGE_CURVE('',#2175,#2176,#2622,.T.);
#1540=EDGE_CURVE('',#2177,#2176,#2623,.T.);
#1541=EDGE_CURVE('',#2177,#2138,#84,.T.);
#1542=EDGE_CURVE('',#2178,#2143,#2624,.T.);
#1543=EDGE_CURVE('',#2178,#2179,#2625,.T.);
#1544=EDGE_CURVE('',#2179,#2144,#2626,.T.);
#1545=EDGE_CURVE('',#2180,#2181,#2627,.T.);
#1546=EDGE_CURVE('',#2181,#2182,#85,.T.);
#1547=EDGE_CURVE('',#2182,#2180,#86,.T.);
#1548=EDGE_CURVE('',#2183,#2184,#2628,.T.);
#1549=EDGE_CURVE('',#2183,#2185,#2629,.T.);
#1550=EDGE_CURVE('',#2185,#2186,#2630,.T.);
#1551=EDGE_CURVE('',#2184,#2186,#2631,.T.);
#1552=EDGE_CURVE('',#2187,#2188,#87,.T.);
#1553=EDGE_CURVE('',#2188,#2173,#88,.T.);
#1554=EDGE_CURVE('',#2189,#2172,#2632,.T.);
#1555=EDGE_CURVE('',#2190,#2189,#2633,.T.);
#1556=EDGE_CURVE('',#2190,#2169,#2634,.T.);
#1557=EDGE_CURVE('',#2168,#2191,#89,.T.);
#1558=EDGE_CURVE('',#2191,#2192,#90,.T.);
#1559=EDGE_CURVE('',#2192,#2193,#2635,.T.);
#1560=EDGE_CURVE('',#2193,#2194,#2636,.T.);
#1561=EDGE_CURVE('',#2194,#2195,#2637,.T.);
#1562=EDGE_CURVE('',#2195,#2196,#2638,.T.);
#1563=EDGE_CURVE('',#2197,#2196,#2639,.T.);
#1564=EDGE_CURVE('',#2197,#2198,#2640,.F.);
#1565=EDGE_CURVE('',#2198,#2187,#2641,.T.);
#1566=EDGE_CURVE('',#2199,#2165,#2642,.T.);
#1567=EDGE_CURVE('',#2199,#2200,#2643,.T.);
#1568=EDGE_CURVE('',#2200,#2201,#2644,.T.);
#1569=EDGE_CURVE('',#2201,#2202,#2645,.T.);
#1570=EDGE_CURVE('',#2202,#2203,#2646,.T.);
#1571=EDGE_CURVE('',#2203,#2135,#2647,.T.);
#1572=EDGE_CURVE('',#2204,#2134,#2648,.T.);
#1573=EDGE_CURVE('',#2205,#2204,#2649,.T.);
#1574=EDGE_CURVE('',#2205,#2206,#2650,.T.);
#1575=EDGE_CURVE('',#2207,#2206,#2651,.T.);
#1576=EDGE_CURVE('',#2207,#2166,#2652,.T.);
#1577=EDGE_CURVE('',#2208,#2208,#135,.T.);
#1578=EDGE_CURVE('',#2209,#2209,#136,.T.);
#1579=EDGE_CURVE('',#2210,#2210,#137,.T.);
#1580=EDGE_CURVE('',#2211,#2211,#138,.T.);
#1581=EDGE_CURVE('',#2212,#2213,#2653,.T.);
#1582=EDGE_CURVE('',#2212,#2214,#2654,.T.);
#1583=EDGE_CURVE('',#2215,#2214,#2655,.T.);
#1584=EDGE_CURVE('',#2213,#2215,#2656,.T.);
#1585=EDGE_CURVE('',#2216,#2217,#2657,.T.);
#1586=EDGE_CURVE('',#2217,#2218,#2658,.T.);
#1587=EDGE_CURVE('',#2219,#2218,#2659,.T.);
#1588=EDGE_CURVE('',#2216,#2219,#2660,.T.);
#1589=EDGE_CURVE('',#2220,#2221,#2661,.T.);
#1590=EDGE_CURVE('',#2221,#2222,#2662,.T.);
#1591=EDGE_CURVE('',#2223,#2222,#2663,.T.);
#1592=EDGE_CURVE('',#2220,#2223,#2664,.T.);
#1593=EDGE_CURVE('',#2224,#2225,#2665,.T.);
#1594=EDGE_CURVE('',#2225,#2226,#2666,.T.);
#1595=EDGE_CURVE('',#2227,#2226,#2667,.T.);
#1596=EDGE_CURVE('',#2224,#2227,#2668,.T.);
#1597=EDGE_CURVE('',#2228,#2229,#2669,.T.);
#1598=EDGE_CURVE('',#2229,#2230,#2670,.T.);
#1599=EDGE_CURVE('',#2231,#2230,#2671,.T.);
#1600=EDGE_CURVE('',#2228,#2231,#2672,.T.);
#1601=EDGE_CURVE('',#2232,#2232,#139,.T.);
#1602=EDGE_CURVE('',#2233,#2234,#2673,.T.);
#1603=EDGE_CURVE('',#2235,#2234,#2674,.T.);
#1604=EDGE_CURVE('',#2236,#2235,#2675,.T.);
#1605=EDGE_CURVE('',#2233,#2236,#2676,.T.);
#1606=EDGE_CURVE('',#2237,#2238,#2677,.T.);
#1607=EDGE_CURVE('',#2237,#2239,#2678,.T.);
#1608=EDGE_CURVE('',#2239,#2240,#2679,.T.);
#1609=EDGE_CURVE('',#2240,#2241,#2680,.T.);
#1610=EDGE_CURVE('',#2241,#2242,#2681,.T.);
#1611=EDGE_CURVE('',#2242,#2243,#2682,.T.);
#1612=EDGE_CURVE('',#2243,#2244,#2683,.T.);
#1613=EDGE_CURVE('',#2244,#2238,#2684,.T.);
#1614=EDGE_CURVE('',#2245,#2245,#140,.T.);
#1615=EDGE_CURVE('',#2246,#2246,#141,.T.);
#1616=EDGE_CURVE('',#2247,#2247,#142,.T.);
#1617=EDGE_CURVE('',#2248,#2249,#2685,.T.);
#1618=EDGE_CURVE('',#2249,#2250,#2686,.T.);
#1619=EDGE_CURVE('',#2251,#2250,#2687,.T.);
#1620=EDGE_CURVE('',#2248,#2251,#2688,.T.);
#1621=EDGE_CURVE('',#2252,#2253,#2689,.T.);
#1622=EDGE_CURVE('',#2253,#2254,#2690,.T.);
#1623=EDGE_CURVE('',#2255,#2254,#2691,.T.);
#1624=EDGE_CURVE('',#2252,#2255,#2692,.T.);
#1625=EDGE_CURVE('',#2256,#2256,#143,.T.);
#1626=EDGE_CURVE('',#2257,#2258,#2693,.T.);
#1627=EDGE_CURVE('',#2258,#2176,#2694,.T.);
#1628=EDGE_CURVE('',#2175,#2259,#2695,.T.);
#1629=EDGE_CURVE('',#2259,#2260,#2696,.T.);
#1630=EDGE_CURVE('',#2260,#2261,#2697,.T.);
#1631=EDGE_CURVE('',#2261,#2262,#2698,.T.);
#1632=EDGE_CURVE('',#2262,#2263,#2699,.T.);
#1633=EDGE_CURVE('',#2263,#2257,#2700,.T.);
#1634=EDGE_CURVE('',#2264,#2265,#2701,.T.);
#1635=EDGE_CURVE('',#2264,#2266,#2702,.T.);
#1636=EDGE_CURVE('',#2266,#2267,#2703,.T.);
#1637=EDGE_CURVE('',#2265,#2267,#2704,.T.);
#1638=EDGE_CURVE('',#2268,#2268,#144,.T.);
#1639=EDGE_CURVE('',#2269,#2270,#2705,.T.);
#1640=EDGE_CURVE('',#2269,#2271,#2706,.T.);
#1641=EDGE_CURVE('',#2271,#2272,#2707,.T.);
#1642=EDGE_CURVE('',#2272,#2273,#2708,.T.);
#1643=EDGE_CURVE('',#2274,#2273,#2709,.T.);
#1644=EDGE_CURVE('',#2275,#2274,#2710,.T.);
#1645=EDGE_CURVE('',#2276,#2275,#2711,.T.);
#1646=EDGE_CURVE('',#2270,#2276,#2712,.T.);
#1647=EDGE_CURVE('',#2277,#2278,#2713,.T.);
#1648=EDGE_CURVE('',#2277,#2279,#2714,.T.);
#1649=EDGE_CURVE('',#2279,#2280,#2715,.T.);
#1650=EDGE_CURVE('',#2278,#2280,#2716,.T.);
#1651=EDGE_CURVE('',#2281,#2281,#145,.T.);
#1652=EDGE_CURVE('',#2282,#2282,#146,.T.);
#1653=EDGE_CURVE('',#2283,#2283,#147,.T.);
#1654=EDGE_CURVE('',#2284,#2284,#148,.T.);
#1655=EDGE_CURVE('',#2285,#2286,#2717,.T.);
#1656=EDGE_CURVE('',#2285,#2287,#2718,.T.);
#1657=EDGE_CURVE('',#2287,#2288,#2719,.T.);
#1658=EDGE_CURVE('',#2288,#2289,#2720,.T.);
#1659=EDGE_CURVE('',#2289,#2290,#2721,.T.);
#1660=EDGE_CURVE('',#2290,#2291,#2722,.T.);
#1661=EDGE_CURVE('',#2291,#2292,#2723,.T.);
#1662=EDGE_CURVE('',#2292,#2286,#2724,.T.);
#1663=EDGE_CURVE('',#2293,#2294,#2725,.T.);
#1664=EDGE_CURVE('',#2293,#2295,#2726,.T.);
#1665=EDGE_CURVE('',#2295,#2296,#2727,.T.);
#1666=EDGE_CURVE('',#2294,#2296,#2728,.T.);
#1667=EDGE_CURVE('',#2297,#2298,#2729,.T.);
#1668=EDGE_CURVE('',#2297,#2299,#2730,.T.);
#1669=EDGE_CURVE('',#2299,#2300,#2731,.T.);
#1670=EDGE_CURVE('',#2298,#2300,#2732,.T.);
#1671=EDGE_CURVE('',#2301,#2302,#91,.T.);
#1672=EDGE_CURVE('',#2302,#2303,#92,.T.);
#1673=EDGE_CURVE('',#2303,#2301,#2733,.T.);
#1674=EDGE_CURVE('',#2304,#2304,#149,.T.);
#1675=EDGE_CURVE('',#2305,#2305,#150,.F.);
#1676=EDGE_CURVE('',#2306,#2306,#151,.T.);
#1677=EDGE_CURVE('',#2307,#2307,#152,.F.);
#1678=EDGE_CURVE('',#2308,#2309,#2734,.T.);
#1679=EDGE_CURVE('',#2309,#2310,#2735,.T.);
#1680=EDGE_CURVE('',#2311,#2310,#2736,.T.);
#1681=EDGE_CURVE('',#2312,#2311,#2737,.T.);
#1682=EDGE_CURVE('',#2313,#2312,#2738,.T.);
#1683=EDGE_CURVE('',#2313,#2308,#2739,.T.);
#1684=EDGE_CURVE('',#2314,#2314,#153,.T.);
#1685=EDGE_CURVE('',#2310,#2315,#2740,.F.);
#1686=EDGE_CURVE('',#2242,#2315,#2741,.T.);
#1687=EDGE_CURVE('',#2241,#2311,#2742,.T.);
#1688=EDGE_CURVE('',#2316,#2317,#2743,.T.);
#1689=EDGE_CURVE('',#2317,#2318,#2744,.T.);
#1690=EDGE_CURVE('',#2319,#2318,#2745,.T.);
#1691=EDGE_CURVE('',#2319,#2320,#2746,.T.);
#1692=EDGE_CURVE('',#2320,#2321,#2747,.T.);
#1693=EDGE_CURVE('',#2321,#2316,#2748,.T.);
#1694=EDGE_CURVE('',#2322,#2322,#154,.T.);
#1695=EDGE_CURVE('',#2323,#2323,#155,.T.);
#1696=EDGE_CURVE('',#2324,#2324,#156,.T.);
#1697=EDGE_CURVE('',#2325,#2325,#157,.T.);
#1698=EDGE_CURVE('',#2318,#2309,#2749,.T.);
#1699=EDGE_CURVE('',#2308,#2285,#2750,.T.);
#1700=EDGE_CURVE('',#2286,#2319,#2751,.F.);
#1701=EDGE_CURVE('',#2326,#2327,#2752,.T.);
#1702=EDGE_CURVE('',#2327,#2328,#2753,.T.);
#1703=EDGE_CURVE('',#2329,#2328,#2754,.T.);
#1704=EDGE_CURVE('',#2326,#2329,#2755,.T.);
#1705=EDGE_CURVE('',#2330,#2330,#158,.T.);
#1706=EDGE_CURVE('',#2331,#2331,#159,.T.);
#1707=EDGE_CURVE('',#2332,#2332,#160,.T.);
#1708=EDGE_CURVE('',#2333,#2333,#161,.T.);
#1709=EDGE_CURVE('',#2195,#2334,#2756,.T.);
#1710=EDGE_CURVE('',#2335,#2334,#2757,.T.);
#1711=EDGE_CURVE('',#2196,#2335,#2758,.T.);
#1712=EDGE_CURVE('',#2336,#2337,#2759,.T.);
#1713=EDGE_CURVE('',#2337,#2338,#2760,.T.);
#1714=EDGE_CURVE('',#2339,#2338,#2761,.T.);
#1715=EDGE_CURVE('',#2336,#2339,#2762,.T.);
#1716=EDGE_CURVE('',#2262,#2340,#2763,.T.);
#1717=EDGE_CURVE('',#2340,#2145,#2764,.T.);
#1718=EDGE_CURVE('',#2179,#2341,#2765,.F.);
#1719=EDGE_CURVE('',#2342,#2341,#2766,.T.);
#1720=EDGE_CURVE('',#2343,#2342,#2767,.T.);
#1721=EDGE_CURVE('',#2343,#2344,#2768,.T.);
#1722=EDGE_CURVE('',#2344,#2345,#2769,.T.);
#1723=EDGE_CURVE('',#2346,#2345,#2770,.T.);
#1724=EDGE_CURVE('',#2346,#2347,#2771,.T.);
#1725=EDGE_CURVE('',#2348,#2347,#2772,.T.);
#1726=EDGE_CURVE('',#2349,#2348,#2773,.T.);
#1727=EDGE_CURVE('',#2349,#2350,#2774,.T.);
#1728=EDGE_CURVE('',#2350,#2263,#2775,.T.);
#1729=EDGE_CURVE('',#2289,#2237,#2776,.T.);
#1730=EDGE_CURVE('',#2238,#2351,#2777,.F.);
#1731=EDGE_CURVE('',#2352,#2351,#2778,.T.);
#1732=EDGE_CURVE('',#2352,#2353,#2779,.T.);
#1733=EDGE_CURVE('',#2353,#2354,#2780,.T.);
#1734=EDGE_CURVE('',#2354,#2272,#2781,.T.);
#1735=EDGE_CURVE('',#2271,#2290,#2782,.F.);
#1736=EDGE_CURVE('',#2161,#2355,#2783,.T.);
#1737=EDGE_CURVE('',#2356,#2355,#2784,.T.);
#1738=EDGE_CURVE('',#2162,#2356,#2785,.T.);
#1739=EDGE_CURVE('',#2356,#2357,#2786,.T.);
#1740=EDGE_CURVE('',#2358,#2357,#2787,.T.);
#1741=EDGE_CURVE('',#2163,#2358,#2788,.T.);
#1742=EDGE_CURVE('',#2357,#2359,#2789,.T.);
#1743=EDGE_CURVE('',#2160,#2359,#2790,.T.);
#1744=EDGE_CURVE('',#2358,#2159,#2791,.T.);
#1745=EDGE_CURVE('',#2355,#2359,#2792,.T.);
#1746=EDGE_CURVE('',#2150,#2360,#2793,.T.);
#1747=EDGE_CURVE('',#2360,#2361,#2794,.T.);
#1748=EDGE_CURVE('',#2151,#2361,#2795,.T.);
#1749=EDGE_CURVE('',#2362,#2363,#2796,.F.);
#1750=EDGE_CURVE('',#2364,#2363,#2797,.T.);
#1751=EDGE_CURVE('',#2364,#2365,#2798,.T.);
#1752=EDGE_CURVE('',#2362,#2365,#2799,.T.);
#1753=EDGE_CURVE('',#2366,#2367,#93,.T.);
#1754=EDGE_CURVE('',#2366,#2368,#2800,.T.);
#1755=EDGE_CURVE('',#2368,#2369,#2801,.T.);
#1756=EDGE_CURVE('',#2370,#2369,#2802,.T.);
#1757=EDGE_CURVE('',#2370,#2371,#94,.T.);
#1758=EDGE_CURVE('',#2372,#2371,#2803,.T.);
#1759=EDGE_CURVE('',#2373,#2372,#2804,.T.);
#1760=EDGE_CURVE('',#2373,#2374,#2805,.T.);
#1761=EDGE_CURVE('',#2375,#2374,#2806,.T.);
#1762=EDGE_CURVE('',#2376,#2375,#2807,.T.);
#1763=EDGE_CURVE('',#2377,#2376,#2808,.T.);
#1764=EDGE_CURVE('',#2377,#2367,#2809,.T.);
#1765=EDGE_CURVE('',#2315,#2378,#2810,.T.);
#1766=EDGE_CURVE('',#2378,#2379,#2811,.T.);
#1767=EDGE_CURVE('',#2379,#2380,#2812,.T.);
#1768=EDGE_CURVE('',#2275,#2380,#2813,.T.);
#1769=EDGE_CURVE('',#2274,#2381,#2814,.T.);
#1770=EDGE_CURVE('',#2381,#2362,#2815,.F.);
#1771=EDGE_CURVE('',#2365,#2382,#2816,.T.);
#1772=EDGE_CURVE('',#2243,#2382,#2817,.T.);
#1773=EDGE_CURVE('',#2383,#2384,#2818,.T.);
#1774=EDGE_CURVE('',#2383,#2367,#2819,.T.);
#1775=EDGE_CURVE('',#2385,#2377,#2820,.T.);
#1776=EDGE_CURVE('',#2385,#2386,#2821,.T.);
#1777=EDGE_CURVE('',#2386,#2387,#2822,.T.);
#1778=EDGE_CURVE('',#2387,#2368,#2823,.T.);
#1779=EDGE_CURVE('',#2384,#2366,#2824,.T.);
#1780=EDGE_CURVE('',#2388,#2388,#162,.T.);
#1781=EDGE_CURVE('',#2380,#2317,#2825,.T.);
#1782=EDGE_CURVE('',#2276,#2316,#2826,.T.);
#1783=EDGE_CURVE('',#2389,#2376,#2827,.T.);
#1784=EDGE_CURVE('',#2385,#2389,#2828,.T.);
#1785=EDGE_CURVE('',#2360,#2375,#2829,.T.);
#1786=EDGE_CURVE('',#2389,#2150,#2830,.T.);
#1787=EDGE_CURVE('',#2361,#2374,#2831,.T.);
#1788=EDGE_CURVE('',#2390,#2373,#2832,.T.);
#1789=EDGE_CURVE('',#2390,#2151,#2833,.T.);
#1790=EDGE_CURVE('',#2391,#2372,#2834,.T.);
#1791=EDGE_CURVE('',#2390,#2391,#2835,.T.);
#1792=EDGE_CURVE('',#2392,#2393,#2836,.T.);
#1793=EDGE_CURVE('',#2393,#2370,#2837,.T.);
#1794=EDGE_CURVE('',#2394,#2369,#2838,.T.);
#1795=EDGE_CURVE('',#2395,#2394,#2839,.T.);
#1796=EDGE_CURVE('',#2391,#2395,#2840,.T.);
#1797=EDGE_CURVE('',#2392,#2371,#2841,.T.);
#1798=EDGE_CURVE('',#2387,#2394,#2842,.T.);
#1799=EDGE_CURVE('',#2395,#2386,#2843,.T.);
#1800=EDGE_CURVE('',#2384,#2383,#95,.T.);
#1801=EDGE_CURVE('',#2396,#2396,#163,.T.);
#1802=EDGE_CURVE('',#2393,#2392,#96,.T.);
#1803=EDGE_CURVE('',#2397,#2397,#164,.T.);
#1804=EDGE_CURVE('',#2398,#2398,#165,.F.);
#1805=EDGE_CURVE('',#2399,#2399,#166,.F.);
#1806=EDGE_CURVE('',#2273,#2400,#2844,.T.);
#1807=EDGE_CURVE('',#2400,#2401,#2845,.F.);
#1808=EDGE_CURVE('',#2402,#2401,#2846,.T.);
#1809=EDGE_CURVE('',#2402,#2381,#2847,.T.);
#1810=EDGE_CURVE('',#2403,#2404,#2848,.T.);
#1811=EDGE_CURVE('',#2403,#2405,#2849,.F.);
#1812=EDGE_CURVE('',#2405,#2244,#2850,.F.);
#1813=EDGE_CURVE('',#2382,#2404,#2851,.T.);
#1814=EDGE_CURVE('',#2406,#2395,#2852,.T.);
#1815=EDGE_CURVE('',#2407,#2406,#2853,.T.);
#1816=EDGE_CURVE('',#2407,#2408,#167,.T.);
#1817=EDGE_CURVE('',#2152,#2408,#2854,.T.);
#1818=EDGE_CURVE('',#2409,#2334,#2855,.T.);
#1819=EDGE_CURVE('',#2409,#2205,#2856,.T.);
#1820=EDGE_CURVE('',#2204,#2410,#2857,.T.);
#1821=EDGE_CURVE('',#2410,#2411,#2858,.T.);
#1822=EDGE_CURVE('',#2411,#2412,#2859,.T.);
#1823=EDGE_CURVE('',#2413,#2412,#2860,.T.);
#1824=EDGE_CURVE('',#2413,#2406,#2861,.T.);
#1825=EDGE_CURVE('',#2386,#2414,#2862,.T.);
#1826=EDGE_CURVE('',#2414,#2415,#2863,.T.);
#1827=EDGE_CURVE('',#2416,#2415,#2864,.T.);
#1828=EDGE_CURVE('',#2417,#2416,#2865,.T.);
#1829=EDGE_CURVE('',#2417,#2340,#2866,.F.);
#1830=EDGE_CURVE('',#2261,#2418,#2867,.T.);
#1831=EDGE_CURVE('',#2418,#2335,#2868,.T.);
#1832=EDGE_CURVE('',#2149,#2419,#2869,.T.);
#1833=EDGE_CURVE('',#2420,#2419,#168,.F.);
#1834=EDGE_CURVE('',#2420,#2414,#2870,.T.);
#1835=EDGE_CURVE('',#2421,#2408,#2871,.F.);
#1836=EDGE_CURVE('',#2422,#2421,#2872,.T.);
#1837=EDGE_CURVE('',#2422,#2423,#2873,.T.);
#1838=EDGE_CURVE('',#2153,#2423,#2874,.T.);
#1839=EDGE_CURVE('',#2148,#2424,#2875,.T.);
#1840=EDGE_CURVE('',#2425,#2424,#2876,.T.);
#1841=EDGE_CURVE('',#2425,#2426,#2877,.T.);
#1842=EDGE_CURVE('',#2419,#2426,#2878,.T.);
#1843=EDGE_CURVE('',#2427,#2415,#2879,.T.);
#1844=EDGE_CURVE('',#2427,#2424,#97,.T.);
#1845=EDGE_CURVE('',#2416,#2147,#2880,.T.);
#1846=EDGE_CURVE('',#2412,#2154,#2881,.T.);
#1847=EDGE_CURVE('',#2428,#2423,#98,.T.);
#1848=EDGE_CURVE('',#2428,#2413,#2882,.T.);
#1849=EDGE_CURVE('',#2420,#2429,#2883,.T.);
#1850=EDGE_CURVE('',#2429,#2430,#2884,.T.);
#1851=EDGE_CURVE('',#2430,#2427,#2885,.T.);
#1852=EDGE_CURVE('',#2194,#2409,#2886,.T.);
#1853=EDGE_CURVE('',#2431,#2431,#169,.F.);
#1854=EDGE_CURVE('',#2206,#2432,#2887,.T.);
#1855=EDGE_CURVE('',#2432,#2193,#2888,.T.);
#1856=EDGE_CURVE('',#2192,#2301,#99,.T.);
#1857=EDGE_CURVE('',#2303,#2433,#100,.T.);
#1858=EDGE_CURVE('',#2433,#2207,#2889,.T.);
#1859=EDGE_CURVE('',#2418,#2197,#2890,.T.);
#1860=EDGE_CURVE('',#2434,#2434,#170,.F.);
#1861=EDGE_CURVE('',#2198,#2435,#2891,.T.);
#1862=EDGE_CURVE('',#2435,#2260,#2892,.T.);
#1863=EDGE_CURVE('',#2259,#2436,#2893,.F.);
#1864=EDGE_CURVE('',#2436,#2181,#101,.T.);
#1865=EDGE_CURVE('',#2180,#2187,#102,.T.);
#1866=EDGE_CURVE('',#2437,#2428,#2894,.T.);
#1867=EDGE_CURVE('',#2438,#2437,#2895,.T.);
#1868=EDGE_CURVE('',#2438,#2407,#2896,.F.);
#1869=EDGE_CURVE('',#2430,#2425,#103,.T.);
#1870=EDGE_CURVE('',#2426,#2429,#171,.T.);
#1871=EDGE_CURVE('',#2437,#2422,#104,.T.);
#1872=EDGE_CURVE('',#2438,#2421,#172,.T.);
#1873=EDGE_CURVE('',#2146,#2417,#2897,.T.);
#1874=EDGE_CURVE('',#2411,#2155,#2898,.T.);
#1875=EDGE_CURVE('',#2156,#2410,#2899,.T.);
#1876=EDGE_CURVE('',#2439,#2352,#2900,.T.);
#1877=EDGE_CURVE('',#2439,#2440,#2901,.T.);
#1878=EDGE_CURVE('',#2440,#2353,#2902,.T.);
#1879=EDGE_CURVE('',#2351,#2441,#2903,.F.);
#1880=EDGE_CURVE('',#2439,#2441,#2904,.T.);
#1881=EDGE_CURVE('',#2440,#2442,#2905,.T.);
#1882=EDGE_CURVE('',#2442,#2354,#2906,.T.);
#1883=EDGE_CURVE('',#2443,#2443,#173,.T.);
#1884=EDGE_CURVE('',#2444,#2444,#174,.T.);
#1885=EDGE_CURVE('',#2445,#2445,#175,.T.);
#1886=EDGE_CURVE('',#2446,#2446,#176,.T.);
#1887=EDGE_CURVE('',#2447,#2448,#2907,.T.);
#1888=EDGE_CURVE('',#2448,#2449,#2908,.F.);
#1889=EDGE_CURVE('',#2449,#2442,#2909,.T.);
#1890=EDGE_CURVE('',#2441,#2450,#2910,.F.);
#1891=EDGE_CURVE('',#2450,#2447,#2911,.F.);
#1892=EDGE_CURVE('',#2451,#2451,#177,.T.);
#1893=EDGE_CURVE('',#2452,#2452,#178,.T.);
#1894=EDGE_CURVE('',#2347,#2453,#2912,.T.);
#1895=EDGE_CURVE('',#2454,#2453,#2913,.T.);
#1896=EDGE_CURVE('',#2348,#2454,#2914,.T.);
#1897=EDGE_CURVE('',#2455,#2456,#2915,.T.);
#1898=EDGE_CURVE('',#2456,#2350,#2916,.T.);
#1899=EDGE_CURVE('',#2349,#2455,#2917,.T.);
#1900=EDGE_CURVE('',#2455,#2454,#2918,.T.);
#1901=EDGE_CURVE('',#2457,#2458,#2919,.T.);
#1902=EDGE_CURVE('',#2458,#2456,#2920,.T.);
#1903=EDGE_CURVE('',#2453,#2459,#2921,.T.);
#1904=EDGE_CURVE('',#2459,#2460,#2922,.T.);
#1905=EDGE_CURVE('',#2460,#2461,#2923,.T.);
#1906=EDGE_CURVE('',#2462,#2461,#2924,.T.);
#1907=EDGE_CURVE('',#2462,#2457,#2925,.T.);
#1908=EDGE_CURVE('',#2461,#2344,#2926,.T.);
#1909=EDGE_CURVE('',#2462,#2343,#2927,.T.);
#1910=EDGE_CURVE('',#2341,#2458,#2928,.T.);
#1911=EDGE_CURVE('',#2342,#2457,#2929,.T.);
#1912=EDGE_CURVE('',#2463,#2464,#2930,.T.);
#1913=EDGE_CURVE('',#2464,#2465,#2931,.T.);
#1914=EDGE_CURVE('',#2466,#2465,#2932,.T.);
#1915=EDGE_CURVE('',#2463,#2466,#2933,.T.);
#1916=EDGE_CURVE('',#2467,#2468,#2934,.T.);
#1917=EDGE_CURVE('',#2468,#2469,#2935,.T.);
#1918=EDGE_CURVE('',#2470,#2469,#2936,.T.);
#1919=EDGE_CURVE('',#2470,#2467,#2937,.T.);
#1920=EDGE_CURVE('',#2470,#2463,#2938,.T.);
#1921=EDGE_CURVE('',#2467,#2466,#2939,.T.);
#1922=EDGE_CURVE('',#2201,#2468,#2940,.F.);
#1923=EDGE_CURVE('',#2465,#2471,#2941,.T.);
#1924=EDGE_CURVE('',#2472,#2471,#2942,.T.);
#1925=EDGE_CURVE('',#2472,#2473,#2943,.T.);
#1926=EDGE_CURVE('',#2474,#2473,#2944,.T.);
#1927=EDGE_CURVE('',#2474,#2475,#2945,.T.);
#1928=EDGE_CURVE('',#2475,#2476,#2946,.T.);
#1929=EDGE_CURVE('',#2476,#2202,#2947,.T.);
#1930=EDGE_CURVE('',#2473,#2477,#2948,.T.);
#1931=EDGE_CURVE('',#2478,#2477,#2949,.T.);
#1932=EDGE_CURVE('',#2474,#2478,#2950,.T.);
#1933=EDGE_CURVE('',#2469,#2479,#2951,.T.);
#1934=EDGE_CURVE('',#2480,#2479,#2952,.T.);
#1935=EDGE_CURVE('',#2478,#2480,#2953,.T.);
#1936=EDGE_CURVE('',#2477,#2481,#2954,.T.);
#1937=EDGE_CURVE('',#2482,#2481,#2955,.T.);
#1938=EDGE_CURVE('',#2482,#2464,#2956,.T.);
#1939=EDGE_CURVE('',#2479,#2476,#2957,.T.);
#1940=EDGE_CURVE('',#2480,#2475,#2958,.T.);
#1941=EDGE_CURVE('',#2471,#2482,#2959,.T.);
#1942=EDGE_CURVE('',#2481,#2472,#2960,.T.);
#1943=EDGE_CURVE('',#2459,#2346,#2961,.T.);
#1944=EDGE_CURVE('',#2345,#2460,#2962,.T.);
#1945=EDGE_CURVE('',#2483,#2139,#2963,.T.);
#1946=EDGE_CURVE('',#2483,#2484,#2964,.T.);
#1947=EDGE_CURVE('',#2484,#2140,#2965,.T.);
#1948=EDGE_CURVE('',#2139,#2142,#105,.T.);
#1949=EDGE_CURVE('',#2485,#2142,#2966,.T.);
#1950=EDGE_CURVE('',#2483,#2485,#2967,.T.);
#1951=EDGE_CURVE('',#2486,#2141,#2968,.T.);
#1952=EDGE_CURVE('',#2485,#2486,#2969,.T.);
#1953=EDGE_CURVE('',#2484,#2486,#2970,.T.);
#1954=EDGE_CURVE('',#2487,#2488,#2971,.T.);
#1955=EDGE_CURVE('',#2488,#2203,#2972,.T.);
#1956=EDGE_CURVE('',#2487,#2479,#2973,.F.);
#1957=EDGE_CURVE('',#2199,#2487,#2974,.T.);
#1958=EDGE_CURVE('',#2200,#2469,#2975,.T.);
#1959=EDGE_CURVE('',#2257,#2456,#2976,.F.);
#1960=EDGE_CURVE('',#2489,#2458,#2977,.T.);
#1961=EDGE_CURVE('',#2489,#2258,#2978,.T.);
#1962=EDGE_CURVE('',#2178,#2490,#2979,.F.);
#1963=EDGE_CURVE('',#2490,#2489,#2980,.F.);
#1964=EDGE_CURVE('',#2327,#2337,#2981,.T.);
#1965=EDGE_CURVE('',#2328,#2336,#2982,.T.);
#1966=EDGE_CURVE('',#2329,#2339,#2983,.T.);
#1967=EDGE_CURVE('',#2326,#2338,#2984,.T.);
#1968=EDGE_CURVE('',#2491,#2491,#179,.T.);
#1969=EDGE_CURVE('',#2492,#2492,#180,.T.);
#1970=EDGE_CURVE('',#2270,#2321,#2985,.T.);
#1971=EDGE_CURVE('',#2320,#2269,#2986,.T.);
#1972=EDGE_CURVE('',#2240,#2312,#2987,.T.);
#1973=EDGE_CURVE('',#2239,#2313,#2988,.T.);
#1974=EDGE_CURVE('',#2493,#2493,#181,.T.);
#1975=EDGE_CURVE('',#2494,#2494,#182,.T.);
#1976=EDGE_CURVE('',#2495,#2495,#183,.T.);
#1977=EDGE_CURVE('',#2496,#2496,#184,.T.);
#1978=EDGE_CURVE('',#2239,#2288,#2989,.T.);
#1979=EDGE_CURVE('',#2313,#2287,#2990,.T.);
#1980=EDGE_CURVE('',#2320,#2292,#2991,.F.);
#1981=EDGE_CURVE('',#2269,#2291,#2992,.F.);
#1982=EDGE_CURVE('',#2401,#2448,#2993,.T.);
#1983=EDGE_CURVE('',#2447,#2403,#2994,.T.);
#1984=EDGE_CURVE('',#2497,#2497,#185,.T.);
#1985=EDGE_CURVE('',#2498,#2498,#186,.T.);
#1986=EDGE_CURVE('',#2499,#2293,#2995,.T.);
#1987=EDGE_CURVE('',#2499,#2500,#2996,.T.);
#1988=EDGE_CURVE('',#2500,#2295,#2997,.T.);
#1989=EDGE_CURVE('',#2501,#2294,#2998,.T.);
#1990=EDGE_CURVE('',#2501,#2502,#2999,.T.);
#1991=EDGE_CURVE('',#2499,#2502,#3000,.T.);
#1992=EDGE_CURVE('',#2503,#2296,#3001,.T.);
#1993=EDGE_CURVE('',#2503,#2501,#3002,.T.);
#1994=EDGE_CURVE('',#2504,#2185,#3003,.T.);
#1995=EDGE_CURVE('',#2505,#2183,#3004,.T.);
#1996=EDGE_CURVE('',#2505,#2504,#3005,.T.);
#1997=EDGE_CURVE('',#2506,#2506,#187,.T.);
#1998=EDGE_CURVE('',#2507,#2507,#188,.T.);
#1999=EDGE_CURVE('',#2508,#2184,#3006,.T.);
#2000=EDGE_CURVE('',#2505,#2508,#3007,.T.);
#2001=EDGE_CURVE('',#2509,#2186,#3008,.T.);
#2002=EDGE_CURVE('',#2508,#2509,#3009,.T.);
#2003=EDGE_CURVE('',#2504,#2509,#3010,.T.);
#2004=EDGE_CURVE('',#2500,#2510,#3011,.T.);
#2005=EDGE_CURVE('',#2510,#2503,#3012,.T.);
#2006=EDGE_CURVE('',#2502,#2510,#3013,.T.);
#2007=EDGE_CURVE('',#2189,#2299,#3014,.T.);
#2008=EDGE_CURVE('',#2190,#2297,#3015,.T.);
#2009=EDGE_CURVE('',#2511,#2298,#3016,.T.);
#2010=EDGE_CURVE('',#2170,#2511,#3017,.T.);
#2011=EDGE_CURVE('',#2171,#2512,#3018,.T.);
#2012=EDGE_CURVE('',#2512,#2300,#3019,.T.);
#2013=EDGE_CURVE('',#2511,#2512,#3020,.T.);
#2014=EDGE_CURVE('',#2513,#2513,#106,.T.);
#2015=EDGE_CURVE('',#2514,#2514,#189,.T.);
#2016=EDGE_CURVE('',#2515,#2515,#107,.T.);
#2017=EDGE_CURVE('',#2516,#2516,#190,.T.);
#2018=EDGE_CURVE('',#2518,#2518,#191,.T.);
#2019=EDGE_CURVE('',#2519,#2519,#192,.T.);
#2020=EDGE_CURVE('',#2520,#2520,#193,.T.);
#2021=EDGE_CURVE('',#2522,#2522,#194,.T.);
#2022=EDGE_CURVE('',#2523,#2523,#195,.T.);
#2023=EDGE_CURVE('',#2524,#2524,#196,.T.);
#2024=EDGE_CURVE('',#2526,#2526,#197,.T.);
#2025=EDGE_CURVE('',#2527,#2527,#198,.T.);
#2026=EDGE_CURVE('',#2528,#2528,#199,.T.);
#2027=EDGE_CURVE('',#2530,#2530,#200,.T.);
#2028=EDGE_CURVE('',#2531,#2531,#201,.T.);
#2029=EDGE_CURVE('',#2532,#2532,#202,.T.);
#2030=EDGE_CURVE('',#2191,#2302,#108,.F.);
#2031=EDGE_CURVE('',#2182,#2188,#109,.F.);
#2032=EDGE_CURVE('',#2404,#2364,#3021,.T.);
#2033=EDGE_CURVE('',#2363,#2402,#3022,.F.);
#2034=EDGE_CURVE('',#2318,#2379,#3023,.F.);
#2035=EDGE_CURVE('',#2309,#2378,#3024,.T.);
#2036=EDGE_CURVE('',#2533,#2534,#3025,.T.);
#2037=EDGE_CURVE('',#2534,#2279,#3026,.T.);
#2038=EDGE_CURVE('',#2533,#2277,#3027,.T.);
#2039=EDGE_CURVE('',#2535,#2278,#3028,.T.);
#2040=EDGE_CURVE('',#2533,#2535,#3029,.T.);
#2041=EDGE_CURVE('',#2536,#2280,#3030,.T.);
#2042=EDGE_CURVE('',#2535,#2536,#3031,.T.);
#2043=EDGE_CURVE('',#2534,#2536,#3032,.T.);
#2044=EDGE_CURVE('',#2265,#2537,#3033,.T.);
#2045=EDGE_CURVE('',#2538,#2537,#3034,.T.);
#2046=EDGE_CURVE('',#2264,#2538,#3035,.T.);
#2047=EDGE_CURVE('',#2538,#2539,#3036,.T.);
#2048=EDGE_CURVE('',#2266,#2539,#3037,.T.);
#2049=EDGE_CURVE('',#2539,#2540,#3038,.T.);
#2050=EDGE_CURVE('',#2267,#2540,#3039,.T.);
#2051=EDGE_CURVE('',#2537,#2540,#3040,.T.);
#2052=EDGE_CURVE('',#2174,#2436,#110,.T.);
#2053=EDGE_CURVE('',#2433,#2167,#111,.T.);
#2054=EDGE_CURVE('',#2541,#2542,#3041,.T.);
#2055=EDGE_CURVE('',#2541,#2543,#3042,.T.);
#2056=EDGE_CURVE('',#2543,#2544,#3043,.T.);
#2057=EDGE_CURVE('',#2542,#2544,#3044,.T.);
#2058=EDGE_CURVE('',#2545,#2546,#3045,.T.);
#2059=EDGE_CURVE('',#2545,#2547,#3046,.T.);
#2060=EDGE_CURVE('',#2547,#2548,#3047,.T.);
#2061=EDGE_CURVE('',#2546,#2548,#3048,.T.);
#2062=EDGE_CURVE('',#2549,#2550,#112,.T.);
#2063=EDGE_CURVE('',#2551,#2549,#113,.T.);
#2064=EDGE_CURVE('',#2552,#2551,#114,.T.);
#2065=EDGE_CURVE('',#2550,#2552,#115,.T.);
#2066=EDGE_CURVE('',#2552,#2553,#3049,.T.);
#2067=EDGE_CURVE('',#2553,#2554,#116,.T.);
#2068=EDGE_CURVE('',#2550,#2554,#3050,.T.);
#2069=EDGE_CURVE('',#2555,#2555,#203,.T.);
#2070=EDGE_CURVE('',#2556,#2556,#204,.T.);
#2071=EDGE_CURVE('',#2554,#2557,#117,.T.);
#2072=EDGE_CURVE('',#2558,#2553,#118,.T.);
#2073=EDGE_CURVE('',#2557,#2558,#119,.T.);
#2074=EDGE_CURVE('',#2558,#2548,#3051,.T.);
#2075=EDGE_CURVE('',#2557,#2547,#3052,.T.);
#2076=EDGE_CURVE('',#2559,#2559,#205,.T.);
#2077=EDGE_CURVE('',#2560,#2560,#206,.T.);
#2078=EDGE_CURVE('',#2551,#2546,#3053,.T.);
#2079=EDGE_CURVE('',#2549,#2545,#3054,.T.);
#2080=EDGE_CURVE('',#2561,#2561,#207,.T.);
#2081=EDGE_CURVE('',#2562,#2562,#208,.T.);
#2082=EDGE_CURVE('',#2563,#2563,#209,.T.);
#2083=EDGE_CURVE('',#2564,#2564,#210,.T.);
#2084=EDGE_CURVE('',#2565,#2565,#211,.T.);
#2085=EDGE_CURVE('',#2566,#2566,#212,.T.);
#2086=EDGE_CURVE('',#2567,#2567,#213,.T.);
#2087=EDGE_CURVE('',#2568,#2568,#214,.T.);
#2088=EDGE_CURVE('',#2569,#2569,#215,.T.);
#2089=EDGE_CURVE('',#2570,#2570,#216,.T.);
#2090=EDGE_CURVE('',#2571,#2571,#217,.T.);
#2091=EDGE_CURVE('',#2572,#2572,#218,.T.);
#2092=EDGE_CURVE('',#2573,#2573,#219,.T.);
#2093=EDGE_CURVE('',#2574,#2575,#120,.T.);
#2094=EDGE_CURVE('',#2576,#2574,#121,.T.);
#2095=EDGE_CURVE('',#2577,#2576,#122,.T.);
#2096=EDGE_CURVE('',#2575,#2577,#123,.T.);
#2097=EDGE_CURVE('',#2577,#2578,#3055,.T.);
#2098=EDGE_CURVE('',#2578,#2579,#124,.T.);
#2099=EDGE_CURVE('',#2575,#2579,#3056,.T.);
#2100=EDGE_CURVE('',#2580,#2580,#220,.T.);
#2101=EDGE_CURVE('',#2579,#2581,#125,.T.);
#2102=EDGE_CURVE('',#2582,#2578,#126,.T.);
#2103=EDGE_CURVE('',#2581,#2582,#127,.T.);
#2104=EDGE_CURVE('',#2582,#2544,#3057,.T.);
#2105=EDGE_CURVE('',#2581,#2543,#3058,.T.);
#2106=EDGE_CURVE('',#2576,#2542,#3059,.T.);
#2107=EDGE_CURVE('',#2574,#2541,#3060,.T.);
#2108=EDGE_CURVE('',#2212,#2234,#3061,.T.);
#2109=EDGE_CURVE('',#2214,#2233,#3062,.T.);
#2110=EDGE_CURVE('',#2215,#2236,#3063,.T.);
#2111=EDGE_CURVE('',#2213,#2235,#3064,.T.);
#2112=EDGE_CURVE('',#2217,#2249,#3065,.T.);
#2113=EDGE_CURVE('',#2218,#2248,#3066,.T.);
#2114=EDGE_CURVE('',#2219,#2251,#3067,.T.);
#2115=EDGE_CURVE('',#2216,#2250,#3068,.T.);
#2116=EDGE_CURVE('',#2221,#2229,#3069,.T.);
#2117=EDGE_CURVE('',#2222,#2228,#3070,.T.);
#2118=EDGE_CURVE('',#2223,#2231,#3071,.T.);
#2119=EDGE_CURVE('',#2220,#2230,#3072,.T.);
#2120=EDGE_CURVE('',#2225,#2253,#3073,.T.);
#2121=EDGE_CURVE('',#2226,#2252,#3074,.T.);
#2122=EDGE_CURVE('',#2227,#2255,#3075,.T.);
#2123=EDGE_CURVE('',#2224,#2254,#3076,.T.);
#2124=EDGE_CURVE('',#2432,#2409,#3077,.F.);
#2125=EDGE_CURVE('',#2418,#2435,#3078,.T.);
#2126=EDGE_CURVE('',#2490,#2177,#128,.T.);
#2127=EDGE_CURVE('',#2142,#2490,#129,.T.);
#2128=EDGE_CURVE('',#2164,#2583,#130,.T.);
#2129=EDGE_CURVE('',#2488,#2583,#3079,.T.);
#2130=EDGE_CURVE('',#2583,#2136,#131,.T.);
#2131=EDGE_CURVE('',#2159,#2163,#132,.T.);
#2132=EDGE_CURVE('',#2584,#2584,#221,.T.);
#2133=EDGE_CURVE('',#2585,#2585,#222,.T.);
#2134=VERTEX_POINT('',#6321);
#2135=VERTEX_POINT('',#6322);
#2136=VERTEX_POINT('',#6324);
#2137=VERTEX_POINT('',#6326);
#2138=VERTEX_POINT('',#6328);
#2139=VERTEX_POINT('',#6330);
#2140=VERTEX_POINT('',#6332);
#2141=VERTEX_POINT('',#6334);
#2142=VERTEX_POINT('',#6336);
#2143=VERTEX_POINT('',#6338);
#2144=VERTEX_POINT('',#6340);
#2145=VERTEX_POINT('',#6342);
#2146=VERTEX_POINT('',#6344);
#2147=VERTEX_POINT('',#6346);
#2148=VERTEX_POINT('',#6348);
#2149=VERTEX_POINT('',#6350);
#2150=VERTEX_POINT('',#6352);
#2151=VERTEX_POINT('',#6354);
#2152=VERTEX_POINT('',#6356);
#2153=VERTEX_POINT('',#6358);
#2154=VERTEX_POINT('',#6360);
#2155=VERTEX_POINT('',#6362);
#2156=VERTEX_POINT('',#6364);
#2157=VERTEX_POINT('',#6368);
#2158=VERTEX_POINT('',#6370);
#2159=VERTEX_POINT('',#6376);
#2160=VERTEX_POINT('',#6378);
#2161=VERTEX_POINT('',#6380);
#2162=VERTEX_POINT('',#6382);
#2163=VERTEX_POINT('',#6384);
#2164=VERTEX_POINT('',#6389);
#2165=VERTEX_POINT('',#6391);
#2166=VERTEX_POINT('',#6393);
#2167=VERTEX_POINT('',#6395);
#2168=VERTEX_POINT('',#6400);
#2169=VERTEX_POINT('',#6402);
#2170=VERTEX_POINT('',#6404);
#2171=VERTEX_POINT('',#6406);
#2172=VERTEX_POINT('',#6408);
#2173=VERTEX_POINT('',#6410);
#2174=VERTEX_POINT('',#6415);
#2175=VERTEX_POINT('',#6417);
#2176=VERTEX_POINT('',#6419);
#2177=VERTEX_POINT('',#6421);
#2178=VERTEX_POINT('',#6431);
#2179=VERTEX_POINT('',#6433);
#2180=VERTEX_POINT('',#6437);
#2181=VERTEX_POINT('',#6438);
#2182=VERTEX_POINT('',#6443);
#2183=VERTEX_POINT('',#6450);
#2184=VERTEX_POINT('',#6451);
#2185=VERTEX_POINT('',#6453);
#2186=VERTEX_POINT('',#6455);
#2187=VERTEX_POINT('',#6467);
#2188=VERTEX_POINT('',#6468);
#2189=VERTEX_POINT('',#6474);
#2190=VERTEX_POINT('',#6476);
#2191=VERTEX_POINT('',#6482);
#2192=VERTEX_POINT('',#6493);
#2193=VERTEX_POINT('',#6495);
#2194=VERTEX_POINT('',#6497);
#2195=VERTEX_POINT('',#6499);
#2196=VERTEX_POINT('',#6501);
#2197=VERTEX_POINT('',#6503);
#2198=VERTEX_POINT('',#6505);
#2199=VERTEX_POINT('',#6509);
#2200=VERTEX_POINT('',#6511);
#2201=VERTEX_POINT('',#6513);
#2202=VERTEX_POINT('',#6515);
#2203=VERTEX_POINT('',#6517);
#2204=VERTEX_POINT('',#6520);
#2205=VERTEX_POINT('',#6522);
#2206=VERTEX_POINT('',#6524);
#2207=VERTEX_POINT('',#6526);
#2208=VERTEX_POINT('',#6529);
#2209=VERTEX_POINT('',#6531);
#2210=VERTEX_POINT('',#6533);
#2211=VERTEX_POINT('',#6535);
#2212=VERTEX_POINT('',#6537);
#2213=VERTEX_POINT('',#6538);
#2214=VERTEX_POINT('',#6540);
#2215=VERTEX_POINT('',#6542);
#2216=VERTEX_POINT('',#6545);
#2217=VERTEX_POINT('',#6546);
#2218=VERTEX_POINT('',#6548);
#2219=VERTEX_POINT('',#6550);
#2220=VERTEX_POINT('',#6553);
#2221=VERTEX_POINT('',#6554);
#2222=VERTEX_POINT('',#6556);
#2223=VERTEX_POINT('',#6558);
#2224=VERTEX_POINT('',#6561);
#2225=VERTEX_POINT('',#6562);
#2226=VERTEX_POINT('',#6564);
#2227=VERTEX_POINT('',#6566);
#2228=VERTEX_POINT('',#6570);
#2229=VERTEX_POINT('',#6571);
#2230=VERTEX_POINT('',#6573);
#2231=VERTEX_POINT('',#6575);
#2232=VERTEX_POINT('',#6578);
#2233=VERTEX_POINT('',#6580);
#2234=VERTEX_POINT('',#6581);
#2235=VERTEX_POINT('',#6583);
#2236=VERTEX_POINT('',#6585);
#2237=VERTEX_POINT('',#6588);
#2238=VERTEX_POINT('',#6589);
#2239=VERTEX_POINT('',#6591);
#2240=VERTEX_POINT('',#6593);
#2241=VERTEX_POINT('',#6595);
#2242=VERTEX_POINT('',#6597);
#2243=VERTEX_POINT('',#6599);
#2244=VERTEX_POINT('',#6601);
#2245=VERTEX_POINT('',#6604);
#2246=VERTEX_POINT('',#6606);
#2247=VERTEX_POINT('',#6608);
#2248=VERTEX_POINT('',#6610);
#2249=VERTEX_POINT('',#6611);
#2250=VERTEX_POINT('',#6613);
#2251=VERTEX_POINT('',#6615);
#2252=VERTEX_POINT('',#6618);
#2253=VERTEX_POINT('',#6619);
#2254=VERTEX_POINT('',#6621);
#2255=VERTEX_POINT('',#6623);
#2256=VERTEX_POINT('',#6627);
#2257=VERTEX_POINT('',#6629);
#2258=VERTEX_POINT('',#6630);
#2259=VERTEX_POINT('',#6633);
#2260=VERTEX_POINT('',#6635);
#2261=VERTEX_POINT('',#6637);
#2262=VERTEX_POINT('',#6639);
#2263=VERTEX_POINT('',#6641);
#2264=VERTEX_POINT('',#6644);
#2265=VERTEX_POINT('',#6645);
#2266=VERTEX_POINT('',#6647);
#2267=VERTEX_POINT('',#6649);
#2268=VERTEX_POINT('',#6653);
#2269=VERTEX_POINT('',#6655);
#2270=VERTEX_POINT('',#6656);
#2271=VERTEX_POINT('',#6658);
#2272=VERTEX_POINT('',#6660);
#2273=VERTEX_POINT('',#6662);
#2274=VERTEX_POINT('',#6664);
#2275=VERTEX_POINT('',#6666);
#2276=VERTEX_POINT('',#6668);
#2277=VERTEX_POINT('',#6671);
#2278=VERTEX_POINT('',#6672);
#2279=VERTEX_POINT('',#6674);
#2280=VERTEX_POINT('',#6676);
#2281=VERTEX_POINT('',#6680);
#2282=VERTEX_POINT('',#6682);
#2283=VERTEX_POINT('',#6684);
#2284=VERTEX_POINT('',#6686);
#2285=VERTEX_POINT('',#6688);
#2286=VERTEX_POINT('',#6689);
#2287=VERTEX_POINT('',#6691);
#2288=VERTEX_POINT('',#6693);
#2289=VERTEX_POINT('',#6695);
#2290=VERTEX_POINT('',#6697);
#2291=VERTEX_POINT('',#6699);
#2292=VERTEX_POINT('',#6701);
#2293=VERTEX_POINT('',#6704);
#2294=VERTEX_POINT('',#6705);
#2295=VERTEX_POINT('',#6707);
#2296=VERTEX_POINT('',#6709);
#2297=VERTEX_POINT('',#6712);
#2298=VERTEX_POINT('',#6713);
#2299=VERTEX_POINT('',#6715);
#2300=VERTEX_POINT('',#6717);
#2301=VERTEX_POINT('',#6724);
#2302=VERTEX_POINT('',#6725);
#2303=VERTEX_POINT('',#6730);
#2304=VERTEX_POINT('',#6734);
#2305=VERTEX_POINT('',#6736);
#2306=VERTEX_POINT('',#6739);
#2307=VERTEX_POINT('',#6741);
#2308=VERTEX_POINT('',#6744);
#2309=VERTEX_POINT('',#6745);
#2310=VERTEX_POINT('',#6747);
#2311=VERTEX_POINT('',#6749);
#2312=VERTEX_POINT('',#6751);
#2313=VERTEX_POINT('',#6753);
#2314=VERTEX_POINT('',#6757);
#2315=VERTEX_POINT('',#6759);
#2316=VERTEX_POINT('',#6764);
#2317=VERTEX_POINT('',#6765);
#2318=VERTEX_POINT('',#6767);
#2319=VERTEX_POINT('',#6769);
#2320=VERTEX_POINT('',#6771);
#2321=VERTEX_POINT('',#6773);
#2322=VERTEX_POINT('',#6777);
#2323=VERTEX_POINT('',#6779);
#2324=VERTEX_POINT('',#6781);
#2325=VERTEX_POINT('',#6783);
#2326=VERTEX_POINT('',#6788);
#2327=VERTEX_POINT('',#6789);
#2328=VERTEX_POINT('',#6791);
#2329=VERTEX_POINT('',#6793);
#2330=VERTEX_POINT('',#6797);
#2331=VERTEX_POINT('',#6799);
#2332=VERTEX_POINT('',#6801);
#2333=VERTEX_POINT('',#6803);
#2334=VERTEX_POINT('',#6805);
#2335=VERTEX_POINT('',#6807);
#2336=VERTEX_POINT('',#6810);
#2337=VERTEX_POINT('',#6811);
#2338=VERTEX_POINT('',#6813);
#2339=VERTEX_POINT('',#6815);
#2340=VERTEX_POINT('',#6819);
#2341=VERTEX_POINT('',#6822);
#2342=VERTEX_POINT('',#6824);
#2343=VERTEX_POINT('',#6826);
#2344=VERTEX_POINT('',#6828);
#2345=VERTEX_POINT('',#6830);
#2346=VERTEX_POINT('',#6832);
#2347=VERTEX_POINT('',#6834);
#2348=VERTEX_POINT('',#6836);
#2349=VERTEX_POINT('',#6838);
#2350=VERTEX_POINT('',#6840);
#2351=VERTEX_POINT('',#6845);
#2352=VERTEX_POINT('',#6847);
#2353=VERTEX_POINT('',#6849);
#2354=VERTEX_POINT('',#6851);
#2355=VERTEX_POINT('',#6856);
#2356=VERTEX_POINT('',#6858);
#2357=VERTEX_POINT('',#6862);
#2358=VERTEX_POINT('',#6864);
#2359=VERTEX_POINT('',#6868);
#2360=VERTEX_POINT('',#6875);
#2361=VERTEX_POINT('',#6877);
#2362=VERTEX_POINT('',#6881);
#2363=VERTEX_POINT('',#6882);
#2364=VERTEX_POINT('',#6884);
#2365=VERTEX_POINT('',#6886);
#2366=VERTEX_POINT('',#6897);
#2367=VERTEX_POINT('',#6898);
#2368=VERTEX_POINT('',#6900);
#2369=VERTEX_POINT('',#6902);
#2370=VERTEX_POINT('',#6904);
#2371=VERTEX_POINT('',#6914);
#2372=VERTEX_POINT('',#6916);
#2373=VERTEX_POINT('',#6918);
#2374=VERTEX_POINT('',#6920);
#2375=VERTEX_POINT('',#6922);
#2376=VERTEX_POINT('',#6924);
#2377=VERTEX_POINT('',#6926);
#2378=VERTEX_POINT('',#6930);
#2379=VERTEX_POINT('',#6932);
#2380=VERTEX_POINT('',#6934);
#2381=VERTEX_POINT('',#6937);
#2382=VERTEX_POINT('',#6940);
#2383=VERTEX_POINT('',#6944);
#2384=VERTEX_POINT('',#6945);
#2385=VERTEX_POINT('',#6948);
#2386=VERTEX_POINT('',#6950);
#2387=VERTEX_POINT('',#6952);
#2388=VERTEX_POINT('',#6957);
#2389=VERTEX_POINT('',#6962);
#2390=VERTEX_POINT('',#6971);
#2391=VERTEX_POINT('',#6975);
#2392=VERTEX_POINT('',#6979);
#2393=VERTEX_POINT('',#6980);
#2394=VERTEX_POINT('',#6983);
#2395=VERTEX_POINT('',#6985);
#2396=VERTEX_POINT('',#7021);
#2397=VERTEX_POINT('',#7051);
#2398=VERTEX_POINT('',#7054);
#2399=VERTEX_POINT('',#7057);
#2400=VERTEX_POINT('',#7060);
#2401=VERTEX_POINT('',#7062);
#2402=VERTEX_POINT('',#7064);
#2403=VERTEX_POINT('',#7068);
#2404=VERTEX_POINT('',#7069);
#2405=VERTEX_POINT('',#7071);
#2406=VERTEX_POINT('',#7076);
#2407=VERTEX_POINT('',#7078);
#2408=VERTEX_POINT('',#7080);
#2409=VERTEX_POINT('',#7084);
#2410=VERTEX_POINT('',#7087);
#2411=VERTEX_POINT('',#7089);
#2412=VERTEX_POINT('',#7091);
#2413=VERTEX_POINT('',#7093);
#2414=VERTEX_POINT('',#7096);
#2415=VERTEX_POINT('',#7098);
#2416=VERTEX_POINT('',#7100);
#2417=VERTEX_POINT('',#7102);
#2418=VERTEX_POINT('',#7105);
#2419=VERTEX_POINT('',#7109);
#2420=VERTEX_POINT('',#7111);
#2421=VERTEX_POINT('',#7115);
#2422=VERTEX_POINT('',#7117);
#2423=VERTEX_POINT('',#7119);
#2424=VERTEX_POINT('',#7123);
#2425=VERTEX_POINT('',#7125);
#2426=VERTEX_POINT('',#7127);
#2427=VERTEX_POINT('',#7131);
#2428=VERTEX_POINT('',#7167);
#2429=VERTEX_POINT('',#7171);
#2430=VERTEX_POINT('',#7173);
#2431=VERTEX_POINT('',#7179);
#2432=VERTEX_POINT('',#7181);
#2433=VERTEX_POINT('',#7200);
#2434=VERTEX_POINT('',#7206);
#2435=VERTEX_POINT('',#7208);
#2436=VERTEX_POINT('',#7211);
#2437=VERTEX_POINT('',#7231);
#2438=VERTEX_POINT('',#7233);
#2439=VERTEX_POINT('',#7361);
#2440=VERTEX_POINT('',#7363);
#2441=VERTEX_POINT('',#7367);
#2442=VERTEX_POINT('',#7371);
#2443=VERTEX_POINT('',#7375);
#2444=VERTEX_POINT('',#7377);
#2445=VERTEX_POINT('',#7379);
#2446=VERTEX_POINT('',#7381);
#2447=VERTEX_POINT('',#7383);
#2448=VERTEX_POINT('',#7384);
#2449=VERTEX_POINT('',#7386);
#2450=VERTEX_POINT('',#7389);
#2451=VERTEX_POINT('',#7394);
#2452=VERTEX_POINT('',#7399);
#2453=VERTEX_POINT('',#7403);
#2454=VERTEX_POINT('',#7405);
#2455=VERTEX_POINT('',#7409);
#2456=VERTEX_POINT('',#7410);
#2457=VERTEX_POINT('',#7417);
#2458=VERTEX_POINT('',#7418);
#2459=VERTEX_POINT('',#7421);
#2460=VERTEX_POINT('',#7423);
#2461=VERTEX_POINT('',#7425);
#2462=VERTEX_POINT('',#7427);
#2463=VERTEX_POINT('',#7438);
#2464=VERTEX_POINT('',#7439);
#2465=VERTEX_POINT('',#7441);
#2466=VERTEX_POINT('',#7443);
#2467=VERTEX_POINT('',#7447);
#2468=VERTEX_POINT('',#7448);
#2469=VERTEX_POINT('',#7450);
#2470=VERTEX_POINT('',#7452);
#2471=VERTEX_POINT('',#7460);
#2472=VERTEX_POINT('',#7462);
#2473=VERTEX_POINT('',#7464);
#2474=VERTEX_POINT('',#7466);
#2475=VERTEX_POINT('',#7468);
#2476=VERTEX_POINT('',#7470);
#2477=VERTEX_POINT('',#7474);
#2478=VERTEX_POINT('',#7476);
#2479=VERTEX_POINT('',#7480);
#2480=VERTEX_POINT('',#7482);
#2481=VERTEX_POINT('',#7485);
#2482=VERTEX_POINT('',#7487);
#2483=VERTEX_POINT('',#7505);
#2484=VERTEX_POINT('',#7507);
#2485=VERTEX_POINT('',#7515);
#2486=VERTEX_POINT('',#7519);
#2487=VERTEX_POINT('',#7525);
#2488=VERTEX_POINT('',#7526);
#2489=VERTEX_POINT('',#7537);
#2490=VERTEX_POINT('',#7541);
#2491=VERTEX_POINT('',#7557);
#2492=VERTEX_POINT('',#7560);
#2493=VERTEX_POINT('',#7571);
#2494=VERTEX_POINT('',#7574);
#2495=VERTEX_POINT('',#7578);
#2496=VERTEX_POINT('',#7581);
#2497=VERTEX_POINT('',#7599);
#2498=VERTEX_POINT('',#7601);
#2499=VERTEX_POINT('',#7603);
#2500=VERTEX_POINT('',#7605);
#2501=VERTEX_POINT('',#7609);
#2502=VERTEX_POINT('',#7611);
#2503=VERTEX_POINT('',#7615);
#2504=VERTEX_POINT('',#7619);
#2505=VERTEX_POINT('',#7621);
#2506=VERTEX_POINT('',#7625);
#2507=VERTEX_POINT('',#7627);
#2508=VERTEX_POINT('',#7629);
#2509=VERTEX_POINT('',#7633);
#2510=VERTEX_POINT('',#7639);
#2511=VERTEX_POINT('',#7652);
#2512=VERTEX_POINT('',#7656);
#2513=VERTEX_POINT('',#7673);
#2514=VERTEX_POINT('',#7675);
#2515=VERTEX_POINT('',#7689);
#2516=VERTEX_POINT('',#7691);
#2517=VERTEX_POINT('',#7694);
#2518=VERTEX_POINT('',#7696);
#2519=VERTEX_POINT('',#7699);
#2520=VERTEX_POINT('',#7702);
#2521=VERTEX_POINT('',#7705);
#2522=VERTEX_POINT('',#7707);
#2523=VERTEX_POINT('',#7710);
#2524=VERTEX_POINT('',#7713);
#2525=VERTEX_POINT('',#7716);
#2526=VERTEX_POINT('',#7718);
#2527=VERTEX_POINT('',#7721);
#2528=VERTEX_POINT('',#7724);
#2529=VERTEX_POINT('',#7727);
#2530=VERTEX_POINT('',#7729);
#2531=VERTEX_POINT('',#7732);
#2532=VERTEX_POINT('',#7735);
#2533=VERTEX_POINT('',#7889);
#2534=VERTEX_POINT('',#7890);
#2535=VERTEX_POINT('',#7895);
#2536=VERTEX_POINT('',#7899);
#2537=VERTEX_POINT('',#7905);
#2538=VERTEX_POINT('',#7907);
#2539=VERTEX_POINT('',#7911);
#2540=VERTEX_POINT('',#7915);
#2541=VERTEX_POINT('',#7932);
#2542=VERTEX_POINT('',#7933);
#2543=VERTEX_POINT('',#7935);
#2544=VERTEX_POINT('',#7937);
#2545=VERTEX_POINT('',#7940);
#2546=VERTEX_POINT('',#7941);
#2547=VERTEX_POINT('',#7943);
#2548=VERTEX_POINT('',#7945);
#2549=VERTEX_POINT('',#7959);
#2550=VERTEX_POINT('',#7960);
#2551=VERTEX_POINT('',#7965);
#2552=VERTEX_POINT('',#7970);
#2553=VERTEX_POINT('',#7977);
#2554=VERTEX_POINT('',#7982);
#2555=VERTEX_POINT('',#7986);
#2556=VERTEX_POINT('',#7988);
#2557=VERTEX_POINT('',#8001);
#2558=VERTEX_POINT('',#8006);
#2559=VERTEX_POINT('',#8016);
#2560=VERTEX_POINT('',#8018);
#2561=VERTEX_POINT('',#8024);
#2562=VERTEX_POINT('',#8026);
#2563=VERTEX_POINT('',#8029);
#2564=VERTEX_POINT('',#8031);
#2565=VERTEX_POINT('',#8033);
#2566=VERTEX_POINT('',#8035);
#2567=VERTEX_POINT('',#8037);
#2568=VERTEX_POINT('',#8039);
#2569=VERTEX_POINT('',#8042);
#2570=VERTEX_POINT('',#8045);
#2571=VERTEX_POINT('',#8048);
#2572=VERTEX_POINT('',#8051);
#2573=VERTEX_POINT('',#8054);
#2574=VERTEX_POINT('',#8067);
#2575=VERTEX_POINT('',#8068);
#2576=VERTEX_POINT('',#8073);
#2577=VERTEX_POINT('',#8078);
#2578=VERTEX_POINT('',#8085);
#2579=VERTEX_POINT('',#8090);
#2580=VERTEX_POINT('',#8094);
#2581=VERTEX_POINT('',#8107);
#2582=VERTEX_POINT('',#8112);
#2583=VERTEX_POINT('',#8210);
#2584=VERTEX_POINT('',#8232);
#2585=VERTEX_POINT('',#8236);
#2586=LINE('',#6320,#3080);
#2587=LINE('',#6323,#3081);
#2588=LINE('',#6325,#3082);
#2589=LINE('',#6327,#3083);
#2590=LINE('',#6329,#3084);
#2591=LINE('',#6331,#3085);
#2592=LINE('',#6333,#3086);
#2593=LINE('',#6335,#3087);
#2594=LINE('',#6337,#3088);
#2595=LINE('',#6339,#3089);
#2596=LINE('',#6341,#3090);
#2597=LINE('',#6343,#3091);
#2598=LINE('',#6345,#3092);
#2599=LINE('',#6347,#3093);
#2600=LINE('',#6349,#3094);
#2601=LINE('',#6351,#3095);
#2602=LINE('',#6353,#3096);
#2603=LINE('',#6355,#3097);
#2604=LINE('',#6357,#3098);
#2605=LINE('',#6359,#3099);
#2606=LINE('',#6361,#3100);
#2607=LINE('',#6363,#3101);
#2608=LINE('',#6365,#3102);
#2609=LINE('',#6377,#3103);
#2610=LINE('',#6379,#3104);
#2611=LINE('',#6381,#3105);
#2612=LINE('',#6383,#3106);
#2613=LINE('',#6390,#3107);
#2614=LINE('',#6392,#3108);
#2615=LINE('',#6394,#3109);
#2616=LINE('',#6401,#3110);
#2617=LINE('',#6403,#3111);
#2618=LINE('',#6405,#3112);
#2619=LINE('',#6407,#3113);
#2620=LINE('',#6409,#3114);
#2621=LINE('',#6416,#3115);
#2622=LINE('',#6418,#3116);
#2623=LINE('',#6420,#3117);
#2624=LINE('',#6430,#3118);
#2625=LINE('',#6432,#3119);
#2626=LINE('',#6434,#3120);
#2627=LINE('',#6436,#3121);
#2628=LINE('',#6449,#3122);
#2629=LINE('',#6452,#3123);
#2630=LINE('',#6454,#3124);
#2631=LINE('',#6456,#3125);
#2632=LINE('',#6473,#3126);
#2633=LINE('',#6475,#3127);
#2634=LINE('',#6477,#3128);
#2635=LINE('',#6494,#3129);
#2636=LINE('',#6496,#3130);
#2637=LINE('',#6498,#3131);
#2638=LINE('',#6500,#3132);
#2639=LINE('',#6502,#3133);
#2640=LINE('',#6504,#3134);
#2641=LINE('',#6506,#3135);
#2642=LINE('',#6508,#3136);
#2643=LINE('',#6510,#3137);
#2644=LINE('',#6512,#3138);
#2645=LINE('',#6514,#3139);
#2646=LINE('',#6516,#3140);
#2647=LINE('',#6518,#3141);
#2648=LINE('',#6519,#3142);
#2649=LINE('',#6521,#3143);
#2650=LINE('',#6523,#3144);
#2651=LINE('',#6525,#3145);
#2652=LINE('',#6527,#3146);
#2653=LINE('',#6536,#3147);
#2654=LINE('',#6539,#3148);
#2655=LINE('',#6541,#3149);
#2656=LINE('',#6543,#3150);
#2657=LINE('',#6544,#3151);
#2658=LINE('',#6547,#3152);
#2659=LINE('',#6549,#3153);
#2660=LINE('',#6551,#3154);
#2661=LINE('',#6552,#3155);
#2662=LINE('',#6555,#3156);
#2663=LINE('',#6557,#3157);
#2664=LINE('',#6559,#3158);
#2665=LINE('',#6560,#3159);
#2666=LINE('',#6563,#3160);
#2667=LINE('',#6565,#3161);
#2668=LINE('',#6567,#3162);
#2669=LINE('',#6569,#3163);
#2670=LINE('',#6572,#3164);
#2671=LINE('',#6574,#3165);
#2672=LINE('',#6576,#3166);
#2673=LINE('',#6579,#3167);
#2674=LINE('',#6582,#3168);
#2675=LINE('',#6584,#3169);
#2676=LINE('',#6586,#3170);
#2677=LINE('',#6587,#3171);
#2678=LINE('',#6590,#3172);
#2679=LINE('',#6592,#3173);
#2680=LINE('',#6594,#3174);
#2681=LINE('',#6596,#3175);
#2682=LINE('',#6598,#3176);
#2683=LINE('',#6600,#3177);
#2684=LINE('',#6602,#3178);
#2685=LINE('',#6609,#3179);
#2686=LINE('',#6612,#3180);
#2687=LINE('',#6614,#3181);
#2688=LINE('',#6616,#3182);
#2689=LINE('',#6617,#3183);
#2690=LINE('',#6620,#3184);
#2691=LINE('',#6622,#3185);
#2692=LINE('',#6624,#3186);
#2693=LINE('',#6628,#3187);
#2694=LINE('',#6631,#3188);
#2695=LINE('',#6632,#3189);
#2696=LINE('',#6634,#3190);
#2697=LINE('',#6636,#3191);
#2698=LINE('',#6638,#3192);
#2699=LINE('',#6640,#3193);
#2700=LINE('',#6642,#3194);
#2701=LINE('',#6643,#3195);
#2702=LINE('',#6646,#3196);
#2703=LINE('',#6648,#3197);
#2704=LINE('',#6650,#3198);
#2705=LINE('',#6654,#3199);
#2706=LINE('',#6657,#3200);
#2707=LINE('',#6659,#3201);
#2708=LINE('',#6661,#3202);
#2709=LINE('',#6663,#3203);
#2710=LINE('',#6665,#3204);
#2711=LINE('',#6667,#3205);
#2712=LINE('',#6669,#3206);
#2713=LINE('',#6670,#3207);
#2714=LINE('',#6673,#3208);
#2715=LINE('',#6675,#3209);
#2716=LINE('',#6677,#3210);
#2717=LINE('',#6687,#3211);
#2718=LINE('',#6690,#3212);
#2719=LINE('',#6692,#3213);
#2720=LINE('',#6694,#3214);
#2721=LINE('',#6696,#3215);
#2722=LINE('',#6698,#3216);
#2723=LINE('',#6700,#3217);
#2724=LINE('',#6702,#3218);
#2725=LINE('',#6703,#3219);
#2726=LINE('',#6706,#3220);
#2727=LINE('',#6708,#3221);
#2728=LINE('',#6710,#3222);
#2729=LINE('',#6711,#3223);
#2730=LINE('',#6714,#3224);
#2731=LINE('',#6716,#3225);
#2732=LINE('',#6718,#3226);
#2733=LINE('',#6731,#3227);
#2734=LINE('',#6743,#3228);
#2735=LINE('',#6746,#3229);
#2736=LINE('',#6748,#3230);
#2737=LINE('',#6750,#3231);
#2738=LINE('',#6752,#3232);
#2739=LINE('',#6754,#3233);
#2740=LINE('',#6758,#3234);
#2741=LINE('',#6760,#3235);
#2742=LINE('',#6761,#3236);
#2743=LINE('',#6763,#3237);
#2744=LINE('',#6766,#3238);
#2745=LINE('',#6768,#3239);
#2746=LINE('',#6770,#3240);
#2747=LINE('',#6772,#3241);
#2748=LINE('',#6774,#3242);
#2749=LINE('',#6784,#3243);
#2750=LINE('',#6785,#3244);
#2751=LINE('',#6786,#3245);
#2752=LINE('',#6787,#3246);
#2753=LINE('',#6790,#3247);
#2754=LINE('',#6792,#3248);
#2755=LINE('',#6794,#3249);
#2756=LINE('',#6804,#3250);
#2757=LINE('',#6806,#3251);
#2758=LINE('',#6808,#3252);
#2759=LINE('',#6809,#3253);
#2760=LINE('',#6812,#3254);
#2761=LINE('',#6814,#3255);
#2762=LINE('',#6816,#3256);
#2763=LINE('',#6818,#3257);
#2764=LINE('',#6820,#3258);
#2765=LINE('',#6821,#3259);
#2766=LINE('',#6823,#3260);
#2767=LINE('',#6825,#3261);
#2768=LINE('',#6827,#3262);
#2769=LINE('',#6829,#3263);
#2770=LINE('',#6831,#3264);
#2771=LINE('',#6833,#3265);
#2772=LINE('',#6835,#3266);
#2773=LINE('',#6837,#3267);
#2774=LINE('',#6839,#3268);
#2775=LINE('',#6841,#3269);
#2776=LINE('',#6843,#3270);
#2777=LINE('',#6844,#3271);
#2778=LINE('',#6846,#3272);
#2779=LINE('',#6848,#3273);
#2780=LINE('',#6850,#3274);
#2781=LINE('',#6852,#3275);
#2782=LINE('',#6853,#3276);
#2783=LINE('',#6855,#3277);
#2784=LINE('',#6857,#3278);
#2785=LINE('',#6859,#3279);
#2786=LINE('',#6861,#3280);
#2787=LINE('',#6863,#3281);
#2788=LINE('',#6865,#3282);
#2789=LINE('',#6867,#3283);
#2790=LINE('',#6869,#3284);
#2791=LINE('',#6870,#3285);
#2792=LINE('',#6872,#3286);
#2793=LINE('',#6874,#3287);
#2794=LINE('',#6876,#3288);
#2795=LINE('',#6878,#3289);
#2796=LINE('',#6880,#3290);
#2797=LINE('',#6883,#3291);
#2798=LINE('',#6885,#3292);
#2799=LINE('',#6887,#3293);
#2800=LINE('',#6899,#3294);
#2801=LINE('',#6901,#3295);
#2802=LINE('',#6903,#3296);
#2803=LINE('',#6915,#3297);
#2804=LINE('',#6917,#3298);
#2805=LINE('',#6919,#3299);
#2806=LINE('',#6921,#3300);
#2807=LINE('',#6923,#3301);
#2808=LINE('',#6925,#3302);
#2809=LINE('',#6927,#3303);
#2810=LINE('',#6929,#3304);
#2811=LINE('',#6931,#3305);
#2812=LINE('',#6933,#3306);
#2813=LINE('',#6935,#3307);
#2814=LINE('',#6936,#3308);
#2815=LINE('',#6938,#3309);
#2816=LINE('',#6939,#3310);
#2817=LINE('',#6941,#3311);
#2818=LINE('',#6943,#3312);
#2819=LINE('',#6946,#3313);
#2820=LINE('',#6947,#3314);
#2821=LINE('',#6949,#3315);
#2822=LINE('',#6951,#3316);
#2823=LINE('',#6953,#3317);
#2824=LINE('',#6954,#3318);
#2825=LINE('',#6958,#3319);
#2826=LINE('',#6959,#3320);
#2827=LINE('',#6961,#3321);
#2828=LINE('',#6963,#3322);
#2829=LINE('',#6965,#3323);
#2830=LINE('',#6966,#3324);
#2831=LINE('',#6968,#3325);
#2832=LINE('',#6970,#3326);
#2833=LINE('',#6972,#3327);
#2834=LINE('',#6974,#3328);
#2835=LINE('',#6976,#3329);
#2836=LINE('',#6978,#3330);
#2837=LINE('',#6981,#3331);
#2838=LINE('',#6982,#3332);
#2839=LINE('',#6984,#3333);
#2840=LINE('',#6986,#3334);
#2841=LINE('',#6987,#3335);
#2842=LINE('',#6989,#3336);
#2843=LINE('',#6991,#3337);
#2844=LINE('',#7059,#3338);
#2845=LINE('',#7061,#3339);
#2846=LINE('',#7063,#3340);
#2847=LINE('',#7065,#3341);
#2848=LINE('',#7067,#3342);
#2849=LINE('',#7070,#3343);
#2850=LINE('',#7072,#3344);
#2851=LINE('',#7073,#3345);
#2852=LINE('',#7075,#3346);
#2853=LINE('',#7077,#3347);
#2854=LINE('',#7081,#3348);
#2855=LINE('',#7083,#3349);
#2856=LINE('',#7085,#3350);
#2857=LINE('',#7086,#3351);
#2858=LINE('',#7088,#3352);
#2859=LINE('',#7090,#3353);
#2860=LINE('',#7092,#3354);
#2861=LINE('',#7094,#3355);
#2862=LINE('',#7095,#3356);
#2863=LINE('',#7097,#3357);
#2864=LINE('',#7099,#3358);
#2865=LINE('',#7101,#3359);
#2866=LINE('',#7103,#3360);
#2867=LINE('',#7104,#3361);
#2868=LINE('',#7106,#3362);
#2869=LINE('',#7108,#3363);
#2870=LINE('',#7112,#3364);
#2871=LINE('',#7114,#3365);
#2872=LINE('',#7116,#3366);
#2873=LINE('',#7118,#3367);
#2874=LINE('',#7120,#3368);
#2875=LINE('',#7122,#3369);
#2876=LINE('',#7124,#3370);
#2877=LINE('',#7126,#3371);
#2878=LINE('',#7128,#3372);
#2879=LINE('',#7130,#3373);
#2880=LINE('',#7148,#3374);
#2881=LINE('',#7150,#3375);
#2882=LINE('',#7168,#3376);
#2883=LINE('',#7170,#3377);
#2884=LINE('',#7172,#3378);
#2885=LINE('',#7174,#3379);
#2886=LINE('',#7176,#3380);
#2887=LINE('',#7180,#3381);
#2888=LINE('',#7182,#3382);
#2889=LINE('',#7201,#3383);
#2890=LINE('',#7203,#3384);
#2891=LINE('',#7207,#3385);
#2892=LINE('',#7209,#3386);
#2893=LINE('',#7210,#3387);
#2894=LINE('',#7230,#3388);
#2895=LINE('',#7232,#3389);
#2896=LINE('',#7234,#3390);
#2897=LINE('',#7352,#3391);
#2898=LINE('',#7354,#3392);
#2899=LINE('',#7356,#3393);
#2900=LINE('',#7360,#3394);
#2901=LINE('',#7362,#3395);
#2902=LINE('',#7364,#3396);
#2903=LINE('',#7366,#3397);
#2904=LINE('',#7368,#3398);
#2905=LINE('',#7370,#3399);
#2906=LINE('',#7372,#3400);
#2907=LINE('',#7382,#3401);
#2908=LINE('',#7385,#3402);
#2909=LINE('',#7387,#3403);
#2910=LINE('',#7388,#3404);
#2911=LINE('',#7390,#3405);
#2912=LINE('',#7402,#3406);
#2913=LINE('',#7404,#3407);
#2914=LINE('',#7406,#3408);
#2915=LINE('',#7408,#3409);
#2916=LINE('',#7411,#3410);
#2917=LINE('',#7412,#3411);
#2918=LINE('',#7414,#3412);
#2919=LINE('',#7416,#3413);
#2920=LINE('',#7419,#3414);
#2921=LINE('',#7420,#3415);
#2922=LINE('',#7422,#3416);
#2923=LINE('',#7424,#3417);
#2924=LINE('',#7426,#3418);
#2925=LINE('',#7428,#3419);
#2926=LINE('',#7430,#3420);
#2927=LINE('',#7431,#3421);
#2928=LINE('',#7433,#3422);
#2929=LINE('',#7434,#3423);
#2930=LINE('',#7437,#3424);
#2931=LINE('',#7440,#3425);
#2932=LINE('',#7442,#3426);
#2933=LINE('',#7444,#3427);
#2934=LINE('',#7446,#3428);
#2935=LINE('',#7449,#3429);
#2936=LINE('',#7451,#3430);
#2937=LINE('',#7453,#3431);
#2938=LINE('',#7455,#3432);
#2939=LINE('',#7456,#3433);
#2940=LINE('',#7458,#3434);
#2941=LINE('',#7459,#3435);
#2942=LINE('',#7461,#3436);
#2943=LINE('',#7463,#3437);
#2944=LINE('',#7465,#3438);
#2945=LINE('',#7467,#3439);
#2946=LINE('',#7469,#3440);
#2947=LINE('',#7471,#3441);
#2948=LINE('',#7473,#3442);
#2949=LINE('',#7475,#3443);
#2950=LINE('',#7477,#3444);
#2951=LINE('',#7479,#3445);
#2952=LINE('',#7481,#3446);
#2953=LINE('',#7483,#3447);
#2954=LINE('',#7484,#3448);
#2955=LINE('',#7486,#3449);
#2956=LINE('',#7488,#3450);
#2957=LINE('',#7490,#3451);
#2958=LINE('',#7491,#3452);
#2959=LINE('',#7494,#3453);
#2960=LINE('',#7495,#3454);
#2961=LINE('',#7497,#3455);
#2962=LINE('',#7498,#3456);
#2963=LINE('',#7504,#3457);
#2964=LINE('',#7506,#3458);
#2965=LINE('',#7508,#3459);
#2966=LINE('',#7514,#3460);
#2967=LINE('',#7516,#3461);
#2968=LINE('',#7518,#3462);
#2969=LINE('',#7520,#3463);
#2970=LINE('',#7522,#3464);
#2971=LINE('',#7524,#3465);
#2972=LINE('',#7527,#3466);
#2973=LINE('',#7528,#3467);
#2974=LINE('',#7530,#3468);
#2975=LINE('',#7531,#3469);
#2976=LINE('',#7534,#3470);
#2977=LINE('',#7536,#3471);
#2978=LINE('',#7538,#3472);
#2979=LINE('',#7540,#3473);
#2980=LINE('',#7542,#3474);
#2981=LINE('',#7544,#3475);
#2982=LINE('',#7545,#3476);
#2983=LINE('',#7547,#3477);
#2984=LINE('',#7549,#3478);
#2985=LINE('',#7562,#3479);
#2986=LINE('',#7564,#3480);
#2987=LINE('',#7566,#3481);
#2988=LINE('',#7568,#3482);
#2989=LINE('',#7584,#3483);
#2990=LINE('',#7586,#3484);
#2991=LINE('',#7589,#3485);
#2992=LINE('',#7591,#3486);
#2993=LINE('',#7594,#3487);
#2994=LINE('',#7596,#3488);
#2995=LINE('',#7602,#3489);
#2996=LINE('',#7604,#3490);
#2997=LINE('',#7606,#3491);
#2998=LINE('',#7608,#3492);
#2999=LINE('',#7610,#3493);
#3000=LINE('',#7612,#3494);
#3001=LINE('',#7614,#3495);
#3002=LINE('',#7616,#3496);
#3003=LINE('',#7618,#3497);
#3004=LINE('',#7620,#3498);
#3005=LINE('',#7622,#3499);
#3006=LINE('',#7628,#3500);
#3007=LINE('',#7630,#3501);
#3008=LINE('',#7632,#3502);
#3009=LINE('',#7634,#3503);
#3010=LINE('',#7636,#3504);
#3011=LINE('',#7638,#3505);
#3012=LINE('',#7640,#3506);
#3013=LINE('',#7645,#3507);
#3014=LINE('',#7648,#3508);
#3015=LINE('',#7649,#3509);
#3016=LINE('',#7651,#3510);
#3017=LINE('',#7653,#3511);
#3018=LINE('',#7655,#3512);
#3019=LINE('',#7657,#3513);
#3020=LINE('',#7659,#3514);
#3021=LINE('',#7878,#3515);
#3022=LINE('',#7880,#3516);
#3023=LINE('',#7882,#3517);
#3024=LINE('',#7884,#3518);
#3025=LINE('',#7888,#3519);
#3026=LINE('',#7891,#3520);
#3027=LINE('',#7892,#3521);
#3028=LINE('',#7894,#3522);
#3029=LINE('',#7896,#3523);
#3030=LINE('',#7898,#3524);
#3031=LINE('',#7900,#3525);
#3032=LINE('',#7902,#3526);
#3033=LINE('',#7904,#3527);
#3034=LINE('',#7906,#3528);
#3035=LINE('',#7908,#3529);
#3036=LINE('',#7910,#3530);
#3037=LINE('',#7912,#3531);
#3038=LINE('',#7914,#3532);
#3039=LINE('',#7916,#3533);
#3040=LINE('',#7918,#3534);
#3041=LINE('',#7931,#3535);
#3042=LINE('',#7934,#3536);
#3043=LINE('',#7936,#3537);
#3044=LINE('',#7938,#3538);
#3045=LINE('',#7939,#3539);
#3046=LINE('',#7942,#3540);
#3047=LINE('',#7944,#3541);
#3048=LINE('',#7946,#3542);
#3049=LINE('',#7976,#3543);
#3050=LINE('',#7983,#3544);
#3051=LINE('',#8012,#3545);
#3052=LINE('',#8013,#3546);
#3053=LINE('',#8019,#3547);
#3054=LINE('',#8021,#3548);
#3055=LINE('',#8084,#3549);
#3056=LINE('',#8091,#3550);
#3057=LINE('',#8118,#3551);
#3058=LINE('',#8119,#3552);
#3059=LINE('',#8121,#3553);
#3060=LINE('',#8123,#3554);
#3061=LINE('',#8126,#3555);
#3062=LINE('',#8127,#3556);
#3063=LINE('',#8129,#3557);
#3064=LINE('',#8131,#3558);
#3065=LINE('',#8137,#3559);
#3066=LINE('',#8138,#3560);
#3067=LINE('',#8140,#3561);
#3068=LINE('',#8142,#3562);
#3069=LINE('',#8146,#3563);
#3070=LINE('',#8147,#3564);
#3071=LINE('',#8149,#3565);
#3072=LINE('',#8151,#3566);
#3073=LINE('',#8154,#3567);
#3074=LINE('',#8155,#3568);
#3075=LINE('',#8157,#3569);
#3076=LINE('',#8159,#3570);
#3077=LINE('',#8180,#3571);
#3078=LINE('',#8183,#3572);
#3079=LINE('',#8211,#3573);
#3080=VECTOR('',#5160,1.);
#3081=VECTOR('',#5161,1.);
#3082=VECTOR('',#5162,1.);
#3083=VECTOR('',#5163,1.);
#3084=VECTOR('',#5164,1.);
#3085=VECTOR('',#5165,1.);
#3086=VECTOR('',#5166,1.);
#3087=VECTOR('',#5167,1.);
#3088=VECTOR('',#5168,1.);
#3089=VECTOR('',#5169,1.);
#3090=VECTOR('',#5170,1.);
#3091=VECTOR('',#5171,1.);
#3092=VECTOR('',#5172,1.);
#3093=VECTOR('',#5173,1.);
#3094=VECTOR('',#5174,1.);
#3095=VECTOR('',#5175,1.);
#3096=VECTOR('',#5176,1.);
#3097=VECTOR('',#5177,1.);
#3098=VECTOR('',#5178,1.);
#3099=VECTOR('',#5179,1.);
#3100=VECTOR('',#5180,1.);
#3101=VECTOR('',#5181,1.);
#3102=VECTOR('',#5182,1.);
#3103=VECTOR('',#5189,1.);
#3104=VECTOR('',#5190,1.);
#3105=VECTOR('',#5191,1.);
#3106=VECTOR('',#5192,1.);
#3107=VECTOR('',#5193,1.);
#3108=VECTOR('',#5194,1.);
#3109=VECTOR('',#5195,1.);
#3110=VECTOR('',#5196,1.);
#3111=VECTOR('',#5197,1.);
#3112=VECTOR('',#5198,1.);
#3113=VECTOR('',#5199,1.);
#3114=VECTOR('',#5200,1.);
#3115=VECTOR('',#5201,1.);
#3116=VECTOR('',#5202,1.);
#3117=VECTOR('',#5203,1.);
#3118=VECTOR('',#5206,1.);
#3119=VECTOR('',#5207,1.);
#3120=VECTOR('',#5208,1.);
#3121=VECTOR('',#5211,1.);
#3122=VECTOR('',#5214,1.);
#3123=VECTOR('',#5215,1.);
#3124=VECTOR('',#5216,1.);
#3125=VECTOR('',#5217,1.);
#3126=VECTOR('',#5218,1.);
#3127=VECTOR('',#5219,1.);
#3128=VECTOR('',#5220,1.);
#3129=VECTOR('',#5221,1.);
#3130=VECTOR('',#5222,1.);
#3131=VECTOR('',#5223,1.);
#3132=VECTOR('',#5224,1.);
#3133=VECTOR('',#5225,1.);
#3134=VECTOR('',#5226,1.);
#3135=VECTOR('',#5227,1.);
#3136=VECTOR('',#5230,1.);
#3137=VECTOR('',#5231,1.);
#3138=VECTOR('',#5232,1.);
#3139=VECTOR('',#5233,1.);
#3140=VECTOR('',#5234,1.);
#3141=VECTOR('',#5235,1.);
#3142=VECTOR('',#5236,1.);
#3143=VECTOR('',#5237,1.);
#3144=VECTOR('',#5238,1.);
#3145=VECTOR('',#5239,1.);
#3146=VECTOR('',#5240,1.);
#3147=VECTOR('',#5249,1.);
#3148=VECTOR('',#5250,1.);
#3149=VECTOR('',#5251,1.);
#3150=VECTOR('',#5252,1.);
#3151=VECTOR('',#5253,1.);
#3152=VECTOR('',#5254,1.);
#3153=VECTOR('',#5255,1.);
#3154=VECTOR('',#5256,1.);
#3155=VECTOR('',#5257,1.);
#3156=VECTOR('',#5258,1.);
#3157=VECTOR('',#5259,1.);
#3158=VECTOR('',#5260,1.);
#3159=VECTOR('',#5261,1.);
#3160=VECTOR('',#5262,1.);
#3161=VECTOR('',#5263,1.);
#3162=VECTOR('',#5264,1.);
#3163=VECTOR('',#5267,1.);
#3164=VECTOR('',#5268,1.);
#3165=VECTOR('',#5269,1.);
#3166=VECTOR('',#5270,1.);
#3167=VECTOR('',#5273,1.);
#3168=VECTOR('',#5274,1.);
#3169=VECTOR('',#5275,1.);
#3170=VECTOR('',#5276,1.);
#3171=VECTOR('',#5277,1.);
#3172=VECTOR('',#5278,1.);
#3173=VECTOR('',#5279,1.);
#3174=VECTOR('',#5280,1.);
#3175=VECTOR('',#5281,1.);
#3176=VECTOR('',#5282,1.);
#3177=VECTOR('',#5283,1.);
#3178=VECTOR('',#5284,1.);
#3179=VECTOR('',#5291,1.);
#3180=VECTOR('',#5292,1.);
#3181=VECTOR('',#5293,1.);
#3182=VECTOR('',#5294,1.);
#3183=VECTOR('',#5295,1.);
#3184=VECTOR('',#5296,1.);
#3185=VECTOR('',#5297,1.);
#3186=VECTOR('',#5298,1.);
#3187=VECTOR('',#5303,1.);
#3188=VECTOR('',#5304,1.);
#3189=VECTOR('',#5305,1.);
#3190=VECTOR('',#5306,1.);
#3191=VECTOR('',#5307,1.);
#3192=VECTOR('',#5308,1.);
#3193=VECTOR('',#5309,1.);
#3194=VECTOR('',#5310,1.);
#3195=VECTOR('',#5311,1.);
#3196=VECTOR('',#5312,1.);
#3197=VECTOR('',#5313,1.);
#3198=VECTOR('',#5314,1.);
#3199=VECTOR('',#5319,1.);
#3200=VECTOR('',#5320,1.);
#3201=VECTOR('',#5321,1.);
#3202=VECTOR('',#5322,1.);
#3203=VECTOR('',#5323,1.);
#3204=VECTOR('',#5324,1.);
#3205=VECTOR('',#5325,1.);
#3206=VECTOR('',#5326,1.);
#3207=VECTOR('',#5327,1.);
#3208=VECTOR('',#5328,1.);
#3209=VECTOR('',#5329,1.);
#3210=VECTOR('',#5330,1.);
#3211=VECTOR('',#5341,1.);
#3212=VECTOR('',#5342,1.);
#3213=VECTOR('',#5343,1.);
#3214=VECTOR('',#5344,1.);
#3215=VECTOR('',#5345,1.);
#3216=VECTOR('',#5346,1.);
#3217=VECTOR('',#5347,1.);
#3218=VECTOR('',#5348,1.);
#3219=VECTOR('',#5349,1.);
#3220=VECTOR('',#5350,1.);
#3221=VECTOR('',#5351,1.);
#3222=VECTOR('',#5352,1.);
#3223=VECTOR('',#5353,1.);
#3224=VECTOR('',#5354,1.);
#3225=VECTOR('',#5355,1.);
#3226=VECTOR('',#5356,1.);
#3227=VECTOR('',#5359,1.);
#3228=VECTOR('',#5374,1.);
#3229=VECTOR('',#5375,1.);
#3230=VECTOR('',#5376,1.);
#3231=VECTOR('',#5377,1.);
#3232=VECTOR('',#5378,1.);
#3233=VECTOR('',#5379,1.);
#3234=VECTOR('',#5384,1.);
#3235=VECTOR('',#5385,1.);
#3236=VECTOR('',#5386,1.);
#3237=VECTOR('',#5389,1.);
#3238=VECTOR('',#5390,1.);
#3239=VECTOR('',#5391,1.);
#3240=VECTOR('',#5392,1.);
#3241=VECTOR('',#5393,1.);
#3242=VECTOR('',#5394,1.);
#3243=VECTOR('',#5405,1.);
#3244=VECTOR('',#5406,1.);
#3245=VECTOR('',#5407,1.);
#3246=VECTOR('',#5408,1.);
#3247=VECTOR('',#5409,1.);
#3248=VECTOR('',#5410,1.);
#3249=VECTOR('',#5411,1.);
#3250=VECTOR('',#5422,1.);
#3251=VECTOR('',#5423,1.);
#3252=VECTOR('',#5424,1.);
#3253=VECTOR('',#5425,1.);
#3254=VECTOR('',#5426,1.);
#3255=VECTOR('',#5427,1.);
#3256=VECTOR('',#5428,1.);
#3257=VECTOR('',#5431,1.);
#3258=VECTOR('',#5432,1.);
#3259=VECTOR('',#5433,1.);
#3260=VECTOR('',#5434,1.);
#3261=VECTOR('',#5435,1.);
#3262=VECTOR('',#5436,1.);
#3263=VECTOR('',#5437,1.);
#3264=VECTOR('',#5438,1.);
#3265=VECTOR('',#5439,1.);
#3266=VECTOR('',#5440,1.);
#3267=VECTOR('',#5441,1.);
#3268=VECTOR('',#5442,1.);
#3269=VECTOR('',#5443,1.);
#3270=VECTOR('',#5446,1.);
#3271=VECTOR('',#5447,1.);
#3272=VECTOR('',#5448,1.);
#3273=VECTOR('',#5449,1.);
#3274=VECTOR('',#5450,1.);
#3275=VECTOR('',#5451,1.);
#3276=VECTOR('',#5452,1.);
#3277=VECTOR('',#5455,1.);
#3278=VECTOR('',#5456,1.);
#3279=VECTOR('',#5457,1.);
#3280=VECTOR('',#5460,1.);
#3281=VECTOR('',#5461,1.);
#3282=VECTOR('',#5462,1.);
#3283=VECTOR('',#5465,1.);
#3284=VECTOR('',#5466,1.);
#3285=VECTOR('',#5467,1.);
#3286=VECTOR('',#5470,1.);
#3287=VECTOR('',#5473,1.);
#3288=VECTOR('',#5474,1.);
#3289=VECTOR('',#5475,1.);
#3290=VECTOR('',#5478,1.);
#3291=VECTOR('',#5479,1.);
#3292=VECTOR('',#5480,1.);
#3293=VECTOR('',#5481,1.);
#3294=VECTOR('',#5482,1.);
#3295=VECTOR('',#5483,1.);
#3296=VECTOR('',#5484,1.);
#3297=VECTOR('',#5485,1.);
#3298=VECTOR('',#5486,1.);
#3299=VECTOR('',#5487,1.);
#3300=VECTOR('',#5488,1.);
#3301=VECTOR('',#5489,1.);
#3302=VECTOR('',#5490,1.);
#3303=VECTOR('',#5491,1.);
#3304=VECTOR('',#5494,1.);
#3305=VECTOR('',#5495,1.);
#3306=VECTOR('',#5496,1.);
#3307=VECTOR('',#5497,1.);
#3308=VECTOR('',#5498,1.);
#3309=VECTOR('',#5499,1.);
#3310=VECTOR('',#5500,1.);
#3311=VECTOR('',#5501,1.);
#3312=VECTOR('',#5504,1.);
#3313=VECTOR('',#5505,1.);
#3314=VECTOR('',#5506,1.);
#3315=VECTOR('',#5507,1.);
#3316=VECTOR('',#5508,1.);
#3317=VECTOR('',#5509,1.);
#3318=VECTOR('',#5510,1.);
#3319=VECTOR('',#5515,1.);
#3320=VECTOR('',#5516,1.);
#3321=VECTOR('',#5519,1.);
#3322=VECTOR('',#5520,1.);
#3323=VECTOR('',#5523,1.);
#3324=VECTOR('',#5524,1.);
#3325=VECTOR('',#5527,1.);
#3326=VECTOR('',#5530,1.);
#3327=VECTOR('',#5531,1.);
#3328=VECTOR('',#5534,1.);
#3329=VECTOR('',#5535,1.);
#3330=VECTOR('',#5538,1.);
#3331=VECTOR('',#5539,1.);
#3332=VECTOR('',#5540,1.);
#3333=VECTOR('',#5541,1.);
#3334=VECTOR('',#5542,1.);
#3335=VECTOR('',#5543,1.);
#3336=VECTOR('',#5546,1.);
#3337=VECTOR('',#5549,1.);
#3338=VECTOR('',#5568,1.);
#3339=VECTOR('',#5569,1.);
#3340=VECTOR('',#5570,1.);
#3341=VECTOR('',#5571,1.);
#3342=VECTOR('',#5574,1.);
#3343=VECTOR('',#5575,1.);
#3344=VECTOR('',#5576,1.);
#3345=VECTOR('',#5577,1.);
#3346=VECTOR('',#5580,1.);
#3347=VECTOR('',#5581,1.);
#3348=VECTOR('',#5584,1.);
#3349=VECTOR('',#5587,1.);
#3350=VECTOR('',#5588,1.);
#3351=VECTOR('',#5589,1.);
#3352=VECTOR('',#5590,1.);
#3353=VECTOR('',#5591,1.);
#3354=VECTOR('',#5592,1.);
#3355=VECTOR('',#5593,1.);
#3356=VECTOR('',#5594,1.);
#3357=VECTOR('',#5595,1.);
#3358=VECTOR('',#5596,1.);
#3359=VECTOR('',#5597,1.);
#3360=VECTOR('',#5598,1.);
#3361=VECTOR('',#5599,1.);
#3362=VECTOR('',#5600,1.);
#3363=VECTOR('',#5603,1.);
#3364=VECTOR('',#5606,1.);
#3365=VECTOR('',#5609,1.);
#3366=VECTOR('',#5610,1.);
#3367=VECTOR('',#5611,1.);
#3368=VECTOR('',#5612,1.);
#3369=VECTOR('',#5615,1.);
#3370=VECTOR('',#5616,1.);
#3371=VECTOR('',#5617,1.);
#3372=VECTOR('',#5618,1.);
#3373=VECTOR('',#5621,1.);
#3374=VECTOR('',#5622,1.);
#3375=VECTOR('',#5625,1.);
#3376=VECTOR('',#5626,1.);
#3377=VECTOR('',#5629,1.);
#3378=VECTOR('',#5630,1.);
#3379=VECTOR('',#5631,1.);
#3380=VECTOR('',#5634,1.);
#3381=VECTOR('',#5639,1.);
#3382=VECTOR('',#5640,1.);
#3383=VECTOR('',#5641,1.);
#3384=VECTOR('',#5644,1.);
#3385=VECTOR('',#5649,1.);
#3386=VECTOR('',#5650,1.);
#3387=VECTOR('',#5651,1.);
#3388=VECTOR('',#5654,1.);
#3389=VECTOR('',#5655,1.);
#3390=VECTOR('',#5656,1.);
#3391=VECTOR('',#5667,1.);
#3392=VECTOR('',#5670,1.);
#3393=VECTOR('',#5673,1.);
#3394=VECTOR('',#5680,1.);
#3395=VECTOR('',#5681,1.);
#3396=VECTOR('',#5682,1.);
#3397=VECTOR('',#5685,1.);
#3398=VECTOR('',#5686,1.);
#3399=VECTOR('',#5689,1.);
#3400=VECTOR('',#5690,1.);
#3401=VECTOR('',#5701,1.);
#3402=VECTOR('',#5702,1.);
#3403=VECTOR('',#5703,1.);
#3404=VECTOR('',#5704,1.);
#3405=VECTOR('',#5705,1.);
#3406=VECTOR('',#5724,1.);
#3407=VECTOR('',#5725,1.);
#3408=VECTOR('',#5726,1.);
#3409=VECTOR('',#5729,1.);
#3410=VECTOR('',#5730,1.);
#3411=VECTOR('',#5731,1.);
#3412=VECTOR('',#5734,1.);
#3413=VECTOR('',#5737,1.);
#3414=VECTOR('',#5738,1.);
#3415=VECTOR('',#5739,1.);
#3416=VECTOR('',#5740,1.);
#3417=VECTOR('',#5741,1.);
#3418=VECTOR('',#5742,1.);
#3419=VECTOR('',#5743,1.);
#3420=VECTOR('',#5746,1.);
#3421=VECTOR('',#5747,1.);
#3422=VECTOR('',#5750,1.);
#3423=VECTOR('',#5751,1.);
#3424=VECTOR('',#5756,1.);
#3425=VECTOR('',#5757,1.);
#3426=VECTOR('',#5758,1.);
#3427=VECTOR('',#5759,1.);
#3428=VECTOR('',#5762,1.);
#3429=VECTOR('',#5763,1.);
#3430=VECTOR('',#5764,1.);
#3431=VECTOR('',#5765,1.);
#3432=VECTOR('',#5768,1.);
#3433=VECTOR('',#5769,1.);
#3434=VECTOR('',#5772,1.);
#3435=VECTOR('',#5773,1.);
#3436=VECTOR('',#5774,1.);
#3437=VECTOR('',#5775,1.);
#3438=VECTOR('',#5776,1.);
#3439=VECTOR('',#5777,1.);
#3440=VECTOR('',#5778,1.);
#3441=VECTOR('',#5779,1.);
#3442=VECTOR('',#5782,1.);
#3443=VECTOR('',#5783,1.);
#3444=VECTOR('',#5784,1.);
#3445=VECTOR('',#5787,1.);
#3446=VECTOR('',#5788,1.);
#3447=VECTOR('',#5789,1.);
#3448=VECTOR('',#5790,1.);
#3449=VECTOR('',#5791,1.);
#3450=VECTOR('',#5792,1.);
#3451=VECTOR('',#5795,1.);
#3452=VECTOR('',#5796,1.);
#3453=VECTOR('',#5801,1.);
#3454=VECTOR('',#5802,1.);
#3455=VECTOR('',#5805,1.);
#3456=VECTOR('',#5806,1.);
#3457=VECTOR('',#5817,1.);
#3458=VECTOR('',#5818,1.);
#3459=VECTOR('',#5819,1.);
#3460=VECTOR('',#5822,1.);
#3461=VECTOR('',#5823,1.);
#3462=VECTOR('',#5826,1.);
#3463=VECTOR('',#5827,1.);
#3464=VECTOR('',#5830,1.);
#3465=VECTOR('',#5833,1.);
#3466=VECTOR('',#5834,1.);
#3467=VECTOR('',#5835,1.);
#3468=VECTOR('',#5838,1.);
#3469=VECTOR('',#5839,1.);
#3470=VECTOR('',#5844,1.);
#3471=VECTOR('',#5847,1.);
#3472=VECTOR('',#5848,1.);
#3473=VECTOR('',#5851,1.);
#3474=VECTOR('',#5852,1.);
#3475=VECTOR('',#5855,1.);
#3476=VECTOR('',#5856,1.);
#3477=VECTOR('',#5859,1.);
#3478=VECTOR('',#5862,1.);
#3479=VECTOR('',#5883,1.);
#3480=VECTOR('',#5886,1.);
#3481=VECTOR('',#5889,1.);
#3482=VECTOR('',#5892,1.);
#3483=VECTOR('',#5915,1.);
#3484=VECTOR('',#5918,1.);
#3485=VECTOR('',#5923,1.);
#3486=VECTOR('',#5926,1.);
#3487=VECTOR('',#5931,1.);
#3488=VECTOR('',#5934,1.);
#3489=VECTOR('',#5941,1.);
#3490=VECTOR('',#5942,1.);
#3491=VECTOR('',#5943,1.);
#3492=VECTOR('',#5946,1.);
#3493=VECTOR('',#5947,1.);
#3494=VECTOR('',#5948,1.);
#3495=VECTOR('',#5951,1.);
#3496=VECTOR('',#5952,1.);
#3497=VECTOR('',#5955,1.);
#3498=VECTOR('',#5956,1.);
#3499=VECTOR('',#5957,1.);
#3500=VECTOR('',#5964,1.);
#3501=VECTOR('',#5965,1.);
#3502=VECTOR('',#5968,1.);
#3503=VECTOR('',#5969,1.);
#3504=VECTOR('',#5972,1.);
#3505=VECTOR('',#5975,1.);
#3506=VECTOR('',#5976,1.);
#3507=VECTOR('',#5985,1.);
#3508=VECTOR('',#5990,1.);
#3509=VECTOR('',#5991,1.);
#3510=VECTOR('',#5994,1.);
#3511=VECTOR('',#5995,1.);
#3512=VECTOR('',#5998,1.);
#3513=VECTOR('',#5999,1.);
#3514=VECTOR('',#6002,1.);
#3515=VECTOR('',#6075,1.);
#3516=VECTOR('',#6078,1.);
#3517=VECTOR('',#6081,1.);
#3518=VECTOR('',#6084,1.);
#3519=VECTOR('',#6091,1.);
#3520=VECTOR('',#6092,1.);
#3521=VECTOR('',#6093,1.);
#3522=VECTOR('',#6096,1.);
#3523=VECTOR('',#6097,1.);
#3524=VECTOR('',#6100,1.);
#3525=VECTOR('',#6101,1.);
#3526=VECTOR('',#6104,1.);
#3527=VECTOR('',#6107,1.);
#3528=VECTOR('',#6108,1.);
#3529=VECTOR('',#6109,1.);
#3530=VECTOR('',#6112,1.);
#3531=VECTOR('',#6113,1.);
#3532=VECTOR('',#6116,1.);
#3533=VECTOR('',#6117,1.);
#3534=VECTOR('',#6120,1.);
#3535=VECTOR('',#6129,1.);
#3536=VECTOR('',#6130,1.);
#3537=VECTOR('',#6131,1.);
#3538=VECTOR('',#6132,1.);
#3539=VECTOR('',#6133,1.);
#3540=VECTOR('',#6134,1.);
#3541=VECTOR('',#6135,1.);
#3542=VECTOR('',#6136,1.);
#3543=VECTOR('',#6139,1.);
#3544=VECTOR('',#6140,1.);
#3545=VECTOR('',#6149,1.);
#3546=VECTOR('',#6150,1.);
#3547=VECTOR('',#6157,1.);
#3548=VECTOR('',#6160,1.);
#3549=VECTOR('',#6203,1.);
#3550=VECTOR('',#6204,1.);
#3551=VECTOR('',#6211,1.);
#3552=VECTOR('',#6212,1.);
#3553=VECTOR('',#6215,1.);
#3554=VECTOR('',#6218,1.);
#3555=VECTOR('',#6223,1.);
#3556=VECTOR('',#6224,1.);
#3557=VECTOR('',#6227,1.);
#3558=VECTOR('',#6230,1.);
#3559=VECTOR('',#6241,1.);
#3560=VECTOR('',#6242,1.);
#3561=VECTOR('',#6245,1.);
#3562=VECTOR('',#6248,1.);
#3563=VECTOR('',#6255,1.);
#3564=VECTOR('',#6256,1.);
#3565=VECTOR('',#6259,1.);
#3566=VECTOR('',#6262,1.);
#3567=VECTOR('',#6267,1.);
#3568=VECTOR('',#6268,1.);
#3569=VECTOR('',#6271,1.);
#3570=VECTOR('',#6274,1.);
#3571=VECTOR('',#6283,1.);
#3572=VECTOR('',#6288,1.);
#3573=VECTOR('',#6301,1.);
#3574=EDGE_LOOP('',(#223,#224,#225,#226,#227,#228,#229,#230,#231,#232,#233,#234,#235,#236,#237,#238,#239,#240,#241,#242,#243,#244,#245));
#3575=EDGE_LOOP('',(#246));
#3576=EDGE_LOOP('',(#247));
#3577=EDGE_LOOP('',(#248,#249,#250,#251,#252,#253,#254,#255,#256,#257,#258,#259,#260,#261,#262,#263,#264,#265,#266,#267,#268));
#3578=EDGE_LOOP('',(#269,#270,#271,#272));
#3579=EDGE_LOOP('',(#273,#274,#275));
#3580=EDGE_LOOP('',(#276,#277,#278,#279));
#3581=EDGE_LOOP('',(#280,#281,#282,#283,#284,#285,#286,#287,#288,#289,#290,#291,#292,#293,#294,#295));
#3582=EDGE_LOOP('',(#296,#297,#298,#299,#300,#301,#302,#303,#304,#305,#306,#307,#308));
#3583=EDGE_LOOP('',(#309));
#3584=EDGE_LOOP('',(#310));
#3585=EDGE_LOOP('',(#311));
#3586=EDGE_LOOP('',(#312));
#3587=EDGE_LOOP('',(#313,#314,#315,#316));
#3588=EDGE_LOOP('',(#317,#318,#319,#320));
#3589=EDGE_LOOP('',(#321,#322,#323,#324));
#3590=EDGE_LOOP('',(#325,#326,#327,#328));
#3591=EDGE_LOOP('',(#329,#330,#331,#332));
#3592=EDGE_LOOP('',(#333));
#3593=EDGE_LOOP('',(#334,#335,#336,#337));
#3594=EDGE_LOOP('',(#338,#339,#340,#341,#342,#343,#344,#345));
#3595=EDGE_LOOP('',(#346));
#3596=EDGE_LOOP('',(#347));
#3597=EDGE_LOOP('',(#348));
#3598=EDGE_LOOP('',(#349,#350,#351,#352));
#3599=EDGE_LOOP('',(#353,#354,#355,#356));
#3600=EDGE_LOOP('',(#357));
#3601=EDGE_LOOP('',(#358,#359,#360,#361,#362,#363,#364,#365,#366));
#3602=EDGE_LOOP('',(#367,#368,#369,#370));
#3603=EDGE_LOOP('',(#371));
#3604=EDGE_LOOP('',(#372,#373,#374,#375,#376,#377,#378,#379));
#3605=EDGE_LOOP('',(#380,#381,#382,#383));
#3606=EDGE_LOOP('',(#384));
#3607=EDGE_LOOP('',(#385));
#3608=EDGE_LOOP('',(#386));
#3609=EDGE_LOOP('',(#387));
#3610=EDGE_LOOP('',(#388,#389,#390,#391,#392,#393,#394,#395));
#3611=EDGE_LOOP('',(#396,#397,#398,#399));
#3612=EDGE_LOOP('',(#400,#401,#402,#403));
#3613=EDGE_LOOP('',(#404,#405,#406));
#3614=EDGE_LOOP('',(#407));
#3615=EDGE_LOOP('',(#408));
#3616=EDGE_LOOP('',(#409));
#3617=EDGE_LOOP('',(#410));
#3618=EDGE_LOOP('',(#411,#412,#413,#414,#415,#416));
#3619=EDGE_LOOP('',(#417));
#3620=EDGE_LOOP('',(#418,#419,#420,#421,#422));
#3621=EDGE_LOOP('',(#423,#424,#425,#426,#427,#428));
#3622=EDGE_LOOP('',(#429));
#3623=EDGE_LOOP('',(#430));
#3624=EDGE_LOOP('',(#431));
#3625=EDGE_LOOP('',(#432));
#3626=EDGE_LOOP('',(#433,#434,#435,#436,#437,#438));
#3627=EDGE_LOOP('',(#439,#440,#441,#442));
#3628=EDGE_LOOP('',(#443));
#3629=EDGE_LOOP('',(#444));
#3630=EDGE_LOOP('',(#445));
#3631=EDGE_LOOP('',(#446));
#3632=EDGE_LOOP('',(#447,#448,#449,#450));
#3633=EDGE_LOOP('',(#451,#452,#453,#454));
#3634=EDGE_LOOP('',(#455,#456,#457,#458,#459,#460,#461,#462,#463,#464,#465,#466,#467,#468,#469,#470));
#3635=EDGE_LOOP('',(#471,#472,#473,#474,#475,#476,#477,#478,#479,#480));
#3636=EDGE_LOOP('',(#481,#482,#483,#484));
#3637=EDGE_LOOP('',(#485,#486,#487,#488,#489));
#3638=EDGE_LOOP('',(#490,#491,#492,#493,#494));
#3639=EDGE_LOOP('',(#495,#496,#497,#498));
#3640=EDGE_LOOP('',(#499,#500,#501,#502));
#3641=EDGE_LOOP('',(#503,#504,#505,#506));
#3642=EDGE_LOOP('',(#507,#508,#509,#510,#511,#512,#513,#514,#515,#516,#517,#518));
#3643=EDGE_LOOP('',(#519,#520,#521,#522,#523,#524,#525,#526,#527,#528,#529,#530));
#3644=EDGE_LOOP('',(#531,#532,#533,#534,#535,#536,#537,#538,#539));
#3645=EDGE_LOOP('',(#540));
#3646=EDGE_LOOP('',(#541,#542,#543,#544,#545));
#3647=EDGE_LOOP('',(#546,#547,#548,#549));
#3648=EDGE_LOOP('',(#550,#551,#552,#553,#554));
#3649=EDGE_LOOP('',(#555,#556,#557,#558));
#3650=EDGE_LOOP('',(#559,#560,#561,#562,#563));
#3651=EDGE_LOOP('',(#564,#565,#566,#567));
#3652=EDGE_LOOP('',(#568,#569,#570,#571,#572,#573,#574,#575,#576));
#3653=EDGE_LOOP('',(#577,#578,#579,#580));
#3654=EDGE_LOOP('',(#581,#582,#583,#584));
#3655=EDGE_LOOP('',(#585,#586,#587,#588));
#3656=EDGE_LOOP('',(#589));
#3657=EDGE_LOOP('',(#590,#591));
#3658=EDGE_LOOP('',(#592,#593,#594,#595));
#3659=EDGE_LOOP('',(#596,#597));
#3660=EDGE_LOOP('',(#598));
#3661=EDGE_LOOP('',(#599));
#3662=EDGE_LOOP('',(#600));
#3663=EDGE_LOOP('',(#601));
#3664=EDGE_LOOP('',(#602));
#3665=EDGE_LOOP('',(#603,#604,#605,#606,#607,#608));
#3666=EDGE_LOOP('',(#609,#610,#611,#612,#613,#614));
#3667=EDGE_LOOP('',(#615,#616,#617,#618,#619,#620,#621,#622));
#3668=EDGE_LOOP('',(#623,#624,#625,#626,#627,#628,#629,#630,#631,#632,#633,#634,#635,#636,#637,#638,#639,#640,#641,#642));
#3669=EDGE_LOOP('',(#643,#644,#645,#646,#647,#648,#649,#650));
#3670=EDGE_LOOP('',(#651,#652,#653,#654,#655,#656));
#3671=EDGE_LOOP('',(#657,#658,#659,#660,#661,#662));
#3672=EDGE_LOOP('',(#663,#664,#665,#666,#667,#668));
#3673=EDGE_LOOP('',(#669,#670,#671,#672,#673,#674));
#3674=EDGE_LOOP('',(#675,#676,#677,#678,#679,#680));
#3675=EDGE_LOOP('',(#681,#682,#683,#684));
#3676=EDGE_LOOP('',(#685));
#3677=EDGE_LOOP('',(#686,#687,#688,#689,#690,#691,#692,#693));
#3678=EDGE_LOOP('',(#694,#695,#696,#697));
#3679=EDGE_LOOP('',(#698));
#3680=EDGE_LOOP('',(#699,#700,#701,#702,#703,#704,#705,#706));
#3681=EDGE_LOOP('',(#707,#708,#709,#710,#711,#712));
#3682=EDGE_LOOP('',(#713,#714,#715,#716));
#3683=EDGE_LOOP('',(#717,#718,#719,#720));
#3684=EDGE_LOOP('',(#721));
#3685=EDGE_LOOP('',(#722,#723,#724,#725));
#3686=EDGE_LOOP('',(#726,#727,#728,#729));
#3687=EDGE_LOOP('',(#730));
#3688=EDGE_LOOP('',(#731,#732,#733,#734));
#3689=EDGE_LOOP('',(#735,#736,#737,#738));
#3690=EDGE_LOOP('',(#739,#740,#741,#742));
#3691=EDGE_LOOP('',(#743,#744,#745,#746));
#3692=EDGE_LOOP('',(#747,#748,#749,#750));
#3693=EDGE_LOOP('',(#751,#752,#753,#754));
#3694=EDGE_LOOP('',(#755,#756,#757,#758));
#3695=EDGE_LOOP('',(#759,#760,#761,#762));
#3696=EDGE_LOOP('',(#763));
#3697=EDGE_LOOP('',(#764));
#3698=EDGE_LOOP('',(#765));
#3699=EDGE_LOOP('',(#766));
#3700=EDGE_LOOP('',(#767,#768,#769,#770));
#3701=EDGE_LOOP('',(#771,#772,#773,#774,#775,#776,#777,#778));
#3702=EDGE_LOOP('',(#779));
#3703=EDGE_LOOP('',(#780));
#3704=EDGE_LOOP('',(#781));
#3705=EDGE_LOOP('',(#782));
#3706=EDGE_LOOP('',(#783));
#3707=EDGE_LOOP('',(#784));
#3708=EDGE_LOOP('',(#785));
#3709=EDGE_LOOP('',(#786));
#3710=EDGE_LOOP('',(#787));
#3711=EDGE_LOOP('',(#788));
#3712=EDGE_LOOP('',(#789,#790,#791,#792));
#3713=EDGE_LOOP('',(#793,#794,#795,#796));
#3714=EDGE_LOOP('',(#797,#798,#799,#800));
#3715=EDGE_LOOP('',(#801,#802,#803,#804,#805,#806,#807,#808,#809,#810));
#3716=EDGE_LOOP('',(#811,#812,#813,#814));
#3717=EDGE_LOOP('',(#815,#816,#817,#818));
#3718=EDGE_LOOP('',(#819,#820,#821,#822));
#3719=EDGE_LOOP('',(#823,#824,#825,#826));
#3720=EDGE_LOOP('',(#827,#828,#829,#830));
#3721=EDGE_LOOP('',(#831,#832,#833,#834));
#3722=EDGE_LOOP('',(#835,#836,#837,#838,#839,#840,#841,#842,#843,#844,#845,#846));
#3723=EDGE_LOOP('',(#847,#848,#849,#850));
#3724=EDGE_LOOP('',(#851,#852,#853,#854,#855,#856,#857,#858,#859,#860));
#3725=EDGE_LOOP('',(#861,#862,#863,#864));
#3726=EDGE_LOOP('',(#865,#866,#867,#868));
#3727=EDGE_LOOP('',(#869,#870,#871,#872));
#3728=EDGE_LOOP('',(#873,#874,#875,#876));
#3729=EDGE_LOOP('',(#877,#878,#879,#880));
#3730=EDGE_LOOP('',(#881,#882,#883,#884));
#3731=EDGE_LOOP('',(#885,#886,#887,#888));
#3732=EDGE_LOOP('',(#889,#890,#891,#892));
#3733=EDGE_LOOP('',(#893,#894,#895,#896));
#3734=EDGE_LOOP('',(#897,#898,#899,#900));
#3735=EDGE_LOOP('',(#901,#902,#903,#904));
#3736=EDGE_LOOP('',(#905,#906,#907,#908));
#3737=EDGE_LOOP('',(#909,#910,#911,#912,#913,#914));
#3738=EDGE_LOOP('',(#915,#916,#917,#918,#919));
#3739=EDGE_LOOP('',(#920,#921,#922,#923));
#3740=EDGE_LOOP('',(#924,#925,#926,#927));
#3741=EDGE_LOOP('',(#928,#929,#930,#931,#932));
#3742=EDGE_LOOP('',(#933,#934,#935,#936,#937,#938));
#3743=EDGE_LOOP('',(#939,#940,#941,#942));
#3744=EDGE_LOOP('',(#943,#944,#945,#946));
#3745=EDGE_LOOP('',(#947,#948,#949,#950));
#3746=EDGE_LOOP('',(#951,#952,#953,#954));
#3747=EDGE_LOOP('',(#955));
#3748=EDGE_LOOP('',(#956));
#3749=EDGE_LOOP('',(#957));
#3750=EDGE_LOOP('',(#958));
#3751=EDGE_LOOP('',(#959));
#3752=EDGE_LOOP('',(#960));
#3753=EDGE_LOOP('',(#961));
#3754=EDGE_LOOP('',(#962));
#3755=EDGE_LOOP('',(#963));
#3756=EDGE_LOOP('',(#964));
#3757=EDGE_LOOP('',(#965));
#3758=EDGE_LOOP('',(#966));
#3759=EDGE_LOOP('',(#967,#968,#969,#970));
#3760=EDGE_LOOP('',(#971,#972,#973,#974));
#3761=EDGE_LOOP('',(#975,#976,#977,#978));
#3762=EDGE_LOOP('',(#979,#980,#981,#982));
#3763=EDGE_LOOP('',(#983));
#3764=EDGE_LOOP('',(#984));
#3765=EDGE_LOOP('',(#985));
#3766=EDGE_LOOP('',(#986));
#3767=EDGE_LOOP('',(#987));
#3768=EDGE_LOOP('',(#988));
#3769=EDGE_LOOP('',(#989));
#3770=EDGE_LOOP('',(#990));
#3771=EDGE_LOOP('',(#991));
#3772=EDGE_LOOP('',(#992));
#3773=EDGE_LOOP('',(#993));
#3774=EDGE_LOOP('',(#994));
#3775=EDGE_LOOP('',(#995,#996,#997,#998));
#3776=EDGE_LOOP('',(#999,#1000,#1001,#1002));
#3777=EDGE_LOOP('',(#1003,#1004,#1005,#1006));
#3778=EDGE_LOOP('',(#1007,#1008,#1009,#1010));
#3779=EDGE_LOOP('',(#1011,#1012,#1013,#1014));
#3780=EDGE_LOOP('',(#1015,#1016,#1017,#1018));
#3781=EDGE_LOOP('',(#1019,#1020,#1021,#1022,#1023,#1024,#1025,#1026));
#3782=EDGE_LOOP('',(#1027,#1028,#1029,#1030,#1031,#1032,#1033,#1034));
#3783=EDGE_LOOP('',(#1035));
#3784=EDGE_LOOP('',(#1036));
#3785=EDGE_LOOP('',(#1037,#1038,#1039,#1040));
#3786=EDGE_LOOP('',(#1041,#1042,#1043,#1044,#1045));
#3787=EDGE_LOOP('',(#1046,#1047,#1048,#1049));
#3788=EDGE_LOOP('',(#1050,#1051,#1052,#1053));
#3789=EDGE_LOOP('',(#1054));
#3790=EDGE_LOOP('',(#1055));
#3791=EDGE_LOOP('',(#1056,#1057,#1058,#1059));
#3792=EDGE_LOOP('',(#1060,#1061,#1062,#1063));
#3793=EDGE_LOOP('',(#1064,#1065,#1066,#1067));
#3794=EDGE_LOOP('',(#1068,#1069,#1070,#1071,#1072));
#3795=EDGE_LOOP('',(#1073));
#3796=EDGE_LOOP('',(#1074));
#3797=EDGE_LOOP('',(#1075));
#3798=EDGE_LOOP('',(#1076));
#3799=EDGE_LOOP('',(#1077,#1078,#1079,#1080));
#3800=EDGE_LOOP('',(#1081,#1082,#1083,#1084));
#3801=EDGE_LOOP('',(#1085,#1086,#1087,#1088));
#3802=EDGE_LOOP('',(#1089,#1090,#1091,#1092));
#3803=EDGE_LOOP('',(#1093,#1094,#1095,#1096,#1097,#1098));
#3804=EDGE_LOOP('',(#1099,#1100,#1101,#1102,#1103,#1104));
#3805=EDGE_LOOP('',(#1105,#1106,#1107,#1108));
#3806=EDGE_LOOP('',(#1109,#1110,#1111,#1112));
#3807=EDGE_LOOP('',(#1113));
#3808=EDGE_LOOP('',(#1114));
#3809=EDGE_LOOP('',(#1115));
#3810=EDGE_LOOP('',(#1116));
#3811=EDGE_LOOP('',(#1117));
#3812=EDGE_LOOP('',(#1118));
#3813=EDGE_LOOP('',(#1119));
#3814=EDGE_LOOP('',(#1120));
#3815=EDGE_LOOP('',(#1121));
#3816=EDGE_LOOP('',(#1122));
#3817=EDGE_LOOP('',(#1123));
#3818=EDGE_LOOP('',(#1124));
#3819=EDGE_LOOP('',(#1125));
#3820=EDGE_LOOP('',(#1126));
#3821=EDGE_LOOP('',(#1127));
#3822=EDGE_LOOP('',(#1128));
#3823=EDGE_LOOP('',(#1129));
#3824=EDGE_LOOP('',(#1130));
#3825=EDGE_LOOP('',(#1131));
#3826=EDGE_LOOP('',(#1132));
#3827=EDGE_LOOP('',(#1133));
#3828=EDGE_LOOP('',(#1134));
#3829=EDGE_LOOP('',(#1135));
#3830=EDGE_LOOP('',(#1136));
#3831=EDGE_LOOP('',(#1137));
#3832=EDGE_LOOP('',(#1138));
#3833=EDGE_LOOP('',(#1139));
#3834=EDGE_LOOP('',(#1140));
#3835=EDGE_LOOP('',(#1141));
#3836=EDGE_LOOP('',(#1142));
#3837=EDGE_LOOP('',(#1143));
#3838=EDGE_LOOP('',(#1144));
#3839=EDGE_LOOP('',(#1145));
#3840=EDGE_LOOP('',(#1146));
#3841=EDGE_LOOP('',(#1147));
#3842=EDGE_LOOP('',(#1148,#1149,#1150,#1151));
#3843=EDGE_LOOP('',(#1152));
#3844=EDGE_LOOP('',(#1153,#1154,#1155,#1156));
#3845=EDGE_LOOP('',(#1157,#1158,#1159,#1160));
#3846=EDGE_LOOP('',(#1161,#1162,#1163,#1164));
#3847=EDGE_LOOP('',(#1165,#1166,#1167,#1168));
#3848=EDGE_LOOP('',(#1169,#1170,#1171,#1172));
#3849=EDGE_LOOP('',(#1173,#1174,#1175,#1176));
#3850=EDGE_LOOP('',(#1177));
#3851=EDGE_LOOP('',(#1178));
#3852=EDGE_LOOP('',(#1179,#1180,#1181,#1182));
#3853=EDGE_LOOP('',(#1183,#1184,#1185,#1186));
#3854=EDGE_LOOP('',(#1187,#1188,#1189,#1190));
#3855=EDGE_LOOP('',(#1191,#1192,#1193,#1194));
#3856=EDGE_LOOP('',(#1195,#1196,#1197,#1198));
#3857=EDGE_LOOP('',(#1199,#1200,#1201,#1202));
#3858=EDGE_LOOP('',(#1203,#1204,#1205,#1206));
#3859=EDGE_LOOP('',(#1207,#1208,#1209,#1210));
#3860=EDGE_LOOP('',(#1211,#1212,#1213,#1214));
#3861=EDGE_LOOP('',(#1215,#1216,#1217,#1218));
#3862=EDGE_LOOP('',(#1219,#1220,#1221,#1222));
#3863=EDGE_LOOP('',(#1223,#1224,#1225,#1226));
#3864=EDGE_LOOP('',(#1227,#1228,#1229,#1230));
#3865=EDGE_LOOP('',(#1231,#1232,#1233,#1234));
#3866=EDGE_LOOP('',(#1235,#1236,#1237,#1238,#1239,#1240,#1241,#1242));
#3867=EDGE_LOOP('',(#1243,#1244,#1245,#1246));
#3868=EDGE_LOOP('',(#1247,#1248,#1249,#1250));
#3869=EDGE_LOOP('',(#1251,#1252,#1253,#1254));
#3870=EDGE_LOOP('',(#1255));
#3871=EDGE_LOOP('',(#1256));
#3872=EDGE_LOOP('',(#1257,#1258,#1259,#1260));
#3873=EDGE_LOOP('',(#1261,#1262,#1263,#1264));
#3874=EDGE_LOOP('',(#1265));
#3875=EDGE_LOOP('',(#1266));
#3876=EDGE_LOOP('',(#1267));
#3877=EDGE_LOOP('',(#1268,#1269,#1270,#1271,#1272,#1273));
#3878=EDGE_LOOP('',(#1274,#1275,#1276,#1277));
#3879=EDGE_LOOP('',(#1278));
#3880=EDGE_LOOP('',(#1279));
#3881=EDGE_LOOP('',(#1280));
#3882=EDGE_LOOP('',(#1281,#1282,#1283,#1284,#1285,#1286));
#3883=EDGE_LOOP('',(#1287));
#3884=EDGE_LOOP('',(#1288));
#3885=EDGE_LOOP('',(#1289));
#3886=EDGE_LOOP('',(#1290));
#3887=EDGE_LOOP('',(#1291));
#3888=EDGE_LOOP('',(#1292));
#3889=EDGE_LOOP('',(#1293));
#3890=EDGE_LOOP('',(#1294));
#3891=EDGE_LOOP('',(#1295));
#3892=EDGE_LOOP('',(#1296));
#3893=EDGE_LOOP('',(#1297));
#3894=EDGE_LOOP('',(#1298));
#3895=EDGE_LOOP('',(#1299));
#3896=EDGE_LOOP('',(#1300));
#3897=EDGE_LOOP('',(#1301));
#3898=EDGE_LOOP('',(#1302));
#3899=EDGE_LOOP('',(#1303,#1304,#1305,#1306));
#3900=EDGE_LOOP('',(#1307,#1308,#1309,#1310));
#3901=EDGE_LOOP('',(#1311));
#3902=EDGE_LOOP('',(#1312));
#3903=EDGE_LOOP('',(#1313,#1314,#1315,#1316));
#3904=EDGE_LOOP('',(#1317,#1318,#1319,#1320));
#3905=EDGE_LOOP('',(#1321));
#3906=EDGE_LOOP('',(#1322,#1323,#1324,#1325,#1326,#1327));
#3907=EDGE_LOOP('',(#1328,#1329,#1330,#1331));
#3908=EDGE_LOOP('',(#1332));
#3909=EDGE_LOOP('',(#1333));
#3910=EDGE_LOOP('',(#1334));
#3911=EDGE_LOOP('',(#1335));
#3912=EDGE_LOOP('',(#1336));
#3913=EDGE_LOOP('',(#1337,#1338,#1339,#1340,#1341,#1342));
#3914=EDGE_LOOP('',(#1343,#1344,#1345,#1346));
#3915=EDGE_LOOP('',(#1347,#1348,#1349,#1350));
#3916=EDGE_LOOP('',(#1351,#1352,#1353,#1354));
#3917=EDGE_LOOP('',(#1355,#1356,#1357,#1358));
#3918=EDGE_LOOP('',(#1359));
#3919=EDGE_LOOP('',(#1360));
#3920=EDGE_LOOP('',(#1361));
#3921=EDGE_LOOP('',(#1362));
#3922=EDGE_LOOP('',(#1363));
#3923=EDGE_LOOP('',(#1364));
#3924=EDGE_LOOP('',(#1365,#1366,#1367,#1368));
#3925=EDGE_LOOP('',(#1369,#1370,#1371,#1372));
#3926=EDGE_LOOP('',(#1373,#1374,#1375,#1376));
#3927=EDGE_LOOP('',(#1377,#1378,#1379,#1380));
#3928=EDGE_LOOP('',(#1381));
#3929=EDGE_LOOP('',(#1382));
#3930=EDGE_LOOP('',(#1383,#1384,#1385,#1386));
#3931=EDGE_LOOP('',(#1387,#1388,#1389,#1390));
#3932=EDGE_LOOP('',(#1391,#1392,#1393,#1394));
#3933=EDGE_LOOP('',(#1395,#1396,#1397,#1398));
#3934=EDGE_LOOP('',(#1399,#1400,#1401,#1402));
#3935=EDGE_LOOP('',(#1403,#1404,#1405,#1406));
#3936=EDGE_LOOP('',(#1407,#1408,#1409,#1410));
#3937=EDGE_LOOP('',(#1411,#1412,#1413,#1414));
#3938=EDGE_LOOP('',(#1415));
#3939=EDGE_LOOP('',(#1416));
#3940=EDGE_LOOP('',(#1417));
#3941=EDGE_LOOP('',(#1418));
#3942=EDGE_LOOP('',(#1419,#1420,#1421,#1422,#1423,#1424));
#3943=EDGE_LOOP('',(#1425,#1426,#1427,#1428,#1429,#1430));
#3944=EDGE_LOOP('',(#1431,#1432,#1433,#1434));
#3945=EDGE_LOOP('',(#1435,#1436,#1437,#1438));
#3946=EDGE_LOOP('',(#1439,#1440,#1441,#1442));
#3947=EDGE_LOOP('',(#1443,#1444,#1445,#1446));
#3948=EDGE_LOOP('',(#1447,#1448,#1449,#1450));
#3949=EDGE_LOOP('',(#1451,#1452,#1453,#1454));
#3950=EDGE_LOOP('',(#1455,#1456,#1457,#1458,#1459));
#3951=EDGE_LOOP('',(#1460,#1461,#1462,#1463));
#3952=EDGE_LOOP('',(#1464,#1465,#1466,#1467,#1468));
#3953=EDGE_LOOP('',(#1469,#1470,#1471,#1472,#1473,#1474));
#3954=EDGE_LOOP('',(#1475,#1476,#1477,#1478,#1479));
#3955=EDGE_LOOP('',(#1480,#1481,#1482));
#3956=EDGE_LOOP('',(#1483,#1484,#1485,#1486,#1487,#1488));
#3957=EDGE_LOOP('',(#1489));
#3958=EDGE_LOOP('',(#1490));
#3959=EDGE_LOOP('',(#1491));
#3960=EDGE_LOOP('',(#1492));
#3961=EDGE_LOOP('',(#1493));
#3962=EDGE_LOOP('',(#1494));
#3963=EDGE_LOOP('',(#1495));
#3964=EDGE_LOOP('',(#1496));
#3965=FACE_BOUND('',#3574,.T.);
#3966=FACE_BOUND('',#3575,.T.);
#3967=FACE_BOUND('',#3576,.T.);
#3968=FACE_BOUND('',#3577,.T.);
#3969=FACE_BOUND('',#3578,.T.);
#3970=FACE_BOUND('',#3579,.T.);
#3971=FACE_BOUND('',#3580,.T.);
#3972=FACE_BOUND('',#3581,.T.);
#3973=FACE_BOUND('',#3582,.T.);
#3974=FACE_BOUND('',#3583,.T.);
#3975=FACE_BOUND('',#3584,.T.);
#3976=FACE_BOUND('',#3585,.T.);
#3977=FACE_BOUND('',#3586,.T.);
#3978=FACE_BOUND('',#3587,.T.);
#3979=FACE_BOUND('',#3588,.T.);
#3980=FACE_BOUND('',#3589,.T.);
#3981=FACE_BOUND('',#3590,.T.);
#3982=FACE_BOUND('',#3591,.T.);
#3983=FACE_BOUND('',#3592,.T.);
#3984=FACE_BOUND('',#3593,.T.);
#3985=FACE_BOUND('',#3594,.T.);
#3986=FACE_BOUND('',#3595,.T.);
#3987=FACE_BOUND('',#3596,.T.);
#3988=FACE_BOUND('',#3597,.T.);
#3989=FACE_BOUND('',#3598,.T.);
#3990=FACE_BOUND('',#3599,.T.);
#3991=FACE_BOUND('',#3600,.T.);
#3992=FACE_BOUND('',#3601,.T.);
#3993=FACE_BOUND('',#3602,.T.);
#3994=FACE_BOUND('',#3603,.T.);
#3995=FACE_BOUND('',#3604,.T.);
#3996=FACE_BOUND('',#3605,.T.);
#3997=FACE_BOUND('',#3606,.T.);
#3998=FACE_BOUND('',#3607,.T.);
#3999=FACE_BOUND('',#3608,.T.);
#4000=FACE_BOUND('',#3609,.T.);
#4001=FACE_BOUND('',#3610,.T.);
#4002=FACE_BOUND('',#3611,.T.);
#4003=FACE_BOUND('',#3612,.T.);
#4004=FACE_BOUND('',#3613,.T.);
#4005=FACE_BOUND('',#3614,.T.);
#4006=FACE_BOUND('',#3615,.T.);
#4007=FACE_BOUND('',#3616,.T.);
#4008=FACE_BOUND('',#3617,.T.);
#4009=FACE_BOUND('',#3618,.T.);
#4010=FACE_BOUND('',#3619,.T.);
#4011=FACE_BOUND('',#3620,.T.);
#4012=FACE_BOUND('',#3621,.T.);
#4013=FACE_BOUND('',#3622,.T.);
#4014=FACE_BOUND('',#3623,.T.);
#4015=FACE_BOUND('',#3624,.T.);
#4016=FACE_BOUND('',#3625,.T.);
#4017=FACE_BOUND('',#3626,.T.);
#4018=FACE_BOUND('',#3627,.T.);
#4019=FACE_BOUND('',#3628,.T.);
#4020=FACE_BOUND('',#3629,.T.);
#4021=FACE_BOUND('',#3630,.T.);
#4022=FACE_BOUND('',#3631,.T.);
#4023=FACE_BOUND('',#3632,.T.);
#4024=FACE_BOUND('',#3633,.T.);
#4025=FACE_BOUND('',#3634,.T.);
#4026=FACE_BOUND('',#3635,.T.);
#4027=FACE_BOUND('',#3636,.T.);
#4028=FACE_BOUND('',#3637,.T.);
#4029=FACE_BOUND('',#3638,.T.);
#4030=FACE_BOUND('',#3639,.T.);
#4031=FACE_BOUND('',#3640,.T.);
#4032=FACE_BOUND('',#3641,.T.);
#4033=FACE_BOUND('',#3642,.T.);
#4034=FACE_BOUND('',#3643,.T.);
#4035=FACE_BOUND('',#3644,.T.);
#4036=FACE_BOUND('',#3645,.T.);
#4037=FACE_BOUND('',#3646,.T.);
#4038=FACE_BOUND('',#3647,.T.);
#4039=FACE_BOUND('',#3648,.T.);
#4040=FACE_BOUND('',#3649,.T.);
#4041=FACE_BOUND('',#3650,.T.);
#4042=FACE_BOUND('',#3651,.T.);
#4043=FACE_BOUND('',#3652,.T.);
#4044=FACE_BOUND('',#3653,.T.);
#4045=FACE_BOUND('',#3654,.T.);
#4046=FACE_BOUND('',#3655,.T.);
#4047=FACE_BOUND('',#3656,.T.);
#4048=FACE_BOUND('',#3657,.T.);
#4049=FACE_BOUND('',#3658,.T.);
#4050=FACE_BOUND('',#3659,.T.);
#4051=FACE_BOUND('',#3660,.T.);
#4052=FACE_BOUND('',#3661,.T.);
#4053=FACE_BOUND('',#3662,.T.);
#4054=FACE_BOUND('',#3663,.T.);
#4055=FACE_BOUND('',#3664,.T.);
#4056=FACE_BOUND('',#3665,.T.);
#4057=FACE_BOUND('',#3666,.T.);
#4058=FACE_BOUND('',#3667,.T.);
#4059=FACE_BOUND('',#3668,.T.);
#4060=FACE_BOUND('',#3669,.T.);
#4061=FACE_BOUND('',#3670,.T.);
#4062=FACE_BOUND('',#3671,.T.);
#4063=FACE_BOUND('',#3672,.T.);
#4064=FACE_BOUND('',#3673,.T.);
#4065=FACE_BOUND('',#3674,.T.);
#4066=FACE_BOUND('',#3675,.T.);
#4067=FACE_BOUND('',#3676,.T.);
#4068=FACE_BOUND('',#3677,.T.);
#4069=FACE_BOUND('',#3678,.T.);
#4070=FACE_BOUND('',#3679,.T.);
#4071=FACE_BOUND('',#3680,.T.);
#4072=FACE_BOUND('',#3681,.T.);
#4073=FACE_BOUND('',#3682,.T.);
#4074=FACE_BOUND('',#3683,.T.);
#4075=FACE_BOUND('',#3684,.T.);
#4076=FACE_BOUND('',#3685,.T.);
#4077=FACE_BOUND('',#3686,.T.);
#4078=FACE_BOUND('',#3687,.T.);
#4079=FACE_BOUND('',#3688,.T.);
#4080=FACE_BOUND('',#3689,.T.);
#4081=FACE_BOUND('',#3690,.T.);
#4082=FACE_BOUND('',#3691,.T.);
#4083=FACE_BOUND('',#3692,.T.);
#4084=FACE_BOUND('',#3693,.T.);
#4085=FACE_BOUND('',#3694,.T.);
#4086=FACE_BOUND('',#3695,.T.);
#4087=FACE_BOUND('',#3696,.T.);
#4088=FACE_BOUND('',#3697,.T.);
#4089=FACE_BOUND('',#3698,.T.);
#4090=FACE_BOUND('',#3699,.T.);
#4091=FACE_BOUND('',#3700,.T.);
#4092=FACE_BOUND('',#3701,.T.);
#4093=FACE_BOUND('',#3702,.T.);
#4094=FACE_BOUND('',#3703,.T.);
#4095=FACE_BOUND('',#3704,.T.);
#4096=FACE_BOUND('',#3705,.T.);
#4097=FACE_BOUND('',#3706,.T.);
#4098=FACE_BOUND('',#3707,.T.);
#4099=FACE_BOUND('',#3708,.T.);
#4100=FACE_BOUND('',#3709,.T.);
#4101=FACE_BOUND('',#3710,.T.);
#4102=FACE_BOUND('',#3711,.T.);
#4103=FACE_BOUND('',#3712,.T.);
#4104=FACE_BOUND('',#3713,.T.);
#4105=FACE_BOUND('',#3714,.T.);
#4106=FACE_BOUND('',#3715,.T.);
#4107=FACE_BOUND('',#3716,.T.);
#4108=FACE_BOUND('',#3717,.T.);
#4109=FACE_BOUND('',#3718,.T.);
#4110=FACE_BOUND('',#3719,.T.);
#4111=FACE_BOUND('',#3720,.T.);
#4112=FACE_BOUND('',#3721,.T.);
#4113=FACE_BOUND('',#3722,.T.);
#4114=FACE_BOUND('',#3723,.T.);
#4115=FACE_BOUND('',#3724,.T.);
#4116=FACE_BOUND('',#3725,.T.);
#4117=FACE_BOUND('',#3726,.T.);
#4118=FACE_BOUND('',#3727,.T.);
#4119=FACE_BOUND('',#3728,.T.);
#4120=FACE_BOUND('',#3729,.T.);
#4121=FACE_BOUND('',#3730,.T.);
#4122=FACE_BOUND('',#3731,.T.);
#4123=FACE_BOUND('',#3732,.T.);
#4124=FACE_BOUND('',#3733,.T.);
#4125=FACE_BOUND('',#3734,.T.);
#4126=FACE_BOUND('',#3735,.T.);
#4127=FACE_BOUND('',#3736,.T.);
#4128=FACE_BOUND('',#3737,.T.);
#4129=FACE_BOUND('',#3738,.T.);
#4130=FACE_BOUND('',#3739,.T.);
#4131=FACE_BOUND('',#3740,.T.);
#4132=FACE_BOUND('',#3741,.T.);
#4133=FACE_BOUND('',#3742,.T.);
#4134=FACE_BOUND('',#3743,.T.);
#4135=FACE_BOUND('',#3744,.T.);
#4136=FACE_BOUND('',#3745,.T.);
#4137=FACE_BOUND('',#3746,.T.);
#4138=FACE_BOUND('',#3747,.T.);
#4139=FACE_BOUND('',#3748,.T.);
#4140=FACE_BOUND('',#3749,.T.);
#4141=FACE_BOUND('',#3750,.T.);
#4142=FACE_BOUND('',#3751,.T.);
#4143=FACE_BOUND('',#3752,.T.);
#4144=FACE_BOUND('',#3753,.T.);
#4145=FACE_BOUND('',#3754,.T.);
#4146=FACE_BOUND('',#3755,.T.);
#4147=FACE_BOUND('',#3756,.T.);
#4148=FACE_BOUND('',#3757,.T.);
#4149=FACE_BOUND('',#3758,.T.);
#4150=FACE_BOUND('',#3759,.T.);
#4151=FACE_BOUND('',#3760,.T.);
#4152=FACE_BOUND('',#3761,.T.);
#4153=FACE_BOUND('',#3762,.T.);
#4154=FACE_BOUND('',#3763,.T.);
#4155=FACE_BOUND('',#3764,.T.);
#4156=FACE_BOUND('',#3765,.T.);
#4157=FACE_BOUND('',#3766,.T.);
#4158=FACE_BOUND('',#3767,.T.);
#4159=FACE_BOUND('',#3768,.T.);
#4160=FACE_BOUND('',#3769,.T.);
#4161=FACE_BOUND('',#3770,.T.);
#4162=FACE_BOUND('',#3771,.T.);
#4163=FACE_BOUND('',#3772,.T.);
#4164=FACE_BOUND('',#3773,.T.);
#4165=FACE_BOUND('',#3774,.T.);
#4166=FACE_BOUND('',#3775,.T.);
#4167=FACE_BOUND('',#3776,.T.);
#4168=FACE_BOUND('',#3777,.T.);
#4169=FACE_BOUND('',#3778,.T.);
#4170=FACE_BOUND('',#3779,.T.);
#4171=FACE_BOUND('',#3780,.T.);
#4172=FACE_BOUND('',#3781,.T.);
#4173=FACE_BOUND('',#3782,.T.);
#4174=FACE_BOUND('',#3783,.T.);
#4175=FACE_BOUND('',#3784,.T.);
#4176=FACE_BOUND('',#3785,.T.);
#4177=FACE_BOUND('',#3786,.T.);
#4178=FACE_BOUND('',#3787,.T.);
#4179=FACE_BOUND('',#3788,.T.);
#4180=FACE_BOUND('',#3789,.T.);
#4181=FACE_BOUND('',#3790,.T.);
#4182=FACE_BOUND('',#3791,.T.);
#4183=FACE_BOUND('',#3792,.T.);
#4184=FACE_BOUND('',#3793,.T.);
#4185=FACE_BOUND('',#3794,.T.);
#4186=FACE_BOUND('',#3795,.T.);
#4187=FACE_BOUND('',#3796,.T.);
#4188=FACE_BOUND('',#3797,.T.);
#4189=FACE_BOUND('',#3798,.T.);
#4190=FACE_BOUND('',#3799,.T.);
#4191=FACE_BOUND('',#3800,.T.);
#4192=FACE_BOUND('',#3801,.T.);
#4193=FACE_BOUND('',#3802,.T.);
#4194=FACE_BOUND('',#3803,.T.);
#4195=FACE_BOUND('',#3804,.T.);
#4196=FACE_BOUND('',#3805,.T.);
#4197=FACE_BOUND('',#3806,.T.);
#4198=FACE_BOUND('',#3807,.T.);
#4199=FACE_BOUND('',#3808,.T.);
#4200=FACE_BOUND('',#3809,.T.);
#4201=FACE_BOUND('',#3810,.T.);
#4202=FACE_BOUND('',#3811,.T.);
#4203=FACE_BOUND('',#3812,.T.);
#4204=FACE_BOUND('',#12,.T.);
#4205=FACE_BOUND('',#3813,.T.);
#4206=FACE_BOUND('',#3814,.T.);
#4207=FACE_BOUND('',#3815,.T.);
#4208=FACE_BOUND('',#3816,.T.);
#4209=FACE_BOUND('',#3817,.T.);
#4210=FACE_BOUND('',#3818,.T.);
#4211=FACE_BOUND('',#3819,.T.);
#4212=FACE_BOUND('',#13,.T.);
#4213=FACE_BOUND('',#3820,.T.);
#4214=FACE_BOUND('',#3821,.T.);
#4215=FACE_BOUND('',#3822,.T.);
#4216=FACE_BOUND('',#3823,.T.);
#4217=FACE_BOUND('',#3824,.T.);
#4218=FACE_BOUND('',#3825,.T.);
#4219=FACE_BOUND('',#3826,.T.);
#4220=FACE_BOUND('',#14,.T.);
#4221=FACE_BOUND('',#3827,.T.);
#4222=FACE_BOUND('',#3828,.T.);
#4223=FACE_BOUND('',#3829,.T.);
#4224=FACE_BOUND('',#3830,.T.);
#4225=FACE_BOUND('',#3831,.T.);
#4226=FACE_BOUND('',#3832,.T.);
#4227=FACE_BOUND('',#3833,.T.);
#4228=FACE_BOUND('',#15,.T.);
#4229=FACE_BOUND('',#3834,.T.);
#4230=FACE_BOUND('',#3835,.T.);
#4231=FACE_BOUND('',#3836,.T.);
#4232=FACE_BOUND('',#3837,.T.);
#4233=FACE_BOUND('',#3838,.T.);
#4234=FACE_BOUND('',#3839,.T.);
#4235=FACE_BOUND('',#3840,.T.);
#4236=FACE_BOUND('',#3841,.T.);
#4237=FACE_BOUND('',#3842,.T.);
#4238=FACE_BOUND('',#3843,.T.);
#4239=FACE_BOUND('',#3844,.T.);
#4240=FACE_BOUND('',#3845,.T.);
#4241=FACE_BOUND('',#3846,.T.);
#4242=FACE_BOUND('',#3847,.T.);
#4243=FACE_BOUND('',#3848,.T.);
#4244=FACE_BOUND('',#3849,.T.);
#4245=FACE_BOUND('',#3850,.T.);
#4246=FACE_BOUND('',#3851,.T.);
#4247=FACE_BOUND('',#3852,.T.);
#4248=FACE_BOUND('',#3853,.T.);
#4249=FACE_BOUND('',#3854,.T.);
#4250=FACE_BOUND('',#3855,.T.);
#4251=FACE_BOUND('',#3856,.T.);
#4252=FACE_BOUND('',#3857,.T.);
#4253=FACE_BOUND('',#3858,.T.);
#4254=FACE_BOUND('',#3859,.T.);
#4255=FACE_BOUND('',#3860,.T.);
#4256=FACE_BOUND('',#3861,.T.);
#4257=FACE_BOUND('',#3862,.T.);
#4258=FACE_BOUND('',#3863,.T.);
#4259=FACE_BOUND('',#3864,.T.);
#4260=FACE_BOUND('',#3865,.T.);
#4261=FACE_BOUND('',#3866,.T.);
#4262=FACE_BOUND('',#3867,.T.);
#4263=FACE_BOUND('',#3868,.T.);
#4264=FACE_BOUND('',#3869,.T.);
#4265=FACE_BOUND('',#3870,.T.);
#4266=FACE_BOUND('',#3871,.T.);
#4267=FACE_BOUND('',#3872,.T.);
#4268=FACE_BOUND('',#3873,.T.);
#4269=FACE_BOUND('',#3874,.T.);
#4270=FACE_BOUND('',#3875,.T.);
#4271=FACE_BOUND('',#3876,.T.);
#4272=FACE_BOUND('',#3877,.T.);
#4273=FACE_BOUND('',#3878,.T.);
#4274=FACE_BOUND('',#3879,.T.);
#4275=FACE_BOUND('',#3880,.T.);
#4276=FACE_BOUND('',#3881,.T.);
#4277=FACE_BOUND('',#3882,.T.);
#4278=FACE_BOUND('',#3883,.T.);
#4279=FACE_BOUND('',#3884,.T.);
#4280=FACE_BOUND('',#3885,.T.);
#4281=FACE_BOUND('',#3886,.T.);
#4282=FACE_BOUND('',#3887,.T.);
#4283=FACE_BOUND('',#3888,.T.);
#4284=FACE_BOUND('',#3889,.T.);
#4285=FACE_BOUND('',#3890,.T.);
#4286=FACE_BOUND('',#3891,.T.);
#4287=FACE_BOUND('',#3892,.T.);
#4288=FACE_BOUND('',#3893,.T.);
#4289=FACE_BOUND('',#3894,.T.);
#4290=FACE_BOUND('',#3895,.T.);
#4291=FACE_BOUND('',#3896,.T.);
#4292=FACE_BOUND('',#3897,.T.);
#4293=FACE_BOUND('',#3898,.T.);
#4294=FACE_BOUND('',#3899,.T.);
#4295=FACE_BOUND('',#3900,.T.);
#4296=FACE_BOUND('',#3901,.T.);
#4297=FACE_BOUND('',#3902,.T.);
#4298=FACE_BOUND('',#3903,.T.);
#4299=FACE_BOUND('',#3904,.T.);
#4300=FACE_BOUND('',#3905,.T.);
#4301=FACE_BOUND('',#3906,.T.);
#4302=FACE_BOUND('',#3907,.T.);
#4303=FACE_BOUND('',#3908,.T.);
#4304=FACE_BOUND('',#3909,.T.);
#4305=FACE_BOUND('',#3910,.T.);
#4306=FACE_BOUND('',#3911,.T.);
#4307=FACE_BOUND('',#3912,.T.);
#4308=FACE_BOUND('',#3913,.T.);
#4309=FACE_BOUND('',#3914,.T.);
#4310=FACE_BOUND('',#3915,.T.);
#4311=FACE_BOUND('',#3916,.T.);
#4312=FACE_BOUND('',#3917,.T.);
#4313=FACE_BOUND('',#3918,.T.);
#4314=FACE_BOUND('',#3919,.T.);
#4315=FACE_BOUND('',#3920,.T.);
#4316=FACE_BOUND('',#3921,.T.);
#4317=FACE_BOUND('',#3922,.T.);
#4318=FACE_BOUND('',#3923,.T.);
#4319=FACE_BOUND('',#3924,.T.);
#4320=FACE_BOUND('',#3925,.T.);
#4321=FACE_BOUND('',#3926,.T.);
#4322=FACE_BOUND('',#3927,.T.);
#4323=FACE_BOUND('',#3928,.T.);
#4324=FACE_BOUND('',#3929,.T.);
#4325=FACE_BOUND('',#3930,.T.);
#4326=FACE_BOUND('',#3931,.T.);
#4327=FACE_BOUND('',#3932,.T.);
#4328=FACE_BOUND('',#3933,.T.);
#4329=FACE_BOUND('',#3934,.T.);
#4330=FACE_BOUND('',#3935,.T.);
#4331=FACE_BOUND('',#3936,.T.);
#4332=FACE_BOUND('',#3937,.T.);
#4333=FACE_BOUND('',#3938,.T.);
#4334=FACE_BOUND('',#3939,.T.);
#4335=FACE_BOUND('',#3940,.T.);
#4336=FACE_BOUND('',#3941,.T.);
#4337=FACE_BOUND('',#3942,.T.);
#4338=FACE_BOUND('',#3943,.T.);
#4339=FACE_BOUND('',#3944,.T.);
#4340=FACE_BOUND('',#3945,.T.);
#4341=FACE_BOUND('',#3946,.T.);
#4342=FACE_BOUND('',#3947,.T.);
#4343=FACE_BOUND('',#3948,.T.);
#4344=FACE_BOUND('',#3949,.T.);
#4345=FACE_BOUND('',#3950,.T.);
#4346=FACE_BOUND('',#3951,.T.);
#4347=FACE_BOUND('',#3952,.T.);
#4348=FACE_BOUND('',#3953,.T.);
#4349=FACE_BOUND('',#3954,.T.);
#4350=FACE_BOUND('',#3955,.T.);
#4351=FACE_BOUND('',#3956,.T.);
#4352=FACE_BOUND('',#3957,.T.);
#4353=FACE_BOUND('',#3958,.T.);
#4354=FACE_BOUND('',#3959,.T.);
#4355=FACE_BOUND('',#3960,.T.);
#4356=FACE_BOUND('',#3961,.T.);
#4357=FACE_BOUND('',#3962,.T.);
#4358=FACE_BOUND('',#3963,.T.);
#4359=FACE_BOUND('',#3964,.T.);
#4360=PLANE('',#4823);
#4361=PLANE('',#4824);
#4362=PLANE('',#4827);
#4363=PLANE('',#4828);
#4364=PLANE('',#4829);
#4365=PLANE('',#4830);
#4366=PLANE('',#4835);
#4367=PLANE('',#4840);
#4368=PLANE('',#4842);
#4369=PLANE('',#4844);
#4370=PLANE('',#4849);
#4371=PLANE('',#4850);
#4372=PLANE('',#4853);
#4373=PLANE('',#4856);
#4374=PLANE('',#4857);
#4375=PLANE('',#4859);
#4376=PLANE('',#4860);
#4377=PLANE('',#4865);
#4378=PLANE('',#4870);
#4379=PLANE('',#4871);
#4380=PLANE('',#4872);
#4381=PLANE('',#4873);
#4382=PLANE('',#4874);
#4383=PLANE('',#4875);
#4384=PLANE('',#4876);
#4385=PLANE('',#4877);
#4386=PLANE('',#4878);
#4387=PLANE('',#4879);
#4388=PLANE('',#4880);
#4389=PLANE('',#4882);
#4390=PLANE('',#4883);
#4391=PLANE('',#4884);
#4392=PLANE('',#4885);
#4393=PLANE('',#4886);
#4394=PLANE('',#4887);
#4395=PLANE('',#4888);
#4396=PLANE('',#4889);
#4397=PLANE('',#4890);
#4398=PLANE('',#4892);
#4399=PLANE('',#4898);
#4400=PLANE('',#4899);
#4401=PLANE('',#4900);
#4402=PLANE('',#4902);
#4403=PLANE('',#4903);
#4404=PLANE('',#4905);
#4405=PLANE('',#4906);
#4406=PLANE('',#4907);
#4407=PLANE('',#4908);
#4408=PLANE('',#4909);
#4409=PLANE('',#4910);
#4410=PLANE('',#4911);
#4411=PLANE('',#4913);
#4412=PLANE('',#4914);
#4413=PLANE('',#4916);
#4414=PLANE('',#4917);
#4415=PLANE('',#4919);
#4416=PLANE('',#4921);
#4417=PLANE('',#4922);
#4418=PLANE('',#4923);
#4419=PLANE('',#4926);
#4420=PLANE('',#4927);
#4421=PLANE('',#4928);
#4422=PLANE('',#4929);
#4423=PLANE('',#4937);
#4424=PLANE('',#4941);
#4425=PLANE('',#4942);
#4426=PLANE('',#4943);
#4427=PLANE('',#4944);
#4428=PLANE('',#4945);
#4429=PLANE('',#4946);
#4430=PLANE('',#4947);
#4431=PLANE('',#4948);
#4432=PLANE('',#4949);
#4433=PLANE('',#4950);
#4434=PLANE('',#4951);
#4435=PLANE('',#4952);
#4436=PLANE('',#4953);
#4437=PLANE('',#4954);
#4438=PLANE('',#4955);
#4439=PLANE('',#4956);
#4440=PLANE('',#4957);
#4441=PLANE('',#4958);
#4442=PLANE('',#4959);
#4443=PLANE('',#4960);
#4444=PLANE('',#4961);
#4445=PLANE('',#4962);
#4446=PLANE('',#4963);
#4447=PLANE('',#4964);
#4448=PLANE('',#4965);
#4449=PLANE('',#4966);
#4450=PLANE('',#4967);
#4451=PLANE('',#4968);
#4452=PLANE('',#4969);
#4453=PLANE('',#4970);
#4454=PLANE('',#4971);
#4455=PLANE('',#4972);
#4456=PLANE('',#4973);
#4457=PLANE('',#4974);
#4458=PLANE('',#4975);
#4459=PLANE('',#4976);
#4460=PLANE('',#4985);
#4461=PLANE('',#4986);
#4462=PLANE('',#4987);
#4463=PLANE('',#4988);
#4464=PLANE('',#4993);
#4465=PLANE('',#4998);
#4466=PLANE('',#4999);
#4467=PLANE('',#5000);
#4468=PLANE('',#5001);
#4469=PLANE('',#5002);
#4470=PLANE('',#5003);
#4471=PLANE('',#5004);
#4472=PLANE('',#5005);
#4473=PLANE('',#5006);
#4474=PLANE('',#5007);
#4475=PLANE('',#5010);
#4476=PLANE('',#5011);
#4477=PLANE('',#5012);
#4478=PLANE('',#5013);
#4479=PLANE('',#5016);
#4480=PLANE('',#5017);
#4481=PLANE('',#5018);
#4482=PLANE('',#5021);
#4483=PLANE('',#5022);
#4484=PLANE('',#5023);
#4485=PLANE('',#5024);
#4486=PLANE('',#5025);
#4487=PLANE('',#5026);
#4488=PLANE('',#5027);
#4489=PLANE('',#5028);
#4490=PLANE('',#5031);
#4491=PLANE('',#5034);
#4492=PLANE('',#5039);
#4493=PLANE('',#5046);
#4494=PLANE('',#5053);
#4495=PLANE('',#5060);
#4496=PLANE('',#5063);
#4497=PLANE('',#5064);
#4498=PLANE('',#5065);
#4499=PLANE('',#5066);
#4500=PLANE('',#5067);
#4501=PLANE('',#5069);
#4502=PLANE('',#5070);
#4503=PLANE('',#5071);
#4504=PLANE('',#5072);
#4505=PLANE('',#5073);
#4506=PLANE('',#5074);
#4507=PLANE('',#5075);
#4508=PLANE('',#5076);
#4509=PLANE('',#5077);
#4510=PLANE('',#5078);
#4511=PLANE('',#5079);
#4512=PLANE('',#5080);
#4513=PLANE('',#5081);
#4514=PLANE('',#5085);
#4515=PLANE('',#5086);
#4516=PLANE('',#5089);
#4517=PLANE('',#5090);
#4518=PLANE('',#5093);
#4519=PLANE('',#5110);
#4520=PLANE('',#5113);
#4521=PLANE('',#5114);
#4522=PLANE('',#5115);
#4523=PLANE('',#5116);
#4524=PLANE('',#5117);
#4525=PLANE('',#5118);
#4526=PLANE('',#5119);
#4527=PLANE('',#5120);
#4528=PLANE('',#5124);
#4529=PLANE('',#5125);
#4530=PLANE('',#5126);
#4531=PLANE('',#5127);
#4532=PLANE('',#5129);
#4533=PLANE('',#5130);
#4534=PLANE('',#5131);
#4535=PLANE('',#5132);
#4536=PLANE('',#5133);
#4537=PLANE('',#5134);
#4538=PLANE('',#5135);
#4539=PLANE('',#5136);
#4540=PLANE('',#5139);
#4541=PLANE('',#5140);
#4542=PLANE('',#5141);
#4543=PLANE('',#5142);
#4544=PLANE('',#5143);
#4545=PLANE('',#5144);
#4546=PLANE('',#5145);
#4547=PLANE('',#5146);
#4548=PLANE('',#5147);
#4549=PLANE('',#5148);
#4550=PLANE('',#5149);
#4551=PLANE('',#5152);
#4552=PLANE('',#5155);
#4553=ADVANCED_FACE('',(#3965),#4360,.T.);
#4554=ADVANCED_FACE('',(#3966,#3967,#3968),#4361,.F.);
#4555=ADVANCED_FACE('',(#3969),#4362,.F.);
#4556=ADVANCED_FACE('',(#3970),#4363,.F.);
#4557=ADVANCED_FACE('',(#3971,#3972),#4364,.F.);
#4558=ADVANCED_FACE('',(#3973,#3974,#3975,#3976,#3977,#3978,#3979,#3980,#3981),#4365,.T.);
#4559=ADVANCED_FACE('',(#3982,#3983,#3984,#3985,#3986,#3987,#3988,#3989,#3990),#4366,.F.);
#4560=ADVANCED_FACE('',(#3991,#3992,#3993),#4367,.F.);
#4561=ADVANCED_FACE('',(#3994,#3995,#3996),#4368,.T.);
#4562=ADVANCED_FACE('',(#3997,#3998,#3999,#4000,#4001,#4002,#4003),#4369,.T.);
#4563=ADVANCED_FACE('',(#4004),#4370,.F.);
#4564=ADVANCED_FACE('',(#4005,#4006),#4371,.T.);
#4565=ADVANCED_FACE('',(#4007,#4008),#4372,.T.);
#4566=ADVANCED_FACE('',(#4009),#4373,.F.);
#4567=ADVANCED_FACE('',(#4010,#4011),#4374,.T.);
#4568=ADVANCED_FACE('',(#4012),#4375,.T.);
#4569=ADVANCED_FACE('',(#4013,#4014,#4015,#4016,#4017,#4018),#4376,.T.);
#4570=ADVANCED_FACE('',(#4019,#4020,#4021,#4022,#4023,#4024),#4377,.F.);
#4571=ADVANCED_FACE('',(#4025),#4378,.F.);
#4572=ADVANCED_FACE('',(#4026),#4379,.F.);
#4573=ADVANCED_FACE('',(#4027),#4380,.T.);
#4574=ADVANCED_FACE('',(#4028),#4381,.F.);
#4575=ADVANCED_FACE('',(#4029),#4382,.F.);
#4576=ADVANCED_FACE('',(#4030),#4383,.T.);
#4577=ADVANCED_FACE('',(#4031),#4384,.T.);
#4578=ADVANCED_FACE('',(#4032,#4033),#4385,.T.);
#4579=ADVANCED_FACE('',(#4034),#4386,.F.);
#4580=ADVANCED_FACE('',(#4035),#4387,.T.);
#4581=ADVANCED_FACE('',(#4036,#4037),#4388,.T.);
#4582=ADVANCED_FACE('',(#4038),#4389,.F.);
#4583=ADVANCED_FACE('',(#4039),#4390,.F.);
#4584=ADVANCED_FACE('',(#4040),#4391,.F.);
#4585=ADVANCED_FACE('',(#4041),#4392,.T.);
#4586=ADVANCED_FACE('',(#4042),#4393,.F.);
#4587=ADVANCED_FACE('',(#4043),#4394,.F.);
#4588=ADVANCED_FACE('',(#4044),#4395,.T.);
#4589=ADVANCED_FACE('',(#4045),#4396,.T.);
#4590=ADVANCED_FACE('',(#4046),#66,.F.);
#4591=ADVANCED_FACE('',(#4047,#4048),#4397,.T.);
#4592=ADVANCED_FACE('',(#4049),#67,.T.);
#4593=ADVANCED_FACE('',(#4050,#4051),#4398,.T.);
#4594=ADVANCED_FACE('',(#4052,#4053),#20,.F.);
#4595=ADVANCED_FACE('',(#4054,#4055),#21,.F.);
#4596=ADVANCED_FACE('',(#4056),#4399,.T.);
#4597=ADVANCED_FACE('',(#4057),#4400,.T.);
#4598=ADVANCED_FACE('',(#4058),#4401,.F.);
#4599=ADVANCED_FACE('',(#4059),#4402,.T.);
#4600=ADVANCED_FACE('',(#4060),#4403,.F.);
#4601=ADVANCED_FACE('',(#4061),#4404,.T.);
#4602=ADVANCED_FACE('',(#4062),#4405,.F.);
#4603=ADVANCED_FACE('',(#4063),#4406,.F.);
#4604=ADVANCED_FACE('',(#4064),#4407,.F.);
#4605=ADVANCED_FACE('',(#4065),#4408,.F.);
#4606=ADVANCED_FACE('',(#4066),#4409,.T.);
#4607=ADVANCED_FACE('',(#4067,#4068),#4410,.F.);
#4608=ADVANCED_FACE('',(#4069),#4411,.F.);
#4609=ADVANCED_FACE('',(#4070,#4071),#4412,.F.);
#4610=ADVANCED_FACE('',(#4072),#4413,.T.);
#4611=ADVANCED_FACE('',(#4073),#68,.T.);
#4612=ADVANCED_FACE('',(#4074,#4075),#4414,.F.);
#4613=ADVANCED_FACE('',(#4076),#69,.F.);
#4614=ADVANCED_FACE('',(#4077,#4078),#4415,.F.);
#4615=ADVANCED_FACE('',(#4079),#4416,.F.);
#4616=ADVANCED_FACE('',(#4080),#4417,.T.);
#4617=ADVANCED_FACE('',(#4081),#4418,.F.);
#4618=ADVANCED_FACE('',(#4082),#22,.F.);
#4619=ADVANCED_FACE('',(#4083),#23,.F.);
#4620=ADVANCED_FACE('',(#4084),#4419,.T.);
#4621=ADVANCED_FACE('',(#4085),#4420,.F.);
#4622=ADVANCED_FACE('',(#4086),#4421,.T.);
#4623=ADVANCED_FACE('',(#4087,#4088,#4089,#4090,#4091,#4092),#4422,.T.);
#4624=ADVANCED_FACE('',(#4093,#4094),#24,.F.);
#4625=ADVANCED_FACE('',(#4095,#4096),#25,.F.);
#4626=ADVANCED_FACE('',(#4097),#4423,.T.);
#4627=ADVANCED_FACE('',(#4098,#4099),#26,.F.);
#4628=ADVANCED_FACE('',(#4100,#4101),#27,.F.);
#4629=ADVANCED_FACE('',(#4102),#4424,.T.);
#4630=ADVANCED_FACE('',(#4103),#4425,.F.);
#4631=ADVANCED_FACE('',(#4104),#4426,.T.);
#4632=ADVANCED_FACE('',(#4105),#4427,.T.);
#4633=ADVANCED_FACE('',(#4106),#4428,.T.);
#4634=ADVANCED_FACE('',(#4107),#4429,.F.);
#4635=ADVANCED_FACE('',(#4108),#4430,.F.);
#4636=ADVANCED_FACE('',(#4109),#4431,.T.);
#4637=ADVANCED_FACE('',(#4110),#4432,.F.);
#4638=ADVANCED_FACE('',(#4111),#4433,.T.);
#4639=ADVANCED_FACE('',(#4112),#4434,.T.);
#4640=ADVANCED_FACE('',(#4113),#4435,.T.);
#4641=ADVANCED_FACE('',(#4114),#4436,.F.);
#4642=ADVANCED_FACE('',(#4115),#4437,.F.);
#4643=ADVANCED_FACE('',(#4116),#4438,.F.);
#4644=ADVANCED_FACE('',(#4117),#4439,.T.);
#4645=ADVANCED_FACE('',(#4118),#4440,.T.);
#4646=ADVANCED_FACE('',(#4119),#4441,.T.);
#4647=ADVANCED_FACE('',(#4120),#4442,.F.);
#4648=ADVANCED_FACE('',(#4121),#4443,.F.);
#4649=ADVANCED_FACE('',(#4122),#4444,.F.);
#4650=ADVANCED_FACE('',(#4123),#4445,.F.);
#4651=ADVANCED_FACE('',(#4124),#4446,.T.);
#4652=ADVANCED_FACE('',(#4125),#4447,.F.);
#4653=ADVANCED_FACE('',(#4126),#4448,.F.);
#4654=ADVANCED_FACE('',(#4127),#4449,.T.);
#4655=ADVANCED_FACE('',(#4128),#4450,.F.);
#4656=ADVANCED_FACE('',(#4129),#4451,.F.);
#4657=ADVANCED_FACE('',(#4130),#4452,.T.);
#4658=ADVANCED_FACE('',(#4131),#4453,.F.);
#4659=ADVANCED_FACE('',(#4132),#4454,.F.);
#4660=ADVANCED_FACE('',(#4133),#4455,.T.);
#4661=ADVANCED_FACE('',(#4134),#4456,.T.);
#4662=ADVANCED_FACE('',(#4135),#4457,.F.);
#4663=ADVANCED_FACE('',(#4136),#4458,.F.);
#4664=ADVANCED_FACE('',(#4137),#4459,.T.);
#4665=ADVANCED_FACE('',(#4138,#4139),#28,.F.);
#4666=ADVANCED_FACE('',(#4140,#4141),#29,.F.);
#4667=ADVANCED_FACE('',(#4142,#4143),#30,.F.);
#4668=ADVANCED_FACE('',(#4144,#4145),#31,.F.);
#4669=ADVANCED_FACE('',(#4146,#4147),#32,.F.);
#4670=ADVANCED_FACE('',(#4148,#4149),#33,.F.);
#4671=ADVANCED_FACE('',(#4150),#4460,.F.);
#4672=ADVANCED_FACE('',(#4151),#4461,.T.);
#4673=ADVANCED_FACE('',(#4152),#4462,.T.);
#4674=ADVANCED_FACE('',(#4153),#4463,.T.);
#4675=ADVANCED_FACE('',(#4154,#4155),#34,.F.);
#4676=ADVANCED_FACE('',(#4156,#4157),#35,.T.);
#4677=ADVANCED_FACE('',(#4158,#4159),#4464,.T.);
#4678=ADVANCED_FACE('',(#4160,#4161),#36,.F.);
#4679=ADVANCED_FACE('',(#4162,#4163),#37,.T.);
#4680=ADVANCED_FACE('',(#4164,#4165),#4465,.T.);
#4681=ADVANCED_FACE('',(#4166),#4466,.T.);
#4682=ADVANCED_FACE('',(#4167),#4467,.F.);
#4683=ADVANCED_FACE('',(#4168),#4468,.T.);
#4684=ADVANCED_FACE('',(#4169),#4469,.F.);
#4685=ADVANCED_FACE('',(#4170),#4470,.F.);
#4686=ADVANCED_FACE('',(#4171),#4471,.F.);
#4687=ADVANCED_FACE('',(#4172),#4472,.T.);
#4688=ADVANCED_FACE('',(#4173),#4473,.F.);
#4689=ADVANCED_FACE('',(#4174,#4175,#4176),#4474,.T.);
#4690=ADVANCED_FACE('',(#4177),#4475,.F.);
#4691=ADVANCED_FACE('',(#4178),#4476,.F.);
#4692=ADVANCED_FACE('',(#4179),#4477,.T.);
#4693=ADVANCED_FACE('',(#4180,#4181,#4182),#4478,.F.);
#4694=ADVANCED_FACE('',(#4183),#4479,.F.);
#4695=ADVANCED_FACE('',(#4184),#4480,.T.);
#4696=ADVANCED_FACE('',(#4185),#4481,.T.);
#4697=ADVANCED_FACE('',(#4186,#4187),#38,.F.);
#4698=ADVANCED_FACE('',(#4188,#4189),#39,.F.);
#4699=ADVANCED_FACE('',(#4190),#4482,.F.);
#4700=ADVANCED_FACE('',(#4191),#4483,.T.);
#4701=ADVANCED_FACE('',(#4192),#4484,.T.);
#4702=ADVANCED_FACE('',(#4193),#4485,.T.);
#4703=ADVANCED_FACE('',(#4194),#4486,.F.);
#4704=ADVANCED_FACE('',(#4195),#4487,.T.);
#4705=ADVANCED_FACE('',(#4196),#4488,.T.);
#4706=ADVANCED_FACE('',(#4197),#4489,.F.);
#4707=ADVANCED_FACE('',(#4198,#4199),#40,.T.);
#4708=ADVANCED_FACE('',(#4200),#4490,.F.);
#4709=ADVANCED_FACE('',(#4201,#4202),#41,.T.);
#4710=ADVANCED_FACE('',(#4203),#4491,.F.);
#4711=ADVANCED_FACE('',(#4204,#4205),#16,.F.);
#4712=ADVANCED_FACE('',(#4206,#4207),#42,.F.);
#4713=ADVANCED_FACE('',(#4208,#4209),#4492,.T.);
#4714=ADVANCED_FACE('',(#4210,#4211),#43,.F.);
#4715=ADVANCED_FACE('',(#4212,#4213),#17,.F.);
#4716=ADVANCED_FACE('',(#4214,#4215),#44,.F.);
#4717=ADVANCED_FACE('',(#4216,#4217),#4493,.T.);
#4718=ADVANCED_FACE('',(#4218,#4219),#45,.F.);
#4719=ADVANCED_FACE('',(#4220,#4221),#18,.F.);
#4720=ADVANCED_FACE('',(#4222,#4223),#46,.F.);
#4721=ADVANCED_FACE('',(#4224,#4225),#4494,.T.);
#4722=ADVANCED_FACE('',(#4226,#4227),#47,.F.);
#4723=ADVANCED_FACE('',(#4228,#4229),#19,.F.);
#4724=ADVANCED_FACE('',(#4230,#4231),#48,.F.);
#4725=ADVANCED_FACE('',(#4232,#4233),#4495,.T.);
#4726=ADVANCED_FACE('',(#4234,#4235),#49,.F.);
#4727=ADVANCED_FACE('',(#4236,#4237),#70,.T.);
#4728=ADVANCED_FACE('',(#4238,#4239),#71,.T.);
#4729=ADVANCED_FACE('',(#4240),#4496,.F.);
#4730=ADVANCED_FACE('',(#4241),#4497,.T.);
#4731=ADVANCED_FACE('',(#4242),#4498,.F.);
#4732=ADVANCED_FACE('',(#4243),#4499,.F.);
#4733=ADVANCED_FACE('',(#4244),#4500,.T.);
#4734=ADVANCED_FACE('',(#4245,#4246),#50,.F.);
#4735=ADVANCED_FACE('',(#4247),#4501,.T.);
#4736=ADVANCED_FACE('',(#4248),#4502,.F.);
#4737=ADVANCED_FACE('',(#4249),#4503,.F.);
#4738=ADVANCED_FACE('',(#4250),#4504,.T.);
#4739=ADVANCED_FACE('',(#4251),#4505,.T.);
#4740=ADVANCED_FACE('',(#4252),#4506,.F.);
#4741=ADVANCED_FACE('',(#4253),#4507,.F.);
#4742=ADVANCED_FACE('',(#4254),#4508,.T.);
#4743=ADVANCED_FACE('',(#4255,#4256),#4509,.F.);
#4744=ADVANCED_FACE('',(#4257),#4510,.T.);
#4745=ADVANCED_FACE('',(#4258),#4511,.F.);
#4746=ADVANCED_FACE('',(#4259,#4260,#4261,#4262),#4512,.F.);
#4747=ADVANCED_FACE('',(#4263),#72,.T.);
#4748=ADVANCED_FACE('',(#4264),#4513,.T.);
#4749=ADVANCED_FACE('',(#4265,#4266),#51,.F.);
#4750=ADVANCED_FACE('',(#4267),#73,.T.);
#4751=ADVANCED_FACE('',(#4268),#4514,.T.);
#4752=ADVANCED_FACE('',(#4269,#4270,#4271,#4272),#4515,.F.);
#4753=ADVANCED_FACE('',(#4273),#4516,.F.);
#4754=ADVANCED_FACE('',(#4274,#4275,#4276,#4277),#4517,.T.);
#4755=ADVANCED_FACE('',(#4278,#4279,#4280,#4281,#4282,#4283),#4518,.T.);
#4756=ADVANCED_FACE('',(#4284,#4285),#52,.F.);
#4757=ADVANCED_FACE('',(#4286,#4287),#53,.F.);
#4758=ADVANCED_FACE('',(#4288,#4289),#54,.F.);
#4759=ADVANCED_FACE('',(#4290,#4291),#55,.F.);
#4760=ADVANCED_FACE('',(#4292,#4293),#56,.F.);
#4761=ADVANCED_FACE('',(#4294),#74,.T.);
#4762=ADVANCED_FACE('',(#4295),#4519,.T.);
#4763=ADVANCED_FACE('',(#4296,#4297),#57,.F.);
#4764=ADVANCED_FACE('',(#4298),#75,.T.);
#4765=ADVANCED_FACE('',(#4299),#4520,.T.);
#4766=ADVANCED_FACE('',(#4300,#4301),#4521,.F.);
#4767=ADVANCED_FACE('',(#4302),#4522,.F.);
#4768=ADVANCED_FACE('',(#4303,#4304,#4305,#4306,#4307,#4308),#4523,.T.);
#4769=ADVANCED_FACE('',(#4309),#4524,.T.);
#4770=ADVANCED_FACE('',(#4310),#4525,.F.);
#4771=ADVANCED_FACE('',(#4311),#4526,.F.);
#4772=ADVANCED_FACE('',(#4312),#4527,.F.);
#4773=ADVANCED_FACE('',(#4313,#4314),#58,.F.);
#4774=ADVANCED_FACE('',(#4315,#4316),#59,.F.);
#4775=ADVANCED_FACE('',(#4317,#4318),#60,.F.);
#4776=ADVANCED_FACE('',(#4319),#4528,.T.);
#4777=ADVANCED_FACE('',(#4320),#4529,.F.);
#4778=ADVANCED_FACE('',(#4321),#4530,.F.);
#4779=ADVANCED_FACE('',(#4322),#4531,.T.);
#4780=ADVANCED_FACE('',(#4323,#4324),#61,.F.);
#4781=ADVANCED_FACE('',(#4325),#4532,.T.);
#4782=ADVANCED_FACE('',(#4326),#4533,.F.);
#4783=ADVANCED_FACE('',(#4327),#4534,.F.);
#4784=ADVANCED_FACE('',(#4328),#4535,.T.);
#4785=ADVANCED_FACE('',(#4329),#4536,.T.);
#4786=ADVANCED_FACE('',(#4330),#4537,.F.);
#4787=ADVANCED_FACE('',(#4331),#4538,.F.);
#4788=ADVANCED_FACE('',(#4332),#4539,.T.);
#4789=ADVANCED_FACE('',(#4333,#4334),#62,.F.);
#4790=ADVANCED_FACE('',(#4335,#4336),#63,.F.);
#4791=ADVANCED_FACE('',(#4337),#76,.F.);
#4792=ADVANCED_FACE('',(#4338),#77,.F.);
#4793=ADVANCED_FACE('',(#4339),#4540,.T.);
#4794=ADVANCED_FACE('',(#4340),#4541,.T.);
#4795=ADVANCED_FACE('',(#4341),#4542,.T.);
#4796=ADVANCED_FACE('',(#4342),#4543,.F.);
#4797=ADVANCED_FACE('',(#4343),#4544,.T.);
#4798=ADVANCED_FACE('',(#4344),#4545,.F.);
#4799=ADVANCED_FACE('',(#4345),#4546,.T.);
#4800=ADVANCED_FACE('',(#4346),#4547,.T.);
#4801=ADVANCED_FACE('',(#4347),#78,.T.);
#4802=ADVANCED_FACE('',(#4348),#4548,.T.);
#4803=ADVANCED_FACE('',(#4349),#4549,.T.);
#4804=ADVANCED_FACE('',(#4350),#4550,.F.);
#4805=ADVANCED_FACE('',(#4351),#79,.T.);
#4806=ADVANCED_FACE('',(#4352,#4353),#64,.T.);
#4807=ADVANCED_FACE('',(#4354,#4355),#4551,.T.);
#4808=ADVANCED_FACE('',(#4356,#4357),#65,.T.);
#4809=ADVANCED_FACE('',(#4358,#4359),#4552,.T.);
#4810=CLOSED_SHELL('',(#4553,#4554,#4555,#4556,#4557,#4558,#4559,#4560,#4561,#4562,#4563,#4564,#4565,#4566,#4567,#4568,#4569,#4570,#4571,#4572,#4573,#4574,#4575,#4576,#4577,#4578,#4579,#4580,#4581,#4582,#4583,#4584,#4585,#4586,#4587,#4588,#4589,#4590,#4591,#4592,#4593,#4594,#4595,#4596,#4597,#4598,#4599,#4600,#4601,#4602,#4603,#4604,#4605,#4606,#4607,#4608,#4609,#4610,#4611,#4612,#4613,#4614,#4615,#4616,#4617,#4618,#4619,#4620,#4621,#4622,#4623,#4624,#4625,#4626,#4627,#4628,#4629,#4630,#4631,#4632,#4633,#4634,#4635,#4636,#4637,#4638,#4639,#4640,#4641,#4642,#4643,#4644,#4645,#4646,#4647,#4648,#4649,#4650,#4651,#4652,#4653,#4654,#4655,#4656,#4657,#4658,#4659,#4660,#4661,#4662,#4663,#4664,#4665,#4666,#4667,#4668,#4669,#4670,#4671,#4672,#4673,#4674,#4675,#4676,#4677,#4678,#4679,#4680,#4681,#4682,#4683,#4684,#4685,#4686,#4687,#4688,#4689,#4690,#4691,#4692,#4693,#4694,#4695,#4696,#4697,#4698,#4699,#4700,#4701,#4702,#4703,#4704,#4705,#4706,#4707,#4708,#4709,#4710,#4711,#4712,#4713,#4714,#4715,#4716,#4717,#4718,#4719,#4720,#4721,#4722,#4723,#4724,#4725,#4726,#4727,#4728,#4729,#4730,#4731,#4732,#4733,#4734,#4735,#4736,#4737,#4738,#4739,#4740,#4741,#4742,#4743,#4744,#4745,#4746,#4747,#4748,#4749,#4750,#4751,#4752,#4753,#4754,#4755,#4756,#4757,#4758,#4759,#4760,#4761,#4762,#4763,#4764,#4765,#4766,#4767,#4768,#4769,#4770,#4771,#4772,#4773,#4774,#4775,#4776,#4777,#4778,#4779,#4780,#4781,#4782,#4783,#4784,#4785,#4786,#4787,#4788,#4789,#4790,#4791,#4792,#4793,#4794,#4795,#4796,#4797,#4798,#4799,#4800,#4801,#4802,#4803,#4804,#4805,#4806,#4807,#4808,#4809));
#4811=STYLED_ITEM('',(#4812),#4819);
#4812=PRESENTATION_STYLE_ASSIGNMENT((#4813));
#4813=SURFACE_STYLE_USAGE(.BOTH.,#4814);
#4814=SURFACE_SIDE_STYLE('',(#4815));
#4815=SURFACE_STYLE_FILL_AREA(#4816);
#4816=FILL_AREA_STYLE('',(#4817));
#4817=FILL_AREA_STYLE_COLOUR('',#4818);
#4818=COLOUR_RGB('',0.615686274509804,0.811764705882353,0.929411764705882);
#4819=MANIFOLD_SOLID_BREP('Part 1',#4810);
#4820=SHAPE_DEFINITION_REPRESENTATION(#8244,#4821);
#4821=SHAPE_REPRESENTATION('Part 1',(#4822),#8239);
#4822=AXIS2_PLACEMENT_3D('',#6318,#5156,#5157);
#4823=AXIS2_PLACEMENT_3D('',#6319,#5158,#5159);
#4824=AXIS2_PLACEMENT_3D('',#6366,#5183,#5184);
#4825=AXIS2_PLACEMENT_3D('',#6367,#5185,#5186);
#4826=AXIS2_PLACEMENT_3D('',#6369,#5187,#5188);
#4827=AXIS2_PLACEMENT_3D('',#6429,#5204,#5205);
#4828=AXIS2_PLACEMENT_3D('',#6435,#5209,#5210);
#4829=AXIS2_PLACEMENT_3D('',#6448,#5212,#5213);
#4830=AXIS2_PLACEMENT_3D('',#6507,#5228,#5229);
#4831=AXIS2_PLACEMENT_3D('',#6528,#5241,#5242);
#4832=AXIS2_PLACEMENT_3D('',#6530,#5243,#5244);
#4833=AXIS2_PLACEMENT_3D('',#6532,#5245,#5246);
#4834=AXIS2_PLACEMENT_3D('',#6534,#5247,#5248);
#4835=AXIS2_PLACEMENT_3D('',#6568,#5265,#5266);
#4836=AXIS2_PLACEMENT_3D('',#6577,#5271,#5272);
#4837=AXIS2_PLACEMENT_3D('',#6603,#5285,#5286);
#4838=AXIS2_PLACEMENT_3D('',#6605,#5287,#5288);
#4839=AXIS2_PLACEMENT_3D('',#6607,#5289,#5290);
#4840=AXIS2_PLACEMENT_3D('',#6625,#5299,#5300);
#4841=AXIS2_PLACEMENT_3D('',#6626,#5301,#5302);
#4842=AXIS2_PLACEMENT_3D('',#6651,#5315,#5316);
#4843=AXIS2_PLACEMENT_3D('',#6652,#5317,#5318);
#4844=AXIS2_PLACEMENT_3D('',#6678,#5331,#5332);
#4845=AXIS2_PLACEMENT_3D('',#6679,#5333,#5334);
#4846=AXIS2_PLACEMENT_3D('',#6681,#5335,#5336);
#4847=AXIS2_PLACEMENT_3D('',#6683,#5337,#5338);
#4848=AXIS2_PLACEMENT_3D('',#6685,#5339,#5340);
#4849=AXIS2_PLACEMENT_3D('',#6719,#5357,#5358);
#4850=AXIS2_PLACEMENT_3D('',#6732,#5360,#5361);
#4851=AXIS2_PLACEMENT_3D('',#6733,#5362,#5363);
#4852=AXIS2_PLACEMENT_3D('',#6735,#5364,#5365);
#4853=AXIS2_PLACEMENT_3D('',#6737,#5366,#5367);
#4854=AXIS2_PLACEMENT_3D('',#6738,#5368,#5369);
#4855=AXIS2_PLACEMENT_3D('',#6740,#5370,#5371);
#4856=AXIS2_PLACEMENT_3D('',#6742,#5372,#5373);
#4857=AXIS2_PLACEMENT_3D('',#6755,#5380,#5381);
#4858=AXIS2_PLACEMENT_3D('',#6756,#5382,#5383);
#4859=AXIS2_PLACEMENT_3D('',#6762,#5387,#5388);
#4860=AXIS2_PLACEMENT_3D('',#6775,#5395,#5396);
#4861=AXIS2_PLACEMENT_3D('',#6776,#5397,#5398);
#4862=AXIS2_PLACEMENT_3D('',#6778,#5399,#5400);
#4863=AXIS2_PLACEMENT_3D('',#6780,#5401,#5402);
#4864=AXIS2_PLACEMENT_3D('',#6782,#5403,#5404);
#4865=AXIS2_PLACEMENT_3D('',#6795,#5412,#5413);
#4866=AXIS2_PLACEMENT_3D('',#6796,#5414,#5415);
#4867=AXIS2_PLACEMENT_3D('',#6798,#5416,#5417);
#4868=AXIS2_PLACEMENT_3D('',#6800,#5418,#5419);
#4869=AXIS2_PLACEMENT_3D('',#6802,#5420,#5421);
#4870=AXIS2_PLACEMENT_3D('',#6817,#5429,#5430);
#4871=AXIS2_PLACEMENT_3D('',#6842,#5444,#5445);
#4872=AXIS2_PLACEMENT_3D('',#6854,#5453,#5454);
#4873=AXIS2_PLACEMENT_3D('',#6860,#5458,#5459);
#4874=AXIS2_PLACEMENT_3D('',#6866,#5463,#5464);
#4875=AXIS2_PLACEMENT_3D('',#6871,#5468,#5469);
#4876=AXIS2_PLACEMENT_3D('',#6873,#5471,#5472);
#4877=AXIS2_PLACEMENT_3D('',#6879,#5476,#5477);
#4878=AXIS2_PLACEMENT_3D('',#6928,#5492,#5493);
#4879=AXIS2_PLACEMENT_3D('',#6942,#5502,#5503);
#4880=AXIS2_PLACEMENT_3D('',#6955,#5511,#5512);
#4881=AXIS2_PLACEMENT_3D('',#6956,#5513,#5514);
#4882=AXIS2_PLACEMENT_3D('',#6960,#5517,#5518);
#4883=AXIS2_PLACEMENT_3D('',#6964,#5521,#5522);
#4884=AXIS2_PLACEMENT_3D('',#6967,#5525,#5526);
#4885=AXIS2_PLACEMENT_3D('',#6969,#5528,#5529);
#4886=AXIS2_PLACEMENT_3D('',#6973,#5532,#5533);
#4887=AXIS2_PLACEMENT_3D('',#6977,#5536,#5537);
#4888=AXIS2_PLACEMENT_3D('',#6988,#5544,#5545);
#4889=AXIS2_PLACEMENT_3D('',#6990,#5547,#5548);
#4890=AXIS2_PLACEMENT_3D('',#7019,#5550,#5551);
#4891=AXIS2_PLACEMENT_3D('',#7020,#5552,#5553);
#4892=AXIS2_PLACEMENT_3D('',#7049,#5554,#5555);
#4893=AXIS2_PLACEMENT_3D('',#7050,#5556,#5557);
#4894=AXIS2_PLACEMENT_3D('',#7052,#5558,#5559);
#4895=AXIS2_PLACEMENT_3D('',#7053,#5560,#5561);
#4896=AXIS2_PLACEMENT_3D('',#7055,#5562,#5563);
#4897=AXIS2_PLACEMENT_3D('',#7056,#5564,#5565);
#4898=AXIS2_PLACEMENT_3D('',#7058,#5566,#5567);
#4899=AXIS2_PLACEMENT_3D('',#7066,#5572,#5573);
#4900=AXIS2_PLACEMENT_3D('',#7074,#5578,#5579);
#4901=AXIS2_PLACEMENT_3D('',#7079,#5582,#5583);
#4902=AXIS2_PLACEMENT_3D('',#7082,#5585,#5586);
#4903=AXIS2_PLACEMENT_3D('',#7107,#5601,#5602);
#4904=AXIS2_PLACEMENT_3D('',#7110,#5604,#5605);
#4905=AXIS2_PLACEMENT_3D('',#7113,#5607,#5608);
#4906=AXIS2_PLACEMENT_3D('',#7121,#5613,#5614);
#4907=AXIS2_PLACEMENT_3D('',#7129,#5619,#5620);
#4908=AXIS2_PLACEMENT_3D('',#7149,#5623,#5624);
#4909=AXIS2_PLACEMENT_3D('',#7169,#5627,#5628);
#4910=AXIS2_PLACEMENT_3D('',#7175,#5632,#5633);
#4911=AXIS2_PLACEMENT_3D('',#7177,#5635,#5636);
#4912=AXIS2_PLACEMENT_3D('',#7178,#5637,#5638);
#4913=AXIS2_PLACEMENT_3D('',#7202,#5642,#5643);
#4914=AXIS2_PLACEMENT_3D('',#7204,#5645,#5646);
#4915=AXIS2_PLACEMENT_3D('',#7205,#5647,#5648);
#4916=AXIS2_PLACEMENT_3D('',#7229,#5652,#5653);
#4917=AXIS2_PLACEMENT_3D('',#7291,#5657,#5658);
#4918=AXIS2_PLACEMENT_3D('',#7292,#5659,#5660);
#4919=AXIS2_PLACEMENT_3D('',#7349,#5661,#5662);
#4920=AXIS2_PLACEMENT_3D('',#7350,#5663,#5664);
#4921=AXIS2_PLACEMENT_3D('',#7351,#5665,#5666);
#4922=AXIS2_PLACEMENT_3D('',#7353,#5668,#5669);
#4923=AXIS2_PLACEMENT_3D('',#7355,#5671,#5672);
#4924=AXIS2_PLACEMENT_3D('',#7357,#5674,#5675);
#4925=AXIS2_PLACEMENT_3D('',#7358,#5676,#5677);
#4926=AXIS2_PLACEMENT_3D('',#7359,#5678,#5679);
#4927=AXIS2_PLACEMENT_3D('',#7365,#5683,#5684);
#4928=AXIS2_PLACEMENT_3D('',#7369,#5687,#5688);
#4929=AXIS2_PLACEMENT_3D('',#7373,#5691,#5692);
#4930=AXIS2_PLACEMENT_3D('',#7374,#5693,#5694);
#4931=AXIS2_PLACEMENT_3D('',#7376,#5695,#5696);
#4932=AXIS2_PLACEMENT_3D('',#7378,#5697,#5698);
#4933=AXIS2_PLACEMENT_3D('',#7380,#5699,#5700);
#4934=AXIS2_PLACEMENT_3D('',#7391,#5706,#5707);
#4935=AXIS2_PLACEMENT_3D('',#7392,#5708,#5709);
#4936=AXIS2_PLACEMENT_3D('',#7393,#5710,#5711);
#4937=AXIS2_PLACEMENT_3D('',#7395,#5712,#5713);
#4938=AXIS2_PLACEMENT_3D('',#7396,#5714,#5715);
#4939=AXIS2_PLACEMENT_3D('',#7397,#5716,#5717);
#4940=AXIS2_PLACEMENT_3D('',#7398,#5718,#5719);
#4941=AXIS2_PLACEMENT_3D('',#7400,#5720,#5721);
#4942=AXIS2_PLACEMENT_3D('',#7401,#5722,#5723);
#4943=AXIS2_PLACEMENT_3D('',#7407,#5727,#5728);
#4944=AXIS2_PLACEMENT_3D('',#7413,#5732,#5733);
#4945=AXIS2_PLACEMENT_3D('',#7415,#5735,#5736);
#4946=AXIS2_PLACEMENT_3D('',#7429,#5744,#5745);
#4947=AXIS2_PLACEMENT_3D('',#7432,#5748,#5749);
#4948=AXIS2_PLACEMENT_3D('',#7435,#5752,#5753);
#4949=AXIS2_PLACEMENT_3D('',#7436,#5754,#5755);
#4950=AXIS2_PLACEMENT_3D('',#7445,#5760,#5761);
#4951=AXIS2_PLACEMENT_3D('',#7454,#5766,#5767);
#4952=AXIS2_PLACEMENT_3D('',#7457,#5770,#5771);
#4953=AXIS2_PLACEMENT_3D('',#7472,#5780,#5781);
#4954=AXIS2_PLACEMENT_3D('',#7478,#5785,#5786);
#4955=AXIS2_PLACEMENT_3D('',#7489,#5793,#5794);
#4956=AXIS2_PLACEMENT_3D('',#7492,#5797,#5798);
#4957=AXIS2_PLACEMENT_3D('',#7493,#5799,#5800);
#4958=AXIS2_PLACEMENT_3D('',#7496,#5803,#5804);
#4959=AXIS2_PLACEMENT_3D('',#7499,#5807,#5808);
#4960=AXIS2_PLACEMENT_3D('',#7500,#5809,#5810);
#4961=AXIS2_PLACEMENT_3D('',#7501,#5811,#5812);
#4962=AXIS2_PLACEMENT_3D('',#7502,#5813,#5814);
#4963=AXIS2_PLACEMENT_3D('',#7503,#5815,#5816);
#4964=AXIS2_PLACEMENT_3D('',#7509,#5820,#5821);
#4965=AXIS2_PLACEMENT_3D('',#7517,#5824,#5825);
#4966=AXIS2_PLACEMENT_3D('',#7521,#5828,#5829);
#4967=AXIS2_PLACEMENT_3D('',#7523,#5831,#5832);
#4968=AXIS2_PLACEMENT_3D('',#7529,#5836,#5837);
#4969=AXIS2_PLACEMENT_3D('',#7532,#5840,#5841);
#4970=AXIS2_PLACEMENT_3D('',#7533,#5842,#5843);
#4971=AXIS2_PLACEMENT_3D('',#7535,#5845,#5846);
#4972=AXIS2_PLACEMENT_3D('',#7539,#5849,#5850);
#4973=AXIS2_PLACEMENT_3D('',#7543,#5853,#5854);
#4974=AXIS2_PLACEMENT_3D('',#7546,#5857,#5858);
#4975=AXIS2_PLACEMENT_3D('',#7548,#5860,#5861);
#4976=AXIS2_PLACEMENT_3D('',#7550,#5863,#5864);
#4977=AXIS2_PLACEMENT_3D('',#7551,#5865,#5866);
#4978=AXIS2_PLACEMENT_3D('',#7552,#5867,#5868);
#4979=AXIS2_PLACEMENT_3D('',#7553,#5869,#5870);
#4980=AXIS2_PLACEMENT_3D('',#7554,#5871,#5872);
#4981=AXIS2_PLACEMENT_3D('',#7555,#5873,#5874);
#4982=AXIS2_PLACEMENT_3D('',#7556,#5875,#5876);
#4983=AXIS2_PLACEMENT_3D('',#7558,#5877,#5878);
#4984=AXIS2_PLACEMENT_3D('',#7559,#5879,#5880);
#4985=AXIS2_PLACEMENT_3D('',#7561,#5881,#5882);
#4986=AXIS2_PLACEMENT_3D('',#7563,#5884,#5885);
#4987=AXIS2_PLACEMENT_3D('',#7565,#5887,#5888);
#4988=AXIS2_PLACEMENT_3D('',#7567,#5890,#5891);
#4989=AXIS2_PLACEMENT_3D('',#7569,#5893,#5894);
#4990=AXIS2_PLACEMENT_3D('',#7570,#5895,#5896);
#4991=AXIS2_PLACEMENT_3D('',#7572,#5897,#5898);
#4992=AXIS2_PLACEMENT_3D('',#7573,#5899,#5900);
#4993=AXIS2_PLACEMENT_3D('',#7575,#5901,#5902);
#4994=AXIS2_PLACEMENT_3D('',#7576,#5903,#5904);
#4995=AXIS2_PLACEMENT_3D('',#7577,#5905,#5906);
#4996=AXIS2_PLACEMENT_3D('',#7579,#5907,#5908);
#4997=AXIS2_PLACEMENT_3D('',#7580,#5909,#5910);
#4998=AXIS2_PLACEMENT_3D('',#7582,#5911,#5912);
#4999=AXIS2_PLACEMENT_3D('',#7583,#5913,#5914);
#5000=AXIS2_PLACEMENT_3D('',#7585,#5916,#5917);
#5001=AXIS2_PLACEMENT_3D('',#7587,#5919,#5920);
#5002=AXIS2_PLACEMENT_3D('',#7588,#5921,#5922);
#5003=AXIS2_PLACEMENT_3D('',#7590,#5924,#5925);
#5004=AXIS2_PLACEMENT_3D('',#7592,#5927,#5928);
#5005=AXIS2_PLACEMENT_3D('',#7593,#5929,#5930);
#5006=AXIS2_PLACEMENT_3D('',#7595,#5932,#5933);
#5007=AXIS2_PLACEMENT_3D('',#7597,#5935,#5936);
#5008=AXIS2_PLACEMENT_3D('',#7598,#5937,#5938);
#5009=AXIS2_PLACEMENT_3D('',#7600,#5939,#5940);
#5010=AXIS2_PLACEMENT_3D('',#7607,#5944,#5945);
#5011=AXIS2_PLACEMENT_3D('',#7613,#5949,#5950);
#5012=AXIS2_PLACEMENT_3D('',#7617,#5953,#5954);
#5013=AXIS2_PLACEMENT_3D('',#7623,#5958,#5959);
#5014=AXIS2_PLACEMENT_3D('',#7624,#5960,#5961);
#5015=AXIS2_PLACEMENT_3D('',#7626,#5962,#5963);
#5016=AXIS2_PLACEMENT_3D('',#7631,#5966,#5967);
#5017=AXIS2_PLACEMENT_3D('',#7635,#5970,#5971);
#5018=AXIS2_PLACEMENT_3D('',#7637,#5973,#5974);
#5019=AXIS2_PLACEMENT_3D('',#7641,#5977,#5978);
#5020=AXIS2_PLACEMENT_3D('',#7642,#5979,#5980);
#5021=AXIS2_PLACEMENT_3D('',#7643,#5981,#5982);
#5022=AXIS2_PLACEMENT_3D('',#7644,#5983,#5984);
#5023=AXIS2_PLACEMENT_3D('',#7646,#5986,#5987);
#5024=AXIS2_PLACEMENT_3D('',#7647,#5988,#5989);
#5025=AXIS2_PLACEMENT_3D('',#7650,#5992,#5993);
#5026=AXIS2_PLACEMENT_3D('',#7654,#5996,#5997);
#5027=AXIS2_PLACEMENT_3D('',#7658,#6000,#6001);
#5028=AXIS2_PLACEMENT_3D('',#7660,#6003,#6004);
#5029=AXIS2_PLACEMENT_3D('',#7661,#6005,#6006);
#5030=AXIS2_PLACEMENT_3D('',#7674,#6007,#6008);
#5031=AXIS2_PLACEMENT_3D('',#7676,#6009,#6010);
#5032=AXIS2_PLACEMENT_3D('',#7677,#6011,#6012);
#5033=AXIS2_PLACEMENT_3D('',#7690,#6013,#6014);
#5034=AXIS2_PLACEMENT_3D('',#7692,#6015,#6016);
#5035=AXIS2_PLACEMENT_3D('',#7693,#6017,#6018);
#5036=AXIS2_PLACEMENT_3D('',#7695,#6019,#6020);
#5037=AXIS2_PLACEMENT_3D('',#7697,#6021,#6022);
#5038=AXIS2_PLACEMENT_3D('',#7698,#6023,#6024);
#5039=AXIS2_PLACEMENT_3D('',#7700,#6025,#6026);
#5040=AXIS2_PLACEMENT_3D('',#7701,#6027,#6028);
#5041=AXIS2_PLACEMENT_3D('',#7703,#6029,#6030);
#5042=AXIS2_PLACEMENT_3D('',#7704,#6031,#6032);
#5043=AXIS2_PLACEMENT_3D('',#7706,#6033,#6034);
#5044=AXIS2_PLACEMENT_3D('',#7708,#6035,#6036);
#5045=AXIS2_PLACEMENT_3D('',#7709,#6037,#6038);
#5046=AXIS2_PLACEMENT_3D('',#7711,#6039,#6040);
#5047=AXIS2_PLACEMENT_3D('',#7712,#6041,#6042);
#5048=AXIS2_PLACEMENT_3D('',#7714,#6043,#6044);
#5049=AXIS2_PLACEMENT_3D('',#7715,#6045,#6046);
#5050=AXIS2_PLACEMENT_3D('',#7717,#6047,#6048);
#5051=AXIS2_PLACEMENT_3D('',#7719,#6049,#6050);
#5052=AXIS2_PLACEMENT_3D('',#7720,#6051,#6052);
#5053=AXIS2_PLACEMENT_3D('',#7722,#6053,#6054);
#5054=AXIS2_PLACEMENT_3D('',#7723,#6055,#6056);
#5055=AXIS2_PLACEMENT_3D('',#7725,#6057,#6058);
#5056=AXIS2_PLACEMENT_3D('',#7726,#6059,#6060);
#5057=AXIS2_PLACEMENT_3D('',#7728,#6061,#6062);
#5058=AXIS2_PLACEMENT_3D('',#7730,#6063,#6064);
#5059=AXIS2_PLACEMENT_3D('',#7731,#6065,#6066);
#5060=AXIS2_PLACEMENT_3D('',#7733,#6067,#6068);
#5061=AXIS2_PLACEMENT_3D('',#7734,#6069,#6070);
#5062=AXIS2_PLACEMENT_3D('',#7736,#6071,#6072);
#5063=AXIS2_PLACEMENT_3D('',#7877,#6073,#6074);
#5064=AXIS2_PLACEMENT_3D('',#7879,#6076,#6077);
#5065=AXIS2_PLACEMENT_3D('',#7881,#6079,#6080);
#5066=AXIS2_PLACEMENT_3D('',#7883,#6082,#6083);
#5067=AXIS2_PLACEMENT_3D('',#7885,#6085,#6086);
#5068=AXIS2_PLACEMENT_3D('',#7886,#6087,#6088);
#5069=AXIS2_PLACEMENT_3D('',#7887,#6089,#6090);
#5070=AXIS2_PLACEMENT_3D('',#7893,#6094,#6095);
#5071=AXIS2_PLACEMENT_3D('',#7897,#6098,#6099);
#5072=AXIS2_PLACEMENT_3D('',#7901,#6102,#6103);
#5073=AXIS2_PLACEMENT_3D('',#7903,#6105,#6106);
#5074=AXIS2_PLACEMENT_3D('',#7909,#6110,#6111);
#5075=AXIS2_PLACEMENT_3D('',#7913,#6114,#6115);
#5076=AXIS2_PLACEMENT_3D('',#7917,#6118,#6119);
#5077=AXIS2_PLACEMENT_3D('',#7919,#6121,#6122);
#5078=AXIS2_PLACEMENT_3D('',#7920,#6123,#6124);
#5079=AXIS2_PLACEMENT_3D('',#7925,#6125,#6126);
#5080=AXIS2_PLACEMENT_3D('',#7930,#6127,#6128);
#5081=AXIS2_PLACEMENT_3D('',#7975,#6137,#6138);
#5082=AXIS2_PLACEMENT_3D('',#7984,#6141,#6142);
#5083=AXIS2_PLACEMENT_3D('',#7985,#6143,#6144);
#5084=AXIS2_PLACEMENT_3D('',#7987,#6145,#6146);
#5085=AXIS2_PLACEMENT_3D('',#8011,#6147,#6148);
#5086=AXIS2_PLACEMENT_3D('',#8014,#6151,#6152);
#5087=AXIS2_PLACEMENT_3D('',#8015,#6153,#6154);
#5088=AXIS2_PLACEMENT_3D('',#8017,#6155,#6156);
#5089=AXIS2_PLACEMENT_3D('',#8020,#6158,#6159);
#5090=AXIS2_PLACEMENT_3D('',#8022,#6161,#6162);
#5091=AXIS2_PLACEMENT_3D('',#8023,#6163,#6164);
#5092=AXIS2_PLACEMENT_3D('',#8025,#6165,#6166);
#5093=AXIS2_PLACEMENT_3D('',#8027,#6167,#6168);
#5094=AXIS2_PLACEMENT_3D('',#8028,#6169,#6170);
#5095=AXIS2_PLACEMENT_3D('',#8030,#6171,#6172);
#5096=AXIS2_PLACEMENT_3D('',#8032,#6173,#6174);
#5097=AXIS2_PLACEMENT_3D('',#8034,#6175,#6176);
#5098=AXIS2_PLACEMENT_3D('',#8036,#6177,#6178);
#5099=AXIS2_PLACEMENT_3D('',#8038,#6179,#6180);
#5100=AXIS2_PLACEMENT_3D('',#8040,#6181,#6182);
#5101=AXIS2_PLACEMENT_3D('',#8041,#6183,#6184);
#5102=AXIS2_PLACEMENT_3D('',#8043,#6185,#6186);
#5103=AXIS2_PLACEMENT_3D('',#8044,#6187,#6188);
#5104=AXIS2_PLACEMENT_3D('',#8046,#6189,#6190);
#5105=AXIS2_PLACEMENT_3D('',#8047,#6191,#6192);
#5106=AXIS2_PLACEMENT_3D('',#8049,#6193,#6194);
#5107=AXIS2_PLACEMENT_3D('',#8050,#6195,#6196);
#5108=AXIS2_PLACEMENT_3D('',#8052,#6197,#6198);
#5109=AXIS2_PLACEMENT_3D('',#8053,#6199,#6200);
#5110=AXIS2_PLACEMENT_3D('',#8083,#6201,#6202);
#5111=AXIS2_PLACEMENT_3D('',#8092,#6205,#6206);
#5112=AXIS2_PLACEMENT_3D('',#8093,#6207,#6208);
#5113=AXIS2_PLACEMENT_3D('',#8117,#6209,#6210);
#5114=AXIS2_PLACEMENT_3D('',#8120,#6213,#6214);
#5115=AXIS2_PLACEMENT_3D('',#8122,#6216,#6217);
#5116=AXIS2_PLACEMENT_3D('',#8124,#6219,#6220);
#5117=AXIS2_PLACEMENT_3D('',#8125,#6221,#6222);
#5118=AXIS2_PLACEMENT_3D('',#8128,#6225,#6226);
#5119=AXIS2_PLACEMENT_3D('',#8130,#6228,#6229);
#5120=AXIS2_PLACEMENT_3D('',#8132,#6231,#6232);
#5121=AXIS2_PLACEMENT_3D('',#8133,#6233,#6234);
#5122=AXIS2_PLACEMENT_3D('',#8134,#6235,#6236);
#5123=AXIS2_PLACEMENT_3D('',#8135,#6237,#6238);
#5124=AXIS2_PLACEMENT_3D('',#8136,#6239,#6240);
#5125=AXIS2_PLACEMENT_3D('',#8139,#6243,#6244);
#5126=AXIS2_PLACEMENT_3D('',#8141,#6246,#6247);
#5127=AXIS2_PLACEMENT_3D('',#8143,#6249,#6250);
#5128=AXIS2_PLACEMENT_3D('',#8144,#6251,#6252);
#5129=AXIS2_PLACEMENT_3D('',#8145,#6253,#6254);
#5130=AXIS2_PLACEMENT_3D('',#8148,#6257,#6258);
#5131=AXIS2_PLACEMENT_3D('',#8150,#6260,#6261);
#5132=AXIS2_PLACEMENT_3D('',#8152,#6263,#6264);
#5133=AXIS2_PLACEMENT_3D('',#8153,#6265,#6266);
#5134=AXIS2_PLACEMENT_3D('',#8156,#6269,#6270);
#5135=AXIS2_PLACEMENT_3D('',#8158,#6272,#6273);
#5136=AXIS2_PLACEMENT_3D('',#8160,#6275,#6276);
#5137=AXIS2_PLACEMENT_3D('',#8161,#6277,#6278);
#5138=AXIS2_PLACEMENT_3D('',#8162,#6279,#6280);
#5139=AXIS2_PLACEMENT_3D('',#8179,#6281,#6282);
#5140=AXIS2_PLACEMENT_3D('',#8181,#6284,#6285);
#5141=AXIS2_PLACEMENT_3D('',#8182,#6286,#6287);
#5142=AXIS2_PLACEMENT_3D('',#8184,#6289,#6290);
#5143=AXIS2_PLACEMENT_3D('',#8185,#6291,#6292);
#5144=AXIS2_PLACEMENT_3D('',#8186,#6293,#6294);
#5145=AXIS2_PLACEMENT_3D('',#8187,#6295,#6296);
#5146=AXIS2_PLACEMENT_3D('',#8192,#6297,#6298);
#5147=AXIS2_PLACEMENT_3D('',#8205,#6299,#6300);
#5148=AXIS2_PLACEMENT_3D('',#8212,#6302,#6303);
#5149=AXIS2_PLACEMENT_3D('',#8217,#6304,#6305);
#5150=AXIS2_PLACEMENT_3D('',#8230,#6306,#6307);
#5151=AXIS2_PLACEMENT_3D('',#8231,#6308,#6309);
#5152=AXIS2_PLACEMENT_3D('',#8233,#6310,#6311);
#5153=AXIS2_PLACEMENT_3D('',#8234,#6312,#6313);
#5154=AXIS2_PLACEMENT_3D('',#8235,#6314,#6315);
#5155=AXIS2_PLACEMENT_3D('',#8237,#6316,#6317);
#5156=DIRECTION('',(0.,0.,1.));
#5157=DIRECTION('',(1.,0.,0.));
#5158=DIRECTION('',(0.,0.,1.));
#5159=DIRECTION('',(1.,0.,0.));
#5160=DIRECTION('',(-2.1350442781253E-16,1.,0.));
#5161=DIRECTION('',(-1.,0.,0.));
#5162=DIRECTION('',(0.,-1.,0.));
#5163=DIRECTION('',(-1.,-1.06194580731874E-16,0.));
#5164=DIRECTION('',(0.,-1.,0.));
#5165=DIRECTION('',(1.,0.,0.));
#5166=DIRECTION('',(0.,-1.,0.));
#5167=DIRECTION('',(1.,0.,0.));
#5168=DIRECTION('',(-1.,0.,0.));
#5169=DIRECTION('',(-2.1350442781253E-16,1.,0.));
#5170=DIRECTION('',(-1.,-2.12389161463749E-16,0.));
#5171=DIRECTION('',(-0.707106781186548,0.707106781186548,0.));
#5172=DIRECTION('',(2.12389161463749E-16,-1.,0.));
#5173=DIRECTION('',(-1.,-2.12389161463749E-16,0.));
#5174=DIRECTION('',(2.12389161463749E-16,-1.,0.));
#5175=DIRECTION('',(1.,2.12389161463749E-16,0.));
#5176=DIRECTION('',(1.,2.12389161463749E-16,0.));
#5177=DIRECTION('',(1.,2.12389161463749E-16,0.));
#5178=DIRECTION('',(-2.12389161463749E-16,1.,0.));
#5179=DIRECTION('',(-1.,-2.12389161463749E-16,0.));
#5180=DIRECTION('',(2.12389161463749E-16,-1.,0.));
#5181=DIRECTION('',(0.707106781186548,0.707106781186548,0.));
#5182=DIRECTION('',(-1.,-2.12389161463749E-16,0.));
#5183=DIRECTION('',(-1.06194580731874E-16,1.,0.));
#5184=DIRECTION('',(-1.,-1.06194580731874E-16,0.));
#5185=DIRECTION('',(-1.06194580731874E-16,1.,0.));
#5186=DIRECTION('',(-1.,-1.06194580731874E-16,0.));
#5187=DIRECTION('',(-1.06194580731874E-16,1.,0.));
#5188=DIRECTION('',(-1.,-1.06194580731874E-16,0.));
#5189=DIRECTION('',(-1.,-1.06194580731874E-16,0.));
#5190=DIRECTION('',(0.,0.,-1.));
#5191=DIRECTION('',(-1.,-1.06194580731874E-16,0.));
#5192=DIRECTION('',(0.,0.,-1.));
#5193=DIRECTION('',(-1.,0.,0.));
#5194=DIRECTION('',(0.,0.,-1.));
#5195=DIRECTION('',(-0.707106781186547,-7.50909081607707E-17,0.707106781186548));
#5196=DIRECTION('',(-1.,-1.06194580731874E-16,0.));
#5197=DIRECTION('',(0.,0.,-1.));
#5198=DIRECTION('',(1.,1.06194580731874E-16,0.));
#5199=DIRECTION('',(0.,0.,-1.));
#5200=DIRECTION('',(-1.,-1.06194580731874E-16,0.));
#5201=DIRECTION('',(0.707106781186548,7.50909081607707E-17,0.707106781186548));
#5202=DIRECTION('',(0.,0.,-1.));
#5203=DIRECTION('',(-1.,-1.06194580731874E-16,0.));
#5204=DIRECTION('',(-1.,-2.1350442781253E-16,0.));
#5205=DIRECTION('',(2.1350442781253E-16,-1.,0.));
#5206=DIRECTION('',(0.,0.,-1.));
#5207=DIRECTION('',(2.1350442781253E-16,-1.,0.));
#5208=DIRECTION('',(0.,0.,-1.));
#5209=DIRECTION('',(0.,0.,1.));
#5210=DIRECTION('',(1.,0.,0.));
#5211=DIRECTION('',(-1.,-2.12389161463749E-16,0.));
#5212=DIRECTION('',(0.,0.,1.));
#5213=DIRECTION('',(1.,0.,0.));
#5214=DIRECTION('',(-1.,0.,0.));
#5215=DIRECTION('',(0.,1.,0.));
#5216=DIRECTION('',(-1.,0.,0.));
#5217=DIRECTION('',(0.,1.,0.));
#5218=DIRECTION('',(2.04085114820801E-16,1.,0.));
#5219=DIRECTION('',(-1.,0.,0.));
#5220=DIRECTION('',(2.04085114820801E-16,1.,0.));
#5221=DIRECTION('',(-1.,-2.12389161463749E-16,0.));
#5222=DIRECTION('',(-0.707106781186548,-0.707106781186547,0.));
#5223=DIRECTION('',(2.12389161463749E-16,-1.,0.));
#5224=DIRECTION('',(-1.,-2.12389161463749E-16,0.));
#5225=DIRECTION('',(2.12389161463749E-16,-1.,0.));
#5226=DIRECTION('',(0.707106781186548,-0.707106781186547,0.));
#5227=DIRECTION('',(-1.,-2.12389161463749E-16,0.));
#5228=DIRECTION('',(-1.,-2.1350442781253E-16,0.));
#5229=DIRECTION('',(2.1350442781253E-16,-1.,0.));
#5230=DIRECTION('',(-2.1350442781253E-16,1.,0.));
#5231=DIRECTION('',(0.,0.,1.));
#5232=DIRECTION('',(2.1350442781253E-16,-1.,0.));
#5233=DIRECTION('',(0.,0.,-1.));
#5234=DIRECTION('',(-2.1350442781253E-16,1.,0.));
#5235=DIRECTION('',(0.,0.,-1.));
#5236=DIRECTION('',(0.,0.,-1.));
#5237=DIRECTION('',(2.1350442781253E-16,-1.,0.));
#5238=DIRECTION('',(-1.50970428719594E-16,0.707106781186548,0.707106781186547));
#5239=DIRECTION('',(0.,0.,-1.));
#5240=DIRECTION('',(-2.1350442781253E-16,1.,0.));
#5241=DIRECTION('',(-1.,-2.1350442781253E-16,0.));
#5242=DIRECTION('',(2.1350442781253E-16,-1.,0.));
#5243=DIRECTION('',(-1.,-2.1350442781253E-16,0.));
#5244=DIRECTION('',(2.1350442781253E-16,-1.,0.));
#5245=DIRECTION('',(-1.,-2.1350442781253E-16,0.));
#5246=DIRECTION('',(2.1350442781253E-16,-1.,0.));
#5247=DIRECTION('',(-1.,-2.1350442781253E-16,0.));
#5248=DIRECTION('',(2.1350442781253E-16,-1.,0.));
#5249=DIRECTION('',(4.23281306458733E-32,-1.98254111540206E-16,1.));
#5250=DIRECTION('',(-1.50970428719593E-16,0.707106781186547,0.707106781186548));
#5251=DIRECTION('',(0.,0.,-1.));
#5252=DIRECTION('',(-1.50970428719594E-16,0.707106781186549,-0.707106781186547));
#5253=DIRECTION('',(8.2176097386715E-33,-3.84891771232354E-17,-1.));
#5254=DIRECTION('',(-1.50970428719593E-16,0.707106781186547,-0.707106781186549));
#5255=DIRECTION('',(0.,0.,-1.));
#5256=DIRECTION('',(-1.50970428719593E-16,0.707106781186547,0.707106781186548));
#5257=DIRECTION('',(-2.1350442781253E-16,1.,0.));
#5258=DIRECTION('',(2.11640653229367E-32,-9.91270557701033E-17,1.));
#5259=DIRECTION('',(-2.1350442781253E-16,1.,0.));
#5260=DIRECTION('',(2.11640653229367E-32,-9.91270557701033E-17,1.));
#5261=DIRECTION('',(-2.1350442781253E-16,1.,0.));
#5262=DIRECTION('',(4.23281306458733E-32,-1.98254111540206E-16,1.));
#5263=DIRECTION('',(-2.1350442781253E-16,1.,0.));
#5264=DIRECTION('',(4.23281306458733E-32,-1.98254111540206E-16,1.));
#5265=DIRECTION('',(-1.,-2.1350442781253E-16,0.));
#5266=DIRECTION('',(2.1350442781253E-16,-1.,0.));
#5267=DIRECTION('',(-2.11640653229367E-32,9.91270557701033E-17,-1.));
#5268=DIRECTION('',(2.1350442781253E-16,-1.,0.));
#5269=DIRECTION('',(-2.11640653229367E-32,9.91270557701033E-17,-1.));
#5270=DIRECTION('',(2.1350442781253E-16,-1.,0.));
#5271=DIRECTION('',(1.,2.1350442781253E-16,0.));
#5272=DIRECTION('',(-2.1350442781253E-16,1.,0.));
#5273=DIRECTION('',(1.50970428719593E-16,-0.707106781186547,-0.707106781186548));
#5274=DIRECTION('',(-4.23281306458733E-32,1.98254111540206E-16,-1.));
#5275=DIRECTION('',(1.50970428719594E-16,-0.707106781186549,0.707106781186547));
#5276=DIRECTION('',(0.,0.,1.));
#5277=DIRECTION('',(0.,0.,-1.));
#5278=DIRECTION('',(2.1350442781253E-16,-1.,0.));
#5279=DIRECTION('',(0.,0.,-1.));
#5280=DIRECTION('',(-2.12389161463749E-16,1.,0.));
#5281=DIRECTION('',(0.,0.,-1.));
#5282=DIRECTION('',(2.12389161463749E-16,-1.,0.));
#5283=DIRECTION('',(0.,0.,-1.));
#5284=DIRECTION('',(-2.1350442781253E-16,1.,0.));
#5285=DIRECTION('',(1.,2.1350442781253E-16,0.));
#5286=DIRECTION('',(-2.1350442781253E-16,1.,0.));
#5287=DIRECTION('',(1.,2.1350442781253E-16,0.));
#5288=DIRECTION('',(-2.1350442781253E-16,1.,0.));
#5289=DIRECTION('',(1.,2.1350442781253E-16,0.));
#5290=DIRECTION('',(-2.1350442781253E-16,1.,0.));
#5291=DIRECTION('',(1.50970428719593E-16,-0.707106781186547,0.707106781186549));
#5292=DIRECTION('',(-8.2176097386715E-33,3.84891771232354E-17,1.));
#5293=DIRECTION('',(1.50970428719593E-16,-0.707106781186547,-0.707106781186548));
#5294=DIRECTION('',(0.,0.,1.));
#5295=DIRECTION('',(-4.23281306458733E-32,1.98254111540206E-16,-1.));
#5296=DIRECTION('',(2.1350442781253E-16,-1.,0.));
#5297=DIRECTION('',(-4.23281306458733E-32,1.98254111540206E-16,-1.));
#5298=DIRECTION('',(2.1350442781253E-16,-1.,0.));
#5299=DIRECTION('',(-1.,-2.1350442781253E-16,0.));
#5300=DIRECTION('',(2.1350442781253E-16,-1.,0.));
#5301=DIRECTION('',(-1.,-2.1350442781253E-16,0.));
#5302=DIRECTION('',(2.1350442781253E-16,-1.,0.));
#5303=DIRECTION('',(0.,0.,-1.));
#5304=DIRECTION('',(-2.1350442781253E-16,1.,0.));
#5305=DIRECTION('',(2.1350442781253E-16,-1.,0.));
#5306=DIRECTION('',(0.,0.,-1.));
#5307=DIRECTION('',(1.50970428719593E-16,-0.707106781186547,-0.707106781186548));
#5308=DIRECTION('',(2.1350442781253E-16,-1.,0.));
#5309=DIRECTION('',(0.,0.,-1.));
#5310=DIRECTION('',(-2.1350442781253E-16,1.,0.));
#5311=DIRECTION('',(-2.1350442781253E-16,1.,0.));
#5312=DIRECTION('',(0.,0.,1.));
#5313=DIRECTION('',(-2.1350442781253E-16,1.,0.));
#5314=DIRECTION('',(0.,0.,1.));
#5315=DIRECTION('',(-1.,-2.1350442781253E-16,0.));
#5316=DIRECTION('',(2.1350442781253E-16,-1.,0.));
#5317=DIRECTION('',(-1.,-2.1350442781253E-16,0.));
#5318=DIRECTION('',(2.1350442781253E-16,-1.,0.));
#5319=DIRECTION('',(0.,0.,-1.));
#5320=DIRECTION('',(-2.1350442781253E-16,1.,0.));
#5321=DIRECTION('',(0.,0.,-1.));
#5322=DIRECTION('',(2.1350442781253E-16,-1.,0.));
#5323=DIRECTION('',(0.,0.,-1.));
#5324=DIRECTION('',(2.12389161463749E-16,-1.,0.));
#5325=DIRECTION('',(0.,0.,-1.));
#5326=DIRECTION('',(-2.12389161463749E-16,1.,0.));
#5327=DIRECTION('',(-2.1350442781253E-16,1.,0.));
#5328=DIRECTION('',(0.,0.,-1.));
#5329=DIRECTION('',(-2.1350442781253E-16,1.,0.));
#5330=DIRECTION('',(0.,0.,-1.));
#5331=DIRECTION('',(0.,0.,1.));
#5332=DIRECTION('',(1.,0.,0.));
#5333=DIRECTION('',(0.,0.,-1.));
#5334=DIRECTION('',(-1.,0.,0.));
#5335=DIRECTION('',(0.,0.,-1.));
#5336=DIRECTION('',(-1.,0.,0.));
#5337=DIRECTION('',(0.,0.,-1.));
#5338=DIRECTION('',(-1.,0.,0.));
#5339=DIRECTION('',(0.,0.,-1.));
#5340=DIRECTION('',(-1.,0.,0.));
#5341=DIRECTION('',(-1.,-2.12389161463749E-16,0.));
#5342=DIRECTION('',(-2.12389161463749E-16,1.,0.));
#5343=DIRECTION('',(1.,2.12389161463749E-16,0.));
#5344=DIRECTION('',(-2.1350442781253E-16,1.,0.));
#5345=DIRECTION('',(-1.,-1.06194580731874E-16,0.));
#5346=DIRECTION('',(2.1350442781253E-16,-1.,0.));
#5347=DIRECTION('',(1.,2.12389161463749E-16,0.));
#5348=DIRECTION('',(2.12389161463749E-16,-1.,0.));
#5349=DIRECTION('',(1.89735380184963E-16,1.,0.));
#5350=DIRECTION('',(-1.,0.,0.));
#5351=DIRECTION('',(0.,1.,0.));
#5352=DIRECTION('',(-1.,0.,0.));
#5353=DIRECTION('',(2.04085114820801E-16,1.,0.));
#5354=DIRECTION('',(-1.,0.,0.));
#5355=DIRECTION('',(2.04085114820801E-16,1.,0.));
#5356=DIRECTION('',(-1.,0.,0.));
#5357=DIRECTION('',(0.,0.,1.));
#5358=DIRECTION('',(1.,0.,0.));
#5359=DIRECTION('',(-1.,-2.12389161463749E-16,0.));
#5360=DIRECTION('',(2.12389161463749E-16,-1.,0.));
#5361=DIRECTION('',(1.,2.12389161463749E-16,0.));
#5362=DIRECTION('',(2.12389161463749E-16,-1.,0.));
#5363=DIRECTION('',(1.,2.12389161463749E-16,0.));
#5364=DIRECTION('',(2.12389161463749E-16,-1.,0.));
#5365=DIRECTION('',(1.,2.12389161463749E-16,0.));
#5366=DIRECTION('',(2.12389161463749E-16,-1.,0.));
#5367=DIRECTION('',(1.,2.12389161463749E-16,0.));
#5368=DIRECTION('',(2.12389161463749E-16,-1.,0.));
#5369=DIRECTION('',(1.,2.12389161463749E-16,0.));
#5370=DIRECTION('',(2.12389161463749E-16,-1.,0.));
#5371=DIRECTION('',(1.,2.12389161463749E-16,0.));
#5372=DIRECTION('',(-1.,-2.12389161463749E-16,-3.1540426835942E-16));
#5373=DIRECTION('',(-3.1540426835942E-16,0.,1.));
#5374=DIRECTION('',(3.1540426835942E-16,6.69884480789443E-32,-1.));
#5375=DIRECTION('',(-2.12389161463749E-16,1.,0.));
#5376=DIRECTION('',(3.1540426835942E-16,6.69884480789443E-32,-1.));
#5377=DIRECTION('',(-2.12389161463749E-16,1.,0.));
#5378=DIRECTION('',(0.,0.,-1.));
#5379=DIRECTION('',(2.12389161463749E-16,-1.,0.));
#5380=DIRECTION('',(2.12389161463749E-16,-1.,0.));
#5381=DIRECTION('',(1.,2.12389161463749E-16,0.));
#5382=DIRECTION('',(2.12389161463749E-16,-1.,0.));
#5383=DIRECTION('',(1.,2.12389161463749E-16,0.));
#5384=DIRECTION('',(-0.707106781186548,-1.50181816321541E-16,0.707106781186548));
#5385=DIRECTION('',(-1.,-2.12389161463749E-16,0.));
#5386=DIRECTION('',(-1.,-2.12389161463749E-16,0.));
#5387=DIRECTION('',(-1.,-2.12389161463749E-16,0.));
#5388=DIRECTION('',(2.12389161463749E-16,-1.,0.));
#5389=DIRECTION('',(0.,0.,-1.));
#5390=DIRECTION('',(2.12389161463749E-16,-1.,0.));
#5391=DIRECTION('',(0.,0.,-1.));
#5392=DIRECTION('',(-2.12389161463749E-16,1.,0.));
#5393=DIRECTION('',(0.,0.,-1.));
#5394=DIRECTION('',(-2.12389161463749E-16,1.,0.));
#5395=DIRECTION('',(2.12389161463749E-16,-1.,0.));
#5396=DIRECTION('',(1.,2.12389161463749E-16,0.));
#5397=DIRECTION('',(2.12389161463749E-16,-1.,0.));
#5398=DIRECTION('',(1.,2.12389161463749E-16,0.));
#5399=DIRECTION('',(2.12389161463749E-16,-1.,0.));
#5400=DIRECTION('',(1.,2.12389161463749E-16,0.));
#5401=DIRECTION('',(2.12389161463749E-16,-1.,0.));
#5402=DIRECTION('',(1.,2.12389161463749E-16,0.));
#5403=DIRECTION('',(2.12389161463749E-16,-1.,0.));
#5404=DIRECTION('',(1.,2.12389161463749E-16,0.));
#5405=DIRECTION('',(1.,2.12389161463749E-16,0.));
#5406=DIRECTION('',(-0.766044443118978,-1.62699536918004E-16,0.64278760968654));
#5407=DIRECTION('',(0.766044443118978,1.62699536918004E-16,0.64278760968654));
#5408=DIRECTION('',(0.,0.,-1.));
#5409=DIRECTION('',(-1.,-2.12389161463749E-16,0.));
#5410=DIRECTION('',(0.,0.,-1.));
#5411=DIRECTION('',(-1.,-2.12389161463749E-16,0.));
#5412=DIRECTION('',(2.12389161463749E-16,-1.,0.));
#5413=DIRECTION('',(1.,2.12389161463749E-16,0.));
#5414=DIRECTION('',(-2.12389161463749E-16,1.,0.));
#5415=DIRECTION('',(-1.,-2.12389161463749E-16,0.));
#5416=DIRECTION('',(-2.12389161463749E-16,1.,0.));
#5417=DIRECTION('',(-1.,-2.12389161463749E-16,0.));
#5418=DIRECTION('',(-2.12389161463749E-16,1.,0.));
#5419=DIRECTION('',(-1.,-2.12389161463749E-16,0.));
#5420=DIRECTION('',(-2.12389161463749E-16,1.,0.));
#5421=DIRECTION('',(-1.,-2.12389161463749E-16,0.));
#5422=DIRECTION('',(3.1540426835942E-16,6.69884480789443E-32,-1.));
#5423=DIRECTION('',(1.,2.12389161463749E-16,0.));
#5424=DIRECTION('',(0.,0.,-1.));
#5425=DIRECTION('',(1.,2.12389161463749E-16,0.));
#5426=DIRECTION('',(0.,0.,1.));
#5427=DIRECTION('',(1.,2.12389161463749E-16,0.));
#5428=DIRECTION('',(0.,0.,1.));
#5429=DIRECTION('',(2.12389161463749E-16,-1.,0.));
#5430=DIRECTION('',(1.,2.12389161463749E-16,0.));
#5431=DIRECTION('',(1.,2.12389161463749E-16,0.));
#5432=DIRECTION('',(0.,0.,-1.));
#5433=DIRECTION('',(-0.707106781186548,-1.50181816321541E-16,-0.707106781186548));
#5434=DIRECTION('',(-1.,-2.1350442781253E-16,0.));
#5435=DIRECTION('',(0.,0.,-1.));
#5436=DIRECTION('',(-1.,-2.1350442781253E-16,0.));
#5437=DIRECTION('',(-0.874619707139396,-1.85759746199006E-16,0.484809620246337));
#5438=DIRECTION('',(0.,0.,-1.));
#5439=DIRECTION('',(0.874619707139396,1.85759746199006E-16,0.484809620246337));
#5440=DIRECTION('',(-1.,-2.1350442781253E-16,0.));
#5441=DIRECTION('',(0.,0.,-1.));
#5442=DIRECTION('',(-1.,-2.1350442781253E-16,0.));
#5443=DIRECTION('',(-0.707106781186548,-1.50181816321541E-16,0.707106781186547));
#5444=DIRECTION('',(1.06194580731874E-16,-1.,0.));
#5445=DIRECTION('',(1.,1.06194580731874E-16,0.));
#5446=DIRECTION('',(0.766044443118978,8.13497684590021E-17,-0.64278760968654));
#5447=DIRECTION('',(0.766044443118979,8.13497684590022E-17,0.642787609686539));
#5448=DIRECTION('',(0.,0.,-1.));
#5449=DIRECTION('',(-1.,-1.06194580731874E-16,0.));
#5450=DIRECTION('',(0.,0.,-1.));
#5451=DIRECTION('',(-0.766044443118978,-8.13497684590021E-17,0.64278760968654));
#5452=DIRECTION('',(-0.766044443118978,-8.13497684590021E-17,-0.64278760968654));
#5453=DIRECTION('',(0.,0.,-1.));
#5454=DIRECTION('',(-1.,0.,0.));
#5455=DIRECTION('',(-1.06194580731874E-16,1.,0.));
#5456=DIRECTION('',(-1.,-1.06194580731874E-16,0.));
#5457=DIRECTION('',(-1.06194580731874E-16,1.,0.));
#5458=DIRECTION('',(1.,1.06194580731874E-16,0.));
#5459=DIRECTION('',(-1.06194580731874E-16,1.,0.));
#5460=DIRECTION('',(0.,0.,-1.));
#5461=DIRECTION('',(-1.06194580731874E-16,1.,0.));
#5462=DIRECTION('',(0.,0.,-1.));
#5463=DIRECTION('',(0.,0.,-1.));
#5464=DIRECTION('',(-1.,0.,0.));
#5465=DIRECTION('',(-1.,-1.06194580731874E-16,0.));
#5466=DIRECTION('',(-1.06194580731874E-16,1.,0.));
#5467=DIRECTION('',(-1.,-1.06194580731874E-16,0.));
#5468=DIRECTION('',(1.,1.06194580731874E-16,0.));
#5469=DIRECTION('',(-1.06194580731874E-16,1.,0.));
#5470=DIRECTION('',(0.,0.,-1.));
#5471=DIRECTION('',(2.12389161463749E-16,-1.,0.));
#5472=DIRECTION('',(1.,2.12389161463749E-16,0.));
#5473=DIRECTION('',(0.,0.,-1.));
#5474=DIRECTION('',(1.,2.12389161463749E-16,0.));
#5475=DIRECTION('',(0.,0.,-1.));
#5476=DIRECTION('',(2.12389161463749E-16,-1.,0.));
#5477=DIRECTION('',(1.,2.12389161463749E-16,0.));
#5478=DIRECTION('',(0.,0.,1.));
#5479=DIRECTION('',(-1.,-2.12389161463749E-16,0.));
#5480=DIRECTION('',(-3.75075346157147E-16,-7.96619382560419E-32,1.));
#5481=DIRECTION('',(1.,2.12389161463749E-16,0.));
#5482=DIRECTION('',(-4.01781072423601E-16,-8.53339450640545E-32,1.));
#5483=DIRECTION('',(1.,2.12389161463749E-16,0.));
#5484=DIRECTION('',(-1.90101951649019E-16,-4.03755941033575E-32,1.));
#5485=DIRECTION('',(-1.90101951649019E-16,-4.03755941033575E-32,1.));
#5486=DIRECTION('',(1.,2.12389161463749E-16,0.));
#5487=DIRECTION('',(0.,0.,-1.));
#5488=DIRECTION('',(1.,2.12389161463749E-16,0.));
#5489=DIRECTION('',(0.,0.,-1.));
#5490=DIRECTION('',(1.,2.12389161463749E-16,0.));
#5491=DIRECTION('',(-4.01781072423601E-16,-8.53339450640545E-32,1.));
#5492=DIRECTION('',(0.,0.,-1.));
#5493=DIRECTION('',(-1.,0.,0.));
#5494=DIRECTION('',(2.12389161463749E-16,-1.,0.));
#5495=DIRECTION('',(-1.,-2.12389161463749E-16,0.));
#5496=DIRECTION('',(-2.12389161463749E-16,1.,0.));
#5497=DIRECTION('',(1.,2.12389161463749E-16,0.));
#5498=DIRECTION('',(1.,2.12389161463749E-16,0.));
#5499=DIRECTION('',(-0.707106781186548,0.707106781186547,0.));
#5500=DIRECTION('',(0.707106781186547,0.707106781186548,0.));
#5501=DIRECTION('',(-1.,-2.12389161463749E-16,0.));
#5502=DIRECTION('',(1.,2.12389161463749E-16,4.01781072423601E-16));
#5503=DIRECTION('',(4.01781072423601E-16,0.,-1.));
#5504=DIRECTION('',(0.,0.,1.));
#5505=DIRECTION('',(2.12389161463749E-16,-1.,0.));
#5506=DIRECTION('',(2.12389161463749E-16,-1.,0.));
#5507=DIRECTION('',(-4.01781072423601E-16,-8.53339450640545E-32,1.));
#5508=DIRECTION('',(-4.01781072423601E-16,-8.53339450640545E-32,1.));
#5509=DIRECTION('',(2.12389161463749E-16,-1.,0.));
#5510=DIRECTION('',(2.12389161463749E-16,-1.,0.));
#5511=DIRECTION('',(2.12389161463749E-16,-1.,0.));
#5512=DIRECTION('',(1.,2.12389161463749E-16,0.));
#5513=DIRECTION('',(2.12389161463749E-16,-1.,0.));
#5514=DIRECTION('',(1.,2.12389161463749E-16,0.));
#5515=DIRECTION('',(0.707106781186548,1.50181816321541E-16,0.707106781186548));
#5516=DIRECTION('',(1.,2.12389161463749E-16,0.));
#5517=DIRECTION('',(0.,0.,-1.));
#5518=DIRECTION('',(-1.,0.,0.));
#5519=DIRECTION('',(2.12389161463749E-16,-1.,0.));
#5520=DIRECTION('',(1.,2.12389161463749E-16,0.));
#5521=DIRECTION('',(-1.,-2.12389161463749E-16,0.));
#5522=DIRECTION('',(2.12389161463749E-16,-1.,0.));
#5523=DIRECTION('',(2.12389161463749E-16,-1.,0.));
#5524=DIRECTION('',(0.,0.,-1.));
#5525=DIRECTION('',(0.,0.,-1.));
#5526=DIRECTION('',(-1.,0.,0.));
#5527=DIRECTION('',(2.12389161463749E-16,-1.,0.));
#5528=DIRECTION('',(-1.,-2.12389161463749E-16,0.));
#5529=DIRECTION('',(2.12389161463749E-16,-1.,0.));
#5530=DIRECTION('',(2.12389161463749E-16,-1.,0.));
#5531=DIRECTION('',(0.,0.,-1.));
#5532=DIRECTION('',(0.,0.,-1.));
#5533=DIRECTION('',(-1.,0.,0.));
#5534=DIRECTION('',(2.12389161463749E-16,-1.,0.));
#5535=DIRECTION('',(1.,2.12389161463749E-16,0.));
#5536=DIRECTION('',(1.,2.12389161463749E-16,1.90101951649019E-16));
#5537=DIRECTION('',(-2.12389161463749E-16,1.,0.));
#5538=DIRECTION('',(-1.84415150615351E-16,-3.91677792004054E-32,1.));
#5539=DIRECTION('',(2.12389161463749E-16,-1.,0.));
#5540=DIRECTION('',(2.12389161463749E-16,-1.,0.));
#5541=DIRECTION('',(-1.90101951649019E-16,-4.03755941033575E-32,1.));
#5542=DIRECTION('',(-1.90101951649019E-16,-4.03755941033575E-32,1.));
#5543=DIRECTION('',(2.12389161463749E-16,-1.,0.));
#5544=DIRECTION('',(0.,0.,-1.));
#5545=DIRECTION('',(-1.,0.,0.));
#5546=DIRECTION('',(1.,2.12389161463749E-16,0.));
#5547=DIRECTION('',(2.12389161463749E-16,-1.,0.));
#5548=DIRECTION('',(1.,2.12389161463749E-16,0.));
#5549=DIRECTION('',(-1.,-2.12389161463749E-16,0.));
#5550=DIRECTION('',(2.12389161463749E-16,-1.,0.));
#5551=DIRECTION('',(1.,2.12389161463749E-16,0.));
#5552=DIRECTION('',(2.12389161463749E-16,-1.,0.));
#5553=DIRECTION('',(1.,2.12389161463749E-16,0.));
#5554=DIRECTION('',(2.12389161463749E-16,-1.,0.));
#5555=DIRECTION('',(1.,2.12389161463749E-16,0.));
#5556=DIRECTION('',(2.12389161463749E-16,-1.,0.));
#5557=DIRECTION('',(1.,2.12389161463749E-16,0.));
#5558=DIRECTION('',(2.12389161463749E-16,-1.,0.));
#5559=DIRECTION('',(1.,2.12389161463749E-16,0.));
#5560=DIRECTION('',(2.12389161463749E-16,-1.,0.));
#5561=DIRECTION('',(1.,2.12389161463749E-16,0.));
#5562=DIRECTION('',(2.12389161463749E-16,-1.,0.));
#5563=DIRECTION('',(1.,2.12389161463749E-16,0.));
#5564=DIRECTION('',(2.12389161463749E-16,-1.,0.));
#5565=DIRECTION('',(1.,2.12389161463749E-16,0.));
#5566=DIRECTION('',(2.12389161463749E-16,-1.,0.));
#5567=DIRECTION('',(1.,2.12389161463749E-16,0.));
#5568=DIRECTION('',(0.766044443118978,1.62699536918004E-16,-0.64278760968654));
#5569=DIRECTION('',(-0.766044443118979,-1.62699536918004E-16,0.642787609686538));
#5570=DIRECTION('',(-1.,-2.12389161463749E-16,0.));
#5571=DIRECTION('',(0.,0.,1.));
#5572=DIRECTION('',(2.12389161463749E-16,-1.,0.));
#5573=DIRECTION('',(1.,2.12389161463749E-16,0.));
#5574=DIRECTION('',(-1.,-2.12389161463749E-16,0.));
#5575=DIRECTION('',(-0.766044443118977,-1.62699536918004E-16,-0.64278760968654));
#5576=DIRECTION('',(-0.766044443118979,-1.62699536918004E-16,-0.642787609686539));
#5577=DIRECTION('',(3.75075346157147E-16,7.96619382560419E-32,-1.));
#5578=DIRECTION('',(2.12389161463749E-16,-1.,0.));
#5579=DIRECTION('',(1.,2.12389161463749E-16,0.));
#5580=DIRECTION('',(-1.,-2.12389161463749E-16,0.));
#5581=DIRECTION('',(-1.90101951649019E-16,-4.03755941033575E-32,1.));
#5582=DIRECTION('',(2.12389161463749E-16,-1.,0.));
#5583=DIRECTION('',(1.,2.12389161463749E-16,0.));
#5584=DIRECTION('',(-1.90101951649019E-16,-4.03755941033575E-32,1.));
#5585=DIRECTION('',(0.,0.,-1.));
#5586=DIRECTION('',(-1.,0.,0.));
#5587=DIRECTION('',(2.12389161463749E-16,-1.,0.));
#5588=DIRECTION('',(1.,2.12389161463749E-16,0.));
#5589=DIRECTION('',(-1.,-2.12389161463749E-16,0.));
#5590=DIRECTION('',(-0.707106781186548,-0.707106781186548,0.));
#5591=DIRECTION('',(2.12389161463749E-16,-1.,0.));
#5592=DIRECTION('',(1.,2.12389161463749E-16,0.));
#5593=DIRECTION('',(-2.12389161463749E-16,1.,0.));
#5594=DIRECTION('',(-1.,-2.12389161463749E-16,0.));
#5595=DIRECTION('',(2.12389161463749E-16,-1.,0.));
#5596=DIRECTION('',(1.,2.12389161463749E-16,0.));
#5597=DIRECTION('',(2.12389161463749E-16,-1.,0.));
#5598=DIRECTION('',(0.707106781186548,-0.707106781186548,0.));
#5599=DIRECTION('',(1.,2.12389161463749E-16,0.));
#5600=DIRECTION('',(2.12389161463749E-16,-1.,0.));
#5601=DIRECTION('',(2.12389161463749E-16,-1.,0.));
#5602=DIRECTION('',(1.,2.12389161463749E-16,0.));
#5603=DIRECTION('',(-4.01781072423601E-16,-8.53339450640545E-32,1.));
#5604=DIRECTION('',(2.12389161463749E-16,-1.,0.));
#5605=DIRECTION('',(1.,2.12389161463749E-16,0.));
#5606=DIRECTION('',(-4.01781072423601E-16,-8.53339450640545E-32,1.));
#5607=DIRECTION('',(1.,2.12389161463749E-16,1.90101951649019E-16));
#5608=DIRECTION('',(-2.12389161463749E-16,1.,0.));
#5609=DIRECTION('',(2.12389161463749E-16,-1.,0.));
#5610=DIRECTION('',(-1.90101951649019E-16,-4.03755941033575E-32,1.));
#5611=DIRECTION('',(2.12389161463749E-16,-1.,0.));
#5612=DIRECTION('',(-1.90101951649019E-16,-4.03755941033575E-32,1.));
#5613=DIRECTION('',(1.,2.12389161463749E-16,4.01781072423601E-16));
#5614=DIRECTION('',(4.01781072423601E-16,0.,-1.));
#5615=DIRECTION('',(-4.01781072423601E-16,-8.53339450640545E-32,1.));
#5616=DIRECTION('',(2.12389161463749E-16,-1.,0.));
#5617=DIRECTION('',(-4.01781072423601E-16,-8.53339450640545E-32,1.));
#5618=DIRECTION('',(2.12389161463749E-16,-1.,0.));
#5619=DIRECTION('',(2.12389161463749E-16,-1.,0.));
#5620=DIRECTION('',(1.,2.12389161463749E-16,0.));
#5621=DIRECTION('',(-4.01781072423601E-16,-8.53339450640545E-32,1.));
#5622=DIRECTION('',(0.,0.,-1.));
#5623=DIRECTION('',(2.12389161463749E-16,-1.,0.));
#5624=DIRECTION('',(1.,2.12389161463749E-16,0.));
#5625=DIRECTION('',(3.75075346157147E-16,7.96619382560419E-32,-1.));
#5626=DIRECTION('',(-1.90101951649019E-16,-4.03755941033575E-32,1.));
#5627=DIRECTION('',(1.,2.12389161463749E-16,4.01781072423601E-16));
#5628=DIRECTION('',(4.01781072423601E-16,0.,-1.));
#5629=DIRECTION('',(2.12389161463749E-16,-1.,0.));
#5630=DIRECTION('',(-4.01781072423601E-16,-8.53339450640545E-32,1.));
#5631=DIRECTION('',(2.12389161463749E-16,-1.,0.));
#5632=DIRECTION('',(-1.,-2.12389161463749E-16,-3.1540426835942E-16));
#5633=DIRECTION('',(-3.1540426835942E-16,0.,1.));
#5634=DIRECTION('',(3.1540426835942E-16,6.69884480789443E-32,-1.));
#5635=DIRECTION('',(2.12389161463749E-16,-1.,0.));
#5636=DIRECTION('',(1.,2.12389161463749E-16,0.));
#5637=DIRECTION('',(2.12389161463749E-16,-1.,0.));
#5638=DIRECTION('',(1.,2.12389161463749E-16,0.));
#5639=DIRECTION('',(-1.,-2.12389161463749E-16,0.));
#5640=DIRECTION('',(-3.1540426835942E-16,-6.69884480789443E-32,1.));
#5641=DIRECTION('',(0.707106781186547,1.50181816321541E-16,-0.707106781186548));
#5642=DIRECTION('',(-1.,-2.12389161463749E-16,0.));
#5643=DIRECTION('',(2.12389161463749E-16,-1.,0.));
#5644=DIRECTION('',(0.,0.,1.));
#5645=DIRECTION('',(2.12389161463749E-16,-1.,0.));
#5646=DIRECTION('',(1.,2.12389161463749E-16,0.));
#5647=DIRECTION('',(2.12389161463749E-16,-1.,0.));
#5648=DIRECTION('',(1.,2.12389161463749E-16,0.));
#5649=DIRECTION('',(0.,0.,-1.));
#5650=DIRECTION('',(-1.,-2.12389161463749E-16,0.));
#5651=DIRECTION('',(-0.707106781186548,-1.50181816321541E-16,-0.707106781186548));
#5652=DIRECTION('',(1.,2.12389161463749E-16,1.90101951649019E-16));
#5653=DIRECTION('',(-2.12389161463749E-16,1.,0.));
#5654=DIRECTION('',(2.12389161463749E-16,-1.,0.));
#5655=DIRECTION('',(-1.90101951649019E-16,-4.03755941033575E-32,1.));
#5656=DIRECTION('',(2.12389161463749E-16,-1.,0.));
#5657=DIRECTION('',(2.12389161463749E-16,-1.,0.));
#5658=DIRECTION('',(1.,2.12389161463749E-16,0.));
#5659=DIRECTION('',(2.12389161463749E-16,-1.,0.));
#5660=DIRECTION('',(1.,2.12389161463749E-16,0.));
#5661=DIRECTION('',(2.12389161463749E-16,-1.,0.));
#5662=DIRECTION('',(1.,2.12389161463749E-16,0.));
#5663=DIRECTION('',(2.12389161463749E-16,-1.,0.));
#5664=DIRECTION('',(1.,2.12389161463749E-16,0.));
#5665=DIRECTION('',(-1.,-2.12389161463749E-16,0.));
#5666=DIRECTION('',(2.12389161463749E-16,-1.,0.));
#5667=DIRECTION('',(0.,0.,1.));
#5668=DIRECTION('',(-1.,-2.12389161463749E-16,-3.75075346157147E-16));
#5669=DIRECTION('',(-3.75075346157147E-16,0.,1.));
#5670=DIRECTION('',(3.75075346157147E-16,7.96619382560419E-32,-1.));
#5671=DIRECTION('',(2.12389161463749E-16,-1.,0.));
#5672=DIRECTION('',(1.,2.12389161463749E-16,0.));
#5673=DIRECTION('',(-3.75075346157147E-16,-7.96619382560419E-32,1.));
#5674=DIRECTION('',(-2.12389161463749E-16,1.,0.));
#5675=DIRECTION('',(-1.,-2.12389161463749E-16,0.));
#5676=DIRECTION('',(-2.12389161463749E-16,1.,0.));
#5677=DIRECTION('',(-1.,-2.12389161463749E-16,0.));
#5678=DIRECTION('',(0.,0.,-1.));
#5679=DIRECTION('',(-1.,0.,0.));
#5680=DIRECTION('',(-1.06194580731874E-16,1.,0.));
#5681=DIRECTION('',(-1.,-1.06194580731874E-16,0.));
#5682=DIRECTION('',(-1.06194580731874E-16,1.,0.));
#5683=DIRECTION('',(1.,1.06194580731874E-16,0.));
#5684=DIRECTION('',(-1.06194580731874E-16,1.,0.));
#5685=DIRECTION('',(-1.06194580731874E-16,1.,9.00436531070684E-17));
#5686=DIRECTION('',(0.,0.,-1.));
#5687=DIRECTION('',(1.,1.06194580731874E-16,0.));
#5688=DIRECTION('',(-1.06194580731874E-16,1.,0.));
#5689=DIRECTION('',(0.,0.,-1.));
#5690=DIRECTION('',(-1.06194580731874E-16,1.,-9.00436531070685E-17));
#5691=DIRECTION('',(-1.06194580731874E-16,1.,0.));
#5692=DIRECTION('',(-1.,-1.06194580731874E-16,0.));
#5693=DIRECTION('',(-1.06194580731874E-16,1.,0.));
#5694=DIRECTION('',(-1.,-1.06194580731874E-16,0.));
#5695=DIRECTION('',(-1.06194580731874E-16,1.,0.));
#5696=DIRECTION('',(-1.,-1.06194580731874E-16,0.));
#5697=DIRECTION('',(-1.06194580731874E-16,1.,0.));
#5698=DIRECTION('',(-1.,-1.06194580731874E-16,0.));
#5699=DIRECTION('',(-1.06194580731874E-16,1.,0.));
#5700=DIRECTION('',(-1.,-1.06194580731874E-16,0.));
#5701=DIRECTION('',(-1.,-1.06194580731874E-16,0.));
#5702=DIRECTION('',(0.766044443118979,8.13497684590022E-17,-0.642787609686538));
#5703=DIRECTION('',(-0.766044443118978,-8.13497684590021E-17,0.64278760968654));
#5704=DIRECTION('',(0.766044443118979,8.13497684590022E-17,0.642787609686539));
#5705=DIRECTION('',(0.766044443118977,8.1349768459002E-17,0.64278760968654));
#5706=DIRECTION('',(-1.06194580731874E-16,1.,0.));
#5707=DIRECTION('',(-1.,-1.06194580731874E-16,0.));
#5708=DIRECTION('',(-1.06194580731874E-16,1.,0.));
#5709=DIRECTION('',(-1.,-1.06194580731874E-16,0.));
#5710=DIRECTION('',(-1.06194580731874E-16,1.,0.));
#5711=DIRECTION('',(-1.,-1.06194580731874E-16,0.));
#5712=DIRECTION('',(-1.06194580731874E-16,1.,0.));
#5713=DIRECTION('',(-1.,-1.06194580731874E-16,0.));
#5714=DIRECTION('',(-1.06194580731874E-16,1.,0.));
#5715=DIRECTION('',(-1.,-1.06194580731874E-16,0.));
#5716=DIRECTION('',(-1.06194580731874E-16,1.,0.));
#5717=DIRECTION('',(-1.,-1.06194580731874E-16,0.));
#5718=DIRECTION('',(-1.06194580731874E-16,1.,0.));
#5719=DIRECTION('',(-1.,-1.06194580731874E-16,0.));
#5720=DIRECTION('',(-1.06194580731874E-16,1.,0.));
#5721=DIRECTION('',(-1.,-1.06194580731874E-16,0.));
#5722=DIRECTION('',(0.,0.,1.));
#5723=DIRECTION('',(1.,0.,0.));
#5724=DIRECTION('',(-2.1350442781253E-16,1.,0.));
#5725=DIRECTION('',(-1.,-2.1350442781253E-16,0.));
#5726=DIRECTION('',(-2.1350442781253E-16,1.,0.));
#5727=DIRECTION('',(0.,0.,1.));
#5728=DIRECTION('',(1.,0.,0.));
#5729=DIRECTION('',(-1.,-2.1350442781253E-16,0.));
#5730=DIRECTION('',(2.1350442781253E-16,-1.,0.));
#5731=DIRECTION('',(-2.1350442781253E-16,1.,0.));
#5732=DIRECTION('',(1.,2.1350442781253E-16,0.));
#5733=DIRECTION('',(-2.1350442781253E-16,1.,0.));
#5734=DIRECTION('',(0.,0.,-1.));
#5735=DIRECTION('',(-2.1350442781253E-16,1.,0.));
#5736=DIRECTION('',(-1.,-2.1350442781253E-16,0.));
#5737=DIRECTION('',(-1.,-2.1350442781253E-16,0.));
#5738=DIRECTION('',(0.,0.,1.));
#5739=DIRECTION('',(-0.874619707139396,-1.86735180126359E-16,-0.484809620246337));
#5740=DIRECTION('',(0.,0.,-1.));
#5741=DIRECTION('',(0.874619707139396,1.86735180126359E-16,-0.484809620246337));
#5742=DIRECTION('',(-1.,-2.1350442781253E-16,0.));
#5743=DIRECTION('',(0.,0.,-1.));
#5744=DIRECTION('',(-2.9255224577519E-32,1.37023971246193E-16,-1.));
#5745=DIRECTION('',(0.,1.,1.37023971246193E-16));
#5746=DIRECTION('',(2.1350442781253E-16,-1.,-1.37023971246193E-16));
#5747=DIRECTION('',(2.1350442781253E-16,-1.,-1.37023971246193E-16));
#5748=DIRECTION('',(0.,0.,1.));
#5749=DIRECTION('',(1.,0.,0.));
#5750=DIRECTION('',(-2.1350442781253E-16,1.,0.));
#5751=DIRECTION('',(-2.1350442781253E-16,1.,0.));
#5752=DIRECTION('',(1.,2.1350442781253E-16,0.));
#5753=DIRECTION('',(-2.1350442781253E-16,1.,0.));
#5754=DIRECTION('',(0.,0.,1.));
#5755=DIRECTION('',(1.,0.,0.));
#5756=DIRECTION('',(1.,2.1350442781253E-16,0.));
#5757=DIRECTION('',(2.1350442781253E-16,-1.,0.));
#5758=DIRECTION('',(1.,2.1350442781253E-16,0.));
#5759=DIRECTION('',(2.1350442781253E-16,-1.,0.));
#5760=DIRECTION('',(0.,0.,1.));
#5761=DIRECTION('',(1.,0.,0.));
#5762=DIRECTION('',(1.,2.1350442781253E-16,0.));
#5763=DIRECTION('',(-2.1350442781253E-16,1.,0.));
#5764=DIRECTION('',(1.,2.1350442781253E-16,0.));
#5765=DIRECTION('',(2.1350442781253E-16,-1.,0.));
#5766=DIRECTION('',(-1.,-2.1350442781253E-16,0.));
#5767=DIRECTION('',(2.1350442781253E-16,-1.,0.));
#5768=DIRECTION('',(0.,0.,-1.));
#5769=DIRECTION('',(0.,0.,-1.));
#5770=DIRECTION('',(2.1350442781253E-16,-1.,0.));
#5771=DIRECTION('',(1.,2.1350442781253E-16,0.));
#5772=DIRECTION('',(0.707106781186548,1.50970428719594E-16,0.707106781186547));
#5773=DIRECTION('',(0.874619707139396,1.86735180126359E-16,-0.484809620246337));
#5774=DIRECTION('',(0.,0.,1.));
#5775=DIRECTION('',(-0.874619707139396,-1.86735180126359E-16,-0.484809620246337));
#5776=DIRECTION('',(1.,2.1350442781253E-16,0.));
#5777=DIRECTION('',(0.,0.,-1.));
#5778=DIRECTION('',(1.,2.1350442781253E-16,0.));
#5779=DIRECTION('',(0.707106781186548,1.50970428719594E-16,-0.707106781186547));
#5780=DIRECTION('',(2.48571237014357E-32,-1.16424394360859E-16,-1.));
#5781=DIRECTION('',(0.,1.,-1.16424394360859E-16));
#5782=DIRECTION('',(-2.1350442781253E-16,1.,-1.16424394360859E-16));
#5783=DIRECTION('',(1.,2.1350442781253E-16,0.));
#5784=DIRECTION('',(-2.1350442781253E-16,1.,-1.16424394360859E-16));
#5785=DIRECTION('',(2.1350442781253E-16,-1.,0.));
#5786=DIRECTION('',(1.,2.1350442781253E-16,0.));
#5787=DIRECTION('',(0.,0.,-1.));
#5788=DIRECTION('',(1.,2.1350442781253E-16,0.));
#5789=DIRECTION('',(0.,0.,-1.));
#5790=DIRECTION('',(0.874619707139396,1.86735180126359E-16,0.484809620246337));
#5791=DIRECTION('',(0.,0.,-1.));
#5792=DIRECTION('',(-0.874619707139396,-1.86735180126359E-16,0.484809620246337));
#5793=DIRECTION('',(0.,0.,1.));
#5794=DIRECTION('',(1.,0.,0.));
#5795=DIRECTION('',(2.1350442781253E-16,-1.,0.));
#5796=DIRECTION('',(2.1350442781253E-16,-1.,0.));
#5797=DIRECTION('',(-1.,-2.1350442781253E-16,0.));
#5798=DIRECTION('',(2.1350442781253E-16,-1.,0.));
#5799=DIRECTION('',(-1.,-2.1350442781253E-16,0.));
#5800=DIRECTION('',(2.1350442781253E-16,-1.,0.));
#5801=DIRECTION('',(-2.1350442781253E-16,1.,0.));
#5802=DIRECTION('',(2.1350442781253E-16,-1.,1.16424394360859E-16));
#5803=DIRECTION('',(1.,2.1350442781253E-16,0.));
#5804=DIRECTION('',(-2.1350442781253E-16,1.,0.));
#5805=DIRECTION('',(2.1350442781253E-16,-1.,0.));
#5806=DIRECTION('',(-2.1350442781253E-16,1.,1.37023971246193E-16));
#5807=DIRECTION('',(0.484809620246337,1.03509000568704E-16,0.874619707139396));
#5808=DIRECTION('',(2.1350442781253E-16,-1.,0.));
#5809=DIRECTION('',(0.484809620246337,1.6819308689277E-18,-0.874619707139396));
#5810=DIRECTION('',(-2.1350442781253E-16,1.,-1.16424394360859E-16));
#5811=DIRECTION('',(-0.484809620246337,-1.03509000568704E-16,0.874619707139396));
#5812=DIRECTION('',(-2.1350442781253E-16,1.,0.));
#5813=DIRECTION('',(-0.484809620246337,1.63348650337182E-17,-0.874619707139396));
#5814=DIRECTION('',(2.1350442781253E-16,-1.,-1.37023971246193E-16));
#5815=DIRECTION('',(0.,-1.,0.));
#5816=DIRECTION('',(0.,0.,-1.));
#5817=DIRECTION('',(0.,0.,1.));
#5818=DIRECTION('',(1.,0.,0.));
#5819=DIRECTION('',(0.,0.,1.));
#5820=DIRECTION('',(-1.,0.,0.));
#5821=DIRECTION('',(0.,0.,1.));
#5822=DIRECTION('',(0.,0.,1.));
#5823=DIRECTION('',(0.,-1.,0.));
#5824=DIRECTION('',(0.,-1.,0.));
#5825=DIRECTION('',(0.,0.,-1.));
#5826=DIRECTION('',(0.,0.,1.));
#5827=DIRECTION('',(1.,0.,0.));
#5828=DIRECTION('',(-1.,0.,0.));
#5829=DIRECTION('',(0.,0.,1.));
#5830=DIRECTION('',(0.,-1.,0.));
#5831=DIRECTION('',(0.707106781186547,1.50970428719594E-16,0.707106781186548));
#5832=DIRECTION('',(2.1350442781253E-16,-1.,0.));
#5833=DIRECTION('',(2.1350442781253E-16,-1.,0.));
#5834=DIRECTION('',(0.707106781186548,0.,-0.707106781186548));
#5835=DIRECTION('',(0.577350269189626,0.577350269189626,-0.577350269189626));
#5836=DIRECTION('',(0.707106781186548,-0.707106781186548,0.));
#5837=DIRECTION('',(0.,0.,-1.));
#5838=DIRECTION('',(-0.707106781186548,-0.707106781186548,0.));
#5839=DIRECTION('',(-0.577350269189626,-0.577350269189626,-0.577350269189625));
#5840=DIRECTION('',(-0.707106781186547,-1.50970428719593E-16,0.707106781186548));
#5841=DIRECTION('',(-2.1350442781253E-16,1.,0.));
#5842=DIRECTION('',(-0.707106781186547,-1.50970428719593E-16,-0.707106781186548));
#5843=DIRECTION('',(-2.1350442781253E-16,1.,0.));
#5844=DIRECTION('',(-0.577350269189626,0.577350269189626,0.577350269189626));
#5845=DIRECTION('',(-0.707106781186547,-0.707106781186548,0.));
#5846=DIRECTION('',(0.,0.,-1.));
#5847=DIRECTION('',(0.577350269189626,-0.577350269189626,0.577350269189626));
#5848=DIRECTION('',(-0.707106781186548,0.707106781186547,0.));
#5849=DIRECTION('',(0.707106781186547,1.50970428719593E-16,-0.707106781186548));
#5850=DIRECTION('',(2.1350442781253E-16,-1.,0.));
#5851=DIRECTION('',(-0.707106781186548,0.,-0.707106781186548));
#5852=DIRECTION('',(2.1350442781253E-16,-1.,0.));
#5853=DIRECTION('',(0.,0.,1.));
#5854=DIRECTION('',(1.,0.,0.));
#5855=DIRECTION('',(-2.12389161463749E-16,1.,0.));
#5856=DIRECTION('',(-2.12389161463749E-16,1.,0.));
#5857=DIRECTION('',(-1.,-2.12389161463749E-16,0.));
#5858=DIRECTION('',(2.12389161463749E-16,-1.,0.));
#5859=DIRECTION('',(-2.12389161463749E-16,1.,0.));
#5860=DIRECTION('',(0.,0.,1.));
#5861=DIRECTION('',(1.,0.,0.));
#5862=DIRECTION('',(-2.12389161463749E-16,1.,0.));
#5863=DIRECTION('',(-1.,-2.12389161463749E-16,0.));
#5864=DIRECTION('',(2.12389161463749E-16,-1.,0.));
#5865=DIRECTION('',(-2.12389161463749E-16,1.,0.));
#5866=DIRECTION('',(-1.,-2.12389161463749E-16,0.));
#5867=DIRECTION('',(-2.12389161463749E-16,1.,0.));
#5868=DIRECTION('',(-1.,-2.12389161463749E-16,0.));
#5869=DIRECTION('',(-2.12389161463749E-16,1.,0.));
#5870=DIRECTION('',(-1.,-2.12389161463749E-16,0.));
#5871=DIRECTION('',(-2.12389161463749E-16,1.,0.));
#5872=DIRECTION('',(-1.,-2.12389161463749E-16,0.));
#5873=DIRECTION('',(2.12389161463749E-16,-1.,0.));
#5874=DIRECTION('',(1.,2.12389161463749E-16,0.));
#5875=DIRECTION('',(2.12389161463749E-16,-1.,0.));
#5876=DIRECTION('',(1.,2.12389161463749E-16,0.));
#5877=DIRECTION('',(2.12389161463749E-16,-1.,0.));
#5878=DIRECTION('',(1.,2.12389161463749E-16,0.));
#5879=DIRECTION('',(2.12389161463749E-16,-1.,0.));
#5880=DIRECTION('',(1.,2.12389161463749E-16,0.));
#5881=DIRECTION('',(0.,0.,1.));
#5882=DIRECTION('',(1.,0.,0.));
#5883=DIRECTION('',(1.,2.12389161463749E-16,0.));
#5884=DIRECTION('',(2.12389161463749E-16,-1.,0.));
#5885=DIRECTION('',(1.,2.12389161463749E-16,0.));
#5886=DIRECTION('',(-1.,-2.12389161463749E-16,0.));
#5887=DIRECTION('',(0.,0.,-1.));
#5888=DIRECTION('',(-1.,0.,0.));
#5889=DIRECTION('',(-1.,-2.12389161463749E-16,0.));
#5890=DIRECTION('',(2.12389161463749E-16,-1.,0.));
#5891=DIRECTION('',(1.,2.12389161463749E-16,0.));
#5892=DIRECTION('',(-1.,-2.12389161463749E-16,0.));
#5893=DIRECTION('',(-2.12389161463749E-16,1.,0.));
#5894=DIRECTION('',(-1.,-2.12389161463749E-16,0.));
#5895=DIRECTION('',(2.12389161463749E-16,-1.,0.));
#5896=DIRECTION('',(1.,2.12389161463749E-16,0.));
#5897=DIRECTION('',(-2.12389161463749E-16,1.,0.));
#5898=DIRECTION('',(-1.,-2.12389161463749E-16,0.));
#5899=DIRECTION('',(2.12389161463749E-16,-1.,0.));
#5900=DIRECTION('',(1.,2.12389161463749E-16,0.));
#5901=DIRECTION('',(2.12389161463749E-16,-1.,0.));
#5902=DIRECTION('',(1.,2.12389161463749E-16,0.));
#5903=DIRECTION('',(-2.12389161463749E-16,1.,0.));
#5904=DIRECTION('',(-1.,-2.12389161463749E-16,0.));
#5905=DIRECTION('',(2.12389161463749E-16,-1.,0.));
#5906=DIRECTION('',(1.,2.12389161463749E-16,0.));
#5907=DIRECTION('',(-2.12389161463749E-16,1.,0.));
#5908=DIRECTION('',(-1.,-2.12389161463749E-16,0.));
#5909=DIRECTION('',(2.12389161463749E-16,-1.,0.));
#5910=DIRECTION('',(1.,2.12389161463749E-16,0.));
#5911=DIRECTION('',(2.12389161463749E-16,-1.,0.));
#5912=DIRECTION('',(1.,2.12389161463749E-16,0.));
#5913=DIRECTION('',(0.64278760968654,1.37238000811109E-16,0.766044443118978));
#5914=DIRECTION('',(2.1350442781253E-16,-1.,0.));
#5915=DIRECTION('',(-0.608120402411343,0.608120402411343,0.510273605374737));
#5916=DIRECTION('',(-1.36521121420612E-16,0.64278760968654,-0.766044443118978));
#5917=DIRECTION('',(-1.,-2.12389161463749E-16,0.));
#5918=DIRECTION('',(-0.608120402411343,0.608120402411343,0.510273605374737));
#5919=DIRECTION('',(0.64278760968654,1.36521121420612E-16,0.766044443118978));
#5920=DIRECTION('',(-2.12389161463749E-16,1.,0.));
#5921=DIRECTION('',(0.64278760968654,1.36521121420612E-16,-0.766044443118978));
#5922=DIRECTION('',(2.12389161463749E-16,-1.,0.));
#5923=DIRECTION('',(-0.608120402411343,-0.608120402411343,-0.510273605374737));
#5924=DIRECTION('',(-1.36521121420612E-16,0.64278760968654,-0.766044443118978));
#5925=DIRECTION('',(-1.,-2.12389161463749E-16,0.));
#5926=DIRECTION('',(-0.608120402411343,-0.608120402411343,-0.510273605374737));
#5927=DIRECTION('',(0.64278760968654,1.37238000811108E-16,-0.766044443118978));
#5928=DIRECTION('',(-2.1350442781253E-16,1.,0.));
#5929=DIRECTION('',(-0.64278760968654,-1.37238000811108E-16,-0.766044443118978));
#5930=DIRECTION('',(2.1350442781253E-16,-1.,0.));
#5931=DIRECTION('',(-2.1350442781253E-16,1.,0.));
#5932=DIRECTION('',(-0.642787609686539,-1.37238000811108E-16,0.766044443118979));
#5933=DIRECTION('',(-2.1350442781253E-16,1.,0.));
#5934=DIRECTION('',(2.1350442781253E-16,-1.,0.));
#5935=DIRECTION('',(0.,-1.,0.));
#5936=DIRECTION('',(0.,0.,-1.));
#5937=DIRECTION('',(0.,-1.,0.));
#5938=DIRECTION('',(0.,0.,-1.));
#5939=DIRECTION('',(0.,-1.,0.));
#5940=DIRECTION('',(0.,0.,-1.));
#5941=DIRECTION('',(0.,0.,-1.));
#5942=DIRECTION('',(-1.,0.,0.));
#5943=DIRECTION('',(0.,0.,-1.));
#5944=DIRECTION('',(-1.,1.89735380184963E-16,0.));
#5945=DIRECTION('',(-1.89735380184963E-16,-1.,0.));
#5946=DIRECTION('',(0.,0.,-1.));
#5947=DIRECTION('',(-1.34163173959795E-16,-0.707106781186548,0.707106781186548));
#5948=DIRECTION('',(1.89735380184963E-16,1.,0.));
#5949=DIRECTION('',(0.,-1.,0.));
#5950=DIRECTION('',(0.,0.,-1.));
#5951=DIRECTION('',(0.,0.,-1.));
#5952=DIRECTION('',(1.,0.,0.));
#5953=DIRECTION('',(-1.,0.,0.));
#5954=DIRECTION('',(0.,0.,1.));
#5955=DIRECTION('',(0.,0.,-1.));
#5956=DIRECTION('',(0.,0.,-1.));
#5957=DIRECTION('',(0.,1.,0.));
#5958=DIRECTION('',(0.,-1.,0.));
#5959=DIRECTION('',(0.,0.,-1.));
#5960=DIRECTION('',(0.,-1.,0.));
#5961=DIRECTION('',(0.,0.,-1.));
#5962=DIRECTION('',(0.,-1.,0.));
#5963=DIRECTION('',(0.,0.,-1.));
#5964=DIRECTION('',(0.,0.,-1.));
#5965=DIRECTION('',(-1.,0.,0.));
#5966=DIRECTION('',(-1.,0.,0.));
#5967=DIRECTION('',(0.,0.,1.));
#5968=DIRECTION('',(0.,0.,-1.));
#5969=DIRECTION('',(0.,1.,0.));
#5970=DIRECTION('',(0.,-1.,0.));
#5971=DIRECTION('',(0.,0.,-1.));
#5972=DIRECTION('',(-1.,0.,0.));
#5973=DIRECTION('',(-1.,0.,0.));
#5974=DIRECTION('',(0.,0.,1.));
#5975=DIRECTION('',(0.,1.,0.));
#5976=DIRECTION('',(0.,0.707106781186548,-0.707106781186548));
#5977=DIRECTION('',(0.,-1.,0.));
#5978=DIRECTION('',(0.,0.,-1.));
#5979=DIRECTION('',(0.,-1.,0.));
#5980=DIRECTION('',(0.,0.,-1.));
#5981=DIRECTION('',(0.,0.,1.));
#5982=DIRECTION('',(1.,0.,0.));
#5983=DIRECTION('',(0.,0.,1.));
#5984=DIRECTION('',(1.,0.,0.));
#5985=DIRECTION('',(-1.,0.,0.));
#5986=DIRECTION('',(0.,0.707106781186548,0.707106781186548));
#5987=DIRECTION('',(1.,0.,0.));
#5988=DIRECTION('',(0.,1.,0.));
#5989=DIRECTION('',(0.,0.,1.));
#5990=DIRECTION('',(0.,0.,1.));
#5991=DIRECTION('',(0.,0.,1.));
#5992=DIRECTION('',(1.,-2.04085114820801E-16,0.));
#5993=DIRECTION('',(2.04085114820801E-16,1.,0.));
#5994=DIRECTION('',(0.,0.,1.));
#5995=DIRECTION('',(2.04085114820801E-16,1.,0.));
#5996=DIRECTION('',(1.,-2.04085114820801E-16,0.));
#5997=DIRECTION('',(2.04085114820801E-16,1.,0.));
#5998=DIRECTION('',(2.04085114820801E-16,1.,0.));
#5999=DIRECTION('',(0.,0.,1.));
#6000=DIRECTION('',(0.,0.,1.));
#6001=DIRECTION('',(1.,0.,0.));
#6002=DIRECTION('',(-1.,0.,0.));
#6003=DIRECTION('',(0.,1.,0.));
#6004=DIRECTION('',(0.,0.,1.));
#6005=DIRECTION('',(0.,0.,1.));
#6006=DIRECTION('',(1.,0.,0.));
#6007=DIRECTION('',(0.,0.,1.));
#6008=DIRECTION('',(1.,0.,0.));
#6009=DIRECTION('',(0.,0.,1.));
#6010=DIRECTION('',(1.,0.,0.));
#6011=DIRECTION('',(0.,0.,1.));
#6012=DIRECTION('',(1.,0.,0.));
#6013=DIRECTION('',(0.,0.,1.));
#6014=DIRECTION('',(1.,0.,0.));
#6015=DIRECTION('',(0.,0.,1.));
#6016=DIRECTION('',(1.,0.,0.));
#6017=DIRECTION('',(0.,0.,1.));
#6018=DIRECTION('',(1.,0.,0.));
#6019=DIRECTION('',(0.,0.,-1.));
#6020=DIRECTION('',(-1.,0.,0.));
#6021=DIRECTION('',(0.,0.,-1.));
#6022=DIRECTION('',(-1.,0.,0.));
#6023=DIRECTION('',(0.,0.,-1.));
#6024=DIRECTION('',(-1.,0.,0.));
#6025=DIRECTION('',(0.,0.,1.));
#6026=DIRECTION('',(1.,0.,0.));
#6027=DIRECTION('',(0.,0.,-1.));
#6028=DIRECTION('',(-1.,0.,0.));
#6029=DIRECTION('',(0.,0.,-1.));
#6030=DIRECTION('',(-1.,0.,0.));
#6031=DIRECTION('',(0.,0.,1.));
#6032=DIRECTION('',(1.,0.,0.));
#6033=DIRECTION('',(0.,0.,-1.));
#6034=DIRECTION('',(-1.,0.,0.));
#6035=DIRECTION('',(0.,0.,-1.));
#6036=DIRECTION('',(-1.,0.,0.));
#6037=DIRECTION('',(0.,0.,-1.));
#6038=DIRECTION('',(-1.,0.,0.));
#6039=DIRECTION('',(0.,0.,1.));
#6040=DIRECTION('',(1.,0.,0.));
#6041=DIRECTION('',(0.,0.,-1.));
#6042=DIRECTION('',(-1.,0.,0.));
#6043=DIRECTION('',(0.,0.,-1.));
#6044=DIRECTION('',(-1.,0.,0.));
#6045=DIRECTION('',(0.,0.,1.));
#6046=DIRECTION('',(1.,0.,0.));
#6047=DIRECTION('',(0.,0.,-1.));
#6048=DIRECTION('',(-1.,0.,0.));
#6049=DIRECTION('',(0.,0.,-1.));
#6050=DIRECTION('',(-1.,0.,0.));
#6051=DIRECTION('',(0.,0.,-1.));
#6052=DIRECTION('',(-1.,0.,0.));
#6053=DIRECTION('',(0.,0.,1.));
#6054=DIRECTION('',(1.,0.,0.));
#6055=DIRECTION('',(0.,0.,-1.));
#6056=DIRECTION('',(-1.,0.,0.));
#6057=DIRECTION('',(0.,0.,-1.));
#6058=DIRECTION('',(-1.,0.,0.));
#6059=DIRECTION('',(0.,0.,1.));
#6060=DIRECTION('',(1.,0.,0.));
#6061=DIRECTION('',(0.,0.,-1.));
#6062=DIRECTION('',(-1.,0.,0.));
#6063=DIRECTION('',(0.,0.,-1.));
#6064=DIRECTION('',(-1.,0.,0.));
#6065=DIRECTION('',(0.,0.,-1.));
#6066=DIRECTION('',(-1.,0.,0.));
#6067=DIRECTION('',(0.,0.,1.));
#6068=DIRECTION('',(1.,0.,0.));
#6069=DIRECTION('',(0.,0.,-1.));
#6070=DIRECTION('',(-1.,0.,0.));
#6071=DIRECTION('',(0.,0.,-1.));
#6072=DIRECTION('',(-1.,0.,0.));
#6073=DIRECTION('',(-0.707106781186548,0.707106781186547,-2.65218320723611E-16));
#6074=DIRECTION('',(3.75075346157147E-16,7.96619382560419E-32,-1.));
#6075=DIRECTION('',(-0.707106781186547,-0.707106781186548,0.));
#6076=DIRECTION('',(-0.707106781186547,-0.707106781186548,0.));
#6077=DIRECTION('',(0.,0.,1.));
#6078=DIRECTION('',(0.707106781186548,-0.707106781186547,0.));
#6079=DIRECTION('',(0.707106781186548,1.50181816321541E-16,-0.707106781186548));
#6080=DIRECTION('',(2.12389161463749E-16,-1.,0.));
#6081=DIRECTION('',(0.577350269189626,0.577350269189626,0.577350269189626));
#6082=DIRECTION('',(-1.50181816321541E-16,0.707106781186547,-0.707106781186548));
#6083=DIRECTION('',(1.,2.12389161463749E-16,0.));
#6084=DIRECTION('',(0.577350269189626,-0.577350269189626,-0.577350269189626));
#6085=DIRECTION('',(0.707106781186548,1.50181816321541E-16,0.707106781186548));
#6086=DIRECTION('',(-2.12389161463749E-16,1.,0.));
#6087=DIRECTION('',(-1.,-2.1350442781253E-16,0.));
#6088=DIRECTION('',(2.1350442781253E-16,-1.,0.));
#6089=DIRECTION('',(-2.1350442781253E-16,1.,0.));
#6090=DIRECTION('',(-1.,-2.1350442781253E-16,0.));
#6091=DIRECTION('',(0.,0.,-1.));
#6092=DIRECTION('',(-1.,-2.1350442781253E-16,0.));
#6093=DIRECTION('',(-1.,-2.1350442781253E-16,0.));
#6094=DIRECTION('',(0.,0.,1.));
#6095=DIRECTION('',(1.,0.,0.));
#6096=DIRECTION('',(-1.,-2.1350442781253E-16,0.));
#6097=DIRECTION('',(-2.1350442781253E-16,1.,0.));
#6098=DIRECTION('',(-2.1350442781253E-16,1.,0.));
#6099=DIRECTION('',(-1.,-2.1350442781253E-16,0.));
#6100=DIRECTION('',(-1.,-2.1350442781253E-16,0.));
#6101=DIRECTION('',(0.,0.,-1.));
#6102=DIRECTION('',(0.,0.,1.));
#6103=DIRECTION('',(1.,0.,0.));
#6104=DIRECTION('',(-2.1350442781253E-16,1.,0.));
#6105=DIRECTION('',(0.,0.,1.));
#6106=DIRECTION('',(1.,0.,0.));
#6107=DIRECTION('',(-1.,-2.1350442781253E-16,0.));
#6108=DIRECTION('',(-2.1350442781253E-16,1.,0.));
#6109=DIRECTION('',(-1.,-2.1350442781253E-16,0.));
#6110=DIRECTION('',(2.1350442781253E-16,-1.,0.));
#6111=DIRECTION('',(1.,2.1350442781253E-16,0.));
#6112=DIRECTION('',(0.,0.,1.));
#6113=DIRECTION('',(-1.,-2.1350442781253E-16,0.));
#6114=DIRECTION('',(0.,0.,1.));
#6115=DIRECTION('',(1.,0.,0.));
#6116=DIRECTION('',(-2.1350442781253E-16,1.,0.));
#6117=DIRECTION('',(-1.,-2.1350442781253E-16,0.));
#6118=DIRECTION('',(2.1350442781253E-16,-1.,0.));
#6119=DIRECTION('',(1.,2.1350442781253E-16,0.));
#6120=DIRECTION('',(0.,0.,1.));
#6121=DIRECTION('',(-1.,-2.1350442781253E-16,0.));
#6122=DIRECTION('',(2.1350442781253E-16,-1.,0.));
#6123=DIRECTION('',(0.707106781186548,1.50970428719593E-16,-0.707106781186548));
#6124=DIRECTION('',(2.1350442781253E-16,-1.,0.));
#6125=DIRECTION('',(0.707106781186548,1.50970428719594E-16,0.707106781186547));
#6126=DIRECTION('',(-2.1350442781253E-16,1.,0.));
#6127=DIRECTION('',(0.,0.,1.));
#6128=DIRECTION('',(1.,0.,0.));
#6129=DIRECTION('',(1.,0.,0.));
#6130=DIRECTION('',(-3.46944695195362E-16,-1.,0.));
#6131=DIRECTION('',(1.,0.,0.));
#6132=DIRECTION('',(-1.7347234759768E-16,-1.,0.));
#6133=DIRECTION('',(1.,0.,0.));
#6134=DIRECTION('',(-1.7347234759768E-16,-1.,0.));
#6135=DIRECTION('',(1.,0.,0.));
#6136=DIRECTION('',(-1.7347234759768E-16,-1.,0.));
#6137=DIRECTION('',(0.,0.,-1.));
#6138=DIRECTION('',(1.,0.,0.));
#6139=DIRECTION('',(-1.7347234759768E-16,-1.,0.));
#6140=DIRECTION('',(-1.7347234759768E-16,-1.,0.));
#6141=DIRECTION('',(1.,-1.7347234759768E-16,0.));
#6142=DIRECTION('',(1.7347234759768E-16,1.,0.));
#6143=DIRECTION('',(1.,-1.7347234759768E-16,0.));
#6144=DIRECTION('',(1.7347234759768E-16,1.,0.));
#6145=DIRECTION('',(1.,-1.7347234759768E-16,0.));
#6146=DIRECTION('',(1.7347234759768E-16,1.,0.));
#6147=DIRECTION('',(0.,-1.,0.));
#6148=DIRECTION('',(0.,0.,-1.));
#6149=DIRECTION('',(0.,0.,1.));
#6150=DIRECTION('',(0.,0.,1.));
#6151=DIRECTION('',(-1.,1.7347234759768E-16,0.));
#6152=DIRECTION('',(-1.7347234759768E-16,-1.,0.));
#6153=DIRECTION('',(1.,-1.7347234759768E-16,0.));
#6154=DIRECTION('',(1.7347234759768E-16,1.,0.));
#6155=DIRECTION('',(1.,-1.7347234759768E-16,0.));
#6156=DIRECTION('',(1.7347234759768E-16,1.,0.));
#6157=DIRECTION('',(0.,0.,1.));
#6158=DIRECTION('',(0.,-1.,0.));
#6159=DIRECTION('',(0.,0.,-1.));
#6160=DIRECTION('',(0.,0.,1.));
#6161=DIRECTION('',(-1.,1.7347234759768E-16,0.));
#6162=DIRECTION('',(-1.7347234759768E-16,-1.,0.));
#6163=DIRECTION('',(-1.,1.7347234759768E-16,0.));
#6164=DIRECTION('',(-1.7347234759768E-16,-1.,0.));
#6165=DIRECTION('',(-1.,1.7347234759768E-16,0.));
#6166=DIRECTION('',(-1.7347234759768E-16,-1.,0.));
#6167=DIRECTION('',(1.,-1.7347234759768E-16,0.));
#6168=DIRECTION('',(1.7347234759768E-16,1.,0.));
#6169=DIRECTION('',(1.,-1.7347234759768E-16,0.));
#6170=DIRECTION('',(1.7347234759768E-16,1.,0.));
#6171=DIRECTION('',(1.,-1.7347234759768E-16,0.));
#6172=DIRECTION('',(1.7347234759768E-16,1.,0.));
#6173=DIRECTION('',(1.,-1.7347234759768E-16,0.));
#6174=DIRECTION('',(1.7347234759768E-16,1.,0.));
#6175=DIRECTION('',(1.,-1.7347234759768E-16,0.));
#6176=DIRECTION('',(1.7347234759768E-16,1.,0.));
#6177=DIRECTION('',(1.,-1.7347234759768E-16,0.));
#6178=DIRECTION('',(1.7347234759768E-16,1.,0.));
#6179=DIRECTION('',(1.,-1.7347234759768E-16,0.));
#6180=DIRECTION('',(1.7347234759768E-16,1.,0.));
#6181=DIRECTION('',(1.,-1.7347234759768E-16,0.));
#6182=DIRECTION('',(1.7347234759768E-16,1.,0.));
#6183=DIRECTION('',(-1.,3.46944695195362E-16,0.));
#6184=DIRECTION('',(-3.46944695195362E-16,-1.,0.));
#6185=DIRECTION('',(1.,-1.7347234759768E-16,0.));
#6186=DIRECTION('',(1.7347234759768E-16,1.,0.));
#6187=DIRECTION('',(-1.,3.46944695195362E-16,0.));
#6188=DIRECTION('',(-3.46944695195362E-16,-1.,0.));
#6189=DIRECTION('',(1.,-1.7347234759768E-16,0.));
#6190=DIRECTION('',(1.7347234759768E-16,1.,0.));
#6191=DIRECTION('',(-1.,3.46944695195362E-16,0.));
#6192=DIRECTION('',(-3.46944695195362E-16,-1.,0.));
#6193=DIRECTION('',(1.,-1.7347234759768E-16,0.));
#6194=DIRECTION('',(1.7347234759768E-16,1.,0.));
#6195=DIRECTION('',(-1.,3.46944695195362E-16,0.));
#6196=DIRECTION('',(-3.46944695195362E-16,-1.,0.));
#6197=DIRECTION('',(1.,-1.7347234759768E-16,0.));
#6198=DIRECTION('',(1.7347234759768E-16,1.,0.));
#6199=DIRECTION('',(-1.,3.46944695195362E-16,0.));
#6200=DIRECTION('',(-3.46944695195362E-16,-1.,0.));
#6201=DIRECTION('',(0.,0.,-1.));
#6202=DIRECTION('',(1.,0.,0.));
#6203=DIRECTION('',(-1.7347234759768E-16,-1.,0.));
#6204=DIRECTION('',(-3.46944695195362E-16,-1.,0.));
#6205=DIRECTION('',(1.,-1.7347234759768E-16,0.));
#6206=DIRECTION('',(1.7347234759768E-16,1.,0.));
#6207=DIRECTION('',(1.,-1.7347234759768E-16,0.));
#6208=DIRECTION('',(1.7347234759768E-16,1.,0.));
#6209=DIRECTION('',(0.,-1.,0.));
#6210=DIRECTION('',(0.,0.,-1.));
#6211=DIRECTION('',(0.,0.,1.));
#6212=DIRECTION('',(0.,0.,1.));
#6213=DIRECTION('',(-1.,1.7347234759768E-16,0.));
#6214=DIRECTION('',(-1.7347234759768E-16,-1.,0.));
#6215=DIRECTION('',(0.,0.,1.));
#6216=DIRECTION('',(0.,-1.,0.));
#6217=DIRECTION('',(0.,0.,-1.));
#6218=DIRECTION('',(0.,0.,1.));
#6219=DIRECTION('',(-1.,3.46944695195362E-16,0.));
#6220=DIRECTION('',(-3.46944695195362E-16,-1.,0.));
#6221=DIRECTION('',(1.50970428719594E-16,-0.707106781186548,0.707106781186547));
#6222=DIRECTION('',(0.,-0.707106781186547,-0.707106781186548));
#6223=DIRECTION('',(1.,2.1350442781253E-16,0.));
#6224=DIRECTION('',(1.,2.1350442781253E-16,0.));
#6225=DIRECTION('',(-2.1350442781253E-16,1.,0.));
#6226=DIRECTION('',(-1.,-2.1350442781253E-16,0.));
#6227=DIRECTION('',(1.,2.1350442781253E-16,0.));
#6228=DIRECTION('',(-1.50970428719593E-16,0.707106781186547,0.707106781186549));
#6229=DIRECTION('',(0.,-0.707106781186549,0.707106781186547));
#6230=DIRECTION('',(1.,2.1350442781253E-16,0.));
#6231=DIRECTION('',(2.1350442781253E-16,-1.,-1.98254111540206E-16));
#6232=DIRECTION('',(1.,2.1350442781253E-16,0.));
#6233=DIRECTION('',(1.,2.1350442781253E-16,0.));
#6234=DIRECTION('',(-2.1350442781253E-16,1.,0.));
#6235=DIRECTION('',(1.,2.1350442781253E-16,0.));
#6236=DIRECTION('',(-2.1350442781253E-16,1.,0.));
#6237=DIRECTION('',(1.,2.1350442781253E-16,0.));
#6238=DIRECTION('',(-2.1350442781253E-16,1.,0.));
#6239=DIRECTION('',(-1.50970428719594E-16,0.707106781186549,0.707106781186547));
#6240=DIRECTION('',(0.,-0.707106781186547,0.707106781186549));
#6241=DIRECTION('',(1.,2.1350442781253E-16,0.));
#6242=DIRECTION('',(1.,2.1350442781253E-16,0.));
#6243=DIRECTION('',(-2.1350442781253E-16,1.,0.));
#6244=DIRECTION('',(-1.,-2.1350442781253E-16,0.));
#6245=DIRECTION('',(1.,2.1350442781253E-16,0.));
#6246=DIRECTION('',(1.50970428719594E-16,-0.707106781186548,0.707106781186547));
#6247=DIRECTION('',(0.,-0.707106781186547,-0.707106781186548));
#6248=DIRECTION('',(1.,2.1350442781253E-16,0.));
#6249=DIRECTION('',(-2.1350442781253E-16,1.,-3.84891771232354E-17));
#6250=DIRECTION('',(-1.,-2.1350442781253E-16,0.));
#6251=DIRECTION('',(1.,2.1350442781253E-16,0.));
#6252=DIRECTION('',(-2.1350442781253E-16,1.,0.));
#6253=DIRECTION('',(2.1350442781253E-16,-1.,-9.91270557701033E-17));
#6254=DIRECTION('',(1.,2.1350442781253E-16,0.));
#6255=DIRECTION('',(1.,2.1350442781253E-16,0.));
#6256=DIRECTION('',(1.,2.1350442781253E-16,0.));
#6257=DIRECTION('',(0.,0.,1.));
#6258=DIRECTION('',(1.,0.,0.));
#6259=DIRECTION('',(1.,2.1350442781253E-16,0.));
#6260=DIRECTION('',(2.1350442781253E-16,-1.,-9.91270557701033E-17));
#6261=DIRECTION('',(1.,2.1350442781253E-16,0.));
#6262=DIRECTION('',(1.,2.1350442781253E-16,0.));
#6263=DIRECTION('',(0.,0.,1.));
#6264=DIRECTION('',(1.,0.,0.));
#6265=DIRECTION('',(2.1350442781253E-16,-1.,-1.98254111540206E-16));
#6266=DIRECTION('',(1.,2.1350442781253E-16,0.));
#6267=DIRECTION('',(1.,2.1350442781253E-16,0.));
#6268=DIRECTION('',(1.,2.1350442781253E-16,0.));
#6269=DIRECTION('',(0.,0.,1.));
#6270=DIRECTION('',(1.,0.,0.));
#6271=DIRECTION('',(1.,2.1350442781253E-16,0.));
#6272=DIRECTION('',(2.1350442781253E-16,-1.,-1.98254111540206E-16));
#6273=DIRECTION('',(1.,2.1350442781253E-16,0.));
#6274=DIRECTION('',(1.,2.1350442781253E-16,0.));
#6275=DIRECTION('',(0.,0.,1.));
#6276=DIRECTION('',(1.,0.,0.));
#6277=DIRECTION('',(1.,-1.7347234759768E-16,0.));
#6278=DIRECTION('',(1.7347234759768E-16,1.,0.));
#6279=DIRECTION('',(1.,-1.7347234759768E-16,0.));
#6280=DIRECTION('',(1.7347234759768E-16,1.,0.));
#6281=DIRECTION('',(-1.50181816321541E-16,0.707106781186547,-0.707106781186548));
#6282=DIRECTION('',(1.,2.12389161463749E-16,0.));
#6283=DIRECTION('',(0.577350269189626,0.577350269189626,0.577350269189625));
#6284=DIRECTION('',(-0.707106781186547,0.707106781186548,-2.23024496972127E-16));
#6285=DIRECTION('',(-3.1540426835942E-16,-6.69884480789443E-32,1.));
#6286=DIRECTION('',(-1.50181816321541E-16,0.707106781186548,-0.707106781186547));
#6287=DIRECTION('',(-1.,-2.12389161463749E-16,0.));
#6288=DIRECTION('',(-0.577350269189626,0.577350269189625,0.577350269189626));
#6289=DIRECTION('',(-0.707106781186547,-0.707106781186548,0.));
#6290=DIRECTION('',(0.,0.,-1.));
#6291=DIRECTION('',(-0.707106781186548,0.707106781186548,-2.65218320723611E-16));
#6292=DIRECTION('',(-3.75075346157147E-16,-7.96619382560419E-32,1.));
#6293=DIRECTION('',(-0.707106781186548,-0.707106781186548,0.));
#6294=DIRECTION('',(0.,0.,-1.));
#6295=DIRECTION('',(0.,0.,1.));
#6296=DIRECTION('',(1.,0.,0.));
#6297=DIRECTION('',(0.,-1.,0.));
#6298=DIRECTION('',(0.,0.,-1.));
#6299=DIRECTION('',(0.,0.,1.));
#6300=DIRECTION('',(1.,0.,0.));
#6301=DIRECTION('',(-1.,0.,0.));
#6302=DIRECTION('',(0.,-1.,0.));
#6303=DIRECTION('',(0.,0.,-1.));
#6304=DIRECTION('',(0.,-1.,0.));
#6305=DIRECTION('',(0.,0.,-1.));
#6306=DIRECTION('',(2.12389161463749E-16,-1.,0.));
#6307=DIRECTION('',(1.,2.12389161463749E-16,0.));
#6308=DIRECTION('',(-2.12389161463749E-16,1.,0.));
#6309=DIRECTION('',(-1.,-2.12389161463749E-16,0.));
#6310=DIRECTION('',(-2.12389161463749E-16,1.,0.));
#6311=DIRECTION('',(-1.,-2.12389161463749E-16,0.));
#6312=DIRECTION('',(2.12389161463749E-16,-1.,0.));
#6313=DIRECTION('',(1.,2.12389161463749E-16,0.));
#6314=DIRECTION('',(-2.12389161463749E-16,1.,0.));
#6315=DIRECTION('',(-1.,-2.12389161463749E-16,0.));
#6316=DIRECTION('',(-2.12389161463749E-16,1.,0.));
#6317=DIRECTION('',(-1.,-2.12389161463749E-16,0.));
#6318=CARTESIAN_POINT('',(0.,0.,0.));
#6319=CARTESIAN_POINT('',(-0.0133116220682858,-0.00559508904814721,0.0025));
#6320=CARTESIAN_POINT('',(0.0495296962559223,-0.0055950890481472,0.0025));
#6321=CARTESIAN_POINT('',(0.0495296962559223,-0.0518950890481472,0.0025));
#6322=CARTESIAN_POINT('',(0.0495296962559223,0.028113290614602,0.0025));
#6323=CARTESIAN_POINT('',(0.04522619920578,0.028113290614602,0.0025));
#6324=CARTESIAN_POINT('',(0.0409227021556376,0.028113290614602,0.0025));
#6325=CARTESIAN_POINT('',(0.0409227021556376,0.0397591007832274,0.0025));
#6326=CARTESIAN_POINT('',(0.0409227021556376,0.0514049109518528,0.0025));
#6327=CARTESIAN_POINT('',(-0.0133116220682858,0.0514049109518528,0.0025));
#6328=CARTESIAN_POINT('',(-0.0690904735270515,0.0514049109518528,0.0025));
#6329=CARTESIAN_POINT('',(-0.0690904735270515,0.0284487354695862,0.0025));
#6330=CARTESIAN_POINT('',(-0.0690904735270515,0.0484487354695862,0.0025));
#6331=CARTESIAN_POINT('',(-0.0590904735270516,0.0484487354695862,0.0025));
#6332=CARTESIAN_POINT('',(-0.0490904735270515,0.0484487354695862,0.0025));
#6333=CARTESIAN_POINT('',(-0.0490904735270515,0.0284487354695862,0.0025));
#6334=CARTESIAN_POINT('',(-0.0490904735270515,0.00844873546958622,0.0025));
#6335=CARTESIAN_POINT('',(-0.0590904735270516,0.00844873546958622,0.0025));
#6336=CARTESIAN_POINT('',(-0.0690904735270515,0.00844873546958622,0.0025));
#6337=CARTESIAN_POINT('',(-0.0726217069597728,0.00844873546958622,0.0025));
#6338=CARTESIAN_POINT('',(-0.076152940392494,0.00844873546958622,0.0025));
#6339=CARTESIAN_POINT('',(-0.076152940392494,-0.0055950890481472,0.0025));
#6340=CARTESIAN_POINT('',(-0.076152940392494,-0.0518950890481472,0.0025));
#6341=CARTESIAN_POINT('',(-0.0133116220682858,-0.0518950890481472,0.0025));
#6342=CARTESIAN_POINT('',(-0.051152940392494,-0.0518950890481472,0.0025));
#6343=CARTESIAN_POINT('',(-0.051152940392494,-0.0518950890481472,0.0025));
#6344=CARTESIAN_POINT('',(-0.041152940392494,-0.0618950890481472,0.0025));
#6345=CARTESIAN_POINT('',(-0.041152940392494,-0.00559508904814721,0.0025));
#6346=CARTESIAN_POINT('',(-0.041152940392494,-0.0680950890481472,0.0025));
#6347=CARTESIAN_POINT('',(-0.0133116220682858,-0.0680950890481472,0.0025));
#6348=CARTESIAN_POINT('',(-0.0299314408889038,-0.0680950890481472,0.0025));
#6349=CARTESIAN_POINT('',(-0.0299314408889038,-0.0455950890481472,0.0025));
#6350=CARTESIAN_POINT('',(-0.0299314408889038,-0.0455950890481472,0.0025));
#6351=CARTESIAN_POINT('',(-0.0133116220682858,-0.0455950890481472,0.0025));
#6352=CARTESIAN_POINT('',(-0.0187314408889038,-0.0455950890481472,0.0025));
#6353=CARTESIAN_POINT('',(-0.0133116220682858,-0.0455950890481472,0.0025));
#6354=CARTESIAN_POINT('',(-0.00783144088890385,-0.0455950890481472,0.0025));
#6355=CARTESIAN_POINT('',(-0.0133116220682858,-0.0455950890481472,0.0025));
#6356=CARTESIAN_POINT('',(0.00336855911109615,-0.0455950890481472,0.0025));
#6357=CARTESIAN_POINT('',(0.00336855911109615,-0.0055950890481472,0.0025));
#6358=CARTESIAN_POINT('',(0.00336855911109615,-0.0680950890481472,0.0025));
#6359=CARTESIAN_POINT('',(-0.0133116220682858,-0.0680950890481472,0.0025));
#6360=CARTESIAN_POINT('',(0.0145296962559223,-0.0680950890481472,0.0025));
#6361=CARTESIAN_POINT('',(0.0145296962559223,-0.0055950890481472,0.0025));
#6362=CARTESIAN_POINT('',(0.0145296962559223,-0.0618950890481472,0.0025));
#6363=CARTESIAN_POINT('',(0.0145296962559223,-0.0618950890481472,0.0025));
#6364=CARTESIAN_POINT('',(0.0245296962559223,-0.0518950890481472,0.0025));
#6365=CARTESIAN_POINT('',(-0.0133116220682858,-0.0518950890481472,0.0025));
#6366=CARTESIAN_POINT('',(-0.0133116220682858,0.0514049109518528,0.035));
#6367=CARTESIAN_POINT('',(-0.0712675303220749,0.0514049109518528,0.0476162396371365));
#6368=CARTESIAN_POINT('',(-0.0728675303220749,0.0514049109518528,0.0476162396371365));
#6369=CARTESIAN_POINT('',(0.0445771478116513,0.0514049109518528,0.0475869029760361));
#6370=CARTESIAN_POINT('',(0.0429771478116513,0.0514049109518528,0.0475869029760361));
#6371=CARTESIAN_POINT('',(0.0409227021556376,0.0514049109518528,0.0025));
#6372=CARTESIAN_POINT('',(0.0409227021556376,0.0514049109518528,0.00293616727101146));
#6373=CARTESIAN_POINT('',(0.0409893149160187,0.0514049109518528,0.0037930689139477));
#6374=CARTESIAN_POINT('',(0.0412879804867474,0.0514049109518528,0.00462757546600841));
#6375=CARTESIAN_POINT('',(0.0415237226700713,0.0514049109518528,0.005));
#6376=CARTESIAN_POINT('',(0.0415237226700713,0.0514049109518528,0.005));
#6377=CARTESIAN_POINT('',(-0.0134295441806316,0.0514049109518528,0.005));
#6378=CARTESIAN_POINT('',(-0.0692163458168507,0.0514049109518528,0.005));
#6379=CARTESIAN_POINT('',(-0.0692163458168507,0.0514049109518528,0.02525));
#6380=CARTESIAN_POINT('',(-0.0692163458168507,0.0514049109518528,0.0455));
#6381=CARTESIAN_POINT('',(-0.0134295441806316,0.0514049109518528,0.0455));
#6382=CARTESIAN_POINT('',(0.0423572574555875,0.0514049109518528,0.0455));
#6383=CARTESIAN_POINT('',(0.0423572574555875,0.0514049109518528,0.02525));
#6384=CARTESIAN_POINT('',(0.0423572574555875,0.0514049109518528,0.00585636160594586));
#6385=CARTESIAN_POINT('',(0.0423572574555875,0.0514049109518528,0.00585636160594585));
#6386=CARTESIAN_POINT('',(0.0431107374076633,0.0514049109518528,0.00636106244368686));
#6387=CARTESIAN_POINT('',(0.0440231358105816,0.0514049109518528,0.0065));
#6388=CARTESIAN_POINT('',(0.0449227021556377,0.0514049109518528,0.0065));
#6389=CARTESIAN_POINT('',(0.0449227021556377,0.0514049109518528,0.0065));
#6390=CARTESIAN_POINT('',(0.04522619920578,0.0514049109518528,0.0065));
#6391=CARTESIAN_POINT('',(0.0495296962559223,0.0514049109518528,0.0065));
#6392=CARTESIAN_POINT('',(0.0495296962559223,0.0514049109518528,0.07));
#6393=CARTESIAN_POINT('',(0.0495296962559223,0.0514049109518528,0.0625));
#6394=CARTESIAN_POINT('',(0.0495296962559223,0.0514049109518528,0.0625));
#6395=CARTESIAN_POINT('',(0.0483480719262886,0.0514049109518528,0.0636816243296337));
#6396=CARTESIAN_POINT('',(0.0483480719262886,0.0514049109518528,0.0636816243296337));
#6397=CARTESIAN_POINT('',(0.0458024881460444,0.0514049109518528,0.0662272081098779));
#6398=CARTESIAN_POINT('',(0.0427296967028331,0.0514049109518528,0.0675));
#6399=CARTESIAN_POINT('',(0.0391296975966549,0.0514049109518528,0.0675));
#6400=CARTESIAN_POINT('',(0.0391296975966548,0.0514049109518528,0.0675));
#6401=CARTESIAN_POINT('',(-0.0133116220682858,0.0514049109518528,0.0675));
#6402=CARTESIAN_POINT('',(0.0318384820827338,0.0514049109518528,0.0675));
#6403=CARTESIAN_POINT('',(0.0318384820827338,0.0514049109518528,0.035));
#6404=CARTESIAN_POINT('',(0.0318384820827338,0.0514049109518528,0.065));
#6405=CARTESIAN_POINT('',(-0.0133116220682858,0.0514049109518528,0.065));
#6406=CARTESIAN_POINT('',(-0.0584617262193055,0.0514049109518528,0.065));
#6407=CARTESIAN_POINT('',(-0.0584617262193055,0.0514049109518528,0.035));
#6408=CARTESIAN_POINT('',(-0.0584617262193055,0.0514049109518528,0.0675));
#6409=CARTESIAN_POINT('',(-0.0133116220682858,0.0514049109518528,0.0675));
#6410=CARTESIAN_POINT('',(-0.0657529417332265,0.0514049109518528,0.0675));
#6411=CARTESIAN_POINT('',(-0.0657529417332265,0.0514049109518528,0.0675));
#6412=CARTESIAN_POINT('',(-0.0693529408394048,0.0514049109518528,0.0675));
#6413=CARTESIAN_POINT('',(-0.072425732282616,0.0514049109518528,0.0662272081098779));
#6414=CARTESIAN_POINT('',(-0.0749713160628602,0.0514049109518528,0.0636816243296338));
#6415=CARTESIAN_POINT('',(-0.0749713160628603,0.0514049109518528,0.0636816243296337));
#6416=CARTESIAN_POINT('',(-0.071152940392494,0.0514049109518528,0.0675));
#6417=CARTESIAN_POINT('',(-0.076152940392494,0.0514049109518528,0.0625));
#6418=CARTESIAN_POINT('',(-0.076152940392494,0.0514049109518528,0.07));
#6419=CARTESIAN_POINT('',(-0.076152940392494,0.0514049109518528,0.0065));
#6420=CARTESIAN_POINT('',(-0.0133116220682858,0.0514049109518528,0.0065));
#6421=CARTESIAN_POINT('',(-0.0730904735270516,0.0514049109518528,0.0065));
#6422=CARTESIAN_POINT('',(-0.0730904735270516,0.0514049109518528,0.0065));
#6423=CARTESIAN_POINT('',(-0.0725487417236909,0.0514049109518528,0.0065));
#6424=CARTESIAN_POINT('',(-0.0714846280526433,0.0514049109518528,0.00640642144318834));
#6425=CARTESIAN_POINT('',(-0.0699755888508634,0.0514049109518528,0.00562325316300915));
#6426=CARTESIAN_POINT('',(-0.069191580504604,0.0514049109518528,0.00413618267537312));
#6427=CARTESIAN_POINT('',(-0.0690904735270516,0.0514049109518528,0.00304481176769424));
#6428=CARTESIAN_POINT('',(-0.0690904735270516,0.0514049109518528,0.0025));
#6429=CARTESIAN_POINT('',(-0.076152940392494,-0.0055950890481472,0.07));
#6430=CARTESIAN_POINT('',(-0.076152940392494,0.00844873546958622,0.0065));
#6431=CARTESIAN_POINT('',(-0.076152940392494,0.00844873546958622,0.00345));
#6432=CARTESIAN_POINT('',(-0.076152940392494,-0.0518950890481472,0.00345));
#6433=CARTESIAN_POINT('',(-0.076152940392494,-0.0518950890481472,0.00345));
#6434=CARTESIAN_POINT('',(-0.076152940392494,-0.0518950890481472,0.035));
#6435=CARTESIAN_POINT('',(-0.0133116220682858,-0.00559508904814721,0.0675));
#6436=CARTESIAN_POINT('',(-0.0133116220682858,-0.0238950890481472,0.0675));
#6437=CARTESIAN_POINT('',(-0.0638081523761165,-0.0238950890481472,0.0675));
#6438=CARTESIAN_POINT('',(-0.0657529417332265,-0.0238950890481472,0.0675));
#6439=CARTESIAN_POINT('',(-0.0657529417332265,-0.0238950890481472,0.0675));
#6440=CARTESIAN_POINT('',(-0.0657529417332265,-0.0233353511711861,0.0675));
#6441=CARTESIAN_POINT('',(-0.0657529417332265,-0.0227756132942251,0.0675));
#6442=CARTESIAN_POINT('',(-0.0657529417332265,-0.022215875417264,0.0675));
#6443=CARTESIAN_POINT('',(-0.0657527678843779,-0.0222157648593999,0.0675));
#6444=CARTESIAN_POINT('',(-0.0657529420577211,-0.0222158749036681,0.0675));
#6445=CARTESIAN_POINT('',(-0.0652866828666575,-0.0229538499338133,0.0675));
#6446=CARTESIAN_POINT('',(-0.0646191685343616,-0.0235305285714004,0.0675));
#6447=CARTESIAN_POINT('',(-0.0638081523761171,-0.0238950887088747,0.0675));
#6448=CARTESIAN_POINT('',(-0.0133116220682858,-0.00559508904814721,0.0675));
#6449=CARTESIAN_POINT('',(-0.0133116220682858,-0.0343204033233708,0.0675));
#6450=CARTESIAN_POINT('',(0.,-0.0343204033233708,0.0675));
#6451=CARTESIAN_POINT('',(-0.0266232441365716,-0.0343204033233708,0.0675));
#6452=CARTESIAN_POINT('',(0.,-0.00559508904814721,0.0675));
#6453=CARTESIAN_POINT('',(0.,-0.0223121564231331,0.0675));
#6454=CARTESIAN_POINT('',(-0.0133116220682858,-0.0223121564231331,0.0675));
#6455=CARTESIAN_POINT('',(-0.0266232441365716,-0.0223121564231331,0.0675));
#6456=CARTESIAN_POINT('',(-0.0266232441365716,-0.00559508904814721,0.0675));
#6457=CARTESIAN_POINT('',(-0.0601153000624933,-0.0238950887088747,0.0675));
#6458=CARTESIAN_POINT('',(-0.0594662162677315,-0.0236033188408578,0.0675));
#6459=CARTESIAN_POINT('',(-0.0583511073964998,-0.0227487783076014,0.0675));
#6460=CARTESIAN_POINT('',(-0.0574058682670093,-0.0207965209795157,0.0675));
#6461=CARTESIAN_POINT('',(-0.0574440231715063,-0.0186547311886386,0.0675));
#6462=CARTESIAN_POINT('',(-0.0587636831720623,-0.016094997138365,0.0675));
#6463=CARTESIAN_POINT('',(-0.0616072822252107,-0.0149134295862614,0.0675));
#6464=CARTESIAN_POINT('',(-0.0643574746384154,-0.0158020026465416,0.0675));
#6465=CARTESIAN_POINT('',(-0.0653743789007821,-0.0167788603712636,0.0675));
#6466=CARTESIAN_POINT('',(-0.0657529417404346,-0.0173771435128611,0.0675));
#6467=CARTESIAN_POINT('',(-0.0601153000624939,-0.0238950890481472,0.0675));
#6468=CARTESIAN_POINT('',(-0.0657529411967662,-0.0173771438568665,0.0675));
#6469=CARTESIAN_POINT('',(-0.0657529417332265,-0.0173771435126785,0.0675));
#6470=CARTESIAN_POINT('',(-0.0657529417332265,0.00555020797549858,0.0675));
#6471=CARTESIAN_POINT('',(-0.0657529417332265,0.0284775594636757,0.0675));
#6472=CARTESIAN_POINT('',(-0.0657529417332265,0.0514049109518528,0.0675));
#6473=CARTESIAN_POINT('',(-0.0584617262193055,-0.0055950890481472,0.0675));
#6474=CARTESIAN_POINT('',(-0.0584617262193055,-0.0162961254976688,0.0675));
#6475=CARTESIAN_POINT('',(-0.0133116220682858,-0.0162961254976688,0.0675));
#6476=CARTESIAN_POINT('',(0.0318384820827338,-0.0162961254976688,0.0675));
#6477=CARTESIAN_POINT('',(0.0318384820827338,-0.00559508904814722,0.0675));
#6478=CARTESIAN_POINT('',(0.0391296975966549,0.0514049109518528,0.0675));
#6479=CARTESIAN_POINT('',(0.0391296975966549,0.028477571686179,0.0675));
#6480=CARTESIAN_POINT('',(0.0391296975966549,0.00555023242050525,0.0675));
#6481=CARTESIAN_POINT('',(0.0391296975966549,-0.0173771068451685,0.0675));
#6482=CARTESIAN_POINT('',(0.0391296887747337,-0.0173771124392816,0.0675));
#6483=CARTESIAN_POINT('',(0.0391296976033197,-0.0173771068557066,0.0675));
#6484=CARTESIAN_POINT('',(0.0387518773725936,-0.0167797085294882,0.0675));
#6485=CARTESIAN_POINT('',(0.0377346649985969,-0.0158020486915737,0.0675));
#6486=CARTESIAN_POINT('',(0.034984314898654,-0.0149136501518543,0.0675));
#6487=CARTESIAN_POINT('',(0.0321410693119956,-0.0160941685206607,0.0675));
#6488=CARTESIAN_POINT('',(0.0308208288606199,-0.0186547363483351,0.0675));
#6489=CARTESIAN_POINT('',(0.0307824645392613,-0.0207959350777358,0.0675));
#6490=CARTESIAN_POINT('',(0.0317275210206816,-0.0227481784144941,0.0675));
#6491=CARTESIAN_POINT('',(0.0328423630919255,-0.0236030450714327,0.0675));
#6492=CARTESIAN_POINT('',(0.0334920559259223,-0.0238950887088747,0.0675));
#6493=CARTESIAN_POINT('',(0.0334920559259228,-0.0238950890481472,0.0675));
#6494=CARTESIAN_POINT('',(-0.0133116220682858,-0.0238950890481472,0.0675));
#6495=CARTESIAN_POINT('',(0.00802969625592231,-0.0238950890481472,0.0675));
#6496=CARTESIAN_POINT('',(0.00650903709381823,-0.0254157482102513,0.0675));
#6497=CARTESIAN_POINT('',(0.00452969625592231,-0.0273950890481472,0.0675));
#6498=CARTESIAN_POINT('',(0.0045296962559223,-0.0055950890481472,0.0675));
#6499=CARTESIAN_POINT('',(0.00452969625592231,-0.0430950890481472,0.0675));
#6500=CARTESIAN_POINT('',(-0.0133116220682858,-0.0430950890481472,0.0675));
#6501=CARTESIAN_POINT('',(-0.031152940392494,-0.0430950890481472,0.0675));
#6502=CARTESIAN_POINT('',(-0.031152940392494,-0.00559508904814721,0.0675));
#6503=CARTESIAN_POINT('',(-0.031152940392494,-0.0273950890481472,0.0675));
#6504=CARTESIAN_POINT('',(-0.0331322812303899,-0.0254157482102513,0.0675));
#6505=CARTESIAN_POINT('',(-0.034652940392494,-0.0238950890481472,0.0675));
#6506=CARTESIAN_POINT('',(-0.0133116220682858,-0.0238950890481472,0.0675));
#6507=CARTESIAN_POINT('',(0.0495296962559223,-0.0055950890481472,0.07));
#6508=CARTESIAN_POINT('',(0.0495296962559223,-0.0055950890481472,0.0065));
#6509=CARTESIAN_POINT('',(0.0495296962559223,0.0350049109518528,0.0065));
#6510=CARTESIAN_POINT('',(0.0495296962559223,0.0350049109518528,0.07));
#6511=CARTESIAN_POINT('',(0.0495296962559223,0.0350049109518528,0.02175));
#6512=CARTESIAN_POINT('',(0.0495296962559223,-0.0430950890481472,0.02175));
#6513=CARTESIAN_POINT('',(0.0495296962559223,-0.0430950890481472,0.02175));
#6514=CARTESIAN_POINT('',(0.0495296962559223,-0.0430950890481472,0.00855));
#6515=CARTESIAN_POINT('',(0.0495296962559223,-0.0430950890481472,0.00345));
#6516=CARTESIAN_POINT('',(0.0495296962559223,-0.0055950890481472,0.00345));
#6517=CARTESIAN_POINT('',(0.0495296962559223,0.028113290614602,0.00345));
#6518=CARTESIAN_POINT('',(0.0495296962559223,0.028113290614602,0.0065));
#6519=CARTESIAN_POINT('',(0.0495296962559223,-0.0518950890481472,0.035));
#6520=CARTESIAN_POINT('',(0.0495296962559223,-0.0518950890481472,0.0345));
#6521=CARTESIAN_POINT('',(0.0495296962559223,-0.0055950890481472,0.0345));
#6522=CARTESIAN_POINT('',(0.0495296962559223,-0.0273950890481472,0.0345));
#6523=CARTESIAN_POINT('',(0.0495296962559223,-0.0238950890481472,0.038));
#6524=CARTESIAN_POINT('',(0.0495296962559223,-0.0238950890481472,0.038));
#6525=CARTESIAN_POINT('',(0.0495296962559223,-0.0238950890481472,0.035));
#6526=CARTESIAN_POINT('',(0.0495296962559223,-0.0238950890481472,0.0625));
#6527=CARTESIAN_POINT('',(0.0495296962559223,-0.0055950890481472,0.0625));
#6528=CARTESIAN_POINT('',(0.0495296962559223,0.000998260656620182,0.0595371588071188));
#6529=CARTESIAN_POINT('',(0.0495296962559223,-0.000601739343379818,0.0595371588071188));
#6530=CARTESIAN_POINT('',(0.0495296962559223,0.000998260656620165,0.0267371588071187));
#6531=CARTESIAN_POINT('',(0.0495296962559223,-0.000601739343379835,0.0267371588071187));
#6532=CARTESIAN_POINT('',(0.0495296962559223,0.0337982606566202,0.0267371588071188));
#6533=CARTESIAN_POINT('',(0.0495296962559223,0.0321982606566202,0.0267371588071188));
#6534=CARTESIAN_POINT('',(0.0495296962559223,0.0337982606566202,0.0595371588071186));
#6535=CARTESIAN_POINT('',(0.0495296962559223,0.0321982606566203,0.0595371588071186));
#6536=CARTESIAN_POINT('',(0.0495296962559223,0.02989826065662,0.07));
#6537=CARTESIAN_POINT('',(0.0495296962559223,0.02989826065662,0.0256371588071188));
#6538=CARTESIAN_POINT('',(0.0495296962559223,0.0298982606566201,0.0606371588071188));
#6539=CARTESIAN_POINT('',(0.0495296962559223,0.0343330064006771,0.0300719045511758));
#6540=CARTESIAN_POINT('',(0.0495296962559223,0.0348982606566201,0.0306371588071188));
#6541=CARTESIAN_POINT('',(0.0495296962559223,0.0348982606566201,0.07));
#6542=CARTESIAN_POINT('',(0.0495296962559223,0.0348982606566201,0.0556371588071188));
#6543=CARTESIAN_POINT('',(0.0495296962559223,0.00747016520779577,0.083065254255943));
#6544=CARTESIAN_POINT('',(0.0495296962559223,-0.00010173934337992,0.07));
#6545=CARTESIAN_POINT('',(0.0495296962559223,-0.000101739343379921,0.0556371588071187));
#6546=CARTESIAN_POINT('',(0.0495296962559223,-0.000101739343379921,0.0306371588071188));
#6547=CARTESIAN_POINT('',(0.0495296962559223,-0.0225298347922042,0.0530652542559431));
#6548=CARTESIAN_POINT('',(0.0495296962559223,0.00489826065662007,0.0256371588071188));
#6549=CARTESIAN_POINT('',(0.0495296962559223,0.00489826065662008,0.07));
#6550=CARTESIAN_POINT('',(0.0495296962559223,0.00489826065662008,0.0606371588071187));
#6551=CARTESIAN_POINT('',(0.0495296962559223,0.00433300640067708,0.0600719045511757));
#6552=CARTESIAN_POINT('',(0.0495296962559223,-0.0055950890481472,0.0256371588071188));
#6553=CARTESIAN_POINT('',(0.0495296962559223,0.00989826065662008,0.0256371588071188));
#6554=CARTESIAN_POINT('',(0.0495296962559223,0.0148982606566201,0.0256371588071188));
#6555=CARTESIAN_POINT('',(0.0495296962559223,0.0148982606566201,0.07));
#6556=CARTESIAN_POINT('',(0.0495296962559223,0.0148982606566201,0.0606371588071187));
#6557=CARTESIAN_POINT('',(0.0495296962559223,-0.0055950890481472,0.0606371588071187));
#6558=CARTESIAN_POINT('',(0.0495296962559223,0.00989826065662008,0.0606371588071187));
#6559=CARTESIAN_POINT('',(0.0495296962559223,0.00989826065662008,0.07));
#6560=CARTESIAN_POINT('',(0.0495296962559223,-0.0055950890481472,0.0256371588071188));
#6561=CARTESIAN_POINT('',(0.0495296962559223,0.0198982606566201,0.0256371588071188));
#6562=CARTESIAN_POINT('',(0.0495296962559223,0.02489826065662,0.0256371588071188));
#6563=CARTESIAN_POINT('',(0.0495296962559223,0.02489826065662,0.07));
#6564=CARTESIAN_POINT('',(0.0495296962559223,0.02489826065662,0.0606371588071187));
#6565=CARTESIAN_POINT('',(0.0495296962559223,-0.0055950890481472,0.0606371588071187));
#6566=CARTESIAN_POINT('',(0.0495296962559223,0.0198982606566201,0.0606371588071187));
#6567=CARTESIAN_POINT('',(0.0495296962559223,0.0198982606566201,0.07));
#6568=CARTESIAN_POINT('',(0.0520296962559223,-0.0055950890481472,0.07));
#6569=CARTESIAN_POINT('',(0.0520296962559223,0.0148982606566201,0.0431371588071187));
#6570=CARTESIAN_POINT('',(0.0520296962559223,0.0148982606566201,0.0606371588071187));
#6571=CARTESIAN_POINT('',(0.0520296962559223,0.0148982606566201,0.0256371588071188));
#6572=CARTESIAN_POINT('',(0.0520296962559223,0.0123982606566201,0.0256371588071188));
#6573=CARTESIAN_POINT('',(0.0520296962559223,0.00989826065662008,0.0256371588071188));
#6574=CARTESIAN_POINT('',(0.0520296962559223,0.00989826065662008,0.0431371588071187));
#6575=CARTESIAN_POINT('',(0.0520296962559223,0.00989826065662008,0.0606371588071187));
#6576=CARTESIAN_POINT('',(0.0520296962559223,0.0123982606566201,0.0606371588071187));
#6577=CARTESIAN_POINT('',(0.0520296962559223,0.000998260656620183,0.0595371588071188));
#6578=CARTESIAN_POINT('',(0.0520296962559223,0.00259826065662018,0.0595371588071188));
#6579=CARTESIAN_POINT('',(0.0520296962559223,0.0323982606566201,0.0281371588071187));
#6580=CARTESIAN_POINT('',(0.0520296962559223,0.0348982606566201,0.0306371588071188));
#6581=CARTESIAN_POINT('',(0.0520296962559223,0.0298982606566201,0.0256371588071188));
#6582=CARTESIAN_POINT('',(0.0520296962559223,0.02989826065662,0.0431371588071187));
#6583=CARTESIAN_POINT('',(0.0520296962559223,0.02989826065662,0.0606371588071188));
#6584=CARTESIAN_POINT('',(0.0520296962559223,0.0323982606566201,0.0581371588071188));
#6585=CARTESIAN_POINT('',(0.0520296962559223,0.0348982606566201,0.0556371588071188));
#6586=CARTESIAN_POINT('',(0.0520296962559223,0.0348982606566201,0.0431371588071187));
#6587=CARTESIAN_POINT('',(0.0520296962559223,0.0594049109518528,0.07));
#6588=CARTESIAN_POINT('',(0.0520296962559223,0.0594049109518528,0.0658045018441136));
#6589=CARTESIAN_POINT('',(0.0520296962559223,0.0594049109518528,0.00419549815588639));
#6590=CARTESIAN_POINT('',(0.0520296962559223,-0.0347950890481472,0.0658045018441136));
#6591=CARTESIAN_POINT('',(0.0520296962559223,-0.0347950890481472,0.0658045018441136));
#6592=CARTESIAN_POINT('',(0.0520296962559223,-0.0347950890481472,0.0665));
#6593=CARTESIAN_POINT('',(0.0520296962559223,-0.0347950890481472,0.063));
#6594=CARTESIAN_POINT('',(0.0520296962559223,-0.0347950890481472,0.063));
#6595=CARTESIAN_POINT('',(0.0520296962559223,-0.0263950890481472,0.063));
#6596=CARTESIAN_POINT('',(0.0520296962559223,-0.0263950890481472,0.07));
#6597=CARTESIAN_POINT('',(0.0520296962559223,-0.0263950890481472,0.037));
#6598=CARTESIAN_POINT('',(0.0520296962559223,-0.0263950890481472,0.037));
#6599=CARTESIAN_POINT('',(0.0520296962559223,-0.0543950890481472,0.037));
#6600=CARTESIAN_POINT('',(0.0520296962559223,-0.0543950890481472,0.07));
#6601=CARTESIAN_POINT('',(0.0520296962559223,-0.0543950890481472,0.00419549815588639));
#6602=CARTESIAN_POINT('',(0.0520296962559223,-0.0055950890481472,0.00419549815588639));
#6603=CARTESIAN_POINT('',(0.0520296962559223,0.0337982606566202,0.0595371588071186));
#6604=CARTESIAN_POINT('',(0.0520296962559223,0.0353982606566202,0.0595371588071186));
#6605=CARTESIAN_POINT('',(0.0520296962559223,0.0337982606566202,0.0267371588071188));
#6606=CARTESIAN_POINT('',(0.0520296962559223,0.0353982606566201,0.0267371588071188));
#6607=CARTESIAN_POINT('',(0.0520296962559223,0.000998260656620166,0.0267371588071187));
#6608=CARTESIAN_POINT('',(0.0520296962559223,0.00259826065662017,0.0267371588071187));
#6609=CARTESIAN_POINT('',(0.0520296962559223,0.00239826065662008,0.0281371588071187));
#6610=CARTESIAN_POINT('',(0.0520296962559223,0.00489826065662007,0.0256371588071188));
#6611=CARTESIAN_POINT('',(0.0520296962559223,-0.000101739343379921,0.0306371588071188));
#6612=CARTESIAN_POINT('',(0.0520296962559223,-0.000101739343379921,0.0431371588071187));
#6613=CARTESIAN_POINT('',(0.0520296962559223,-0.00010173934337992,0.0556371588071187));
#6614=CARTESIAN_POINT('',(0.0520296962559223,0.00239826065662008,0.0581371588071187));
#6615=CARTESIAN_POINT('',(0.0520296962559223,0.00489826065662008,0.0606371588071187));
#6616=CARTESIAN_POINT('',(0.0520296962559223,0.00489826065662008,0.0431371588071187));
#6617=CARTESIAN_POINT('',(0.0520296962559223,0.02489826065662,0.0431371588071187));
#6618=CARTESIAN_POINT('',(0.0520296962559223,0.02489826065662,0.0606371588071187));
#6619=CARTESIAN_POINT('',(0.0520296962559223,0.02489826065662,0.0256371588071188));
#6620=CARTESIAN_POINT('',(0.0520296962559223,0.02239826065662,0.0256371588071188));
#6621=CARTESIAN_POINT('',(0.0520296962559223,0.0198982606566201,0.0256371588071188));
#6622=CARTESIAN_POINT('',(0.0520296962559223,0.0198982606566201,0.0431371588071187));
#6623=CARTESIAN_POINT('',(0.0520296962559223,0.0198982606566201,0.0606371588071187));
#6624=CARTESIAN_POINT('',(0.0520296962559223,0.02239826065662,0.0606371588071187));
#6625=CARTESIAN_POINT('',(-0.076152940392494,-0.0055950890481472,0.07));
#6626=CARTESIAN_POINT('',(-0.076152940392494,0.0460432842373848,0.0380992258524736));
#6627=CARTESIAN_POINT('',(-0.076152940392494,0.0434432842373848,0.0380992258524736));
#6628=CARTESIAN_POINT('',(-0.076152940392494,0.0150049109518528,0.07));
#6629=CARTESIAN_POINT('',(-0.076152940392494,0.0150049109518528,0.02175));
#6630=CARTESIAN_POINT('',(-0.076152940392494,0.0150049109518528,0.0065));
#6631=CARTESIAN_POINT('',(-0.076152940392494,-0.0055950890481472,0.0065));
#6632=CARTESIAN_POINT('',(-0.076152940392494,-0.0238950890481472,0.0625));
#6633=CARTESIAN_POINT('',(-0.076152940392494,-0.0238950890481472,0.0625));
#6634=CARTESIAN_POINT('',(-0.076152940392494,-0.0238950890481472,0.035));
#6635=CARTESIAN_POINT('',(-0.076152940392494,-0.0238950890481472,0.038));
#6636=CARTESIAN_POINT('',(-0.076152940392494,0.00125491095185278,0.06315));
#6637=CARTESIAN_POINT('',(-0.076152940392494,-0.0273950890481472,0.0345));
#6638=CARTESIAN_POINT('',(-0.076152940392494,-0.0055950890481472,0.0345));
#6639=CARTESIAN_POINT('',(-0.076152940392494,-0.0518950890481472,0.0345));
#6640=CARTESIAN_POINT('',(-0.076152940392494,-0.0518950890481472,0.035));
#6641=CARTESIAN_POINT('',(-0.076152940392494,-0.0518950890481472,0.02175));
#6642=CARTESIAN_POINT('',(-0.076152940392494,-0.0055950890481472,0.02175));
#6643=CARTESIAN_POINT('',(-0.076152940392494,-0.0055950890481472,0.0295992258524735));
#6644=CARTESIAN_POINT('',(-0.076152940392494,0.0226285317750059,0.0295992258524735));
#6645=CARTESIAN_POINT('',(-0.076152940392494,0.034628531775006,0.0295992258524735));
#6646=CARTESIAN_POINT('',(-0.076152940392494,0.0226285317750059,0.07));
#6647=CARTESIAN_POINT('',(-0.076152940392494,0.0226285317750059,0.0465992258524735));
#6648=CARTESIAN_POINT('',(-0.076152940392494,-0.0055950890481472,0.0465992258524735));
#6649=CARTESIAN_POINT('',(-0.076152940392494,0.034628531775006,0.0465992258524735));
#6650=CARTESIAN_POINT('',(-0.076152940392494,0.034628531775006,0.07));
#6651=CARTESIAN_POINT('',(-0.078652940392494,-0.0055950890481472,0.07));
#6652=CARTESIAN_POINT('',(-0.078652940392494,0.0460432842373848,0.0380992258524736));
#6653=CARTESIAN_POINT('',(-0.078652940392494,0.0434432842373848,0.0380992258524736));
#6654=CARTESIAN_POINT('',(-0.078652940392494,-0.0347950890481472,0.07));
#6655=CARTESIAN_POINT('',(-0.078652940392494,-0.0347950890481472,0.0658045018441136));
#6656=CARTESIAN_POINT('',(-0.078652940392494,-0.0347950890481472,0.063));
#6657=CARTESIAN_POINT('',(-0.078652940392494,-0.0055950890481472,0.0658045018441136));
#6658=CARTESIAN_POINT('',(-0.078652940392494,0.0594049109518528,0.0658045018441136));
#6659=CARTESIAN_POINT('',(-0.078652940392494,0.0594049109518528,0.07));
#6660=CARTESIAN_POINT('',(-0.078652940392494,0.0594049109518528,0.00419549815588641));
#6661=CARTESIAN_POINT('',(-0.078652940392494,-0.0543950890481472,0.00419549815588641));
#6662=CARTESIAN_POINT('',(-0.078652940392494,-0.0543950890481472,0.00419549815588641));
#6663=CARTESIAN_POINT('',(-0.078652940392494,-0.0543950890481472,0.07));
#6664=CARTESIAN_POINT('',(-0.078652940392494,-0.0543950890481472,0.037));
#6665=CARTESIAN_POINT('',(-0.078652940392494,-0.0263950890481472,0.037));
#6666=CARTESIAN_POINT('',(-0.078652940392494,-0.0263950890481472,0.037));
#6667=CARTESIAN_POINT('',(-0.078652940392494,-0.0263950890481472,0.07));
#6668=CARTESIAN_POINT('',(-0.078652940392494,-0.0263950890481472,0.063));
#6669=CARTESIAN_POINT('',(-0.078652940392494,-0.0347950890481472,0.063));
#6670=CARTESIAN_POINT('',(-0.078652940392494,0.028628531775006,0.0448492258524736));
#6671=CARTESIAN_POINT('',(-0.078652940392494,0.0242285317750059,0.0448492258524736));
#6672=CARTESIAN_POINT('',(-0.078652940392494,0.033028531775006,0.0448492258524736));
#6673=CARTESIAN_POINT('',(-0.078652940392494,0.0242285317750059,0.0380992258524736));
#6674=CARTESIAN_POINT('',(-0.078652940392494,0.0242285317750059,0.0313492258524736));
#6675=CARTESIAN_POINT('',(-0.078652940392494,0.028628531775006,0.0313492258524736));
#6676=CARTESIAN_POINT('',(-0.078652940392494,0.033028531775006,0.0313492258524736));
#6677=CARTESIAN_POINT('',(-0.078652940392494,0.033028531775006,0.0380992258524736));
#6678=CARTESIAN_POINT('',(-0.0133116220682858,-0.00559508904814721,0.07));
#6679=CARTESIAN_POINT('',(0.0353384820827338,0.0552038745023312,0.07));
#6680=CARTESIAN_POINT('',(0.0328384820827338,0.0552038745023312,0.07));
#6681=CARTESIAN_POINT('',(0.0353384820827338,-0.0197961254976688,0.07));
#6682=CARTESIAN_POINT('',(0.0328384820827338,-0.0197961254976688,0.07));
#6683=CARTESIAN_POINT('',(-0.0619617262193055,-0.0197961254976688,0.07));
#6684=CARTESIAN_POINT('',(-0.0644617262193055,-0.0197961254976688,0.07));
#6685=CARTESIAN_POINT('',(-0.0619617262193055,0.0552038745023312,0.07));
#6686=CARTESIAN_POINT('',(-0.0644617262193055,0.0552038745023312,0.07));
#6687=CARTESIAN_POINT('',(-0.0133116220682858,-0.0455950890481472,0.07));
#6688=CARTESIAN_POINT('',(0.00202969625592231,-0.0455950890481472,0.07));
#6689=CARTESIAN_POINT('',(-0.0286529403924939,-0.0455950890481472,0.07));
#6690=CARTESIAN_POINT('',(0.0020296962559223,-0.0347950890481472,0.07));
#6691=CARTESIAN_POINT('',(0.0020296962559223,-0.0297950890481472,0.07));
#6692=CARTESIAN_POINT('',(-0.0133116220682858,-0.0297950890481472,0.07));
#6693=CARTESIAN_POINT('',(0.0470296962559223,-0.0297950890481472,0.07));
#6694=CARTESIAN_POINT('',(0.0470296962559223,0.0594049109518528,0.07));
#6695=CARTESIAN_POINT('',(0.0470296962559223,0.0594049109518528,0.07));
#6696=CARTESIAN_POINT('',(-0.0133116220682858,0.0594049109518528,0.07));
#6697=CARTESIAN_POINT('',(-0.073652940392494,0.0594049109518528,0.07));
#6698=CARTESIAN_POINT('',(-0.073652940392494,-0.00559508904814722,0.07));
#6699=CARTESIAN_POINT('',(-0.073652940392494,-0.0297950890481472,0.07));
#6700=CARTESIAN_POINT('',(-0.0133116220682858,-0.0297950890481472,0.07));
#6701=CARTESIAN_POINT('',(-0.0286529403924939,-0.0297950890481472,0.07));
#6702=CARTESIAN_POINT('',(-0.0286529403924939,-0.00559508904814721,0.07));
#6703=CARTESIAN_POINT('',(0.00168837793171418,-0.0283162798732519,0.07));
#6704=CARTESIAN_POINT('',(0.00168837793171418,-0.0363162798732519,0.07));
#6705=CARTESIAN_POINT('',(0.00168837793171418,-0.0203162798732519,0.07));
#6706=CARTESIAN_POINT('',(-0.0133116220682858,-0.0363162798732519,0.07));
#6707=CARTESIAN_POINT('',(-0.0283116220682859,-0.0363162798732519,0.07));
#6708=CARTESIAN_POINT('',(-0.0283116220682859,-0.0283162798732519,0.07));
#6709=CARTESIAN_POINT('',(-0.0283116220682859,-0.0203162798732519,0.07));
#6710=CARTESIAN_POINT('',(-0.0133116220682858,-0.0203162798732519,0.07));
#6711=CARTESIAN_POINT('',(0.0318384820827338,0.0177038745023312,0.07));
#6712=CARTESIAN_POINT('',(0.0318384820827338,-0.0162961254976688,0.07));
#6713=CARTESIAN_POINT('',(0.0318384820827338,0.0517038745023312,0.07));
#6714=CARTESIAN_POINT('',(-0.0133116220682858,-0.0162961254976688,0.07));
#6715=CARTESIAN_POINT('',(-0.0584617262193055,-0.0162961254976688,0.07));
#6716=CARTESIAN_POINT('',(-0.0584617262193055,0.0177038745023312,0.07));
#6717=CARTESIAN_POINT('',(-0.0584617262193055,0.0517038745023312,0.07));
#6718=CARTESIAN_POINT('',(-0.0133116220682858,0.0517038745023312,0.07));
#6719=CARTESIAN_POINT('',(-0.0133116220682858,-0.00559508904814721,0.0675));
#6720=CARTESIAN_POINT('',(0.0371849082395445,-0.0238950887088747,0.0675));
#6721=CARTESIAN_POINT('',(0.0379953569109516,-0.0235307836625935,0.0675));
#6722=CARTESIAN_POINT('',(0.0386630199227562,-0.0229545813518615,0.0675));
#6723=CARTESIAN_POINT('',(0.0391296978125495,-0.0222157977838362,0.0675));
#6724=CARTESIAN_POINT('',(0.0371849082395439,-0.0238950890481472,0.0675));
#6725=CARTESIAN_POINT('',(0.0391295411077217,-0.0222156987958761,0.0675));
#6726=CARTESIAN_POINT('',(0.0391296975966549,-0.0222157981150557,0.0675));
#6727=CARTESIAN_POINT('',(0.0391296975966549,-0.0227755617594195,0.0675));
#6728=CARTESIAN_POINT('',(0.0391296975966549,-0.0233353254037834,0.0675));
#6729=CARTESIAN_POINT('',(0.0391296975966549,-0.0238950890481472,0.0675));
#6730=CARTESIAN_POINT('',(0.0391296975966548,-0.0238950890481472,0.0675));
#6731=CARTESIAN_POINT('',(-0.0133116220682858,-0.0238950890481472,0.0675));
#6732=CARTESIAN_POINT('',(-0.0133116220682858,-0.0263950890481472,0.035));
#6733=CARTESIAN_POINT('',(0.0295296962559223,-0.0263950890481472,0.049731416668696));
#6734=CARTESIAN_POINT('',(0.0321296962559223,-0.0263950890481472,0.049731416668696));
#6735=CARTESIAN_POINT('',(0.0295296962559223,-0.0263950890481472,0.049731416668696));
#6736=CARTESIAN_POINT('',(0.0395296962559223,-0.0263950890481472,0.049731416668696));
#6737=CARTESIAN_POINT('',(-0.0133116220682858,-0.0263950890481472,0.035));
#6738=CARTESIAN_POINT('',(-0.0565285959398735,-0.0263950890481472,0.049731416668696));
#6739=CARTESIAN_POINT('',(-0.0539285959398735,-0.0263950890481472,0.049731416668696));
#6740=CARTESIAN_POINT('',(-0.0565285959398735,-0.0263950890481472,0.049731416668696));
#6741=CARTESIAN_POINT('',(-0.0465285959398735,-0.0263950890481472,0.049731416668696));
#6742=CARTESIAN_POINT('',(0.00702969625592231,-0.0263950890481472,0.0535));
#6743=CARTESIAN_POINT('',(0.00702969625592231,-0.0455950890481472,0.0535));
#6744=CARTESIAN_POINT('',(0.00702969625592231,-0.0455950890481472,0.0658045018441136));
#6745=CARTESIAN_POINT('',(0.00702969625592232,-0.0455950890481472,0.042));
#6746=CARTESIAN_POINT('',(0.00702969625592231,-0.0263950890481472,0.042));
#6747=CARTESIAN_POINT('',(0.00702969625592231,-0.0263950890481472,0.042));
#6748=CARTESIAN_POINT('',(0.00702969625592231,-0.0263950890481472,0.0535));
#6749=CARTESIAN_POINT('',(0.00702969625592231,-0.0263950890481472,0.063));
#6750=CARTESIAN_POINT('',(0.00702969625592231,-0.0347950890481472,0.063));
#6751=CARTESIAN_POINT('',(0.00702969625592231,-0.0347950890481472,0.063));
#6752=CARTESIAN_POINT('',(0.00702969625592231,-0.0347950890481472,0.0665));
#6753=CARTESIAN_POINT('',(0.00702969625592231,-0.0347950890481472,0.0658045018441136));
#6754=CARTESIAN_POINT('',(0.00702969625592231,-0.0455950890481472,0.0658045018441136));
#6755=CARTESIAN_POINT('',(-0.0133116220682858,-0.0263950890481472,0.035));
#6756=CARTESIAN_POINT('',(0.0295296962559223,-0.0263950890481472,0.049731416668696));
#6757=CARTESIAN_POINT('',(0.0415296962559223,-0.0263950890481472,0.049731416668696));
#6758=CARTESIAN_POINT('',(0.000359037093818242,-0.0263950890481472,0.0486706591621041));
#6759=CARTESIAN_POINT('',(0.0120296962559223,-0.0263950890481472,0.037));
#6760=CARTESIAN_POINT('',(0.0120296962559223,-0.0263950890481472,0.037));
#6761=CARTESIAN_POINT('',(0.0295296962559223,-0.0263950890481472,0.063));
#6762=CARTESIAN_POINT('',(-0.033652940392494,-0.0263950890481472,0.0535));
#6763=CARTESIAN_POINT('',(-0.033652940392494,-0.0263950890481472,0.0535));
#6764=CARTESIAN_POINT('',(-0.033652940392494,-0.0263950890481472,0.063));
#6765=CARTESIAN_POINT('',(-0.033652940392494,-0.0263950890481472,0.042));
#6766=CARTESIAN_POINT('',(-0.033652940392494,-0.0263950890481472,0.042));
#6767=CARTESIAN_POINT('',(-0.033652940392494,-0.0455950890481472,0.042));
#6768=CARTESIAN_POINT('',(-0.033652940392494,-0.0455950890481472,0.0535));
#6769=CARTESIAN_POINT('',(-0.033652940392494,-0.0455950890481472,0.0658045018441136));
#6770=CARTESIAN_POINT('',(-0.033652940392494,-0.0263950890481472,0.0658045018441136));
#6771=CARTESIAN_POINT('',(-0.033652940392494,-0.0347950890481472,0.0658045018441136));
#6772=CARTESIAN_POINT('',(-0.033652940392494,-0.0347950890481472,0.0535));
#6773=CARTESIAN_POINT('',(-0.033652940392494,-0.0347950890481472,0.063));
#6774=CARTESIAN_POINT('',(-0.033652940392494,-0.0347950890481472,0.063));
#6775=CARTESIAN_POINT('',(-0.0133116220682858,-0.0455950890481472,0.035));
#6776=CARTESIAN_POINT('',(-0.0238802727624774,-0.0455950890481472,0.0619686190664768));
#6777=CARTESIAN_POINT('',(-0.0227802727624774,-0.0455950890481472,0.0619686190664768));
#6778=CARTESIAN_POINT('',(-0.0238802727624774,-0.0455950890481472,0.0494686190664768));
#6779=CARTESIAN_POINT('',(-0.0227802727624774,-0.0455950890481472,0.0494686190664768));
#6780=CARTESIAN_POINT('',(-0.00288027276247742,-0.0455950890481472,0.0619686190664768));
#6781=CARTESIAN_POINT('',(-0.00178027276247742,-0.0455950890481472,0.0619686190664768));
#6782=CARTESIAN_POINT('',(-0.00288027276247742,-0.0455950890481472,0.0494686190664768));
#6783=CARTESIAN_POINT('',(-0.00178027276247742,-0.0455950890481472,0.0494686190664768));
#6784=CARTESIAN_POINT('',(-0.0133116220682858,-0.0455950890481472,0.042));
#6785=CARTESIAN_POINT('',(0.0102611767865284,-0.0455950890481472,0.0630929677227255));
#6786=CARTESIAN_POINT('',(-0.0368844209231,-0.0455950890481472,0.0630929677227255));
#6787=CARTESIAN_POINT('',(-0.00908027276247743,-0.0455950890481472,0.035));
#6788=CARTESIAN_POINT('',(-0.00908027276247743,-0.0455950890481472,0.0537686190664768));
#6789=CARTESIAN_POINT('',(-0.00908027276247743,-0.0455950890481472,0.0451686190664768));
#6790=CARTESIAN_POINT('',(-0.0133116220682858,-0.0455950890481472,0.0451686190664768));
#6791=CARTESIAN_POINT('',(-0.0176802727624774,-0.0455950890481472,0.0451686190664768));
#6792=CARTESIAN_POINT('',(-0.0176802727624774,-0.0455950890481472,0.035));
#6793=CARTESIAN_POINT('',(-0.0176802727624774,-0.0455950890481472,0.0537686190664768));
#6794=CARTESIAN_POINT('',(-0.0133116220682858,-0.0455950890481472,0.0537686190664768));
#6795=CARTESIAN_POINT('',(-0.0133116220682858,-0.0430950890481472,0.035));
#6796=CARTESIAN_POINT('',(-0.0238802727624775,-0.0430950890481472,0.0619686190664768));
#6797=CARTESIAN_POINT('',(-0.0249802727624775,-0.0430950890481472,0.0619686190664768));
#6798=CARTESIAN_POINT('',(-0.0238802727624775,-0.0430950890481472,0.0494686190664768));
#6799=CARTESIAN_POINT('',(-0.0249802727624775,-0.0430950890481472,0.0494686190664768));
#6800=CARTESIAN_POINT('',(-0.00288027276247743,-0.0430950890481472,0.0619686190664768));
#6801=CARTESIAN_POINT('',(-0.00398027276247742,-0.0430950890481472,0.0619686190664768));
#6802=CARTESIAN_POINT('',(-0.00288027276247743,-0.0430950890481472,0.0494686190664768));
#6803=CARTESIAN_POINT('',(-0.00398027276247742,-0.0430950890481472,0.0494686190664768));
#6804=CARTESIAN_POINT('',(0.00452969625592232,-0.0430950890481472,0.035));
#6805=CARTESIAN_POINT('',(0.00452969625592232,-0.0430950890481472,0.0345));
#6806=CARTESIAN_POINT('',(-0.0133116220682858,-0.0430950890481472,0.0345));
#6807=CARTESIAN_POINT('',(-0.031152940392494,-0.0430950890481472,0.0345));
#6808=CARTESIAN_POINT('',(-0.031152940392494,-0.0430950890481472,0.035));
#6809=CARTESIAN_POINT('',(-0.0133802727624774,-0.0430950890481472,0.0451686190664768));
#6810=CARTESIAN_POINT('',(-0.0176802727624774,-0.0430950890481472,0.0451686190664768));
#6811=CARTESIAN_POINT('',(-0.00908027276247743,-0.0430950890481472,0.0451686190664768));
#6812=CARTESIAN_POINT('',(-0.00908027276247743,-0.0430950890481472,0.0516186190664768));
#6813=CARTESIAN_POINT('',(-0.00908027276247743,-0.0430950890481472,0.0537686190664768));
#6814=CARTESIAN_POINT('',(-0.0133802727624774,-0.0430950890481472,0.0537686190664768));
#6815=CARTESIAN_POINT('',(-0.0176802727624774,-0.0430950890481472,0.0537686190664768));
#6816=CARTESIAN_POINT('',(-0.0176802727624774,-0.0430950890481472,0.0516186190664768));
#6817=CARTESIAN_POINT('',(-0.0133116220682858,-0.0518950890481472,0.035));
#6818=CARTESIAN_POINT('',(-0.0133116220682858,-0.0518950890481472,0.0345));
#6819=CARTESIAN_POINT('',(-0.051152940392494,-0.0518950890481472,0.0345));
#6820=CARTESIAN_POINT('',(-0.051152940392494,-0.0518950890481472,0.035));
#6821=CARTESIAN_POINT('',(-0.072552940392494,-0.0518950890481472,0.00705));
#6822=CARTESIAN_POINT('',(-0.072552940392494,-0.0518950890481472,0.00705));
#6823=CARTESIAN_POINT('',(-0.054652940392494,-0.0518950890481472,0.00705));
#6824=CARTESIAN_POINT('',(-0.054652940392494,-0.0518950890481472,0.00705));
#6825=CARTESIAN_POINT('',(-0.054652940392494,-0.0518950890481472,0.035));
#6826=CARTESIAN_POINT('',(-0.054652940392494,-0.0518950890481472,0.01005));
#6827=CARTESIAN_POINT('',(-0.054652940392494,-0.0518950890481472,0.01005));
#6828=CARTESIAN_POINT('',(-0.055552940392494,-0.0518950890481472,0.01005));
#6829=CARTESIAN_POINT('',(-0.055552940392494,-0.0518950890481472,0.01005));
#6830=CARTESIAN_POINT('',(-0.059152940392494,-0.0518950890481472,0.01204551258523));
#6831=CARTESIAN_POINT('',(-0.059152940392494,-0.0518950890481472,0.035));
#6832=CARTESIAN_POINT('',(-0.059152940392494,-0.0518950890481472,0.01315448741477));
#6833=CARTESIAN_POINT('',(-0.055552940392494,-0.0518950890481472,0.01515));
#6834=CARTESIAN_POINT('',(-0.055552940392494,-0.0518950890481472,0.01515));
#6835=CARTESIAN_POINT('',(-0.054652940392494,-0.0518950890481472,0.01515));
#6836=CARTESIAN_POINT('',(-0.054652940392494,-0.0518950890481472,0.01515));
#6837=CARTESIAN_POINT('',(-0.054652940392494,-0.0518950890481472,0.035));
#6838=CARTESIAN_POINT('',(-0.054652940392494,-0.0518950890481472,0.01815));
#6839=CARTESIAN_POINT('',(-0.054652940392494,-0.0518950890481472,0.01815));
#6840=CARTESIAN_POINT('',(-0.072552940392494,-0.0518950890481472,0.01815));
#6841=CARTESIAN_POINT('',(-0.076152940392494,-0.0518950890481472,0.02175));
#6842=CARTESIAN_POINT('',(-0.0133116220682858,0.0594049109518528,0.07));
#6843=CARTESIAN_POINT('',(0.0470296962559223,0.0594049109518528,0.07));
#6844=CARTESIAN_POINT('',(0.0520296962559223,0.0594049109518528,0.00419549815588639));
#6845=CARTESIAN_POINT('',(0.0473572574555875,0.0594049109518528,0.000274856481827013));
#6846=CARTESIAN_POINT('',(0.0473572574555875,0.0594049109518528,0.02525));
#6847=CARTESIAN_POINT('',(0.0473572574555874,0.0594049109518528,0.0505));
#6848=CARTESIAN_POINT('',(-0.0134295441806316,0.0594049109518528,0.0505));
#6849=CARTESIAN_POINT('',(-0.0742163458168507,0.0594049109518528,0.0505));
#6850=CARTESIAN_POINT('',(-0.0742163458168507,0.0594049109518528,0.02525));
#6851=CARTESIAN_POINT('',(-0.0742163458168507,0.0594049109518528,0.00047275328378097));
#6852=CARTESIAN_POINT('',(-0.073652940392494,0.0594049109518528,-3.43458600483648E-18));
#6853=CARTESIAN_POINT('',(-0.078652940392494,0.0594049109518528,0.0658045018441136));
#6854=CARTESIAN_POINT('',(-0.0134295441806316,0.0344049109518528,0.0455));
#6855=CARTESIAN_POINT('',(-0.0692163458168507,0.0344049109518528,0.0455));
#6856=CARTESIAN_POINT('',(-0.0692163458168507,0.0543049109518528,0.0455));
#6857=CARTESIAN_POINT('',(-0.0134295441806316,0.0543049109518528,0.0455));
#6858=CARTESIAN_POINT('',(0.0423572574555875,0.0543049109518528,0.0455));
#6859=CARTESIAN_POINT('',(0.0423572574555875,0.0344049109518528,0.0455));
#6860=CARTESIAN_POINT('',(0.0423572574555875,0.0344049109518528,0.02525));
#6861=CARTESIAN_POINT('',(0.0423572574555875,0.0543049109518528,0.02525));
#6862=CARTESIAN_POINT('',(0.0423572574555875,0.0543049109518528,0.005));
#6863=CARTESIAN_POINT('',(0.0423572574555875,0.0344049109518528,0.005));
#6864=CARTESIAN_POINT('',(0.0423572574555875,0.0514049109518528,0.005));
#6865=CARTESIAN_POINT('',(0.0423572574555875,0.0514049109518528,0.02525));
#6866=CARTESIAN_POINT('',(-0.0134295441806316,0.0344049109518528,0.005));
#6867=CARTESIAN_POINT('',(-0.0134295441806316,0.0543049109518528,0.005));
#6868=CARTESIAN_POINT('',(-0.0692163458168507,0.0543049109518528,0.005));
#6869=CARTESIAN_POINT('',(-0.0692163458168507,0.0344049109518528,0.005));
#6870=CARTESIAN_POINT('',(-0.0134295441806316,0.0514049109518528,0.005));
#6871=CARTESIAN_POINT('',(-0.0692163458168507,0.0344049109518528,0.02525));
#6872=CARTESIAN_POINT('',(-0.0692163458168507,0.0543049109518528,0.02525));
#6873=CARTESIAN_POINT('',(-0.0133116220682858,-0.0455950890481472,0.035));
#6874=CARTESIAN_POINT('',(-0.0187314408889038,-0.0455950890481472,0.00223206349066074));
#6875=CARTESIAN_POINT('',(-0.0187314408889038,-0.0455950890481472,0.000707524071913213));
#6876=CARTESIAN_POINT('',(-0.0132814408889038,-0.0455950890481472,0.000707524071913213));
#6877=CARTESIAN_POINT('',(-0.00783144088890385,-0.0455950890481472,0.000707524071913213));
#6878=CARTESIAN_POINT('',(-0.00783144088890385,-0.0455950890481472,0.00223206349066074));
#6879=CARTESIAN_POINT('',(-0.0133116220682858,-0.0705950890481472,0.07));
#6880=CARTESIAN_POINT('',(-0.047452940392494,-0.0705950890481472,0.0185));
#6881=CARTESIAN_POINT('',(-0.047452940392494,-0.0705950890481472,0.037));
#6882=CARTESIAN_POINT('',(-0.0474529403924939,-0.0705950890481472,-0.001));
#6883=CARTESIAN_POINT('',(-0.0133116220682858,-0.0705950890481472,-0.001));
#6884=CARTESIAN_POINT('',(0.0208296962559224,-0.0705950890481472,-0.001));
#6885=CARTESIAN_POINT('',(0.0208296962559223,-0.0705950890481472,0.035));
#6886=CARTESIAN_POINT('',(0.0208296962559223,-0.0705950890481472,0.037));
#6887=CARTESIAN_POINT('',(-0.061152940392494,-0.0705950890481472,0.037));
#6888=CARTESIAN_POINT('',(-0.0274314408889039,-0.0705950890481472,0.0264214351773262));
#6889=CARTESIAN_POINT('',(-0.029972122797306,-0.0705950890481472,0.0249984592283213));
#6890=CARTESIAN_POINT('',(-0.033772392009271,-0.0705950890481472,0.0228700181706325));
#6891=CARTESIAN_POINT('',(-0.0352682284007589,-0.0705950890481472,0.0214789856851224));
#6892=CARTESIAN_POINT('',(-0.0357114413778976,-0.0705950890481472,0.0199598451160798));
#6893=CARTESIAN_POINT('',(-0.0356660940936527,-0.0705950890481472,0.0182629687909597));
#6894=CARTESIAN_POINT('',(-0.034943117910007,-0.0705950890481472,0.0165598277497901));
#6895=CARTESIAN_POINT('',(-0.0305332042097056,-0.0705950890481472,0.0140657449795994));
#6896=CARTESIAN_POINT('',(-0.0274314408889039,-0.0705950890481472,0.0123115032911301));
#6897=CARTESIAN_POINT('',(-0.0274314408889039,-0.0705950890481472,0.0264214351773262));
#6898=CARTESIAN_POINT('',(-0.0274314408889039,-0.0705950890481472,0.0123115032911301));
#6899=CARTESIAN_POINT('',(-0.0274314408889039,-0.0705950890481472,0.0307390190433673));
#6900=CARTESIAN_POINT('',(-0.0274314408889039,-0.0705950890481472,0.0350566029094083));
#6901=CARTESIAN_POINT('',(-0.0132814408889038,-0.0705950890481472,0.0350566029094083));
#6902=CARTESIAN_POINT('',(0.000868559111096151,-0.0705950890481472,0.0350566029094083));
#6903=CARTESIAN_POINT('',(0.000868559111096154,-0.0705950890481472,0.00803405310026917));
#6904=CARTESIAN_POINT('',(0.000868559111096145,-0.0705950890481472,0.0264214351773262));
#6905=CARTESIAN_POINT('',(0.000868559111096145,-0.0705950890481472,0.0264214351773262));
#6906=CARTESIAN_POINT('',(0.00340924101949835,-0.0705950890481472,0.0249984592283213));
#6907=CARTESIAN_POINT('',(0.00720951023146325,-0.0705950890481472,0.0228700181706325));
#6908=CARTESIAN_POINT('',(0.00870534662295117,-0.0705950890481472,0.0214789856851224));
#6909=CARTESIAN_POINT('',(0.00914855960008992,-0.0705950890481472,0.0199598451160798));
#6910=CARTESIAN_POINT('',(0.00910321231584495,-0.0705950890481472,0.0182629687909597));
#6911=CARTESIAN_POINT('',(0.00838023613219929,-0.0705950890481472,0.0165598277497901));
#6912=CARTESIAN_POINT('',(0.0039703224318979,-0.0705950890481472,0.0140657449795994));
#6913=CARTESIAN_POINT('',(0.000868559111096145,-0.0705950890481472,0.0123115032911301));
#6914=CARTESIAN_POINT('',(0.000868559111096145,-0.0705950890481472,0.0123115032911301));
#6915=CARTESIAN_POINT('',(0.000868559111096154,-0.0705950890481472,0.00803405310026917));
#6916=CARTESIAN_POINT('',(0.000868559111096155,-0.0705950890481472,0.00375660290940827));
#6917=CARTESIAN_POINT('',(-0.00348144088890385,-0.0705950890481472,0.00375660290940827));
#6918=CARTESIAN_POINT('',(-0.00783144088890384,-0.0705950890481472,0.00375660290940827));
#6919=CARTESIAN_POINT('',(-0.00783144088890384,-0.0705950890481472,0.00223206349066074));
#6920=CARTESIAN_POINT('',(-0.00783144088890384,-0.0705950890481472,0.000707524071913213));
#6921=CARTESIAN_POINT('',(-0.0132814408889038,-0.0705950890481472,0.000707524071913213));
#6922=CARTESIAN_POINT('',(-0.0187314408889038,-0.0705950890481472,0.000707524071913213));
#6923=CARTESIAN_POINT('',(-0.0187314408889038,-0.0705950890481472,0.00223206349066074));
#6924=CARTESIAN_POINT('',(-0.0187314408889038,-0.0705950890481472,0.00375660290940827));
#6925=CARTESIAN_POINT('',(-0.0230814408889038,-0.0705950890481472,0.00375660290940827));
#6926=CARTESIAN_POINT('',(-0.0274314408889039,-0.0705950890481472,0.00375660290940827));
#6927=CARTESIAN_POINT('',(-0.0274314408889039,-0.0705950890481472,0.0307390190433673));
#6928=CARTESIAN_POINT('',(-0.061152940392494,-0.0263950890481472,0.037));
#6929=CARTESIAN_POINT('',(0.0120296962559223,-0.0455950890481472,0.037));
#6930=CARTESIAN_POINT('',(0.0120296962559223,-0.0505950890481472,0.037));
#6931=CARTESIAN_POINT('',(-0.061152940392494,-0.0505950890481472,0.037));
#6932=CARTESIAN_POINT('',(-0.038652940392494,-0.0505950890481472,0.037));
#6933=CARTESIAN_POINT('',(-0.038652940392494,-0.0263950890481472,0.037));
#6934=CARTESIAN_POINT('',(-0.038652940392494,-0.0263950890481472,0.037));
#6935=CARTESIAN_POINT('',(-0.061152940392494,-0.0263950890481472,0.037));
#6936=CARTESIAN_POINT('',(-0.061152940392494,-0.0543950890481472,0.037));
#6937=CARTESIAN_POINT('',(-0.063652940392494,-0.0543950890481472,0.037));
#6938=CARTESIAN_POINT('',(-0.076402940392494,-0.0416450890481473,0.037));
#6939=CARTESIAN_POINT('',(0.00193837793171419,-0.0894864073723553,0.037));
#6940=CARTESIAN_POINT('',(0.0370296962559223,-0.0543950890481472,0.037));
#6941=CARTESIAN_POINT('',(0.0345296962559223,-0.0543950890481472,0.037));
#6942=CARTESIAN_POINT('',(-0.0274314408889039,-0.0455950890481472,0.0307390190433673));
#6943=CARTESIAN_POINT('',(-0.0274314408889039,-0.0665950890481472,0.0193664692342281));
#6944=CARTESIAN_POINT('',(-0.0274314408889039,-0.0665950890481472,0.0123115032911301));
#6945=CARTESIAN_POINT('',(-0.0274314408889039,-0.0665950890481472,0.0264214351773262));
#6946=CARTESIAN_POINT('',(-0.0274314408889039,-0.0665950890481472,0.0123115032911301));
#6947=CARTESIAN_POINT('',(-0.0274314408889039,-0.0455950890481472,0.00375660290940827));
#6948=CARTESIAN_POINT('',(-0.0274314408889039,-0.0455950890481472,0.00375660290940827));
#6949=CARTESIAN_POINT('',(-0.0274314408889039,-0.0455950890481472,0.0307390190433673));
#6950=CARTESIAN_POINT('',(-0.0274314408889039,-0.0455950890481472,0.0345));
#6951=CARTESIAN_POINT('',(-0.0274314408889039,-0.0455950890481472,0.0307390190433673));
#6952=CARTESIAN_POINT('',(-0.0274314408889039,-0.0455950890481472,0.0350566029094083));
#6953=CARTESIAN_POINT('',(-0.0274314408889039,-0.0455950890481472,0.0350566029094083));
#6954=CARTESIAN_POINT('',(-0.0274314408889039,-0.0665950890481472,0.0264214351773262));
#6955=CARTESIAN_POINT('',(-0.0133116220682858,-0.0263950890481472,0.035));
#6956=CARTESIAN_POINT('',(-0.0565285959398735,-0.0263950890481472,0.049731416668696));
#6957=CARTESIAN_POINT('',(-0.0445285959398735,-0.0263950890481472,0.049731416668696));
#6958=CARTESIAN_POINT('',(-0.0269822812303899,-0.0263950890481472,0.0486706591621041));
#6959=CARTESIAN_POINT('',(-0.056152940392494,-0.0263950890481472,0.063));
#6960=CARTESIAN_POINT('',(-0.0230814408889038,-0.0455950890481472,0.00375660290940827));
#6961=CARTESIAN_POINT('',(-0.0187314408889038,-0.0455950890481472,0.00375660290940827));
#6962=CARTESIAN_POINT('',(-0.0187314408889038,-0.0455950890481472,0.00375660290940827));
#6963=CARTESIAN_POINT('',(-0.0230814408889038,-0.0455950890481472,0.00375660290940827));
#6964=CARTESIAN_POINT('',(-0.0187314408889038,-0.0455950890481472,0.00223206349066074));
#6965=CARTESIAN_POINT('',(-0.0187314408889038,-0.0455950890481472,0.000707524071913213));
#6966=CARTESIAN_POINT('',(-0.0187314408889038,-0.0455950890481472,0.00223206349066074));
#6967=CARTESIAN_POINT('',(-0.0132814408889038,-0.0455950890481472,0.000707524071913213));
#6968=CARTESIAN_POINT('',(-0.00783144088890385,-0.0455950890481472,0.000707524071913213));
#6969=CARTESIAN_POINT('',(-0.00783144088890385,-0.0455950890481472,0.00223206349066074));
#6970=CARTESIAN_POINT('',(-0.00783144088890385,-0.0455950890481472,0.00375660290940827));
#6971=CARTESIAN_POINT('',(-0.00783144088890385,-0.0455950890481472,0.00375660290940827));
#6972=CARTESIAN_POINT('',(-0.00783144088890385,-0.0455950890481472,0.00223206349066074));
#6973=CARTESIAN_POINT('',(-0.00348144088890385,-0.0455950890481472,0.00375660290940827));
#6974=CARTESIAN_POINT('',(0.00086855911109615,-0.0455950890481472,0.00375660290940827));
#6975=CARTESIAN_POINT('',(0.00086855911109615,-0.0455950890481472,0.00375660290940827));
#6976=CARTESIAN_POINT('',(-0.00348144088890385,-0.0455950890481472,0.00375660290940827));
#6977=CARTESIAN_POINT('',(0.000868559111096149,-0.0455950890481472,0.00803405310026917));
#6978=CARTESIAN_POINT('',(0.000868559111096151,-0.0665950890481472,0.0193664692342281));
#6979=CARTESIAN_POINT('',(0.000868559111096144,-0.0665950890481472,0.0123115032911301));
#6980=CARTESIAN_POINT('',(0.00086855911109615,-0.0665950890481472,0.0264214351773262));
#6981=CARTESIAN_POINT('',(0.000868559111096144,-0.0665950890481472,0.0264214351773262));
#6982=CARTESIAN_POINT('',(0.000868559111096146,-0.0455950890481472,0.0350566029094083));
#6983=CARTESIAN_POINT('',(0.000868559111096146,-0.0455950890481472,0.0350566029094083));
#6984=CARTESIAN_POINT('',(0.000868559111096149,-0.0455950890481472,0.00803405310026917));
#6985=CARTESIAN_POINT('',(0.000868559111096144,-0.0455950890481472,0.0345));
#6986=CARTESIAN_POINT('',(0.000868559111096149,-0.0455950890481472,0.00803405310026917));
#6987=CARTESIAN_POINT('',(0.000868559111096144,-0.0665950890481472,0.0123115032911301));
#6988=CARTESIAN_POINT('',(-0.0132814408889039,-0.0455950890481472,0.0350566029094083));
#6989=CARTESIAN_POINT('',(-0.0132814408889039,-0.0455950890481472,0.0350566029094083));
#6990=CARTESIAN_POINT('',(-0.0133116220682858,-0.0455950890481472,0.035));
#6991=CARTESIAN_POINT('',(-0.061152940392494,-0.0455950890481472,0.0345));
#6992=CARTESIAN_POINT('',(-0.0274314408889039,-0.0665950890481472,0.0264214351773262));
#6993=CARTESIAN_POINT('',(-0.0274314408889039,-0.0705950890481472,0.0264214351773262));
#6994=CARTESIAN_POINT('',(-0.029972122797306,-0.0665950890481472,0.0249984592283213));
#6995=CARTESIAN_POINT('',(-0.029972122797306,-0.0705950890481472,0.0249984592283213));
#6996=CARTESIAN_POINT('',(-0.033772392009271,-0.0665950890481472,0.0228700181706325));
#6997=CARTESIAN_POINT('',(-0.033772392009271,-0.0705950890481472,0.0228700181706325));
#6998=CARTESIAN_POINT('',(-0.0352682284007589,-0.0665950890481472,0.0214789856851224));
#6999=CARTESIAN_POINT('',(-0.0352682284007589,-0.0705950890481472,0.0214789856851224));
#7000=CARTESIAN_POINT('',(-0.0357114413778976,-0.0665950890481472,0.0199598451160798));
#7001=CARTESIAN_POINT('',(-0.0357114413778976,-0.0705950890481472,0.0199598451160798));
#7002=CARTESIAN_POINT('',(-0.0356660940936527,-0.0665950890481472,0.0182629687909597));
#7003=CARTESIAN_POINT('',(-0.0356660940936527,-0.0705950890481472,0.0182629687909597));
#7004=CARTESIAN_POINT('',(-0.034943117910007,-0.0665950890481472,0.0165598277497901));
#7005=CARTESIAN_POINT('',(-0.034943117910007,-0.0705950890481472,0.0165598277497901));
#7006=CARTESIAN_POINT('',(-0.0305332042097056,-0.0665950890481472,0.0140657449795994));
#7007=CARTESIAN_POINT('',(-0.0305332042097056,-0.0705950890481472,0.0140657449795994));
#7008=CARTESIAN_POINT('',(-0.0274314408889039,-0.0665950890481472,0.0123115032911301));
#7009=CARTESIAN_POINT('',(-0.0274314408889039,-0.0705950890481472,0.0123115032911301));
#7010=CARTESIAN_POINT('',(-0.0274314408889039,-0.0665950890481472,0.0264214351773262));
#7011=CARTESIAN_POINT('',(-0.029972122797306,-0.0665950890481472,0.0249984592283213));
#7012=CARTESIAN_POINT('',(-0.033772392009271,-0.0665950890481472,0.0228700181706325));
#7013=CARTESIAN_POINT('',(-0.0352682284007589,-0.0665950890481472,0.0214789856851224));
#7014=CARTESIAN_POINT('',(-0.0357114413778976,-0.0665950890481472,0.0199598451160798));
#7015=CARTESIAN_POINT('',(-0.0356660940936527,-0.0665950890481472,0.0182629687909597));
#7016=CARTESIAN_POINT('',(-0.034943117910007,-0.0665950890481472,0.0165598277497901));
#7017=CARTESIAN_POINT('',(-0.0305332042097056,-0.0665950890481472,0.0140657449795994));
#7018=CARTESIAN_POINT('',(-0.0274314408889039,-0.0665950890481472,0.0123115032911301));
#7019=CARTESIAN_POINT('',(-0.0133116220682858,-0.0665950890481472,0.035));
#7020=CARTESIAN_POINT('',(-0.0319142267107963,-0.0665950890481472,0.0194085948169231));
#7021=CARTESIAN_POINT('',(-0.0308142267107963,-0.0665950890481472,0.0194085948169231));
#7022=CARTESIAN_POINT('',(0.000868559111096144,-0.0665950890481472,0.0264214351773262));
#7023=CARTESIAN_POINT('',(0.000868559111096145,-0.0705950890481472,0.0264214351773262));
#7024=CARTESIAN_POINT('',(0.00340924101949835,-0.0665950890481472,0.0249984592283213));
#7025=CARTESIAN_POINT('',(0.00340924101949835,-0.0705950890481472,0.0249984592283213));
#7026=CARTESIAN_POINT('',(0.00720951023146325,-0.0665950890481472,0.0228700181706325));
#7027=CARTESIAN_POINT('',(0.00720951023146325,-0.0705950890481472,0.0228700181706325));
#7028=CARTESIAN_POINT('',(0.00870534662295117,-0.0665950890481472,0.0214789856851224));
#7029=CARTESIAN_POINT('',(0.00870534662295117,-0.0705950890481472,0.0214789856851224));
#7030=CARTESIAN_POINT('',(0.00914855960008992,-0.0665950890481472,0.0199598451160798));
#7031=CARTESIAN_POINT('',(0.00914855960008992,-0.0705950890481472,0.0199598451160798));
#7032=CARTESIAN_POINT('',(0.00910321231584495,-0.0665950890481472,0.0182629687909597));
#7033=CARTESIAN_POINT('',(0.00910321231584495,-0.0705950890481472,0.0182629687909597));
#7034=CARTESIAN_POINT('',(0.00838023613219929,-0.0665950890481472,0.0165598277497901));
#7035=CARTESIAN_POINT('',(0.00838023613219929,-0.0705950890481472,0.0165598277497901));
#7036=CARTESIAN_POINT('',(0.0039703224318979,-0.0665950890481472,0.0140657449795994));
#7037=CARTESIAN_POINT('',(0.0039703224318979,-0.0705950890481472,0.0140657449795994));
#7038=CARTESIAN_POINT('',(0.000868559111096144,-0.0665950890481472,0.0123115032911301));
#7039=CARTESIAN_POINT('',(0.000868559111096145,-0.0705950890481472,0.0123115032911301));
#7040=CARTESIAN_POINT('',(0.000868559111096144,-0.0665950890481472,0.0264214351773262));
#7041=CARTESIAN_POINT('',(0.00340924101949835,-0.0665950890481472,0.0249984592283213));
#7042=CARTESIAN_POINT('',(0.00720951023146325,-0.0665950890481472,0.0228700181706325));
#7043=CARTESIAN_POINT('',(0.00870534662295117,-0.0665950890481472,0.0214789856851224));
#7044=CARTESIAN_POINT('',(0.00914855960008992,-0.0665950890481472,0.0199598451160798));
#7045=CARTESIAN_POINT('',(0.00910321231584495,-0.0665950890481472,0.0182629687909597));
#7046=CARTESIAN_POINT('',(0.00838023613219929,-0.0665950890481472,0.0165598277497901));
#7047=CARTESIAN_POINT('',(0.0039703224318979,-0.0665950890481472,0.0140657449795994));
#7048=CARTESIAN_POINT('',(0.000868559111096144,-0.0665950890481472,0.0123115032911301));
#7049=CARTESIAN_POINT('',(-0.0133116220682858,-0.0665950890481472,0.035));
#7050=CARTESIAN_POINT('',(0.00527874240651727,-0.0665950890481472,0.0194085948169231));
#7051=CARTESIAN_POINT('',(0.00637874240651727,-0.0665950890481472,0.0194085948169231));
#7052=CARTESIAN_POINT('',(0.00527874240651726,-0.0205950890481472,0.0194085948169231));
#7053=CARTESIAN_POINT('',(0.00527874240651727,-0.0640950890481472,0.0194085948169231));
#7054=CARTESIAN_POINT('',(0.00637874240651727,-0.0640950890481472,0.0194085948169231));
#7055=CARTESIAN_POINT('',(-0.0319142267107963,-0.0205950890481472,0.0194085948169231));
#7056=CARTESIAN_POINT('',(-0.0319142267107963,-0.0640950890481472,0.0194085948169231));
#7057=CARTESIAN_POINT('',(-0.0308142267107963,-0.0640950890481472,0.0194085948169231));
#7058=CARTESIAN_POINT('',(-0.0133116220682858,-0.0543950890481472,0.035));
#7059=CARTESIAN_POINT('',(-0.0554773369255941,-0.0543950890481472,-0.0152511421655002));
#7060=CARTESIAN_POINT('',(-0.073652940392494,-0.0543950890481472,0.));
#7061=CARTESIAN_POINT('',(-0.055477336925594,-0.0543950890481472,-0.0152511421655002));
#7062=CARTESIAN_POINT('',(-0.0724611867998997,-0.0543950890481472,-0.001));
#7063=CARTESIAN_POINT('',(-0.0133116220682858,-0.0543950890481472,-0.001));
#7064=CARTESIAN_POINT('',(-0.063652940392494,-0.0543950890481472,-0.001));
#7065=CARTESIAN_POINT('',(-0.063652940392494,-0.0543950890481472,0.037));
#7066=CARTESIAN_POINT('',(-0.0133116220682858,-0.0543950890481472,0.035));
#7067=CARTESIAN_POINT('',(-0.0133116220682858,-0.0543950890481472,-0.001));
#7068=CARTESIAN_POINT('',(0.0458379426633281,-0.0543950890481472,-0.001));
#7069=CARTESIAN_POINT('',(0.0370296962559223,-0.0543950890481472,-0.001));
#7070=CARTESIAN_POINT('',(0.0288540927890226,-0.0543950890481472,-0.0152511421655002));
#7071=CARTESIAN_POINT('',(0.0470296962559223,-0.0543950890481472,0.));
#7072=CARTESIAN_POINT('',(0.0288540927890224,-0.0543950890481472,-0.0152511421655002));
#7073=CARTESIAN_POINT('',(0.0370296962559223,-0.0543950890481472,0.035));
#7074=CARTESIAN_POINT('',(-0.0133116220682858,-0.0455950890481472,0.035));
#7075=CARTESIAN_POINT('',(-0.061152940392494,-0.0455950890481472,0.0345));
#7076=CARTESIAN_POINT('',(0.00336855911109615,-0.0455950890481472,0.0345));
#7077=CARTESIAN_POINT('',(0.00336855911109615,-0.0455950890481472,0.035));
#7078=CARTESIAN_POINT('',(0.00336855911109615,-0.0455950890481472,0.0224600206767293));
#7079=CARTESIAN_POINT('',(0.00527874240651726,-0.0455950890481472,0.0194085948169231));
#7080=CARTESIAN_POINT('',(0.00336855911109615,-0.0455950890481472,0.0163571689571169));
#7081=CARTESIAN_POINT('',(0.00336855911109615,-0.0455950890481472,0.035));
#7082=CARTESIAN_POINT('',(-0.061152940392494,-0.0263950890481472,0.0345));
#7083=CARTESIAN_POINT('',(0.00452969625592232,-0.0263950890481472,0.0345));
#7084=CARTESIAN_POINT('',(0.00452969625592232,-0.0273950890481472,0.0345));
#7085=CARTESIAN_POINT('',(0.0495296962559223,-0.0273950890481472,0.0345));
#7086=CARTESIAN_POINT('',(-0.061152940392494,-0.0518950890481472,0.0345));
#7087=CARTESIAN_POINT('',(0.0245296962559223,-0.0518950890481472,0.0345));
#7088=CARTESIAN_POINT('',(0.0145296962559223,-0.0618950890481472,0.0345));
#7089=CARTESIAN_POINT('',(0.0145296962559223,-0.0618950890481472,0.0345));
#7090=CARTESIAN_POINT('',(0.0145296962559223,-0.0543950890481472,0.0345));
#7091=CARTESIAN_POINT('',(0.0145296962559223,-0.0680950890481472,0.0345));
#7092=CARTESIAN_POINT('',(-0.0133116220682858,-0.0680950890481472,0.0345));
#7093=CARTESIAN_POINT('',(0.00336855911109615,-0.0680950890481472,0.0345));
#7094=CARTESIAN_POINT('',(0.00336855911109615,-0.0455950890481472,0.0345));
#7095=CARTESIAN_POINT('',(-0.061152940392494,-0.0455950890481472,0.0345));
#7096=CARTESIAN_POINT('',(-0.0299314408889038,-0.0455950890481472,0.0345));
#7097=CARTESIAN_POINT('',(-0.0299314408889038,-0.0263950890481472,0.0345));
#7098=CARTESIAN_POINT('',(-0.0299314408889038,-0.0680950890481472,0.0345));
#7099=CARTESIAN_POINT('',(-0.0133116220682858,-0.0680950890481472,0.0345));
#7100=CARTESIAN_POINT('',(-0.041152940392494,-0.0680950890481472,0.0345));
#7101=CARTESIAN_POINT('',(-0.041152940392494,-0.0543950890481472,0.0345));
#7102=CARTESIAN_POINT('',(-0.041152940392494,-0.0618950890481472,0.0345));
#7103=CARTESIAN_POINT('',(-0.051152940392494,-0.0518950890481472,0.0345));
#7104=CARTESIAN_POINT('',(-0.031152940392494,-0.0273950890481472,0.0345));
#7105=CARTESIAN_POINT('',(-0.031152940392494,-0.0273950890481472,0.0345));
#7106=CARTESIAN_POINT('',(-0.031152940392494,-0.0263950890481472,0.0345));
#7107=CARTESIAN_POINT('',(-0.0133116220682858,-0.0455950890481472,0.035));
#7108=CARTESIAN_POINT('',(-0.0299314408889038,-0.0455950890481472,0.035));
#7109=CARTESIAN_POINT('',(-0.0299314408889038,-0.0455950890481472,0.0164038385232277));
#7110=CARTESIAN_POINT('',(-0.0319142267107963,-0.0455950890481472,0.0194085948169231));
#7111=CARTESIAN_POINT('',(-0.0299314408889038,-0.0455950890481472,0.0224133511106186));
#7112=CARTESIAN_POINT('',(-0.0299314408889038,-0.0455950890481472,0.035));
#7113=CARTESIAN_POINT('',(0.00336855911109615,-0.0455950890481472,0.00803405310026917));
#7114=CARTESIAN_POINT('',(0.00336855911109614,-0.0205950890481472,0.0163571689571169));
#7115=CARTESIAN_POINT('',(0.00336855911109615,-0.0640950890481472,0.0163571689571169));
#7116=CARTESIAN_POINT('',(0.00336855911109615,-0.0640950890481472,0.035));
#7117=CARTESIAN_POINT('',(0.00336855911109615,-0.0640950890481472,0.0108545362994245));
#7118=CARTESIAN_POINT('',(0.00336855911109615,-0.0640950890481472,0.0108545362994245));
#7119=CARTESIAN_POINT('',(0.00336855911109615,-0.0680950890481472,0.0108545362994245));
#7120=CARTESIAN_POINT('',(0.00336855911109615,-0.0680950890481472,0.07));
#7121=CARTESIAN_POINT('',(-0.0299314408889038,-0.0455950890481472,0.0307390190433673));
#7122=CARTESIAN_POINT('',(-0.0299314408889039,-0.0680950890481472,0.07));
#7123=CARTESIAN_POINT('',(-0.0299314408889038,-0.0680950890481472,0.0108545362994245));
#7124=CARTESIAN_POINT('',(-0.0299314408889038,-0.0640950890481472,0.0108545362994245));
#7125=CARTESIAN_POINT('',(-0.0299314408889038,-0.0640950890481472,0.0108545362994245));
#7126=CARTESIAN_POINT('',(-0.0299314408889038,-0.0640950890481472,0.035));
#7127=CARTESIAN_POINT('',(-0.0299314408889038,-0.0640950890481472,0.0164038385232277));
#7128=CARTESIAN_POINT('',(-0.0299314408889038,-0.0205950890481472,0.0164038385232277));
#7129=CARTESIAN_POINT('',(-0.0133116220682858,-0.0680950890481472,0.07));
#7130=CARTESIAN_POINT('',(-0.0299314408889039,-0.0680950890481472,0.07));
#7131=CARTESIAN_POINT('',(-0.0299314408889038,-0.0680950890481472,0.0278857390024242));
#7132=CARTESIAN_POINT('',(-0.0299314408889039,-0.0680950890481472,0.0278857390024243));
#7133=CARTESIAN_POINT('',(-0.0308446007986956,-0.0680950890481472,0.0273723388336493));
#7134=CARTESIAN_POINT('',(-0.0322117683510815,-0.0680950890481472,0.0265994159139939));
#7135=CARTESIAN_POINT('',(-0.0340125486061219,-0.0680950890481472,0.0255242029048726));
#7136=CARTESIAN_POINT('',(-0.0353322127773736,-0.0680950890481472,0.0246811983703913));
#7137=CARTESIAN_POINT('',(-0.0365859021613581,-0.0680950890481472,0.0237135809107453));
#7138=CARTESIAN_POINT('',(-0.0375300680937286,-0.0680950890481472,0.0224437248529818));
#7139=CARTESIAN_POINT('',(-0.0380543975365297,-0.0680950890481472,0.0209401061844805));
#7140=CARTESIAN_POINT('',(-0.0382165905369937,-0.0680950890481473,0.0193659398542485));
#7141=CARTESIAN_POINT('',(-0.0381011909801595,-0.0680950890481472,0.0177992501644493));
#7142=CARTESIAN_POINT('',(-0.0375684482498394,-0.0680950890481472,0.016292664363482));
#7143=CARTESIAN_POINT('',(-0.0365335637619588,-0.0680950890481472,0.0150835180749399));
#7144=CARTESIAN_POINT('',(-0.0348705108304113,-0.0680950890481472,0.013794579464318));
#7145=CARTESIAN_POINT('',(-0.0326543248087656,-0.0680950890481472,0.0124152650092887));
#7146=CARTESIAN_POINT('',(-0.0308408564330754,-0.0680950890481472,0.0113715840647785));
#7147=CARTESIAN_POINT('',(-0.0299314408889039,-0.0680950890481472,0.0108545362994245));
#7148=CARTESIAN_POINT('',(-0.041152940392494,-0.0680950890481472,0.07));
#7149=CARTESIAN_POINT('',(-0.0133116220682858,-0.0680950890481472,0.07));
#7150=CARTESIAN_POINT('',(0.0145296962559223,-0.0680950890481472,0.07));
#7151=CARTESIAN_POINT('',(0.00336855911109615,-0.0680950890481472,0.0278857390024242));
#7152=CARTESIAN_POINT('',(0.00428171902088789,-0.0680950890481472,0.0273723388336493));
#7153=CARTESIAN_POINT('',(0.00564888657327377,-0.0680950890481472,0.0265994159139939));
#7154=CARTESIAN_POINT('',(0.0074496668283142,-0.0680950890481472,0.0255242029048726));
#7155=CARTESIAN_POINT('',(0.00876933099956593,-0.0680950890481472,0.0246811983703913));
#7156=CARTESIAN_POINT('',(0.0100230203835504,-0.0680950890481472,0.0237135809107453));
#7157=CARTESIAN_POINT('',(0.0109671863159209,-0.0680950890481472,0.0224437248529818));
#7158=CARTESIAN_POINT('',(0.011491515758722,-0.0680950890481472,0.0209401061844805));
#7159=CARTESIAN_POINT('',(0.0116537087591859,-0.0680950890481472,0.0193659398542485));
#7160=CARTESIAN_POINT('',(0.0115383092023517,-0.0680950890481472,0.0177992501644493));
#7161=CARTESIAN_POINT('',(0.0110055664720316,-0.0680950890481472,0.016292664363482));
#7162=CARTESIAN_POINT('',(0.00997068198415102,-0.0680950890481472,0.0150835180749399));
#7163=CARTESIAN_POINT('',(0.0083076290526036,-0.0680950890481472,0.013794579464318));
#7164=CARTESIAN_POINT('',(0.00609144303095784,-0.0680950890481472,0.0124152650092887));
#7165=CARTESIAN_POINT('',(0.00427797465526768,-0.0680950890481472,0.0113715840647785));
#7166=CARTESIAN_POINT('',(0.00336855911109615,-0.0680950890481472,0.0108545362994245));
#7167=CARTESIAN_POINT('',(0.00336855911109615,-0.0680950890481472,0.0278857390024242));
#7168=CARTESIAN_POINT('',(0.00336855911109615,-0.0680950890481472,0.07));
#7169=CARTESIAN_POINT('',(-0.0299314408889038,-0.0455950890481472,0.0307390190433673));
#7170=CARTESIAN_POINT('',(-0.0299314408889038,-0.0205950890481472,0.0224133511106186));
#7171=CARTESIAN_POINT('',(-0.0299314408889038,-0.0640950890481472,0.0224133511106186));
#7172=CARTESIAN_POINT('',(-0.0299314408889038,-0.0640950890481472,0.035));
#7173=CARTESIAN_POINT('',(-0.0299314408889038,-0.0640950890481472,0.0278857390024242));
#7174=CARTESIAN_POINT('',(-0.0299314408889038,-0.0640950890481472,0.0278857390024242));
#7175=CARTESIAN_POINT('',(0.00452969625592231,-0.0263950890481472,0.0535));
#7176=CARTESIAN_POINT('',(0.00452969625592232,-0.0273950890481472,0.0345));
#7177=CARTESIAN_POINT('',(-0.0133116220682858,-0.0238950890481472,0.035));
#7178=CARTESIAN_POINT('',(0.0295296962559223,-0.0238950890481472,0.049731416668696));
#7179=CARTESIAN_POINT('',(0.0330296962559223,-0.0238950890481472,0.049731416668696));
#7180=CARTESIAN_POINT('',(0.00452969625592231,-0.0238950890481472,0.038));
#7181=CARTESIAN_POINT('',(0.00802969625592232,-0.0238950890481472,0.038));
#7182=CARTESIAN_POINT('',(0.00802969625592231,-0.0238950890481472,0.0675));
#7183=CARTESIAN_POINT('',(0.0334920559259228,-0.0238950890481472,0.0675));
#7184=CARTESIAN_POINT('',(0.0335879959531273,-0.0238950890481472,0.0675));
#7185=CARTESIAN_POINT('',(0.0337775106942784,-0.0238950890481472,0.067498455086286));
#7186=CARTESIAN_POINT('',(0.0341084077086187,-0.0238950890481472,0.0674937115398672));
#7187=CARTESIAN_POINT('',(0.0345261084058512,-0.0238950890481472,0.0674860957765742));
#7188=CARTESIAN_POINT('',(0.03495101702515,-0.0238950890481472,0.0674793139850414));
#7189=CARTESIAN_POINT('',(0.0353384965468436,-0.0238950890481472,0.0674767253332507));
#7190=CARTESIAN_POINT('',(0.0357251140787555,-0.0238950890481472,0.0674793021235191));
#7191=CARTESIAN_POINT('',(0.0361506803088896,-0.0238950890481472,0.0674860926367931));
#7192=CARTESIAN_POINT('',(0.0365685053495426,-0.0238950890481472,0.067493709640485));
#7193=CARTESIAN_POINT('',(0.0368995075046147,-0.0238950890481472,0.0674984547374214));
#7194=CARTESIAN_POINT('',(0.0370890095718122,-0.0238950890481472,0.0675));
#7195=CARTESIAN_POINT('',(0.037184908239544,-0.0238950890481472,0.0675));
#7196=CARTESIAN_POINT('',(0.0391296975966549,-0.0238950890481472,0.0675));
#7197=CARTESIAN_POINT('',(0.0427296967028331,-0.0238950890481472,0.0675));
#7198=CARTESIAN_POINT('',(0.0458024881460444,-0.0238950890481472,0.0662272081098779));
#7199=CARTESIAN_POINT('',(0.0483480719262886,-0.0238950890481472,0.0636816243296337));
#7200=CARTESIAN_POINT('',(0.0483480719262886,-0.0238950890481472,0.0636816243296337));
#7201=CARTESIAN_POINT('',(0.0495296962559223,-0.0238950890481472,0.0625));
#7202=CARTESIAN_POINT('',(-0.031152940392494,-0.0263950890481472,0.0535));
#7203=CARTESIAN_POINT('',(-0.031152940392494,-0.0273950890481472,0.0535));
#7204=CARTESIAN_POINT('',(-0.0133116220682858,-0.0238950890481472,0.035));
#7205=CARTESIAN_POINT('',(-0.0565285959398735,-0.0238950890481472,0.049731416668696));
#7206=CARTESIAN_POINT('',(-0.0530285959398735,-0.0238950890481472,0.049731416668696));
#7207=CARTESIAN_POINT('',(-0.034652940392494,-0.0238950890481472,0.035));
#7208=CARTESIAN_POINT('',(-0.034652940392494,-0.0238950890481472,0.038));
#7209=CARTESIAN_POINT('',(-0.076152940392494,-0.0238950890481472,0.038));
#7210=CARTESIAN_POINT('',(-0.071152940392494,-0.0238950890481473,0.0675));
#7211=CARTESIAN_POINT('',(-0.0749713160628602,-0.0238950890481473,0.0636816243296337));
#7212=CARTESIAN_POINT('',(-0.0749713160628602,-0.0238950890481472,0.0636816243296338));
#7213=CARTESIAN_POINT('',(-0.072425732282616,-0.0238950890481472,0.0662272081098779));
#7214=CARTESIAN_POINT('',(-0.0693529408394048,-0.0238950890481472,0.0675));
#7215=CARTESIAN_POINT('',(-0.0657529417332265,-0.0238950890481472,0.0675));
#7216=CARTESIAN_POINT('',(-0.0638081523761165,-0.0238950890481472,0.0675));
#7217=CARTESIAN_POINT('',(-0.0637122123490505,-0.0238950890481472,0.0675));
#7218=CARTESIAN_POINT('',(-0.0635226976080062,-0.0238950890481472,0.0674984550862861));
#7219=CARTESIAN_POINT('',(-0.0631918005935887,-0.0238950890481472,0.0674937115398671));
#7220=CARTESIAN_POINT('',(-0.0627740998961798,-0.0238950890481472,0.0674860957765751));
#7221=CARTESIAN_POINT('',(-0.06234919127612,-0.0238950890481472,0.0674793139850342));
#7222=CARTESIAN_POINT('',(-0.0619617117555799,-0.0238950890481472,0.0674767253332508));
#7223=CARTESIAN_POINT('',(-0.0615750942225113,-0.0238950890481472,0.0674793021235264));
#7224=CARTESIAN_POINT('',(-0.0611495279931396,-0.0238950890481472,0.0674860926367923));
#7225=CARTESIAN_POINT('',(-0.0607317029526661,-0.0238950890481472,0.0674937096404852));
#7226=CARTESIAN_POINT('',(-0.0604007007976718,-0.0238950890481472,0.0674984547374214));
#7227=CARTESIAN_POINT('',(-0.0602111987303661,-0.0238950890481472,0.0675));
#7228=CARTESIAN_POINT('',(-0.0601153000624939,-0.0238950890481472,0.0675));
#7229=CARTESIAN_POINT('',(0.00336855911109615,-0.0455950890481472,0.00803405310026917));
#7230=CARTESIAN_POINT('',(0.00336855911109615,-0.0640950890481472,0.0278857390024242));
#7231=CARTESIAN_POINT('',(0.00336855911109615,-0.0640950890481472,0.0278857390024242));
#7232=CARTESIAN_POINT('',(0.00336855911109615,-0.0640950890481472,0.035));
#7233=CARTESIAN_POINT('',(0.00336855911109615,-0.0640950890481472,0.0224600206767293));
#7234=CARTESIAN_POINT('',(0.00336855911109614,-0.0205950890481472,0.0224600206767293));
#7235=CARTESIAN_POINT('',(-0.0299314408889039,-0.0640950890481472,0.0278857390024243));
#7236=CARTESIAN_POINT('',(-0.0299314408889039,-0.0680950890481472,0.0278857390024243));
#7237=CARTESIAN_POINT('',(-0.0310737429815711,-0.0640950890481472,0.027243509661343));
#7238=CARTESIAN_POINT('',(-0.0310737429815711,-0.0680950890481472,0.027243509661343));
#7239=CARTESIAN_POINT('',(-0.0327350611847094,-0.0640950890481472,0.0263003015187088));
#7240=CARTESIAN_POINT('',(-0.0327350611847094,-0.0680950890481472,0.0263003015187088));
#7241=CARTESIAN_POINT('',(-0.0345647561755747,-0.0640950890481472,0.0251795200529208));
#7242=CARTESIAN_POINT('',(-0.0345647561755747,-0.0680950890481472,0.0251795200529208));
#7243=CARTESIAN_POINT('',(-0.035671094301442,-0.0640950890481472,0.0244332858573649));
#7244=CARTESIAN_POINT('',(-0.035671094301442,-0.0680950890481472,0.0244332858573649));
#7245=CARTESIAN_POINT('',(-0.0366587571015272,-0.0640950890481472,0.0236164195943545));
#7246=CARTESIAN_POINT('',(-0.0366587571015272,-0.0680950890481472,0.0236164195943545));
#7247=CARTESIAN_POINT('',(-0.0375078485684451,-0.0640950890481472,0.0224483868418783));
#7248=CARTESIAN_POINT('',(-0.0375078485684451,-0.0680950890481472,0.0224483868418783));
#7249=CARTESIAN_POINT('',(-0.0379605008816327,-0.0640950890481472,0.0212255842477245));
#7250=CARTESIAN_POINT('',(-0.0379605008816327,-0.0680950890481472,0.0212255842477245));
#7251=CARTESIAN_POINT('',(-0.0381634168224905,-0.0640950890481472,0.020036099643454));
#7252=CARTESIAN_POINT('',(-0.0381634168224905,-0.0680950890481472,0.020036099643454));
#7253=CARTESIAN_POINT('',(-0.038185281917786,-0.0640950890481472,0.0190699322346686));
#7254=CARTESIAN_POINT('',(-0.038185281917786,-0.0680950890481472,0.0190699322346686));
#7255=CARTESIAN_POINT('',(-0.0381178832317409,-0.0640950890481472,0.0182944257944033));
#7256=CARTESIAN_POINT('',(-0.0381178832317409,-0.0680950890481472,0.0182944257944033));
#7257=CARTESIAN_POINT('',(-0.038027246486066,-0.0640950890481472,0.017734522043779));
#7258=CARTESIAN_POINT('',(-0.038027246486066,-0.0680950890481472,0.017734522043779));
#7259=CARTESIAN_POINT('',(-0.0378420066226319,-0.0640950890481472,0.0170480854326246));
#7260=CARTESIAN_POINT('',(-0.0378420066226319,-0.0680950890481472,0.0170480854326246));
#7261=CARTESIAN_POINT('',(-0.0373720189663793,-0.0640950890481472,0.0160496182280746));
#7262=CARTESIAN_POINT('',(-0.0373720189663793,-0.0680950890481472,0.0160496182280746));
#7263=CARTESIAN_POINT('',(-0.0364607426003405,-0.0640950890481472,0.0150163965580649));
#7264=CARTESIAN_POINT('',(-0.0364607426003405,-0.0680950890481472,0.0150163965580649));
#7265=CARTESIAN_POINT('',(-0.0351868091242192,-0.0640950890481472,0.0140422104558783));
#7266=CARTESIAN_POINT('',(-0.0351868091242192,-0.0680950890481472,0.0140422104558783));
#7267=CARTESIAN_POINT('',(-0.0336338985327862,-0.0640950890481472,0.0130203139317296));
#7268=CARTESIAN_POINT('',(-0.0336338985327862,-0.0680950890481472,0.0130203139317296));
#7269=CARTESIAN_POINT('',(-0.0318574075329136,-0.0640950890481472,0.0119557474440543));
#7270=CARTESIAN_POINT('',(-0.0318574075329136,-0.0680950890481472,0.0119557474440543));
#7271=CARTESIAN_POINT('',(-0.0305783733465258,-0.0640950890481472,0.0112223494335767));
#7272=CARTESIAN_POINT('',(-0.0305783733465258,-0.0680950890481472,0.0112223494335767));
#7273=CARTESIAN_POINT('',(-0.0299314408889038,-0.0640950890481472,0.0108545362994245));
#7274=CARTESIAN_POINT('',(-0.0299314408889038,-0.0680950890481472,0.0108545362994245));
#7275=CARTESIAN_POINT('',(-0.0299314408889039,-0.0640950890481472,0.0278857390024243));
#7276=CARTESIAN_POINT('',(-0.0308446007986956,-0.0640950890481472,0.0273723388336493));
#7277=CARTESIAN_POINT('',(-0.0322117683510815,-0.0640950890481472,0.0265994159139939));
#7278=CARTESIAN_POINT('',(-0.0340125486061219,-0.0640950890481472,0.0255242029048725));
#7279=CARTESIAN_POINT('',(-0.0353322127773736,-0.0640950890481472,0.0246811983703913));
#7280=CARTESIAN_POINT('',(-0.0365859021613581,-0.0640950890481472,0.0237135809107453));
#7281=CARTESIAN_POINT('',(-0.0375300680937287,-0.0640950890481472,0.0224437248529818));
#7282=CARTESIAN_POINT('',(-0.0380543975365297,-0.0640950890481472,0.0209401061844806));
#7283=CARTESIAN_POINT('',(-0.0382165905369937,-0.0640950890481472,0.0193659398542484));
#7284=CARTESIAN_POINT('',(-0.0381011909801594,-0.0640950890481472,0.0177992501644493));
#7285=CARTESIAN_POINT('',(-0.0375684482498394,-0.0640950890481472,0.016292664363482));
#7286=CARTESIAN_POINT('',(-0.0365335637619587,-0.0640950890481472,0.0150835180749399));
#7287=CARTESIAN_POINT('',(-0.0348705108304113,-0.0640950890481472,0.013794579464318));
#7288=CARTESIAN_POINT('',(-0.0326543248087655,-0.0640950890481472,0.0124152650092887));
#7289=CARTESIAN_POINT('',(-0.0308408564330754,-0.0640950890481472,0.0113715840647785));
#7290=CARTESIAN_POINT('',(-0.0299314408889039,-0.0640950890481472,0.0108545362994245));
#7291=CARTESIAN_POINT('',(-0.0133116220682858,-0.0640950890481472,0.035));
#7292=CARTESIAN_POINT('',(-0.0319142267107963,-0.0640950890481472,0.0194085948169231));
#7293=CARTESIAN_POINT('',(0.00336855911109616,-0.0640950890481472,0.0278857390024243));
#7294=CARTESIAN_POINT('',(0.00336855911109616,-0.0680950890481472,0.0278857390024243));
#7295=CARTESIAN_POINT('',(0.00451086120376338,-0.0640950890481472,0.027243509661343));
#7296=CARTESIAN_POINT('',(0.00451086120376338,-0.0680950890481472,0.027243509661343));
#7297=CARTESIAN_POINT('',(0.00617217940690174,-0.0640950890481472,0.0263003015187088));
#7298=CARTESIAN_POINT('',(0.00617217940690174,-0.0680950890481472,0.0263003015187088));
#7299=CARTESIAN_POINT('',(0.00800187439776704,-0.0640950890481472,0.0251795200529208));
#7300=CARTESIAN_POINT('',(0.00800187439776704,-0.0680950890481472,0.0251795200529208));
#7301=CARTESIAN_POINT('',(0.00910821252363432,-0.0640950890481472,0.0244332858573649));
#7302=CARTESIAN_POINT('',(0.00910821252363432,-0.0680950890481472,0.0244332858573649));
#7303=CARTESIAN_POINT('',(0.0100958753237195,-0.0640950890481472,0.0236164195943545));
#7304=CARTESIAN_POINT('',(0.0100958753237195,-0.0680950890481472,0.0236164195943545));
#7305=CARTESIAN_POINT('',(0.0109449667906373,-0.0640950890481472,0.0224483868418784));
#7306=CARTESIAN_POINT('',(0.0109449667906373,-0.0680950890481472,0.0224483868418784));
#7307=CARTESIAN_POINT('',(0.011397619103825,-0.0640950890481472,0.0212255842477245));
#7308=CARTESIAN_POINT('',(0.011397619103825,-0.0680950890481472,0.0212255842477245));
#7309=CARTESIAN_POINT('',(0.0116005350446828,-0.0640950890481472,0.0200360996434541));
#7310=CARTESIAN_POINT('',(0.0116005350446828,-0.0680950890481472,0.0200360996434541));
#7311=CARTESIAN_POINT('',(0.0116224001399783,-0.0640950890481472,0.0190699322346687));
#7312=CARTESIAN_POINT('',(0.0116224001399783,-0.0680950890481472,0.0190699322346687));
#7313=CARTESIAN_POINT('',(0.0115550014539332,-0.0640950890481472,0.0182944257944034));
#7314=CARTESIAN_POINT('',(0.0115550014539332,-0.0680950890481472,0.0182944257944034));
#7315=CARTESIAN_POINT('',(0.0114643647082582,-0.0640950890481472,0.017734522043779));
#7316=CARTESIAN_POINT('',(0.0114643647082582,-0.0680950890481472,0.017734522043779));
#7317=CARTESIAN_POINT('',(0.0112791248448242,-0.0640950890481472,0.0170480854326246));
#7318=CARTESIAN_POINT('',(0.0112791248448242,-0.0680950890481472,0.0170480854326246));
#7319=CARTESIAN_POINT('',(0.0108091371885716,-0.0640950890481472,0.0160496182280746));
#7320=CARTESIAN_POINT('',(0.0108091371885716,-0.0680950890481472,0.0160496182280746));
#7321=CARTESIAN_POINT('',(0.0098978608225328,-0.0640950890481472,0.0150163965580649));
#7322=CARTESIAN_POINT('',(0.0098978608225328,-0.0680950890481472,0.0150163965580649));
#7323=CARTESIAN_POINT('',(0.00862392734641151,-0.0640950890481472,0.0140422104558783));
#7324=CARTESIAN_POINT('',(0.00862392734641151,-0.0680950890481472,0.0140422104558783));
#7325=CARTESIAN_POINT('',(0.00707101675497846,-0.0640950890481472,0.0130203139317296));
#7326=CARTESIAN_POINT('',(0.00707101675497846,-0.0680950890481472,0.0130203139317296));
#7327=CARTESIAN_POINT('',(0.00529452575510588,-0.0640950890481472,0.0119557474440543));
#7328=CARTESIAN_POINT('',(0.00529452575510588,-0.0680950890481472,0.0119557474440543));
#7329=CARTESIAN_POINT('',(0.00401549156871816,-0.0640950890481472,0.0112223494335767));
#7330=CARTESIAN_POINT('',(0.00401549156871816,-0.0680950890481472,0.0112223494335767));
#7331=CARTESIAN_POINT('',(0.00336855911109615,-0.0640950890481472,0.0108545362994245));
#7332=CARTESIAN_POINT('',(0.00336855911109615,-0.0680950890481472,0.0108545362994245));
#7333=CARTESIAN_POINT('',(0.00336855911109615,-0.0640950890481472,0.0278857390024242));
#7334=CARTESIAN_POINT('',(0.00428171902088788,-0.0640950890481472,0.0273723388336493));
#7335=CARTESIAN_POINT('',(0.00564888657327376,-0.0640950890481471,0.0265994159139939));
#7336=CARTESIAN_POINT('',(0.00744966682831419,-0.0640950890481472,0.0255242029048726));
#7337=CARTESIAN_POINT('',(0.00876933099956589,-0.0640950890481471,0.0246811983703913));
#7338=CARTESIAN_POINT('',(0.0100230203835503,-0.0640950890481472,0.0237135809107453));
#7339=CARTESIAN_POINT('',(0.0109671863159209,-0.0640950890481472,0.0224437248529818));
#7340=CARTESIAN_POINT('',(0.011491515758722,-0.0640950890481472,0.0209401061844805));
#7341=CARTESIAN_POINT('',(0.0116537087591859,-0.0640950890481472,0.0193659398542485));
#7342=CARTESIAN_POINT('',(0.0115383092023518,-0.0640950890481472,0.0177992501644494));
#7343=CARTESIAN_POINT('',(0.0110055664720316,-0.0640950890481472,0.0162926643634819));
#7344=CARTESIAN_POINT('',(0.00997068198415105,-0.0640950890481472,0.0150835180749399));
#7345=CARTESIAN_POINT('',(0.0083076290526036,-0.0640950890481472,0.013794579464318));
#7346=CARTESIAN_POINT('',(0.00609144303095785,-0.0640950890481472,0.0124152650092887));
#7347=CARTESIAN_POINT('',(0.00427797465526768,-0.0640950890481472,0.0113715840647785));
#7348=CARTESIAN_POINT('',(0.00336855911109615,-0.0640950890481472,0.0108545362994245));
#7349=CARTESIAN_POINT('',(-0.0133116220682858,-0.0640950890481472,0.035));
#7350=CARTESIAN_POINT('',(0.00527874240651727,-0.0640950890481472,0.0194085948169231));
#7351=CARTESIAN_POINT('',(-0.041152940392494,-0.0543950890481472,0.0185));
#7352=CARTESIAN_POINT('',(-0.041152940392494,-0.0618950890481472,0.0185));
#7353=CARTESIAN_POINT('',(0.0145296962559223,-0.0543950890481472,0.0185));
#7354=CARTESIAN_POINT('',(0.0145296962559223,-0.0618950890481472,0.0025));
#7355=CARTESIAN_POINT('',(-0.0133116220682858,-0.0518950890481472,0.035));
#7356=CARTESIAN_POINT('',(0.0245296962559223,-0.0518950890481472,0.0345));
#7357=CARTESIAN_POINT('',(-0.0319142267107963,-0.0640970890481472,0.0194085948169231));
#7358=CARTESIAN_POINT('',(0.00527874240651727,-0.0640970890481472,0.0194085948169231));
#7359=CARTESIAN_POINT('',(-0.0134295441806316,0.0543049109518528,0.0505));
#7360=CARTESIAN_POINT('',(0.0473572574555874,0.0543049109518528,0.0505));
#7361=CARTESIAN_POINT('',(0.0473572574555874,0.0543049109518528,0.0505));
#7362=CARTESIAN_POINT('',(-0.0134295441806316,0.0543049109518528,0.0505));
#7363=CARTESIAN_POINT('',(-0.0742163458168507,0.0543049109518528,0.0505));
#7364=CARTESIAN_POINT('',(-0.0742163458168507,0.0543049109518528,0.0505));
#7365=CARTESIAN_POINT('',(0.0473572574555875,0.0543049109518528,0.02525));
#7366=CARTESIAN_POINT('',(0.0473572574555875,-0.0055950890481472,0.000274856481827008));
#7367=CARTESIAN_POINT('',(0.0473572574555875,0.0543049109518528,0.000274856481827013));
#7368=CARTESIAN_POINT('',(0.0473572574555875,0.0543049109518528,0.02525));
#7369=CARTESIAN_POINT('',(-0.0742163458168507,0.0543049109518528,0.02525));
#7370=CARTESIAN_POINT('',(-0.0742163458168507,0.0543049109518528,0.02525));
#7371=CARTESIAN_POINT('',(-0.0742163458168507,0.0543049109518528,0.00047275328378097));
#7372=CARTESIAN_POINT('',(-0.0742163458168507,0.0543049109518528,0.00047275328378097));
#7373=CARTESIAN_POINT('',(-0.0133116220682858,0.0543049109518528,0.035));
#7374=CARTESIAN_POINT('',(0.0445774495601654,0.0543049109518528,0.00258809747174382));
#7375=CARTESIAN_POINT('',(0.0429774495601654,0.0543049109518528,0.00258809747174382));
#7376=CARTESIAN_POINT('',(-0.0712675303220749,0.0543049109518528,0.0476162396371365));
#7377=CARTESIAN_POINT('',(-0.0728675303220749,0.0543049109518528,0.0476162396371365));
#7378=CARTESIAN_POINT('',(-0.0712738931179047,0.0543049109518528,0.0026122850831598));
#7379=CARTESIAN_POINT('',(-0.0728738931179047,0.0543049109518528,0.0026122850831598));
#7380=CARTESIAN_POINT('',(0.0445771478116513,0.0543049109518528,0.0475869029760361));
#7381=CARTESIAN_POINT('',(0.0429771478116513,0.0543049109518528,0.0475869029760361));
#7382=CARTESIAN_POINT('',(-0.0133116220682858,0.0543049109518528,-0.001));
#7383=CARTESIAN_POINT('',(0.0458379426633281,0.0543049109518528,-0.001));
#7384=CARTESIAN_POINT('',(-0.0724611867998998,0.0543049109518528,-0.001));
#7385=CARTESIAN_POINT('',(-0.055477336925594,0.0543049109518528,-0.0152511421655002));
#7386=CARTESIAN_POINT('',(-0.073652940392494,0.0543049109518528,0.));
#7387=CARTESIAN_POINT('',(-0.0554773369255941,0.0543049109518528,-0.0152511421655002));
#7388=CARTESIAN_POINT('',(0.0288540927890224,0.0543049109518528,-0.0152511421655002));
#7389=CARTESIAN_POINT('',(0.0470296962559223,0.0543049109518528,0.));
#7390=CARTESIAN_POINT('',(0.0288540927890225,0.0543049109518528,-0.0152511421655002));
#7391=CARTESIAN_POINT('',(0.0445771478116513,0.0293049109518528,0.0475869029760361));
#7392=CARTESIAN_POINT('',(-0.0712738931179047,0.0293049109518528,0.0026122850831598));
#7393=CARTESIAN_POINT('',(-0.0712738931179047,0.0293049109518528,0.0026122850831598));
#7394=CARTESIAN_POINT('',(-0.0728738931179047,0.0293049109518528,0.0026122850831598));
#7395=CARTESIAN_POINT('',(-0.0134295441806316,0.0293049109518528,0.02525));
#7396=CARTESIAN_POINT('',(-0.0712675303220749,0.0293049109518528,0.0476162396371365));
#7397=CARTESIAN_POINT('',(0.0445774495601654,0.0293049109518528,0.00258809747174382));
#7398=CARTESIAN_POINT('',(0.0445774495601654,0.0293049109518528,0.00258809747174382));
#7399=CARTESIAN_POINT('',(0.0429774495601654,0.0293049109518528,0.00258809747174382));
#7400=CARTESIAN_POINT('',(-0.0134295441806316,0.0293049109518528,0.02525));
#7401=CARTESIAN_POINT('',(-0.054652940392494,-0.0202450890481472,0.01515));
#7402=CARTESIAN_POINT('',(-0.055552940392494,-0.0202450890481472,0.01515));
#7403=CARTESIAN_POINT('',(-0.055552940392494,0.0114049109518528,0.01515));
#7404=CARTESIAN_POINT('',(-0.054652940392494,0.0114049109518528,0.01515));
#7405=CARTESIAN_POINT('',(-0.054652940392494,0.0114049109518528,0.01515));
#7406=CARTESIAN_POINT('',(-0.054652940392494,-0.0202450890481472,0.01515));
#7407=CARTESIAN_POINT('',(-0.054652940392494,-0.0202450890481472,0.01815));
#7408=CARTESIAN_POINT('',(-0.054652940392494,0.0114049109518528,0.01815));
#7409=CARTESIAN_POINT('',(-0.054652940392494,0.0114049109518528,0.01815));
#7410=CARTESIAN_POINT('',(-0.072552940392494,0.0114049109518528,0.01815));
#7411=CARTESIAN_POINT('',(-0.072552940392494,-0.0202450890481472,0.01815));
#7412=CARTESIAN_POINT('',(-0.054652940392494,-0.0202450890481472,0.01815));
#7413=CARTESIAN_POINT('',(-0.054652940392494,-0.00024508904814721,0.035));
#7414=CARTESIAN_POINT('',(-0.054652940392494,0.0114049109518528,0.01665));
#7415=CARTESIAN_POINT('',(-0.054652940392494,0.0114049109518528,0.00855));
#7416=CARTESIAN_POINT('',(-0.054652940392494,0.0114049109518528,0.00705));
#7417=CARTESIAN_POINT('',(-0.054652940392494,0.0114049109518528,0.00705));
#7418=CARTESIAN_POINT('',(-0.072552940392494,0.0114049109518528,0.00705));
#7419=CARTESIAN_POINT('',(-0.072552940392494,0.0114049109518528,0.00855));
#7420=CARTESIAN_POINT('',(-0.055552940392494,0.0114049109518528,0.01515));
#7421=CARTESIAN_POINT('',(-0.059152940392494,0.0114049109518528,0.01315448741477));
#7422=CARTESIAN_POINT('',(-0.059152940392494,0.0114049109518528,0.0126));
#7423=CARTESIAN_POINT('',(-0.059152940392494,0.0114049109518528,0.01204551258523));
#7424=CARTESIAN_POINT('',(-0.055552940392494,0.0114049109518528,0.01005));
#7425=CARTESIAN_POINT('',(-0.055552940392494,0.0114049109518528,0.01005));
#7426=CARTESIAN_POINT('',(-0.054652940392494,0.0114049109518528,0.01005));
#7427=CARTESIAN_POINT('',(-0.054652940392494,0.0114049109518528,0.01005));
#7428=CARTESIAN_POINT('',(-0.054652940392494,0.0114049109518528,0.00855));
#7429=CARTESIAN_POINT('',(-0.054652940392494,-0.0202450890481472,0.01005));
#7430=CARTESIAN_POINT('',(-0.055552940392494,-0.0202450890481472,0.01005));
#7431=CARTESIAN_POINT('',(-0.054652940392494,-0.0202450890481472,0.01005));
#7432=CARTESIAN_POINT('',(-0.054652940392494,-0.0202450890481472,0.00705));
#7433=CARTESIAN_POINT('',(-0.072552940392494,0.0114049109518528,0.00705));
#7434=CARTESIAN_POINT('',(-0.054652940392494,-0.0202450890481472,0.00705));
#7435=CARTESIAN_POINT('',(-0.054652940392494,-0.00024508904814721,0.035));
#7436=CARTESIAN_POINT('',(0.0285296962559223,-0.0058450890481472,0.01515));
#7437=CARTESIAN_POINT('',(0.0285296962559223,0.0314049109518528,0.01515));
#7438=CARTESIAN_POINT('',(0.0285296962559223,0.0314049109518528,0.01515));
#7439=CARTESIAN_POINT('',(0.0289296962559223,0.0314049109518528,0.01515));
#7440=CARTESIAN_POINT('',(0.0289296962559223,-0.0058450890481472,0.01515));
#7441=CARTESIAN_POINT('',(0.0289296962559223,-0.0430950890481472,0.01515));
#7442=CARTESIAN_POINT('',(0.0285296962559223,-0.0430950890481472,0.01515));
#7443=CARTESIAN_POINT('',(0.0285296962559223,-0.0430950890481472,0.01515));
#7444=CARTESIAN_POINT('',(0.0285296962559223,-0.0058450890481472,0.01515));
#7445=CARTESIAN_POINT('',(0.0285296962559223,-0.0058450890481472,0.01815));
#7446=CARTESIAN_POINT('',(0.0285296962559223,-0.0430950890481472,0.01815));
#7447=CARTESIAN_POINT('',(0.0285296962559223,-0.0430950890481472,0.01815));
#7448=CARTESIAN_POINT('',(0.0459296962559223,-0.0430950890481472,0.01815));
#7449=CARTESIAN_POINT('',(0.0459296962559223,0.0314049109518528,0.01815));
#7450=CARTESIAN_POINT('',(0.0459296962559223,0.0314049109518528,0.01815));
#7451=CARTESIAN_POINT('',(0.0285296962559223,0.0314049109518528,0.01815));
#7452=CARTESIAN_POINT('',(0.0285296962559223,0.0314049109518528,0.01815));
#7453=CARTESIAN_POINT('',(0.0285296962559223,-0.0058450890481472,0.01815));
#7454=CARTESIAN_POINT('',(0.0285296962559223,-0.000245089048147192,0.033825));
#7455=CARTESIAN_POINT('',(0.0285296962559223,0.0314049109518528,0.01665));
#7456=CARTESIAN_POINT('',(0.0285296962559223,-0.0430950890481472,0.01665));
#7457=CARTESIAN_POINT('',(0.0285296962559223,-0.0430950890481472,0.00855));
#7458=CARTESIAN_POINT('',(0.0495296962559223,-0.0430950890481472,0.02175));
#7459=CARTESIAN_POINT('',(0.0289296962559223,-0.0430950890481472,0.01515));
#7460=CARTESIAN_POINT('',(0.0325296962559223,-0.0430950890481472,0.01315448741477));
#7461=CARTESIAN_POINT('',(0.0325296962559223,-0.0430950890481472,0.0126));
#7462=CARTESIAN_POINT('',(0.0325296962559223,-0.0430950890481472,0.01204551258523));
#7463=CARTESIAN_POINT('',(0.0289296962559223,-0.0430950890481472,0.01005));
#7464=CARTESIAN_POINT('',(0.0289296962559223,-0.0430950890481472,0.01005));
#7465=CARTESIAN_POINT('',(0.0285296962559223,-0.0430950890481472,0.01005));
#7466=CARTESIAN_POINT('',(0.0285296962559223,-0.0430950890481472,0.01005));
#7467=CARTESIAN_POINT('',(0.0285296962559223,-0.0430950890481472,0.00855));
#7468=CARTESIAN_POINT('',(0.0285296962559223,-0.0430950890481472,0.00705));
#7469=CARTESIAN_POINT('',(0.0285296962559223,-0.0430950890481472,0.00705));
#7470=CARTESIAN_POINT('',(0.0459296962559223,-0.0430950890481472,0.00705));
#7471=CARTESIAN_POINT('',(0.0459296962559223,-0.0430950890481472,0.00705));
#7472=CARTESIAN_POINT('',(0.0285296962559223,-0.0058450890481472,0.01005));
#7473=CARTESIAN_POINT('',(0.0289296962559223,-0.0058450890481472,0.01005));
#7474=CARTESIAN_POINT('',(0.0289296962559223,0.0314049109518528,0.01005));
#7475=CARTESIAN_POINT('',(0.0285296962559223,0.0314049109518528,0.01005));
#7476=CARTESIAN_POINT('',(0.0285296962559223,0.0314049109518528,0.01005));
#7477=CARTESIAN_POINT('',(0.0285296962559223,-0.0058450890481472,0.01005));
#7478=CARTESIAN_POINT('',(0.0285296962559223,0.0314049109518528,0.00855));
#7479=CARTESIAN_POINT('',(0.0459296962559223,0.0314049109518528,0.00855));
#7480=CARTESIAN_POINT('',(0.0459296962559223,0.0314049109518528,0.00705));
#7481=CARTESIAN_POINT('',(0.0285296962559223,0.0314049109518528,0.00705));
#7482=CARTESIAN_POINT('',(0.0285296962559223,0.0314049109518528,0.00705));
#7483=CARTESIAN_POINT('',(0.0285296962559223,0.0314049109518528,0.00855));
#7484=CARTESIAN_POINT('',(0.0279876763309584,0.0314049109518528,0.00952782982894364));
#7485=CARTESIAN_POINT('',(0.0325296962559223,0.0314049109518528,0.01204551258523));
#7486=CARTESIAN_POINT('',(0.0325296962559223,0.0314049109518528,0.0126));
#7487=CARTESIAN_POINT('',(0.0325296962559223,0.0314049109518528,0.01315448741477));
#7488=CARTESIAN_POINT('',(0.0314222711203919,0.0314049109518528,0.0137683431912009));
#7489=CARTESIAN_POINT('',(0.0285296962559223,-0.0058450890481472,0.00705));
#7490=CARTESIAN_POINT('',(0.0459296962559223,-0.0058450890481472,0.00705));
#7491=CARTESIAN_POINT('',(0.0285296962559223,-0.0058450890481472,0.00705));
#7492=CARTESIAN_POINT('',(0.0285296962559223,-0.000245089048147192,0.033825));
#7493=CARTESIAN_POINT('',(0.0325296962559223,-0.000245089048147192,0.033825));
#7494=CARTESIAN_POINT('',(0.0325296962559223,-0.000245089048147192,0.01315448741477));
#7495=CARTESIAN_POINT('',(0.0325296962559223,-0.000245089048147194,0.01204551258523));
#7496=CARTESIAN_POINT('',(-0.059152940392494,-0.000245089048147211,0.035));
#7497=CARTESIAN_POINT('',(-0.059152940392494,-0.000245089048147211,0.01315448741477));
#7498=CARTESIAN_POINT('',(-0.059152940392494,-0.000245089048147208,0.01204551258523));
#7499=CARTESIAN_POINT('',(0.0289296962559223,-0.0058450890481472,0.01515));
#7500=CARTESIAN_POINT('',(0.0289296962559223,-0.0058450890481472,0.01005));
#7501=CARTESIAN_POINT('',(-0.055552940392494,-0.0202450890481472,0.01515));
#7502=CARTESIAN_POINT('',(-0.055552940392494,-0.0202450890481472,0.01005));
#7503=CARTESIAN_POINT('',(-0.0590904735270516,0.0484487354695862,-0.0225));
#7504=CARTESIAN_POINT('',(-0.0690904735270515,0.0484487354695862,-0.0225));
#7505=CARTESIAN_POINT('',(-0.0690904735270515,0.0484487354695862,-0.001));
#7506=CARTESIAN_POINT('',(-0.0133116220682858,0.0484487354695862,-0.001));
#7507=CARTESIAN_POINT('',(-0.0490904735270515,0.0484487354695862,-0.001));
#7508=CARTESIAN_POINT('',(-0.0490904735270515,0.0484487354695862,-0.0225));
#7509=CARTESIAN_POINT('',(-0.0690904735270515,0.0284487354695862,-0.0225));
#7510=CARTESIAN_POINT('',(-0.0690904735270515,0.0484487354695862,0.0025));
#7511=CARTESIAN_POINT('',(-0.0690904735270515,0.0351154021362529,0.0025));
#7512=CARTESIAN_POINT('',(-0.0690904735270515,0.0217820688029195,0.0025));
#7513=CARTESIAN_POINT('',(-0.0690904735270515,0.0084487354695862,0.0025));
#7514=CARTESIAN_POINT('',(-0.0690904735270515,0.00844873546958622,-0.0225));
#7515=CARTESIAN_POINT('',(-0.0690904735270515,0.00844873546958622,-0.001));
#7516=CARTESIAN_POINT('',(-0.0690904735270515,-0.00559508904814721,-0.001));
#7517=CARTESIAN_POINT('',(-0.0590904735270516,0.00844873546958622,-0.0225));
#7518=CARTESIAN_POINT('',(-0.0490904735270515,0.00844873546958622,-0.0225));
#7519=CARTESIAN_POINT('',(-0.0490904735270515,0.00844873546958622,-0.001));
#7520=CARTESIAN_POINT('',(-0.0133116220682858,0.00844873546958622,-0.001));
#7521=CARTESIAN_POINT('',(-0.0490904735270515,0.0284487354695862,-0.0225));
#7522=CARTESIAN_POINT('',(-0.0490904735270515,-0.00559508904814721,-0.001));
#7523=CARTESIAN_POINT('',(0.0459296962559223,-0.0058450890481472,0.00705));
#7524=CARTESIAN_POINT('',(0.0464796962559223,-0.0058450890481472,0.0065));
#7525=CARTESIAN_POINT('',(0.0464796962559223,0.0319549109518528,0.0065));
#7526=CARTESIAN_POINT('',(0.0464796962559223,0.028113290614602,0.0065));
#7527=CARTESIAN_POINT('',(0.0459296962559223,0.028113290614602,0.00705));
#7528=CARTESIAN_POINT('',(0.0335130295892557,0.0189882442851862,0.0194666666666667));
#7529=CARTESIAN_POINT('',(0.0459296962559223,0.0314049109518528,0.00855));
#7530=CARTESIAN_POINT('',(0.0459296962559223,0.0314049109518528,0.0065));
#7531=CARTESIAN_POINT('',(0.0427296962559223,0.0282049109518528,0.01495));
#7532=CARTESIAN_POINT('',(0.0495296962559223,-0.0055950890481472,0.02175));
#7533=CARTESIAN_POINT('',(-0.076152940392494,-0.0055950890481472,0.02175));
#7534=CARTESIAN_POINT('',(-0.0692862737258273,0.00813824428518614,0.0148833333333333));
#7535=CARTESIAN_POINT('',(-0.076152940392494,0.0150049109518528,0.07));
#7536=CARTESIAN_POINT('',(-0.0539696070591606,-0.00717842238148051,0.0256333333333333));
#7537=CARTESIAN_POINT('',(-0.073102940392494,0.0119549109518528,0.0065));
#7538=CARTESIAN_POINT('',(-0.076152940392494,0.0150049109518528,0.0065));
#7539=CARTESIAN_POINT('',(-0.072552940392494,-0.0202450890481472,0.00705));
#7540=CARTESIAN_POINT('',(-0.072552940392494,0.00844873546958622,0.00705));
#7541=CARTESIAN_POINT('',(-0.0730963339190267,0.00844873546958621,0.00650214801475561));
#7542=CARTESIAN_POINT('',(-0.073102940392494,-0.0202450890481472,0.0065));
#7543=CARTESIAN_POINT('',(-0.0133802727624774,-0.0680950890481472,0.0451686190664768));
#7544=CARTESIAN_POINT('',(-0.00908027276247743,-0.0680950890481472,0.0451686190664768));
#7545=CARTESIAN_POINT('',(-0.0176802727624774,-0.0680950890481472,0.0451686190664768));
#7546=CARTESIAN_POINT('',(-0.0176802727624774,-0.0680950890481472,0.0516186190664768));
#7547=CARTESIAN_POINT('',(-0.0176802727624774,-0.0680950890481472,0.0537686190664768));
#7548=CARTESIAN_POINT('',(-0.0133802727624774,-0.0680950890481472,0.0537686190664768));
#7549=CARTESIAN_POINT('',(-0.00908027276247743,-0.0680950890481472,0.0537686190664768));
#7550=CARTESIAN_POINT('',(-0.00908027276247743,-0.0680950890481472,0.0516186190664768));
#7551=CARTESIAN_POINT('',(-0.00288027276247742,-0.0680950890481472,0.0494686190664768));
#7552=CARTESIAN_POINT('',(-0.00288027276247742,-0.0680950890481472,0.0619686190664768));
#7553=CARTESIAN_POINT('',(-0.0238802727624774,-0.0680950890481472,0.0494686190664768));
#7554=CARTESIAN_POINT('',(-0.0238802727624774,-0.0680950890481472,0.0619686190664768));
#7555=CARTESIAN_POINT('',(-0.0565285959398735,-0.00139508904814722,0.049731416668696));
#7556=CARTESIAN_POINT('',(-0.0565285959398735,-0.0198950890481472,0.049731416668696));
#7557=CARTESIAN_POINT('',(-0.0539285959398735,-0.0198950890481472,0.049731416668696));
#7558=CARTESIAN_POINT('',(0.0295296962559223,-0.0013950890481472,0.049731416668696));
#7559=CARTESIAN_POINT('',(0.0295296962559223,-0.0198950890481472,0.049731416668696));
#7560=CARTESIAN_POINT('',(0.0321296962559223,-0.0198950890481472,0.049731416668696));
#7561=CARTESIAN_POINT('',(-0.056152940392494,-0.0347950890481472,0.063));
#7562=CARTESIAN_POINT('',(-0.056152940392494,-0.0347950890481472,0.063));
#7563=CARTESIAN_POINT('',(-0.0133116220682858,-0.0347950890481472,0.0535));
#7564=CARTESIAN_POINT('',(-0.0133116220682858,-0.0347950890481472,0.0658045018441136));
#7565=CARTESIAN_POINT('',(0.0295296962559223,-0.0347950890481472,0.063));
#7566=CARTESIAN_POINT('',(0.0295296962559223,-0.0347950890481472,0.063));
#7567=CARTESIAN_POINT('',(-0.0133116220682858,-0.0347950890481472,0.0535));
#7568=CARTESIAN_POINT('',(-0.0133116220682858,-0.0347950890481472,0.0658045018441136));
#7569=CARTESIAN_POINT('',(-0.0565285959398735,-0.0283950890481472,0.049731416668696));
#7570=CARTESIAN_POINT('',(-0.0565285959398735,-0.0283950890481472,0.049731416668696));
#7571=CARTESIAN_POINT('',(-0.0465285959398735,-0.0283950890481472,0.049731416668696));
#7572=CARTESIAN_POINT('',(-0.0565285959398735,-0.0283950890481472,0.049731416668696));
#7573=CARTESIAN_POINT('',(-0.0565285959398735,-0.0283950890481472,0.049731416668696));
#7574=CARTESIAN_POINT('',(-0.0445285959398735,-0.0283950890481472,0.049731416668696));
#7575=CARTESIAN_POINT('',(-0.0133116220682858,-0.0283950890481472,0.0535));
#7576=CARTESIAN_POINT('',(0.0295296962559223,-0.0283950890481472,0.049731416668696));
#7577=CARTESIAN_POINT('',(0.0295296962559223,-0.0283950890481472,0.049731416668696));
#7578=CARTESIAN_POINT('',(0.0395296962559223,-0.0283950890481472,0.049731416668696));
#7579=CARTESIAN_POINT('',(0.0295296962559223,-0.0283950890481472,0.049731416668696));
#7580=CARTESIAN_POINT('',(0.0295296962559223,-0.0283950890481472,0.049731416668696));
#7581=CARTESIAN_POINT('',(0.0415296962559223,-0.0283950890481472,0.049731416668696));
#7582=CARTESIAN_POINT('',(-0.0133116220682858,-0.0283950890481472,0.0535));
#7583=CARTESIAN_POINT('',(0.0470296962559223,-0.00559508904814719,0.07));
#7584=CARTESIAN_POINT('',(0.0380802839992621,-0.020845676791487,0.077509448523817));
#7585=CARTESIAN_POINT('',(-0.0133116220682858,-0.0347950890481472,0.0658045018441136));
#7586=CARTESIAN_POINT('',(0.00392328869575926,-0.0316886814879841,0.0684110872821327));
#7587=CARTESIAN_POINT('',(0.00702969625592231,-0.0263950890481472,0.0658045018441136));
#7588=CARTESIAN_POINT('',(-0.0286529403924939,-0.00559508904814721,0.07));
#7589=CARTESIAN_POINT('',(-0.0261305088417793,-0.0272726574974326,0.0721165713838746));
#7590=CARTESIAN_POINT('',(-0.0133116220682858,-0.0347950890481472,0.0658045018441136));
#7591=CARTESIAN_POINT('',(-0.0544890397694773,-0.0106311884251305,0.0860804219446913));
#7592=CARTESIAN_POINT('',(-0.078652940392494,-0.0055950890481472,0.0658045018441136));
#7593=CARTESIAN_POINT('',(-0.073652940392494,-0.00559508904814722,0.));
#7594=CARTESIAN_POINT('',(-0.0724611867998998,-0.00559508904814722,-0.001));
#7595=CARTESIAN_POINT('',(0.0520296962559223,-0.0055950890481472,0.00419549815588639));
#7596=CARTESIAN_POINT('',(0.0458379426633281,-0.00559508904814719,-0.001));
#7597=CARTESIAN_POINT('',(-0.0133116220682858,-0.0363162798732519,0.08));
#7598=CARTESIAN_POINT('',(-0.00431162206828583,-0.0363162798732519,0.075));
#7599=CARTESIAN_POINT('',(-0.00431162206828583,-0.0363162798732519,0.0724));
#7600=CARTESIAN_POINT('',(-0.0223116220682858,-0.0363162798732519,0.075));
#7601=CARTESIAN_POINT('',(-0.0223116220682858,-0.0363162798732519,0.0724));
#7602=CARTESIAN_POINT('',(0.00168837793171418,-0.0363162798732519,0.08));
#7603=CARTESIAN_POINT('',(0.00168837793171418,-0.0363162798732519,0.082));
#7604=CARTESIAN_POINT('',(-0.0133116220682858,-0.0363162798732519,0.082));
#7605=CARTESIAN_POINT('',(-0.0283116220682859,-0.0363162798732519,0.082));
#7606=CARTESIAN_POINT('',(-0.0283116220682859,-0.0363162798732519,0.08));
#7607=CARTESIAN_POINT('',(0.00168837793171418,-0.0283162798732519,0.08));
#7608=CARTESIAN_POINT('',(0.00168837793171418,-0.0203162798732519,0.08));
#7609=CARTESIAN_POINT('',(0.00168837793171418,-0.0203162798732519,0.08));
#7610=CARTESIAN_POINT('',(0.00168837793171418,-0.0223162798732519,0.082));
#7611=CARTESIAN_POINT('',(0.00168837793171418,-0.0223162798732519,0.082));
#7612=CARTESIAN_POINT('',(0.00168837793171418,-0.0283162798732519,0.082));
#7613=CARTESIAN_POINT('',(-0.0133116220682858,-0.0203162798732519,0.08));
#7614=CARTESIAN_POINT('',(-0.0283116220682859,-0.0203162798732519,0.08));
#7615=CARTESIAN_POINT('',(-0.0283116220682859,-0.0203162798732519,0.08));
#7616=CARTESIAN_POINT('',(0.00168837793171418,-0.0203162798732519,0.08));
#7617=CARTESIAN_POINT('',(0.,-0.0283162798732519,0.08));
#7618=CARTESIAN_POINT('',(0.,-0.0223121564231331,0.08));
#7619=CARTESIAN_POINT('',(0.,-0.0223121564231331,0.08));
#7620=CARTESIAN_POINT('',(0.,-0.0343204033233708,0.08));
#7621=CARTESIAN_POINT('',(0.,-0.0343204033233708,0.08));
#7622=CARTESIAN_POINT('',(0.,-0.0283162798732519,0.08));
#7623=CARTESIAN_POINT('',(-0.0133116220682858,-0.0343204033233708,0.08));
#7624=CARTESIAN_POINT('',(-0.00431162206828583,-0.0343204033233708,0.075));
#7625=CARTESIAN_POINT('',(-0.00431162206828583,-0.0343204033233708,0.0724));
#7626=CARTESIAN_POINT('',(-0.0223116220682858,-0.0343204033233708,0.075));
#7627=CARTESIAN_POINT('',(-0.0223116220682858,-0.0343204033233708,0.0724));
#7628=CARTESIAN_POINT('',(-0.0266232441365716,-0.0343204033233708,0.08));
#7629=CARTESIAN_POINT('',(-0.0266232441365716,-0.0343204033233708,0.08));
#7630=CARTESIAN_POINT('',(-0.0133116220682858,-0.0343204033233708,0.08));
#7631=CARTESIAN_POINT('',(-0.0266232441365716,-0.0283162798732519,0.08));
#7632=CARTESIAN_POINT('',(-0.0266232441365716,-0.0223121564231331,0.08));
#7633=CARTESIAN_POINT('',(-0.0266232441365716,-0.0223121564231331,0.08));
#7634=CARTESIAN_POINT('',(-0.0266232441365716,-0.0283162798732519,0.08));
#7635=CARTESIAN_POINT('',(-0.0133116220682858,-0.0223121564231331,0.08));
#7636=CARTESIAN_POINT('',(-0.0133116220682858,-0.0223121564231331,0.08));
#7637=CARTESIAN_POINT('',(-0.0283116220682859,-0.0283162798732519,0.08));
#7638=CARTESIAN_POINT('',(-0.0283116220682859,-0.0283162798732519,0.082));
#7639=CARTESIAN_POINT('',(-0.0283116220682859,-0.0223162798732519,0.082));
#7640=CARTESIAN_POINT('',(-0.0283116220682859,-0.0243162798732519,0.084));
#7641=CARTESIAN_POINT('',(-0.0223116220682858,-0.0310162798732519,0.075));
#7642=CARTESIAN_POINT('',(-0.00431162206828583,-0.0310162798732519,0.075));
#7643=CARTESIAN_POINT('',(-0.0133116220682858,-0.0283162798732519,0.08));
#7644=CARTESIAN_POINT('',(-0.0133116220682858,-0.0283162798732519,0.082));
#7645=CARTESIAN_POINT('',(-0.0283116220682859,-0.0223162798732519,0.082));
#7646=CARTESIAN_POINT('',(-0.0133116220682858,-0.0223162798732519,0.082));
#7647=CARTESIAN_POINT('',(-0.0133116220682858,-0.0162961254976688,0.065));
#7648=CARTESIAN_POINT('',(-0.0584617262193055,-0.0162961254976688,0.065));
#7649=CARTESIAN_POINT('',(0.0318384820827338,-0.0162961254976688,0.065));
#7650=CARTESIAN_POINT('',(0.0318384820827338,0.0177038745023312,0.065));
#7651=CARTESIAN_POINT('',(0.0318384820827338,0.0517038745023312,0.065));
#7652=CARTESIAN_POINT('',(0.0318384820827338,0.0517038745023312,0.065));
#7653=CARTESIAN_POINT('',(0.0318384820827338,0.0177038745023312,0.065));
#7654=CARTESIAN_POINT('',(-0.0584617262193055,0.0177038745023312,0.065));
#7655=CARTESIAN_POINT('',(-0.0584617262193055,0.0177038745023312,0.065));
#7656=CARTESIAN_POINT('',(-0.0584617262193055,0.0517038745023312,0.065));
#7657=CARTESIAN_POINT('',(-0.0584617262193055,0.0517038745023312,0.065));
#7658=CARTESIAN_POINT('',(-0.0133116220682858,0.00690491095185281,0.065));
#7659=CARTESIAN_POINT('',(-0.0133116220682858,0.0517038745023312,0.065));
#7660=CARTESIAN_POINT('',(-0.0133116220682858,0.0517038745023312,0.065));
#7661=CARTESIAN_POINT('',(-0.0619617262193055,-0.0197961254976688,0.06));
#7662=CARTESIAN_POINT('',(-0.0600026971570774,-0.0178370964354407,0.0655));
#7663=CARTESIAN_POINT('',(-0.0591912407504195,-0.0197961254976688,0.0655));
#7664=CARTESIAN_POINT('',(-0.0600026971570774,-0.0217551545598969,0.0655));
#7665=CARTESIAN_POINT('',(-0.0619617262193055,-0.0225666109665548,0.0655));
#7666=CARTESIAN_POINT('',(-0.0639207552815336,-0.0217551545598969,0.0655));
#7667=CARTESIAN_POINT('',(-0.0647322116881915,-0.0197961254976688,0.0655));
#7668=CARTESIAN_POINT('',(-0.0639207552815336,-0.0178370964354407,0.0655));
#7669=CARTESIAN_POINT('',(-0.0619617262193055,-0.0170256400287828,0.0655));
#7670=CARTESIAN_POINT('',(-0.0600026971570774,-0.0178370964354407,0.0655));
#7671=CARTESIAN_POINT('',(-0.0591912407504195,-0.0197961254976688,0.0655));
#7672=CARTESIAN_POINT('',(-0.0600026971570774,-0.0217551545598969,0.0655));
#7673=CARTESIAN_POINT('',(-0.0594617262193055,-0.0197961254976688,0.0655));
#7674=CARTESIAN_POINT('',(-0.0619617262193055,-0.0197961254976688,0.06));
#7675=CARTESIAN_POINT('',(-0.0594617262193055,-0.0197961254976688,0.06));
#7676=CARTESIAN_POINT('',(-0.0133116220682858,0.00690491095185281,0.06));
#7677=CARTESIAN_POINT('',(0.0353384820827338,-0.0197961254976688,0.06));
#7678=CARTESIAN_POINT('',(0.0372975111449619,-0.0178370964354407,0.0655));
#7679=CARTESIAN_POINT('',(0.0381089675516198,-0.0197961254976688,0.0655));
#7680=CARTESIAN_POINT('',(0.0372975111449619,-0.0217551545598969,0.0655));
#7681=CARTESIAN_POINT('',(0.0353384820827339,-0.0225666109665548,0.0655));
#7682=CARTESIAN_POINT('',(0.0333794530205058,-0.0217551545598969,0.0655));
#7683=CARTESIAN_POINT('',(0.0325679966138479,-0.0197961254976688,0.0655));
#7684=CARTESIAN_POINT('',(0.0333794530205058,-0.0178370964354407,0.0655));
#7685=CARTESIAN_POINT('',(0.0353384820827338,-0.0170256400287828,0.0655));
#7686=CARTESIAN_POINT('',(0.0372975111449619,-0.0178370964354407,0.0655));
#7687=CARTESIAN_POINT('',(0.0381089675516198,-0.0197961254976688,0.0655));
#7688=CARTESIAN_POINT('',(0.0372975111449619,-0.0217551545598969,0.0655));
#7689=CARTESIAN_POINT('',(0.0378384820827338,-0.0197961254976688,0.0655));
#7690=CARTESIAN_POINT('',(0.0353384820827338,-0.0197961254976688,0.06));
#7691=CARTESIAN_POINT('',(0.0378384820827338,-0.0197961254976688,0.06));
#7692=CARTESIAN_POINT('',(-0.0133116220682858,0.00690491095185281,0.06));
#7693=CARTESIAN_POINT('',(-0.0619617262193055,0.0552038745023312,0.063));
#7694=CARTESIAN_POINT('',(-0.0619617262193055,0.0552038745023312,0.0620386230095559));
#7695=CARTESIAN_POINT('',(-0.0619617262193055,0.0552038745023312,0.063));
#7696=CARTESIAN_POINT('',(-0.0635617262193055,0.0552038745023312,0.063));
#7697=CARTESIAN_POINT('',(-0.0619617262193055,0.0552038745023312,0.07));
#7698=CARTESIAN_POINT('',(-0.0619617262193055,0.0552038745023312,0.069));
#7699=CARTESIAN_POINT('',(-0.0635617262193055,0.0552038745023312,0.069));
#7700=CARTESIAN_POINT('',(-0.0594617262193055,0.0552038745023312,0.069));
#7701=CARTESIAN_POINT('',(-0.0619617262193055,0.0552038745023312,0.069));
#7702=CARTESIAN_POINT('',(-0.0644617262193055,0.0552038745023312,0.069));
#7703=CARTESIAN_POINT('',(-0.0619617262193055,0.0552038745023312,0.07));
#7704=CARTESIAN_POINT('',(-0.0619617262193055,-0.0197961254976688,0.063));
#7705=CARTESIAN_POINT('',(-0.0619617262193055,-0.0197961254976688,0.0620386230095559));
#7706=CARTESIAN_POINT('',(-0.0619617262193055,-0.0197961254976688,0.063));
#7707=CARTESIAN_POINT('',(-0.0635617262193055,-0.0197961254976688,0.063));
#7708=CARTESIAN_POINT('',(-0.0619617262193055,-0.0197961254976688,0.07));
#7709=CARTESIAN_POINT('',(-0.0619617262193055,-0.0197961254976688,0.069));
#7710=CARTESIAN_POINT('',(-0.0635617262193055,-0.0197961254976688,0.069));
#7711=CARTESIAN_POINT('',(-0.0594617262193055,-0.0197961254976688,0.069));
#7712=CARTESIAN_POINT('',(-0.0619617262193055,-0.0197961254976688,0.069));
#7713=CARTESIAN_POINT('',(-0.0644617262193055,-0.0197961254976688,0.069));
#7714=CARTESIAN_POINT('',(-0.0619617262193055,-0.0197961254976688,0.07));
#7715=CARTESIAN_POINT('',(0.0353384820827338,-0.0197961254976688,0.063));
#7716=CARTESIAN_POINT('',(0.0353384820827338,-0.0197961254976688,0.0620386230095559));
#7717=CARTESIAN_POINT('',(0.0353384820827338,-0.0197961254976688,0.063));
#7718=CARTESIAN_POINT('',(0.0337384820827338,-0.0197961254976688,0.063));
#7719=CARTESIAN_POINT('',(0.0353384820827338,-0.0197961254976688,0.07));
#7720=CARTESIAN_POINT('',(0.0353384820827338,-0.0197961254976688,0.069));
#7721=CARTESIAN_POINT('',(0.0337384820827338,-0.0197961254976688,0.069));
#7722=CARTESIAN_POINT('',(0.0378384820827338,-0.0197961254976688,0.069));
#7723=CARTESIAN_POINT('',(0.0353384820827338,-0.0197961254976688,0.069));
#7724=CARTESIAN_POINT('',(0.0328384820827338,-0.0197961254976688,0.069));
#7725=CARTESIAN_POINT('',(0.0353384820827338,-0.0197961254976688,0.07));
#7726=CARTESIAN_POINT('',(0.0353384820827338,0.0552038745023312,0.063));
#7727=CARTESIAN_POINT('',(0.0353384820827338,0.0552038745023312,0.0620386230095559));
#7728=CARTESIAN_POINT('',(0.0353384820827338,0.0552038745023312,0.063));
#7729=CARTESIAN_POINT('',(0.0337384820827338,0.0552038745023312,0.063));
#7730=CARTESIAN_POINT('',(0.0353384820827338,0.0552038745023312,0.07));
#7731=CARTESIAN_POINT('',(0.0353384820827338,0.0552038745023312,0.069));
#7732=CARTESIAN_POINT('',(0.0337384820827338,0.0552038745023312,0.069));
#7733=CARTESIAN_POINT('',(0.0378384820827338,0.0552038745023312,0.069));
#7734=CARTESIAN_POINT('',(0.0353384820827338,0.0552038745023312,0.069));
#7735=CARTESIAN_POINT('',(0.0328384820827338,0.0552038745023312,0.069));
#7736=CARTESIAN_POINT('',(0.0353384820827338,0.0552038745023312,0.07));
#7737=CARTESIAN_POINT('',(0.0398384820827338,-0.0197961254976688,0.0675));
#7738=CARTESIAN_POINT('',(0.0398384820827338,-0.0186180282622707,0.0675));
#7739=CARTESIAN_POINT('',(0.0393535031421201,-0.0174471855263782,0.0675));
#7740=CARTESIAN_POINT('',(0.0376874220540265,-0.0157811044382805,0.0675));
#7741=CARTESIAN_POINT('',(0.0365165793181365,-0.0152961254976688,0.0675));
#7742=CARTESIAN_POINT('',(0.0341603848473312,-0.0152961254976688,0.0675));
#7743=CARTESIAN_POINT('',(0.0329895421114449,-0.015781104438283,0.0675));
#7744=CARTESIAN_POINT('',(0.0313234610233439,-0.0174471855263757,0.0675));
#7745=CARTESIAN_POINT('',(0.0308384820827339,-0.0186180282622694,0.0675));
#7746=CARTESIAN_POINT('',(0.0308384820827339,-0.0209742227330683,0.0675));
#7747=CARTESIAN_POINT('',(0.0313234610233439,-0.0221450654689599,0.0675));
#7748=CARTESIAN_POINT('',(0.0329895421114449,-0.0238111465570567,0.0675));
#7749=CARTESIAN_POINT('',(0.0341603848473341,-0.0242961254976688,0.0675));
#7750=CARTESIAN_POINT('',(0.0365165793181336,-0.0242961254976688,0.0675));
#7751=CARTESIAN_POINT('',(0.0376874220540211,-0.0238111465570564,0.0675));
#7752=CARTESIAN_POINT('',(0.0393535031421254,-0.0221450654689603,0.0675));
#7753=CARTESIAN_POINT('',(0.0398384820827338,-0.0209742227330669,0.0675));
#7754=CARTESIAN_POINT('',(0.0398384820827338,-0.0197961254976688,0.0675));
#7755=CARTESIAN_POINT('',(0.0378384820827338,-0.0197961254976688,0.0675));
#7756=CARTESIAN_POINT('',(0.0378384820827338,-0.0191416270335578,0.0675));
#7757=CARTESIAN_POINT('',(0.0375690493379475,-0.0184911588469518,0.0675));
#7758=CARTESIAN_POINT('',(0.0366434487334529,-0.0175655582424531,0.0675));
#7759=CARTESIAN_POINT('',(0.0359929805468492,-0.0172961254976688,0.0675));
#7760=CARTESIAN_POINT('',(0.0346839836186185,-0.0172961254976688,0.0675));
#7761=CARTESIAN_POINT('',(0.0340335154320187,-0.0175655582424553,0.0675));
#7762=CARTESIAN_POINT('',(0.0331079148275163,-0.0184911588469495,0.0675));
#7763=CARTESIAN_POINT('',(0.0328384820827338,-0.0191416270335582,0.0675));
#7764=CARTESIAN_POINT('',(0.0328384820827338,-0.0204506239617794,0.0675));
#7765=CARTESIAN_POINT('',(0.0331079148275204,-0.0211010921483881,0.0675));
#7766=CARTESIAN_POINT('',(0.0340335154320145,-0.0220266927528823,0.0675));
#7767=CARTESIAN_POINT('',(0.034683983618622,-0.0222961254976688,0.0675));
#7768=CARTESIAN_POINT('',(0.0359929805468458,-0.0222961254976688,0.0675));
#7769=CARTESIAN_POINT('',(0.0366434487334481,-0.0220266927528832,0.0675));
#7770=CARTESIAN_POINT('',(0.0375690493379523,-0.0211010921483872,0.0675));
#7771=CARTESIAN_POINT('',(0.0378384820827338,-0.0204506239617798,0.0675));
#7772=CARTESIAN_POINT('',(0.0378384820827338,-0.0197961254976688,0.0675));
#7773=CARTESIAN_POINT('',(0.0378384820827338,-0.0197961254976688,0.0655));
#7774=CARTESIAN_POINT('',(0.0378384820827338,-0.0191416270335578,0.0655));
#7775=CARTESIAN_POINT('',(0.0375690493379485,-0.0184911588469507,0.0655));
#7776=CARTESIAN_POINT('',(0.0366434487334518,-0.0175655582424541,0.0655));
#7777=CARTESIAN_POINT('',(0.0359929805468492,-0.0172961254976688,0.0655));
#7778=CARTESIAN_POINT('',(0.0346839836186185,-0.0172961254976688,0.0655));
#7779=CARTESIAN_POINT('',(0.0340335154320166,-0.0175655582424533,0.0655));
#7780=CARTESIAN_POINT('',(0.0331079148275183,-0.0184911588469516,0.0655));
#7781=CARTESIAN_POINT('',(0.0328384820827338,-0.0191416270335582,0.0655));
#7782=CARTESIAN_POINT('',(0.0328384820827338,-0.0204506239617794,0.0655));
#7783=CARTESIAN_POINT('',(0.0331079148275204,-0.0211010921483881,0.0655));
#7784=CARTESIAN_POINT('',(0.0340335154320145,-0.0220266927528823,0.0655));
#7785=CARTESIAN_POINT('',(0.034683983618622,-0.0222961254976688,0.0655));
#7786=CARTESIAN_POINT('',(0.0359929805468458,-0.0222961254976688,0.0655));
#7787=CARTESIAN_POINT('',(0.0366434487334501,-0.0220266927528853,0.0655));
#7788=CARTESIAN_POINT('',(0.0375690493379502,-0.0211010921483851,0.0655));
#7789=CARTESIAN_POINT('',(0.0378384820827338,-0.0204506239617798,0.0655));
#7790=CARTESIAN_POINT('',(0.0378384820827338,-0.0197961254976688,0.0655));
#7791=CARTESIAN_POINT('',(0.0391293718948943,-0.0222156323528328,0.0674999999965275));
#7792=CARTESIAN_POINT('',(0.0392847462258875,-0.0218199350975801,0.0675000033094537));
#7793=CARTESIAN_POINT('',(0.0394602822802648,-0.0212207595433612,0.0674966878389189));
#7794=CARTESIAN_POINT('',(0.0395823862467676,-0.0203973754343323,0.0674932483596619));
#7795=CARTESIAN_POINT('',(0.03961246680718,-0.0198001979371672,0.0674922608057648));
#7796=CARTESIAN_POINT('',(0.0395822044572704,-0.0191841290306068,0.0674932455094835));
#7797=CARTESIAN_POINT('',(0.039504991966932,-0.0186652665691371,0.0674954558623324));
#7798=CARTESIAN_POINT('',(0.0394131229670623,-0.0182571196553148,0.0674973967686821));
#7799=CARTESIAN_POINT('',(0.039360324482095,-0.0180581883285441,0.067498298563798));
#7800=CARTESIAN_POINT('',(0.0393048547921253,-0.0178746920392736,0.0674990025211129));
#7801=CARTESIAN_POINT('',(0.0392701193010601,-0.0177680478596455,0.0674993650345334));
#7802=CARTESIAN_POINT('',(0.0392425430291108,-0.0176847735192548,0.0674995830070607));
#7803=CARTESIAN_POINT('',(0.0392425078761354,-0.0176853000779757,0.0674995854421922));
#7804=CARTESIAN_POINT('',(0.0392129944013119,-0.0175909724686003,0.0674997818401962));
#7805=CARTESIAN_POINT('',(0.0391803773604131,-0.0174997297206039,0.0674999307312878));
#7806=CARTESIAN_POINT('',(0.0391505340427411,-0.0174248598384959,0.0675000000249408));
#7807=CARTESIAN_POINT('',(0.0391296793224874,-0.0173771165681166,0.0674999999999891));
#7808=CARTESIAN_POINT('',(-0.0574617262193055,-0.0197961254976688,0.0675));
#7809=CARTESIAN_POINT('',(-0.0574617262193055,-0.0186180282622707,0.0675));
#7810=CARTESIAN_POINT('',(-0.0579467051599152,-0.0174471855263761,0.0675));
#7811=CARTESIAN_POINT('',(-0.0596127862480169,-0.0157811044382826,0.0675));
#7812=CARTESIAN_POINT('',(-0.0607836289839028,-0.0152961254976688,0.0675));
#7813=CARTESIAN_POINT('',(-0.0631398234547082,-0.0152961254976688,0.0675));
#7814=CARTESIAN_POINT('',(-0.0643106661905945,-0.015781104438281,0.0675));
#7815=CARTESIAN_POINT('',(-0.0659767472786955,-0.0174471855263778,0.0675));
#7816=CARTESIAN_POINT('',(-0.0664617262193055,-0.0186180282622694,0.0675));
#7817=CARTESIAN_POINT('',(-0.0664617262193055,-0.0209742227330683,0.0675));
#7818=CARTESIAN_POINT('',(-0.0659767472786955,-0.0221450654689599,0.0675));
#7819=CARTESIAN_POINT('',(-0.0643106661905945,-0.0238111465570567,0.0675));
#7820=CARTESIAN_POINT('',(-0.0631398234547053,-0.0242961254976688,0.0675));
#7821=CARTESIAN_POINT('',(-0.0607836289839057,-0.0242961254976688,0.0675));
#7822=CARTESIAN_POINT('',(-0.0596127862480141,-0.0238111465570564,0.0675));
#7823=CARTESIAN_POINT('',(-0.057946705159918,-0.0221450654689603,0.0675));
#7824=CARTESIAN_POINT('',(-0.0574617262193055,-0.0209742227330669,0.0675));
#7825=CARTESIAN_POINT('',(-0.0574617262193055,-0.0197961254976688,0.0675));
#7826=CARTESIAN_POINT('',(-0.0594617262193055,-0.0197961254976688,0.0675));
#7827=CARTESIAN_POINT('',(-0.0594617262193055,-0.0191416270335578,0.0675));
#7828=CARTESIAN_POINT('',(-0.0597311589640878,-0.0184911588469498,0.0675));
#7829=CARTESIAN_POINT('',(-0.0606567595685906,-0.0175655582424552,0.0675));
#7830=CARTESIAN_POINT('',(-0.0613072277551902,-0.0172961254976688,0.0675));
#7831=CARTESIAN_POINT('',(-0.0626162246834209,-0.0172961254976688,0.0675));
#7832=CARTESIAN_POINT('',(-0.0632666928700207,-0.0175655582424533,0.0675));
#7833=CARTESIAN_POINT('',(-0.0641922934745231,-0.0184911588469516,0.0675));
#7834=CARTESIAN_POINT('',(-0.0644617262193055,-0.0191416270335582,0.0675));
#7835=CARTESIAN_POINT('',(-0.0644617262193055,-0.0204506239617794,0.0675));
#7836=CARTESIAN_POINT('',(-0.0641922934745231,-0.021101092148386,0.0675));
#7837=CARTESIAN_POINT('',(-0.0632666928700207,-0.0220266927528843,0.0675));
#7838=CARTESIAN_POINT('',(-0.0626162246834133,-0.0222961254976688,0.0675));
#7839=CARTESIAN_POINT('',(-0.0613072277551977,-0.0222961254976688,0.0675));
#7840=CARTESIAN_POINT('',(-0.0606567595685872,-0.0220266927528853,0.0675));
#7841=CARTESIAN_POINT('',(-0.0597311589640912,-0.0211010921483851,0.0675));
#7842=CARTESIAN_POINT('',(-0.0594617262193055,-0.0204506239617798,0.0675));
#7843=CARTESIAN_POINT('',(-0.0594617262193055,-0.0197961254976688,0.0675));
#7844=CARTESIAN_POINT('',(-0.0594617262193055,-0.0197961254976688,0.0655));
#7845=CARTESIAN_POINT('',(-0.0594617262193055,-0.0191416270335578,0.0655));
#7846=CARTESIAN_POINT('',(-0.0597311589640898,-0.0184911588469518,0.0655));
#7847=CARTESIAN_POINT('',(-0.0606567595685885,-0.0175655582424531,0.0655));
#7848=CARTESIAN_POINT('',(-0.0613072277551902,-0.0172961254976688,0.0655));
#7849=CARTESIAN_POINT('',(-0.0626162246834209,-0.0172961254976688,0.0655));
#7850=CARTESIAN_POINT('',(-0.0632666928700218,-0.0175655582424523,0.0655));
#7851=CARTESIAN_POINT('',(-0.064192293474522,-0.0184911588469526,0.0655));
#7852=CARTESIAN_POINT('',(-0.0644617262193055,-0.0191416270335582,0.0655));
#7853=CARTESIAN_POINT('',(-0.0644617262193055,-0.0204506239617794,0.0655));
#7854=CARTESIAN_POINT('',(-0.064192293474522,-0.021101092148385,0.0655));
#7855=CARTESIAN_POINT('',(-0.0632666928700218,-0.0220266927528853,0.0655));
#7856=CARTESIAN_POINT('',(-0.0626162246834174,-0.0222961254976688,0.0655));
#7857=CARTESIAN_POINT('',(-0.0613072277551936,-0.0222961254976688,0.0655));
#7858=CARTESIAN_POINT('',(-0.0606567595685882,-0.0220266927528842,0.0655));
#7859=CARTESIAN_POINT('',(-0.0597311589640901,-0.0211010921483861,0.0655));
#7860=CARTESIAN_POINT('',(-0.0594617262193055,-0.0204506239617798,0.0655));
#7861=CARTESIAN_POINT('',(-0.0594617262193055,-0.0197961254976688,0.0655));
#7862=CARTESIAN_POINT('',(-0.0657529406085729,-0.0173771440862788,0.0675));
#7863=CARTESIAN_POINT('',(-0.0659070121417723,-0.0177721701794419,0.0675000000113449));
#7864=CARTESIAN_POINT('',(-0.0661398222161728,-0.0185667755816947,0.0674955893584763));
#7865=CARTESIAN_POINT('',(-0.0662462745761753,-0.0195928777192318,0.0674918892417664));
#7866=CARTESIAN_POINT('',(-0.0662057028363541,-0.0204062050439501,0.0674932500347903));
#7867=CARTESIAN_POINT('',(-0.0661268536217331,-0.0209318909359631,0.0674954743553933));
#7868=CARTESIAN_POINT('',(-0.0660384793857604,-0.0213283236796914,0.0674973701340574));
#7869=CARTESIAN_POINT('',(-0.0659707113609247,-0.0215790214934841,0.0674984907081208));
#7870=CARTESIAN_POINT('',(-0.0659099404107222,-0.0217765061448665,0.0674992120411288));
#7871=CARTESIAN_POINT('',(-0.0658700260465176,-0.021897107262176,0.0674995708324909));
#7872=CARTESIAN_POINT('',(-0.0658337883159301,-0.022000200803957,0.0674997883174133));
#7873=CARTESIAN_POINT('',(-0.0658134349478161,-0.0220566105656941,0.0674998983775181));
#7874=CARTESIAN_POINT('',(-0.0657624149974597,-0.0221934547863361,0.0675000148149697));
#7875=CARTESIAN_POINT('',(-0.0657541376115302,-0.0222132165002098,0.0675000000311995));
#7876=CARTESIAN_POINT('',(-0.0657525938185953,-0.0222156546437712,0.0674999999960378));
#7877=CARTESIAN_POINT('',(0.0370296962559223,-0.0543950890481472,0.035));
#7878=CARTESIAN_POINT('',(0.0362590370938183,-0.0551657482102513,-0.001));
#7879=CARTESIAN_POINT('',(-0.0436529403924939,-0.0743950890481472,0.0185));
#7880=CARTESIAN_POINT('',(-0.0628822812303899,-0.0551657482102513,-0.001));
#7881=CARTESIAN_POINT('',(-0.033652940392494,-0.0263950890481472,0.042));
#7882=CARTESIAN_POINT('',(-0.027252940392494,-0.0391950890481472,0.0484));
#7883=CARTESIAN_POINT('',(-0.0133116220682858,-0.0455950890481472,0.042));
#7884=CARTESIAN_POINT('',(0.000249256814519604,-0.0388146496067445,0.0487804394414027));
#7885=CARTESIAN_POINT('',(0.0120296962559223,-0.0263950890481472,0.037));
#7886=CARTESIAN_POINT('',(-0.073652940392494,0.0460432842373848,0.0380992258524736));
#7887=CARTESIAN_POINT('',(-0.073652940392494,0.0242285317750059,0.0380992258524736));
#7888=CARTESIAN_POINT('',(-0.077652940392494,0.0242285317750059,0.0380992258524736));
#7889=CARTESIAN_POINT('',(-0.077652940392494,0.0242285317750059,0.0448492258524736));
#7890=CARTESIAN_POINT('',(-0.077652940392494,0.0242285317750059,0.0313492258524736));
#7891=CARTESIAN_POINT('',(-0.073652940392494,0.0242285317750059,0.0313492258524736));
#7892=CARTESIAN_POINT('',(-0.073652940392494,0.0242285317750059,0.0448492258524736));
#7893=CARTESIAN_POINT('',(-0.073652940392494,0.028628531775006,0.0448492258524736));
#7894=CARTESIAN_POINT('',(-0.073652940392494,0.033028531775006,0.0448492258524736));
#7895=CARTESIAN_POINT('',(-0.077652940392494,0.033028531775006,0.0448492258524736));
#7896=CARTESIAN_POINT('',(-0.077652940392494,0.028628531775006,0.0448492258524736));
#7897=CARTESIAN_POINT('',(-0.073652940392494,0.033028531775006,0.0380992258524736));
#7898=CARTESIAN_POINT('',(-0.073652940392494,0.033028531775006,0.0313492258524736));
#7899=CARTESIAN_POINT('',(-0.077652940392494,0.033028531775006,0.0313492258524736));
#7900=CARTESIAN_POINT('',(-0.077652940392494,0.033028531775006,0.0380992258524736));
#7901=CARTESIAN_POINT('',(-0.073652940392494,0.028628531775006,0.0313492258524736));
#7902=CARTESIAN_POINT('',(-0.077652940392494,0.028628531775006,0.0313492258524736));
#7903=CARTESIAN_POINT('',(-0.072652940392494,0.028628531775006,0.0295992258524735));
#7904=CARTESIAN_POINT('',(-0.072652940392494,0.034628531775006,0.0295992258524735));
#7905=CARTESIAN_POINT('',(-0.077652940392494,0.034628531775006,0.0295992258524735));
#7906=CARTESIAN_POINT('',(-0.077652940392494,0.028628531775006,0.0295992258524735));
#7907=CARTESIAN_POINT('',(-0.077652940392494,0.0226285317750059,0.0295992258524735));
#7908=CARTESIAN_POINT('',(-0.072652940392494,0.0226285317750059,0.0295992258524735));
#7909=CARTESIAN_POINT('',(-0.072652940392494,0.0226285317750059,0.0380992258524736));
#7910=CARTESIAN_POINT('',(-0.077652940392494,0.0226285317750059,0.0380992258524736));
#7911=CARTESIAN_POINT('',(-0.077652940392494,0.0226285317750059,0.0465992258524735));
#7912=CARTESIAN_POINT('',(-0.072652940392494,0.0226285317750059,0.0465992258524735));
#7913=CARTESIAN_POINT('',(-0.072652940392494,0.028628531775006,0.0465992258524735));
#7914=CARTESIAN_POINT('',(-0.077652940392494,0.028628531775006,0.0465992258524735));
#7915=CARTESIAN_POINT('',(-0.077652940392494,0.034628531775006,0.0465992258524735));
#7916=CARTESIAN_POINT('',(-0.072652940392494,0.034628531775006,0.0465992258524735));
#7917=CARTESIAN_POINT('',(-0.072652940392494,0.034628531775006,0.0380992258524736));
#7918=CARTESIAN_POINT('',(-0.077652940392494,0.034628531775006,0.0380992258524736));
#7919=CARTESIAN_POINT('',(-0.077652940392494,0.00250491095185279,0.035));
#7920=CARTESIAN_POINT('',(-0.071152940392494,-0.00559508904814722,0.0675));
#7921=CARTESIAN_POINT('',(-0.0749713160628603,0.0514049109518528,0.0636816243296337));
#7922=CARTESIAN_POINT('',(-0.0749713160628603,0.0263049109518528,0.0636816243296337));
#7923=CARTESIAN_POINT('',(-0.0749713160628603,0.00120491095185278,0.0636816243296337));
#7924=CARTESIAN_POINT('',(-0.0749713160628603,-0.0238950890481472,0.0636816243296337));
#7925=CARTESIAN_POINT('',(0.0495296962559223,-0.0055950890481472,0.0625));
#7926=CARTESIAN_POINT('',(0.0483480719262886,-0.0238950890481472,0.0636816243296337));
#7927=CARTESIAN_POINT('',(0.0483480719262886,0.0012049109518528,0.0636816243296337));
#7928=CARTESIAN_POINT('',(0.0483480719262886,0.0263049109518528,0.0636816243296337));
#7929=CARTESIAN_POINT('',(0.0483480719262886,0.0514049109518528,0.0636816243296337));
#7930=CARTESIAN_POINT('',(-0.0133116220682858,-0.00559508904814721,-0.001));
#7931=CARTESIAN_POINT('',(-0.0419965536850046,0.0174323699449281,-0.001));
#7932=CARTESIAN_POINT('',(-0.0444965536850047,0.0174323699449281,-0.001));
#7933=CARTESIAN_POINT('',(-0.0394965536850046,0.0174323699449281,-0.001));
#7934=CARTESIAN_POINT('',(-0.0444965536850047,-0.00256763005507193,-0.001));
#7935=CARTESIAN_POINT('',(-0.0444965536850047,-0.022567630055072,-0.001));
#7936=CARTESIAN_POINT('',(-0.0419965536850046,-0.022567630055072,-0.001));
#7937=CARTESIAN_POINT('',(-0.0394965536850046,-0.022567630055072,-0.001));
#7938=CARTESIAN_POINT('',(-0.0394965536850046,-0.00256763005507192,-0.001));
#7939=CARTESIAN_POINT('',(0.0205849319130182,0.0174323699449281,-0.001));
#7940=CARTESIAN_POINT('',(0.0180849319130182,0.0174323699449281,-0.001));
#7941=CARTESIAN_POINT('',(0.0230849319130183,0.0174323699449281,-0.001));
#7942=CARTESIAN_POINT('',(0.0180849319130182,-0.00256763005507193,-0.001));
#7943=CARTESIAN_POINT('',(0.0180849319130182,-0.0225676300550719,-0.001));
#7944=CARTESIAN_POINT('',(0.0205849319130182,-0.0225676300550719,-0.001));
#7945=CARTESIAN_POINT('',(0.0230849319130183,-0.0225676300550719,-0.001));
#7946=CARTESIAN_POINT('',(0.0230849319130183,-0.00256763005507192,-0.001));
#7947=CARTESIAN_POINT('',(0.0230849319130183,0.0174323699449281,-0.0174762409946764));
#7948=CARTESIAN_POINT('',(0.0180849319130182,0.0174323699449281,-0.0174762409946764));
#7949=CARTESIAN_POINT('',(0.0230849319130182,0.017432369944928,-0.0292254136648921));
#7950=CARTESIAN_POINT('',(0.0180849319130182,0.017432369944928,-0.0292254136648921));
#7951=CARTESIAN_POINT('',(0.0230849319130183,0.0115577836098202,-0.0351));
#7952=CARTESIAN_POINT('',(0.0180849319130182,0.0115577836098202,-0.0351));
#7953=CARTESIAN_POINT('',(0.0230849319130183,-0.000191389060395524,-0.0351));
#7954=CARTESIAN_POINT('',(0.0180849319130182,-0.000191389060395524,-0.0351));
#7955=CARTESIAN_POINT('',(0.0180849319130183,0.0174323699449281,-0.0174762409946764));
#7956=CARTESIAN_POINT('',(0.0180849319130183,0.0174323699449281,-0.0292254136648921));
#7957=CARTESIAN_POINT('',(0.0180849319130183,0.0115577836098202,-0.0351));
#7958=CARTESIAN_POINT('',(0.0180849319130182,-0.00019138906039553,-0.0351));
#7959=CARTESIAN_POINT('',(0.0180849319130182,0.0174323699449281,-0.0174762409946764));
#7960=CARTESIAN_POINT('',(0.0180849319130182,-0.000191389060395529,-0.0351));
#7961=CARTESIAN_POINT('',(0.0230849319130182,0.0174323699449281,-0.0174762409946764));
#7962=CARTESIAN_POINT('',(0.0214182652463516,0.0174323699449281,-0.0174762409946764));
#7963=CARTESIAN_POINT('',(0.0197515985796849,0.0174323699449281,-0.0174762409946764));
#7964=CARTESIAN_POINT('',(0.0180849319130182,0.0174323699449281,-0.0174762409946764));
#7965=CARTESIAN_POINT('',(0.0230849319130183,0.0174323699449281,-0.0174762409946764));
#7966=CARTESIAN_POINT('',(0.0230849319130183,-0.00019138906039553,-0.0351));
#7967=CARTESIAN_POINT('',(0.0230849319130183,0.0115577836098202,-0.0351));
#7968=CARTESIAN_POINT('',(0.0230849319130183,0.0174323699449281,-0.0292254136648921));
#7969=CARTESIAN_POINT('',(0.0230849319130183,0.0174323699449281,-0.0174762409946764));
#7970=CARTESIAN_POINT('',(0.0230849319130183,-0.000191389060395529,-0.0351));
#7971=CARTESIAN_POINT('',(0.0180849319130182,-0.000191389060395529,-0.0351));
#7972=CARTESIAN_POINT('',(0.0197515985796849,-0.000191389060395529,-0.0351));
#7973=CARTESIAN_POINT('',(0.0214182652463516,-0.000191389060395529,-0.0351));
#7974=CARTESIAN_POINT('',(0.0230849319130182,-0.000191389060395529,-0.0351));
#7975=CARTESIAN_POINT('',(-0.0133116220682858,-0.0081450890481472,-0.0351));
#7976=CARTESIAN_POINT('',(0.0230849319130183,-0.00256763005507192,-0.0351));
#7977=CARTESIAN_POINT('',(0.0230849319130183,-0.00494387104974832,-0.0351));
#7978=CARTESIAN_POINT('',(0.0230849319130182,-0.00494387104974832,-0.0351));
#7979=CARTESIAN_POINT('',(0.0214182652463516,-0.00494387104974832,-0.0351));
#7980=CARTESIAN_POINT('',(0.0197515985796849,-0.00494387104974832,-0.0351));
#7981=CARTESIAN_POINT('',(0.0180849319130182,-0.00494387104974832,-0.0351));
#7982=CARTESIAN_POINT('',(0.0180849319130182,-0.00494387104974832,-0.0351));
#7983=CARTESIAN_POINT('',(0.0180849319130182,-0.00256763005507193,-0.0351));
#7984=CARTESIAN_POINT('',(0.0180849319130182,-0.00256763005507192,-0.0192919671535492));
#7985=CARTESIAN_POINT('',(0.0180849319130182,-0.00256763005507192,-0.0192919671535492));
#7986=CARTESIAN_POINT('',(0.0180849319130182,-1.76300550719195E-05,-0.0192919671535492));
#7987=CARTESIAN_POINT('',(0.0230849319130183,-0.00256763005507192,-0.0192919671535492));
#7988=CARTESIAN_POINT('',(0.0230849319130183,-1.76300550719195E-05,-0.0192919671535492));
#7989=CARTESIAN_POINT('',(0.0180849319130182,-0.0225676300550719,-0.0174762409946764));
#7990=CARTESIAN_POINT('',(0.0230849319130183,-0.0225676300550719,-0.0174762409946764));
#7991=CARTESIAN_POINT('',(0.0180849319130182,-0.0225676300550719,-0.0292254136648921));
#7992=CARTESIAN_POINT('',(0.0230849319130183,-0.0225676300550719,-0.0292254136648921));
#7993=CARTESIAN_POINT('',(0.0180849319130182,-0.016693043719964,-0.0351));
#7994=CARTESIAN_POINT('',(0.0230849319130183,-0.016693043719964,-0.0351));
#7995=CARTESIAN_POINT('',(0.0180849319130182,-0.00494387104974832,-0.0351));
#7996=CARTESIAN_POINT('',(0.0230849319130183,-0.00494387104974832,-0.0351));
#7997=CARTESIAN_POINT('',(0.0180849319130182,-0.00494387104974832,-0.0351));
#7998=CARTESIAN_POINT('',(0.0180849319130182,-0.0166930437199641,-0.0351));
#7999=CARTESIAN_POINT('',(0.0180849319130182,-0.0225676300550719,-0.0292254136648921));
#8000=CARTESIAN_POINT('',(0.0180849319130182,-0.0225676300550719,-0.0174762409946764));
#8001=CARTESIAN_POINT('',(0.0180849319130182,-0.0225676300550719,-0.0174762409946764));
#8002=CARTESIAN_POINT('',(0.0230849319130182,-0.0225676300550719,-0.0174762409946764));
#8003=CARTESIAN_POINT('',(0.0230849319130182,-0.0225676300550719,-0.0292254136648921));
#8004=CARTESIAN_POINT('',(0.0230849319130183,-0.0166930437199641,-0.0351));
#8005=CARTESIAN_POINT('',(0.0230849319130183,-0.00494387104974832,-0.0351));
#8006=CARTESIAN_POINT('',(0.0230849319130183,-0.0225676300550719,-0.0174762409946764));
#8007=CARTESIAN_POINT('',(0.0180849319130182,-0.0225676300550719,-0.0174762409946764));
#8008=CARTESIAN_POINT('',(0.0197515985796849,-0.0225676300550719,-0.0174762409946764));
#8009=CARTESIAN_POINT('',(0.0214182652463515,-0.0225676300550719,-0.0174762409946764));
#8010=CARTESIAN_POINT('',(0.0230849319130182,-0.0225676300550719,-0.0174762409946764));
#8011=CARTESIAN_POINT('',(0.0205849319130182,-0.0225676300550719,-0.0351));
#8012=CARTESIAN_POINT('',(0.0230849319130183,-0.0225676300550719,-0.0351));
#8013=CARTESIAN_POINT('',(0.0180849319130182,-0.0225676300550719,-0.0351));
#8014=CARTESIAN_POINT('',(0.0230849319130183,-0.00256763005507192,-0.0351));
#8015=CARTESIAN_POINT('',(0.0230849319130183,0.00343236994492808,-0.0192919671535492));
#8016=CARTESIAN_POINT('',(0.0230849319130183,0.00453236994492808,-0.0192919671535492));
#8017=CARTESIAN_POINT('',(0.0230849319130183,-0.00856763005507192,-0.0192919671535492));
#8018=CARTESIAN_POINT('',(0.0230849319130183,-0.00746763005507192,-0.0192919671535492));
#8019=CARTESIAN_POINT('',(0.0230849319130183,0.0174323699449281,-0.0351));
#8020=CARTESIAN_POINT('',(0.0205849319130182,0.0174323699449281,-0.0351));
#8021=CARTESIAN_POINT('',(0.0180849319130182,0.0174323699449281,-0.0351));
#8022=CARTESIAN_POINT('',(0.0180849319130182,-0.00256763005507193,-0.0351));
#8023=CARTESIAN_POINT('',(0.0180849319130182,0.00343236994492808,-0.0192919671535492));
#8024=CARTESIAN_POINT('',(0.0180849319130182,0.00233236994492808,-0.0192919671535492));
#8025=CARTESIAN_POINT('',(0.0180849319130182,-0.00856763005507192,-0.0192919671535492));
#8026=CARTESIAN_POINT('',(0.0180849319130182,-0.00966763005507192,-0.0192919671535492));
#8027=CARTESIAN_POINT('',(-0.0414965536850046,-0.00256763005507192,-0.0175749875));
#8028=CARTESIAN_POINT('',(-0.0414965536850046,-0.00250093056820333,-0.0122857298702002));
#8029=CARTESIAN_POINT('',(-0.0414965536850046,-0.00090093056820333,-0.0122857298702002));
#8030=CARTESIAN_POINT('',(-0.0414965536850046,-0.00950765050947666,-0.0192651618272066));
#8031=CARTESIAN_POINT('',(-0.0414965536850046,-0.00790765050947666,-0.0192651618272066));
#8032=CARTESIAN_POINT('',(-0.0414965536850046,0.00450775120407343,-0.0192701928317547));
#8033=CARTESIAN_POINT('',(-0.0414965536850046,0.00610775120407343,-0.0192701928317547));
#8034=CARTESIAN_POINT('',(-0.0414965536850046,-0.0024987708311528,-0.0262723285704851));
#8035=CARTESIAN_POINT('',(-0.0414965536850046,-0.000898770831152795,-0.0262723285704851));
#8036=CARTESIAN_POINT('',(-0.0414965536850046,-0.00255330093204975,-0.0192729718983174));
#8037=CARTESIAN_POINT('',(-0.0414965536850046,-0.00127610434031245,-0.0192729718983174));
#8038=CARTESIAN_POINT('',(-0.0414965536850046,-0.00255330093204975,-0.0192729718983174));
#8039=CARTESIAN_POINT('',(-0.0414965536850046,0.00754669906795025,-0.0192729718983174));
#8040=CARTESIAN_POINT('',(-0.0644965536850046,-0.00250093056820333,-0.0122857298702002));
#8041=CARTESIAN_POINT('',(-0.0444965536850047,-0.00250093056820333,-0.0122857298702002));
#8042=CARTESIAN_POINT('',(-0.0444965536850047,-0.00410093056820333,-0.0122857298702002));
#8043=CARTESIAN_POINT('',(-0.0644965536850046,-0.00950765050947666,-0.0192651618272066));
#8044=CARTESIAN_POINT('',(-0.0444965536850047,-0.00950765050947666,-0.0192651618272066));
#8045=CARTESIAN_POINT('',(-0.0444965536850047,-0.0111076505094767,-0.0192651618272066));
#8046=CARTESIAN_POINT('',(-0.0644965536850046,-0.0024987708311528,-0.0262723285704851));
#8047=CARTESIAN_POINT('',(-0.0444965536850047,-0.0024987708311528,-0.0262723285704851));
#8048=CARTESIAN_POINT('',(-0.0444965536850047,-0.00409877083115279,-0.0262723285704851));
#8049=CARTESIAN_POINT('',(-0.0644965536850046,-0.00255330093204974,-0.0192729718983174));
#8050=CARTESIAN_POINT('',(-0.0444965536850047,-0.00255330093204975,-0.0192729718983174));
#8051=CARTESIAN_POINT('',(-0.0444965536850047,-0.00383049752378705,-0.0192729718983174));
#8052=CARTESIAN_POINT('',(-0.0644965536850046,0.00450775120407343,-0.0192701928317547));
#8053=CARTESIAN_POINT('',(-0.0444965536850047,0.00450775120407343,-0.0192701928317547));
#8054=CARTESIAN_POINT('',(-0.0444965536850047,0.00290775120407343,-0.0192701928317547));
#8055=CARTESIAN_POINT('',(-0.0394965536850046,0.0174323699449281,-0.0174762409946764));
#8056=CARTESIAN_POINT('',(-0.0444965536850047,0.0174323699449281,-0.0174762409946764));
#8057=CARTESIAN_POINT('',(-0.0394965536850046,0.017432369944928,-0.0292254136648921));
#8058=CARTESIAN_POINT('',(-0.0444965536850047,0.017432369944928,-0.0292254136648921));
#8059=CARTESIAN_POINT('',(-0.0394965536850046,0.0115577836098202,-0.0351));
#8060=CARTESIAN_POINT('',(-0.0444965536850046,0.0115577836098202,-0.0351));
#8061=CARTESIAN_POINT('',(-0.0394965536850046,-0.000191389060395524,-0.0351));
#8062=CARTESIAN_POINT('',(-0.0444965536850047,-0.000191389060395524,-0.0351));
#8063=CARTESIAN_POINT('',(-0.0444965536850046,0.0174323699449281,-0.0174762409946764));
#8064=CARTESIAN_POINT('',(-0.0444965536850046,0.0174323699449281,-0.0292254136648921));
#8065=CARTESIAN_POINT('',(-0.0444965536850047,0.0115577836098202,-0.0351));
#8066=CARTESIAN_POINT('',(-0.0444965536850047,-0.00019138906039553,-0.0351));
#8067=CARTESIAN_POINT('',(-0.0444965536850047,0.0174323699449281,-0.0174762409946764));
#8068=CARTESIAN_POINT('',(-0.0444965536850047,-0.000191389060395529,-0.0351));
#8069=CARTESIAN_POINT('',(-0.0394965536850046,0.0174323699449281,-0.0174762409946764));
#8070=CARTESIAN_POINT('',(-0.0411632203516713,0.0174323699449281,-0.0174762409946764));
#8071=CARTESIAN_POINT('',(-0.042829887018338,0.0174323699449281,-0.0174762409946764));
#8072=CARTESIAN_POINT('',(-0.0444965536850047,0.0174323699449281,-0.0174762409946764));
#8073=CARTESIAN_POINT('',(-0.0394965536850046,0.0174323699449281,-0.0174762409946764));
#8074=CARTESIAN_POINT('',(-0.0394965536850046,-0.00019138906039553,-0.0351));
#8075=CARTESIAN_POINT('',(-0.0394965536850046,0.0115577836098202,-0.0351));
#8076=CARTESIAN_POINT('',(-0.0394965536850046,0.0174323699449281,-0.0292254136648921));
#8077=CARTESIAN_POINT('',(-0.0394965536850046,0.0174323699449281,-0.0174762409946764));
#8078=CARTESIAN_POINT('',(-0.0394965536850046,-0.000191389060395529,-0.0351));
#8079=CARTESIAN_POINT('',(-0.0444965536850046,-0.000191389060395529,-0.0351));
#8080=CARTESIAN_POINT('',(-0.042829887018338,-0.000191389060395529,-0.0351));
#8081=CARTESIAN_POINT('',(-0.0411632203516713,-0.000191389060395529,-0.0351));
#8082=CARTESIAN_POINT('',(-0.0394965536850046,-0.000191389060395529,-0.0351));
#8083=CARTESIAN_POINT('',(-0.0133116220682858,-0.0081450890481472,-0.0351));
#8084=CARTESIAN_POINT('',(-0.0394965536850046,-0.00256763005507192,-0.0351));
#8085=CARTESIAN_POINT('',(-0.0394965536850046,-0.00494387104974833,-0.0351));
#8086=CARTESIAN_POINT('',(-0.0394965536850046,-0.00494387104974832,-0.0351));
#8087=CARTESIAN_POINT('',(-0.0411632203516713,-0.00494387104974832,-0.0351));
#8088=CARTESIAN_POINT('',(-0.042829887018338,-0.00494387104974832,-0.0351));
#8089=CARTESIAN_POINT('',(-0.0444965536850046,-0.00494387104974832,-0.0351));
#8090=CARTESIAN_POINT('',(-0.0444965536850047,-0.00494387104974833,-0.0351));
#8091=CARTESIAN_POINT('',(-0.0444965536850047,-0.00256763005507193,-0.0351));
#8092=CARTESIAN_POINT('',(-0.0414965536850046,-0.00255330093204975,-0.0192729718983174));
#8093=CARTESIAN_POINT('',(-0.0394965536850046,-0.00255330093204975,-0.0192729718983174));
#8094=CARTESIAN_POINT('',(-0.0394965536850046,0.00754669906795025,-0.0192729718983174));
#8095=CARTESIAN_POINT('',(-0.0444965536850047,-0.022567630055072,-0.0174762409946764));
#8096=CARTESIAN_POINT('',(-0.0394965536850046,-0.022567630055072,-0.0174762409946764));
#8097=CARTESIAN_POINT('',(-0.0444965536850047,-0.0225676300550719,-0.0292254136648921));
#8098=CARTESIAN_POINT('',(-0.0394965536850046,-0.0225676300550719,-0.0292254136648921));
#8099=CARTESIAN_POINT('',(-0.0444965536850047,-0.0166930437199641,-0.0351));
#8100=CARTESIAN_POINT('',(-0.0394965536850046,-0.0166930437199641,-0.0351));
#8101=CARTESIAN_POINT('',(-0.0444965536850047,-0.00494387104974832,-0.0351));
#8102=CARTESIAN_POINT('',(-0.0394965536850046,-0.00494387104974832,-0.0351));
#8103=CARTESIAN_POINT('',(-0.0444965536850047,-0.00494387104974833,-0.0351));
#8104=CARTESIAN_POINT('',(-0.0444965536850047,-0.0166930437199641,-0.0351));
#8105=CARTESIAN_POINT('',(-0.0444965536850047,-0.0225676300550719,-0.0292254136648921));
#8106=CARTESIAN_POINT('',(-0.0444965536850047,-0.0225676300550719,-0.0174762409946764));
#8107=CARTESIAN_POINT('',(-0.0444965536850047,-0.022567630055072,-0.0174762409946764));
#8108=CARTESIAN_POINT('',(-0.0394965536850046,-0.0225676300550719,-0.0174762409946764));
#8109=CARTESIAN_POINT('',(-0.0394965536850046,-0.0225676300550719,-0.0292254136648921));
#8110=CARTESIAN_POINT('',(-0.0394965536850046,-0.0166930437199641,-0.0351));
#8111=CARTESIAN_POINT('',(-0.0394965536850046,-0.00494387104974832,-0.0351));
#8112=CARTESIAN_POINT('',(-0.0394965536850046,-0.022567630055072,-0.0174762409946764));
#8113=CARTESIAN_POINT('',(-0.0444965536850047,-0.022567630055072,-0.0174762409946764));
#8114=CARTESIAN_POINT('',(-0.042829887018338,-0.022567630055072,-0.0174762409946764));
#8115=CARTESIAN_POINT('',(-0.0411632203516713,-0.022567630055072,-0.0174762409946764));
#8116=CARTESIAN_POINT('',(-0.0394965536850046,-0.022567630055072,-0.0174762409946764));
#8117=CARTESIAN_POINT('',(-0.0419965536850046,-0.022567630055072,-0.0351));
#8118=CARTESIAN_POINT('',(-0.0394965536850046,-0.022567630055072,-0.0351));
#8119=CARTESIAN_POINT('',(-0.0444965536850047,-0.022567630055072,-0.0351));
#8120=CARTESIAN_POINT('',(-0.0394965536850046,-0.00256763005507192,-0.0351));
#8121=CARTESIAN_POINT('',(-0.0394965536850046,0.0174323699449281,-0.0351));
#8122=CARTESIAN_POINT('',(-0.0419965536850046,0.0174323699449281,-0.0351));
#8123=CARTESIAN_POINT('',(-0.0444965536850047,0.0174323699449281,-0.0351));
#8124=CARTESIAN_POINT('',(-0.0444965536850047,-0.00256763005507193,-0.0351));
#8125=CARTESIAN_POINT('',(0.0470296962559223,0.0323982606566201,0.0281371588071187));
#8126=CARTESIAN_POINT('',(0.0470296962559223,0.0298982606566201,0.0256371588071188));
#8127=CARTESIAN_POINT('',(0.0470296962559223,0.0348982606566201,0.0306371588071188));
#8128=CARTESIAN_POINT('',(0.0470296962559223,0.0348982606566201,0.0431371588071187));
#8129=CARTESIAN_POINT('',(0.0470296962559223,0.0348982606566201,0.0556371588071188));
#8130=CARTESIAN_POINT('',(0.0470296962559223,0.0323982606566201,0.0581371588071188));
#8131=CARTESIAN_POINT('',(0.0470296962559223,0.0298982606566201,0.0606371588071188));
#8132=CARTESIAN_POINT('',(0.0470296962559223,0.02989826065662,0.0431371588071187));
#8133=CARTESIAN_POINT('',(0.0470296962559223,0.0337982606566202,0.0595371588071186));
#8134=CARTESIAN_POINT('',(0.0470296962559223,0.0337982606566202,0.0267371588071188));
#8135=CARTESIAN_POINT('',(0.0470296962559223,0.000998260656620165,0.0267371588071187));
#8136=CARTESIAN_POINT('',(0.0470296962559223,0.00239826065662008,0.0281371588071187));
#8137=CARTESIAN_POINT('',(0.0470296962559223,-0.000101739343379923,0.0306371588071188));
#8138=CARTESIAN_POINT('',(0.0470296962559223,0.00489826065662007,0.0256371588071188));
#8139=CARTESIAN_POINT('',(0.0470296962559223,0.00489826065662008,0.0431371588071187));
#8140=CARTESIAN_POINT('',(0.0470296962559223,0.00489826065662008,0.0606371588071187));
#8141=CARTESIAN_POINT('',(0.0470296962559223,0.00239826065662008,0.0581371588071187));
#8142=CARTESIAN_POINT('',(0.0470296962559223,-0.000101739343379922,0.0556371588071187));
#8143=CARTESIAN_POINT('',(0.0470296962559223,-0.000101739343379922,0.0431371588071187));
#8144=CARTESIAN_POINT('',(0.0470296962559223,0.000998260656620182,0.0595371588071188));
#8145=CARTESIAN_POINT('',(0.0470296962559223,0.0148982606566201,0.0431371588071187));
#8146=CARTESIAN_POINT('',(0.0470296962559223,0.0148982606566201,0.0256371588071188));
#8147=CARTESIAN_POINT('',(0.0470296962559223,0.0148982606566201,0.0606371588071187));
#8148=CARTESIAN_POINT('',(0.0470296962559223,0.0123982606566201,0.0606371588071187));
#8149=CARTESIAN_POINT('',(0.0470296962559223,0.00989826065662008,0.0606371588071187));
#8150=CARTESIAN_POINT('',(0.0470296962559223,0.00989826065662008,0.0431371588071187));
#8151=CARTESIAN_POINT('',(0.0470296962559223,0.00989826065662008,0.0256371588071188));
#8152=CARTESIAN_POINT('',(0.0470296962559223,0.0123982606566201,0.0256371588071188));
#8153=CARTESIAN_POINT('',(0.0470296962559223,0.02489826065662,0.0431371588071187));
#8154=CARTESIAN_POINT('',(0.0470296962559223,0.02489826065662,0.0256371588071188));
#8155=CARTESIAN_POINT('',(0.0470296962559223,0.02489826065662,0.0606371588071187));
#8156=CARTESIAN_POINT('',(0.0470296962559223,0.02239826065662,0.0606371588071187));
#8157=CARTESIAN_POINT('',(0.0470296962559223,0.0198982606566201,0.0606371588071187));
#8158=CARTESIAN_POINT('',(0.0470296962559223,0.0198982606566201,0.0431371588071187));
#8159=CARTESIAN_POINT('',(0.0470296962559223,0.0198982606566201,0.0256371588071188));
#8160=CARTESIAN_POINT('',(0.0470296962559223,0.02239826065662,0.0256371588071188));
#8161=CARTESIAN_POINT('',(-0.00191506808698177,-0.00856763005507192,-0.0192919671535492));
#8162=CARTESIAN_POINT('',(-0.00191506808698177,0.00343236994492808,-0.0192919671535492));
#8163=CARTESIAN_POINT('',(-0.0656877349574853,0.0514049109518528,0.0674998628935234));
#8164=CARTESIAN_POINT('',(-0.0656877349574853,-0.0238950890481472,0.0674998628935234));
#8165=CARTESIAN_POINT('',(-0.0693157223776639,0.0514049109518528,0.067515004002145));
#8166=CARTESIAN_POINT('',(-0.0693157223776639,-0.0238950890481472,0.067515004002145));
#8167=CARTESIAN_POINT('',(-0.0724103762840331,0.0514049109518528,0.0662425641084607));
#8168=CARTESIAN_POINT('',(-0.0724103762840331,-0.0238950890481472,0.0662425641084607));
#8169=CARTESIAN_POINT('',(-0.0749713160628603,0.0514049109518528,0.0636816243296337));
#8170=CARTESIAN_POINT('',(-0.0749713160628603,-0.0238950890481472,0.0636816243296337));
#8171=CARTESIAN_POINT('',(0.0483480719262886,0.0514049109518528,0.0636816243296337));
#8172=CARTESIAN_POINT('',(0.0483480719262886,-0.0238950890481472,0.0636816243296337));
#8173=CARTESIAN_POINT('',(0.045787137414451,0.0514049109518528,0.0662425588414713));
#8174=CARTESIAN_POINT('',(0.045787137414451,-0.0238950890481472,0.0662425588414713));
#8175=CARTESIAN_POINT('',(0.0426924910567301,0.0514049109518528,0.0675149989765784));
#8176=CARTESIAN_POINT('',(0.0426924910567301,-0.0238950890481472,0.0675149989765784));
#8177=CARTESIAN_POINT('',(0.0390645132055469,0.0514049109518528,0.0674998629869282));
#8178=CARTESIAN_POINT('',(0.0390645132055469,-0.0238950890481472,0.0674998629869282));
#8179=CARTESIAN_POINT('',(-0.0133116220682858,-0.0238950890481472,0.038));
#8180=CARTESIAN_POINT('',(0.000915923481186263,-0.0310088618228832,0.030886227225264));
#8181=CARTESIAN_POINT('',(0.00452969625592231,-0.0273950890481472,0.0535));
#8182=CARTESIAN_POINT('',(-0.061152940392494,-0.0273950890481472,0.0345));
#8183=CARTESIAN_POINT('',(-0.041152940392494,-0.0173950890481472,0.0445));
#8184=CARTESIAN_POINT('',(-0.034652940392494,-0.0238950890481472,0.035));
#8185=CARTESIAN_POINT('',(0.0145296962559223,-0.0618950890481472,0.0185));
#8186=CARTESIAN_POINT('',(-0.051152940392494,-0.0518950890481472,0.035));
#8187=CARTESIAN_POINT('',(-0.0133116220682858,-0.0083450890481472,0.0065));
#8188=CARTESIAN_POINT('',(-0.0730904735270515,0.0084487354695862,0.0065));
#8189=CARTESIAN_POINT('',(-0.0730904735270516,0.0227674606303417,0.0065));
#8190=CARTESIAN_POINT('',(-0.0730904735270516,0.0370861857910973,0.0065));
#8191=CARTESIAN_POINT('',(-0.0730904735270516,0.0514049109518528,0.0065));
#8192=CARTESIAN_POINT('',(-0.0726217069597728,0.00844873546958622,0.0065));
#8193=CARTESIAN_POINT('',(-0.0690904735270516,0.00844873546958622,0.0025));
#8194=CARTESIAN_POINT('',(-0.0690904735270516,0.00844873546958622,0.00516666666666667));
#8195=CARTESIAN_POINT('',(-0.0704238068603849,0.00844873546958622,0.0065));
#8196=CARTESIAN_POINT('',(-0.0730904735270516,0.00844873546958622,0.0065));
#8197=CARTESIAN_POINT('',(-0.0731445431879147,0.0084487354695862,0.00649982216441152));
#8198=CARTESIAN_POINT('',(-0.0731445431879147,0.0514049109518528,0.00649982216441152));
#8199=CARTESIAN_POINT('',(-0.0704423783253122,0.0084487354695862,0.00651735641858895));
#8200=CARTESIAN_POINT('',(-0.0704423783253122,0.0514049109518528,0.00651735641858895));
#8201=CARTESIAN_POINT('',(-0.0690904735270514,0.0084487354695862,0.0051846306084249));
#8202=CARTESIAN_POINT('',(-0.0690904735270514,0.0514049109518528,0.0051846306084249));
#8203=CARTESIAN_POINT('',(-0.0690904735270515,0.0084487354695862,0.0025));
#8204=CARTESIAN_POINT('',(-0.0690904735270515,0.0514049109518528,0.0025));
#8205=CARTESIAN_POINT('',(-0.0133116220682858,-0.0083450890481472,0.0065));
#8206=CARTESIAN_POINT('',(0.0449227021556377,0.0514049109518528,0.0065));
#8207=CARTESIAN_POINT('',(0.0449227021556377,0.0436410375061025,0.0065));
#8208=CARTESIAN_POINT('',(0.0449227021556377,0.0358771640603522,0.0065));
#8209=CARTESIAN_POINT('',(0.0449227021556377,0.028113290614602,0.0065));
#8210=CARTESIAN_POINT('',(0.0449227021556377,0.028113290614602,0.0065));
#8211=CARTESIAN_POINT('',(0.04522619920578,0.028113290614602,0.0065));
#8212=CARTESIAN_POINT('',(0.04522619920578,0.028113290614602,0.0065));
#8213=CARTESIAN_POINT('',(0.0449227021556377,0.028113290614602,0.0065));
#8214=CARTESIAN_POINT('',(0.042256035488971,0.028113290614602,0.0065));
#8215=CARTESIAN_POINT('',(0.0409227021556377,0.028113290614602,0.00516666666666667));
#8216=CARTESIAN_POINT('',(0.0409227021556377,0.028113290614602,0.0025));
#8217=CARTESIAN_POINT('',(0.04522619920578,0.0514049109518528,0.0065));
#8218=CARTESIAN_POINT('',(0.0415237226700713,0.0514049109518528,0.005));
#8219=CARTESIAN_POINT('',(0.0417420728107876,0.0514049109518528,0.00534494865643771));
#8220=CARTESIAN_POINT('',(0.042019917739293,0.0514049109518528,0.00563040252508633));
#8221=CARTESIAN_POINT('',(0.0423572574555875,0.0514049109518528,0.00585636160594586));
#8222=CARTESIAN_POINT('',(0.0409227021556376,0.0281132906146019,0.0025));
#8223=CARTESIAN_POINT('',(0.0409227021556376,0.0514049109518528,0.0025));
#8224=CARTESIAN_POINT('',(0.0409227021556376,0.028113290614602,0.00516666666666668));
#8225=CARTESIAN_POINT('',(0.0409227021556376,0.0514049109518529,0.00516666666666668));
#8226=CARTESIAN_POINT('',(0.042256035488971,0.028113290614602,0.00650000000000001));
#8227=CARTESIAN_POINT('',(0.042256035488971,0.0514049109518528,0.00650000000000001));
#8228=CARTESIAN_POINT('',(0.0449227021556377,0.0281132906146019,0.0065));
#8229=CARTESIAN_POINT('',(0.0449227021556377,0.0514049109518528,0.0065));
#8230=CARTESIAN_POINT('',(0.0295296962559223,-0.0198950890481472,0.049731416668696));
#8231=CARTESIAN_POINT('',(0.0295296962559223,-0.0198950890481472,0.049731416668696));
#8232=CARTESIAN_POINT('',(0.0260296962559223,-0.0198950890481472,0.049731416668696));
#8233=CARTESIAN_POINT('',(0.0287796962559223,-0.0198950890481472,0.052775));
#8234=CARTESIAN_POINT('',(-0.0565285959398735,-0.0198950890481472,0.049731416668696));
#8235=CARTESIAN_POINT('',(-0.0565285959398735,-0.0198950890481472,0.049731416668696));
#8236=CARTESIAN_POINT('',(-0.0600285959398735,-0.0198950890481472,0.049731416668696));
#8237=CARTESIAN_POINT('',(-0.055402940392494,-0.0198950890481472,0.052775));
#8238=MECHANICAL_DESIGN_GEOMETRIC_PRESENTATION_REPRESENTATION('',(#4811),#8239);
#8239=(
GEOMETRIC_REPRESENTATION_CONTEXT(3)
GLOBAL_UNCERTAINTY_ASSIGNED_CONTEXT((#8240))
GLOBAL_UNIT_ASSIGNED_CONTEXT((#8243,#8242,#8241))
REPRESENTATION_CONTEXT('Part 1','TOP_LEVEL_ASSEMBLY_PART')
);
#8240=UNCERTAINTY_MEASURE_WITH_UNIT(LENGTH_MEASURE(2.E-05),#8243,'DISTANCE_ACCURACY_VALUE','Maximum Tolerance applied to model');
#8241=(
NAMED_UNIT(*)
SI_UNIT($,.STERADIAN.)
SOLID_ANGLE_UNIT()
);
#8242=(
NAMED_UNIT(*)
PLANE_ANGLE_UNIT()
SI_UNIT($,.RADIAN.)
);
#8243=(
LENGTH_UNIT()
NAMED_UNIT(*)
SI_UNIT($,.METRE.)
);
#8244=PRODUCT_DEFINITION_SHAPE('','',#8245);
#8245=PRODUCT_DEFINITION('','',#8247,#8246);
#8246=PRODUCT_DEFINITION_CONTEXT('',#8253,'design');
#8247=PRODUCT_DEFINITION_FORMATION_WITH_SPECIFIED_SOURCE('','',#8249,.NOT_KNOWN.);
#8248=PRODUCT_RELATED_PRODUCT_CATEGORY('','',(#8249));
#8249=PRODUCT('Part 1','Part 1','Part 1',(#8251));
#8250=PRODUCT_CATEGORY('','');
#8251=PRODUCT_CONTEXT('',#8253,'mechanical');
#8252=APPLICATION_PROTOCOL_DEFINITION('international standard','ap242_managed_model_based_3d_engineering',2020,#8253);
#8253=APPLICATION_CONTEXT('managed model based 3d engineering');
#8254=COMPOSITE_SHAPE_ASPECT('hole_callout.Flty1tEdB47MQsv_1.JHD.0',$,#8244,$);
#8255=SHAPE_ASPECT('hole_callout.Flty1tEdB47MQsv_1.JHD.0',$,#8244,.T.);
#8256=GEOMETRIC_ITEM_SPECIFIC_USAGE('','',#8255,#11,#4726);
#8257=SHAPE_ASPECT_RELATIONSHIP('','',#8254,#8255);
#8258=SHAPE_ASPECT('hole_callout.Flty1tEdB47MQsv_1.JHD.0',$,#8244,.T.);
#8259=GEOMETRIC_ITEM_SPECIFIC_USAGE('','',#8258,#11,#4723);
#8260=SHAPE_ASPECT_RELATIONSHIP('','',#8254,#8258);
#8261=SHAPE_ASPECT('hole_callout.Flty1tEdB47MQsv_1.JHD.0',$,#8244,.T.);
#8262=GEOMETRIC_ITEM_SPECIFIC_USAGE('','',#8261,#11,#4725);
#8263=SHAPE_ASPECT_RELATIONSHIP('','',#8254,#8261);
#8264=SHAPE_ASPECT('hole_callout.Flty1tEdB47MQsv_1.JHD.0',$,#8244,.T.);
#8265=GEOMETRIC_ITEM_SPECIFIC_USAGE('','',#8264,#11,#4724);
#8266=SHAPE_ASPECT_RELATIONSHIP('','',#8254,#8264);
#8267=SHAPE_ASPECT('hole_callout.Flty1tEdB47MQsv_1.JHD.0',$,#8244,.T.);
#8268=GEOMETRIC_ITEM_SPECIFIC_USAGE('','',#8267,#11,#4722);
#8269=SHAPE_ASPECT_RELATIONSHIP('','',#8254,#8267);
#8270=SHAPE_ASPECT('hole_callout.Flty1tEdB47MQsv_1.JHD.0',$,#8244,.T.);
#8271=GEOMETRIC_ITEM_SPECIFIC_USAGE('','',#8270,#11,#4721);
#8272=SHAPE_ASPECT_RELATIONSHIP('','',#8254,#8270);
#8273=SHAPE_ASPECT('hole_callout.Flty1tEdB47MQsv_1.JHD.0',$,#8244,.T.);
#8274=GEOMETRIC_ITEM_SPECIFIC_USAGE('','',#8273,#11,#4719);
#8275=SHAPE_ASPECT_RELATIONSHIP('','',#8254,#8273);
#8276=SHAPE_ASPECT('hole_callout.Flty1tEdB47MQsv_1.JHD.0',$,#8244,.T.);
#8277=GEOMETRIC_ITEM_SPECIFIC_USAGE('','',#8276,#11,#4720);
#8278=SHAPE_ASPECT_RELATIONSHIP('','',#8254,#8276);
#8279=SHAPE_ASPECT('hole_callout.Flty1tEdB47MQsv_1.JHD.0',$,#8244,.T.);
#8280=GEOMETRIC_ITEM_SPECIFIC_USAGE('','',#8279,#11,#4714);
#8281=SHAPE_ASPECT_RELATIONSHIP('','',#8254,#8279);
#8282=SHAPE_ASPECT('hole_callout.Flty1tEdB47MQsv_1.JHD.0',$,#8244,.T.);
#8283=GEOMETRIC_ITEM_SPECIFIC_USAGE('','',#8282,#11,#4713);
#8284=SHAPE_ASPECT_RELATIONSHIP('','',#8254,#8282);
#8285=SHAPE_ASPECT('hole_callout.Flty1tEdB47MQsv_1.JHD.0',$,#8244,.T.);
#8286=GEOMETRIC_ITEM_SPECIFIC_USAGE('','',#8285,#11,#4711);
#8287=SHAPE_ASPECT_RELATIONSHIP('','',#8254,#8285);
#8288=SHAPE_ASPECT('hole_callout.Flty1tEdB47MQsv_1.JHD.0',$,#8244,.T.);
#8289=GEOMETRIC_ITEM_SPECIFIC_USAGE('','',#8288,#11,#4712);
#8290=SHAPE_ASPECT_RELATIONSHIP('','',#8254,#8288);
#8291=SHAPE_ASPECT('hole_callout.Flty1tEdB47MQsv_1.JHD.0',$,#8244,.T.);
#8292=GEOMETRIC_ITEM_SPECIFIC_USAGE('','',#8291,#11,#4718);
#8293=SHAPE_ASPECT_RELATIONSHIP('','',#8254,#8291);
#8294=SHAPE_ASPECT('hole_callout.Flty1tEdB47MQsv_1.JHD.0',$,#8244,.T.);
#8295=GEOMETRIC_ITEM_SPECIFIC_USAGE('','',#8294,#11,#4717);
#8296=SHAPE_ASPECT_RELATIONSHIP('','',#8254,#8294);
#8297=SHAPE_ASPECT('hole_callout.Flty1tEdB47MQsv_1.JHD.0',$,#8244,.T.);
#8298=GEOMETRIC_ITEM_SPECIFIC_USAGE('','',#8297,#11,#4715);
#8299=SHAPE_ASPECT_RELATIONSHIP('','',#8254,#8297);
#8300=SHAPE_ASPECT('hole_callout.Flty1tEdB47MQsv_1.JHD.0',$,#8244,.T.);
#8301=GEOMETRIC_ITEM_SPECIFIC_USAGE('','',#8300,#11,#4716);
#8302=SHAPE_ASPECT_RELATIONSHIP('','',#8254,#8300);
#8303=DIMENSIONAL_SIZE(#8254,'depth');
#8304=(
LENGTH_UNIT()
NAMED_UNIT(*)
SI_UNIT(.MILLI.,.METRE.)
);
#8306=PRECISION_QUALIFIER(3);
#8305=(
LENGTH_MEASURE_WITH_UNIT()
MEASURE_REPRESENTATION_ITEM()
MEASURE_WITH_UNIT(POSITIVE_LENGTH_MEASURE(7.),#8304)
QUALIFIED_REPRESENTATION_ITEM((#8306))
REPRESENTATION_ITEM('nominal value')
);
#8307=COMPOUND_REPRESENTATION_ITEM('modifiers',SET_REPRESENTATION_ITEM((#8308)));
#8308=DESCRIPTIVE_REPRESENTATION_ITEM('dimensional note','depth');
#8309=SHAPE_DIMENSION_REPRESENTATION('',(#8305,#8307),#8239);
#8310=DIMENSIONAL_CHARACTERISTIC_REPRESENTATION(#8303,#8309);
#8311=DIMENSIONAL_SIZE(#8254,'diameter');
#8312=(
LENGTH_UNIT()
NAMED_UNIT(*)
SI_UNIT(.MILLI.,.METRE.)
);
#8314=PRECISION_QUALIFIER(3);
#8313=(
LENGTH_MEASURE_WITH_UNIT()
MEASURE_REPRESENTATION_ITEM()
MEASURE_WITH_UNIT(POSITIVE_LENGTH_MEASURE(3.2),#8312)
QUALIFIED_REPRESENTATION_ITEM((#8314))
REPRESENTATION_ITEM('nominal value')
);
#8315=COMPOUND_REPRESENTATION_ITEM('modifiers',SET_REPRESENTATION_ITEM((#8316)));
#8316=DESCRIPTIVE_REPRESENTATION_ITEM('dimensional note','diameter');
#8317=SHAPE_DIMENSION_REPRESENTATION('',(#8313,#8315),#8239);
#8318=DIMENSIONAL_CHARACTERISTIC_REPRESENTATION(#8311,#8317);
#8319=DIMENSIONAL_SIZE(#8254,'depth');
#8320=(
LENGTH_UNIT()
NAMED_UNIT(*)
SI_UNIT(.MILLI.,.METRE.)
);
#8322=PRECISION_QUALIFIER(3);
#8321=(
LENGTH_MEASURE_WITH_UNIT()
MEASURE_REPRESENTATION_ITEM()
MEASURE_WITH_UNIT(POSITIVE_LENGTH_MEASURE(1.),#8320)
QUALIFIED_REPRESENTATION_ITEM((#8322))
REPRESENTATION_ITEM('nominal value')
);
#8323=COMPOUND_REPRESENTATION_ITEM('modifiers',SET_REPRESENTATION_ITEM((#8324)));
#8324=DESCRIPTIVE_REPRESENTATION_ITEM('dimensional note','depth');
#8325=SHAPE_DIMENSION_REPRESENTATION('',(#8321,#8323),#8239);
#8326=DIMENSIONAL_CHARACTERISTIC_REPRESENTATION(#8319,#8325);
#8327=DIMENSIONAL_SIZE(#8254,'diameter');
#8328=(
LENGTH_UNIT()
NAMED_UNIT(*)
SI_UNIT(.MILLI.,.METRE.)
);
#8330=PRECISION_QUALIFIER(3);
#8329=(
LENGTH_MEASURE_WITH_UNIT()
MEASURE_REPRESENTATION_ITEM()
MEASURE_WITH_UNIT(POSITIVE_LENGTH_MEASURE(5.),#8328)
QUALIFIED_REPRESENTATION_ITEM((#8330))
REPRESENTATION_ITEM('nominal value')
);
#8331=COMPOUND_REPRESENTATION_ITEM('modifiers',SET_REPRESENTATION_ITEM((#8332,#8333)));
#8332=DESCRIPTIVE_REPRESENTATION_ITEM('dimensional note','counterbore');
#8333=DESCRIPTIVE_REPRESENTATION_ITEM('dimensional note','diameter');
#8334=SHAPE_DIMENSION_REPRESENTATION('',(#8329,#8331),#8239);
#8335=DIMENSIONAL_CHARACTERISTIC_REPRESENTATION(#8327,#8334);
#8336=PRESENTATION_STYLE_ASSIGNMENT((NULL_STYLE(.NULL.)));
#8337=CARTESIAN_POINT('',(0.0353384820827338,0.0552038745023312,0.07));
#8338=DIRECTION('',(0.,0.,1.));
#8339=DIRECTION('',(1.,0.,0.));
#8340=AXIS2_PLACEMENT_3D('',#8337,#8338,#8339);
#8341=PLANE('',#8340);
#8342=ANNOTATION_PLANE('',(#8336),#8341,(#8369));
#8343=CARTESIAN_POINT('',(0.,0.,0.));
#8344=DIRECTION('',(0.,0.,1.));
#8345=DIRECTION('',(1.,0.,0.));
#8346=AXIS2_PLACEMENT_3D('',#8343,#8344,#8345);
#8347=CARTESIAN_POINT('',(0.,0.,0.));
#8348=DIRECTION('',(0.,0.,1.));
#8349=DIRECTION('',(1.,0.,0.));
#8350=AXIS2_PLACEMENT_3D('',#8347,#8348,#8349);
#8351=SHAPE_REPRESENTATION('',(#8350,#4819),#8239);
#8352=REPRESENTATION_MAP(#8346,#8351);
#8353=MAPPED_ITEM('',#8352,#8346);
#8354=PRESENTATION_STYLE_ASSIGNMENT((NULL_STYLE(.NULL.)));
#8355=STYLED_ITEM('',(#8354),#8353);
#8356=DRAUGHTING_MODEL('',(#8342,#8346,#8353,#8355),#8239);
#8357=DRAUGHTING_PRE_DEFINED_CURVE_FONT('continuous');
#8358=COLOUR_RGB('',0.,0.,0.);
#8359=CURVE_STYLE('',#8357,POSITIVE_LENGTH_MEASURE(0.02),#8358);
#8360=PRESENTATION_STYLE_ASSIGNMENT((#8359));
#8361=COORDINATES_LIST('coordinates',2880,((0.0371062,0.0569716,0.0700000),(0.0385205,0.0598001,0.0700000),(0.0399347,0.0583859,0.0700000),(0.0500391,0.0674094,0.0700000),(0.0500391,0.0708225,0.0700000),(0.0500230,0.0709043,0.0700000),(0.0500391,0.0674094,0.0700000),(0.0500230,0.0709043,0.0700000),(0.0499745,0.0709738,0.0700000),(0.0500391,0.0674094,0.0700000),(0.0499745,0.0709738,0.0700000),(0.0499047,0.0710215,0.0700000),(0.0500391,0.0674094,0.0700000),(0.0499047,0.0710215,0.0700000),(0.0498221,0.0710373,0.0700000),(0.0500391,0.0674094,0.0700000),(0.0498221,0.0710373,0.0700000),(0.0497396,0.0710215,0.0700000),(0.0500391,0.0674094,0.0700000),(0.0497396,0.0710215,0.0700000),(0.0496697,0.0709738,0.0700000),(0.0500391,0.0674094,0.0700000),(0.0496697,0.0709738,0.0700000),(0.0496221,0.0709043,0.0700000),(0.0500391,0.0674094,0.0700000),(0.0496221,0.0709043,0.0700000),(0.0496062,0.0708225,0.0700000),(0.0500391,0.0674094,0.0700000),(0.0496062,0.0708225,0.0700000),(0.0496062,0.0671945,0.0700000),(0.0568611,0.0674094,0.0700000),(0.0500391,0.0674094,0.0700000),(0.0496062,0.0671945,0.0700000),(0.0568611,0.0674094,0.0700000),(0.0496062,0.0671945,0.0700000),(0.0496219,0.0671096,0.0700000),(0.0568611,0.0674094,0.0700000),(0.0496219,0.0671096,0.0700000),(0.0496687,0.0670411,0.0700000),(0.0568611,0.0674094,0.0700000),(0.0496687,0.0670411,0.0700000),(0.0497385,0.0669950,0.0700000),(0.0568611,0.0674094,0.0700000),(0.0497385,0.0669950,0.0700000),(0.0498232,0.0669797,0.0700000),(0.0568611,0.0674094,0.0700000),(0.0498232,0.0669797,0.0700000),(0.0570770,0.0669797,0.0700000),(0.0568611,0.0674094,0.0700000),(0.0570770,0.0669797,0.0700000),(0.0571614,0.0669950,0.0700000),(0.0568611,0.0674094,0.0700000),(0.0571614,0.0669950,0.0700000),(0.0572305,0.0670411,0.0700000),(0.0568611,0.0674094,0.0700000),(0.0572305,0.0670411,0.0700000),(0.0572765,0.0671096,0.0700000),(0.0568611,0.0674094,0.0700000),(0.0572765,0.0671096,0.0700000),(0.0572919,0.0671945,0.0700000),(0.0568611,0.0674094,0.0700000),(0.0572919,0.0671945,0.0700000),(0.0572919,0.0708225,0.0700000),(0.0568611,0.0674094,0.0700000),(0.0572919,0.0708225,0.0700000),(0.0572760,0.0709043,0.0700000),(0.0568611,0.0674094,0.0700000),(0.0572760,0.0709043,0.0700000),(0.0572284,0.0709738,0.0700000),(0.0568611,0.0674094,0.0700000),(0.0572284,0.0709738,0.0700000),(0.0571588,0.0710215,0.0700000),(0.0568611,0.0674094,0.0700000),(0.0571588,0.0710215,0.0700000),(0.0570770,0.0710373,0.0700000),(0.0568611,0.0674094,0.0700000),(0.0570770,0.0710373,0.0700000),(0.0569950,0.0710215,0.0700000),(0.0568611,0.0674094,0.0700000),(0.0569950,0.0710215,0.0700000),(0.0569246,0.0709738,0.0700000),(0.0568611,0.0674094,0.0700000),(0.0569246,0.0709738,0.0700000),(0.0568770,0.0709043,0.0700000),(0.0568611,0.0674094,0.0700000),(0.0568770,0.0709043,0.0700000),(0.0568611,0.0708225,0.0700000),(0.0591479,0.0671554,0.0700000),(0.0592449,0.0671147,0.0700000),(0.0593430,0.0670794,0.0700000),(0.0591479,0.0671554,0.0700000),(0.0593430,0.0670794,0.0700000),(0.0594419,0.0670496,0.0700000),(0.0591479,0.0671554,0.0700000),(0.0594419,0.0670496,0.0700000),(0.0595419,0.0670252,0.0700000),(0.0591479,0.0671554,0.0700000),(0.0595419,0.0670252,0.0700000),(0.0596427,0.0670062,0.0700000),(0.0591479,0.0671554,0.0700000),(0.0596427,0.0670062,0.0700000),(0.0597446,0.0669927,0.0700000),(0.0591479,0.0671554,0.0700000),(0.0597446,0.0669927,0.0700000),(0.0598474,0.0669845,0.0700000),(0.0591479,0.0671554,0.0700000),(0.0598474,0.0669845,0.0700000),(0.0599512,0.0669818,0.0700000),(0.0591479,0.0671554,0.0700000),(0.0599512,0.0669818,0.0700000),(0.0600869,0.0669861,0.0700000),(0.0591479,0.0671554,0.0700000),(0.0600869,0.0669861,0.0700000),(0.0602202,0.0669991,0.0700000),(0.0591479,0.0671554,0.0700000),(0.0602202,0.0669991,0.0700000),(0.0603509,0.0670207,0.0700000),(0.0591479,0.0671554,0.0700000),(0.0603509,0.0670207,0.0700000),(0.0604790,0.0670509,0.0700000),(0.0591479,0.0671554,0.0700000),(0.0604790,0.0670509,0.0700000),(0.0606046,0.0670897,0.0700000),(0.0591479,0.0671554,0.0700000),(0.0606046,0.0670897,0.0700000),(0.0607277,0.0671372,0.0700000),(0.0591479,0.0671554,0.0700000),(0.0607277,0.0671372,0.0700000),(0.0608482,0.0671933,0.0700000),(0.0591479,0.0671554,0.0700000),(0.0608482,0.0671933,0.0700000),(0.0609661,0.0672580,0.0700000),(0.0591479,0.0671554,0.0700000),(0.0609661,0.0672580,0.0700000),(0.0610797,0.0673304,0.0700000),(0.0591479,0.0671554,0.0700000),(0.0610797,0.0673304,0.0700000),(0.0611870,0.0674090,0.0700000),(0.0591479,0.0671554,0.0700000),(0.0611870,0.0674090,0.0700000),(0.0612882,0.0674937,0.0700000),(0.0591479,0.0671554,0.0700000),(0.0612882,0.0674937,0.0700000),(0.0613831,0.0675845,0.0700000),(0.0591479,0.0671554,0.0700000),(0.0613831,0.0675845,0.0700000),(0.0614718,0.0676815,0.0700000),(0.0614718,0.0676815,0.0700000),(0.0615543,0.0677847,0.0700000),(0.0616305,0.0678940,0.0700000),(0.0614718,0.0676815,0.0700000),(0.0616305,0.0678940,0.0700000),(0.0617006,0.0680094,0.0700000),(0.0614718,0.0676815,0.0700000),(0.0617006,0.0680094,0.0700000),(0.0617636,0.0681292,0.0700000),(0.0614718,0.0676815,0.0700000),(0.0617636,0.0681292,0.0700000),(0.0618182,0.0682515,0.0700000),(0.0614718,0.0676815,0.0700000),(0.0618182,0.0682515,0.0700000),(0.0618644,0.0683762,0.0700000),(0.0614718,0.0676815,0.0700000),(0.0618644,0.0683762,0.0700000),(0.0619022,0.0685034,0.0700000),(0.0614718,0.0676815,0.0700000),(0.0619022,0.0685034,0.0700000),(0.0619316,0.0686331,0.0700000),(0.0614718,0.0676815,0.0700000),(0.0619316,0.0686331,0.0700000),(0.0619526,0.0687653,0.0700000),(0.0614718,0.0676815,0.0700000),(0.0619526,0.0687653,0.0700000),(0.0619652,0.0689000,0.0700000),(0.0614718,0.0676815,0.0700000),(0.0619652,0.0689000,0.0700000),(0.0619694,0.0690371,0.0700000),(0.0614718,0.0676815,0.0700000),(0.0619694,0.0690371,0.0700000),(0.0619652,0.0691687,0.0700000),(0.0614718,0.0676815,0.0700000),(0.0619652,0.0691687,0.0700000),(0.0619526,0.0692996,0.0700000),(0.0614718,0.0676815,0.0700000),(0.0619526,0.0692996,0.0700000),(0.0619316,0.0694296,0.0700000),(0.0614718,0.0676815,0.0700000),(0.0619316,0.0694296,0.0700000),(0.0619022,0.0695588,0.0700000),(0.0614718,0.0676815,0.0700000),(0.0619022,0.0695588,0.0700000),(0.0618644,0.0696873,0.0700000),(0.0614718,0.0676815,0.0700000),(0.0618644,0.0696873,0.0700000),(0.0618182,0.0698150,0.0700000),(0.0618182,0.0698150,0.0700000),(0.0614264,0.0696735,0.0700000),(0.0614630,0.0695756,0.0700000),(0.0618182,0.0698150,0.0700000),(0.0614630,0.0695756,0.0700000),(0.0614929,0.0694744,0.0700000),(0.0618182,0.0698150,0.0700000),(0.0614929,0.0694744,0.0700000),(0.0615162,0.0693700,0.0700000),(0.0618182,0.0698150,0.0700000),(0.0615162,0.0693700,0.0700000),(0.0615328,0.0692623,0.0700000),(0.0618182,0.0698150,0.0700000),(0.0615328,0.0692623,0.0700000),(0.0615428,0.0691513,0.0700000),(0.0618182,0.0698150,0.0700000),(0.0615428,0.0691513,0.0700000),(0.0615461,0.0690371,0.0700000),(0.0618182,0.0698150,0.0700000),(0.0615461,0.0690371,0.0700000),(0.0615427,0.0689271,0.0700000),(0.0614718,0.0676815,0.0700000),(0.0618182,0.0698150,0.0700000),(0.0615427,0.0689271,0.0700000),(0.0614718,0.0676815,0.0700000),(0.0615427,0.0689271,0.0700000),(0.0615326,0.0688192,0.0700000),(0.0614718,0.0676815,0.0700000),(0.0615326,0.0688192,0.0700000),(0.0615159,0.0687135,0.0700000),(0.0614718,0.0676815,0.0700000),(0.0615159,0.0687135,0.0700000),(0.0614924,0.0686101,0.0700000),(0.0614718,0.0676815,0.0700000),(0.0614924,0.0686101,0.0700000),(0.0614622,0.0685088,0.0700000),(0.0614718,0.0676815,0.0700000),(0.0614622,0.0685088,0.0700000),(0.0614252,0.0684096,0.0700000),(0.0614718,0.0676815,0.0700000),(0.0614252,0.0684096,0.0700000),(0.0613816,0.0683127,0.0700000),(0.0614718,0.0676815,0.0700000),(0.0613816,0.0683127,0.0700000),(0.0613312,0.0682179,0.0700000),(0.0614718,0.0676815,0.0700000),(0.0613312,0.0682179,0.0700000),(0.0612754,0.0681267,0.0700000),(0.0614718,0.0676815,0.0700000),(0.0612754,0.0681267,0.0700000),(0.0612147,0.0680404,0.0700000),(0.0614718,0.0676815,0.0700000),(0.0612147,0.0680404,0.0700000),(0.0611493,0.0679590,0.0700000),(0.0614718,0.0676815,0.0700000),(0.0611493,0.0679590,0.0700000),(0.0610791,0.0678824,0.0700000),(0.0614718,0.0676815,0.0700000),(0.0610791,0.0678824,0.0700000),(0.0610041,0.0678108,0.0700000),(0.0614718,0.0676815,0.0700000),(0.0610041,0.0678108,0.0700000),(0.0609242,0.0677441,0.0700000),(0.0614718,0.0676815,0.0700000),(0.0609242,0.0677441,0.0700000),(0.0608396,0.0676822,0.0700000),(0.0614718,0.0676815,0.0700000),(0.0608396,0.0676822,0.0700000),(0.0607502,0.0676253,0.0700000),(0.0614718,0.0676815,0.0700000),(0.0607502,0.0676253,0.0700000),(0.0606576,0.0675742,0.0700000),(0.0614718,0.0676815,0.0700000),(0.0606576,0.0675742,0.0700000),(0.0605629,0.0675299,0.0700000),(0.0614718,0.0676815,0.0700000),(0.0605629,0.0675299,0.0700000),(0.0604662,0.0674924,0.0700000),(0.0614718,0.0676815,0.0700000),(0.0604662,0.0674924,0.0700000),(0.0603674,0.0674618,0.0700000),(0.0591479,0.0671554,0.0700000),(0.0614718,0.0676815,0.0700000),(0.0603674,0.0674618,0.0700000),(0.0591479,0.0671554,0.0700000),(0.0603674,0.0674618,0.0700000),(0.0602664,0.0674379,0.0700000),(0.0591479,0.0671554,0.0700000),(0.0602664,0.0674379,0.0700000),(0.0601634,0.0674209,0.0700000),(0.0591479,0.0671554,0.0700000),(0.0601634,0.0674209,0.0700000),(0.0600583,0.0674107,0.0700000),(0.0591479,0.0671554,0.0700000),(0.0600583,0.0674107,0.0700000),(0.0599512,0.0674073,0.0700000),(0.0591479,0.0671554,0.0700000),(0.0599512,0.0674073,0.0700000),(0.0597976,0.0674143,0.0700000),(0.0591479,0.0671554,0.0700000),(0.0597976,0.0674143,0.0700000),(0.0596480,0.0674356,0.0700000),(0.0591479,0.0671554,0.0700000),(0.0596480,0.0674356,0.0700000),(0.0595023,0.0674710,0.0700000),(0.0591479,0.0671554,0.0700000),(0.0595023,0.0674710,0.0700000),(0.0593606,0.0675205,0.0700000),(0.0591479,0.0671554,0.0700000),(0.0593606,0.0675205,0.0700000),(0.0609576,0.0703039,0.0700000),(0.0585870,0.0661806,0.0700000),(0.0591479,0.0671554,0.0700000),(0.0609576,0.0703039,0.0700000),(0.0613832,0.0697681,0.0700000),(0.0614264,0.0696735,0.0700000),(0.0618182,0.0698150,0.0700000),(0.0613333,0.0698594,0.0700000),(0.0613832,0.0697681,0.0700000),(0.0618182,0.0698150,0.0700000),(0.0612654,0.0699634,0.0700000),(0.0613333,0.0698594,0.0700000),(0.0618182,0.0698150,0.0700000),(0.0611802,0.0700721,0.0700000),(0.0612654,0.0699634,0.0700000),(0.0618182,0.0698150,0.0700000),(0.0611310,0.0701283,0.0700000),(0.0611802,0.0700721,0.0700000),(0.0618182,0.0698150,0.0700000),(0.0610776,0.0701856,0.0700000),(0.0611310,0.0701283,0.0700000),(0.0618182,0.0698150,0.0700000),(0.0610198,0.0702442,0.0700000),(0.0610776,0.0701856,0.0700000),(0.0618182,0.0698150,0.0700000),(0.0609576,0.0703039,0.0700000),(0.0610198,0.0702442,0.0700000),(0.0618182,0.0698150,0.0700000),(0.0609576,0.0703039,0.0700000),(0.0618182,0.0698150,0.0700000),(0.0617636,0.0699418,0.0700000),(0.0609576,0.0703039,0.0700000),(0.0617636,0.0699418,0.0700000),(0.0617006,0.0700679,0.0700000),(0.0609576,0.0703039,0.0700000),(0.0617006,0.0700679,0.0700000),(0.0616504,0.0701546,0.0700000),(0.0609576,0.0703039,0.0700000),(0.0616504,0.0701546,0.0700000),(0.0615956,0.0702380,0.0700000),(0.0609576,0.0703039,0.0700000),(0.0615956,0.0702380,0.0700000),(0.0615362,0.0703181,0.0700000),(0.0609576,0.0703039,0.0700000),(0.0615362,0.0703181,0.0700000),(0.0614723,0.0703949,0.0700000),(0.0609576,0.0703039,0.0700000),(0.0614723,0.0703949,0.0700000),(0.0614037,0.0704684,0.0700000),(0.0609576,0.0703039,0.0700000),(0.0614037,0.0704684,0.0700000),(0.0613305,0.0705386,0.0700000),(0.0609576,0.0703039,0.0700000),(0.0613305,0.0705386,0.0700000),(0.0612527,0.0706055,0.0700000),(0.0609576,0.0703039,0.0700000),(0.0612527,0.0706055,0.0700000),(0.0611704,0.0706690,0.0700000),(0.0609576,0.0703039,0.0700000),(0.0611704,0.0706690,0.0700000),(0.0617122,0.0716215,0.0700000),(0.0585870,0.0661806,0.0700000),(0.0609576,0.0703039,0.0700000),(0.0617122,0.0716215,0.0700000),(0.0585870,0.0661806,0.0700000),(0.0617122,0.0716215,0.0700000),(0.0617408,0.0717253,0.0700000),(0.0585870,0.0661806,0.0700000),(0.0617408,0.0717253,0.0700000),(0.0617334,0.0717856,0.0700000),(0.0585870,0.0661806,0.0700000),(0.0617334,0.0717856,0.0700000),(0.0616948,0.0718607,0.0700000),(0.0585870,0.0661806,0.0700000),(0.0616948,0.0718607,0.0700000),(0.0616297,0.0719147,0.0700000),(0.0585870,0.0661806,0.0700000),(0.0616297,0.0719147,0.0700000),(0.0615270,0.0719454,0.0700000),(0.0585870,0.0661806,0.0700000),(0.0615270,0.0719454,0.0700000),(0.0614667,0.0719380,0.0700000),(0.0585870,0.0661806,0.0700000),(0.0614667,0.0719380,0.0700000),(0.0613910,0.0718994,0.0700000),(0.0585870,0.0661806,0.0700000),(0.0613910,0.0718994,0.0700000),(0.0613355,0.0718343,0.0700000),(0.0585870,0.0661806,0.0700000),(0.0613355,0.0718343,0.0700000),(0.0607999,0.0709061,0.0700000),(0.0607999,0.0709061,0.0700000),(0.0606993,0.0709505,0.0700000),(0.0605954,0.0709890,0.0700000),(0.0607999,0.0709061,0.0700000),(0.0605954,0.0709890,0.0700000),(0.0604882,0.0710215,0.0700000),(0.0607999,0.0709061,0.0700000),(0.0604882,0.0710215,0.0700000),(0.0603777,0.0710482,0.0700000),(0.0607999,0.0709061,0.0700000),(0.0603777,0.0710482,0.0700000),(0.0602638,0.0710689,0.0700000),(0.0607999,0.0709061,0.0700000),(0.0602638,0.0710689,0.0700000),(0.0601467,0.0710837,0.0700000),(0.0607999,0.0709061,0.0700000),(0.0601467,0.0710837,0.0700000),(0.0600262,0.0710926,0.0700000),(0.0607999,0.0709061,0.0700000),(0.0600262,0.0710926,0.0700000),(0.0599025,0.0710955,0.0700000),(0.0607999,0.0709061,0.0700000),(0.0599025,0.0710955,0.0700000),(0.0597779,0.0710912,0.0700000),(0.0607999,0.0709061,0.0700000),(0.0597779,0.0710912,0.0700000),(0.0596544,0.0710782,0.0700000),(0.0607999,0.0709061,0.0700000),(0.0596544,0.0710782,0.0700000),(0.0595319,0.0710566,0.0700000),(0.0607999,0.0709061,0.0700000),(0.0595319,0.0710566,0.0700000),(0.0594106,0.0710262,0.0700000),(0.0607999,0.0709061,0.0700000),(0.0594106,0.0710262,0.0700000),(0.0592904,0.0709872,0.0700000),(0.0607999,0.0709061,0.0700000),(0.0592904,0.0709872,0.0700000),(0.0591712,0.0709396,0.0700000),(0.0607999,0.0709061,0.0700000),(0.0591712,0.0709396,0.0700000),(0.0590532,0.0708833,0.0700000),(0.0607999,0.0709061,0.0700000),(0.0590532,0.0708833,0.0700000),(0.0589362,0.0708183,0.0700000),(0.0607999,0.0709061,0.0700000),(0.0589362,0.0708183,0.0700000),(0.0588231,0.0707461,0.0700000),(0.0607999,0.0709061,0.0700000),(0.0588231,0.0707461,0.0700000),(0.0587161,0.0706677,0.0700000),(0.0607999,0.0709061,0.0700000),(0.0587161,0.0706677,0.0700000),(0.0586152,0.0705831,0.0700000),(0.0607999,0.0709061,0.0700000),(0.0586152,0.0705831,0.0700000),(0.0585203,0.0704923,0.0700000),(0.0607999,0.0709061,0.0700000),(0.0585203,0.0704923,0.0700000),(0.0584315,0.0703953,0.0700000),(0.0584315,0.0703953,0.0700000),(0.0583488,0.0702920,0.0700000),(0.0582723,0.0701825,0.0700000),(0.0584315,0.0703953,0.0700000),(0.0582723,0.0701825,0.0700000),(0.0582017,0.0700668,0.0700000),(0.0584315,0.0703953,0.0700000),(0.0582017,0.0700668,0.0700000),(0.0581385,0.0699470,0.0700000),(0.0584315,0.0703953,0.0700000),(0.0581385,0.0699470,0.0700000),(0.0580837,0.0698247,0.0700000),(0.0584315,0.0703953,0.0700000),(0.0580837,0.0698247,0.0700000),(0.0580373,0.0696998,0.0700000),(0.0584315,0.0703953,0.0700000),(0.0580373,0.0696998,0.0700000),(0.0579993,0.0695723,0.0700000),(0.0584315,0.0703953,0.0700000),(0.0579993,0.0695723,0.0700000),(0.0579698,0.0694424,0.0700000),(0.0584315,0.0703953,0.0700000),(0.0579698,0.0694424,0.0700000),(0.0579487,0.0693098,0.0700000),(0.0584315,0.0703953,0.0700000),(0.0579487,0.0693098,0.0700000),(0.0579361,0.0691747,0.0700000),(0.0584315,0.0703953,0.0700000),(0.0579361,0.0691747,0.0700000),(0.0579319,0.0690371,0.0700000),(0.0584315,0.0703953,0.0700000),(0.0579319,0.0690371,0.0700000),(0.0579361,0.0688990,0.0700000),(0.0584315,0.0703953,0.0700000),(0.0579361,0.0688990,0.0700000),(0.0579487,0.0687637,0.0700000),(0.0584315,0.0703953,0.0700000),(0.0579487,0.0687637,0.0700000),(0.0579697,0.0686311,0.0700000),(0.0584315,0.0703953,0.0700000),(0.0579697,0.0686311,0.0700000),(0.0579991,0.0685013,0.0700000),(0.0584315,0.0703953,0.0700000),(0.0579991,0.0685013,0.0700000),(0.0580369,0.0683742,0.0700000),(0.0584315,0.0703953,0.0700000),(0.0580369,0.0683742,0.0700000),(0.0580831,0.0682499,0.0700000),(0.0584315,0.0703953,0.0700000),(0.0580831,0.0682499,0.0700000),(0.0581377,0.0681283,0.0700000),(0.0584315,0.0703953,0.0700000),(0.0581377,0.0681283,0.0700000),(0.0582007,0.0680094,0.0700000),(0.0582007,0.0680094,0.0700000),(0.0585690,0.0682179,0.0700000),(0.0585196,0.0683127,0.0700000),(0.0582007,0.0680094,0.0700000),(0.0585196,0.0683127,0.0700000),(0.0584768,0.0684096,0.0700000),(0.0582007,0.0680094,0.0700000),(0.0584768,0.0684096,0.0700000),(0.0584406,0.0685086,0.0700000),(0.0582007,0.0680094,0.0700000),(0.0584406,0.0685086,0.0700000),(0.0584110,0.0686098,0.0700000),(0.0582007,0.0680094,0.0700000),(0.0584110,0.0686098,0.0700000),(0.0583880,0.0687131,0.0700000),(0.0582007,0.0680094,0.0700000),(0.0583880,0.0687131,0.0700000),(0.0583715,0.0688186,0.0700000),(0.0582007,0.0680094,0.0700000),(0.0583715,0.0688186,0.0700000),(0.0583617,0.0689262,0.0700000),(0.0582007,0.0680094,0.0700000),(0.0583617,0.0689262,0.0700000),(0.0583584,0.0690360,0.0700000),(0.0582007,0.0680094,0.0700000),(0.0583584,0.0690360,0.0700000),(0.0583617,0.0691459,0.0700000),(0.0584315,0.0703953,0.0700000),(0.0582007,0.0680094,0.0700000),(0.0583617,0.0691459,0.0700000),(0.0584315,0.0703953,0.0700000),(0.0583617,0.0691459,0.0700000),(0.0583717,0.0692536,0.0700000),(0.0584315,0.0703953,0.0700000),(0.0583717,0.0692536,0.0700000),(0.0583884,0.0693592,0.0700000),(0.0584315,0.0703953,0.0700000),(0.0583884,0.0693592,0.0700000),(0.0584118,0.0694628,0.0700000),(0.0584315,0.0703953,0.0700000),(0.0584118,0.0694628,0.0700000),(0.0584419,0.0695643,0.0700000),(0.0584315,0.0703953,0.0700000),(0.0584419,0.0695643,0.0700000),(0.0584786,0.0696637,0.0700000),(0.0584315,0.0703953,0.0700000),(0.0584786,0.0696637,0.0700000),(0.0585221,0.0697610,0.0700000),(0.0584315,0.0703953,0.0700000),(0.0585221,0.0697610,0.0700000),(0.0585722,0.0698562,0.0700000),(0.0584315,0.0703953,0.0700000),(0.0585722,0.0698562,0.0700000),(0.0586280,0.0699482,0.0700000),(0.0584315,0.0703953,0.0700000),(0.0586280,0.0699482,0.0700000),(0.0586886,0.0700351,0.0700000),(0.0584315,0.0703953,0.0700000),(0.0586886,0.0700351,0.0700000),(0.0587541,0.0701170,0.0700000),(0.0584315,0.0703953,0.0700000),(0.0587541,0.0701170,0.0700000),(0.0588243,0.0701938,0.0700000),(0.0584315,0.0703953,0.0700000),(0.0588243,0.0701938,0.0700000),(0.0588993,0.0702657,0.0700000),(0.0584315,0.0703953,0.0700000),(0.0588993,0.0702657,0.0700000),(0.0589792,0.0703325,0.0700000),(0.0584315,0.0703953,0.0700000),(0.0589792,0.0703325,0.0700000),(0.0590638,0.0703943,0.0700000),(0.0584315,0.0703953,0.0700000),(0.0590638,0.0703943,0.0700000),(0.0591532,0.0704510,0.0700000),(0.0584315,0.0703953,0.0700000),(0.0591532,0.0704510,0.0700000),(0.0592453,0.0705021,0.0700000),(0.0584315,0.0703953,0.0700000),(0.0592453,0.0705021,0.0700000),(0.0593379,0.0705464,0.0700000),(0.0584315,0.0703953,0.0700000),(0.0593379,0.0705464,0.0700000),(0.0594310,0.0705839,0.0700000),(0.0584315,0.0703953,0.0700000),(0.0594310,0.0705839,0.0700000),(0.0595247,0.0706145,0.0700000),(0.0584315,0.0703953,0.0700000),(0.0595247,0.0706145,0.0700000),(0.0596188,0.0706384,0.0700000),(0.0607999,0.0709061,0.0700000),(0.0584315,0.0703953,0.0700000),(0.0596188,0.0706384,0.0700000),(0.0607999,0.0709061,0.0700000),(0.0596188,0.0706384,0.0700000),(0.0597136,0.0706554,0.0700000),(0.0607999,0.0709061,0.0700000),(0.0597136,0.0706554,0.0700000),(0.0598088,0.0706656,0.0700000),(0.0607999,0.0709061,0.0700000),(0.0598088,0.0706656,0.0700000),(0.0599046,0.0706690,0.0700000),(0.0607999,0.0709061,0.0700000),(0.0599046,0.0706690,0.0700000),(0.0599109,0.0706690,0.0700000),(0.0607999,0.0709061,0.0700000),(0.0599109,0.0706690,0.0700000),(0.0600047,0.0706670,0.0700000),(0.0607999,0.0709061,0.0700000),(0.0600047,0.0706670,0.0700000),(0.0600958,0.0706607,0.0700000),(0.0607999,0.0709061,0.0700000),(0.0600958,0.0706607,0.0700000),(0.0601844,0.0706503,0.0700000),(0.0607999,0.0709061,0.0700000),(0.0601844,0.0706503,0.0700000),(0.0602705,0.0706357,0.0700000),(0.0607999,0.0709061,0.0700000),(0.0602705,0.0706357,0.0700000),(0.0603540,0.0706170,0.0700000),(0.0607999,0.0709061,0.0700000),(0.0603540,0.0706170,0.0700000),(0.0604350,0.0705940,0.0700000),(0.0607999,0.0709061,0.0700000),(0.0604350,0.0705940,0.0700000),(0.0605135,0.0705669,0.0700000),(0.0607999,0.0709061,0.0700000),(0.0605135,0.0705669,0.0700000),(0.0605893,0.0705357,0.0700000),(0.0585870,0.0661806,0.0700000),(0.0607999,0.0709061,0.0700000),(0.0605893,0.0705357,0.0700000),(0.0585870,0.0661806,0.0700000),(0.0605893,0.0705357,0.0700000),(0.0589849,0.0677406,0.0700000),(0.0585870,0.0661806,0.0700000),(0.0589849,0.0677406,0.0700000),(0.0588645,0.0678435,0.0700000),(0.0586114,0.0681487,0.0700000),(0.0585690,0.0682179,0.0700000),(0.0582007,0.0680094,0.0700000),(0.0586565,0.0680821,0.0700000),(0.0586114,0.0681487,0.0700000),(0.0582007,0.0680094,0.0700000),(0.0587550,0.0679573,0.0700000),(0.0586565,0.0680821,0.0700000),(0.0582007,0.0680094,0.0700000),(0.0588645,0.0678435,0.0700000),(0.0587550,0.0679573,0.0700000),(0.0582007,0.0680094,0.0700000),(0.0588645,0.0678435,0.0700000),(0.0582007,0.0680094,0.0700000),(0.0582586,0.0679144,0.0700000),(0.0588645,0.0678435,0.0700000),(0.0582586,0.0679144,0.0700000),(0.0583203,0.0678234,0.0700000),(0.0588645,0.0678435,0.0700000),(0.0583203,0.0678234,0.0700000),(0.0583856,0.0677366,0.0700000),(0.0588645,0.0678435,0.0700000),(0.0583856,0.0677366,0.0700000),(0.0584547,0.0676538,0.0700000),(0.0588645,0.0678435,0.0700000),(0.0584547,0.0676538,0.0700000),(0.0585274,0.0675752,0.0700000),(0.0588645,0.0678435,0.0700000),(0.0585274,0.0675752,0.0700000),(0.0586039,0.0675007,0.0700000),(0.0588645,0.0678435,0.0700000),(0.0586039,0.0675007,0.0700000),(0.0586841,0.0674302,0.0700000),(0.0588645,0.0678435,0.0700000),(0.0586841,0.0674302,0.0700000),(0.0587679,0.0673639,0.0700000),(0.0585870,0.0661806,0.0700000),(0.0588645,0.0678435,0.0700000),(0.0587679,0.0673639,0.0700000),(0.0585870,0.0661806,0.0700000),(0.0587679,0.0673639,0.0700000),(0.0582123,0.0663934,0.0700000),(0.0585870,0.0661806,0.0700000),(0.0582123,0.0663934,0.0700000),(0.0581848,0.0662918,0.0700000),(0.0585870,0.0661806,0.0700000),(0.0581848,0.0662918,0.0700000),(0.0581912,0.0662314,0.0700000),(0.0585870,0.0661806,0.0700000),(0.0581912,0.0662314,0.0700000),(0.0582303,0.0661545,0.0700000),(0.0585870,0.0661806,0.0700000),(0.0582303,0.0661545,0.0700000),(0.0582928,0.0660992,0.0700000),(0.0585870,0.0661806,0.0700000),(0.0582928,0.0660992,0.0700000),(0.0583975,0.0660716,0.0700000),(0.0585870,0.0661806,0.0700000),(0.0583975,0.0660716,0.0700000),(0.0584579,0.0660790,0.0700000),(0.0585870,0.0661806,0.0700000),(0.0584579,0.0660790,0.0700000),(0.0585304,0.0661145,0.0700000),(0.0625134,0.0679586,0.0700000),(0.0625155,0.0679100,0.0700000),(0.0625394,0.0678179,0.0700000),(0.0625134,0.0679586,0.0700000),(0.0625394,0.0678179,0.0700000),(0.0625673,0.0677316,0.0700000),(0.0625134,0.0679586,0.0700000),(0.0625673,0.0677316,0.0700000),(0.0625991,0.0676511,0.0700000),(0.0625134,0.0679586,0.0700000),(0.0625991,0.0676511,0.0700000),(0.0626348,0.0675763,0.0700000),(0.0625134,0.0679586,0.0700000),(0.0626348,0.0675763,0.0700000),(0.0626745,0.0675074,0.0700000),(0.0625134,0.0679586,0.0700000),(0.0626745,0.0675074,0.0700000),(0.0627181,0.0674442,0.0700000),(0.0625134,0.0679586,0.0700000),(0.0627181,0.0674442,0.0700000),(0.0628171,0.0673353,0.0700000),(0.0625134,0.0679586,0.0700000),(0.0628171,0.0673353,0.0700000),(0.0628981,0.0672658,0.0700000),(0.0625134,0.0679586,0.0700000),(0.0628981,0.0672658,0.0700000),(0.0629812,0.0672056,0.0700000),(0.0625134,0.0679586,0.0700000),(0.0629812,0.0672056,0.0700000),(0.0630665,0.0671547,0.0700000),(0.0625134,0.0679586,0.0700000),(0.0630665,0.0671547,0.0700000),(0.0631539,0.0671130,0.0700000),(0.0625134,0.0679586,0.0700000),(0.0631539,0.0671130,0.0700000),(0.0632435,0.0670806,0.0700000),(0.0625134,0.0679586,0.0700000),(0.0632435,0.0670806,0.0700000),(0.0633353,0.0670575,0.0700000),(0.0625134,0.0679586,0.0700000),(0.0633353,0.0670575,0.0700000),(0.0634291,0.0670436,0.0700000),(0.0625134,0.0679586,0.0700000),(0.0634291,0.0670436,0.0700000),(0.0635252,0.0670390,0.0700000),(0.0625134,0.0679586,0.0700000),(0.0635252,0.0670390,0.0700000),(0.0636204,0.0670437,0.0700000),(0.0625134,0.0679586,0.0700000),(0.0636204,0.0670437,0.0700000),(0.0637130,0.0670578,0.0700000),(0.0625134,0.0679586,0.0700000),(0.0637130,0.0670578,0.0700000),(0.0638030,0.0670814,0.0700000),(0.0625134,0.0679586,0.0700000),(0.0638030,0.0670814,0.0700000),(0.0638903,0.0671144,0.0700000),(0.0638903,0.0671144,0.0700000),(0.0639749,0.0671568,0.0700000),(0.0640570,0.0672086,0.0700000),(0.0638903,0.0671144,0.0700000),(0.0640570,0.0672086,0.0700000),(0.0641363,0.0672699,0.0700000),(0.0638903,0.0671144,0.0700000),(0.0641363,0.0672699,0.0700000),(0.0642131,0.0673406,0.0700000),(0.0638903,0.0671144,0.0700000),(0.0642131,0.0673406,0.0700000),(0.0642932,0.0674288,0.0700000),(0.0638903,0.0671144,0.0700000),(0.0642932,0.0674288,0.0700000),(0.0643626,0.0675237,0.0700000),(0.0638903,0.0671144,0.0700000),(0.0643626,0.0675237,0.0700000),(0.0644214,0.0676251,0.0700000),(0.0638903,0.0671144,0.0700000),(0.0644214,0.0676251,0.0700000),(0.0644695,0.0677332,0.0700000),(0.0638903,0.0671144,0.0700000),(0.0644695,0.0677332,0.0700000),(0.0645068,0.0678479,0.0700000),(0.0638903,0.0671144,0.0700000),(0.0645068,0.0678479,0.0700000),(0.0645336,0.0679692,0.0700000),(0.0638903,0.0671144,0.0700000),(0.0645336,0.0679692,0.0700000),(0.0645496,0.0680972,0.0700000),(0.0638903,0.0671144,0.0700000),(0.0645496,0.0680972,0.0700000),(0.0645549,0.0682317,0.0700000),(0.0638903,0.0671144,0.0700000),(0.0645549,0.0682317,0.0700000),(0.0645536,0.0683350,0.0700000),(0.0638903,0.0671144,0.0700000),(0.0645536,0.0683350,0.0700000),(0.0645498,0.0684342,0.0700000),(0.0638903,0.0671144,0.0700000),(0.0645498,0.0684342,0.0700000),(0.0645433,0.0685294,0.0700000),(0.0638903,0.0671144,0.0700000),(0.0645433,0.0685294,0.0700000),(0.0645343,0.0686206,0.0700000),(0.0638903,0.0671144,0.0700000),(0.0645343,0.0686206,0.0700000),(0.0645227,0.0687077,0.0700000),(0.0638903,0.0671144,0.0700000),(0.0645227,0.0687077,0.0700000),(0.0645085,0.0687907,0.0700000),(0.0638903,0.0671144,0.0700000),(0.0645085,0.0687907,0.0700000),(0.0644917,0.0688698,0.0700000),(0.0638903,0.0671144,0.0700000),(0.0644917,0.0688698,0.0700000),(0.0644724,0.0689448,0.0700000),(0.0638903,0.0671144,0.0700000),(0.0644724,0.0689448,0.0700000),(0.0644259,0.0690826,0.0700000),(0.0644259,0.0690826,0.0700000),(0.0643692,0.0692042,0.0700000),(0.0643021,0.0693097,0.0700000),(0.0644259,0.0690826,0.0700000),(0.0643021,0.0693097,0.0700000),(0.0642247,0.0693990,0.0700000),(0.0644259,0.0690826,0.0700000),(0.0642247,0.0693990,0.0700000),(0.0641452,0.0694685,0.0700000),(0.0644259,0.0690826,0.0700000),(0.0641452,0.0694685,0.0700000),(0.0640634,0.0695287,0.0700000),(0.0644259,0.0690826,0.0700000),(0.0640634,0.0695287,0.0700000),(0.0639792,0.0695796,0.0700000),(0.0644259,0.0690826,0.0700000),(0.0639792,0.0695796,0.0700000),(0.0638927,0.0696213,0.0700000),(0.0644259,0.0690826,0.0700000),(0.0638927,0.0696213,0.0700000),(0.0638038,0.0696537,0.0700000),(0.0644259,0.0690826,0.0700000),(0.0638038,0.0696537,0.0700000),(0.0637125,0.0696769,0.0700000),(0.0644259,0.0690826,0.0700000),(0.0637125,0.0696769,0.0700000),(0.0636190,0.0696907,0.0700000),(0.0644259,0.0690826,0.0700000),(0.0636190,0.0696907,0.0700000),(0.0635230,0.0696954,0.0700000),(0.0644259,0.0690826,0.0700000),(0.0635230,0.0696954,0.0700000),(0.0634377,0.0696921,0.0700000),(0.0644259,0.0690826,0.0700000),(0.0634377,0.0696921,0.0700000),(0.0633554,0.0696823,0.0700000),(0.0644259,0.0690826,0.0700000),(0.0633554,0.0696823,0.0700000),(0.0632759,0.0696661,0.0700000),(0.0644259,0.0690826,0.0700000),(0.0632759,0.0696661,0.0700000),(0.0631995,0.0696433,0.0700000),(0.0644259,0.0690826,0.0700000),(0.0631995,0.0696433,0.0700000),(0.0630553,0.0695781,0.0700000),(0.0644259,0.0690826,0.0700000),(0.0630553,0.0695781,0.0700000),(0.0629230,0.0694869,0.0700000),(0.0629653,0.0706648,0.0700000),(0.0642406,0.0706648,0.0700000),(0.0643221,0.0706807,0.0700000),(0.0629653,0.0706648,0.0700000),(0.0643221,0.0706807,0.0700000),(0.0643909,0.0707283,0.0700000),(0.0629653,0.0706648,0.0700000),(0.0643909,0.0707283,0.0700000),(0.0644377,0.0707976,0.0700000),(0.0629653,0.0706648,0.0700000),(0.0644377,0.0707976,0.0700000),(0.0644533,0.0708786,0.0700000),(0.0629653,0.0706648,0.0700000),(0.0644533,0.0708786,0.0700000),(0.0644377,0.0709593,0.0700000),(0.0629653,0.0706648,0.0700000),(0.0644377,0.0709593,0.0700000),(0.0643909,0.0710278,0.0700000),(0.0629653,0.0706648,0.0700000),(0.0643909,0.0710278,0.0700000),(0.0643221,0.0710754,0.0700000),(0.0629653,0.0706648,0.0700000),(0.0643221,0.0710754,0.0700000),(0.0642406,0.0710913,0.0700000),(0.0629653,0.0706648,0.0700000),(0.0642406,0.0710913,0.0700000),(0.0627684,0.0710913,0.0700000),(0.0629230,0.0694869,0.0700000),(0.0629653,0.0706648,0.0700000),(0.0627684,0.0710913,0.0700000),(0.0629230,0.0694869,0.0700000),(0.0627684,0.0710913,0.0700000),(0.0626880,0.0710773,0.0700000),(0.0629230,0.0694869,0.0700000),(0.0626880,0.0710773,0.0700000),(0.0626182,0.0710352,0.0700000),(0.0629230,0.0694869,0.0700000),(0.0626182,0.0710352,0.0700000),(0.0625705,0.0709701,0.0700000),(0.0629230,0.0694869,0.0700000),(0.0625705,0.0709701,0.0700000),(0.0625547,0.0708913,0.0700000),(0.0629230,0.0694869,0.0700000),(0.0625547,0.0708913,0.0700000),(0.0624742,0.0688265,0.0700000),(0.0629230,0.0694869,0.0700000),(0.0624742,0.0688265,0.0700000),(0.0624875,0.0687471,0.0700000),(0.0629230,0.0694869,0.0700000),(0.0624875,0.0687471,0.0700000),(0.0625271,0.0686762,0.0700000),(0.0629230,0.0694869,0.0700000),(0.0625271,0.0686762,0.0700000),(0.0625922,0.0686222,0.0700000),(0.0629230,0.0694869,0.0700000),(0.0625922,0.0686222,0.0700000),(0.0626753,0.0686042,0.0700000),(0.0629230,0.0694869,0.0700000),(0.0626753,0.0686042,0.0700000),(0.0627565,0.0686177,0.0700000),(0.0629230,0.0694869,0.0700000),(0.0627565,0.0686177,0.0700000),(0.0628288,0.0686582,0.0700000),(0.0629230,0.0694869,0.0700000),(0.0628288,0.0686582,0.0700000),(0.0628912,0.0687598,0.0700000),(0.0629230,0.0694869,0.0700000),(0.0628912,0.0687598,0.0700000),(0.0629252,0.0688449,0.0700000),(0.0629230,0.0694869,0.0700000),(0.0629252,0.0688449,0.0700000),(0.0629743,0.0689289,0.0700000),(0.0629230,0.0694869,0.0700000),(0.0629743,0.0689289,0.0700000),(0.0630385,0.0690116,0.0700000),(0.0629230,0.0694869,0.0700000),(0.0630385,0.0690116,0.0700000),(0.0631177,0.0690932,0.0700000),(0.0629230,0.0694869,0.0700000),(0.0631177,0.0690932,0.0700000),(0.0632133,0.0691710,0.0700000),(0.0629230,0.0694869,0.0700000),(0.0632133,0.0691710,0.0700000),(0.0633127,0.0692265,0.0700000),(0.0629230,0.0694869,0.0700000),(0.0633127,0.0692265,0.0700000),(0.0634160,0.0692599,0.0700000),(0.0629230,0.0694869,0.0700000),(0.0634160,0.0692599,0.0700000),(0.0635230,0.0692710,0.0700000),(0.0629230,0.0694869,0.0700000),(0.0635230,0.0692710,0.0700000),(0.0636295,0.0692599,0.0700000),(0.0644259,0.0690826,0.0700000),(0.0629230,0.0694869,0.0700000),(0.0636295,0.0692599,0.0700000),(0.0644259,0.0690826,0.0700000),(0.0636295,0.0692599,0.0700000),(0.0637321,0.0692265,0.0700000),(0.0644259,0.0690826,0.0700000),(0.0637321,0.0692265,0.0700000),(0.0638306,0.0691710,0.0700000),(0.0644259,0.0690826,0.0700000),(0.0638306,0.0691710,0.0700000),(0.0639252,0.0690932,0.0700000),(0.0644259,0.0690826,0.0700000),(0.0639252,0.0690932,0.0700000),(0.0640155,0.0689646,0.0700000),(0.0644259,0.0690826,0.0700000),(0.0640155,0.0689646,0.0700000),(0.0640510,0.0688785,0.0700000),(0.0644259,0.0690826,0.0700000),(0.0640510,0.0688785,0.0700000),(0.0640800,0.0687778,0.0700000),(0.0644259,0.0690826,0.0700000),(0.0640800,0.0687778,0.0700000),(0.0641026,0.0686626,0.0700000),(0.0644259,0.0690826,0.0700000),(0.0641026,0.0686626,0.0700000),(0.0641187,0.0685328,0.0700000),(0.0644259,0.0690826,0.0700000),(0.0641187,0.0685328,0.0700000),(0.0641284,0.0683885,0.0700000),(0.0644259,0.0690826,0.0700000),(0.0641284,0.0683885,0.0700000),(0.0641316,0.0682296,0.0700000),(0.0644259,0.0690826,0.0700000),(0.0641316,0.0682296,0.0700000),(0.0641281,0.0681381,0.0700000),(0.0644259,0.0690826,0.0700000),(0.0641281,0.0681381,0.0700000),(0.0641178,0.0680517,0.0700000),(0.0644259,0.0690826,0.0700000),(0.0641178,0.0680517,0.0700000),(0.0641006,0.0679701,0.0700000),(0.0638903,0.0671144,0.0700000),(0.0644259,0.0690826,0.0700000),(0.0641006,0.0679701,0.0700000),(0.0638903,0.0671144,0.0700000),(0.0641006,0.0679701,0.0700000),(0.0640765,0.0678936,0.0700000),(0.0638903,0.0671144,0.0700000),(0.0640765,0.0678936,0.0700000),(0.0640078,0.0677553,0.0700000),(0.0638903,0.0671144,0.0700000),(0.0640078,0.0677553,0.0700000),(0.0639114,0.0676369,0.0700000),(0.0638903,0.0671144,0.0700000),(0.0639114,0.0676369,0.0700000),(0.0638202,0.0675610,0.0700000),(0.0638903,0.0671144,0.0700000),(0.0638202,0.0675610,0.0700000),(0.0637241,0.0675067,0.0700000),(0.0638903,0.0671144,0.0700000),(0.0637241,0.0675067,0.0700000),(0.0636233,0.0674742,0.0700000),(0.0638903,0.0671144,0.0700000),(0.0636233,0.0674742,0.0700000),(0.0635177,0.0674633,0.0700000),(0.0638903,0.0671144,0.0700000),(0.0635177,0.0674633,0.0700000),(0.0634152,0.0674746,0.0700000),(0.0638903,0.0671144,0.0700000),(0.0634152,0.0674746,0.0700000),(0.0633127,0.0675083,0.0700000),(0.0638903,0.0671144,0.0700000),(0.0633127,0.0675083,0.0700000),(0.0632104,0.0675646,0.0700000),(0.0625134,0.0679586,0.0700000),(0.0638903,0.0671144,0.0700000),(0.0632104,0.0675646,0.0700000),(0.0625134,0.0679586,0.0700000),(0.0632104,0.0675646,0.0700000),(0.0631082,0.0676433,0.0700000),(0.0625134,0.0679586,0.0700000),(0.0631082,0.0676433,0.0700000),(0.0630060,0.0677861,0.0700000),(0.0625134,0.0679586,0.0700000),(0.0630060,0.0677861,0.0700000),(0.0629665,0.0678862,0.0700000),(0.0625134,0.0679586,0.0700000),(0.0629665,0.0678862,0.0700000),(0.0629346,0.0680052,0.0700000),(0.0625134,0.0679586,0.0700000),(0.0629346,0.0680052,0.0700000),(0.0628906,0.0680779,0.0700000),(0.0625134,0.0679586,0.0700000),(0.0628906,0.0680779,0.0700000),(0.0628420,0.0681298,0.0700000),(0.0625134,0.0679586,0.0700000),(0.0628420,0.0681298,0.0700000),(0.0627314,0.0681714,0.0700000),(0.0625134,0.0679586,0.0700000),(0.0627314,0.0681714,0.0700000),(0.0627240,0.0681714,0.0700000),(0.0625134,0.0679586,0.0700000),(0.0627240,0.0681714,0.0700000),(0.0626501,0.0681557,0.0700000),(0.0625134,0.0679586,0.0700000),(0.0626501,0.0681557,0.0700000),(0.0625904,0.0681150,0.0700000),(0.0682878,0.0670861,0.0700000),(0.0683873,0.0669770,0.0700000),(0.0685006,0.0669495,0.0700000),(0.0682878,0.0670861,0.0700000),(0.0685006,0.0669495,0.0700000),(0.0686016,0.0669749,0.0700000),(0.0682878,0.0670861,0.0700000),(0.0686016,0.0669749,0.0700000),(0.0686784,0.0670511,0.0700000),(0.0682878,0.0670861,0.0700000),(0.0686784,0.0670511,0.0700000),(0.0686858,0.0670575,0.0700000),(0.0682878,0.0670861,0.0700000),(0.0686858,0.0670575,0.0700000),(0.0699314,0.0692249,0.0700000),(0.0682878,0.0670861,0.0700000),(0.0699314,0.0692249,0.0700000),(0.0699589,0.0693318,0.0700000),(0.0682878,0.0670861,0.0700000),(0.0699589,0.0693318,0.0700000),(0.0699312,0.0694411,0.0700000),(0.0682878,0.0670861,0.0700000),(0.0699312,0.0694411,0.0700000),(0.0698478,0.0695192,0.0700000),(0.0682878,0.0670861,0.0700000),(0.0698478,0.0695192,0.0700000),(0.0697409,0.0695488,0.0700000),(0.0682878,0.0670861,0.0700000),(0.0697409,0.0695488,0.0700000),(0.0696322,0.0695210,0.0700000),(0.0682878,0.0670861,0.0700000),(0.0696322,0.0695210,0.0700000),(0.0695557,0.0694377,0.0700000),(0.0682878,0.0670861,0.0700000),(0.0695557,0.0694377,0.0700000),(0.0687133,0.0679719,0.0700000),(0.0682878,0.0670861,0.0700000),(0.0687133,0.0679719,0.0700000),(0.0687133,0.0705796,0.0700000),(0.0687133,0.0705796,0.0700000),(0.0702997,0.0705796,0.0700000),(0.0703847,0.0705955,0.0700000),(0.0687133,0.0705796,0.0700000),(0.0703847,0.0705955,0.0700000),(0.0704553,0.0706431,0.0700000),(0.0687133,0.0705796,0.0700000),(0.0704553,0.0706431,0.0700000),(0.0705029,0.0707127,0.0700000),(0.0687133,0.0705796,0.0700000),(0.0705029,0.0707127,0.0700000),(0.0705188,0.0707945,0.0700000),(0.0687133,0.0705796,0.0700000),(0.0705188,0.0707945,0.0700000),(0.0705029,0.0708765,0.0700000),(0.0687133,0.0705796,0.0700000),(0.0705029,0.0708765,0.0700000),(0.0704553,0.0709469,0.0700000),(0.0687133,0.0705796,0.0700000),(0.0704553,0.0709469,0.0700000),(0.0703847,0.0709961,0.0700000),(0.0687133,0.0705796,0.0700000),(0.0703847,0.0709961,0.0700000),(0.0702997,0.0710125,0.0700000),(0.0687133,0.0705796,0.0700000),(0.0702997,0.0710125,0.0700000),(0.0684932,0.0710125,0.0700000),(0.0682878,0.0670861,0.0700000),(0.0687133,0.0705796,0.0700000),(0.0684932,0.0710125,0.0700000),(0.0684932,0.0710125,0.0700000),(0.0666876,0.0710125,0.0700000),(0.0666048,0.0709961,0.0700000),(0.0684932,0.0710125,0.0700000),(0.0666048,0.0709961,0.0700000),(0.0665363,0.0709469,0.0700000),(0.0684932,0.0710125,0.0700000),(0.0665363,0.0709469,0.0700000),(0.0664903,0.0708765,0.0700000),(0.0684932,0.0710125,0.0700000),(0.0664903,0.0708765,0.0700000),(0.0664749,0.0707945,0.0700000),(0.0684932,0.0710125,0.0700000),(0.0664749,0.0707945,0.0700000),(0.0664903,0.0707127,0.0700000),(0.0684932,0.0710125,0.0700000),(0.0664903,0.0707127,0.0700000),(0.0665363,0.0706431,0.0700000),(0.0684932,0.0710125,0.0700000),(0.0665363,0.0706431,0.0700000),(0.0666048,0.0705955,0.0700000),(0.0684932,0.0710125,0.0700000),(0.0666048,0.0705955,0.0700000),(0.0666876,0.0705796,0.0700000),(0.0684932,0.0710125,0.0700000),(0.0666876,0.0705796,0.0700000),(0.0682804,0.0705796,0.0700000),(0.0682878,0.0670861,0.0700000),(0.0684932,0.0710125,0.0700000),(0.0682804,0.0705796,0.0700000),(0.0682878,0.0670861,0.0700000),(0.0682804,0.0705796,0.0700000),(0.0682804,0.0679676,0.0700000),(0.0682878,0.0670861,0.0700000),(0.0682804,0.0679676,0.0700000),(0.0674242,0.0694567,0.0700000),(0.0682878,0.0670861,0.0700000),(0.0674242,0.0694567,0.0700000),(0.0673446,0.0695361,0.0700000),(0.0682878,0.0670861,0.0700000),(0.0673446,0.0695361,0.0700000),(0.0672369,0.0695626,0.0700000),(0.0682878,0.0670861,0.0700000),(0.0672369,0.0695626,0.0700000),(0.0671258,0.0695350,0.0700000),(0.0682878,0.0670861,0.0700000),(0.0671258,0.0695350,0.0700000),(0.0670440,0.0694554,0.0700000),(0.0682878,0.0670861,0.0700000),(0.0670440,0.0694554,0.0700000),(0.0670168,0.0693456,0.0700000),(0.0682878,0.0670861,0.0700000),(0.0670168,0.0693456,0.0700000),(0.0670485,0.0692366,0.0700000),(0.0728471,0.0710675,0.0700000),(0.0727297,0.0710209,0.0700000),(0.0721222,0.0705193,0.0700000),(0.0728471,0.0710675,0.0700000),(0.0721222,0.0705193,0.0700000),(0.0720645,0.0704516,0.0700000),(0.0728471,0.0710675,0.0700000),(0.0720645,0.0704516,0.0700000),(0.0720396,0.0703796,0.0700000),(0.0728471,0.0710675,0.0700000),(0.0720396,0.0703796,0.0700000),(0.0720396,0.0703457,0.0700000),(0.0728471,0.0710675,0.0700000),(0.0720396,0.0703457,0.0700000),(0.0720735,0.0702177,0.0700000),(0.0728471,0.0710675,0.0700000),(0.0720735,0.0702177,0.0700000),(0.0721328,0.0701608,0.0700000),(0.0728471,0.0710675,0.0700000),(0.0721328,0.0701608,0.0700000),(0.0722132,0.0701319,0.0700000),(0.0728471,0.0710675,0.0700000),(0.0722132,0.0701319,0.0700000),(0.0722545,0.0701298,0.0700000),(0.0728471,0.0710675,0.0700000),(0.0722545,0.0701298,0.0700000),(0.0723698,0.0701669,0.0700000),(0.0728471,0.0710675,0.0700000),(0.0723698,0.0701669,0.0700000),(0.0726408,0.0704060,0.0700000),(0.0728471,0.0710675,0.0700000),(0.0726408,0.0704060,0.0700000),(0.0726408,0.0672205,0.0700000),(0.0728471,0.0710675,0.0700000),(0.0726408,0.0672205,0.0700000),(0.0726561,0.0671384,0.0700000),(0.0728471,0.0710675,0.0700000),(0.0726561,0.0671384,0.0700000),(0.0727021,0.0670702,0.0700000),(0.0728471,0.0710675,0.0700000),(0.0727021,0.0670702,0.0700000),(0.0727704,0.0670241,0.0700000),(0.0728471,0.0710675,0.0700000),(0.0727704,0.0670241,0.0700000),(0.0728524,0.0670088,0.0700000),(0.0728471,0.0710675,0.0700000),(0.0728524,0.0670088,0.0700000),(0.0729352,0.0670241,0.0700000),(0.0728471,0.0710675,0.0700000),(0.0729352,0.0670241,0.0700000),(0.0730038,0.0670702,0.0700000),(0.0728471,0.0710675,0.0700000),(0.0730038,0.0670702,0.0700000),(0.0730498,0.0671384,0.0700000),(0.0728471,0.0710675,0.0700000),(0.0730498,0.0671384,0.0700000),(0.0730652,0.0672205,0.0700000),(0.0728471,0.0710675,0.0700000),(0.0730652,0.0672205,0.0700000),(0.0730652,0.0708474,0.0700000),(0.0728471,0.0710675,0.0700000),(0.0730652,0.0708474,0.0700000),(0.0730368,0.0709606,0.0700000),(0.0728471,0.0710675,0.0700000),(0.0730368,0.0709606,0.0700000),(0.0729519,0.0710358,0.0700000),(0.0529277,0.0738291,0.0700000),(0.0530247,0.0737884,0.0700000),(0.0531227,0.0737532,0.0700000),(0.0529277,0.0738291,0.0700000),(0.0531227,0.0737532,0.0700000),(0.0532217,0.0737234,0.0700000),(0.0529277,0.0738291,0.0700000),(0.0532217,0.0737234,0.0700000),(0.0533216,0.0736989,0.0700000),(0.0529277,0.0738291,0.0700000),(0.0533216,0.0736989,0.0700000),(0.0534225,0.0736800,0.0700000),(0.0529277,0.0738291,0.0700000),(0.0534225,0.0736800,0.0700000),(0.0535244,0.0736664,0.0700000),(0.0529277,0.0738291,0.0700000),(0.0535244,0.0736664,0.0700000),(0.0536272,0.0736583,0.0700000),(0.0529277,0.0738291,0.0700000),(0.0536272,0.0736583,0.0700000),(0.0537310,0.0736556,0.0700000),(0.0529277,0.0738291,0.0700000),(0.0537310,0.0736556,0.0700000),(0.0538667,0.0736599,0.0700000),(0.0529277,0.0738291,0.0700000),(0.0538667,0.0736599,0.0700000),(0.0540000,0.0736728,0.0700000),(0.0529277,0.0738291,0.0700000),(0.0540000,0.0736728,0.0700000),(0.0541307,0.0736944,0.0700000),(0.0529277,0.0738291,0.0700000),(0.0541307,0.0736944,0.0700000),(0.0542588,0.0737246,0.0700000),(0.0529277,0.0738291,0.0700000),(0.0542588,0.0737246,0.0700000),(0.0543844,0.0737635,0.0700000),(0.0529277,0.0738291,0.0700000),(0.0543844,0.0737635,0.0700000),(0.0545074,0.0738109,0.0700000),(0.0529277,0.0738291,0.0700000),(0.0545074,0.0738109,0.0700000),(0.0546279,0.0738670,0.0700000),(0.0529277,0.0738291,0.0700000),(0.0546279,0.0738670,0.0700000),(0.0547459,0.0739318,0.0700000),(0.0529277,0.0738291,0.0700000),(0.0547459,0.0739318,0.0700000),(0.0548595,0.0740042,0.0700000),(0.0529277,0.0738291,0.0700000),(0.0548595,0.0740042,0.0700000),(0.0549668,0.0740827,0.0700000),(0.0529277,0.0738291,0.0700000),(0.0549668,0.0740827,0.0700000),(0.0550680,0.0741674,0.0700000),(0.0529277,0.0738291,0.0700000),(0.0550680,0.0741674,0.0700000),(0.0551629,0.0742583,0.0700000),(0.0529277,0.0738291,0.0700000),(0.0551629,0.0742583,0.0700000),(0.0552516,0.0743553,0.0700000),(0.0552516,0.0743553,0.0700000),(0.0553341,0.0744584,0.0700000),(0.0554103,0.0745677,0.0700000),(0.0552516,0.0743553,0.0700000),(0.0554103,0.0745677,0.0700000),(0.0554804,0.0746832,0.0700000),(0.0552516,0.0743553,0.0700000),(0.0554804,0.0746832,0.0700000),(0.0555434,0.0748030,0.0700000),(0.0552516,0.0743553,0.0700000),(0.0555434,0.0748030,0.0700000),(0.0555980,0.0749252,0.0700000),(0.0552516,0.0743553,0.0700000),(0.0555980,0.0749252,0.0700000),(0.0556442,0.0750500,0.0700000),(0.0552516,0.0743553,0.0700000),(0.0556442,0.0750500,0.0700000),(0.0556820,0.0751772,0.0700000),(0.0552516,0.0743553,0.0700000),(0.0556820,0.0751772,0.0700000),(0.0557114,0.0753069,0.0700000),(0.0552516,0.0743553,0.0700000),(0.0557114,0.0753069,0.0700000),(0.0557324,0.0754390,0.0700000),(0.0552516,0.0743553,0.0700000),(0.0557324,0.0754390,0.0700000),(0.0557450,0.0755737,0.0700000),(0.0552516,0.0743553,0.0700000),(0.0557450,0.0755737,0.0700000),(0.0557492,0.0757108,0.0700000),(0.0552516,0.0743553,0.0700000),(0.0557492,0.0757108,0.0700000),(0.0557450,0.0758425,0.0700000),(0.0552516,0.0743553,0.0700000),(0.0557450,0.0758425,0.0700000),(0.0557324,0.0759733,0.0700000),(0.0552516,0.0743553,0.0700000),(0.0557324,0.0759733,0.0700000),(0.0557114,0.0761034,0.0700000),(0.0552516,0.0743553,0.0700000),(0.0557114,0.0761034,0.0700000),(0.0556820,0.0762326,0.0700000),(0.0552516,0.0743553,0.0700000),(0.0556820,0.0762326,0.0700000),(0.0556442,0.0763611,0.0700000),(0.0552516,0.0743553,0.0700000),(0.0556442,0.0763611,0.0700000),(0.0555980,0.0764887,0.0700000),(0.0555980,0.0764887,0.0700000),(0.0552062,0.0763472,0.0700000),(0.0552428,0.0762494,0.0700000),(0.0555980,0.0764887,0.0700000),(0.0552428,0.0762494,0.0700000),(0.0552727,0.0761482,0.0700000),(0.0555980,0.0764887,0.0700000),(0.0552727,0.0761482,0.0700000),(0.0552960,0.0760438,0.0700000),(0.0555980,0.0764887,0.0700000),(0.0552960,0.0760438,0.0700000),(0.0553126,0.0759361,0.0700000),(0.0555980,0.0764887,0.0700000),(0.0553126,0.0759361,0.0700000),(0.0553225,0.0758251,0.0700000),(0.0555980,0.0764887,0.0700000),(0.0553225,0.0758251,0.0700000),(0.0553259,0.0757108,0.0700000),(0.0555980,0.0764887,0.0700000),(0.0553259,0.0757108,0.0700000),(0.0553225,0.0756008,0.0700000),(0.0552516,0.0743553,0.0700000),(0.0555980,0.0764887,0.0700000),(0.0553225,0.0756008,0.0700000),(0.0552516,0.0743553,0.0700000),(0.0553225,0.0756008,0.0700000),(0.0553124,0.0754930,0.0700000),(0.0552516,0.0743553,0.0700000),(0.0553124,0.0754930,0.0700000),(0.0552957,0.0753873,0.0700000),(0.0552516,0.0743553,0.0700000),(0.0552957,0.0753873,0.0700000),(0.0552722,0.0752838,0.0700000),(0.0552516,0.0743553,0.0700000),(0.0552722,0.0752838,0.0700000),(0.0552419,0.0751825,0.0700000),(0.0552516,0.0743553,0.0700000),(0.0552419,0.0751825,0.0700000),(0.0552050,0.0750834,0.0700000),(0.0552516,0.0743553,0.0700000),(0.0552050,0.0750834,0.0700000),(0.0551614,0.0749864,0.0700000),(0.0552516,0.0743553,0.0700000),(0.0551614,0.0749864,0.0700000),(0.0551110,0.0748917,0.0700000),(0.0552516,0.0743553,0.0700000),(0.0551110,0.0748917,0.0700000),(0.0550552,0.0748005,0.0700000),(0.0552516,0.0743553,0.0700000),(0.0550552,0.0748005,0.0700000),(0.0549945,0.0747142,0.0700000),(0.0552516,0.0743553,0.0700000),(0.0549945,0.0747142,0.0700000),(0.0549291,0.0746327,0.0700000),(0.0552516,0.0743553,0.0700000),(0.0549291,0.0746327,0.0700000),(0.0548589,0.0745562,0.0700000),(0.0552516,0.0743553,0.0700000),(0.0548589,0.0745562,0.0700000),(0.0547839,0.0744846,0.0700000),(0.0552516,0.0743553,0.0700000),(0.0547839,0.0744846,0.0700000),(0.0547040,0.0744178,0.0700000),(0.0552516,0.0743553,0.0700000),(0.0547040,0.0744178,0.0700000),(0.0546194,0.0743560,0.0700000),(0.0552516,0.0743553,0.0700000),(0.0546194,0.0743560,0.0700000),(0.0545300,0.0742990,0.0700000),(0.0552516,0.0743553,0.0700000),(0.0545300,0.0742990,0.0700000),(0.0544374,0.0742479,0.0700000),(0.0552516,0.0743553,0.0700000),(0.0544374,0.0742479,0.0700000),(0.0543427,0.0742036,0.0700000),(0.0552516,0.0743553,0.0700000),(0.0543427,0.0742036,0.0700000),(0.0542460,0.0741662,0.0700000),(0.0552516,0.0743553,0.0700000),(0.0542460,0.0741662,0.0700000),(0.0541471,0.0741355,0.0700000),(0.0529277,0.0738291,0.0700000),(0.0552516,0.0743553,0.0700000),(0.0541471,0.0741355,0.0700000),(0.0529277,0.0738291,0.0700000),(0.0541471,0.0741355,0.0700000),(0.0540462,0.0741117,0.0700000),(0.0529277,0.0738291,0.0700000),(0.0540462,0.0741117,0.0700000),(0.0539432,0.0740946,0.0700000),(0.0529277,0.0738291,0.0700000),(0.0539432,0.0740946,0.0700000),(0.0538381,0.0740844,0.0700000),(0.0529277,0.0738291,0.0700000),(0.0538381,0.0740844,0.0700000),(0.0537310,0.0740810,0.0700000),(0.0529277,0.0738291,0.0700000),(0.0537310,0.0740810,0.0700000),(0.0535774,0.0740881,0.0700000),(0.0529277,0.0738291,0.0700000),(0.0535774,0.0740881,0.0700000),(0.0534277,0.0741093,0.0700000),(0.0529277,0.0738291,0.0700000),(0.0534277,0.0741093,0.0700000),(0.0532821,0.0741447,0.0700000),(0.0529277,0.0738291,0.0700000),(0.0532821,0.0741447,0.0700000),(0.0531404,0.0741942,0.0700000),(0.0529277,0.0738291,0.0700000),(0.0531404,0.0741942,0.0700000),(0.0547374,0.0769777,0.0700000),(0.0523668,0.0728544,0.0700000),(0.0529277,0.0738291,0.0700000),(0.0547374,0.0769777,0.0700000),(0.0551630,0.0764418,0.0700000),(0.0552062,0.0763472,0.0700000),(0.0555980,0.0764887,0.0700000),(0.0551131,0.0765332,0.0700000),(0.0551630,0.0764418,0.0700000),(0.0555980,0.0764887,0.0700000),(0.0550452,0.0766371,0.0700000),(0.0551131,0.0765332,0.0700000),(0.0555980,0.0764887,0.0700000),(0.0549599,0.0767459,0.0700000),(0.0550452,0.0766371,0.0700000),(0.0555980,0.0764887,0.0700000),(0.0549108,0.0768020,0.0700000),(0.0549599,0.0767459,0.0700000),(0.0555980,0.0764887,0.0700000),(0.0548574,0.0768594,0.0700000),(0.0549108,0.0768020,0.0700000),(0.0555980,0.0764887,0.0700000),(0.0547996,0.0769179,0.0700000),(0.0548574,0.0768594,0.0700000),(0.0555980,0.0764887,0.0700000),(0.0547374,0.0769777,0.0700000),(0.0547996,0.0769179,0.0700000),(0.0555980,0.0764887,0.0700000),(0.0547374,0.0769777,0.0700000),(0.0555980,0.0764887,0.0700000),(0.0555434,0.0766156,0.0700000),(0.0547374,0.0769777,0.0700000),(0.0555434,0.0766156,0.0700000),(0.0554804,0.0767417,0.0700000),(0.0547374,0.0769777,0.0700000),(0.0554804,0.0767417,0.0700000),(0.0554302,0.0768284,0.0700000),(0.0547374,0.0769777,0.0700000),(0.0554302,0.0768284,0.0700000),(0.0553754,0.0769118,0.0700000),(0.0547374,0.0769777,0.0700000),(0.0553754,0.0769118,0.0700000),(0.0553160,0.0769919,0.0700000),(0.0547374,0.0769777,0.0700000),(0.0553160,0.0769919,0.0700000),(0.0552520,0.0770687,0.0700000),(0.0547374,0.0769777,0.0700000),(0.0552520,0.0770687,0.0700000),(0.0551835,0.0771422,0.0700000),(0.0547374,0.0769777,0.0700000),(0.0551835,0.0771422,0.0700000),(0.0551103,0.0772124,0.0700000),(0.0547374,0.0769777,0.0700000),(0.0551103,0.0772124,0.0700000),(0.0550325,0.0772792,0.0700000),(0.0547374,0.0769777,0.0700000),(0.0550325,0.0772792,0.0700000),(0.0549502,0.0773428,0.0700000),(0.0547374,0.0769777,0.0700000),(0.0549502,0.0773428,0.0700000),(0.0554920,0.0782953,0.0700000),(0.0523668,0.0728544,0.0700000),(0.0547374,0.0769777,0.0700000),(0.0554920,0.0782953,0.0700000),(0.0523668,0.0728544,0.0700000),(0.0554920,0.0782953,0.0700000),(0.0555206,0.0783990,0.0700000),(0.0523668,0.0728544,0.0700000),(0.0555206,0.0783990,0.0700000),(0.0555132,0.0784593,0.0700000),(0.0523668,0.0728544,0.0700000),(0.0555132,0.0784593,0.0700000),(0.0554746,0.0785345,0.0700000),(0.0523668,0.0728544,0.0700000),(0.0554746,0.0785345,0.0700000),(0.0554095,0.0785884,0.0700000),(0.0523668,0.0728544,0.0700000),(0.0554095,0.0785884,0.0700000),(0.0553068,0.0786191,0.0700000),(0.0523668,0.0728544,0.0700000),(0.0553068,0.0786191,0.0700000),(0.0552465,0.0786117,0.0700000),(0.0523668,0.0728544,0.0700000),(0.0552465,0.0786117,0.0700000),(0.0551708,0.0785731,0.0700000),(0.0523668,0.0728544,0.0700000),(0.0551708,0.0785731,0.0700000),(0.0551153,0.0785080,0.0700000),(0.0523668,0.0728544,0.0700000),(0.0551153,0.0785080,0.0700000),(0.0545797,0.0775799,0.0700000),(0.0545797,0.0775799,0.0700000),(0.0544791,0.0776243,0.0700000),(0.0543752,0.0776627,0.0700000),(0.0545797,0.0775799,0.0700000),(0.0543752,0.0776627,0.0700000),(0.0542680,0.0776953,0.0700000),(0.0545797,0.0775799,0.0700000),(0.0542680,0.0776953,0.0700000),(0.0541575,0.0777219,0.0700000),(0.0545797,0.0775799,0.0700000),(0.0541575,0.0777219,0.0700000),(0.0540436,0.0777427,0.0700000),(0.0545797,0.0775799,0.0700000),(0.0540436,0.0777427,0.0700000),(0.0539265,0.0777575,0.0700000),(0.0545797,0.0775799,0.0700000),(0.0539265,0.0777575,0.0700000),(0.0538060,0.0777663,0.0700000),(0.0545797,0.0775799,0.0700000),(0.0538060,0.0777663,0.0700000),(0.0536823,0.0777693,0.0700000),(0.0545797,0.0775799,0.0700000),(0.0536823,0.0777693,0.0700000),(0.0535577,0.0777650,0.0700000),(0.0545797,0.0775799,0.0700000),(0.0535577,0.0777650,0.0700000),(0.0534342,0.0777520,0.0700000),(0.0545797,0.0775799,0.0700000),(0.0534342,0.0777520,0.0700000),(0.0533117,0.0777303,0.0700000),(0.0545797,0.0775799,0.0700000),(0.0533117,0.0777303,0.0700000),(0.0531904,0.0777000,0.0700000),(0.0545797,0.0775799,0.0700000),(0.0531904,0.0777000,0.0700000),(0.0530702,0.0776610,0.0700000),(0.0545797,0.0775799,0.0700000),(0.0530702,0.0776610,0.0700000),(0.0529510,0.0776133,0.0700000),(0.0545797,0.0775799,0.0700000),(0.0529510,0.0776133,0.0700000),(0.0528330,0.0775570,0.0700000),(0.0545797,0.0775799,0.0700000),(0.0528330,0.0775570,0.0700000),(0.0527160,0.0774920,0.0700000),(0.0545797,0.0775799,0.0700000),(0.0527160,0.0774920,0.0700000),(0.0526029,0.0774199,0.0700000),(0.0545797,0.0775799,0.0700000),(0.0526029,0.0774199,0.0700000),(0.0524959,0.0773415,0.0700000),(0.0545797,0.0775799,0.0700000),(0.0524959,0.0773415,0.0700000),(0.0523949,0.0772569,0.0700000),(0.0545797,0.0775799,0.0700000),(0.0523949,0.0772569,0.0700000),(0.0523001,0.0771660,0.0700000),(0.0545797,0.0775799,0.0700000),(0.0523001,0.0771660,0.0700000),(0.0522113,0.0770690,0.0700000),(0.0522113,0.0770690,0.0700000),(0.0521286,0.0769658,0.0700000),(0.0520520,0.0768563,0.0700000),(0.0522113,0.0770690,0.0700000),(0.0520520,0.0768563,0.0700000),(0.0519815,0.0767406,0.0700000),(0.0522113,0.0770690,0.0700000),(0.0519815,0.0767406,0.0700000),(0.0519183,0.0766208,0.0700000),(0.0522113,0.0770690,0.0700000),(0.0519183,0.0766208,0.0700000),(0.0518635,0.0764984,0.0700000),(0.0522113,0.0770690,0.0700000),(0.0518635,0.0764984,0.0700000),(0.0518171,0.0763735,0.0700000),(0.0522113,0.0770690,0.0700000),(0.0518171,0.0763735,0.0700000),(0.0517791,0.0762461,0.0700000),(0.0522113,0.0770690,0.0700000),(0.0517791,0.0762461,0.0700000),(0.0517496,0.0761161,0.0700000),(0.0522113,0.0770690,0.0700000),(0.0517496,0.0761161,0.0700000),(0.0517285,0.0759836,0.0700000),(0.0522113,0.0770690,0.0700000),(0.0517285,0.0759836,0.0700000),(0.0517159,0.0758485,0.0700000),(0.0522113,0.0770690,0.0700000),(0.0517159,0.0758485,0.0700000),(0.0517117,0.0757108,0.0700000),(0.0522113,0.0770690,0.0700000),(0.0517117,0.0757108,0.0700000),(0.0517159,0.0755728,0.0700000),(0.0522113,0.0770690,0.0700000),(0.0517159,0.0755728,0.0700000),(0.0517285,0.0754375,0.0700000),(0.0522113,0.0770690,0.0700000),(0.0517285,0.0754375,0.0700000),(0.0517495,0.0753049,0.0700000),(0.0522113,0.0770690,0.0700000),(0.0517495,0.0753049,0.0700000),(0.0517789,0.0751751,0.0700000),(0.0522113,0.0770690,0.0700000),(0.0517789,0.0751751,0.0700000),(0.0518167,0.0750480,0.0700000),(0.0522113,0.0770690,0.0700000),(0.0518167,0.0750480,0.0700000),(0.0518629,0.0749236,0.0700000),(0.0522113,0.0770690,0.0700000),(0.0518629,0.0749236,0.0700000),(0.0519175,0.0748020,0.0700000),(0.0522113,0.0770690,0.0700000),(0.0519175,0.0748020,0.0700000),(0.0519805,0.0746832,0.0700000),(0.0519805,0.0746832,0.0700000),(0.0523488,0.0748917,0.0700000),(0.0522994,0.0749864,0.0700000),(0.0519805,0.0746832,0.0700000),(0.0522994,0.0749864,0.0700000),(0.0522566,0.0750833,0.0700000),(0.0519805,0.0746832,0.0700000),(0.0522566,0.0750833,0.0700000),(0.0522204,0.0751824,0.0700000),(0.0519805,0.0746832,0.0700000),(0.0522204,0.0751824,0.0700000),(0.0521908,0.0752835,0.0700000),(0.0519805,0.0746832,0.0700000),(0.0521908,0.0752835,0.0700000),(0.0521678,0.0753869,0.0700000),(0.0519805,0.0746832,0.0700000),(0.0521678,0.0753869,0.0700000),(0.0521513,0.0754924,0.0700000),(0.0519805,0.0746832,0.0700000),(0.0521513,0.0754924,0.0700000),(0.0521415,0.0756000,0.0700000),(0.0519805,0.0746832,0.0700000),(0.0521415,0.0756000,0.0700000),(0.0521382,0.0757098,0.0700000),(0.0519805,0.0746832,0.0700000),(0.0521382,0.0757098,0.0700000),(0.0521415,0.0758196,0.0700000),(0.0522113,0.0770690,0.0700000),(0.0519805,0.0746832,0.0700000),(0.0521415,0.0758196,0.0700000),(0.0522113,0.0770690,0.0700000),(0.0521415,0.0758196,0.0700000),(0.0521515,0.0759273,0.0700000),(0.0522113,0.0770690,0.0700000),(0.0521515,0.0759273,0.0700000),(0.0521682,0.0760330,0.0700000),(0.0522113,0.0770690,0.0700000),(0.0521682,0.0760330,0.0700000),(0.0521916,0.0761366,0.0700000),(0.0522113,0.0770690,0.0700000),(0.0521916,0.0761366,0.0700000),(0.0522217,0.0762380,0.0700000),(0.0522113,0.0770690,0.0700000),(0.0522217,0.0762380,0.0700000),(0.0522584,0.0763374,0.0700000),(0.0522113,0.0770690,0.0700000),(0.0522584,0.0763374,0.0700000),(0.0523018,0.0764348,0.0700000),(0.0522113,0.0770690,0.0700000),(0.0523018,0.0764348,0.0700000),(0.0523519,0.0765300,0.0700000),(0.0522113,0.0770690,0.0700000),(0.0523519,0.0765300,0.0700000),(0.0524078,0.0766219,0.0700000),(0.0522113,0.0770690,0.0700000),(0.0524078,0.0766219,0.0700000),(0.0524684,0.0767088,0.0700000),(0.0522113,0.0770690,0.0700000),(0.0524684,0.0767088,0.0700000),(0.0525339,0.0767907,0.0700000),(0.0522113,0.0770690,0.0700000),(0.0525339,0.0767907,0.0700000),(0.0526041,0.0768676,0.0700000),(0.0522113,0.0770690,0.0700000),(0.0526041,0.0768676,0.0700000),(0.0526791,0.0769394,0.0700000),(0.0522113,0.0770690,0.0700000),(0.0526791,0.0769394,0.0700000),(0.0527589,0.0770062,0.0700000),(0.0522113,0.0770690,0.0700000),(0.0527589,0.0770062,0.0700000),(0.0528436,0.0770680,0.0700000),(0.0522113,0.0770690,0.0700000),(0.0528436,0.0770680,0.0700000),(0.0529330,0.0771248,0.0700000),(0.0522113,0.0770690,0.0700000),(0.0529330,0.0771248,0.0700000),(0.0530250,0.0771759,0.0700000),(0.0522113,0.0770690,0.0700000),(0.0530250,0.0771759,0.0700000),(0.0531177,0.0772202,0.0700000),(0.0522113,0.0770690,0.0700000),(0.0531177,0.0772202,0.0700000),(0.0532108,0.0772576,0.0700000),(0.0522113,0.0770690,0.0700000),(0.0532108,0.0772576,0.0700000),(0.0533044,0.0772883,0.0700000),(0.0522113,0.0770690,0.0700000),(0.0533044,0.0772883,0.0700000),(0.0533986,0.0773121,0.0700000),(0.0545797,0.0775799,0.0700000),(0.0522113,0.0770690,0.0700000),(0.0533986,0.0773121,0.0700000),(0.0545797,0.0775799,0.0700000),(0.0533986,0.0773121,0.0700000),(0.0534934,0.0773292,0.0700000),(0.0545797,0.0775799,0.0700000),(0.0534934,0.0773292,0.0700000),(0.0535886,0.0773394,0.0700000),(0.0545797,0.0775799,0.0700000),(0.0535886,0.0773394,0.0700000),(0.0536844,0.0773428,0.0700000),(0.0545797,0.0775799,0.0700000),(0.0536844,0.0773428,0.0700000),(0.0536907,0.0773428,0.0700000),(0.0545797,0.0775799,0.0700000),(0.0536907,0.0773428,0.0700000),(0.0537845,0.0773407,0.0700000),(0.0545797,0.0775799,0.0700000),(0.0537845,0.0773407,0.0700000),(0.0538756,0.0773345,0.0700000),(0.0545797,0.0775799,0.0700000),(0.0538756,0.0773345,0.0700000),(0.0539642,0.0773240,0.0700000),(0.0545797,0.0775799,0.0700000),(0.0539642,0.0773240,0.0700000),(0.0540503,0.0773095,0.0700000),(0.0545797,0.0775799,0.0700000),(0.0540503,0.0773095,0.0700000),(0.0541338,0.0772907,0.0700000),(0.0545797,0.0775799,0.0700000),(0.0541338,0.0772907,0.0700000),(0.0542148,0.0772678,0.0700000),(0.0545797,0.0775799,0.0700000),(0.0542148,0.0772678,0.0700000),(0.0542932,0.0772407,0.0700000),(0.0545797,0.0775799,0.0700000),(0.0542932,0.0772407,0.0700000),(0.0543691,0.0772094,0.0700000),(0.0523668,0.0728544,0.0700000),(0.0545797,0.0775799,0.0700000),(0.0543691,0.0772094,0.0700000),(0.0523668,0.0728544,0.0700000),(0.0543691,0.0772094,0.0700000),(0.0527647,0.0744144,0.0700000),(0.0523668,0.0728544,0.0700000),(0.0527647,0.0744144,0.0700000),(0.0526442,0.0745172,0.0700000),(0.0523912,0.0748224,0.0700000),(0.0523488,0.0748917,0.0700000),(0.0519805,0.0746832,0.0700000),(0.0524363,0.0747559,0.0700000),(0.0523912,0.0748224,0.0700000),(0.0519805,0.0746832,0.0700000),(0.0525348,0.0746311,0.0700000),(0.0524363,0.0747559,0.0700000),(0.0519805,0.0746832,0.0700000),(0.0526442,0.0745172,0.0700000),(0.0525348,0.0746311,0.0700000),(0.0519805,0.0746832,0.0700000),(0.0526442,0.0745172,0.0700000),(0.0519805,0.0746832,0.0700000),(0.0520384,0.0745881,0.0700000),(0.0526442,0.0745172,0.0700000),(0.0520384,0.0745881,0.0700000),(0.0521001,0.0744972,0.0700000),(0.0526442,0.0745172,0.0700000),(0.0521001,0.0744972,0.0700000),(0.0521654,0.0744103,0.0700000),(0.0526442,0.0745172,0.0700000),(0.0521654,0.0744103,0.0700000),(0.0522345,0.0743276,0.0700000),(0.0526442,0.0745172,0.0700000),(0.0522345,0.0743276,0.0700000),(0.0523072,0.0742490,0.0700000),(0.0526442,0.0745172,0.0700000),(0.0523072,0.0742490,0.0700000),(0.0523837,0.0741744,0.0700000),(0.0526442,0.0745172,0.0700000),(0.0523837,0.0741744,0.0700000),(0.0524639,0.0741040,0.0700000),(0.0526442,0.0745172,0.0700000),(0.0524639,0.0741040,0.0700000),(0.0525477,0.0740376,0.0700000),(0.0523668,0.0728544,0.0700000),(0.0526442,0.0745172,0.0700000),(0.0525477,0.0740376,0.0700000),(0.0523668,0.0728544,0.0700000),(0.0525477,0.0740376,0.0700000),(0.0519921,0.0730671,0.0700000),(0.0523668,0.0728544,0.0700000),(0.0519921,0.0730671,0.0700000),(0.0519646,0.0729655,0.0700000),(0.0523668,0.0728544,0.0700000),(0.0519646,0.0729655,0.0700000),(0.0519709,0.0729052,0.0700000),(0.0523668,0.0728544,0.0700000),(0.0519709,0.0729052,0.0700000),(0.0520101,0.0728282,0.0700000),(0.0523668,0.0728544,0.0700000),(0.0520101,0.0728282,0.0700000),(0.0520725,0.0727729,0.0700000),(0.0523668,0.0728544,0.0700000),(0.0520725,0.0727729,0.0700000),(0.0521773,0.0727454,0.0700000),(0.0523668,0.0728544,0.0700000),(0.0521773,0.0727454,0.0700000),(0.0522376,0.0727528,0.0700000),(0.0523668,0.0728544,0.0700000),(0.0522376,0.0727528,0.0700000),(0.0523101,0.0727883,0.0700000),(0.0578796,0.0760008,0.0700000),(0.0579272,0.0760495,0.0700000),(0.0579833,0.0761271,0.0700000),(0.0578796,0.0760008,0.0700000),(0.0579833,0.0761271,0.0700000),(0.0580319,0.0762085,0.0700000),(0.0578796,0.0760008,0.0700000),(0.0580319,0.0762085,0.0700000),(0.0580730,0.0762936,0.0700000),(0.0578796,0.0760008,0.0700000),(0.0580730,0.0762936,0.0700000),(0.0581066,0.0763826,0.0700000),(0.0578796,0.0760008,0.0700000),(0.0581066,0.0763826,0.0700000),(0.0581328,0.0764754,0.0700000),(0.0578796,0.0760008,0.0700000),(0.0581328,0.0764754,0.0700000),(0.0581515,0.0765720,0.0700000),(0.0578796,0.0760008,0.0700000),(0.0581515,0.0765720,0.0700000),(0.0581627,0.0766724,0.0700000),(0.0578796,0.0760008,0.0700000),(0.0581627,0.0766724,0.0700000),(0.0581664,0.0767766,0.0700000),(0.0578796,0.0760008,0.0700000),(0.0581664,0.0767766,0.0700000),(0.0581627,0.0768807,0.0700000),(0.0578796,0.0760008,0.0700000),(0.0581627,0.0768807,0.0700000),(0.0581515,0.0769803,0.0700000),(0.0578796,0.0760008,0.0700000),(0.0581515,0.0769803,0.0700000),(0.0581329,0.0770754,0.0700000),(0.0578796,0.0760008,0.0700000),(0.0581329,0.0770754,0.0700000),(0.0581069,0.0771660,0.0700000),(0.0578796,0.0760008,0.0700000),(0.0581069,0.0771660,0.0700000),(0.0580734,0.0772522,0.0700000),(0.0578796,0.0760008,0.0700000),(0.0580734,0.0772522,0.0700000),(0.0580325,0.0773338,0.0700000),(0.0578796,0.0760008,0.0700000),(0.0580325,0.0773338,0.0700000),(0.0579841,0.0774109,0.0700000),(0.0578796,0.0760008,0.0700000),(0.0579841,0.0774109,0.0700000),(0.0579283,0.0774835,0.0700000),(0.0578796,0.0760008,0.0700000),(0.0579283,0.0774835,0.0700000),(0.0578666,0.0775495,0.0700000),(0.0578796,0.0760008,0.0700000),(0.0578666,0.0775495,0.0700000),(0.0577999,0.0776067,0.0700000),(0.0578796,0.0760008,0.0700000),(0.0577999,0.0776067,0.0700000),(0.0577282,0.0776551,0.0700000),(0.0578796,0.0760008,0.0700000),(0.0577282,0.0776551,0.0700000),(0.0576516,0.0776947,0.0700000),(0.0576516,0.0776947,0.0700000),(0.0575700,0.0777255,0.0700000),(0.0574834,0.0777475,0.0700000),(0.0576516,0.0776947,0.0700000),(0.0574834,0.0777475,0.0700000),(0.0573919,0.0777607,0.0700000),(0.0576516,0.0776947,0.0700000),(0.0573919,0.0777607,0.0700000),(0.0572954,0.0777651,0.0700000),(0.0576516,0.0776947,0.0700000),(0.0572954,0.0777651,0.0700000),(0.0571999,0.0777607,0.0700000),(0.0576516,0.0776947,0.0700000),(0.0571999,0.0777607,0.0700000),(0.0571086,0.0777475,0.0700000),(0.0576516,0.0776947,0.0700000),(0.0571086,0.0777475,0.0700000),(0.0570216,0.0777256,0.0700000),(0.0576516,0.0776947,0.0700000),(0.0570216,0.0777256,0.0700000),(0.0569388,0.0776950,0.0700000),(0.0576516,0.0776947,0.0700000),(0.0569388,0.0776950,0.0700000),(0.0568602,0.0776555,0.0700000),(0.0576516,0.0776947,0.0700000),(0.0568602,0.0776555,0.0700000),(0.0567858,0.0776073,0.0700000),(0.0576516,0.0776947,0.0700000),(0.0567858,0.0776073,0.0700000),(0.0567157,0.0775503,0.0700000),(0.0576516,0.0776947,0.0700000),(0.0567157,0.0775503,0.0700000),(0.0566498,0.0774846,0.0700000),(0.0576516,0.0776947,0.0700000),(0.0566498,0.0774846,0.0700000),(0.0565901,0.0774122,0.0700000),(0.0576516,0.0776947,0.0700000),(0.0565901,0.0774122,0.0700000),(0.0565383,0.0773352,0.0700000),(0.0576516,0.0776947,0.0700000),(0.0565383,0.0773352,0.0700000),(0.0564944,0.0772536,0.0700000),(0.0576516,0.0776947,0.0700000),(0.0564944,0.0772536,0.0700000),(0.0564585,0.0771674,0.0700000),(0.0576516,0.0776947,0.0700000),(0.0564585,0.0771674,0.0700000),(0.0564306,0.0770766,0.0700000),(0.0576516,0.0776947,0.0700000),(0.0564306,0.0770766,0.0700000),(0.0564107,0.0769812,0.0700000),(0.0576516,0.0776947,0.0700000),(0.0564107,0.0769812,0.0700000),(0.0563988,0.0768812,0.0700000),(0.0563988,0.0768812,0.0700000),(0.0563948,0.0767766,0.0700000),(0.0564101,0.0766943,0.0700000),(0.0563988,0.0768812,0.0700000),(0.0564101,0.0766943,0.0700000),(0.0564562,0.0766252,0.0700000),(0.0563988,0.0768812,0.0700000),(0.0564562,0.0766252,0.0700000),(0.0565244,0.0765784,0.0700000),(0.0563988,0.0768812,0.0700000),(0.0565244,0.0765784,0.0700000),(0.0566064,0.0765628,0.0700000),(0.0563988,0.0768812,0.0700000),(0.0566064,0.0765628,0.0700000),(0.0566893,0.0765784,0.0700000),(0.0563988,0.0768812,0.0700000),(0.0566893,0.0765784,0.0700000),(0.0567578,0.0766252,0.0700000),(0.0563988,0.0768812,0.0700000),(0.0567578,0.0766252,0.0700000),(0.0568038,0.0766943,0.0700000),(0.0563988,0.0768812,0.0700000),(0.0568038,0.0766943,0.0700000),(0.0568192,0.0767766,0.0700000),(0.0563988,0.0768812,0.0700000),(0.0568192,0.0767766,0.0700000),(0.0568278,0.0769029,0.0700000),(0.0563988,0.0768812,0.0700000),(0.0568278,0.0769029,0.0700000),(0.0568538,0.0770139,0.0700000),(0.0563988,0.0768812,0.0700000),(0.0568538,0.0770139,0.0700000),(0.0568972,0.0771098,0.0700000),(0.0563988,0.0768812,0.0700000),(0.0568972,0.0771098,0.0700000),(0.0569578,0.0771904,0.0700000),(0.0563988,0.0768812,0.0700000),(0.0569578,0.0771904,0.0700000),(0.0570293,0.0772552,0.0700000),(0.0576516,0.0776947,0.0700000),(0.0563988,0.0768812,0.0700000),(0.0570293,0.0772552,0.0700000),(0.0576516,0.0776947,0.0700000),(0.0570293,0.0772552,0.0700000),(0.0571094,0.0773015,0.0700000),(0.0576516,0.0776947,0.0700000),(0.0571094,0.0773015,0.0700000),(0.0571981,0.0773293,0.0700000),(0.0576516,0.0776947,0.0700000),(0.0571981,0.0773293,0.0700000),(0.0572954,0.0773386,0.0700000),(0.0576516,0.0776947,0.0700000),(0.0572954,0.0773386,0.0700000),(0.0573893,0.0773294,0.0700000),(0.0576516,0.0776947,0.0700000),(0.0573893,0.0773294,0.0700000),(0.0574740,0.0773018,0.0700000),(0.0576516,0.0776947,0.0700000),(0.0574740,0.0773018,0.0700000),(0.0575496,0.0772558,0.0700000),(0.0576516,0.0776947,0.0700000),(0.0575496,0.0772558,0.0700000),(0.0576161,0.0771914,0.0700000),(0.0576516,0.0776947,0.0700000),(0.0576161,0.0771914,0.0700000),(0.0576703,0.0771104,0.0700000),(0.0576516,0.0776947,0.0700000),(0.0576703,0.0771104,0.0700000),(0.0577090,0.0770142,0.0700000),(0.0576516,0.0776947,0.0700000),(0.0577090,0.0770142,0.0700000),(0.0577322,0.0769029,0.0700000),(0.0578796,0.0760008,0.0700000),(0.0576516,0.0776947,0.0700000),(0.0577322,0.0769029,0.0700000),(0.0578796,0.0760008,0.0700000),(0.0577322,0.0769029,0.0700000),(0.0577399,0.0767766,0.0700000),(0.0578796,0.0760008,0.0700000),(0.0577399,0.0767766,0.0700000),(0.0577323,0.0766485,0.0700000),(0.0578796,0.0760008,0.0700000),(0.0577323,0.0766485,0.0700000),(0.0577092,0.0765332,0.0700000),(0.0578796,0.0760008,0.0700000),(0.0577092,0.0765332,0.0700000),(0.0576709,0.0764305,0.0700000),(0.0578796,0.0760008,0.0700000),(0.0576709,0.0764305,0.0700000),(0.0576172,0.0763405,0.0700000),(0.0578796,0.0760008,0.0700000),(0.0576172,0.0763405,0.0700000),(0.0575549,0.0762757,0.0700000),(0.0579640,0.0759246,0.0700000),(0.0578796,0.0760008,0.0700000),(0.0575549,0.0762757,0.0700000),(0.0579640,0.0759246,0.0700000),(0.0575549,0.0762757,0.0700000),(0.0574857,0.0762294,0.0700000),(0.0579640,0.0759246,0.0700000),(0.0574857,0.0762294,0.0700000),(0.0574094,0.0762016,0.0700000),(0.0579640,0.0759246,0.0700000),(0.0574094,0.0762016,0.0700000),(0.0573261,0.0761924,0.0700000),(0.0579640,0.0759246,0.0700000),(0.0573261,0.0761924,0.0700000),(0.0572838,0.0761924,0.0700000),(0.0579640,0.0759246,0.0700000),(0.0572838,0.0761924,0.0700000),(0.0572171,0.0761924,0.0700000),(0.0579640,0.0759246,0.0700000),(0.0572171,0.0761924,0.0700000),(0.0571356,0.0761768,0.0700000),(0.0579640,0.0759246,0.0700000),(0.0571356,0.0761768,0.0700000),(0.0570668,0.0761299,0.0700000),(0.0579640,0.0759246,0.0700000),(0.0570668,0.0761299,0.0700000),(0.0570200,0.0760614,0.0700000),(0.0579640,0.0759246,0.0700000),(0.0570200,0.0760614,0.0700000),(0.0570044,0.0759807,0.0700000),(0.0579640,0.0759246,0.0700000),(0.0570044,0.0759807,0.0700000),(0.0570200,0.0758998,0.0700000),(0.0579640,0.0759246,0.0700000),(0.0570200,0.0758998,0.0700000),(0.0570668,0.0758304,0.0700000),(0.0579640,0.0759246,0.0700000),(0.0570668,0.0758304,0.0700000),(0.0571356,0.0757828,0.0700000),(0.0579640,0.0759246,0.0700000),(0.0571356,0.0757828,0.0700000),(0.0572171,0.0757669,0.0700000),(0.0579640,0.0759246,0.0700000),(0.0572171,0.0757669,0.0700000),(0.0572838,0.0757669,0.0700000),(0.0579640,0.0759246,0.0700000),(0.0572838,0.0757669,0.0700000),(0.0574142,0.0757530,0.0700000),(0.0579640,0.0759246,0.0700000),(0.0574142,0.0757530,0.0700000),(0.0575322,0.0757111,0.0700000),(0.0579640,0.0759246,0.0700000),(0.0575322,0.0757111,0.0700000),(0.0576380,0.0756413,0.0700000),(0.0579640,0.0759246,0.0700000),(0.0576380,0.0756413,0.0700000),(0.0577315,0.0755436,0.0700000),(0.0579640,0.0759246,0.0700000),(0.0577315,0.0755436,0.0700000),(0.0578083,0.0754224,0.0700000),(0.0579640,0.0759246,0.0700000),(0.0578083,0.0754224,0.0700000),(0.0578632,0.0752822,0.0700000),(0.0579640,0.0759246,0.0700000),(0.0578632,0.0752822,0.0700000),(0.0578962,0.0751229,0.0700000),(0.0579640,0.0759246,0.0700000),(0.0578962,0.0751229,0.0700000),(0.0579044,0.0750362,0.0700000),(0.0579640,0.0759246,0.0700000),(0.0579044,0.0750362,0.0700000),(0.0579071,0.0749446,0.0700000),(0.0579640,0.0759246,0.0700000),(0.0579071,0.0749446,0.0700000),(0.0579044,0.0748539,0.0700000),(0.0566854,0.0749091,0.0700000),(0.0566826,0.0750092,0.0700000),(0.0566668,0.0750912,0.0700000),(0.0566935,0.0748148,0.0700000),(0.0566854,0.0749091,0.0700000),(0.0566668,0.0750912,0.0700000),(0.0566935,0.0748148,0.0700000),(0.0566668,0.0750912,0.0700000),(0.0566191,0.0751594,0.0700000),(0.0567071,0.0747261,0.0700000),(0.0566935,0.0748148,0.0700000),(0.0566191,0.0751594,0.0700000),(0.0567071,0.0747261,0.0700000),(0.0566191,0.0751594,0.0700000),(0.0565498,0.0752055,0.0700000),(0.0567260,0.0746432,0.0700000),(0.0567071,0.0747261,0.0700000),(0.0565498,0.0752055,0.0700000),(0.0567260,0.0746432,0.0700000),(0.0565498,0.0752055,0.0700000),(0.0564667,0.0752208,0.0700000),(0.0567803,0.0744946,0.0700000),(0.0567260,0.0746432,0.0700000),(0.0564667,0.0752208,0.0700000),(0.0567803,0.0744946,0.0700000),(0.0564667,0.0752208,0.0700000),(0.0563839,0.0752055,0.0700000),(0.0567803,0.0744946,0.0700000),(0.0563839,0.0752055,0.0700000),(0.0563154,0.0751594,0.0700000),(0.0568562,0.0743689,0.0700000),(0.0567803,0.0744946,0.0700000),(0.0563154,0.0751594,0.0700000),(0.0568562,0.0743689,0.0700000),(0.0563154,0.0751594,0.0700000),(0.0562694,0.0750912,0.0700000),(0.0568562,0.0743689,0.0700000),(0.0562694,0.0750912,0.0700000),(0.0562540,0.0750092,0.0700000),(0.0569468,0.0742693,0.0700000),(0.0568562,0.0743689,0.0700000),(0.0562540,0.0750092,0.0700000),(0.0569468,0.0742693,0.0700000),(0.0562540,0.0750092,0.0700000),(0.0562584,0.0748722,0.0700000),(0.0569468,0.0742693,0.0700000),(0.0562584,0.0748722,0.0700000),(0.0562717,0.0747412,0.0700000),(0.0569468,0.0742693,0.0700000),(0.0562717,0.0747412,0.0700000),(0.0562938,0.0746162,0.0700000),(0.0570502,0.0741982,0.0700000),(0.0569468,0.0742693,0.0700000),(0.0562938,0.0746162,0.0700000),(0.0570502,0.0741982,0.0700000),(0.0562938,0.0746162,0.0700000),(0.0563247,0.0744972,0.0700000),(0.0570502,0.0741982,0.0700000),(0.0563247,0.0744972,0.0700000),(0.0563644,0.0743842,0.0700000),(0.0571664,0.0741556,0.0700000),(0.0570502,0.0741982,0.0700000),(0.0563644,0.0743842,0.0700000),(0.0571664,0.0741556,0.0700000),(0.0563644,0.0743842,0.0700000),(0.0564130,0.0742771,0.0700000),(0.0571664,0.0741556,0.0700000),(0.0564130,0.0742771,0.0700000),(0.0564704,0.0741761,0.0700000),(0.0572954,0.0741413,0.0700000),(0.0571664,0.0741556,0.0700000),(0.0564704,0.0741761,0.0700000),(0.0572954,0.0741413,0.0700000),(0.0564704,0.0741761,0.0700000),(0.0565366,0.0740810,0.0700000),(0.0572954,0.0741413,0.0700000),(0.0565366,0.0740810,0.0700000),(0.0566086,0.0739954,0.0700000),(0.0574190,0.0741548,0.0700000),(0.0572954,0.0741413,0.0700000),(0.0566086,0.0739954,0.0700000),(0.0574190,0.0741548,0.0700000),(0.0566086,0.0739954,0.0700000),(0.0566872,0.0739213,0.0700000),(0.0574190,0.0741548,0.0700000),(0.0566872,0.0739213,0.0700000),(0.0567723,0.0738585,0.0700000),(0.0575325,0.0741950,0.0700000),(0.0574190,0.0741548,0.0700000),(0.0567723,0.0738585,0.0700000),(0.0575325,0.0741950,0.0700000),(0.0567723,0.0738585,0.0700000),(0.0568639,0.0738072,0.0700000),(0.0575325,0.0741950,0.0700000),(0.0568639,0.0738072,0.0700000),(0.0569620,0.0737672,0.0700000),(0.0576359,0.0742622,0.0700000),(0.0575325,0.0741950,0.0700000),(0.0569620,0.0737672,0.0700000),(0.0576359,0.0742622,0.0700000),(0.0569620,0.0737672,0.0700000),(0.0570666,0.0737387,0.0700000),(0.0576359,0.0742622,0.0700000),(0.0570666,0.0737387,0.0700000),(0.0571778,0.0737216,0.0700000),(0.0577293,0.0743562,0.0700000),(0.0576359,0.0742622,0.0700000),(0.0571778,0.0737216,0.0700000),(0.0577293,0.0743562,0.0700000),(0.0571778,0.0737216,0.0700000),(0.0572954,0.0737159,0.0700000),(0.0577293,0.0743562,0.0700000),(0.0572954,0.0737159,0.0700000),(0.0574085,0.0737214,0.0700000),(0.0578071,0.0744739,0.0700000),(0.0577293,0.0743562,0.0700000),(0.0574085,0.0737214,0.0700000),(0.0578071,0.0744739,0.0700000),(0.0574085,0.0737214,0.0700000),(0.0575162,0.0737378,0.0700000),(0.0578627,0.0746112,0.0700000),(0.0578071,0.0744739,0.0700000),(0.0575162,0.0737378,0.0700000),(0.0578627,0.0746112,0.0700000),(0.0575162,0.0737378,0.0700000),(0.0576182,0.0737653,0.0700000),(0.0578627,0.0746112,0.0700000),(0.0576182,0.0737653,0.0700000),(0.0577148,0.0738037,0.0700000),(0.0578821,0.0746872,0.0700000),(0.0578627,0.0746112,0.0700000),(0.0577148,0.0738037,0.0700000),(0.0578821,0.0746872,0.0700000),(0.0577148,0.0738037,0.0700000),(0.0578058,0.0738531,0.0700000),(0.0578960,0.0747681,0.0700000),(0.0578821,0.0746872,0.0700000),(0.0578058,0.0738531,0.0700000),(0.0578960,0.0747681,0.0700000),(0.0578058,0.0738531,0.0700000),(0.0578913,0.0739135,0.0700000),(0.0579044,0.0748539,0.0700000),(0.0578960,0.0747681,0.0700000),(0.0578913,0.0739135,0.0700000),(0.0579640,0.0759246,0.0700000),(0.0579044,0.0748539,0.0700000),(0.0578913,0.0739135,0.0700000),(0.0579640,0.0759246,0.0700000),(0.0578913,0.0739135,0.0700000),(0.0579713,0.0739849,0.0700000),(0.0579640,0.0759246,0.0700000),(0.0579713,0.0739849,0.0700000),(0.0580458,0.0740672,0.0700000),(0.0579640,0.0759246,0.0700000),(0.0580458,0.0740672,0.0700000),(0.0581135,0.0741585,0.0700000),(0.0579640,0.0759246,0.0700000),(0.0581135,0.0741585,0.0700000),(0.0581722,0.0742550,0.0700000),(0.0579640,0.0759246,0.0700000),(0.0581722,0.0742550,0.0700000),(0.0582218,0.0743568,0.0700000),(0.0579640,0.0759246,0.0700000),(0.0582218,0.0743568,0.0700000),(0.0582625,0.0744639,0.0700000),(0.0579640,0.0759246,0.0700000),(0.0582625,0.0744639,0.0700000),(0.0582941,0.0745762,0.0700000),(0.0579640,0.0759246,0.0700000),(0.0582941,0.0745762,0.0700000),(0.0583166,0.0746937,0.0700000),(0.0579640,0.0759246,0.0700000),(0.0583166,0.0746937,0.0700000),(0.0583302,0.0748165,0.0700000),(0.0579640,0.0759246,0.0700000),(0.0583302,0.0748165,0.0700000),(0.0583347,0.0749446,0.0700000),(0.0579640,0.0759246,0.0700000),(0.0583347,0.0749446,0.0700000),(0.0583302,0.0750740,0.0700000),(0.0579640,0.0759246,0.0700000),(0.0583302,0.0750740,0.0700000),(0.0583168,0.0751981,0.0700000),(0.0579640,0.0759246,0.0700000),(0.0583168,0.0751981,0.0700000),(0.0582944,0.0753169,0.0700000),(0.0579640,0.0759246,0.0700000),(0.0582944,0.0753169,0.0700000),(0.0582630,0.0754304,0.0700000),(0.0579640,0.0759246,0.0700000),(0.0582630,0.0754304,0.0700000),(0.0582227,0.0755386,0.0700000),(0.0579640,0.0759246,0.0700000),(0.0582227,0.0755386,0.0700000),(0.0581734,0.0756415,0.0700000),(0.0579640,0.0759246,0.0700000),(0.0581734,0.0756415,0.0700000),(0.0581151,0.0757392,0.0700000),(0.0579640,0.0759246,0.0700000),(0.0581151,0.0757392,0.0700000),(0.0580479,0.0758315,0.0700000),(0.0604778,0.0741371,0.0700000),(0.0616494,0.0757278,0.0700000),(0.0617139,0.0758215,0.0700000),(0.0604778,0.0741371,0.0700000),(0.0617139,0.0758215,0.0700000),(0.0617698,0.0759191,0.0700000),(0.0604778,0.0741371,0.0700000),(0.0617698,0.0759191,0.0700000),(0.0618171,0.0760206,0.0700000),(0.0604778,0.0741371,0.0700000),(0.0618171,0.0760206,0.0700000),(0.0618558,0.0761260,0.0700000),(0.0604778,0.0741371,0.0700000),(0.0618558,0.0761260,0.0700000),(0.0618859,0.0762352,0.0700000),(0.0604778,0.0741371,0.0700000),(0.0618859,0.0762352,0.0700000),(0.0619074,0.0763483,0.0700000),(0.0604778,0.0741371,0.0700000),(0.0619074,0.0763483,0.0700000),(0.0619203,0.0764653,0.0700000),(0.0604778,0.0741371,0.0700000),(0.0619203,0.0764653,0.0700000),(0.0619246,0.0765861,0.0700000),(0.0604778,0.0741371,0.0700000),(0.0619246,0.0765861,0.0700000),(0.0619194,0.0767110,0.0700000),(0.0604778,0.0741371,0.0700000),(0.0619194,0.0767110,0.0700000),(0.0619041,0.0768314,0.0700000),(0.0604778,0.0741371,0.0700000),(0.0619041,0.0768314,0.0700000),(0.0618784,0.0769472,0.0700000),(0.0604778,0.0741371,0.0700000),(0.0618784,0.0769472,0.0700000),(0.0618426,0.0770584,0.0700000),(0.0618426,0.0770584,0.0700000),(0.0617964,0.0771649,0.0700000),(0.0617400,0.0772669,0.0700000),(0.0618426,0.0770584,0.0700000),(0.0617400,0.0772669,0.0700000),(0.0616734,0.0773643,0.0700000),(0.0618426,0.0770584,0.0700000),(0.0616734,0.0773643,0.0700000),(0.0615965,0.0774571,0.0700000),(0.0618426,0.0770584,0.0700000),(0.0615965,0.0774571,0.0700000),(0.0615236,0.0775303,0.0700000),(0.0618426,0.0770584,0.0700000),(0.0615236,0.0775303,0.0700000),(0.0614462,0.0775937,0.0700000),(0.0618426,0.0770584,0.0700000),(0.0614462,0.0775937,0.0700000),(0.0613643,0.0776473,0.0700000),(0.0618426,0.0770584,0.0700000),(0.0613643,0.0776473,0.0700000),(0.0612779,0.0776912,0.0700000),(0.0618426,0.0770584,0.0700000),(0.0612779,0.0776912,0.0700000),(0.0611870,0.0777254,0.0700000),(0.0618426,0.0770584,0.0700000),(0.0611870,0.0777254,0.0700000),(0.0610917,0.0777498,0.0700000),(0.0618426,0.0770584,0.0700000),(0.0610917,0.0777498,0.0700000),(0.0609918,0.0777644,0.0700000),(0.0618426,0.0770584,0.0700000),(0.0609918,0.0777644,0.0700000),(0.0608874,0.0777693,0.0700000),(0.0618426,0.0770584,0.0700000),(0.0608874,0.0777693,0.0700000),(0.0607889,0.0777645,0.0700000),(0.0618426,0.0770584,0.0700000),(0.0607889,0.0777645,0.0700000),(0.0606934,0.0777502,0.0700000),(0.0618426,0.0770584,0.0700000),(0.0606934,0.0777502,0.0700000),(0.0606009,0.0777263,0.0700000),(0.0618426,0.0770584,0.0700000),(0.0606009,0.0777263,0.0700000),(0.0605114,0.0776928,0.0700000),(0.0618426,0.0770584,0.0700000),(0.0605114,0.0776928,0.0700000),(0.0604250,0.0776498,0.0700000),(0.0618426,0.0770584,0.0700000),(0.0604250,0.0776498,0.0700000),(0.0603415,0.0775973,0.0700000),(0.0603415,0.0775973,0.0700000),(0.0602611,0.0775351,0.0700000),(0.0601836,0.0774634,0.0700000),(0.0603415,0.0775973,0.0700000),(0.0601836,0.0774634,0.0700000),(0.0601045,0.0773769,0.0700000),(0.0603415,0.0775973,0.0700000),(0.0601045,0.0773769,0.0700000),(0.0600359,0.0772841,0.0700000),(0.0603415,0.0775973,0.0700000),(0.0600359,0.0772841,0.0700000),(0.0599779,0.0771848,0.0700000),(0.0603415,0.0775973,0.0700000),(0.0599779,0.0771848,0.0700000),(0.0599304,0.0770793,0.0700000),(0.0603415,0.0775973,0.0700000),(0.0599304,0.0770793,0.0700000),(0.0598935,0.0769673,0.0700000),(0.0603415,0.0775973,0.0700000),(0.0598935,0.0769673,0.0700000),(0.0598671,0.0768491,0.0700000),(0.0603415,0.0775973,0.0700000),(0.0598671,0.0768491,0.0700000),(0.0598513,0.0767245,0.0700000),(0.0603415,0.0775973,0.0700000),(0.0598513,0.0767245,0.0700000),(0.0598460,0.0765935,0.0700000),(0.0603415,0.0775973,0.0700000),(0.0598460,0.0765935,0.0700000),(0.0598460,0.0765882,0.0700000),(0.0603415,0.0775973,0.0700000),(0.0598460,0.0765882,0.0700000),(0.0598616,0.0765067,0.0700000),(0.0603415,0.0775973,0.0700000),(0.0598616,0.0765067,0.0700000),(0.0599084,0.0764379,0.0700000),(0.0603415,0.0775973,0.0700000),(0.0599084,0.0764379,0.0700000),(0.0599772,0.0763911,0.0700000),(0.0603415,0.0775973,0.0700000),(0.0599772,0.0763911,0.0700000),(0.0600587,0.0763755,0.0700000),(0.0603415,0.0775973,0.0700000),(0.0600587,0.0763755,0.0700000),(0.0601402,0.0763911,0.0700000),(0.0603415,0.0775973,0.0700000),(0.0601402,0.0763911,0.0700000),(0.0602090,0.0764379,0.0700000),(0.0603415,0.0775973,0.0700000),(0.0602090,0.0764379,0.0700000),(0.0602566,0.0765067,0.0700000),(0.0602566,0.0765067,0.0700000),(0.0602725,0.0765882,0.0700000),(0.0602725,0.0765935,0.0700000),(0.0602566,0.0765067,0.0700000),(0.0602725,0.0765935,0.0700000),(0.0602758,0.0766804,0.0700000),(0.0603415,0.0775973,0.0700000),(0.0602566,0.0765067,0.0700000),(0.0602758,0.0766804,0.0700000),(0.0603415,0.0775973,0.0700000),(0.0602758,0.0766804,0.0700000),(0.0602858,0.0767628,0.0700000),(0.0603415,0.0775973,0.0700000),(0.0602858,0.0767628,0.0700000),(0.0603024,0.0768407,0.0700000),(0.0603415,0.0775973,0.0700000),(0.0603024,0.0768407,0.0700000),(0.0603257,0.0769142,0.0700000),(0.0603415,0.0775973,0.0700000),(0.0603257,0.0769142,0.0700000),(0.0603922,0.0770475,0.0700000),(0.0603415,0.0775973,0.0700000),(0.0603922,0.0770475,0.0700000),(0.0604852,0.0771629,0.0700000),(0.0603415,0.0775973,0.0700000),(0.0604852,0.0771629,0.0700000),(0.0605761,0.0772416,0.0700000),(0.0603415,0.0775973,0.0700000),(0.0605761,0.0772416,0.0700000),(0.0606731,0.0772978,0.0700000),(0.0603415,0.0775973,0.0700000),(0.0606731,0.0772978,0.0700000),(0.0607762,0.0773315,0.0700000),(0.0603415,0.0775973,0.0700000),(0.0607762,0.0773315,0.0700000),(0.0608853,0.0773428,0.0700000),(0.0603415,0.0775973,0.0700000),(0.0608853,0.0773428,0.0700000),(0.0609985,0.0773319,0.0700000),(0.0603415,0.0775973,0.0700000),(0.0609985,0.0773319,0.0700000),(0.0611022,0.0772994,0.0700000),(0.0618426,0.0770584,0.0700000),(0.0603415,0.0775973,0.0700000),(0.0611022,0.0772994,0.0700000),(0.0618426,0.0770584,0.0700000),(0.0611022,0.0772994,0.0700000),(0.0611964,0.0772452,0.0700000),(0.0618426,0.0770584,0.0700000),(0.0611964,0.0772452,0.0700000),(0.0612811,0.0771692,0.0700000),(0.0618426,0.0770584,0.0700000),(0.0612811,0.0771692,0.0700000),(0.0613327,0.0771081,0.0700000),(0.0618426,0.0770584,0.0700000),(0.0613327,0.0771081,0.0700000),(0.0613774,0.0770436,0.0700000),(0.0618426,0.0770584,0.0700000),(0.0613774,0.0770436,0.0700000),(0.0614462,0.0769049,0.0700000),(0.0618426,0.0770584,0.0700000),(0.0614462,0.0769049,0.0700000),(0.0614875,0.0767531,0.0700000),(0.0618426,0.0770584,0.0700000),(0.0614875,0.0767531,0.0700000),(0.0614978,0.0766723,0.0700000),(0.0618426,0.0770584,0.0700000),(0.0614978,0.0766723,0.0700000),(0.0615012,0.0765882,0.0700000),(0.0618426,0.0770584,0.0700000),(0.0615012,0.0765882,0.0700000),(0.0614983,0.0765015,0.0700000),(0.0618426,0.0770584,0.0700000),(0.0614983,0.0765015,0.0700000),(0.0614895,0.0764181,0.0700000),(0.0618426,0.0770584,0.0700000),(0.0614895,0.0764181,0.0700000),(0.0614749,0.0763380,0.0700000),(0.0618426,0.0770584,0.0700000),(0.0614749,0.0763380,0.0700000),(0.0614544,0.0762612,0.0700000),(0.0618426,0.0770584,0.0700000),(0.0614544,0.0762612,0.0700000),(0.0613959,0.0761175,0.0700000),(0.0604778,0.0741371,0.0700000),(0.0618426,0.0770584,0.0700000),(0.0613959,0.0761175,0.0700000),(0.0604778,0.0741371,0.0700000),(0.0613959,0.0761175,0.0700000),(0.0613139,0.0759871,0.0700000),(0.0604778,0.0741371,0.0700000),(0.0613139,0.0759871,0.0700000),(0.0598905,0.0740535,0.0700000),(0.0617140,0.0741371,0.0700000),(0.0604778,0.0741371,0.0700000),(0.0598905,0.0740535,0.0700000),(0.0617140,0.0741371,0.0700000),(0.0598905,0.0740535,0.0700000),(0.0598439,0.0739286,0.0700000),(0.0617140,0.0741371,0.0700000),(0.0598439,0.0739286,0.0700000),(0.0598460,0.0738937,0.0700000),(0.0617140,0.0741371,0.0700000),(0.0598460,0.0738937,0.0700000),(0.0598725,0.0738151,0.0700000),(0.0617140,0.0741371,0.0700000),(0.0598725,0.0738151,0.0700000),(0.0599243,0.0737593,0.0700000),(0.0617140,0.0741371,0.0700000),(0.0599243,0.0737593,0.0700000),(0.0599929,0.0737243,0.0700000),(0.0617140,0.0741371,0.0700000),(0.0599929,0.0737243,0.0700000),(0.0600587,0.0737127,0.0700000),(0.0617140,0.0741371,0.0700000),(0.0600587,0.0737127,0.0700000),(0.0617140,0.0737127,0.0700000),(0.0617140,0.0741371,0.0700000),(0.0617140,0.0737127,0.0700000),(0.0617973,0.0737278,0.0700000),(0.0617140,0.0741371,0.0700000),(0.0617973,0.0737278,0.0700000),(0.0618653,0.0737730,0.0700000),(0.0617140,0.0741371,0.0700000),(0.0618653,0.0737730,0.0700000),(0.0619098,0.0738410,0.0700000),(0.0617140,0.0741371,0.0700000),(0.0619098,0.0738410,0.0700000),(0.0619246,0.0739244,0.0700000),(0.0617140,0.0741371,0.0700000),(0.0619246,0.0739244,0.0700000),(0.0619098,0.0740085,0.0700000),(0.0617140,0.0741371,0.0700000),(0.0619098,0.0740085,0.0700000),(0.0618653,0.0740768,0.0700000),(0.0617140,0.0741371,0.0700000),(0.0618653,0.0740768,0.0700000),(0.0617994,0.0741220,0.0700000),(0.0587930,0.0737431,0.0700000),(0.0588660,0.0736365,0.0700000),(0.0589726,0.0735635,0.0700000),(0.0587930,0.0737431,0.0700000),(0.0589726,0.0735635,0.0700000),(0.0590978,0.0735391,0.0700000),(0.0587930,0.0737431,0.0700000),(0.0590978,0.0735391,0.0700000),(0.0592226,0.0735635,0.0700000),(0.0587930,0.0737431,0.0700000),(0.0592226,0.0735635,0.0700000),(0.0593285,0.0736365,0.0700000),(0.0587930,0.0737431,0.0700000),(0.0593285,0.0736365,0.0700000),(0.0594015,0.0737431,0.0700000),(0.0587930,0.0737431,0.0700000),(0.0594015,0.0737431,0.0700000),(0.0594258,0.0738683,0.0700000),(0.0587930,0.0737431,0.0700000),(0.0594258,0.0738683,0.0700000),(0.0594015,0.0739934,0.0700000),(0.0587930,0.0737431,0.0700000),(0.0594015,0.0739934,0.0700000),(0.0593285,0.0741001,0.0700000),(0.0587930,0.0737431,0.0700000),(0.0593285,0.0741001,0.0700000),(0.0592226,0.0741731,0.0700000),(0.0587930,0.0737431,0.0700000),(0.0592226,0.0741731,0.0700000),(0.0590978,0.0741974,0.0700000),(0.0587930,0.0737431,0.0700000),(0.0590978,0.0741974,0.0700000),(0.0589726,0.0741731,0.0700000),(0.0587930,0.0737431,0.0700000),(0.0589726,0.0741731,0.0700000),(0.0588660,0.0741001,0.0700000),(0.0587930,0.0737431,0.0700000),(0.0588660,0.0741001,0.0700000),(0.0587930,0.0739934,0.0700000),(0.0587930,0.0737431,0.0700000),(0.0587930,0.0739934,0.0700000),(0.0587686,0.0738683,0.0700000),(0.0656575,0.0737630,0.0700000),(0.0657570,0.0736540,0.0700000),(0.0658702,0.0736265,0.0700000),(0.0656575,0.0737630,0.0700000),(0.0658702,0.0736265,0.0700000),(0.0659713,0.0736519,0.0700000),(0.0656575,0.0737630,0.0700000),(0.0659713,0.0736519,0.0700000),(0.0660480,0.0737281,0.0700000),(0.0656575,0.0737630,0.0700000),(0.0660480,0.0737281,0.0700000),(0.0660554,0.0737344,0.0700000),(0.0656575,0.0737630,0.0700000),(0.0660554,0.0737344,0.0700000),(0.0673011,0.0759019,0.0700000),(0.0656575,0.0737630,0.0700000),(0.0673011,0.0759019,0.0700000),(0.0673286,0.0760088,0.0700000),(0.0656575,0.0737630,0.0700000),(0.0673286,0.0760088,0.0700000),(0.0673008,0.0761180,0.0700000),(0.0656575,0.0737630,0.0700000),(0.0673008,0.0761180,0.0700000),(0.0672175,0.0761961,0.0700000),(0.0656575,0.0737630,0.0700000),(0.0672175,0.0761961,0.0700000),(0.0671106,0.0762257,0.0700000),(0.0656575,0.0737630,0.0700000),(0.0671106,0.0762257,0.0700000),(0.0670018,0.0761979,0.0700000),(0.0656575,0.0737630,0.0700000),(0.0670018,0.0761979,0.0700000),(0.0669254,0.0761146,0.0700000),(0.0656575,0.0737630,0.0700000),(0.0669254,0.0761146,0.0700000),(0.0660829,0.0746488,0.0700000),(0.0656575,0.0737630,0.0700000),(0.0660829,0.0746488,0.0700000),(0.0660829,0.0772565,0.0700000),(0.0660829,0.0772565,0.0700000),(0.0676694,0.0772565,0.0700000),(0.0677543,0.0772724,0.0700000),(0.0660829,0.0772565,0.0700000),(0.0677543,0.0772724,0.0700000),(0.0678250,0.0773200,0.0700000),(0.0660829,0.0772565,0.0700000),(0.0678250,0.0773200,0.0700000),(0.0678726,0.0773896,0.0700000),(0.0660829,0.0772565,0.0700000),(0.0678726,0.0773896,0.0700000),(0.0678885,0.0774714,0.0700000),(0.0660829,0.0772565,0.0700000),(0.0678885,0.0774714,0.0700000),(0.0678726,0.0775534,0.0700000),(0.0660829,0.0772565,0.0700000),(0.0678726,0.0775534,0.0700000),(0.0678250,0.0776238,0.0700000),(0.0660829,0.0772565,0.0700000),(0.0678250,0.0776238,0.0700000),(0.0677543,0.0776730,0.0700000),(0.0660829,0.0772565,0.0700000),(0.0677543,0.0776730,0.0700000),(0.0676694,0.0776894,0.0700000),(0.0660829,0.0772565,0.0700000),(0.0676694,0.0776894,0.0700000),(0.0658628,0.0776894,0.0700000),(0.0656575,0.0737630,0.0700000),(0.0660829,0.0772565,0.0700000),(0.0658628,0.0776894,0.0700000),(0.0658628,0.0776894,0.0700000),(0.0640573,0.0776894,0.0700000),(0.0639745,0.0776730,0.0700000),(0.0658628,0.0776894,0.0700000),(0.0639745,0.0776730,0.0700000),(0.0639060,0.0776238,0.0700000),(0.0658628,0.0776894,0.0700000),(0.0639060,0.0776238,0.0700000),(0.0638599,0.0775534,0.0700000),(0.0658628,0.0776894,0.0700000),(0.0638599,0.0775534,0.0700000),(0.0638446,0.0774714,0.0700000),(0.0658628,0.0776894,0.0700000),(0.0638446,0.0774714,0.0700000),(0.0638599,0.0773896,0.0700000),(0.0658628,0.0776894,0.0700000),(0.0638599,0.0773896,0.0700000),(0.0639060,0.0773200,0.0700000),(0.0658628,0.0776894,0.0700000),(0.0639060,0.0773200,0.0700000),(0.0639745,0.0772724,0.0700000),(0.0658628,0.0776894,0.0700000),(0.0639745,0.0772724,0.0700000),(0.0640573,0.0772565,0.0700000),(0.0658628,0.0776894,0.0700000),(0.0640573,0.0772565,0.0700000),(0.0656501,0.0772565,0.0700000),(0.0656575,0.0737630,0.0700000),(0.0658628,0.0776894,0.0700000),(0.0656501,0.0772565,0.0700000),(0.0656575,0.0737630,0.0700000),(0.0656501,0.0772565,0.0700000),(0.0656501,0.0746446,0.0700000),(0.0656575,0.0737630,0.0700000),(0.0656501,0.0746446,0.0700000),(0.0647939,0.0761336,0.0700000),(0.0656575,0.0737630,0.0700000),(0.0647939,0.0761336,0.0700000),(0.0647143,0.0762130,0.0700000),(0.0656575,0.0737630,0.0700000),(0.0647143,0.0762130,0.0700000),(0.0646066,0.0762395,0.0700000),(0.0656575,0.0737630,0.0700000),(0.0646066,0.0762395,0.0700000),(0.0644954,0.0762120,0.0700000),(0.0656575,0.0737630,0.0700000),(0.0644954,0.0762120,0.0700000),(0.0644137,0.0761323,0.0700000),(0.0656575,0.0737630,0.0700000),(0.0644137,0.0761323,0.0700000),(0.0643864,0.0760225,0.0700000),(0.0656575,0.0737630,0.0700000),(0.0643864,0.0760225,0.0700000),(0.0644182,0.0759135,0.0700000),(0.0704803,0.0773116,0.0700000),(0.0697120,0.0739429,0.0700000),(0.0697099,0.0738942,0.0700000),(0.0704803,0.0773116,0.0700000),(0.0697099,0.0738942,0.0700000),(0.0697395,0.0737852,0.0700000),(0.0704803,0.0773116,0.0700000),(0.0697395,0.0737852,0.0700000),(0.0697958,0.0737230,0.0700000),(0.0704803,0.0773116,0.0700000),(0.0697958,0.0737230,0.0700000),(0.0698718,0.0736889,0.0700000),(0.0704803,0.0773116,0.0700000),(0.0698718,0.0736889,0.0700000),(0.0699226,0.0736857,0.0700000),(0.0704803,0.0773116,0.0700000),(0.0699226,0.0736857,0.0700000),(0.0700337,0.0737164,0.0700000),(0.0704803,0.0773116,0.0700000),(0.0700337,0.0737164,0.0700000),(0.0700951,0.0737738,0.0700000),(0.0704803,0.0773116,0.0700000),(0.0700951,0.0737738,0.0700000),(0.0701268,0.0738529,0.0700000),(0.0704803,0.0773116,0.0700000),(0.0701268,0.0738529,0.0700000),(0.0709555,0.0774788,0.0700000),(0.0690960,0.0773116,0.0700000),(0.0704803,0.0773116,0.0700000),(0.0709555,0.0774788,0.0700000),(0.0690960,0.0773116,0.0700000),(0.0709555,0.0774788,0.0700000),(0.0709597,0.0775296,0.0700000),(0.0690960,0.0773116,0.0700000),(0.0709597,0.0775296,0.0700000),(0.0709142,0.0776587,0.0700000),(0.0690960,0.0773116,0.0700000),(0.0709142,0.0776587,0.0700000),(0.0708396,0.0777182,0.0700000),(0.0690960,0.0773116,0.0700000),(0.0708396,0.0777182,0.0700000),(0.0707470,0.0777381,0.0700000),(0.0690960,0.0773116,0.0700000),(0.0707470,0.0777381,0.0700000),(0.0690960,0.0777381,0.0700000),(0.0690960,0.0773116,0.0700000),(0.0690960,0.0777381,0.0700000),(0.0690145,0.0777222,0.0700000),(0.0690960,0.0773116,0.0700000),(0.0690145,0.0777222,0.0700000),(0.0689457,0.0776746,0.0700000),(0.0690960,0.0773116,0.0700000),(0.0689457,0.0776746,0.0700000),(0.0688989,0.0776061,0.0700000),(0.0690960,0.0773116,0.0700000),(0.0688989,0.0776061,0.0700000),(0.0688833,0.0775254,0.0700000),(0.0690960,0.0773116,0.0700000),(0.0688833,0.0775254,0.0700000),(0.0688989,0.0774444,0.0700000),(0.0690960,0.0773116,0.0700000),(0.0688989,0.0774444,0.0700000),(0.0689457,0.0773751,0.0700000),(0.0690960,0.0773116,0.0700000),(0.0689457,0.0773751,0.0700000),(0.0690145,0.0773274,0.0700000)));
#8362=COMPLEX_TRIANGULATED_SURFACE_SET('surface set',#8361,2880,(),(),(),((1,2,3),(4,5,6),(7,8,9),(10,11,12),(13,14,15),(16,17,18),(19,20,21),(22,23,24),(25,26,27),(28,29,30),(31,32,33),(34,35,36),(37,38,39),(40,41,42),(43,44,45),(46,47,48),(49,50,51),(52,53,54),(55,56,57),(58,59,60),(61,62,63),(64,65,66),(67,68,69),(70,71,72),(73,74,75),(76,77,78),(79,80,81),(82,83,84),(85,86,87),(88,89,90),(91,92,93),(94,95,96),(97,98,99),(100,101,102),(103,104,105),(106,107,108),(109,110,111),(112,113,114),(115,116,117),(118,119,120),(121,122,123),(124,125,126),(127,128,129),(130,131,132),(133,134,135),(136,137,138),(139,140,141),(142,143,144),(145,146,147),(148,149,150),(151,152,153),(154,155,156),(157,158,159),(160,161,162),(163,164,165),(166,167,168),(169,170,171),(172,173,174),(175,176,177),(178,179,180),(181,182,183),(184,185,186),(187,188,189),(190,191,192),(193,194,195),(196,197,198),(199,200,201),(202,203,204),(205,206,207),(208,209,210),(211,212,213),(214,215,216),(217,218,219),(220,221,222),(223,224,225),(226,227,228),(229,230,231),(232,233,234),(235,236,237),(238,239,240),(241,242,243),(244,245,246),(247,248,249),(250,251,252),(253,254,255),(256,257,258),(259,260,261),(262,263,264),(265,266,267),(268,269,270),(271,272,273),(274,275,276),(277,278,279),(280,281,282),(283,284,285),(286,287,288),(289,290,291),(292,293,294),(295,296,297),(298,299,300),(301,302,303),(304,305,306),(307,308,309),(310,311,312),(313,314,315),(316,317,318),(319,320,321),(322,323,324),(325,326,327),(328,329,330),(331,332,333),(334,335,336),(337,338,339),(340,341,342),(343,344,345),(346,347,348),(349,350,351),(352,353,354),(355,356,357),(358,359,360),(361,362,363),(364,365,366),(367,368,369),(370,371,372),(373,374,375),(376,377,378),(379,380,381),(382,383,384),(385,386,387),(388,389,390),(391,392,393),(394,395,396),(397,398,399),(400,401,402),(403,404,405),(406,407,408),(409,410,411),(412,413,414),(415,416,417),(418,419,420),(421,422,423),(424,425,426),(427,428,429),(430,431,432),(433,434,435),(436,437,438),(439,440,441),(442,443,444),(445,446,447),(448,449,450),(451,452,453),(454,455,456),(457,458,459),(460,461,462),(463,464,465),(466,467,468),(469,470,471),(472,473,474),(475,476,477),(478,479,480),(481,482,483),(484,485,486),(487,488,489),(490,491,492),(493,494,495),(496,497,498),(499,500,501),(502,503,504),(505,506,507),(508,509,510),(511,512,513),(514,515,516),(517,518,519),(520,521,522),(523,524,525),(526,527,528),(529,530,531),(532,533,534),(535,536,537),(538,539,540),(541,542,543),(544,545,546),(547,548,549),(550,551,552),(553,554,555),(556,557,558),(559,560,561),(562,563,564),(565,566,567),(568,569,570),(571,572,573),(574,575,576),(577,578,579),(580,581,582),(583,584,585),(586,587,588),(589,590,591),(592,593,594),(595,596,597),(598,599,600),(601,602,603),(604,605,606),(607,608,609),(610,611,612),(613,614,615),(616,617,618),(619,620,621),(622,623,624),(625,626,627),(628,629,630),(631,632,633),(634,635,636),(637,638,639),(640,641,642),(643,644,645),(646,647,648),(649,650,651),(652,653,654),(655,656,657),(658,659,660),(661,662,663),(664,665,666),(667,668,669),(670,671,672),(673,674,675),(676,677,678),(679,680,681),(682,683,684),(685,686,687),(688,689,690),(691,692,693),(694,695,696),(697,698,699),(700,701,702),(703,704,705),(706,707,708),(709,710,711),(712,713,714),(715,716,717),(718,719,720),(721,722,723),(724,725,726),(727,728,729),(730,731,732),(733,734,735),(736,737,738),(739,740,741),(742,743,744),(745,746,747),(748,749,750),(751,752,753),(754,755,756),(757,758,759),(760,761,762),(763,764,765),(766,767,768),(769,770,771),(772,773,774),(775,776,777),(778,779,780),(781,782,783),(784,785,786),(787,788,789),(790,791,792),(793,794,795),(796,797,798),(799,800,801),(802,803,804),(805,806,807),(808,809,810),(811,812,813),(814,815,816),(817,818,819),(820,821,822),(823,824,825),(826,827,828),(829,830,831),(832,833,834),(835,836,837),(838,839,840),(841,842,843),(844,845,846),(847,848,849),(850,851,852),(853,854,855),(856,857,858),(859,860,861),(862,863,864),(865,866,867),(868,869,870),(871,872,873),(874,875,876),(877,878,879),(880,881,882),(883,884,885),(886,887,888),(889,890,891),(892,893,894),(895,896,897),(898,899,900),(901,902,903),(904,905,906),(907,908,909),(910,911,912),(913,914,915),(916,917,918),(919,920,921),(922,923,924),(925,926,927),(928,929,930),(931,932,933),(934,935,936),(937,938,939),(940,941,942),(943,944,945),(946,947,948),(949,950,951),(952,953,954),(955,956,957),(958,959,960),(961,962,963),(964,965,966),(967,968,969),(970,971,972),(973,974,975),(976,977,978),(979,980,981),(982,983,984),(985,986,987),(988,989,990),(991,992,993),(994,995,996),(997,998,999),(1000,1001,1002),(1003,1004,1005),(1006,1007,1008),(1009,1010,1011),(1012,1013,1014),(1015,1016,1017),(1018,1019,1020),(1021,1022,1023),(1024,1025,1026),(1027,1028,1029),(1030,1031,1032),(1033,1034,1035),(1036,1037,1038),(1039,1040,1041),(1042,1043,1044),(1045,1046,1047),(1048,1049,1050),(1051,1052,1053),(1054,1055,1056),(1057,1058,1059),(1060,1061,1062),(1063,1064,1065),(1066,1067,1068),(1069,1070,1071),(1072,1073,1074),(1075,1076,1077),(1078,1079,1080),(1081,1082,1083),(1084,1085,1086),(1087,1088,1089),(1090,1091,1092),(1093,1094,1095),(1096,1097,1098),(1099,1100,1101),(1102,1103,1104),(1105,1106,1107),(1108,1109,1110),(1111,1112,1113),(1114,1115,1116),(1117,1118,1119),(1120,1121,1122),(1123,1124,1125),(1126,1127,1128),(1129,1130,1131),(1132,1133,1134),(1135,1136,1137),(1138,1139,1140),(1141,1142,1143),(1144,1145,1146),(1147,1148,1149),(1150,1151,1152),(1153,1154,1155),(1156,1157,1158),(1159,1160,1161),(1162,1163,1164),(1165,1166,1167),(1168,1169,1170),(1171,1172,1173),(1174,1175,1176),(1177,1178,1179),(1180,1181,1182),(1183,1184,1185),(1186,1187,1188),(1189,1190,1191),(1192,1193,1194),(1195,1196,1197),(1198,1199,1200),(1201,1202,1203),(1204,1205,1206),(1207,1208,1209),(1210,1211,1212),(1213,1214,1215),(1216,1217,1218),(1219,1220,1221),(1222,1223,1224),(1225,1226,1227),(1228,1229,1230),(1231,1232,1233),(1234,1235,1236),(1237,1238,1239),(1240,1241,1242),(1243,1244,1245),(1246,1247,1248),(1249,1250,1251),(1252,1253,1254),(1255,1256,1257),(1258,1259,1260),(1261,1262,1263),(1264,1265,1266),(1267,1268,1269),(1270,1271,1272),(1273,1274,1275),(1276,1277,1278),(1279,1280,1281),(1282,1283,1284),(1285,1286,1287),(1288,1289,1290),(1291,1292,1293),(1294,1295,1296),(1297,1298,1299),(1300,1301,1302),(1303,1304,1305),(1306,1307,1308),(1309,1310,1311),(1312,1313,1314),(1315,1316,1317),(1318,1319,1320),(1321,1322,1323),(1324,1325,1326),(1327,1328,1329),(1330,1331,1332),(1333,1334,1335),(1336,1337,1338),(1339,1340,1341),(1342,1343,1344),(1345,1346,1347),(1348,1349,1350),(1351,1352,1353),(1354,1355,1356),(1357,1358,1359),(1360,1361,1362),(1363,1364,1365),(1366,1367,1368),(1369,1370,1371),(1372,1373,1374),(1375,1376,1377),(1378,1379,1380),(1381,1382,1383),(1384,1385,1386),(1387,1388,1389),(1390,1391,1392),(1393,1394,1395),(1396,1397,1398),(1399,1400,1401),(1402,1403,1404),(1405,1406,1407),(1408,1409,1410),(1411,1412,1413),(1414,1415,1416),(1417,1418,1419),(1420,1421,1422),(1423,1424,1425),(1426,1427,1428),(1429,1430,1431),(1432,1433,1434),(1435,1436,1437),(1438,1439,1440),(1441,1442,1443),(1444,1445,1446),(1447,1448,1449),(1450,1451,1452),(1453,1454,1455),(1456,1457,1458),(1459,1460,1461),(1462,1463,1464),(1465,1466,1467),(1468,1469,1470),(1471,1472,1473),(1474,1475,1476),(1477,1478,1479),(1480,1481,1482),(1483,1484,1485),(1486,1487,1488),(1489,1490,1491),(1492,1493,1494),(1495,1496,1497),(1498,1499,1500),(1501,1502,1503),(1504,1505,1506),(1507,1508,1509),(1510,1511,1512),(1513,1514,1515),(1516,1517,1518),(1519,1520,1521),(1522,1523,1524),(1525,1526,1527),(1528,1529,1530),(1531,1532,1533),(1534,1535,1536),(1537,1538,1539),(1540,1541,1542),(1543,1544,1545),(1546,1547,1548),(1549,1550,1551),(1552,1553,1554),(1555,1556,1557),(1558,1559,1560),(1561,1562,1563),(1564,1565,1566),(1567,1568,1569),(1570,1571,1572),(1573,1574,1575),(1576,1577,1578),(1579,1580,1581),(1582,1583,1584),(1585,1586,1587),(1588,1589,1590),(1591,1592,1593),(1594,1595,1596),(1597,1598,1599),(1600,1601,1602),(1603,1604,1605),(1606,1607,1608),(1609,1610,1611),(1612,1613,1614),(1615,1616,1617),(1618,1619,1620),(1621,1622,1623),(1624,1625,1626),(1627,1628,1629),(1630,1631,1632),(1633,1634,1635),(1636,1637,1638),(1639,1640,1641),(1642,1643,1644),(1645,1646,1647),(1648,1649,1650),(1651,1652,1653),(1654,1655,1656),(1657,1658,1659),(1660,1661,1662),(1663,1664,1665),(1666,1667,1668),(1669,1670,1671),(1672,1673,1674),(1675,1676,1677),(1678,1679,1680),(1681,1682,1683),(1684,1685,1686),(1687,1688,1689),(1690,1691,1692),(1693,1694,1695),(1696,1697,1698),(1699,1700,1701),(1702,1703,1704),(1705,1706,1707),(1708,1709,1710),(1711,1712,1713),(1714,1715,1716),(1717,1718,1719),(1720,1721,1722),(1723,1724,1725),(1726,1727,1728),(1729,1730,1731),(1732,1733,1734),(1735,1736,1737),(1738,1739,1740),(1741,1742,1743),(1744,1745,1746),(1747,1748,1749),(1750,1751,1752),(1753,1754,1755),(1756,1757,1758),(1759,1760,1761),(1762,1763,1764),(1765,1766,1767),(1768,1769,1770),(1771,1772,1773),(1774,1775,1776),(1777,1778,1779),(1780,1781,1782),(1783,1784,1785),(1786,1787,1788),(1789,1790,1791),(1792,1793,1794),(1795,1796,1797),(1798,1799,1800),(1801,1802,1803),(1804,1805,1806),(1807,1808,1809),(1810,1811,1812),(1813,1814,1815),(1816,1817,1818),(1819,1820,1821),(1822,1823,1824),(1825,1826,1827),(1828,1829,1830),(1831,1832,1833),(1834,1835,1836),(1837,1838,1839),(1840,1841,1842),(1843,1844,1845),(1846,1847,1848),(1849,1850,1851),(1852,1853,1854),(1855,1856,1857),(1858,1859,1860),(1861,1862,1863),(1864,1865,1866),(1867,1868,1869),(1870,1871,1872),(1873,1874,1875),(1876,1877,1878),(1879,1880,1881),(1882,1883,1884),(1885,1886,1887),(1888,1889,1890),(1891,1892,1893),(1894,1895,1896),(1897,1898,1899),(1900,1901,1902),(1903,1904,1905),(1906,1907,1908),(1909,1910,1911),(1912,1913,1914),(1915,1916,1917),(1918,1919,1920),(1921,1922,1923),(1924,1925,1926),(1927,1928,1929),(1930,1931,1932),(1933,1934,1935),(1936,1937,1938),(1939,1940,1941),(1942,1943,1944),(1945,1946,1947),(1948,1949,1950),(1951,1952,1953),(1954,1955,1956),(1957,1958,1959),(1960,1961,1962),(1963,1964,1965),(1966,1967,1968),(1969,1970,1971),(1972,1973,1974),(1975,1976,1977),(1978,1979,1980),(1981,1982,1983),(1984,1985,1986),(1987,1988,1989),(1990,1991,1992),(1993,1994,1995),(1996,1997,1998),(1999,2000,2001),(2002,2003,2004),(2005,2006,2007),(2008,2009,2010),(2011,2012,2013),(2014,2015,2016),(2017,2018,2019),(2020,2021,2022),(2023,2024,2025),(2026,2027,2028),(2029,2030,2031),(2032,2033,2034),(2035,2036,2037),(2038,2039,2040),(2041,2042,2043),(2044,2045,2046),(2047,2048,2049),(2050,2051,2052),(2053,2054,2055),(2056,2057,2058),(2059,2060,2061),(2062,2063,2064),(2065,2066,2067),(2068,2069,2070),(2071,2072,2073),(2074,2075,2076),(2077,2078,2079),(2080,2081,2082),(2083,2084,2085),(2086,2087,2088),(2089,2090,2091),(2092,2093,2094),(2095,2096,2097),(2098,2099,2100),(2101,2102,2103),(2104,2105,2106),(2107,2108,2109),(2110,2111,2112),(2113,2114,2115),(2116,2117,2118),(2119,2120,2121),(2122,2123,2124),(2125,2126,2127),(2128,2129,2130),(2131,2132,2133),(2134,2135,2136),(2137,2138,2139),(2140,2141,2142),(2143,2144,2145),(2146,2147,2148),(2149,2150,2151),(2152,2153,2154),(2155,2156,2157),(2158,2159,2160),(2161,2162,2163),(2164,2165,2166),(2167,2168,2169),(2170,2171,2172),(2173,2174,2175),(2176,2177,2178),(2179,2180,2181),(2182,2183,2184),(2185,2186,2187),(2188,2189,2190),(2191,2192,2193),(2194,2195,2196),(2197,2198,2199),(2200,2201,2202),(2203,2204,2205),(2206,2207,2208),(2209,2210,2211),(2212,2213,2214),(2215,2216,2217),(2218,2219,2220),(2221,2222,2223),(2224,2225,2226),(2227,2228,2229),(2230,2231,2232),(2233,2234,2235),(2236,2237,2238),(2239,2240,2241),(2242,2243,2244),(2245,2246,2247),(2248,2249,2250),(2251,2252,2253),(2254,2255,2256),(2257,2258,2259),(2260,2261,2262),(2263,2264,2265),(2266,2267,2268),(2269,2270,2271),(2272,2273,2274),(2275,2276,2277),(2278,2279,2280),(2281,2282,2283),(2284,2285,2286),(2287,2288,2289),(2290,2291,2292),(2293,2294,2295),(2296,2297,2298),(2299,2300,2301),(2302,2303,2304),(2305,2306,2307),(2308,2309,2310),(2311,2312,2313),(2314,2315,2316),(2317,2318,2319),(2320,2321,2322),(2323,2324,2325),(2326,2327,2328),(2329,2330,2331),(2332,2333,2334),(2335,2336,2337),(2338,2339,2340),(2341,2342,2343),(2344,2345,2346),(2347,2348,2349),(2350,2351,2352),(2353,2354,2355),(2356,2357,2358),(2359,2360,2361),(2362,2363,2364),(2365,2366,2367),(2368,2369,2370),(2371,2372,2373),(2374,2375,2376),(2377,2378,2379),(2380,2381,2382),(2383,2384,2385),(2386,2387,2388),(2389,2390,2391),(2392,2393,2394),(2395,2396,2397),(2398,2399,2400),(2401,2402,2403),(2404,2405,2406),(2407,2408,2409),(2410,2411,2412),(2413,2414,2415),(2416,2417,2418),(2419,2420,2421),(2422,2423,2424),(2425,2426,2427),(2428,2429,2430),(2431,2432,2433),(2434,2435,2436),(2437,2438,2439),(2440,2441,2442),(2443,2444,2445),(2446,2447,2448),(2449,2450,2451),(2452,2453,2454),(2455,2456,2457),(2458,2459,2460),(2461,2462,2463),(2464,2465,2466),(2467,2468,2469),(2470,2471,2472),(2473,2474,2475),(2476,2477,2478),(2479,2480,2481),(2482,2483,2484),(2485,2486,2487),(2488,2489,2490),(2491,2492,2493),(2494,2495,2496),(2497,2498,2499),(2500,2501,2502),(2503,2504,2505),(2506,2507,2508),(2509,2510,2511),(2512,2513,2514),(2515,2516,2517),(2518,2519,2520),(2521,2522,2523),(2524,2525,2526),(2527,2528,2529),(2530,2531,2532),(2533,2534,2535),(2536,2537,2538),(2539,2540,2541),(2542,2543,2544),(2545,2546,2547),(2548,2549,2550),(2551,2552,2553),(2554,2555,2556),(2557,2558,2559),(2560,2561,2562),(2563,2564,2565),(2566,2567,2568),(2569,2570,2571),(2572,2573,2574),(2575,2576,2577),(2578,2579,2580),(2581,2582,2583),(2584,2585,2586),(2587,2588,2589),(2590,2591,2592),(2593,2594,2595),(2596,2597,2598),(2599,2600,2601),(2602,2603,2604),(2605,2606,2607),(2608,2609,2610),(2611,2612,2613),(2614,2615,2616),(2617,2618,2619),(2620,2621,2622),(2623,2624,2625),(2626,2627,2628),(2629,2630,2631),(2632,2633,2634),(2635,2636,2637),(2638,2639,2640),(2641,2642,2643),(2644,2645,2646),(2647,2648,2649),(2650,2651,2652),(2653,2654,2655),(2656,2657,2658),(2659,2660,2661),(2662,2663,2664),(2665,2666,2667),(2668,2669,2670),(2671,2672,2673),(2674,2675,2676),(2677,2678,2679),(2680,2681,2682),(2683,2684,2685),(2686,2687,2688),(2689,2690,2691),(2692,2693,2694),(2695,2696,2697),(2698,2699,2700),(2701,2702,2703),(2704,2705,2706),(2707,2708,2709),(2710,2711,2712),(2713,2714,2715),(2716,2717,2718),(2719,2720,2721),(2722,2723,2724),(2725,2726,2727),(2728,2729,2730),(2731,2732,2733),(2734,2735,2736),(2737,2738,2739),(2740,2741,2742),(2743,2744,2745),(2746,2747,2748),(2749,2750,2751),(2752,2753,2754),(2755,2756,2757),(2758,2759,2760),(2761,2762,2763),(2764,2765,2766),(2767,2768,2769),(2770,2771,2772),(2773,2774,2775),(2776,2777,2778),(2779,2780,2781),(2782,2783,2784),(2785,2786,2787),(2788,2789,2790),(2791,2792,2793),(2794,2795,2796),(2797,2798,2799),(2800,2801,2802),(2803,2804,2805),(2806,2807,2808),(2809,2810,2811),(2812,2813,2814),(2815,2816,2817),(2818,2819,2820),(2821,2822,2823),(2824,2825,2826),(2827,2828,2829),(2830,2831,2832),(2833,2834,2835),(2836,2837,2838),(2839,2840,2841),(2842,2843,2844),(2845,2846,2847),(2848,2849,2850),(2851,2852,2853),(2854,2855,2856),(2857,2858,2859),(2860,2861,2862),(2863,2864,2865),(2866,2867,2868),(2869,2870,2871),(2872,2873,2874),(2875,2876,2877),(2878,2879,2880)));
#8363=TESSELLATED_GEOMETRIC_SET('hole callout',(#8362));
#8364=COORDINATES_LIST('coordinates',5,((0.0496062,0.0644716,0.0700000),(0.0737052,0.0644716,0.0700000),(0.0371062,0.0569716,0.0700000),(0.0446062,0.0644716,0.0700000),(0.0496062,0.0644716,0.0700000)));
#8365=TESSELLATED_CURVE_SET('curve set',#8364,((1,2),(3,4,5)));
#8366=TESSELLATED_GEOMETRIC_SET('hole callout',(#8365));
#8367=TESSELLATED_ANNOTATION_OCCURRENCE('hole callout',(#8360),#8363);
#8368=TESSELLATED_ANNOTATION_OCCURRENCE('hole callout',(#8360),#8366);
#8369=DRAUGHTING_CALLOUT('hole callout',(#8367,#8368));
#8370=DRAUGHTING_MODEL_ITEM_ASSOCIATION('','',#8303,#8356,#8369);
#8371=DRAUGHTING_MODEL_ITEM_ASSOCIATION('','',#8311,#8356,#8369);
#8372=DRAUGHTING_MODEL_ITEM_ASSOCIATION('','',#8319,#8356,#8369);
#8373=DRAUGHTING_MODEL_ITEM_ASSOCIATION('','',#8327,#8356,#8369);
#8374=DRAUGHTING_MODEL_ITEM_ASSOCIATION('','',#8254,#8356,#8369);
ENDSEC;
END-ISO-10303-21;
