ISO-10303-21;
HEADER;
/* Generated by software containing ST-Developer
 * from STEP Tools, Inc. (www.steptools.com) 
 */
/* OPTION: using custom renumber hook */

FILE_DESCRIPTION(
/* description */ ('STEP AP242 Edition 2',
'CAx-IF Rec.Pracs.---Representation and Presentation of Product Manufa
cturing Information (PMI)---4.0---2014-10-13',
'CAx-IF Rec.Pracs.---3D Tessellated Geometry---0.4---2014-09-14','2;1',
'CAx-IF Rec.Pracs.---User Defined Attributes---1.5---2016-08-15'),
/* implementation_level */ '2;1');

FILE_NAME(
/* name */ 'PCB BRAIN SUPPORT',
/* time_stamp */ '2026-04-23T21:15:18Z',
/* author */ (''),
/* organization */ (''),
/* preprocessor_version */ 'ST-DEVELOPER v20',
/* originating_system */ 'ONSHAPE BY PTC INC, 1.213',
/* authorisation */ '  ');

FILE_SCHEMA (('AP242_MANAGED_MODEL_BASED_3D_ENGINEERING_MIM_LF { 1 0 10303 442 3 1 4 }'));
ENDSEC;

DATA;
#10=SHAPE_REPRESENTATION_RELATIONSHIP('','',#6116,#11);
#11=ADVANCED_BREP_SHAPE_REPRESENTATION('',(#6114),#10568);
#12=B_SPLINE_SURFACE_WITH_KNOTS('',3,1,((#9258,#9259),(#9260,#9261),(#9262,
#9263),(#9264,#9265),(#9266,#9267)),.SURF_OF_LINEAR_EXTRUSION.,.F.,.F.,
 .F.,(4,1,4),(2,2),(-9.90418069380746E-14,0.499999999999979,1.00000000000006),
(0.,1.),.UNSPECIFIED.);
#13=B_SPLINE_SURFACE_WITH_KNOTS('',3,1,((#9268,#9269),(#9270,#9271),(#9272,
#9273),(#9274,#9275),(#9276,#9277)),.SURF_OF_LINEAR_EXTRUSION.,.F.,.F.,
 .F.,(4,1,4),(2,2),(-4.59280390670529E-14,0.500000000000034,1.00000000000011),
(0.,1.),.UNSPECIFIED.);
#14=B_SPLINE_SURFACE_WITH_KNOTS('',3,1,((#9278,#9279),(#9280,#9281),(#9282,
#9283),(#9284,#9285),(#9286,#9287)),.SURF_OF_LINEAR_EXTRUSION.,.F.,.F.,
 .F.,(4,1,4),(2,2),(-1.11701099089454E-13,0.499999999999982,1.00000000000008),
(0.,1.),.UNSPECIFIED.);
#15=B_SPLINE_SURFACE_WITH_KNOTS('',3,1,((#9288,#9289),(#9290,#9291),(#9292,
#9293),(#9294,#9295),(#9296,#9297)),.SURF_OF_LINEAR_EXTRUSION.,.F.,.F.,
 .F.,(4,1,4),(2,2),(-1.25329115325122E-13,0.499999999999993,1.00000000000011),
(0.,1.),.UNSPECIFIED.);
#16=B_SPLINE_SURFACE_WITH_KNOTS('',3,1,((#9298,#9299),(#9300,#9301),(#9302,
#9303),(#9304,#9305),(#9306,#9307)),.SURF_OF_LINEAR_EXTRUSION.,.F.,.F.,
 .F.,(4,1,4),(2,2),(-3.81003236432511E-14,0.500000000000027,1.00000000000009),
(0.,1.),.UNSPECIFIED.);
#17=B_SPLINE_SURFACE_WITH_KNOTS('',3,1,((#9308,#9309),(#9310,#9311),(#9312,
#9313),(#9314,#9315),(#9316,#9317)),.SURF_OF_LINEAR_EXTRUSION.,.F.,.F.,
 .F.,(4,1,4),(2,2),(-1.50370172866135E-13,0.499999999999953,1.00000000000006),
(0.,1.),.UNSPECIFIED.);
#18=B_SPLINE_SURFACE_WITH_KNOTS('',3,1,((#9318,#9319),(#9320,#9321),(#9322,
#9323),(#9324,#9325),(#9326,#9327)),.SURF_OF_LINEAR_EXTRUSION.,.F.,.F.,
 .F.,(4,1,4),(2,2),(-7.73591087506915E-14,0.500000000000024,1.00000000000013),
(0.,1.),.UNSPECIFIED.);
#19=B_SPLINE_SURFACE_WITH_KNOTS('',3,1,((#9328,#9329),(#9330,#9331),(#9332,
#9333),(#9334,#9335),(#9336,#9337)),.SURF_OF_LINEAR_EXTRUSION.,.F.,.F.,
 .F.,(4,1,4),(2,2),(-1.11688803516876E-13,0.5,1.00000000000011),(0.,1.),
 .UNSPECIFIED.);
#20=ELLIPSE('',#6222,0.00226274169979695,0.0016);
#21=ELLIPSE('',#6226,0.00226274169979695,0.0016);
#22=CYLINDRICAL_SURFACE('',#6221,0.0016);
#23=CYLINDRICAL_SURFACE('',#6223,0.0016);
#24=CYLINDRICAL_SURFACE('',#6224,0.0016);
#25=CYLINDRICAL_SURFACE('',#6225,0.0016);
#26=CYLINDRICAL_SURFACE('',#6227,0.0016);
#27=CYLINDRICAL_SURFACE('',#6228,0.0016);
#28=CYLINDRICAL_SURFACE('',#6229,0.0016);
#29=CYLINDRICAL_SURFACE('',#6230,0.0016);
#30=CYLINDRICAL_SURFACE('',#6261,0.00125);
#31=CYLINDRICAL_SURFACE('',#6262,0.00125);
#32=CYLINDRICAL_SURFACE('',#6263,0.00125);
#33=CYLINDRICAL_SURFACE('',#6264,0.00125);
#34=CYLINDRICAL_SURFACE('',#6265,0.000514147422707612);
#35=CYLINDRICAL_SURFACE('',#6266,0.000514147422680891);
#36=CYLINDRICAL_SURFACE('',#6267,0.000514147422680937);
#37=CYLINDRICAL_SURFACE('',#6268,0.000514147422680908);
#38=CYLINDRICAL_SURFACE('',#6269,0.000514147422680922);
#39=CYLINDRICAL_SURFACE('',#6270,0.000514147422680953);
#40=CYLINDRICAL_SURFACE('',#6271,0.000514147422680905);
#41=CYLINDRICAL_SURFACE('',#6272,0.000514147422680958);
#42=CYLINDRICAL_SURFACE('',#6274,9.4255671375388E-5);
#43=CYLINDRICAL_SURFACE('',#6277,9.75155354276252E-5);
#44=CYLINDRICAL_SURFACE('',#6281,9.75155354294333E-5);
#45=CYLINDRICAL_SURFACE('',#6284,9.42556713777372E-5);
#46=CYLINDRICAL_SURFACE('',#6288,0.000109998501227272);
#47=CYLINDRICAL_SURFACE('',#6291,9.10403230735817E-5);
#48=CYLINDRICAL_SURFACE('',#6295,9.10403230736367E-5);
#49=CYLINDRICAL_SURFACE('',#6300,0.00112214108469634);
#50=CYLINDRICAL_SURFACE('',#6302,0.00120561021181804);
#51=CYLINDRICAL_SURFACE('',#6304,0.00110081861344187);
#52=CYLINDRICAL_SURFACE('',#6307,0.00110081861344492);
#53=CYLINDRICAL_SURFACE('',#6309,0.00120561021181767);
#54=CYLINDRICAL_SURFACE('',#6311,0.00112214108469645);
#55=CYLINDRICAL_SURFACE('',#6314,0.000109998501232404);
#56=CYLINDRICAL_SURFACE('',#6320,0.000106184369574822);
#57=CYLINDRICAL_SURFACE('',#6323,8.22599316711296E-5);
#58=CYLINDRICAL_SURFACE('',#6327,9.63866115649164E-5);
#59=CYLINDRICAL_SURFACE('',#6330,9.63866115666496E-5);
#60=CYLINDRICAL_SURFACE('',#6334,0.00010999850123248);
#61=CYLINDRICAL_SURFACE('',#6337,9.10403230735865E-5);
#62=CYLINDRICAL_SURFACE('',#6341,7.8292666381993E-5);
#63=CYLINDRICAL_SURFACE('',#6350,0.0011429430278949);
#64=CYLINDRICAL_SURFACE('',#6352,0.00116552715164681);
#65=CYLINDRICAL_SURFACE('',#6354,0.00111872955566334);
#66=CYLINDRICAL_SURFACE('',#6357,0.00109842346922106);
#67=CYLINDRICAL_SURFACE('',#6359,0.00121274875653057);
#68=CYLINDRICAL_SURFACE('',#6361,0.0011176088653292);
#69=CYLINDRICAL_SURFACE('',#6367,0.000121959995326952);
#70=CYLINDRICAL_SURFACE('',#6374,9.63866115665665E-5);
#71=CYLINDRICAL_SURFACE('',#6377,9.63866115649504E-5);
#72=CYLINDRICAL_SURFACE('',#6381,0.000109998501227336);
#73=CYLINDRICAL_SURFACE('',#6384,9.10403230735835E-5);
#74=CYLINDRICAL_SURFACE('',#6394,0.00110081861344501);
#75=CYLINDRICAL_SURFACE('',#6396,0.00120561021181811);
#76=CYLINDRICAL_SURFACE('',#6398,0.00112214108469497);
#77=CYLINDRICAL_SURFACE('',#6401,0.00110178845104302);
#78=CYLINDRICAL_SURFACE('',#6403,0.00121614545741305);
#79=CYLINDRICAL_SURFACE('',#6405,0.00110081861344498);
#80=CYLINDRICAL_SURFACE('',#6411,9.63866115665864E-5);
#81=CYLINDRICAL_SURFACE('',#6414,9.63866115666076E-5);
#82=CYLINDRICAL_SURFACE('',#6418,9.63866115648995E-5);
#83=CYLINDRICAL_SURFACE('',#6421,9.63866115666075E-5);
#84=CYLINDRICAL_SURFACE('',#6425,0.0001099985012273);
#85=CYLINDRICAL_SURFACE('',#6428,9.10403230736111E-5);
#86=CYLINDRICAL_SURFACE('',#6432,9.10403230736351E-5);
#87=CYLINDRICAL_SURFACE('',#6435,0.00109842346921834);
#88=CYLINDRICAL_SURFACE('',#6438,0.00109842346921845);
#89=CYLINDRICAL_SURFACE('',#6440,0.00122354832491033);
#90=CYLINDRICAL_SURFACE('',#6442,0.00109738010002424);
#91=CYLINDRICAL_SURFACE('',#6445,0.00109738010002413);
#92=CYLINDRICAL_SURFACE('',#6447,0.00122354832491043);
#93=CYLINDRICAL_SURFACE('',#6449,0.00109842346922088);
#94=CYLINDRICAL_SURFACE('',#6452,0.00109842346921845);
#95=CYLINDRICAL_SURFACE('',#6454,0.0012179744963504);
#96=CYLINDRICAL_SURFACE('',#6456,0.00110081861344177);
#97=CYLINDRICAL_SURFACE('',#6459,0.00110081861344508);
#98=CYLINDRICAL_SURFACE('',#6461,0.00121797449635037);
#99=CYLINDRICAL_SURFACE('',#6463,0.000109998501227271);
#100=CYLINDRICAL_SURFACE('',#6469,9.63866115660951E-5);
#101=CYLINDRICAL_SURFACE('',#6472,9.63866115665628E-5);
#102=CYLINDRICAL_SURFACE('',#6476,9.63866115665677E-5);
#103=CYLINDRICAL_SURFACE('',#6479,9.63866115666031E-5);
#104=CYLINDRICAL_SURFACE('',#6483,8.22599316464217E-5);
#105=CYLINDRICAL_SURFACE('',#6486,0.000106184369582054);
#106=CYLINDRICAL_SURFACE('',#6490,0.00010618436958205);
#107=CYLINDRICAL_SURFACE('',#6494,9.63866115649163E-5);
#108=CYLINDRICAL_SURFACE('',#6497,9.63866115666041E-5);
#109=CYLINDRICAL_SURFACE('',#6501,9.63866115665789E-5);
#110=CYLINDRICAL_SURFACE('',#6504,9.63866115665501E-5);
#111=CYLINDRICAL_SURFACE('',#6508,0.000109998501232396);
#112=CYLINDRICAL_SURFACE('',#6511,9.10403230736034E-5);
#113=CYLINDRICAL_SURFACE('',#6515,9.10403230736247E-5);
#114=CYLINDRICAL_SURFACE('',#6520,0.00111872955566194);
#115=CYLINDRICAL_SURFACE('',#6522,0.00121277136587277);
#116=CYLINDRICAL_SURFACE('',#6524,0.0010973801000243);
#117=CYLINDRICAL_SURFACE('',#6527,0.00106472317963329);
#118=CYLINDRICAL_SURFACE('',#6529,0.00192964079186576);
#119=CYLINDRICAL_SURFACE('',#6531,0.000764182656988396);
#120=CYLINDRICAL_SURFACE('',#6533,0.0012502376049437);
#121=CYLINDRICAL_SURFACE('',#6536,0.00110081861344492);
#122=CYLINDRICAL_SURFACE('',#6538,0.00121797449635069);
#123=CYLINDRICAL_SURFACE('',#6540,0.00110081861344292);
#124=CYLINDRICAL_SURFACE('',#6542,0.000109998501227246);
#125=CYLINDRICAL_SURFACE('',#6546,8.22599316712297E-5);
#126=CYLINDRICAL_SURFACE('',#6570,9.63866115648935E-5);
#127=CYLINDRICAL_SURFACE('',#6573,9.63866115649137E-5);
#128=CYLINDRICAL_SURFACE('',#6577,0.000109998501232463);
#129=CYLINDRICAL_SURFACE('',#6580,9.10403230735891E-5);
#130=CYLINDRICAL_SURFACE('',#6590,0.00110081861344496);
#131=CYLINDRICAL_SURFACE('',#6592,0.00120561021181812);
#132=CYLINDRICAL_SURFACE('',#6594,0.00112214108469508);
#133=CYLINDRICAL_SURFACE('',#6597,0.00110178845104219);
#134=CYLINDRICAL_SURFACE('',#6599,0.00121614545741323);
#135=CYLINDRICAL_SURFACE('',#6601,0.00110081861344499);
#136=CYLINDRICAL_SURFACE('',#6612,0.00114294302789691);
#137=CYLINDRICAL_SURFACE('',#6614,0.00116552715164683);
#138=CYLINDRICAL_SURFACE('',#6616,0.00111872955566335);
#139=CYLINDRICAL_SURFACE('',#6619,0.00109842346922102);
#140=CYLINDRICAL_SURFACE('',#6621,0.0012127487565303);
#141=CYLINDRICAL_SURFACE('',#6623,0.00111760886532903);
#142=CYLINDRICAL_SURFACE('',#6629,0.000106184369581981);
#143=CYLINDRICAL_SURFACE('',#6632,8.22599316711202E-5);
#144=CYLINDRICAL_SURFACE('',#6636,9.63866115649211E-5);
#145=CYLINDRICAL_SURFACE('',#6639,9.63866115649134E-5);
#146=CYLINDRICAL_SURFACE('',#6643,0.000109998501227263);
#147=CYLINDRICAL_SURFACE('',#6646,9.10403230736037E-5);
#148=CYLINDRICAL_SURFACE('',#6650,7.82926663819879E-5);
#149=CYLINDRICAL_SURFACE('',#6653,0.000121959995326899);
#150=CYLINDRICAL_SURFACE('',#6660,9.63866115666367E-5);
#151=CYLINDRICAL_SURFACE('',#6663,9.6386611564918E-5);
#152=CYLINDRICAL_SURFACE('',#6667,9.63866115648867E-5);
#153=CYLINDRICAL_SURFACE('',#6670,9.63866115666489E-5);
#154=CYLINDRICAL_SURFACE('',#6674,8.22599316492035E-5);
#155=CYLINDRICAL_SURFACE('',#6677,0.000106184369582018);
#156=CYLINDRICAL_SURFACE('',#6681,0.000106184369582006);
#157=CYLINDRICAL_SURFACE('',#6685,9.63866115649625E-5);
#158=CYLINDRICAL_SURFACE('',#6688,9.63866115666093E-5);
#159=CYLINDRICAL_SURFACE('',#6692,9.63866115665647E-5);
#160=CYLINDRICAL_SURFACE('',#6695,9.63866115649447E-5);
#161=CYLINDRICAL_SURFACE('',#6699,0.000109998501227264);
#162=CYLINDRICAL_SURFACE('',#6702,9.10403230735985E-5);
#163=CYLINDRICAL_SURFACE('',#6706,9.10403230736194E-5);
#164=CYLINDRICAL_SURFACE('',#6711,0.00111872955566208);
#165=CYLINDRICAL_SURFACE('',#6713,0.00121277136587266);
#166=CYLINDRICAL_SURFACE('',#6715,0.00109738010002413);
#167=CYLINDRICAL_SURFACE('',#6718,0.0010647231796334);
#168=CYLINDRICAL_SURFACE('',#6720,0.00192964079186597);
#169=CYLINDRICAL_SURFACE('',#6722,0.000764182656989596);
#170=CYLINDRICAL_SURFACE('',#6724,0.00125023760494672);
#171=CYLINDRICAL_SURFACE('',#6727,0.0011008186134424);
#172=CYLINDRICAL_SURFACE('',#6729,0.00121797449635057);
#173=CYLINDRICAL_SURFACE('',#6731,0.00110081861344495);
#174=CYLINDRICAL_SURFACE('',#6733,0.000109998501227296);
#175=CYLINDRICAL_SURFACE('',#6737,8.2259931671222E-5);
#176=B_SPLINE_CURVE_WITH_KNOTS('',3,(#8894,#8895,#8896,#8897),
 .UNSPECIFIED.,.F.,.F.,(4,4),(2.08333324550058E-8,1.),.UNSPECIFIED.);
#177=B_SPLINE_CURVE_WITH_KNOTS('',3,(#8901,#8902,#8903,#8904),
 .UNSPECIFIED.,.F.,.F.,(4,4),(0.,1.),.UNSPECIFIED.);
#178=B_SPLINE_CURVE_WITH_KNOTS('',3,(#8905,#8906,#8907,#8908),
 .UNSPECIFIED.,.F.,.F.,(4,4),(0.,1.),.UNSPECIFIED.);
#179=B_SPLINE_CURVE_WITH_KNOTS('',3,(#8913,#8914,#8915,#8916),
 .UNSPECIFIED.,.F.,.F.,(4,4),(2.08333324550058E-8,1.),.UNSPECIFIED.);
#180=B_SPLINE_CURVE_WITH_KNOTS('',3,(#8923,#8924,#8925,#8926),
 .UNSPECIFIED.,.F.,.F.,(4,4),(0.,1.),.UNSPECIFIED.);
#181=B_SPLINE_CURVE_WITH_KNOTS('',3,(#8930,#8931,#8932,#8933),
 .UNSPECIFIED.,.F.,.F.,(4,4),(2.08333324550058E-8,1.),.UNSPECIFIED.);
#182=B_SPLINE_CURVE_WITH_KNOTS('',3,(#8938,#8939,#8940,#8941),
 .UNSPECIFIED.,.F.,.F.,(4,4),(0.,1.),.UNSPECIFIED.);
#183=B_SPLINE_CURVE_WITH_KNOTS('',3,(#8945,#8946,#8947,#8948),
 .UNSPECIFIED.,.F.,.F.,(4,4),(0.,1.),.UNSPECIFIED.);
#184=B_SPLINE_CURVE_WITH_KNOTS('',3,(#8953,#8954,#8955,#8956),
 .UNSPECIFIED.,.F.,.F.,(4,4),(0.,1.),.UNSPECIFIED.);
#185=B_SPLINE_CURVE_WITH_KNOTS('',3,(#8960,#8961,#8962,#8963),
 .UNSPECIFIED.,.F.,.F.,(4,4),(2.08333324550058E-8,1.),.UNSPECIFIED.);
#186=B_SPLINE_CURVE_WITH_KNOTS('',3,(#8968,#8969,#8970,#8971),
 .UNSPECIFIED.,.F.,.F.,(4,4),(0.,1.),.UNSPECIFIED.);
#187=B_SPLINE_CURVE_WITH_KNOTS('',3,(#8975,#8976,#8977,#8978),
 .UNSPECIFIED.,.F.,.F.,(4,4),(0.,1.),.UNSPECIFIED.);
#188=B_SPLINE_CURVE_WITH_KNOTS('',3,(#8987,#8988,#8989,#8990),
 .UNSPECIFIED.,.F.,.F.,(4,4),(0.,1.),.UNSPECIFIED.);
#189=B_SPLINE_CURVE_WITH_KNOTS('',3,(#8994,#8995,#8996,#8997),
 .UNSPECIFIED.,.F.,.F.,(4,4),(0.,1.),.UNSPECIFIED.);
#190=B_SPLINE_CURVE_WITH_KNOTS('',3,(#9004,#9005,#9006,#9007),
 .UNSPECIFIED.,.F.,.F.,(4,4),(0.,1.),.UNSPECIFIED.);
#191=B_SPLINE_CURVE_WITH_KNOTS('',3,(#9011,#9012,#9013,#9014),
 .UNSPECIFIED.,.F.,.F.,(4,4),(0.,1.),.UNSPECIFIED.);
#192=B_SPLINE_CURVE_WITH_KNOTS('',3,(#9064,#9065,#9066,#9067),
 .UNSPECIFIED.,.F.,.F.,(4,4),(0.,1.),.UNSPECIFIED.);
#193=B_SPLINE_CURVE_WITH_KNOTS('',3,(#9071,#9072,#9073,#9074),
 .UNSPECIFIED.,.F.,.F.,(4,4),(0.,1.),.UNSPECIFIED.);
#194=B_SPLINE_CURVE_WITH_KNOTS('',3,(#9076,#9077,#9078,#9079),
 .UNSPECIFIED.,.F.,.F.,(4,4),(0.,1.),.UNSPECIFIED.);
#195=B_SPLINE_CURVE_WITH_KNOTS('',3,(#9083,#9084,#9085,#9086),
 .UNSPECIFIED.,.F.,.F.,(4,4),(0.,1.),.UNSPECIFIED.);
#196=B_SPLINE_CURVE_WITH_KNOTS('',3,(#9095,#9096,#9097,#9098),
 .UNSPECIFIED.,.F.,.F.,(4,4),(0.,1.),.UNSPECIFIED.);
#197=B_SPLINE_CURVE_WITH_KNOTS('',3,(#9102,#9103,#9104,#9105),
 .UNSPECIFIED.,.F.,.F.,(4,4),(0.,1.),.UNSPECIFIED.);
#198=B_SPLINE_CURVE_WITH_KNOTS('',3,(#9109,#9110,#9111,#9112),
 .UNSPECIFIED.,.F.,.F.,(4,4),(0.,1.),.UNSPECIFIED.);
#199=B_SPLINE_CURVE_WITH_KNOTS('',3,(#9116,#9117,#9118,#9119),
 .UNSPECIFIED.,.F.,.F.,(4,4),(2.08333324550058E-8,1.),.UNSPECIFIED.);
#200=B_SPLINE_CURVE_WITH_KNOTS('',3,(#9124,#9125,#9126,#9127),
 .UNSPECIFIED.,.F.,.F.,(4,4),(0.,1.),.UNSPECIFIED.);
#201=B_SPLINE_CURVE_WITH_KNOTS('',3,(#9130,#9131,#9132,#9133),
 .UNSPECIFIED.,.F.,.F.,(4,4),(0.,1.),.UNSPECIFIED.);
#202=B_SPLINE_CURVE_WITH_KNOTS('',3,(#9137,#9138,#9139,#9140),
 .UNSPECIFIED.,.F.,.F.,(4,4),(0.,1.),.UNSPECIFIED.);
#203=B_SPLINE_CURVE_WITH_KNOTS('',3,(#9146,#9147,#9148,#9149),
 .UNSPECIFIED.,.F.,.F.,(4,4),(0.,1.),.UNSPECIFIED.);
#204=B_SPLINE_CURVE_WITH_KNOTS('',3,(#9151,#9152,#9153,#9154),
 .UNSPECIFIED.,.F.,.F.,(4,4),(0.,1.),.UNSPECIFIED.);
#205=B_SPLINE_CURVE_WITH_KNOTS('',3,(#9155,#9156,#9157,#9158),
 .UNSPECIFIED.,.F.,.F.,(4,4),(2.08333327441264E-8,1.),.UNSPECIFIED.);
#206=B_SPLINE_CURVE_WITH_KNOTS('',3,(#9163,#9164,#9165,#9166),
 .UNSPECIFIED.,.F.,.F.,(4,4),(0.,1.),.UNSPECIFIED.);
#207=B_SPLINE_CURVE_WITH_KNOTS('',3,(#9175,#9176,#9177,#9178),
 .UNSPECIFIED.,.F.,.F.,(4,4),(0.,1.),.UNSPECIFIED.);
#208=B_SPLINE_CURVE_WITH_KNOTS('',3,(#9182,#9183,#9184,#9185),
 .UNSPECIFIED.,.F.,.F.,(4,4),(0.,1.),.UNSPECIFIED.);
#209=B_SPLINE_CURVE_WITH_KNOTS('',3,(#9191,#9192,#9193,#9194),
 .UNSPECIFIED.,.F.,.F.,(4,4),(0.,1.),.UNSPECIFIED.);
#210=B_SPLINE_CURVE_WITH_KNOTS('',3,(#9196,#9197,#9198,#9199),
 .UNSPECIFIED.,.F.,.F.,(4,4),(0.,1.),.UNSPECIFIED.);
#211=B_SPLINE_CURVE_WITH_KNOTS('',3,(#9200,#9201,#9202,#9203),
 .UNSPECIFIED.,.F.,.F.,(4,4),(0.,1.),.UNSPECIFIED.);
#212=B_SPLINE_CURVE_WITH_KNOTS('',3,(#9205,#9206,#9207,#9208),
 .UNSPECIFIED.,.F.,.F.,(4,4),(0.,1.),.UNSPECIFIED.);
#213=B_SPLINE_CURVE_WITH_KNOTS('',3,(#9209,#9210,#9211,#9212),
 .UNSPECIFIED.,.F.,.F.,(4,4),(2.08333324550058E-8,1.),.UNSPECIFIED.);
#214=B_SPLINE_CURVE_WITH_KNOTS('',3,(#9214,#9215,#9216,#9217),
 .UNSPECIFIED.,.F.,.F.,(4,4),(2.08333327441264E-8,1.),.UNSPECIFIED.);
#215=B_SPLINE_CURVE_WITH_KNOTS('',3,(#9218,#9219,#9220,#9221),
 .UNSPECIFIED.,.F.,.F.,(4,4),(0.,1.),.UNSPECIFIED.);
#216=B_SPLINE_CURVE_WITH_KNOTS('',3,(#9223,#9224,#9225,#9226),
 .UNSPECIFIED.,.F.,.F.,(4,4),(0.,1.),.UNSPECIFIED.);
#217=B_SPLINE_CURVE_WITH_KNOTS('',3,(#9227,#9228,#9229,#9230),
 .UNSPECIFIED.,.F.,.F.,(4,4),(0.,1.),.UNSPECIFIED.);
#218=B_SPLINE_CURVE_WITH_KNOTS('',3,(#9232,#9233,#9234,#9235),
 .UNSPECIFIED.,.F.,.F.,(4,4),(0.,1.),.UNSPECIFIED.);
#219=B_SPLINE_CURVE_WITH_KNOTS('',3,(#9236,#9237,#9238,#9239),
 .UNSPECIFIED.,.F.,.F.,(4,4),(0.,1.),.UNSPECIFIED.);
#220=B_SPLINE_CURVE_WITH_KNOTS('',3,(#9241,#9242,#9243,#9244),
 .UNSPECIFIED.,.F.,.F.,(4,4),(0.,1.),.UNSPECIFIED.);
#221=B_SPLINE_CURVE_WITH_KNOTS('',3,(#9245,#9246,#9247,#9248),
 .UNSPECIFIED.,.F.,.F.,(4,4),(0.,1.),.UNSPECIFIED.);
#222=B_SPLINE_CURVE_WITH_KNOTS('',3,(#9250,#9251,#9252,#9253),
 .UNSPECIFIED.,.F.,.F.,(4,4),(0.,1.),.UNSPECIFIED.);
#223=B_SPLINE_CURVE_WITH_KNOTS('',3,(#9254,#9255,#9256,#9257),
 .UNSPECIFIED.,.F.,.F.,(4,4),(0.,1.),.UNSPECIFIED.);
#224=CIRCLE('',#6121,0.0016);
#225=CIRCLE('',#6122,0.0016);
#226=CIRCLE('',#6123,0.0016);
#227=CIRCLE('',#6124,0.0016);
#228=CIRCLE('',#6126,0.0016);
#229=CIRCLE('',#6127,0.0016);
#230=CIRCLE('',#6128,0.0016);
#231=CIRCLE('',#6129,0.0016);
#232=CIRCLE('',#6135,0.00110081861344495);
#233=CIRCLE('',#6136,0.00121797449635057);
#234=CIRCLE('',#6137,0.0011008186134424);
#235=CIRCLE('',#6138,0.00125023760494672);
#236=CIRCLE('',#6139,0.000764182656989596);
#237=CIRCLE('',#6140,0.00192964079186597);
#238=CIRCLE('',#6141,0.0010647231796334);
#239=CIRCLE('',#6142,0.00109738010002413);
#240=CIRCLE('',#6143,0.00121277136587266);
#241=CIRCLE('',#6144,0.00111872955566208);
#242=CIRCLE('',#6145,0.00111760886532903);
#243=CIRCLE('',#6146,0.0012127487565303);
#244=CIRCLE('',#6147,0.00109842346922102);
#245=CIRCLE('',#6148,0.00111872955566335);
#246=CIRCLE('',#6149,0.00116552715164683);
#247=CIRCLE('',#6150,0.00114294302789691);
#248=CIRCLE('',#6151,0.00110081861344499);
#249=CIRCLE('',#6152,0.00121614545741323);
#250=CIRCLE('',#6153,0.00110178845104219);
#251=CIRCLE('',#6154,0.00112214108469508);
#252=CIRCLE('',#6155,0.00120561021181812);
#253=CIRCLE('',#6156,0.00110081861344496);
#254=CIRCLE('',#6157,0.00110081861344292);
#255=CIRCLE('',#6158,0.00121797449635069);
#256=CIRCLE('',#6159,0.00110081861344492);
#257=CIRCLE('',#6160,0.0012502376049437);
#258=CIRCLE('',#6161,0.000764182656988396);
#259=CIRCLE('',#6162,0.00192964079186576);
#260=CIRCLE('',#6163,0.00106472317963329);
#261=CIRCLE('',#6164,0.0010973801000243);
#262=CIRCLE('',#6165,0.00121277136587277);
#263=CIRCLE('',#6166,0.00111872955566194);
#264=CIRCLE('',#6167,0.00109842346921834);
#265=CIRCLE('',#6168,0.00121797449635037);
#266=CIRCLE('',#6169,0.00110081861344508);
#267=CIRCLE('',#6170,0.00110081861344177);
#268=CIRCLE('',#6171,0.0012179744963504);
#269=CIRCLE('',#6172,0.00109842346921845);
#270=CIRCLE('',#6173,0.00109842346922088);
#271=CIRCLE('',#6174,0.00122354832491043);
#272=CIRCLE('',#6175,0.00109738010002413);
#273=CIRCLE('',#6176,0.00109738010002424);
#274=CIRCLE('',#6177,0.00122354832491033);
#275=CIRCLE('',#6178,0.00109842346921845);
#276=CIRCLE('',#6179,0.00110081861344498);
#277=CIRCLE('',#6180,0.00121614545741305);
#278=CIRCLE('',#6181,0.00110178845104302);
#279=CIRCLE('',#6182,0.00112214108469497);
#280=CIRCLE('',#6183,0.00120561021181811);
#281=CIRCLE('',#6184,0.00110081861344501);
#282=CIRCLE('',#6185,0.0011176088653292);
#283=CIRCLE('',#6186,0.00121274875653057);
#284=CIRCLE('',#6187,0.00109842346922106);
#285=CIRCLE('',#6188,0.00111872955566334);
#286=CIRCLE('',#6189,0.00116552715164681);
#287=CIRCLE('',#6190,0.0011429430278949);
#288=CIRCLE('',#6191,0.00112214108469645);
#289=CIRCLE('',#6192,0.00120561021181767);
#290=CIRCLE('',#6193,0.00110081861344492);
#291=CIRCLE('',#6194,0.00110081861344187);
#292=CIRCLE('',#6195,0.00120561021181804);
#293=CIRCLE('',#6196,0.00112214108469634);
#294=CIRCLE('',#6197,0.0016);
#295=CIRCLE('',#6198,0.0016);
#296=CIRCLE('',#6199,0.0016);
#297=CIRCLE('',#6200,0.0016);
#298=CIRCLE('',#6205,0.00125);
#299=CIRCLE('',#6206,0.000514147422680905);
#300=CIRCLE('',#6207,0.000514147422680958);
#301=CIRCLE('',#6208,0.00125);
#302=CIRCLE('',#6209,0.000514147422680908);
#303=CIRCLE('',#6210,0.000514147422680937);
#304=CIRCLE('',#6213,0.0016);
#305=CIRCLE('',#6214,0.0016);
#306=CIRCLE('',#6215,0.0016);
#307=CIRCLE('',#6216,0.0016);
#308=CIRCLE('',#6236,0.00125);
#309=CIRCLE('',#6237,0.000514147422680922);
#310=CIRCLE('',#6238,0.000514147422680953);
#311=CIRCLE('',#6239,0.00125);
#312=CIRCLE('',#6240,0.000514147422680891);
#313=CIRCLE('',#6241,0.000514147422707612);
#314=CIRCLE('',#6244,0.00125);
#315=CIRCLE('',#6245,0.000514147422707612);
#316=CIRCLE('',#6246,0.000514147422680891);
#317=CIRCLE('',#6247,0.00125);
#318=CIRCLE('',#6248,0.000514147422680953);
#319=CIRCLE('',#6249,0.000514147422680922);
#320=CIRCLE('',#6252,0.00125);
#321=CIRCLE('',#6253,0.000514147422680937);
#322=CIRCLE('',#6254,0.000514147422680908);
#323=CIRCLE('',#6255,0.00125);
#324=CIRCLE('',#6256,0.000514147422680958);
#325=CIRCLE('',#6257,0.000514147422680905);
#326=CIRCLE('',#6275,9.4255671375388E-5);
#327=CIRCLE('',#6276,9.4255671375388E-5);
#328=CIRCLE('',#6278,9.75155354276252E-5);
#329=CIRCLE('',#6279,9.75155354276252E-5);
#330=CIRCLE('',#6282,9.75155354294333E-5);
#331=CIRCLE('',#6283,9.75155354294333E-5);
#332=CIRCLE('',#6285,9.42556713777372E-5);
#333=CIRCLE('',#6286,9.42556713777372E-5);
#334=CIRCLE('',#6289,0.000109998501227272);
#335=CIRCLE('',#6290,0.000109998501227272);
#336=CIRCLE('',#6292,9.10403230735817E-5);
#337=CIRCLE('',#6293,9.10403230735817E-5);
#338=CIRCLE('',#6296,9.10403230736367E-5);
#339=CIRCLE('',#6297,9.10403230736367E-5);
#340=CIRCLE('',#6301,0.00112214108469634);
#341=CIRCLE('',#6303,0.00120561021181804);
#342=CIRCLE('',#6305,0.00110081861344187);
#343=CIRCLE('',#6308,0.00110081861344492);
#344=CIRCLE('',#6310,0.00120561021181767);
#345=CIRCLE('',#6312,0.00112214108469645);
#346=CIRCLE('',#6315,0.000109998501232404);
#347=CIRCLE('',#6316,0.000109998501232404);
#348=CIRCLE('',#6321,0.000106184369574822);
#349=CIRCLE('',#6322,0.000106184369574822);
#350=CIRCLE('',#6324,8.22599316711296E-5);
#351=CIRCLE('',#6325,8.22599316711296E-5);
#352=CIRCLE('',#6328,9.63866115649164E-5);
#353=CIRCLE('',#6329,9.63866115649164E-5);
#354=CIRCLE('',#6331,9.63866115666496E-5);
#355=CIRCLE('',#6332,9.63866115666496E-5);
#356=CIRCLE('',#6335,0.00010999850123248);
#357=CIRCLE('',#6336,0.00010999850123248);
#358=CIRCLE('',#6338,9.10403230735865E-5);
#359=CIRCLE('',#6339,9.10403230735865E-5);
#360=CIRCLE('',#6342,7.8292666381993E-5);
#361=CIRCLE('',#6343,7.8292666381993E-5);
#362=CIRCLE('',#6351,0.0011429430278949);
#363=CIRCLE('',#6353,0.00116552715164681);
#364=CIRCLE('',#6355,0.00111872955566334);
#365=CIRCLE('',#6358,0.00109842346922106);
#366=CIRCLE('',#6360,0.00121274875653057);
#367=CIRCLE('',#6362,0.0011176088653292);
#368=CIRCLE('',#6368,0.000121959995326952);
#369=CIRCLE('',#6369,0.000121959995326952);
#370=CIRCLE('',#6375,9.63866115665665E-5);
#371=CIRCLE('',#6376,9.63866115665665E-5);
#372=CIRCLE('',#6378,9.63866115649504E-5);
#373=CIRCLE('',#6379,9.63866115649504E-5);
#374=CIRCLE('',#6382,0.000109998501227336);
#375=CIRCLE('',#6383,0.000109998501227336);
#376=CIRCLE('',#6385,9.10403230735835E-5);
#377=CIRCLE('',#6386,9.10403230735835E-5);
#378=CIRCLE('',#6395,0.00110081861344501);
#379=CIRCLE('',#6397,0.00120561021181811);
#380=CIRCLE('',#6399,0.00112214108469497);
#381=CIRCLE('',#6402,0.00110178845104302);
#382=CIRCLE('',#6404,0.00121614545741305);
#383=CIRCLE('',#6406,0.00110081861344498);
#384=CIRCLE('',#6412,9.63866115665864E-5);
#385=CIRCLE('',#6413,9.63866115665864E-5);
#386=CIRCLE('',#6415,9.63866115666076E-5);
#387=CIRCLE('',#6416,9.63866115666076E-5);
#388=CIRCLE('',#6419,9.63866115648995E-5);
#389=CIRCLE('',#6420,9.63866115648995E-5);
#390=CIRCLE('',#6422,9.63866115666075E-5);
#391=CIRCLE('',#6423,9.63866115666075E-5);
#392=CIRCLE('',#6426,0.0001099985012273);
#393=CIRCLE('',#6427,0.0001099985012273);
#394=CIRCLE('',#6429,9.10403230736111E-5);
#395=CIRCLE('',#6430,9.10403230736111E-5);
#396=CIRCLE('',#6433,9.10403230736351E-5);
#397=CIRCLE('',#6434,9.10403230736351E-5);
#398=CIRCLE('',#6436,0.00109842346921834);
#399=CIRCLE('',#6439,0.00109842346921845);
#400=CIRCLE('',#6441,0.00122354832491033);
#401=CIRCLE('',#6443,0.00109738010002424);
#402=CIRCLE('',#6446,0.00109738010002413);
#403=CIRCLE('',#6448,0.00122354832491043);
#404=CIRCLE('',#6450,0.00109842346922088);
#405=CIRCLE('',#6453,0.00109842346921845);
#406=CIRCLE('',#6455,0.0012179744963504);
#407=CIRCLE('',#6457,0.00110081861344177);
#408=CIRCLE('',#6460,0.00110081861344508);
#409=CIRCLE('',#6462,0.00121797449635037);
#410=CIRCLE('',#6464,0.000109998501227271);
#411=CIRCLE('',#6465,0.000109998501227271);
#412=CIRCLE('',#6470,9.63866115660951E-5);
#413=CIRCLE('',#6471,9.63866115660951E-5);
#414=CIRCLE('',#6473,9.63866115665628E-5);
#415=CIRCLE('',#6474,9.63866115665628E-5);
#416=CIRCLE('',#6477,9.63866115665677E-5);
#417=CIRCLE('',#6478,9.63866115665677E-5);
#418=CIRCLE('',#6480,9.63866115666031E-5);
#419=CIRCLE('',#6481,9.63866115666031E-5);
#420=CIRCLE('',#6484,8.22599316464217E-5);
#421=CIRCLE('',#6485,8.22599316464217E-5);
#422=CIRCLE('',#6487,0.000106184369582054);
#423=CIRCLE('',#6488,0.000106184369582054);
#424=CIRCLE('',#6491,0.00010618436958205);
#425=CIRCLE('',#6492,0.00010618436958205);
#426=CIRCLE('',#6495,9.63866115649163E-5);
#427=CIRCLE('',#6496,9.63866115649163E-5);
#428=CIRCLE('',#6498,9.63866115666041E-5);
#429=CIRCLE('',#6499,9.63866115666041E-5);
#430=CIRCLE('',#6502,9.63866115665789E-5);
#431=CIRCLE('',#6503,9.63866115665789E-5);
#432=CIRCLE('',#6505,9.63866115665501E-5);
#433=CIRCLE('',#6506,9.63866115665501E-5);
#434=CIRCLE('',#6509,0.000109998501232396);
#435=CIRCLE('',#6510,0.000109998501232396);
#436=CIRCLE('',#6512,9.10403230736034E-5);
#437=CIRCLE('',#6513,9.10403230736034E-5);
#438=CIRCLE('',#6516,9.10403230736247E-5);
#439=CIRCLE('',#6517,9.10403230736247E-5);
#440=CIRCLE('',#6521,0.00111872955566194);
#441=CIRCLE('',#6523,0.00121277136587277);
#442=CIRCLE('',#6525,0.0010973801000243);
#443=CIRCLE('',#6528,0.00106472317963329);
#444=CIRCLE('',#6530,0.00192964079186576);
#445=CIRCLE('',#6532,0.000764182656988396);
#446=CIRCLE('',#6534,0.0012502376049437);
#447=CIRCLE('',#6537,0.00110081861344492);
#448=CIRCLE('',#6539,0.00121797449635069);
#449=CIRCLE('',#6541,0.00110081861344292);
#450=CIRCLE('',#6543,0.000109998501227246);
#451=CIRCLE('',#6544,0.000109998501227246);
#452=CIRCLE('',#6547,8.22599316712297E-5);
#453=CIRCLE('',#6548,8.22599316712297E-5);
#454=CIRCLE('',#6571,9.63866115648935E-5);
#455=CIRCLE('',#6572,9.63866115648935E-5);
#456=CIRCLE('',#6574,9.63866115649137E-5);
#457=CIRCLE('',#6575,9.63866115649137E-5);
#458=CIRCLE('',#6578,0.000109998501232463);
#459=CIRCLE('',#6579,0.000109998501232463);
#460=CIRCLE('',#6581,9.10403230735891E-5);
#461=CIRCLE('',#6582,9.10403230735891E-5);
#462=CIRCLE('',#6591,0.00110081861344496);
#463=CIRCLE('',#6593,0.00120561021181812);
#464=CIRCLE('',#6595,0.00112214108469508);
#465=CIRCLE('',#6598,0.00110178845104219);
#466=CIRCLE('',#6600,0.00121614545741323);
#467=CIRCLE('',#6602,0.00110081861344499);
#468=CIRCLE('',#6613,0.00114294302789691);
#469=CIRCLE('',#6615,0.00116552715164683);
#470=CIRCLE('',#6617,0.00111872955566335);
#471=CIRCLE('',#6620,0.00109842346922102);
#472=CIRCLE('',#6622,0.0012127487565303);
#473=CIRCLE('',#6624,0.00111760886532903);
#474=CIRCLE('',#6630,0.000106184369581981);
#475=CIRCLE('',#6631,0.000106184369581981);
#476=CIRCLE('',#6633,8.22599316711202E-5);
#477=CIRCLE('',#6634,8.22599316711202E-5);
#478=CIRCLE('',#6637,9.63866115649211E-5);
#479=CIRCLE('',#6638,9.63866115649211E-5);
#480=CIRCLE('',#6640,9.63866115649134E-5);
#481=CIRCLE('',#6641,9.63866115649134E-5);
#482=CIRCLE('',#6644,0.000109998501227263);
#483=CIRCLE('',#6645,0.000109998501227263);
#484=CIRCLE('',#6647,9.10403230736037E-5);
#485=CIRCLE('',#6648,9.10403230736037E-5);
#486=CIRCLE('',#6651,7.82926663819879E-5);
#487=CIRCLE('',#6652,7.82926663819879E-5);
#488=CIRCLE('',#6654,0.000121959995326899);
#489=CIRCLE('',#6655,0.000121959995326899);
#490=CIRCLE('',#6661,9.63866115666367E-5);
#491=CIRCLE('',#6662,9.63866115666367E-5);
#492=CIRCLE('',#6664,9.6386611564918E-5);
#493=CIRCLE('',#6665,9.6386611564918E-5);
#494=CIRCLE('',#6668,9.63866115648867E-5);
#495=CIRCLE('',#6669,9.63866115648867E-5);
#496=CIRCLE('',#6671,9.63866115666489E-5);
#497=CIRCLE('',#6672,9.63866115666489E-5);
#498=CIRCLE('',#6675,8.22599316492035E-5);
#499=CIRCLE('',#6676,8.22599316492035E-5);
#500=CIRCLE('',#6678,0.000106184369582018);
#501=CIRCLE('',#6679,0.000106184369582018);
#502=CIRCLE('',#6682,0.000106184369582006);
#503=CIRCLE('',#6683,0.000106184369582006);
#504=CIRCLE('',#6686,9.63866115649625E-5);
#505=CIRCLE('',#6687,9.63866115649625E-5);
#506=CIRCLE('',#6689,9.63866115666093E-5);
#507=CIRCLE('',#6690,9.63866115666093E-5);
#508=CIRCLE('',#6693,9.63866115665647E-5);
#509=CIRCLE('',#6694,9.63866115665647E-5);
#510=CIRCLE('',#6696,9.63866115649447E-5);
#511=CIRCLE('',#6697,9.63866115649447E-5);
#512=CIRCLE('',#6700,0.000109998501227264);
#513=CIRCLE('',#6701,0.000109998501227264);
#514=CIRCLE('',#6703,9.10403230735985E-5);
#515=CIRCLE('',#6704,9.10403230735985E-5);
#516=CIRCLE('',#6707,9.10403230736194E-5);
#517=CIRCLE('',#6708,9.10403230736194E-5);
#518=CIRCLE('',#6712,0.00111872955566208);
#519=CIRCLE('',#6714,0.00121277136587266);
#520=CIRCLE('',#6716,0.00109738010002413);
#521=CIRCLE('',#6719,0.0010647231796334);
#522=CIRCLE('',#6721,0.00192964079186597);
#523=CIRCLE('',#6723,0.000764182656989596);
#524=CIRCLE('',#6725,0.00125023760494672);
#525=CIRCLE('',#6728,0.0011008186134424);
#526=CIRCLE('',#6730,0.00121797449635057);
#527=CIRCLE('',#6732,0.00110081861344495);
#528=CIRCLE('',#6734,0.000109998501227296);
#529=CIRCLE('',#6735,0.000109998501227296);
#530=CIRCLE('',#6738,8.2259931671222E-5);
#531=CIRCLE('',#6739,8.2259931671222E-5);
#532=ORIENTED_EDGE('',*,*,#2318,.F.);
#533=ORIENTED_EDGE('',*,*,#2319,.T.);
#534=ORIENTED_EDGE('',*,*,#2320,.T.);
#535=ORIENTED_EDGE('',*,*,#2321,.T.);
#536=ORIENTED_EDGE('',*,*,#2322,.T.);
#537=ORIENTED_EDGE('',*,*,#2323,.T.);
#538=ORIENTED_EDGE('',*,*,#2324,.T.);
#539=ORIENTED_EDGE('',*,*,#2325,.T.);
#540=ORIENTED_EDGE('',*,*,#2326,.T.);
#541=ORIENTED_EDGE('',*,*,#2327,.T.);
#542=ORIENTED_EDGE('',*,*,#2328,.F.);
#543=ORIENTED_EDGE('',*,*,#2329,.T.);
#544=ORIENTED_EDGE('',*,*,#2330,.T.);
#545=ORIENTED_EDGE('',*,*,#2331,.T.);
#546=ORIENTED_EDGE('',*,*,#2332,.T.);
#547=ORIENTED_EDGE('',*,*,#2333,.T.);
#548=ORIENTED_EDGE('',*,*,#2334,.T.);
#549=ORIENTED_EDGE('',*,*,#2335,.T.);
#550=ORIENTED_EDGE('',*,*,#2336,.F.);
#551=ORIENTED_EDGE('',*,*,#2337,.F.);
#552=ORIENTED_EDGE('',*,*,#2338,.F.);
#553=ORIENTED_EDGE('',*,*,#2339,.F.);
#554=ORIENTED_EDGE('',*,*,#2340,.T.);
#555=ORIENTED_EDGE('',*,*,#2341,.T.);
#556=ORIENTED_EDGE('',*,*,#2342,.T.);
#557=ORIENTED_EDGE('',*,*,#2343,.T.);
#558=ORIENTED_EDGE('',*,*,#2344,.T.);
#559=ORIENTED_EDGE('',*,*,#2345,.T.);
#560=ORIENTED_EDGE('',*,*,#2324,.F.);
#561=ORIENTED_EDGE('',*,*,#2346,.T.);
#562=ORIENTED_EDGE('',*,*,#2340,.F.);
#563=ORIENTED_EDGE('',*,*,#2347,.F.);
#564=ORIENTED_EDGE('',*,*,#2329,.F.);
#565=ORIENTED_EDGE('',*,*,#2348,.T.);
#566=ORIENTED_EDGE('',*,*,#2322,.F.);
#567=ORIENTED_EDGE('',*,*,#2349,.F.);
#568=ORIENTED_EDGE('',*,*,#2350,.F.);
#569=ORIENTED_EDGE('',*,*,#2342,.F.);
#570=ORIENTED_EDGE('',*,*,#2351,.T.);
#571=ORIENTED_EDGE('',*,*,#2321,.F.);
#572=ORIENTED_EDGE('',*,*,#2352,.F.);
#573=ORIENTED_EDGE('',*,*,#2319,.F.);
#574=ORIENTED_EDGE('',*,*,#2353,.T.);
#575=ORIENTED_EDGE('',*,*,#2335,.F.);
#576=ORIENTED_EDGE('',*,*,#2354,.F.);
#577=ORIENTED_EDGE('',*,*,#2355,.F.);
#578=ORIENTED_EDGE('',*,*,#2356,.T.);
#579=ORIENTED_EDGE('',*,*,#2357,.T.);
#580=ORIENTED_EDGE('',*,*,#2358,.T.);
#581=ORIENTED_EDGE('',*,*,#2359,.T.);
#582=ORIENTED_EDGE('',*,*,#2360,.T.);
#583=ORIENTED_EDGE('',*,*,#2361,.T.);
#584=ORIENTED_EDGE('',*,*,#2362,.T.);
#585=ORIENTED_EDGE('',*,*,#2363,.T.);
#586=ORIENTED_EDGE('',*,*,#2364,.T.);
#587=ORIENTED_EDGE('',*,*,#2365,.T.);
#588=ORIENTED_EDGE('',*,*,#2366,.T.);
#589=ORIENTED_EDGE('',*,*,#2367,.T.);
#590=ORIENTED_EDGE('',*,*,#2368,.T.);
#591=ORIENTED_EDGE('',*,*,#2369,.T.);
#592=ORIENTED_EDGE('',*,*,#2370,.T.);
#593=ORIENTED_EDGE('',*,*,#2371,.T.);
#594=ORIENTED_EDGE('',*,*,#2372,.T.);
#595=ORIENTED_EDGE('',*,*,#2373,.T.);
#596=ORIENTED_EDGE('',*,*,#2374,.T.);
#597=ORIENTED_EDGE('',*,*,#2375,.T.);
#598=ORIENTED_EDGE('',*,*,#2376,.T.);
#599=ORIENTED_EDGE('',*,*,#2377,.T.);
#600=ORIENTED_EDGE('',*,*,#2378,.T.);
#601=ORIENTED_EDGE('',*,*,#2379,.T.);
#602=ORIENTED_EDGE('',*,*,#2380,.T.);
#603=ORIENTED_EDGE('',*,*,#2381,.T.);
#604=ORIENTED_EDGE('',*,*,#2382,.T.);
#605=ORIENTED_EDGE('',*,*,#2383,.T.);
#606=ORIENTED_EDGE('',*,*,#2384,.T.);
#607=ORIENTED_EDGE('',*,*,#2385,.T.);
#608=ORIENTED_EDGE('',*,*,#2386,.T.);
#609=ORIENTED_EDGE('',*,*,#2387,.T.);
#610=ORIENTED_EDGE('',*,*,#2388,.T.);
#611=ORIENTED_EDGE('',*,*,#2389,.T.);
#612=ORIENTED_EDGE('',*,*,#2390,.T.);
#613=ORIENTED_EDGE('',*,*,#2391,.T.);
#614=ORIENTED_EDGE('',*,*,#2392,.T.);
#615=ORIENTED_EDGE('',*,*,#2393,.T.);
#616=ORIENTED_EDGE('',*,*,#2394,.T.);
#617=ORIENTED_EDGE('',*,*,#2395,.T.);
#618=ORIENTED_EDGE('',*,*,#2396,.T.);
#619=ORIENTED_EDGE('',*,*,#2397,.T.);
#620=ORIENTED_EDGE('',*,*,#2398,.T.);
#621=ORIENTED_EDGE('',*,*,#2399,.T.);
#622=ORIENTED_EDGE('',*,*,#2400,.T.);
#623=ORIENTED_EDGE('',*,*,#2401,.T.);
#624=ORIENTED_EDGE('',*,*,#2402,.T.);
#625=ORIENTED_EDGE('',*,*,#2403,.T.);
#626=ORIENTED_EDGE('',*,*,#2404,.T.);
#627=ORIENTED_EDGE('',*,*,#2405,.T.);
#628=ORIENTED_EDGE('',*,*,#2406,.T.);
#629=ORIENTED_EDGE('',*,*,#2407,.T.);
#630=ORIENTED_EDGE('',*,*,#2408,.T.);
#631=ORIENTED_EDGE('',*,*,#2409,.T.);
#632=ORIENTED_EDGE('',*,*,#2410,.T.);
#633=ORIENTED_EDGE('',*,*,#2411,.T.);
#634=ORIENTED_EDGE('',*,*,#2412,.T.);
#635=ORIENTED_EDGE('',*,*,#2413,.T.);
#636=ORIENTED_EDGE('',*,*,#2414,.T.);
#637=ORIENTED_EDGE('',*,*,#2415,.T.);
#638=ORIENTED_EDGE('',*,*,#2416,.T.);
#639=ORIENTED_EDGE('',*,*,#2417,.T.);
#640=ORIENTED_EDGE('',*,*,#2418,.T.);
#641=ORIENTED_EDGE('',*,*,#2419,.T.);
#642=ORIENTED_EDGE('',*,*,#2420,.T.);
#643=ORIENTED_EDGE('',*,*,#2421,.T.);
#644=ORIENTED_EDGE('',*,*,#2422,.T.);
#645=ORIENTED_EDGE('',*,*,#2423,.T.);
#646=ORIENTED_EDGE('',*,*,#2424,.T.);
#647=ORIENTED_EDGE('',*,*,#2425,.T.);
#648=ORIENTED_EDGE('',*,*,#2426,.T.);
#649=ORIENTED_EDGE('',*,*,#2427,.T.);
#650=ORIENTED_EDGE('',*,*,#2428,.T.);
#651=ORIENTED_EDGE('',*,*,#2429,.T.);
#652=ORIENTED_EDGE('',*,*,#2430,.T.);
#653=ORIENTED_EDGE('',*,*,#2431,.T.);
#654=ORIENTED_EDGE('',*,*,#2432,.T.);
#655=ORIENTED_EDGE('',*,*,#2433,.T.);
#656=ORIENTED_EDGE('',*,*,#2434,.T.);
#657=ORIENTED_EDGE('',*,*,#2435,.T.);
#658=ORIENTED_EDGE('',*,*,#2436,.T.);
#659=ORIENTED_EDGE('',*,*,#2437,.T.);
#660=ORIENTED_EDGE('',*,*,#2438,.T.);
#661=ORIENTED_EDGE('',*,*,#2439,.T.);
#662=ORIENTED_EDGE('',*,*,#2440,.T.);
#663=ORIENTED_EDGE('',*,*,#2441,.T.);
#664=ORIENTED_EDGE('',*,*,#2442,.T.);
#665=ORIENTED_EDGE('',*,*,#2443,.T.);
#666=ORIENTED_EDGE('',*,*,#2444,.T.);
#667=ORIENTED_EDGE('',*,*,#2445,.T.);
#668=ORIENTED_EDGE('',*,*,#2446,.T.);
#669=ORIENTED_EDGE('',*,*,#2447,.T.);
#670=ORIENTED_EDGE('',*,*,#2448,.T.);
#671=ORIENTED_EDGE('',*,*,#2449,.T.);
#672=ORIENTED_EDGE('',*,*,#2450,.T.);
#673=ORIENTED_EDGE('',*,*,#2451,.T.);
#674=ORIENTED_EDGE('',*,*,#2452,.T.);
#675=ORIENTED_EDGE('',*,*,#2453,.T.);
#676=ORIENTED_EDGE('',*,*,#2454,.T.);
#677=ORIENTED_EDGE('',*,*,#2455,.T.);
#678=ORIENTED_EDGE('',*,*,#2456,.T.);
#679=ORIENTED_EDGE('',*,*,#2457,.T.);
#680=ORIENTED_EDGE('',*,*,#2458,.T.);
#681=ORIENTED_EDGE('',*,*,#2459,.T.);
#682=ORIENTED_EDGE('',*,*,#2460,.T.);
#683=ORIENTED_EDGE('',*,*,#2461,.T.);
#684=ORIENTED_EDGE('',*,*,#2462,.T.);
#685=ORIENTED_EDGE('',*,*,#2463,.T.);
#686=ORIENTED_EDGE('',*,*,#2464,.T.);
#687=ORIENTED_EDGE('',*,*,#2465,.T.);
#688=ORIENTED_EDGE('',*,*,#2466,.T.);
#689=ORIENTED_EDGE('',*,*,#2467,.T.);
#690=ORIENTED_EDGE('',*,*,#2468,.T.);
#691=ORIENTED_EDGE('',*,*,#2469,.T.);
#692=ORIENTED_EDGE('',*,*,#2470,.T.);
#693=ORIENTED_EDGE('',*,*,#2471,.T.);
#694=ORIENTED_EDGE('',*,*,#2472,.T.);
#695=ORIENTED_EDGE('',*,*,#2473,.T.);
#696=ORIENTED_EDGE('',*,*,#2474,.T.);
#697=ORIENTED_EDGE('',*,*,#2475,.T.);
#698=ORIENTED_EDGE('',*,*,#2476,.T.);
#699=ORIENTED_EDGE('',*,*,#2477,.T.);
#700=ORIENTED_EDGE('',*,*,#2478,.T.);
#701=ORIENTED_EDGE('',*,*,#2479,.T.);
#702=ORIENTED_EDGE('',*,*,#2480,.T.);
#703=ORIENTED_EDGE('',*,*,#2481,.T.);
#704=ORIENTED_EDGE('',*,*,#2482,.T.);
#705=ORIENTED_EDGE('',*,*,#2483,.T.);
#706=ORIENTED_EDGE('',*,*,#2484,.T.);
#707=ORIENTED_EDGE('',*,*,#2485,.T.);
#708=ORIENTED_EDGE('',*,*,#2486,.T.);
#709=ORIENTED_EDGE('',*,*,#2487,.T.);
#710=ORIENTED_EDGE('',*,*,#2488,.T.);
#711=ORIENTED_EDGE('',*,*,#2489,.F.);
#712=ORIENTED_EDGE('',*,*,#2490,.T.);
#713=ORIENTED_EDGE('',*,*,#2491,.F.);
#714=ORIENTED_EDGE('',*,*,#2492,.F.);
#715=ORIENTED_EDGE('',*,*,#2493,.T.);
#716=ORIENTED_EDGE('',*,*,#2494,.F.);
#717=ORIENTED_EDGE('',*,*,#2495,.T.);
#718=ORIENTED_EDGE('',*,*,#2496,.T.);
#719=ORIENTED_EDGE('',*,*,#2497,.T.);
#720=ORIENTED_EDGE('',*,*,#2498,.F.);
#721=ORIENTED_EDGE('',*,*,#2499,.T.);
#722=ORIENTED_EDGE('',*,*,#2500,.T.);
#723=ORIENTED_EDGE('',*,*,#2501,.F.);
#724=ORIENTED_EDGE('',*,*,#2502,.T.);
#725=ORIENTED_EDGE('',*,*,#2503,.T.);
#726=ORIENTED_EDGE('',*,*,#2504,.F.);
#727=ORIENTED_EDGE('',*,*,#2505,.T.);
#728=ORIENTED_EDGE('',*,*,#2506,.T.);
#729=ORIENTED_EDGE('',*,*,#2507,.T.);
#730=ORIENTED_EDGE('',*,*,#2508,.F.);
#731=ORIENTED_EDGE('',*,*,#2509,.T.);
#732=ORIENTED_EDGE('',*,*,#2510,.T.);
#733=ORIENTED_EDGE('',*,*,#2511,.T.);
#734=ORIENTED_EDGE('',*,*,#2512,.T.);
#735=ORIENTED_EDGE('',*,*,#2513,.T.);
#736=ORIENTED_EDGE('',*,*,#2514,.F.);
#737=ORIENTED_EDGE('',*,*,#2515,.T.);
#738=ORIENTED_EDGE('',*,*,#2516,.F.);
#739=ORIENTED_EDGE('',*,*,#2517,.T.);
#740=ORIENTED_EDGE('',*,*,#2518,.F.);
#741=ORIENTED_EDGE('',*,*,#2519,.T.);
#742=ORIENTED_EDGE('',*,*,#2520,.F.);
#743=ORIENTED_EDGE('',*,*,#2521,.T.);
#744=ORIENTED_EDGE('',*,*,#2522,.F.);
#745=ORIENTED_EDGE('',*,*,#2523,.T.);
#746=ORIENTED_EDGE('',*,*,#2514,.T.);
#747=ORIENTED_EDGE('',*,*,#2524,.T.);
#748=ORIENTED_EDGE('',*,*,#2525,.F.);
#749=ORIENTED_EDGE('',*,*,#2526,.T.);
#750=ORIENTED_EDGE('',*,*,#2527,.T.);
#751=ORIENTED_EDGE('',*,*,#2528,.T.);
#752=ORIENTED_EDGE('',*,*,#2501,.T.);
#753=ORIENTED_EDGE('',*,*,#2529,.T.);
#754=ORIENTED_EDGE('',*,*,#2520,.T.);
#755=ORIENTED_EDGE('',*,*,#2530,.T.);
#756=ORIENTED_EDGE('',*,*,#2531,.F.);
#757=ORIENTED_EDGE('',*,*,#2532,.T.);
#758=ORIENTED_EDGE('',*,*,#2533,.T.);
#759=ORIENTED_EDGE('',*,*,#2534,.F.);
#760=ORIENTED_EDGE('',*,*,#2535,.T.);
#761=ORIENTED_EDGE('',*,*,#2344,.F.);
#762=ORIENTED_EDGE('',*,*,#2536,.T.);
#763=ORIENTED_EDGE('',*,*,#2537,.T.);
#764=ORIENTED_EDGE('',*,*,#2538,.F.);
#765=ORIENTED_EDGE('',*,*,#2539,.F.);
#766=ORIENTED_EDGE('',*,*,#2540,.T.);
#767=ORIENTED_EDGE('',*,*,#2541,.T.);
#768=ORIENTED_EDGE('',*,*,#2542,.F.);
#769=ORIENTED_EDGE('',*,*,#2543,.T.);
#770=ORIENTED_EDGE('',*,*,#2539,.T.);
#771=ORIENTED_EDGE('',*,*,#2544,.T.);
#772=ORIENTED_EDGE('',*,*,#2490,.F.);
#773=ORIENTED_EDGE('',*,*,#2545,.F.);
#774=ORIENTED_EDGE('',*,*,#2492,.T.);
#775=ORIENTED_EDGE('',*,*,#2546,.F.);
#776=ORIENTED_EDGE('',*,*,#2541,.F.);
#777=ORIENTED_EDGE('',*,*,#2547,.T.);
#778=ORIENTED_EDGE('',*,*,#2540,.F.);
#779=ORIENTED_EDGE('',*,*,#2545,.T.);
#780=ORIENTED_EDGE('',*,*,#2493,.F.);
#781=ORIENTED_EDGE('',*,*,#2547,.F.);
#782=ORIENTED_EDGE('',*,*,#2538,.T.);
#783=ORIENTED_EDGE('',*,*,#2546,.T.);
#784=ORIENTED_EDGE('',*,*,#2491,.T.);
#785=ORIENTED_EDGE('',*,*,#2544,.F.);
#786=ORIENTED_EDGE('',*,*,#2339,.T.);
#787=ORIENTED_EDGE('',*,*,#2331,.F.);
#788=ORIENTED_EDGE('',*,*,#2548,.T.);
#789=ORIENTED_EDGE('',*,*,#2338,.T.);
#790=ORIENTED_EDGE('',*,*,#2326,.F.);
#791=ORIENTED_EDGE('',*,*,#2337,.T.);
#792=ORIENTED_EDGE('',*,*,#2327,.F.);
#793=ORIENTED_EDGE('',*,*,#2336,.T.);
#794=ORIENTED_EDGE('',*,*,#2333,.F.);
#795=ORIENTED_EDGE('',*,*,#2549,.T.);
#796=ORIENTED_EDGE('',*,*,#2534,.T.);
#797=ORIENTED_EDGE('',*,*,#2489,.T.);
#798=ORIENTED_EDGE('',*,*,#2533,.F.);
#799=ORIENTED_EDGE('',*,*,#2488,.F.);
#800=ORIENTED_EDGE('',*,*,#2542,.T.);
#801=ORIENTED_EDGE('',*,*,#2494,.T.);
#802=ORIENTED_EDGE('',*,*,#2543,.F.);
#803=ORIENTED_EDGE('',*,*,#2495,.F.);
#804=ORIENTED_EDGE('',*,*,#2343,.F.);
#805=ORIENTED_EDGE('',*,*,#2352,.T.);
#806=ORIENTED_EDGE('',*,*,#2320,.F.);
#807=ORIENTED_EDGE('',*,*,#2355,.T.);
#808=ORIENTED_EDGE('',*,*,#2550,.F.);
#809=ORIENTED_EDGE('',*,*,#2536,.F.);
#810=ORIENTED_EDGE('',*,*,#2548,.F.);
#811=ORIENTED_EDGE('',*,*,#2330,.F.);
#812=ORIENTED_EDGE('',*,*,#2350,.T.);
#813=ORIENTED_EDGE('',*,*,#2551,.F.);
#814=ORIENTED_EDGE('',*,*,#2537,.F.);
#815=ORIENTED_EDGE('',*,*,#2550,.T.);
#816=ORIENTED_EDGE('',*,*,#2354,.T.);
#817=ORIENTED_EDGE('',*,*,#2334,.F.);
#818=ORIENTED_EDGE('',*,*,#2549,.F.);
#819=ORIENTED_EDGE('',*,*,#2332,.F.);
#820=ORIENTED_EDGE('',*,*,#2345,.F.);
#821=ORIENTED_EDGE('',*,*,#2535,.F.);
#822=ORIENTED_EDGE('',*,*,#2551,.T.);
#823=ORIENTED_EDGE('',*,*,#2349,.T.);
#824=ORIENTED_EDGE('',*,*,#2325,.F.);
#825=ORIENTED_EDGE('',*,*,#2347,.T.);
#826=ORIENTED_EDGE('',*,*,#2552,.T.);
#827=ORIENTED_EDGE('',*,*,#2553,.T.);
#828=ORIENTED_EDGE('',*,*,#2554,.F.);
#829=ORIENTED_EDGE('',*,*,#2555,.T.);
#830=ORIENTED_EDGE('',*,*,#2510,.F.);
#831=ORIENTED_EDGE('',*,*,#2556,.T.);
#832=ORIENTED_EDGE('',*,*,#2557,.T.);
#833=ORIENTED_EDGE('',*,*,#2558,.T.);
#834=ORIENTED_EDGE('',*,*,#2559,.F.);
#835=ORIENTED_EDGE('',*,*,#2560,.T.);
#836=ORIENTED_EDGE('',*,*,#2561,.F.);
#837=ORIENTED_EDGE('',*,*,#2562,.T.);
#838=ORIENTED_EDGE('',*,*,#2554,.T.);
#839=ORIENTED_EDGE('',*,*,#2563,.T.);
#840=ORIENTED_EDGE('',*,*,#2564,.T.);
#841=ORIENTED_EDGE('',*,*,#2565,.T.);
#842=ORIENTED_EDGE('',*,*,#2504,.T.);
#843=ORIENTED_EDGE('',*,*,#2566,.T.);
#844=ORIENTED_EDGE('',*,*,#2498,.T.);
#845=ORIENTED_EDGE('',*,*,#2567,.T.);
#846=ORIENTED_EDGE('',*,*,#2559,.T.);
#847=ORIENTED_EDGE('',*,*,#2568,.T.);
#848=ORIENTED_EDGE('',*,*,#2569,.F.);
#849=ORIENTED_EDGE('',*,*,#2570,.T.);
#850=ORIENTED_EDGE('',*,*,#2571,.F.);
#851=ORIENTED_EDGE('',*,*,#2572,.T.);
#852=ORIENTED_EDGE('',*,*,#2508,.T.);
#853=ORIENTED_EDGE('',*,*,#2573,.T.);
#854=ORIENTED_EDGE('',*,*,#2496,.F.);
#855=ORIENTED_EDGE('',*,*,#2574,.T.);
#856=ORIENTED_EDGE('',*,*,#2506,.F.);
#857=ORIENTED_EDGE('',*,*,#2575,.T.);
#858=ORIENTED_EDGE('',*,*,#2576,.F.);
#859=ORIENTED_EDGE('',*,*,#2577,.T.);
#860=ORIENTED_EDGE('',*,*,#2552,.F.);
#861=ORIENTED_EDGE('',*,*,#2578,.T.);
#862=ORIENTED_EDGE('',*,*,#2579,.T.);
#863=ORIENTED_EDGE('',*,*,#2580,.T.);
#864=ORIENTED_EDGE('',*,*,#2569,.T.);
#865=ORIENTED_EDGE('',*,*,#2581,.T.);
#866=ORIENTED_EDGE('',*,*,#2561,.T.);
#867=ORIENTED_EDGE('',*,*,#2582,.T.);
#868=ORIENTED_EDGE('',*,*,#2579,.F.);
#869=ORIENTED_EDGE('',*,*,#2583,.T.);
#870=ORIENTED_EDGE('',*,*,#2584,.F.);
#871=ORIENTED_EDGE('',*,*,#2585,.T.);
#872=ORIENTED_EDGE('',*,*,#2586,.T.);
#873=ORIENTED_EDGE('',*,*,#2587,.T.);
#874=ORIENTED_EDGE('',*,*,#2503,.F.);
#875=ORIENTED_EDGE('',*,*,#2588,.T.);
#876=ORIENTED_EDGE('',*,*,#2589,.F.);
#877=ORIENTED_EDGE('',*,*,#2590,.T.);
#878=ORIENTED_EDGE('',*,*,#2591,.F.);
#879=ORIENTED_EDGE('',*,*,#2592,.T.);
#880=ORIENTED_EDGE('',*,*,#2512,.F.);
#881=ORIENTED_EDGE('',*,*,#2593,.T.);
#882=ORIENTED_EDGE('',*,*,#2594,.T.);
#883=ORIENTED_EDGE('',*,*,#2595,.T.);
#884=ORIENTED_EDGE('',*,*,#2531,.T.);
#885=ORIENTED_EDGE('',*,*,#2596,.T.);
#886=ORIENTED_EDGE('',*,*,#2527,.F.);
#887=ORIENTED_EDGE('',*,*,#2597,.T.);
#888=ORIENTED_EDGE('',*,*,#2589,.T.);
#889=ORIENTED_EDGE('',*,*,#2598,.T.);
#890=ORIENTED_EDGE('',*,*,#2586,.F.);
#891=ORIENTED_EDGE('',*,*,#2599,.T.);
#892=ORIENTED_EDGE('',*,*,#2516,.T.);
#893=ORIENTED_EDGE('',*,*,#2600,.T.);
#894=ORIENTED_EDGE('',*,*,#2522,.T.);
#895=ORIENTED_EDGE('',*,*,#2601,.T.);
#896=ORIENTED_EDGE('',*,*,#2594,.F.);
#897=ORIENTED_EDGE('',*,*,#2602,.T.);
#898=ORIENTED_EDGE('',*,*,#2518,.T.);
#899=ORIENTED_EDGE('',*,*,#2603,.T.);
#900=ORIENTED_EDGE('',*,*,#2584,.T.);
#901=ORIENTED_EDGE('',*,*,#2604,.T.);
#902=ORIENTED_EDGE('',*,*,#2591,.T.);
#903=ORIENTED_EDGE('',*,*,#2605,.T.);
#904=ORIENTED_EDGE('',*,*,#2525,.T.);
#905=ORIENTED_EDGE('',*,*,#2606,.T.);
#906=ORIENTED_EDGE('',*,*,#2576,.T.);
#907=ORIENTED_EDGE('',*,*,#2607,.T.);
#908=ORIENTED_EDGE('',*,*,#2564,.F.);
#909=ORIENTED_EDGE('',*,*,#2608,.T.);
#910=ORIENTED_EDGE('',*,*,#2557,.F.);
#911=ORIENTED_EDGE('',*,*,#2609,.T.);
#912=ORIENTED_EDGE('',*,*,#2571,.T.);
#913=ORIENTED_EDGE('',*,*,#2610,.T.);
#914=ORIENTED_EDGE('',*,*,#2517,.F.);
#915=ORIENTED_EDGE('',*,*,#2599,.F.);
#916=ORIENTED_EDGE('',*,*,#2585,.F.);
#917=ORIENTED_EDGE('',*,*,#2603,.F.);
#918=ORIENTED_EDGE('',*,*,#2596,.F.);
#919=ORIENTED_EDGE('',*,*,#2530,.F.);
#920=ORIENTED_EDGE('',*,*,#2519,.F.);
#921=ORIENTED_EDGE('',*,*,#2604,.F.);
#922=ORIENTED_EDGE('',*,*,#2526,.F.);
#923=ORIENTED_EDGE('',*,*,#2605,.F.);
#924=ORIENTED_EDGE('',*,*,#2590,.F.);
#925=ORIENTED_EDGE('',*,*,#2597,.F.);
#926=ORIENTED_EDGE('',*,*,#2592,.F.);
#927=ORIENTED_EDGE('',*,*,#2606,.F.);
#928=ORIENTED_EDGE('',*,*,#2524,.F.);
#929=ORIENTED_EDGE('',*,*,#2513,.F.);
#930=ORIENTED_EDGE('',*,*,#2556,.F.);
#931=ORIENTED_EDGE('',*,*,#2509,.F.);
#932=ORIENTED_EDGE('',*,*,#2572,.F.);
#933=ORIENTED_EDGE('',*,*,#2609,.F.);
#934=ORIENTED_EDGE('',*,*,#2558,.F.);
#935=ORIENTED_EDGE('',*,*,#2610,.F.);
#936=ORIENTED_EDGE('',*,*,#2581,.F.);
#937=ORIENTED_EDGE('',*,*,#2568,.F.);
#938=ORIENTED_EDGE('',*,*,#2565,.F.);
#939=ORIENTED_EDGE('',*,*,#2607,.F.);
#940=ORIENTED_EDGE('',*,*,#2575,.F.);
#941=ORIENTED_EDGE('',*,*,#2505,.F.);
#942=ORIENTED_EDGE('',*,*,#2563,.F.);
#943=ORIENTED_EDGE('',*,*,#2553,.F.);
#944=ORIENTED_EDGE('',*,*,#2577,.F.);
#945=ORIENTED_EDGE('',*,*,#2608,.F.);
#946=ORIENTED_EDGE('',*,*,#2567,.F.);
#947=ORIENTED_EDGE('',*,*,#2497,.F.);
#948=ORIENTED_EDGE('',*,*,#2573,.F.);
#949=ORIENTED_EDGE('',*,*,#2511,.F.);
#950=ORIENTED_EDGE('',*,*,#2566,.F.);
#951=ORIENTED_EDGE('',*,*,#2507,.F.);
#952=ORIENTED_EDGE('',*,*,#2574,.F.);
#953=ORIENTED_EDGE('',*,*,#2499,.F.);
#954=ORIENTED_EDGE('',*,*,#2587,.F.);
#955=ORIENTED_EDGE('',*,*,#2600,.F.);
#956=ORIENTED_EDGE('',*,*,#2529,.F.);
#957=ORIENTED_EDGE('',*,*,#2500,.F.);
#958=ORIENTED_EDGE('',*,*,#2588,.F.);
#959=ORIENTED_EDGE('',*,*,#2502,.F.);
#960=ORIENTED_EDGE('',*,*,#2528,.F.);
#961=ORIENTED_EDGE('',*,*,#2598,.F.);
#962=ORIENTED_EDGE('',*,*,#2560,.F.);
#963=ORIENTED_EDGE('',*,*,#2570,.F.);
#964=ORIENTED_EDGE('',*,*,#2580,.F.);
#965=ORIENTED_EDGE('',*,*,#2582,.F.);
#966=ORIENTED_EDGE('',*,*,#2562,.F.);
#967=ORIENTED_EDGE('',*,*,#2583,.F.);
#968=ORIENTED_EDGE('',*,*,#2578,.F.);
#969=ORIENTED_EDGE('',*,*,#2555,.F.);
#970=ORIENTED_EDGE('',*,*,#2595,.F.);
#971=ORIENTED_EDGE('',*,*,#2601,.F.);
#972=ORIENTED_EDGE('',*,*,#2521,.F.);
#973=ORIENTED_EDGE('',*,*,#2532,.F.);
#974=ORIENTED_EDGE('',*,*,#2593,.F.);
#975=ORIENTED_EDGE('',*,*,#2515,.F.);
#976=ORIENTED_EDGE('',*,*,#2523,.F.);
#977=ORIENTED_EDGE('',*,*,#2602,.F.);
#978=ORIENTED_EDGE('',*,*,#2611,.F.);
#979=ORIENTED_EDGE('',*,*,#2612,.F.);
#980=ORIENTED_EDGE('',*,*,#2613,.T.);
#981=ORIENTED_EDGE('',*,*,#2614,.T.);
#982=ORIENTED_EDGE('',*,*,#2615,.F.);
#983=ORIENTED_EDGE('',*,*,#2616,.F.);
#984=ORIENTED_EDGE('',*,*,#2617,.T.);
#985=ORIENTED_EDGE('',*,*,#2612,.T.);
#986=ORIENTED_EDGE('',*,*,#2618,.F.);
#987=ORIENTED_EDGE('',*,*,#2619,.F.);
#988=ORIENTED_EDGE('',*,*,#2620,.T.);
#989=ORIENTED_EDGE('',*,*,#2616,.T.);
#990=ORIENTED_EDGE('',*,*,#2621,.F.);
#991=ORIENTED_EDGE('',*,*,#2622,.F.);
#992=ORIENTED_EDGE('',*,*,#2623,.T.);
#993=ORIENTED_EDGE('',*,*,#2619,.T.);
#994=ORIENTED_EDGE('',*,*,#2624,.F.);
#995=ORIENTED_EDGE('',*,*,#2625,.F.);
#996=ORIENTED_EDGE('',*,*,#2626,.T.);
#997=ORIENTED_EDGE('',*,*,#2622,.T.);
#998=ORIENTED_EDGE('',*,*,#2627,.F.);
#999=ORIENTED_EDGE('',*,*,#2628,.F.);
#1000=ORIENTED_EDGE('',*,*,#2629,.T.);
#1001=ORIENTED_EDGE('',*,*,#2625,.T.);
#1002=ORIENTED_EDGE('',*,*,#2630,.F.);
#1003=ORIENTED_EDGE('',*,*,#2631,.F.);
#1004=ORIENTED_EDGE('',*,*,#2632,.T.);
#1005=ORIENTED_EDGE('',*,*,#2628,.T.);
#1006=ORIENTED_EDGE('',*,*,#2633,.F.);
#1007=ORIENTED_EDGE('',*,*,#2634,.F.);
#1008=ORIENTED_EDGE('',*,*,#2635,.T.);
#1009=ORIENTED_EDGE('',*,*,#2631,.T.);
#1010=ORIENTED_EDGE('',*,*,#2636,.F.);
#1011=ORIENTED_EDGE('',*,*,#2637,.F.);
#1012=ORIENTED_EDGE('',*,*,#2638,.T.);
#1013=ORIENTED_EDGE('',*,*,#2634,.T.);
#1014=ORIENTED_EDGE('',*,*,#2639,.F.);
#1015=ORIENTED_EDGE('',*,*,#2640,.F.);
#1016=ORIENTED_EDGE('',*,*,#2641,.T.);
#1017=ORIENTED_EDGE('',*,*,#2637,.T.);
#1018=ORIENTED_EDGE('',*,*,#2642,.F.);
#1019=ORIENTED_EDGE('',*,*,#2643,.F.);
#1020=ORIENTED_EDGE('',*,*,#2644,.T.);
#1021=ORIENTED_EDGE('',*,*,#2640,.T.);
#1022=ORIENTED_EDGE('',*,*,#2478,.F.);
#1023=ORIENTED_EDGE('',*,*,#2645,.F.);
#1024=ORIENTED_EDGE('',*,*,#2646,.T.);
#1025=ORIENTED_EDGE('',*,*,#2647,.T.);
#1026=ORIENTED_EDGE('',*,*,#2487,.F.);
#1027=ORIENTED_EDGE('',*,*,#2648,.F.);
#1028=ORIENTED_EDGE('',*,*,#2649,.T.);
#1029=ORIENTED_EDGE('',*,*,#2645,.T.);
#1030=ORIENTED_EDGE('',*,*,#2486,.F.);
#1031=ORIENTED_EDGE('',*,*,#2650,.F.);
#1032=ORIENTED_EDGE('',*,*,#2651,.T.);
#1033=ORIENTED_EDGE('',*,*,#2648,.T.);
#1034=ORIENTED_EDGE('',*,*,#2485,.F.);
#1035=ORIENTED_EDGE('',*,*,#2652,.F.);
#1036=ORIENTED_EDGE('',*,*,#2653,.T.);
#1037=ORIENTED_EDGE('',*,*,#2650,.T.);
#1038=ORIENTED_EDGE('',*,*,#2484,.F.);
#1039=ORIENTED_EDGE('',*,*,#2654,.F.);
#1040=ORIENTED_EDGE('',*,*,#2655,.T.);
#1041=ORIENTED_EDGE('',*,*,#2652,.T.);
#1042=ORIENTED_EDGE('',*,*,#2483,.F.);
#1043=ORIENTED_EDGE('',*,*,#2656,.F.);
#1044=ORIENTED_EDGE('',*,*,#2657,.T.);
#1045=ORIENTED_EDGE('',*,*,#2654,.T.);
#1046=ORIENTED_EDGE('',*,*,#2482,.F.);
#1047=ORIENTED_EDGE('',*,*,#2658,.F.);
#1048=ORIENTED_EDGE('',*,*,#2659,.T.);
#1049=ORIENTED_EDGE('',*,*,#2656,.T.);
#1050=ORIENTED_EDGE('',*,*,#2481,.F.);
#1051=ORIENTED_EDGE('',*,*,#2660,.F.);
#1052=ORIENTED_EDGE('',*,*,#2661,.T.);
#1053=ORIENTED_EDGE('',*,*,#2658,.T.);
#1054=ORIENTED_EDGE('',*,*,#2480,.F.);
#1055=ORIENTED_EDGE('',*,*,#2662,.F.);
#1056=ORIENTED_EDGE('',*,*,#2663,.T.);
#1057=ORIENTED_EDGE('',*,*,#2660,.T.);
#1058=ORIENTED_EDGE('',*,*,#2479,.F.);
#1059=ORIENTED_EDGE('',*,*,#2647,.F.);
#1060=ORIENTED_EDGE('',*,*,#2664,.T.);
#1061=ORIENTED_EDGE('',*,*,#2662,.T.);
#1062=ORIENTED_EDGE('',*,*,#2665,.F.);
#1063=ORIENTED_EDGE('',*,*,#2614,.F.);
#1064=ORIENTED_EDGE('',*,*,#2666,.T.);
#1065=ORIENTED_EDGE('',*,*,#2643,.T.);
#1066=ORIENTED_EDGE('',*,*,#2646,.F.);
#1067=ORIENTED_EDGE('',*,*,#2649,.F.);
#1068=ORIENTED_EDGE('',*,*,#2651,.F.);
#1069=ORIENTED_EDGE('',*,*,#2653,.F.);
#1070=ORIENTED_EDGE('',*,*,#2655,.F.);
#1071=ORIENTED_EDGE('',*,*,#2657,.F.);
#1072=ORIENTED_EDGE('',*,*,#2659,.F.);
#1073=ORIENTED_EDGE('',*,*,#2661,.F.);
#1074=ORIENTED_EDGE('',*,*,#2663,.F.);
#1075=ORIENTED_EDGE('',*,*,#2664,.F.);
#1076=ORIENTED_EDGE('',*,*,#2613,.F.);
#1077=ORIENTED_EDGE('',*,*,#2617,.F.);
#1078=ORIENTED_EDGE('',*,*,#2620,.F.);
#1079=ORIENTED_EDGE('',*,*,#2623,.F.);
#1080=ORIENTED_EDGE('',*,*,#2626,.F.);
#1081=ORIENTED_EDGE('',*,*,#2629,.F.);
#1082=ORIENTED_EDGE('',*,*,#2632,.F.);
#1083=ORIENTED_EDGE('',*,*,#2635,.F.);
#1084=ORIENTED_EDGE('',*,*,#2638,.F.);
#1085=ORIENTED_EDGE('',*,*,#2641,.F.);
#1086=ORIENTED_EDGE('',*,*,#2644,.F.);
#1087=ORIENTED_EDGE('',*,*,#2666,.F.);
#1088=ORIENTED_EDGE('',*,*,#2611,.T.);
#1089=ORIENTED_EDGE('',*,*,#2665,.T.);
#1090=ORIENTED_EDGE('',*,*,#2642,.T.);
#1091=ORIENTED_EDGE('',*,*,#2639,.T.);
#1092=ORIENTED_EDGE('',*,*,#2636,.T.);
#1093=ORIENTED_EDGE('',*,*,#2633,.T.);
#1094=ORIENTED_EDGE('',*,*,#2630,.T.);
#1095=ORIENTED_EDGE('',*,*,#2627,.T.);
#1096=ORIENTED_EDGE('',*,*,#2624,.T.);
#1097=ORIENTED_EDGE('',*,*,#2621,.T.);
#1098=ORIENTED_EDGE('',*,*,#2618,.T.);
#1099=ORIENTED_EDGE('',*,*,#2615,.T.);
#1100=ORIENTED_EDGE('',*,*,#2667,.F.);
#1101=ORIENTED_EDGE('',*,*,#2668,.F.);
#1102=ORIENTED_EDGE('',*,*,#2669,.T.);
#1103=ORIENTED_EDGE('',*,*,#2670,.T.);
#1104=ORIENTED_EDGE('',*,*,#2671,.F.);
#1105=ORIENTED_EDGE('',*,*,#2672,.F.);
#1106=ORIENTED_EDGE('',*,*,#2673,.T.);
#1107=ORIENTED_EDGE('',*,*,#2668,.T.);
#1108=ORIENTED_EDGE('',*,*,#2674,.F.);
#1109=ORIENTED_EDGE('',*,*,#2675,.F.);
#1110=ORIENTED_EDGE('',*,*,#2676,.T.);
#1111=ORIENTED_EDGE('',*,*,#2672,.T.);
#1112=ORIENTED_EDGE('',*,*,#2677,.F.);
#1113=ORIENTED_EDGE('',*,*,#2678,.F.);
#1114=ORIENTED_EDGE('',*,*,#2679,.T.);
#1115=ORIENTED_EDGE('',*,*,#2675,.T.);
#1116=ORIENTED_EDGE('',*,*,#2680,.F.);
#1117=ORIENTED_EDGE('',*,*,#2681,.F.);
#1118=ORIENTED_EDGE('',*,*,#2682,.T.);
#1119=ORIENTED_EDGE('',*,*,#2678,.T.);
#1120=ORIENTED_EDGE('',*,*,#2683,.F.);
#1121=ORIENTED_EDGE('',*,*,#2684,.F.);
#1122=ORIENTED_EDGE('',*,*,#2685,.T.);
#1123=ORIENTED_EDGE('',*,*,#2681,.T.);
#1124=ORIENTED_EDGE('',*,*,#2686,.F.);
#1125=ORIENTED_EDGE('',*,*,#2687,.F.);
#1126=ORIENTED_EDGE('',*,*,#2688,.T.);
#1127=ORIENTED_EDGE('',*,*,#2684,.T.);
#1128=ORIENTED_EDGE('',*,*,#2689,.F.);
#1129=ORIENTED_EDGE('',*,*,#2690,.F.);
#1130=ORIENTED_EDGE('',*,*,#2691,.T.);
#1131=ORIENTED_EDGE('',*,*,#2687,.T.);
#1132=ORIENTED_EDGE('',*,*,#2692,.F.);
#1133=ORIENTED_EDGE('',*,*,#2693,.F.);
#1134=ORIENTED_EDGE('',*,*,#2694,.T.);
#1135=ORIENTED_EDGE('',*,*,#2690,.T.);
#1136=ORIENTED_EDGE('',*,*,#2695,.F.);
#1137=ORIENTED_EDGE('',*,*,#2696,.F.);
#1138=ORIENTED_EDGE('',*,*,#2697,.T.);
#1139=ORIENTED_EDGE('',*,*,#2693,.T.);
#1140=ORIENTED_EDGE('',*,*,#2698,.F.);
#1141=ORIENTED_EDGE('',*,*,#2699,.F.);
#1142=ORIENTED_EDGE('',*,*,#2700,.T.);
#1143=ORIENTED_EDGE('',*,*,#2696,.T.);
#1144=ORIENTED_EDGE('',*,*,#2461,.F.);
#1145=ORIENTED_EDGE('',*,*,#2701,.F.);
#1146=ORIENTED_EDGE('',*,*,#2702,.T.);
#1147=ORIENTED_EDGE('',*,*,#2703,.T.);
#1148=ORIENTED_EDGE('',*,*,#2477,.F.);
#1149=ORIENTED_EDGE('',*,*,#2704,.F.);
#1150=ORIENTED_EDGE('',*,*,#2705,.T.);
#1151=ORIENTED_EDGE('',*,*,#2701,.T.);
#1152=ORIENTED_EDGE('',*,*,#2476,.F.);
#1153=ORIENTED_EDGE('',*,*,#2706,.F.);
#1154=ORIENTED_EDGE('',*,*,#2707,.T.);
#1155=ORIENTED_EDGE('',*,*,#2704,.T.);
#1156=ORIENTED_EDGE('',*,*,#2475,.F.);
#1157=ORIENTED_EDGE('',*,*,#2708,.F.);
#1158=ORIENTED_EDGE('',*,*,#2709,.T.);
#1159=ORIENTED_EDGE('',*,*,#2706,.T.);
#1160=ORIENTED_EDGE('',*,*,#2474,.F.);
#1161=ORIENTED_EDGE('',*,*,#2710,.F.);
#1162=ORIENTED_EDGE('',*,*,#2711,.T.);
#1163=ORIENTED_EDGE('',*,*,#2708,.T.);
#1164=ORIENTED_EDGE('',*,*,#2473,.F.);
#1165=ORIENTED_EDGE('',*,*,#2712,.F.);
#1166=ORIENTED_EDGE('',*,*,#2713,.T.);
#1167=ORIENTED_EDGE('',*,*,#2710,.T.);
#1168=ORIENTED_EDGE('',*,*,#2472,.F.);
#1169=ORIENTED_EDGE('',*,*,#2714,.F.);
#1170=ORIENTED_EDGE('',*,*,#2715,.T.);
#1171=ORIENTED_EDGE('',*,*,#2712,.T.);
#1172=ORIENTED_EDGE('',*,*,#2471,.F.);
#1173=ORIENTED_EDGE('',*,*,#2716,.F.);
#1174=ORIENTED_EDGE('',*,*,#2717,.T.);
#1175=ORIENTED_EDGE('',*,*,#2714,.T.);
#1176=ORIENTED_EDGE('',*,*,#2470,.F.);
#1177=ORIENTED_EDGE('',*,*,#2718,.F.);
#1178=ORIENTED_EDGE('',*,*,#2719,.T.);
#1179=ORIENTED_EDGE('',*,*,#2716,.T.);
#1180=ORIENTED_EDGE('',*,*,#2469,.F.);
#1181=ORIENTED_EDGE('',*,*,#2720,.F.);
#1182=ORIENTED_EDGE('',*,*,#2721,.T.);
#1183=ORIENTED_EDGE('',*,*,#2718,.T.);
#1184=ORIENTED_EDGE('',*,*,#2468,.F.);
#1185=ORIENTED_EDGE('',*,*,#2722,.F.);
#1186=ORIENTED_EDGE('',*,*,#2723,.T.);
#1187=ORIENTED_EDGE('',*,*,#2720,.T.);
#1188=ORIENTED_EDGE('',*,*,#2467,.F.);
#1189=ORIENTED_EDGE('',*,*,#2724,.F.);
#1190=ORIENTED_EDGE('',*,*,#2725,.T.);
#1191=ORIENTED_EDGE('',*,*,#2722,.T.);
#1192=ORIENTED_EDGE('',*,*,#2466,.F.);
#1193=ORIENTED_EDGE('',*,*,#2726,.F.);
#1194=ORIENTED_EDGE('',*,*,#2727,.T.);
#1195=ORIENTED_EDGE('',*,*,#2724,.T.);
#1196=ORIENTED_EDGE('',*,*,#2465,.F.);
#1197=ORIENTED_EDGE('',*,*,#2728,.F.);
#1198=ORIENTED_EDGE('',*,*,#2729,.T.);
#1199=ORIENTED_EDGE('',*,*,#2726,.T.);
#1200=ORIENTED_EDGE('',*,*,#2464,.F.);
#1201=ORIENTED_EDGE('',*,*,#2730,.F.);
#1202=ORIENTED_EDGE('',*,*,#2731,.T.);
#1203=ORIENTED_EDGE('',*,*,#2728,.T.);
#1204=ORIENTED_EDGE('',*,*,#2463,.F.);
#1205=ORIENTED_EDGE('',*,*,#2732,.F.);
#1206=ORIENTED_EDGE('',*,*,#2733,.T.);
#1207=ORIENTED_EDGE('',*,*,#2730,.T.);
#1208=ORIENTED_EDGE('',*,*,#2462,.F.);
#1209=ORIENTED_EDGE('',*,*,#2703,.F.);
#1210=ORIENTED_EDGE('',*,*,#2734,.T.);
#1211=ORIENTED_EDGE('',*,*,#2732,.T.);
#1212=ORIENTED_EDGE('',*,*,#2735,.F.);
#1213=ORIENTED_EDGE('',*,*,#2670,.F.);
#1214=ORIENTED_EDGE('',*,*,#2736,.T.);
#1215=ORIENTED_EDGE('',*,*,#2699,.T.);
#1216=ORIENTED_EDGE('',*,*,#2702,.F.);
#1217=ORIENTED_EDGE('',*,*,#2705,.F.);
#1218=ORIENTED_EDGE('',*,*,#2707,.F.);
#1219=ORIENTED_EDGE('',*,*,#2709,.F.);
#1220=ORIENTED_EDGE('',*,*,#2711,.F.);
#1221=ORIENTED_EDGE('',*,*,#2713,.F.);
#1222=ORIENTED_EDGE('',*,*,#2715,.F.);
#1223=ORIENTED_EDGE('',*,*,#2717,.F.);
#1224=ORIENTED_EDGE('',*,*,#2719,.F.);
#1225=ORIENTED_EDGE('',*,*,#2721,.F.);
#1226=ORIENTED_EDGE('',*,*,#2723,.F.);
#1227=ORIENTED_EDGE('',*,*,#2725,.F.);
#1228=ORIENTED_EDGE('',*,*,#2727,.F.);
#1229=ORIENTED_EDGE('',*,*,#2729,.F.);
#1230=ORIENTED_EDGE('',*,*,#2731,.F.);
#1231=ORIENTED_EDGE('',*,*,#2733,.F.);
#1232=ORIENTED_EDGE('',*,*,#2734,.F.);
#1233=ORIENTED_EDGE('',*,*,#2669,.F.);
#1234=ORIENTED_EDGE('',*,*,#2673,.F.);
#1235=ORIENTED_EDGE('',*,*,#2676,.F.);
#1236=ORIENTED_EDGE('',*,*,#2679,.F.);
#1237=ORIENTED_EDGE('',*,*,#2682,.F.);
#1238=ORIENTED_EDGE('',*,*,#2685,.F.);
#1239=ORIENTED_EDGE('',*,*,#2688,.F.);
#1240=ORIENTED_EDGE('',*,*,#2691,.F.);
#1241=ORIENTED_EDGE('',*,*,#2694,.F.);
#1242=ORIENTED_EDGE('',*,*,#2697,.F.);
#1243=ORIENTED_EDGE('',*,*,#2700,.F.);
#1244=ORIENTED_EDGE('',*,*,#2736,.F.);
#1245=ORIENTED_EDGE('',*,*,#2667,.T.);
#1246=ORIENTED_EDGE('',*,*,#2735,.T.);
#1247=ORIENTED_EDGE('',*,*,#2698,.T.);
#1248=ORIENTED_EDGE('',*,*,#2695,.T.);
#1249=ORIENTED_EDGE('',*,*,#2692,.T.);
#1250=ORIENTED_EDGE('',*,*,#2689,.T.);
#1251=ORIENTED_EDGE('',*,*,#2686,.T.);
#1252=ORIENTED_EDGE('',*,*,#2683,.T.);
#1253=ORIENTED_EDGE('',*,*,#2680,.T.);
#1254=ORIENTED_EDGE('',*,*,#2677,.T.);
#1255=ORIENTED_EDGE('',*,*,#2674,.T.);
#1256=ORIENTED_EDGE('',*,*,#2671,.T.);
#1257=ORIENTED_EDGE('',*,*,#2737,.F.);
#1258=ORIENTED_EDGE('',*,*,#2738,.F.);
#1259=ORIENTED_EDGE('',*,*,#2739,.T.);
#1260=ORIENTED_EDGE('',*,*,#2740,.T.);
#1261=ORIENTED_EDGE('',*,*,#2741,.F.);
#1262=ORIENTED_EDGE('',*,*,#2742,.F.);
#1263=ORIENTED_EDGE('',*,*,#2743,.T.);
#1264=ORIENTED_EDGE('',*,*,#2738,.T.);
#1265=ORIENTED_EDGE('',*,*,#2744,.F.);
#1266=ORIENTED_EDGE('',*,*,#2745,.F.);
#1267=ORIENTED_EDGE('',*,*,#2746,.T.);
#1268=ORIENTED_EDGE('',*,*,#2742,.T.);
#1269=ORIENTED_EDGE('',*,*,#2747,.F.);
#1270=ORIENTED_EDGE('',*,*,#2748,.F.);
#1271=ORIENTED_EDGE('',*,*,#2749,.T.);
#1272=ORIENTED_EDGE('',*,*,#2745,.T.);
#1273=ORIENTED_EDGE('',*,*,#2750,.F.);
#1274=ORIENTED_EDGE('',*,*,#2751,.F.);
#1275=ORIENTED_EDGE('',*,*,#2752,.T.);
#1276=ORIENTED_EDGE('',*,*,#2748,.T.);
#1277=ORIENTED_EDGE('',*,*,#2753,.F.);
#1278=ORIENTED_EDGE('',*,*,#2754,.F.);
#1279=ORIENTED_EDGE('',*,*,#2755,.T.);
#1280=ORIENTED_EDGE('',*,*,#2751,.T.);
#1281=ORIENTED_EDGE('',*,*,#2756,.F.);
#1282=ORIENTED_EDGE('',*,*,#2757,.F.);
#1283=ORIENTED_EDGE('',*,*,#2758,.T.);
#1284=ORIENTED_EDGE('',*,*,#2754,.T.);
#1285=ORIENTED_EDGE('',*,*,#2447,.F.);
#1286=ORIENTED_EDGE('',*,*,#2759,.F.);
#1287=ORIENTED_EDGE('',*,*,#2760,.T.);
#1288=ORIENTED_EDGE('',*,*,#2761,.T.);
#1289=ORIENTED_EDGE('',*,*,#2460,.F.);
#1290=ORIENTED_EDGE('',*,*,#2762,.F.);
#1291=ORIENTED_EDGE('',*,*,#2763,.T.);
#1292=ORIENTED_EDGE('',*,*,#2759,.T.);
#1293=ORIENTED_EDGE('',*,*,#2459,.F.);
#1294=ORIENTED_EDGE('',*,*,#2764,.F.);
#1295=ORIENTED_EDGE('',*,*,#2765,.T.);
#1296=ORIENTED_EDGE('',*,*,#2762,.T.);
#1297=ORIENTED_EDGE('',*,*,#2458,.F.);
#1298=ORIENTED_EDGE('',*,*,#2766,.F.);
#1299=ORIENTED_EDGE('',*,*,#2767,.T.);
#1300=ORIENTED_EDGE('',*,*,#2764,.T.);
#1301=ORIENTED_EDGE('',*,*,#2457,.F.);
#1302=ORIENTED_EDGE('',*,*,#2768,.F.);
#1303=ORIENTED_EDGE('',*,*,#2769,.T.);
#1304=ORIENTED_EDGE('',*,*,#2766,.T.);
#1305=ORIENTED_EDGE('',*,*,#2456,.F.);
#1306=ORIENTED_EDGE('',*,*,#2770,.F.);
#1307=ORIENTED_EDGE('',*,*,#2771,.T.);
#1308=ORIENTED_EDGE('',*,*,#2768,.T.);
#1309=ORIENTED_EDGE('',*,*,#2455,.F.);
#1310=ORIENTED_EDGE('',*,*,#2772,.F.);
#1311=ORIENTED_EDGE('',*,*,#2773,.T.);
#1312=ORIENTED_EDGE('',*,*,#2770,.T.);
#1313=ORIENTED_EDGE('',*,*,#2454,.F.);
#1314=ORIENTED_EDGE('',*,*,#2774,.F.);
#1315=ORIENTED_EDGE('',*,*,#2775,.T.);
#1316=ORIENTED_EDGE('',*,*,#2772,.T.);
#1317=ORIENTED_EDGE('',*,*,#2453,.F.);
#1318=ORIENTED_EDGE('',*,*,#2776,.F.);
#1319=ORIENTED_EDGE('',*,*,#2777,.T.);
#1320=ORIENTED_EDGE('',*,*,#2774,.T.);
#1321=ORIENTED_EDGE('',*,*,#2452,.F.);
#1322=ORIENTED_EDGE('',*,*,#2778,.F.);
#1323=ORIENTED_EDGE('',*,*,#2779,.T.);
#1324=ORIENTED_EDGE('',*,*,#2776,.T.);
#1325=ORIENTED_EDGE('',*,*,#2451,.F.);
#1326=ORIENTED_EDGE('',*,*,#2780,.F.);
#1327=ORIENTED_EDGE('',*,*,#2781,.T.);
#1328=ORIENTED_EDGE('',*,*,#2778,.T.);
#1329=ORIENTED_EDGE('',*,*,#2450,.F.);
#1330=ORIENTED_EDGE('',*,*,#2782,.F.);
#1331=ORIENTED_EDGE('',*,*,#2783,.T.);
#1332=ORIENTED_EDGE('',*,*,#2780,.T.);
#1333=ORIENTED_EDGE('',*,*,#2449,.F.);
#1334=ORIENTED_EDGE('',*,*,#2784,.F.);
#1335=ORIENTED_EDGE('',*,*,#2785,.T.);
#1336=ORIENTED_EDGE('',*,*,#2782,.T.);
#1337=ORIENTED_EDGE('',*,*,#2448,.F.);
#1338=ORIENTED_EDGE('',*,*,#2761,.F.);
#1339=ORIENTED_EDGE('',*,*,#2786,.T.);
#1340=ORIENTED_EDGE('',*,*,#2784,.T.);
#1341=ORIENTED_EDGE('',*,*,#2787,.F.);
#1342=ORIENTED_EDGE('',*,*,#2740,.F.);
#1343=ORIENTED_EDGE('',*,*,#2788,.T.);
#1344=ORIENTED_EDGE('',*,*,#2757,.T.);
#1345=ORIENTED_EDGE('',*,*,#2760,.F.);
#1346=ORIENTED_EDGE('',*,*,#2763,.F.);
#1347=ORIENTED_EDGE('',*,*,#2765,.F.);
#1348=ORIENTED_EDGE('',*,*,#2767,.F.);
#1349=ORIENTED_EDGE('',*,*,#2769,.F.);
#1350=ORIENTED_EDGE('',*,*,#2771,.F.);
#1351=ORIENTED_EDGE('',*,*,#2773,.F.);
#1352=ORIENTED_EDGE('',*,*,#2775,.F.);
#1353=ORIENTED_EDGE('',*,*,#2777,.F.);
#1354=ORIENTED_EDGE('',*,*,#2779,.F.);
#1355=ORIENTED_EDGE('',*,*,#2781,.F.);
#1356=ORIENTED_EDGE('',*,*,#2783,.F.);
#1357=ORIENTED_EDGE('',*,*,#2785,.F.);
#1358=ORIENTED_EDGE('',*,*,#2786,.F.);
#1359=ORIENTED_EDGE('',*,*,#2739,.F.);
#1360=ORIENTED_EDGE('',*,*,#2743,.F.);
#1361=ORIENTED_EDGE('',*,*,#2746,.F.);
#1362=ORIENTED_EDGE('',*,*,#2749,.F.);
#1363=ORIENTED_EDGE('',*,*,#2752,.F.);
#1364=ORIENTED_EDGE('',*,*,#2755,.F.);
#1365=ORIENTED_EDGE('',*,*,#2758,.F.);
#1366=ORIENTED_EDGE('',*,*,#2788,.F.);
#1367=ORIENTED_EDGE('',*,*,#2737,.T.);
#1368=ORIENTED_EDGE('',*,*,#2787,.T.);
#1369=ORIENTED_EDGE('',*,*,#2756,.T.);
#1370=ORIENTED_EDGE('',*,*,#2753,.T.);
#1371=ORIENTED_EDGE('',*,*,#2750,.T.);
#1372=ORIENTED_EDGE('',*,*,#2747,.T.);
#1373=ORIENTED_EDGE('',*,*,#2744,.T.);
#1374=ORIENTED_EDGE('',*,*,#2741,.T.);
#1375=ORIENTED_EDGE('',*,*,#2789,.F.);
#1376=ORIENTED_EDGE('',*,*,#2790,.F.);
#1377=ORIENTED_EDGE('',*,*,#2791,.T.);
#1378=ORIENTED_EDGE('',*,*,#2792,.T.);
#1379=ORIENTED_EDGE('',*,*,#2793,.F.);
#1380=ORIENTED_EDGE('',*,*,#2794,.F.);
#1381=ORIENTED_EDGE('',*,*,#2795,.T.);
#1382=ORIENTED_EDGE('',*,*,#2790,.T.);
#1383=ORIENTED_EDGE('',*,*,#2796,.F.);
#1384=ORIENTED_EDGE('',*,*,#2797,.F.);
#1385=ORIENTED_EDGE('',*,*,#2798,.T.);
#1386=ORIENTED_EDGE('',*,*,#2794,.T.);
#1387=ORIENTED_EDGE('',*,*,#2799,.F.);
#1388=ORIENTED_EDGE('',*,*,#2800,.F.);
#1389=ORIENTED_EDGE('',*,*,#2801,.T.);
#1390=ORIENTED_EDGE('',*,*,#2797,.T.);
#1391=ORIENTED_EDGE('',*,*,#2802,.F.);
#1392=ORIENTED_EDGE('',*,*,#2803,.F.);
#1393=ORIENTED_EDGE('',*,*,#2804,.T.);
#1394=ORIENTED_EDGE('',*,*,#2800,.T.);
#1395=ORIENTED_EDGE('',*,*,#2805,.F.);
#1396=ORIENTED_EDGE('',*,*,#2806,.F.);
#1397=ORIENTED_EDGE('',*,*,#2807,.T.);
#1398=ORIENTED_EDGE('',*,*,#2803,.T.);
#1399=ORIENTED_EDGE('',*,*,#2808,.F.);
#1400=ORIENTED_EDGE('',*,*,#2809,.F.);
#1401=ORIENTED_EDGE('',*,*,#2810,.T.);
#1402=ORIENTED_EDGE('',*,*,#2806,.T.);
#1403=ORIENTED_EDGE('',*,*,#2811,.F.);
#1404=ORIENTED_EDGE('',*,*,#2812,.F.);
#1405=ORIENTED_EDGE('',*,*,#2813,.T.);
#1406=ORIENTED_EDGE('',*,*,#2809,.T.);
#1407=ORIENTED_EDGE('',*,*,#2814,.F.);
#1408=ORIENTED_EDGE('',*,*,#2815,.F.);
#1409=ORIENTED_EDGE('',*,*,#2816,.T.);
#1410=ORIENTED_EDGE('',*,*,#2812,.T.);
#1411=ORIENTED_EDGE('',*,*,#2817,.F.);
#1412=ORIENTED_EDGE('',*,*,#2818,.F.);
#1413=ORIENTED_EDGE('',*,*,#2819,.T.);
#1414=ORIENTED_EDGE('',*,*,#2815,.T.);
#1415=ORIENTED_EDGE('',*,*,#2820,.F.);
#1416=ORIENTED_EDGE('',*,*,#2821,.F.);
#1417=ORIENTED_EDGE('',*,*,#2822,.T.);
#1418=ORIENTED_EDGE('',*,*,#2818,.T.);
#1419=ORIENTED_EDGE('',*,*,#2431,.F.);
#1420=ORIENTED_EDGE('',*,*,#2823,.F.);
#1421=ORIENTED_EDGE('',*,*,#2824,.T.);
#1422=ORIENTED_EDGE('',*,*,#2825,.T.);
#1423=ORIENTED_EDGE('',*,*,#2446,.F.);
#1424=ORIENTED_EDGE('',*,*,#2826,.F.);
#1425=ORIENTED_EDGE('',*,*,#2827,.T.);
#1426=ORIENTED_EDGE('',*,*,#2823,.T.);
#1427=ORIENTED_EDGE('',*,*,#2445,.F.);
#1428=ORIENTED_EDGE('',*,*,#2828,.F.);
#1429=ORIENTED_EDGE('',*,*,#2829,.T.);
#1430=ORIENTED_EDGE('',*,*,#2826,.T.);
#1431=ORIENTED_EDGE('',*,*,#2444,.F.);
#1432=ORIENTED_EDGE('',*,*,#2830,.F.);
#1433=ORIENTED_EDGE('',*,*,#2831,.T.);
#1434=ORIENTED_EDGE('',*,*,#2828,.T.);
#1435=ORIENTED_EDGE('',*,*,#2443,.F.);
#1436=ORIENTED_EDGE('',*,*,#2832,.F.);
#1437=ORIENTED_EDGE('',*,*,#2833,.T.);
#1438=ORIENTED_EDGE('',*,*,#2830,.T.);
#1439=ORIENTED_EDGE('',*,*,#2442,.F.);
#1440=ORIENTED_EDGE('',*,*,#2834,.F.);
#1441=ORIENTED_EDGE('',*,*,#2835,.T.);
#1442=ORIENTED_EDGE('',*,*,#2832,.T.);
#1443=ORIENTED_EDGE('',*,*,#2441,.F.);
#1444=ORIENTED_EDGE('',*,*,#2836,.F.);
#1445=ORIENTED_EDGE('',*,*,#2837,.T.);
#1446=ORIENTED_EDGE('',*,*,#2834,.T.);
#1447=ORIENTED_EDGE('',*,*,#2440,.F.);
#1448=ORIENTED_EDGE('',*,*,#2838,.F.);
#1449=ORIENTED_EDGE('',*,*,#2839,.T.);
#1450=ORIENTED_EDGE('',*,*,#2836,.T.);
#1451=ORIENTED_EDGE('',*,*,#2439,.F.);
#1452=ORIENTED_EDGE('',*,*,#2840,.F.);
#1453=ORIENTED_EDGE('',*,*,#2841,.T.);
#1454=ORIENTED_EDGE('',*,*,#2838,.T.);
#1455=ORIENTED_EDGE('',*,*,#2438,.F.);
#1456=ORIENTED_EDGE('',*,*,#2842,.F.);
#1457=ORIENTED_EDGE('',*,*,#2843,.T.);
#1458=ORIENTED_EDGE('',*,*,#2840,.T.);
#1459=ORIENTED_EDGE('',*,*,#2437,.F.);
#1460=ORIENTED_EDGE('',*,*,#2844,.F.);
#1461=ORIENTED_EDGE('',*,*,#2845,.T.);
#1462=ORIENTED_EDGE('',*,*,#2842,.T.);
#1463=ORIENTED_EDGE('',*,*,#2436,.F.);
#1464=ORIENTED_EDGE('',*,*,#2846,.F.);
#1465=ORIENTED_EDGE('',*,*,#2847,.T.);
#1466=ORIENTED_EDGE('',*,*,#2844,.T.);
#1467=ORIENTED_EDGE('',*,*,#2435,.F.);
#1468=ORIENTED_EDGE('',*,*,#2848,.F.);
#1469=ORIENTED_EDGE('',*,*,#2849,.T.);
#1470=ORIENTED_EDGE('',*,*,#2846,.T.);
#1471=ORIENTED_EDGE('',*,*,#2434,.F.);
#1472=ORIENTED_EDGE('',*,*,#2850,.F.);
#1473=ORIENTED_EDGE('',*,*,#2851,.T.);
#1474=ORIENTED_EDGE('',*,*,#2848,.T.);
#1475=ORIENTED_EDGE('',*,*,#2433,.F.);
#1476=ORIENTED_EDGE('',*,*,#2852,.F.);
#1477=ORIENTED_EDGE('',*,*,#2853,.T.);
#1478=ORIENTED_EDGE('',*,*,#2850,.T.);
#1479=ORIENTED_EDGE('',*,*,#2432,.F.);
#1480=ORIENTED_EDGE('',*,*,#2825,.F.);
#1481=ORIENTED_EDGE('',*,*,#2854,.T.);
#1482=ORIENTED_EDGE('',*,*,#2852,.T.);
#1483=ORIENTED_EDGE('',*,*,#2855,.F.);
#1484=ORIENTED_EDGE('',*,*,#2792,.F.);
#1485=ORIENTED_EDGE('',*,*,#2856,.T.);
#1486=ORIENTED_EDGE('',*,*,#2821,.T.);
#1487=ORIENTED_EDGE('',*,*,#2824,.F.);
#1488=ORIENTED_EDGE('',*,*,#2827,.F.);
#1489=ORIENTED_EDGE('',*,*,#2829,.F.);
#1490=ORIENTED_EDGE('',*,*,#2831,.F.);
#1491=ORIENTED_EDGE('',*,*,#2833,.F.);
#1492=ORIENTED_EDGE('',*,*,#2835,.F.);
#1493=ORIENTED_EDGE('',*,*,#2837,.F.);
#1494=ORIENTED_EDGE('',*,*,#2839,.F.);
#1495=ORIENTED_EDGE('',*,*,#2841,.F.);
#1496=ORIENTED_EDGE('',*,*,#2843,.F.);
#1497=ORIENTED_EDGE('',*,*,#2845,.F.);
#1498=ORIENTED_EDGE('',*,*,#2847,.F.);
#1499=ORIENTED_EDGE('',*,*,#2849,.F.);
#1500=ORIENTED_EDGE('',*,*,#2851,.F.);
#1501=ORIENTED_EDGE('',*,*,#2853,.F.);
#1502=ORIENTED_EDGE('',*,*,#2854,.F.);
#1503=ORIENTED_EDGE('',*,*,#2791,.F.);
#1504=ORIENTED_EDGE('',*,*,#2795,.F.);
#1505=ORIENTED_EDGE('',*,*,#2798,.F.);
#1506=ORIENTED_EDGE('',*,*,#2801,.F.);
#1507=ORIENTED_EDGE('',*,*,#2804,.F.);
#1508=ORIENTED_EDGE('',*,*,#2807,.F.);
#1509=ORIENTED_EDGE('',*,*,#2810,.F.);
#1510=ORIENTED_EDGE('',*,*,#2813,.F.);
#1511=ORIENTED_EDGE('',*,*,#2816,.F.);
#1512=ORIENTED_EDGE('',*,*,#2819,.F.);
#1513=ORIENTED_EDGE('',*,*,#2822,.F.);
#1514=ORIENTED_EDGE('',*,*,#2856,.F.);
#1515=ORIENTED_EDGE('',*,*,#2789,.T.);
#1516=ORIENTED_EDGE('',*,*,#2855,.T.);
#1517=ORIENTED_EDGE('',*,*,#2820,.T.);
#1518=ORIENTED_EDGE('',*,*,#2817,.T.);
#1519=ORIENTED_EDGE('',*,*,#2814,.T.);
#1520=ORIENTED_EDGE('',*,*,#2811,.T.);
#1521=ORIENTED_EDGE('',*,*,#2808,.T.);
#1522=ORIENTED_EDGE('',*,*,#2805,.T.);
#1523=ORIENTED_EDGE('',*,*,#2802,.T.);
#1524=ORIENTED_EDGE('',*,*,#2799,.T.);
#1525=ORIENTED_EDGE('',*,*,#2796,.T.);
#1526=ORIENTED_EDGE('',*,*,#2793,.T.);
#1527=ORIENTED_EDGE('',*,*,#2857,.F.);
#1528=ORIENTED_EDGE('',*,*,#2858,.F.);
#1529=ORIENTED_EDGE('',*,*,#2859,.T.);
#1530=ORIENTED_EDGE('',*,*,#2860,.T.);
#1531=ORIENTED_EDGE('',*,*,#2861,.F.);
#1532=ORIENTED_EDGE('',*,*,#2862,.F.);
#1533=ORIENTED_EDGE('',*,*,#2863,.T.);
#1534=ORIENTED_EDGE('',*,*,#2858,.T.);
#1535=ORIENTED_EDGE('',*,*,#2864,.F.);
#1536=ORIENTED_EDGE('',*,*,#2865,.F.);
#1537=ORIENTED_EDGE('',*,*,#2866,.T.);
#1538=ORIENTED_EDGE('',*,*,#2862,.T.);
#1539=ORIENTED_EDGE('',*,*,#2867,.F.);
#1540=ORIENTED_EDGE('',*,*,#2868,.F.);
#1541=ORIENTED_EDGE('',*,*,#2869,.T.);
#1542=ORIENTED_EDGE('',*,*,#2865,.T.);
#1543=ORIENTED_EDGE('',*,*,#2870,.F.);
#1544=ORIENTED_EDGE('',*,*,#2871,.F.);
#1545=ORIENTED_EDGE('',*,*,#2872,.T.);
#1546=ORIENTED_EDGE('',*,*,#2868,.T.);
#1547=ORIENTED_EDGE('',*,*,#2873,.F.);
#1548=ORIENTED_EDGE('',*,*,#2874,.F.);
#1549=ORIENTED_EDGE('',*,*,#2875,.T.);
#1550=ORIENTED_EDGE('',*,*,#2871,.T.);
#1551=ORIENTED_EDGE('',*,*,#2876,.F.);
#1552=ORIENTED_EDGE('',*,*,#2877,.F.);
#1553=ORIENTED_EDGE('',*,*,#2878,.T.);
#1554=ORIENTED_EDGE('',*,*,#2874,.T.);
#1555=ORIENTED_EDGE('',*,*,#2879,.F.);
#1556=ORIENTED_EDGE('',*,*,#2880,.F.);
#1557=ORIENTED_EDGE('',*,*,#2881,.T.);
#1558=ORIENTED_EDGE('',*,*,#2877,.T.);
#1559=ORIENTED_EDGE('',*,*,#2882,.F.);
#1560=ORIENTED_EDGE('',*,*,#2883,.F.);
#1561=ORIENTED_EDGE('',*,*,#2884,.T.);
#1562=ORIENTED_EDGE('',*,*,#2880,.T.);
#1563=ORIENTED_EDGE('',*,*,#2885,.F.);
#1564=ORIENTED_EDGE('',*,*,#2886,.F.);
#1565=ORIENTED_EDGE('',*,*,#2887,.T.);
#1566=ORIENTED_EDGE('',*,*,#2883,.T.);
#1567=ORIENTED_EDGE('',*,*,#2888,.F.);
#1568=ORIENTED_EDGE('',*,*,#2889,.F.);
#1569=ORIENTED_EDGE('',*,*,#2890,.T.);
#1570=ORIENTED_EDGE('',*,*,#2886,.T.);
#1571=ORIENTED_EDGE('',*,*,#2891,.F.);
#1572=ORIENTED_EDGE('',*,*,#2892,.F.);
#1573=ORIENTED_EDGE('',*,*,#2893,.T.);
#1574=ORIENTED_EDGE('',*,*,#2894,.T.);
#1575=ORIENTED_EDGE('',*,*,#2895,.F.);
#1576=ORIENTED_EDGE('',*,*,#2896,.F.);
#1577=ORIENTED_EDGE('',*,*,#2897,.T.);
#1578=ORIENTED_EDGE('',*,*,#2892,.T.);
#1579=ORIENTED_EDGE('',*,*,#2898,.F.);
#1580=ORIENTED_EDGE('',*,*,#2899,.F.);
#1581=ORIENTED_EDGE('',*,*,#2900,.T.);
#1582=ORIENTED_EDGE('',*,*,#2896,.T.);
#1583=ORIENTED_EDGE('',*,*,#2901,.F.);
#1584=ORIENTED_EDGE('',*,*,#2902,.F.);
#1585=ORIENTED_EDGE('',*,*,#2903,.T.);
#1586=ORIENTED_EDGE('',*,*,#2899,.T.);
#1587=ORIENTED_EDGE('',*,*,#2904,.F.);
#1588=ORIENTED_EDGE('',*,*,#2905,.F.);
#1589=ORIENTED_EDGE('',*,*,#2906,.T.);
#1590=ORIENTED_EDGE('',*,*,#2902,.T.);
#1591=ORIENTED_EDGE('',*,*,#2907,.F.);
#1592=ORIENTED_EDGE('',*,*,#2908,.F.);
#1593=ORIENTED_EDGE('',*,*,#2909,.T.);
#1594=ORIENTED_EDGE('',*,*,#2905,.T.);
#1595=ORIENTED_EDGE('',*,*,#2910,.F.);
#1596=ORIENTED_EDGE('',*,*,#2911,.F.);
#1597=ORIENTED_EDGE('',*,*,#2912,.T.);
#1598=ORIENTED_EDGE('',*,*,#2908,.T.);
#1599=ORIENTED_EDGE('',*,*,#2913,.F.);
#1600=ORIENTED_EDGE('',*,*,#2914,.F.);
#1601=ORIENTED_EDGE('',*,*,#2915,.T.);
#1602=ORIENTED_EDGE('',*,*,#2911,.T.);
#1603=ORIENTED_EDGE('',*,*,#2916,.F.);
#1604=ORIENTED_EDGE('',*,*,#2917,.F.);
#1605=ORIENTED_EDGE('',*,*,#2918,.T.);
#1606=ORIENTED_EDGE('',*,*,#2914,.T.);
#1607=ORIENTED_EDGE('',*,*,#2919,.F.);
#1608=ORIENTED_EDGE('',*,*,#2920,.F.);
#1609=ORIENTED_EDGE('',*,*,#2921,.T.);
#1610=ORIENTED_EDGE('',*,*,#2917,.T.);
#1611=ORIENTED_EDGE('',*,*,#2922,.F.);
#1612=ORIENTED_EDGE('',*,*,#2923,.F.);
#1613=ORIENTED_EDGE('',*,*,#2924,.T.);
#1614=ORIENTED_EDGE('',*,*,#2920,.T.);
#1615=ORIENTED_EDGE('',*,*,#2416,.F.);
#1616=ORIENTED_EDGE('',*,*,#2925,.F.);
#1617=ORIENTED_EDGE('',*,*,#2926,.T.);
#1618=ORIENTED_EDGE('',*,*,#2927,.T.);
#1619=ORIENTED_EDGE('',*,*,#2430,.F.);
#1620=ORIENTED_EDGE('',*,*,#2928,.F.);
#1621=ORIENTED_EDGE('',*,*,#2929,.T.);
#1622=ORIENTED_EDGE('',*,*,#2925,.T.);
#1623=ORIENTED_EDGE('',*,*,#2429,.F.);
#1624=ORIENTED_EDGE('',*,*,#2930,.F.);
#1625=ORIENTED_EDGE('',*,*,#2931,.T.);
#1626=ORIENTED_EDGE('',*,*,#2928,.T.);
#1627=ORIENTED_EDGE('',*,*,#2428,.F.);
#1628=ORIENTED_EDGE('',*,*,#2932,.F.);
#1629=ORIENTED_EDGE('',*,*,#2933,.T.);
#1630=ORIENTED_EDGE('',*,*,#2930,.T.);
#1631=ORIENTED_EDGE('',*,*,#2427,.F.);
#1632=ORIENTED_EDGE('',*,*,#2934,.F.);
#1633=ORIENTED_EDGE('',*,*,#2935,.T.);
#1634=ORIENTED_EDGE('',*,*,#2932,.T.);
#1635=ORIENTED_EDGE('',*,*,#2426,.F.);
#1636=ORIENTED_EDGE('',*,*,#2936,.F.);
#1637=ORIENTED_EDGE('',*,*,#2937,.T.);
#1638=ORIENTED_EDGE('',*,*,#2934,.T.);
#1639=ORIENTED_EDGE('',*,*,#2425,.F.);
#1640=ORIENTED_EDGE('',*,*,#2938,.F.);
#1641=ORIENTED_EDGE('',*,*,#2939,.T.);
#1642=ORIENTED_EDGE('',*,*,#2936,.T.);
#1643=ORIENTED_EDGE('',*,*,#2424,.F.);
#1644=ORIENTED_EDGE('',*,*,#2940,.F.);
#1645=ORIENTED_EDGE('',*,*,#2941,.T.);
#1646=ORIENTED_EDGE('',*,*,#2938,.T.);
#1647=ORIENTED_EDGE('',*,*,#2423,.F.);
#1648=ORIENTED_EDGE('',*,*,#2942,.F.);
#1649=ORIENTED_EDGE('',*,*,#2943,.T.);
#1650=ORIENTED_EDGE('',*,*,#2940,.T.);
#1651=ORIENTED_EDGE('',*,*,#2422,.F.);
#1652=ORIENTED_EDGE('',*,*,#2944,.F.);
#1653=ORIENTED_EDGE('',*,*,#2945,.T.);
#1654=ORIENTED_EDGE('',*,*,#2942,.T.);
#1655=ORIENTED_EDGE('',*,*,#2421,.F.);
#1656=ORIENTED_EDGE('',*,*,#2946,.F.);
#1657=ORIENTED_EDGE('',*,*,#2947,.T.);
#1658=ORIENTED_EDGE('',*,*,#2944,.T.);
#1659=ORIENTED_EDGE('',*,*,#2420,.F.);
#1660=ORIENTED_EDGE('',*,*,#2948,.F.);
#1661=ORIENTED_EDGE('',*,*,#2949,.T.);
#1662=ORIENTED_EDGE('',*,*,#2946,.T.);
#1663=ORIENTED_EDGE('',*,*,#2419,.F.);
#1664=ORIENTED_EDGE('',*,*,#2950,.F.);
#1665=ORIENTED_EDGE('',*,*,#2951,.T.);
#1666=ORIENTED_EDGE('',*,*,#2948,.T.);
#1667=ORIENTED_EDGE('',*,*,#2418,.F.);
#1668=ORIENTED_EDGE('',*,*,#2952,.F.);
#1669=ORIENTED_EDGE('',*,*,#2953,.T.);
#1670=ORIENTED_EDGE('',*,*,#2950,.T.);
#1671=ORIENTED_EDGE('',*,*,#2954,.F.);
#1672=ORIENTED_EDGE('',*,*,#2894,.F.);
#1673=ORIENTED_EDGE('',*,*,#2955,.T.);
#1674=ORIENTED_EDGE('',*,*,#2923,.T.);
#1675=ORIENTED_EDGE('',*,*,#2417,.F.);
#1676=ORIENTED_EDGE('',*,*,#2927,.F.);
#1677=ORIENTED_EDGE('',*,*,#2956,.T.);
#1678=ORIENTED_EDGE('',*,*,#2952,.T.);
#1679=ORIENTED_EDGE('',*,*,#2957,.F.);
#1680=ORIENTED_EDGE('',*,*,#2860,.F.);
#1681=ORIENTED_EDGE('',*,*,#2958,.T.);
#1682=ORIENTED_EDGE('',*,*,#2889,.T.);
#1683=ORIENTED_EDGE('',*,*,#2926,.F.);
#1684=ORIENTED_EDGE('',*,*,#2929,.F.);
#1685=ORIENTED_EDGE('',*,*,#2931,.F.);
#1686=ORIENTED_EDGE('',*,*,#2933,.F.);
#1687=ORIENTED_EDGE('',*,*,#2935,.F.);
#1688=ORIENTED_EDGE('',*,*,#2937,.F.);
#1689=ORIENTED_EDGE('',*,*,#2939,.F.);
#1690=ORIENTED_EDGE('',*,*,#2941,.F.);
#1691=ORIENTED_EDGE('',*,*,#2943,.F.);
#1692=ORIENTED_EDGE('',*,*,#2945,.F.);
#1693=ORIENTED_EDGE('',*,*,#2947,.F.);
#1694=ORIENTED_EDGE('',*,*,#2949,.F.);
#1695=ORIENTED_EDGE('',*,*,#2951,.F.);
#1696=ORIENTED_EDGE('',*,*,#2953,.F.);
#1697=ORIENTED_EDGE('',*,*,#2956,.F.);
#1698=ORIENTED_EDGE('',*,*,#2893,.F.);
#1699=ORIENTED_EDGE('',*,*,#2897,.F.);
#1700=ORIENTED_EDGE('',*,*,#2900,.F.);
#1701=ORIENTED_EDGE('',*,*,#2903,.F.);
#1702=ORIENTED_EDGE('',*,*,#2906,.F.);
#1703=ORIENTED_EDGE('',*,*,#2909,.F.);
#1704=ORIENTED_EDGE('',*,*,#2912,.F.);
#1705=ORIENTED_EDGE('',*,*,#2915,.F.);
#1706=ORIENTED_EDGE('',*,*,#2918,.F.);
#1707=ORIENTED_EDGE('',*,*,#2921,.F.);
#1708=ORIENTED_EDGE('',*,*,#2924,.F.);
#1709=ORIENTED_EDGE('',*,*,#2955,.F.);
#1710=ORIENTED_EDGE('',*,*,#2859,.F.);
#1711=ORIENTED_EDGE('',*,*,#2863,.F.);
#1712=ORIENTED_EDGE('',*,*,#2866,.F.);
#1713=ORIENTED_EDGE('',*,*,#2869,.F.);
#1714=ORIENTED_EDGE('',*,*,#2872,.F.);
#1715=ORIENTED_EDGE('',*,*,#2875,.F.);
#1716=ORIENTED_EDGE('',*,*,#2878,.F.);
#1717=ORIENTED_EDGE('',*,*,#2881,.F.);
#1718=ORIENTED_EDGE('',*,*,#2884,.F.);
#1719=ORIENTED_EDGE('',*,*,#2887,.F.);
#1720=ORIENTED_EDGE('',*,*,#2890,.F.);
#1721=ORIENTED_EDGE('',*,*,#2958,.F.);
#1722=ORIENTED_EDGE('',*,*,#2857,.T.);
#1723=ORIENTED_EDGE('',*,*,#2957,.T.);
#1724=ORIENTED_EDGE('',*,*,#2888,.T.);
#1725=ORIENTED_EDGE('',*,*,#2885,.T.);
#1726=ORIENTED_EDGE('',*,*,#2882,.T.);
#1727=ORIENTED_EDGE('',*,*,#2879,.T.);
#1728=ORIENTED_EDGE('',*,*,#2876,.T.);
#1729=ORIENTED_EDGE('',*,*,#2873,.T.);
#1730=ORIENTED_EDGE('',*,*,#2870,.T.);
#1731=ORIENTED_EDGE('',*,*,#2867,.T.);
#1732=ORIENTED_EDGE('',*,*,#2864,.T.);
#1733=ORIENTED_EDGE('',*,*,#2861,.T.);
#1734=ORIENTED_EDGE('',*,*,#2891,.T.);
#1735=ORIENTED_EDGE('',*,*,#2954,.T.);
#1736=ORIENTED_EDGE('',*,*,#2922,.T.);
#1737=ORIENTED_EDGE('',*,*,#2919,.T.);
#1738=ORIENTED_EDGE('',*,*,#2916,.T.);
#1739=ORIENTED_EDGE('',*,*,#2913,.T.);
#1740=ORIENTED_EDGE('',*,*,#2910,.T.);
#1741=ORIENTED_EDGE('',*,*,#2907,.T.);
#1742=ORIENTED_EDGE('',*,*,#2904,.T.);
#1743=ORIENTED_EDGE('',*,*,#2901,.T.);
#1744=ORIENTED_EDGE('',*,*,#2898,.T.);
#1745=ORIENTED_EDGE('',*,*,#2895,.T.);
#1746=ORIENTED_EDGE('',*,*,#2406,.F.);
#1747=ORIENTED_EDGE('',*,*,#2959,.F.);
#1748=ORIENTED_EDGE('',*,*,#2960,.T.);
#1749=ORIENTED_EDGE('',*,*,#2961,.T.);
#1750=ORIENTED_EDGE('',*,*,#2415,.F.);
#1751=ORIENTED_EDGE('',*,*,#2962,.F.);
#1752=ORIENTED_EDGE('',*,*,#2963,.T.);
#1753=ORIENTED_EDGE('',*,*,#2959,.T.);
#1754=ORIENTED_EDGE('',*,*,#2414,.F.);
#1755=ORIENTED_EDGE('',*,*,#2964,.F.);
#1756=ORIENTED_EDGE('',*,*,#2965,.T.);
#1757=ORIENTED_EDGE('',*,*,#2962,.T.);
#1758=ORIENTED_EDGE('',*,*,#2413,.F.);
#1759=ORIENTED_EDGE('',*,*,#2966,.F.);
#1760=ORIENTED_EDGE('',*,*,#2967,.T.);
#1761=ORIENTED_EDGE('',*,*,#2964,.T.);
#1762=ORIENTED_EDGE('',*,*,#2412,.F.);
#1763=ORIENTED_EDGE('',*,*,#2968,.F.);
#1764=ORIENTED_EDGE('',*,*,#2969,.T.);
#1765=ORIENTED_EDGE('',*,*,#2966,.T.);
#1766=ORIENTED_EDGE('',*,*,#2411,.F.);
#1767=ORIENTED_EDGE('',*,*,#2970,.F.);
#1768=ORIENTED_EDGE('',*,*,#2971,.T.);
#1769=ORIENTED_EDGE('',*,*,#2968,.T.);
#1770=ORIENTED_EDGE('',*,*,#2410,.F.);
#1771=ORIENTED_EDGE('',*,*,#2972,.F.);
#1772=ORIENTED_EDGE('',*,*,#2973,.T.);
#1773=ORIENTED_EDGE('',*,*,#2970,.T.);
#1774=ORIENTED_EDGE('',*,*,#2409,.F.);
#1775=ORIENTED_EDGE('',*,*,#2974,.F.);
#1776=ORIENTED_EDGE('',*,*,#2975,.T.);
#1777=ORIENTED_EDGE('',*,*,#2972,.T.);
#1778=ORIENTED_EDGE('',*,*,#2408,.F.);
#1779=ORIENTED_EDGE('',*,*,#2976,.F.);
#1780=ORIENTED_EDGE('',*,*,#2977,.T.);
#1781=ORIENTED_EDGE('',*,*,#2974,.T.);
#1782=ORIENTED_EDGE('',*,*,#2407,.F.);
#1783=ORIENTED_EDGE('',*,*,#2961,.F.);
#1784=ORIENTED_EDGE('',*,*,#2978,.T.);
#1785=ORIENTED_EDGE('',*,*,#2976,.T.);
#1786=ORIENTED_EDGE('',*,*,#2960,.F.);
#1787=ORIENTED_EDGE('',*,*,#2963,.F.);
#1788=ORIENTED_EDGE('',*,*,#2965,.F.);
#1789=ORIENTED_EDGE('',*,*,#2967,.F.);
#1790=ORIENTED_EDGE('',*,*,#2969,.F.);
#1791=ORIENTED_EDGE('',*,*,#2971,.F.);
#1792=ORIENTED_EDGE('',*,*,#2973,.F.);
#1793=ORIENTED_EDGE('',*,*,#2975,.F.);
#1794=ORIENTED_EDGE('',*,*,#2977,.F.);
#1795=ORIENTED_EDGE('',*,*,#2978,.F.);
#1796=ORIENTED_EDGE('',*,*,#2402,.F.);
#1797=ORIENTED_EDGE('',*,*,#2979,.F.);
#1798=ORIENTED_EDGE('',*,*,#2980,.T.);
#1799=ORIENTED_EDGE('',*,*,#2981,.T.);
#1800=ORIENTED_EDGE('',*,*,#2405,.F.);
#1801=ORIENTED_EDGE('',*,*,#2982,.F.);
#1802=ORIENTED_EDGE('',*,*,#2983,.T.);
#1803=ORIENTED_EDGE('',*,*,#2979,.T.);
#1804=ORIENTED_EDGE('',*,*,#2404,.F.);
#1805=ORIENTED_EDGE('',*,*,#2984,.F.);
#1806=ORIENTED_EDGE('',*,*,#2985,.T.);
#1807=ORIENTED_EDGE('',*,*,#2982,.T.);
#1808=ORIENTED_EDGE('',*,*,#2403,.F.);
#1809=ORIENTED_EDGE('',*,*,#2981,.F.);
#1810=ORIENTED_EDGE('',*,*,#2986,.T.);
#1811=ORIENTED_EDGE('',*,*,#2984,.T.);
#1812=ORIENTED_EDGE('',*,*,#2980,.F.);
#1813=ORIENTED_EDGE('',*,*,#2983,.F.);
#1814=ORIENTED_EDGE('',*,*,#2985,.F.);
#1815=ORIENTED_EDGE('',*,*,#2986,.F.);
#1816=ORIENTED_EDGE('',*,*,#2987,.F.);
#1817=ORIENTED_EDGE('',*,*,#2988,.F.);
#1818=ORIENTED_EDGE('',*,*,#2989,.T.);
#1819=ORIENTED_EDGE('',*,*,#2990,.T.);
#1820=ORIENTED_EDGE('',*,*,#2991,.F.);
#1821=ORIENTED_EDGE('',*,*,#2992,.F.);
#1822=ORIENTED_EDGE('',*,*,#2993,.T.);
#1823=ORIENTED_EDGE('',*,*,#2988,.T.);
#1824=ORIENTED_EDGE('',*,*,#2994,.F.);
#1825=ORIENTED_EDGE('',*,*,#2995,.F.);
#1826=ORIENTED_EDGE('',*,*,#2996,.T.);
#1827=ORIENTED_EDGE('',*,*,#2992,.T.);
#1828=ORIENTED_EDGE('',*,*,#2997,.F.);
#1829=ORIENTED_EDGE('',*,*,#2998,.F.);
#1830=ORIENTED_EDGE('',*,*,#2999,.T.);
#1831=ORIENTED_EDGE('',*,*,#2995,.T.);
#1832=ORIENTED_EDGE('',*,*,#3000,.F.);
#1833=ORIENTED_EDGE('',*,*,#3001,.F.);
#1834=ORIENTED_EDGE('',*,*,#3002,.T.);
#1835=ORIENTED_EDGE('',*,*,#2998,.T.);
#1836=ORIENTED_EDGE('',*,*,#3003,.F.);
#1837=ORIENTED_EDGE('',*,*,#3004,.F.);
#1838=ORIENTED_EDGE('',*,*,#3005,.T.);
#1839=ORIENTED_EDGE('',*,*,#3001,.T.);
#1840=ORIENTED_EDGE('',*,*,#3006,.F.);
#1841=ORIENTED_EDGE('',*,*,#3007,.F.);
#1842=ORIENTED_EDGE('',*,*,#3008,.T.);
#1843=ORIENTED_EDGE('',*,*,#3004,.T.);
#1844=ORIENTED_EDGE('',*,*,#2388,.F.);
#1845=ORIENTED_EDGE('',*,*,#3009,.F.);
#1846=ORIENTED_EDGE('',*,*,#3010,.T.);
#1847=ORIENTED_EDGE('',*,*,#3011,.T.);
#1848=ORIENTED_EDGE('',*,*,#2401,.F.);
#1849=ORIENTED_EDGE('',*,*,#3012,.F.);
#1850=ORIENTED_EDGE('',*,*,#3013,.T.);
#1851=ORIENTED_EDGE('',*,*,#3009,.T.);
#1852=ORIENTED_EDGE('',*,*,#2400,.F.);
#1853=ORIENTED_EDGE('',*,*,#3014,.F.);
#1854=ORIENTED_EDGE('',*,*,#3015,.T.);
#1855=ORIENTED_EDGE('',*,*,#3012,.T.);
#1856=ORIENTED_EDGE('',*,*,#2399,.F.);
#1857=ORIENTED_EDGE('',*,*,#3016,.F.);
#1858=ORIENTED_EDGE('',*,*,#3017,.T.);
#1859=ORIENTED_EDGE('',*,*,#3014,.T.);
#1860=ORIENTED_EDGE('',*,*,#2398,.F.);
#1861=ORIENTED_EDGE('',*,*,#3018,.F.);
#1862=ORIENTED_EDGE('',*,*,#3019,.T.);
#1863=ORIENTED_EDGE('',*,*,#3016,.T.);
#1864=ORIENTED_EDGE('',*,*,#2397,.F.);
#1865=ORIENTED_EDGE('',*,*,#3020,.F.);
#1866=ORIENTED_EDGE('',*,*,#3021,.T.);
#1867=ORIENTED_EDGE('',*,*,#3018,.T.);
#1868=ORIENTED_EDGE('',*,*,#2396,.F.);
#1869=ORIENTED_EDGE('',*,*,#3022,.F.);
#1870=ORIENTED_EDGE('',*,*,#3023,.T.);
#1871=ORIENTED_EDGE('',*,*,#3020,.T.);
#1872=ORIENTED_EDGE('',*,*,#2395,.F.);
#1873=ORIENTED_EDGE('',*,*,#3024,.F.);
#1874=ORIENTED_EDGE('',*,*,#3025,.T.);
#1875=ORIENTED_EDGE('',*,*,#3022,.T.);
#1876=ORIENTED_EDGE('',*,*,#2394,.F.);
#1877=ORIENTED_EDGE('',*,*,#3026,.F.);
#1878=ORIENTED_EDGE('',*,*,#3027,.T.);
#1879=ORIENTED_EDGE('',*,*,#3024,.T.);
#1880=ORIENTED_EDGE('',*,*,#2393,.F.);
#1881=ORIENTED_EDGE('',*,*,#3028,.F.);
#1882=ORIENTED_EDGE('',*,*,#3029,.T.);
#1883=ORIENTED_EDGE('',*,*,#3026,.T.);
#1884=ORIENTED_EDGE('',*,*,#2392,.F.);
#1885=ORIENTED_EDGE('',*,*,#3030,.F.);
#1886=ORIENTED_EDGE('',*,*,#3031,.T.);
#1887=ORIENTED_EDGE('',*,*,#3028,.T.);
#1888=ORIENTED_EDGE('',*,*,#2391,.F.);
#1889=ORIENTED_EDGE('',*,*,#3032,.F.);
#1890=ORIENTED_EDGE('',*,*,#3033,.T.);
#1891=ORIENTED_EDGE('',*,*,#3030,.T.);
#1892=ORIENTED_EDGE('',*,*,#2390,.F.);
#1893=ORIENTED_EDGE('',*,*,#3034,.F.);
#1894=ORIENTED_EDGE('',*,*,#3035,.T.);
#1895=ORIENTED_EDGE('',*,*,#3032,.T.);
#1896=ORIENTED_EDGE('',*,*,#2389,.F.);
#1897=ORIENTED_EDGE('',*,*,#3011,.F.);
#1898=ORIENTED_EDGE('',*,*,#3036,.T.);
#1899=ORIENTED_EDGE('',*,*,#3034,.T.);
#1900=ORIENTED_EDGE('',*,*,#3037,.F.);
#1901=ORIENTED_EDGE('',*,*,#2990,.F.);
#1902=ORIENTED_EDGE('',*,*,#3038,.T.);
#1903=ORIENTED_EDGE('',*,*,#3007,.T.);
#1904=ORIENTED_EDGE('',*,*,#3010,.F.);
#1905=ORIENTED_EDGE('',*,*,#3013,.F.);
#1906=ORIENTED_EDGE('',*,*,#3015,.F.);
#1907=ORIENTED_EDGE('',*,*,#3017,.F.);
#1908=ORIENTED_EDGE('',*,*,#3019,.F.);
#1909=ORIENTED_EDGE('',*,*,#3021,.F.);
#1910=ORIENTED_EDGE('',*,*,#3023,.F.);
#1911=ORIENTED_EDGE('',*,*,#3025,.F.);
#1912=ORIENTED_EDGE('',*,*,#3027,.F.);
#1913=ORIENTED_EDGE('',*,*,#3029,.F.);
#1914=ORIENTED_EDGE('',*,*,#3031,.F.);
#1915=ORIENTED_EDGE('',*,*,#3033,.F.);
#1916=ORIENTED_EDGE('',*,*,#3035,.F.);
#1917=ORIENTED_EDGE('',*,*,#3036,.F.);
#1918=ORIENTED_EDGE('',*,*,#2989,.F.);
#1919=ORIENTED_EDGE('',*,*,#2993,.F.);
#1920=ORIENTED_EDGE('',*,*,#2996,.F.);
#1921=ORIENTED_EDGE('',*,*,#2999,.F.);
#1922=ORIENTED_EDGE('',*,*,#3002,.F.);
#1923=ORIENTED_EDGE('',*,*,#3005,.F.);
#1924=ORIENTED_EDGE('',*,*,#3008,.F.);
#1925=ORIENTED_EDGE('',*,*,#3038,.F.);
#1926=ORIENTED_EDGE('',*,*,#2987,.T.);
#1927=ORIENTED_EDGE('',*,*,#3037,.T.);
#1928=ORIENTED_EDGE('',*,*,#3006,.T.);
#1929=ORIENTED_EDGE('',*,*,#3003,.T.);
#1930=ORIENTED_EDGE('',*,*,#3000,.T.);
#1931=ORIENTED_EDGE('',*,*,#2997,.T.);
#1932=ORIENTED_EDGE('',*,*,#2994,.T.);
#1933=ORIENTED_EDGE('',*,*,#2991,.T.);
#1934=ORIENTED_EDGE('',*,*,#2371,.F.);
#1935=ORIENTED_EDGE('',*,*,#3039,.F.);
#1936=ORIENTED_EDGE('',*,*,#3040,.T.);
#1937=ORIENTED_EDGE('',*,*,#3041,.T.);
#1938=ORIENTED_EDGE('',*,*,#2387,.F.);
#1939=ORIENTED_EDGE('',*,*,#3042,.F.);
#1940=ORIENTED_EDGE('',*,*,#3043,.T.);
#1941=ORIENTED_EDGE('',*,*,#3039,.T.);
#1942=ORIENTED_EDGE('',*,*,#2386,.F.);
#1943=ORIENTED_EDGE('',*,*,#3044,.F.);
#1944=ORIENTED_EDGE('',*,*,#3045,.T.);
#1945=ORIENTED_EDGE('',*,*,#3042,.T.);
#1946=ORIENTED_EDGE('',*,*,#2385,.F.);
#1947=ORIENTED_EDGE('',*,*,#3046,.F.);
#1948=ORIENTED_EDGE('',*,*,#3047,.T.);
#1949=ORIENTED_EDGE('',*,*,#3044,.T.);
#1950=ORIENTED_EDGE('',*,*,#2384,.F.);
#1951=ORIENTED_EDGE('',*,*,#3048,.F.);
#1952=ORIENTED_EDGE('',*,*,#3049,.T.);
#1953=ORIENTED_EDGE('',*,*,#3046,.T.);
#1954=ORIENTED_EDGE('',*,*,#2383,.F.);
#1955=ORIENTED_EDGE('',*,*,#3050,.F.);
#1956=ORIENTED_EDGE('',*,*,#3051,.T.);
#1957=ORIENTED_EDGE('',*,*,#3048,.T.);
#1958=ORIENTED_EDGE('',*,*,#2382,.F.);
#1959=ORIENTED_EDGE('',*,*,#3052,.F.);
#1960=ORIENTED_EDGE('',*,*,#3053,.T.);
#1961=ORIENTED_EDGE('',*,*,#3050,.T.);
#1962=ORIENTED_EDGE('',*,*,#2381,.F.);
#1963=ORIENTED_EDGE('',*,*,#3054,.F.);
#1964=ORIENTED_EDGE('',*,*,#3055,.T.);
#1965=ORIENTED_EDGE('',*,*,#3052,.T.);
#1966=ORIENTED_EDGE('',*,*,#2380,.F.);
#1967=ORIENTED_EDGE('',*,*,#3056,.F.);
#1968=ORIENTED_EDGE('',*,*,#3057,.T.);
#1969=ORIENTED_EDGE('',*,*,#3054,.T.);
#1970=ORIENTED_EDGE('',*,*,#2379,.F.);
#1971=ORIENTED_EDGE('',*,*,#3058,.F.);
#1972=ORIENTED_EDGE('',*,*,#3059,.T.);
#1973=ORIENTED_EDGE('',*,*,#3056,.T.);
#1974=ORIENTED_EDGE('',*,*,#2378,.F.);
#1975=ORIENTED_EDGE('',*,*,#3060,.F.);
#1976=ORIENTED_EDGE('',*,*,#3061,.T.);
#1977=ORIENTED_EDGE('',*,*,#3058,.T.);
#1978=ORIENTED_EDGE('',*,*,#2377,.F.);
#1979=ORIENTED_EDGE('',*,*,#3062,.F.);
#1980=ORIENTED_EDGE('',*,*,#3063,.T.);
#1981=ORIENTED_EDGE('',*,*,#3060,.T.);
#1982=ORIENTED_EDGE('',*,*,#2376,.F.);
#1983=ORIENTED_EDGE('',*,*,#3064,.F.);
#1984=ORIENTED_EDGE('',*,*,#3065,.T.);
#1985=ORIENTED_EDGE('',*,*,#3062,.T.);
#1986=ORIENTED_EDGE('',*,*,#2375,.F.);
#1987=ORIENTED_EDGE('',*,*,#3066,.F.);
#1988=ORIENTED_EDGE('',*,*,#3067,.T.);
#1989=ORIENTED_EDGE('',*,*,#3064,.T.);
#1990=ORIENTED_EDGE('',*,*,#2374,.F.);
#1991=ORIENTED_EDGE('',*,*,#3068,.F.);
#1992=ORIENTED_EDGE('',*,*,#3069,.T.);
#1993=ORIENTED_EDGE('',*,*,#3066,.T.);
#1994=ORIENTED_EDGE('',*,*,#2373,.F.);
#1995=ORIENTED_EDGE('',*,*,#3070,.F.);
#1996=ORIENTED_EDGE('',*,*,#3071,.T.);
#1997=ORIENTED_EDGE('',*,*,#3068,.T.);
#1998=ORIENTED_EDGE('',*,*,#3072,.F.);
#1999=ORIENTED_EDGE('',*,*,#3073,.F.);
#2000=ORIENTED_EDGE('',*,*,#3074,.T.);
#2001=ORIENTED_EDGE('',*,*,#3075,.T.);
#2002=ORIENTED_EDGE('',*,*,#3076,.F.);
#2003=ORIENTED_EDGE('',*,*,#3077,.F.);
#2004=ORIENTED_EDGE('',*,*,#3078,.T.);
#2005=ORIENTED_EDGE('',*,*,#3073,.T.);
#2006=ORIENTED_EDGE('',*,*,#3079,.F.);
#2007=ORIENTED_EDGE('',*,*,#3080,.F.);
#2008=ORIENTED_EDGE('',*,*,#3081,.T.);
#2009=ORIENTED_EDGE('',*,*,#3077,.T.);
#2010=ORIENTED_EDGE('',*,*,#3082,.F.);
#2011=ORIENTED_EDGE('',*,*,#3083,.F.);
#2012=ORIENTED_EDGE('',*,*,#3084,.T.);
#2013=ORIENTED_EDGE('',*,*,#3080,.T.);
#2014=ORIENTED_EDGE('',*,*,#3085,.F.);
#2015=ORIENTED_EDGE('',*,*,#3086,.F.);
#2016=ORIENTED_EDGE('',*,*,#3087,.T.);
#2017=ORIENTED_EDGE('',*,*,#3083,.T.);
#2018=ORIENTED_EDGE('',*,*,#3088,.F.);
#2019=ORIENTED_EDGE('',*,*,#3089,.F.);
#2020=ORIENTED_EDGE('',*,*,#3090,.T.);
#2021=ORIENTED_EDGE('',*,*,#3086,.T.);
#2022=ORIENTED_EDGE('',*,*,#3091,.F.);
#2023=ORIENTED_EDGE('',*,*,#3092,.F.);
#2024=ORIENTED_EDGE('',*,*,#3093,.T.);
#2025=ORIENTED_EDGE('',*,*,#3089,.T.);
#2026=ORIENTED_EDGE('',*,*,#3094,.F.);
#2027=ORIENTED_EDGE('',*,*,#3095,.F.);
#2028=ORIENTED_EDGE('',*,*,#3096,.T.);
#2029=ORIENTED_EDGE('',*,*,#3092,.T.);
#2030=ORIENTED_EDGE('',*,*,#3097,.F.);
#2031=ORIENTED_EDGE('',*,*,#3098,.F.);
#2032=ORIENTED_EDGE('',*,*,#3099,.T.);
#2033=ORIENTED_EDGE('',*,*,#3095,.T.);
#2034=ORIENTED_EDGE('',*,*,#3100,.F.);
#2035=ORIENTED_EDGE('',*,*,#3101,.F.);
#2036=ORIENTED_EDGE('',*,*,#3102,.T.);
#2037=ORIENTED_EDGE('',*,*,#3098,.T.);
#2038=ORIENTED_EDGE('',*,*,#3103,.F.);
#2039=ORIENTED_EDGE('',*,*,#3104,.F.);
#2040=ORIENTED_EDGE('',*,*,#3105,.T.);
#2041=ORIENTED_EDGE('',*,*,#3101,.T.);
#2042=ORIENTED_EDGE('',*,*,#3106,.F.);
#2043=ORIENTED_EDGE('',*,*,#3075,.F.);
#2044=ORIENTED_EDGE('',*,*,#3107,.T.);
#2045=ORIENTED_EDGE('',*,*,#3104,.T.);
#2046=ORIENTED_EDGE('',*,*,#2372,.F.);
#2047=ORIENTED_EDGE('',*,*,#3041,.F.);
#2048=ORIENTED_EDGE('',*,*,#3108,.T.);
#2049=ORIENTED_EDGE('',*,*,#3070,.T.);
#2050=ORIENTED_EDGE('',*,*,#3074,.F.);
#2051=ORIENTED_EDGE('',*,*,#3078,.F.);
#2052=ORIENTED_EDGE('',*,*,#3081,.F.);
#2053=ORIENTED_EDGE('',*,*,#3084,.F.);
#2054=ORIENTED_EDGE('',*,*,#3087,.F.);
#2055=ORIENTED_EDGE('',*,*,#3090,.F.);
#2056=ORIENTED_EDGE('',*,*,#3093,.F.);
#2057=ORIENTED_EDGE('',*,*,#3096,.F.);
#2058=ORIENTED_EDGE('',*,*,#3099,.F.);
#2059=ORIENTED_EDGE('',*,*,#3102,.F.);
#2060=ORIENTED_EDGE('',*,*,#3105,.F.);
#2061=ORIENTED_EDGE('',*,*,#3107,.F.);
#2062=ORIENTED_EDGE('',*,*,#3040,.F.);
#2063=ORIENTED_EDGE('',*,*,#3043,.F.);
#2064=ORIENTED_EDGE('',*,*,#3045,.F.);
#2065=ORIENTED_EDGE('',*,*,#3047,.F.);
#2066=ORIENTED_EDGE('',*,*,#3049,.F.);
#2067=ORIENTED_EDGE('',*,*,#3051,.F.);
#2068=ORIENTED_EDGE('',*,*,#3053,.F.);
#2069=ORIENTED_EDGE('',*,*,#3055,.F.);
#2070=ORIENTED_EDGE('',*,*,#3057,.F.);
#2071=ORIENTED_EDGE('',*,*,#3059,.F.);
#2072=ORIENTED_EDGE('',*,*,#3061,.F.);
#2073=ORIENTED_EDGE('',*,*,#3063,.F.);
#2074=ORIENTED_EDGE('',*,*,#3065,.F.);
#2075=ORIENTED_EDGE('',*,*,#3067,.F.);
#2076=ORIENTED_EDGE('',*,*,#3069,.F.);
#2077=ORIENTED_EDGE('',*,*,#3071,.F.);
#2078=ORIENTED_EDGE('',*,*,#3108,.F.);
#2079=ORIENTED_EDGE('',*,*,#3072,.T.);
#2080=ORIENTED_EDGE('',*,*,#3106,.T.);
#2081=ORIENTED_EDGE('',*,*,#3103,.T.);
#2082=ORIENTED_EDGE('',*,*,#3100,.T.);
#2083=ORIENTED_EDGE('',*,*,#3097,.T.);
#2084=ORIENTED_EDGE('',*,*,#3094,.T.);
#2085=ORIENTED_EDGE('',*,*,#3091,.T.);
#2086=ORIENTED_EDGE('',*,*,#3088,.T.);
#2087=ORIENTED_EDGE('',*,*,#3085,.T.);
#2088=ORIENTED_EDGE('',*,*,#3082,.T.);
#2089=ORIENTED_EDGE('',*,*,#3079,.T.);
#2090=ORIENTED_EDGE('',*,*,#3076,.T.);
#2091=ORIENTED_EDGE('',*,*,#3109,.F.);
#2092=ORIENTED_EDGE('',*,*,#3110,.F.);
#2093=ORIENTED_EDGE('',*,*,#3111,.T.);
#2094=ORIENTED_EDGE('',*,*,#3112,.T.);
#2095=ORIENTED_EDGE('',*,*,#3113,.F.);
#2096=ORIENTED_EDGE('',*,*,#3114,.F.);
#2097=ORIENTED_EDGE('',*,*,#3115,.T.);
#2098=ORIENTED_EDGE('',*,*,#3110,.T.);
#2099=ORIENTED_EDGE('',*,*,#3116,.F.);
#2100=ORIENTED_EDGE('',*,*,#3117,.F.);
#2101=ORIENTED_EDGE('',*,*,#3118,.T.);
#2102=ORIENTED_EDGE('',*,*,#3114,.T.);
#2103=ORIENTED_EDGE('',*,*,#3119,.F.);
#2104=ORIENTED_EDGE('',*,*,#3120,.F.);
#2105=ORIENTED_EDGE('',*,*,#3121,.T.);
#2106=ORIENTED_EDGE('',*,*,#3117,.T.);
#2107=ORIENTED_EDGE('',*,*,#3122,.F.);
#2108=ORIENTED_EDGE('',*,*,#3123,.F.);
#2109=ORIENTED_EDGE('',*,*,#3124,.T.);
#2110=ORIENTED_EDGE('',*,*,#3120,.T.);
#2111=ORIENTED_EDGE('',*,*,#3125,.F.);
#2112=ORIENTED_EDGE('',*,*,#3126,.F.);
#2113=ORIENTED_EDGE('',*,*,#3127,.T.);
#2114=ORIENTED_EDGE('',*,*,#3123,.T.);
#2115=ORIENTED_EDGE('',*,*,#3128,.F.);
#2116=ORIENTED_EDGE('',*,*,#3129,.F.);
#2117=ORIENTED_EDGE('',*,*,#3130,.T.);
#2118=ORIENTED_EDGE('',*,*,#3126,.T.);
#2119=ORIENTED_EDGE('',*,*,#3131,.F.);
#2120=ORIENTED_EDGE('',*,*,#3132,.F.);
#2121=ORIENTED_EDGE('',*,*,#3133,.T.);
#2122=ORIENTED_EDGE('',*,*,#3129,.T.);
#2123=ORIENTED_EDGE('',*,*,#3134,.F.);
#2124=ORIENTED_EDGE('',*,*,#3135,.F.);
#2125=ORIENTED_EDGE('',*,*,#3136,.T.);
#2126=ORIENTED_EDGE('',*,*,#3132,.T.);
#2127=ORIENTED_EDGE('',*,*,#3137,.F.);
#2128=ORIENTED_EDGE('',*,*,#3138,.F.);
#2129=ORIENTED_EDGE('',*,*,#3139,.T.);
#2130=ORIENTED_EDGE('',*,*,#3135,.T.);
#2131=ORIENTED_EDGE('',*,*,#3140,.F.);
#2132=ORIENTED_EDGE('',*,*,#3141,.F.);
#2133=ORIENTED_EDGE('',*,*,#3142,.T.);
#2134=ORIENTED_EDGE('',*,*,#3138,.T.);
#2135=ORIENTED_EDGE('',*,*,#3143,.F.);
#2136=ORIENTED_EDGE('',*,*,#3144,.F.);
#2137=ORIENTED_EDGE('',*,*,#3145,.T.);
#2138=ORIENTED_EDGE('',*,*,#3146,.T.);
#2139=ORIENTED_EDGE('',*,*,#3147,.F.);
#2140=ORIENTED_EDGE('',*,*,#3148,.F.);
#2141=ORIENTED_EDGE('',*,*,#3149,.T.);
#2142=ORIENTED_EDGE('',*,*,#3144,.T.);
#2143=ORIENTED_EDGE('',*,*,#3150,.F.);
#2144=ORIENTED_EDGE('',*,*,#3151,.F.);
#2145=ORIENTED_EDGE('',*,*,#3152,.T.);
#2146=ORIENTED_EDGE('',*,*,#3148,.T.);
#2147=ORIENTED_EDGE('',*,*,#3153,.F.);
#2148=ORIENTED_EDGE('',*,*,#3154,.F.);
#2149=ORIENTED_EDGE('',*,*,#3155,.T.);
#2150=ORIENTED_EDGE('',*,*,#3151,.T.);
#2151=ORIENTED_EDGE('',*,*,#3156,.F.);
#2152=ORIENTED_EDGE('',*,*,#3157,.F.);
#2153=ORIENTED_EDGE('',*,*,#3158,.T.);
#2154=ORIENTED_EDGE('',*,*,#3154,.T.);
#2155=ORIENTED_EDGE('',*,*,#3159,.F.);
#2156=ORIENTED_EDGE('',*,*,#3160,.F.);
#2157=ORIENTED_EDGE('',*,*,#3161,.T.);
#2158=ORIENTED_EDGE('',*,*,#3157,.T.);
#2159=ORIENTED_EDGE('',*,*,#3162,.F.);
#2160=ORIENTED_EDGE('',*,*,#3163,.F.);
#2161=ORIENTED_EDGE('',*,*,#3164,.T.);
#2162=ORIENTED_EDGE('',*,*,#3160,.T.);
#2163=ORIENTED_EDGE('',*,*,#3165,.F.);
#2164=ORIENTED_EDGE('',*,*,#3166,.F.);
#2165=ORIENTED_EDGE('',*,*,#3167,.T.);
#2166=ORIENTED_EDGE('',*,*,#3163,.T.);
#2167=ORIENTED_EDGE('',*,*,#3168,.F.);
#2168=ORIENTED_EDGE('',*,*,#3169,.F.);
#2169=ORIENTED_EDGE('',*,*,#3170,.T.);
#2170=ORIENTED_EDGE('',*,*,#3166,.T.);
#2171=ORIENTED_EDGE('',*,*,#3171,.F.);
#2172=ORIENTED_EDGE('',*,*,#3172,.F.);
#2173=ORIENTED_EDGE('',*,*,#3173,.T.);
#2174=ORIENTED_EDGE('',*,*,#3169,.T.);
#2175=ORIENTED_EDGE('',*,*,#3174,.F.);
#2176=ORIENTED_EDGE('',*,*,#3175,.F.);
#2177=ORIENTED_EDGE('',*,*,#3176,.T.);
#2178=ORIENTED_EDGE('',*,*,#3172,.T.);
#2179=ORIENTED_EDGE('',*,*,#2356,.F.);
#2180=ORIENTED_EDGE('',*,*,#3177,.F.);
#2181=ORIENTED_EDGE('',*,*,#3178,.T.);
#2182=ORIENTED_EDGE('',*,*,#3179,.T.);
#2183=ORIENTED_EDGE('',*,*,#2370,.F.);
#2184=ORIENTED_EDGE('',*,*,#3180,.F.);
#2185=ORIENTED_EDGE('',*,*,#3181,.T.);
#2186=ORIENTED_EDGE('',*,*,#3177,.T.);
#2187=ORIENTED_EDGE('',*,*,#2369,.F.);
#2188=ORIENTED_EDGE('',*,*,#3182,.F.);
#2189=ORIENTED_EDGE('',*,*,#3183,.T.);
#2190=ORIENTED_EDGE('',*,*,#3180,.T.);
#2191=ORIENTED_EDGE('',*,*,#2368,.F.);
#2192=ORIENTED_EDGE('',*,*,#3184,.F.);
#2193=ORIENTED_EDGE('',*,*,#3185,.T.);
#2194=ORIENTED_EDGE('',*,*,#3182,.T.);
#2195=ORIENTED_EDGE('',*,*,#2367,.F.);
#2196=ORIENTED_EDGE('',*,*,#3186,.F.);
#2197=ORIENTED_EDGE('',*,*,#3187,.T.);
#2198=ORIENTED_EDGE('',*,*,#3184,.T.);
#2199=ORIENTED_EDGE('',*,*,#2366,.F.);
#2200=ORIENTED_EDGE('',*,*,#3188,.F.);
#2201=ORIENTED_EDGE('',*,*,#3189,.T.);
#2202=ORIENTED_EDGE('',*,*,#3186,.T.);
#2203=ORIENTED_EDGE('',*,*,#2365,.F.);
#2204=ORIENTED_EDGE('',*,*,#3190,.F.);
#2205=ORIENTED_EDGE('',*,*,#3191,.T.);
#2206=ORIENTED_EDGE('',*,*,#3188,.T.);
#2207=ORIENTED_EDGE('',*,*,#2364,.F.);
#2208=ORIENTED_EDGE('',*,*,#3192,.F.);
#2209=ORIENTED_EDGE('',*,*,#3193,.T.);
#2210=ORIENTED_EDGE('',*,*,#3190,.T.);
#2211=ORIENTED_EDGE('',*,*,#2363,.F.);
#2212=ORIENTED_EDGE('',*,*,#3194,.F.);
#2213=ORIENTED_EDGE('',*,*,#3195,.T.);
#2214=ORIENTED_EDGE('',*,*,#3192,.T.);
#2215=ORIENTED_EDGE('',*,*,#2362,.F.);
#2216=ORIENTED_EDGE('',*,*,#3196,.F.);
#2217=ORIENTED_EDGE('',*,*,#3197,.T.);
#2218=ORIENTED_EDGE('',*,*,#3194,.T.);
#2219=ORIENTED_EDGE('',*,*,#2361,.F.);
#2220=ORIENTED_EDGE('',*,*,#3198,.F.);
#2221=ORIENTED_EDGE('',*,*,#3199,.T.);
#2222=ORIENTED_EDGE('',*,*,#3196,.T.);
#2223=ORIENTED_EDGE('',*,*,#2360,.F.);
#2224=ORIENTED_EDGE('',*,*,#3200,.F.);
#2225=ORIENTED_EDGE('',*,*,#3201,.T.);
#2226=ORIENTED_EDGE('',*,*,#3198,.T.);
#2227=ORIENTED_EDGE('',*,*,#2359,.F.);
#2228=ORIENTED_EDGE('',*,*,#3202,.F.);
#2229=ORIENTED_EDGE('',*,*,#3203,.T.);
#2230=ORIENTED_EDGE('',*,*,#3200,.T.);
#2231=ORIENTED_EDGE('',*,*,#2358,.F.);
#2232=ORIENTED_EDGE('',*,*,#3204,.F.);
#2233=ORIENTED_EDGE('',*,*,#3205,.T.);
#2234=ORIENTED_EDGE('',*,*,#3202,.T.);
#2235=ORIENTED_EDGE('',*,*,#3206,.F.);
#2236=ORIENTED_EDGE('',*,*,#3146,.F.);
#2237=ORIENTED_EDGE('',*,*,#3207,.T.);
#2238=ORIENTED_EDGE('',*,*,#3175,.T.);
#2239=ORIENTED_EDGE('',*,*,#2357,.F.);
#2240=ORIENTED_EDGE('',*,*,#3179,.F.);
#2241=ORIENTED_EDGE('',*,*,#3208,.T.);
#2242=ORIENTED_EDGE('',*,*,#3204,.T.);
#2243=ORIENTED_EDGE('',*,*,#3209,.F.);
#2244=ORIENTED_EDGE('',*,*,#3112,.F.);
#2245=ORIENTED_EDGE('',*,*,#3210,.T.);
#2246=ORIENTED_EDGE('',*,*,#3141,.T.);
#2247=ORIENTED_EDGE('',*,*,#3178,.F.);
#2248=ORIENTED_EDGE('',*,*,#3181,.F.);
#2249=ORIENTED_EDGE('',*,*,#3183,.F.);
#2250=ORIENTED_EDGE('',*,*,#3185,.F.);
#2251=ORIENTED_EDGE('',*,*,#3187,.F.);
#2252=ORIENTED_EDGE('',*,*,#3189,.F.);
#2253=ORIENTED_EDGE('',*,*,#3191,.F.);
#2254=ORIENTED_EDGE('',*,*,#3193,.F.);
#2255=ORIENTED_EDGE('',*,*,#3195,.F.);
#2256=ORIENTED_EDGE('',*,*,#3197,.F.);
#2257=ORIENTED_EDGE('',*,*,#3199,.F.);
#2258=ORIENTED_EDGE('',*,*,#3201,.F.);
#2259=ORIENTED_EDGE('',*,*,#3203,.F.);
#2260=ORIENTED_EDGE('',*,*,#3205,.F.);
#2261=ORIENTED_EDGE('',*,*,#3208,.F.);
#2262=ORIENTED_EDGE('',*,*,#3145,.F.);
#2263=ORIENTED_EDGE('',*,*,#3149,.F.);
#2264=ORIENTED_EDGE('',*,*,#3152,.F.);
#2265=ORIENTED_EDGE('',*,*,#3155,.F.);
#2266=ORIENTED_EDGE('',*,*,#3158,.F.);
#2267=ORIENTED_EDGE('',*,*,#3161,.F.);
#2268=ORIENTED_EDGE('',*,*,#3164,.F.);
#2269=ORIENTED_EDGE('',*,*,#3167,.F.);
#2270=ORIENTED_EDGE('',*,*,#3170,.F.);
#2271=ORIENTED_EDGE('',*,*,#3173,.F.);
#2272=ORIENTED_EDGE('',*,*,#3176,.F.);
#2273=ORIENTED_EDGE('',*,*,#3207,.F.);
#2274=ORIENTED_EDGE('',*,*,#3111,.F.);
#2275=ORIENTED_EDGE('',*,*,#3115,.F.);
#2276=ORIENTED_EDGE('',*,*,#3118,.F.);
#2277=ORIENTED_EDGE('',*,*,#3121,.F.);
#2278=ORIENTED_EDGE('',*,*,#3124,.F.);
#2279=ORIENTED_EDGE('',*,*,#3127,.F.);
#2280=ORIENTED_EDGE('',*,*,#3130,.F.);
#2281=ORIENTED_EDGE('',*,*,#3133,.F.);
#2282=ORIENTED_EDGE('',*,*,#3136,.F.);
#2283=ORIENTED_EDGE('',*,*,#3139,.F.);
#2284=ORIENTED_EDGE('',*,*,#3142,.F.);
#2285=ORIENTED_EDGE('',*,*,#3210,.F.);
#2286=ORIENTED_EDGE('',*,*,#3109,.T.);
#2287=ORIENTED_EDGE('',*,*,#3209,.T.);
#2288=ORIENTED_EDGE('',*,*,#3140,.T.);
#2289=ORIENTED_EDGE('',*,*,#3137,.T.);
#2290=ORIENTED_EDGE('',*,*,#3134,.T.);
#2291=ORIENTED_EDGE('',*,*,#3131,.T.);
#2292=ORIENTED_EDGE('',*,*,#3128,.T.);
#2293=ORIENTED_EDGE('',*,*,#3125,.T.);
#2294=ORIENTED_EDGE('',*,*,#3122,.T.);
#2295=ORIENTED_EDGE('',*,*,#3119,.T.);
#2296=ORIENTED_EDGE('',*,*,#3116,.T.);
#2297=ORIENTED_EDGE('',*,*,#3113,.T.);
#2298=ORIENTED_EDGE('',*,*,#3143,.T.);
#2299=ORIENTED_EDGE('',*,*,#3206,.T.);
#2300=ORIENTED_EDGE('',*,*,#3174,.T.);
#2301=ORIENTED_EDGE('',*,*,#3171,.T.);
#2302=ORIENTED_EDGE('',*,*,#3168,.T.);
#2303=ORIENTED_EDGE('',*,*,#3165,.T.);
#2304=ORIENTED_EDGE('',*,*,#3162,.T.);
#2305=ORIENTED_EDGE('',*,*,#3159,.T.);
#2306=ORIENTED_EDGE('',*,*,#3156,.T.);
#2307=ORIENTED_EDGE('',*,*,#3153,.T.);
#2308=ORIENTED_EDGE('',*,*,#3150,.T.);
#2309=ORIENTED_EDGE('',*,*,#3147,.T.);
#2310=ORIENTED_EDGE('',*,*,#2323,.F.);
#2311=ORIENTED_EDGE('',*,*,#2348,.F.);
#2312=ORIENTED_EDGE('',*,*,#2328,.T.);
#2313=ORIENTED_EDGE('',*,*,#2353,.F.);
#2314=ORIENTED_EDGE('',*,*,#2318,.T.);
#2315=ORIENTED_EDGE('',*,*,#2351,.F.);
#2316=ORIENTED_EDGE('',*,*,#2341,.F.);
#2317=ORIENTED_EDGE('',*,*,#2346,.F.);
#2318=EDGE_CURVE('',#3211,#3212,#3811,.T.);
#2319=EDGE_CURVE('',#3211,#3213,#3812,.T.);
#2320=EDGE_CURVE('',#3213,#3214,#3813,.T.);
#2321=EDGE_CURVE('',#3214,#3212,#3814,.T.);
#2322=EDGE_CURVE('',#3215,#3216,#3815,.T.);
#2323=EDGE_CURVE('',#3216,#3217,#3816,.T.);
#2324=EDGE_CURVE('',#3217,#3218,#3817,.T.);
#2325=EDGE_CURVE('',#3218,#3215,#3818,.T.);
#2326=EDGE_CURVE('',#3219,#3219,#224,.T.);
#2327=EDGE_CURVE('',#3220,#3220,#225,.T.);
#2328=EDGE_CURVE('',#3221,#3222,#3819,.T.);
#2329=EDGE_CURVE('',#3221,#3223,#3820,.T.);
#2330=EDGE_CURVE('',#3223,#3224,#3821,.T.);
#2331=EDGE_CURVE('',#3224,#3225,#226,.T.);
#2332=EDGE_CURVE('',#3225,#3226,#3822,.T.);
#2333=EDGE_CURVE('',#3226,#3227,#227,.T.);
#2334=EDGE_CURVE('',#3227,#3228,#3823,.T.);
#2335=EDGE_CURVE('',#3228,#3222,#3824,.T.);
#2336=EDGE_CURVE('',#3229,#3229,#228,.T.);
#2337=EDGE_CURVE('',#3230,#3230,#229,.T.);
#2338=EDGE_CURVE('',#3231,#3231,#230,.T.);
#2339=EDGE_CURVE('',#3232,#3232,#231,.T.);
#2340=EDGE_CURVE('',#3233,#3234,#3825,.T.);
#2341=EDGE_CURVE('',#3234,#3235,#3826,.T.);
#2342=EDGE_CURVE('',#3235,#3236,#3827,.T.);
#2343=EDGE_CURVE('',#3236,#3237,#3828,.T.);
#2344=EDGE_CURVE('',#3237,#3238,#3829,.T.);
#2345=EDGE_CURVE('',#3238,#3233,#3830,.F.);
#2346=EDGE_CURVE('',#3217,#3234,#3831,.F.);
#2347=EDGE_CURVE('',#3218,#3233,#3832,.T.);
#2348=EDGE_CURVE('',#3221,#3216,#3833,.T.);
#2349=EDGE_CURVE('',#3239,#3215,#3834,.F.);
#2350=EDGE_CURVE('',#3223,#3239,#3835,.T.);
#2351=EDGE_CURVE('',#3235,#3212,#3836,.T.);
#2352=EDGE_CURVE('',#3236,#3214,#3837,.T.);
#2353=EDGE_CURVE('',#3211,#3222,#3838,.F.);
#2354=EDGE_CURVE('',#3240,#3228,#3839,.F.);
#2355=EDGE_CURVE('',#3213,#3240,#3840,.F.);
#2356=EDGE_CURVE('',#3241,#3242,#3841,.T.);
#2357=EDGE_CURVE('',#3242,#3243,#3842,.T.);
#2358=EDGE_CURVE('',#3243,#3244,#232,.T.);
#2359=EDGE_CURVE('',#3244,#3245,#233,.T.);
#2360=EDGE_CURVE('',#3245,#3246,#234,.T.);
#2361=EDGE_CURVE('',#3246,#3247,#3843,.T.);
#2362=EDGE_CURVE('',#3247,#3248,#235,.T.);
#2363=EDGE_CURVE('',#3248,#3249,#236,.T.);
#2364=EDGE_CURVE('',#3249,#3250,#237,.T.);
#2365=EDGE_CURVE('',#3250,#3251,#238,.T.);
#2366=EDGE_CURVE('',#3251,#3252,#3844,.T.);
#2367=EDGE_CURVE('',#3252,#3253,#239,.T.);
#2368=EDGE_CURVE('',#3253,#3254,#240,.T.);
#2369=EDGE_CURVE('',#3254,#3255,#241,.T.);
#2370=EDGE_CURVE('',#3255,#3241,#3845,.T.);
#2371=EDGE_CURVE('',#3256,#3257,#3846,.T.);
#2372=EDGE_CURVE('',#3257,#3258,#3847,.T.);
#2373=EDGE_CURVE('',#3258,#3259,#3848,.T.);
#2374=EDGE_CURVE('',#3259,#3260,#3849,.T.);
#2375=EDGE_CURVE('',#3260,#3261,#3850,.T.);
#2376=EDGE_CURVE('',#3261,#3262,#242,.T.);
#2377=EDGE_CURVE('',#3262,#3263,#243,.T.);
#2378=EDGE_CURVE('',#3263,#3264,#244,.T.);
#2379=EDGE_CURVE('',#3264,#3265,#3851,.T.);
#2380=EDGE_CURVE('',#3265,#3266,#245,.T.);
#2381=EDGE_CURVE('',#3266,#3267,#246,.T.);
#2382=EDGE_CURVE('',#3267,#3268,#247,.T.);
#2383=EDGE_CURVE('',#3268,#3269,#3852,.T.);
#2384=EDGE_CURVE('',#3269,#3270,#3853,.T.);
#2385=EDGE_CURVE('',#3270,#3271,#3854,.T.);
#2386=EDGE_CURVE('',#3271,#3272,#3855,.T.);
#2387=EDGE_CURVE('',#3272,#3256,#3856,.T.);
#2388=EDGE_CURVE('',#3273,#3274,#3857,.T.);
#2389=EDGE_CURVE('',#3274,#3275,#248,.T.);
#2390=EDGE_CURVE('',#3275,#3276,#249,.T.);
#2391=EDGE_CURVE('',#3276,#3277,#250,.T.);
#2392=EDGE_CURVE('',#3277,#3278,#3858,.T.);
#2393=EDGE_CURVE('',#3278,#3279,#251,.T.);
#2394=EDGE_CURVE('',#3279,#3280,#252,.T.);
#2395=EDGE_CURVE('',#3280,#3281,#253,.T.);
#2396=EDGE_CURVE('',#3281,#3282,#3859,.T.);
#2397=EDGE_CURVE('',#3282,#3283,#3860,.T.);
#2398=EDGE_CURVE('',#3283,#3284,#3861,.T.);
#2399=EDGE_CURVE('',#3284,#3285,#3862,.T.);
#2400=EDGE_CURVE('',#3285,#3286,#3863,.T.);
#2401=EDGE_CURVE('',#3286,#3273,#3864,.T.);
#2402=EDGE_CURVE('',#3287,#3288,#3865,.T.);
#2403=EDGE_CURVE('',#3288,#3289,#3866,.T.);
#2404=EDGE_CURVE('',#3289,#3290,#3867,.T.);
#2405=EDGE_CURVE('',#3290,#3287,#3868,.T.);
#2406=EDGE_CURVE('',#3291,#3292,#3869,.T.);
#2407=EDGE_CURVE('',#3292,#3293,#3870,.T.);
#2408=EDGE_CURVE('',#3293,#3294,#3871,.T.);
#2409=EDGE_CURVE('',#3294,#3295,#3872,.T.);
#2410=EDGE_CURVE('',#3295,#3296,#3873,.T.);
#2411=EDGE_CURVE('',#3296,#3297,#3874,.T.);
#2412=EDGE_CURVE('',#3297,#3298,#3875,.T.);
#2413=EDGE_CURVE('',#3298,#3299,#3876,.T.);
#2414=EDGE_CURVE('',#3299,#3300,#3877,.T.);
#2415=EDGE_CURVE('',#3300,#3291,#3878,.T.);
#2416=EDGE_CURVE('',#3301,#3302,#3879,.T.);
#2417=EDGE_CURVE('',#3302,#3303,#3880,.T.);
#2418=EDGE_CURVE('',#3303,#3304,#254,.T.);
#2419=EDGE_CURVE('',#3304,#3305,#255,.T.);
#2420=EDGE_CURVE('',#3305,#3306,#256,.T.);
#2421=EDGE_CURVE('',#3306,#3307,#3881,.T.);
#2422=EDGE_CURVE('',#3307,#3308,#257,.T.);
#2423=EDGE_CURVE('',#3308,#3309,#258,.T.);
#2424=EDGE_CURVE('',#3309,#3310,#259,.T.);
#2425=EDGE_CURVE('',#3310,#3311,#260,.T.);
#2426=EDGE_CURVE('',#3311,#3312,#3882,.T.);
#2427=EDGE_CURVE('',#3312,#3313,#261,.T.);
#2428=EDGE_CURVE('',#3313,#3314,#262,.T.);
#2429=EDGE_CURVE('',#3314,#3315,#263,.T.);
#2430=EDGE_CURVE('',#3315,#3301,#3883,.T.);
#2431=EDGE_CURVE('',#3316,#3317,#264,.T.);
#2432=EDGE_CURVE('',#3317,#3318,#265,.T.);
#2433=EDGE_CURVE('',#3318,#3319,#266,.T.);
#2434=EDGE_CURVE('',#3319,#3320,#3884,.T.);
#2435=EDGE_CURVE('',#3320,#3321,#267,.T.);
#2436=EDGE_CURVE('',#3321,#3322,#268,.T.);
#2437=EDGE_CURVE('',#3322,#3323,#269,.T.);
#2438=EDGE_CURVE('',#3323,#3324,#3885,.T.);
#2439=EDGE_CURVE('',#3324,#3325,#270,.T.);
#2440=EDGE_CURVE('',#3325,#3326,#271,.T.);
#2441=EDGE_CURVE('',#3326,#3327,#272,.T.);
#2442=EDGE_CURVE('',#3327,#3328,#3886,.T.);
#2443=EDGE_CURVE('',#3328,#3329,#273,.T.);
#2444=EDGE_CURVE('',#3329,#3330,#274,.T.);
#2445=EDGE_CURVE('',#3330,#3331,#275,.T.);
#2446=EDGE_CURVE('',#3331,#3316,#3887,.T.);
#2447=EDGE_CURVE('',#3332,#3333,#3888,.T.);
#2448=EDGE_CURVE('',#3333,#3334,#276,.T.);
#2449=EDGE_CURVE('',#3334,#3335,#277,.T.);
#2450=EDGE_CURVE('',#3335,#3336,#278,.T.);
#2451=EDGE_CURVE('',#3336,#3337,#3889,.T.);
#2452=EDGE_CURVE('',#3337,#3338,#279,.T.);
#2453=EDGE_CURVE('',#3338,#3339,#280,.T.);
#2454=EDGE_CURVE('',#3339,#3340,#281,.T.);
#2455=EDGE_CURVE('',#3340,#3341,#3890,.T.);
#2456=EDGE_CURVE('',#3341,#3342,#3891,.T.);
#2457=EDGE_CURVE('',#3342,#3343,#3892,.T.);
#2458=EDGE_CURVE('',#3343,#3344,#3893,.T.);
#2459=EDGE_CURVE('',#3344,#3345,#3894,.T.);
#2460=EDGE_CURVE('',#3345,#3332,#3895,.T.);
#2461=EDGE_CURVE('',#3346,#3347,#3896,.T.);
#2462=EDGE_CURVE('',#3347,#3348,#3897,.T.);
#2463=EDGE_CURVE('',#3348,#3349,#3898,.T.);
#2464=EDGE_CURVE('',#3349,#3350,#3899,.T.);
#2465=EDGE_CURVE('',#3350,#3351,#3900,.T.);
#2466=EDGE_CURVE('',#3351,#3352,#282,.T.);
#2467=EDGE_CURVE('',#3352,#3353,#283,.T.);
#2468=EDGE_CURVE('',#3353,#3354,#284,.T.);
#2469=EDGE_CURVE('',#3354,#3355,#3901,.T.);
#2470=EDGE_CURVE('',#3355,#3356,#285,.T.);
#2471=EDGE_CURVE('',#3356,#3357,#286,.T.);
#2472=EDGE_CURVE('',#3357,#3358,#287,.T.);
#2473=EDGE_CURVE('',#3358,#3359,#3902,.T.);
#2474=EDGE_CURVE('',#3359,#3360,#3903,.T.);
#2475=EDGE_CURVE('',#3360,#3361,#3904,.T.);
#2476=EDGE_CURVE('',#3361,#3362,#3905,.T.);
#2477=EDGE_CURVE('',#3362,#3346,#3906,.T.);
#2478=EDGE_CURVE('',#3363,#3364,#3907,.T.);
#2479=EDGE_CURVE('',#3364,#3365,#3908,.T.);
#2480=EDGE_CURVE('',#3365,#3366,#288,.T.);
#2481=EDGE_CURVE('',#3366,#3367,#289,.T.);
#2482=EDGE_CURVE('',#3367,#3368,#290,.T.);
#2483=EDGE_CURVE('',#3368,#3369,#3909,.T.);
#2484=EDGE_CURVE('',#3369,#3370,#291,.T.);
#2485=EDGE_CURVE('',#3370,#3371,#292,.T.);
#2486=EDGE_CURVE('',#3371,#3372,#293,.T.);
#2487=EDGE_CURVE('',#3372,#3363,#3910,.T.);
#2488=EDGE_CURVE('',#3373,#3373,#294,.T.);
#2489=EDGE_CURVE('',#3374,#3374,#295,.T.);
#2490=EDGE_CURVE('',#3375,#3376,#3911,.T.);
#2491=EDGE_CURVE('',#3377,#3376,#3912,.T.);
#2492=EDGE_CURVE('',#3378,#3377,#3913,.T.);
#2493=EDGE_CURVE('',#3378,#3375,#3914,.T.);
#2494=EDGE_CURVE('',#3379,#3379,#296,.T.);
#2495=EDGE_CURVE('',#3380,#3380,#297,.T.);
#2496=EDGE_CURVE('',#3381,#3382,#3915,.T.);
#2497=EDGE_CURVE('',#3382,#3383,#176,.T.);
#2498=EDGE_CURVE('',#3384,#3383,#3916,.T.);
#2499=EDGE_CURVE('',#3384,#3381,#177,.T.);
#2500=EDGE_CURVE('',#3385,#3386,#178,.T.);
#2501=EDGE_CURVE('',#3387,#3386,#3917,.T.);
#2502=EDGE_CURVE('',#3387,#3388,#179,.T.);
#2503=EDGE_CURVE('',#3388,#3385,#3918,.T.);
#2504=EDGE_CURVE('',#3389,#3390,#3919,.T.);
#2505=EDGE_CURVE('',#3389,#3391,#180,.T.);
#2506=EDGE_CURVE('',#3391,#3392,#3920,.T.);
#2507=EDGE_CURVE('',#3392,#3390,#181,.T.);
#2508=EDGE_CURVE('',#3393,#3394,#3921,.T.);
#2509=EDGE_CURVE('',#3393,#3395,#182,.T.);
#2510=EDGE_CURVE('',#3395,#3396,#3922,.T.);
#2511=EDGE_CURVE('',#3396,#3394,#183,.T.);
#2512=EDGE_CURVE('',#3397,#3398,#3923,.T.);
#2513=EDGE_CURVE('',#3398,#3399,#184,.T.);
#2514=EDGE_CURVE('',#3400,#3399,#3924,.T.);
#2515=EDGE_CURVE('',#3400,#3397,#185,.T.);
#2516=EDGE_CURVE('',#3401,#3402,#3925,.T.);
#2517=EDGE_CURVE('',#3401,#3403,#186,.T.);
#2518=EDGE_CURVE('',#3404,#3403,#298,.T.);
#2519=EDGE_CURVE('',#3404,#3405,#187,.T.);
#2520=EDGE_CURVE('',#3406,#3405,#3926,.T.);
#2521=EDGE_CURVE('',#3406,#3407,#299,.T.);
#2522=EDGE_CURVE('',#3408,#3407,#3927,.T.);
#2523=EDGE_CURVE('',#3408,#3400,#300,.F.);
#2524=EDGE_CURVE('',#3399,#3409,#188,.T.);
#2525=EDGE_CURVE('',#3410,#3409,#301,.T.);
#2526=EDGE_CURVE('',#3410,#3411,#189,.T.);
#2527=EDGE_CURVE('',#3411,#3412,#3928,.T.);
#2528=EDGE_CURVE('',#3412,#3387,#302,.T.);
#2529=EDGE_CURVE('',#3386,#3402,#303,.F.);
#2530=EDGE_CURVE('',#3405,#3413,#190,.T.);
#2531=EDGE_CURVE('',#3414,#3413,#3929,.T.);
#2532=EDGE_CURVE('',#3414,#3406,#191,.T.);
#2533=EDGE_CURVE('',#3415,#3415,#304,.F.);
#2534=EDGE_CURVE('',#3416,#3416,#305,.T.);
#2535=EDGE_CURVE('',#3417,#3238,#3930,.T.);
#2536=EDGE_CURVE('',#3237,#3418,#3931,.T.);
#2537=EDGE_CURVE('',#3418,#3417,#3932,.T.);
#2538=EDGE_CURVE('',#3419,#3420,#3933,.T.);
#2539=EDGE_CURVE('',#3421,#3419,#3934,.T.);
#2540=EDGE_CURVE('',#3421,#3422,#3935,.T.);
#2541=EDGE_CURVE('',#3422,#3420,#3936,.T.);
#2542=EDGE_CURVE('',#3423,#3423,#306,.T.);
#2543=EDGE_CURVE('',#3424,#3424,#307,.F.);
#2544=EDGE_CURVE('',#3419,#3376,#3937,.T.);
#2545=EDGE_CURVE('',#3421,#3375,#3938,.T.);
#2546=EDGE_CURVE('',#3420,#3377,#3939,.T.);
#2547=EDGE_CURVE('',#3422,#3378,#3940,.T.);
#2548=EDGE_CURVE('',#3224,#3225,#20,.F.);
#2549=EDGE_CURVE('',#3226,#3227,#21,.F.);
#2550=EDGE_CURVE('',#3418,#3240,#3941,.F.);
#2551=EDGE_CURVE('',#3417,#3239,#3942,.T.);
#2552=EDGE_CURVE('',#3425,#3426,#3943,.T.);
#2553=EDGE_CURVE('',#3426,#3427,#192,.T.);
#2554=EDGE_CURVE('',#3428,#3427,#3944,.T.);
#2555=EDGE_CURVE('',#3428,#3425,#193,.T.);
#2556=EDGE_CURVE('',#3395,#3429,#194,.T.);
#2557=EDGE_CURVE('',#3429,#3430,#308,.T.);
#2558=EDGE_CURVE('',#3430,#3431,#195,.T.);
#2559=EDGE_CURVE('',#3432,#3431,#3945,.T.);
#2560=EDGE_CURVE('',#3432,#3433,#309,.T.);
#2561=EDGE_CURVE('',#3434,#3433,#3946,.T.);
#2562=EDGE_CURVE('',#3434,#3428,#310,.F.);
#2563=EDGE_CURVE('',#3427,#3435,#196,.T.);
#2564=EDGE_CURVE('',#3435,#3436,#311,.T.);
#2565=EDGE_CURVE('',#3436,#3389,#197,.T.);
#2566=EDGE_CURVE('',#3390,#3384,#312,.T.);
#2567=EDGE_CURVE('',#3383,#3396,#313,.F.);
#2568=EDGE_CURVE('',#3431,#3437,#198,.T.);
#2569=EDGE_CURVE('',#3438,#3437,#3947,.T.);
#2570=EDGE_CURVE('',#3438,#3432,#199,.T.);
#2571=EDGE_CURVE('',#3439,#3440,#314,.T.);
#2572=EDGE_CURVE('',#3439,#3393,#200,.T.);
#2573=EDGE_CURVE('',#3394,#3382,#315,.T.);
#2574=EDGE_CURVE('',#3381,#3392,#316,.F.);
#2575=EDGE_CURVE('',#3391,#3441,#201,.T.);
#2576=EDGE_CURVE('',#3442,#3441,#317,.T.);
#2577=EDGE_CURVE('',#3442,#3426,#202,.T.);
#2578=EDGE_CURVE('',#3425,#3443,#318,.T.);
#2579=EDGE_CURVE('',#3443,#3444,#3948,.T.);
#2580=EDGE_CURVE('',#3444,#3438,#319,.F.);
#2581=EDGE_CURVE('',#3437,#3440,#203,.T.);
#2582=EDGE_CURVE('',#3433,#3444,#204,.T.);
#2583=EDGE_CURVE('',#3443,#3434,#205,.T.);
#2584=EDGE_CURVE('',#3445,#3446,#320,.T.);
#2585=EDGE_CURVE('',#3445,#3447,#206,.T.);
#2586=EDGE_CURVE('',#3447,#3448,#3949,.T.);
#2587=EDGE_CURVE('',#3448,#3385,#321,.T.);
#2588=EDGE_CURVE('',#3388,#3449,#322,.F.);
#2589=EDGE_CURVE('',#3450,#3449,#3950,.T.);
#2590=EDGE_CURVE('',#3450,#3451,#207,.T.);
#2591=EDGE_CURVE('',#3452,#3451,#323,.T.);
#2592=EDGE_CURVE('',#3452,#3398,#208,.T.);
#2593=EDGE_CURVE('',#3397,#3453,#324,.T.);
#2594=EDGE_CURVE('',#3453,#3454,#3951,.T.);
#2595=EDGE_CURVE('',#3454,#3414,#325,.F.);
#2596=EDGE_CURVE('',#3413,#3446,#209,.T.);
#2597=EDGE_CURVE('',#3411,#3450,#210,.T.);
#2598=EDGE_CURVE('',#3449,#3412,#211,.T.);
#2599=EDGE_CURVE('',#3447,#3401,#212,.T.);
#2600=EDGE_CURVE('',#3402,#3448,#213,.T.);
#2601=EDGE_CURVE('',#3407,#3454,#214,.T.);
#2602=EDGE_CURVE('',#3453,#3408,#215,.T.);
#2603=EDGE_CURVE('',#3403,#3445,#216,.T.);
#2604=EDGE_CURVE('',#3446,#3404,#217,.T.);
#2605=EDGE_CURVE('',#3451,#3410,#218,.T.);
#2606=EDGE_CURVE('',#3409,#3452,#219,.T.);
#2607=EDGE_CURVE('',#3441,#3436,#220,.T.);
#2608=EDGE_CURVE('',#3435,#3442,#221,.T.);
#2609=EDGE_CURVE('',#3429,#3439,#222,.T.);
#2610=EDGE_CURVE('',#3440,#3430,#223,.T.);
#2611=EDGE_CURVE('',#3455,#3456,#3952,.T.);
#2612=EDGE_CURVE('',#3457,#3455,#3953,.T.);
#2613=EDGE_CURVE('',#3457,#3458,#3954,.T.);
#2614=EDGE_CURVE('',#3458,#3456,#3955,.T.);
#2615=EDGE_CURVE('',#3459,#3455,#326,.F.);
#2616=EDGE_CURVE('',#3460,#3459,#3956,.T.);
#2617=EDGE_CURVE('',#3460,#3457,#327,.F.);
#2618=EDGE_CURVE('',#3461,#3459,#328,.F.);
#2619=EDGE_CURVE('',#3462,#3461,#3957,.T.);
#2620=EDGE_CURVE('',#3462,#3460,#329,.F.);
#2621=EDGE_CURVE('',#3463,#3461,#3958,.T.);
#2622=EDGE_CURVE('',#3464,#3463,#3959,.T.);
#2623=EDGE_CURVE('',#3464,#3462,#3960,.T.);
#2624=EDGE_CURVE('',#3465,#3463,#330,.F.);
#2625=EDGE_CURVE('',#3466,#3465,#3961,.T.);
#2626=EDGE_CURVE('',#3466,#3464,#331,.F.);
#2627=EDGE_CURVE('',#3467,#3465,#332,.F.);
#2628=EDGE_CURVE('',#3468,#3467,#3962,.T.);
#2629=EDGE_CURVE('',#3468,#3466,#333,.F.);
#2630=EDGE_CURVE('',#3469,#3467,#3963,.T.);
#2631=EDGE_CURVE('',#3470,#3469,#3964,.T.);
#2632=EDGE_CURVE('',#3470,#3468,#3965,.T.);
#2633=EDGE_CURVE('',#3471,#3469,#334,.F.);
#2634=EDGE_CURVE('',#3472,#3471,#3966,.T.);
#2635=EDGE_CURVE('',#3472,#3470,#335,.F.);
#2636=EDGE_CURVE('',#3473,#3471,#336,.F.);
#2637=EDGE_CURVE('',#3474,#3473,#3967,.T.);
#2638=EDGE_CURVE('',#3474,#3472,#337,.F.);
#2639=EDGE_CURVE('',#3475,#3473,#3968,.T.);
#2640=EDGE_CURVE('',#3476,#3475,#3969,.T.);
#2641=EDGE_CURVE('',#3476,#3474,#3970,.T.);
#2642=EDGE_CURVE('',#3477,#3475,#338,.F.);
#2643=EDGE_CURVE('',#3478,#3477,#3971,.T.);
#2644=EDGE_CURVE('',#3478,#3476,#339,.F.);
#2645=EDGE_CURVE('',#3479,#3363,#3972,.T.);
#2646=EDGE_CURVE('',#3479,#3480,#3973,.T.);
#2647=EDGE_CURVE('',#3480,#3364,#3974,.T.);
#2648=EDGE_CURVE('',#3481,#3372,#3975,.T.);
#2649=EDGE_CURVE('',#3481,#3479,#3976,.T.);
#2650=EDGE_CURVE('',#3482,#3371,#3977,.T.);
#2651=EDGE_CURVE('',#3482,#3481,#340,.T.);
#2652=EDGE_CURVE('',#3483,#3370,#3978,.T.);
#2653=EDGE_CURVE('',#3483,#3482,#341,.T.);
#2654=EDGE_CURVE('',#3484,#3369,#3979,.T.);
#2655=EDGE_CURVE('',#3484,#3483,#342,.T.);
#2656=EDGE_CURVE('',#3485,#3368,#3980,.T.);
#2657=EDGE_CURVE('',#3485,#3484,#3981,.T.);
#2658=EDGE_CURVE('',#3486,#3367,#3982,.T.);
#2659=EDGE_CURVE('',#3486,#3485,#343,.T.);
#2660=EDGE_CURVE('',#3487,#3366,#3983,.T.);
#2661=EDGE_CURVE('',#3487,#3486,#344,.T.);
#2662=EDGE_CURVE('',#3488,#3365,#3984,.T.);
#2663=EDGE_CURVE('',#3488,#3487,#345,.T.);
#2664=EDGE_CURVE('',#3480,#3488,#3985,.T.);
#2665=EDGE_CURVE('',#3456,#3477,#346,.F.);
#2666=EDGE_CURVE('',#3458,#3478,#347,.F.);
#2667=EDGE_CURVE('',#3489,#3490,#3986,.T.);
#2668=EDGE_CURVE('',#3491,#3489,#3987,.T.);
#2669=EDGE_CURVE('',#3491,#3492,#3988,.T.);
#2670=EDGE_CURVE('',#3492,#3490,#3989,.T.);
#2671=EDGE_CURVE('',#3493,#3489,#348,.F.);
#2672=EDGE_CURVE('',#3494,#3493,#3990,.T.);
#2673=EDGE_CURVE('',#3494,#3491,#349,.F.);
#2674=EDGE_CURVE('',#3495,#3493,#350,.F.);
#2675=EDGE_CURVE('',#3496,#3495,#3991,.T.);
#2676=EDGE_CURVE('',#3496,#3494,#351,.F.);
#2677=EDGE_CURVE('',#3497,#3495,#3992,.T.);
#2678=EDGE_CURVE('',#3498,#3497,#3993,.T.);
#2679=EDGE_CURVE('',#3498,#3496,#3994,.T.);
#2680=EDGE_CURVE('',#3499,#3497,#352,.F.);
#2681=EDGE_CURVE('',#3500,#3499,#3995,.T.);
#2682=EDGE_CURVE('',#3500,#3498,#353,.F.);
#2683=EDGE_CURVE('',#3501,#3499,#354,.F.);
#2684=EDGE_CURVE('',#3502,#3501,#3996,.T.);
#2685=EDGE_CURVE('',#3502,#3500,#355,.F.);
#2686=EDGE_CURVE('',#3503,#3501,#3997,.T.);
#2687=EDGE_CURVE('',#3504,#3503,#3998,.T.);
#2688=EDGE_CURVE('',#3504,#3502,#3999,.T.);
#2689=EDGE_CURVE('',#3505,#3503,#356,.F.);
#2690=EDGE_CURVE('',#3506,#3505,#4000,.T.);
#2691=EDGE_CURVE('',#3506,#3504,#357,.F.);
#2692=EDGE_CURVE('',#3507,#3505,#358,.F.);
#2693=EDGE_CURVE('',#3508,#3507,#4001,.T.);
#2694=EDGE_CURVE('',#3508,#3506,#359,.F.);
#2695=EDGE_CURVE('',#3509,#3507,#4002,.T.);
#2696=EDGE_CURVE('',#3510,#3509,#4003,.T.);
#2697=EDGE_CURVE('',#3510,#3508,#4004,.T.);
#2698=EDGE_CURVE('',#3511,#3509,#360,.F.);
#2699=EDGE_CURVE('',#3512,#3511,#4005,.T.);
#2700=EDGE_CURVE('',#3512,#3510,#361,.F.);
#2701=EDGE_CURVE('',#3513,#3346,#4006,.T.);
#2702=EDGE_CURVE('',#3513,#3514,#4007,.T.);
#2703=EDGE_CURVE('',#3514,#3347,#4008,.T.);
#2704=EDGE_CURVE('',#3515,#3362,#4009,.T.);
#2705=EDGE_CURVE('',#3515,#3513,#4010,.T.);
#2706=EDGE_CURVE('',#3516,#3361,#4011,.T.);
#2707=EDGE_CURVE('',#3516,#3515,#4012,.T.);
#2708=EDGE_CURVE('',#3517,#3360,#4013,.T.);
#2709=EDGE_CURVE('',#3517,#3516,#4014,.T.);
#2710=EDGE_CURVE('',#3518,#3359,#4015,.T.);
#2711=EDGE_CURVE('',#3518,#3517,#4016,.T.);
#2712=EDGE_CURVE('',#3519,#3358,#4017,.T.);
#2713=EDGE_CURVE('',#3519,#3518,#4018,.T.);
#2714=EDGE_CURVE('',#3520,#3357,#4019,.T.);
#2715=EDGE_CURVE('',#3520,#3519,#362,.T.);
#2716=EDGE_CURVE('',#3521,#3356,#4020,.T.);
#2717=EDGE_CURVE('',#3521,#3520,#363,.T.);
#2718=EDGE_CURVE('',#3522,#3355,#4021,.T.);
#2719=EDGE_CURVE('',#3522,#3521,#364,.T.);
#2720=EDGE_CURVE('',#3523,#3354,#4022,.T.);
#2721=EDGE_CURVE('',#3523,#3522,#4023,.T.);
#2722=EDGE_CURVE('',#3524,#3353,#4024,.T.);
#2723=EDGE_CURVE('',#3524,#3523,#365,.T.);
#2724=EDGE_CURVE('',#3525,#3352,#4025,.T.);
#2725=EDGE_CURVE('',#3525,#3524,#366,.T.);
#2726=EDGE_CURVE('',#3526,#3351,#4026,.T.);
#2727=EDGE_CURVE('',#3526,#3525,#367,.T.);
#2728=EDGE_CURVE('',#3527,#3350,#4027,.T.);
#2729=EDGE_CURVE('',#3527,#3526,#4028,.T.);
#2730=EDGE_CURVE('',#3528,#3349,#4029,.T.);
#2731=EDGE_CURVE('',#3528,#3527,#4030,.T.);
#2732=EDGE_CURVE('',#3529,#3348,#4031,.T.);
#2733=EDGE_CURVE('',#3529,#3528,#4032,.T.);
#2734=EDGE_CURVE('',#3514,#3529,#4033,.T.);
#2735=EDGE_CURVE('',#3490,#3511,#368,.F.);
#2736=EDGE_CURVE('',#3492,#3512,#369,.F.);
#2737=EDGE_CURVE('',#3530,#3531,#4034,.T.);
#2738=EDGE_CURVE('',#3532,#3530,#4035,.T.);
#2739=EDGE_CURVE('',#3532,#3533,#4036,.T.);
#2740=EDGE_CURVE('',#3533,#3531,#4037,.T.);
#2741=EDGE_CURVE('',#3534,#3530,#4038,.T.);
#2742=EDGE_CURVE('',#3535,#3534,#4039,.T.);
#2743=EDGE_CURVE('',#3535,#3532,#4040,.T.);
#2744=EDGE_CURVE('',#3536,#3534,#370,.F.);
#2745=EDGE_CURVE('',#3537,#3536,#4041,.T.);
#2746=EDGE_CURVE('',#3537,#3535,#371,.F.);
#2747=EDGE_CURVE('',#3538,#3536,#372,.F.);
#2748=EDGE_CURVE('',#3539,#3538,#4042,.T.);
#2749=EDGE_CURVE('',#3539,#3537,#373,.F.);
#2750=EDGE_CURVE('',#3540,#3538,#4043,.T.);
#2751=EDGE_CURVE('',#3541,#3540,#4044,.T.);
#2752=EDGE_CURVE('',#3541,#3539,#4045,.T.);
#2753=EDGE_CURVE('',#3542,#3540,#374,.F.);
#2754=EDGE_CURVE('',#3543,#3542,#4046,.T.);
#2755=EDGE_CURVE('',#3543,#3541,#375,.F.);
#2756=EDGE_CURVE('',#3544,#3542,#376,.F.);
#2757=EDGE_CURVE('',#3545,#3544,#4047,.T.);
#2758=EDGE_CURVE('',#3545,#3543,#377,.F.);
#2759=EDGE_CURVE('',#3546,#3332,#4048,.T.);
#2760=EDGE_CURVE('',#3546,#3547,#4049,.T.);
#2761=EDGE_CURVE('',#3547,#3333,#4050,.T.);
#2762=EDGE_CURVE('',#3548,#3345,#4051,.T.);
#2763=EDGE_CURVE('',#3548,#3546,#4052,.T.);
#2764=EDGE_CURVE('',#3549,#3344,#4053,.T.);
#2765=EDGE_CURVE('',#3549,#3548,#4054,.T.);
#2766=EDGE_CURVE('',#3550,#3343,#4055,.T.);
#2767=EDGE_CURVE('',#3550,#3549,#4056,.T.);
#2768=EDGE_CURVE('',#3551,#3342,#4057,.T.);
#2769=EDGE_CURVE('',#3551,#3550,#4058,.T.);
#2770=EDGE_CURVE('',#3552,#3341,#4059,.T.);
#2771=EDGE_CURVE('',#3552,#3551,#4060,.T.);
#2772=EDGE_CURVE('',#3553,#3340,#4061,.T.);
#2773=EDGE_CURVE('',#3553,#3552,#4062,.T.);
#2774=EDGE_CURVE('',#3554,#3339,#4063,.T.);
#2775=EDGE_CURVE('',#3554,#3553,#378,.T.);
#2776=EDGE_CURVE('',#3555,#3338,#4064,.T.);
#2777=EDGE_CURVE('',#3555,#3554,#379,.T.);
#2778=EDGE_CURVE('',#3556,#3337,#4065,.T.);
#2779=EDGE_CURVE('',#3556,#3555,#380,.T.);
#2780=EDGE_CURVE('',#3557,#3336,#4066,.T.);
#2781=EDGE_CURVE('',#3557,#3556,#4067,.T.);
#2782=EDGE_CURVE('',#3558,#3335,#4068,.T.);
#2783=EDGE_CURVE('',#3558,#3557,#381,.T.);
#2784=EDGE_CURVE('',#3559,#3334,#4069,.T.);
#2785=EDGE_CURVE('',#3559,#3558,#382,.T.);
#2786=EDGE_CURVE('',#3547,#3559,#383,.T.);
#2787=EDGE_CURVE('',#3531,#3544,#4070,.T.);
#2788=EDGE_CURVE('',#3533,#3545,#4071,.T.);
#2789=EDGE_CURVE('',#3560,#3561,#4072,.T.);
#2790=EDGE_CURVE('',#3562,#3560,#4073,.T.);
#2791=EDGE_CURVE('',#3562,#3563,#4074,.T.);
#2792=EDGE_CURVE('',#3563,#3561,#4075,.T.);
#2793=EDGE_CURVE('',#3564,#3560,#384,.F.);
#2794=EDGE_CURVE('',#3565,#3564,#4076,.T.);
#2795=EDGE_CURVE('',#3565,#3562,#385,.F.);
#2796=EDGE_CURVE('',#3566,#3564,#386,.F.);
#2797=EDGE_CURVE('',#3567,#3566,#4077,.T.);
#2798=EDGE_CURVE('',#3567,#3565,#387,.F.);
#2799=EDGE_CURVE('',#3568,#3566,#4078,.T.);
#2800=EDGE_CURVE('',#3569,#3568,#4079,.T.);
#2801=EDGE_CURVE('',#3569,#3567,#4080,.T.);
#2802=EDGE_CURVE('',#3570,#3568,#388,.F.);
#2803=EDGE_CURVE('',#3571,#3570,#4081,.T.);
#2804=EDGE_CURVE('',#3571,#3569,#389,.F.);
#2805=EDGE_CURVE('',#3572,#3570,#390,.F.);
#2806=EDGE_CURVE('',#3573,#3572,#4082,.T.);
#2807=EDGE_CURVE('',#3573,#3571,#391,.F.);
#2808=EDGE_CURVE('',#3574,#3572,#4083,.T.);
#2809=EDGE_CURVE('',#3575,#3574,#4084,.T.);
#2810=EDGE_CURVE('',#3575,#3573,#4085,.T.);
#2811=EDGE_CURVE('',#3576,#3574,#392,.F.);
#2812=EDGE_CURVE('',#3577,#3576,#4086,.T.);
#2813=EDGE_CURVE('',#3577,#3575,#393,.F.);
#2814=EDGE_CURVE('',#3578,#3576,#394,.F.);
#2815=EDGE_CURVE('',#3579,#3578,#4087,.T.);
#2816=EDGE_CURVE('',#3579,#3577,#395,.F.);
#2817=EDGE_CURVE('',#3580,#3578,#4088,.T.);
#2818=EDGE_CURVE('',#3581,#3580,#4089,.T.);
#2819=EDGE_CURVE('',#3581,#3579,#4090,.T.);
#2820=EDGE_CURVE('',#3582,#3580,#396,.F.);
#2821=EDGE_CURVE('',#3583,#3582,#4091,.T.);
#2822=EDGE_CURVE('',#3583,#3581,#397,.F.);
#2823=EDGE_CURVE('',#3584,#3316,#4092,.T.);
#2824=EDGE_CURVE('',#3584,#3585,#398,.T.);
#2825=EDGE_CURVE('',#3585,#3317,#4093,.T.);
#2826=EDGE_CURVE('',#3586,#3331,#4094,.T.);
#2827=EDGE_CURVE('',#3586,#3584,#4095,.T.);
#2828=EDGE_CURVE('',#3587,#3330,#4096,.T.);
#2829=EDGE_CURVE('',#3587,#3586,#399,.T.);
#2830=EDGE_CURVE('',#3588,#3329,#4097,.T.);
#2831=EDGE_CURVE('',#3588,#3587,#400,.T.);
#2832=EDGE_CURVE('',#3589,#3328,#4098,.T.);
#2833=EDGE_CURVE('',#3589,#3588,#401,.T.);
#2834=EDGE_CURVE('',#3590,#3327,#4099,.T.);
#2835=EDGE_CURVE('',#3590,#3589,#4100,.T.);
#2836=EDGE_CURVE('',#3591,#3326,#4101,.T.);
#2837=EDGE_CURVE('',#3591,#3590,#402,.T.);
#2838=EDGE_CURVE('',#3592,#3325,#4102,.T.);
#2839=EDGE_CURVE('',#3592,#3591,#403,.T.);
#2840=EDGE_CURVE('',#3593,#3324,#4103,.T.);
#2841=EDGE_CURVE('',#3593,#3592,#404,.T.);
#2842=EDGE_CURVE('',#3594,#3323,#4104,.T.);
#2843=EDGE_CURVE('',#3594,#3593,#4105,.T.);
#2844=EDGE_CURVE('',#3595,#3322,#4106,.T.);
#2845=EDGE_CURVE('',#3595,#3594,#405,.T.);
#2846=EDGE_CURVE('',#3596,#3321,#4107,.T.);
#2847=EDGE_CURVE('',#3596,#3595,#406,.T.);
#2848=EDGE_CURVE('',#3597,#3320,#4108,.T.);
#2849=EDGE_CURVE('',#3597,#3596,#407,.T.);
#2850=EDGE_CURVE('',#3598,#3319,#4109,.T.);
#2851=EDGE_CURVE('',#3598,#3597,#4110,.T.);
#2852=EDGE_CURVE('',#3599,#3318,#4111,.T.);
#2853=EDGE_CURVE('',#3599,#3598,#408,.T.);
#2854=EDGE_CURVE('',#3585,#3599,#409,.T.);
#2855=EDGE_CURVE('',#3561,#3582,#410,.F.);
#2856=EDGE_CURVE('',#3563,#3583,#411,.F.);
#2857=EDGE_CURVE('',#3600,#3601,#4112,.T.);
#2858=EDGE_CURVE('',#3602,#3600,#4113,.T.);
#2859=EDGE_CURVE('',#3602,#3603,#4114,.T.);
#2860=EDGE_CURVE('',#3603,#3601,#4115,.T.);
#2861=EDGE_CURVE('',#3604,#3600,#412,.F.);
#2862=EDGE_CURVE('',#3605,#3604,#4116,.T.);
#2863=EDGE_CURVE('',#3605,#3602,#413,.F.);
#2864=EDGE_CURVE('',#3606,#3604,#414,.F.);
#2865=EDGE_CURVE('',#3607,#3606,#4117,.T.);
#2866=EDGE_CURVE('',#3607,#3605,#415,.F.);
#2867=EDGE_CURVE('',#3608,#3606,#4118,.T.);
#2868=EDGE_CURVE('',#3609,#3608,#4119,.T.);
#2869=EDGE_CURVE('',#3609,#3607,#4120,.T.);
#2870=EDGE_CURVE('',#3610,#3608,#416,.F.);
#2871=EDGE_CURVE('',#3611,#3610,#4121,.T.);
#2872=EDGE_CURVE('',#3611,#3609,#417,.F.);
#2873=EDGE_CURVE('',#3612,#3610,#418,.F.);
#2874=EDGE_CURVE('',#3613,#3612,#4122,.T.);
#2875=EDGE_CURVE('',#3613,#3611,#419,.F.);
#2876=EDGE_CURVE('',#3614,#3612,#4123,.T.);
#2877=EDGE_CURVE('',#3615,#3614,#4124,.T.);
#2878=EDGE_CURVE('',#3615,#3613,#4125,.T.);
#2879=EDGE_CURVE('',#3616,#3614,#420,.F.);
#2880=EDGE_CURVE('',#3617,#3616,#4126,.T.);
#2881=EDGE_CURVE('',#3617,#3615,#421,.F.);
#2882=EDGE_CURVE('',#3618,#3616,#422,.F.);
#2883=EDGE_CURVE('',#3619,#3618,#4127,.T.);
#2884=EDGE_CURVE('',#3619,#3617,#423,.F.);
#2885=EDGE_CURVE('',#3620,#3618,#4128,.T.);
#2886=EDGE_CURVE('',#3621,#3620,#4129,.T.);
#2887=EDGE_CURVE('',#3621,#3619,#4130,.T.);
#2888=EDGE_CURVE('',#3622,#3620,#424,.F.);
#2889=EDGE_CURVE('',#3623,#3622,#4131,.T.);
#2890=EDGE_CURVE('',#3623,#3621,#425,.F.);
#2891=EDGE_CURVE('',#3624,#3625,#4132,.T.);
#2892=EDGE_CURVE('',#3626,#3624,#4133,.T.);
#2893=EDGE_CURVE('',#3626,#3627,#4134,.T.);
#2894=EDGE_CURVE('',#3627,#3625,#4135,.T.);
#2895=EDGE_CURVE('',#3628,#3624,#426,.F.);
#2896=EDGE_CURVE('',#3629,#3628,#4136,.T.);
#2897=EDGE_CURVE('',#3629,#3626,#427,.F.);
#2898=EDGE_CURVE('',#3630,#3628,#428,.F.);
#2899=EDGE_CURVE('',#3631,#3630,#4137,.T.);
#2900=EDGE_CURVE('',#3631,#3629,#429,.F.);
#2901=EDGE_CURVE('',#3632,#3630,#4138,.T.);
#2902=EDGE_CURVE('',#3633,#3632,#4139,.T.);
#2903=EDGE_CURVE('',#3633,#3631,#4140,.T.);
#2904=EDGE_CURVE('',#3634,#3632,#430,.F.);
#2905=EDGE_CURVE('',#3635,#3634,#4141,.T.);
#2906=EDGE_CURVE('',#3635,#3633,#431,.F.);
#2907=EDGE_CURVE('',#3636,#3634,#432,.F.);
#2908=EDGE_CURVE('',#3637,#3636,#4142,.T.);
#2909=EDGE_CURVE('',#3637,#3635,#433,.F.);
#2910=EDGE_CURVE('',#3638,#3636,#4143,.T.);
#2911=EDGE_CURVE('',#3639,#3638,#4144,.T.);
#2912=EDGE_CURVE('',#3639,#3637,#4145,.T.);
#2913=EDGE_CURVE('',#3640,#3638,#434,.F.);
#2914=EDGE_CURVE('',#3641,#3640,#4146,.T.);
#2915=EDGE_CURVE('',#3641,#3639,#435,.F.);
#2916=EDGE_CURVE('',#3642,#3640,#436,.F.);
#2917=EDGE_CURVE('',#3643,#3642,#4147,.T.);
#2918=EDGE_CURVE('',#3643,#3641,#437,.F.);
#2919=EDGE_CURVE('',#3644,#3642,#4148,.T.);
#2920=EDGE_CURVE('',#3645,#3644,#4149,.T.);
#2921=EDGE_CURVE('',#3645,#3643,#4150,.T.);
#2922=EDGE_CURVE('',#3646,#3644,#438,.F.);
#2923=EDGE_CURVE('',#3647,#3646,#4151,.T.);
#2924=EDGE_CURVE('',#3647,#3645,#439,.F.);
#2925=EDGE_CURVE('',#3648,#3301,#4152,.T.);
#2926=EDGE_CURVE('',#3648,#3649,#4153,.T.);
#2927=EDGE_CURVE('',#3649,#3302,#4154,.T.);
#2928=EDGE_CURVE('',#3650,#3315,#4155,.T.);
#2929=EDGE_CURVE('',#3650,#3648,#4156,.T.);
#2930=EDGE_CURVE('',#3651,#3314,#4157,.T.);
#2931=EDGE_CURVE('',#3651,#3650,#440,.T.);
#2932=EDGE_CURVE('',#3652,#3313,#4158,.T.);
#2933=EDGE_CURVE('',#3652,#3651,#441,.T.);
#2934=EDGE_CURVE('',#3653,#3312,#4159,.T.);
#2935=EDGE_CURVE('',#3653,#3652,#442,.T.);
#2936=EDGE_CURVE('',#3654,#3311,#4160,.T.);
#2937=EDGE_CURVE('',#3654,#3653,#4161,.T.);
#2938=EDGE_CURVE('',#3655,#3310,#4162,.T.);
#2939=EDGE_CURVE('',#3655,#3654,#443,.T.);
#2940=EDGE_CURVE('',#3656,#3309,#4163,.T.);
#2941=EDGE_CURVE('',#3656,#3655,#444,.T.);
#2942=EDGE_CURVE('',#3657,#3308,#4164,.T.);
#2943=EDGE_CURVE('',#3657,#3656,#445,.T.);
#2944=EDGE_CURVE('',#3658,#3307,#4165,.T.);
#2945=EDGE_CURVE('',#3658,#3657,#446,.T.);
#2946=EDGE_CURVE('',#3659,#3306,#4166,.T.);
#2947=EDGE_CURVE('',#3659,#3658,#4167,.T.);
#2948=EDGE_CURVE('',#3660,#3305,#4168,.T.);
#2949=EDGE_CURVE('',#3660,#3659,#447,.T.);
#2950=EDGE_CURVE('',#3661,#3304,#4169,.T.);
#2951=EDGE_CURVE('',#3661,#3660,#448,.T.);
#2952=EDGE_CURVE('',#3662,#3303,#4170,.T.);
#2953=EDGE_CURVE('',#3662,#3661,#449,.T.);
#2954=EDGE_CURVE('',#3625,#3646,#450,.F.);
#2955=EDGE_CURVE('',#3627,#3647,#451,.F.);
#2956=EDGE_CURVE('',#3649,#3662,#4171,.T.);
#2957=EDGE_CURVE('',#3601,#3622,#452,.F.);
#2958=EDGE_CURVE('',#3603,#3623,#453,.F.);
#2959=EDGE_CURVE('',#3663,#3291,#4172,.T.);
#2960=EDGE_CURVE('',#3663,#3664,#4173,.T.);
#2961=EDGE_CURVE('',#3664,#3292,#4174,.T.);
#2962=EDGE_CURVE('',#3665,#3300,#4175,.T.);
#2963=EDGE_CURVE('',#3665,#3663,#4176,.T.);
#2964=EDGE_CURVE('',#3666,#3299,#4177,.T.);
#2965=EDGE_CURVE('',#3666,#3665,#4178,.T.);
#2966=EDGE_CURVE('',#3667,#3298,#4179,.T.);
#2967=EDGE_CURVE('',#3667,#3666,#4180,.T.);
#2968=EDGE_CURVE('',#3668,#3297,#4181,.T.);
#2969=EDGE_CURVE('',#3668,#3667,#4182,.T.);
#2970=EDGE_CURVE('',#3669,#3296,#4183,.T.);
#2971=EDGE_CURVE('',#3669,#3668,#4184,.T.);
#2972=EDGE_CURVE('',#3670,#3295,#4185,.T.);
#2973=EDGE_CURVE('',#3670,#3669,#4186,.T.);
#2974=EDGE_CURVE('',#3671,#3294,#4187,.T.);
#2975=EDGE_CURVE('',#3671,#3670,#4188,.T.);
#2976=EDGE_CURVE('',#3672,#3293,#4189,.T.);
#2977=EDGE_CURVE('',#3672,#3671,#4190,.T.);
#2978=EDGE_CURVE('',#3664,#3672,#4191,.T.);
#2979=EDGE_CURVE('',#3673,#3287,#4192,.T.);
#2980=EDGE_CURVE('',#3673,#3674,#4193,.T.);
#2981=EDGE_CURVE('',#3674,#3288,#4194,.T.);
#2982=EDGE_CURVE('',#3675,#3290,#4195,.T.);
#2983=EDGE_CURVE('',#3675,#3673,#4196,.T.);
#2984=EDGE_CURVE('',#3676,#3289,#4197,.T.);
#2985=EDGE_CURVE('',#3676,#3675,#4198,.T.);
#2986=EDGE_CURVE('',#3674,#3676,#4199,.T.);
#2987=EDGE_CURVE('',#3677,#3678,#4200,.T.);
#2988=EDGE_CURVE('',#3679,#3677,#4201,.T.);
#2989=EDGE_CURVE('',#3679,#3680,#4202,.T.);
#2990=EDGE_CURVE('',#3680,#3678,#4203,.T.);
#2991=EDGE_CURVE('',#3681,#3677,#4204,.T.);
#2992=EDGE_CURVE('',#3682,#3681,#4205,.T.);
#2993=EDGE_CURVE('',#3682,#3679,#4206,.T.);
#2994=EDGE_CURVE('',#3683,#3681,#454,.F.);
#2995=EDGE_CURVE('',#3684,#3683,#4207,.T.);
#2996=EDGE_CURVE('',#3684,#3682,#455,.F.);
#2997=EDGE_CURVE('',#3685,#3683,#456,.F.);
#2998=EDGE_CURVE('',#3686,#3685,#4208,.T.);
#2999=EDGE_CURVE('',#3686,#3684,#457,.F.);
#3000=EDGE_CURVE('',#3687,#3685,#4209,.T.);
#3001=EDGE_CURVE('',#3688,#3687,#4210,.T.);
#3002=EDGE_CURVE('',#3688,#3686,#4211,.T.);
#3003=EDGE_CURVE('',#3689,#3687,#458,.F.);
#3004=EDGE_CURVE('',#3690,#3689,#4212,.T.);
#3005=EDGE_CURVE('',#3690,#3688,#459,.F.);
#3006=EDGE_CURVE('',#3691,#3689,#460,.F.);
#3007=EDGE_CURVE('',#3692,#3691,#4213,.T.);
#3008=EDGE_CURVE('',#3692,#3690,#461,.F.);
#3009=EDGE_CURVE('',#3693,#3273,#4214,.T.);
#3010=EDGE_CURVE('',#3693,#3694,#4215,.T.);
#3011=EDGE_CURVE('',#3694,#3274,#4216,.T.);
#3012=EDGE_CURVE('',#3695,#3286,#4217,.T.);
#3013=EDGE_CURVE('',#3695,#3693,#4218,.T.);
#3014=EDGE_CURVE('',#3696,#3285,#4219,.T.);
#3015=EDGE_CURVE('',#3696,#3695,#4220,.T.);
#3016=EDGE_CURVE('',#3697,#3284,#4221,.T.);
#3017=EDGE_CURVE('',#3697,#3696,#4222,.T.);
#3018=EDGE_CURVE('',#3698,#3283,#4223,.T.);
#3019=EDGE_CURVE('',#3698,#3697,#4224,.T.);
#3020=EDGE_CURVE('',#3699,#3282,#4225,.T.);
#3021=EDGE_CURVE('',#3699,#3698,#4226,.T.);
#3022=EDGE_CURVE('',#3700,#3281,#4227,.T.);
#3023=EDGE_CURVE('',#3700,#3699,#4228,.T.);
#3024=EDGE_CURVE('',#3701,#3280,#4229,.T.);
#3025=EDGE_CURVE('',#3701,#3700,#462,.T.);
#3026=EDGE_CURVE('',#3702,#3279,#4230,.T.);
#3027=EDGE_CURVE('',#3702,#3701,#463,.T.);
#3028=EDGE_CURVE('',#3703,#3278,#4231,.T.);
#3029=EDGE_CURVE('',#3703,#3702,#464,.T.);
#3030=EDGE_CURVE('',#3704,#3277,#4232,.T.);
#3031=EDGE_CURVE('',#3704,#3703,#4233,.T.);
#3032=EDGE_CURVE('',#3705,#3276,#4234,.T.);
#3033=EDGE_CURVE('',#3705,#3704,#465,.T.);
#3034=EDGE_CURVE('',#3706,#3275,#4235,.T.);
#3035=EDGE_CURVE('',#3706,#3705,#466,.T.);
#3036=EDGE_CURVE('',#3694,#3706,#467,.T.);
#3037=EDGE_CURVE('',#3678,#3691,#4236,.T.);
#3038=EDGE_CURVE('',#3680,#3692,#4237,.T.);
#3039=EDGE_CURVE('',#3707,#3256,#4238,.T.);
#3040=EDGE_CURVE('',#3707,#3708,#4239,.T.);
#3041=EDGE_CURVE('',#3708,#3257,#4240,.T.);
#3042=EDGE_CURVE('',#3709,#3272,#4241,.T.);
#3043=EDGE_CURVE('',#3709,#3707,#4242,.T.);
#3044=EDGE_CURVE('',#3710,#3271,#4243,.T.);
#3045=EDGE_CURVE('',#3710,#3709,#4244,.T.);
#3046=EDGE_CURVE('',#3711,#3270,#4245,.T.);
#3047=EDGE_CURVE('',#3711,#3710,#4246,.T.);
#3048=EDGE_CURVE('',#3712,#3269,#4247,.T.);
#3049=EDGE_CURVE('',#3712,#3711,#4248,.T.);
#3050=EDGE_CURVE('',#3713,#3268,#4249,.T.);
#3051=EDGE_CURVE('',#3713,#3712,#4250,.T.);
#3052=EDGE_CURVE('',#3714,#3267,#4251,.T.);
#3053=EDGE_CURVE('',#3714,#3713,#468,.T.);
#3054=EDGE_CURVE('',#3715,#3266,#4252,.T.);
#3055=EDGE_CURVE('',#3715,#3714,#469,.T.);
#3056=EDGE_CURVE('',#3716,#3265,#4253,.T.);
#3057=EDGE_CURVE('',#3716,#3715,#470,.T.);
#3058=EDGE_CURVE('',#3717,#3264,#4254,.T.);
#3059=EDGE_CURVE('',#3717,#3716,#4255,.T.);
#3060=EDGE_CURVE('',#3718,#3263,#4256,.T.);
#3061=EDGE_CURVE('',#3718,#3717,#471,.T.);
#3062=EDGE_CURVE('',#3719,#3262,#4257,.T.);
#3063=EDGE_CURVE('',#3719,#3718,#472,.T.);
#3064=EDGE_CURVE('',#3720,#3261,#4258,.T.);
#3065=EDGE_CURVE('',#3720,#3719,#473,.T.);
#3066=EDGE_CURVE('',#3721,#3260,#4259,.T.);
#3067=EDGE_CURVE('',#3721,#3720,#4260,.T.);
#3068=EDGE_CURVE('',#3722,#3259,#4261,.T.);
#3069=EDGE_CURVE('',#3722,#3721,#4262,.T.);
#3070=EDGE_CURVE('',#3723,#3258,#4263,.T.);
#3071=EDGE_CURVE('',#3723,#3722,#4264,.T.);
#3072=EDGE_CURVE('',#3724,#3725,#4265,.T.);
#3073=EDGE_CURVE('',#3726,#3724,#4266,.T.);
#3074=EDGE_CURVE('',#3726,#3727,#4267,.T.);
#3075=EDGE_CURVE('',#3727,#3725,#4268,.T.);
#3076=EDGE_CURVE('',#3728,#3724,#474,.F.);
#3077=EDGE_CURVE('',#3729,#3728,#4269,.T.);
#3078=EDGE_CURVE('',#3729,#3726,#475,.F.);
#3079=EDGE_CURVE('',#3730,#3728,#476,.F.);
#3080=EDGE_CURVE('',#3731,#3730,#4270,.T.);
#3081=EDGE_CURVE('',#3731,#3729,#477,.F.);
#3082=EDGE_CURVE('',#3732,#3730,#4271,.T.);
#3083=EDGE_CURVE('',#3733,#3732,#4272,.T.);
#3084=EDGE_CURVE('',#3733,#3731,#4273,.T.);
#3085=EDGE_CURVE('',#3734,#3732,#478,.F.);
#3086=EDGE_CURVE('',#3735,#3734,#4274,.T.);
#3087=EDGE_CURVE('',#3735,#3733,#479,.F.);
#3088=EDGE_CURVE('',#3736,#3734,#480,.F.);
#3089=EDGE_CURVE('',#3737,#3736,#4275,.T.);
#3090=EDGE_CURVE('',#3737,#3735,#481,.F.);
#3091=EDGE_CURVE('',#3738,#3736,#4276,.T.);
#3092=EDGE_CURVE('',#3739,#3738,#4277,.T.);
#3093=EDGE_CURVE('',#3739,#3737,#4278,.T.);
#3094=EDGE_CURVE('',#3740,#3738,#482,.F.);
#3095=EDGE_CURVE('',#3741,#3740,#4279,.T.);
#3096=EDGE_CURVE('',#3741,#3739,#483,.F.);
#3097=EDGE_CURVE('',#3742,#3740,#484,.F.);
#3098=EDGE_CURVE('',#3743,#3742,#4280,.T.);
#3099=EDGE_CURVE('',#3743,#3741,#485,.F.);
#3100=EDGE_CURVE('',#3744,#3742,#4281,.T.);
#3101=EDGE_CURVE('',#3745,#3744,#4282,.T.);
#3102=EDGE_CURVE('',#3745,#3743,#4283,.T.);
#3103=EDGE_CURVE('',#3746,#3744,#486,.F.);
#3104=EDGE_CURVE('',#3747,#3746,#4284,.T.);
#3105=EDGE_CURVE('',#3747,#3745,#487,.F.);
#3106=EDGE_CURVE('',#3725,#3746,#488,.F.);
#3107=EDGE_CURVE('',#3727,#3747,#489,.F.);
#3108=EDGE_CURVE('',#3708,#3723,#4285,.T.);
#3109=EDGE_CURVE('',#3748,#3749,#4286,.T.);
#3110=EDGE_CURVE('',#3750,#3748,#4287,.T.);
#3111=EDGE_CURVE('',#3750,#3751,#4288,.T.);
#3112=EDGE_CURVE('',#3751,#3749,#4289,.T.);
#3113=EDGE_CURVE('',#3752,#3748,#490,.F.);
#3114=EDGE_CURVE('',#3753,#3752,#4290,.T.);
#3115=EDGE_CURVE('',#3753,#3750,#491,.F.);
#3116=EDGE_CURVE('',#3754,#3752,#492,.F.);
#3117=EDGE_CURVE('',#3755,#3754,#4291,.T.);
#3118=EDGE_CURVE('',#3755,#3753,#493,.F.);
#3119=EDGE_CURVE('',#3756,#3754,#4292,.T.);
#3120=EDGE_CURVE('',#3757,#3756,#4293,.T.);
#3121=EDGE_CURVE('',#3757,#3755,#4294,.T.);
#3122=EDGE_CURVE('',#3758,#3756,#494,.F.);
#3123=EDGE_CURVE('',#3759,#3758,#4295,.T.);
#3124=EDGE_CURVE('',#3759,#3757,#495,.F.);
#3125=EDGE_CURVE('',#3760,#3758,#496,.F.);
#3126=EDGE_CURVE('',#3761,#3760,#4296,.T.);
#3127=EDGE_CURVE('',#3761,#3759,#497,.F.);
#3128=EDGE_CURVE('',#3762,#3760,#4297,.T.);
#3129=EDGE_CURVE('',#3763,#3762,#4298,.T.);
#3130=EDGE_CURVE('',#3763,#3761,#4299,.T.);
#3131=EDGE_CURVE('',#3764,#3762,#498,.F.);
#3132=EDGE_CURVE('',#3765,#3764,#4300,.T.);
#3133=EDGE_CURVE('',#3765,#3763,#499,.F.);
#3134=EDGE_CURVE('',#3766,#3764,#500,.F.);
#3135=EDGE_CURVE('',#3767,#3766,#4301,.T.);
#3136=EDGE_CURVE('',#3767,#3765,#501,.F.);
#3137=EDGE_CURVE('',#3768,#3766,#4302,.T.);
#3138=EDGE_CURVE('',#3769,#3768,#4303,.T.);
#3139=EDGE_CURVE('',#3769,#3767,#4304,.T.);
#3140=EDGE_CURVE('',#3770,#3768,#502,.F.);
#3141=EDGE_CURVE('',#3771,#3770,#4305,.T.);
#3142=EDGE_CURVE('',#3771,#3769,#503,.F.);
#3143=EDGE_CURVE('',#3772,#3773,#4306,.T.);
#3144=EDGE_CURVE('',#3774,#3772,#4307,.T.);
#3145=EDGE_CURVE('',#3774,#3775,#4308,.T.);
#3146=EDGE_CURVE('',#3775,#3773,#4309,.T.);
#3147=EDGE_CURVE('',#3776,#3772,#504,.F.);
#3148=EDGE_CURVE('',#3777,#3776,#4310,.T.);
#3149=EDGE_CURVE('',#3777,#3774,#505,.F.);
#3150=EDGE_CURVE('',#3778,#3776,#506,.F.);
#3151=EDGE_CURVE('',#3779,#3778,#4311,.T.);
#3152=EDGE_CURVE('',#3779,#3777,#507,.F.);
#3153=EDGE_CURVE('',#3780,#3778,#4312,.T.);
#3154=EDGE_CURVE('',#3781,#3780,#4313,.T.);
#3155=EDGE_CURVE('',#3781,#3779,#4314,.T.);
#3156=EDGE_CURVE('',#3782,#3780,#508,.F.);
#3157=EDGE_CURVE('',#3783,#3782,#4315,.T.);
#3158=EDGE_CURVE('',#3783,#3781,#509,.F.);
#3159=EDGE_CURVE('',#3784,#3782,#510,.F.);
#3160=EDGE_CURVE('',#3785,#3784,#4316,.T.);
#3161=EDGE_CURVE('',#3785,#3783,#511,.F.);
#3162=EDGE_CURVE('',#3786,#3784,#4317,.T.);
#3163=EDGE_CURVE('',#3787,#3786,#4318,.T.);
#3164=EDGE_CURVE('',#3787,#3785,#4319,.T.);
#3165=EDGE_CURVE('',#3788,#3786,#512,.F.);
#3166=EDGE_CURVE('',#3789,#3788,#4320,.T.);
#3167=EDGE_CURVE('',#3789,#3787,#513,.F.);
#3168=EDGE_CURVE('',#3790,#3788,#514,.F.);
#3169=EDGE_CURVE('',#3791,#3790,#4321,.T.);
#3170=EDGE_CURVE('',#3791,#3789,#515,.F.);
#3171=EDGE_CURVE('',#3792,#3790,#4322,.T.);
#3172=EDGE_CURVE('',#3793,#3792,#4323,.T.);
#3173=EDGE_CURVE('',#3793,#3791,#4324,.T.);
#3174=EDGE_CURVE('',#3794,#3792,#516,.F.);
#3175=EDGE_CURVE('',#3795,#3794,#4325,.T.);
#3176=EDGE_CURVE('',#3795,#3793,#517,.F.);
#3177=EDGE_CURVE('',#3796,#3241,#4326,.T.);
#3178=EDGE_CURVE('',#3796,#3797,#4327,.T.);
#3179=EDGE_CURVE('',#3797,#3242,#4328,.T.);
#3180=EDGE_CURVE('',#3798,#3255,#4329,.T.);
#3181=EDGE_CURVE('',#3798,#3796,#4330,.T.);
#3182=EDGE_CURVE('',#3799,#3254,#4331,.T.);
#3183=EDGE_CURVE('',#3799,#3798,#518,.T.);
#3184=EDGE_CURVE('',#3800,#3253,#4332,.T.);
#3185=EDGE_CURVE('',#3800,#3799,#519,.T.);
#3186=EDGE_CURVE('',#3801,#3252,#4333,.T.);
#3187=EDGE_CURVE('',#3801,#3800,#520,.T.);
#3188=EDGE_CURVE('',#3802,#3251,#4334,.T.);
#3189=EDGE_CURVE('',#3802,#3801,#4335,.T.);
#3190=EDGE_CURVE('',#3803,#3250,#4336,.T.);
#3191=EDGE_CURVE('',#3803,#3802,#521,.T.);
#3192=EDGE_CURVE('',#3804,#3249,#4337,.T.);
#3193=EDGE_CURVE('',#3804,#3803,#522,.T.);
#3194=EDGE_CURVE('',#3805,#3248,#4338,.T.);
#3195=EDGE_CURVE('',#3805,#3804,#523,.T.);
#3196=EDGE_CURVE('',#3806,#3247,#4339,.T.);
#3197=EDGE_CURVE('',#3806,#3805,#524,.T.);
#3198=EDGE_CURVE('',#3807,#3246,#4340,.T.);
#3199=EDGE_CURVE('',#3807,#3806,#4341,.T.);
#3200=EDGE_CURVE('',#3808,#3245,#4342,.T.);
#3201=EDGE_CURVE('',#3808,#3807,#525,.T.);
#3202=EDGE_CURVE('',#3809,#3244,#4343,.T.);
#3203=EDGE_CURVE('',#3809,#3808,#526,.T.);
#3204=EDGE_CURVE('',#3810,#3243,#4344,.T.);
#3205=EDGE_CURVE('',#3810,#3809,#527,.T.);
#3206=EDGE_CURVE('',#3773,#3794,#528,.F.);
#3207=EDGE_CURVE('',#3775,#3795,#529,.F.);
#3208=EDGE_CURVE('',#3797,#3810,#4345,.T.);
#3209=EDGE_CURVE('',#3749,#3770,#530,.F.);
#3210=EDGE_CURVE('',#3751,#3771,#531,.F.);
#3211=VERTEX_POINT('',#8536);
#3212=VERTEX_POINT('',#8537);
#3213=VERTEX_POINT('',#8539);
#3214=VERTEX_POINT('',#8541);
#3215=VERTEX_POINT('',#8545);
#3216=VERTEX_POINT('',#8546);
#3217=VERTEX_POINT('',#8548);
#3218=VERTEX_POINT('',#8550);
#3219=VERTEX_POINT('',#8554);
#3220=VERTEX_POINT('',#8556);
#3221=VERTEX_POINT('',#8558);
#3222=VERTEX_POINT('',#8559);
#3223=VERTEX_POINT('',#8561);
#3224=VERTEX_POINT('',#8563);
#3225=VERTEX_POINT('',#8565);
#3226=VERTEX_POINT('',#8567);
#3227=VERTEX_POINT('',#8569);
#3228=VERTEX_POINT('',#8571);
#3229=VERTEX_POINT('',#8575);
#3230=VERTEX_POINT('',#8577);
#3231=VERTEX_POINT('',#8579);
#3232=VERTEX_POINT('',#8581);
#3233=VERTEX_POINT('',#8583);
#3234=VERTEX_POINT('',#8584);
#3235=VERTEX_POINT('',#8586);
#3236=VERTEX_POINT('',#8588);
#3237=VERTEX_POINT('',#8590);
#3238=VERTEX_POINT('',#8592);
#3239=VERTEX_POINT('',#8600);
#3240=VERTEX_POINT('',#8608);
#3241=VERTEX_POINT('',#8612);
#3242=VERTEX_POINT('',#8613);
#3243=VERTEX_POINT('',#8615);
#3244=VERTEX_POINT('',#8617);
#3245=VERTEX_POINT('',#8619);
#3246=VERTEX_POINT('',#8621);
#3247=VERTEX_POINT('',#8623);
#3248=VERTEX_POINT('',#8625);
#3249=VERTEX_POINT('',#8627);
#3250=VERTEX_POINT('',#8629);
#3251=VERTEX_POINT('',#8631);
#3252=VERTEX_POINT('',#8633);
#3253=VERTEX_POINT('',#8635);
#3254=VERTEX_POINT('',#8637);
#3255=VERTEX_POINT('',#8639);
#3256=VERTEX_POINT('',#8642);
#3257=VERTEX_POINT('',#8643);
#3258=VERTEX_POINT('',#8645);
#3259=VERTEX_POINT('',#8647);
#3260=VERTEX_POINT('',#8649);
#3261=VERTEX_POINT('',#8651);
#3262=VERTEX_POINT('',#8653);
#3263=VERTEX_POINT('',#8655);
#3264=VERTEX_POINT('',#8657);
#3265=VERTEX_POINT('',#8659);
#3266=VERTEX_POINT('',#8661);
#3267=VERTEX_POINT('',#8663);
#3268=VERTEX_POINT('',#8665);
#3269=VERTEX_POINT('',#8667);
#3270=VERTEX_POINT('',#8669);
#3271=VERTEX_POINT('',#8671);
#3272=VERTEX_POINT('',#8673);
#3273=VERTEX_POINT('',#8676);
#3274=VERTEX_POINT('',#8677);
#3275=VERTEX_POINT('',#8679);
#3276=VERTEX_POINT('',#8681);
#3277=VERTEX_POINT('',#8683);
#3278=VERTEX_POINT('',#8685);
#3279=VERTEX_POINT('',#8687);
#3280=VERTEX_POINT('',#8689);
#3281=VERTEX_POINT('',#8691);
#3282=VERTEX_POINT('',#8693);
#3283=VERTEX_POINT('',#8695);
#3284=VERTEX_POINT('',#8697);
#3285=VERTEX_POINT('',#8699);
#3286=VERTEX_POINT('',#8701);
#3287=VERTEX_POINT('',#8704);
#3288=VERTEX_POINT('',#8705);
#3289=VERTEX_POINT('',#8707);
#3290=VERTEX_POINT('',#8709);
#3291=VERTEX_POINT('',#8712);
#3292=VERTEX_POINT('',#8713);
#3293=VERTEX_POINT('',#8715);
#3294=VERTEX_POINT('',#8717);
#3295=VERTEX_POINT('',#8719);
#3296=VERTEX_POINT('',#8721);
#3297=VERTEX_POINT('',#8723);
#3298=VERTEX_POINT('',#8725);
#3299=VERTEX_POINT('',#8727);
#3300=VERTEX_POINT('',#8729);
#3301=VERTEX_POINT('',#8732);
#3302=VERTEX_POINT('',#8733);
#3303=VERTEX_POINT('',#8735);
#3304=VERTEX_POINT('',#8737);
#3305=VERTEX_POINT('',#8739);
#3306=VERTEX_POINT('',#8741);
#3307=VERTEX_POINT('',#8743);
#3308=VERTEX_POINT('',#8745);
#3309=VERTEX_POINT('',#8747);
#3310=VERTEX_POINT('',#8749);
#3311=VERTEX_POINT('',#8751);
#3312=VERTEX_POINT('',#8753);
#3313=VERTEX_POINT('',#8755);
#3314=VERTEX_POINT('',#8757);
#3315=VERTEX_POINT('',#8759);
#3316=VERTEX_POINT('',#8762);
#3317=VERTEX_POINT('',#8763);
#3318=VERTEX_POINT('',#8765);
#3319=VERTEX_POINT('',#8767);
#3320=VERTEX_POINT('',#8769);
#3321=VERTEX_POINT('',#8771);
#3322=VERTEX_POINT('',#8773);
#3323=VERTEX_POINT('',#8775);
#3324=VERTEX_POINT('',#8777);
#3325=VERTEX_POINT('',#8779);
#3326=VERTEX_POINT('',#8781);
#3327=VERTEX_POINT('',#8783);
#3328=VERTEX_POINT('',#8785);
#3329=VERTEX_POINT('',#8787);
#3330=VERTEX_POINT('',#8789);
#3331=VERTEX_POINT('',#8791);
#3332=VERTEX_POINT('',#8794);
#3333=VERTEX_POINT('',#8795);
#3334=VERTEX_POINT('',#8797);
#3335=VERTEX_POINT('',#8799);
#3336=VERTEX_POINT('',#8801);
#3337=VERTEX_POINT('',#8803);
#3338=VERTEX_POINT('',#8805);
#3339=VERTEX_POINT('',#8807);
#3340=VERTEX_POINT('',#8809);
#3341=VERTEX_POINT('',#8811);
#3342=VERTEX_POINT('',#8813);
#3343=VERTEX_POINT('',#8815);
#3344=VERTEX_POINT('',#8817);
#3345=VERTEX_POINT('',#8819);
#3346=VERTEX_POINT('',#8822);
#3347=VERTEX_POINT('',#8823);
#3348=VERTEX_POINT('',#8825);
#3349=VERTEX_POINT('',#8827);
#3350=VERTEX_POINT('',#8829);
#3351=VERTEX_POINT('',#8831);
#3352=VERTEX_POINT('',#8833);
#3353=VERTEX_POINT('',#8835);
#3354=VERTEX_POINT('',#8837);
#3355=VERTEX_POINT('',#8839);
#3356=VERTEX_POINT('',#8841);
#3357=VERTEX_POINT('',#8843);
#3358=VERTEX_POINT('',#8845);
#3359=VERTEX_POINT('',#8847);
#3360=VERTEX_POINT('',#8849);
#3361=VERTEX_POINT('',#8851);
#3362=VERTEX_POINT('',#8853);
#3363=VERTEX_POINT('',#8856);
#3364=VERTEX_POINT('',#8857);
#3365=VERTEX_POINT('',#8859);
#3366=VERTEX_POINT('',#8861);
#3367=VERTEX_POINT('',#8863);
#3368=VERTEX_POINT('',#8865);
#3369=VERTEX_POINT('',#8867);
#3370=VERTEX_POINT('',#8869);
#3371=VERTEX_POINT('',#8871);
#3372=VERTEX_POINT('',#8873);
#3373=VERTEX_POINT('',#8876);
#3374=VERTEX_POINT('',#8878);
#3375=VERTEX_POINT('',#8880);
#3376=VERTEX_POINT('',#8881);
#3377=VERTEX_POINT('',#8883);
#3378=VERTEX_POINT('',#8885);
#3379=VERTEX_POINT('',#8888);
#3380=VERTEX_POINT('',#8890);
#3381=VERTEX_POINT('',#8892);
#3382=VERTEX_POINT('',#8893);
#3383=VERTEX_POINT('',#8898);
#3384=VERTEX_POINT('',#8900);
#3385=VERTEX_POINT('',#8909);
#3386=VERTEX_POINT('',#8910);
#3387=VERTEX_POINT('',#8912);
#3388=VERTEX_POINT('',#8917);
#3389=VERTEX_POINT('',#8921);
#3390=VERTEX_POINT('',#8922);
#3391=VERTEX_POINT('',#8927);
#3392=VERTEX_POINT('',#8929);
#3393=VERTEX_POINT('',#8936);
#3394=VERTEX_POINT('',#8937);
#3395=VERTEX_POINT('',#8942);
#3396=VERTEX_POINT('',#8944);
#3397=VERTEX_POINT('',#8951);
#3398=VERTEX_POINT('',#8952);
#3399=VERTEX_POINT('',#8957);
#3400=VERTEX_POINT('',#8959);
#3401=VERTEX_POINT('',#8966);
#3402=VERTEX_POINT('',#8967);
#3403=VERTEX_POINT('',#8972);
#3404=VERTEX_POINT('',#8974);
#3405=VERTEX_POINT('',#8979);
#3406=VERTEX_POINT('',#8981);
#3407=VERTEX_POINT('',#8983);
#3408=VERTEX_POINT('',#8985);
#3409=VERTEX_POINT('',#8991);
#3410=VERTEX_POINT('',#8993);
#3411=VERTEX_POINT('',#8998);
#3412=VERTEX_POINT('',#9000);
#3413=VERTEX_POINT('',#9008);
#3414=VERTEX_POINT('',#9010);
#3415=VERTEX_POINT('',#9017);
#3416=VERTEX_POINT('',#9019);
#3417=VERTEX_POINT('',#9021);
#3418=VERTEX_POINT('',#9023);
#3419=VERTEX_POINT('',#9026);
#3420=VERTEX_POINT('',#9027);
#3421=VERTEX_POINT('',#9029);
#3422=VERTEX_POINT('',#9031);
#3423=VERTEX_POINT('',#9034);
#3424=VERTEX_POINT('',#9036);
#3425=VERTEX_POINT('',#9062);
#3426=VERTEX_POINT('',#9063);
#3427=VERTEX_POINT('',#9068);
#3428=VERTEX_POINT('',#9070);
#3429=VERTEX_POINT('',#9080);
#3430=VERTEX_POINT('',#9082);
#3431=VERTEX_POINT('',#9087);
#3432=VERTEX_POINT('',#9089);
#3433=VERTEX_POINT('',#9091);
#3434=VERTEX_POINT('',#9093);
#3435=VERTEX_POINT('',#9099);
#3436=VERTEX_POINT('',#9101);
#3437=VERTEX_POINT('',#9113);
#3438=VERTEX_POINT('',#9115);
#3439=VERTEX_POINT('',#9122);
#3440=VERTEX_POINT('',#9123);
#3441=VERTEX_POINT('',#9134);
#3442=VERTEX_POINT('',#9136);
#3443=VERTEX_POINT('',#9142);
#3444=VERTEX_POINT('',#9144);
#3445=VERTEX_POINT('',#9161);
#3446=VERTEX_POINT('',#9162);
#3447=VERTEX_POINT('',#9167);
#3448=VERTEX_POINT('',#9169);
#3449=VERTEX_POINT('',#9172);
#3450=VERTEX_POINT('',#9174);
#3451=VERTEX_POINT('',#9179);
#3452=VERTEX_POINT('',#9181);
#3453=VERTEX_POINT('',#9187);
#3454=VERTEX_POINT('',#9189);
#3455=VERTEX_POINT('',#9348);
#3456=VERTEX_POINT('',#9349);
#3457=VERTEX_POINT('',#9351);
#3458=VERTEX_POINT('',#9353);
#3459=VERTEX_POINT('',#9357);
#3460=VERTEX_POINT('',#9359);
#3461=VERTEX_POINT('',#9363);
#3462=VERTEX_POINT('',#9365);
#3463=VERTEX_POINT('',#9369);
#3464=VERTEX_POINT('',#9371);
#3465=VERTEX_POINT('',#9375);
#3466=VERTEX_POINT('',#9377);
#3467=VERTEX_POINT('',#9381);
#3468=VERTEX_POINT('',#9383);
#3469=VERTEX_POINT('',#9387);
#3470=VERTEX_POINT('',#9389);
#3471=VERTEX_POINT('',#9393);
#3472=VERTEX_POINT('',#9395);
#3473=VERTEX_POINT('',#9399);
#3474=VERTEX_POINT('',#9401);
#3475=VERTEX_POINT('',#9405);
#3476=VERTEX_POINT('',#9407);
#3477=VERTEX_POINT('',#9411);
#3478=VERTEX_POINT('',#9413);
#3479=VERTEX_POINT('',#9417);
#3480=VERTEX_POINT('',#9419);
#3481=VERTEX_POINT('',#9423);
#3482=VERTEX_POINT('',#9427);
#3483=VERTEX_POINT('',#9431);
#3484=VERTEX_POINT('',#9435);
#3485=VERTEX_POINT('',#9439);
#3486=VERTEX_POINT('',#9443);
#3487=VERTEX_POINT('',#9447);
#3488=VERTEX_POINT('',#9451);
#3489=VERTEX_POINT('',#9462);
#3490=VERTEX_POINT('',#9463);
#3491=VERTEX_POINT('',#9465);
#3492=VERTEX_POINT('',#9467);
#3493=VERTEX_POINT('',#9471);
#3494=VERTEX_POINT('',#9473);
#3495=VERTEX_POINT('',#9477);
#3496=VERTEX_POINT('',#9479);
#3497=VERTEX_POINT('',#9483);
#3498=VERTEX_POINT('',#9485);
#3499=VERTEX_POINT('',#9489);
#3500=VERTEX_POINT('',#9491);
#3501=VERTEX_POINT('',#9495);
#3502=VERTEX_POINT('',#9497);
#3503=VERTEX_POINT('',#9501);
#3504=VERTEX_POINT('',#9503);
#3505=VERTEX_POINT('',#9507);
#3506=VERTEX_POINT('',#9509);
#3507=VERTEX_POINT('',#9513);
#3508=VERTEX_POINT('',#9515);
#3509=VERTEX_POINT('',#9519);
#3510=VERTEX_POINT('',#9521);
#3511=VERTEX_POINT('',#9525);
#3512=VERTEX_POINT('',#9527);
#3513=VERTEX_POINT('',#9531);
#3514=VERTEX_POINT('',#9533);
#3515=VERTEX_POINT('',#9537);
#3516=VERTEX_POINT('',#9541);
#3517=VERTEX_POINT('',#9545);
#3518=VERTEX_POINT('',#9549);
#3519=VERTEX_POINT('',#9553);
#3520=VERTEX_POINT('',#9557);
#3521=VERTEX_POINT('',#9561);
#3522=VERTEX_POINT('',#9565);
#3523=VERTEX_POINT('',#9569);
#3524=VERTEX_POINT('',#9573);
#3525=VERTEX_POINT('',#9577);
#3526=VERTEX_POINT('',#9581);
#3527=VERTEX_POINT('',#9585);
#3528=VERTEX_POINT('',#9589);
#3529=VERTEX_POINT('',#9593);
#3530=VERTEX_POINT('',#9604);
#3531=VERTEX_POINT('',#9605);
#3532=VERTEX_POINT('',#9607);
#3533=VERTEX_POINT('',#9609);
#3534=VERTEX_POINT('',#9613);
#3535=VERTEX_POINT('',#9615);
#3536=VERTEX_POINT('',#9619);
#3537=VERTEX_POINT('',#9621);
#3538=VERTEX_POINT('',#9625);
#3539=VERTEX_POINT('',#9627);
#3540=VERTEX_POINT('',#9631);
#3541=VERTEX_POINT('',#9633);
#3542=VERTEX_POINT('',#9637);
#3543=VERTEX_POINT('',#9639);
#3544=VERTEX_POINT('',#9643);
#3545=VERTEX_POINT('',#9645);
#3546=VERTEX_POINT('',#9649);
#3547=VERTEX_POINT('',#9651);
#3548=VERTEX_POINT('',#9655);
#3549=VERTEX_POINT('',#9659);
#3550=VERTEX_POINT('',#9663);
#3551=VERTEX_POINT('',#9667);
#3552=VERTEX_POINT('',#9671);
#3553=VERTEX_POINT('',#9675);
#3554=VERTEX_POINT('',#9679);
#3555=VERTEX_POINT('',#9683);
#3556=VERTEX_POINT('',#9687);
#3557=VERTEX_POINT('',#9691);
#3558=VERTEX_POINT('',#9695);
#3559=VERTEX_POINT('',#9699);
#3560=VERTEX_POINT('',#9710);
#3561=VERTEX_POINT('',#9711);
#3562=VERTEX_POINT('',#9713);
#3563=VERTEX_POINT('',#9715);
#3564=VERTEX_POINT('',#9719);
#3565=VERTEX_POINT('',#9721);
#3566=VERTEX_POINT('',#9725);
#3567=VERTEX_POINT('',#9727);
#3568=VERTEX_POINT('',#9731);
#3569=VERTEX_POINT('',#9733);
#3570=VERTEX_POINT('',#9737);
#3571=VERTEX_POINT('',#9739);
#3572=VERTEX_POINT('',#9743);
#3573=VERTEX_POINT('',#9745);
#3574=VERTEX_POINT('',#9749);
#3575=VERTEX_POINT('',#9751);
#3576=VERTEX_POINT('',#9755);
#3577=VERTEX_POINT('',#9757);
#3578=VERTEX_POINT('',#9761);
#3579=VERTEX_POINT('',#9763);
#3580=VERTEX_POINT('',#9767);
#3581=VERTEX_POINT('',#9769);
#3582=VERTEX_POINT('',#9773);
#3583=VERTEX_POINT('',#9775);
#3584=VERTEX_POINT('',#9779);
#3585=VERTEX_POINT('',#9781);
#3586=VERTEX_POINT('',#9785);
#3587=VERTEX_POINT('',#9789);
#3588=VERTEX_POINT('',#9793);
#3589=VERTEX_POINT('',#9797);
#3590=VERTEX_POINT('',#9801);
#3591=VERTEX_POINT('',#9805);
#3592=VERTEX_POINT('',#9809);
#3593=VERTEX_POINT('',#9813);
#3594=VERTEX_POINT('',#9817);
#3595=VERTEX_POINT('',#9821);
#3596=VERTEX_POINT('',#9825);
#3597=VERTEX_POINT('',#9829);
#3598=VERTEX_POINT('',#9833);
#3599=VERTEX_POINT('',#9837);
#3600=VERTEX_POINT('',#9848);
#3601=VERTEX_POINT('',#9849);
#3602=VERTEX_POINT('',#9851);
#3603=VERTEX_POINT('',#9853);
#3604=VERTEX_POINT('',#9857);
#3605=VERTEX_POINT('',#9859);
#3606=VERTEX_POINT('',#9863);
#3607=VERTEX_POINT('',#9865);
#3608=VERTEX_POINT('',#9869);
#3609=VERTEX_POINT('',#9871);
#3610=VERTEX_POINT('',#9875);
#3611=VERTEX_POINT('',#9877);
#3612=VERTEX_POINT('',#9881);
#3613=VERTEX_POINT('',#9883);
#3614=VERTEX_POINT('',#9887);
#3615=VERTEX_POINT('',#9889);
#3616=VERTEX_POINT('',#9893);
#3617=VERTEX_POINT('',#9895);
#3618=VERTEX_POINT('',#9899);
#3619=VERTEX_POINT('',#9901);
#3620=VERTEX_POINT('',#9905);
#3621=VERTEX_POINT('',#9907);
#3622=VERTEX_POINT('',#9911);
#3623=VERTEX_POINT('',#9913);
#3624=VERTEX_POINT('',#9917);
#3625=VERTEX_POINT('',#9918);
#3626=VERTEX_POINT('',#9920);
#3627=VERTEX_POINT('',#9922);
#3628=VERTEX_POINT('',#9926);
#3629=VERTEX_POINT('',#9928);
#3630=VERTEX_POINT('',#9932);
#3631=VERTEX_POINT('',#9934);
#3632=VERTEX_POINT('',#9938);
#3633=VERTEX_POINT('',#9940);
#3634=VERTEX_POINT('',#9944);
#3635=VERTEX_POINT('',#9946);
#3636=VERTEX_POINT('',#9950);
#3637=VERTEX_POINT('',#9952);
#3638=VERTEX_POINT('',#9956);
#3639=VERTEX_POINT('',#9958);
#3640=VERTEX_POINT('',#9962);
#3641=VERTEX_POINT('',#9964);
#3642=VERTEX_POINT('',#9968);
#3643=VERTEX_POINT('',#9970);
#3644=VERTEX_POINT('',#9974);
#3645=VERTEX_POINT('',#9976);
#3646=VERTEX_POINT('',#9980);
#3647=VERTEX_POINT('',#9982);
#3648=VERTEX_POINT('',#9986);
#3649=VERTEX_POINT('',#9988);
#3650=VERTEX_POINT('',#9992);
#3651=VERTEX_POINT('',#9996);
#3652=VERTEX_POINT('',#10000);
#3653=VERTEX_POINT('',#10004);
#3654=VERTEX_POINT('',#10008);
#3655=VERTEX_POINT('',#10012);
#3656=VERTEX_POINT('',#10016);
#3657=VERTEX_POINT('',#10020);
#3658=VERTEX_POINT('',#10024);
#3659=VERTEX_POINT('',#10028);
#3660=VERTEX_POINT('',#10032);
#3661=VERTEX_POINT('',#10036);
#3662=VERTEX_POINT('',#10040);
#3663=VERTEX_POINT('',#10055);
#3664=VERTEX_POINT('',#10057);
#3665=VERTEX_POINT('',#10061);
#3666=VERTEX_POINT('',#10065);
#3667=VERTEX_POINT('',#10069);
#3668=VERTEX_POINT('',#10073);
#3669=VERTEX_POINT('',#10077);
#3670=VERTEX_POINT('',#10081);
#3671=VERTEX_POINT('',#10085);
#3672=VERTEX_POINT('',#10089);
#3673=VERTEX_POINT('',#10096);
#3674=VERTEX_POINT('',#10098);
#3675=VERTEX_POINT('',#10102);
#3676=VERTEX_POINT('',#10106);
#3677=VERTEX_POINT('',#10113);
#3678=VERTEX_POINT('',#10114);
#3679=VERTEX_POINT('',#10116);
#3680=VERTEX_POINT('',#10118);
#3681=VERTEX_POINT('',#10122);
#3682=VERTEX_POINT('',#10124);
#3683=VERTEX_POINT('',#10128);
#3684=VERTEX_POINT('',#10130);
#3685=VERTEX_POINT('',#10134);
#3686=VERTEX_POINT('',#10136);
#3687=VERTEX_POINT('',#10140);
#3688=VERTEX_POINT('',#10142);
#3689=VERTEX_POINT('',#10146);
#3690=VERTEX_POINT('',#10148);
#3691=VERTEX_POINT('',#10152);
#3692=VERTEX_POINT('',#10154);
#3693=VERTEX_POINT('',#10158);
#3694=VERTEX_POINT('',#10160);
#3695=VERTEX_POINT('',#10164);
#3696=VERTEX_POINT('',#10168);
#3697=VERTEX_POINT('',#10172);
#3698=VERTEX_POINT('',#10176);
#3699=VERTEX_POINT('',#10180);
#3700=VERTEX_POINT('',#10184);
#3701=VERTEX_POINT('',#10188);
#3702=VERTEX_POINT('',#10192);
#3703=VERTEX_POINT('',#10196);
#3704=VERTEX_POINT('',#10200);
#3705=VERTEX_POINT('',#10204);
#3706=VERTEX_POINT('',#10208);
#3707=VERTEX_POINT('',#10219);
#3708=VERTEX_POINT('',#10221);
#3709=VERTEX_POINT('',#10225);
#3710=VERTEX_POINT('',#10229);
#3711=VERTEX_POINT('',#10233);
#3712=VERTEX_POINT('',#10237);
#3713=VERTEX_POINT('',#10241);
#3714=VERTEX_POINT('',#10245);
#3715=VERTEX_POINT('',#10249);
#3716=VERTEX_POINT('',#10253);
#3717=VERTEX_POINT('',#10257);
#3718=VERTEX_POINT('',#10261);
#3719=VERTEX_POINT('',#10265);
#3720=VERTEX_POINT('',#10269);
#3721=VERTEX_POINT('',#10273);
#3722=VERTEX_POINT('',#10277);
#3723=VERTEX_POINT('',#10281);
#3724=VERTEX_POINT('',#10285);
#3725=VERTEX_POINT('',#10286);
#3726=VERTEX_POINT('',#10288);
#3727=VERTEX_POINT('',#10290);
#3728=VERTEX_POINT('',#10294);
#3729=VERTEX_POINT('',#10296);
#3730=VERTEX_POINT('',#10300);
#3731=VERTEX_POINT('',#10302);
#3732=VERTEX_POINT('',#10306);
#3733=VERTEX_POINT('',#10308);
#3734=VERTEX_POINT('',#10312);
#3735=VERTEX_POINT('',#10314);
#3736=VERTEX_POINT('',#10318);
#3737=VERTEX_POINT('',#10320);
#3738=VERTEX_POINT('',#10324);
#3739=VERTEX_POINT('',#10326);
#3740=VERTEX_POINT('',#10330);
#3741=VERTEX_POINT('',#10332);
#3742=VERTEX_POINT('',#10336);
#3743=VERTEX_POINT('',#10338);
#3744=VERTEX_POINT('',#10342);
#3745=VERTEX_POINT('',#10344);
#3746=VERTEX_POINT('',#10348);
#3747=VERTEX_POINT('',#10350);
#3748=VERTEX_POINT('',#10361);
#3749=VERTEX_POINT('',#10362);
#3750=VERTEX_POINT('',#10364);
#3751=VERTEX_POINT('',#10366);
#3752=VERTEX_POINT('',#10370);
#3753=VERTEX_POINT('',#10372);
#3754=VERTEX_POINT('',#10376);
#3755=VERTEX_POINT('',#10378);
#3756=VERTEX_POINT('',#10382);
#3757=VERTEX_POINT('',#10384);
#3758=VERTEX_POINT('',#10388);
#3759=VERTEX_POINT('',#10390);
#3760=VERTEX_POINT('',#10394);
#3761=VERTEX_POINT('',#10396);
#3762=VERTEX_POINT('',#10400);
#3763=VERTEX_POINT('',#10402);
#3764=VERTEX_POINT('',#10406);
#3765=VERTEX_POINT('',#10408);
#3766=VERTEX_POINT('',#10412);
#3767=VERTEX_POINT('',#10414);
#3768=VERTEX_POINT('',#10418);
#3769=VERTEX_POINT('',#10420);
#3770=VERTEX_POINT('',#10424);
#3771=VERTEX_POINT('',#10426);
#3772=VERTEX_POINT('',#10430);
#3773=VERTEX_POINT('',#10431);
#3774=VERTEX_POINT('',#10433);
#3775=VERTEX_POINT('',#10435);
#3776=VERTEX_POINT('',#10439);
#3777=VERTEX_POINT('',#10441);
#3778=VERTEX_POINT('',#10445);
#3779=VERTEX_POINT('',#10447);
#3780=VERTEX_POINT('',#10451);
#3781=VERTEX_POINT('',#10453);
#3782=VERTEX_POINT('',#10457);
#3783=VERTEX_POINT('',#10459);
#3784=VERTEX_POINT('',#10463);
#3785=VERTEX_POINT('',#10465);
#3786=VERTEX_POINT('',#10469);
#3787=VERTEX_POINT('',#10471);
#3788=VERTEX_POINT('',#10475);
#3789=VERTEX_POINT('',#10477);
#3790=VERTEX_POINT('',#10481);
#3791=VERTEX_POINT('',#10483);
#3792=VERTEX_POINT('',#10487);
#3793=VERTEX_POINT('',#10489);
#3794=VERTEX_POINT('',#10493);
#3795=VERTEX_POINT('',#10495);
#3796=VERTEX_POINT('',#10499);
#3797=VERTEX_POINT('',#10501);
#3798=VERTEX_POINT('',#10505);
#3799=VERTEX_POINT('',#10509);
#3800=VERTEX_POINT('',#10513);
#3801=VERTEX_POINT('',#10517);
#3802=VERTEX_POINT('',#10521);
#3803=VERTEX_POINT('',#10525);
#3804=VERTEX_POINT('',#10529);
#3805=VERTEX_POINT('',#10533);
#3806=VERTEX_POINT('',#10537);
#3807=VERTEX_POINT('',#10541);
#3808=VERTEX_POINT('',#10545);
#3809=VERTEX_POINT('',#10549);
#3810=VERTEX_POINT('',#10553);
#3811=LINE('',#8535,#4346);
#3812=LINE('',#8538,#4347);
#3813=LINE('',#8540,#4348);
#3814=LINE('',#8542,#4349);
#3815=LINE('',#8544,#4350);
#3816=LINE('',#8547,#4351);
#3817=LINE('',#8549,#4352);
#3818=LINE('',#8551,#4353);
#3819=LINE('',#8557,#4354);
#3820=LINE('',#8560,#4355);
#3821=LINE('',#8562,#4356);
#3822=LINE('',#8566,#4357);
#3823=LINE('',#8570,#4358);
#3824=LINE('',#8572,#4359);
#3825=LINE('',#8582,#4360);
#3826=LINE('',#8585,#4361);
#3827=LINE('',#8587,#4362);
#3828=LINE('',#8589,#4363);
#3829=LINE('',#8591,#4364);
#3830=LINE('',#8593,#4365);
#3831=LINE('',#8595,#4366);
#3832=LINE('',#8596,#4367);
#3833=LINE('',#8598,#4368);
#3834=LINE('',#8599,#4369);
#3835=LINE('',#8601,#4370);
#3836=LINE('',#8603,#4371);
#3837=LINE('',#8604,#4372);
#3838=LINE('',#8606,#4373);
#3839=LINE('',#8607,#4374);
#3840=LINE('',#8609,#4375);
#3841=LINE('',#8611,#4376);
#3842=LINE('',#8614,#4377);
#3843=LINE('',#8622,#4378);
#3844=LINE('',#8632,#4379);
#3845=LINE('',#8640,#4380);
#3846=LINE('',#8641,#4381);
#3847=LINE('',#8644,#4382);
#3848=LINE('',#8646,#4383);
#3849=LINE('',#8648,#4384);
#3850=LINE('',#8650,#4385);
#3851=LINE('',#8658,#4386);
#3852=LINE('',#8666,#4387);
#3853=LINE('',#8668,#4388);
#3854=LINE('',#8670,#4389);
#3855=LINE('',#8672,#4390);
#3856=LINE('',#8674,#4391);
#3857=LINE('',#8675,#4392);
#3858=LINE('',#8684,#4393);
#3859=LINE('',#8692,#4394);
#3860=LINE('',#8694,#4395);
#3861=LINE('',#8696,#4396);
#3862=LINE('',#8698,#4397);
#3863=LINE('',#8700,#4398);
#3864=LINE('',#8702,#4399);
#3865=LINE('',#8703,#4400);
#3866=LINE('',#8706,#4401);
#3867=LINE('',#8708,#4402);
#3868=LINE('',#8710,#4403);
#3869=LINE('',#8711,#4404);
#3870=LINE('',#8714,#4405);
#3871=LINE('',#8716,#4406);
#3872=LINE('',#8718,#4407);
#3873=LINE('',#8720,#4408);
#3874=LINE('',#8722,#4409);
#3875=LINE('',#8724,#4410);
#3876=LINE('',#8726,#4411);
#3877=LINE('',#8728,#4412);
#3878=LINE('',#8730,#4413);
#3879=LINE('',#8731,#4414);
#3880=LINE('',#8734,#4415);
#3881=LINE('',#8742,#4416);
#3882=LINE('',#8752,#4417);
#3883=LINE('',#8760,#4418);
#3884=LINE('',#8768,#4419);
#3885=LINE('',#8776,#4420);
#3886=LINE('',#8784,#4421);
#3887=LINE('',#8792,#4422);
#3888=LINE('',#8793,#4423);
#3889=LINE('',#8802,#4424);
#3890=LINE('',#8810,#4425);
#3891=LINE('',#8812,#4426);
#3892=LINE('',#8814,#4427);
#3893=LINE('',#8816,#4428);
#3894=LINE('',#8818,#4429);
#3895=LINE('',#8820,#4430);
#3896=LINE('',#8821,#4431);
#3897=LINE('',#8824,#4432);
#3898=LINE('',#8826,#4433);
#3899=LINE('',#8828,#4434);
#3900=LINE('',#8830,#4435);
#3901=LINE('',#8838,#4436);
#3902=LINE('',#8846,#4437);
#3903=LINE('',#8848,#4438);
#3904=LINE('',#8850,#4439);
#3905=LINE('',#8852,#4440);
#3906=LINE('',#8854,#4441);
#3907=LINE('',#8855,#4442);
#3908=LINE('',#8858,#4443);
#3909=LINE('',#8866,#4444);
#3910=LINE('',#8874,#4445);
#3911=LINE('',#8879,#4446);
#3912=LINE('',#8882,#4447);
#3913=LINE('',#8884,#4448);
#3914=LINE('',#8886,#4449);
#3915=LINE('',#8891,#4450);
#3916=LINE('',#8899,#4451);
#3917=LINE('',#8911,#4452);
#3918=LINE('',#8918,#4453);
#3919=LINE('',#8920,#4454);
#3920=LINE('',#8928,#4455);
#3921=LINE('',#8935,#4456);
#3922=LINE('',#8943,#4457);
#3923=LINE('',#8950,#4458);
#3924=LINE('',#8958,#4459);
#3925=LINE('',#8965,#4460);
#3926=LINE('',#8980,#4461);
#3927=LINE('',#8984,#4462);
#3928=LINE('',#8999,#4463);
#3929=LINE('',#9009,#4464);
#3930=LINE('',#9020,#4465);
#3931=LINE('',#9022,#4466);
#3932=LINE('',#9024,#4467);
#3933=LINE('',#9025,#4468);
#3934=LINE('',#9028,#4469);
#3935=LINE('',#9030,#4470);
#3936=LINE('',#9032,#4471);
#3937=LINE('',#9038,#4472);
#3938=LINE('',#9039,#4473);
#3939=LINE('',#9041,#4474);
#3940=LINE('',#9042,#4475);
#3941=LINE('',#9056,#4476);
#3942=LINE('',#9058,#4477);
#3943=LINE('',#9061,#4478);
#3944=LINE('',#9069,#4479);
#3945=LINE('',#9088,#4480);
#3946=LINE('',#9092,#4481);
#3947=LINE('',#9114,#4482);
#3948=LINE('',#9143,#4483);
#3949=LINE('',#9168,#4484);
#3950=LINE('',#9173,#4485);
#3951=LINE('',#9188,#4486);
#3952=LINE('',#9347,#4487);
#3953=LINE('',#9350,#4488);
#3954=LINE('',#9352,#4489);
#3955=LINE('',#9354,#4490);
#3956=LINE('',#9358,#4491);
#3957=LINE('',#9364,#4492);
#3958=LINE('',#9368,#4493);
#3959=LINE('',#9370,#4494);
#3960=LINE('',#9372,#4495);
#3961=LINE('',#9376,#4496);
#3962=LINE('',#9382,#4497);
#3963=LINE('',#9386,#4498);
#3964=LINE('',#9388,#4499);
#3965=LINE('',#9390,#4500);
#3966=LINE('',#9394,#4501);
#3967=LINE('',#9400,#4502);
#3968=LINE('',#9404,#4503);
#3969=LINE('',#9406,#4504);
#3970=LINE('',#9408,#4505);
#3971=LINE('',#9412,#4506);
#3972=LINE('',#9416,#4507);
#3973=LINE('',#9418,#4508);
#3974=LINE('',#9420,#4509);
#3975=LINE('',#9422,#4510);
#3976=LINE('',#9424,#4511);
#3977=LINE('',#9426,#4512);
#3978=LINE('',#9430,#4513);
#3979=LINE('',#9434,#4514);
#3980=LINE('',#9438,#4515);
#3981=LINE('',#9440,#4516);
#3982=LINE('',#9442,#4517);
#3983=LINE('',#9446,#4518);
#3984=LINE('',#9450,#4519);
#3985=LINE('',#9454,#4520);
#3986=LINE('',#9461,#4521);
#3987=LINE('',#9464,#4522);
#3988=LINE('',#9466,#4523);
#3989=LINE('',#9468,#4524);
#3990=LINE('',#9472,#4525);
#3991=LINE('',#9478,#4526);
#3992=LINE('',#9482,#4527);
#3993=LINE('',#9484,#4528);
#3994=LINE('',#9486,#4529);
#3995=LINE('',#9490,#4530);
#3996=LINE('',#9496,#4531);
#3997=LINE('',#9500,#4532);
#3998=LINE('',#9502,#4533);
#3999=LINE('',#9504,#4534);
#4000=LINE('',#9508,#4535);
#4001=LINE('',#9514,#4536);
#4002=LINE('',#9518,#4537);
#4003=LINE('',#9520,#4538);
#4004=LINE('',#9522,#4539);
#4005=LINE('',#9526,#4540);
#4006=LINE('',#9530,#4541);
#4007=LINE('',#9532,#4542);
#4008=LINE('',#9534,#4543);
#4009=LINE('',#9536,#4544);
#4010=LINE('',#9538,#4545);
#4011=LINE('',#9540,#4546);
#4012=LINE('',#9542,#4547);
#4013=LINE('',#9544,#4548);
#4014=LINE('',#9546,#4549);
#4015=LINE('',#9548,#4550);
#4016=LINE('',#9550,#4551);
#4017=LINE('',#9552,#4552);
#4018=LINE('',#9554,#4553);
#4019=LINE('',#9556,#4554);
#4020=LINE('',#9560,#4555);
#4021=LINE('',#9564,#4556);
#4022=LINE('',#9568,#4557);
#4023=LINE('',#9570,#4558);
#4024=LINE('',#9572,#4559);
#4025=LINE('',#9576,#4560);
#4026=LINE('',#9580,#4561);
#4027=LINE('',#9584,#4562);
#4028=LINE('',#9586,#4563);
#4029=LINE('',#9588,#4564);
#4030=LINE('',#9590,#4565);
#4031=LINE('',#9592,#4566);
#4032=LINE('',#9594,#4567);
#4033=LINE('',#9596,#4568);
#4034=LINE('',#9603,#4569);
#4035=LINE('',#9606,#4570);
#4036=LINE('',#9608,#4571);
#4037=LINE('',#9610,#4572);
#4038=LINE('',#9612,#4573);
#4039=LINE('',#9614,#4574);
#4040=LINE('',#9616,#4575);
#4041=LINE('',#9620,#4576);
#4042=LINE('',#9626,#4577);
#4043=LINE('',#9630,#4578);
#4044=LINE('',#9632,#4579);
#4045=LINE('',#9634,#4580);
#4046=LINE('',#9638,#4581);
#4047=LINE('',#9644,#4582);
#4048=LINE('',#9648,#4583);
#4049=LINE('',#9650,#4584);
#4050=LINE('',#9652,#4585);
#4051=LINE('',#9654,#4586);
#4052=LINE('',#9656,#4587);
#4053=LINE('',#9658,#4588);
#4054=LINE('',#9660,#4589);
#4055=LINE('',#9662,#4590);
#4056=LINE('',#9664,#4591);
#4057=LINE('',#9666,#4592);
#4058=LINE('',#9668,#4593);
#4059=LINE('',#9670,#4594);
#4060=LINE('',#9672,#4595);
#4061=LINE('',#9674,#4596);
#4062=LINE('',#9676,#4597);
#4063=LINE('',#9678,#4598);
#4064=LINE('',#9682,#4599);
#4065=LINE('',#9686,#4600);
#4066=LINE('',#9690,#4601);
#4067=LINE('',#9692,#4602);
#4068=LINE('',#9694,#4603);
#4069=LINE('',#9698,#4604);
#4070=LINE('',#9704,#4605);
#4071=LINE('',#9705,#4606);
#4072=LINE('',#9709,#4607);
#4073=LINE('',#9712,#4608);
#4074=LINE('',#9714,#4609);
#4075=LINE('',#9716,#4610);
#4076=LINE('',#9720,#4611);
#4077=LINE('',#9726,#4612);
#4078=LINE('',#9730,#4613);
#4079=LINE('',#9732,#4614);
#4080=LINE('',#9734,#4615);
#4081=LINE('',#9738,#4616);
#4082=LINE('',#9744,#4617);
#4083=LINE('',#9748,#4618);
#4084=LINE('',#9750,#4619);
#4085=LINE('',#9752,#4620);
#4086=LINE('',#9756,#4621);
#4087=LINE('',#9762,#4622);
#4088=LINE('',#9766,#4623);
#4089=LINE('',#9768,#4624);
#4090=LINE('',#9770,#4625);
#4091=LINE('',#9774,#4626);
#4092=LINE('',#9778,#4627);
#4093=LINE('',#9782,#4628);
#4094=LINE('',#9784,#4629);
#4095=LINE('',#9786,#4630);
#4096=LINE('',#9788,#4631);
#4097=LINE('',#9792,#4632);
#4098=LINE('',#9796,#4633);
#4099=LINE('',#9800,#4634);
#4100=LINE('',#9802,#4635);
#4101=LINE('',#9804,#4636);
#4102=LINE('',#9808,#4637);
#4103=LINE('',#9812,#4638);
#4104=LINE('',#9816,#4639);
#4105=LINE('',#9818,#4640);
#4106=LINE('',#9820,#4641);
#4107=LINE('',#9824,#4642);
#4108=LINE('',#9828,#4643);
#4109=LINE('',#9832,#4644);
#4110=LINE('',#9834,#4645);
#4111=LINE('',#9836,#4646);
#4112=LINE('',#9847,#4647);
#4113=LINE('',#9850,#4648);
#4114=LINE('',#9852,#4649);
#4115=LINE('',#9854,#4650);
#4116=LINE('',#9858,#4651);
#4117=LINE('',#9864,#4652);
#4118=LINE('',#9868,#4653);
#4119=LINE('',#9870,#4654);
#4120=LINE('',#9872,#4655);
#4121=LINE('',#9876,#4656);
#4122=LINE('',#9882,#4657);
#4123=LINE('',#9886,#4658);
#4124=LINE('',#9888,#4659);
#4125=LINE('',#9890,#4660);
#4126=LINE('',#9894,#4661);
#4127=LINE('',#9900,#4662);
#4128=LINE('',#9904,#4663);
#4129=LINE('',#9906,#4664);
#4130=LINE('',#9908,#4665);
#4131=LINE('',#9912,#4666);
#4132=LINE('',#9916,#4667);
#4133=LINE('',#9919,#4668);
#4134=LINE('',#9921,#4669);
#4135=LINE('',#9923,#4670);
#4136=LINE('',#9927,#4671);
#4137=LINE('',#9933,#4672);
#4138=LINE('',#9937,#4673);
#4139=LINE('',#9939,#4674);
#4140=LINE('',#9941,#4675);
#4141=LINE('',#9945,#4676);
#4142=LINE('',#9951,#4677);
#4143=LINE('',#9955,#4678);
#4144=LINE('',#9957,#4679);
#4145=LINE('',#9959,#4680);
#4146=LINE('',#9963,#4681);
#4147=LINE('',#9969,#4682);
#4148=LINE('',#9973,#4683);
#4149=LINE('',#9975,#4684);
#4150=LINE('',#9977,#4685);
#4151=LINE('',#9981,#4686);
#4152=LINE('',#9985,#4687);
#4153=LINE('',#9987,#4688);
#4154=LINE('',#9989,#4689);
#4155=LINE('',#9991,#4690);
#4156=LINE('',#9993,#4691);
#4157=LINE('',#9995,#4692);
#4158=LINE('',#9999,#4693);
#4159=LINE('',#10003,#4694);
#4160=LINE('',#10007,#4695);
#4161=LINE('',#10009,#4696);
#4162=LINE('',#10011,#4697);
#4163=LINE('',#10015,#4698);
#4164=LINE('',#10019,#4699);
#4165=LINE('',#10023,#4700);
#4166=LINE('',#10027,#4701);
#4167=LINE('',#10029,#4702);
#4168=LINE('',#10031,#4703);
#4169=LINE('',#10035,#4704);
#4170=LINE('',#10039,#4705);
#4171=LINE('',#10046,#4706);
#4172=LINE('',#10054,#4707);
#4173=LINE('',#10056,#4708);
#4174=LINE('',#10058,#4709);
#4175=LINE('',#10060,#4710);
#4176=LINE('',#10062,#4711);
#4177=LINE('',#10064,#4712);
#4178=LINE('',#10066,#4713);
#4179=LINE('',#10068,#4714);
#4180=LINE('',#10070,#4715);
#4181=LINE('',#10072,#4716);
#4182=LINE('',#10074,#4717);
#4183=LINE('',#10076,#4718);
#4184=LINE('',#10078,#4719);
#4185=LINE('',#10080,#4720);
#4186=LINE('',#10082,#4721);
#4187=LINE('',#10084,#4722);
#4188=LINE('',#10086,#4723);
#4189=LINE('',#10088,#4724);
#4190=LINE('',#10090,#4725);
#4191=LINE('',#10092,#4726);
#4192=LINE('',#10095,#4727);
#4193=LINE('',#10097,#4728);
#4194=LINE('',#10099,#4729);
#4195=LINE('',#10101,#4730);
#4196=LINE('',#10103,#4731);
#4197=LINE('',#10105,#4732);
#4198=LINE('',#10107,#4733);
#4199=LINE('',#10109,#4734);
#4200=LINE('',#10112,#4735);
#4201=LINE('',#10115,#4736);
#4202=LINE('',#10117,#4737);
#4203=LINE('',#10119,#4738);
#4204=LINE('',#10121,#4739);
#4205=LINE('',#10123,#4740);
#4206=LINE('',#10125,#4741);
#4207=LINE('',#10129,#4742);
#4208=LINE('',#10135,#4743);
#4209=LINE('',#10139,#4744);
#4210=LINE('',#10141,#4745);
#4211=LINE('',#10143,#4746);
#4212=LINE('',#10147,#4747);
#4213=LINE('',#10153,#4748);
#4214=LINE('',#10157,#4749);
#4215=LINE('',#10159,#4750);
#4216=LINE('',#10161,#4751);
#4217=LINE('',#10163,#4752);
#4218=LINE('',#10165,#4753);
#4219=LINE('',#10167,#4754);
#4220=LINE('',#10169,#4755);
#4221=LINE('',#10171,#4756);
#4222=LINE('',#10173,#4757);
#4223=LINE('',#10175,#4758);
#4224=LINE('',#10177,#4759);
#4225=LINE('',#10179,#4760);
#4226=LINE('',#10181,#4761);
#4227=LINE('',#10183,#4762);
#4228=LINE('',#10185,#4763);
#4229=LINE('',#10187,#4764);
#4230=LINE('',#10191,#4765);
#4231=LINE('',#10195,#4766);
#4232=LINE('',#10199,#4767);
#4233=LINE('',#10201,#4768);
#4234=LINE('',#10203,#4769);
#4235=LINE('',#10207,#4770);
#4236=LINE('',#10213,#4771);
#4237=LINE('',#10214,#4772);
#4238=LINE('',#10218,#4773);
#4239=LINE('',#10220,#4774);
#4240=LINE('',#10222,#4775);
#4241=LINE('',#10224,#4776);
#4242=LINE('',#10226,#4777);
#4243=LINE('',#10228,#4778);
#4244=LINE('',#10230,#4779);
#4245=LINE('',#10232,#4780);
#4246=LINE('',#10234,#4781);
#4247=LINE('',#10236,#4782);
#4248=LINE('',#10238,#4783);
#4249=LINE('',#10240,#4784);
#4250=LINE('',#10242,#4785);
#4251=LINE('',#10244,#4786);
#4252=LINE('',#10248,#4787);
#4253=LINE('',#10252,#4788);
#4254=LINE('',#10256,#4789);
#4255=LINE('',#10258,#4790);
#4256=LINE('',#10260,#4791);
#4257=LINE('',#10264,#4792);
#4258=LINE('',#10268,#4793);
#4259=LINE('',#10272,#4794);
#4260=LINE('',#10274,#4795);
#4261=LINE('',#10276,#4796);
#4262=LINE('',#10278,#4797);
#4263=LINE('',#10280,#4798);
#4264=LINE('',#10282,#4799);
#4265=LINE('',#10284,#4800);
#4266=LINE('',#10287,#4801);
#4267=LINE('',#10289,#4802);
#4268=LINE('',#10291,#4803);
#4269=LINE('',#10295,#4804);
#4270=LINE('',#10301,#4805);
#4271=LINE('',#10305,#4806);
#4272=LINE('',#10307,#4807);
#4273=LINE('',#10309,#4808);
#4274=LINE('',#10313,#4809);
#4275=LINE('',#10319,#4810);
#4276=LINE('',#10323,#4811);
#4277=LINE('',#10325,#4812);
#4278=LINE('',#10327,#4813);
#4279=LINE('',#10331,#4814);
#4280=LINE('',#10337,#4815);
#4281=LINE('',#10341,#4816);
#4282=LINE('',#10343,#4817);
#4283=LINE('',#10345,#4818);
#4284=LINE('',#10349,#4819);
#4285=LINE('',#10356,#4820);
#4286=LINE('',#10360,#4821);
#4287=LINE('',#10363,#4822);
#4288=LINE('',#10365,#4823);
#4289=LINE('',#10367,#4824);
#4290=LINE('',#10371,#4825);
#4291=LINE('',#10377,#4826);
#4292=LINE('',#10381,#4827);
#4293=LINE('',#10383,#4828);
#4294=LINE('',#10385,#4829);
#4295=LINE('',#10389,#4830);
#4296=LINE('',#10395,#4831);
#4297=LINE('',#10399,#4832);
#4298=LINE('',#10401,#4833);
#4299=LINE('',#10403,#4834);
#4300=LINE('',#10407,#4835);
#4301=LINE('',#10413,#4836);
#4302=LINE('',#10417,#4837);
#4303=LINE('',#10419,#4838);
#4304=LINE('',#10421,#4839);
#4305=LINE('',#10425,#4840);
#4306=LINE('',#10429,#4841);
#4307=LINE('',#10432,#4842);
#4308=LINE('',#10434,#4843);
#4309=LINE('',#10436,#4844);
#4310=LINE('',#10440,#4845);
#4311=LINE('',#10446,#4846);
#4312=LINE('',#10450,#4847);
#4313=LINE('',#10452,#4848);
#4314=LINE('',#10454,#4849);
#4315=LINE('',#10458,#4850);
#4316=LINE('',#10464,#4851);
#4317=LINE('',#10468,#4852);
#4318=LINE('',#10470,#4853);
#4319=LINE('',#10472,#4854);
#4320=LINE('',#10476,#4855);
#4321=LINE('',#10482,#4856);
#4322=LINE('',#10486,#4857);
#4323=LINE('',#10488,#4858);
#4324=LINE('',#10490,#4859);
#4325=LINE('',#10494,#4860);
#4326=LINE('',#10498,#4861);
#4327=LINE('',#10500,#4862);
#4328=LINE('',#10502,#4863);
#4329=LINE('',#10504,#4864);
#4330=LINE('',#10506,#4865);
#4331=LINE('',#10508,#4866);
#4332=LINE('',#10512,#4867);
#4333=LINE('',#10516,#4868);
#4334=LINE('',#10520,#4869);
#4335=LINE('',#10522,#4870);
#4336=LINE('',#10524,#4871);
#4337=LINE('',#10528,#4872);
#4338=LINE('',#10532,#4873);
#4339=LINE('',#10536,#4874);
#4340=LINE('',#10540,#4875);
#4341=LINE('',#10542,#4876);
#4342=LINE('',#10544,#4877);
#4343=LINE('',#10548,#4878);
#4344=LINE('',#10552,#4879);
#4345=LINE('',#10559,#4880);
#4346=VECTOR('',#6748,1.);
#4347=VECTOR('',#6749,1.);
#4348=VECTOR('',#6750,1.);
#4349=VECTOR('',#6751,1.);
#4350=VECTOR('',#6754,1.);
#4351=VECTOR('',#6755,1.);
#4352=VECTOR('',#6756,1.);
#4353=VECTOR('',#6757,1.);
#4354=VECTOR('',#6764,1.);
#4355=VECTOR('',#6765,1.);
#4356=VECTOR('',#6766,1.);
#4357=VECTOR('',#6769,1.);
#4358=VECTOR('',#6772,1.);
#4359=VECTOR('',#6773,1.);
#4360=VECTOR('',#6784,1.);
#4361=VECTOR('',#6785,1.);
#4362=VECTOR('',#6786,1.);
#4363=VECTOR('',#6787,1.);
#4364=VECTOR('',#6788,1.);
#4365=VECTOR('',#6789,1.);
#4366=VECTOR('',#6792,1.);
#4367=VECTOR('',#6793,1.);
#4368=VECTOR('',#6796,1.);
#4369=VECTOR('',#6797,1.);
#4370=VECTOR('',#6798,1.);
#4371=VECTOR('',#6801,1.);
#4372=VECTOR('',#6802,1.);
#4373=VECTOR('',#6805,1.);
#4374=VECTOR('',#6806,1.);
#4375=VECTOR('',#6807,1.);
#4376=VECTOR('',#6810,1.);
#4377=VECTOR('',#6811,1.);
#4378=VECTOR('',#6818,1.);
#4379=VECTOR('',#6827,1.);
#4380=VECTOR('',#6834,1.);
#4381=VECTOR('',#6835,1.);
#4382=VECTOR('',#6836,1.);
#4383=VECTOR('',#6837,1.);
#4384=VECTOR('',#6838,1.);
#4385=VECTOR('',#6839,1.);
#4386=VECTOR('',#6846,1.);
#4387=VECTOR('',#6853,1.);
#4388=VECTOR('',#6854,1.);
#4389=VECTOR('',#6855,1.);
#4390=VECTOR('',#6856,1.);
#4391=VECTOR('',#6857,1.);
#4392=VECTOR('',#6858,1.);
#4393=VECTOR('',#6865,1.);
#4394=VECTOR('',#6872,1.);
#4395=VECTOR('',#6873,1.);
#4396=VECTOR('',#6874,1.);
#4397=VECTOR('',#6875,1.);
#4398=VECTOR('',#6876,1.);
#4399=VECTOR('',#6877,1.);
#4400=VECTOR('',#6878,1.);
#4401=VECTOR('',#6879,1.);
#4402=VECTOR('',#6880,1.);
#4403=VECTOR('',#6881,1.);
#4404=VECTOR('',#6882,1.);
#4405=VECTOR('',#6883,1.);
#4406=VECTOR('',#6884,1.);
#4407=VECTOR('',#6885,1.);
#4408=VECTOR('',#6886,1.);
#4409=VECTOR('',#6887,1.);
#4410=VECTOR('',#6888,1.);
#4411=VECTOR('',#6889,1.);
#4412=VECTOR('',#6890,1.);
#4413=VECTOR('',#6891,1.);
#4414=VECTOR('',#6892,1.);
#4415=VECTOR('',#6893,1.);
#4416=VECTOR('',#6900,1.);
#4417=VECTOR('',#6909,1.);
#4418=VECTOR('',#6916,1.);
#4419=VECTOR('',#6923,1.);
#4420=VECTOR('',#6930,1.);
#4421=VECTOR('',#6937,1.);
#4422=VECTOR('',#6944,1.);
#4423=VECTOR('',#6945,1.);
#4424=VECTOR('',#6952,1.);
#4425=VECTOR('',#6959,1.);
#4426=VECTOR('',#6960,1.);
#4427=VECTOR('',#6961,1.);
#4428=VECTOR('',#6962,1.);
#4429=VECTOR('',#6963,1.);
#4430=VECTOR('',#6964,1.);
#4431=VECTOR('',#6965,1.);
#4432=VECTOR('',#6966,1.);
#4433=VECTOR('',#6967,1.);
#4434=VECTOR('',#6968,1.);
#4435=VECTOR('',#6969,1.);
#4436=VECTOR('',#6976,1.);
#4437=VECTOR('',#6983,1.);
#4438=VECTOR('',#6984,1.);
#4439=VECTOR('',#6985,1.);
#4440=VECTOR('',#6986,1.);
#4441=VECTOR('',#6987,1.);
#4442=VECTOR('',#6988,1.);
#4443=VECTOR('',#6989,1.);
#4444=VECTOR('',#6996,1.);
#4445=VECTOR('',#7003,1.);
#4446=VECTOR('',#7008,1.);
#4447=VECTOR('',#7009,1.);
#4448=VECTOR('',#7010,1.);
#4449=VECTOR('',#7011,1.);
#4450=VECTOR('',#7016,1.);
#4451=VECTOR('',#7017,1.);
#4452=VECTOR('',#7018,1.);
#4453=VECTOR('',#7019,1.);
#4454=VECTOR('',#7022,1.);
#4455=VECTOR('',#7023,1.);
#4456=VECTOR('',#7026,1.);
#4457=VECTOR('',#7027,1.);
#4458=VECTOR('',#7030,1.);
#4459=VECTOR('',#7031,1.);
#4460=VECTOR('',#7034,1.);
#4461=VECTOR('',#7037,1.);
#4462=VECTOR('',#7040,1.);
#4463=VECTOR('',#7045,1.);
#4464=VECTOR('',#7052,1.);
#4465=VECTOR('',#7059,1.);
#4466=VECTOR('',#7060,1.);
#4467=VECTOR('',#7061,1.);
#4468=VECTOR('',#7062,1.);
#4469=VECTOR('',#7063,1.);
#4470=VECTOR('',#7064,1.);
#4471=VECTOR('',#7065,1.);
#4472=VECTOR('',#7072,1.);
#4473=VECTOR('',#7073,1.);
#4474=VECTOR('',#7076,1.);
#4475=VECTOR('',#7077,1.);
#4476=VECTOR('',#7104,1.);
#4477=VECTOR('',#7107,1.);
#4478=VECTOR('',#7112,1.);
#4479=VECTOR('',#7113,1.);
#4480=VECTOR('',#7118,1.);
#4481=VECTOR('',#7121,1.);
#4482=VECTOR('',#7132,1.);
#4483=VECTOR('',#7145,1.);
#4484=VECTOR('',#7154,1.);
#4485=VECTOR('',#7159,1.);
#4486=VECTOR('',#7164,1.);
#4487=VECTOR('',#7199,1.);
#4488=VECTOR('',#7200,1.);
#4489=VECTOR('',#7201,1.);
#4490=VECTOR('',#7202,1.);
#4491=VECTOR('',#7207,1.);
#4492=VECTOR('',#7214,1.);
#4493=VECTOR('',#7219,1.);
#4494=VECTOR('',#7220,1.);
#4495=VECTOR('',#7221,1.);
#4496=VECTOR('',#7226,1.);
#4497=VECTOR('',#7233,1.);
#4498=VECTOR('',#7238,1.);
#4499=VECTOR('',#7239,1.);
#4500=VECTOR('',#7240,1.);
#4501=VECTOR('',#7245,1.);
#4502=VECTOR('',#7252,1.);
#4503=VECTOR('',#7257,1.);
#4504=VECTOR('',#7258,1.);
#4505=VECTOR('',#7259,1.);
#4506=VECTOR('',#7264,1.);
#4507=VECTOR('',#7269,1.);
#4508=VECTOR('',#7270,1.);
#4509=VECTOR('',#7271,1.);
#4510=VECTOR('',#7274,1.);
#4511=VECTOR('',#7275,1.);
#4512=VECTOR('',#7278,1.);
#4513=VECTOR('',#7283,1.);
#4514=VECTOR('',#7288,1.);
#4515=VECTOR('',#7293,1.);
#4516=VECTOR('',#7294,1.);
#4517=VECTOR('',#7297,1.);
#4518=VECTOR('',#7302,1.);
#4519=VECTOR('',#7307,1.);
#4520=VECTOR('',#7312,1.);
#4521=VECTOR('',#7325,1.);
#4522=VECTOR('',#7326,1.);
#4523=VECTOR('',#7327,1.);
#4524=VECTOR('',#7328,1.);
#4525=VECTOR('',#7333,1.);
#4526=VECTOR('',#7340,1.);
#4527=VECTOR('',#7345,1.);
#4528=VECTOR('',#7346,1.);
#4529=VECTOR('',#7347,1.);
#4530=VECTOR('',#7352,1.);
#4531=VECTOR('',#7359,1.);
#4532=VECTOR('',#7364,1.);
#4533=VECTOR('',#7365,1.);
#4534=VECTOR('',#7366,1.);
#4535=VECTOR('',#7371,1.);
#4536=VECTOR('',#7378,1.);
#4537=VECTOR('',#7383,1.);
#4538=VECTOR('',#7384,1.);
#4539=VECTOR('',#7385,1.);
#4540=VECTOR('',#7390,1.);
#4541=VECTOR('',#7395,1.);
#4542=VECTOR('',#7396,1.);
#4543=VECTOR('',#7397,1.);
#4544=VECTOR('',#7400,1.);
#4545=VECTOR('',#7401,1.);
#4546=VECTOR('',#7404,1.);
#4547=VECTOR('',#7405,1.);
#4548=VECTOR('',#7408,1.);
#4549=VECTOR('',#7409,1.);
#4550=VECTOR('',#7412,1.);
#4551=VECTOR('',#7413,1.);
#4552=VECTOR('',#7416,1.);
#4553=VECTOR('',#7417,1.);
#4554=VECTOR('',#7420,1.);
#4555=VECTOR('',#7425,1.);
#4556=VECTOR('',#7430,1.);
#4557=VECTOR('',#7435,1.);
#4558=VECTOR('',#7436,1.);
#4559=VECTOR('',#7439,1.);
#4560=VECTOR('',#7444,1.);
#4561=VECTOR('',#7449,1.);
#4562=VECTOR('',#7454,1.);
#4563=VECTOR('',#7455,1.);
#4564=VECTOR('',#7458,1.);
#4565=VECTOR('',#7459,1.);
#4566=VECTOR('',#7462,1.);
#4567=VECTOR('',#7463,1.);
#4568=VECTOR('',#7466,1.);
#4569=VECTOR('',#7479,1.);
#4570=VECTOR('',#7480,1.);
#4571=VECTOR('',#7481,1.);
#4572=VECTOR('',#7482,1.);
#4573=VECTOR('',#7485,1.);
#4574=VECTOR('',#7486,1.);
#4575=VECTOR('',#7487,1.);
#4576=VECTOR('',#7492,1.);
#4577=VECTOR('',#7499,1.);
#4578=VECTOR('',#7504,1.);
#4579=VECTOR('',#7505,1.);
#4580=VECTOR('',#7506,1.);
#4581=VECTOR('',#7511,1.);
#4582=VECTOR('',#7518,1.);
#4583=VECTOR('',#7523,1.);
#4584=VECTOR('',#7524,1.);
#4585=VECTOR('',#7525,1.);
#4586=VECTOR('',#7528,1.);
#4587=VECTOR('',#7529,1.);
#4588=VECTOR('',#7532,1.);
#4589=VECTOR('',#7533,1.);
#4590=VECTOR('',#7536,1.);
#4591=VECTOR('',#7537,1.);
#4592=VECTOR('',#7540,1.);
#4593=VECTOR('',#7541,1.);
#4594=VECTOR('',#7544,1.);
#4595=VECTOR('',#7545,1.);
#4596=VECTOR('',#7548,1.);
#4597=VECTOR('',#7549,1.);
#4598=VECTOR('',#7552,1.);
#4599=VECTOR('',#7557,1.);
#4600=VECTOR('',#7562,1.);
#4601=VECTOR('',#7567,1.);
#4602=VECTOR('',#7568,1.);
#4603=VECTOR('',#7571,1.);
#4604=VECTOR('',#7576,1.);
#4605=VECTOR('',#7585,1.);
#4606=VECTOR('',#7586,1.);
#4607=VECTOR('',#7593,1.);
#4608=VECTOR('',#7594,1.);
#4609=VECTOR('',#7595,1.);
#4610=VECTOR('',#7596,1.);
#4611=VECTOR('',#7601,1.);
#4612=VECTOR('',#7608,1.);
#4613=VECTOR('',#7613,1.);
#4614=VECTOR('',#7614,1.);
#4615=VECTOR('',#7615,1.);
#4616=VECTOR('',#7620,1.);
#4617=VECTOR('',#7627,1.);
#4618=VECTOR('',#7632,1.);
#4619=VECTOR('',#7633,1.);
#4620=VECTOR('',#7634,1.);
#4621=VECTOR('',#7639,1.);
#4622=VECTOR('',#7646,1.);
#4623=VECTOR('',#7651,1.);
#4624=VECTOR('',#7652,1.);
#4625=VECTOR('',#7653,1.);
#4626=VECTOR('',#7658,1.);
#4627=VECTOR('',#7663,1.);
#4628=VECTOR('',#7666,1.);
#4629=VECTOR('',#7669,1.);
#4630=VECTOR('',#7670,1.);
#4631=VECTOR('',#7673,1.);
#4632=VECTOR('',#7678,1.);
#4633=VECTOR('',#7683,1.);
#4634=VECTOR('',#7688,1.);
#4635=VECTOR('',#7689,1.);
#4636=VECTOR('',#7692,1.);
#4637=VECTOR('',#7697,1.);
#4638=VECTOR('',#7702,1.);
#4639=VECTOR('',#7707,1.);
#4640=VECTOR('',#7708,1.);
#4641=VECTOR('',#7711,1.);
#4642=VECTOR('',#7716,1.);
#4643=VECTOR('',#7721,1.);
#4644=VECTOR('',#7726,1.);
#4645=VECTOR('',#7727,1.);
#4646=VECTOR('',#7730,1.);
#4647=VECTOR('',#7749,1.);
#4648=VECTOR('',#7750,1.);
#4649=VECTOR('',#7751,1.);
#4650=VECTOR('',#7752,1.);
#4651=VECTOR('',#7757,1.);
#4652=VECTOR('',#7764,1.);
#4653=VECTOR('',#7769,1.);
#4654=VECTOR('',#7770,1.);
#4655=VECTOR('',#7771,1.);
#4656=VECTOR('',#7776,1.);
#4657=VECTOR('',#7783,1.);
#4658=VECTOR('',#7788,1.);
#4659=VECTOR('',#7789,1.);
#4660=VECTOR('',#7790,1.);
#4661=VECTOR('',#7795,1.);
#4662=VECTOR('',#7802,1.);
#4663=VECTOR('',#7807,1.);
#4664=VECTOR('',#7808,1.);
#4665=VECTOR('',#7809,1.);
#4666=VECTOR('',#7814,1.);
#4667=VECTOR('',#7819,1.);
#4668=VECTOR('',#7820,1.);
#4669=VECTOR('',#7821,1.);
#4670=VECTOR('',#7822,1.);
#4671=VECTOR('',#7827,1.);
#4672=VECTOR('',#7834,1.);
#4673=VECTOR('',#7839,1.);
#4674=VECTOR('',#7840,1.);
#4675=VECTOR('',#7841,1.);
#4676=VECTOR('',#7846,1.);
#4677=VECTOR('',#7853,1.);
#4678=VECTOR('',#7858,1.);
#4679=VECTOR('',#7859,1.);
#4680=VECTOR('',#7860,1.);
#4681=VECTOR('',#7865,1.);
#4682=VECTOR('',#7872,1.);
#4683=VECTOR('',#7877,1.);
#4684=VECTOR('',#7878,1.);
#4685=VECTOR('',#7879,1.);
#4686=VECTOR('',#7884,1.);
#4687=VECTOR('',#7889,1.);
#4688=VECTOR('',#7890,1.);
#4689=VECTOR('',#7891,1.);
#4690=VECTOR('',#7894,1.);
#4691=VECTOR('',#7895,1.);
#4692=VECTOR('',#7898,1.);
#4693=VECTOR('',#7903,1.);
#4694=VECTOR('',#7908,1.);
#4695=VECTOR('',#7913,1.);
#4696=VECTOR('',#7914,1.);
#4697=VECTOR('',#7917,1.);
#4698=VECTOR('',#7922,1.);
#4699=VECTOR('',#7927,1.);
#4700=VECTOR('',#7932,1.);
#4701=VECTOR('',#7937,1.);
#4702=VECTOR('',#7938,1.);
#4703=VECTOR('',#7941,1.);
#4704=VECTOR('',#7946,1.);
#4705=VECTOR('',#7951,1.);
#4706=VECTOR('',#7962,1.);
#4707=VECTOR('',#7977,1.);
#4708=VECTOR('',#7978,1.);
#4709=VECTOR('',#7979,1.);
#4710=VECTOR('',#7982,1.);
#4711=VECTOR('',#7983,1.);
#4712=VECTOR('',#7986,1.);
#4713=VECTOR('',#7987,1.);
#4714=VECTOR('',#7990,1.);
#4715=VECTOR('',#7991,1.);
#4716=VECTOR('',#7994,1.);
#4717=VECTOR('',#7995,1.);
#4718=VECTOR('',#7998,1.);
#4719=VECTOR('',#7999,1.);
#4720=VECTOR('',#8002,1.);
#4721=VECTOR('',#8003,1.);
#4722=VECTOR('',#8006,1.);
#4723=VECTOR('',#8007,1.);
#4724=VECTOR('',#8010,1.);
#4725=VECTOR('',#8011,1.);
#4726=VECTOR('',#8014,1.);
#4727=VECTOR('',#8019,1.);
#4728=VECTOR('',#8020,1.);
#4729=VECTOR('',#8021,1.);
#4730=VECTOR('',#8024,1.);
#4731=VECTOR('',#8025,1.);
#4732=VECTOR('',#8028,1.);
#4733=VECTOR('',#8029,1.);
#4734=VECTOR('',#8032,1.);
#4735=VECTOR('',#8037,1.);
#4736=VECTOR('',#8038,1.);
#4737=VECTOR('',#8039,1.);
#4738=VECTOR('',#8040,1.);
#4739=VECTOR('',#8043,1.);
#4740=VECTOR('',#8044,1.);
#4741=VECTOR('',#8045,1.);
#4742=VECTOR('',#8050,1.);
#4743=VECTOR('',#8057,1.);
#4744=VECTOR('',#8062,1.);
#4745=VECTOR('',#8063,1.);
#4746=VECTOR('',#8064,1.);
#4747=VECTOR('',#8069,1.);
#4748=VECTOR('',#8076,1.);
#4749=VECTOR('',#8081,1.);
#4750=VECTOR('',#8082,1.);
#4751=VECTOR('',#8083,1.);
#4752=VECTOR('',#8086,1.);
#4753=VECTOR('',#8087,1.);
#4754=VECTOR('',#8090,1.);
#4755=VECTOR('',#8091,1.);
#4756=VECTOR('',#8094,1.);
#4757=VECTOR('',#8095,1.);
#4758=VECTOR('',#8098,1.);
#4759=VECTOR('',#8099,1.);
#4760=VECTOR('',#8102,1.);
#4761=VECTOR('',#8103,1.);
#4762=VECTOR('',#8106,1.);
#4763=VECTOR('',#8107,1.);
#4764=VECTOR('',#8110,1.);
#4765=VECTOR('',#8115,1.);
#4766=VECTOR('',#8120,1.);
#4767=VECTOR('',#8125,1.);
#4768=VECTOR('',#8126,1.);
#4769=VECTOR('',#8129,1.);
#4770=VECTOR('',#8134,1.);
#4771=VECTOR('',#8143,1.);
#4772=VECTOR('',#8144,1.);
#4773=VECTOR('',#8151,1.);
#4774=VECTOR('',#8152,1.);
#4775=VECTOR('',#8153,1.);
#4776=VECTOR('',#8156,1.);
#4777=VECTOR('',#8157,1.);
#4778=VECTOR('',#8160,1.);
#4779=VECTOR('',#8161,1.);
#4780=VECTOR('',#8164,1.);
#4781=VECTOR('',#8165,1.);
#4782=VECTOR('',#8168,1.);
#4783=VECTOR('',#8169,1.);
#4784=VECTOR('',#8172,1.);
#4785=VECTOR('',#8173,1.);
#4786=VECTOR('',#8176,1.);
#4787=VECTOR('',#8181,1.);
#4788=VECTOR('',#8186,1.);
#4789=VECTOR('',#8191,1.);
#4790=VECTOR('',#8192,1.);
#4791=VECTOR('',#8195,1.);
#4792=VECTOR('',#8200,1.);
#4793=VECTOR('',#8205,1.);
#4794=VECTOR('',#8210,1.);
#4795=VECTOR('',#8211,1.);
#4796=VECTOR('',#8214,1.);
#4797=VECTOR('',#8215,1.);
#4798=VECTOR('',#8218,1.);
#4799=VECTOR('',#8219,1.);
#4800=VECTOR('',#8222,1.);
#4801=VECTOR('',#8223,1.);
#4802=VECTOR('',#8224,1.);
#4803=VECTOR('',#8225,1.);
#4804=VECTOR('',#8230,1.);
#4805=VECTOR('',#8237,1.);
#4806=VECTOR('',#8242,1.);
#4807=VECTOR('',#8243,1.);
#4808=VECTOR('',#8244,1.);
#4809=VECTOR('',#8249,1.);
#4810=VECTOR('',#8256,1.);
#4811=VECTOR('',#8261,1.);
#4812=VECTOR('',#8262,1.);
#4813=VECTOR('',#8263,1.);
#4814=VECTOR('',#8268,1.);
#4815=VECTOR('',#8275,1.);
#4816=VECTOR('',#8280,1.);
#4817=VECTOR('',#8281,1.);
#4818=VECTOR('',#8282,1.);
#4819=VECTOR('',#8287,1.);
#4820=VECTOR('',#8298,1.);
#4821=VECTOR('',#8305,1.);
#4822=VECTOR('',#8306,1.);
#4823=VECTOR('',#8307,1.);
#4824=VECTOR('',#8308,1.);
#4825=VECTOR('',#8313,1.);
#4826=VECTOR('',#8320,1.);
#4827=VECTOR('',#8325,1.);
#4828=VECTOR('',#8326,1.);
#4829=VECTOR('',#8327,1.);
#4830=VECTOR('',#8332,1.);
#4831=VECTOR('',#8339,1.);
#4832=VECTOR('',#8344,1.);
#4833=VECTOR('',#8345,1.);
#4834=VECTOR('',#8346,1.);
#4835=VECTOR('',#8351,1.);
#4836=VECTOR('',#8358,1.);
#4837=VECTOR('',#8363,1.);
#4838=VECTOR('',#8364,1.);
#4839=VECTOR('',#8365,1.);
#4840=VECTOR('',#8370,1.);
#4841=VECTOR('',#8375,1.);
#4842=VECTOR('',#8376,1.);
#4843=VECTOR('',#8377,1.);
#4844=VECTOR('',#8378,1.);
#4845=VECTOR('',#8383,1.);
#4846=VECTOR('',#8390,1.);
#4847=VECTOR('',#8395,1.);
#4848=VECTOR('',#8396,1.);
#4849=VECTOR('',#8397,1.);
#4850=VECTOR('',#8402,1.);
#4851=VECTOR('',#8409,1.);
#4852=VECTOR('',#8414,1.);
#4853=VECTOR('',#8415,1.);
#4854=VECTOR('',#8416,1.);
#4855=VECTOR('',#8421,1.);
#4856=VECTOR('',#8428,1.);
#4857=VECTOR('',#8433,1.);
#4858=VECTOR('',#8434,1.);
#4859=VECTOR('',#8435,1.);
#4860=VECTOR('',#8440,1.);
#4861=VECTOR('',#8445,1.);
#4862=VECTOR('',#8446,1.);
#4863=VECTOR('',#8447,1.);
#4864=VECTOR('',#8450,1.);
#4865=VECTOR('',#8451,1.);
#4866=VECTOR('',#8454,1.);
#4867=VECTOR('',#8459,1.);
#4868=VECTOR('',#8464,1.);
#4869=VECTOR('',#8469,1.);
#4870=VECTOR('',#8470,1.);
#4871=VECTOR('',#8473,1.);
#4872=VECTOR('',#8478,1.);
#4873=VECTOR('',#8483,1.);
#4874=VECTOR('',#8488,1.);
#4875=VECTOR('',#8493,1.);
#4876=VECTOR('',#8494,1.);
#4877=VECTOR('',#8497,1.);
#4878=VECTOR('',#8502,1.);
#4879=VECTOR('',#8507,1.);
#4880=VECTOR('',#8518,1.);
#4881=EDGE_LOOP('',(#532,#533,#534,#535));
#4882=EDGE_LOOP('',(#536,#537,#538,#539));
#4883=EDGE_LOOP('',(#540));
#4884=EDGE_LOOP('',(#541));
#4885=EDGE_LOOP('',(#542,#543,#544,#545,#546,#547,#548,#549));
#4886=EDGE_LOOP('',(#550));
#4887=EDGE_LOOP('',(#551));
#4888=EDGE_LOOP('',(#552));
#4889=EDGE_LOOP('',(#553));
#4890=EDGE_LOOP('',(#554,#555,#556,#557,#558,#559));
#4891=EDGE_LOOP('',(#560,#561,#562,#563));
#4892=EDGE_LOOP('',(#564,#565,#566,#567,#568));
#4893=EDGE_LOOP('',(#569,#570,#571,#572));
#4894=EDGE_LOOP('',(#573,#574,#575,#576,#577));
#4895=EDGE_LOOP('',(#578,#579,#580,#581,#582,#583,#584,#585,#586,#587,#588,
#589,#590,#591,#592));
#4896=EDGE_LOOP('',(#593,#594,#595,#596,#597,#598,#599,#600,#601,#602,#603,
#604,#605,#606,#607,#608,#609));
#4897=EDGE_LOOP('',(#610,#611,#612,#613,#614,#615,#616,#617,#618,#619,#620,
#621,#622,#623));
#4898=EDGE_LOOP('',(#624,#625,#626,#627));
#4899=EDGE_LOOP('',(#628,#629,#630,#631,#632,#633,#634,#635,#636,#637));
#4900=EDGE_LOOP('',(#638,#639,#640,#641,#642,#643,#644,#645,#646,#647,#648,
#649,#650,#651,#652));
#4901=EDGE_LOOP('',(#653,#654,#655,#656,#657,#658,#659,#660,#661,#662,#663,
#664,#665,#666,#667,#668));
#4902=EDGE_LOOP('',(#669,#670,#671,#672,#673,#674,#675,#676,#677,#678,#679,
#680,#681,#682));
#4903=EDGE_LOOP('',(#683,#684,#685,#686,#687,#688,#689,#690,#691,#692,#693,
#694,#695,#696,#697,#698,#699));
#4904=EDGE_LOOP('',(#700,#701,#702,#703,#704,#705,#706,#707,#708,#709));
#4905=EDGE_LOOP('',(#710));
#4906=EDGE_LOOP('',(#711));
#4907=EDGE_LOOP('',(#712,#713,#714,#715));
#4908=EDGE_LOOP('',(#716));
#4909=EDGE_LOOP('',(#717));
#4910=EDGE_LOOP('',(#718,#719,#720,#721));
#4911=EDGE_LOOP('',(#722,#723,#724,#725));
#4912=EDGE_LOOP('',(#726,#727,#728,#729));
#4913=EDGE_LOOP('',(#730,#731,#732,#733));
#4914=EDGE_LOOP('',(#734,#735,#736,#737));
#4915=EDGE_LOOP('',(#738,#739,#740,#741,#742,#743,#744,#745,#746,#747,#748,
#749,#750,#751,#752,#753));
#4916=EDGE_LOOP('',(#754,#755,#756,#757));
#4917=EDGE_LOOP('',(#758));
#4918=EDGE_LOOP('',(#759));
#4919=EDGE_LOOP('',(#760,#761,#762,#763));
#4920=EDGE_LOOP('',(#764,#765,#766,#767));
#4921=EDGE_LOOP('',(#768));
#4922=EDGE_LOOP('',(#769));
#4923=EDGE_LOOP('',(#770,#771,#772,#773));
#4924=EDGE_LOOP('',(#774,#775,#776,#777));
#4925=EDGE_LOOP('',(#778,#779,#780,#781));
#4926=EDGE_LOOP('',(#782,#783,#784,#785));
#4927=EDGE_LOOP('',(#786));
#4928=EDGE_LOOP('',(#787,#788));
#4929=EDGE_LOOP('',(#789));
#4930=EDGE_LOOP('',(#790));
#4931=EDGE_LOOP('',(#791));
#4932=EDGE_LOOP('',(#792));
#4933=EDGE_LOOP('',(#793));
#4934=EDGE_LOOP('',(#794,#795));
#4935=EDGE_LOOP('',(#796));
#4936=EDGE_LOOP('',(#797));
#4937=EDGE_LOOP('',(#798));
#4938=EDGE_LOOP('',(#799));
#4939=EDGE_LOOP('',(#800));
#4940=EDGE_LOOP('',(#801));
#4941=EDGE_LOOP('',(#802));
#4942=EDGE_LOOP('',(#803));
#4943=EDGE_LOOP('',(#804,#805,#806,#807,#808,#809));
#4944=EDGE_LOOP('',(#810,#811,#812,#813,#814,#815,#816,#817,#818,#819));
#4945=EDGE_LOOP('',(#820,#821,#822,#823,#824,#825));
#4946=EDGE_LOOP('',(#826,#827,#828,#829));
#4947=EDGE_LOOP('',(#830,#831,#832,#833,#834,#835,#836,#837,#838,#839,#840,
#841,#842,#843,#844,#845));
#4948=EDGE_LOOP('',(#846,#847,#848,#849));
#4949=EDGE_LOOP('',(#850,#851,#852,#853,#854,#855,#856,#857,#858,#859,#860,
#861,#862,#863,#864,#865));
#4950=EDGE_LOOP('',(#866,#867,#868,#869));
#4951=EDGE_LOOP('',(#870,#871,#872,#873,#874,#875,#876,#877,#878,#879,#880,
#881,#882,#883,#884,#885));
#4952=EDGE_LOOP('',(#886,#887,#888,#889));
#4953=EDGE_LOOP('',(#890,#891,#892,#893));
#4954=EDGE_LOOP('',(#894,#895,#896,#897));
#4955=EDGE_LOOP('',(#898,#899,#900,#901));
#4956=EDGE_LOOP('',(#902,#903,#904,#905));
#4957=EDGE_LOOP('',(#906,#907,#908,#909));
#4958=EDGE_LOOP('',(#910,#911,#912,#913));
#4959=EDGE_LOOP('',(#914,#915,#916,#917));
#4960=EDGE_LOOP('',(#918,#919,#920,#921));
#4961=EDGE_LOOP('',(#922,#923,#924,#925));
#4962=EDGE_LOOP('',(#926,#927,#928,#929));
#4963=EDGE_LOOP('',(#930,#931,#932,#933));
#4964=EDGE_LOOP('',(#934,#935,#936,#937));
#4965=EDGE_LOOP('',(#938,#939,#940,#941));
#4966=EDGE_LOOP('',(#942,#943,#944,#945));
#4967=EDGE_LOOP('',(#946,#947,#948,#949));
#4968=EDGE_LOOP('',(#950,#951,#952,#953));
#4969=EDGE_LOOP('',(#954,#955,#956,#957));
#4970=EDGE_LOOP('',(#958,#959,#960,#961));
#4971=EDGE_LOOP('',(#962,#963,#964,#965));
#4972=EDGE_LOOP('',(#966,#967,#968,#969));
#4973=EDGE_LOOP('',(#970,#971,#972,#973));
#4974=EDGE_LOOP('',(#974,#975,#976,#977));
#4975=EDGE_LOOP('',(#978,#979,#980,#981));
#4976=EDGE_LOOP('',(#982,#983,#984,#985));
#4977=EDGE_LOOP('',(#986,#987,#988,#989));
#4978=EDGE_LOOP('',(#990,#991,#992,#993));
#4979=EDGE_LOOP('',(#994,#995,#996,#997));
#4980=EDGE_LOOP('',(#998,#999,#1000,#1001));
#4981=EDGE_LOOP('',(#1002,#1003,#1004,#1005));
#4982=EDGE_LOOP('',(#1006,#1007,#1008,#1009));
#4983=EDGE_LOOP('',(#1010,#1011,#1012,#1013));
#4984=EDGE_LOOP('',(#1014,#1015,#1016,#1017));
#4985=EDGE_LOOP('',(#1018,#1019,#1020,#1021));
#4986=EDGE_LOOP('',(#1022,#1023,#1024,#1025));
#4987=EDGE_LOOP('',(#1026,#1027,#1028,#1029));
#4988=EDGE_LOOP('',(#1030,#1031,#1032,#1033));
#4989=EDGE_LOOP('',(#1034,#1035,#1036,#1037));
#4990=EDGE_LOOP('',(#1038,#1039,#1040,#1041));
#4991=EDGE_LOOP('',(#1042,#1043,#1044,#1045));
#4992=EDGE_LOOP('',(#1046,#1047,#1048,#1049));
#4993=EDGE_LOOP('',(#1050,#1051,#1052,#1053));
#4994=EDGE_LOOP('',(#1054,#1055,#1056,#1057));
#4995=EDGE_LOOP('',(#1058,#1059,#1060,#1061));
#4996=EDGE_LOOP('',(#1062,#1063,#1064,#1065));
#4997=EDGE_LOOP('',(#1066,#1067,#1068,#1069,#1070,#1071,#1072,#1073,#1074,
#1075));
#4998=EDGE_LOOP('',(#1076,#1077,#1078,#1079,#1080,#1081,#1082,#1083,#1084,
#1085,#1086,#1087));
#4999=EDGE_LOOP('',(#1088,#1089,#1090,#1091,#1092,#1093,#1094,#1095,#1096,
#1097,#1098,#1099));
#5000=EDGE_LOOP('',(#1100,#1101,#1102,#1103));
#5001=EDGE_LOOP('',(#1104,#1105,#1106,#1107));
#5002=EDGE_LOOP('',(#1108,#1109,#1110,#1111));
#5003=EDGE_LOOP('',(#1112,#1113,#1114,#1115));
#5004=EDGE_LOOP('',(#1116,#1117,#1118,#1119));
#5005=EDGE_LOOP('',(#1120,#1121,#1122,#1123));
#5006=EDGE_LOOP('',(#1124,#1125,#1126,#1127));
#5007=EDGE_LOOP('',(#1128,#1129,#1130,#1131));
#5008=EDGE_LOOP('',(#1132,#1133,#1134,#1135));
#5009=EDGE_LOOP('',(#1136,#1137,#1138,#1139));
#5010=EDGE_LOOP('',(#1140,#1141,#1142,#1143));
#5011=EDGE_LOOP('',(#1144,#1145,#1146,#1147));
#5012=EDGE_LOOP('',(#1148,#1149,#1150,#1151));
#5013=EDGE_LOOP('',(#1152,#1153,#1154,#1155));
#5014=EDGE_LOOP('',(#1156,#1157,#1158,#1159));
#5015=EDGE_LOOP('',(#1160,#1161,#1162,#1163));
#5016=EDGE_LOOP('',(#1164,#1165,#1166,#1167));
#5017=EDGE_LOOP('',(#1168,#1169,#1170,#1171));
#5018=EDGE_LOOP('',(#1172,#1173,#1174,#1175));
#5019=EDGE_LOOP('',(#1176,#1177,#1178,#1179));
#5020=EDGE_LOOP('',(#1180,#1181,#1182,#1183));
#5021=EDGE_LOOP('',(#1184,#1185,#1186,#1187));
#5022=EDGE_LOOP('',(#1188,#1189,#1190,#1191));
#5023=EDGE_LOOP('',(#1192,#1193,#1194,#1195));
#5024=EDGE_LOOP('',(#1196,#1197,#1198,#1199));
#5025=EDGE_LOOP('',(#1200,#1201,#1202,#1203));
#5026=EDGE_LOOP('',(#1204,#1205,#1206,#1207));
#5027=EDGE_LOOP('',(#1208,#1209,#1210,#1211));
#5028=EDGE_LOOP('',(#1212,#1213,#1214,#1215));
#5029=EDGE_LOOP('',(#1216,#1217,#1218,#1219,#1220,#1221,#1222,#1223,#1224,
#1225,#1226,#1227,#1228,#1229,#1230,#1231,#1232));
#5030=EDGE_LOOP('',(#1233,#1234,#1235,#1236,#1237,#1238,#1239,#1240,#1241,
#1242,#1243,#1244));
#5031=EDGE_LOOP('',(#1245,#1246,#1247,#1248,#1249,#1250,#1251,#1252,#1253,
#1254,#1255,#1256));
#5032=EDGE_LOOP('',(#1257,#1258,#1259,#1260));
#5033=EDGE_LOOP('',(#1261,#1262,#1263,#1264));
#5034=EDGE_LOOP('',(#1265,#1266,#1267,#1268));
#5035=EDGE_LOOP('',(#1269,#1270,#1271,#1272));
#5036=EDGE_LOOP('',(#1273,#1274,#1275,#1276));
#5037=EDGE_LOOP('',(#1277,#1278,#1279,#1280));
#5038=EDGE_LOOP('',(#1281,#1282,#1283,#1284));
#5039=EDGE_LOOP('',(#1285,#1286,#1287,#1288));
#5040=EDGE_LOOP('',(#1289,#1290,#1291,#1292));
#5041=EDGE_LOOP('',(#1293,#1294,#1295,#1296));
#5042=EDGE_LOOP('',(#1297,#1298,#1299,#1300));
#5043=EDGE_LOOP('',(#1301,#1302,#1303,#1304));
#5044=EDGE_LOOP('',(#1305,#1306,#1307,#1308));
#5045=EDGE_LOOP('',(#1309,#1310,#1311,#1312));
#5046=EDGE_LOOP('',(#1313,#1314,#1315,#1316));
#5047=EDGE_LOOP('',(#1317,#1318,#1319,#1320));
#5048=EDGE_LOOP('',(#1321,#1322,#1323,#1324));
#5049=EDGE_LOOP('',(#1325,#1326,#1327,#1328));
#5050=EDGE_LOOP('',(#1329,#1330,#1331,#1332));
#5051=EDGE_LOOP('',(#1333,#1334,#1335,#1336));
#5052=EDGE_LOOP('',(#1337,#1338,#1339,#1340));
#5053=EDGE_LOOP('',(#1341,#1342,#1343,#1344));
#5054=EDGE_LOOP('',(#1345,#1346,#1347,#1348,#1349,#1350,#1351,#1352,#1353,
#1354,#1355,#1356,#1357,#1358));
#5055=EDGE_LOOP('',(#1359,#1360,#1361,#1362,#1363,#1364,#1365,#1366));
#5056=EDGE_LOOP('',(#1367,#1368,#1369,#1370,#1371,#1372,#1373,#1374));
#5057=EDGE_LOOP('',(#1375,#1376,#1377,#1378));
#5058=EDGE_LOOP('',(#1379,#1380,#1381,#1382));
#5059=EDGE_LOOP('',(#1383,#1384,#1385,#1386));
#5060=EDGE_LOOP('',(#1387,#1388,#1389,#1390));
#5061=EDGE_LOOP('',(#1391,#1392,#1393,#1394));
#5062=EDGE_LOOP('',(#1395,#1396,#1397,#1398));
#5063=EDGE_LOOP('',(#1399,#1400,#1401,#1402));
#5064=EDGE_LOOP('',(#1403,#1404,#1405,#1406));
#5065=EDGE_LOOP('',(#1407,#1408,#1409,#1410));
#5066=EDGE_LOOP('',(#1411,#1412,#1413,#1414));
#5067=EDGE_LOOP('',(#1415,#1416,#1417,#1418));
#5068=EDGE_LOOP('',(#1419,#1420,#1421,#1422));
#5069=EDGE_LOOP('',(#1423,#1424,#1425,#1426));
#5070=EDGE_LOOP('',(#1427,#1428,#1429,#1430));
#5071=EDGE_LOOP('',(#1431,#1432,#1433,#1434));
#5072=EDGE_LOOP('',(#1435,#1436,#1437,#1438));
#5073=EDGE_LOOP('',(#1439,#1440,#1441,#1442));
#5074=EDGE_LOOP('',(#1443,#1444,#1445,#1446));
#5075=EDGE_LOOP('',(#1447,#1448,#1449,#1450));
#5076=EDGE_LOOP('',(#1451,#1452,#1453,#1454));
#5077=EDGE_LOOP('',(#1455,#1456,#1457,#1458));
#5078=EDGE_LOOP('',(#1459,#1460,#1461,#1462));
#5079=EDGE_LOOP('',(#1463,#1464,#1465,#1466));
#5080=EDGE_LOOP('',(#1467,#1468,#1469,#1470));
#5081=EDGE_LOOP('',(#1471,#1472,#1473,#1474));
#5082=EDGE_LOOP('',(#1475,#1476,#1477,#1478));
#5083=EDGE_LOOP('',(#1479,#1480,#1481,#1482));
#5084=EDGE_LOOP('',(#1483,#1484,#1485,#1486));
#5085=EDGE_LOOP('',(#1487,#1488,#1489,#1490,#1491,#1492,#1493,#1494,#1495,
#1496,#1497,#1498,#1499,#1500,#1501,#1502));
#5086=EDGE_LOOP('',(#1503,#1504,#1505,#1506,#1507,#1508,#1509,#1510,#1511,
#1512,#1513,#1514));
#5087=EDGE_LOOP('',(#1515,#1516,#1517,#1518,#1519,#1520,#1521,#1522,#1523,
#1524,#1525,#1526));
#5088=EDGE_LOOP('',(#1527,#1528,#1529,#1530));
#5089=EDGE_LOOP('',(#1531,#1532,#1533,#1534));
#5090=EDGE_LOOP('',(#1535,#1536,#1537,#1538));
#5091=EDGE_LOOP('',(#1539,#1540,#1541,#1542));
#5092=EDGE_LOOP('',(#1543,#1544,#1545,#1546));
#5093=EDGE_LOOP('',(#1547,#1548,#1549,#1550));
#5094=EDGE_LOOP('',(#1551,#1552,#1553,#1554));
#5095=EDGE_LOOP('',(#1555,#1556,#1557,#1558));
#5096=EDGE_LOOP('',(#1559,#1560,#1561,#1562));
#5097=EDGE_LOOP('',(#1563,#1564,#1565,#1566));
#5098=EDGE_LOOP('',(#1567,#1568,#1569,#1570));
#5099=EDGE_LOOP('',(#1571,#1572,#1573,#1574));
#5100=EDGE_LOOP('',(#1575,#1576,#1577,#1578));
#5101=EDGE_LOOP('',(#1579,#1580,#1581,#1582));
#5102=EDGE_LOOP('',(#1583,#1584,#1585,#1586));
#5103=EDGE_LOOP('',(#1587,#1588,#1589,#1590));
#5104=EDGE_LOOP('',(#1591,#1592,#1593,#1594));
#5105=EDGE_LOOP('',(#1595,#1596,#1597,#1598));
#5106=EDGE_LOOP('',(#1599,#1600,#1601,#1602));
#5107=EDGE_LOOP('',(#1603,#1604,#1605,#1606));
#5108=EDGE_LOOP('',(#1607,#1608,#1609,#1610));
#5109=EDGE_LOOP('',(#1611,#1612,#1613,#1614));
#5110=EDGE_LOOP('',(#1615,#1616,#1617,#1618));
#5111=EDGE_LOOP('',(#1619,#1620,#1621,#1622));
#5112=EDGE_LOOP('',(#1623,#1624,#1625,#1626));
#5113=EDGE_LOOP('',(#1627,#1628,#1629,#1630));
#5114=EDGE_LOOP('',(#1631,#1632,#1633,#1634));
#5115=EDGE_LOOP('',(#1635,#1636,#1637,#1638));
#5116=EDGE_LOOP('',(#1639,#1640,#1641,#1642));
#5117=EDGE_LOOP('',(#1643,#1644,#1645,#1646));
#5118=EDGE_LOOP('',(#1647,#1648,#1649,#1650));
#5119=EDGE_LOOP('',(#1651,#1652,#1653,#1654));
#5120=EDGE_LOOP('',(#1655,#1656,#1657,#1658));
#5121=EDGE_LOOP('',(#1659,#1660,#1661,#1662));
#5122=EDGE_LOOP('',(#1663,#1664,#1665,#1666));
#5123=EDGE_LOOP('',(#1667,#1668,#1669,#1670));
#5124=EDGE_LOOP('',(#1671,#1672,#1673,#1674));
#5125=EDGE_LOOP('',(#1675,#1676,#1677,#1678));
#5126=EDGE_LOOP('',(#1679,#1680,#1681,#1682));
#5127=EDGE_LOOP('',(#1683,#1684,#1685,#1686,#1687,#1688,#1689,#1690,#1691,
#1692,#1693,#1694,#1695,#1696,#1697));
#5128=EDGE_LOOP('',(#1698,#1699,#1700,#1701,#1702,#1703,#1704,#1705,#1706,
#1707,#1708,#1709));
#5129=EDGE_LOOP('',(#1710,#1711,#1712,#1713,#1714,#1715,#1716,#1717,#1718,
#1719,#1720,#1721));
#5130=EDGE_LOOP('',(#1722,#1723,#1724,#1725,#1726,#1727,#1728,#1729,#1730,
#1731,#1732,#1733));
#5131=EDGE_LOOP('',(#1734,#1735,#1736,#1737,#1738,#1739,#1740,#1741,#1742,
#1743,#1744,#1745));
#5132=EDGE_LOOP('',(#1746,#1747,#1748,#1749));
#5133=EDGE_LOOP('',(#1750,#1751,#1752,#1753));
#5134=EDGE_LOOP('',(#1754,#1755,#1756,#1757));
#5135=EDGE_LOOP('',(#1758,#1759,#1760,#1761));
#5136=EDGE_LOOP('',(#1762,#1763,#1764,#1765));
#5137=EDGE_LOOP('',(#1766,#1767,#1768,#1769));
#5138=EDGE_LOOP('',(#1770,#1771,#1772,#1773));
#5139=EDGE_LOOP('',(#1774,#1775,#1776,#1777));
#5140=EDGE_LOOP('',(#1778,#1779,#1780,#1781));
#5141=EDGE_LOOP('',(#1782,#1783,#1784,#1785));
#5142=EDGE_LOOP('',(#1786,#1787,#1788,#1789,#1790,#1791,#1792,#1793,#1794,
#1795));
#5143=EDGE_LOOP('',(#1796,#1797,#1798,#1799));
#5144=EDGE_LOOP('',(#1800,#1801,#1802,#1803));
#5145=EDGE_LOOP('',(#1804,#1805,#1806,#1807));
#5146=EDGE_LOOP('',(#1808,#1809,#1810,#1811));
#5147=EDGE_LOOP('',(#1812,#1813,#1814,#1815));
#5148=EDGE_LOOP('',(#1816,#1817,#1818,#1819));
#5149=EDGE_LOOP('',(#1820,#1821,#1822,#1823));
#5150=EDGE_LOOP('',(#1824,#1825,#1826,#1827));
#5151=EDGE_LOOP('',(#1828,#1829,#1830,#1831));
#5152=EDGE_LOOP('',(#1832,#1833,#1834,#1835));
#5153=EDGE_LOOP('',(#1836,#1837,#1838,#1839));
#5154=EDGE_LOOP('',(#1840,#1841,#1842,#1843));
#5155=EDGE_LOOP('',(#1844,#1845,#1846,#1847));
#5156=EDGE_LOOP('',(#1848,#1849,#1850,#1851));
#5157=EDGE_LOOP('',(#1852,#1853,#1854,#1855));
#5158=EDGE_LOOP('',(#1856,#1857,#1858,#1859));
#5159=EDGE_LOOP('',(#1860,#1861,#1862,#1863));
#5160=EDGE_LOOP('',(#1864,#1865,#1866,#1867));
#5161=EDGE_LOOP('',(#1868,#1869,#1870,#1871));
#5162=EDGE_LOOP('',(#1872,#1873,#1874,#1875));
#5163=EDGE_LOOP('',(#1876,#1877,#1878,#1879));
#5164=EDGE_LOOP('',(#1880,#1881,#1882,#1883));
#5165=EDGE_LOOP('',(#1884,#1885,#1886,#1887));
#5166=EDGE_LOOP('',(#1888,#1889,#1890,#1891));
#5167=EDGE_LOOP('',(#1892,#1893,#1894,#1895));
#5168=EDGE_LOOP('',(#1896,#1897,#1898,#1899));
#5169=EDGE_LOOP('',(#1900,#1901,#1902,#1903));
#5170=EDGE_LOOP('',(#1904,#1905,#1906,#1907,#1908,#1909,#1910,#1911,#1912,
#1913,#1914,#1915,#1916,#1917));
#5171=EDGE_LOOP('',(#1918,#1919,#1920,#1921,#1922,#1923,#1924,#1925));
#5172=EDGE_LOOP('',(#1926,#1927,#1928,#1929,#1930,#1931,#1932,#1933));
#5173=EDGE_LOOP('',(#1934,#1935,#1936,#1937));
#5174=EDGE_LOOP('',(#1938,#1939,#1940,#1941));
#5175=EDGE_LOOP('',(#1942,#1943,#1944,#1945));
#5176=EDGE_LOOP('',(#1946,#1947,#1948,#1949));
#5177=EDGE_LOOP('',(#1950,#1951,#1952,#1953));
#5178=EDGE_LOOP('',(#1954,#1955,#1956,#1957));
#5179=EDGE_LOOP('',(#1958,#1959,#1960,#1961));
#5180=EDGE_LOOP('',(#1962,#1963,#1964,#1965));
#5181=EDGE_LOOP('',(#1966,#1967,#1968,#1969));
#5182=EDGE_LOOP('',(#1970,#1971,#1972,#1973));
#5183=EDGE_LOOP('',(#1974,#1975,#1976,#1977));
#5184=EDGE_LOOP('',(#1978,#1979,#1980,#1981));
#5185=EDGE_LOOP('',(#1982,#1983,#1984,#1985));
#5186=EDGE_LOOP('',(#1986,#1987,#1988,#1989));
#5187=EDGE_LOOP('',(#1990,#1991,#1992,#1993));
#5188=EDGE_LOOP('',(#1994,#1995,#1996,#1997));
#5189=EDGE_LOOP('',(#1998,#1999,#2000,#2001));
#5190=EDGE_LOOP('',(#2002,#2003,#2004,#2005));
#5191=EDGE_LOOP('',(#2006,#2007,#2008,#2009));
#5192=EDGE_LOOP('',(#2010,#2011,#2012,#2013));
#5193=EDGE_LOOP('',(#2014,#2015,#2016,#2017));
#5194=EDGE_LOOP('',(#2018,#2019,#2020,#2021));
#5195=EDGE_LOOP('',(#2022,#2023,#2024,#2025));
#5196=EDGE_LOOP('',(#2026,#2027,#2028,#2029));
#5197=EDGE_LOOP('',(#2030,#2031,#2032,#2033));
#5198=EDGE_LOOP('',(#2034,#2035,#2036,#2037));
#5199=EDGE_LOOP('',(#2038,#2039,#2040,#2041));
#5200=EDGE_LOOP('',(#2042,#2043,#2044,#2045));
#5201=EDGE_LOOP('',(#2046,#2047,#2048,#2049));
#5202=EDGE_LOOP('',(#2050,#2051,#2052,#2053,#2054,#2055,#2056,#2057,#2058,
#2059,#2060,#2061));
#5203=EDGE_LOOP('',(#2062,#2063,#2064,#2065,#2066,#2067,#2068,#2069,#2070,
#2071,#2072,#2073,#2074,#2075,#2076,#2077,#2078));
#5204=EDGE_LOOP('',(#2079,#2080,#2081,#2082,#2083,#2084,#2085,#2086,#2087,
#2088,#2089,#2090));
#5205=EDGE_LOOP('',(#2091,#2092,#2093,#2094));
#5206=EDGE_LOOP('',(#2095,#2096,#2097,#2098));
#5207=EDGE_LOOP('',(#2099,#2100,#2101,#2102));
#5208=EDGE_LOOP('',(#2103,#2104,#2105,#2106));
#5209=EDGE_LOOP('',(#2107,#2108,#2109,#2110));
#5210=EDGE_LOOP('',(#2111,#2112,#2113,#2114));
#5211=EDGE_LOOP('',(#2115,#2116,#2117,#2118));
#5212=EDGE_LOOP('',(#2119,#2120,#2121,#2122));
#5213=EDGE_LOOP('',(#2123,#2124,#2125,#2126));
#5214=EDGE_LOOP('',(#2127,#2128,#2129,#2130));
#5215=EDGE_LOOP('',(#2131,#2132,#2133,#2134));
#5216=EDGE_LOOP('',(#2135,#2136,#2137,#2138));
#5217=EDGE_LOOP('',(#2139,#2140,#2141,#2142));
#5218=EDGE_LOOP('',(#2143,#2144,#2145,#2146));
#5219=EDGE_LOOP('',(#2147,#2148,#2149,#2150));
#5220=EDGE_LOOP('',(#2151,#2152,#2153,#2154));
#5221=EDGE_LOOP('',(#2155,#2156,#2157,#2158));
#5222=EDGE_LOOP('',(#2159,#2160,#2161,#2162));
#5223=EDGE_LOOP('',(#2163,#2164,#2165,#2166));
#5224=EDGE_LOOP('',(#2167,#2168,#2169,#2170));
#5225=EDGE_LOOP('',(#2171,#2172,#2173,#2174));
#5226=EDGE_LOOP('',(#2175,#2176,#2177,#2178));
#5227=EDGE_LOOP('',(#2179,#2180,#2181,#2182));
#5228=EDGE_LOOP('',(#2183,#2184,#2185,#2186));
#5229=EDGE_LOOP('',(#2187,#2188,#2189,#2190));
#5230=EDGE_LOOP('',(#2191,#2192,#2193,#2194));
#5231=EDGE_LOOP('',(#2195,#2196,#2197,#2198));
#5232=EDGE_LOOP('',(#2199,#2200,#2201,#2202));
#5233=EDGE_LOOP('',(#2203,#2204,#2205,#2206));
#5234=EDGE_LOOP('',(#2207,#2208,#2209,#2210));
#5235=EDGE_LOOP('',(#2211,#2212,#2213,#2214));
#5236=EDGE_LOOP('',(#2215,#2216,#2217,#2218));
#5237=EDGE_LOOP('',(#2219,#2220,#2221,#2222));
#5238=EDGE_LOOP('',(#2223,#2224,#2225,#2226));
#5239=EDGE_LOOP('',(#2227,#2228,#2229,#2230));
#5240=EDGE_LOOP('',(#2231,#2232,#2233,#2234));
#5241=EDGE_LOOP('',(#2235,#2236,#2237,#2238));
#5242=EDGE_LOOP('',(#2239,#2240,#2241,#2242));
#5243=EDGE_LOOP('',(#2243,#2244,#2245,#2246));
#5244=EDGE_LOOP('',(#2247,#2248,#2249,#2250,#2251,#2252,#2253,#2254,#2255,
#2256,#2257,#2258,#2259,#2260,#2261));
#5245=EDGE_LOOP('',(#2262,#2263,#2264,#2265,#2266,#2267,#2268,#2269,#2270,
#2271,#2272,#2273));
#5246=EDGE_LOOP('',(#2274,#2275,#2276,#2277,#2278,#2279,#2280,#2281,#2282,
#2283,#2284,#2285));
#5247=EDGE_LOOP('',(#2286,#2287,#2288,#2289,#2290,#2291,#2292,#2293,#2294,
#2295,#2296,#2297));
#5248=EDGE_LOOP('',(#2298,#2299,#2300,#2301,#2302,#2303,#2304,#2305,#2306,
#2307,#2308,#2309));
#5249=EDGE_LOOP('',(#2310,#2311,#2312,#2313,#2314,#2315,#2316,#2317));
#5250=FACE_BOUND('',#4881,.T.);
#5251=FACE_BOUND('',#4882,.T.);
#5252=FACE_BOUND('',#4883,.T.);
#5253=FACE_BOUND('',#4884,.T.);
#5254=FACE_BOUND('',#4885,.T.);
#5255=FACE_BOUND('',#4886,.T.);
#5256=FACE_BOUND('',#4887,.T.);
#5257=FACE_BOUND('',#4888,.T.);
#5258=FACE_BOUND('',#4889,.T.);
#5259=FACE_BOUND('',#4890,.T.);
#5260=FACE_BOUND('',#4891,.T.);
#5261=FACE_BOUND('',#4892,.T.);
#5262=FACE_BOUND('',#4893,.T.);
#5263=FACE_BOUND('',#4894,.T.);
#5264=FACE_BOUND('',#4895,.T.);
#5265=FACE_BOUND('',#4896,.T.);
#5266=FACE_BOUND('',#4897,.T.);
#5267=FACE_BOUND('',#4898,.T.);
#5268=FACE_BOUND('',#4899,.T.);
#5269=FACE_BOUND('',#4900,.T.);
#5270=FACE_BOUND('',#4901,.T.);
#5271=FACE_BOUND('',#4902,.T.);
#5272=FACE_BOUND('',#4903,.T.);
#5273=FACE_BOUND('',#4904,.T.);
#5274=FACE_BOUND('',#4905,.T.);
#5275=FACE_BOUND('',#4906,.T.);
#5276=FACE_BOUND('',#4907,.T.);
#5277=FACE_BOUND('',#4908,.T.);
#5278=FACE_BOUND('',#4909,.T.);
#5279=FACE_BOUND('',#4910,.T.);
#5280=FACE_BOUND('',#4911,.T.);
#5281=FACE_BOUND('',#4912,.T.);
#5282=FACE_BOUND('',#4913,.T.);
#5283=FACE_BOUND('',#4914,.T.);
#5284=FACE_BOUND('',#4915,.T.);
#5285=FACE_BOUND('',#4916,.T.);
#5286=FACE_BOUND('',#4917,.T.);
#5287=FACE_BOUND('',#4918,.T.);
#5288=FACE_BOUND('',#4919,.T.);
#5289=FACE_BOUND('',#4920,.T.);
#5290=FACE_BOUND('',#4921,.T.);
#5291=FACE_BOUND('',#4922,.T.);
#5292=FACE_BOUND('',#4923,.T.);
#5293=FACE_BOUND('',#4924,.T.);
#5294=FACE_BOUND('',#4925,.T.);
#5295=FACE_BOUND('',#4926,.T.);
#5296=FACE_BOUND('',#4927,.T.);
#5297=FACE_BOUND('',#4928,.T.);
#5298=FACE_BOUND('',#4929,.T.);
#5299=FACE_BOUND('',#4930,.T.);
#5300=FACE_BOUND('',#4931,.T.);
#5301=FACE_BOUND('',#4932,.T.);
#5302=FACE_BOUND('',#4933,.T.);
#5303=FACE_BOUND('',#4934,.T.);
#5304=FACE_BOUND('',#4935,.T.);
#5305=FACE_BOUND('',#4936,.T.);
#5306=FACE_BOUND('',#4937,.T.);
#5307=FACE_BOUND('',#4938,.T.);
#5308=FACE_BOUND('',#4939,.T.);
#5309=FACE_BOUND('',#4940,.T.);
#5310=FACE_BOUND('',#4941,.T.);
#5311=FACE_BOUND('',#4942,.T.);
#5312=FACE_BOUND('',#4943,.T.);
#5313=FACE_BOUND('',#4944,.T.);
#5314=FACE_BOUND('',#4945,.T.);
#5315=FACE_BOUND('',#4946,.T.);
#5316=FACE_BOUND('',#4947,.T.);
#5317=FACE_BOUND('',#4948,.T.);
#5318=FACE_BOUND('',#4949,.T.);
#5319=FACE_BOUND('',#4950,.T.);
#5320=FACE_BOUND('',#4951,.T.);
#5321=FACE_BOUND('',#4952,.T.);
#5322=FACE_BOUND('',#4953,.T.);
#5323=FACE_BOUND('',#4954,.T.);
#5324=FACE_BOUND('',#4955,.T.);
#5325=FACE_BOUND('',#4956,.T.);
#5326=FACE_BOUND('',#4957,.T.);
#5327=FACE_BOUND('',#4958,.T.);
#5328=FACE_BOUND('',#4959,.T.);
#5329=FACE_BOUND('',#4960,.T.);
#5330=FACE_BOUND('',#4961,.T.);
#5331=FACE_BOUND('',#4962,.T.);
#5332=FACE_BOUND('',#4963,.T.);
#5333=FACE_BOUND('',#4964,.T.);
#5334=FACE_BOUND('',#4965,.T.);
#5335=FACE_BOUND('',#4966,.T.);
#5336=FACE_BOUND('',#4967,.T.);
#5337=FACE_BOUND('',#4968,.T.);
#5338=FACE_BOUND('',#4969,.T.);
#5339=FACE_BOUND('',#4970,.T.);
#5340=FACE_BOUND('',#4971,.T.);
#5341=FACE_BOUND('',#4972,.T.);
#5342=FACE_BOUND('',#4973,.T.);
#5343=FACE_BOUND('',#4974,.T.);
#5344=FACE_BOUND('',#4975,.T.);
#5345=FACE_BOUND('',#4976,.T.);
#5346=FACE_BOUND('',#4977,.T.);
#5347=FACE_BOUND('',#4978,.T.);
#5348=FACE_BOUND('',#4979,.T.);
#5349=FACE_BOUND('',#4980,.T.);
#5350=FACE_BOUND('',#4981,.T.);
#5351=FACE_BOUND('',#4982,.T.);
#5352=FACE_BOUND('',#4983,.T.);
#5353=FACE_BOUND('',#4984,.T.);
#5354=FACE_BOUND('',#4985,.T.);
#5355=FACE_BOUND('',#4986,.T.);
#5356=FACE_BOUND('',#4987,.T.);
#5357=FACE_BOUND('',#4988,.T.);
#5358=FACE_BOUND('',#4989,.T.);
#5359=FACE_BOUND('',#4990,.T.);
#5360=FACE_BOUND('',#4991,.T.);
#5361=FACE_BOUND('',#4992,.T.);
#5362=FACE_BOUND('',#4993,.T.);
#5363=FACE_BOUND('',#4994,.T.);
#5364=FACE_BOUND('',#4995,.T.);
#5365=FACE_BOUND('',#4996,.T.);
#5366=FACE_BOUND('',#4997,.T.);
#5367=FACE_BOUND('',#4998,.T.);
#5368=FACE_BOUND('',#4999,.T.);
#5369=FACE_BOUND('',#5000,.T.);
#5370=FACE_BOUND('',#5001,.T.);
#5371=FACE_BOUND('',#5002,.T.);
#5372=FACE_BOUND('',#5003,.T.);
#5373=FACE_BOUND('',#5004,.T.);
#5374=FACE_BOUND('',#5005,.T.);
#5375=FACE_BOUND('',#5006,.T.);
#5376=FACE_BOUND('',#5007,.T.);
#5377=FACE_BOUND('',#5008,.T.);
#5378=FACE_BOUND('',#5009,.T.);
#5379=FACE_BOUND('',#5010,.T.);
#5380=FACE_BOUND('',#5011,.T.);
#5381=FACE_BOUND('',#5012,.T.);
#5382=FACE_BOUND('',#5013,.T.);
#5383=FACE_BOUND('',#5014,.T.);
#5384=FACE_BOUND('',#5015,.T.);
#5385=FACE_BOUND('',#5016,.T.);
#5386=FACE_BOUND('',#5017,.T.);
#5387=FACE_BOUND('',#5018,.T.);
#5388=FACE_BOUND('',#5019,.T.);
#5389=FACE_BOUND('',#5020,.T.);
#5390=FACE_BOUND('',#5021,.T.);
#5391=FACE_BOUND('',#5022,.T.);
#5392=FACE_BOUND('',#5023,.T.);
#5393=FACE_BOUND('',#5024,.T.);
#5394=FACE_BOUND('',#5025,.T.);
#5395=FACE_BOUND('',#5026,.T.);
#5396=FACE_BOUND('',#5027,.T.);
#5397=FACE_BOUND('',#5028,.T.);
#5398=FACE_BOUND('',#5029,.T.);
#5399=FACE_BOUND('',#5030,.T.);
#5400=FACE_BOUND('',#5031,.T.);
#5401=FACE_BOUND('',#5032,.T.);
#5402=FACE_BOUND('',#5033,.T.);
#5403=FACE_BOUND('',#5034,.T.);
#5404=FACE_BOUND('',#5035,.T.);
#5405=FACE_BOUND('',#5036,.T.);
#5406=FACE_BOUND('',#5037,.T.);
#5407=FACE_BOUND('',#5038,.T.);
#5408=FACE_BOUND('',#5039,.T.);
#5409=FACE_BOUND('',#5040,.T.);
#5410=FACE_BOUND('',#5041,.T.);
#5411=FACE_BOUND('',#5042,.T.);
#5412=FACE_BOUND('',#5043,.T.);
#5413=FACE_BOUND('',#5044,.T.);
#5414=FACE_BOUND('',#5045,.T.);
#5415=FACE_BOUND('',#5046,.T.);
#5416=FACE_BOUND('',#5047,.T.);
#5417=FACE_BOUND('',#5048,.T.);
#5418=FACE_BOUND('',#5049,.T.);
#5419=FACE_BOUND('',#5050,.T.);
#5420=FACE_BOUND('',#5051,.T.);
#5421=FACE_BOUND('',#5052,.T.);
#5422=FACE_BOUND('',#5053,.T.);
#5423=FACE_BOUND('',#5054,.T.);
#5424=FACE_BOUND('',#5055,.T.);
#5425=FACE_BOUND('',#5056,.T.);
#5426=FACE_BOUND('',#5057,.T.);
#5427=FACE_BOUND('',#5058,.T.);
#5428=FACE_BOUND('',#5059,.T.);
#5429=FACE_BOUND('',#5060,.T.);
#5430=FACE_BOUND('',#5061,.T.);
#5431=FACE_BOUND('',#5062,.T.);
#5432=FACE_BOUND('',#5063,.T.);
#5433=FACE_BOUND('',#5064,.T.);
#5434=FACE_BOUND('',#5065,.T.);
#5435=FACE_BOUND('',#5066,.T.);
#5436=FACE_BOUND('',#5067,.T.);
#5437=FACE_BOUND('',#5068,.T.);
#5438=FACE_BOUND('',#5069,.T.);
#5439=FACE_BOUND('',#5070,.T.);
#5440=FACE_BOUND('',#5071,.T.);
#5441=FACE_BOUND('',#5072,.T.);
#5442=FACE_BOUND('',#5073,.T.);
#5443=FACE_BOUND('',#5074,.T.);
#5444=FACE_BOUND('',#5075,.T.);
#5445=FACE_BOUND('',#5076,.T.);
#5446=FACE_BOUND('',#5077,.T.);
#5447=FACE_BOUND('',#5078,.T.);
#5448=FACE_BOUND('',#5079,.T.);
#5449=FACE_BOUND('',#5080,.T.);
#5450=FACE_BOUND('',#5081,.T.);
#5451=FACE_BOUND('',#5082,.T.);
#5452=FACE_BOUND('',#5083,.T.);
#5453=FACE_BOUND('',#5084,.T.);
#5454=FACE_BOUND('',#5085,.T.);
#5455=FACE_BOUND('',#5086,.T.);
#5456=FACE_BOUND('',#5087,.T.);
#5457=FACE_BOUND('',#5088,.T.);
#5458=FACE_BOUND('',#5089,.T.);
#5459=FACE_BOUND('',#5090,.T.);
#5460=FACE_BOUND('',#5091,.T.);
#5461=FACE_BOUND('',#5092,.T.);
#5462=FACE_BOUND('',#5093,.T.);
#5463=FACE_BOUND('',#5094,.T.);
#5464=FACE_BOUND('',#5095,.T.);
#5465=FACE_BOUND('',#5096,.T.);
#5466=FACE_BOUND('',#5097,.T.);
#5467=FACE_BOUND('',#5098,.T.);
#5468=FACE_BOUND('',#5099,.T.);
#5469=FACE_BOUND('',#5100,.T.);
#5470=FACE_BOUND('',#5101,.T.);
#5471=FACE_BOUND('',#5102,.T.);
#5472=FACE_BOUND('',#5103,.T.);
#5473=FACE_BOUND('',#5104,.T.);
#5474=FACE_BOUND('',#5105,.T.);
#5475=FACE_BOUND('',#5106,.T.);
#5476=FACE_BOUND('',#5107,.T.);
#5477=FACE_BOUND('',#5108,.T.);
#5478=FACE_BOUND('',#5109,.T.);
#5479=FACE_BOUND('',#5110,.T.);
#5480=FACE_BOUND('',#5111,.T.);
#5481=FACE_BOUND('',#5112,.T.);
#5482=FACE_BOUND('',#5113,.T.);
#5483=FACE_BOUND('',#5114,.T.);
#5484=FACE_BOUND('',#5115,.T.);
#5485=FACE_BOUND('',#5116,.T.);
#5486=FACE_BOUND('',#5117,.T.);
#5487=FACE_BOUND('',#5118,.T.);
#5488=FACE_BOUND('',#5119,.T.);
#5489=FACE_BOUND('',#5120,.T.);
#5490=FACE_BOUND('',#5121,.T.);
#5491=FACE_BOUND('',#5122,.T.);
#5492=FACE_BOUND('',#5123,.T.);
#5493=FACE_BOUND('',#5124,.T.);
#5494=FACE_BOUND('',#5125,.T.);
#5495=FACE_BOUND('',#5126,.T.);
#5496=FACE_BOUND('',#5127,.T.);
#5497=FACE_BOUND('',#5128,.T.);
#5498=FACE_BOUND('',#5129,.T.);
#5499=FACE_BOUND('',#5130,.T.);
#5500=FACE_BOUND('',#5131,.T.);
#5501=FACE_BOUND('',#5132,.T.);
#5502=FACE_BOUND('',#5133,.T.);
#5503=FACE_BOUND('',#5134,.T.);
#5504=FACE_BOUND('',#5135,.T.);
#5505=FACE_BOUND('',#5136,.T.);
#5506=FACE_BOUND('',#5137,.T.);
#5507=FACE_BOUND('',#5138,.T.);
#5508=FACE_BOUND('',#5139,.T.);
#5509=FACE_BOUND('',#5140,.T.);
#5510=FACE_BOUND('',#5141,.T.);
#5511=FACE_BOUND('',#5142,.T.);
#5512=FACE_BOUND('',#5143,.T.);
#5513=FACE_BOUND('',#5144,.T.);
#5514=FACE_BOUND('',#5145,.T.);
#5515=FACE_BOUND('',#5146,.T.);
#5516=FACE_BOUND('',#5147,.T.);
#5517=FACE_BOUND('',#5148,.T.);
#5518=FACE_BOUND('',#5149,.T.);
#5519=FACE_BOUND('',#5150,.T.);
#5520=FACE_BOUND('',#5151,.T.);
#5521=FACE_BOUND('',#5152,.T.);
#5522=FACE_BOUND('',#5153,.T.);
#5523=FACE_BOUND('',#5154,.T.);
#5524=FACE_BOUND('',#5155,.T.);
#5525=FACE_BOUND('',#5156,.T.);
#5526=FACE_BOUND('',#5157,.T.);
#5527=FACE_BOUND('',#5158,.T.);
#5528=FACE_BOUND('',#5159,.T.);
#5529=FACE_BOUND('',#5160,.T.);
#5530=FACE_BOUND('',#5161,.T.);
#5531=FACE_BOUND('',#5162,.T.);
#5532=FACE_BOUND('',#5163,.T.);
#5533=FACE_BOUND('',#5164,.T.);
#5534=FACE_BOUND('',#5165,.T.);
#5535=FACE_BOUND('',#5166,.T.);
#5536=FACE_BOUND('',#5167,.T.);
#5537=FACE_BOUND('',#5168,.T.);
#5538=FACE_BOUND('',#5169,.T.);
#5539=FACE_BOUND('',#5170,.T.);
#5540=FACE_BOUND('',#5171,.T.);
#5541=FACE_BOUND('',#5172,.T.);
#5542=FACE_BOUND('',#5173,.T.);
#5543=FACE_BOUND('',#5174,.T.);
#5544=FACE_BOUND('',#5175,.T.);
#5545=FACE_BOUND('',#5176,.T.);
#5546=FACE_BOUND('',#5177,.T.);
#5547=FACE_BOUND('',#5178,.T.);
#5548=FACE_BOUND('',#5179,.T.);
#5549=FACE_BOUND('',#5180,.T.);
#5550=FACE_BOUND('',#5181,.T.);
#5551=FACE_BOUND('',#5182,.T.);
#5552=FACE_BOUND('',#5183,.T.);
#5553=FACE_BOUND('',#5184,.T.);
#5554=FACE_BOUND('',#5185,.T.);
#5555=FACE_BOUND('',#5186,.T.);
#5556=FACE_BOUND('',#5187,.T.);
#5557=FACE_BOUND('',#5188,.T.);
#5558=FACE_BOUND('',#5189,.T.);
#5559=FACE_BOUND('',#5190,.T.);
#5560=FACE_BOUND('',#5191,.T.);
#5561=FACE_BOUND('',#5192,.T.);
#5562=FACE_BOUND('',#5193,.T.);
#5563=FACE_BOUND('',#5194,.T.);
#5564=FACE_BOUND('',#5195,.T.);
#5565=FACE_BOUND('',#5196,.T.);
#5566=FACE_BOUND('',#5197,.T.);
#5567=FACE_BOUND('',#5198,.T.);
#5568=FACE_BOUND('',#5199,.T.);
#5569=FACE_BOUND('',#5200,.T.);
#5570=FACE_BOUND('',#5201,.T.);
#5571=FACE_BOUND('',#5202,.T.);
#5572=FACE_BOUND('',#5203,.T.);
#5573=FACE_BOUND('',#5204,.T.);
#5574=FACE_BOUND('',#5205,.T.);
#5575=FACE_BOUND('',#5206,.T.);
#5576=FACE_BOUND('',#5207,.T.);
#5577=FACE_BOUND('',#5208,.T.);
#5578=FACE_BOUND('',#5209,.T.);
#5579=FACE_BOUND('',#5210,.T.);
#5580=FACE_BOUND('',#5211,.T.);
#5581=FACE_BOUND('',#5212,.T.);
#5582=FACE_BOUND('',#5213,.T.);
#5583=FACE_BOUND('',#5214,.T.);
#5584=FACE_BOUND('',#5215,.T.);
#5585=FACE_BOUND('',#5216,.T.);
#5586=FACE_BOUND('',#5217,.T.);
#5587=FACE_BOUND('',#5218,.T.);
#5588=FACE_BOUND('',#5219,.T.);
#5589=FACE_BOUND('',#5220,.T.);
#5590=FACE_BOUND('',#5221,.T.);
#5591=FACE_BOUND('',#5222,.T.);
#5592=FACE_BOUND('',#5223,.T.);
#5593=FACE_BOUND('',#5224,.T.);
#5594=FACE_BOUND('',#5225,.T.);
#5595=FACE_BOUND('',#5226,.T.);
#5596=FACE_BOUND('',#5227,.T.);
#5597=FACE_BOUND('',#5228,.T.);
#5598=FACE_BOUND('',#5229,.T.);
#5599=FACE_BOUND('',#5230,.T.);
#5600=FACE_BOUND('',#5231,.T.);
#5601=FACE_BOUND('',#5232,.T.);
#5602=FACE_BOUND('',#5233,.T.);
#5603=FACE_BOUND('',#5234,.T.);
#5604=FACE_BOUND('',#5235,.T.);
#5605=FACE_BOUND('',#5236,.T.);
#5606=FACE_BOUND('',#5237,.T.);
#5607=FACE_BOUND('',#5238,.T.);
#5608=FACE_BOUND('',#5239,.T.);
#5609=FACE_BOUND('',#5240,.T.);
#5610=FACE_BOUND('',#5241,.T.);
#5611=FACE_BOUND('',#5242,.T.);
#5612=FACE_BOUND('',#5243,.T.);
#5613=FACE_BOUND('',#5244,.T.);
#5614=FACE_BOUND('',#5245,.T.);
#5615=FACE_BOUND('',#5246,.T.);
#5616=FACE_BOUND('',#5247,.T.);
#5617=FACE_BOUND('',#5248,.T.);
#5618=FACE_BOUND('',#5249,.T.);
#5619=PLANE('',#6118);
#5620=PLANE('',#6119);
#5621=PLANE('',#6120);
#5622=PLANE('',#6125);
#5623=PLANE('',#6130);
#5624=PLANE('',#6131);
#5625=PLANE('',#6132);
#5626=PLANE('',#6133);
#5627=PLANE('',#6134);
#5628=PLANE('',#6201);
#5629=PLANE('',#6202);
#5630=PLANE('',#6203);
#5631=PLANE('',#6204);
#5632=PLANE('',#6211);
#5633=PLANE('',#6212);
#5634=PLANE('',#6217);
#5635=PLANE('',#6218);
#5636=PLANE('',#6219);
#5637=PLANE('',#6220);
#5638=PLANE('',#6231);
#5639=PLANE('',#6232);
#5640=PLANE('',#6233);
#5641=PLANE('',#6234);
#5642=PLANE('',#6235);
#5643=PLANE('',#6242);
#5644=PLANE('',#6243);
#5645=PLANE('',#6250);
#5646=PLANE('',#6251);
#5647=PLANE('',#6258);
#5648=PLANE('',#6259);
#5649=PLANE('',#6260);
#5650=PLANE('',#6273);
#5651=PLANE('',#6280);
#5652=PLANE('',#6287);
#5653=PLANE('',#6294);
#5654=PLANE('',#6298);
#5655=PLANE('',#6299);
#5656=PLANE('',#6306);
#5657=PLANE('',#6313);
#5658=PLANE('',#6317);
#5659=PLANE('',#6318);
#5660=PLANE('',#6319);
#5661=PLANE('',#6326);
#5662=PLANE('',#6333);
#5663=PLANE('',#6340);
#5664=PLANE('',#6344);
#5665=PLANE('',#6345);
#5666=PLANE('',#6346);
#5667=PLANE('',#6347);
#5668=PLANE('',#6348);
#5669=PLANE('',#6349);
#5670=PLANE('',#6356);
#5671=PLANE('',#6363);
#5672=PLANE('',#6364);
#5673=PLANE('',#6365);
#5674=PLANE('',#6366);
#5675=PLANE('',#6370);
#5676=PLANE('',#6371);
#5677=PLANE('',#6372);
#5678=PLANE('',#6373);
#5679=PLANE('',#6380);
#5680=PLANE('',#6387);
#5681=PLANE('',#6388);
#5682=PLANE('',#6389);
#5683=PLANE('',#6390);
#5684=PLANE('',#6391);
#5685=PLANE('',#6392);
#5686=PLANE('',#6393);
#5687=PLANE('',#6400);
#5688=PLANE('',#6407);
#5689=PLANE('',#6408);
#5690=PLANE('',#6409);
#5691=PLANE('',#6410);
#5692=PLANE('',#6417);
#5693=PLANE('',#6424);
#5694=PLANE('',#6431);
#5695=PLANE('',#6437);
#5696=PLANE('',#6444);
#5697=PLANE('',#6451);
#5698=PLANE('',#6458);
#5699=PLANE('',#6466);
#5700=PLANE('',#6467);
#5701=PLANE('',#6468);
#5702=PLANE('',#6475);
#5703=PLANE('',#6482);
#5704=PLANE('',#6489);
#5705=PLANE('',#6493);
#5706=PLANE('',#6500);
#5707=PLANE('',#6507);
#5708=PLANE('',#6514);
#5709=PLANE('',#6518);
#5710=PLANE('',#6519);
#5711=PLANE('',#6526);
#5712=PLANE('',#6535);
#5713=PLANE('',#6545);
#5714=PLANE('',#6549);
#5715=PLANE('',#6550);
#5716=PLANE('',#6551);
#5717=PLANE('',#6552);
#5718=PLANE('',#6553);
#5719=PLANE('',#6554);
#5720=PLANE('',#6555);
#5721=PLANE('',#6556);
#5722=PLANE('',#6557);
#5723=PLANE('',#6558);
#5724=PLANE('',#6559);
#5725=PLANE('',#6560);
#5726=PLANE('',#6561);
#5727=PLANE('',#6562);
#5728=PLANE('',#6563);
#5729=PLANE('',#6564);
#5730=PLANE('',#6565);
#5731=PLANE('',#6566);
#5732=PLANE('',#6567);
#5733=PLANE('',#6568);
#5734=PLANE('',#6569);
#5735=PLANE('',#6576);
#5736=PLANE('',#6583);
#5737=PLANE('',#6584);
#5738=PLANE('',#6585);
#5739=PLANE('',#6586);
#5740=PLANE('',#6587);
#5741=PLANE('',#6588);
#5742=PLANE('',#6589);
#5743=PLANE('',#6596);
#5744=PLANE('',#6603);
#5745=PLANE('',#6604);
#5746=PLANE('',#6605);
#5747=PLANE('',#6606);
#5748=PLANE('',#6607);
#5749=PLANE('',#6608);
#5750=PLANE('',#6609);
#5751=PLANE('',#6610);
#5752=PLANE('',#6611);
#5753=PLANE('',#6618);
#5754=PLANE('',#6625);
#5755=PLANE('',#6626);
#5756=PLANE('',#6627);
#5757=PLANE('',#6628);
#5758=PLANE('',#6635);
#5759=PLANE('',#6642);
#5760=PLANE('',#6649);
#5761=PLANE('',#6656);
#5762=PLANE('',#6657);
#5763=PLANE('',#6658);
#5764=PLANE('',#6659);
#5765=PLANE('',#6666);
#5766=PLANE('',#6673);
#5767=PLANE('',#6680);
#5768=PLANE('',#6684);
#5769=PLANE('',#6691);
#5770=PLANE('',#6698);
#5771=PLANE('',#6705);
#5772=PLANE('',#6709);
#5773=PLANE('',#6710);
#5774=PLANE('',#6717);
#5775=PLANE('',#6726);
#5776=PLANE('',#6736);
#5777=PLANE('',#6740);
#5778=PLANE('',#6741);
#5779=PLANE('',#6742);
#5780=PLANE('',#6743);
#5781=ADVANCED_FACE('',(#5250),#5619,.F.);
#5782=ADVANCED_FACE('',(#5251),#5620,.T.);
#5783=ADVANCED_FACE('',(#5252,#5253,#5254),#5621,.F.);
#5784=ADVANCED_FACE('',(#5255,#5256,#5257,#5258,#5259),#5622,.T.);
#5785=ADVANCED_FACE('',(#5260),#5623,.F.);
#5786=ADVANCED_FACE('',(#5261),#5624,.T.);
#5787=ADVANCED_FACE('',(#5262),#5625,.T.);
#5788=ADVANCED_FACE('',(#5263),#5626,.F.);
#5789=ADVANCED_FACE('',(#5264,#5265,#5266,#5267,#5268,#5269,#5270,#5271,
#5272,#5273,#5274,#5275,#5276,#5277,#5278,#5279,#5280),#5627,.T.);
#5790=ADVANCED_FACE('',(#5281),#5628,.T.);
#5791=ADVANCED_FACE('',(#5282),#5629,.F.);
#5792=ADVANCED_FACE('',(#5283),#5630,.F.);
#5793=ADVANCED_FACE('',(#5284),#5631,.F.);
#5794=ADVANCED_FACE('',(#5285),#5632,.T.);
#5795=ADVANCED_FACE('',(#5286,#5287,#5288,#5289,#5290,#5291),#5633,.T.);
#5796=ADVANCED_FACE('',(#5292),#5634,.F.);
#5797=ADVANCED_FACE('',(#5293),#5635,.T.);
#5798=ADVANCED_FACE('',(#5294),#5636,.T.);
#5799=ADVANCED_FACE('',(#5295),#5637,.F.);
#5800=ADVANCED_FACE('',(#5296,#5297),#22,.F.);
#5801=ADVANCED_FACE('',(#5298,#5299),#23,.F.);
#5802=ADVANCED_FACE('',(#5300,#5301),#24,.F.);
#5803=ADVANCED_FACE('',(#5302,#5303),#25,.F.);
#5804=ADVANCED_FACE('',(#5304,#5305),#26,.F.);
#5805=ADVANCED_FACE('',(#5306,#5307),#27,.F.);
#5806=ADVANCED_FACE('',(#5308,#5309),#28,.F.);
#5807=ADVANCED_FACE('',(#5310,#5311),#29,.F.);
#5808=ADVANCED_FACE('',(#5312),#5638,.F.);
#5809=ADVANCED_FACE('',(#5313),#5639,.F.);
#5810=ADVANCED_FACE('',(#5314),#5640,.T.);
#5811=ADVANCED_FACE('',(#5315),#5641,.T.);
#5812=ADVANCED_FACE('',(#5316),#5642,.F.);
#5813=ADVANCED_FACE('',(#5317),#5643,.F.);
#5814=ADVANCED_FACE('',(#5318),#5644,.T.);
#5815=ADVANCED_FACE('',(#5319),#5645,.T.);
#5816=ADVANCED_FACE('',(#5320),#5646,.T.);
#5817=ADVANCED_FACE('',(#5321),#5647,.F.);
#5818=ADVANCED_FACE('',(#5322),#5648,.T.);
#5819=ADVANCED_FACE('',(#5323),#5649,.T.);
#5820=ADVANCED_FACE('',(#5324),#30,.F.);
#5821=ADVANCED_FACE('',(#5325),#31,.F.);
#5822=ADVANCED_FACE('',(#5326),#32,.F.);
#5823=ADVANCED_FACE('',(#5327),#33,.F.);
#5824=ADVANCED_FACE('',(#5328),#12,.T.);
#5825=ADVANCED_FACE('',(#5329),#13,.T.);
#5826=ADVANCED_FACE('',(#5330),#14,.T.);
#5827=ADVANCED_FACE('',(#5331),#15,.T.);
#5828=ADVANCED_FACE('',(#5332),#16,.T.);
#5829=ADVANCED_FACE('',(#5333),#17,.T.);
#5830=ADVANCED_FACE('',(#5334),#18,.T.);
#5831=ADVANCED_FACE('',(#5335),#19,.T.);
#5832=ADVANCED_FACE('',(#5336),#34,.F.);
#5833=ADVANCED_FACE('',(#5337),#35,.F.);
#5834=ADVANCED_FACE('',(#5338),#36,.F.);
#5835=ADVANCED_FACE('',(#5339),#37,.F.);
#5836=ADVANCED_FACE('',(#5340),#38,.T.);
#5837=ADVANCED_FACE('',(#5341),#39,.T.);
#5838=ADVANCED_FACE('',(#5342),#40,.T.);
#5839=ADVANCED_FACE('',(#5343),#41,.T.);
#5840=ADVANCED_FACE('',(#5344),#5650,.T.);
#5841=ADVANCED_FACE('',(#5345),#42,.F.);
#5842=ADVANCED_FACE('',(#5346),#43,.F.);
#5843=ADVANCED_FACE('',(#5347),#5651,.T.);
#5844=ADVANCED_FACE('',(#5348),#44,.F.);
#5845=ADVANCED_FACE('',(#5349),#45,.F.);
#5846=ADVANCED_FACE('',(#5350),#5652,.T.);
#5847=ADVANCED_FACE('',(#5351),#46,.F.);
#5848=ADVANCED_FACE('',(#5352),#47,.F.);
#5849=ADVANCED_FACE('',(#5353),#5653,.T.);
#5850=ADVANCED_FACE('',(#5354),#48,.F.);
#5851=ADVANCED_FACE('',(#5355),#5654,.T.);
#5852=ADVANCED_FACE('',(#5356),#5655,.T.);
#5853=ADVANCED_FACE('',(#5357),#49,.T.);
#5854=ADVANCED_FACE('',(#5358),#50,.T.);
#5855=ADVANCED_FACE('',(#5359),#51,.T.);
#5856=ADVANCED_FACE('',(#5360),#5656,.T.);
#5857=ADVANCED_FACE('',(#5361),#52,.T.);
#5858=ADVANCED_FACE('',(#5362),#53,.T.);
#5859=ADVANCED_FACE('',(#5363),#54,.T.);
#5860=ADVANCED_FACE('',(#5364),#5657,.T.);
#5861=ADVANCED_FACE('',(#5365),#55,.F.);
#5862=ADVANCED_FACE('',(#5366,#5367),#5658,.T.);
#5863=ADVANCED_FACE('',(#5368),#5659,.T.);
#5864=ADVANCED_FACE('',(#5369),#5660,.T.);
#5865=ADVANCED_FACE('',(#5370),#56,.F.);
#5866=ADVANCED_FACE('',(#5371),#57,.F.);
#5867=ADVANCED_FACE('',(#5372),#5661,.T.);
#5868=ADVANCED_FACE('',(#5373),#58,.F.);
#5869=ADVANCED_FACE('',(#5374),#59,.F.);
#5870=ADVANCED_FACE('',(#5375),#5662,.T.);
#5871=ADVANCED_FACE('',(#5376),#60,.F.);
#5872=ADVANCED_FACE('',(#5377),#61,.F.);
#5873=ADVANCED_FACE('',(#5378),#5663,.T.);
#5874=ADVANCED_FACE('',(#5379),#62,.F.);
#5875=ADVANCED_FACE('',(#5380),#5664,.T.);
#5876=ADVANCED_FACE('',(#5381),#5665,.T.);
#5877=ADVANCED_FACE('',(#5382),#5666,.T.);
#5878=ADVANCED_FACE('',(#5383),#5667,.T.);
#5879=ADVANCED_FACE('',(#5384),#5668,.T.);
#5880=ADVANCED_FACE('',(#5385),#5669,.T.);
#5881=ADVANCED_FACE('',(#5386),#63,.T.);
#5882=ADVANCED_FACE('',(#5387),#64,.T.);
#5883=ADVANCED_FACE('',(#5388),#65,.T.);
#5884=ADVANCED_FACE('',(#5389),#5670,.T.);
#5885=ADVANCED_FACE('',(#5390),#66,.T.);
#5886=ADVANCED_FACE('',(#5391),#67,.T.);
#5887=ADVANCED_FACE('',(#5392),#68,.T.);
#5888=ADVANCED_FACE('',(#5393),#5671,.T.);
#5889=ADVANCED_FACE('',(#5394),#5672,.T.);
#5890=ADVANCED_FACE('',(#5395),#5673,.T.);
#5891=ADVANCED_FACE('',(#5396),#5674,.T.);
#5892=ADVANCED_FACE('',(#5397),#69,.F.);
#5893=ADVANCED_FACE('',(#5398,#5399),#5675,.T.);
#5894=ADVANCED_FACE('',(#5400),#5676,.T.);
#5895=ADVANCED_FACE('',(#5401),#5677,.T.);
#5896=ADVANCED_FACE('',(#5402),#5678,.T.);
#5897=ADVANCED_FACE('',(#5403),#70,.F.);
#5898=ADVANCED_FACE('',(#5404),#71,.F.);
#5899=ADVANCED_FACE('',(#5405),#5679,.T.);
#5900=ADVANCED_FACE('',(#5406),#72,.F.);
#5901=ADVANCED_FACE('',(#5407),#73,.F.);
#5902=ADVANCED_FACE('',(#5408),#5680,.T.);
#5903=ADVANCED_FACE('',(#5409),#5681,.T.);
#5904=ADVANCED_FACE('',(#5410),#5682,.T.);
#5905=ADVANCED_FACE('',(#5411),#5683,.T.);
#5906=ADVANCED_FACE('',(#5412),#5684,.T.);
#5907=ADVANCED_FACE('',(#5413),#5685,.T.);
#5908=ADVANCED_FACE('',(#5414),#5686,.T.);
#5909=ADVANCED_FACE('',(#5415),#74,.T.);
#5910=ADVANCED_FACE('',(#5416),#75,.T.);
#5911=ADVANCED_FACE('',(#5417),#76,.T.);
#5912=ADVANCED_FACE('',(#5418),#5687,.T.);
#5913=ADVANCED_FACE('',(#5419),#77,.T.);
#5914=ADVANCED_FACE('',(#5420),#78,.T.);
#5915=ADVANCED_FACE('',(#5421),#79,.T.);
#5916=ADVANCED_FACE('',(#5422),#5688,.T.);
#5917=ADVANCED_FACE('',(#5423,#5424),#5689,.T.);
#5918=ADVANCED_FACE('',(#5425),#5690,.T.);
#5919=ADVANCED_FACE('',(#5426),#5691,.T.);
#5920=ADVANCED_FACE('',(#5427),#80,.F.);
#5921=ADVANCED_FACE('',(#5428),#81,.F.);
#5922=ADVANCED_FACE('',(#5429),#5692,.T.);
#5923=ADVANCED_FACE('',(#5430),#82,.F.);
#5924=ADVANCED_FACE('',(#5431),#83,.F.);
#5925=ADVANCED_FACE('',(#5432),#5693,.T.);
#5926=ADVANCED_FACE('',(#5433),#84,.F.);
#5927=ADVANCED_FACE('',(#5434),#85,.F.);
#5928=ADVANCED_FACE('',(#5435),#5694,.T.);
#5929=ADVANCED_FACE('',(#5436),#86,.F.);
#5930=ADVANCED_FACE('',(#5437),#87,.T.);
#5931=ADVANCED_FACE('',(#5438),#5695,.T.);
#5932=ADVANCED_FACE('',(#5439),#88,.T.);
#5933=ADVANCED_FACE('',(#5440),#89,.T.);
#5934=ADVANCED_FACE('',(#5441),#90,.T.);
#5935=ADVANCED_FACE('',(#5442),#5696,.T.);
#5936=ADVANCED_FACE('',(#5443),#91,.T.);
#5937=ADVANCED_FACE('',(#5444),#92,.T.);
#5938=ADVANCED_FACE('',(#5445),#93,.T.);
#5939=ADVANCED_FACE('',(#5446),#5697,.T.);
#5940=ADVANCED_FACE('',(#5447),#94,.T.);
#5941=ADVANCED_FACE('',(#5448),#95,.T.);
#5942=ADVANCED_FACE('',(#5449),#96,.T.);
#5943=ADVANCED_FACE('',(#5450),#5698,.T.);
#5944=ADVANCED_FACE('',(#5451),#97,.T.);
#5945=ADVANCED_FACE('',(#5452),#98,.T.);
#5946=ADVANCED_FACE('',(#5453),#99,.F.);
#5947=ADVANCED_FACE('',(#5454,#5455),#5699,.T.);
#5948=ADVANCED_FACE('',(#5456),#5700,.T.);
#5949=ADVANCED_FACE('',(#5457),#5701,.T.);
#5950=ADVANCED_FACE('',(#5458),#100,.F.);
#5951=ADVANCED_FACE('',(#5459),#101,.F.);
#5952=ADVANCED_FACE('',(#5460),#5702,.T.);
#5953=ADVANCED_FACE('',(#5461),#102,.F.);
#5954=ADVANCED_FACE('',(#5462),#103,.F.);
#5955=ADVANCED_FACE('',(#5463),#5703,.T.);
#5956=ADVANCED_FACE('',(#5464),#104,.F.);
#5957=ADVANCED_FACE('',(#5465),#105,.F.);
#5958=ADVANCED_FACE('',(#5466),#5704,.T.);
#5959=ADVANCED_FACE('',(#5467),#106,.F.);
#5960=ADVANCED_FACE('',(#5468),#5705,.T.);
#5961=ADVANCED_FACE('',(#5469),#107,.F.);
#5962=ADVANCED_FACE('',(#5470),#108,.F.);
#5963=ADVANCED_FACE('',(#5471),#5706,.T.);
#5964=ADVANCED_FACE('',(#5472),#109,.F.);
#5965=ADVANCED_FACE('',(#5473),#110,.F.);
#5966=ADVANCED_FACE('',(#5474),#5707,.T.);
#5967=ADVANCED_FACE('',(#5475),#111,.F.);
#5968=ADVANCED_FACE('',(#5476),#112,.F.);
#5969=ADVANCED_FACE('',(#5477),#5708,.T.);
#5970=ADVANCED_FACE('',(#5478),#113,.F.);
#5971=ADVANCED_FACE('',(#5479),#5709,.T.);
#5972=ADVANCED_FACE('',(#5480),#5710,.T.);
#5973=ADVANCED_FACE('',(#5481),#114,.T.);
#5974=ADVANCED_FACE('',(#5482),#115,.T.);
#5975=ADVANCED_FACE('',(#5483),#116,.T.);
#5976=ADVANCED_FACE('',(#5484),#5711,.T.);
#5977=ADVANCED_FACE('',(#5485),#117,.T.);
#5978=ADVANCED_FACE('',(#5486),#118,.T.);
#5979=ADVANCED_FACE('',(#5487),#119,.T.);
#5980=ADVANCED_FACE('',(#5488),#120,.T.);
#5981=ADVANCED_FACE('',(#5489),#5712,.T.);
#5982=ADVANCED_FACE('',(#5490),#121,.T.);
#5983=ADVANCED_FACE('',(#5491),#122,.T.);
#5984=ADVANCED_FACE('',(#5492),#123,.T.);
#5985=ADVANCED_FACE('',(#5493),#124,.F.);
#5986=ADVANCED_FACE('',(#5494),#5713,.T.);
#5987=ADVANCED_FACE('',(#5495),#125,.F.);
#5988=ADVANCED_FACE('',(#5496,#5497,#5498),#5714,.T.);
#5989=ADVANCED_FACE('',(#5499),#5715,.T.);
#5990=ADVANCED_FACE('',(#5500),#5716,.T.);
#5991=ADVANCED_FACE('',(#5501),#5717,.T.);
#5992=ADVANCED_FACE('',(#5502),#5718,.T.);
#5993=ADVANCED_FACE('',(#5503),#5719,.T.);
#5994=ADVANCED_FACE('',(#5504),#5720,.T.);
#5995=ADVANCED_FACE('',(#5505),#5721,.T.);
#5996=ADVANCED_FACE('',(#5506),#5722,.T.);
#5997=ADVANCED_FACE('',(#5507),#5723,.T.);
#5998=ADVANCED_FACE('',(#5508),#5724,.T.);
#5999=ADVANCED_FACE('',(#5509),#5725,.T.);
#6000=ADVANCED_FACE('',(#5510),#5726,.T.);
#6001=ADVANCED_FACE('',(#5511),#5727,.T.);
#6002=ADVANCED_FACE('',(#5512),#5728,.T.);
#6003=ADVANCED_FACE('',(#5513),#5729,.T.);
#6004=ADVANCED_FACE('',(#5514),#5730,.T.);
#6005=ADVANCED_FACE('',(#5515),#5731,.T.);
#6006=ADVANCED_FACE('',(#5516),#5732,.T.);
#6007=ADVANCED_FACE('',(#5517),#5733,.T.);
#6008=ADVANCED_FACE('',(#5518),#5734,.T.);
#6009=ADVANCED_FACE('',(#5519),#126,.F.);
#6010=ADVANCED_FACE('',(#5520),#127,.F.);
#6011=ADVANCED_FACE('',(#5521),#5735,.T.);
#6012=ADVANCED_FACE('',(#5522),#128,.F.);
#6013=ADVANCED_FACE('',(#5523),#129,.F.);
#6014=ADVANCED_FACE('',(#5524),#5736,.T.);
#6015=ADVANCED_FACE('',(#5525),#5737,.T.);
#6016=ADVANCED_FACE('',(#5526),#5738,.T.);
#6017=ADVANCED_FACE('',(#5527),#5739,.T.);
#6018=ADVANCED_FACE('',(#5528),#5740,.T.);
#6019=ADVANCED_FACE('',(#5529),#5741,.T.);
#6020=ADVANCED_FACE('',(#5530),#5742,.T.);
#6021=ADVANCED_FACE('',(#5531),#130,.T.);
#6022=ADVANCED_FACE('',(#5532),#131,.T.);
#6023=ADVANCED_FACE('',(#5533),#132,.T.);
#6024=ADVANCED_FACE('',(#5534),#5743,.T.);
#6025=ADVANCED_FACE('',(#5535),#133,.T.);
#6026=ADVANCED_FACE('',(#5536),#134,.T.);
#6027=ADVANCED_FACE('',(#5537),#135,.T.);
#6028=ADVANCED_FACE('',(#5538),#5744,.T.);
#6029=ADVANCED_FACE('',(#5539,#5540),#5745,.T.);
#6030=ADVANCED_FACE('',(#5541),#5746,.T.);
#6031=ADVANCED_FACE('',(#5542),#5747,.T.);
#6032=ADVANCED_FACE('',(#5543),#5748,.T.);
#6033=ADVANCED_FACE('',(#5544),#5749,.T.);
#6034=ADVANCED_FACE('',(#5545),#5750,.T.);
#6035=ADVANCED_FACE('',(#5546),#5751,.T.);
#6036=ADVANCED_FACE('',(#5547),#5752,.T.);
#6037=ADVANCED_FACE('',(#5548),#136,.T.);
#6038=ADVANCED_FACE('',(#5549),#137,.T.);
#6039=ADVANCED_FACE('',(#5550),#138,.T.);
#6040=ADVANCED_FACE('',(#5551),#5753,.T.);
#6041=ADVANCED_FACE('',(#5552),#139,.T.);
#6042=ADVANCED_FACE('',(#5553),#140,.T.);
#6043=ADVANCED_FACE('',(#5554),#141,.T.);
#6044=ADVANCED_FACE('',(#5555),#5754,.T.);
#6045=ADVANCED_FACE('',(#5556),#5755,.T.);
#6046=ADVANCED_FACE('',(#5557),#5756,.T.);
#6047=ADVANCED_FACE('',(#5558),#5757,.T.);
#6048=ADVANCED_FACE('',(#5559),#142,.F.);
#6049=ADVANCED_FACE('',(#5560),#143,.F.);
#6050=ADVANCED_FACE('',(#5561),#5758,.T.);
#6051=ADVANCED_FACE('',(#5562),#144,.F.);
#6052=ADVANCED_FACE('',(#5563),#145,.F.);
#6053=ADVANCED_FACE('',(#5564),#5759,.T.);
#6054=ADVANCED_FACE('',(#5565),#146,.F.);
#6055=ADVANCED_FACE('',(#5566),#147,.F.);
#6056=ADVANCED_FACE('',(#5567),#5760,.T.);
#6057=ADVANCED_FACE('',(#5568),#148,.F.);
#6058=ADVANCED_FACE('',(#5569),#149,.F.);
#6059=ADVANCED_FACE('',(#5570),#5761,.T.);
#6060=ADVANCED_FACE('',(#5571,#5572),#5762,.T.);
#6061=ADVANCED_FACE('',(#5573),#5763,.T.);
#6062=ADVANCED_FACE('',(#5574),#5764,.T.);
#6063=ADVANCED_FACE('',(#5575),#150,.F.);
#6064=ADVANCED_FACE('',(#5576),#151,.F.);
#6065=ADVANCED_FACE('',(#5577),#5765,.T.);
#6066=ADVANCED_FACE('',(#5578),#152,.F.);
#6067=ADVANCED_FACE('',(#5579),#153,.F.);
#6068=ADVANCED_FACE('',(#5580),#5766,.T.);
#6069=ADVANCED_FACE('',(#5581),#154,.F.);
#6070=ADVANCED_FACE('',(#5582),#155,.F.);
#6071=ADVANCED_FACE('',(#5583),#5767,.T.);
#6072=ADVANCED_FACE('',(#5584),#156,.F.);
#6073=ADVANCED_FACE('',(#5585),#5768,.T.);
#6074=ADVANCED_FACE('',(#5586),#157,.F.);
#6075=ADVANCED_FACE('',(#5587),#158,.F.);
#6076=ADVANCED_FACE('',(#5588),#5769,.T.);
#6077=ADVANCED_FACE('',(#5589),#159,.F.);
#6078=ADVANCED_FACE('',(#5590),#160,.F.);
#6079=ADVANCED_FACE('',(#5591),#5770,.T.);
#6080=ADVANCED_FACE('',(#5592),#161,.F.);
#6081=ADVANCED_FACE('',(#5593),#162,.F.);
#6082=ADVANCED_FACE('',(#5594),#5771,.T.);
#6083=ADVANCED_FACE('',(#5595),#163,.F.);
#6084=ADVANCED_FACE('',(#5596),#5772,.T.);
#6085=ADVANCED_FACE('',(#5597),#5773,.T.);
#6086=ADVANCED_FACE('',(#5598),#164,.T.);
#6087=ADVANCED_FACE('',(#5599),#165,.T.);
#6088=ADVANCED_FACE('',(#5600),#166,.T.);
#6089=ADVANCED_FACE('',(#5601),#5774,.T.);
#6090=ADVANCED_FACE('',(#5602),#167,.T.);
#6091=ADVANCED_FACE('',(#5603),#168,.T.);
#6092=ADVANCED_FACE('',(#5604),#169,.T.);
#6093=ADVANCED_FACE('',(#5605),#170,.T.);
#6094=ADVANCED_FACE('',(#5606),#5775,.T.);
#6095=ADVANCED_FACE('',(#5607),#171,.T.);
#6096=ADVANCED_FACE('',(#5608),#172,.T.);
#6097=ADVANCED_FACE('',(#5609),#173,.T.);
#6098=ADVANCED_FACE('',(#5610),#174,.F.);
#6099=ADVANCED_FACE('',(#5611),#5776,.T.);
#6100=ADVANCED_FACE('',(#5612),#175,.F.);
#6101=ADVANCED_FACE('',(#5613,#5614,#5615),#5777,.T.);
#6102=ADVANCED_FACE('',(#5616),#5778,.T.);
#6103=ADVANCED_FACE('',(#5617),#5779,.T.);
#6104=ADVANCED_FACE('',(#5618),#5780,.T.);
#6105=CLOSED_SHELL('',(#5781,#5782,#5783,#5784,#5785,#5786,#5787,#5788,
#5789,#5790,#5791,#5792,#5793,#5794,#5795,#5796,#5797,#5798,#5799,#5800,
#5801,#5802,#5803,#5804,#5805,#5806,#5807,#5808,#5809,#5810,#5811,#5812,
#5813,#5814,#5815,#5816,#5817,#5818,#5819,#5820,#5821,#5822,#5823,#5824,
#5825,#5826,#5827,#5828,#5829,#5830,#5831,#5832,#5833,#5834,#5835,#5836,
#5837,#5838,#5839,#5840,#5841,#5842,#5843,#5844,#5845,#5846,#5847,#5848,
#5849,#5850,#5851,#5852,#5853,#5854,#5855,#5856,#5857,#5858,#5859,#5860,
#5861,#5862,#5863,#5864,#5865,#5866,#5867,#5868,#5869,#5870,#5871,#5872,
#5873,#5874,#5875,#5876,#5877,#5878,#5879,#5880,#5881,#5882,#5883,#5884,
#5885,#5886,#5887,#5888,#5889,#5890,#5891,#5892,#5893,#5894,#5895,#5896,
#5897,#5898,#5899,#5900,#5901,#5902,#5903,#5904,#5905,#5906,#5907,#5908,
#5909,#5910,#5911,#5912,#5913,#5914,#5915,#5916,#5917,#5918,#5919,#5920,
#5921,#5922,#5923,#5924,#5925,#5926,#5927,#5928,#5929,#5930,#5931,#5932,
#5933,#5934,#5935,#5936,#5937,#5938,#5939,#5940,#5941,#5942,#5943,#5944,
#5945,#5946,#5947,#5948,#5949,#5950,#5951,#5952,#5953,#5954,#5955,#5956,
#5957,#5958,#5959,#5960,#5961,#5962,#5963,#5964,#5965,#5966,#5967,#5968,
#5969,#5970,#5971,#5972,#5973,#5974,#5975,#5976,#5977,#5978,#5979,#5980,
#5981,#5982,#5983,#5984,#5985,#5986,#5987,#5988,#5989,#5990,#5991,#5992,
#5993,#5994,#5995,#5996,#5997,#5998,#5999,#6000,#6001,#6002,#6003,#6004,
#6005,#6006,#6007,#6008,#6009,#6010,#6011,#6012,#6013,#6014,#6015,#6016,
#6017,#6018,#6019,#6020,#6021,#6022,#6023,#6024,#6025,#6026,#6027,#6028,
#6029,#6030,#6031,#6032,#6033,#6034,#6035,#6036,#6037,#6038,#6039,#6040,
#6041,#6042,#6043,#6044,#6045,#6046,#6047,#6048,#6049,#6050,#6051,#6052,
#6053,#6054,#6055,#6056,#6057,#6058,#6059,#6060,#6061,#6062,#6063,#6064,
#6065,#6066,#6067,#6068,#6069,#6070,#6071,#6072,#6073,#6074,#6075,#6076,
#6077,#6078,#6079,#6080,#6081,#6082,#6083,#6084,#6085,#6086,#6087,#6088,
#6089,#6090,#6091,#6092,#6093,#6094,#6095,#6096,#6097,#6098,#6099,#6100,
#6101,#6102,#6103,#6104));
#6106=STYLED_ITEM('',(#6107),#6114);
#6107=PRESENTATION_STYLE_ASSIGNMENT((#6108));
#6108=SURFACE_STYLE_USAGE(.BOTH.,#6109);
#6109=SURFACE_SIDE_STYLE('',(#6110));
#6110=SURFACE_STYLE_FILL_AREA(#6111);
#6111=FILL_AREA_STYLE('',(#6112));
#6112=FILL_AREA_STYLE_COLOUR('',#6113);
#6113=COLOUR_RGB('',0.615686274509804,0.811764705882353,0.929411764705882);
#6114=MANIFOLD_SOLID_BREP('Part 1',#6105);
#6115=SHAPE_DEFINITION_REPRESENTATION(#10573,#6116);
#6116=SHAPE_REPRESENTATION('Part 1',(#6117),#10568);
#6117=AXIS2_PLACEMENT_3D('',#8533,#6744,#6745);
#6118=AXIS2_PLACEMENT_3D('',#8534,#6746,#6747);
#6119=AXIS2_PLACEMENT_3D('',#8543,#6752,#6753);
#6120=AXIS2_PLACEMENT_3D('',#8552,#6758,#6759);
#6121=AXIS2_PLACEMENT_3D('',#8553,#6760,#6761);
#6122=AXIS2_PLACEMENT_3D('',#8555,#6762,#6763);
#6123=AXIS2_PLACEMENT_3D('',#8564,#6767,#6768);
#6124=AXIS2_PLACEMENT_3D('',#8568,#6770,#6771);
#6125=AXIS2_PLACEMENT_3D('',#8573,#6774,#6775);
#6126=AXIS2_PLACEMENT_3D('',#8574,#6776,#6777);
#6127=AXIS2_PLACEMENT_3D('',#8576,#6778,#6779);
#6128=AXIS2_PLACEMENT_3D('',#8578,#6780,#6781);
#6129=AXIS2_PLACEMENT_3D('',#8580,#6782,#6783);
#6130=AXIS2_PLACEMENT_3D('',#8594,#6790,#6791);
#6131=AXIS2_PLACEMENT_3D('',#8597,#6794,#6795);
#6132=AXIS2_PLACEMENT_3D('',#8602,#6799,#6800);
#6133=AXIS2_PLACEMENT_3D('',#8605,#6803,#6804);
#6134=AXIS2_PLACEMENT_3D('',#8610,#6808,#6809);
#6135=AXIS2_PLACEMENT_3D('',#8616,#6812,#6813);
#6136=AXIS2_PLACEMENT_3D('',#8618,#6814,#6815);
#6137=AXIS2_PLACEMENT_3D('',#8620,#6816,#6817);
#6138=AXIS2_PLACEMENT_3D('',#8624,#6819,#6820);
#6139=AXIS2_PLACEMENT_3D('',#8626,#6821,#6822);
#6140=AXIS2_PLACEMENT_3D('',#8628,#6823,#6824);
#6141=AXIS2_PLACEMENT_3D('',#8630,#6825,#6826);
#6142=AXIS2_PLACEMENT_3D('',#8634,#6828,#6829);
#6143=AXIS2_PLACEMENT_3D('',#8636,#6830,#6831);
#6144=AXIS2_PLACEMENT_3D('',#8638,#6832,#6833);
#6145=AXIS2_PLACEMENT_3D('',#8652,#6840,#6841);
#6146=AXIS2_PLACEMENT_3D('',#8654,#6842,#6843);
#6147=AXIS2_PLACEMENT_3D('',#8656,#6844,#6845);
#6148=AXIS2_PLACEMENT_3D('',#8660,#6847,#6848);
#6149=AXIS2_PLACEMENT_3D('',#8662,#6849,#6850);
#6150=AXIS2_PLACEMENT_3D('',#8664,#6851,#6852);
#6151=AXIS2_PLACEMENT_3D('',#8678,#6859,#6860);
#6152=AXIS2_PLACEMENT_3D('',#8680,#6861,#6862);
#6153=AXIS2_PLACEMENT_3D('',#8682,#6863,#6864);
#6154=AXIS2_PLACEMENT_3D('',#8686,#6866,#6867);
#6155=AXIS2_PLACEMENT_3D('',#8688,#6868,#6869);
#6156=AXIS2_PLACEMENT_3D('',#8690,#6870,#6871);
#6157=AXIS2_PLACEMENT_3D('',#8736,#6894,#6895);
#6158=AXIS2_PLACEMENT_3D('',#8738,#6896,#6897);
#6159=AXIS2_PLACEMENT_3D('',#8740,#6898,#6899);
#6160=AXIS2_PLACEMENT_3D('',#8744,#6901,#6902);
#6161=AXIS2_PLACEMENT_3D('',#8746,#6903,#6904);
#6162=AXIS2_PLACEMENT_3D('',#8748,#6905,#6906);
#6163=AXIS2_PLACEMENT_3D('',#8750,#6907,#6908);
#6164=AXIS2_PLACEMENT_3D('',#8754,#6910,#6911);
#6165=AXIS2_PLACEMENT_3D('',#8756,#6912,#6913);
#6166=AXIS2_PLACEMENT_3D('',#8758,#6914,#6915);
#6167=AXIS2_PLACEMENT_3D('',#8761,#6917,#6918);
#6168=AXIS2_PLACEMENT_3D('',#8764,#6919,#6920);
#6169=AXIS2_PLACEMENT_3D('',#8766,#6921,#6922);
#6170=AXIS2_PLACEMENT_3D('',#8770,#6924,#6925);
#6171=AXIS2_PLACEMENT_3D('',#8772,#6926,#6927);
#6172=AXIS2_PLACEMENT_3D('',#8774,#6928,#6929);
#6173=AXIS2_PLACEMENT_3D('',#8778,#6931,#6932);
#6174=AXIS2_PLACEMENT_3D('',#8780,#6933,#6934);
#6175=AXIS2_PLACEMENT_3D('',#8782,#6935,#6936);
#6176=AXIS2_PLACEMENT_3D('',#8786,#6938,#6939);
#6177=AXIS2_PLACEMENT_3D('',#8788,#6940,#6941);
#6178=AXIS2_PLACEMENT_3D('',#8790,#6942,#6943);
#6179=AXIS2_PLACEMENT_3D('',#8796,#6946,#6947);
#6180=AXIS2_PLACEMENT_3D('',#8798,#6948,#6949);
#6181=AXIS2_PLACEMENT_3D('',#8800,#6950,#6951);
#6182=AXIS2_PLACEMENT_3D('',#8804,#6953,#6954);
#6183=AXIS2_PLACEMENT_3D('',#8806,#6955,#6956);
#6184=AXIS2_PLACEMENT_3D('',#8808,#6957,#6958);
#6185=AXIS2_PLACEMENT_3D('',#8832,#6970,#6971);
#6186=AXIS2_PLACEMENT_3D('',#8834,#6972,#6973);
#6187=AXIS2_PLACEMENT_3D('',#8836,#6974,#6975);
#6188=AXIS2_PLACEMENT_3D('',#8840,#6977,#6978);
#6189=AXIS2_PLACEMENT_3D('',#8842,#6979,#6980);
#6190=AXIS2_PLACEMENT_3D('',#8844,#6981,#6982);
#6191=AXIS2_PLACEMENT_3D('',#8860,#6990,#6991);
#6192=AXIS2_PLACEMENT_3D('',#8862,#6992,#6993);
#6193=AXIS2_PLACEMENT_3D('',#8864,#6994,#6995);
#6194=AXIS2_PLACEMENT_3D('',#8868,#6997,#6998);
#6195=AXIS2_PLACEMENT_3D('',#8870,#6999,#7000);
#6196=AXIS2_PLACEMENT_3D('',#8872,#7001,#7002);
#6197=AXIS2_PLACEMENT_3D('',#8875,#7004,#7005);
#6198=AXIS2_PLACEMENT_3D('',#8877,#7006,#7007);
#6199=AXIS2_PLACEMENT_3D('',#8887,#7012,#7013);
#6200=AXIS2_PLACEMENT_3D('',#8889,#7014,#7015);
#6201=AXIS2_PLACEMENT_3D('',#8919,#7020,#7021);
#6202=AXIS2_PLACEMENT_3D('',#8934,#7024,#7025);
#6203=AXIS2_PLACEMENT_3D('',#8949,#7028,#7029);
#6204=AXIS2_PLACEMENT_3D('',#8964,#7032,#7033);
#6205=AXIS2_PLACEMENT_3D('',#8973,#7035,#7036);
#6206=AXIS2_PLACEMENT_3D('',#8982,#7038,#7039);
#6207=AXIS2_PLACEMENT_3D('',#8986,#7041,#7042);
#6208=AXIS2_PLACEMENT_3D('',#8992,#7043,#7044);
#6209=AXIS2_PLACEMENT_3D('',#9001,#7046,#7047);
#6210=AXIS2_PLACEMENT_3D('',#9002,#7048,#7049);
#6211=AXIS2_PLACEMENT_3D('',#9003,#7050,#7051);
#6212=AXIS2_PLACEMENT_3D('',#9015,#7053,#7054);
#6213=AXIS2_PLACEMENT_3D('',#9016,#7055,#7056);
#6214=AXIS2_PLACEMENT_3D('',#9018,#7057,#7058);
#6215=AXIS2_PLACEMENT_3D('',#9033,#7066,#7067);
#6216=AXIS2_PLACEMENT_3D('',#9035,#7068,#7069);
#6217=AXIS2_PLACEMENT_3D('',#9037,#7070,#7071);
#6218=AXIS2_PLACEMENT_3D('',#9040,#7074,#7075);
#6219=AXIS2_PLACEMENT_3D('',#9043,#7078,#7079);
#6220=AXIS2_PLACEMENT_3D('',#9044,#7080,#7081);
#6221=AXIS2_PLACEMENT_3D('',#9045,#7082,#7083);
#6222=AXIS2_PLACEMENT_3D('',#9046,#7084,#7085);
#6223=AXIS2_PLACEMENT_3D('',#9047,#7086,#7087);
#6224=AXIS2_PLACEMENT_3D('',#9048,#7088,#7089);
#6225=AXIS2_PLACEMENT_3D('',#9049,#7090,#7091);
#6226=AXIS2_PLACEMENT_3D('',#9050,#7092,#7093);
#6227=AXIS2_PLACEMENT_3D('',#9051,#7094,#7095);
#6228=AXIS2_PLACEMENT_3D('',#9052,#7096,#7097);
#6229=AXIS2_PLACEMENT_3D('',#9053,#7098,#7099);
#6230=AXIS2_PLACEMENT_3D('',#9054,#7100,#7101);
#6231=AXIS2_PLACEMENT_3D('',#9055,#7102,#7103);
#6232=AXIS2_PLACEMENT_3D('',#9057,#7105,#7106);
#6233=AXIS2_PLACEMENT_3D('',#9059,#7108,#7109);
#6234=AXIS2_PLACEMENT_3D('',#9060,#7110,#7111);
#6235=AXIS2_PLACEMENT_3D('',#9075,#7114,#7115);
#6236=AXIS2_PLACEMENT_3D('',#9081,#7116,#7117);
#6237=AXIS2_PLACEMENT_3D('',#9090,#7119,#7120);
#6238=AXIS2_PLACEMENT_3D('',#9094,#7122,#7123);
#6239=AXIS2_PLACEMENT_3D('',#9100,#7124,#7125);
#6240=AXIS2_PLACEMENT_3D('',#9106,#7126,#7127);
#6241=AXIS2_PLACEMENT_3D('',#9107,#7128,#7129);
#6242=AXIS2_PLACEMENT_3D('',#9108,#7130,#7131);
#6243=AXIS2_PLACEMENT_3D('',#9120,#7133,#7134);
#6244=AXIS2_PLACEMENT_3D('',#9121,#7135,#7136);
#6245=AXIS2_PLACEMENT_3D('',#9128,#7137,#7138);
#6246=AXIS2_PLACEMENT_3D('',#9129,#7139,#7140);
#6247=AXIS2_PLACEMENT_3D('',#9135,#7141,#7142);
#6248=AXIS2_PLACEMENT_3D('',#9141,#7143,#7144);
#6249=AXIS2_PLACEMENT_3D('',#9145,#7146,#7147);
#6250=AXIS2_PLACEMENT_3D('',#9150,#7148,#7149);
#6251=AXIS2_PLACEMENT_3D('',#9159,#7150,#7151);
#6252=AXIS2_PLACEMENT_3D('',#9160,#7152,#7153);
#6253=AXIS2_PLACEMENT_3D('',#9170,#7155,#7156);
#6254=AXIS2_PLACEMENT_3D('',#9171,#7157,#7158);
#6255=AXIS2_PLACEMENT_3D('',#9180,#7160,#7161);
#6256=AXIS2_PLACEMENT_3D('',#9186,#7162,#7163);
#6257=AXIS2_PLACEMENT_3D('',#9190,#7165,#7166);
#6258=AXIS2_PLACEMENT_3D('',#9195,#7167,#7168);
#6259=AXIS2_PLACEMENT_3D('',#9204,#7169,#7170);
#6260=AXIS2_PLACEMENT_3D('',#9213,#7171,#7172);
#6261=AXIS2_PLACEMENT_3D('',#9222,#7173,#7174);
#6262=AXIS2_PLACEMENT_3D('',#9231,#7175,#7176);
#6263=AXIS2_PLACEMENT_3D('',#9240,#7177,#7178);
#6264=AXIS2_PLACEMENT_3D('',#9249,#7179,#7180);
#6265=AXIS2_PLACEMENT_3D('',#9338,#7181,#7182);
#6266=AXIS2_PLACEMENT_3D('',#9339,#7183,#7184);
#6267=AXIS2_PLACEMENT_3D('',#9340,#7185,#7186);
#6268=AXIS2_PLACEMENT_3D('',#9341,#7187,#7188);
#6269=AXIS2_PLACEMENT_3D('',#9342,#7189,#7190);
#6270=AXIS2_PLACEMENT_3D('',#9343,#7191,#7192);
#6271=AXIS2_PLACEMENT_3D('',#9344,#7193,#7194);
#6272=AXIS2_PLACEMENT_3D('',#9345,#7195,#7196);
#6273=AXIS2_PLACEMENT_3D('',#9346,#7197,#7198);
#6274=AXIS2_PLACEMENT_3D('',#9355,#7203,#7204);
#6275=AXIS2_PLACEMENT_3D('',#9356,#7205,#7206);
#6276=AXIS2_PLACEMENT_3D('',#9360,#7208,#7209);
#6277=AXIS2_PLACEMENT_3D('',#9361,#7210,#7211);
#6278=AXIS2_PLACEMENT_3D('',#9362,#7212,#7213);
#6279=AXIS2_PLACEMENT_3D('',#9366,#7215,#7216);
#6280=AXIS2_PLACEMENT_3D('',#9367,#7217,#7218);
#6281=AXIS2_PLACEMENT_3D('',#9373,#7222,#7223);
#6282=AXIS2_PLACEMENT_3D('',#9374,#7224,#7225);
#6283=AXIS2_PLACEMENT_3D('',#9378,#7227,#7228);
#6284=AXIS2_PLACEMENT_3D('',#9379,#7229,#7230);
#6285=AXIS2_PLACEMENT_3D('',#9380,#7231,#7232);
#6286=AXIS2_PLACEMENT_3D('',#9384,#7234,#7235);
#6287=AXIS2_PLACEMENT_3D('',#9385,#7236,#7237);
#6288=AXIS2_PLACEMENT_3D('',#9391,#7241,#7242);
#6289=AXIS2_PLACEMENT_3D('',#9392,#7243,#7244);
#6290=AXIS2_PLACEMENT_3D('',#9396,#7246,#7247);
#6291=AXIS2_PLACEMENT_3D('',#9397,#7248,#7249);
#6292=AXIS2_PLACEMENT_3D('',#9398,#7250,#7251);
#6293=AXIS2_PLACEMENT_3D('',#9402,#7253,#7254);
#6294=AXIS2_PLACEMENT_3D('',#9403,#7255,#7256);
#6295=AXIS2_PLACEMENT_3D('',#9409,#7260,#7261);
#6296=AXIS2_PLACEMENT_3D('',#9410,#7262,#7263);
#6297=AXIS2_PLACEMENT_3D('',#9414,#7265,#7266);
#6298=AXIS2_PLACEMENT_3D('',#9415,#7267,#7268);
#6299=AXIS2_PLACEMENT_3D('',#9421,#7272,#7273);
#6300=AXIS2_PLACEMENT_3D('',#9425,#7276,#7277);
#6301=AXIS2_PLACEMENT_3D('',#9428,#7279,#7280);
#6302=AXIS2_PLACEMENT_3D('',#9429,#7281,#7282);
#6303=AXIS2_PLACEMENT_3D('',#9432,#7284,#7285);
#6304=AXIS2_PLACEMENT_3D('',#9433,#7286,#7287);
#6305=AXIS2_PLACEMENT_3D('',#9436,#7289,#7290);
#6306=AXIS2_PLACEMENT_3D('',#9437,#7291,#7292);
#6307=AXIS2_PLACEMENT_3D('',#9441,#7295,#7296);
#6308=AXIS2_PLACEMENT_3D('',#9444,#7298,#7299);
#6309=AXIS2_PLACEMENT_3D('',#9445,#7300,#7301);
#6310=AXIS2_PLACEMENT_3D('',#9448,#7303,#7304);
#6311=AXIS2_PLACEMENT_3D('',#9449,#7305,#7306);
#6312=AXIS2_PLACEMENT_3D('',#9452,#7308,#7309);
#6313=AXIS2_PLACEMENT_3D('',#9453,#7310,#7311);
#6314=AXIS2_PLACEMENT_3D('',#9455,#7313,#7314);
#6315=AXIS2_PLACEMENT_3D('',#9456,#7315,#7316);
#6316=AXIS2_PLACEMENT_3D('',#9457,#7317,#7318);
#6317=AXIS2_PLACEMENT_3D('',#9458,#7319,#7320);
#6318=AXIS2_PLACEMENT_3D('',#9459,#7321,#7322);
#6319=AXIS2_PLACEMENT_3D('',#9460,#7323,#7324);
#6320=AXIS2_PLACEMENT_3D('',#9469,#7329,#7330);
#6321=AXIS2_PLACEMENT_3D('',#9470,#7331,#7332);
#6322=AXIS2_PLACEMENT_3D('',#9474,#7334,#7335);
#6323=AXIS2_PLACEMENT_3D('',#9475,#7336,#7337);
#6324=AXIS2_PLACEMENT_3D('',#9476,#7338,#7339);
#6325=AXIS2_PLACEMENT_3D('',#9480,#7341,#7342);
#6326=AXIS2_PLACEMENT_3D('',#9481,#7343,#7344);
#6327=AXIS2_PLACEMENT_3D('',#9487,#7348,#7349);
#6328=AXIS2_PLACEMENT_3D('',#9488,#7350,#7351);
#6329=AXIS2_PLACEMENT_3D('',#9492,#7353,#7354);
#6330=AXIS2_PLACEMENT_3D('',#9493,#7355,#7356);
#6331=AXIS2_PLACEMENT_3D('',#9494,#7357,#7358);
#6332=AXIS2_PLACEMENT_3D('',#9498,#7360,#7361);
#6333=AXIS2_PLACEMENT_3D('',#9499,#7362,#7363);
#6334=AXIS2_PLACEMENT_3D('',#9505,#7367,#7368);
#6335=AXIS2_PLACEMENT_3D('',#9506,#7369,#7370);
#6336=AXIS2_PLACEMENT_3D('',#9510,#7372,#7373);
#6337=AXIS2_PLACEMENT_3D('',#9511,#7374,#7375);
#6338=AXIS2_PLACEMENT_3D('',#9512,#7376,#7377);
#6339=AXIS2_PLACEMENT_3D('',#9516,#7379,#7380);
#6340=AXIS2_PLACEMENT_3D('',#9517,#7381,#7382);
#6341=AXIS2_PLACEMENT_3D('',#9523,#7386,#7387);
#6342=AXIS2_PLACEMENT_3D('',#9524,#7388,#7389);
#6343=AXIS2_PLACEMENT_3D('',#9528,#7391,#7392);
#6344=AXIS2_PLACEMENT_3D('',#9529,#7393,#7394);
#6345=AXIS2_PLACEMENT_3D('',#9535,#7398,#7399);
#6346=AXIS2_PLACEMENT_3D('',#9539,#7402,#7403);
#6347=AXIS2_PLACEMENT_3D('',#9543,#7406,#7407);
#6348=AXIS2_PLACEMENT_3D('',#9547,#7410,#7411);
#6349=AXIS2_PLACEMENT_3D('',#9551,#7414,#7415);
#6350=AXIS2_PLACEMENT_3D('',#9555,#7418,#7419);
#6351=AXIS2_PLACEMENT_3D('',#9558,#7421,#7422);
#6352=AXIS2_PLACEMENT_3D('',#9559,#7423,#7424);
#6353=AXIS2_PLACEMENT_3D('',#9562,#7426,#7427);
#6354=AXIS2_PLACEMENT_3D('',#9563,#7428,#7429);
#6355=AXIS2_PLACEMENT_3D('',#9566,#7431,#7432);
#6356=AXIS2_PLACEMENT_3D('',#9567,#7433,#7434);
#6357=AXIS2_PLACEMENT_3D('',#9571,#7437,#7438);
#6358=AXIS2_PLACEMENT_3D('',#9574,#7440,#7441);
#6359=AXIS2_PLACEMENT_3D('',#9575,#7442,#7443);
#6360=AXIS2_PLACEMENT_3D('',#9578,#7445,#7446);
#6361=AXIS2_PLACEMENT_3D('',#9579,#7447,#7448);
#6362=AXIS2_PLACEMENT_3D('',#9582,#7450,#7451);
#6363=AXIS2_PLACEMENT_3D('',#9583,#7452,#7453);
#6364=AXIS2_PLACEMENT_3D('',#9587,#7456,#7457);
#6365=AXIS2_PLACEMENT_3D('',#9591,#7460,#7461);
#6366=AXIS2_PLACEMENT_3D('',#9595,#7464,#7465);
#6367=AXIS2_PLACEMENT_3D('',#9597,#7467,#7468);
#6368=AXIS2_PLACEMENT_3D('',#9598,#7469,#7470);
#6369=AXIS2_PLACEMENT_3D('',#9599,#7471,#7472);
#6370=AXIS2_PLACEMENT_3D('',#9600,#7473,#7474);
#6371=AXIS2_PLACEMENT_3D('',#9601,#7475,#7476);
#6372=AXIS2_PLACEMENT_3D('',#9602,#7477,#7478);
#6373=AXIS2_PLACEMENT_3D('',#9611,#7483,#7484);
#6374=AXIS2_PLACEMENT_3D('',#9617,#7488,#7489);
#6375=AXIS2_PLACEMENT_3D('',#9618,#7490,#7491);
#6376=AXIS2_PLACEMENT_3D('',#9622,#7493,#7494);
#6377=AXIS2_PLACEMENT_3D('',#9623,#7495,#7496);
#6378=AXIS2_PLACEMENT_3D('',#9624,#7497,#7498);
#6379=AXIS2_PLACEMENT_3D('',#9628,#7500,#7501);
#6380=AXIS2_PLACEMENT_3D('',#9629,#7502,#7503);
#6381=AXIS2_PLACEMENT_3D('',#9635,#7507,#7508);
#6382=AXIS2_PLACEMENT_3D('',#9636,#7509,#7510);
#6383=AXIS2_PLACEMENT_3D('',#9640,#7512,#7513);
#6384=AXIS2_PLACEMENT_3D('',#9641,#7514,#7515);
#6385=AXIS2_PLACEMENT_3D('',#9642,#7516,#7517);
#6386=AXIS2_PLACEMENT_3D('',#9646,#7519,#7520);
#6387=AXIS2_PLACEMENT_3D('',#9647,#7521,#7522);
#6388=AXIS2_PLACEMENT_3D('',#9653,#7526,#7527);
#6389=AXIS2_PLACEMENT_3D('',#9657,#7530,#7531);
#6390=AXIS2_PLACEMENT_3D('',#9661,#7534,#7535);
#6391=AXIS2_PLACEMENT_3D('',#9665,#7538,#7539);
#6392=AXIS2_PLACEMENT_3D('',#9669,#7542,#7543);
#6393=AXIS2_PLACEMENT_3D('',#9673,#7546,#7547);
#6394=AXIS2_PLACEMENT_3D('',#9677,#7550,#7551);
#6395=AXIS2_PLACEMENT_3D('',#9680,#7553,#7554);
#6396=AXIS2_PLACEMENT_3D('',#9681,#7555,#7556);
#6397=AXIS2_PLACEMENT_3D('',#9684,#7558,#7559);
#6398=AXIS2_PLACEMENT_3D('',#9685,#7560,#7561);
#6399=AXIS2_PLACEMENT_3D('',#9688,#7563,#7564);
#6400=AXIS2_PLACEMENT_3D('',#9689,#7565,#7566);
#6401=AXIS2_PLACEMENT_3D('',#9693,#7569,#7570);
#6402=AXIS2_PLACEMENT_3D('',#9696,#7572,#7573);
#6403=AXIS2_PLACEMENT_3D('',#9697,#7574,#7575);
#6404=AXIS2_PLACEMENT_3D('',#9700,#7577,#7578);
#6405=AXIS2_PLACEMENT_3D('',#9701,#7579,#7580);
#6406=AXIS2_PLACEMENT_3D('',#9702,#7581,#7582);
#6407=AXIS2_PLACEMENT_3D('',#9703,#7583,#7584);
#6408=AXIS2_PLACEMENT_3D('',#9706,#7587,#7588);
#6409=AXIS2_PLACEMENT_3D('',#9707,#7589,#7590);
#6410=AXIS2_PLACEMENT_3D('',#9708,#7591,#7592);
#6411=AXIS2_PLACEMENT_3D('',#9717,#7597,#7598);
#6412=AXIS2_PLACEMENT_3D('',#9718,#7599,#7600);
#6413=AXIS2_PLACEMENT_3D('',#9722,#7602,#7603);
#6414=AXIS2_PLACEMENT_3D('',#9723,#7604,#7605);
#6415=AXIS2_PLACEMENT_3D('',#9724,#7606,#7607);
#6416=AXIS2_PLACEMENT_3D('',#9728,#7609,#7610);
#6417=AXIS2_PLACEMENT_3D('',#9729,#7611,#7612);
#6418=AXIS2_PLACEMENT_3D('',#9735,#7616,#7617);
#6419=AXIS2_PLACEMENT_3D('',#9736,#7618,#7619);
#6420=AXIS2_PLACEMENT_3D('',#9740,#7621,#7622);
#6421=AXIS2_PLACEMENT_3D('',#9741,#7623,#7624);
#6422=AXIS2_PLACEMENT_3D('',#9742,#7625,#7626);
#6423=AXIS2_PLACEMENT_3D('',#9746,#7628,#7629);
#6424=AXIS2_PLACEMENT_3D('',#9747,#7630,#7631);
#6425=AXIS2_PLACEMENT_3D('',#9753,#7635,#7636);
#6426=AXIS2_PLACEMENT_3D('',#9754,#7637,#7638);
#6427=AXIS2_PLACEMENT_3D('',#9758,#7640,#7641);
#6428=AXIS2_PLACEMENT_3D('',#9759,#7642,#7643);
#6429=AXIS2_PLACEMENT_3D('',#9760,#7644,#7645);
#6430=AXIS2_PLACEMENT_3D('',#9764,#7647,#7648);
#6431=AXIS2_PLACEMENT_3D('',#9765,#7649,#7650);
#6432=AXIS2_PLACEMENT_3D('',#9771,#7654,#7655);
#6433=AXIS2_PLACEMENT_3D('',#9772,#7656,#7657);
#6434=AXIS2_PLACEMENT_3D('',#9776,#7659,#7660);
#6435=AXIS2_PLACEMENT_3D('',#9777,#7661,#7662);
#6436=AXIS2_PLACEMENT_3D('',#9780,#7664,#7665);
#6437=AXIS2_PLACEMENT_3D('',#9783,#7667,#7668);
#6438=AXIS2_PLACEMENT_3D('',#9787,#7671,#7672);
#6439=AXIS2_PLACEMENT_3D('',#9790,#7674,#7675);
#6440=AXIS2_PLACEMENT_3D('',#9791,#7676,#7677);
#6441=AXIS2_PLACEMENT_3D('',#9794,#7679,#7680);
#6442=AXIS2_PLACEMENT_3D('',#9795,#7681,#7682);
#6443=AXIS2_PLACEMENT_3D('',#9798,#7684,#7685);
#6444=AXIS2_PLACEMENT_3D('',#9799,#7686,#7687);
#6445=AXIS2_PLACEMENT_3D('',#9803,#7690,#7691);
#6446=AXIS2_PLACEMENT_3D('',#9806,#7693,#7694);
#6447=AXIS2_PLACEMENT_3D('',#9807,#7695,#7696);
#6448=AXIS2_PLACEMENT_3D('',#9810,#7698,#7699);
#6449=AXIS2_PLACEMENT_3D('',#9811,#7700,#7701);
#6450=AXIS2_PLACEMENT_3D('',#9814,#7703,#7704);
#6451=AXIS2_PLACEMENT_3D('',#9815,#7705,#7706);
#6452=AXIS2_PLACEMENT_3D('',#9819,#7709,#7710);
#6453=AXIS2_PLACEMENT_3D('',#9822,#7712,#7713);
#6454=AXIS2_PLACEMENT_3D('',#9823,#7714,#7715);
#6455=AXIS2_PLACEMENT_3D('',#9826,#7717,#7718);
#6456=AXIS2_PLACEMENT_3D('',#9827,#7719,#7720);
#6457=AXIS2_PLACEMENT_3D('',#9830,#7722,#7723);
#6458=AXIS2_PLACEMENT_3D('',#9831,#7724,#7725);
#6459=AXIS2_PLACEMENT_3D('',#9835,#7728,#7729);
#6460=AXIS2_PLACEMENT_3D('',#9838,#7731,#7732);
#6461=AXIS2_PLACEMENT_3D('',#9839,#7733,#7734);
#6462=AXIS2_PLACEMENT_3D('',#9840,#7735,#7736);
#6463=AXIS2_PLACEMENT_3D('',#9841,#7737,#7738);
#6464=AXIS2_PLACEMENT_3D('',#9842,#7739,#7740);
#6465=AXIS2_PLACEMENT_3D('',#9843,#7741,#7742);
#6466=AXIS2_PLACEMENT_3D('',#9844,#7743,#7744);
#6467=AXIS2_PLACEMENT_3D('',#9845,#7745,#7746);
#6468=AXIS2_PLACEMENT_3D('',#9846,#7747,#7748);
#6469=AXIS2_PLACEMENT_3D('',#9855,#7753,#7754);
#6470=AXIS2_PLACEMENT_3D('',#9856,#7755,#7756);
#6471=AXIS2_PLACEMENT_3D('',#9860,#7758,#7759);
#6472=AXIS2_PLACEMENT_3D('',#9861,#7760,#7761);
#6473=AXIS2_PLACEMENT_3D('',#9862,#7762,#7763);
#6474=AXIS2_PLACEMENT_3D('',#9866,#7765,#7766);
#6475=AXIS2_PLACEMENT_3D('',#9867,#7767,#7768);
#6476=AXIS2_PLACEMENT_3D('',#9873,#7772,#7773);
#6477=AXIS2_PLACEMENT_3D('',#9874,#7774,#7775);
#6478=AXIS2_PLACEMENT_3D('',#9878,#7777,#7778);
#6479=AXIS2_PLACEMENT_3D('',#9879,#7779,#7780);
#6480=AXIS2_PLACEMENT_3D('',#9880,#7781,#7782);
#6481=AXIS2_PLACEMENT_3D('',#9884,#7784,#7785);
#6482=AXIS2_PLACEMENT_3D('',#9885,#7786,#7787);
#6483=AXIS2_PLACEMENT_3D('',#9891,#7791,#7792);
#6484=AXIS2_PLACEMENT_3D('',#9892,#7793,#7794);
#6485=AXIS2_PLACEMENT_3D('',#9896,#7796,#7797);
#6486=AXIS2_PLACEMENT_3D('',#9897,#7798,#7799);
#6487=AXIS2_PLACEMENT_3D('',#9898,#7800,#7801);
#6488=AXIS2_PLACEMENT_3D('',#9902,#7803,#7804);
#6489=AXIS2_PLACEMENT_3D('',#9903,#7805,#7806);
#6490=AXIS2_PLACEMENT_3D('',#9909,#7810,#7811);
#6491=AXIS2_PLACEMENT_3D('',#9910,#7812,#7813);
#6492=AXIS2_PLACEMENT_3D('',#9914,#7815,#7816);
#6493=AXIS2_PLACEMENT_3D('',#9915,#7817,#7818);
#6494=AXIS2_PLACEMENT_3D('',#9924,#7823,#7824);
#6495=AXIS2_PLACEMENT_3D('',#9925,#7825,#7826);
#6496=AXIS2_PLACEMENT_3D('',#9929,#7828,#7829);
#6497=AXIS2_PLACEMENT_3D('',#9930,#7830,#7831);
#6498=AXIS2_PLACEMENT_3D('',#9931,#7832,#7833);
#6499=AXIS2_PLACEMENT_3D('',#9935,#7835,#7836);
#6500=AXIS2_PLACEMENT_3D('',#9936,#7837,#7838);
#6501=AXIS2_PLACEMENT_3D('',#9942,#7842,#7843);
#6502=AXIS2_PLACEMENT_3D('',#9943,#7844,#7845);
#6503=AXIS2_PLACEMENT_3D('',#9947,#7847,#7848);
#6504=AXIS2_PLACEMENT_3D('',#9948,#7849,#7850);
#6505=AXIS2_PLACEMENT_3D('',#9949,#7851,#7852);
#6506=AXIS2_PLACEMENT_3D('',#9953,#7854,#7855);
#6507=AXIS2_PLACEMENT_3D('',#9954,#7856,#7857);
#6508=AXIS2_PLACEMENT_3D('',#9960,#7861,#7862);
#6509=AXIS2_PLACEMENT_3D('',#9961,#7863,#7864);
#6510=AXIS2_PLACEMENT_3D('',#9965,#7866,#7867);
#6511=AXIS2_PLACEMENT_3D('',#9966,#7868,#7869);
#6512=AXIS2_PLACEMENT_3D('',#9967,#7870,#7871);
#6513=AXIS2_PLACEMENT_3D('',#9971,#7873,#7874);
#6514=AXIS2_PLACEMENT_3D('',#9972,#7875,#7876);
#6515=AXIS2_PLACEMENT_3D('',#9978,#7880,#7881);
#6516=AXIS2_PLACEMENT_3D('',#9979,#7882,#7883);
#6517=AXIS2_PLACEMENT_3D('',#9983,#7885,#7886);
#6518=AXIS2_PLACEMENT_3D('',#9984,#7887,#7888);
#6519=AXIS2_PLACEMENT_3D('',#9990,#7892,#7893);
#6520=AXIS2_PLACEMENT_3D('',#9994,#7896,#7897);
#6521=AXIS2_PLACEMENT_3D('',#9997,#7899,#7900);
#6522=AXIS2_PLACEMENT_3D('',#9998,#7901,#7902);
#6523=AXIS2_PLACEMENT_3D('',#10001,#7904,#7905);
#6524=AXIS2_PLACEMENT_3D('',#10002,#7906,#7907);
#6525=AXIS2_PLACEMENT_3D('',#10005,#7909,#7910);
#6526=AXIS2_PLACEMENT_3D('',#10006,#7911,#7912);
#6527=AXIS2_PLACEMENT_3D('',#10010,#7915,#7916);
#6528=AXIS2_PLACEMENT_3D('',#10013,#7918,#7919);
#6529=AXIS2_PLACEMENT_3D('',#10014,#7920,#7921);
#6530=AXIS2_PLACEMENT_3D('',#10017,#7923,#7924);
#6531=AXIS2_PLACEMENT_3D('',#10018,#7925,#7926);
#6532=AXIS2_PLACEMENT_3D('',#10021,#7928,#7929);
#6533=AXIS2_PLACEMENT_3D('',#10022,#7930,#7931);
#6534=AXIS2_PLACEMENT_3D('',#10025,#7933,#7934);
#6535=AXIS2_PLACEMENT_3D('',#10026,#7935,#7936);
#6536=AXIS2_PLACEMENT_3D('',#10030,#7939,#7940);
#6537=AXIS2_PLACEMENT_3D('',#10033,#7942,#7943);
#6538=AXIS2_PLACEMENT_3D('',#10034,#7944,#7945);
#6539=AXIS2_PLACEMENT_3D('',#10037,#7947,#7948);
#6540=AXIS2_PLACEMENT_3D('',#10038,#7949,#7950);
#6541=AXIS2_PLACEMENT_3D('',#10041,#7952,#7953);
#6542=AXIS2_PLACEMENT_3D('',#10042,#7954,#7955);
#6543=AXIS2_PLACEMENT_3D('',#10043,#7956,#7957);
#6544=AXIS2_PLACEMENT_3D('',#10044,#7958,#7959);
#6545=AXIS2_PLACEMENT_3D('',#10045,#7960,#7961);
#6546=AXIS2_PLACEMENT_3D('',#10047,#7963,#7964);
#6547=AXIS2_PLACEMENT_3D('',#10048,#7965,#7966);
#6548=AXIS2_PLACEMENT_3D('',#10049,#7967,#7968);
#6549=AXIS2_PLACEMENT_3D('',#10050,#7969,#7970);
#6550=AXIS2_PLACEMENT_3D('',#10051,#7971,#7972);
#6551=AXIS2_PLACEMENT_3D('',#10052,#7973,#7974);
#6552=AXIS2_PLACEMENT_3D('',#10053,#7975,#7976);
#6553=AXIS2_PLACEMENT_3D('',#10059,#7980,#7981);
#6554=AXIS2_PLACEMENT_3D('',#10063,#7984,#7985);
#6555=AXIS2_PLACEMENT_3D('',#10067,#7988,#7989);
#6556=AXIS2_PLACEMENT_3D('',#10071,#7992,#7993);
#6557=AXIS2_PLACEMENT_3D('',#10075,#7996,#7997);
#6558=AXIS2_PLACEMENT_3D('',#10079,#8000,#8001);
#6559=AXIS2_PLACEMENT_3D('',#10083,#8004,#8005);
#6560=AXIS2_PLACEMENT_3D('',#10087,#8008,#8009);
#6561=AXIS2_PLACEMENT_3D('',#10091,#8012,#8013);
#6562=AXIS2_PLACEMENT_3D('',#10093,#8015,#8016);
#6563=AXIS2_PLACEMENT_3D('',#10094,#8017,#8018);
#6564=AXIS2_PLACEMENT_3D('',#10100,#8022,#8023);
#6565=AXIS2_PLACEMENT_3D('',#10104,#8026,#8027);
#6566=AXIS2_PLACEMENT_3D('',#10108,#8030,#8031);
#6567=AXIS2_PLACEMENT_3D('',#10110,#8033,#8034);
#6568=AXIS2_PLACEMENT_3D('',#10111,#8035,#8036);
#6569=AXIS2_PLACEMENT_3D('',#10120,#8041,#8042);
#6570=AXIS2_PLACEMENT_3D('',#10126,#8046,#8047);
#6571=AXIS2_PLACEMENT_3D('',#10127,#8048,#8049);
#6572=AXIS2_PLACEMENT_3D('',#10131,#8051,#8052);
#6573=AXIS2_PLACEMENT_3D('',#10132,#8053,#8054);
#6574=AXIS2_PLACEMENT_3D('',#10133,#8055,#8056);
#6575=AXIS2_PLACEMENT_3D('',#10137,#8058,#8059);
#6576=AXIS2_PLACEMENT_3D('',#10138,#8060,#8061);
#6577=AXIS2_PLACEMENT_3D('',#10144,#8065,#8066);
#6578=AXIS2_PLACEMENT_3D('',#10145,#8067,#8068);
#6579=AXIS2_PLACEMENT_3D('',#10149,#8070,#8071);
#6580=AXIS2_PLACEMENT_3D('',#10150,#8072,#8073);
#6581=AXIS2_PLACEMENT_3D('',#10151,#8074,#8075);
#6582=AXIS2_PLACEMENT_3D('',#10155,#8077,#8078);
#6583=AXIS2_PLACEMENT_3D('',#10156,#8079,#8080);
#6584=AXIS2_PLACEMENT_3D('',#10162,#8084,#8085);
#6585=AXIS2_PLACEMENT_3D('',#10166,#8088,#8089);
#6586=AXIS2_PLACEMENT_3D('',#10170,#8092,#8093);
#6587=AXIS2_PLACEMENT_3D('',#10174,#8096,#8097);
#6588=AXIS2_PLACEMENT_3D('',#10178,#8100,#8101);
#6589=AXIS2_PLACEMENT_3D('',#10182,#8104,#8105);
#6590=AXIS2_PLACEMENT_3D('',#10186,#8108,#8109);
#6591=AXIS2_PLACEMENT_3D('',#10189,#8111,#8112);
#6592=AXIS2_PLACEMENT_3D('',#10190,#8113,#8114);
#6593=AXIS2_PLACEMENT_3D('',#10193,#8116,#8117);
#6594=AXIS2_PLACEMENT_3D('',#10194,#8118,#8119);
#6595=AXIS2_PLACEMENT_3D('',#10197,#8121,#8122);
#6596=AXIS2_PLACEMENT_3D('',#10198,#8123,#8124);
#6597=AXIS2_PLACEMENT_3D('',#10202,#8127,#8128);
#6598=AXIS2_PLACEMENT_3D('',#10205,#8130,#8131);
#6599=AXIS2_PLACEMENT_3D('',#10206,#8132,#8133);
#6600=AXIS2_PLACEMENT_3D('',#10209,#8135,#8136);
#6601=AXIS2_PLACEMENT_3D('',#10210,#8137,#8138);
#6602=AXIS2_PLACEMENT_3D('',#10211,#8139,#8140);
#6603=AXIS2_PLACEMENT_3D('',#10212,#8141,#8142);
#6604=AXIS2_PLACEMENT_3D('',#10215,#8145,#8146);
#6605=AXIS2_PLACEMENT_3D('',#10216,#8147,#8148);
#6606=AXIS2_PLACEMENT_3D('',#10217,#8149,#8150);
#6607=AXIS2_PLACEMENT_3D('',#10223,#8154,#8155);
#6608=AXIS2_PLACEMENT_3D('',#10227,#8158,#8159);
#6609=AXIS2_PLACEMENT_3D('',#10231,#8162,#8163);
#6610=AXIS2_PLACEMENT_3D('',#10235,#8166,#8167);
#6611=AXIS2_PLACEMENT_3D('',#10239,#8170,#8171);
#6612=AXIS2_PLACEMENT_3D('',#10243,#8174,#8175);
#6613=AXIS2_PLACEMENT_3D('',#10246,#8177,#8178);
#6614=AXIS2_PLACEMENT_3D('',#10247,#8179,#8180);
#6615=AXIS2_PLACEMENT_3D('',#10250,#8182,#8183);
#6616=AXIS2_PLACEMENT_3D('',#10251,#8184,#8185);
#6617=AXIS2_PLACEMENT_3D('',#10254,#8187,#8188);
#6618=AXIS2_PLACEMENT_3D('',#10255,#8189,#8190);
#6619=AXIS2_PLACEMENT_3D('',#10259,#8193,#8194);
#6620=AXIS2_PLACEMENT_3D('',#10262,#8196,#8197);
#6621=AXIS2_PLACEMENT_3D('',#10263,#8198,#8199);
#6622=AXIS2_PLACEMENT_3D('',#10266,#8201,#8202);
#6623=AXIS2_PLACEMENT_3D('',#10267,#8203,#8204);
#6624=AXIS2_PLACEMENT_3D('',#10270,#8206,#8207);
#6625=AXIS2_PLACEMENT_3D('',#10271,#8208,#8209);
#6626=AXIS2_PLACEMENT_3D('',#10275,#8212,#8213);
#6627=AXIS2_PLACEMENT_3D('',#10279,#8216,#8217);
#6628=AXIS2_PLACEMENT_3D('',#10283,#8220,#8221);
#6629=AXIS2_PLACEMENT_3D('',#10292,#8226,#8227);
#6630=AXIS2_PLACEMENT_3D('',#10293,#8228,#8229);
#6631=AXIS2_PLACEMENT_3D('',#10297,#8231,#8232);
#6632=AXIS2_PLACEMENT_3D('',#10298,#8233,#8234);
#6633=AXIS2_PLACEMENT_3D('',#10299,#8235,#8236);
#6634=AXIS2_PLACEMENT_3D('',#10303,#8238,#8239);
#6635=AXIS2_PLACEMENT_3D('',#10304,#8240,#8241);
#6636=AXIS2_PLACEMENT_3D('',#10310,#8245,#8246);
#6637=AXIS2_PLACEMENT_3D('',#10311,#8247,#8248);
#6638=AXIS2_PLACEMENT_3D('',#10315,#8250,#8251);
#6639=AXIS2_PLACEMENT_3D('',#10316,#8252,#8253);
#6640=AXIS2_PLACEMENT_3D('',#10317,#8254,#8255);
#6641=AXIS2_PLACEMENT_3D('',#10321,#8257,#8258);
#6642=AXIS2_PLACEMENT_3D('',#10322,#8259,#8260);
#6643=AXIS2_PLACEMENT_3D('',#10328,#8264,#8265);
#6644=AXIS2_PLACEMENT_3D('',#10329,#8266,#8267);
#6645=AXIS2_PLACEMENT_3D('',#10333,#8269,#8270);
#6646=AXIS2_PLACEMENT_3D('',#10334,#8271,#8272);
#6647=AXIS2_PLACEMENT_3D('',#10335,#8273,#8274);
#6648=AXIS2_PLACEMENT_3D('',#10339,#8276,#8277);
#6649=AXIS2_PLACEMENT_3D('',#10340,#8278,#8279);
#6650=AXIS2_PLACEMENT_3D('',#10346,#8283,#8284);
#6651=AXIS2_PLACEMENT_3D('',#10347,#8285,#8286);
#6652=AXIS2_PLACEMENT_3D('',#10351,#8288,#8289);
#6653=AXIS2_PLACEMENT_3D('',#10352,#8290,#8291);
#6654=AXIS2_PLACEMENT_3D('',#10353,#8292,#8293);
#6655=AXIS2_PLACEMENT_3D('',#10354,#8294,#8295);
#6656=AXIS2_PLACEMENT_3D('',#10355,#8296,#8297);
#6657=AXIS2_PLACEMENT_3D('',#10357,#8299,#8300);
#6658=AXIS2_PLACEMENT_3D('',#10358,#8301,#8302);
#6659=AXIS2_PLACEMENT_3D('',#10359,#8303,#8304);
#6660=AXIS2_PLACEMENT_3D('',#10368,#8309,#8310);
#6661=AXIS2_PLACEMENT_3D('',#10369,#8311,#8312);
#6662=AXIS2_PLACEMENT_3D('',#10373,#8314,#8315);
#6663=AXIS2_PLACEMENT_3D('',#10374,#8316,#8317);
#6664=AXIS2_PLACEMENT_3D('',#10375,#8318,#8319);
#6665=AXIS2_PLACEMENT_3D('',#10379,#8321,#8322);
#6666=AXIS2_PLACEMENT_3D('',#10380,#8323,#8324);
#6667=AXIS2_PLACEMENT_3D('',#10386,#8328,#8329);
#6668=AXIS2_PLACEMENT_3D('',#10387,#8330,#8331);
#6669=AXIS2_PLACEMENT_3D('',#10391,#8333,#8334);
#6670=AXIS2_PLACEMENT_3D('',#10392,#8335,#8336);
#6671=AXIS2_PLACEMENT_3D('',#10393,#8337,#8338);
#6672=AXIS2_PLACEMENT_3D('',#10397,#8340,#8341);
#6673=AXIS2_PLACEMENT_3D('',#10398,#8342,#8343);
#6674=AXIS2_PLACEMENT_3D('',#10404,#8347,#8348);
#6675=AXIS2_PLACEMENT_3D('',#10405,#8349,#8350);
#6676=AXIS2_PLACEMENT_3D('',#10409,#8352,#8353);
#6677=AXIS2_PLACEMENT_3D('',#10410,#8354,#8355);
#6678=AXIS2_PLACEMENT_3D('',#10411,#8356,#8357);
#6679=AXIS2_PLACEMENT_3D('',#10415,#8359,#8360);
#6680=AXIS2_PLACEMENT_3D('',#10416,#8361,#8362);
#6681=AXIS2_PLACEMENT_3D('',#10422,#8366,#8367);
#6682=AXIS2_PLACEMENT_3D('',#10423,#8368,#8369);
#6683=AXIS2_PLACEMENT_3D('',#10427,#8371,#8372);
#6684=AXIS2_PLACEMENT_3D('',#10428,#8373,#8374);
#6685=AXIS2_PLACEMENT_3D('',#10437,#8379,#8380);
#6686=AXIS2_PLACEMENT_3D('',#10438,#8381,#8382);
#6687=AXIS2_PLACEMENT_3D('',#10442,#8384,#8385);
#6688=AXIS2_PLACEMENT_3D('',#10443,#8386,#8387);
#6689=AXIS2_PLACEMENT_3D('',#10444,#8388,#8389);
#6690=AXIS2_PLACEMENT_3D('',#10448,#8391,#8392);
#6691=AXIS2_PLACEMENT_3D('',#10449,#8393,#8394);
#6692=AXIS2_PLACEMENT_3D('',#10455,#8398,#8399);
#6693=AXIS2_PLACEMENT_3D('',#10456,#8400,#8401);
#6694=AXIS2_PLACEMENT_3D('',#10460,#8403,#8404);
#6695=AXIS2_PLACEMENT_3D('',#10461,#8405,#8406);
#6696=AXIS2_PLACEMENT_3D('',#10462,#8407,#8408);
#6697=AXIS2_PLACEMENT_3D('',#10466,#8410,#8411);
#6698=AXIS2_PLACEMENT_3D('',#10467,#8412,#8413);
#6699=AXIS2_PLACEMENT_3D('',#10473,#8417,#8418);
#6700=AXIS2_PLACEMENT_3D('',#10474,#8419,#8420);
#6701=AXIS2_PLACEMENT_3D('',#10478,#8422,#8423);
#6702=AXIS2_PLACEMENT_3D('',#10479,#8424,#8425);
#6703=AXIS2_PLACEMENT_3D('',#10480,#8426,#8427);
#6704=AXIS2_PLACEMENT_3D('',#10484,#8429,#8430);
#6705=AXIS2_PLACEMENT_3D('',#10485,#8431,#8432);
#6706=AXIS2_PLACEMENT_3D('',#10491,#8436,#8437);
#6707=AXIS2_PLACEMENT_3D('',#10492,#8438,#8439);
#6708=AXIS2_PLACEMENT_3D('',#10496,#8441,#8442);
#6709=AXIS2_PLACEMENT_3D('',#10497,#8443,#8444);
#6710=AXIS2_PLACEMENT_3D('',#10503,#8448,#8449);
#6711=AXIS2_PLACEMENT_3D('',#10507,#8452,#8453);
#6712=AXIS2_PLACEMENT_3D('',#10510,#8455,#8456);
#6713=AXIS2_PLACEMENT_3D('',#10511,#8457,#8458);
#6714=AXIS2_PLACEMENT_3D('',#10514,#8460,#8461);
#6715=AXIS2_PLACEMENT_3D('',#10515,#8462,#8463);
#6716=AXIS2_PLACEMENT_3D('',#10518,#8465,#8466);
#6717=AXIS2_PLACEMENT_3D('',#10519,#8467,#8468);
#6718=AXIS2_PLACEMENT_3D('',#10523,#8471,#8472);
#6719=AXIS2_PLACEMENT_3D('',#10526,#8474,#8475);
#6720=AXIS2_PLACEMENT_3D('',#10527,#8476,#8477);
#6721=AXIS2_PLACEMENT_3D('',#10530,#8479,#8480);
#6722=AXIS2_PLACEMENT_3D('',#10531,#8481,#8482);
#6723=AXIS2_PLACEMENT_3D('',#10534,#8484,#8485);
#6724=AXIS2_PLACEMENT_3D('',#10535,#8486,#8487);
#6725=AXIS2_PLACEMENT_3D('',#10538,#8489,#8490);
#6726=AXIS2_PLACEMENT_3D('',#10539,#8491,#8492);
#6727=AXIS2_PLACEMENT_3D('',#10543,#8495,#8496);
#6728=AXIS2_PLACEMENT_3D('',#10546,#8498,#8499);
#6729=AXIS2_PLACEMENT_3D('',#10547,#8500,#8501);
#6730=AXIS2_PLACEMENT_3D('',#10550,#8503,#8504);
#6731=AXIS2_PLACEMENT_3D('',#10551,#8505,#8506);
#6732=AXIS2_PLACEMENT_3D('',#10554,#8508,#8509);
#6733=AXIS2_PLACEMENT_3D('',#10555,#8510,#8511);
#6734=AXIS2_PLACEMENT_3D('',#10556,#8512,#8513);
#6735=AXIS2_PLACEMENT_3D('',#10557,#8514,#8515);
#6736=AXIS2_PLACEMENT_3D('',#10558,#8516,#8517);
#6737=AXIS2_PLACEMENT_3D('',#10560,#8519,#8520);
#6738=AXIS2_PLACEMENT_3D('',#10561,#8521,#8522);
#6739=AXIS2_PLACEMENT_3D('',#10562,#8523,#8524);
#6740=AXIS2_PLACEMENT_3D('',#10563,#8525,#8526);
#6741=AXIS2_PLACEMENT_3D('',#10564,#8527,#8528);
#6742=AXIS2_PLACEMENT_3D('',#10565,#8529,#8530);
#6743=AXIS2_PLACEMENT_3D('',#10566,#8531,#8532);
#6744=DIRECTION('',(0.,0.,1.));
#6745=DIRECTION('',(1.,0.,0.));
#6746=DIRECTION('',(-1.,0.,0.));
#6747=DIRECTION('',(0.,0.,1.));
#6748=DIRECTION('',(0.,0.,1.));
#6749=DIRECTION('',(0.,1.,0.));
#6750=DIRECTION('',(0.,0.,1.));
#6751=DIRECTION('',(0.,-1.,0.));
#6752=DIRECTION('',(-1.,0.,0.));
#6753=DIRECTION('',(0.,0.,1.));
#6754=DIRECTION('',(0.,-1.,0.));
#6755=DIRECTION('',(0.,0.,1.));
#6756=DIRECTION('',(0.,1.,0.));
#6757=DIRECTION('',(0.,0.,-1.));
#6758=DIRECTION('',(0.,0.,1.));
#6759=DIRECTION('',(1.,0.,0.));
#6760=DIRECTION('',(0.,0.,1.));
#6761=DIRECTION('',(1.,0.,0.));
#6762=DIRECTION('',(0.,0.,1.));
#6763=DIRECTION('',(1.,0.,0.));
#6764=DIRECTION('',(1.,0.,0.));
#6765=DIRECTION('',(0.,1.,0.));
#6766=DIRECTION('',(1.,1.52759010225665E-16,0.));
#6767=DIRECTION('',(0.,0.,1.));
#6768=DIRECTION('',(1.,0.,0.));
#6769=DIRECTION('',(1.,1.52759010225665E-16,0.));
#6770=DIRECTION('',(0.,0.,1.));
#6771=DIRECTION('',(1.,0.,0.));
#6772=DIRECTION('',(1.,1.52759010225665E-16,0.));
#6773=DIRECTION('',(0.,-1.,0.));
#6774=DIRECTION('',(0.,0.,1.));
#6775=DIRECTION('',(1.,0.,0.));
#6776=DIRECTION('',(0.,0.,1.));
#6777=DIRECTION('',(1.,0.,0.));
#6778=DIRECTION('',(0.,0.,1.));
#6779=DIRECTION('',(1.,0.,0.));
#6780=DIRECTION('',(0.,0.,1.));
#6781=DIRECTION('',(1.,0.,0.));
#6782=DIRECTION('',(0.,0.,1.));
#6783=DIRECTION('',(1.,0.,0.));
#6784=DIRECTION('',(0.,-1.,0.));
#6785=DIRECTION('',(1.,0.,0.));
#6786=DIRECTION('',(0.,1.,0.));
#6787=DIRECTION('',(0.707106781186548,0.707106781186548,0.));
#6788=DIRECTION('',(-1.,-1.52759010225665E-16,0.));
#6789=DIRECTION('',(-0.707106781186548,0.707106781186548,0.));
#6790=DIRECTION('',(0.5,0.,-0.866025403784439));
#6791=DIRECTION('',(0.,1.,0.));
#6792=DIRECTION('',(-0.866025403784439,0.,-0.5));
#6793=DIRECTION('',(0.654653670707977,-0.654653670707977,0.377964473009227));
#6794=DIRECTION('',(-0.5,0.,-0.866025403784439));
#6795=DIRECTION('',(0.,-1.,0.));
#6796=DIRECTION('',(-0.866025403784439,0.,0.5));
#6797=DIRECTION('',(0.654653670707977,-0.654653670707977,-0.377964473009227));
#6798=DIRECTION('',(-0.774596669241483,-0.447213595499958,0.447213595499958));
#6799=DIRECTION('',(0.5,0.,0.866025403784439));
#6800=DIRECTION('',(0.,-1.,0.));
#6801=DIRECTION('',(0.866025403784439,0.,-0.5));
#6802=DIRECTION('',(0.654653670707977,0.654653670707977,-0.377964473009227));
#6803=DIRECTION('',(-0.5,0.,0.866025403784439));
#6804=DIRECTION('',(0.,1.,0.));
#6805=DIRECTION('',(0.866025403784439,0.,0.5));
#6806=DIRECTION('',(0.774596669241484,-0.447213595499958,0.447213595499958));
#6807=DIRECTION('',(0.654653670707977,0.654653670707977,0.377964473009227));
#6808=DIRECTION('',(0.,1.,0.));
#6809=DIRECTION('',(0.,0.,1.));
#6810=DIRECTION('',(0.,0.,1.));
#6811=DIRECTION('',(-1.,0.,0.));
#6812=DIRECTION('',(0.,-1.,0.));
#6813=DIRECTION('',(0.,0.,-1.));
#6814=DIRECTION('',(0.,-1.,0.));
#6815=DIRECTION('',(0.,0.,-1.));
#6816=DIRECTION('',(0.,-1.,0.));
#6817=DIRECTION('',(0.,0.,-1.));
#6818=DIRECTION('',(0.,0.,-1.));
#6819=DIRECTION('',(0.,-1.,0.));
#6820=DIRECTION('',(0.,0.,-1.));
#6821=DIRECTION('',(0.,-1.,0.));
#6822=DIRECTION('',(0.,0.,-1.));
#6823=DIRECTION('',(0.,-1.,0.));
#6824=DIRECTION('',(0.,0.,-1.));
#6825=DIRECTION('',(0.,-1.,0.));
#6826=DIRECTION('',(0.,0.,-1.));
#6827=DIRECTION('',(0.,0.,-1.));
#6828=DIRECTION('',(0.,-1.,0.));
#6829=DIRECTION('',(0.,0.,-1.));
#6830=DIRECTION('',(0.,-1.,0.));
#6831=DIRECTION('',(0.,0.,-1.));
#6832=DIRECTION('',(0.,-1.,0.));
#6833=DIRECTION('',(0.,0.,-1.));
#6834=DIRECTION('',(1.,0.,0.));
#6835=DIRECTION('',(0.999997019365275,0.,-0.00244156928341745));
#6836=DIRECTION('',(0.,0.,-1.));
#6837=DIRECTION('',(1.,0.,0.));
#6838=DIRECTION('',(0.,0.,1.));
#6839=DIRECTION('',(-1.,0.,0.));
#6840=DIRECTION('',(0.,-1.,0.));
#6841=DIRECTION('',(0.,0.,-1.));
#6842=DIRECTION('',(0.,-1.,0.));
#6843=DIRECTION('',(0.,0.,-1.));
#6844=DIRECTION('',(0.,-1.,0.));
#6845=DIRECTION('',(0.,0.,-1.));
#6846=DIRECTION('',(0.,0.,-1.));
#6847=DIRECTION('',(0.,-1.,0.));
#6848=DIRECTION('',(0.,0.,-1.));
#6849=DIRECTION('',(0.,-1.,0.));
#6850=DIRECTION('',(0.,0.,-1.));
#6851=DIRECTION('',(0.,-1.,0.));
#6852=DIRECTION('',(0.,0.,-1.));
#6853=DIRECTION('',(0.999997019365275,0.,-0.00244156928341546));
#6854=DIRECTION('',(-0.646447542024874,0.,-0.762958436227032));
#6855=DIRECTION('',(0.,0.,-1.));
#6856=DIRECTION('',(1.,0.,0.));
#6857=DIRECTION('',(0.642183152881066,0.,0.766551236484381));
#6858=DIRECTION('',(0.,0.,1.));
#6859=DIRECTION('',(0.,-1.,0.));
#6860=DIRECTION('',(0.,0.,-1.));
#6861=DIRECTION('',(0.,-1.,0.));
#6862=DIRECTION('',(0.,0.,-1.));
#6863=DIRECTION('',(0.,-1.,0.));
#6864=DIRECTION('',(0.,0.,-1.));
#6865=DIRECTION('',(-1.,0.,0.));
#6866=DIRECTION('',(0.,-1.,0.));
#6867=DIRECTION('',(0.,0.,-1.));
#6868=DIRECTION('',(0.,-1.,0.));
#6869=DIRECTION('',(0.,0.,-1.));
#6870=DIRECTION('',(0.,-1.,0.));
#6871=DIRECTION('',(0.,0.,-1.));
#6872=DIRECTION('',(0.,0.,-1.));
#6873=DIRECTION('',(1.,0.,0.));
#6874=DIRECTION('',(0.,0.,1.));
#6875=DIRECTION('',(1.,0.,0.));
#6876=DIRECTION('',(0.,0.,-1.));
#6877=DIRECTION('',(1.,0.,0.));
#6878=DIRECTION('',(0.,0.,1.));
#6879=DIRECTION('',(-1.,0.,0.));
#6880=DIRECTION('',(0.,0.,-1.));
#6881=DIRECTION('',(1.,0.,0.));
#6882=DIRECTION('',(0.,0.,1.));
#6883=DIRECTION('',(-1.,0.,0.));
#6884=DIRECTION('',(-0.643400078129345,0.,-0.76553010356429));
#6885=DIRECTION('',(0.,0.,1.));
#6886=DIRECTION('',(-1.,0.,0.));
#6887=DIRECTION('',(0.,0.,-1.));
#6888=DIRECTION('',(1.,0.,0.));
#6889=DIRECTION('',(0.6434156069263,0.,0.76551705190914));
#6890=DIRECTION('',(0.,0.,-1.));
#6891=DIRECTION('',(1.,0.,0.));
#6892=DIRECTION('',(0.,0.,1.));
#6893=DIRECTION('',(-1.,0.,0.));
#6894=DIRECTION('',(0.,-1.,0.));
#6895=DIRECTION('',(0.,0.,-1.));
#6896=DIRECTION('',(0.,-1.,0.));
#6897=DIRECTION('',(0.,0.,-1.));
#6898=DIRECTION('',(0.,-1.,0.));
#6899=DIRECTION('',(0.,0.,-1.));
#6900=DIRECTION('',(0.,0.,-1.));
#6901=DIRECTION('',(0.,-1.,0.));
#6902=DIRECTION('',(0.,0.,-1.));
#6903=DIRECTION('',(0.,-1.,0.));
#6904=DIRECTION('',(0.,0.,-1.));
#6905=DIRECTION('',(0.,-1.,0.));
#6906=DIRECTION('',(0.,0.,-1.));
#6907=DIRECTION('',(0.,-1.,0.));
#6908=DIRECTION('',(0.,0.,-1.));
#6909=DIRECTION('',(0.,0.,-1.));
#6910=DIRECTION('',(0.,-1.,0.));
#6911=DIRECTION('',(0.,0.,-1.));
#6912=DIRECTION('',(0.,-1.,0.));
#6913=DIRECTION('',(0.,0.,-1.));
#6914=DIRECTION('',(0.,-1.,0.));
#6915=DIRECTION('',(0.,0.,-1.));
#6916=DIRECTION('',(1.,0.,0.));
#6917=DIRECTION('',(0.,-1.,0.));
#6918=DIRECTION('',(0.,0.,-1.));
#6919=DIRECTION('',(0.,-1.,0.));
#6920=DIRECTION('',(0.,0.,-1.));
#6921=DIRECTION('',(0.,-1.,0.));
#6922=DIRECTION('',(0.,0.,-1.));
#6923=DIRECTION('',(0.,0.,1.));
#6924=DIRECTION('',(0.,-1.,0.));
#6925=DIRECTION('',(0.,0.,-1.));
#6926=DIRECTION('',(0.,-1.,0.));
#6927=DIRECTION('',(0.,0.,-1.));
#6928=DIRECTION('',(0.,-1.,0.));
#6929=DIRECTION('',(0.,0.,-1.));
#6930=DIRECTION('',(-1.,0.,0.));
#6931=DIRECTION('',(0.,-1.,0.));
#6932=DIRECTION('',(0.,0.,-1.));
#6933=DIRECTION('',(0.,-1.,0.));
#6934=DIRECTION('',(0.,0.,-1.));
#6935=DIRECTION('',(0.,-1.,0.));
#6936=DIRECTION('',(0.,0.,-1.));
#6937=DIRECTION('',(0.,0.,-1.));
#6938=DIRECTION('',(0.,-1.,0.));
#6939=DIRECTION('',(0.,0.,-1.));
#6940=DIRECTION('',(0.,-1.,0.));
#6941=DIRECTION('',(0.,0.,-1.));
#6942=DIRECTION('',(0.,-1.,0.));
#6943=DIRECTION('',(0.,0.,-1.));
#6944=DIRECTION('',(1.,0.,0.));
#6945=DIRECTION('',(0.,0.,1.));
#6946=DIRECTION('',(0.,-1.,0.));
#6947=DIRECTION('',(0.,0.,-1.));
#6948=DIRECTION('',(0.,-1.,0.));
#6949=DIRECTION('',(0.,0.,-1.));
#6950=DIRECTION('',(0.,-1.,0.));
#6951=DIRECTION('',(0.,0.,-1.));
#6952=DIRECTION('',(-1.,0.,0.));
#6953=DIRECTION('',(0.,-1.,0.));
#6954=DIRECTION('',(0.,0.,-1.));
#6955=DIRECTION('',(0.,-1.,0.));
#6956=DIRECTION('',(0.,0.,-1.));
#6957=DIRECTION('',(0.,-1.,0.));
#6958=DIRECTION('',(0.,0.,-1.));
#6959=DIRECTION('',(0.,0.,-1.));
#6960=DIRECTION('',(1.,0.,0.));
#6961=DIRECTION('',(0.,0.,1.));
#6962=DIRECTION('',(1.,0.,0.));
#6963=DIRECTION('',(0.,0.,-1.));
#6964=DIRECTION('',(1.,0.,0.));
#6965=DIRECTION('',(0.999997019365275,0.,-0.00244156928341744));
#6966=DIRECTION('',(0.,0.,-1.));
#6967=DIRECTION('',(1.,0.,0.));
#6968=DIRECTION('',(0.,0.,1.));
#6969=DIRECTION('',(-1.,0.,0.));
#6970=DIRECTION('',(0.,-1.,0.));
#6971=DIRECTION('',(0.,0.,-1.));
#6972=DIRECTION('',(0.,-1.,0.));
#6973=DIRECTION('',(0.,0.,-1.));
#6974=DIRECTION('',(0.,-1.,0.));
#6975=DIRECTION('',(0.,0.,-1.));
#6976=DIRECTION('',(0.,0.,-1.));
#6977=DIRECTION('',(0.,-1.,0.));
#6978=DIRECTION('',(0.,0.,-1.));
#6979=DIRECTION('',(0.,-1.,0.));
#6980=DIRECTION('',(0.,0.,-1.));
#6981=DIRECTION('',(0.,-1.,0.));
#6982=DIRECTION('',(0.,0.,-1.));
#6983=DIRECTION('',(0.999997019365275,0.,-0.00244156928341542));
#6984=DIRECTION('',(-0.646447542024875,0.,-0.762958436227032));
#6985=DIRECTION('',(0.,0.,-1.));
#6986=DIRECTION('',(1.,0.,0.));
#6987=DIRECTION('',(0.642183152881064,0.,0.766551236484383));
#6988=DIRECTION('',(0.,0.,1.));
#6989=DIRECTION('',(-1.,0.,0.));
#6990=DIRECTION('',(0.,-1.,0.));
#6991=DIRECTION('',(0.,0.,-1.));
#6992=DIRECTION('',(0.,-1.,0.));
#6993=DIRECTION('',(0.,0.,-1.));
#6994=DIRECTION('',(0.,-1.,0.));
#6995=DIRECTION('',(0.,0.,-1.));
#6996=DIRECTION('',(0.,0.,-1.));
#6997=DIRECTION('',(0.,-1.,0.));
#6998=DIRECTION('',(0.,0.,-1.));
#6999=DIRECTION('',(0.,-1.,0.));
#7000=DIRECTION('',(0.,0.,-1.));
#7001=DIRECTION('',(0.,-1.,0.));
#7002=DIRECTION('',(0.,0.,-1.));
#7003=DIRECTION('',(1.,0.,0.));
#7004=DIRECTION('',(0.,-1.,0.));
#7005=DIRECTION('',(0.,0.,1.));
#7006=DIRECTION('',(0.,1.,0.));
#7007=DIRECTION('',(0.,0.,1.));
#7008=DIRECTION('',(0.,0.,-1.));
#7009=DIRECTION('',(1.,0.,0.));
#7010=DIRECTION('',(0.,0.,-1.));
#7011=DIRECTION('',(1.,0.,0.));
#7012=DIRECTION('',(0.,1.,0.));
#7013=DIRECTION('',(0.,0.,1.));
#7014=DIRECTION('',(0.,-1.,0.));
#7015=DIRECTION('',(0.,0.,1.));
#7016=DIRECTION('',(1.,0.,0.));
#7017=DIRECTION('',(1.,0.,0.));
#7018=DIRECTION('',(-1.,0.,0.));
#7019=DIRECTION('',(-1.,0.,0.));
#7020=DIRECTION('',(-1.,0.,0.));
#7021=DIRECTION('',(0.,0.,1.));
#7022=DIRECTION('',(0.,-1.,0.));
#7023=DIRECTION('',(0.,-1.,0.));
#7024=DIRECTION('',(-1.,0.,0.));
#7025=DIRECTION('',(0.,0.,1.));
#7026=DIRECTION('',(0.,-1.,0.));
#7027=DIRECTION('',(0.,-1.,0.));
#7028=DIRECTION('',(-1.,0.,0.));
#7029=DIRECTION('',(0.,0.,1.));
#7030=DIRECTION('',(0.,-1.,0.));
#7031=DIRECTION('',(0.,-1.,0.));
#7032=DIRECTION('',(0.,0.,1.));
#7033=DIRECTION('',(1.,0.,0.));
#7034=DIRECTION('',(0.,-1.,0.));
#7035=DIRECTION('',(0.,0.,-1.));
#7036=DIRECTION('',(-1.,0.,0.));
#7037=DIRECTION('',(0.,-1.,0.));
#7038=DIRECTION('',(-2.64268228164511E-29,2.4180993907555E-16,-1.));
#7039=DIRECTION('',(0.,1.,2.4180993907555E-16));
#7040=DIRECTION('',(-1.,0.,0.));
#7041=DIRECTION('',(1.38426214752853E-29,2.41809939075574E-16,1.));
#7042=DIRECTION('',(0.,-1.,2.41809939075574E-16));
#7043=DIRECTION('',(0.,0.,-1.));
#7044=DIRECTION('',(-1.,0.,0.));
#7045=DIRECTION('',(0.,-1.,0.));
#7046=DIRECTION('',(3.0995435042475E-29,-5.41443994016938E-16,1.));
#7047=DIRECTION('',(0.,-1.,-5.41443994016938E-16));
#7048=DIRECTION('',(0.,0.,-1.));
#7049=DIRECTION('',(-1.,0.,0.));
#7050=DIRECTION('',(-1.,0.,0.));
#7051=DIRECTION('',(0.,0.,1.));
#7052=DIRECTION('',(0.,-1.,0.));
#7053=DIRECTION('',(1.52759010225665E-16,-1.,0.));
#7054=DIRECTION('',(1.,1.52759010225665E-16,0.));
#7055=DIRECTION('',(1.52759010225665E-16,-1.,0.));
#7056=DIRECTION('',(1.,1.52759010225665E-16,0.));
#7057=DIRECTION('',(1.52759010225665E-16,-1.,0.));
#7058=DIRECTION('',(1.,1.52759010225665E-16,0.));
#7059=DIRECTION('',(0.,0.,1.));
#7060=DIRECTION('',(0.,0.,-1.));
#7061=DIRECTION('',(-1.,-1.52759010225665E-16,0.));
#7062=DIRECTION('',(-1.,-1.52759010225665E-16,0.));
#7063=DIRECTION('',(0.,0.,-1.));
#7064=DIRECTION('',(-1.,-1.52759010225665E-16,0.));
#7065=DIRECTION('',(0.,0.,-1.));
#7066=DIRECTION('',(1.52759010225665E-16,-1.,0.));
#7067=DIRECTION('',(1.,1.52759010225665E-16,0.));
#7068=DIRECTION('',(1.52759010225665E-16,-1.,0.));
#7069=DIRECTION('',(1.,1.52759010225665E-16,0.));
#7070=DIRECTION('',(-1.,0.,0.));
#7071=DIRECTION('',(0.,0.,1.));
#7072=DIRECTION('',(0.,1.,0.));
#7073=DIRECTION('',(0.,1.,0.));
#7074=DIRECTION('',(-1.,0.,0.));
#7075=DIRECTION('',(0.,0.,1.));
#7076=DIRECTION('',(0.,1.,0.));
#7077=DIRECTION('',(0.,1.,0.));
#7078=DIRECTION('',(0.,0.,1.));
#7079=DIRECTION('',(1.,0.,0.));
#7080=DIRECTION('',(0.,0.,1.));
#7081=DIRECTION('',(1.,0.,0.));
#7082=DIRECTION('',(0.,0.,1.));
#7083=DIRECTION('',(1.,0.,0.));
#7084=DIRECTION('',(-1.08016932017913E-16,0.707106781186548,0.707106781186548));
#7085=DIRECTION('',(1.08016932017913E-16,-0.707106781186548,0.707106781186548));
#7086=DIRECTION('',(0.,0.,1.));
#7087=DIRECTION('',(1.,0.,0.));
#7088=DIRECTION('',(0.,0.,1.));
#7089=DIRECTION('',(1.,0.,0.));
#7090=DIRECTION('',(0.,0.,1.));
#7091=DIRECTION('',(1.,0.,0.));
#7092=DIRECTION('',(-1.08016932017913E-16,0.707106781186548,0.707106781186548));
#7093=DIRECTION('',(1.08016932017913E-16,-0.707106781186548,0.707106781186548));
#7094=DIRECTION('',(0.,1.,0.));
#7095=DIRECTION('',(0.,0.,1.));
#7096=DIRECTION('',(0.,1.,0.));
#7097=DIRECTION('',(0.,0.,1.));
#7098=DIRECTION('',(0.,1.,0.));
#7099=DIRECTION('',(0.,0.,1.));
#7100=DIRECTION('',(0.,1.,0.));
#7101=DIRECTION('',(0.,0.,1.));
#7102=DIRECTION('',(-0.707106781186548,0.707106781186548,0.));
#7103=DIRECTION('',(0.,0.,-1.));
#7104=DIRECTION('',(0.577350269189626,0.577350269189626,-0.577350269189626));
#7105=DIRECTION('',(-1.08016932017913E-16,0.707106781186548,0.707106781186548));
#7106=DIRECTION('',(-1.,-1.52759010225665E-16,0.));
#7107=DIRECTION('',(0.577350269189626,-0.577350269189626,0.577350269189626));
#7108=DIRECTION('',(-0.707106781186548,-0.707106781186548,0.));
#7109=DIRECTION('',(0.,0.,1.));
#7110=DIRECTION('',(-1.,0.,0.));
#7111=DIRECTION('',(0.,0.,1.));
#7112=DIRECTION('',(0.,-1.,0.));
#7113=DIRECTION('',(0.,-1.,0.));
#7114=DIRECTION('',(0.,0.,-1.));
#7115=DIRECTION('',(-1.,0.,0.));
#7116=DIRECTION('',(0.,0.,-1.));
#7117=DIRECTION('',(-1.,0.,0.));
#7118=DIRECTION('',(0.,-1.,0.));
#7119=DIRECTION('',(2.64268228164511E-29,2.4180993907555E-16,1.));
#7120=DIRECTION('',(0.,-1.,2.4180993907555E-16));
#7121=DIRECTION('',(1.,0.,0.));
#7122=DIRECTION('',(-1.38426214752853E-29,2.41809939075574E-16,-1.));
#7123=DIRECTION('',(0.,1.,2.41809939075574E-16));
#7124=DIRECTION('',(0.,0.,-1.));
#7125=DIRECTION('',(-1.,0.,0.));
#7126=DIRECTION('',(0.,0.,-1.));
#7127=DIRECTION('',(-1.,0.,0.));
#7128=DIRECTION('',(5.91731032629103E-29,-5.4144399401697E-16,1.));
#7129=DIRECTION('',(0.,-1.,-5.4144399401697E-16));
#7130=DIRECTION('',(-1.,0.,0.));
#7131=DIRECTION('',(0.,0.,1.));
#7132=DIRECTION('',(0.,-1.,0.));
#7133=DIRECTION('',(0.,0.,-1.));
#7134=DIRECTION('',(-1.,0.,0.));
#7135=DIRECTION('',(0.,0.,-1.));
#7136=DIRECTION('',(-1.,0.,0.));
#7137=DIRECTION('',(5.91731032629103E-29,-5.4144399401697E-16,1.));
#7138=DIRECTION('',(0.,-1.,-5.4144399401697E-16));
#7139=DIRECTION('',(0.,0.,-1.));
#7140=DIRECTION('',(-1.,0.,0.));
#7141=DIRECTION('',(0.,0.,-1.));
#7142=DIRECTION('',(-1.,0.,0.));
#7143=DIRECTION('',(-1.38426214752853E-29,2.41809939075574E-16,-1.));
#7144=DIRECTION('',(0.,1.,2.41809939075574E-16));
#7145=DIRECTION('',(1.,0.,0.));
#7146=DIRECTION('',(2.64268228164511E-29,2.4180993907555E-16,1.));
#7147=DIRECTION('',(0.,-1.,2.4180993907555E-16));
#7148=DIRECTION('',(0.,1.,0.));
#7149=DIRECTION('',(-1.,0.,0.));
#7150=DIRECTION('',(0.,0.,1.));
#7151=DIRECTION('',(1.,0.,0.));
#7152=DIRECTION('',(0.,0.,1.));
#7153=DIRECTION('',(1.,0.,0.));
#7154=DIRECTION('',(0.,-1.,0.));
#7155=DIRECTION('',(0.,0.,-1.));
#7156=DIRECTION('',(-1.,0.,0.));
#7157=DIRECTION('',(3.0995435042475E-29,-5.41443994016938E-16,1.));
#7158=DIRECTION('',(0.,-1.,-5.41443994016938E-16));
#7159=DIRECTION('',(0.,-1.,0.));
#7160=DIRECTION('',(0.,0.,1.));
#7161=DIRECTION('',(1.,0.,0.));
#7162=DIRECTION('',(1.38426214752853E-29,2.41809939075574E-16,1.));
#7163=DIRECTION('',(0.,-1.,2.41809939075574E-16));
#7164=DIRECTION('',(-1.,0.,0.));
#7165=DIRECTION('',(-2.64268228164511E-29,2.4180993907555E-16,-1.));
#7166=DIRECTION('',(0.,1.,2.4180993907555E-16));
#7167=DIRECTION('',(-1.,0.,0.));
#7168=DIRECTION('',(0.,0.,1.));
#7169=DIRECTION('',(-1.,0.,0.));
#7170=DIRECTION('',(0.,0.,1.));
#7171=DIRECTION('',(0.,1.,0.));
#7172=DIRECTION('',(-1.,0.,0.));
#7173=DIRECTION('',(0.,0.,-1.));
#7174=DIRECTION('',(-1.,0.,0.));
#7175=DIRECTION('',(0.,0.,-1.));
#7176=DIRECTION('',(-1.,0.,0.));
#7177=DIRECTION('',(0.,0.,-1.));
#7178=DIRECTION('',(-1.,0.,0.));
#7179=DIRECTION('',(0.,0.,-1.));
#7180=DIRECTION('',(-1.,0.,0.));
#7181=DIRECTION('',(5.91731032629103E-29,-5.4144399401697E-16,1.));
#7182=DIRECTION('',(-0.70710678118652,-0.707106781186575,0.));
#7183=DIRECTION('',(0.,0.,-1.));
#7184=DIRECTION('',(0.707106781186534,-0.707106781186561,0.));
#7185=DIRECTION('',(0.,0.,-1.));
#7186=DIRECTION('',(0.70710678118652,-0.707106781186575,0.));
#7187=DIRECTION('',(3.0995435042475E-29,-5.41443994016938E-16,1.));
#7188=DIRECTION('',(-0.707106781186527,-0.707106781186568,0.));
#7189=DIRECTION('',(2.64268228164511E-29,2.4180993907555E-16,1.));
#7190=DIRECTION('',(0.707106781186581,0.707106781186514,0.));
#7191=DIRECTION('',(-1.38426214752853E-29,2.41809939075574E-16,-1.));
#7192=DIRECTION('',(-0.707106781186568,0.707106781186527,0.));
#7193=DIRECTION('',(-2.64268228164511E-29,2.4180993907555E-16,-1.));
#7194=DIRECTION('',(-0.707106781186581,0.707106781186514,0.));
#7195=DIRECTION('',(1.38426214752853E-29,2.41809939075574E-16,1.));
#7196=DIRECTION('',(0.707106781186568,0.707106781186527,0.));
#7197=DIRECTION('',(0.,0.,1.));
#7198=DIRECTION('',(1.,0.,0.));
#7199=DIRECTION('',(-1.,0.,0.));
#7200=DIRECTION('',(0.,-1.,0.));
#7201=DIRECTION('',(-1.,0.,0.));
#7202=DIRECTION('',(0.,-1.,0.));
#7203=DIRECTION('',(0.,-1.,0.));
#7204=DIRECTION('',(0.385829718711525,0.,-0.92257001260554));
#7205=DIRECTION('',(0.,-1.,0.));
#7206=DIRECTION('',(0.,0.,-1.));
#7207=DIRECTION('',(0.,-1.,0.));
#7208=DIRECTION('',(0.,-1.,0.));
#7209=DIRECTION('',(0.,0.,-1.));
#7210=DIRECTION('',(0.,-1.,0.));
#7211=DIRECTION('',(0.926823957034704,0.,-0.375496142012848));
#7212=DIRECTION('',(0.,-1.,0.));
#7213=DIRECTION('',(0.,0.,-1.));
#7214=DIRECTION('',(0.,-1.,0.));
#7215=DIRECTION('',(0.,-1.,0.));
#7216=DIRECTION('',(0.,0.,-1.));
#7217=DIRECTION('',(-1.,0.,0.));
#7218=DIRECTION('',(0.,0.,1.));
#7219=DIRECTION('',(0.,0.,-1.));
#7220=DIRECTION('',(0.,-1.,0.));
#7221=DIRECTION('',(0.,0.,-1.));
#7222=DIRECTION('',(0.,-1.,0.));
#7223=DIRECTION('',(0.926823957034379,0.,0.375496142013651));
#7224=DIRECTION('',(0.,-1.,0.));
#7225=DIRECTION('',(0.,0.,-1.));
#7226=DIRECTION('',(0.,-1.,0.));
#7227=DIRECTION('',(0.,-1.,0.));
#7228=DIRECTION('',(0.,0.,-1.));
#7229=DIRECTION('',(0.,-1.,0.));
#7230=DIRECTION('',(0.38582971871183,0.,0.922570012605412));
#7231=DIRECTION('',(0.,-1.,0.));
#7232=DIRECTION('',(0.,0.,-1.));
#7233=DIRECTION('',(0.,-1.,0.));
#7234=DIRECTION('',(0.,-1.,0.));
#7235=DIRECTION('',(0.,0.,-1.));
#7236=DIRECTION('',(0.,0.,-1.));
#7237=DIRECTION('',(-1.,0.,0.));
#7238=DIRECTION('',(1.,0.,0.));
#7239=DIRECTION('',(0.,-1.,0.));
#7240=DIRECTION('',(1.,0.,0.));
#7241=DIRECTION('',(0.,-1.,0.));
#7242=DIRECTION('',(-0.360489717505575,0.,0.932763187295013));
#7243=DIRECTION('',(0.,-1.,0.));
#7244=DIRECTION('',(0.,0.,-1.));
#7245=DIRECTION('',(0.,-1.,0.));
#7246=DIRECTION('',(0.,-1.,0.));
#7247=DIRECTION('',(0.,0.,-1.));
#7248=DIRECTION('',(0.,-1.,0.));
#7249=DIRECTION('',(-0.907948943518923,0.,0.419080798847755));
#7250=DIRECTION('',(0.,-1.,0.));
#7251=DIRECTION('',(0.,0.,-1.));
#7252=DIRECTION('',(0.,-1.,0.));
#7253=DIRECTION('',(0.,-1.,0.));
#7254=DIRECTION('',(0.,0.,-1.));
#7255=DIRECTION('',(1.,0.,0.));
#7256=DIRECTION('',(0.,0.,-1.));
#7257=DIRECTION('',(0.,0.,1.));
#7258=DIRECTION('',(0.,-1.,0.));
#7259=DIRECTION('',(0.,0.,1.));
#7260=DIRECTION('',(0.,-1.,0.));
#7261=DIRECTION('',(-0.907948943518964,0.,-0.419080798847664));
#7262=DIRECTION('',(0.,-1.,0.));
#7263=DIRECTION('',(0.,0.,-1.));
#7264=DIRECTION('',(0.,-1.,0.));
#7265=DIRECTION('',(0.,-1.,0.));
#7266=DIRECTION('',(0.,0.,-1.));
#7267=DIRECTION('',(1.,0.,0.));
#7268=DIRECTION('',(0.,0.,-1.));
#7269=DIRECTION('',(0.,-1.,0.));
#7270=DIRECTION('',(0.,0.,1.));
#7271=DIRECTION('',(0.,-1.,0.));
#7272=DIRECTION('',(0.,0.,-1.));
#7273=DIRECTION('',(-1.,0.,0.));
#7274=DIRECTION('',(0.,-1.,0.));
#7275=DIRECTION('',(1.,0.,0.));
#7276=DIRECTION('',(0.,-1.,0.));
#7277=DIRECTION('',(-0.26265137671161,0.,-0.964890799164079));
#7278=DIRECTION('',(0.,-1.,0.));
#7279=DIRECTION('',(0.,-1.,0.));
#7280=DIRECTION('',(0.,0.,-1.));
#7281=DIRECTION('',(0.,-1.,0.));
#7282=DIRECTION('',(-0.703679004085995,0.,-0.710518021733821));
#7283=DIRECTION('',(0.,-1.,0.));
#7284=DIRECTION('',(0.,-1.,0.));
#7285=DIRECTION('',(0.,0.,-1.));
#7286=DIRECTION('',(0.,-1.,0.));
#7287=DIRECTION('',(-0.964297839891225,0.,-0.264820082284402));
#7288=DIRECTION('',(0.,-1.,0.));
#7289=DIRECTION('',(0.,-1.,0.));
#7290=DIRECTION('',(0.,0.,-1.));
#7291=DIRECTION('',(-1.,0.,0.));
#7292=DIRECTION('',(0.,0.,1.));
#7293=DIRECTION('',(0.,-1.,0.));
#7294=DIRECTION('',(0.,0.,-1.));
#7295=DIRECTION('',(0.,-1.,0.));
#7296=DIRECTION('',(-0.964297839891179,0.,0.264820082284571));
#7297=DIRECTION('',(0.,-1.,0.));
#7298=DIRECTION('',(0.,-1.,0.));
#7299=DIRECTION('',(0.,0.,-1.));
#7300=DIRECTION('',(0.,-1.,0.));
#7301=DIRECTION('',(-0.70367900408604,0.,0.710518021733776));
#7302=DIRECTION('',(0.,-1.,0.));
#7303=DIRECTION('',(0.,-1.,0.));
#7304=DIRECTION('',(0.,0.,-1.));
#7305=DIRECTION('',(0.,-1.,0.));
#7306=DIRECTION('',(-0.26265137671158,0.,0.964890799164087));
#7307=DIRECTION('',(0.,-1.,0.));
#7308=DIRECTION('',(0.,-1.,0.));
#7309=DIRECTION('',(0.,0.,-1.));
#7310=DIRECTION('',(0.,0.,1.));
#7311=DIRECTION('',(1.,0.,0.));
#7312=DIRECTION('',(-1.,0.,0.));
#7313=DIRECTION('',(0.,-1.,0.));
#7314=DIRECTION('',(-0.360489717501985,0.,-0.9327631872964));
#7315=DIRECTION('',(0.,-1.,0.));
#7316=DIRECTION('',(0.,0.,-1.));
#7317=DIRECTION('',(0.,-1.,0.));
#7318=DIRECTION('',(0.,0.,-1.));
#7319=DIRECTION('',(0.,1.,0.));
#7320=DIRECTION('',(-1.,0.,0.));
#7321=DIRECTION('',(0.,1.,0.));
#7322=DIRECTION('',(0.,0.,1.));
#7323=DIRECTION('',(0.,0.,1.));
#7324=DIRECTION('',(1.,0.,0.));
#7325=DIRECTION('',(-1.,0.,0.));
#7326=DIRECTION('',(0.,-1.,0.));
#7327=DIRECTION('',(-1.,0.,0.));
#7328=DIRECTION('',(0.,-1.,0.));
#7329=DIRECTION('',(0.,-1.,0.));
#7330=DIRECTION('',(0.334380693091485,0.,-0.942438089259798));
#7331=DIRECTION('',(0.,-1.,0.));
#7332=DIRECTION('',(0.,0.,-1.));
#7333=DIRECTION('',(0.,-1.,0.));
#7334=DIRECTION('',(0.,-1.,0.));
#7335=DIRECTION('',(0.,0.,-1.));
#7336=DIRECTION('',(0.,-1.,0.));
#7337=DIRECTION('',(0.911928125713963,0.,-0.410349964703078));
#7338=DIRECTION('',(0.,-1.,0.));
#7339=DIRECTION('',(0.,0.,-1.));
#7340=DIRECTION('',(0.,-1.,0.));
#7341=DIRECTION('',(0.,-1.,0.));
#7342=DIRECTION('',(0.,0.,-1.));
#7343=DIRECTION('',(-1.,0.,0.));
#7344=DIRECTION('',(0.,0.,1.));
#7345=DIRECTION('',(0.,0.,-1.));
#7346=DIRECTION('',(0.,-1.,0.));
#7347=DIRECTION('',(0.,0.,-1.));
#7348=DIRECTION('',(0.,-1.,0.));
#7349=DIRECTION('',(0.924160355699118,0.,0.382004760381438));
#7350=DIRECTION('',(0.,-1.,0.));
#7351=DIRECTION('',(0.,0.,-1.));
#7352=DIRECTION('',(0.,-1.,0.));
#7353=DIRECTION('',(0.,-1.,0.));
#7354=DIRECTION('',(0.,0.,-1.));
#7355=DIRECTION('',(0.,-1.,0.));
#7356=DIRECTION('',(0.38200476038165,0.,0.92416035569903));
#7357=DIRECTION('',(0.,-1.,0.));
#7358=DIRECTION('',(0.,0.,-1.));
#7359=DIRECTION('',(0.,-1.,0.));
#7360=DIRECTION('',(0.,-1.,0.));
#7361=DIRECTION('',(0.,0.,-1.));
#7362=DIRECTION('',(0.,0.,-1.));
#7363=DIRECTION('',(-1.,0.,0.));
#7364=DIRECTION('',(1.,0.,0.));
#7365=DIRECTION('',(0.,-1.,0.));
#7366=DIRECTION('',(1.,0.,0.));
#7367=DIRECTION('',(0.,-1.,0.));
#7368=DIRECTION('',(-0.360489717501905,0.,0.932763187296431));
#7369=DIRECTION('',(0.,-1.,0.));
#7370=DIRECTION('',(0.,0.,-1.));
#7371=DIRECTION('',(0.,-1.,0.));
#7372=DIRECTION('',(0.,-1.,0.));
#7373=DIRECTION('',(0.,0.,-1.));
#7374=DIRECTION('',(0.,-1.,0.));
#7375=DIRECTION('',(-0.907948943518915,0.,0.419080798847772));
#7376=DIRECTION('',(0.,-1.,0.));
#7377=DIRECTION('',(0.,0.,-1.));
#7378=DIRECTION('',(0.,-1.,0.));
#7379=DIRECTION('',(0.,-1.,0.));
#7380=DIRECTION('',(0.,0.,-1.));
#7381=DIRECTION('',(1.,0.,0.));
#7382=DIRECTION('',(0.,0.,-1.));
#7383=DIRECTION('',(0.,0.,1.));
#7384=DIRECTION('',(0.,-1.,0.));
#7385=DIRECTION('',(0.,0.,1.));
#7386=DIRECTION('',(0.,-1.,0.));
#7387=DIRECTION('',(-0.894152629502777,0.,-0.447762297601382));
#7388=DIRECTION('',(0.,-1.,0.));
#7389=DIRECTION('',(0.,0.,-1.));
#7390=DIRECTION('',(0.,-1.,0.));
#7391=DIRECTION('',(0.,-1.,0.));
#7392=DIRECTION('',(0.,0.,-1.));
#7393=DIRECTION('',(-0.00244156928341744,0.,-0.999997019365275));
#7394=DIRECTION('',(-0.999997019365275,0.,0.00244156928341744));
#7395=DIRECTION('',(0.,-1.,0.));
#7396=DIRECTION('',(0.999997019365275,0.,-0.00244156928341744));
#7397=DIRECTION('',(0.,-1.,0.));
#7398=DIRECTION('',(0.766551236484383,0.,-0.642183152881064));
#7399=DIRECTION('',(-0.642183152881064,0.,-0.766551236484383));
#7400=DIRECTION('',(0.,-1.,0.));
#7401=DIRECTION('',(0.642183152881064,0.,0.766551236484383));
#7402=DIRECTION('',(0.,0.,-1.));
#7403=DIRECTION('',(-1.,0.,0.));
#7404=DIRECTION('',(0.,-1.,0.));
#7405=DIRECTION('',(1.,0.,0.));
#7406=DIRECTION('',(-1.,0.,0.));
#7407=DIRECTION('',(0.,0.,1.));
#7408=DIRECTION('',(0.,-1.,0.));
#7409=DIRECTION('',(0.,0.,-1.));
#7410=DIRECTION('',(-0.762958436227032,0.,0.646447542024875));
#7411=DIRECTION('',(0.646447542024875,0.,0.762958436227032));
#7412=DIRECTION('',(0.,-1.,0.));
#7413=DIRECTION('',(-0.646447542024875,0.,-0.762958436227032));
#7414=DIRECTION('',(-0.00244156928341542,0.,-0.999997019365275));
#7415=DIRECTION('',(-0.999997019365275,0.,0.00244156928341542));
#7416=DIRECTION('',(0.,-1.,0.));
#7417=DIRECTION('',(0.999997019365275,0.,-0.00244156928341542));
#7418=DIRECTION('',(0.,-1.,0.));
#7419=DIRECTION('',(-0.256888867048955,0.,-0.966440950077295));
#7420=DIRECTION('',(0.,-1.,0.));
#7421=DIRECTION('',(0.,-1.,0.));
#7422=DIRECTION('',(0.,0.,-1.));
#7423=DIRECTION('',(0.,-1.,0.));
#7424=DIRECTION('',(-0.70362492648173,0.,-0.710571574743586));
#7425=DIRECTION('',(0.,-1.,0.));
#7426=DIRECTION('',(0.,-1.,0.));
#7427=DIRECTION('',(0.,0.,-1.));
#7428=DIRECTION('',(0.,-1.,0.));
#7429=DIRECTION('',(-0.964793297795453,0.,-0.263009301221409));
#7430=DIRECTION('',(0.,-1.,0.));
#7431=DIRECTION('',(0.,-1.,0.));
#7432=DIRECTION('',(0.,0.,-1.));
#7433=DIRECTION('',(-1.,0.,0.));
#7434=DIRECTION('',(0.,0.,1.));
#7435=DIRECTION('',(0.,-1.,0.));
#7436=DIRECTION('',(0.,0.,-1.));
#7437=DIRECTION('',(0.,-1.,0.));
#7438=DIRECTION('',(-0.964199370358912,0.,0.265178381847914));
#7439=DIRECTION('',(0.,-1.,0.));
#7440=DIRECTION('',(0.,-1.,0.));
#7441=DIRECTION('',(0.,0.,-1.));
#7442=DIRECTION('',(0.,-1.,0.));
#7443=DIRECTION('',(-0.704747044237768,0.,0.709458669436161));
#7444=DIRECTION('',(0.,-1.,0.));
#7445=DIRECTION('',(0.,-1.,0.));
#7446=DIRECTION('',(0.,0.,-1.));
#7447=DIRECTION('',(0.,-1.,0.));
#7448=DIRECTION('',(-0.263611552147038,0.,0.964628918068824));
#7449=DIRECTION('',(0.,-1.,0.));
#7450=DIRECTION('',(0.,-1.,0.));
#7451=DIRECTION('',(0.,0.,-1.));
#7452=DIRECTION('',(0.,0.,1.));
#7453=DIRECTION('',(1.,0.,0.));
#7454=DIRECTION('',(0.,-1.,0.));
#7455=DIRECTION('',(-1.,0.,0.));
#7456=DIRECTION('',(1.,0.,0.));
#7457=DIRECTION('',(0.,0.,-1.));
#7458=DIRECTION('',(0.,-1.,0.));
#7459=DIRECTION('',(0.,0.,1.));
#7460=DIRECTION('',(0.,0.,-1.));
#7461=DIRECTION('',(-1.,0.,0.));
#7462=DIRECTION('',(0.,-1.,0.));
#7463=DIRECTION('',(1.,0.,0.));
#7464=DIRECTION('',(-1.,0.,0.));
#7465=DIRECTION('',(0.,0.,1.));
#7466=DIRECTION('',(0.,0.,-1.));
#7467=DIRECTION('',(0.,-1.,0.));
#7468=DIRECTION('',(-0.314102252910551,0.,-0.949389158731295));
#7469=DIRECTION('',(0.,-1.,0.));
#7470=DIRECTION('',(0.,0.,-1.));
#7471=DIRECTION('',(0.,-1.,0.));
#7472=DIRECTION('',(0.,0.,-1.));
#7473=DIRECTION('',(0.,1.,0.));
#7474=DIRECTION('',(-1.,0.,0.));
#7475=DIRECTION('',(0.,1.,0.));
#7476=DIRECTION('',(0.,0.,1.));
#7477=DIRECTION('',(0.,0.,1.));
#7478=DIRECTION('',(1.,0.,0.));
#7479=DIRECTION('',(-1.,0.,0.));
#7480=DIRECTION('',(0.,-1.,0.));
#7481=DIRECTION('',(-1.,0.,0.));
#7482=DIRECTION('',(0.,-1.,0.));
#7483=DIRECTION('',(-1.,0.,0.));
#7484=DIRECTION('',(0.,0.,1.));
#7485=DIRECTION('',(0.,0.,-1.));
#7486=DIRECTION('',(0.,-1.,0.));
#7487=DIRECTION('',(0.,0.,-1.));
#7488=DIRECTION('',(0.,-1.,0.));
#7489=DIRECTION('',(0.924160355698986,0.,0.382004760381758));
#7490=DIRECTION('',(0.,-1.,0.));
#7491=DIRECTION('',(0.,0.,-1.));
#7492=DIRECTION('',(0.,-1.,0.));
#7493=DIRECTION('',(0.,-1.,0.));
#7494=DIRECTION('',(0.,0.,-1.));
#7495=DIRECTION('',(0.,-1.,0.));
#7496=DIRECTION('',(0.38200476038146,0.,0.924160355699109));
#7497=DIRECTION('',(0.,-1.,0.));
#7498=DIRECTION('',(0.,0.,-1.));
#7499=DIRECTION('',(0.,-1.,0.));
#7500=DIRECTION('',(0.,-1.,0.));
#7501=DIRECTION('',(0.,0.,-1.));
#7502=DIRECTION('',(0.,0.,-1.));
#7503=DIRECTION('',(-1.,0.,0.));
#7504=DIRECTION('',(1.,0.,0.));
#7505=DIRECTION('',(0.,-1.,0.));
#7506=DIRECTION('',(1.,0.,0.));
#7507=DIRECTION('',(0.,-1.,0.));
#7508=DIRECTION('',(-0.360489717505428,0.,0.932763187295069));
#7509=DIRECTION('',(0.,-1.,0.));
#7510=DIRECTION('',(0.,0.,-1.));
#7511=DIRECTION('',(0.,-1.,0.));
#7512=DIRECTION('',(0.,-1.,0.));
#7513=DIRECTION('',(0.,0.,-1.));
#7514=DIRECTION('',(0.,-1.,0.));
#7515=DIRECTION('',(-0.907948943518929,0.,0.41908079884774));
#7516=DIRECTION('',(0.,-1.,0.));
#7517=DIRECTION('',(0.,0.,-1.));
#7518=DIRECTION('',(0.,-1.,0.));
#7519=DIRECTION('',(0.,-1.,0.));
#7520=DIRECTION('',(0.,0.,-1.));
#7521=DIRECTION('',(1.,0.,0.));
#7522=DIRECTION('',(0.,0.,-1.));
#7523=DIRECTION('',(0.,-1.,0.));
#7524=DIRECTION('',(0.,0.,1.));
#7525=DIRECTION('',(0.,-1.,0.));
#7526=DIRECTION('',(0.,0.,-1.));
#7527=DIRECTION('',(-1.,0.,0.));
#7528=DIRECTION('',(0.,-1.,0.));
#7529=DIRECTION('',(1.,0.,0.));
#7530=DIRECTION('',(-1.,0.,0.));
#7531=DIRECTION('',(0.,0.,1.));
#7532=DIRECTION('',(0.,-1.,0.));
#7533=DIRECTION('',(0.,0.,-1.));
#7534=DIRECTION('',(0.,0.,-1.));
#7535=DIRECTION('',(-1.,0.,0.));
#7536=DIRECTION('',(0.,-1.,0.));
#7537=DIRECTION('',(1.,0.,0.));
#7538=DIRECTION('',(1.,0.,0.));
#7539=DIRECTION('',(0.,0.,-1.));
#7540=DIRECTION('',(0.,-1.,0.));
#7541=DIRECTION('',(0.,0.,1.));
#7542=DIRECTION('',(0.,0.,-1.));
#7543=DIRECTION('',(-1.,0.,0.));
#7544=DIRECTION('',(0.,-1.,0.));
#7545=DIRECTION('',(1.,0.,0.));
#7546=DIRECTION('',(-1.,0.,0.));
#7547=DIRECTION('',(0.,0.,1.));
#7548=DIRECTION('',(0.,-1.,0.));
#7549=DIRECTION('',(0.,0.,-1.));
#7550=DIRECTION('',(0.,-1.,0.));
#7551=DIRECTION('',(-0.964297839891183,0.,0.264820082284556));
#7552=DIRECTION('',(0.,-1.,0.));
#7553=DIRECTION('',(0.,-1.,0.));
#7554=DIRECTION('',(0.,0.,-1.));
#7555=DIRECTION('',(0.,-1.,0.));
#7556=DIRECTION('',(-0.703679004086042,0.,0.710518021733775));
#7557=DIRECTION('',(0.,-1.,0.));
#7558=DIRECTION('',(0.,-1.,0.));
#7559=DIRECTION('',(0.,0.,-1.));
#7560=DIRECTION('',(0.,-1.,0.));
#7561=DIRECTION('',(-0.262651376711566,0.,0.964890799164091));
#7562=DIRECTION('',(0.,-1.,0.));
#7563=DIRECTION('',(0.,-1.,0.));
#7564=DIRECTION('',(0.,0.,-1.));
#7565=DIRECTION('',(0.,0.,1.));
#7566=DIRECTION('',(1.,0.,0.));
#7567=DIRECTION('',(0.,-1.,0.));
#7568=DIRECTION('',(-1.,0.,0.));
#7569=DIRECTION('',(0.,-1.,0.));
#7570=DIRECTION('',(0.264814285215787,0.,0.96429943189118));
#7571=DIRECTION('',(0.,-1.,0.));
#7572=DIRECTION('',(0.,-1.,0.));
#7573=DIRECTION('',(0.,0.,-1.));
#7574=DIRECTION('',(0.,-1.,0.));
#7575=DIRECTION('',(0.706614939954067,0.,0.707598280547451));
#7576=DIRECTION('',(0.,-1.,0.));
#7577=DIRECTION('',(0.,-1.,0.));
#7578=DIRECTION('',(0.,0.,-1.));
#7579=DIRECTION('',(0.,-1.,0.));
#7580=DIRECTION('',(0.964297839891183,0.,0.264820082284555));
#7581=DIRECTION('',(0.,-1.,0.));
#7582=DIRECTION('',(0.,0.,-1.));
#7583=DIRECTION('',(1.,0.,0.));
#7584=DIRECTION('',(0.,0.,-1.));
#7585=DIRECTION('',(0.,0.,1.));
#7586=DIRECTION('',(0.,0.,1.));
#7587=DIRECTION('',(0.,1.,0.));
#7588=DIRECTION('',(-1.,0.,0.));
#7589=DIRECTION('',(0.,1.,0.));
#7590=DIRECTION('',(0.,0.,1.));
#7591=DIRECTION('',(0.,0.,1.));
#7592=DIRECTION('',(1.,0.,0.));
#7593=DIRECTION('',(-1.,0.,0.));
#7594=DIRECTION('',(0.,-1.,0.));
#7595=DIRECTION('',(-1.,0.,0.));
#7596=DIRECTION('',(0.,-1.,0.));
#7597=DIRECTION('',(0.,-1.,0.));
#7598=DIRECTION('',(0.382004760381729,0.,-0.924160355698998));
#7599=DIRECTION('',(0.,-1.,0.));
#7600=DIRECTION('',(0.,0.,-1.));
#7601=DIRECTION('',(0.,-1.,0.));
#7602=DIRECTION('',(0.,-1.,0.));
#7603=DIRECTION('',(0.,0.,-1.));
#7604=DIRECTION('',(0.,-1.,0.));
#7605=DIRECTION('',(0.92416035569902,0.,-0.382004760381676));
#7606=DIRECTION('',(0.,-1.,0.));
#7607=DIRECTION('',(0.,0.,-1.));
#7608=DIRECTION('',(0.,-1.,0.));
#7609=DIRECTION('',(0.,-1.,0.));
#7610=DIRECTION('',(0.,0.,-1.));
#7611=DIRECTION('',(-1.,0.,0.));
#7612=DIRECTION('',(0.,0.,1.));
#7613=DIRECTION('',(0.,0.,-1.));
#7614=DIRECTION('',(0.,-1.,0.));
#7615=DIRECTION('',(0.,0.,-1.));
#7616=DIRECTION('',(0.,-1.,0.));
#7617=DIRECTION('',(0.924160355699116,0.,0.382004760381443));
#7618=DIRECTION('',(0.,-1.,0.));
#7619=DIRECTION('',(0.,0.,-1.));
#7620=DIRECTION('',(0.,-1.,0.));
#7621=DIRECTION('',(0.,-1.,0.));
#7622=DIRECTION('',(0.,0.,-1.));
#7623=DIRECTION('',(0.,-1.,0.));
#7624=DIRECTION('',(0.382004760381726,0.,0.924160355698999));
#7625=DIRECTION('',(0.,-1.,0.));
#7626=DIRECTION('',(0.,0.,-1.));
#7627=DIRECTION('',(0.,-1.,0.));
#7628=DIRECTION('',(0.,-1.,0.));
#7629=DIRECTION('',(0.,0.,-1.));
#7630=DIRECTION('',(0.,0.,-1.));
#7631=DIRECTION('',(-1.,0.,0.));
#7632=DIRECTION('',(1.,0.,0.));
#7633=DIRECTION('',(0.,-1.,0.));
#7634=DIRECTION('',(1.,0.,0.));
#7635=DIRECTION('',(0.,-1.,0.));
#7636=DIRECTION('',(-0.360489717505507,0.,0.932763187295039));
#7637=DIRECTION('',(0.,-1.,0.));
#7638=DIRECTION('',(0.,0.,-1.));
#7639=DIRECTION('',(0.,-1.,0.));
#7640=DIRECTION('',(0.,-1.,0.));
#7641=DIRECTION('',(0.,0.,-1.));
#7642=DIRECTION('',(0.,-1.,0.));
#7643=DIRECTION('',(-0.907948943519004,0.,0.419080798847578));
#7644=DIRECTION('',(0.,-1.,0.));
#7645=DIRECTION('',(0.,0.,-1.));
#7646=DIRECTION('',(0.,-1.,0.));
#7647=DIRECTION('',(0.,-1.,0.));
#7648=DIRECTION('',(0.,0.,-1.));
#7649=DIRECTION('',(1.,0.,0.));
#7650=DIRECTION('',(0.,0.,-1.));
#7651=DIRECTION('',(0.,0.,1.));
#7652=DIRECTION('',(0.,-1.,0.));
#7653=DIRECTION('',(0.,0.,1.));
#7654=DIRECTION('',(0.,-1.,0.));
#7655=DIRECTION('',(-0.907948943519032,0.,-0.419080798847517));
#7656=DIRECTION('',(0.,-1.,0.));
#7657=DIRECTION('',(0.,0.,-1.));
#7658=DIRECTION('',(0.,-1.,0.));
#7659=DIRECTION('',(0.,-1.,0.));
#7660=DIRECTION('',(0.,0.,-1.));
#7661=DIRECTION('',(0.,-1.,0.));
#7662=DIRECTION('',(0.265178381847972,0.,-0.964199370358896));
#7663=DIRECTION('',(0.,-1.,0.));
#7664=DIRECTION('',(0.,-1.,0.));
#7665=DIRECTION('',(0.,0.,-1.));
#7666=DIRECTION('',(0.,-1.,0.));
#7667=DIRECTION('',(0.,0.,-1.));
#7668=DIRECTION('',(-1.,0.,0.));
#7669=DIRECTION('',(0.,-1.,0.));
#7670=DIRECTION('',(1.,0.,0.));
#7671=DIRECTION('',(0.,-1.,0.));
#7672=DIRECTION('',(-0.265178381847957,0.,-0.9641993703589));
#7673=DIRECTION('',(0.,-1.,0.));
#7674=DIRECTION('',(0.,-1.,0.));
#7675=DIRECTION('',(0.,0.,-1.));
#7676=DIRECTION('',(0.,-1.,0.));
#7677=DIRECTION('',(-0.706526558921934,0.,-0.707686527735219));
#7678=DIRECTION('',(0.,-1.,0.));
#7679=DIRECTION('',(0.,-1.,0.));
#7680=DIRECTION('',(0.,0.,-1.));
#7681=DIRECTION('',(0.,-1.,0.));
#7682=DIRECTION('',(-0.964033151014211,0.,-0.265782022991797));
#7683=DIRECTION('',(0.,-1.,0.));
#7684=DIRECTION('',(0.,-1.,0.));
#7685=DIRECTION('',(0.,0.,-1.));
#7686=DIRECTION('',(-1.,0.,0.));
#7687=DIRECTION('',(0.,0.,1.));
#7688=DIRECTION('',(0.,-1.,0.));
#7689=DIRECTION('',(0.,0.,-1.));
#7690=DIRECTION('',(0.,-1.,0.));
#7691=DIRECTION('',(-0.964033151014209,0.,0.265782022991802));
#7692=DIRECTION('',(0.,-1.,0.));
#7693=DIRECTION('',(0.,-1.,0.));
#7694=DIRECTION('',(0.,0.,-1.));
#7695=DIRECTION('',(0.,-1.,0.));
#7696=DIRECTION('',(-0.706526558921988,0.,0.707686527735165));
#7697=DIRECTION('',(0.,-1.,0.));
#7698=DIRECTION('',(0.,-1.,0.));
#7699=DIRECTION('',(0.,0.,-1.));
#7700=DIRECTION('',(0.,-1.,0.));
#7701=DIRECTION('',(-0.265178381847923,0.,0.964199370358909));
#7702=DIRECTION('',(0.,-1.,0.));
#7703=DIRECTION('',(0.,-1.,0.));
#7704=DIRECTION('',(0.,0.,-1.));
#7705=DIRECTION('',(0.,0.,1.));
#7706=DIRECTION('',(1.,0.,0.));
#7707=DIRECTION('',(0.,-1.,0.));
#7708=DIRECTION('',(-1.,0.,0.));
#7709=DIRECTION('',(0.,-1.,0.));
#7710=DIRECTION('',(0.265178381847941,0.,0.964199370358904));
#7711=DIRECTION('',(0.,-1.,0.));
#7712=DIRECTION('',(0.,-1.,0.));
#7713=DIRECTION('',(0.,0.,-1.));
#7714=DIRECTION('',(0.,-1.,0.));
#7715=DIRECTION('',(0.707106781186575,0.,0.70710678118652));
#7716=DIRECTION('',(0.,-1.,0.));
#7717=DIRECTION('',(0.,-1.,0.));
#7718=DIRECTION('',(0.,0.,-1.));
#7719=DIRECTION('',(0.,-1.,0.));
#7720=DIRECTION('',(0.964297839891227,0.,0.264820082284395));
#7721=DIRECTION('',(0.,-1.,0.));
#7722=DIRECTION('',(0.,-1.,0.));
#7723=DIRECTION('',(0.,0.,-1.));
#7724=DIRECTION('',(1.,0.,0.));
#7725=DIRECTION('',(0.,0.,-1.));
#7726=DIRECTION('',(0.,-1.,0.));
#7727=DIRECTION('',(0.,0.,1.));
#7728=DIRECTION('',(0.,-1.,0.));
#7729=DIRECTION('',(0.964297839891183,0.,-0.264820082284556));
#7730=DIRECTION('',(0.,-1.,0.));
#7731=DIRECTION('',(0.,-1.,0.));
#7732=DIRECTION('',(0.,0.,-1.));
#7733=DIRECTION('',(0.,-1.,0.));
#7734=DIRECTION('',(0.707106781186522,0.,-0.707106781186573));
#7735=DIRECTION('',(0.,-1.,0.));
#7736=DIRECTION('',(0.,0.,-1.));
#7737=DIRECTION('',(0.,-1.,0.));
#7738=DIRECTION('',(-0.360489717505365,0.,-0.932763187295094));
#7739=DIRECTION('',(0.,-1.,0.));
#7740=DIRECTION('',(0.,0.,-1.));
#7741=DIRECTION('',(0.,-1.,0.));
#7742=DIRECTION('',(0.,0.,-1.));
#7743=DIRECTION('',(0.,1.,0.));
#7744=DIRECTION('',(-1.,0.,0.));
#7745=DIRECTION('',(0.,1.,0.));
#7746=DIRECTION('',(0.,0.,1.));
#7747=DIRECTION('',(0.,0.,1.));
#7748=DIRECTION('',(1.,0.,0.));
#7749=DIRECTION('',(-1.,0.,0.));
#7750=DIRECTION('',(0.,-1.,0.));
#7751=DIRECTION('',(-1.,0.,0.));
#7752=DIRECTION('',(0.,-1.,0.));
#7753=DIRECTION('',(0.,-1.,0.));
#7754=DIRECTION('',(0.382004760381711,0.,-0.924160355699005));
#7755=DIRECTION('',(0.,-1.,0.));
#7756=DIRECTION('',(0.,0.,-1.));
#7757=DIRECTION('',(0.,-1.,0.));
#7758=DIRECTION('',(0.,-1.,0.));
#7759=DIRECTION('',(0.,0.,-1.));
#7760=DIRECTION('',(0.,-1.,0.));
#7761=DIRECTION('',(0.924160355698955,0.,-0.382004760381831));
#7762=DIRECTION('',(0.,-1.,0.));
#7763=DIRECTION('',(0.,0.,-1.));
#7764=DIRECTION('',(0.,-1.,0.));
#7765=DIRECTION('',(0.,-1.,0.));
#7766=DIRECTION('',(0.,0.,-1.));
#7767=DIRECTION('',(-1.,0.,0.));
#7768=DIRECTION('',(0.,0.,1.));
#7769=DIRECTION('',(0.,0.,-1.));
#7770=DIRECTION('',(0.,-1.,0.));
#7771=DIRECTION('',(0.,0.,-1.));
#7772=DIRECTION('',(0.,-1.,0.));
#7773=DIRECTION('',(0.924160355698988,0.,0.382004760381752));
#7774=DIRECTION('',(0.,-1.,0.));
#7775=DIRECTION('',(0.,0.,-1.));
#7776=DIRECTION('',(0.,-1.,0.));
#7777=DIRECTION('',(0.,-1.,0.));
#7778=DIRECTION('',(0.,0.,-1.));
#7779=DIRECTION('',(0.,-1.,0.));
#7780=DIRECTION('',(0.382004760381745,0.,0.924160355698991));
#7781=DIRECTION('',(0.,-1.,0.));
#7782=DIRECTION('',(0.,0.,-1.));
#7783=DIRECTION('',(0.,-1.,0.));
#7784=DIRECTION('',(0.,-1.,0.));
#7785=DIRECTION('',(0.,0.,-1.));
#7786=DIRECTION('',(0.,0.,-1.));
#7787=DIRECTION('',(-1.,0.,0.));
#7788=DIRECTION('',(1.,0.,0.));
#7789=DIRECTION('',(0.,-1.,0.));
#7790=DIRECTION('',(1.,0.,0.));
#7791=DIRECTION('',(0.,-1.,0.));
#7792=DIRECTION('',(-0.410349964675834,0.,0.911928125726223));
#7793=DIRECTION('',(0.,-1.,0.));
#7794=DIRECTION('',(0.,0.,-1.));
#7795=DIRECTION('',(0.,-1.,0.));
#7796=DIRECTION('',(0.,-1.,0.));
#7797=DIRECTION('',(0.,0.,-1.));
#7798=DIRECTION('',(0.,-1.,0.));
#7799=DIRECTION('',(-0.942438089257685,0.,0.334380693097438));
#7800=DIRECTION('',(0.,-1.,0.));
#7801=DIRECTION('',(0.,0.,-1.));
#7802=DIRECTION('',(0.,-1.,0.));
#7803=DIRECTION('',(0.,-1.,0.));
#7804=DIRECTION('',(0.,0.,-1.));
#7805=DIRECTION('',(1.,0.,0.));
#7806=DIRECTION('',(0.,0.,-1.));
#7807=DIRECTION('',(0.,0.,1.));
#7808=DIRECTION('',(0.,-1.,0.));
#7809=DIRECTION('',(0.,0.,1.));
#7810=DIRECTION('',(0.,-1.,0.));
#7811=DIRECTION('',(-0.94243808925767,0.,-0.33438069309748));
#7812=DIRECTION('',(0.,-1.,0.));
#7813=DIRECTION('',(0.,0.,-1.));
#7814=DIRECTION('',(0.,-1.,0.));
#7815=DIRECTION('',(0.,-1.,0.));
#7816=DIRECTION('',(0.,0.,-1.));
#7817=DIRECTION('',(0.,0.,1.));
#7818=DIRECTION('',(1.,0.,0.));
#7819=DIRECTION('',(-1.,0.,0.));
#7820=DIRECTION('',(0.,-1.,0.));
#7821=DIRECTION('',(-1.,0.,0.));
#7822=DIRECTION('',(0.,-1.,0.));
#7823=DIRECTION('',(0.,-1.,0.));
#7824=DIRECTION('',(0.38200476038147,0.,-0.924160355699105));
#7825=DIRECTION('',(0.,-1.,0.));
#7826=DIRECTION('',(0.,0.,-1.));
#7827=DIRECTION('',(0.,-1.,0.));
#7828=DIRECTION('',(0.,-1.,0.));
#7829=DIRECTION('',(0.,0.,-1.));
#7830=DIRECTION('',(0.,-1.,0.));
#7831=DIRECTION('',(0.924160355699013,0.,-0.382004760381693));
#7832=DIRECTION('',(0.,-1.,0.));
#7833=DIRECTION('',(0.,0.,-1.));
#7834=DIRECTION('',(0.,-1.,0.));
#7835=DIRECTION('',(0.,-1.,0.));
#7836=DIRECTION('',(0.,0.,-1.));
#7837=DIRECTION('',(-1.,0.,0.));
#7838=DIRECTION('',(0.,0.,1.));
#7839=DIRECTION('',(0.,0.,-1.));
#7840=DIRECTION('',(0.,-1.,0.));
#7841=DIRECTION('',(0.,0.,-1.));
#7842=DIRECTION('',(0.,-1.,0.));
#7843=DIRECTION('',(0.924160355698999,0.,0.382004760381726));
#7844=DIRECTION('',(0.,-1.,0.));
#7845=DIRECTION('',(0.,0.,-1.));
#7846=DIRECTION('',(0.,-1.,0.));
#7847=DIRECTION('',(0.,-1.,0.));
#7848=DIRECTION('',(0.,0.,-1.));
#7849=DIRECTION('',(0.,-1.,0.));
#7850=DIRECTION('',(0.382004760381916,0.,0.92416035569892));
#7851=DIRECTION('',(0.,-1.,0.));
#7852=DIRECTION('',(0.,0.,-1.));
#7853=DIRECTION('',(0.,-1.,0.));
#7854=DIRECTION('',(0.,-1.,0.));
#7855=DIRECTION('',(0.,0.,-1.));
#7856=DIRECTION('',(0.,0.,-1.));
#7857=DIRECTION('',(-1.,0.,0.));
#7858=DIRECTION('',(1.,0.,0.));
#7859=DIRECTION('',(0.,-1.,0.));
#7860=DIRECTION('',(1.,0.,0.));
#7861=DIRECTION('',(0.,-1.,0.));
#7862=DIRECTION('',(-0.360489717502143,0.,0.932763187296339));
#7863=DIRECTION('',(0.,-1.,0.));
#7864=DIRECTION('',(0.,0.,-1.));
#7865=DIRECTION('',(0.,-1.,0.));
#7866=DIRECTION('',(0.,-1.,0.));
#7867=DIRECTION('',(0.,0.,-1.));
#7868=DIRECTION('',(0.,-1.,0.));
#7869=DIRECTION('',(-0.907948943518964,0.,0.419080798847665));
#7870=DIRECTION('',(0.,-1.,0.));
#7871=DIRECTION('',(0.,0.,-1.));
#7872=DIRECTION('',(0.,-1.,0.));
#7873=DIRECTION('',(0.,-1.,0.));
#7874=DIRECTION('',(0.,0.,-1.));
#7875=DIRECTION('',(1.,0.,0.));
#7876=DIRECTION('',(0.,0.,-1.));
#7877=DIRECTION('',(0.,0.,1.));
#7878=DIRECTION('',(0.,-1.,0.));
#7879=DIRECTION('',(0.,0.,1.));
#7880=DIRECTION('',(0.,-1.,0.));
#7881=DIRECTION('',(-0.907948943518978,0.,-0.419080798847634));
#7882=DIRECTION('',(0.,-1.,0.));
#7883=DIRECTION('',(0.,0.,-1.));
#7884=DIRECTION('',(0.,-1.,0.));
#7885=DIRECTION('',(0.,-1.,0.));
#7886=DIRECTION('',(0.,0.,-1.));
#7887=DIRECTION('',(1.,0.,0.));
#7888=DIRECTION('',(0.,0.,-1.));
#7889=DIRECTION('',(0.,-1.,0.));
#7890=DIRECTION('',(0.,0.,1.));
#7891=DIRECTION('',(0.,-1.,0.));
#7892=DIRECTION('',(0.,0.,-1.));
#7893=DIRECTION('',(-1.,0.,0.));
#7894=DIRECTION('',(0.,-1.,0.));
#7895=DIRECTION('',(1.,0.,0.));
#7896=DIRECTION('',(0.,-1.,0.));
#7897=DIRECTION('',(-0.263009301221373,0.,-0.964793297795463));
#7898=DIRECTION('',(0.,-1.,0.));
#7899=DIRECTION('',(0.,-1.,0.));
#7900=DIRECTION('',(0.,0.,-1.));
#7901=DIRECTION('',(0.,-1.,0.));
#7902=DIRECTION('',(-0.703587080719277,0.,-0.710609048524521));
#7903=DIRECTION('',(0.,-1.,0.));
#7904=DIRECTION('',(0.,-1.,0.));
#7905=DIRECTION('',(0.,0.,-1.));
#7906=DIRECTION('',(0.,-1.,0.));
#7907=DIRECTION('',(-0.964033151014215,0.,-0.265782022991782));
#7908=DIRECTION('',(0.,-1.,0.));
#7909=DIRECTION('',(0.,-1.,0.));
#7910=DIRECTION('',(0.,0.,-1.));
#7911=DIRECTION('',(-1.,0.,0.));
#7912=DIRECTION('',(0.,0.,1.));
#7913=DIRECTION('',(0.,-1.,0.));
#7914=DIRECTION('',(0.,0.,-1.));
#7915=DIRECTION('',(0.,-1.,0.));
#7916=DIRECTION('',(-0.979045682794708,0.,0.203640740032644));
#7917=DIRECTION('',(0.,-1.,0.));
#7918=DIRECTION('',(0.,-1.,0.));
#7919=DIRECTION('',(0.,0.,-1.));
#7920=DIRECTION('',(0.,-1.,0.));
#7921=DIRECTION('',(-0.867459473745,0.,0.497507850601423));
#7922=DIRECTION('',(0.,-1.,0.));
#7923=DIRECTION('',(0.,-1.,0.));
#7924=DIRECTION('',(0.,0.,-1.));
#7925=DIRECTION('',(0.,-1.,0.));
#7926=DIRECTION('',(-0.956106632115508,0.,-0.293018955060487));
#7927=DIRECTION('',(0.,-1.,0.));
#7928=DIRECTION('',(0.,-1.,0.));
#7929=DIRECTION('',(0.,0.,-1.));
#7930=DIRECTION('',(0.,-1.,0.));
#7931=DIRECTION('',(-0.996646447129123,0.,-0.0818282312218543));
#7932=DIRECTION('',(0.,-1.,0.));
#7933=DIRECTION('',(0.,-1.,0.));
#7934=DIRECTION('',(0.,0.,-1.));
#7935=DIRECTION('',(-1.,0.,0.));
#7936=DIRECTION('',(0.,0.,1.));
#7937=DIRECTION('',(0.,-1.,0.));
#7938=DIRECTION('',(0.,0.,-1.));
#7939=DIRECTION('',(0.,-1.,0.));
#7940=DIRECTION('',(-0.964297839891178,0.,0.264820082284574));
#7941=DIRECTION('',(0.,-1.,0.));
#7942=DIRECTION('',(0.,-1.,0.));
#7943=DIRECTION('',(0.,0.,-1.));
#7944=DIRECTION('',(0.,-1.,0.));
#7945=DIRECTION('',(-0.707106781186581,0.,0.707106781186514));
#7946=DIRECTION('',(0.,-1.,0.));
#7947=DIRECTION('',(0.,-1.,0.));
#7948=DIRECTION('',(0.,0.,-1.));
#7949=DIRECTION('',(0.,-1.,0.));
#7950=DIRECTION('',(-0.264820082284563,0.,0.964297839891181));
#7951=DIRECTION('',(0.,-1.,0.));
#7952=DIRECTION('',(0.,-1.,0.));
#7953=DIRECTION('',(0.,0.,-1.));
#7954=DIRECTION('',(0.,-1.,0.));
#7955=DIRECTION('',(-0.360489717504253,0.,-0.932763187295523));
#7956=DIRECTION('',(0.,-1.,0.));
#7957=DIRECTION('',(0.,0.,-1.));
#7958=DIRECTION('',(0.,-1.,0.));
#7959=DIRECTION('',(0.,0.,-1.));
#7960=DIRECTION('',(0.,0.,1.));
#7961=DIRECTION('',(1.,0.,0.));
#7962=DIRECTION('',(-1.,0.,0.));
#7963=DIRECTION('',(0.,-1.,0.));
#7964=DIRECTION('',(-0.410349964702926,0.,-0.911928125714032));
#7965=DIRECTION('',(0.,-1.,0.));
#7966=DIRECTION('',(0.,0.,-1.));
#7967=DIRECTION('',(0.,-1.,0.));
#7968=DIRECTION('',(0.,0.,-1.));
#7969=DIRECTION('',(0.,1.,0.));
#7970=DIRECTION('',(-1.,0.,0.));
#7971=DIRECTION('',(0.,1.,0.));
#7972=DIRECTION('',(0.,0.,1.));
#7973=DIRECTION('',(0.,1.,0.));
#7974=DIRECTION('',(0.,0.,1.));
#7975=DIRECTION('',(1.,0.,0.));
#7976=DIRECTION('',(0.,0.,-1.));
#7977=DIRECTION('',(0.,-1.,0.));
#7978=DIRECTION('',(0.,0.,1.));
#7979=DIRECTION('',(0.,-1.,0.));
#7980=DIRECTION('',(0.,0.,-1.));
#7981=DIRECTION('',(-1.,0.,0.));
#7982=DIRECTION('',(0.,-1.,0.));
#7983=DIRECTION('',(1.,0.,0.));
#7984=DIRECTION('',(-1.,0.,0.));
#7985=DIRECTION('',(0.,0.,1.));
#7986=DIRECTION('',(0.,-1.,0.));
#7987=DIRECTION('',(0.,0.,-1.));
#7988=DIRECTION('',(0.76551705190914,0.,-0.6434156069263));
#7989=DIRECTION('',(-0.6434156069263,0.,-0.76551705190914));
#7990=DIRECTION('',(0.,-1.,0.));
#7991=DIRECTION('',(0.6434156069263,0.,0.76551705190914));
#7992=DIRECTION('',(0.,0.,-1.));
#7993=DIRECTION('',(-1.,0.,0.));
#7994=DIRECTION('',(0.,-1.,0.));
#7995=DIRECTION('',(1.,0.,0.));
#7996=DIRECTION('',(-1.,0.,0.));
#7997=DIRECTION('',(0.,0.,1.));
#7998=DIRECTION('',(0.,-1.,0.));
#7999=DIRECTION('',(0.,0.,-1.));
#8000=DIRECTION('',(0.,0.,1.));
#8001=DIRECTION('',(1.,0.,0.));
#8002=DIRECTION('',(0.,-1.,0.));
#8003=DIRECTION('',(-1.,0.,0.));
#8004=DIRECTION('',(1.,0.,0.));
#8005=DIRECTION('',(0.,0.,-1.));
#8006=DIRECTION('',(0.,-1.,0.));
#8007=DIRECTION('',(0.,0.,1.));
#8008=DIRECTION('',(-0.76553010356429,0.,0.643400078129345));
#8009=DIRECTION('',(0.643400078129345,0.,0.76553010356429));
#8010=DIRECTION('',(0.,-1.,0.));
#8011=DIRECTION('',(-0.643400078129345,0.,-0.76553010356429));
#8012=DIRECTION('',(0.,0.,1.));
#8013=DIRECTION('',(1.,0.,0.));
#8014=DIRECTION('',(-1.,0.,0.));
#8015=DIRECTION('',(0.,1.,0.));
#8016=DIRECTION('',(-1.,0.,0.));
#8017=DIRECTION('',(1.,0.,0.));
#8018=DIRECTION('',(0.,0.,-1.));
#8019=DIRECTION('',(0.,-1.,0.));
#8020=DIRECTION('',(0.,0.,1.));
#8021=DIRECTION('',(0.,-1.,0.));
#8022=DIRECTION('',(0.,0.,-1.));
#8023=DIRECTION('',(-1.,0.,0.));
#8024=DIRECTION('',(0.,-1.,0.));
#8025=DIRECTION('',(1.,0.,0.));
#8026=DIRECTION('',(-1.,0.,0.));
#8027=DIRECTION('',(0.,0.,1.));
#8028=DIRECTION('',(0.,-1.,0.));
#8029=DIRECTION('',(0.,0.,-1.));
#8030=DIRECTION('',(0.,0.,1.));
#8031=DIRECTION('',(1.,0.,0.));
#8032=DIRECTION('',(-1.,0.,0.));
#8033=DIRECTION('',(0.,1.,0.));
#8034=DIRECTION('',(-1.,0.,0.));
#8035=DIRECTION('',(0.,0.,1.));
#8036=DIRECTION('',(1.,0.,0.));
#8037=DIRECTION('',(-1.,0.,0.));
#8038=DIRECTION('',(0.,-1.,0.));
#8039=DIRECTION('',(-1.,0.,0.));
#8040=DIRECTION('',(0.,-1.,0.));
#8041=DIRECTION('',(-1.,0.,0.));
#8042=DIRECTION('',(0.,0.,1.));
#8043=DIRECTION('',(0.,0.,-1.));
#8044=DIRECTION('',(0.,-1.,0.));
#8045=DIRECTION('',(0.,0.,-1.));
#8046=DIRECTION('',(0.,-1.,0.));
#8047=DIRECTION('',(0.924160355699088,0.,0.382004760381509));
#8048=DIRECTION('',(0.,-1.,0.));
#8049=DIRECTION('',(0.,0.,-1.));
#8050=DIRECTION('',(0.,-1.,0.));
#8051=DIRECTION('',(0.,-1.,0.));
#8052=DIRECTION('',(0.,0.,-1.));
#8053=DIRECTION('',(0.,-1.,0.));
#8054=DIRECTION('',(0.382004760381507,0.,0.924160355699089));
#8055=DIRECTION('',(0.,-1.,0.));
#8056=DIRECTION('',(0.,0.,-1.));
#8057=DIRECTION('',(0.,-1.,0.));
#8058=DIRECTION('',(0.,-1.,0.));
#8059=DIRECTION('',(0.,0.,-1.));
#8060=DIRECTION('',(0.,0.,-1.));
#8061=DIRECTION('',(-1.,0.,0.));
#8062=DIRECTION('',(1.,0.,0.));
#8063=DIRECTION('',(0.,-1.,0.));
#8064=DIRECTION('',(1.,0.,0.));
#8065=DIRECTION('',(0.,-1.,0.));
#8066=DIRECTION('',(-0.360489717501944,0.,0.932763187296416));
#8067=DIRECTION('',(0.,-1.,0.));
#8068=DIRECTION('',(0.,0.,-1.));
#8069=DIRECTION('',(0.,-1.,0.));
#8070=DIRECTION('',(0.,-1.,0.));
#8071=DIRECTION('',(0.,0.,-1.));
#8072=DIRECTION('',(0.,-1.,0.));
#8073=DIRECTION('',(-0.907948943518946,0.,0.419080798847704));
#8074=DIRECTION('',(0.,-1.,0.));
#8075=DIRECTION('',(0.,0.,-1.));
#8076=DIRECTION('',(0.,-1.,0.));
#8077=DIRECTION('',(0.,-1.,0.));
#8078=DIRECTION('',(0.,0.,-1.));
#8079=DIRECTION('',(1.,0.,0.));
#8080=DIRECTION('',(0.,0.,-1.));
#8081=DIRECTION('',(0.,-1.,0.));
#8082=DIRECTION('',(0.,0.,1.));
#8083=DIRECTION('',(0.,-1.,0.));
#8084=DIRECTION('',(0.,0.,-1.));
#8085=DIRECTION('',(-1.,0.,0.));
#8086=DIRECTION('',(0.,-1.,0.));
#8087=DIRECTION('',(1.,0.,0.));
#8088=DIRECTION('',(-1.,0.,0.));
#8089=DIRECTION('',(0.,0.,1.));
#8090=DIRECTION('',(0.,-1.,0.));
#8091=DIRECTION('',(0.,0.,-1.));
#8092=DIRECTION('',(0.,0.,-1.));
#8093=DIRECTION('',(-1.,0.,0.));
#8094=DIRECTION('',(0.,-1.,0.));
#8095=DIRECTION('',(1.,0.,0.));
#8096=DIRECTION('',(1.,0.,0.));
#8097=DIRECTION('',(0.,0.,-1.));
#8098=DIRECTION('',(0.,-1.,0.));
#8099=DIRECTION('',(0.,0.,1.));
#8100=DIRECTION('',(0.,0.,-1.));
#8101=DIRECTION('',(-1.,0.,0.));
#8102=DIRECTION('',(0.,-1.,0.));
#8103=DIRECTION('',(1.,0.,0.));
#8104=DIRECTION('',(-1.,0.,0.));
#8105=DIRECTION('',(0.,0.,1.));
#8106=DIRECTION('',(0.,-1.,0.));
#8107=DIRECTION('',(0.,0.,-1.));
#8108=DIRECTION('',(0.,-1.,0.));
#8109=DIRECTION('',(-0.964297839891181,0.,0.264820082284561));
#8110=DIRECTION('',(0.,-1.,0.));
#8111=DIRECTION('',(0.,-1.,0.));
#8112=DIRECTION('',(0.,0.,-1.));
#8113=DIRECTION('',(0.,-1.,0.));
#8114=DIRECTION('',(-0.703679004086053,0.,0.710518021733763));
#8115=DIRECTION('',(0.,-1.,0.));
#8116=DIRECTION('',(0.,-1.,0.));
#8117=DIRECTION('',(0.,0.,-1.));
#8118=DIRECTION('',(0.,-1.,0.));
#8119=DIRECTION('',(-0.262651376711557,0.,0.964890799164094));
#8120=DIRECTION('',(0.,-1.,0.));
#8121=DIRECTION('',(0.,-1.,0.));
#8122=DIRECTION('',(0.,0.,-1.));
#8123=DIRECTION('',(0.,0.,1.));
#8124=DIRECTION('',(1.,0.,0.));
#8125=DIRECTION('',(0.,-1.,0.));
#8126=DIRECTION('',(-1.,0.,0.));
#8127=DIRECTION('',(0.,-1.,0.));
#8128=DIRECTION('',(0.264814285215679,0.,0.964299431891209));
#8129=DIRECTION('',(0.,-1.,0.));
#8130=DIRECTION('',(0.,-1.,0.));
#8131=DIRECTION('',(0.,0.,-1.));
#8132=DIRECTION('',(0.,-1.,0.));
#8133=DIRECTION('',(0.706614939954058,0.,0.707598280547461));
#8134=DIRECTION('',(0.,-1.,0.));
#8135=DIRECTION('',(0.,-1.,0.));
#8136=DIRECTION('',(0.,0.,-1.));
#8137=DIRECTION('',(0.,-1.,0.));
#8138=DIRECTION('',(0.964297839891183,0.,0.264820082284555));
#8139=DIRECTION('',(0.,-1.,0.));
#8140=DIRECTION('',(0.,0.,-1.));
#8141=DIRECTION('',(1.,0.,0.));
#8142=DIRECTION('',(0.,0.,-1.));
#8143=DIRECTION('',(0.,0.,1.));
#8144=DIRECTION('',(0.,0.,1.));
#8145=DIRECTION('',(0.,1.,0.));
#8146=DIRECTION('',(-1.,0.,0.));
#8147=DIRECTION('',(0.,1.,0.));
#8148=DIRECTION('',(0.,0.,1.));
#8149=DIRECTION('',(-0.00244156928341745,0.,-0.999997019365275));
#8150=DIRECTION('',(-0.999997019365275,0.,0.00244156928341745));
#8151=DIRECTION('',(0.,-1.,0.));
#8152=DIRECTION('',(0.999997019365275,0.,-0.00244156928341745));
#8153=DIRECTION('',(0.,-1.,0.));
#8154=DIRECTION('',(0.766551236484381,0.,-0.642183152881066));
#8155=DIRECTION('',(-0.642183152881066,0.,-0.766551236484381));
#8156=DIRECTION('',(0.,-1.,0.));
#8157=DIRECTION('',(0.642183152881066,0.,0.766551236484381));
#8158=DIRECTION('',(0.,0.,-1.));
#8159=DIRECTION('',(-1.,0.,0.));
#8160=DIRECTION('',(0.,-1.,0.));
#8161=DIRECTION('',(1.,0.,0.));
#8162=DIRECTION('',(-1.,0.,0.));
#8163=DIRECTION('',(0.,0.,1.));
#8164=DIRECTION('',(0.,-1.,0.));
#8165=DIRECTION('',(0.,0.,-1.));
#8166=DIRECTION('',(-0.762958436227032,0.,0.646447542024874));
#8167=DIRECTION('',(0.646447542024874,0.,0.762958436227032));
#8168=DIRECTION('',(0.,-1.,0.));
#8169=DIRECTION('',(-0.646447542024874,0.,-0.762958436227032));
#8170=DIRECTION('',(-0.00244156928341546,0.,-0.999997019365275));
#8171=DIRECTION('',(-0.999997019365275,0.,0.00244156928341546));
#8172=DIRECTION('',(0.,-1.,0.));
#8173=DIRECTION('',(0.999997019365275,0.,-0.00244156928341546));
#8174=DIRECTION('',(0.,-1.,0.));
#8175=DIRECTION('',(-0.256888867049073,0.,-0.966440950077263));
#8176=DIRECTION('',(0.,-1.,0.));
#8177=DIRECTION('',(0.,-1.,0.));
#8178=DIRECTION('',(0.,0.,-1.));
#8179=DIRECTION('',(0.,-1.,0.));
#8180=DIRECTION('',(-0.703624926481732,0.,-0.710571574743585));
#8181=DIRECTION('',(0.,-1.,0.));
#8182=DIRECTION('',(0.,-1.,0.));
#8183=DIRECTION('',(0.,0.,-1.));
#8184=DIRECTION('',(0.,-1.,0.));
#8185=DIRECTION('',(-0.964793297795456,0.,-0.263009301221398));
#8186=DIRECTION('',(0.,-1.,0.));
#8187=DIRECTION('',(0.,-1.,0.));
#8188=DIRECTION('',(0.,0.,-1.));
#8189=DIRECTION('',(-1.,0.,0.));
#8190=DIRECTION('',(0.,0.,1.));
#8191=DIRECTION('',(0.,-1.,0.));
#8192=DIRECTION('',(0.,0.,-1.));
#8193=DIRECTION('',(0.,-1.,0.));
#8194=DIRECTION('',(-0.964199370358915,0.,0.265178381847903));
#8195=DIRECTION('',(0.,-1.,0.));
#8196=DIRECTION('',(0.,-1.,0.));
#8197=DIRECTION('',(0.,0.,-1.));
#8198=DIRECTION('',(0.,-1.,0.));
#8199=DIRECTION('',(-0.704747044237765,0.,0.709458669436165));
#8200=DIRECTION('',(0.,-1.,0.));
#8201=DIRECTION('',(0.,-1.,0.));
#8202=DIRECTION('',(0.,0.,-1.));
#8203=DIRECTION('',(0.,-1.,0.));
#8204=DIRECTION('',(-0.263611552146996,0.,0.964628918068835));
#8205=DIRECTION('',(0.,-1.,0.));
#8206=DIRECTION('',(0.,-1.,0.));
#8207=DIRECTION('',(0.,0.,-1.));
#8208=DIRECTION('',(0.,0.,1.));
#8209=DIRECTION('',(1.,0.,0.));
#8210=DIRECTION('',(0.,-1.,0.));
#8211=DIRECTION('',(-1.,0.,0.));
#8212=DIRECTION('',(1.,0.,0.));
#8213=DIRECTION('',(0.,0.,-1.));
#8214=DIRECTION('',(0.,-1.,0.));
#8215=DIRECTION('',(0.,0.,1.));
#8216=DIRECTION('',(0.,0.,-1.));
#8217=DIRECTION('',(-1.,0.,0.));
#8218=DIRECTION('',(0.,-1.,0.));
#8219=DIRECTION('',(1.,0.,0.));
#8220=DIRECTION('',(0.,0.,1.));
#8221=DIRECTION('',(1.,0.,0.));
#8222=DIRECTION('',(-1.,0.,0.));
#8223=DIRECTION('',(0.,-1.,0.));
#8224=DIRECTION('',(-1.,0.,0.));
#8225=DIRECTION('',(0.,-1.,0.));
#8226=DIRECTION('',(0.,-1.,0.));
#8227=DIRECTION('',(0.334380693097665,0.,-0.942438089257605));
#8228=DIRECTION('',(0.,-1.,0.));
#8229=DIRECTION('',(0.,0.,-1.));
#8230=DIRECTION('',(0.,-1.,0.));
#8231=DIRECTION('',(0.,-1.,0.));
#8232=DIRECTION('',(0.,0.,-1.));
#8233=DIRECTION('',(0.,-1.,0.));
#8234=DIRECTION('',(0.911928125713943,0.,-0.410349964703124));
#8235=DIRECTION('',(0.,-1.,0.));
#8236=DIRECTION('',(0.,0.,-1.));
#8237=DIRECTION('',(0.,-1.,0.));
#8238=DIRECTION('',(0.,-1.,0.));
#8239=DIRECTION('',(0.,0.,-1.));
#8240=DIRECTION('',(-1.,0.,0.));
#8241=DIRECTION('',(0.,0.,1.));
#8242=DIRECTION('',(0.,0.,-1.));
#8243=DIRECTION('',(0.,-1.,0.));
#8244=DIRECTION('',(0.,0.,-1.));
#8245=DIRECTION('',(0.,-1.,0.));
#8246=DIRECTION('',(0.924160355699105,0.,0.382004760381469));
#8247=DIRECTION('',(0.,-1.,0.));
#8248=DIRECTION('',(0.,0.,-1.));
#8249=DIRECTION('',(0.,-1.,0.));
#8250=DIRECTION('',(0.,-1.,0.));
#8251=DIRECTION('',(0.,0.,-1.));
#8252=DIRECTION('',(0.,-1.,0.));
#8253=DIRECTION('',(0.382004760381476,0.,0.924160355699102));
#8254=DIRECTION('',(0.,-1.,0.));
#8255=DIRECTION('',(0.,0.,-1.));
#8256=DIRECTION('',(0.,-1.,0.));
#8257=DIRECTION('',(0.,-1.,0.));
#8258=DIRECTION('',(0.,0.,-1.));
#8259=DIRECTION('',(0.,0.,-1.));
#8260=DIRECTION('',(-1.,0.,0.));
#8261=DIRECTION('',(1.,0.,0.));
#8262=DIRECTION('',(0.,-1.,0.));
#8263=DIRECTION('',(1.,0.,0.));
#8264=DIRECTION('',(0.,-1.,0.));
#8265=DIRECTION('',(-0.36048971750215,0.,0.932763187296336));
#8266=DIRECTION('',(0.,-1.,0.));
#8267=DIRECTION('',(0.,0.,-1.));
#8268=DIRECTION('',(0.,-1.,0.));
#8269=DIRECTION('',(0.,-1.,0.));
#8270=DIRECTION('',(0.,0.,-1.));
#8271=DIRECTION('',(0.,-1.,0.));
#8272=DIRECTION('',(-0.907948943518933,0.,0.419080798847733));
#8273=DIRECTION('',(0.,-1.,0.));
#8274=DIRECTION('',(0.,0.,-1.));
#8275=DIRECTION('',(0.,-1.,0.));
#8276=DIRECTION('',(0.,-1.,0.));
#8277=DIRECTION('',(0.,0.,-1.));
#8278=DIRECTION('',(1.,0.,0.));
#8279=DIRECTION('',(0.,0.,-1.));
#8280=DIRECTION('',(0.,0.,1.));
#8281=DIRECTION('',(0.,-1.,0.));
#8282=DIRECTION('',(0.,0.,1.));
#8283=DIRECTION('',(0.,-1.,0.));
#8284=DIRECTION('',(-0.894152629502804,0.,-0.447762297601329));
#8285=DIRECTION('',(0.,-1.,0.));
#8286=DIRECTION('',(0.,0.,-1.));
#8287=DIRECTION('',(0.,-1.,0.));
#8288=DIRECTION('',(0.,-1.,0.));
#8289=DIRECTION('',(0.,0.,-1.));
#8290=DIRECTION('',(0.,-1.,0.));
#8291=DIRECTION('',(-0.314102252910686,0.,-0.94938915873125));
#8292=DIRECTION('',(0.,-1.,0.));
#8293=DIRECTION('',(0.,0.,-1.));
#8294=DIRECTION('',(0.,-1.,0.));
#8295=DIRECTION('',(0.,0.,-1.));
#8296=DIRECTION('',(-1.,0.,0.));
#8297=DIRECTION('',(0.,0.,1.));
#8298=DIRECTION('',(0.,0.,-1.));
#8299=DIRECTION('',(0.,1.,0.));
#8300=DIRECTION('',(-1.,0.,0.));
#8301=DIRECTION('',(0.,1.,0.));
#8302=DIRECTION('',(0.,0.,1.));
#8303=DIRECTION('',(0.,0.,1.));
#8304=DIRECTION('',(1.,0.,0.));
#8305=DIRECTION('',(-1.,0.,0.));
#8306=DIRECTION('',(0.,-1.,0.));
#8307=DIRECTION('',(-1.,0.,0.));
#8308=DIRECTION('',(0.,-1.,0.));
#8309=DIRECTION('',(0.,-1.,0.));
#8310=DIRECTION('',(0.38200476038154,0.,-0.924160355699076));
#8311=DIRECTION('',(0.,-1.,0.));
#8312=DIRECTION('',(0.,0.,-1.));
#8313=DIRECTION('',(0.,-1.,0.));
#8314=DIRECTION('',(0.,-1.,0.));
#8315=DIRECTION('',(0.,0.,-1.));
#8316=DIRECTION('',(0.,-1.,0.));
#8317=DIRECTION('',(0.924160355698952,0.,-0.38200476038184));
#8318=DIRECTION('',(0.,-1.,0.));
#8319=DIRECTION('',(0.,0.,-1.));
#8320=DIRECTION('',(0.,-1.,0.));
#8321=DIRECTION('',(0.,-1.,0.));
#8322=DIRECTION('',(0.,0.,-1.));
#8323=DIRECTION('',(-1.,0.,0.));
#8324=DIRECTION('',(0.,0.,1.));
#8325=DIRECTION('',(0.,0.,-1.));
#8326=DIRECTION('',(0.,-1.,0.));
#8327=DIRECTION('',(0.,0.,-1.));
#8328=DIRECTION('',(0.,-1.,0.));
#8329=DIRECTION('',(0.924160355699098,0.,0.382004760381486));
#8330=DIRECTION('',(0.,-1.,0.));
#8331=DIRECTION('',(0.,0.,-1.));
#8332=DIRECTION('',(0.,-1.,0.));
#8333=DIRECTION('',(0.,-1.,0.));
#8334=DIRECTION('',(0.,0.,-1.));
#8335=DIRECTION('',(0.,-1.,0.));
#8336=DIRECTION('',(0.382004760381589,0.,0.924160355699056));
#8337=DIRECTION('',(0.,-1.,0.));
#8338=DIRECTION('',(0.,0.,-1.));
#8339=DIRECTION('',(0.,-1.,0.));
#8340=DIRECTION('',(0.,-1.,0.));
#8341=DIRECTION('',(0.,0.,-1.));
#8342=DIRECTION('',(0.,0.,-1.));
#8343=DIRECTION('',(-1.,0.,0.));
#8344=DIRECTION('',(1.,0.,0.));
#8345=DIRECTION('',(0.,-1.,0.));
#8346=DIRECTION('',(1.,0.,0.));
#8347=DIRECTION('',(0.,-1.,0.));
#8348=DIRECTION('',(-0.410349964705014,0.,0.911928125713092));
#8349=DIRECTION('',(0.,-1.,0.));
#8350=DIRECTION('',(0.,0.,-1.));
#8351=DIRECTION('',(0.,-1.,0.));
#8352=DIRECTION('',(0.,-1.,0.));
#8353=DIRECTION('',(0.,0.,-1.));
#8354=DIRECTION('',(0.,-1.,0.));
#8355=DIRECTION('',(-0.942438089257598,0.,0.334380693097683));
#8356=DIRECTION('',(0.,-1.,0.));
#8357=DIRECTION('',(0.,0.,-1.));
#8358=DIRECTION('',(0.,-1.,0.));
#8359=DIRECTION('',(0.,-1.,0.));
#8360=DIRECTION('',(0.,0.,-1.));
#8361=DIRECTION('',(1.,0.,0.));
#8362=DIRECTION('',(0.,0.,-1.));
#8363=DIRECTION('',(0.,0.,1.));
#8364=DIRECTION('',(0.,-1.,0.));
#8365=DIRECTION('',(0.,0.,1.));
#8366=DIRECTION('',(0.,-1.,0.));
#8367=DIRECTION('',(-0.942438089257577,0.,-0.334380693097743));
#8368=DIRECTION('',(0.,-1.,0.));
#8369=DIRECTION('',(0.,0.,-1.));
#8370=DIRECTION('',(0.,-1.,0.));
#8371=DIRECTION('',(0.,-1.,0.));
#8372=DIRECTION('',(0.,0.,-1.));
#8373=DIRECTION('',(0.,0.,1.));
#8374=DIRECTION('',(1.,0.,0.));
#8375=DIRECTION('',(-1.,0.,0.));
#8376=DIRECTION('',(0.,-1.,0.));
#8377=DIRECTION('',(-1.,0.,0.));
#8378=DIRECTION('',(0.,-1.,0.));
#8379=DIRECTION('',(0.,-1.,0.));
#8380=DIRECTION('',(0.382004760381396,0.,-0.924160355699135));
#8381=DIRECTION('',(0.,-1.,0.));
#8382=DIRECTION('',(0.,0.,-1.));
#8383=DIRECTION('',(0.,-1.,0.));
#8384=DIRECTION('',(0.,-1.,0.));
#8385=DIRECTION('',(0.,0.,-1.));
#8386=DIRECTION('',(0.,-1.,0.));
#8387=DIRECTION('',(0.924160355698987,0.,-0.382004760381754));
#8388=DIRECTION('',(0.,-1.,0.));
#8389=DIRECTION('',(0.,0.,-1.));
#8390=DIRECTION('',(0.,-1.,0.));
#8391=DIRECTION('',(0.,-1.,0.));
#8392=DIRECTION('',(0.,0.,-1.));
#8393=DIRECTION('',(-1.,0.,0.));
#8394=DIRECTION('',(0.,0.,1.));
#8395=DIRECTION('',(0.,0.,-1.));
#8396=DIRECTION('',(0.,-1.,0.));
#8397=DIRECTION('',(0.,0.,-1.));
#8398=DIRECTION('',(0.,-1.,0.));
#8399=DIRECTION('',(0.924160355698994,0.,0.382004760381737));
#8400=DIRECTION('',(0.,-1.,0.));
#8401=DIRECTION('',(0.,0.,-1.));
#8402=DIRECTION('',(0.,-1.,0.));
#8403=DIRECTION('',(0.,-1.,0.));
#8404=DIRECTION('',(0.,0.,-1.));
#8405=DIRECTION('',(0.,-1.,0.));
#8406=DIRECTION('',(0.382004760381763,0.,0.924160355698984));
#8407=DIRECTION('',(0.,-1.,0.));
#8408=DIRECTION('',(0.,0.,-1.));
#8409=DIRECTION('',(0.,-1.,0.));
#8410=DIRECTION('',(0.,-1.,0.));
#8411=DIRECTION('',(0.,0.,-1.));
#8412=DIRECTION('',(0.,0.,-1.));
#8413=DIRECTION('',(-1.,0.,0.));
#8414=DIRECTION('',(1.,0.,0.));
#8415=DIRECTION('',(0.,-1.,0.));
#8416=DIRECTION('',(1.,0.,0.));
#8417=DIRECTION('',(0.,-1.,0.));
#8418=DIRECTION('',(-0.360489717505678,0.,0.932763187294973));
#8419=DIRECTION('',(0.,-1.,0.));
#8420=DIRECTION('',(0.,0.,-1.));
#8421=DIRECTION('',(0.,-1.,0.));
#8422=DIRECTION('',(0.,-1.,0.));
#8423=DIRECTION('',(0.,0.,-1.));
#8424=DIRECTION('',(0.,-1.,0.));
#8425=DIRECTION('',(-0.907948943518962,0.,0.419080798847669));
#8426=DIRECTION('',(0.,-1.,0.));
#8427=DIRECTION('',(0.,0.,-1.));
#8428=DIRECTION('',(0.,-1.,0.));
#8429=DIRECTION('',(0.,-1.,0.));
#8430=DIRECTION('',(0.,0.,-1.));
#8431=DIRECTION('',(1.,0.,0.));
#8432=DIRECTION('',(0.,0.,-1.));
#8433=DIRECTION('',(0.,0.,1.));
#8434=DIRECTION('',(0.,-1.,0.));
#8435=DIRECTION('',(0.,0.,1.));
#8436=DIRECTION('',(0.,-1.,0.));
#8437=DIRECTION('',(-0.907948943518959,0.,-0.419080798847675));
#8438=DIRECTION('',(0.,-1.,0.));
#8439=DIRECTION('',(0.,0.,-1.));
#8440=DIRECTION('',(0.,-1.,0.));
#8441=DIRECTION('',(0.,-1.,0.));
#8442=DIRECTION('',(0.,0.,-1.));
#8443=DIRECTION('',(1.,0.,0.));
#8444=DIRECTION('',(0.,0.,-1.));
#8445=DIRECTION('',(0.,-1.,0.));
#8446=DIRECTION('',(0.,0.,1.));
#8447=DIRECTION('',(0.,-1.,0.));
#8448=DIRECTION('',(0.,0.,-1.));
#8449=DIRECTION('',(-1.,0.,0.));
#8450=DIRECTION('',(0.,-1.,0.));
#8451=DIRECTION('',(1.,0.,0.));
#8452=DIRECTION('',(0.,-1.,0.));
#8453=DIRECTION('',(-0.26300930122136,0.,-0.964793297795467));
#8454=DIRECTION('',(0.,-1.,0.));
#8455=DIRECTION('',(0.,-1.,0.));
#8456=DIRECTION('',(0.,0.,-1.));
#8457=DIRECTION('',(0.,-1.,0.));
#8458=DIRECTION('',(-0.703587080719304,0.,-0.710609048524495));
#8459=DIRECTION('',(0.,-1.,0.));
#8460=DIRECTION('',(0.,-1.,0.));
#8461=DIRECTION('',(0.,0.,-1.));
#8462=DIRECTION('',(0.,-1.,0.));
#8463=DIRECTION('',(-0.964033151014203,0.,-0.265782022991824));
#8464=DIRECTION('',(0.,-1.,0.));
#8465=DIRECTION('',(0.,-1.,0.));
#8466=DIRECTION('',(0.,0.,-1.));
#8467=DIRECTION('',(-1.,0.,0.));
#8468=DIRECTION('',(0.,0.,1.));
#8469=DIRECTION('',(0.,-1.,0.));
#8470=DIRECTION('',(0.,0.,-1.));
#8471=DIRECTION('',(0.,-1.,0.));
#8472=DIRECTION('',(-0.979045682794715,0.,0.203640740032613));
#8473=DIRECTION('',(0.,-1.,0.));
#8474=DIRECTION('',(0.,-1.,0.));
#8475=DIRECTION('',(0.,0.,-1.));
#8476=DIRECTION('',(0.,-1.,0.));
#8477=DIRECTION('',(-0.867459473744978,0.,0.497507850601462));
#8478=DIRECTION('',(0.,-1.,0.));
#8479=DIRECTION('',(0.,-1.,0.));
#8480=DIRECTION('',(0.,0.,-1.));
#8481=DIRECTION('',(0.,-1.,0.));
#8482=DIRECTION('',(-0.956106632115507,0.,-0.293018955060492));
#8483=DIRECTION('',(0.,-1.,0.));
#8484=DIRECTION('',(0.,-1.,0.));
#8485=DIRECTION('',(0.,0.,-1.));
#8486=DIRECTION('',(0.,-1.,0.));
#8487=DIRECTION('',(-0.996646447129139,0.,-0.0818282312216511));
#8488=DIRECTION('',(0.,-1.,0.));
#8489=DIRECTION('',(0.,-1.,0.));
#8490=DIRECTION('',(0.,0.,-1.));
#8491=DIRECTION('',(-1.,0.,0.));
#8492=DIRECTION('',(0.,0.,1.));
#8493=DIRECTION('',(0.,-1.,0.));
#8494=DIRECTION('',(0.,0.,-1.));
#8495=DIRECTION('',(0.,-1.,0.));
#8496=DIRECTION('',(-0.964297839891201,0.,0.264820082284488));
#8497=DIRECTION('',(0.,-1.,0.));
#8498=DIRECTION('',(0.,-1.,0.));
#8499=DIRECTION('',(0.,0.,-1.));
#8500=DIRECTION('',(0.,-1.,0.));
#8501=DIRECTION('',(-0.707106781186549,0.,0.707106781186546));
#8502=DIRECTION('',(0.,-1.,0.));
#8503=DIRECTION('',(0.,-1.,0.));
#8504=DIRECTION('',(0.,0.,-1.));
#8505=DIRECTION('',(0.,-1.,0.));
#8506=DIRECTION('',(-0.264820082284564,0.,0.964297839891181));
#8507=DIRECTION('',(0.,-1.,0.));
#8508=DIRECTION('',(0.,-1.,0.));
#8509=DIRECTION('',(0.,0.,-1.));
#8510=DIRECTION('',(0.,-1.,0.));
#8511=DIRECTION('',(-0.360489717505469,0.,-0.932763187295054));
#8512=DIRECTION('',(0.,-1.,0.));
#8513=DIRECTION('',(0.,0.,-1.));
#8514=DIRECTION('',(0.,-1.,0.));
#8515=DIRECTION('',(0.,0.,-1.));
#8516=DIRECTION('',(0.,0.,1.));
#8517=DIRECTION('',(1.,0.,0.));
#8518=DIRECTION('',(-1.,0.,0.));
#8519=DIRECTION('',(0.,-1.,0.));
#8520=DIRECTION('',(-0.410349964702949,0.,-0.911928125714022));
#8521=DIRECTION('',(0.,-1.,0.));
#8522=DIRECTION('',(0.,0.,-1.));
#8523=DIRECTION('',(0.,-1.,0.));
#8524=DIRECTION('',(0.,0.,-1.));
#8525=DIRECTION('',(0.,1.,0.));
#8526=DIRECTION('',(-1.,0.,0.));
#8527=DIRECTION('',(0.,1.,0.));
#8528=DIRECTION('',(0.,0.,1.));
#8529=DIRECTION('',(0.,1.,0.));
#8530=DIRECTION('',(0.,0.,1.));
#8531=DIRECTION('',(0.,-1.,0.));
#8532=DIRECTION('',(0.,0.,-1.));
#8533=CARTESIAN_POINT('',(0.,0.,0.));
#8534=CARTESIAN_POINT('',(0.0454237946007679,6.93889390390723E-18,0.005));
#8535=CARTESIAN_POINT('',(0.0454237946007679,-0.0382559391984577,-0.02));
#8536=CARTESIAN_POINT('',(0.0454237946007679,-0.0382559391984577,0.00207846096908265));
#8537=CARTESIAN_POINT('',(0.0454237946007679,-0.0382559391984577,0.00292153903091735));
#8538=CARTESIAN_POINT('',(0.0454237946007679,6.93889390390723E-18,0.00207846096908265));
#8539=CARTESIAN_POINT('',(0.0454237946007679,0.045,0.00207846096908265));
#8540=CARTESIAN_POINT('',(0.0454237946007679,0.045,0.005));
#8541=CARTESIAN_POINT('',(0.0454237946007679,0.045,0.00292153903091735));
#8542=CARTESIAN_POINT('',(0.0454237946007679,-0.05,0.00292153903091735));
#8543=CARTESIAN_POINT('',(-0.0454237946007679,-6.93889390390723E-18,0.005));
#8544=CARTESIAN_POINT('',(-0.0454237946007679,-0.05,0.00207846096908265));
#8545=CARTESIAN_POINT('',(-0.0454237946007679,0.045,0.00207846096908265));
#8546=CARTESIAN_POINT('',(-0.0454237946007679,-0.0382559391984577,0.00207846096908265));
#8547=CARTESIAN_POINT('',(-0.0454237946007679,-0.0382559391984577,-0.02));
#8548=CARTESIAN_POINT('',(-0.0454237946007679,-0.0382559391984577,0.00292153903091735));
#8549=CARTESIAN_POINT('',(-0.0454237946007679,-6.93889390390723E-18,0.00292153903091735));
#8550=CARTESIAN_POINT('',(-0.0454237946007679,0.045,0.00292153903091735));
#8551=CARTESIAN_POINT('',(-0.0454237946007679,0.045,0.));
#8552=CARTESIAN_POINT('',(0.,0.0025,0.));
#8553=CARTESIAN_POINT('',(-0.0371361821889877,-0.0304239615797996,0.));
#8554=CARTESIAN_POINT('',(-0.0355361821889877,-0.0304239615797996,0.));
#8555=CARTESIAN_POINT('',(0.037996344268322,-0.0304084978997708,0.));
#8556=CARTESIAN_POINT('',(0.039596344268322,-0.0304084978997708,0.));
#8557=CARTESIAN_POINT('',(0.,-0.0382559391984577,0.));
#8558=CARTESIAN_POINT('',(-0.0418237946007678,-0.0382559391984577,0.));
#8559=CARTESIAN_POINT('',(0.0418237946007678,-0.0382559391984577,0.));
#8560=CARTESIAN_POINT('',(-0.0418237946007678,0.045,0.));
#8561=CARTESIAN_POINT('',(-0.0418237946007678,0.045,0.));
#8562=CARTESIAN_POINT('',(-6.49225793459079E-18,0.045,0.));
#8563=CARTESIAN_POINT('',(-0.0387360406054919,0.045,0.));
#8564=CARTESIAN_POINT('',(-0.0371500812470913,0.0447884984314442,0.));
#8565=CARTESIAN_POINT('',(-0.0355641218886907,0.045,0.));
#8566=CARTESIAN_POINT('',(-6.49225793459079E-18,0.045,0.));
#8567=CARTESIAN_POINT('',(0.0364218439551348,0.045,0.));
#8568=CARTESIAN_POINT('',(0.0380042166903181,0.0447631529460842,0.));
#8569=CARTESIAN_POINT('',(0.0395865894255013,0.045,0.));
#8570=CARTESIAN_POINT('',(-6.49225793459079E-18,0.045,0.));
#8571=CARTESIAN_POINT('',(0.0418237946007678,0.045,0.));
#8572=CARTESIAN_POINT('',(0.0418237946007678,0.0025,0.));
#8573=CARTESIAN_POINT('',(0.,0.0025,0.005));
#8574=CARTESIAN_POINT('',(0.0380042166903181,0.0447631529460842,0.005));
#8575=CARTESIAN_POINT('',(0.0396042166903181,0.0447631529460842,0.005));
#8576=CARTESIAN_POINT('',(0.037996344268322,-0.0304084978997708,0.005));
#8577=CARTESIAN_POINT('',(0.039596344268322,-0.0304084978997708,0.005));
#8578=CARTESIAN_POINT('',(-0.0371361821889877,-0.0304239615797996,0.005));
#8579=CARTESIAN_POINT('',(-0.0355361821889877,-0.0304239615797996,0.005));
#8580=CARTESIAN_POINT('',(-0.0371500812470913,0.0447884984314442,0.005));
#8581=CARTESIAN_POINT('',(-0.0355500812470913,0.0447884984314442,0.005));
#8582=CARTESIAN_POINT('',(-0.0418237946007678,0.0025,0.005));
#8583=CARTESIAN_POINT('',(-0.0418237946007678,0.0414,0.005));
#8584=CARTESIAN_POINT('',(-0.0418237946007678,-0.0382559391984577,0.005));
#8585=CARTESIAN_POINT('',(0.,-0.0382559391984577,0.005));
#8586=CARTESIAN_POINT('',(0.0418237946007678,-0.0382559391984577,0.005));
#8587=CARTESIAN_POINT('',(0.0418237946007678,0.045,0.005));
#8588=CARTESIAN_POINT('',(0.0418237946007678,0.0414,0.005));
#8589=CARTESIAN_POINT('',(0.0504237946007679,0.05,0.005));
#8590=CARTESIAN_POINT('',(0.0504237946007679,0.05,0.005));
#8591=CARTESIAN_POINT('',(0.,0.05,0.005));
#8592=CARTESIAN_POINT('',(-0.0504237946007679,0.05,0.005));
#8593=CARTESIAN_POINT('',(-0.0454237946007679,0.045,0.005));
#8594=CARTESIAN_POINT('',(-0.0454237946007679,-6.93889390390723E-18,0.00292153903091735));
#8595=CARTESIAN_POINT('',(-0.0454237946007679,-0.0382559391984577,0.00292153903091735));
#8596=CARTESIAN_POINT('',(-0.0449095088864821,0.0444857142857143,0.00321846202650058));
#8597=CARTESIAN_POINT('',(-0.0418237946007678,0.0025,0.));
#8598=CARTESIAN_POINT('',(-0.0418237946007678,-0.0382559391984577,0.));
#8599=CARTESIAN_POINT('',(-0.0461466880347456,0.0457228934339778,0.00249582368778513));
#8600=CARTESIAN_POINT('',(-0.0441061031471439,0.043682308546376,0.00131769145362398));
#8601=CARTESIAN_POINT('',(-0.0132654162251694,0.061488187442771,-0.0164881874427709));
#8602=CARTESIAN_POINT('',(0.0418237946007678,0.0025,0.005));
#8603=CARTESIAN_POINT('',(0.0418237946007678,-0.0382559391984577,0.005));
#8604=CARTESIAN_POINT('',(0.040534969134352,0.0401111745335842,0.00574410372997361));
#8605=CARTESIAN_POINT('',(0.0454237946007679,6.93889390390723E-18,0.00207846096908265));
#8606=CARTESIAN_POINT('',(0.0454237946007679,-0.0382559391984577,0.00207846096908265));
#8607=CARTESIAN_POINT('',(0.0132654162251694,0.061488187442771,-0.0164881874427709));
#8608=CARTESIAN_POINT('',(0.0441061031471439,0.0436823085463761,0.00131769145362398));
#8609=CARTESIAN_POINT('',(0.0590926563583043,0.0586688617575365,0.0099701819843121));
#8610=CARTESIAN_POINT('',(0.,0.055,0.04));
#8611=CARTESIAN_POINT('',(0.0328421124970774,0.055,0.0152989612221718));
#8612=CARTESIAN_POINT('',(0.0328421124970774,0.055,0.0122989612221718));
#8613=CARTESIAN_POINT('',(0.0328421124970774,0.055,0.0182989612221718));
#8614=CARTESIAN_POINT('',(0.0305426333304106,0.055,0.0182989612221718));
#8615=CARTESIAN_POINT('',(0.0282431519293223,0.055,0.0182987617164954));
#8616=CARTESIAN_POINT('',(0.0282308215308167,0.055,0.0171978126316334));
#8617=CARTESIAN_POINT('',(0.0276630616301851,0.055,0.0181407816062207));
#8618=CARTESIAN_POINT('',(0.0282880265003657,0.055,0.0170952347188834));
#8619=CARTESIAN_POINT('',(0.0272424796354795,0.055,0.0177201996270769));
#8620=CARTESIAN_POINT('',(0.0281854485876133,0.055,0.0171524396884331));
#8621=CARTESIAN_POINT('',(0.0270844995027538,0.055,0.0171401092899268));
#8622=CARTESIAN_POINT('',(0.0270842999970774,0.055,0.0165528674721718));
#8623=CARTESIAN_POINT('',(0.0270843230777595,0.055,0.0159656278184127));
#8624=CARTESIAN_POINT('',(0.0283345779433662,0.055,0.0159618129364172));
#8625=CARTESIAN_POINT('',(0.0271012153174376,0.055,0.0157572926244229));
#8626=CARTESIAN_POINT('',(0.0278549819926206,0.055,0.0158832336545532));
#8627=CARTESIAN_POINT('',(0.0271598747595866,0.055,0.0155657418155598));
#8628=CARTESIAN_POINT('',(0.0287052935347299,0.055,0.0144102356948198));
#8629=CARTESIAN_POINT('',(0.0269301036914967,0.055,0.0151661036735721));
#8630=CARTESIAN_POINT('',(0.0279065244331539,0.055,0.0147409888299623));
#8631=CARTESIAN_POINT('',(0.0268419738218694,0.055,0.0147494831620314));
#8632=CARTESIAN_POINT('',(0.0268421124970773,0.055,0.0141036487221718));
#8633=CARTESIAN_POINT('',(0.0268423091943652,0.055,0.0134578132049999));
#8634=CARTESIAN_POINT('',(0.0279398183629473,0.055,0.0134456280711471));
#8635=CARTESIAN_POINT('',(0.0270009203182604,0.055,0.0128777091779059));
#8636=CARTESIAN_POINT('',(0.0280400084557579,0.055,0.0135032577550112));
#8637=CARTESIAN_POINT('',(0.0274261280953801,0.055,0.012457217914694));
#8638=CARTESIAN_POINT('',(0.0279991627475991,0.055,0.0134179318260766));
#8639=CARTESIAN_POINT('',(0.0280087779504508,0.055,0.0122991024015313));
#8640=CARTESIAN_POINT('',(0.0304254458304106,0.055,0.0122989612221718));
#8641=CARTESIAN_POINT('',(0.0238529924095218,0.055,0.0143508363264432));
#8642=CARTESIAN_POINT('',(0.0228716848219664,0.055,0.014353232264048));
#8643=CARTESIAN_POINT('',(0.0248342999970773,0.055,0.0143484403888384));
#8644=CARTESIAN_POINT('',(0.0248342999970773,0.055,0.0133237008055051));
#8645=CARTESIAN_POINT('',(0.0248342999970773,0.055,0.0122989612221718));
#8646=CARTESIAN_POINT('',(0.0253844302054106,0.055,0.0122989612221718));
#8647=CARTESIAN_POINT('',(0.025934560413744,0.055,0.0122989612221718));
#8648=CARTESIAN_POINT('',(0.025934560413744,0.055,0.0152950549721718));
#8649=CARTESIAN_POINT('',(0.025934560413744,0.055,0.0182911487221718));
#8650=CARTESIAN_POINT('',(0.0235178937470773,0.055,0.0182911487221718));
#8651=CARTESIAN_POINT('',(0.0211012256761394,0.055,0.0182909950361252));
#8652=CARTESIAN_POINT('',(0.0210910128017218,0.055,0.017173279136267));
#8653=CARTESIAN_POINT('',(0.0205172717326496,0.055,0.0181322442785634));
#8654=CARTESIAN_POINT('',(0.0211327080000784,0.055,0.0170871240769893));
#8655=CARTESIAN_POINT('',(0.0200927207513845,0.055,0.0177110964932814));
#8656=CARTESIAN_POINT('',(0.0210332906500826,0.055,0.0171438914654483));
#8657=CARTESIAN_POINT('',(0.019934744387054,0.055,0.017132296497312));
#8658=CARTESIAN_POINT('',(0.019934560413744,0.055,0.0163237008055051));
#8659=CARTESIAN_POINT('',(0.0199347015931035,0.055,0.0155151058422119));
#8660=CARTESIAN_POINT('',(0.02105353101765,0.055,0.0155054906393606));
#8661=CARTESIAN_POINT('',(0.0200928134432518,0.055,0.0149324535947446));
#8662=CARTESIAN_POINT('',(0.0210981259703452,0.055,0.0155223815636451));
#8663=CARTESIAN_POINT('',(0.0205172288623627,0.055,0.0145118283312949));
#8664=CARTESIAN_POINT('',(0.0210900056100847,0.055,0.015500789311561));
#8665=CARTESIAN_POINT('',(0.0211012253805252,0.055,0.0143577281551295));
#8666=CARTESIAN_POINT('',(0.021266743150196,0.055,0.0143571508520153));
#8667=CARTESIAN_POINT('',(0.0214322592199813,0.055,0.0143567467318589));
#8668=CARTESIAN_POINT('',(0.0206912223168627,0.055,0.0134821508520153));
#8669=CARTESIAN_POINT('',(0.019950185413744,0.055,0.0126075549721718));
#8670=CARTESIAN_POINT('',(0.019950185413744,0.055,0.0124532580971718));
#8671=CARTESIAN_POINT('',(0.019950185413744,0.055,0.0122989612221718));
#8672=CARTESIAN_POINT('',(0.0205504458304107,0.055,0.0122989612221718));
#8673=CARTESIAN_POINT('',(0.0211507062470773,0.055,0.0122989612221718));
#8674=CARTESIAN_POINT('',(0.0220111955345219,0.055,0.0133260967431099));
#8675=CARTESIAN_POINT('',(0.0190426333304107,0.055,0.0147195341388384));
#8676=CARTESIAN_POINT('',(0.0190426333304107,0.055,0.0122989612221718));
#8677=CARTESIAN_POINT('',(0.0190424338247342,0.055,0.0171401092899268));
#8678=CARTESIAN_POINT('',(0.0179414847398722,0.055,0.0171524396884324));
#8679=CARTESIAN_POINT('',(0.0188844585435647,0.055,0.0177202024486198));
#8680=CARTESIAN_POINT('',(0.0178406352526405,0.055,0.017095929962773));
#8681=CARTESIAN_POINT('',(0.0184632059337149,0.055,0.0181407569111394));
#8682=CARTESIAN_POINT('',(0.0178950478582474,0.055,0.0171968767885394));
#8683=CARTESIAN_POINT('',(0.0178837809713679,0.055,0.0182987844355741));
#8684=CARTESIAN_POINT('',(0.0160465395804107,0.055,0.0182989612221718));
#8685=CARTESIAN_POINT('',(0.0142092988876778,0.055,0.0182988270994273));
#8686=CARTESIAN_POINT('',(0.0142000162785616,0.055,0.0171765902774063));
#8687=CARTESIAN_POINT('',(0.0136260063003526,0.055,0.0181406894420397));
#8688=CARTESIAN_POINT('',(0.0142346258881817,0.055,0.0170998623825604));
#8689=CARTESIAN_POINT('',(0.0132007785603415,0.055,0.0177202201120987));
#8690=CARTESIAN_POINT('',(0.0141437819209491,0.055,0.0171524396884324));
#8691=CARTESIAN_POINT('',(0.0130428328360871,0.055,0.0171401092899268));
#8692=CARTESIAN_POINT('',(0.0130426333304107,0.055,0.0147195341388384));
#8693=CARTESIAN_POINT('',(0.0130426333304107,0.055,0.0122989612221718));
#8694=CARTESIAN_POINT('',(0.013596669788744,0.055,0.0122989612221718));
#8695=CARTESIAN_POINT('',(0.0141507062470773,0.055,0.0122989612221718));
#8696=CARTESIAN_POINT('',(0.0141507062470773,0.055,0.0133074247638384));
#8697=CARTESIAN_POINT('',(0.0141507062470773,0.055,0.0143158883055051));
#8698=CARTESIAN_POINT('',(0.0160465395804107,0.055,0.0143158883055051));
#8699=CARTESIAN_POINT('',(0.017942372913744,0.055,0.0143158883055051));
#8700=CARTESIAN_POINT('',(0.017942372913744,0.055,0.0133074247638384));
#8701=CARTESIAN_POINT('',(0.017942372913744,0.055,0.0122989612221718));
#8702=CARTESIAN_POINT('',(0.0184925031220773,0.055,0.0122989612221718));
#8703=CARTESIAN_POINT('',(0.0122092999970773,0.055,0.0152989612221718));
#8704=CARTESIAN_POINT('',(0.0122092999970773,0.055,0.0122989612221718));
#8705=CARTESIAN_POINT('',(0.0122092999970773,0.055,0.0182989612221718));
#8706=CARTESIAN_POINT('',(0.0116637270804107,0.055,0.0182989612221718));
#8707=CARTESIAN_POINT('',(0.011118154163744,0.055,0.0182989612221718));
#8708=CARTESIAN_POINT('',(0.011118154163744,0.055,0.0152989612221718));
#8709=CARTESIAN_POINT('',(0.011118154163744,0.055,0.0122989612221718));
#8710=CARTESIAN_POINT('',(0.0116637270804107,0.055,0.0122989612221718));
#8711=CARTESIAN_POINT('',(0.010309560413744,0.055,0.0152989612221718));
#8712=CARTESIAN_POINT('',(0.010309560413744,0.055,0.0122989612221718));
#8713=CARTESIAN_POINT('',(0.010309560413744,0.055,0.0182989612221718));
#8714=CARTESIAN_POINT('',(0.00970539374707732,0.055,0.0182989612221718));
#8715=CARTESIAN_POINT('',(0.00910122708041065,0.055,0.0182989612221718));
#8716=CARTESIAN_POINT('',(0.00725943020541066,0.055,0.0161075549721718));
#8717=CARTESIAN_POINT('',(0.00541763333041066,0.055,0.0139161487221718));
#8718=CARTESIAN_POINT('',(0.00541763333041066,0.055,0.0161075549721718));
#8719=CARTESIAN_POINT('',(0.00541763333041066,0.055,0.0182989612221718));
#8720=CARTESIAN_POINT('',(0.00486359687207732,0.055,0.0182989612221718));
#8721=CARTESIAN_POINT('',(0.00430956041374399,0.055,0.0182989612221718));
#8722=CARTESIAN_POINT('',(0.00430956041374399,0.055,0.0152989612221718));
#8723=CARTESIAN_POINT('',(0.00430956041374399,0.055,0.0122989612221718));
#8724=CARTESIAN_POINT('',(0.00491372708041066,0.055,0.0122989612221718));
#8725=CARTESIAN_POINT('',(0.00551789374707732,0.055,0.0122989612221718));
#8726=CARTESIAN_POINT('',(0.00736359687207732,0.055,0.0144949247638384));
#8727=CARTESIAN_POINT('',(0.00920929999707732,0.055,0.0166908883055051));
#8728=CARTESIAN_POINT('',(0.00920929999707732,0.055,0.0144949247638384));
#8729=CARTESIAN_POINT('',(0.00920929999707732,0.055,0.0122989612221718));
#8730=CARTESIAN_POINT('',(0.00975943020541065,0.055,0.0122989612221718));
#8731=CARTESIAN_POINT('',(0.000800445830410654,0.055,0.0152989612221718));
#8732=CARTESIAN_POINT('',(0.000800445830410654,0.055,0.0122989612221718));
#8733=CARTESIAN_POINT('',(0.000800445830410654,0.055,0.0182989612221718));
#8734=CARTESIAN_POINT('',(-0.00149903333625601,0.055,0.0182989612221718));
#8735=CARTESIAN_POINT('',(-0.00379851473734435,0.055,0.0182987617164954));
#8736=CARTESIAN_POINT('',(-0.00381084513585048,0.055,0.0171978126316354));
#8737=CARTESIAN_POINT('',(-0.00437860503648158,0.055,0.0181407816062207));
#8738=CARTESIAN_POINT('',(-0.00375364016630084,0.055,0.0170952347188834));
#8739=CARTESIAN_POINT('',(-0.00479918703118714,0.055,0.0177201996270769));
#8740=CARTESIAN_POINT('',(-0.00385621807905097,0.055,0.0171524396884324));
#8741=CARTESIAN_POINT('',(-0.00495716716391293,0.055,0.0171401092899268));
#8742=CARTESIAN_POINT('',(-0.00495736666958935,0.055,0.0165528674721718));
#8743=CARTESIAN_POINT('',(-0.00495734358890718,0.055,0.0159656278184127));
#8744=CARTESIAN_POINT('',(-0.00370708872330348,0.055,0.0159618129364172));
#8745=CARTESIAN_POINT('',(-0.00494045134922906,0.055,0.0157572926244229));
#8746=CARTESIAN_POINT('',(-0.00418668467404717,0.055,0.0158832336545528));
#8747=CARTESIAN_POINT('',(-0.00488179190708006,0.055,0.0155657418155598));
#8748=CARTESIAN_POINT('',(-0.00333637313193686,0.055,0.0144102356948199));
#8749=CARTESIAN_POINT('',(-0.00511156297516994,0.055,0.0151661036735721));
#8750=CARTESIAN_POINT('',(-0.00413514223351283,0.055,0.0147409888299623));
#8751=CARTESIAN_POINT('',(-0.00519969284479724,0.055,0.0147494831620314));
#8752=CARTESIAN_POINT('',(-0.00519955416958935,0.055,0.0141036487221718));
#8753=CARTESIAN_POINT('',(-0.0051993574723015,0.055,0.0134578132049999));
#8754=CARTESIAN_POINT('',(-0.00410184830371922,0.055,0.0134456280711471));
#8755=CARTESIAN_POINT('',(-0.00504074634840623,0.055,0.0128777091779059));
#8756=CARTESIAN_POINT('',(-0.00400165821090867,0.055,0.0135032577550113));
#8757=CARTESIAN_POINT('',(-0.0046155385712865,0.055,0.012457217914694));
#8758=CARTESIAN_POINT('',(-0.00404250391906759,0.055,0.0134179318260764));
#8759=CARTESIAN_POINT('',(-0.00403288871621592,0.055,0.0122991024015313));
#8760=CARTESIAN_POINT('',(-0.00161622083625601,0.055,0.0122989612221718));
#8761=CARTESIAN_POINT('',(-0.00723743642631218,0.055,0.0133976914585078));
#8762=CARTESIAN_POINT('',(-0.00724903139444915,0.055,0.0122991451954818));
#8763=CARTESIAN_POINT('',(-0.00667025093486014,0.055,0.0124571543579685));
#8764=CARTESIAN_POINT('',(-0.00729520775621088,0.055,0.01350268772546));
#8765=CARTESIAN_POINT('',(-0.00624966089132488,0.055,0.0128777228172667));
#8766=CARTESIAN_POINT('',(-0.00719262984346121,0.055,0.0134454827559112));
#8767=CARTESIAN_POINT('',(-0.0060916807585991,0.055,0.0134578131544168));
#8768=CARTESIAN_POINT('',(-0.00609148125292268,0.055,0.0152989612221718));
#8769=CARTESIAN_POINT('',(-0.00609168075859917,0.055,0.0171401092899268));
#8770=CARTESIAN_POINT('',(-0.00719262984345802,0.055,0.0171524396884334));
#8771=CARTESIAN_POINT('',(-0.00624966086887377,0.055,0.017720199589064));
#8772=CARTESIAN_POINT('',(-0.00729520775621097,0.055,0.0170952347188836));
#8773=CARTESIAN_POINT('',(-0.00667025093486014,0.055,0.0181407680863751));
#8774=CARTESIAN_POINT('',(-0.00723743642631218,0.055,0.0172002309858357));
#8775=CARTESIAN_POINT('',(-0.00724903139444915,0.055,0.0182987772488618));
#8776=CARTESIAN_POINT('',(-0.00909083021125601,0.055,0.0182989612221718));
#8777=CARTESIAN_POINT('',(-0.0109326290280629,0.055,0.0182987772488618));
#8778=CARTESIAN_POINT('',(-0.0109442239961992,0.055,0.0172002309858333));
#8779=CARTESIAN_POINT('',(-0.011511411533866,0.055,0.0181407715943348));
#8780=CARTESIAN_POINT('',(-0.0108833845343212,0.055,0.0170905844827671));
#8781=CARTESIAN_POINT('',(-0.0119326441955793,0.055,0.017720195871131));
#8782=CARTESIAN_POINT('',(-0.0109937753870527,0.055,0.0171522943731964));
#8783=CARTESIAN_POINT('',(-0.0120912845556348,0.055,0.0171401092393436));
#8784=CARTESIAN_POINT('',(-0.0120914812529227,0.055,0.0152989612221718));
#8785=CARTESIAN_POINT('',(-0.0120912845556348,0.055,0.0134578132049999));
#8786=CARTESIAN_POINT('',(-0.0109937753870526,0.055,0.0134456280711471));
#8787=CARTESIAN_POINT('',(-0.0119326442136717,0.055,0.0128777266039525));
#8788=CARTESIAN_POINT('',(-0.0108833845343213,0.055,0.0135073379615765));
#8789=CARTESIAN_POINT('',(-0.0115114115592053,0.055,0.0124571508648343));
#8790=CARTESIAN_POINT('',(-0.0109442239961998,0.055,0.0133976914585079));
#8791=CARTESIAN_POINT('',(-0.0109326290280629,0.055,0.0122991451954818));
#8792=CARTESIAN_POINT('',(-0.00909083021125601,0.055,0.0122989612221718));
#8793=CARTESIAN_POINT('',(-0.0130237729195893,0.055,0.0147195341388384));
#8794=CARTESIAN_POINT('',(-0.0130237729195893,0.055,0.0122989612221718));
#8795=CARTESIAN_POINT('',(-0.0130239724252658,0.055,0.0171401092899268));
#8796=CARTESIAN_POINT('',(-0.0141249215101278,0.055,0.0171524396884324));
#8797=CARTESIAN_POINT('',(-0.0131819477064353,0.055,0.0177202024486198));
#8798=CARTESIAN_POINT('',(-0.0142257709973593,0.055,0.0170959299627731));
#8799=CARTESIAN_POINT('',(-0.0136032003162851,0.055,0.0181407569111394));
#8800=CARTESIAN_POINT('',(-0.0141713583917529,0.055,0.0171968767885386));
#8801=CARTESIAN_POINT('',(-0.0141826252786321,0.055,0.0182987844355741));
#8802=CARTESIAN_POINT('',(-0.0160198666695893,0.055,0.0182989612221718));
#8803=CARTESIAN_POINT('',(-0.0178571073623222,0.055,0.0182988270994273));
#8804=CARTESIAN_POINT('',(-0.0178663899714385,0.055,0.0171765902774064));
#8805=CARTESIAN_POINT('',(-0.0184403999496474,0.055,0.0181406894420397));
#8806=CARTESIAN_POINT('',(-0.0178317803618183,0.055,0.0170998623825604));
#8807=CARTESIAN_POINT('',(-0.0188656276896586,0.055,0.0177202201120987));
#8808=CARTESIAN_POINT('',(-0.0179226243290509,0.055,0.0171524396884323));
#8809=CARTESIAN_POINT('',(-0.0190235734139129,0.055,0.0171401092899268));
#8810=CARTESIAN_POINT('',(-0.0190237729195894,0.055,0.0147195341388384));
#8811=CARTESIAN_POINT('',(-0.0190237729195894,0.055,0.0122989612221718));
#8812=CARTESIAN_POINT('',(-0.018469736461256,0.055,0.0122989612221718));
#8813=CARTESIAN_POINT('',(-0.0179157000029227,0.055,0.0122989612221718));
#8814=CARTESIAN_POINT('',(-0.0179157000029227,0.055,0.0133074247638384));
#8815=CARTESIAN_POINT('',(-0.0179157000029227,0.055,0.0143158883055051));
#8816=CARTESIAN_POINT('',(-0.0160198666695893,0.055,0.0143158883055051));
#8817=CARTESIAN_POINT('',(-0.014124033336256,0.055,0.0143158883055051));
#8818=CARTESIAN_POINT('',(-0.014124033336256,0.055,0.0133074247638384));
#8819=CARTESIAN_POINT('',(-0.014124033336256,0.055,0.0122989612221718));
#8820=CARTESIAN_POINT('',(-0.0135739031279227,0.055,0.0122989612221718));
#8821=CARTESIAN_POINT('',(-0.0220545596738115,0.055,0.0143508363264432));
#8822=CARTESIAN_POINT('',(-0.023035867261367,0.055,0.014353232264048));
#8823=CARTESIAN_POINT('',(-0.021073252086256,0.055,0.0143484403888384));
#8824=CARTESIAN_POINT('',(-0.021073252086256,0.055,0.0133237008055051));
#8825=CARTESIAN_POINT('',(-0.021073252086256,0.055,0.0122989612221718));
#8826=CARTESIAN_POINT('',(-0.0205231218779227,0.055,0.0122989612221718));
#8827=CARTESIAN_POINT('',(-0.0199729916695894,0.055,0.0122989612221718));
#8828=CARTESIAN_POINT('',(-0.0199729916695894,0.055,0.0152950549721718));
#8829=CARTESIAN_POINT('',(-0.0199729916695894,0.055,0.0182911487221718));
#8830=CARTESIAN_POINT('',(-0.022389658336256,0.055,0.0182911487221718));
#8831=CARTESIAN_POINT('',(-0.0248063264071939,0.055,0.0182909950361252));
#8832=CARTESIAN_POINT('',(-0.0248165392816114,0.055,0.0171732791362668));
#8833=CARTESIAN_POINT('',(-0.0253902803506837,0.055,0.0181322442785634));
#8834=CARTESIAN_POINT('',(-0.0247748440832547,0.055,0.0170871240769891));
#8835=CARTESIAN_POINT('',(-0.0258148313319488,0.055,0.0177110964932814));
#8836=CARTESIAN_POINT('',(-0.0248742614332507,0.055,0.0171438914654483));
#8837=CARTESIAN_POINT('',(-0.0259728076962794,0.055,0.017132296497312));
#8838=CARTESIAN_POINT('',(-0.0259729916695894,0.055,0.0163237008055051));
#8839=CARTESIAN_POINT('',(-0.0259728504902298,0.055,0.0155151058422119));
#8840=CARTESIAN_POINT('',(-0.0248540210656833,0.055,0.0155054906393606));
#8841=CARTESIAN_POINT('',(-0.0258147386400815,0.055,0.0149324535947446));
#8842=CARTESIAN_POINT('',(-0.0248094261129881,0.055,0.0155223815636451));
#8843=CARTESIAN_POINT('',(-0.0253903232209707,0.055,0.0145118283312949));
#8844=CARTESIAN_POINT('',(-0.0248175464732493,0.055,0.0155007893115591));
#8845=CARTESIAN_POINT('',(-0.0248063267028082,0.055,0.0143577281551295));
#8846=CARTESIAN_POINT('',(-0.0246408089331373,0.055,0.0143571508520153));
#8847=CARTESIAN_POINT('',(-0.0244752928633519,0.055,0.0143567467318589));
#8848=CARTESIAN_POINT('',(-0.0252163297664706,0.055,0.0134821508520153));
#8849=CARTESIAN_POINT('',(-0.0259573666695894,0.055,0.0126075549721718));
#8850=CARTESIAN_POINT('',(-0.0259573666695894,0.055,0.0124532580971718));
#8851=CARTESIAN_POINT('',(-0.0259573666695894,0.055,0.0122989612221718));
#8852=CARTESIAN_POINT('',(-0.0253571062529227,0.055,0.0122989612221718));
#8853=CARTESIAN_POINT('',(-0.024756845836256,0.055,0.0122989612221718));
#8854=CARTESIAN_POINT('',(-0.0238963565488115,0.055,0.0133260967431099));
#8855=CARTESIAN_POINT('',(-0.0268649187529227,0.055,0.0152989612221718));
#8856=CARTESIAN_POINT('',(-0.0268649187529227,0.055,0.0122989612221718));
#8857=CARTESIAN_POINT('',(-0.0268649187529227,0.055,0.0182989612221718));
#8858=CARTESIAN_POINT('',(-0.0292815854195894,0.055,0.0182989612221718));
#8859=CARTESIAN_POINT('',(-0.0316982531956555,0.055,0.0182988270994273));
#8860=CARTESIAN_POINT('',(-0.0317075358047714,0.055,0.017176590277405));
#8861=CARTESIAN_POINT('',(-0.0322815457829808,0.055,0.0181406894420397));
#8862=CARTESIAN_POINT('',(-0.031672926195152,0.055,0.0170998623825607));
#8863=CARTESIAN_POINT('',(-0.0327067735229919,0.055,0.0177202201120987));
#8864=CARTESIAN_POINT('',(-0.0317637701623843,0.055,0.0171524396884324));
#8865=CARTESIAN_POINT('',(-0.0328647192472463,0.055,0.0171401092899268));
#8866=CARTESIAN_POINT('',(-0.0328649187529227,0.055,0.0152989612221718));
#8867=CARTESIAN_POINT('',(-0.0328647192472462,0.055,0.0134578131544168));
#8868=CARTESIAN_POINT('',(-0.0317637701623873,0.055,0.0134454827559102));
#8869=CARTESIAN_POINT('',(-0.0327067735491838,0.055,0.0128777023759059));
#8870=CARTESIAN_POINT('',(-0.0316729261951518,0.055,0.0134980600617832));
#8871=CARTESIAN_POINT('',(-0.0322815455143684,0.055,0.0124572328419884));
#8872=CARTESIAN_POINT('',(-0.0317075358047714,0.055,0.0134213321669385));
#8873=CARTESIAN_POINT('',(-0.0316982531956555,0.055,0.0122990953449162));
#8874=CARTESIAN_POINT('',(-0.0292815854195894,0.055,0.0122989612221718));
#8875=CARTESIAN_POINT('',(0.0579237946007679,0.055,-0.0075));
#8876=CARTESIAN_POINT('',(0.0579237946007679,0.055,-0.0059));
#8877=CARTESIAN_POINT('',(0.0579237946007679,0.055,0.0375));
#8878=CARTESIAN_POINT('',(0.0579237946007679,0.055,0.0391));
#8879=CARTESIAN_POINT('',(0.0604237946007679,0.055,0.04));
#8880=CARTESIAN_POINT('',(0.0604237946007679,0.055,0.04));
#8881=CARTESIAN_POINT('',(0.0604237946007679,0.055,-0.01));
#8882=CARTESIAN_POINT('',(0.,0.055,-0.01));
#8883=CARTESIAN_POINT('',(-0.0604237946007679,0.055,-0.01));
#8884=CARTESIAN_POINT('',(-0.0604237946007679,0.055,0.04));
#8885=CARTESIAN_POINT('',(-0.0604237946007679,0.055,0.04));
#8886=CARTESIAN_POINT('',(0.,0.055,0.04));
#8887=CARTESIAN_POINT('',(-0.0579237946007679,0.055,-0.0075));
#8888=CARTESIAN_POINT('',(-0.0579237946007679,0.055,-0.0059));
#8889=CARTESIAN_POINT('',(-0.0579237946007679,0.055,0.0375));
#8890=CARTESIAN_POINT('',(-0.0579237946007679,0.055,0.0391));
#8891=CARTESIAN_POINT('',(-0.0435600937902927,0.055,0.00907054170966148));
#8892=CARTESIAN_POINT('',(-0.0465510085129767,0.0549998032540505,0.00907054170966149));
#8893=CARTESIAN_POINT('',(-0.0405601039043262,0.0549996065080985,0.00907054195966149));
#8894=CARTESIAN_POINT('',(-0.0405600937902928,0.055,0.00907054195966149));
#8895=CARTESIAN_POINT('',(-0.0405600937902928,0.055,0.0130705418763282));
#8896=CARTESIAN_POINT('',(-0.0405600937902928,0.055,0.0170705417929948));
#8897=CARTESIAN_POINT('',(-0.0405600937902928,0.055,0.0210705417096615));
#8898=CARTESIAN_POINT('',(-0.0405691790676437,0.0549998032540492,0.0210705417096615));
#8899=CARTESIAN_POINT('',(-0.0435600937902927,0.055,0.0210705417096615));
#8900=CARTESIAN_POINT('',(-0.0465510085129767,0.0549998032540505,0.0210705417096615));
#8901=CARTESIAN_POINT('',(-0.0465600937902927,0.055,0.0210705417096615));
#8902=CARTESIAN_POINT('',(-0.0465600937902927,0.055,0.0170705417096615));
#8903=CARTESIAN_POINT('',(-0.0465600937902927,0.055,0.0130705417096615));
#8904=CARTESIAN_POINT('',(-0.0465600937902927,0.055,0.0090705417096615));
#8905=CARTESIAN_POINT('',(0.0405600937902928,0.055,0.0210705417096615));
#8906=CARTESIAN_POINT('',(0.0405600937902928,0.055,0.0170705417096615));
#8907=CARTESIAN_POINT('',(0.0405600937902928,0.055,0.0130705417096615));
#8908=CARTESIAN_POINT('',(0.0405600937902928,0.055,0.0090705417096615));
#8909=CARTESIAN_POINT('',(0.0405691790676087,0.0549998032540505,0.0210705417096615));
#8910=CARTESIAN_POINT('',(0.0405691790676087,0.0549998032540505,0.00907054170966149));
#8911=CARTESIAN_POINT('',(0.0435600937902927,0.055,0.00907054170966148));
#8912=CARTESIAN_POINT('',(0.0465600836762594,0.054999606508101,0.00907054195966149));
#8913=CARTESIAN_POINT('',(0.0465600937902927,0.055,0.00907054195966149));
#8914=CARTESIAN_POINT('',(0.0465600937902927,0.055,0.0130705418763282));
#8915=CARTESIAN_POINT('',(0.0465600937902927,0.055,0.0170705417929948));
#8916=CARTESIAN_POINT('',(0.0465600937902927,0.055,0.0210705417096615));
#8917=CARTESIAN_POINT('',(0.0465510085129768,0.0549998032540505,0.0210705417096615));
#8918=CARTESIAN_POINT('',(0.0435600937902927,0.055,0.0210705417096615));
#8919=CARTESIAN_POINT('',(-0.0460600937902927,0.06,0.0150705417096615));
#8920=CARTESIAN_POINT('',(-0.0460600937902927,0.06,0.0210705417096615));
#8921=CARTESIAN_POINT('',(-0.0460600937902927,0.0558229490168752,0.0210705417096615));
#8922=CARTESIAN_POINT('',(-0.0460597002983937,0.0554999898859667,0.0210705417096615));
#8923=CARTESIAN_POINT('',(-0.0460600937902927,0.0558229490168752,0.0210705417096615));
#8924=CARTESIAN_POINT('',(-0.0460600937902927,0.0558229490168752,0.0170705417096615));
#8925=CARTESIAN_POINT('',(-0.0460600937902927,0.0558229490168752,0.0130705417096615));
#8926=CARTESIAN_POINT('',(-0.0460600937902927,0.0558229490168752,0.0090705417096615));
#8927=CARTESIAN_POINT('',(-0.0460600937902927,0.0558229490168752,0.00907054170966148));
#8928=CARTESIAN_POINT('',(-0.0460600937902927,0.06,0.00907054170966148));
#8929=CARTESIAN_POINT('',(-0.0460597002983937,0.0554999898859667,0.00907054195966149));
#8930=CARTESIAN_POINT('',(-0.0460600937902927,0.0555,0.00907054195966149));
#8931=CARTESIAN_POINT('',(-0.0460600937902927,0.0555,0.0130705418763282));
#8932=CARTESIAN_POINT('',(-0.0460600937902927,0.0555,0.0170705417929948));
#8933=CARTESIAN_POINT('',(-0.0460600937902927,0.0555,0.0210705417096615));
#8934=CARTESIAN_POINT('',(-0.0410600937902928,0.06,0.0150705417096615));
#8935=CARTESIAN_POINT('',(-0.0410600937902928,0.06,0.00907054170966148));
#8936=CARTESIAN_POINT('',(-0.0410600937902928,0.0558229490168752,0.00907054170966148));
#8937=CARTESIAN_POINT('',(-0.0410604872821943,0.0554999898859666,0.00907054170966149));
#8938=CARTESIAN_POINT('',(-0.0410600937902928,0.0558229490168752,0.0090705417096615));
#8939=CARTESIAN_POINT('',(-0.0410600937902928,0.0558229490168752,0.0130705417096615));
#8940=CARTESIAN_POINT('',(-0.0410600937902928,0.0558229490168752,0.0170705417096615));
#8941=CARTESIAN_POINT('',(-0.0410600937902928,0.0558229490168752,0.0210705417096615));
#8942=CARTESIAN_POINT('',(-0.0410600937902928,0.0558229490168752,0.0210705417096615));
#8943=CARTESIAN_POINT('',(-0.0410600937902928,0.06,0.0210705417096615));
#8944=CARTESIAN_POINT('',(-0.0410604872821943,0.0554999898859666,0.0210705417096615));
#8945=CARTESIAN_POINT('',(-0.0410600937902928,0.0555,0.0210705417096615));
#8946=CARTESIAN_POINT('',(-0.0410600937902928,0.0555,0.0170705417096615));
#8947=CARTESIAN_POINT('',(-0.0410600937902928,0.0555,0.0130705417096615));
#8948=CARTESIAN_POINT('',(-0.0410600937902928,0.0555,0.0090705417096615));
#8949=CARTESIAN_POINT('',(0.0460600937902927,0.06,0.0150705417096615));
#8950=CARTESIAN_POINT('',(0.0460600937902927,0.06,0.0210705417096615));
#8951=CARTESIAN_POINT('',(0.0460604872821917,0.0595000101140333,0.0210705417096615));
#8952=CARTESIAN_POINT('',(0.0460600937902927,0.0591770509831249,0.0210705417096615));
#8953=CARTESIAN_POINT('',(0.0460600937902927,0.0591770509831249,0.0210705417096615));
#8954=CARTESIAN_POINT('',(0.0460600937902927,0.0591770509831248,0.0170705417096615));
#8955=CARTESIAN_POINT('',(0.0460600937902927,0.0591770509831248,0.0130705417096615));
#8956=CARTESIAN_POINT('',(0.0460600937902927,0.0591770509831248,0.0090705417096615));
#8957=CARTESIAN_POINT('',(0.0460600937902927,0.0591770509831248,0.00907054170966148));
#8958=CARTESIAN_POINT('',(0.0460600937902927,0.06,0.00907054170966148));
#8959=CARTESIAN_POINT('',(0.0460604872821917,0.0595000101140333,0.00907054195966149));
#8960=CARTESIAN_POINT('',(0.0460600937902927,0.0595,0.00907054195966149));
#8961=CARTESIAN_POINT('',(0.0460600937902927,0.0595,0.0130705418763282));
#8962=CARTESIAN_POINT('',(0.0460600937902927,0.0595,0.0170705417929948));
#8963=CARTESIAN_POINT('',(0.0460600937902927,0.0595,0.0210705417096615));
#8964=CARTESIAN_POINT('',(0.0435600937902927,0.06,0.00907054170966148));
#8965=CARTESIAN_POINT('',(0.0410600937902928,0.06,0.00907054170966148));
#8966=CARTESIAN_POINT('',(0.0410600937902928,0.0558229490168752,0.00907054170966148));
#8967=CARTESIAN_POINT('',(0.0410604872821918,0.0554999898859667,0.00907054195966149));
#8968=CARTESIAN_POINT('',(0.0410600937902927,0.0558229490168752,0.00907054170966148));
#8969=CARTESIAN_POINT('',(0.0410600937902927,0.0560203139498217,0.00907054170966148));
#8970=CARTESIAN_POINT('',(0.041225430529488,0.056244920904861,0.00907054170966148));
#8971=CARTESIAN_POINT('',(0.0414172366474356,0.0563021064406251,0.00907054170966148));
#8972=CARTESIAN_POINT('',(0.0414172366474356,0.0563021064406251,0.00907054170966148));
#8973=CARTESIAN_POINT('',(0.0410600937902928,0.0575,0.00907054170966148));
#8974=CARTESIAN_POINT('',(0.0414172366474356,0.0586978935593749,0.00907054170966148));
#8975=CARTESIAN_POINT('',(0.0414172366474356,0.0586978935593749,0.00907054170966148));
#8976=CARTESIAN_POINT('',(0.0412280989018173,0.0587542835402167,0.00907054170966148));
#8977=CARTESIAN_POINT('',(0.0410600937902927,0.0589769016079501,0.00907054170966148));
#8978=CARTESIAN_POINT('',(0.0410600937902927,0.0591770509831248,0.00907054170966148));
#8979=CARTESIAN_POINT('',(0.0410600937902928,0.0591770509831248,0.00907054170966148));
#8980=CARTESIAN_POINT('',(0.0410600937902928,0.06,0.00907054170966148));
#8981=CARTESIAN_POINT('',(0.0410597002983937,0.0595000101140333,0.00907054170966149));
#8982=CARTESIAN_POINT('',(0.0415732844752949,0.0594868093149978,0.00907054170966148));
#8983=CARTESIAN_POINT('',(0.0415600836762594,0.060000393491899,0.00907054195966148));
#8984=CARTESIAN_POINT('',(0.0435600937902927,0.06,0.00907054170966148));
#8985=CARTESIAN_POINT('',(0.045560103904326,0.060000393491899,0.00907054170966148));
#8986=CARTESIAN_POINT('',(0.0455469031052905,0.0594868093149978,0.00907054170966148));
#8987=CARTESIAN_POINT('',(0.0460600937902928,0.0591770509831248,0.00907054170966148));
#8988=CARTESIAN_POINT('',(0.0460600937902928,0.0589796860501796,0.00907054170966148));
#8989=CARTESIAN_POINT('',(0.0458947570510987,0.0587550790951394,0.00907054170966148));
#8990=CARTESIAN_POINT('',(0.0457029509331499,0.0586978935593749,0.00907054170966148));
#8991=CARTESIAN_POINT('',(0.0457029509331499,0.0586978935593749,0.00907054170966148));
#8992=CARTESIAN_POINT('',(0.0460600937902927,0.0575,0.00907054170966148));
#8993=CARTESIAN_POINT('',(0.0457029509331499,0.0563021064406251,0.00907054170966148));
#8994=CARTESIAN_POINT('',(0.0457029509331499,0.0563021064406251,0.00907054170966148));
#8995=CARTESIAN_POINT('',(0.0458920886787662,0.0562457164597839,0.00907054170966148));
#8996=CARTESIAN_POINT('',(0.0460600937902928,0.0560230983920521,0.00907054170966148));
#8997=CARTESIAN_POINT('',(0.0460600937902928,0.0558229490168752,0.00907054170966148));
#8998=CARTESIAN_POINT('',(0.0460600937902927,0.0558229490168752,0.00907054170966148));
#8999=CARTESIAN_POINT('',(0.0460600937902927,0.06,0.00907054170966148));
#9000=CARTESIAN_POINT('',(0.0460597002983937,0.0554999898859667,0.00907054170966149));
#9001=CARTESIAN_POINT('',(0.0465732844752949,0.0555131906850022,0.00907054170966148));
#9002=CARTESIAN_POINT('',(0.0405469031052906,0.0555131906850022,0.00907054170966148));
#9003=CARTESIAN_POINT('',(0.0410600937902928,0.06,0.0150705417096615));
#9004=CARTESIAN_POINT('',(0.0410600937902928,0.0591770509831248,0.0090705417096615));
#9005=CARTESIAN_POINT('',(0.0410600937902928,0.0591770509831248,0.0130705417096615));
#9006=CARTESIAN_POINT('',(0.0410600937902928,0.0591770509831248,0.0170705417096615));
#9007=CARTESIAN_POINT('',(0.0410600937902928,0.0591770509831249,0.0210705417096615));
#9008=CARTESIAN_POINT('',(0.0410600937902928,0.0591770509831249,0.0210705417096615));
#9009=CARTESIAN_POINT('',(0.0410600937902928,0.06,0.0210705417096615));
#9010=CARTESIAN_POINT('',(0.0410597002983937,0.0595000101140333,0.0210705417096615));
#9011=CARTESIAN_POINT('',(0.0410600937902928,0.0595,0.0210705417096615));
#9012=CARTESIAN_POINT('',(0.0410600937902928,0.0595,0.0170705417096615));
#9013=CARTESIAN_POINT('',(0.0410600937902928,0.0595,0.0130705417096615));
#9014=CARTESIAN_POINT('',(0.0410600937902928,0.0595,0.0090705417096615));
#9015=CARTESIAN_POINT('',(0.,0.05,0.04));
#9016=CARTESIAN_POINT('',(0.0579237946007679,0.05,-0.0075));
#9017=CARTESIAN_POINT('',(0.0595237946007679,0.05,-0.0075));
#9018=CARTESIAN_POINT('',(0.0579237946007679,0.05,0.0375));
#9019=CARTESIAN_POINT('',(0.0595237946007679,0.05,0.0375));
#9020=CARTESIAN_POINT('',(-0.0504237946007679,0.05,0.005));
#9021=CARTESIAN_POINT('',(-0.0504237946007679,0.05,-0.005));
#9022=CARTESIAN_POINT('',(0.0504237946007679,0.05,0.04));
#9023=CARTESIAN_POINT('',(0.0504237946007679,0.05,-0.005));
#9024=CARTESIAN_POINT('',(0.,0.05,-0.005));
#9025=CARTESIAN_POINT('',(0.,0.05,-0.01));
#9026=CARTESIAN_POINT('',(0.0604237946007679,0.05,-0.01));
#9027=CARTESIAN_POINT('',(-0.0604237946007679,0.05,-0.01));
#9028=CARTESIAN_POINT('',(0.0604237946007679,0.05,0.04));
#9029=CARTESIAN_POINT('',(0.0604237946007679,0.05,0.04));
#9030=CARTESIAN_POINT('',(0.,0.05,0.04));
#9031=CARTESIAN_POINT('',(-0.0604237946007679,0.05,0.04));
#9032=CARTESIAN_POINT('',(-0.0604237946007679,0.05,0.04));
#9033=CARTESIAN_POINT('',(-0.0579237946007679,0.05,-0.0075));
#9034=CARTESIAN_POINT('',(-0.0563237946007679,0.05,-0.0075));
#9035=CARTESIAN_POINT('',(-0.0579237946007679,0.05,0.0375));
#9036=CARTESIAN_POINT('',(-0.0563237946007679,0.05,0.0375));
#9037=CARTESIAN_POINT('',(0.0604237946007679,0.0525,0.04));
#9038=CARTESIAN_POINT('',(0.0604237946007679,0.0525,-0.01));
#9039=CARTESIAN_POINT('',(0.0604237946007679,0.0525,0.04));
#9040=CARTESIAN_POINT('',(-0.0604237946007679,0.0525,0.04));
#9041=CARTESIAN_POINT('',(-0.0604237946007679,0.0525,-0.01));
#9042=CARTESIAN_POINT('',(-0.0604237946007679,0.0525,0.04));
#9043=CARTESIAN_POINT('',(0.,0.0025,0.04));
#9044=CARTESIAN_POINT('',(0.,0.0025,-0.01));
#9045=CARTESIAN_POINT('',(-0.0371500812470913,0.0447884984314442,-0.02));
#9046=CARTESIAN_POINT('',(-0.0371500812470913,0.0447884984314442,0.000211501568555831));
#9047=CARTESIAN_POINT('',(-0.0371361821889877,-0.0304239615797996,-0.02));
#9048=CARTESIAN_POINT('',(0.037996344268322,-0.0304084978997708,-0.02));
#9049=CARTESIAN_POINT('',(0.0380042166903181,0.0447631529460842,-0.02));
#9050=CARTESIAN_POINT('',(0.0380042166903181,0.0447631529460842,0.000236847053915797));
#9051=CARTESIAN_POINT('',(0.0579237946007679,0.03,0.0375));
#9052=CARTESIAN_POINT('',(0.0579237946007679,0.03,-0.0075));
#9053=CARTESIAN_POINT('',(-0.0579237946007679,0.03,-0.0075));
#9054=CARTESIAN_POINT('',(-0.0579237946007679,0.03,0.0375));
#9055=CARTESIAN_POINT('',(0.0504237946007679,0.05,0.04));
#9056=CARTESIAN_POINT('',(0.0354237946007679,0.035,0.01));
#9057=CARTESIAN_POINT('',(0.,0.05,-0.005));
#9058=CARTESIAN_POINT('',(-0.0336158630671786,0.0331920684664107,0.0118079315335893));
#9059=CARTESIAN_POINT('',(-0.0454237946007679,0.045,0.005));
#9060=CARTESIAN_POINT('',(-0.0460600937902927,0.06,0.0150705417096615));
#9061=CARTESIAN_POINT('',(-0.0460600937902927,0.06,0.00907054170966148));
#9062=CARTESIAN_POINT('',(-0.0460604872821917,0.0595000101140333,0.00907054170966149));
#9063=CARTESIAN_POINT('',(-0.0460600937902927,0.0591770509831248,0.00907054170966148));
#9064=CARTESIAN_POINT('',(-0.0460600937902927,0.0591770509831248,0.0090705417096615));
#9065=CARTESIAN_POINT('',(-0.0460600937902927,0.0591770509831248,0.0130705417096615));
#9066=CARTESIAN_POINT('',(-0.0460600937902927,0.0591770509831248,0.0170705417096615));
#9067=CARTESIAN_POINT('',(-0.0460600937902927,0.0591770509831249,0.0210705417096615));
#9068=CARTESIAN_POINT('',(-0.0460600937902927,0.0591770509831249,0.0210705417096615));
#9069=CARTESIAN_POINT('',(-0.0460600937902927,0.06,0.0210705417096615));
#9070=CARTESIAN_POINT('',(-0.0460604872821917,0.0595000101140333,0.0210705417096615));
#9071=CARTESIAN_POINT('',(-0.0460600937902927,0.0595,0.0210705417096615));
#9072=CARTESIAN_POINT('',(-0.0460600937902927,0.0595,0.0170705417096615));
#9073=CARTESIAN_POINT('',(-0.0460600937902927,0.0595,0.0130705417096615));
#9074=CARTESIAN_POINT('',(-0.0460600937902927,0.0595,0.0090705417096615));
#9075=CARTESIAN_POINT('',(-0.0435600937902927,0.06,0.0210705417096615));
#9076=CARTESIAN_POINT('',(-0.0410600937902927,0.0558229490168752,0.0210705417096615));
#9077=CARTESIAN_POINT('',(-0.0410600937902927,0.0560203139498195,0.0210705417096615));
#9078=CARTESIAN_POINT('',(-0.0412254305294859,0.0562449209048604,0.0210705417096615));
#9079=CARTESIAN_POINT('',(-0.0414172366474356,0.0563021064406251,0.0210705417096615));
#9080=CARTESIAN_POINT('',(-0.0414172366474356,0.0563021064406251,0.0210705417096615));
#9081=CARTESIAN_POINT('',(-0.0410600937902928,0.0575,0.0210705417096615));
#9082=CARTESIAN_POINT('',(-0.0414172366474356,0.0586978935593749,0.0210705417096615));
#9083=CARTESIAN_POINT('',(-0.0414172366474356,0.0586978935593749,0.0210705417096615));
#9084=CARTESIAN_POINT('',(-0.0412280989018189,0.0587542835402162,0.0210705417096615));
#9085=CARTESIAN_POINT('',(-0.0410600937902927,0.0589769016079484,0.0210705417096615));
#9086=CARTESIAN_POINT('',(-0.0410600937902927,0.0591770509831248,0.0210705417096615));
#9087=CARTESIAN_POINT('',(-0.0410600937902928,0.0591770509831249,0.0210705417096615));
#9088=CARTESIAN_POINT('',(-0.0410600937902928,0.06,0.0210705417096615));
#9089=CARTESIAN_POINT('',(-0.0410597002983937,0.0595000101140333,0.0210705417096615));
#9090=CARTESIAN_POINT('',(-0.0415732844752949,0.0594868093149978,0.0210705417096615));
#9091=CARTESIAN_POINT('',(-0.0415600836762594,0.060000393491899,0.0210705417096615));
#9092=CARTESIAN_POINT('',(-0.0435600937902927,0.06,0.0210705417096615));
#9093=CARTESIAN_POINT('',(-0.045560103904326,0.060000393491899,0.0210705417096615));
#9094=CARTESIAN_POINT('',(-0.0455469031052905,0.0594868093149978,0.0210705417096615));
#9095=CARTESIAN_POINT('',(-0.0460600937902928,0.0591770509831249,0.0210705417096615));
#9096=CARTESIAN_POINT('',(-0.0460600937902928,0.058979686050178,0.0210705417096615));
#9097=CARTESIAN_POINT('',(-0.0458947570510972,0.058755079095139,0.0210705417096615));
#9098=CARTESIAN_POINT('',(-0.0457029509331499,0.0586978935593749,0.0210705417096615));
#9099=CARTESIAN_POINT('',(-0.0457029509331499,0.0586978935593749,0.0210705417096615));
#9100=CARTESIAN_POINT('',(-0.0460600937902927,0.0575,0.0210705417096615));
#9101=CARTESIAN_POINT('',(-0.0457029509331499,0.0563021064406251,0.0210705417096615));
#9102=CARTESIAN_POINT('',(-0.0457029509331499,0.0563021064406251,0.0210705417096615));
#9103=CARTESIAN_POINT('',(-0.0458920886787686,0.0562457164597832,0.0210705417096615));
#9104=CARTESIAN_POINT('',(-0.0460600937902928,0.0560230983920495,0.0210705417096615));
#9105=CARTESIAN_POINT('',(-0.0460600937902928,0.0558229490168752,0.0210705417096615));
#9106=CARTESIAN_POINT('',(-0.0465732844752949,0.0555131906850021,0.0210705417096615));
#9107=CARTESIAN_POINT('',(-0.0405469031052694,0.0555131906850233,0.0210705417096615));
#9108=CARTESIAN_POINT('',(-0.0410600937902928,0.06,0.0150705417096615));
#9109=CARTESIAN_POINT('',(-0.0410600937902928,0.0591770509831249,0.0210705417096615));
#9110=CARTESIAN_POINT('',(-0.0410600937902928,0.0591770509831248,0.0170705417096615));
#9111=CARTESIAN_POINT('',(-0.0410600937902928,0.0591770509831248,0.0130705417096615));
#9112=CARTESIAN_POINT('',(-0.0410600937902928,0.0591770509831248,0.0090705417096615));
#9113=CARTESIAN_POINT('',(-0.0410600937902928,0.0591770509831248,0.00907054170966148));
#9114=CARTESIAN_POINT('',(-0.0410600937902928,0.06,0.00907054170966148));
#9115=CARTESIAN_POINT('',(-0.0410597002983937,0.0595000101140333,0.00907054195966149));
#9116=CARTESIAN_POINT('',(-0.0410600937902928,0.0595,0.00907054195966149));
#9117=CARTESIAN_POINT('',(-0.0410600937902928,0.0595,0.0130705418763282));
#9118=CARTESIAN_POINT('',(-0.0410600937902928,0.0595,0.0170705417929948));
#9119=CARTESIAN_POINT('',(-0.0410600937902928,0.0595,0.0210705417096615));
#9120=CARTESIAN_POINT('',(-0.0435600937902927,0.06,0.00907054170966148));
#9121=CARTESIAN_POINT('',(-0.0410600937902928,0.0575,0.00907054170966148));
#9122=CARTESIAN_POINT('',(-0.0414172366474356,0.0563021064406251,0.00907054170966148));
#9123=CARTESIAN_POINT('',(-0.0414172366474356,0.0586978935593749,0.00907054170966148));
#9124=CARTESIAN_POINT('',(-0.0414172366474356,0.0563021064406251,0.00907054170966148));
#9125=CARTESIAN_POINT('',(-0.0412280989018177,0.0562457164597834,0.00907054170966148));
#9126=CARTESIAN_POINT('',(-0.0410600937902927,0.0560230983920504,0.00907054170966148));
#9127=CARTESIAN_POINT('',(-0.0410600937902927,0.0558229490168752,0.00907054170966148));
#9128=CARTESIAN_POINT('',(-0.0405469031052694,0.0555131906850233,0.00907054170966148));
#9129=CARTESIAN_POINT('',(-0.0465732844752949,0.0555131906850021,0.00907054170966148));
#9130=CARTESIAN_POINT('',(-0.0460600937902928,0.0558229490168752,0.00907054170966148));
#9131=CARTESIAN_POINT('',(-0.0460600937902928,0.0560203139498203,0.00907054170966148));
#9132=CARTESIAN_POINT('',(-0.0458947570510988,0.0562449209048606,0.00907054170966148));
#9133=CARTESIAN_POINT('',(-0.0457029509331499,0.0563021064406251,0.00907054170966148));
#9134=CARTESIAN_POINT('',(-0.0457029509331499,0.0563021064406251,0.00907054170966148));
#9135=CARTESIAN_POINT('',(-0.0460600937902927,0.0575,0.00907054170966148));
#9136=CARTESIAN_POINT('',(-0.0457029509331499,0.0586978935593749,0.00907054170966148));
#9137=CARTESIAN_POINT('',(-0.0457029509331499,0.0586978935593749,0.00907054170966148));
#9138=CARTESIAN_POINT('',(-0.0458920886787676,0.0587542835402165,0.00907054170966148));
#9139=CARTESIAN_POINT('',(-0.0460600937902928,0.0589769016079495,0.00907054170966148));
#9140=CARTESIAN_POINT('',(-0.0460600937902928,0.0591770509831248,0.00907054170966148));
#9141=CARTESIAN_POINT('',(-0.0455469031052905,0.0594868093149978,0.00907054170966148));
#9142=CARTESIAN_POINT('',(-0.045560103904326,0.060000393491899,0.00907054195966148));
#9143=CARTESIAN_POINT('',(-0.0435600937902927,0.06,0.00907054170966148));
#9144=CARTESIAN_POINT('',(-0.0415600836762594,0.060000393491899,0.00907054170966148));
#9145=CARTESIAN_POINT('',(-0.0415732844752949,0.0594868093149978,0.00907054170966148));
#9146=CARTESIAN_POINT('',(-0.0410600937902927,0.0591770509831248,0.00907054170966148));
#9147=CARTESIAN_POINT('',(-0.0410600937902927,0.0589796860501789,0.00907054170966148));
#9148=CARTESIAN_POINT('',(-0.0412254305294874,0.0587550790951392,0.00907054170966148));
#9149=CARTESIAN_POINT('',(-0.0414172366474356,0.0586978935593749,0.00907054170966148));
#9150=CARTESIAN_POINT('',(0.,0.06,0.015));
#9151=CARTESIAN_POINT('',(-0.0415600937902928,0.06,0.0210705417096615));
#9152=CARTESIAN_POINT('',(-0.0415600937902928,0.06,0.0170705417096615));
#9153=CARTESIAN_POINT('',(-0.0415600937902928,0.06,0.0130705417096615));
#9154=CARTESIAN_POINT('',(-0.0415600937902928,0.06,0.00907054170966148));
#9155=CARTESIAN_POINT('',(-0.0455600937902927,0.06,0.00907054195966149));
#9156=CARTESIAN_POINT('',(-0.0455600937902927,0.06,0.0130705418763282));
#9157=CARTESIAN_POINT('',(-0.0455600937902927,0.06,0.0170705417929948));
#9158=CARTESIAN_POINT('',(-0.0455600937902927,0.06,0.0210705417096615));
#9159=CARTESIAN_POINT('',(0.0435600937902927,0.06,0.0210705417096615));
#9160=CARTESIAN_POINT('',(0.0410600937902928,0.0575,0.0210705417096615));
#9161=CARTESIAN_POINT('',(0.0414172366474356,0.0563021064406251,0.0210705417096615));
#9162=CARTESIAN_POINT('',(0.0414172366474356,0.0586978935593749,0.0210705417096615));
#9163=CARTESIAN_POINT('',(0.0414172366474356,0.0563021064406251,0.0210705417096615));
#9164=CARTESIAN_POINT('',(0.0412280989018189,0.0562457164597838,0.0210705417096615));
#9165=CARTESIAN_POINT('',(0.0410600937902927,0.0560230983920516,0.0210705417096615));
#9166=CARTESIAN_POINT('',(0.0410600937902927,0.0558229490168752,0.0210705417096615));
#9167=CARTESIAN_POINT('',(0.0410600937902928,0.0558229490168752,0.0210705417096615));
#9168=CARTESIAN_POINT('',(0.0410600937902928,0.06,0.0210705417096615));
#9169=CARTESIAN_POINT('',(0.0410604872821918,0.0554999898859667,0.0210705417096615));
#9170=CARTESIAN_POINT('',(0.0405469031052906,0.0555131906850022,0.0210705417096615));
#9171=CARTESIAN_POINT('',(0.0465732844752949,0.0555131906850022,0.0210705417096615));
#9172=CARTESIAN_POINT('',(0.0460597002983937,0.0554999898859667,0.0210705417096615));
#9173=CARTESIAN_POINT('',(0.0460600937902927,0.06,0.0210705417096615));
#9174=CARTESIAN_POINT('',(0.0460600937902927,0.0558229490168752,0.0210705417096615));
#9175=CARTESIAN_POINT('',(0.0460600937902928,0.0558229490168752,0.0210705417096615));
#9176=CARTESIAN_POINT('',(0.0460600937902928,0.0560203139498205,0.0210705417096615));
#9177=CARTESIAN_POINT('',(0.0458947570510987,0.0562449209048606,0.0210705417096615));
#9178=CARTESIAN_POINT('',(0.0457029509331499,0.0563021064406251,0.0210705417096615));
#9179=CARTESIAN_POINT('',(0.0457029509331499,0.0563021064406251,0.0210705417096615));
#9180=CARTESIAN_POINT('',(0.0460600937902927,0.0575,0.0210705417096615));
#9181=CARTESIAN_POINT('',(0.0457029509331499,0.0586978935593749,0.0210705417096615));
#9182=CARTESIAN_POINT('',(0.0457029509331499,0.0586978935593749,0.0210705417096615));
#9183=CARTESIAN_POINT('',(0.0458920886787682,0.0587542835402167,0.0210705417096615));
#9184=CARTESIAN_POINT('',(0.0460600937902928,0.0589769016079501,0.0210705417096615));
#9185=CARTESIAN_POINT('',(0.0460600937902928,0.0591770509831248,0.0210705417096615));
#9186=CARTESIAN_POINT('',(0.0455469031052905,0.0594868093149978,0.0210705417096615));
#9187=CARTESIAN_POINT('',(0.045560103904326,0.060000393491899,0.0210705417096615));
#9188=CARTESIAN_POINT('',(0.0435600937902927,0.06,0.0210705417096615));
#9189=CARTESIAN_POINT('',(0.0415600836762594,0.060000393491899,0.0210705417096615));
#9190=CARTESIAN_POINT('',(0.0415732844752949,0.0594868093149978,0.0210705417096615));
#9191=CARTESIAN_POINT('',(0.0410600937902927,0.0591770509831249,0.0210705417096615));
#9192=CARTESIAN_POINT('',(0.0410600937902927,0.0589796860501808,0.0210705417096615));
#9193=CARTESIAN_POINT('',(0.0412254305294857,0.0587550790951398,0.0210705417096615));
#9194=CARTESIAN_POINT('',(0.0414172366474356,0.0586978935593749,0.0210705417096615));
#9195=CARTESIAN_POINT('',(0.0460600937902927,0.06,0.0150705417096615));
#9196=CARTESIAN_POINT('',(0.0460600937902927,0.0558229490168752,0.0090705417096615));
#9197=CARTESIAN_POINT('',(0.0460600937902927,0.0558229490168752,0.0130705417096615));
#9198=CARTESIAN_POINT('',(0.0460600937902927,0.0558229490168752,0.0170705417096615));
#9199=CARTESIAN_POINT('',(0.0460600937902927,0.0558229490168752,0.0210705417096615));
#9200=CARTESIAN_POINT('',(0.0460600937902927,0.0555,0.0210705417096615));
#9201=CARTESIAN_POINT('',(0.0460600937902927,0.0555,0.0170705417096615));
#9202=CARTESIAN_POINT('',(0.0460600937902927,0.0555,0.0130705417096615));
#9203=CARTESIAN_POINT('',(0.0460600937902927,0.0555,0.0090705417096615));
#9204=CARTESIAN_POINT('',(0.0410600937902928,0.06,0.0150705417096615));
#9205=CARTESIAN_POINT('',(0.0410600937902928,0.0558229490168752,0.0210705417096615));
#9206=CARTESIAN_POINT('',(0.0410600937902928,0.0558229490168752,0.0170705417096615));
#9207=CARTESIAN_POINT('',(0.0410600937902928,0.0558229490168752,0.0130705417096615));
#9208=CARTESIAN_POINT('',(0.0410600937902928,0.0558229490168752,0.0090705417096615));
#9209=CARTESIAN_POINT('',(0.0410600937902928,0.0555,0.00907054195966149));
#9210=CARTESIAN_POINT('',(0.0410600937902928,0.0555,0.0130705418763282));
#9211=CARTESIAN_POINT('',(0.0410600937902928,0.0555,0.0170705417929948));
#9212=CARTESIAN_POINT('',(0.0410600937902928,0.0555,0.0210705417096615));
#9213=CARTESIAN_POINT('',(0.,0.06,0.015));
#9214=CARTESIAN_POINT('',(0.0415600937902928,0.06,0.00907054195966149));
#9215=CARTESIAN_POINT('',(0.0415600937902928,0.06,0.0130705418763282));
#9216=CARTESIAN_POINT('',(0.0415600937902928,0.06,0.0170705417929948));
#9217=CARTESIAN_POINT('',(0.0415600937902928,0.06,0.0210705417096615));
#9218=CARTESIAN_POINT('',(0.0455600937902927,0.06,0.0210705417096615));
#9219=CARTESIAN_POINT('',(0.0455600937902927,0.06,0.0170705417096615));
#9220=CARTESIAN_POINT('',(0.0455600937902927,0.06,0.0130705417096615));
#9221=CARTESIAN_POINT('',(0.0455600937902927,0.06,0.00907054170966148));
#9222=CARTESIAN_POINT('',(0.0410600937902928,0.0575,0.0340705417096615));
#9223=CARTESIAN_POINT('',(0.0414172366474356,0.0563021064406251,0.0090705417096615));
#9224=CARTESIAN_POINT('',(0.0414172366474356,0.0563021064406251,0.0130705417096615));
#9225=CARTESIAN_POINT('',(0.0414172366474356,0.0563021064406251,0.0170705417096615));
#9226=CARTESIAN_POINT('',(0.0414172366474356,0.0563021064406251,0.0210705417096615));
#9227=CARTESIAN_POINT('',(0.0414172366474356,0.0586978935593749,0.0210705417096615));
#9228=CARTESIAN_POINT('',(0.0414172366474356,0.0586978935593749,0.0170705417096615));
#9229=CARTESIAN_POINT('',(0.0414172366474356,0.0586978935593749,0.0130705417096615));
#9230=CARTESIAN_POINT('',(0.0414172366474356,0.0586978935593749,0.0090705417096615));
#9231=CARTESIAN_POINT('',(0.0460600937902927,0.0575,0.0340705417096615));
#9232=CARTESIAN_POINT('',(0.0457029509331498,0.0563021064406251,0.0210705417096615));
#9233=CARTESIAN_POINT('',(0.0457029509331498,0.0563021064406251,0.0170705417096615));
#9234=CARTESIAN_POINT('',(0.0457029509331498,0.0563021064406251,0.0130705417096615));
#9235=CARTESIAN_POINT('',(0.0457029509331498,0.0563021064406251,0.0090705417096615));
#9236=CARTESIAN_POINT('',(0.0457029509331498,0.0586978935593749,0.0090705417096615));
#9237=CARTESIAN_POINT('',(0.0457029509331498,0.0586978935593749,0.0130705417096615));
#9238=CARTESIAN_POINT('',(0.0457029509331498,0.0586978935593749,0.0170705417096615));
#9239=CARTESIAN_POINT('',(0.0457029509331498,0.0586978935593749,0.0210705417096615));
#9240=CARTESIAN_POINT('',(-0.0460600937902927,0.0575,0.0340705417096615));
#9241=CARTESIAN_POINT('',(-0.0457029509331498,0.0563021064406251,0.0090705417096615));
#9242=CARTESIAN_POINT('',(-0.0457029509331498,0.0563021064406251,0.0130705417096615));
#9243=CARTESIAN_POINT('',(-0.0457029509331498,0.0563021064406251,0.0170705417096615));
#9244=CARTESIAN_POINT('',(-0.0457029509331498,0.0563021064406251,0.0210705417096615));
#9245=CARTESIAN_POINT('',(-0.0457029509331498,0.0586978935593749,0.0210705417096615));
#9246=CARTESIAN_POINT('',(-0.0457029509331498,0.0586978935593749,0.0170705417096615));
#9247=CARTESIAN_POINT('',(-0.0457029509331498,0.0586978935593749,0.0130705417096615));
#9248=CARTESIAN_POINT('',(-0.0457029509331498,0.0586978935593749,0.0090705417096615));
#9249=CARTESIAN_POINT('',(-0.0410600937902928,0.0575,0.0340705417096615));
#9250=CARTESIAN_POINT('',(-0.0414172366474356,0.0563021064406251,0.0210705417096615));
#9251=CARTESIAN_POINT('',(-0.0414172366474356,0.0563021064406251,0.0170705417096615));
#9252=CARTESIAN_POINT('',(-0.0414172366474356,0.0563021064406251,0.0130705417096615));
#9253=CARTESIAN_POINT('',(-0.0414172366474356,0.0563021064406251,0.0090705417096615));
#9254=CARTESIAN_POINT('',(-0.0414172366474356,0.0586978935593749,0.0090705417096615));
#9255=CARTESIAN_POINT('',(-0.0414172366474356,0.0586978935593749,0.0130705417096615));
#9256=CARTESIAN_POINT('',(-0.0414172366474356,0.0586978935593749,0.0170705417096615));
#9257=CARTESIAN_POINT('',(-0.0414172366474356,0.0586978935593749,0.0210705417096615));
#9258=CARTESIAN_POINT('',(0.0410600937902927,0.0558229490168751,0.0210705417096615));
#9259=CARTESIAN_POINT('',(0.0410600937902927,0.0558229490168752,0.00907054170966148));
#9260=CARTESIAN_POINT('',(0.0410600937902927,0.0559057663493751,0.0210705417096615));
#9261=CARTESIAN_POINT('',(0.0410600937902927,0.0559057663493751,0.00907054170966148));
#9262=CARTESIAN_POINT('',(0.0411354906156895,0.0561394295375,0.0210705417096615));
#9263=CARTESIAN_POINT('',(0.0411354906156895,0.0561394295375,0.0090705417096615));
#9264=CARTESIAN_POINT('',(0.0413378715680705,0.0562784443456251,0.0210705417096615));
#9265=CARTESIAN_POINT('',(0.0413378715680705,0.0562784443456251,0.00907054170966151));
#9266=CARTESIAN_POINT('',(0.0414172366474356,0.0563021064406251,0.0210705417096615));
#9267=CARTESIAN_POINT('',(0.0414172366474356,0.0563021064406251,0.00907054170966149));
#9268=CARTESIAN_POINT('',(0.0414172366474356,0.0586978935593749,0.0210705417096615));
#9269=CARTESIAN_POINT('',(0.0414172366474356,0.0586978935593749,0.00907054170966148));
#9270=CARTESIAN_POINT('',(0.0413378715680705,0.0587215556543748,0.0210705417096615));
#9271=CARTESIAN_POINT('',(0.0413378715680705,0.0587215556543748,0.00907054170966147));
#9272=CARTESIAN_POINT('',(0.0411354906156895,0.0588605704624997,0.0210705417096615));
#9273=CARTESIAN_POINT('',(0.0411354906156895,0.0588605704624997,0.00907054170966148));
#9274=CARTESIAN_POINT('',(0.0410600937902928,0.0590942336506248,0.0210705417096615));
#9275=CARTESIAN_POINT('',(0.0410600937902928,0.0590942336506248,0.00907054170966149));
#9276=CARTESIAN_POINT('',(0.0410600937902928,0.0591770509831249,0.0210705417096615));
#9277=CARTESIAN_POINT('',(0.0410600937902928,0.0591770509831249,0.00907054170966149));
#9278=CARTESIAN_POINT('',(0.0457029509331498,0.0563021064406251,0.0210705417096615));
#9279=CARTESIAN_POINT('',(0.0457029509331498,0.0563021064406251,0.00907054170966148));
#9280=CARTESIAN_POINT('',(0.045782316012515,0.0562784443456251,0.0210705417096615));
#9281=CARTESIAN_POINT('',(0.045782316012515,0.0562784443456251,0.00907054170966148));
#9282=CARTESIAN_POINT('',(0.0459846969648959,0.0561394295375,0.0210705417096615));
#9283=CARTESIAN_POINT('',(0.0459846969648959,0.0561394295375,0.00907054170966147));
#9284=CARTESIAN_POINT('',(0.0460600937902927,0.0559057663493751,0.0210705417096615));
#9285=CARTESIAN_POINT('',(0.0460600937902927,0.0559057663493751,0.00907054170966147));
#9286=CARTESIAN_POINT('',(0.0460600937902927,0.0558229490168751,0.0210705417096615));
#9287=CARTESIAN_POINT('',(0.0460600937902927,0.0558229490168751,0.00907054170966147));
#9288=CARTESIAN_POINT('',(0.0460600937902927,0.0591770509831249,0.0210705417096615));
#9289=CARTESIAN_POINT('',(0.0460600937902927,0.0591770509831248,0.00907054170966148));
#9290=CARTESIAN_POINT('',(0.0460600937902928,0.0590942336506249,0.0210705417096615));
#9291=CARTESIAN_POINT('',(0.0460600937902928,0.0590942336506249,0.00907054170966151));
#9292=CARTESIAN_POINT('',(0.0459846969648959,0.0588605704624999,0.0210705417096615));
#9293=CARTESIAN_POINT('',(0.0459846969648959,0.0588605704624998,0.0090705417096615));
#9294=CARTESIAN_POINT('',(0.0457823160125148,0.0587215556543748,0.0210705417096615));
#9295=CARTESIAN_POINT('',(0.0457823160125148,0.0587215556543748,0.00907054170966147));
#9296=CARTESIAN_POINT('',(0.0457029509331498,0.0586978935593749,0.0210705417096615));
#9297=CARTESIAN_POINT('',(0.0457029509331498,0.0586978935593749,0.00907054170966149));
#9298=CARTESIAN_POINT('',(-0.0414172366474356,0.0563021064406251,0.0210705417096615));
#9299=CARTESIAN_POINT('',(-0.0414172366474356,0.0563021064406251,0.00907054170966148));
#9300=CARTESIAN_POINT('',(-0.0413378715680706,0.0562784443456251,0.0210705417096615));
#9301=CARTESIAN_POINT('',(-0.0413378715680706,0.0562784443456251,0.00907054170966151));
#9302=CARTESIAN_POINT('',(-0.0411354906156895,0.0561394295375002,0.0210705417096615));
#9303=CARTESIAN_POINT('',(-0.0411354906156895,0.0561394295375002,0.00907054170966153));
#9304=CARTESIAN_POINT('',(-0.0410600937902927,0.0559057663493751,0.0210705417096615));
#9305=CARTESIAN_POINT('',(-0.0410600937902927,0.0559057663493751,0.00907054170966147));
#9306=CARTESIAN_POINT('',(-0.0410600937902928,0.0558229490168751,0.0210705417096615));
#9307=CARTESIAN_POINT('',(-0.0410600937902928,0.0558229490168751,0.00907054170966148));
#9308=CARTESIAN_POINT('',(-0.0410600937902928,0.0591770509831249,0.0210705417096615));
#9309=CARTESIAN_POINT('',(-0.0410600937902928,0.0591770509831249,0.00907054170966148));
#9310=CARTESIAN_POINT('',(-0.0410600937902928,0.0590942336506249,0.0210705417096615));
#9311=CARTESIAN_POINT('',(-0.0410600937902928,0.0590942336506249,0.00907054170966148));
#9312=CARTESIAN_POINT('',(-0.0411354906156895,0.0588605704624997,0.0210705417096615));
#9313=CARTESIAN_POINT('',(-0.0411354906156895,0.0588605704624997,0.00907054170966147));
#9314=CARTESIAN_POINT('',(-0.0413378715680705,0.0587215556543748,0.0210705417096615));
#9315=CARTESIAN_POINT('',(-0.0413378715680705,0.0587215556543748,0.00907054170966146));
#9316=CARTESIAN_POINT('',(-0.0414172366474356,0.0586978935593749,0.0210705417096615));
#9317=CARTESIAN_POINT('',(-0.0414172366474356,0.0586978935593749,0.00907054170966147));
#9318=CARTESIAN_POINT('',(-0.0460600937902927,0.0558229490168752,0.0210705417096615));
#9319=CARTESIAN_POINT('',(-0.0460600937902927,0.0558229490168752,0.00907054170966148));
#9320=CARTESIAN_POINT('',(-0.0460600937902927,0.0559057663493751,0.0210705417096615));
#9321=CARTESIAN_POINT('',(-0.0460600937902927,0.0559057663493751,0.00907054170966147));
#9322=CARTESIAN_POINT('',(-0.0459846969648958,0.0561394295375,0.0210705417096615));
#9323=CARTESIAN_POINT('',(-0.0459846969648958,0.0561394295375,0.00907054170966148));
#9324=CARTESIAN_POINT('',(-0.0457823160125149,0.0562784443456251,0.0210705417096615));
#9325=CARTESIAN_POINT('',(-0.0457823160125149,0.0562784443456252,0.00907054170966149));
#9326=CARTESIAN_POINT('',(-0.0457029509331498,0.0563021064406251,0.0210705417096615));
#9327=CARTESIAN_POINT('',(-0.0457029509331498,0.0563021064406251,0.00907054170966148));
#9328=CARTESIAN_POINT('',(-0.0457029509331498,0.0586978935593749,0.0210705417096615));
#9329=CARTESIAN_POINT('',(-0.0457029509331498,0.0586978935593749,0.00907054170966148));
#9330=CARTESIAN_POINT('',(-0.045782316012515,0.0587215556543749,0.0210705417096615));
#9331=CARTESIAN_POINT('',(-0.045782316012515,0.0587215556543749,0.00907054170966149));
#9332=CARTESIAN_POINT('',(-0.045984696964896,0.0588605704624999,0.0210705417096615));
#9333=CARTESIAN_POINT('',(-0.045984696964896,0.0588605704624999,0.00907054170966148));
#9334=CARTESIAN_POINT('',(-0.0460600937902927,0.0590942336506249,0.0210705417096615));
#9335=CARTESIAN_POINT('',(-0.0460600937902927,0.0590942336506249,0.00907054170966148));
#9336=CARTESIAN_POINT('',(-0.0460600937902927,0.0591770509831248,0.0210705417096615));
#9337=CARTESIAN_POINT('',(-0.0460600937902927,0.0591770509831248,0.00907054170966148));
#9338=CARTESIAN_POINT('',(-0.0405469031052694,0.0555131906850233,0.0150705417096615));
#9339=CARTESIAN_POINT('',(-0.0465732844752949,0.0555131906850021,0.0150705417096615));
#9340=CARTESIAN_POINT('',(0.0405469031052906,0.0555131906850022,0.0150705417096615));
#9341=CARTESIAN_POINT('',(0.0465732844752949,0.0555131906850022,0.0150705417096615));
#9342=CARTESIAN_POINT('',(-0.0415732844752949,0.0594868093149978,0.0150705417096615));
#9343=CARTESIAN_POINT('',(-0.0455469031052905,0.0594868093149978,0.0150705417096615));
#9344=CARTESIAN_POINT('',(0.0415732844752949,0.0594868093149978,0.0150705417096615));
#9345=CARTESIAN_POINT('',(0.0455469031052905,0.0594868093149978,0.0150705417096615));
#9346=CARTESIAN_POINT('',(-0.029852548961256,0.057,0.0134070341388384));
#9347=CARTESIAN_POINT('',(-0.029852548961256,0.055,0.0134070341388384));
#9348=CARTESIAN_POINT('',(-0.0280563241357907,0.055,0.0134070744031333));
#9349=CARTESIAN_POINT('',(-0.0316487729428416,0.055,0.013407011456243));
#9350=CARTESIAN_POINT('',(-0.0280563250029227,0.057,0.0134070341388384));
#9351=CARTESIAN_POINT('',(-0.0280563241357907,0.057,0.0134070744031333));
#9352=CARTESIAN_POINT('',(-0.029852548961256,0.057,0.0134070341388384));
#9353=CARTESIAN_POINT('',(-0.0316487729428416,0.05699999975,0.013407011456243));
#9354=CARTESIAN_POINT('',(-0.0316487729195893,0.057,0.0134070341388384));
#9355=CARTESIAN_POINT('',(-0.0280542938488457,0.057,0.0135013484885417));
#9356=CARTESIAN_POINT('',(-0.0280542938488457,0.055,0.0135013484885417));
#9357=CARTESIAN_POINT('',(-0.0279861359878271,0.055,0.0134362436686911));
#9358=CARTESIAN_POINT('',(-0.0279861359878271,0.057,0.0134362436686911));
#9359=CARTESIAN_POINT('',(-0.0279861359878271,0.057,0.0134362436686911));
#9360=CARTESIAN_POINT('',(-0.0280542938488457,0.057,0.0135013484885417));
#9361=CARTESIAN_POINT('',(-0.0280549379009738,0.057,0.0135053492140336));
#9362=CARTESIAN_POINT('',(-0.0280549379009738,0.055,0.0135053492140336));
#9363=CARTESIAN_POINT('',(-0.027957404205531,0.055,0.0135072938071265));
#9364=CARTESIAN_POINT('',(-0.0279573666695894,0.057,0.0135072945555051));
#9365=CARTESIAN_POINT('',(-0.027957404205531,0.05699999975,0.0135072938071265));
#9366=CARTESIAN_POINT('',(-0.0280549379009738,0.057,0.0135053492140336));
#9367=CARTESIAN_POINT('',(-0.0279573666695894,0.057,0.0152989612221718));
#9368=CARTESIAN_POINT('',(-0.0279573666695894,0.055,0.0152989612221718));
#9369=CARTESIAN_POINT('',(-0.027957404205531,0.055,0.0170906286372171));
#9370=CARTESIAN_POINT('',(-0.0279573666695894,0.057,0.0170906278888385));
#9371=CARTESIAN_POINT('',(-0.027957404205531,0.057,0.0170906286372171));
#9372=CARTESIAN_POINT('',(-0.0279573666695894,0.057,0.0152989612221718));
#9373=CARTESIAN_POINT('',(-0.0280549379009755,0.057,0.0170925732303092));
#9374=CARTESIAN_POINT('',(-0.0280549379009755,0.055,0.0170925732303092));
#9375=CARTESIAN_POINT('',(-0.0279861359878255,0.055,0.017161678775651));
#9376=CARTESIAN_POINT('',(-0.0279861359878255,0.057,0.017161678775651));
#9377=CARTESIAN_POINT('',(-0.0279861359878255,0.057,0.017161678775651));
#9378=CARTESIAN_POINT('',(-0.0280549379009755,0.057,0.0170925732303092));
#9379=CARTESIAN_POINT('',(-0.0280542938488467,0.057,0.0170965739557996));
#9380=CARTESIAN_POINT('',(-0.0280542938488467,0.055,0.0170965739557996));
#9381=CARTESIAN_POINT('',(-0.0280563241357907,0.055,0.0171908480412103));
#9382=CARTESIAN_POINT('',(-0.0280563250029227,0.057,0.0171908883055051));
#9383=CARTESIAN_POINT('',(-0.0280563241357907,0.05699999975,0.0171908480412103));
#9384=CARTESIAN_POINT('',(-0.0280542938488467,0.057,0.0170965739557996));
#9385=CARTESIAN_POINT('',(-0.029852548961256,0.057,0.0171908883055051));
#9386=CARTESIAN_POINT('',(-0.029852548961256,0.055,0.0171908883055051));
#9387=CARTESIAN_POINT('',(-0.0316487729428416,0.055,0.0171909109881005));
#9388=CARTESIAN_POINT('',(-0.0316487729195893,0.057,0.0171908883055051));
#9389=CARTESIAN_POINT('',(-0.0316487729428416,0.057,0.0171909109881005));
#9390=CARTESIAN_POINT('',(-0.029852548961256,0.057,0.0171908883055051));
#9391=CARTESIAN_POINT('',(-0.0316486602052496,0.057,0.0170809352272649));
#9392=CARTESIAN_POINT('',(-0.0316486602052496,0.055,0.0170809352272649));
#9393=CARTESIAN_POINT('',(-0.0317235852450808,0.055,0.0171615267394551));
#9394=CARTESIAN_POINT('',(-0.031723642711256,0.057,0.0171615914305051));
#9395=CARTESIAN_POINT('',(-0.0317235852450808,0.057,0.0171615267394551));
#9396=CARTESIAN_POINT('',(-0.0316486602052496,0.057,0.0170809352272649));
#9397=CARTESIAN_POINT('',(-0.0316658434888056,0.057,0.0170910296545264));
#9398=CARTESIAN_POINT('',(-0.0316658434888056,0.055,0.0170910296545264));
#9399=CARTESIAN_POINT('',(-0.0317568643804508,0.055,0.0170906278069678));
#9400=CARTESIAN_POINT('',(-0.031756845836256,0.057,0.0170906278888385));
#9401=CARTESIAN_POINT('',(-0.0317568643804508,0.05699999975,0.0170906278069678));
#9402=CARTESIAN_POINT('',(-0.0316658434888056,0.057,0.0170910296545264));
#9403=CARTESIAN_POINT('',(-0.031756845836256,0.057,0.0152989612221718));
#9404=CARTESIAN_POINT('',(-0.031756845836256,0.055,0.0152989612221718));
#9405=CARTESIAN_POINT('',(-0.0317568643804508,0.055,0.0135072946373758));
#9406=CARTESIAN_POINT('',(-0.031756845836256,0.057,0.0135072945555051));
#9407=CARTESIAN_POINT('',(-0.0317568643804508,0.057,0.0135072946373758));
#9408=CARTESIAN_POINT('',(-0.031756845836256,0.057,0.0152989612221718));
#9409=CARTESIAN_POINT('',(-0.0316658434888055,0.057,0.0135068927898172));
#9410=CARTESIAN_POINT('',(-0.0316658434888055,0.055,0.0135068927898172));
#9411=CARTESIAN_POINT('',(-0.0317235883102994,0.055,0.0134363977710579));
#9412=CARTESIAN_POINT('',(-0.031723642711256,0.057,0.0134363310138384));
#9413=CARTESIAN_POINT('',(-0.0317235883102994,0.057,0.0134363977710579));
#9414=CARTESIAN_POINT('',(-0.0316658434888055,0.057,0.0135068927898172));
#9415=CARTESIAN_POINT('',(-0.0268649187529227,0.057,0.0152989612221718));
#9416=CARTESIAN_POINT('',(-0.0268649187529227,0.057,0.0122989612221718));
#9417=CARTESIAN_POINT('',(-0.0268649187529227,0.057,0.0122989612221718));
#9418=CARTESIAN_POINT('',(-0.0268649187529227,0.057,0.0152989612221718));
#9419=CARTESIAN_POINT('',(-0.0268649187529227,0.057,0.0182989612221718));
#9420=CARTESIAN_POINT('',(-0.0268649187529227,0.057,0.0182989612221718));
#9421=CARTESIAN_POINT('',(-0.0292815854195894,0.057,0.0122989612221718));
#9422=CARTESIAN_POINT('',(-0.031698252086256,0.057,0.0122989612221718));
#9423=CARTESIAN_POINT('',(-0.0316982531956555,0.057,0.0122990953449162));
#9424=CARTESIAN_POINT('',(-0.0292815854195894,0.057,0.0122989612221718));
#9425=CARTESIAN_POINT('',(-0.0317075358047714,0.0570000000000001,0.0134213321669385));
#9426=CARTESIAN_POINT('',(-0.0322815854195894,0.057,0.0124571643471718));
#9427=CARTESIAN_POINT('',(-0.0322815455143684,0.057,0.0124572328419884));
#9428=CARTESIAN_POINT('',(-0.0317075358047714,0.057,0.0134213321669385));
#9429=CARTESIAN_POINT('',(-0.0316729261951518,0.0570000000000001,0.0134980600617832));
#9430=CARTESIAN_POINT('',(-0.0327067156279227,0.057,0.0128777372638384));
#9431=CARTESIAN_POINT('',(-0.0327067735491838,0.057,0.0128777023759059));
#9432=CARTESIAN_POINT('',(-0.0316729261951518,0.057,0.0134980600617832));
#9433=CARTESIAN_POINT('',(-0.0317637701623873,0.0570000000000001,0.0134454827559102));
#9434=CARTESIAN_POINT('',(-0.0328649187529227,0.057,0.0134578153888384));
#9435=CARTESIAN_POINT('',(-0.0328647192472462,0.05699999975,0.0134578131544168));
#9436=CARTESIAN_POINT('',(-0.0317637701623873,0.057,0.0134454827559102));
#9437=CARTESIAN_POINT('',(-0.0328649187529227,0.057,0.0152989612221718));
#9438=CARTESIAN_POINT('',(-0.0328649187529227,0.057,0.0171401070555051));
#9439=CARTESIAN_POINT('',(-0.0328647192472463,0.057,0.0171401092899268));
#9440=CARTESIAN_POINT('',(-0.0328649187529227,0.057,0.0152989612221718));
#9441=CARTESIAN_POINT('',(-0.0317637701623843,0.0570000000000001,0.0171524396884324));
#9442=CARTESIAN_POINT('',(-0.0327067156279227,0.057,0.0177201851805051));
#9443=CARTESIAN_POINT('',(-0.0327067735229919,0.057,0.0177202201120987));
#9444=CARTESIAN_POINT('',(-0.0317637701623843,0.057,0.0171524396884324));
#9445=CARTESIAN_POINT('',(-0.031672926195152,0.0570000000000001,0.0170998623825607));
#9446=CARTESIAN_POINT('',(-0.0322815854195894,0.057,0.0181407580971718));
#9447=CARTESIAN_POINT('',(-0.0322815457829808,0.057,0.0181406894420397));
#9448=CARTESIAN_POINT('',(-0.031672926195152,0.057,0.0170998623825607));
#9449=CARTESIAN_POINT('',(-0.0317075358047714,0.0570000000000001,0.017176590277405));
#9450=CARTESIAN_POINT('',(-0.031698252086256,0.057,0.0182989612221718));
#9451=CARTESIAN_POINT('',(-0.0316982531956555,0.05699999975,0.0182988270994273));
#9452=CARTESIAN_POINT('',(-0.0317075358047714,0.057,0.017176590277405));
#9453=CARTESIAN_POINT('',(-0.0292815854195894,0.057,0.0182989612221718));
#9454=CARTESIAN_POINT('',(-0.0292815854195894,0.057,0.0182989612221718));
#9455=CARTESIAN_POINT('',(-0.0316486602052481,0.057,0.0135169872170837));
#9456=CARTESIAN_POINT('',(-0.0316486602052481,0.055,0.0135169872170837));
#9457=CARTESIAN_POINT('',(-0.0316486602052481,0.057,0.0135169872170837));
#9458=CARTESIAN_POINT('',(0.,0.057,0.015));
#9459=CARTESIAN_POINT('',(0.,0.055,0.04));
#9460=CARTESIAN_POINT('',(-0.0229651791695894,0.057,0.0154656278888385));
#9461=CARTESIAN_POINT('',(-0.0229651791695894,0.055,0.0154656278888385));
#9462=CARTESIAN_POINT('',(-0.0211735104875478,0.055,0.0154656978882804));
#9463=CARTESIAN_POINT('',(-0.0247568460181033,0.055,0.0154656458194582));
#9464=CARTESIAN_POINT('',(-0.0211735125029227,0.057,0.0154656278888385));
#9465=CARTESIAN_POINT('',(-0.0211735104875478,0.057,0.0154656978882804));
#9466=CARTESIAN_POINT('',(-0.0229651791695894,0.057,0.0154656278888385));
#9467=CARTESIAN_POINT('',(-0.0247568460181033,0.05699999975,0.0154656458194582));
#9468=CARTESIAN_POINT('',(-0.024756845836256,0.057,0.0154656278888385));
#9469=CARTESIAN_POINT('',(-0.0211704525525719,0.057,0.0155719082744627));
#9470=CARTESIAN_POINT('',(-0.0211704525525719,0.055,0.0155719082744627));
#9471=CARTESIAN_POINT('',(-0.021102525790252,0.055,0.0154903397534245));
#9472=CARTESIAN_POINT('',(-0.021102548961256,0.057,0.0154903674721718));
#9473=CARTESIAN_POINT('',(-0.021102525790252,0.057,0.0154903397534245));
#9474=CARTESIAN_POINT('',(-0.0211704525525719,0.057,0.0155719082744627));
#9475=CARTESIAN_POINT('',(-0.0211556344023004,0.057,0.0155531135139557));
#9476=CARTESIAN_POINT('',(-0.0211556344023004,0.055,0.0155531135139557));
#9477=CARTESIAN_POINT('',(-0.0210733538133845,0.055,0.0155567692024825));
#9478=CARTESIAN_POINT('',(-0.021073252086256,0.057,0.0155567737221718));
#9479=CARTESIAN_POINT('',(-0.0210733538133845,0.05699999975,0.0155567692024825));
#9480=CARTESIAN_POINT('',(-0.0211556344023004,0.057,0.0155531135139557));
#9481=CARTESIAN_POINT('',(-0.021073252086256,0.057,0.0163237008055051));
#9482=CARTESIAN_POINT('',(-0.021073252086256,0.055,0.0163237008055051));
#9483=CARTESIAN_POINT('',(-0.0210732827995162,0.055,0.0170906284433657));
#9484=CARTESIAN_POINT('',(-0.021073252086256,0.057,0.0170906278888385));
#9485=CARTESIAN_POINT('',(-0.0210732827995162,0.057,0.0170906284433657));
#9486=CARTESIAN_POINT('',(-0.021073252086256,0.057,0.0163237008055051));
#9487=CARTESIAN_POINT('',(-0.0211696844180219,0.057,0.017092368972353));
#9488=CARTESIAN_POINT('',(-0.0211696844180219,0.055,0.017092368972353));
#9489=CARTESIAN_POINT('',(-0.021102580044977,0.055,0.0171615598677634));
#9490=CARTESIAN_POINT('',(-0.0211025798091368,0.057,0.0171615596245866));
#9491=CARTESIAN_POINT('',(-0.021102580044977,0.057,0.0171615598677634));
#9492=CARTESIAN_POINT('',(-0.0211696844180219,0.057,0.017092368972353));
#9493=CARTESIAN_POINT('',(-0.0211717714194088,0.057,0.0170944559737376));
#9494=CARTESIAN_POINT('',(-0.0211717714194088,0.055,0.0170944559737376));
#9495=CARTESIAN_POINT('',(-0.0211735119483955,0.055,0.017190857592245));
#9496=CARTESIAN_POINT('',(-0.0211735125029227,0.057,0.0171908883055051));
#9497=CARTESIAN_POINT('',(-0.0211735119483955,0.05699999975,0.017190857592245));
#9498=CARTESIAN_POINT('',(-0.0211717714194088,0.057,0.0170944559737376));
#9499=CARTESIAN_POINT('',(-0.0229651791695894,0.057,0.0171908883055051));
#9500=CARTESIAN_POINT('',(-0.0229651791695894,0.055,0.0171908883055051));
#9501=CARTESIAN_POINT('',(-0.0247568458595082,0.055,0.0171909109881005));
#9502=CARTESIAN_POINT('',(-0.024756845836256,0.057,0.0171908883055051));
#9503=CARTESIAN_POINT('',(-0.0247568458595082,0.057,0.0171909109881005));
#9504=CARTESIAN_POINT('',(-0.0229651791695894,0.057,0.0171908883055051));
#9505=CARTESIAN_POINT('',(-0.0247567331219148,0.057,0.0170809352272597));
#9506=CARTESIAN_POINT('',(-0.0247567331219148,0.055,0.0170809352272597));
#9507=CARTESIAN_POINT('',(-0.0248316581617475,0.055,0.0171615267394551));
#9508=CARTESIAN_POINT('',(-0.0248317156279227,0.057,0.0171615914305051));
#9509=CARTESIAN_POINT('',(-0.0248316581617475,0.057,0.0171615267394551));
#9510=CARTESIAN_POINT('',(-0.0247567331219148,0.057,0.0170809352272597));
#9511=CARTESIAN_POINT('',(-0.0247739164054723,0.057,0.0170910296545264));
#9512=CARTESIAN_POINT('',(-0.0247739164054723,0.055,0.0170910296545264));
#9513=CARTESIAN_POINT('',(-0.0248649372971175,0.055,0.0170906278069678));
#9514=CARTESIAN_POINT('',(-0.0248649187529227,0.057,0.0170906278888385));
#9515=CARTESIAN_POINT('',(-0.0248649372971175,0.05699999975,0.0170906278069678));
#9516=CARTESIAN_POINT('',(-0.0247739164054723,0.057,0.0170910296545264));
#9517=CARTESIAN_POINT('',(-0.0248649187529227,0.057,0.0163237008055051));
#9518=CARTESIAN_POINT('',(-0.0248649187529227,0.055,0.0163237008055051));
#9519=CARTESIAN_POINT('',(-0.0248648684522012,0.055,0.0155567722119971));
#9520=CARTESIAN_POINT('',(-0.0248649187529227,0.057,0.0155567737221718));
#9521=CARTESIAN_POINT('',(-0.0248648684522012,0.057,0.0155567722119971));
#9522=CARTESIAN_POINT('',(-0.0248649187529227,0.057,0.0163237008055051));
#9523=CARTESIAN_POINT('',(-0.0247865607468225,0.057,0.0155544211858009));
#9524=CARTESIAN_POINT('',(-0.0247865607468225,0.055,0.0155544211858009));
#9525=CARTESIAN_POINT('',(-0.0248316935540133,0.055,0.015490399198099));
#9526=CARTESIAN_POINT('',(-0.0248317156279227,0.057,0.0154903674721718));
#9527=CARTESIAN_POINT('',(-0.0248316935540133,0.057,0.015490399198099));
#9528=CARTESIAN_POINT('',(-0.0247865607468225,0.057,0.0155544211858009));
#9529=CARTESIAN_POINT('',(-0.0220545596738115,0.057,0.0143508363264432));
#9530=CARTESIAN_POINT('',(-0.023035867261367,0.057,0.014353232264048));
#9531=CARTESIAN_POINT('',(-0.023035867261367,0.057,0.014353232264048));
#9532=CARTESIAN_POINT('',(-0.0220545596738115,0.057,0.0143508363264432));
#9533=CARTESIAN_POINT('',(-0.021073252086256,0.057,0.0143484403888384));
#9534=CARTESIAN_POINT('',(-0.021073252086256,0.057,0.0143484403888384));
#9535=CARTESIAN_POINT('',(-0.0238963565488115,0.057,0.0133260967431099));
#9536=CARTESIAN_POINT('',(-0.024756845836256,0.057,0.0122989612221718));
#9537=CARTESIAN_POINT('',(-0.024756845836256,0.057,0.0122989612221718));
#9538=CARTESIAN_POINT('',(-0.0238963565488115,0.057,0.0133260967431099));
#9539=CARTESIAN_POINT('',(-0.0253571062529227,0.057,0.0122989612221718));
#9540=CARTESIAN_POINT('',(-0.0259573666695894,0.057,0.0122989612221718));
#9541=CARTESIAN_POINT('',(-0.0259573666695894,0.057,0.0122989612221718));
#9542=CARTESIAN_POINT('',(-0.0253571062529227,0.057,0.0122989612221718));
#9543=CARTESIAN_POINT('',(-0.0259573666695894,0.057,0.0124532580971718));
#9544=CARTESIAN_POINT('',(-0.0259573666695894,0.057,0.0126075549721718));
#9545=CARTESIAN_POINT('',(-0.0259573666695894,0.057,0.0126075549721718));
#9546=CARTESIAN_POINT('',(-0.0259573666695894,0.057,0.0124532580971718));
#9547=CARTESIAN_POINT('',(-0.0252163297664706,0.057,0.0134821508520153));
#9548=CARTESIAN_POINT('',(-0.0244752928633519,0.057,0.0143567467318589));
#9549=CARTESIAN_POINT('',(-0.0244752928633519,0.057,0.0143567467318589));
#9550=CARTESIAN_POINT('',(-0.0252163297664706,0.057,0.0134821508520153));
#9551=CARTESIAN_POINT('',(-0.0246408089331373,0.057,0.0143571508520153));
#9552=CARTESIAN_POINT('',(-0.0248063250029227,0.057,0.0143575549721718));
#9553=CARTESIAN_POINT('',(-0.0248063267028082,0.057,0.0143577281551295));
#9554=CARTESIAN_POINT('',(-0.0246408089331373,0.057,0.0143571508520153));
#9555=CARTESIAN_POINT('',(-0.0248175464732493,0.0570000000000001,0.0155007893115591));
#9556=CARTESIAN_POINT('',(-0.0253903093779227,0.057,0.0145118518471718));
#9557=CARTESIAN_POINT('',(-0.0253903232209707,0.057,0.0145118283312949));
#9558=CARTESIAN_POINT('',(-0.0248175464732493,0.057,0.0155007893115591));
#9559=CARTESIAN_POINT('',(-0.0248094261129881,0.0570000000000001,0.0155223815636451));
#9560=CARTESIAN_POINT('',(-0.0258147885445894,0.057,0.0149324247638384));
#9561=CARTESIAN_POINT('',(-0.0258147386400815,0.057,0.0149324535947446));
#9562=CARTESIAN_POINT('',(-0.0248094261129881,0.057,0.0155223815636451));
#9563=CARTESIAN_POINT('',(-0.0248540210656833,0.0570000000000001,0.0155054906393606));
#9564=CARTESIAN_POINT('',(-0.0259729916695894,0.057,0.0155151070555051));
#9565=CARTESIAN_POINT('',(-0.0259728504902298,0.05699999975,0.0155151058422119));
#9566=CARTESIAN_POINT('',(-0.0248540210656833,0.057,0.0155054906393606));
#9567=CARTESIAN_POINT('',(-0.0259729916695894,0.057,0.0163237008055051));
#9568=CARTESIAN_POINT('',(-0.0259729916695894,0.057,0.0171322945555051));
#9569=CARTESIAN_POINT('',(-0.0259728076962794,0.057,0.017132296497312));
#9570=CARTESIAN_POINT('',(-0.0259729916695894,0.057,0.0163237008055051));
#9571=CARTESIAN_POINT('',(-0.0248742614332507,0.0570000000000001,0.0171438914654483));
#9572=CARTESIAN_POINT('',(-0.0258147885445894,0.057,0.0177110705971718));
#9573=CARTESIAN_POINT('',(-0.0258148313319488,0.057,0.0177110964932814));
#9574=CARTESIAN_POINT('',(-0.0248742614332507,0.057,0.0171438914654483));
#9575=CARTESIAN_POINT('',(-0.0247748440832547,0.0570000000000001,0.0170871240769891));
#9576=CARTESIAN_POINT('',(-0.0253903093779227,0.057,0.0181322945555051));
#9577=CARTESIAN_POINT('',(-0.0253902803506837,0.057,0.0181322442785634));
#9578=CARTESIAN_POINT('',(-0.0247748440832547,0.057,0.0170871240769891));
#9579=CARTESIAN_POINT('',(-0.0248165392816114,0.0570000000000001,0.0171732791362668));
#9580=CARTESIAN_POINT('',(-0.0248063250029227,0.057,0.0182911487221718));
#9581=CARTESIAN_POINT('',(-0.0248063264071939,0.05699999975,0.0182909950361252));
#9582=CARTESIAN_POINT('',(-0.0248165392816114,0.057,0.0171732791362668));
#9583=CARTESIAN_POINT('',(-0.022389658336256,0.057,0.0182911487221718));
#9584=CARTESIAN_POINT('',(-0.0199729916695894,0.057,0.0182911487221718));
#9585=CARTESIAN_POINT('',(-0.0199729916695894,0.057,0.0182911487221718));
#9586=CARTESIAN_POINT('',(-0.022389658336256,0.057,0.0182911487221718));
#9587=CARTESIAN_POINT('',(-0.0199729916695894,0.057,0.0152950549721718));
#9588=CARTESIAN_POINT('',(-0.0199729916695894,0.057,0.0122989612221718));
#9589=CARTESIAN_POINT('',(-0.0199729916695894,0.057,0.0122989612221718));
#9590=CARTESIAN_POINT('',(-0.0199729916695894,0.057,0.0152950549721718));
#9591=CARTESIAN_POINT('',(-0.0205231218779227,0.057,0.0122989612221718));
#9592=CARTESIAN_POINT('',(-0.021073252086256,0.057,0.0122989612221718));
#9593=CARTESIAN_POINT('',(-0.021073252086256,0.057,0.0122989612221718));
#9594=CARTESIAN_POINT('',(-0.0205231218779227,0.057,0.0122989612221718));
#9595=CARTESIAN_POINT('',(-0.021073252086256,0.057,0.0133237008055051));
#9596=CARTESIAN_POINT('',(-0.021073252086256,0.057,0.0133237008055051));
#9597=CARTESIAN_POINT('',(-0.0247580830203624,0.0570000000000001,0.0155876174738236));
#9598=CARTESIAN_POINT('',(-0.0247580830203624,0.055,0.0155876174738236));
#9599=CARTESIAN_POINT('',(-0.0247580830203624,0.057,0.0155876174738236));
#9600=CARTESIAN_POINT('',(0.,0.057,0.015));
#9601=CARTESIAN_POINT('',(0.,0.055,0.04));
#9602=CARTESIAN_POINT('',(-0.0160198666695893,0.057,0.0154161487221718));
#9603=CARTESIAN_POINT('',(-0.0160198666695893,0.055,0.0154161487221718));
#9604=CARTESIAN_POINT('',(-0.014124033336256,0.055,0.0154161487221718));
#9605=CARTESIAN_POINT('',(-0.0179157000029227,0.055,0.0154161487221718));
#9606=CARTESIAN_POINT('',(-0.014124033336256,0.057,0.0154161487221718));
#9607=CARTESIAN_POINT('',(-0.014124033336256,0.057,0.0154161487221718));
#9608=CARTESIAN_POINT('',(-0.0160198666695893,0.057,0.0154161487221718));
#9609=CARTESIAN_POINT('',(-0.0179157000029227,0.057,0.0154161487221718));
#9610=CARTESIAN_POINT('',(-0.0179157000029227,0.057,0.0154161487221718));
#9611=CARTESIAN_POINT('',(-0.014124033336256,0.057,0.0162533883055051));
#9612=CARTESIAN_POINT('',(-0.014124033336256,0.055,0.0162533883055051));
#9613=CARTESIAN_POINT('',(-0.0141240640495161,0.055,0.0170906284433657));
#9614=CARTESIAN_POINT('',(-0.014124033336256,0.057,0.0170906278888385));
#9615=CARTESIAN_POINT('',(-0.0141240640495161,0.057,0.0170906284433657));
#9616=CARTESIAN_POINT('',(-0.014124033336256,0.057,0.0162533883055051));
#9617=CARTESIAN_POINT('',(-0.0142204656680235,0.057,0.0170923689723523));
#9618=CARTESIAN_POINT('',(-0.0142204656680235,0.055,0.0170923689723523));
#9619=CARTESIAN_POINT('',(-0.0141533612949789,0.055,0.0171615598677652));
#9620=CARTESIAN_POINT('',(-0.0141533610591369,0.057,0.0171615596245866));
#9621=CARTESIAN_POINT('',(-0.0141533612949789,0.057,0.0171615598677652));
#9622=CARTESIAN_POINT('',(-0.0142204656680235,0.057,0.0170923689723523));
#9623=CARTESIAN_POINT('',(-0.0142225526694081,0.057,0.0170944559737392));
#9624=CARTESIAN_POINT('',(-0.0142225526694081,0.055,0.0170944559737392));
#9625=CARTESIAN_POINT('',(-0.0142242931983955,0.055,0.0171908575922449));
#9626=CARTESIAN_POINT('',(-0.0142242937529227,0.057,0.0171908883055051));
#9627=CARTESIAN_POINT('',(-0.0142242931983955,0.05699999975,0.0171908575922449));
#9628=CARTESIAN_POINT('',(-0.0142225526694081,0.057,0.0170944559737392));
#9629=CARTESIAN_POINT('',(-0.0160159604195893,0.057,0.0171908883055051));
#9630=CARTESIAN_POINT('',(-0.0160159604195893,0.055,0.0171908883055051));
#9631=CARTESIAN_POINT('',(-0.0178076271095082,0.055,0.0171909109881005));
#9632=CARTESIAN_POINT('',(-0.017807627086256,0.057,0.0171908883055051));
#9633=CARTESIAN_POINT('',(-0.0178076271095082,0.057,0.0171909109881005));
#9634=CARTESIAN_POINT('',(-0.0160159604195893,0.057,0.0171908883055051));
#9635=CARTESIAN_POINT('',(-0.0178075143719163,0.057,0.0170809352272648));
#9636=CARTESIAN_POINT('',(-0.0178075143719163,0.055,0.0170809352272648));
#9637=CARTESIAN_POINT('',(-0.0178824394117475,0.055,0.0171615267394551));
#9638=CARTESIAN_POINT('',(-0.0178824968779227,0.057,0.0171615914305051));
#9639=CARTESIAN_POINT('',(-0.0178824394117475,0.057,0.0171615267394551));
#9640=CARTESIAN_POINT('',(-0.0178075143719163,0.057,0.0170809352272648));
#9641=CARTESIAN_POINT('',(-0.0178246976554723,0.057,0.0170910296545264));
#9642=CARTESIAN_POINT('',(-0.0178246976554723,0.055,0.0170910296545264));
#9643=CARTESIAN_POINT('',(-0.0179157185471175,0.055,0.0170906278069678));
#9644=CARTESIAN_POINT('',(-0.0179157000029227,0.057,0.0170906278888385));
#9645=CARTESIAN_POINT('',(-0.0179157185471175,0.05699999975,0.0170906278069678));
#9646=CARTESIAN_POINT('',(-0.0178246976554723,0.057,0.0170910296545264));
#9647=CARTESIAN_POINT('',(-0.0130237729195893,0.057,0.0147195341388384));
#9648=CARTESIAN_POINT('',(-0.0130237729195893,0.057,0.0122989612221718));
#9649=CARTESIAN_POINT('',(-0.0130237729195893,0.057,0.0122989612221718));
#9650=CARTESIAN_POINT('',(-0.0130237729195893,0.057,0.0147195341388384));
#9651=CARTESIAN_POINT('',(-0.0130239724252658,0.05699999975,0.0171401092899268));
#9652=CARTESIAN_POINT('',(-0.0130237729195893,0.057,0.0171401070555051));
#9653=CARTESIAN_POINT('',(-0.0135739031279227,0.057,0.0122989612221718));
#9654=CARTESIAN_POINT('',(-0.014124033336256,0.057,0.0122989612221718));
#9655=CARTESIAN_POINT('',(-0.014124033336256,0.057,0.0122989612221718));
#9656=CARTESIAN_POINT('',(-0.0135739031279227,0.057,0.0122989612221718));
#9657=CARTESIAN_POINT('',(-0.014124033336256,0.057,0.0133074247638384));
#9658=CARTESIAN_POINT('',(-0.014124033336256,0.057,0.0143158883055051));
#9659=CARTESIAN_POINT('',(-0.014124033336256,0.057,0.0143158883055051));
#9660=CARTESIAN_POINT('',(-0.014124033336256,0.057,0.0133074247638384));
#9661=CARTESIAN_POINT('',(-0.0160198666695893,0.057,0.0143158883055051));
#9662=CARTESIAN_POINT('',(-0.0179157000029227,0.057,0.0143158883055051));
#9663=CARTESIAN_POINT('',(-0.0179157000029227,0.057,0.0143158883055051));
#9664=CARTESIAN_POINT('',(-0.0160198666695893,0.057,0.0143158883055051));
#9665=CARTESIAN_POINT('',(-0.0179157000029227,0.057,0.0133074247638384));
#9666=CARTESIAN_POINT('',(-0.0179157000029227,0.057,0.0122989612221718));
#9667=CARTESIAN_POINT('',(-0.0179157000029227,0.057,0.0122989612221718));
#9668=CARTESIAN_POINT('',(-0.0179157000029227,0.057,0.0133074247638384));
#9669=CARTESIAN_POINT('',(-0.018469736461256,0.057,0.0122989612221718));
#9670=CARTESIAN_POINT('',(-0.0190237729195894,0.057,0.0122989612221718));
#9671=CARTESIAN_POINT('',(-0.0190237729195894,0.057,0.0122989612221718));
#9672=CARTESIAN_POINT('',(-0.018469736461256,0.057,0.0122989612221718));
#9673=CARTESIAN_POINT('',(-0.0190237729195894,0.057,0.0147195341388384));
#9674=CARTESIAN_POINT('',(-0.0190237729195894,0.057,0.0171401070555051));
#9675=CARTESIAN_POINT('',(-0.0190235734139129,0.057,0.0171401092899268));
#9676=CARTESIAN_POINT('',(-0.0190237729195894,0.057,0.0147195341388384));
#9677=CARTESIAN_POINT('',(-0.0179226243290509,0.0570000000000001,0.0171524396884323));
#9678=CARTESIAN_POINT('',(-0.0188655697945894,0.057,0.0177201851805051));
#9679=CARTESIAN_POINT('',(-0.0188656276896586,0.057,0.0177202201120987));
#9680=CARTESIAN_POINT('',(-0.0179226243290509,0.057,0.0171524396884323));
#9681=CARTESIAN_POINT('',(-0.0178317803618183,0.0570000000000001,0.0170998623825604));
#9682=CARTESIAN_POINT('',(-0.018440439586256,0.057,0.0181407580971718));
#9683=CARTESIAN_POINT('',(-0.0184403999496474,0.057,0.0181406894420397));
#9684=CARTESIAN_POINT('',(-0.0178317803618183,0.057,0.0170998623825604));
#9685=CARTESIAN_POINT('',(-0.0178663899714385,0.0570000000000001,0.0171765902774064));
#9686=CARTESIAN_POINT('',(-0.0178571062529227,0.057,0.0182989612221718));
#9687=CARTESIAN_POINT('',(-0.0178571073623222,0.05699999975,0.0182988270994273));
#9688=CARTESIAN_POINT('',(-0.0178663899714385,0.057,0.0171765902774064));
#9689=CARTESIAN_POINT('',(-0.0160198666695893,0.057,0.0182989612221718));
#9690=CARTESIAN_POINT('',(-0.014182627086256,0.057,0.0182989612221718));
#9691=CARTESIAN_POINT('',(-0.0141826252786321,0.057,0.0182987844355741));
#9692=CARTESIAN_POINT('',(-0.0160198666695893,0.057,0.0182989612221718));
#9693=CARTESIAN_POINT('',(-0.0141713583917529,0.0570000000000001,0.0171968767885386));
#9694=CARTESIAN_POINT('',(-0.0136032000029227,0.057,0.0181407580971718));
#9695=CARTESIAN_POINT('',(-0.0136032003162851,0.057,0.0181407569111394));
#9696=CARTESIAN_POINT('',(-0.0141713583917529,0.057,0.0171968767885386));
#9697=CARTESIAN_POINT('',(-0.0142257709973593,0.0570000000000001,0.0170959299627731));
#9698=CARTESIAN_POINT('',(-0.0131819760445893,0.057,0.0177201851805051));
#9699=CARTESIAN_POINT('',(-0.0131819477064353,0.057,0.0177202024486198));
#9700=CARTESIAN_POINT('',(-0.0142257709973593,0.057,0.0170959299627731));
#9701=CARTESIAN_POINT('',(-0.0141249215101278,0.0570000000000001,0.0171524396884324));
#9702=CARTESIAN_POINT('',(-0.0141249215101278,0.057,0.0171524396884324));
#9703=CARTESIAN_POINT('',(-0.0179157000029227,0.057,0.0162533883055051));
#9704=CARTESIAN_POINT('',(-0.0179157000029227,0.055,0.0162533883055051));
#9705=CARTESIAN_POINT('',(-0.0179157000029227,0.057,0.0162533883055051));
#9706=CARTESIAN_POINT('',(0.,0.057,0.015));
#9707=CARTESIAN_POINT('',(0.,0.055,0.04));
#9708=CARTESIAN_POINT('',(-0.00908236666958934,0.057,0.0134070341388384));
#9709=CARTESIAN_POINT('',(-0.00908236666958934,0.055,0.0134070341388384));
#9710=CARTESIAN_POINT('',(-0.00729069944839548,0.055,0.0134070648520986));
#9711=CARTESIAN_POINT('',(-0.0108740333595082,0.055,0.0134070114562431));
#9712=CARTESIAN_POINT('',(-0.00729070000292268,0.057,0.0134070341388384));
#9713=CARTESIAN_POINT('',(-0.00729069944839548,0.057,0.0134070648520986));
#9714=CARTESIAN_POINT('',(-0.00908236666958934,0.057,0.0134070341388384));
#9715=CARTESIAN_POINT('',(-0.0108740333595082,0.05699999975,0.0134070114562431));
#9716=CARTESIAN_POINT('',(-0.010874033336256,0.057,0.0134070341388384));
#9717=CARTESIAN_POINT('',(-0.00728895891940878,0.057,0.0135034664706059));
#9718=CARTESIAN_POINT('',(-0.00728895891940878,0.055,0.0135034664706059));
#9719=CARTESIAN_POINT('',(-0.00721976802399681,0.055,0.0134363620975604));
#9720=CARTESIAN_POINT('',(-0.00721976826717449,0.057,0.0134363618617193));
#9721=CARTESIAN_POINT('',(-0.00721976802399681,0.057,0.0134363620975604));
#9722=CARTESIAN_POINT('',(-0.00728895891940878,0.057,0.0135034664706059));
#9723=CARTESIAN_POINT('',(-0.00728687191802351,0.057,0.0135055534719912));
#9724=CARTESIAN_POINT('',(-0.00728687191802351,0.055,0.0135055534719912));
#9725=CARTESIAN_POINT('',(-0.00719047029951614,0.055,0.0135072940009779));
#9726=CARTESIAN_POINT('',(-0.00719043958625601,0.057,0.0135072945555051));
#9727=CARTESIAN_POINT('',(-0.00719047029951614,0.05699999975,0.0135072940009779));
#9728=CARTESIAN_POINT('',(-0.00728687191802351,0.057,0.0135055534719912));
#9729=CARTESIAN_POINT('',(-0.00719043958625601,0.057,0.0152989612221718));
#9730=CARTESIAN_POINT('',(-0.00719043958625601,0.055,0.0152989612221718));
#9731=CARTESIAN_POINT('',(-0.00719047029951619,0.055,0.0170906284433657));
#9732=CARTESIAN_POINT('',(-0.00719043958625601,0.057,0.0170906278888385));
#9733=CARTESIAN_POINT('',(-0.00719047029951619,0.057,0.0170906284433657));
#9734=CARTESIAN_POINT('',(-0.00719043958625601,0.057,0.0152989612221718));
#9735=CARTESIAN_POINT('',(-0.00728687191802189,0.057,0.017092368972353));
#9736=CARTESIAN_POINT('',(-0.00728687191802189,0.055,0.017092368972353));
#9737=CARTESIAN_POINT('',(-0.00721976754497707,0.055,0.0171615598677634));
#9738=CARTESIAN_POINT('',(-0.00721976730913683,0.057,0.0171615596245866));
#9739=CARTESIAN_POINT('',(-0.00721976754497707,0.057,0.0171615598677634));
#9740=CARTESIAN_POINT('',(-0.00728687191802189,0.057,0.017092368972353));
#9741=CARTESIAN_POINT('',(-0.00728895891940879,0.057,0.0170944559737376));
#9742=CARTESIAN_POINT('',(-0.00728895891940879,0.055,0.0170944559737376));
#9743=CARTESIAN_POINT('',(-0.00729069944839548,0.055,0.017190857592245));
#9744=CARTESIAN_POINT('',(-0.00729070000292268,0.057,0.0171908883055051));
#9745=CARTESIAN_POINT('',(-0.00729069944839548,0.05699999975,0.017190857592245));
#9746=CARTESIAN_POINT('',(-0.00728895891940879,0.057,0.0170944559737376));
#9747=CARTESIAN_POINT('',(-0.00908236666958934,0.057,0.0171908883055051));
#9748=CARTESIAN_POINT('',(-0.00908236666958934,0.055,0.0171908883055051));
#9749=CARTESIAN_POINT('',(-0.0108740333595082,0.055,0.0171909109881005));
#9750=CARTESIAN_POINT('',(-0.010874033336256,0.057,0.0171908883055051));
#9751=CARTESIAN_POINT('',(-0.0108740333595082,0.057,0.0171909109881005));
#9752=CARTESIAN_POINT('',(-0.00908236666958934,0.057,0.0171908883055051));
#9753=CARTESIAN_POINT('',(-0.0108739206219163,0.057,0.0170809352272649));
#9754=CARTESIAN_POINT('',(-0.0108739206219163,0.055,0.0170809352272649));
#9755=CARTESIAN_POINT('',(-0.0109488456617475,0.055,0.0171615267394551));
#9756=CARTESIAN_POINT('',(-0.0109489031279227,0.057,0.0171615914305051));
#9757=CARTESIAN_POINT('',(-0.0109488456617475,0.057,0.0171615267394551));
#9758=CARTESIAN_POINT('',(-0.0108739206219163,0.057,0.0170809352272649));
#9759=CARTESIAN_POINT('',(-0.0108911039054722,0.057,0.0170910296545264));
#9760=CARTESIAN_POINT('',(-0.0108911039054722,0.055,0.0170910296545264));
#9761=CARTESIAN_POINT('',(-0.0109821247971175,0.055,0.0170906278069678));
#9762=CARTESIAN_POINT('',(-0.0109821062529227,0.057,0.0170906278888385));
#9763=CARTESIAN_POINT('',(-0.0109821247971175,0.05699999975,0.0170906278069678));
#9764=CARTESIAN_POINT('',(-0.0108911039054722,0.057,0.0170910296545264));
#9765=CARTESIAN_POINT('',(-0.0109821062529227,0.057,0.0152989612221718));
#9766=CARTESIAN_POINT('',(-0.0109821062529227,0.055,0.0152989612221718));
#9767=CARTESIAN_POINT('',(-0.0109821247971175,0.055,0.0135072946373758));
#9768=CARTESIAN_POINT('',(-0.0109821062529227,0.057,0.0135072945555051));
#9769=CARTESIAN_POINT('',(-0.0109821247971175,0.057,0.0135072946373758));
#9770=CARTESIAN_POINT('',(-0.0109821062529227,0.057,0.0152989612221718));
#9771=CARTESIAN_POINT('',(-0.0108911039054722,0.057,0.0135068927898172));
#9772=CARTESIAN_POINT('',(-0.0108911039054722,0.055,0.0135068927898172));
#9773=CARTESIAN_POINT('',(-0.010948848726966,0.055,0.0134363977710579));
#9774=CARTESIAN_POINT('',(-0.0109489031279227,0.057,0.0134363310138384));
#9775=CARTESIAN_POINT('',(-0.010948848726966,0.057,0.0134363977710579));
#9776=CARTESIAN_POINT('',(-0.0108911039054722,0.057,0.0135068927898172));
#9777=CARTESIAN_POINT('',(-0.00723743642631218,0.0570000000000001,0.0133976914585078));
#9778=CARTESIAN_POINT('',(-0.00724903333625601,0.057,0.0122989612221718));
#9779=CARTESIAN_POINT('',(-0.00724903139444915,0.05699999975,0.0122991451954818));
#9780=CARTESIAN_POINT('',(-0.00723743642631218,0.057,0.0133976914585078));
#9781=CARTESIAN_POINT('',(-0.00667025083938923,0.05699999975,0.0124571544150352));
#9782=CARTESIAN_POINT('',(-0.00667025729458935,0.057,0.0124571643471718));
#9783=CARTESIAN_POINT('',(-0.00909083021125601,0.057,0.0122989612221718));
#9784=CARTESIAN_POINT('',(-0.010932627086256,0.057,0.0122989612221718));
#9785=CARTESIAN_POINT('',(-0.0109326290280629,0.057,0.0122991451954818));
#9786=CARTESIAN_POINT('',(-0.00909083021125601,0.057,0.0122989612221718));
#9787=CARTESIAN_POINT('',(-0.0109442239961998,0.0570000000000001,0.0133976914585079));
#9788=CARTESIAN_POINT('',(-0.0115114031279227,0.057,0.0124571643471718));
#9789=CARTESIAN_POINT('',(-0.0115114115592053,0.057,0.0124571508648343));
#9790=CARTESIAN_POINT('',(-0.0109442239961998,0.057,0.0133976914585079));
#9791=CARTESIAN_POINT('',(-0.0108833845343213,0.0570000000000001,0.0135073379615765));
#9792=CARTESIAN_POINT('',(-0.011932627086256,0.057,0.0128777372638384));
#9793=CARTESIAN_POINT('',(-0.0119326442136717,0.057,0.0128777266039525));
#9794=CARTESIAN_POINT('',(-0.0108833845343213,0.057,0.0135073379615765));
#9795=CARTESIAN_POINT('',(-0.0109937753870526,0.0570000000000001,0.0134456280711471));
#9796=CARTESIAN_POINT('',(-0.0120914812529227,0.057,0.0134578153888384));
#9797=CARTESIAN_POINT('',(-0.0120912845556348,0.05699999975,0.0134578132049999));
#9798=CARTESIAN_POINT('',(-0.0109937753870526,0.057,0.0134456280711471));
#9799=CARTESIAN_POINT('',(-0.0120914812529227,0.057,0.0152989612221718));
#9800=CARTESIAN_POINT('',(-0.0120914812529227,0.057,0.0171401070555051));
#9801=CARTESIAN_POINT('',(-0.0120912845556348,0.057,0.0171401092393436));
#9802=CARTESIAN_POINT('',(-0.0120914812529227,0.057,0.0152989612221718));
#9803=CARTESIAN_POINT('',(-0.0109937753870527,0.0570000000000001,0.0171522943731964));
#9804=CARTESIAN_POINT('',(-0.011932627086256,0.057,0.0177201851805051));
#9805=CARTESIAN_POINT('',(-0.0119326441955793,0.057,0.017720195871131));
#9806=CARTESIAN_POINT('',(-0.0109937753870527,0.057,0.0171522943731964));
#9807=CARTESIAN_POINT('',(-0.0108833845343212,0.0570000000000001,0.0170905844827671));
#9808=CARTESIAN_POINT('',(-0.0115114031279227,0.057,0.0181407580971718));
#9809=CARTESIAN_POINT('',(-0.011511411533866,0.057,0.0181407715943348));
#9810=CARTESIAN_POINT('',(-0.0108833845343212,0.057,0.0170905844827671));
#9811=CARTESIAN_POINT('',(-0.0109442239961992,0.0570000000000001,0.0172002309858333));
#9812=CARTESIAN_POINT('',(-0.010932627086256,0.057,0.0182989612221718));
#9813=CARTESIAN_POINT('',(-0.0109326290280629,0.05699999975,0.0182987772488618));
#9814=CARTESIAN_POINT('',(-0.0109442239961992,0.057,0.0172002309858333));
#9815=CARTESIAN_POINT('',(-0.00909083021125601,0.057,0.0182989612221718));
#9816=CARTESIAN_POINT('',(-0.00724903333625601,0.057,0.0182989612221718));
#9817=CARTESIAN_POINT('',(-0.00724903139444915,0.057,0.0182987772488618));
#9818=CARTESIAN_POINT('',(-0.00909083021125601,0.057,0.0182989612221718));
#9819=CARTESIAN_POINT('',(-0.00723743642631218,0.0570000000000001,0.0172002309858357));
#9820=CARTESIAN_POINT('',(-0.00667025729458935,0.057,0.0181407580971718));
#9821=CARTESIAN_POINT('',(-0.00667025093486014,0.057,0.0181407680863751));
#9822=CARTESIAN_POINT('',(-0.00723743642631218,0.057,0.0172002309858357));
#9823=CARTESIAN_POINT('',(-0.00729520775621097,0.0570000000000001,0.0170952347188836));
#9824=CARTESIAN_POINT('',(-0.00624968437792268,0.057,0.0177201851805051));
#9825=CARTESIAN_POINT('',(-0.00624966086887377,0.057,0.017720199589064));
#9826=CARTESIAN_POINT('',(-0.00729520775621097,0.057,0.0170952347188836));
#9827=CARTESIAN_POINT('',(-0.00719262984345802,0.0570000000000001,0.0171524396884334));
#9828=CARTESIAN_POINT('',(-0.00609148125292268,0.057,0.0171401070555051));
#9829=CARTESIAN_POINT('',(-0.00609168075859917,0.05699999975,0.0171401092899268));
#9830=CARTESIAN_POINT('',(-0.00719262984345802,0.057,0.0171524396884334));
#9831=CARTESIAN_POINT('',(-0.00609148125292268,0.057,0.0152989612221718));
#9832=CARTESIAN_POINT('',(-0.00609148125292268,0.057,0.0134578153888384));
#9833=CARTESIAN_POINT('',(-0.0060916807585991,0.057,0.0134578131544168));
#9834=CARTESIAN_POINT('',(-0.00609148125292268,0.057,0.0152989612221718));
#9835=CARTESIAN_POINT('',(-0.00719262984346121,0.0570000000000001,0.0134454827559112));
#9836=CARTESIAN_POINT('',(-0.00624968437792268,0.057,0.0128777372638384));
#9837=CARTESIAN_POINT('',(-0.00624966089132488,0.057,0.0128777228172667));
#9838=CARTESIAN_POINT('',(-0.00719262984346121,0.057,0.0134454827559112));
#9839=CARTESIAN_POINT('',(-0.00729520775621088,0.0570000000000001,0.01350268772546));
#9840=CARTESIAN_POINT('',(-0.00729520775621088,0.057,0.01350268772546));
#9841=CARTESIAN_POINT('',(-0.0108739206219163,0.057,0.0135169872170787));
#9842=CARTESIAN_POINT('',(-0.0108739206219163,0.055,0.0135169872170787));
#9843=CARTESIAN_POINT('',(-0.0108739206219163,0.057,0.0135169872170787));
#9844=CARTESIAN_POINT('',(0.,0.057,0.015));
#9845=CARTESIAN_POINT('',(0.,0.055,0.04));
#9846=CARTESIAN_POINT('',(-0.00207390312792268,0.057,0.0159070341388385));
#9847=CARTESIAN_POINT('',(-0.00207390312792268,0.055,0.0159070341388385));
#9848=CARTESIAN_POINT('',(-0.000398772365062141,0.055,0.0159070648520986));
#9849=CARTESIAN_POINT('',(-0.0037490378559453,0.055,0.015907135865967));
#9850=CARTESIAN_POINT('',(-0.000398772919589341,0.057,0.0159070341388385));
#9851=CARTESIAN_POINT('',(-0.000398772365062141,0.057,0.0159070648520986));
#9852=CARTESIAN_POINT('',(-0.00207390312792268,0.057,0.0159070341388385));
#9853=CARTESIAN_POINT('',(-0.0037490378559453,0.05699999975,0.015907135865967));
#9854=CARTESIAN_POINT('',(-0.00374903333625601,0.057,0.0159070341388385));
#9855=CARTESIAN_POINT('',(-0.000397031836075255,0.057,0.0160034664706055));
#9856=CARTESIAN_POINT('',(-0.000397031836075255,0.055,0.0160034664706055));
#9857=CARTESIAN_POINT('',(-0.00032784094066375,0.055,0.0159363620975601));
#9858=CARTESIAN_POINT('',(-0.000327841183841165,0.057,0.0159363618617193));
#9859=CARTESIAN_POINT('',(-0.00032784094066375,0.057,0.0159363620975601));
#9860=CARTESIAN_POINT('',(-0.000397031836075255,0.057,0.0160034664706055));
#9861=CARTESIAN_POINT('',(-0.000394944834690127,0.057,0.0160055534719912));
#9862=CARTESIAN_POINT('',(-0.000394944834690127,0.055,0.0160055534719912));
#9863=CARTESIAN_POINT('',(-0.000298543216182804,0.055,0.0160072940009779));
#9864=CARTESIAN_POINT('',(-0.000298512502922677,0.057,0.0160072945555051));
#9865=CARTESIAN_POINT('',(-0.000298543216182805,0.05699999975,0.0160072940009779));
#9866=CARTESIAN_POINT('',(-0.000394944834690127,0.057,0.0160055534719912));
#9867=CARTESIAN_POINT('',(-0.000298512502922677,0.057,0.0165489612221718));
#9868=CARTESIAN_POINT('',(-0.000298512502922677,0.055,0.0165489612221718));
#9869=CARTESIAN_POINT('',(-0.000298543216182804,0.055,0.0170906284433657));
#9870=CARTESIAN_POINT('',(-0.000298512502922677,0.057,0.0170906278888385));
#9871=CARTESIAN_POINT('',(-0.000298543216182804,0.057,0.0170906284433657));
#9872=CARTESIAN_POINT('',(-0.000298512502922677,0.057,0.0165489612221718));
#9873=CARTESIAN_POINT('',(-0.000394944834690132,0.057,0.0170923689723523));
#9874=CARTESIAN_POINT('',(-0.000394944834690132,0.055,0.0170923689723523));
#9875=CARTESIAN_POINT('',(-0.000327840461644604,0.055,0.0171615598677643));
#9876=CARTESIAN_POINT('',(-0.000327840225803504,0.057,0.0171615596245866));
#9877=CARTESIAN_POINT('',(-0.000327840461644604,0.057,0.0171615598677643));
#9878=CARTESIAN_POINT('',(-0.000394944834690132,0.057,0.0170923689723523));
#9879=CARTESIAN_POINT('',(-0.000397031836075455,0.057,0.0170944559737376));
#9880=CARTESIAN_POINT('',(-0.000397031836075455,0.055,0.0170944559737376));
#9881=CARTESIAN_POINT('',(-0.000398772365062142,0.055,0.017190857592245));
#9882=CARTESIAN_POINT('',(-0.000398772919589341,0.057,0.0171908883055051));
#9883=CARTESIAN_POINT('',(-0.000398772365062142,0.05699999975,0.017190857592245));
#9884=CARTESIAN_POINT('',(-0.000397031836075455,0.057,0.0170944559737376));
#9885=CARTESIAN_POINT('',(-0.00207390312792268,0.057,0.0171908883055051));
#9886=CARTESIAN_POINT('',(-0.00207390312792268,0.055,0.0171908883055051));
#9887=CARTESIAN_POINT('',(-0.00374903785594538,0.055,0.0171907865783751));
#9888=CARTESIAN_POINT('',(-0.00374903333625601,0.057,0.0171908883055051));
#9889=CARTESIAN_POINT('',(-0.00374903785594538,0.057,0.0171907865783751));
#9890=CARTESIAN_POINT('',(-0.00207390312792268,0.057,0.0171908883055051));
#9891=CARTESIAN_POINT('',(-0.00375269354448482,0.057,0.0171085059894831));
#9892=CARTESIAN_POINT('',(-0.00375269354448482,0.055,0.0171085059894831));
#9893=CARTESIAN_POINT('',(-0.00381546721357886,0.055,0.0171616147085075));
#9894=CARTESIAN_POINT('',(-0.00381543958625601,0.057,0.0171615914305051));
#9895=CARTESIAN_POINT('',(-0.00381546721357886,0.057,0.0171616147085075));
#9896=CARTESIAN_POINT('',(-0.00375269354448482,0.057,0.0171085059894831));
#9897=CARTESIAN_POINT('',(-0.00373389878395833,0.0570000000000001,0.0170936878391861));
#9898=CARTESIAN_POINT('',(-0.00373389878395833,0.055,0.0170936878391861));
#9899=CARTESIAN_POINT('',(-0.00384010917014768,0.055,0.0170906299042133));
#9900=CARTESIAN_POINT('',(-0.00384017916958934,0.057,0.0170906278888385));
#9901=CARTESIAN_POINT('',(-0.00384010917014768,0.05699999975,0.0170906299042133));
#9902=CARTESIAN_POINT('',(-0.00373389878395833,0.057,0.0170936878391861));
#9903=CARTESIAN_POINT('',(-0.00384017916958934,0.057,0.0165489612221718));
#9904=CARTESIAN_POINT('',(-0.00384017916958934,0.055,0.0165489612221718));
#9905=CARTESIAN_POINT('',(-0.00384010917014768,0.055,0.0160072925401303));
#9906=CARTESIAN_POINT('',(-0.00384017916958934,0.057,0.0160072945555051));
#9907=CARTESIAN_POINT('',(-0.00384010917014768,0.057,0.0160072925401303));
#9908=CARTESIAN_POINT('',(-0.00384017916958934,0.057,0.0165489612221718));
#9909=CARTESIAN_POINT('',(-0.00373389878395834,0.057,0.0160042346051574));
#9910=CARTESIAN_POINT('',(-0.00373389878395834,0.055,0.0160042346051574));
#9911=CARTESIAN_POINT('',(-0.00381546730500336,0.055,0.0159363078428345));
#9912=CARTESIAN_POINT('',(-0.00381543958625601,0.057,0.0159363310138384));
#9913=CARTESIAN_POINT('',(-0.00381546730500336,0.057,0.0159363078428345));
#9914=CARTESIAN_POINT('',(-0.00373389878395834,0.057,0.0160042346051574));
#9915=CARTESIAN_POINT('',(-0.00219043958625601,0.057,0.0134070341388384));
#9916=CARTESIAN_POINT('',(-0.00219043958625601,0.055,0.0134070341388384));
#9917=CARTESIAN_POINT('',(-0.00039877236506214,0.055,0.0134070648520986));
#9918=CARTESIAN_POINT('',(-0.0039821062761749,0.055,0.0134070114562431));
#9919=CARTESIAN_POINT('',(-0.000398772919589341,0.057,0.0134070341388384));
#9920=CARTESIAN_POINT('',(-0.00039877236506214,0.057,0.0134070648520986));
#9921=CARTESIAN_POINT('',(-0.00219043958625601,0.057,0.0134070341388384));
#9922=CARTESIAN_POINT('',(-0.0039821062761749,0.05699999975,0.0134070114562431));
#9923=CARTESIAN_POINT('',(-0.00398210625292268,0.057,0.0134070341388384));
#9924=CARTESIAN_POINT('',(-0.000397031836074767,0.057,0.0135034664706043));
#9925=CARTESIAN_POINT('',(-0.000397031836074767,0.055,0.0135034664706043));
#9926=CARTESIAN_POINT('',(-0.000327840940664393,0.055,0.0134363620975595));
#9927=CARTESIAN_POINT('',(-0.000327841183841163,0.057,0.0134363618617193));
#9928=CARTESIAN_POINT('',(-0.000327840940664393,0.057,0.0134363620975595));
#9929=CARTESIAN_POINT('',(-0.000397031836074767,0.057,0.0135034664706043));
#9930=CARTESIAN_POINT('',(-0.00039494483469017,0.057,0.0135055534719912));
#9931=CARTESIAN_POINT('',(-0.00039494483469017,0.055,0.0135055534719912));
#9932=CARTESIAN_POINT('',(-0.000298543216182805,0.055,0.0135072940009779));
#9933=CARTESIAN_POINT('',(-0.000298512502922677,0.057,0.0135072945555051));
#9934=CARTESIAN_POINT('',(-0.000298543216182805,0.05699999975,0.0135072940009779));
#9935=CARTESIAN_POINT('',(-0.00039494483469017,0.057,0.0135055534719912));
#9936=CARTESIAN_POINT('',(-0.000298512502922677,0.057,0.0141029976805051));
#9937=CARTESIAN_POINT('',(-0.000298512502922677,0.055,0.0141029976805051));
#9938=CARTESIAN_POINT('',(-0.000298543216182805,0.055,0.0146987013600323));
#9939=CARTESIAN_POINT('',(-0.000298512502922677,0.057,0.0146987008055051));
#9940=CARTESIAN_POINT('',(-0.000298543216182805,0.057,0.0146987013600323));
#9941=CARTESIAN_POINT('',(-0.000298512502922677,0.057,0.0141029976805051));
#9942=CARTESIAN_POINT('',(-0.000394944834690144,0.057,0.014700441889019));
#9943=CARTESIAN_POINT('',(-0.000394944834690144,0.055,0.014700441889019));
#9944=CARTESIAN_POINT('',(-0.000327840461644635,0.055,0.014769632784431));
#9945=CARTESIAN_POINT('',(-0.000327840225803506,0.057,0.0147696325412533));
#9946=CARTESIAN_POINT('',(-0.000327840461644635,0.057,0.014769632784431));
#9947=CARTESIAN_POINT('',(-0.000394944834690144,0.057,0.014700441889019));
#9948=CARTESIAN_POINT('',(-0.000397031836075453,0.057,0.0147025288904044));
#9949=CARTESIAN_POINT('',(-0.000397031836075453,0.055,0.0147025288904044));
#9950=CARTESIAN_POINT('',(-0.000398772365062142,0.055,0.0147989305089117));
#9951=CARTESIAN_POINT('',(-0.000398772919589341,0.057,0.0147989612221718));
#9952=CARTESIAN_POINT('',(-0.000398772365062142,0.05699999975,0.0147989305089117));
#9953=CARTESIAN_POINT('',(-0.000397031836075453,0.057,0.0147025288904044));
#9954=CARTESIAN_POINT('',(-0.00219043958625601,0.057,0.0147989612221718));
#9955=CARTESIAN_POINT('',(-0.00219043958625601,0.055,0.0147989612221718));
#9956=CARTESIAN_POINT('',(-0.0039821062761749,0.055,0.0147989839047672));
#9957=CARTESIAN_POINT('',(-0.00398210625292268,0.057,0.0147989612221718));
#9958=CARTESIAN_POINT('',(-0.0039821062761749,0.057,0.0147989839047672));
#9959=CARTESIAN_POINT('',(-0.00219043958625601,0.057,0.0147989612221718));
#9960=CARTESIAN_POINT('',(-0.00398199353858142,0.057,0.0146890081439265));
#9961=CARTESIAN_POINT('',(-0.00398199353858142,0.055,0.0146890081439265));
#9962=CARTESIAN_POINT('',(-0.00405691857841413,0.055,0.0147695996561218));
#9963=CARTESIAN_POINT('',(-0.00405697604458935,0.057,0.0147696643471718));
#9964=CARTESIAN_POINT('',(-0.00405691857841413,0.057,0.0147695996561218));
#9965=CARTESIAN_POINT('',(-0.00398199353858142,0.057,0.0146890081439265));
#9966=CARTESIAN_POINT('',(-0.00399917682213892,0.057,0.0146991025711931));
#9967=CARTESIAN_POINT('',(-0.00399917682213892,0.055,0.0146991025711931));
#9968=CARTESIAN_POINT('',(-0.00409019771378417,0.055,0.0146987007236345));
#9969=CARTESIAN_POINT('',(-0.00409017916958934,0.057,0.0146987008055051));
#9970=CARTESIAN_POINT('',(-0.00409019771378417,0.05699999975,0.0146987007236345));
#9971=CARTESIAN_POINT('',(-0.00399917682213892,0.057,0.0146991025711931));
#9972=CARTESIAN_POINT('',(-0.00409017916958934,0.057,0.0141029976805051));
#9973=CARTESIAN_POINT('',(-0.00409017916958934,0.055,0.0141029976805051));
#9974=CARTESIAN_POINT('',(-0.00409019771378417,0.055,0.0135072946373758));
#9975=CARTESIAN_POINT('',(-0.00409017916958934,0.057,0.0135072945555051));
#9976=CARTESIAN_POINT('',(-0.00409019771378417,0.057,0.0135072946373758));
#9977=CARTESIAN_POINT('',(-0.00409017916958934,0.057,0.0141029976805051));
#9978=CARTESIAN_POINT('',(-0.0039991768221389,0.057,0.0135068927898172));
#9979=CARTESIAN_POINT('',(-0.0039991768221389,0.055,0.0135068927898172));
#9980=CARTESIAN_POINT('',(-0.00405692164363269,0.055,0.0134363977710579));
#9981=CARTESIAN_POINT('',(-0.00405697604458935,0.057,0.0134363310138384));
#9982=CARTESIAN_POINT('',(-0.00405692164363269,0.057,0.0134363977710579));
#9983=CARTESIAN_POINT('',(-0.0039991768221389,0.057,0.0135068927898172));
#9984=CARTESIAN_POINT('',(0.000800445830410654,0.057,0.0152989612221718));
#9985=CARTESIAN_POINT('',(0.000800445830410654,0.057,0.0122989612221718));
#9986=CARTESIAN_POINT('',(0.000800445830410654,0.057,0.0122989612221718));
#9987=CARTESIAN_POINT('',(0.000800445830410654,0.057,0.0152989612221718));
#9988=CARTESIAN_POINT('',(0.000800445830410654,0.057,0.0182989612221718));
#9989=CARTESIAN_POINT('',(0.000800445830410654,0.057,0.0182989612221718));
#9990=CARTESIAN_POINT('',(-0.00161622083625601,0.057,0.0122989612221718));
#9991=CARTESIAN_POINT('',(-0.00403288750292268,0.057,0.0122989612221718));
#9992=CARTESIAN_POINT('',(-0.00403288871621592,0.057,0.0122991024015313));
#9993=CARTESIAN_POINT('',(-0.00161622083625601,0.057,0.0122989612221718));
#9994=CARTESIAN_POINT('',(-0.00404250391906759,0.0570000000000001,0.0134179318260764));
#9995=CARTESIAN_POINT('',(-0.00461556979458935,0.057,0.0124571643471718));
#9996=CARTESIAN_POINT('',(-0.0046155385712865,0.057,0.012457217914694));
#9997=CARTESIAN_POINT('',(-0.00404250391906759,0.057,0.0134179318260764));
#9998=CARTESIAN_POINT('',(-0.00400165821090867,0.0570000000000001,0.0135032577550113));
#9999=CARTESIAN_POINT('',(-0.00504070000292268,0.057,0.0128777372638384));
#10000=CARTESIAN_POINT('',(-0.00504074634840623,0.057,0.0128777091779059));
#10001=CARTESIAN_POINT('',(-0.00400165821090867,0.057,0.0135032577550113));
#10002=CARTESIAN_POINT('',(-0.00410184830371922,0.0570000000000001,0.0134456280711471));
#10003=CARTESIAN_POINT('',(-0.00519955416958935,0.057,0.0134578153888384));
#10004=CARTESIAN_POINT('',(-0.0051993574723015,0.05699999975,0.0134578132049999));
#10005=CARTESIAN_POINT('',(-0.00410184830371922,0.057,0.0134456280711471));
#10006=CARTESIAN_POINT('',(-0.00519955416958935,0.057,0.0141036487221718));
#10007=CARTESIAN_POINT('',(-0.00519955416958935,0.057,0.0147494820555051));
#10008=CARTESIAN_POINT('',(-0.00519969284479724,0.057,0.0147494831620314));
#10009=CARTESIAN_POINT('',(-0.00519955416958935,0.057,0.0141036487221718));
#10010=CARTESIAN_POINT('',(-0.00413514223351283,0.0570000000000001,0.0147409888299623));
#10011=CARTESIAN_POINT('',(-0.00511166354458934,0.057,0.0151661487221718));
#10012=CARTESIAN_POINT('',(-0.00511156297516994,0.057,0.0151661036735721));
#10013=CARTESIAN_POINT('',(-0.00413514223351283,0.057,0.0147409888299623));
#10014=CARTESIAN_POINT('',(-0.00333637313193686,0.0570000000000004,0.0144102356948199));
#10015=CARTESIAN_POINT('',(-0.00488179190708006,0.057,0.0155657418155598));
#10016=CARTESIAN_POINT('',(-0.00488179190708006,0.057,0.0155657418155598));
#10017=CARTESIAN_POINT('',(-0.00333637313193686,0.057,0.0144102356948199));
#10018=CARTESIAN_POINT('',(-0.00418668467404717,0.0570000000000003,0.0158832336545528));
#10019=CARTESIAN_POINT('',(-0.00494043958625601,0.057,0.0157572945555051));
#10020=CARTESIAN_POINT('',(-0.00494045134922906,0.057,0.0157572926244229));
#10021=CARTESIAN_POINT('',(-0.00418668467404717,0.057,0.0158832336545528));
#10022=CARTESIAN_POINT('',(-0.00370708872330348,0.0570000000000008,0.0159618129364172));
#10023=CARTESIAN_POINT('',(-0.00495736666958935,0.057,0.0159656278888385));
#10024=CARTESIAN_POINT('',(-0.00495734358890717,0.05699999975,0.0159656278184127));
#10025=CARTESIAN_POINT('',(-0.00370708872330348,0.057,0.0159618129364172));
#10026=CARTESIAN_POINT('',(-0.00495736666958935,0.057,0.0165528674721718));
#10027=CARTESIAN_POINT('',(-0.00495736666958935,0.057,0.0171401070555051));
#10028=CARTESIAN_POINT('',(-0.00495716716391293,0.057,0.0171401092899268));
#10029=CARTESIAN_POINT('',(-0.00495736666958935,0.057,0.0165528674721718));
#10030=CARTESIAN_POINT('',(-0.00385621807905097,0.0570000000000001,0.0171524396884324));
#10031=CARTESIAN_POINT('',(-0.00479916354458934,0.057,0.0177201851805051));
#10032=CARTESIAN_POINT('',(-0.00479918703118714,0.057,0.0177201996270769));
#10033=CARTESIAN_POINT('',(-0.00385621807905097,0.057,0.0171524396884324));
#10034=CARTESIAN_POINT('',(-0.00375364016630084,0.0570000000000001,0.0170952347188834));
#10035=CARTESIAN_POINT('',(-0.00437859062792268,0.057,0.0181407580971718));
#10036=CARTESIAN_POINT('',(-0.00437860503648157,0.057,0.0181407816062207));
#10037=CARTESIAN_POINT('',(-0.00375364016630084,0.057,0.0170952347188834));
#10038=CARTESIAN_POINT('',(-0.00381084513585048,0.0570000000000001,0.0171978126316354));
#10039=CARTESIAN_POINT('',(-0.00379851250292268,0.057,0.0182989612221718));
#10040=CARTESIAN_POINT('',(-0.00379851473734435,0.05699999975,0.0182987617164954));
#10041=CARTESIAN_POINT('',(-0.00381084513585048,0.057,0.0171978126316354));
#10042=CARTESIAN_POINT('',(-0.00398199353858309,0.057,0.0135169872170787));
#10043=CARTESIAN_POINT('',(-0.00398199353858309,0.055,0.0135169872170787));
#10044=CARTESIAN_POINT('',(-0.00398199353858309,0.057,0.0135169872170787));
#10045=CARTESIAN_POINT('',(-0.00149903333625601,0.057,0.0182989612221718));
#10046=CARTESIAN_POINT('',(-0.00149903333625601,0.057,0.0182989612221718));
#10047=CARTESIAN_POINT('',(-0.00375269354447201,0.057,0.0159894164548829));
#10048=CARTESIAN_POINT('',(-0.00375269354447201,0.055,0.0159894164548829));
#10049=CARTESIAN_POINT('',(-0.00375269354447201,0.057,0.0159894164548829));
#10050=CARTESIAN_POINT('',(0.,0.057,0.015));
#10051=CARTESIAN_POINT('',(0.,0.055,0.04));
#10052=CARTESIAN_POINT('',(0.,0.055,0.04));
#10053=CARTESIAN_POINT('',(0.010309560413744,0.057,0.0152989612221718));
#10054=CARTESIAN_POINT('',(0.010309560413744,0.057,0.0122989612221718));
#10055=CARTESIAN_POINT('',(0.010309560413744,0.057,0.0122989612221718));
#10056=CARTESIAN_POINT('',(0.010309560413744,0.057,0.0152989612221718));
#10057=CARTESIAN_POINT('',(0.010309560413744,0.057,0.0182989612221718));
#10058=CARTESIAN_POINT('',(0.010309560413744,0.057,0.0182989612221718));
#10059=CARTESIAN_POINT('',(0.00975943020541065,0.057,0.0122989612221718));
#10060=CARTESIAN_POINT('',(0.00920929999707732,0.057,0.0122989612221718));
#10061=CARTESIAN_POINT('',(0.00920929999707732,0.057,0.0122989612221718));
#10062=CARTESIAN_POINT('',(0.00975943020541065,0.057,0.0122989612221718));
#10063=CARTESIAN_POINT('',(0.00920929999707732,0.057,0.0144949247638384));
#10064=CARTESIAN_POINT('',(0.00920929999707732,0.057,0.0166908883055051));
#10065=CARTESIAN_POINT('',(0.00920929999707732,0.057,0.0166908883055051));
#10066=CARTESIAN_POINT('',(0.00920929999707732,0.057,0.0144949247638384));
#10067=CARTESIAN_POINT('',(0.00736359687207732,0.057,0.0144949247638384));
#10068=CARTESIAN_POINT('',(0.00551789374707732,0.057,0.0122989612221718));
#10069=CARTESIAN_POINT('',(0.00551789374707732,0.057,0.0122989612221718));
#10070=CARTESIAN_POINT('',(0.00736359687207732,0.057,0.0144949247638384));
#10071=CARTESIAN_POINT('',(0.00491372708041066,0.057,0.0122989612221718));
#10072=CARTESIAN_POINT('',(0.00430956041374399,0.057,0.0122989612221718));
#10073=CARTESIAN_POINT('',(0.00430956041374399,0.057,0.0122989612221718));
#10074=CARTESIAN_POINT('',(0.00491372708041066,0.057,0.0122989612221718));
#10075=CARTESIAN_POINT('',(0.00430956041374399,0.057,0.0152989612221718));
#10076=CARTESIAN_POINT('',(0.00430956041374399,0.057,0.0182989612221718));
#10077=CARTESIAN_POINT('',(0.00430956041374399,0.057,0.0182989612221718));
#10078=CARTESIAN_POINT('',(0.00430956041374399,0.057,0.0152989612221718));
#10079=CARTESIAN_POINT('',(0.00486359687207732,0.057,0.0182989612221718));
#10080=CARTESIAN_POINT('',(0.00541763333041066,0.057,0.0182989612221718));
#10081=CARTESIAN_POINT('',(0.00541763333041066,0.057,0.0182989612221718));
#10082=CARTESIAN_POINT('',(0.00486359687207732,0.057,0.0182989612221718));
#10083=CARTESIAN_POINT('',(0.00541763333041066,0.057,0.0161075549721718));
#10084=CARTESIAN_POINT('',(0.00541763333041066,0.057,0.0139161487221718));
#10085=CARTESIAN_POINT('',(0.00541763333041066,0.057,0.0139161487221718));
#10086=CARTESIAN_POINT('',(0.00541763333041066,0.057,0.0161075549721718));
#10087=CARTESIAN_POINT('',(0.00725943020541066,0.057,0.0161075549721718));
#10088=CARTESIAN_POINT('',(0.00910122708041065,0.057,0.0182989612221718));
#10089=CARTESIAN_POINT('',(0.00910122708041065,0.057,0.0182989612221718));
#10090=CARTESIAN_POINT('',(0.00725943020541066,0.057,0.0161075549721718));
#10091=CARTESIAN_POINT('',(0.00970539374707732,0.057,0.0182989612221718));
#10092=CARTESIAN_POINT('',(0.00970539374707732,0.057,0.0182989612221718));
#10093=CARTESIAN_POINT('',(0.,0.057,0.015));
#10094=CARTESIAN_POINT('',(0.0122092999970773,0.057,0.0152989612221718));
#10095=CARTESIAN_POINT('',(0.0122092999970773,0.057,0.0122989612221718));
#10096=CARTESIAN_POINT('',(0.0122092999970773,0.057,0.0122989612221718));
#10097=CARTESIAN_POINT('',(0.0122092999970773,0.057,0.0152989612221718));
#10098=CARTESIAN_POINT('',(0.0122092999970773,0.057,0.0182989612221718));
#10099=CARTESIAN_POINT('',(0.0122092999970773,0.057,0.0182989612221718));
#10100=CARTESIAN_POINT('',(0.0116637270804107,0.057,0.0122989612221718));
#10101=CARTESIAN_POINT('',(0.011118154163744,0.057,0.0122989612221718));
#10102=CARTESIAN_POINT('',(0.011118154163744,0.057,0.0122989612221718));
#10103=CARTESIAN_POINT('',(0.0116637270804107,0.057,0.0122989612221718));
#10104=CARTESIAN_POINT('',(0.011118154163744,0.057,0.0152989612221718));
#10105=CARTESIAN_POINT('',(0.011118154163744,0.057,0.0182989612221718));
#10106=CARTESIAN_POINT('',(0.011118154163744,0.057,0.0182989612221718));
#10107=CARTESIAN_POINT('',(0.011118154163744,0.057,0.0152989612221718));
#10108=CARTESIAN_POINT('',(0.0116637270804107,0.057,0.0182989612221718));
#10109=CARTESIAN_POINT('',(0.0116637270804107,0.057,0.0182989612221718));
#10110=CARTESIAN_POINT('',(0.,0.057,0.015));
#10111=CARTESIAN_POINT('',(0.0160465395804107,0.057,0.0154161487221718));
#10112=CARTESIAN_POINT('',(0.0160465395804107,0.055,0.0154161487221718));
#10113=CARTESIAN_POINT('',(0.017942372913744,0.055,0.0154161487221718));
#10114=CARTESIAN_POINT('',(0.0141507062470773,0.055,0.0154161487221718));
#10115=CARTESIAN_POINT('',(0.017942372913744,0.057,0.0154161487221718));
#10116=CARTESIAN_POINT('',(0.017942372913744,0.057,0.0154161487221718));
#10117=CARTESIAN_POINT('',(0.0160465395804107,0.057,0.0154161487221718));
#10118=CARTESIAN_POINT('',(0.0141507062470773,0.057,0.0154161487221718));
#10119=CARTESIAN_POINT('',(0.0141507062470773,0.057,0.0154161487221718));
#10120=CARTESIAN_POINT('',(0.017942372913744,0.057,0.0162533883055051));
#10121=CARTESIAN_POINT('',(0.017942372913744,0.055,0.0162533883055051));
#10122=CARTESIAN_POINT('',(0.0179423422004838,0.055,0.0170906284433657));
#10123=CARTESIAN_POINT('',(0.017942372913744,0.057,0.0170906278888385));
#10124=CARTESIAN_POINT('',(0.0179423422004838,0.057,0.0170906284433657));
#10125=CARTESIAN_POINT('',(0.017942372913744,0.057,0.0162533883055051));
#10126=CARTESIAN_POINT('',(0.0178459405819781,0.057,0.017092368972353));
#10127=CARTESIAN_POINT('',(0.0178459405819781,0.055,0.017092368972353));
#10128=CARTESIAN_POINT('',(0.017913044955022,0.055,0.0171615598677643));
#10129=CARTESIAN_POINT('',(0.0179130451908631,0.057,0.0171615596245866));
#10130=CARTESIAN_POINT('',(0.017913044955022,0.057,0.0171615598677643));
#10131=CARTESIAN_POINT('',(0.0178459405819781,0.057,0.017092368972353));
#10132=CARTESIAN_POINT('',(0.0178438535805919,0.057,0.0170944559737392));
#10133=CARTESIAN_POINT('',(0.0178438535805919,0.055,0.0170944559737392));
#10134=CARTESIAN_POINT('',(0.0178421130516045,0.055,0.0171908575922449));
#10135=CARTESIAN_POINT('',(0.0178421124970773,0.057,0.0171908883055051));
#10136=CARTESIAN_POINT('',(0.0178421130516045,0.05699999975,0.0171908575922449));
#10137=CARTESIAN_POINT('',(0.0178438535805919,0.057,0.0170944559737392));
#10138=CARTESIAN_POINT('',(0.0160504458304106,0.057,0.0171908883055051));
#10139=CARTESIAN_POINT('',(0.0160504458304106,0.055,0.0171908883055051));
#10140=CARTESIAN_POINT('',(0.0142587791404918,0.055,0.0171909109881005));
#10141=CARTESIAN_POINT('',(0.014258779163744,0.057,0.0171908883055051));
#10142=CARTESIAN_POINT('',(0.0142587791404918,0.057,0.0171909109881005));
#10143=CARTESIAN_POINT('',(0.0160504458304106,0.057,0.0171908883055051));
#10144=CARTESIAN_POINT('',(0.0142588918780852,0.057,0.0170809352272598));
#10145=CARTESIAN_POINT('',(0.0142588918780852,0.055,0.0170809352272598));
#10146=CARTESIAN_POINT('',(0.0141839668382525,0.055,0.0171615267394551));
#10147=CARTESIAN_POINT('',(0.0141839093720773,0.057,0.0171615914305051));
#10148=CARTESIAN_POINT('',(0.0141839668382525,0.057,0.0171615267394551));
#10149=CARTESIAN_POINT('',(0.0142588918780852,0.057,0.0170809352272598));
#10150=CARTESIAN_POINT('',(0.0142417085945277,0.057,0.0170910296545264));
#10151=CARTESIAN_POINT('',(0.0142417085945277,0.055,0.0170910296545264));
#10152=CARTESIAN_POINT('',(0.0141506877028825,0.055,0.0170906278069678));
#10153=CARTESIAN_POINT('',(0.0141507062470773,0.057,0.0170906278888385));
#10154=CARTESIAN_POINT('',(0.0141506877028825,0.05699999975,0.0170906278069678));
#10155=CARTESIAN_POINT('',(0.0142417085945277,0.057,0.0170910296545264));
#10156=CARTESIAN_POINT('',(0.0190426333304107,0.057,0.0147195341388384));
#10157=CARTESIAN_POINT('',(0.0190426333304107,0.057,0.0122989612221718));
#10158=CARTESIAN_POINT('',(0.0190426333304107,0.057,0.0122989612221718));
#10159=CARTESIAN_POINT('',(0.0190426333304107,0.057,0.0147195341388384));
#10160=CARTESIAN_POINT('',(0.0190424338247342,0.05699999975,0.0171401092899268));
#10161=CARTESIAN_POINT('',(0.0190426333304107,0.057,0.0171401070555051));
#10162=CARTESIAN_POINT('',(0.0184925031220773,0.057,0.0122989612221718));
#10163=CARTESIAN_POINT('',(0.017942372913744,0.057,0.0122989612221718));
#10164=CARTESIAN_POINT('',(0.017942372913744,0.057,0.0122989612221718));
#10165=CARTESIAN_POINT('',(0.0184925031220773,0.057,0.0122989612221718));
#10166=CARTESIAN_POINT('',(0.017942372913744,0.057,0.0133074247638384));
#10167=CARTESIAN_POINT('',(0.017942372913744,0.057,0.0143158883055051));
#10168=CARTESIAN_POINT('',(0.017942372913744,0.057,0.0143158883055051));
#10169=CARTESIAN_POINT('',(0.017942372913744,0.057,0.0133074247638384));
#10170=CARTESIAN_POINT('',(0.0160465395804107,0.057,0.0143158883055051));
#10171=CARTESIAN_POINT('',(0.0141507062470773,0.057,0.0143158883055051));
#10172=CARTESIAN_POINT('',(0.0141507062470773,0.057,0.0143158883055051));
#10173=CARTESIAN_POINT('',(0.0160465395804107,0.057,0.0143158883055051));
#10174=CARTESIAN_POINT('',(0.0141507062470773,0.057,0.0133074247638384));
#10175=CARTESIAN_POINT('',(0.0141507062470773,0.057,0.0122989612221718));
#10176=CARTESIAN_POINT('',(0.0141507062470773,0.057,0.0122989612221718));
#10177=CARTESIAN_POINT('',(0.0141507062470773,0.057,0.0133074247638384));
#10178=CARTESIAN_POINT('',(0.013596669788744,0.057,0.0122989612221718));
#10179=CARTESIAN_POINT('',(0.0130426333304107,0.057,0.0122989612221718));
#10180=CARTESIAN_POINT('',(0.0130426333304107,0.057,0.0122989612221718));
#10181=CARTESIAN_POINT('',(0.013596669788744,0.057,0.0122989612221718));
#10182=CARTESIAN_POINT('',(0.0130426333304107,0.057,0.0147195341388384));
#10183=CARTESIAN_POINT('',(0.0130426333304107,0.057,0.0171401070555051));
#10184=CARTESIAN_POINT('',(0.0130428328360871,0.057,0.0171401092899268));
#10185=CARTESIAN_POINT('',(0.0130426333304107,0.057,0.0147195341388384));
#10186=CARTESIAN_POINT('',(0.0141437819209491,0.0570000000000001,0.0171524396884324));
#10187=CARTESIAN_POINT('',(0.0132008364554107,0.057,0.0177201851805051));
#10188=CARTESIAN_POINT('',(0.0132007785603415,0.057,0.0177202201120987));
#10189=CARTESIAN_POINT('',(0.0141437819209491,0.057,0.0171524396884324));
#10190=CARTESIAN_POINT('',(0.0142346258881817,0.0570000000000001,0.0170998623825604));
#10191=CARTESIAN_POINT('',(0.013625966663744,0.057,0.0181407580971718));
#10192=CARTESIAN_POINT('',(0.0136260063003526,0.057,0.0181406894420397));
#10193=CARTESIAN_POINT('',(0.0142346258881817,0.057,0.0170998623825604));
#10194=CARTESIAN_POINT('',(0.0142000162785616,0.0570000000000001,0.0171765902774063));
#10195=CARTESIAN_POINT('',(0.0142092999970773,0.057,0.0182989612221718));
#10196=CARTESIAN_POINT('',(0.0142092988876778,0.05699999975,0.0182988270994273));
#10197=CARTESIAN_POINT('',(0.0142000162785616,0.057,0.0171765902774063));
#10198=CARTESIAN_POINT('',(0.0160465395804107,0.057,0.0182989612221718));
#10199=CARTESIAN_POINT('',(0.017883779163744,0.057,0.0182989612221718));
#10200=CARTESIAN_POINT('',(0.0178837809713679,0.057,0.0182987844355741));
#10201=CARTESIAN_POINT('',(0.0160465395804107,0.057,0.0182989612221718));
#10202=CARTESIAN_POINT('',(0.0178950478582474,0.0570000000000001,0.0171968767885394));
#10203=CARTESIAN_POINT('',(0.0184632062470773,0.057,0.0181407580971718));
#10204=CARTESIAN_POINT('',(0.0184632059337149,0.057,0.0181407569111394));
#10205=CARTESIAN_POINT('',(0.0178950478582474,0.057,0.0171968767885394));
#10206=CARTESIAN_POINT('',(0.0178406352526405,0.0570000000000001,0.017095929962773));
#10207=CARTESIAN_POINT('',(0.0188844302054107,0.057,0.0177201851805051));
#10208=CARTESIAN_POINT('',(0.0188844585435647,0.057,0.0177202024486198));
#10209=CARTESIAN_POINT('',(0.0178406352526405,0.057,0.017095929962773));
#10210=CARTESIAN_POINT('',(0.0179414847398722,0.0570000000000001,0.0171524396884324));
#10211=CARTESIAN_POINT('',(0.0179414847398722,0.057,0.0171524396884324));
#10212=CARTESIAN_POINT('',(0.0141507062470773,0.057,0.0162533883055051));
#10213=CARTESIAN_POINT('',(0.0141507062470773,0.055,0.0162533883055051));
#10214=CARTESIAN_POINT('',(0.0141507062470773,0.057,0.0162533883055051));
#10215=CARTESIAN_POINT('',(0.,0.057,0.015));
#10216=CARTESIAN_POINT('',(0.,0.055,0.04));
#10217=CARTESIAN_POINT('',(0.0238529924095218,0.057,0.0143508363264432));
#10218=CARTESIAN_POINT('',(0.0228716848219664,0.057,0.014353232264048));
#10219=CARTESIAN_POINT('',(0.0228716848219664,0.057,0.014353232264048));
#10220=CARTESIAN_POINT('',(0.0238529924095218,0.057,0.0143508363264432));
#10221=CARTESIAN_POINT('',(0.0248342999970773,0.057,0.0143484403888384));
#10222=CARTESIAN_POINT('',(0.0248342999970773,0.057,0.0143484403888384));
#10223=CARTESIAN_POINT('',(0.0220111955345219,0.057,0.0133260967431099));
#10224=CARTESIAN_POINT('',(0.0211507062470773,0.057,0.0122989612221718));
#10225=CARTESIAN_POINT('',(0.0211507062470773,0.057,0.0122989612221718));
#10226=CARTESIAN_POINT('',(0.0220111955345219,0.057,0.0133260967431099));
#10227=CARTESIAN_POINT('',(0.0205504458304107,0.057,0.0122989612221718));
#10228=CARTESIAN_POINT('',(0.019950185413744,0.057,0.0122989612221718));
#10229=CARTESIAN_POINT('',(0.019950185413744,0.057,0.0122989612221718));
#10230=CARTESIAN_POINT('',(0.0205504458304107,0.057,0.0122989612221718));
#10231=CARTESIAN_POINT('',(0.019950185413744,0.057,0.0124532580971718));
#10232=CARTESIAN_POINT('',(0.019950185413744,0.057,0.0126075549721718));
#10233=CARTESIAN_POINT('',(0.019950185413744,0.057,0.0126075549721718));
#10234=CARTESIAN_POINT('',(0.019950185413744,0.057,0.0124532580971718));
#10235=CARTESIAN_POINT('',(0.0206912223168627,0.057,0.0134821508520153));
#10236=CARTESIAN_POINT('',(0.0214322592199813,0.057,0.0143567467318589));
#10237=CARTESIAN_POINT('',(0.0214322592199813,0.057,0.0143567467318589));
#10238=CARTESIAN_POINT('',(0.0206912223168627,0.057,0.0134821508520153));
#10239=CARTESIAN_POINT('',(0.021266743150196,0.057,0.0143571508520153));
#10240=CARTESIAN_POINT('',(0.0211012270804107,0.057,0.0143575549721718));
#10241=CARTESIAN_POINT('',(0.0211012253805252,0.057,0.0143577281551295));
#10242=CARTESIAN_POINT('',(0.021266743150196,0.057,0.0143571508520153));
#10243=CARTESIAN_POINT('',(0.0210900056100847,0.0570000000000001,0.015500789311561));
#10244=CARTESIAN_POINT('',(0.0205172427054107,0.057,0.0145118518471718));
#10245=CARTESIAN_POINT('',(0.0205172288623627,0.057,0.0145118283312949));
#10246=CARTESIAN_POINT('',(0.0210900056100847,0.057,0.015500789311561));
#10247=CARTESIAN_POINT('',(0.0210981259703452,0.0570000000000001,0.0155223815636451));
#10248=CARTESIAN_POINT('',(0.020092763538744,0.057,0.0149324247638384));
#10249=CARTESIAN_POINT('',(0.0200928134432518,0.057,0.0149324535947446));
#10250=CARTESIAN_POINT('',(0.0210981259703452,0.057,0.0155223815636451));
#10251=CARTESIAN_POINT('',(0.02105353101765,0.0570000000000001,0.0155054906393606));
#10252=CARTESIAN_POINT('',(0.019934560413744,0.057,0.0155151070555051));
#10253=CARTESIAN_POINT('',(0.0199347015931035,0.05699999975,0.0155151058422119));
#10254=CARTESIAN_POINT('',(0.02105353101765,0.057,0.0155054906393606));
#10255=CARTESIAN_POINT('',(0.019934560413744,0.057,0.0163237008055051));
#10256=CARTESIAN_POINT('',(0.019934560413744,0.057,0.0171322945555051));
#10257=CARTESIAN_POINT('',(0.019934744387054,0.057,0.017132296497312));
#10258=CARTESIAN_POINT('',(0.019934560413744,0.057,0.0163237008055051));
#10259=CARTESIAN_POINT('',(0.0210332906500826,0.0570000000000001,0.0171438914654483));
#10260=CARTESIAN_POINT('',(0.020092763538744,0.057,0.0177110705971718));
#10261=CARTESIAN_POINT('',(0.0200927207513845,0.057,0.0177110964932814));
#10262=CARTESIAN_POINT('',(0.0210332906500826,0.057,0.0171438914654483));
#10263=CARTESIAN_POINT('',(0.0211327080000784,0.0570000000000001,0.0170871240769893));
#10264=CARTESIAN_POINT('',(0.0205172427054107,0.057,0.0181322945555051));
#10265=CARTESIAN_POINT('',(0.0205172717326496,0.057,0.0181322442785634));
#10266=CARTESIAN_POINT('',(0.0211327080000784,0.057,0.0170871240769893));
#10267=CARTESIAN_POINT('',(0.0210910128017218,0.0570000000000001,0.017173279136267));
#10268=CARTESIAN_POINT('',(0.0211012270804107,0.057,0.0182911487221718));
#10269=CARTESIAN_POINT('',(0.0211012256761394,0.05699999975,0.0182909950361252));
#10270=CARTESIAN_POINT('',(0.0210910128017218,0.057,0.017173279136267));
#10271=CARTESIAN_POINT('',(0.0235178937470773,0.057,0.0182911487221718));
#10272=CARTESIAN_POINT('',(0.025934560413744,0.057,0.0182911487221718));
#10273=CARTESIAN_POINT('',(0.025934560413744,0.057,0.0182911487221718));
#10274=CARTESIAN_POINT('',(0.0235178937470773,0.057,0.0182911487221718));
#10275=CARTESIAN_POINT('',(0.025934560413744,0.057,0.0152950549721718));
#10276=CARTESIAN_POINT('',(0.025934560413744,0.057,0.0122989612221718));
#10277=CARTESIAN_POINT('',(0.025934560413744,0.057,0.0122989612221718));
#10278=CARTESIAN_POINT('',(0.025934560413744,0.057,0.0152950549721718));
#10279=CARTESIAN_POINT('',(0.0253844302054106,0.057,0.0122989612221718));
#10280=CARTESIAN_POINT('',(0.0248342999970773,0.057,0.0122989612221718));
#10281=CARTESIAN_POINT('',(0.0248342999970773,0.057,0.0122989612221718));
#10282=CARTESIAN_POINT('',(0.0253844302054106,0.057,0.0122989612221718));
#10283=CARTESIAN_POINT('',(0.022942372913744,0.057,0.0154656278888385));
#10284=CARTESIAN_POINT('',(0.022942372913744,0.055,0.0154656278888385));
#10285=CARTESIAN_POINT('',(0.0247340415957855,0.055,0.0154656978882801));
#10286=CARTESIAN_POINT('',(0.02115070606523,0.055,0.0154656458194582));
#10287=CARTESIAN_POINT('',(0.0247340395804106,0.057,0.0154656278888385));
#10288=CARTESIAN_POINT('',(0.0247340415957855,0.057,0.0154656978882801));
#10289=CARTESIAN_POINT('',(0.022942372913744,0.057,0.0154656278888385));
#10290=CARTESIAN_POINT('',(0.02115070606523,0.05699999975,0.0154656458194582));
#10291=CARTESIAN_POINT('',(0.0211507062470773,0.057,0.0154656278888385));
#10292=CARTESIAN_POINT('',(0.0247370995307583,0.057,0.0155719082744694));
#10293=CARTESIAN_POINT('',(0.0247370995307583,0.055,0.0155719082744694));
#10294=CARTESIAN_POINT('',(0.0248050262930813,0.055,0.0154903397534245));
#10295=CARTESIAN_POINT('',(0.0248050031220773,0.057,0.0154903674721718));
#10296=CARTESIAN_POINT('',(0.0248050262930813,0.057,0.0154903397534245));
#10297=CARTESIAN_POINT('',(0.0247370995307583,0.057,0.0155719082744694));
#10298=CARTESIAN_POINT('',(0.024751917681033,0.057,0.0155531135139557));
#10299=CARTESIAN_POINT('',(0.024751917681033,0.055,0.0155531135139557));
#10300=CARTESIAN_POINT('',(0.0248341982699488,0.055,0.0155567692024825));
#10301=CARTESIAN_POINT('',(0.0248342999970773,0.057,0.0155567737221718));
#10302=CARTESIAN_POINT('',(0.0248341982699488,0.05699999975,0.0155567692024825));
#10303=CARTESIAN_POINT('',(0.024751917681033,0.057,0.0155531135139557));
#10304=CARTESIAN_POINT('',(0.0248342999970773,0.057,0.0163237008055051));
#10305=CARTESIAN_POINT('',(0.0248342999970773,0.055,0.0163237008055051));
#10306=CARTESIAN_POINT('',(0.0248342692838171,0.055,0.0170906284433657));
#10307=CARTESIAN_POINT('',(0.0248342999970773,0.057,0.0170906278888385));
#10308=CARTESIAN_POINT('',(0.0248342692838171,0.057,0.0170906284433657));
#10309=CARTESIAN_POINT('',(0.0248342999970773,0.057,0.0163237008055051));
#10310=CARTESIAN_POINT('',(0.0247378676653114,0.057,0.017092368972353));
#10311=CARTESIAN_POINT('',(0.0247378676653114,0.055,0.017092368972353));
#10312=CARTESIAN_POINT('',(0.0248049720383553,0.055,0.0171615598677643));
#10313=CARTESIAN_POINT('',(0.0248049722741964,0.057,0.0171615596245866));
#10314=CARTESIAN_POINT('',(0.0248049720383553,0.057,0.0171615598677643));
#10315=CARTESIAN_POINT('',(0.0247378676653114,0.057,0.017092368972353));
#10316=CARTESIAN_POINT('',(0.0247357806639252,0.057,0.0170944559737392));
#10317=CARTESIAN_POINT('',(0.0247357806639252,0.055,0.0170944559737392));
#10318=CARTESIAN_POINT('',(0.0247340401349379,0.055,0.0171908575922449));
#10319=CARTESIAN_POINT('',(0.0247340395804106,0.057,0.0171908883055051));
#10320=CARTESIAN_POINT('',(0.0247340401349379,0.05699999975,0.0171908575922449));
#10321=CARTESIAN_POINT('',(0.0247357806639252,0.057,0.0170944559737392));
#10322=CARTESIAN_POINT('',(0.022942372913744,0.057,0.0171908883055051));
#10323=CARTESIAN_POINT('',(0.022942372913744,0.055,0.0171908883055051));
#10324=CARTESIAN_POINT('',(0.0211507062238251,0.055,0.0171909109881004));
#10325=CARTESIAN_POINT('',(0.0211507062470773,0.057,0.0171908883055051));
#10326=CARTESIAN_POINT('',(0.0211507062238251,0.057,0.0171909109881004));
#10327=CARTESIAN_POINT('',(0.022942372913744,0.057,0.0171908883055051));
#10328=CARTESIAN_POINT('',(0.0211508189614167,0.057,0.0170809352272647));
#10329=CARTESIAN_POINT('',(0.0211508189614167,0.055,0.0170809352272647));
#10330=CARTESIAN_POINT('',(0.0210758939215859,0.055,0.0171615267394551));
#10331=CARTESIAN_POINT('',(0.0210758364554107,0.057,0.0171615914305051));
#10332=CARTESIAN_POINT('',(0.0210758939215859,0.057,0.0171615267394552));
#10333=CARTESIAN_POINT('',(0.0211508189614167,0.057,0.0170809352272647));
#10334=CARTESIAN_POINT('',(0.0211336356778611,0.057,0.0170910296545264));
#10335=CARTESIAN_POINT('',(0.0211336356778611,0.055,0.0170910296545264));
#10336=CARTESIAN_POINT('',(0.0210426147862158,0.055,0.0170906278069678));
#10337=CARTESIAN_POINT('',(0.0210426333304107,0.057,0.0170906278888385));
#10338=CARTESIAN_POINT('',(0.0210426147862158,0.05699999975,0.0170906278069678));
#10339=CARTESIAN_POINT('',(0.0211336356778611,0.057,0.0170910296545264));
#10340=CARTESIAN_POINT('',(0.0210426333304107,0.057,0.0163237008055051));
#10341=CARTESIAN_POINT('',(0.0210426333304107,0.055,0.0163237008055051));
#10342=CARTESIAN_POINT('',(0.0210426836311322,0.055,0.0155567722119971));
#10343=CARTESIAN_POINT('',(0.0210426333304107,0.057,0.0155567737221718));
#10344=CARTESIAN_POINT('',(0.0210426836311322,0.057,0.0155567722119971));
#10345=CARTESIAN_POINT('',(0.0210426333304107,0.057,0.0163237008055051));
#10346=CARTESIAN_POINT('',(0.0211209913365108,0.057,0.0155544211858009));
#10347=CARTESIAN_POINT('',(0.0211209913365108,0.055,0.0155544211858009));
#10348=CARTESIAN_POINT('',(0.0210758585293201,0.055,0.015490399198099));
#10349=CARTESIAN_POINT('',(0.0210758364554107,0.057,0.0154903674721718));
#10350=CARTESIAN_POINT('',(0.0210758585293201,0.057,0.015490399198099));
#10351=CARTESIAN_POINT('',(0.0211209913365108,0.057,0.0155544211858009));
#10352=CARTESIAN_POINT('',(0.021149469062971,0.0570000000000001,0.0155876174738235));
#10353=CARTESIAN_POINT('',(0.021149469062971,0.055,0.0155876174738235));
#10354=CARTESIAN_POINT('',(0.021149469062971,0.057,0.0155876174738235));
#10355=CARTESIAN_POINT('',(0.0248342999970773,0.057,0.0133237008055051));
#10356=CARTESIAN_POINT('',(0.0248342999970773,0.057,0.0133237008055051));
#10357=CARTESIAN_POINT('',(0.,0.057,0.015));
#10358=CARTESIAN_POINT('',(0.,0.055,0.04));
#10359=CARTESIAN_POINT('',(0.029967763538744,0.057,0.0159070341388385));
#10360=CARTESIAN_POINT('',(0.029967763538744,0.055,0.0159070341388385));
#10361=CARTESIAN_POINT('',(0.0316428943016045,0.055,0.0159070648520986));
#10362=CARTESIAN_POINT('',(0.0282926288107214,0.055,0.015907135865967));
#10363=CARTESIAN_POINT('',(0.0316428937470773,0.057,0.0159070341388385));
#10364=CARTESIAN_POINT('',(0.0316428943016045,0.057,0.0159070648520986));
#10365=CARTESIAN_POINT('',(0.029967763538744,0.057,0.0159070341388385));
#10366=CARTESIAN_POINT('',(0.0282926288107214,0.05699999975,0.015907135865967));
#10367=CARTESIAN_POINT('',(0.0282926333304107,0.057,0.0159070341388385));
#10368=CARTESIAN_POINT('',(0.0316446348305912,0.057,0.016003466470606));
#10369=CARTESIAN_POINT('',(0.0316446348305912,0.055,0.016003466470606));
#10370=CARTESIAN_POINT('',(0.0317138257260043,0.055,0.0159363620975615));
#10371=CARTESIAN_POINT('',(0.0317138254828254,0.057,0.0159363618617193));
#10372=CARTESIAN_POINT('',(0.0317138257260043,0.057,0.0159363620975615));
#10373=CARTESIAN_POINT('',(0.0316446348305912,0.057,0.016003466470606));
#10374=CARTESIAN_POINT('',(0.0316467218319781,0.057,0.0160055534719906));
#10375=CARTESIAN_POINT('',(0.0316467218319781,0.055,0.0160055534719906));
#10376=CARTESIAN_POINT('',(0.0317431234504838,0.055,0.0160072940009779));
#10377=CARTESIAN_POINT('',(0.031743154163744,0.057,0.0160072945555051));
#10378=CARTESIAN_POINT('',(0.0317431234504838,0.05699999975,0.0160072940009779));
#10379=CARTESIAN_POINT('',(0.0316467218319781,0.057,0.0160055534719906));
#10380=CARTESIAN_POINT('',(0.031743154163744,0.057,0.0165489612221718));
#10381=CARTESIAN_POINT('',(0.031743154163744,0.055,0.0165489612221718));
#10382=CARTESIAN_POINT('',(0.0317431234504838,0.055,0.0170906284433657));
#10383=CARTESIAN_POINT('',(0.031743154163744,0.057,0.0170906278888385));
#10384=CARTESIAN_POINT('',(0.0317431234504838,0.057,0.0170906284433657));
#10385=CARTESIAN_POINT('',(0.031743154163744,0.057,0.0165489612221718));
#10386=CARTESIAN_POINT('',(0.0316467218319781,0.057,0.017092368972353));
#10387=CARTESIAN_POINT('',(0.0316467218319781,0.055,0.017092368972353));
#10388=CARTESIAN_POINT('',(0.031713826205023,0.055,0.0171615598677634));
#10389=CARTESIAN_POINT('',(0.0317138264408632,0.057,0.0171615596245866));
#10390=CARTESIAN_POINT('',(0.031713826205023,0.057,0.0171615598677634));
#10391=CARTESIAN_POINT('',(0.0316467218319781,0.057,0.017092368972353));
#10392=CARTESIAN_POINT('',(0.0316446348305912,0.057,0.0170944559737376));
#10393=CARTESIAN_POINT('',(0.0316446348305912,0.055,0.0170944559737376));
#10394=CARTESIAN_POINT('',(0.0316428943016045,0.055,0.017190857592245));
#10395=CARTESIAN_POINT('',(0.0316428937470773,0.057,0.0171908883055051));
#10396=CARTESIAN_POINT('',(0.0316428943016045,0.05699999975,0.017190857592245));
#10397=CARTESIAN_POINT('',(0.0316446348305912,0.057,0.0170944559737376));
#10398=CARTESIAN_POINT('',(0.029967763538744,0.057,0.0171908883055051));
#10399=CARTESIAN_POINT('',(0.029967763538744,0.055,0.0171908883055051));
#10400=CARTESIAN_POINT('',(0.0282926288107213,0.055,0.0171907865783758));
#10401=CARTESIAN_POINT('',(0.0282926333304107,0.057,0.0171908883055051));
#10402=CARTESIAN_POINT('',(0.0282926288107213,0.057,0.0171907865783758));
#10403=CARTESIAN_POINT('',(0.029967763538744,0.057,0.0171908883055051));
#10404=CARTESIAN_POINT('',(0.0282889731221854,0.057,0.0171085059894816));
#10405=CARTESIAN_POINT('',(0.0282889731221854,0.055,0.0171085059894816));
#10406=CARTESIAN_POINT('',(0.0282261994530878,0.055,0.0171616147085075));
#10407=CARTESIAN_POINT('',(0.0282262270804106,0.057,0.0171615914305051));
#10408=CARTESIAN_POINT('',(0.0282261994530878,0.057,0.0171616147085075));
#10409=CARTESIAN_POINT('',(0.0282889731221854,0.057,0.0171085059894816));
#10410=CARTESIAN_POINT('',(0.0283077678827083,0.0570000000000001,0.0170936878391861));
#10411=CARTESIAN_POINT('',(0.0283077678827083,0.055,0.0170936878391861));
#10412=CARTESIAN_POINT('',(0.028201557496519,0.055,0.0170906299042133));
#10413=CARTESIAN_POINT('',(0.0282014874970773,0.057,0.0170906278888385));
#10414=CARTESIAN_POINT('',(0.028201557496519,0.05699999975,0.0170906299042133));
#10415=CARTESIAN_POINT('',(0.0283077678827083,0.057,0.0170936878391861));
#10416=CARTESIAN_POINT('',(0.0282014874970773,0.057,0.0165489612221718));
#10417=CARTESIAN_POINT('',(0.0282014874970773,0.055,0.0165489612221718));
#10418=CARTESIAN_POINT('',(0.028201557496519,0.055,0.0160072925401303));
#10419=CARTESIAN_POINT('',(0.0282014874970773,0.057,0.0160072945555051));
#10420=CARTESIAN_POINT('',(0.028201557496519,0.057,0.0160072925401303));
#10421=CARTESIAN_POINT('',(0.0282014874970773,0.057,0.0165489612221718));
#10422=CARTESIAN_POINT('',(0.0283077678827083,0.057,0.0160042346051575));
#10423=CARTESIAN_POINT('',(0.0283077678827083,0.055,0.0160042346051575));
#10424=CARTESIAN_POINT('',(0.0282261993616633,0.055,0.0159363078428345));
#10425=CARTESIAN_POINT('',(0.0282262270804106,0.057,0.0159363310138384));
#10426=CARTESIAN_POINT('',(0.0282261993616633,0.057,0.0159363078428345));
#10427=CARTESIAN_POINT('',(0.0283077678827083,0.057,0.0160042346051575));
#10428=CARTESIAN_POINT('',(0.0298512270804107,0.057,0.0134070341388384));
#10429=CARTESIAN_POINT('',(0.0298512270804107,0.055,0.0134070341388384));
#10430=CARTESIAN_POINT('',(0.0316428943016045,0.055,0.0134070648520986));
#10431=CARTESIAN_POINT('',(0.0280595603904918,0.055,0.0134070114562431));
#10432=CARTESIAN_POINT('',(0.0316428937470773,0.057,0.0134070341388384));
#10433=CARTESIAN_POINT('',(0.0316428943016045,0.057,0.0134070648520986));
#10434=CARTESIAN_POINT('',(0.0298512270804107,0.057,0.0134070341388384));
#10435=CARTESIAN_POINT('',(0.0280595603904918,0.05699999975,0.0134070114562431));
#10436=CARTESIAN_POINT('',(0.028059560413744,0.057,0.0134070341388384));
#10437=CARTESIAN_POINT('',(0.0316446348305919,0.057,0.0135034664706044));
#10438=CARTESIAN_POINT('',(0.0316446348305919,0.055,0.0135034664706044));
#10439=CARTESIAN_POINT('',(0.0317138257260022,0.055,0.0134363620975594));
#10440=CARTESIAN_POINT('',(0.0317138254828255,0.057,0.0134363618617193));
#10441=CARTESIAN_POINT('',(0.0317138257260022,0.057,0.0134363620975594));
#10442=CARTESIAN_POINT('',(0.0316446348305919,0.057,0.0135034664706044));
#10443=CARTESIAN_POINT('',(0.0316467218319765,0.057,0.0135055534719912));
#10444=CARTESIAN_POINT('',(0.0316467218319765,0.055,0.0135055534719912));
#10445=CARTESIAN_POINT('',(0.0317431234504839,0.055,0.0135072940009779));
#10446=CARTESIAN_POINT('',(0.031743154163744,0.057,0.0135072945555051));
#10447=CARTESIAN_POINT('',(0.0317431234504839,0.05699999975,0.0135072940009779));
#10448=CARTESIAN_POINT('',(0.0316467218319765,0.057,0.0135055534719912));
#10449=CARTESIAN_POINT('',(0.031743154163744,0.057,0.0141029976805051));
#10450=CARTESIAN_POINT('',(0.031743154163744,0.055,0.0141029976805051));
#10451=CARTESIAN_POINT('',(0.0317431234504839,0.055,0.0146987013600323));
#10452=CARTESIAN_POINT('',(0.031743154163744,0.057,0.0146987008055051));
#10453=CARTESIAN_POINT('',(0.0317431234504839,0.057,0.0146987013600323));
#10454=CARTESIAN_POINT('',(0.031743154163744,0.057,0.0141029976805051));
#10455=CARTESIAN_POINT('',(0.0316467218319765,0.057,0.014700441889019));
#10456=CARTESIAN_POINT('',(0.0316467218319765,0.055,0.014700441889019));
#10457=CARTESIAN_POINT('',(0.031713826205021,0.055,0.014769632784432));
#10458=CARTESIAN_POINT('',(0.0317138264408631,0.057,0.0147696325412532));
#10459=CARTESIAN_POINT('',(0.031713826205021,0.057,0.014769632784432));
#10460=CARTESIAN_POINT('',(0.0316467218319765,0.057,0.014700441889019));
#10461=CARTESIAN_POINT('',(0.0316446348305919,0.057,0.0147025288904059));
#10462=CARTESIAN_POINT('',(0.0316446348305919,0.055,0.0147025288904059));
#10463=CARTESIAN_POINT('',(0.0316428943016045,0.055,0.0147989305089116));
#10464=CARTESIAN_POINT('',(0.0316428937470773,0.057,0.0147989612221718));
#10465=CARTESIAN_POINT('',(0.0316428943016045,0.05699999975,0.0147989305089116));
#10466=CARTESIAN_POINT('',(0.0316446348305919,0.057,0.0147025288904059));
#10467=CARTESIAN_POINT('',(0.0298512270804107,0.057,0.0147989612221718));
#10468=CARTESIAN_POINT('',(0.0298512270804107,0.055,0.0147989612221718));
#10469=CARTESIAN_POINT('',(0.0280595603904918,0.055,0.0147989839047672));
#10470=CARTESIAN_POINT('',(0.028059560413744,0.057,0.0147989612221718));
#10471=CARTESIAN_POINT('',(0.0280595603904918,0.057,0.0147989839047672));
#10472=CARTESIAN_POINT('',(0.0298512270804107,0.057,0.0147989612221718));
#10473=CARTESIAN_POINT('',(0.0280596731280837,0.057,0.0146890081439316));
#10474=CARTESIAN_POINT('',(0.0280596731280837,0.055,0.0146890081439316));
#10475=CARTESIAN_POINT('',(0.0279847480882525,0.055,0.0147695996561218));
#10476=CARTESIAN_POINT('',(0.0279846906220773,0.057,0.0147696643471718));
#10477=CARTESIAN_POINT('',(0.0279847480882525,0.057,0.0147695996561218));
#10478=CARTESIAN_POINT('',(0.0280596731280837,0.057,0.0146890081439316));
#10479=CARTESIAN_POINT('',(0.0280424898445277,0.057,0.0146991025711931));
#10480=CARTESIAN_POINT('',(0.0280424898445277,0.055,0.0146991025711931));
#10481=CARTESIAN_POINT('',(0.0279514689528825,0.055,0.0146987007236345));
#10482=CARTESIAN_POINT('',(0.0279514874970773,0.057,0.0146987008055051));
#10483=CARTESIAN_POINT('',(0.0279514689528825,0.05699999975,0.0146987007236345));
#10484=CARTESIAN_POINT('',(0.0280424898445277,0.057,0.0146991025711931));
#10485=CARTESIAN_POINT('',(0.0279514874970773,0.057,0.0141029976805051));
#10486=CARTESIAN_POINT('',(0.0279514874970773,0.055,0.0141029976805051));
#10487=CARTESIAN_POINT('',(0.0279514689528825,0.055,0.0135072946373758));
#10488=CARTESIAN_POINT('',(0.0279514874970773,0.057,0.0135072945555051));
#10489=CARTESIAN_POINT('',(0.0279514689528825,0.057,0.0135072946373758));
#10490=CARTESIAN_POINT('',(0.0279514874970773,0.057,0.0141029976805051));
#10491=CARTESIAN_POINT('',(0.0280424898445277,0.057,0.0135068927898172));
#10492=CARTESIAN_POINT('',(0.0280424898445277,0.055,0.0135068927898172));
#10493=CARTESIAN_POINT('',(0.027984745023034,0.055,0.0134363977710579));
#10494=CARTESIAN_POINT('',(0.0279846906220773,0.057,0.0134363310138384));
#10495=CARTESIAN_POINT('',(0.027984745023034,0.057,0.0134363977710579));
#10496=CARTESIAN_POINT('',(0.0280424898445277,0.057,0.0135068927898172));
#10497=CARTESIAN_POINT('',(0.0328421124970774,0.057,0.0152989612221718));
#10498=CARTESIAN_POINT('',(0.0328421124970774,0.057,0.0122989612221718));
#10499=CARTESIAN_POINT('',(0.0328421124970774,0.057,0.0122989612221718));
#10500=CARTESIAN_POINT('',(0.0328421124970774,0.057,0.0152989612221718));
#10501=CARTESIAN_POINT('',(0.0328421124970774,0.057,0.0182989612221718));
#10502=CARTESIAN_POINT('',(0.0328421124970774,0.057,0.0182989612221718));
#10503=CARTESIAN_POINT('',(0.0304254458304106,0.057,0.0122989612221718));
#10504=CARTESIAN_POINT('',(0.028008779163744,0.057,0.0122989612221718));
#10505=CARTESIAN_POINT('',(0.0280087779504508,0.057,0.0122991024015313));
#10506=CARTESIAN_POINT('',(0.0304254458304106,0.057,0.0122989612221718));
#10507=CARTESIAN_POINT('',(0.0279991627475991,0.0570000000000001,0.0134179318260766));
#10508=CARTESIAN_POINT('',(0.0274260968720773,0.057,0.0124571643471718));
#10509=CARTESIAN_POINT('',(0.0274261280953801,0.057,0.012457217914694));
#10510=CARTESIAN_POINT('',(0.0279991627475991,0.057,0.0134179318260766));
#10511=CARTESIAN_POINT('',(0.0280400084557579,0.0570000000000001,0.0135032577550112));
#10512=CARTESIAN_POINT('',(0.027000966663744,0.057,0.0128777372638384));
#10513=CARTESIAN_POINT('',(0.0270009203182604,0.057,0.0128777091779059));
#10514=CARTESIAN_POINT('',(0.0280400084557579,0.057,0.0135032577550112));
#10515=CARTESIAN_POINT('',(0.0279398183629473,0.0570000000000001,0.0134456280711471));
#10516=CARTESIAN_POINT('',(0.0268421124970773,0.057,0.0134578153888384));
#10517=CARTESIAN_POINT('',(0.0268423091943652,0.05699999975,0.0134578132049999));
#10518=CARTESIAN_POINT('',(0.0279398183629473,0.057,0.0134456280711471));
#10519=CARTESIAN_POINT('',(0.0268421124970773,0.057,0.0141036487221718));
#10520=CARTESIAN_POINT('',(0.0268421124970773,0.057,0.0147494820555051));
#10521=CARTESIAN_POINT('',(0.0268419738218694,0.057,0.0147494831620314));
#10522=CARTESIAN_POINT('',(0.0268421124970773,0.057,0.0141036487221718));
#10523=CARTESIAN_POINT('',(0.0279065244331539,0.0570000000000001,0.0147409888299623));
#10524=CARTESIAN_POINT('',(0.0269300031220773,0.057,0.0151661487221718));
#10525=CARTESIAN_POINT('',(0.0269301036914967,0.057,0.0151661036735721));
#10526=CARTESIAN_POINT('',(0.0279065244331539,0.057,0.0147409888299623));
#10527=CARTESIAN_POINT('',(0.0287052935347299,0.0570000000000004,0.0144102356948198));
#10528=CARTESIAN_POINT('',(0.0271598747595866,0.057,0.0155657418155598));
#10529=CARTESIAN_POINT('',(0.0271598747595866,0.057,0.0155657418155598));
#10530=CARTESIAN_POINT('',(0.0287052935347299,0.057,0.0144102356948198));
#10531=CARTESIAN_POINT('',(0.0278549819926206,0.0570000000000003,0.0158832336545532));
#10532=CARTESIAN_POINT('',(0.0271012270804106,0.057,0.0157572945555051));
#10533=CARTESIAN_POINT('',(0.0271012153174376,0.057,0.0157572926244229));
#10534=CARTESIAN_POINT('',(0.0278549819926206,0.057,0.0158832336545532));
#10535=CARTESIAN_POINT('',(0.0283345779433662,0.0570000000000008,0.0159618129364172));
#10536=CARTESIAN_POINT('',(0.0270842999970774,0.057,0.0159656278888385));
#10537=CARTESIAN_POINT('',(0.0270843230777595,0.05699999975,0.0159656278184127));
#10538=CARTESIAN_POINT('',(0.0283345779433662,0.057,0.0159618129364172));
#10539=CARTESIAN_POINT('',(0.0270842999970774,0.057,0.0165528674721718));
#10540=CARTESIAN_POINT('',(0.0270842999970774,0.057,0.0171401070555051));
#10541=CARTESIAN_POINT('',(0.0270844995027538,0.057,0.0171401092899268));
#10542=CARTESIAN_POINT('',(0.0270842999970774,0.057,0.0165528674721718));
#10543=CARTESIAN_POINT('',(0.0281854485876133,0.0570000000000001,0.0171524396884331));
#10544=CARTESIAN_POINT('',(0.0272425031220773,0.057,0.0177201851805051));
#10545=CARTESIAN_POINT('',(0.0272424796354795,0.057,0.0177201996270769));
#10546=CARTESIAN_POINT('',(0.0281854485876133,0.057,0.0171524396884331));
#10547=CARTESIAN_POINT('',(0.0282880265003657,0.0570000000000001,0.0170952347188834));
#10548=CARTESIAN_POINT('',(0.027663076038744,0.057,0.0181407580971718));
#10549=CARTESIAN_POINT('',(0.0276630616301851,0.057,0.0181407816062207));
#10550=CARTESIAN_POINT('',(0.0282880265003657,0.057,0.0170952347188834));
#10551=CARTESIAN_POINT('',(0.0282308215308167,0.0570000000000001,0.0171978126316334));
#10552=CARTESIAN_POINT('',(0.028243154163744,0.057,0.0182989612221718));
#10553=CARTESIAN_POINT('',(0.0282431519293223,0.05699999975,0.0182987617164954));
#10554=CARTESIAN_POINT('',(0.0282308215308167,0.057,0.0171978126316334));
#10555=CARTESIAN_POINT('',(0.0280596731280837,0.057,0.0135169872170787));
#10556=CARTESIAN_POINT('',(0.0280596731280837,0.055,0.0135169872170787));
#10557=CARTESIAN_POINT('',(0.0280596731280837,0.057,0.0135169872170787));
#10558=CARTESIAN_POINT('',(0.0305426333304106,0.057,0.0182989612221718));
#10559=CARTESIAN_POINT('',(0.0305426333304106,0.057,0.0182989612221718));
#10560=CARTESIAN_POINT('',(0.0282889731221946,0.057,0.0159894164548829));
#10561=CARTESIAN_POINT('',(0.0282889731221946,0.055,0.0159894164548829));
#10562=CARTESIAN_POINT('',(0.0282889731221946,0.057,0.0159894164548829));
#10563=CARTESIAN_POINT('',(0.,0.057,0.015));
#10564=CARTESIAN_POINT('',(0.,0.055,0.04));
#10565=CARTESIAN_POINT('',(0.,0.055,0.04));
#10566=CARTESIAN_POINT('',(0.,-0.0382559391984577,-0.02));
#10567=MECHANICAL_DESIGN_GEOMETRIC_PRESENTATION_REPRESENTATION('',(#6106),
#10568);
#10568=(
GEOMETRIC_REPRESENTATION_CONTEXT(3)
GLOBAL_UNCERTAINTY_ASSIGNED_CONTEXT((#10569))
GLOBAL_UNIT_ASSIGNED_CONTEXT((#10572,#10571,#10570))
REPRESENTATION_CONTEXT('Part 1','TOP_LEVEL_ASSEMBLY_PART')
);
#10569=UNCERTAINTY_MEASURE_WITH_UNIT(LENGTH_MEASURE(3.63091830202893E-5),
#10572,'DISTANCE_ACCURACY_VALUE','Maximum Tolerance applied to model');
#10570=(
NAMED_UNIT(*)
SI_UNIT($,.STERADIAN.)
SOLID_ANGLE_UNIT()
);
#10571=(
NAMED_UNIT(*)
PLANE_ANGLE_UNIT()
SI_UNIT($,.RADIAN.)
);
#10572=(
LENGTH_UNIT()
NAMED_UNIT(*)
SI_UNIT($,.METRE.)
);
#10573=PRODUCT_DEFINITION_SHAPE('','',#10574);
#10574=PRODUCT_DEFINITION('','',#10576,#10575);
#10575=PRODUCT_DEFINITION_CONTEXT('',#10582,'design');
#10576=PRODUCT_DEFINITION_FORMATION_WITH_SPECIFIED_SOURCE('','',#10578,
 .NOT_KNOWN.);
#10577=PRODUCT_RELATED_PRODUCT_CATEGORY('','',(#10578));
#10578=PRODUCT('Part 1','Part 1','Part 1',(#10580));
#10579=PRODUCT_CATEGORY('','');
#10580=PRODUCT_CONTEXT('',#10582,'mechanical');
#10581=APPLICATION_PROTOCOL_DEFINITION('international standard',
'ap242_managed_model_based_3d_engineering',2020,#10582);
#10582=APPLICATION_CONTEXT('managed model based 3d engineering');
ENDSEC;
END-ISO-10303-21;
