ISO-10303-21;
HEADER;
/* Generated by software containing ST-Developer
 * from STEP Tools, Inc. (www.steptools.com) 
 */
/* OPTION: using custom renumber hook */

FILE_DESCRIPTION(
/* description */ ('STEP AP242 Edition 2',
'CAx-IF Rec.Pracs.---Representation and Presentation of Product Manufa
cturing Information (PMI)---4.0---2014-10-13',
'CAx-IF Rec.Pracs.---3D Tessellated Geometry---0.4---2014-09-14','2;1',
'CAx-IF Rec.Pracs.---User Defined Attributes---1.5---2016-08-15'),
/* implementation_level */ '2;1');

FILE_NAME(
/* name */ 'SIDE RIGHT',
/* time_stamp */ '2026-04-23T21:16:33Z',
/* author */ (''),
/* organization */ (''),
/* preprocessor_version */ 'ST-DEVELOPER v20',
/* originating_system */ 'ONSHAPE BY PTC INC, 1.213',
/* authorisation */ '  ');

FILE_SCHEMA (('AP242_MANAGED_MODEL_BASED_3D_ENGINEERING_MIM_LF { 1 0 10303 442 3 1 4 }'));
ENDSEC;

DATA;
#10=SHAPE_REPRESENTATION_RELATIONSHIP('','',#2517,#11);
#11=ADVANCED_BREP_SHAPE_REPRESENTATION('',(#2515),#4016);
#12=B_SPLINE_CURVE_WITH_KNOTS('',3,(#3501,#3502,#3503,#3504),
 .UNSPECIFIED.,.F.,.F.,(4,4),(0.50184924107524,1.),.UNSPECIFIED.);
#13=B_SPLINE_CURVE_WITH_KNOTS('',3,(#3507,#3508,#3509,#3510),
 .UNSPECIFIED.,.F.,.F.,(4,4),(0.,1.),.UNSPECIFIED.);
#14=B_SPLINE_CURVE_WITH_KNOTS('',3,(#3512,#3513,#3514,#3515),
 .UNSPECIFIED.,.F.,.F.,(4,4),(0.,1.),.UNSPECIFIED.);
#15=B_SPLINE_CURVE_WITH_KNOTS('',3,(#3517,#3518,#3519,#3520),
 .UNSPECIFIED.,.F.,.F.,(4,4),(0.,1.),.UNSPECIFIED.);
#16=B_SPLINE_CURVE_WITH_KNOTS('',3,(#3522,#3523,#3524,#3525),
 .UNSPECIFIED.,.F.,.F.,(4,4),(0.,0.498834075091968),.UNSPECIFIED.);
#17=B_SPLINE_CURVE_WITH_KNOTS('',3,(#3527,#3528,#3529,#3530),
 .UNSPECIFIED.,.F.,.F.,(4,4),(0.997668150184017,0.999999970113881),
 .UNSPECIFIED.);
#18=B_SPLINE_CURVE_WITH_KNOTS('',3,(#3532,#3533,#3534,#3535),
 .UNSPECIFIED.,.F.,.F.,(4,4),(3.52546406127116E-8,0.00369848215038718),
 .UNSPECIFIED.);
#19=B_SPLINE_SURFACE_WITH_KNOTS('',3,1,((#3493,#3494),(#3495,#3496),(#3497,
#3498),(#3499,#3500)),.SURF_OF_LINEAR_EXTRUSION.,.F.,.F.,.F.,(4,4),(2,2),
(0.124179154996415,1.),(0.,1.),.PIECEWISE_BEZIER_KNOTS.);
#20=CYLINDRICAL_SURFACE('',#2529,0.0011);
#21=CYLINDRICAL_SURFACE('',#2531,0.0011);
#22=CYLINDRICAL_SURFACE('',#2533,0.0011);
#23=CYLINDRICAL_SURFACE('',#2535,0.0011);
#24=CYLINDRICAL_SURFACE('',#2592,0.0021);
#25=CYLINDRICAL_SURFACE('',#2593,0.0021);
#26=CYLINDRICAL_SURFACE('',#2596,0.0021);
#27=CYLINDRICAL_SURFACE('',#2597,0.0021);
#28=CYLINDRICAL_SURFACE('',#2645,0.0025);
#29=CYLINDRICAL_SURFACE('',#2648,0.0025);
#30=CYLINDRICAL_SURFACE('',#2651,0.0025);
#31=CYLINDRICAL_SURFACE('',#2656,0.0025);
#32=CIRCLE('',#2521,0.0011);
#33=CIRCLE('',#2522,0.0011);
#34=CIRCLE('',#2523,0.0011);
#35=CIRCLE('',#2524,0.0011);
#36=CIRCLE('',#2530,0.0011);
#37=CIRCLE('',#2532,0.0011);
#38=CIRCLE('',#2534,0.0011);
#39=CIRCLE('',#2536,0.0011);
#40=CIRCLE('',#2539,0.0025);
#41=CIRCLE('',#2553,0.0025);
#42=CIRCLE('',#2558,0.0021);
#43=CIRCLE('',#2573,0.0021);
#44=CIRCLE('',#2577,0.0021);
#45=CIRCLE('',#2580,0.0021);
#46=CIRCLE('',#2584,0.0021);
#47=CIRCLE('',#2587,0.0021);
#48=CIRCLE('',#2591,0.0021);
#49=CIRCLE('',#2595,0.0021);
#50=CIRCLE('',#2635,0.0025);
#51=CIRCLE('',#2636,0.0025);
#52=CIRCLE('',#2646,0.0025);
#53=CIRCLE('',#2649,0.0025);
#54=CIRCLE('',#2652,0.0025);
#55=CIRCLE('',#2655,0.0025);
#56=ORIENTED_EDGE('',*,*,#740,.F.);
#57=ORIENTED_EDGE('',*,*,#741,.T.);
#58=ORIENTED_EDGE('',*,*,#742,.T.);
#59=ORIENTED_EDGE('',*,*,#743,.F.);
#60=ORIENTED_EDGE('',*,*,#744,.F.);
#61=ORIENTED_EDGE('',*,*,#745,.T.);
#62=ORIENTED_EDGE('',*,*,#746,.T.);
#63=ORIENTED_EDGE('',*,*,#747,.F.);
#64=ORIENTED_EDGE('',*,*,#748,.F.);
#65=ORIENTED_EDGE('',*,*,#749,.F.);
#66=ORIENTED_EDGE('',*,*,#750,.T.);
#67=ORIENTED_EDGE('',*,*,#751,.T.);
#68=ORIENTED_EDGE('',*,*,#752,.F.);
#69=ORIENTED_EDGE('',*,*,#753,.T.);
#70=ORIENTED_EDGE('',*,*,#754,.T.);
#71=ORIENTED_EDGE('',*,*,#755,.T.);
#72=ORIENTED_EDGE('',*,*,#756,.F.);
#73=ORIENTED_EDGE('',*,*,#757,.T.);
#74=ORIENTED_EDGE('',*,*,#758,.T.);
#75=ORIENTED_EDGE('',*,*,#759,.T.);
#76=ORIENTED_EDGE('',*,*,#760,.F.);
#77=ORIENTED_EDGE('',*,*,#761,.T.);
#78=ORIENTED_EDGE('',*,*,#762,.T.);
#79=ORIENTED_EDGE('',*,*,#763,.T.);
#80=ORIENTED_EDGE('',*,*,#764,.F.);
#81=ORIENTED_EDGE('',*,*,#765,.T.);
#82=ORIENTED_EDGE('',*,*,#766,.T.);
#83=ORIENTED_EDGE('',*,*,#767,.T.);
#84=ORIENTED_EDGE('',*,*,#768,.F.);
#85=ORIENTED_EDGE('',*,*,#769,.T.);
#86=ORIENTED_EDGE('',*,*,#770,.T.);
#87=ORIENTED_EDGE('',*,*,#771,.T.);
#88=ORIENTED_EDGE('',*,*,#772,.T.);
#89=ORIENTED_EDGE('',*,*,#773,.T.);
#90=ORIENTED_EDGE('',*,*,#774,.F.);
#91=ORIENTED_EDGE('',*,*,#775,.F.);
#92=ORIENTED_EDGE('',*,*,#776,.F.);
#93=ORIENTED_EDGE('',*,*,#777,.F.);
#94=ORIENTED_EDGE('',*,*,#778,.F.);
#95=ORIENTED_EDGE('',*,*,#779,.T.);
#96=ORIENTED_EDGE('',*,*,#780,.T.);
#97=ORIENTED_EDGE('',*,*,#781,.F.);
#98=ORIENTED_EDGE('',*,*,#782,.F.);
#99=ORIENTED_EDGE('',*,*,#783,.F.);
#100=ORIENTED_EDGE('',*,*,#784,.F.);
#101=ORIENTED_EDGE('',*,*,#785,.F.);
#102=ORIENTED_EDGE('',*,*,#786,.F.);
#103=ORIENTED_EDGE('',*,*,#787,.F.);
#104=ORIENTED_EDGE('',*,*,#788,.T.);
#105=ORIENTED_EDGE('',*,*,#789,.F.);
#106=ORIENTED_EDGE('',*,*,#790,.T.);
#107=ORIENTED_EDGE('',*,*,#791,.T.);
#108=ORIENTED_EDGE('',*,*,#792,.F.);
#109=ORIENTED_EDGE('',*,*,#793,.F.);
#110=ORIENTED_EDGE('',*,*,#794,.F.);
#111=ORIENTED_EDGE('',*,*,#795,.T.);
#112=ORIENTED_EDGE('',*,*,#796,.T.);
#113=ORIENTED_EDGE('',*,*,#797,.F.);
#114=ORIENTED_EDGE('',*,*,#798,.F.);
#115=ORIENTED_EDGE('',*,*,#799,.T.);
#116=ORIENTED_EDGE('',*,*,#800,.T.);
#117=ORIENTED_EDGE('',*,*,#801,.F.);
#118=ORIENTED_EDGE('',*,*,#802,.F.);
#119=ORIENTED_EDGE('',*,*,#803,.T.);
#120=ORIENTED_EDGE('',*,*,#804,.T.);
#121=ORIENTED_EDGE('',*,*,#805,.F.);
#122=ORIENTED_EDGE('',*,*,#748,.T.);
#123=ORIENTED_EDGE('',*,*,#806,.T.);
#124=ORIENTED_EDGE('',*,*,#807,.F.);
#125=ORIENTED_EDGE('',*,*,#808,.T.);
#126=ORIENTED_EDGE('',*,*,#809,.F.);
#127=ORIENTED_EDGE('',*,*,#810,.T.);
#128=ORIENTED_EDGE('',*,*,#777,.T.);
#129=ORIENTED_EDGE('',*,*,#811,.F.);
#130=ORIENTED_EDGE('',*,*,#812,.F.);
#131=ORIENTED_EDGE('',*,*,#744,.T.);
#132=ORIENTED_EDGE('',*,*,#813,.T.);
#133=ORIENTED_EDGE('',*,*,#814,.F.);
#134=ORIENTED_EDGE('',*,*,#815,.F.);
#135=ORIENTED_EDGE('',*,*,#814,.T.);
#136=ORIENTED_EDGE('',*,*,#816,.T.);
#137=ORIENTED_EDGE('',*,*,#817,.T.);
#138=ORIENTED_EDGE('',*,*,#809,.T.);
#139=ORIENTED_EDGE('',*,*,#818,.F.);
#140=ORIENTED_EDGE('',*,*,#819,.T.);
#141=ORIENTED_EDGE('',*,*,#820,.T.);
#142=ORIENTED_EDGE('',*,*,#821,.T.);
#143=ORIENTED_EDGE('',*,*,#822,.T.);
#144=ORIENTED_EDGE('',*,*,#807,.T.);
#145=ORIENTED_EDGE('',*,*,#823,.T.);
#146=ORIENTED_EDGE('',*,*,#824,.T.);
#147=ORIENTED_EDGE('',*,*,#784,.T.);
#148=ORIENTED_EDGE('',*,*,#825,.F.);
#149=ORIENTED_EDGE('',*,*,#783,.T.);
#150=ORIENTED_EDGE('',*,*,#826,.F.);
#151=ORIENTED_EDGE('',*,*,#785,.T.);
#152=ORIENTED_EDGE('',*,*,#827,.T.);
#153=ORIENTED_EDGE('',*,*,#782,.T.);
#154=ORIENTED_EDGE('',*,*,#828,.T.);
#155=ORIENTED_EDGE('',*,*,#829,.F.);
#156=ORIENTED_EDGE('',*,*,#830,.T.);
#157=ORIENTED_EDGE('',*,*,#831,.T.);
#158=ORIENTED_EDGE('',*,*,#832,.T.);
#159=ORIENTED_EDGE('',*,*,#833,.F.);
#160=ORIENTED_EDGE('',*,*,#834,.F.);
#161=ORIENTED_EDGE('',*,*,#835,.F.);
#162=ORIENTED_EDGE('',*,*,#836,.T.);
#163=ORIENTED_EDGE('',*,*,#837,.F.);
#164=ORIENTED_EDGE('',*,*,#838,.T.);
#165=ORIENTED_EDGE('',*,*,#839,.T.);
#166=ORIENTED_EDGE('',*,*,#840,.T.);
#167=ORIENTED_EDGE('',*,*,#841,.T.);
#168=ORIENTED_EDGE('',*,*,#842,.T.);
#169=ORIENTED_EDGE('',*,*,#843,.T.);
#170=ORIENTED_EDGE('',*,*,#844,.T.);
#171=ORIENTED_EDGE('',*,*,#845,.T.);
#172=ORIENTED_EDGE('',*,*,#846,.T.);
#173=ORIENTED_EDGE('',*,*,#847,.F.);
#174=ORIENTED_EDGE('',*,*,#848,.F.);
#175=ORIENTED_EDGE('',*,*,#849,.T.);
#176=ORIENTED_EDGE('',*,*,#850,.T.);
#177=ORIENTED_EDGE('',*,*,#851,.F.);
#178=ORIENTED_EDGE('',*,*,#852,.F.);
#179=ORIENTED_EDGE('',*,*,#853,.F.);
#180=ORIENTED_EDGE('',*,*,#854,.T.);
#181=ORIENTED_EDGE('',*,*,#855,.T.);
#182=ORIENTED_EDGE('',*,*,#856,.F.);
#183=ORIENTED_EDGE('',*,*,#857,.F.);
#184=ORIENTED_EDGE('',*,*,#842,.F.);
#185=ORIENTED_EDGE('',*,*,#858,.F.);
#186=ORIENTED_EDGE('',*,*,#859,.T.);
#187=ORIENTED_EDGE('',*,*,#860,.T.);
#188=ORIENTED_EDGE('',*,*,#861,.T.);
#189=ORIENTED_EDGE('',*,*,#862,.F.);
#190=ORIENTED_EDGE('',*,*,#863,.T.);
#191=ORIENTED_EDGE('',*,*,#767,.F.);
#192=ORIENTED_EDGE('',*,*,#864,.F.);
#193=ORIENTED_EDGE('',*,*,#865,.F.);
#194=ORIENTED_EDGE('',*,*,#866,.T.);
#195=ORIENTED_EDGE('',*,*,#763,.F.);
#196=ORIENTED_EDGE('',*,*,#867,.F.);
#197=ORIENTED_EDGE('',*,*,#868,.F.);
#198=ORIENTED_EDGE('',*,*,#869,.T.);
#199=ORIENTED_EDGE('',*,*,#759,.F.);
#200=ORIENTED_EDGE('',*,*,#870,.F.);
#201=ORIENTED_EDGE('',*,*,#871,.F.);
#202=ORIENTED_EDGE('',*,*,#872,.T.);
#203=ORIENTED_EDGE('',*,*,#755,.F.);
#204=ORIENTED_EDGE('',*,*,#873,.F.);
#205=ORIENTED_EDGE('',*,*,#874,.F.);
#206=ORIENTED_EDGE('',*,*,#875,.T.);
#207=ORIENTED_EDGE('',*,*,#751,.F.);
#208=ORIENTED_EDGE('',*,*,#876,.F.);
#209=ORIENTED_EDGE('',*,*,#877,.F.);
#210=ORIENTED_EDGE('',*,*,#878,.T.);
#211=ORIENTED_EDGE('',*,*,#879,.T.);
#212=ORIENTED_EDGE('',*,*,#880,.F.);
#213=ORIENTED_EDGE('',*,*,#881,.F.);
#214=ORIENTED_EDGE('',*,*,#865,.T.);
#215=ORIENTED_EDGE('',*,*,#882,.T.);
#216=ORIENTED_EDGE('',*,*,#883,.T.);
#217=ORIENTED_EDGE('',*,*,#884,.F.);
#218=ORIENTED_EDGE('',*,*,#868,.T.);
#219=ORIENTED_EDGE('',*,*,#885,.T.);
#220=ORIENTED_EDGE('',*,*,#886,.T.);
#221=ORIENTED_EDGE('',*,*,#887,.F.);
#222=ORIENTED_EDGE('',*,*,#871,.T.);
#223=ORIENTED_EDGE('',*,*,#888,.T.);
#224=ORIENTED_EDGE('',*,*,#889,.T.);
#225=ORIENTED_EDGE('',*,*,#890,.F.);
#226=ORIENTED_EDGE('',*,*,#874,.T.);
#227=ORIENTED_EDGE('',*,*,#891,.T.);
#228=ORIENTED_EDGE('',*,*,#892,.T.);
#229=ORIENTED_EDGE('',*,*,#893,.F.);
#230=ORIENTED_EDGE('',*,*,#877,.T.);
#231=ORIENTED_EDGE('',*,*,#894,.F.);
#232=ORIENTED_EDGE('',*,*,#895,.F.);
#233=ORIENTED_EDGE('',*,*,#896,.F.);
#234=ORIENTED_EDGE('',*,*,#897,.F.);
#235=ORIENTED_EDGE('',*,*,#898,.T.);
#236=ORIENTED_EDGE('',*,*,#899,.T.);
#237=ORIENTED_EDGE('',*,*,#900,.T.);
#238=ORIENTED_EDGE('',*,*,#901,.T.);
#239=ORIENTED_EDGE('',*,*,#902,.T.);
#240=ORIENTED_EDGE('',*,*,#903,.F.);
#241=ORIENTED_EDGE('',*,*,#904,.T.);
#242=ORIENTED_EDGE('',*,*,#905,.T.);
#243=ORIENTED_EDGE('',*,*,#906,.T.);
#244=ORIENTED_EDGE('',*,*,#907,.T.);
#245=ORIENTED_EDGE('',*,*,#908,.F.);
#246=ORIENTED_EDGE('',*,*,#909,.T.);
#247=ORIENTED_EDGE('',*,*,#910,.T.);
#248=ORIENTED_EDGE('',*,*,#911,.F.);
#249=ORIENTED_EDGE('',*,*,#900,.F.);
#250=ORIENTED_EDGE('',*,*,#912,.F.);
#251=ORIENTED_EDGE('',*,*,#913,.F.);
#252=ORIENTED_EDGE('',*,*,#914,.T.);
#253=ORIENTED_EDGE('',*,*,#912,.T.);
#254=ORIENTED_EDGE('',*,*,#899,.F.);
#255=ORIENTED_EDGE('',*,*,#915,.T.);
#256=ORIENTED_EDGE('',*,*,#916,.F.);
#257=ORIENTED_EDGE('',*,*,#846,.F.);
#258=ORIENTED_EDGE('',*,*,#917,.F.);
#259=ORIENTED_EDGE('',*,*,#918,.F.);
#260=ORIENTED_EDGE('',*,*,#919,.F.);
#261=ORIENTED_EDGE('',*,*,#920,.T.);
#262=ORIENTED_EDGE('',*,*,#921,.F.);
#263=ORIENTED_EDGE('',*,*,#922,.F.);
#264=ORIENTED_EDGE('',*,*,#895,.T.);
#265=ORIENTED_EDGE('',*,*,#923,.F.);
#266=ORIENTED_EDGE('',*,*,#924,.F.);
#267=ORIENTED_EDGE('',*,*,#786,.T.);
#268=ORIENTED_EDGE('',*,*,#925,.T.);
#269=ORIENTED_EDGE('',*,*,#926,.T.);
#270=ORIENTED_EDGE('',*,*,#927,.T.);
#271=ORIENTED_EDGE('',*,*,#928,.F.);
#272=ORIENTED_EDGE('',*,*,#929,.F.);
#273=ORIENTED_EDGE('',*,*,#930,.T.);
#274=ORIENTED_EDGE('',*,*,#931,.F.);
#275=ORIENTED_EDGE('',*,*,#932,.T.);
#276=ORIENTED_EDGE('',*,*,#857,.T.);
#277=ORIENTED_EDGE('',*,*,#933,.F.);
#278=ORIENTED_EDGE('',*,*,#934,.T.);
#279=ORIENTED_EDGE('',*,*,#935,.T.);
#280=ORIENTED_EDGE('',*,*,#837,.T.);
#281=ORIENTED_EDGE('',*,*,#936,.F.);
#282=ORIENTED_EDGE('',*,*,#937,.T.);
#283=ORIENTED_EDGE('',*,*,#938,.T.);
#284=ORIENTED_EDGE('',*,*,#829,.T.);
#285=ORIENTED_EDGE('',*,*,#939,.F.);
#286=ORIENTED_EDGE('',*,*,#818,.T.);
#287=ORIENTED_EDGE('',*,*,#811,.T.);
#288=ORIENTED_EDGE('',*,*,#940,.F.);
#289=ORIENTED_EDGE('',*,*,#941,.F.);
#290=ORIENTED_EDGE('',*,*,#942,.F.);
#291=ORIENTED_EDGE('',*,*,#788,.F.);
#292=ORIENTED_EDGE('',*,*,#943,.T.);
#293=ORIENTED_EDGE('',*,*,#944,.T.);
#294=ORIENTED_EDGE('',*,*,#945,.F.);
#295=ORIENTED_EDGE('',*,*,#946,.F.);
#296=ORIENTED_EDGE('',*,*,#843,.F.);
#297=ORIENTED_EDGE('',*,*,#946,.T.);
#298=ORIENTED_EDGE('',*,*,#947,.T.);
#299=ORIENTED_EDGE('',*,*,#929,.T.);
#300=ORIENTED_EDGE('',*,*,#948,.T.);
#301=ORIENTED_EDGE('',*,*,#949,.T.);
#302=ORIENTED_EDGE('',*,*,#844,.F.);
#303=ORIENTED_EDGE('',*,*,#950,.T.);
#304=ORIENTED_EDGE('',*,*,#951,.T.);
#305=ORIENTED_EDGE('',*,*,#952,.F.);
#306=ORIENTED_EDGE('',*,*,#953,.F.);
#307=ORIENTED_EDGE('',*,*,#954,.F.);
#308=ORIENTED_EDGE('',*,*,#792,.T.);
#309=ORIENTED_EDGE('',*,*,#955,.T.);
#310=ORIENTED_EDGE('',*,*,#956,.F.);
#311=ORIENTED_EDGE('',*,*,#957,.T.);
#312=ORIENTED_EDGE('',*,*,#955,.F.);
#313=ORIENTED_EDGE('',*,*,#791,.F.);
#314=ORIENTED_EDGE('',*,*,#958,.T.);
#315=ORIENTED_EDGE('',*,*,#959,.T.);
#316=ORIENTED_EDGE('',*,*,#940,.T.);
#317=ORIENTED_EDGE('',*,*,#776,.T.);
#318=ORIENTED_EDGE('',*,*,#960,.T.);
#319=ORIENTED_EDGE('',*,*,#961,.T.);
#320=ORIENTED_EDGE('',*,*,#943,.F.);
#321=ORIENTED_EDGE('',*,*,#787,.T.);
#322=ORIENTED_EDGE('',*,*,#924,.T.);
#323=ORIENTED_EDGE('',*,*,#962,.F.);
#324=ORIENTED_EDGE('',*,*,#948,.F.);
#325=ORIENTED_EDGE('',*,*,#928,.T.);
#326=ORIENTED_EDGE('',*,*,#963,.T.);
#327=ORIENTED_EDGE('',*,*,#927,.F.);
#328=ORIENTED_EDGE('',*,*,#964,.F.);
#329=ORIENTED_EDGE('',*,*,#965,.T.);
#330=ORIENTED_EDGE('',*,*,#849,.F.);
#331=ORIENTED_EDGE('',*,*,#966,.F.);
#332=ORIENTED_EDGE('',*,*,#967,.F.);
#333=ORIENTED_EDGE('',*,*,#968,.T.);
#334=ORIENTED_EDGE('',*,*,#860,.F.);
#335=ORIENTED_EDGE('',*,*,#969,.F.);
#336=ORIENTED_EDGE('',*,*,#970,.F.);
#337=ORIENTED_EDGE('',*,*,#971,.T.);
#338=ORIENTED_EDGE('',*,*,#972,.F.);
#339=ORIENTED_EDGE('',*,*,#850,.F.);
#340=ORIENTED_EDGE('',*,*,#965,.F.);
#341=ORIENTED_EDGE('',*,*,#973,.F.);
#342=ORIENTED_EDGE('',*,*,#974,.T.);
#343=ORIENTED_EDGE('',*,*,#975,.T.);
#344=ORIENTED_EDGE('',*,*,#976,.T.);
#345=ORIENTED_EDGE('',*,*,#909,.F.);
#346=ORIENTED_EDGE('',*,*,#977,.F.);
#347=ORIENTED_EDGE('',*,*,#978,.F.);
#348=ORIENTED_EDGE('',*,*,#856,.T.);
#349=ORIENTED_EDGE('',*,*,#979,.F.);
#350=ORIENTED_EDGE('',*,*,#980,.F.);
#351=ORIENTED_EDGE('',*,*,#981,.T.);
#352=ORIENTED_EDGE('',*,*,#793,.T.);
#353=ORIENTED_EDGE('',*,*,#954,.T.);
#354=ORIENTED_EDGE('',*,*,#982,.F.);
#355=ORIENTED_EDGE('',*,*,#974,.F.);
#356=ORIENTED_EDGE('',*,*,#983,.T.);
#357=ORIENTED_EDGE('',*,*,#925,.F.);
#358=ORIENTED_EDGE('',*,*,#984,.T.);
#359=ORIENTED_EDGE('',*,*,#930,.F.);
#360=ORIENTED_EDGE('',*,*,#947,.F.);
#361=ORIENTED_EDGE('',*,*,#945,.T.);
#362=ORIENTED_EDGE('',*,*,#944,.F.);
#363=ORIENTED_EDGE('',*,*,#962,.T.);
#364=ORIENTED_EDGE('',*,*,#923,.T.);
#365=ORIENTED_EDGE('',*,*,#963,.F.);
#366=ORIENTED_EDGE('',*,*,#931,.T.);
#367=ORIENTED_EDGE('',*,*,#984,.F.);
#368=ORIENTED_EDGE('',*,*,#897,.T.);
#369=ORIENTED_EDGE('',*,*,#985,.T.);
#370=ORIENTED_EDGE('',*,*,#986,.F.);
#371=ORIENTED_EDGE('',*,*,#987,.T.);
#372=ORIENTED_EDGE('',*,*,#854,.F.);
#373=ORIENTED_EDGE('',*,*,#988,.F.);
#374=ORIENTED_EDGE('',*,*,#985,.F.);
#375=ORIENTED_EDGE('',*,*,#896,.T.);
#376=ORIENTED_EDGE('',*,*,#922,.T.);
#377=ORIENTED_EDGE('',*,*,#989,.F.);
#378=ORIENTED_EDGE('',*,*,#903,.T.);
#379=ORIENTED_EDGE('',*,*,#990,.T.);
#380=ORIENTED_EDGE('',*,*,#773,.F.);
#381=ORIENTED_EDGE('',*,*,#991,.F.);
#382=ORIENTED_EDGE('',*,*,#990,.F.);
#383=ORIENTED_EDGE('',*,*,#902,.F.);
#384=ORIENTED_EDGE('',*,*,#992,.T.);
#385=ORIENTED_EDGE('',*,*,#774,.T.);
#386=ORIENTED_EDGE('',*,*,#993,.T.);
#387=ORIENTED_EDGE('',*,*,#992,.F.);
#388=ORIENTED_EDGE('',*,*,#901,.F.);
#389=ORIENTED_EDGE('',*,*,#911,.T.);
#390=ORIENTED_EDGE('',*,*,#994,.T.);
#391=ORIENTED_EDGE('',*,*,#960,.F.);
#392=ORIENTED_EDGE('',*,*,#775,.T.);
#393=ORIENTED_EDGE('',*,*,#910,.F.);
#394=ORIENTED_EDGE('',*,*,#976,.F.);
#395=ORIENTED_EDGE('',*,*,#961,.F.);
#396=ORIENTED_EDGE('',*,*,#994,.F.);
#397=ORIENTED_EDGE('',*,*,#956,.T.);
#398=ORIENTED_EDGE('',*,*,#957,.F.);
#399=ORIENTED_EDGE('',*,*,#975,.F.);
#400=ORIENTED_EDGE('',*,*,#982,.T.);
#401=ORIENTED_EDGE('',*,*,#995,.T.);
#402=ORIENTED_EDGE('',*,*,#881,.T.);
#403=ORIENTED_EDGE('',*,*,#996,.F.);
#404=ORIENTED_EDGE('',*,*,#997,.F.);
#405=ORIENTED_EDGE('',*,*,#998,.T.);
#406=ORIENTED_EDGE('',*,*,#878,.F.);
#407=ORIENTED_EDGE('',*,*,#998,.F.);
#408=ORIENTED_EDGE('',*,*,#999,.T.);
#409=ORIENTED_EDGE('',*,*,#1000,.T.);
#410=ORIENTED_EDGE('',*,*,#1001,.F.);
#411=ORIENTED_EDGE('',*,*,#879,.F.);
#412=ORIENTED_EDGE('',*,*,#1000,.F.);
#413=ORIENTED_EDGE('',*,*,#1002,.T.);
#414=ORIENTED_EDGE('',*,*,#1003,.T.);
#415=ORIENTED_EDGE('',*,*,#880,.T.);
#416=ORIENTED_EDGE('',*,*,#1003,.F.);
#417=ORIENTED_EDGE('',*,*,#1004,.F.);
#418=ORIENTED_EDGE('',*,*,#996,.T.);
#419=ORIENTED_EDGE('',*,*,#997,.T.);
#420=ORIENTED_EDGE('',*,*,#1004,.T.);
#421=ORIENTED_EDGE('',*,*,#1002,.F.);
#422=ORIENTED_EDGE('',*,*,#999,.F.);
#423=ORIENTED_EDGE('',*,*,#1005,.T.);
#424=ORIENTED_EDGE('',*,*,#953,.T.);
#425=ORIENTED_EDGE('',*,*,#1006,.F.);
#426=ORIENTED_EDGE('',*,*,#1007,.F.);
#427=ORIENTED_EDGE('',*,*,#1008,.T.);
#428=ORIENTED_EDGE('',*,*,#950,.F.);
#429=ORIENTED_EDGE('',*,*,#1008,.F.);
#430=ORIENTED_EDGE('',*,*,#1009,.T.);
#431=ORIENTED_EDGE('',*,*,#1010,.T.);
#432=ORIENTED_EDGE('',*,*,#1011,.F.);
#433=ORIENTED_EDGE('',*,*,#951,.F.);
#434=ORIENTED_EDGE('',*,*,#1010,.F.);
#435=ORIENTED_EDGE('',*,*,#1012,.T.);
#436=ORIENTED_EDGE('',*,*,#1013,.T.);
#437=ORIENTED_EDGE('',*,*,#952,.T.);
#438=ORIENTED_EDGE('',*,*,#1013,.F.);
#439=ORIENTED_EDGE('',*,*,#1014,.F.);
#440=ORIENTED_EDGE('',*,*,#1006,.T.);
#441=ORIENTED_EDGE('',*,*,#1007,.T.);
#442=ORIENTED_EDGE('',*,*,#1014,.T.);
#443=ORIENTED_EDGE('',*,*,#1012,.F.);
#444=ORIENTED_EDGE('',*,*,#1009,.F.);
#445=ORIENTED_EDGE('',*,*,#1015,.F.);
#446=ORIENTED_EDGE('',*,*,#1015,.T.);
#447=ORIENTED_EDGE('',*,*,#1011,.T.);
#448=ORIENTED_EDGE('',*,*,#932,.F.);
#449=ORIENTED_EDGE('',*,*,#1005,.F.);
#450=ORIENTED_EDGE('',*,*,#1016,.F.);
#451=ORIENTED_EDGE('',*,*,#1016,.T.);
#452=ORIENTED_EDGE('',*,*,#1001,.T.);
#453=ORIENTED_EDGE('',*,*,#993,.F.);
#454=ORIENTED_EDGE('',*,*,#995,.F.);
#455=ORIENTED_EDGE('',*,*,#789,.T.);
#456=ORIENTED_EDGE('',*,*,#942,.T.);
#457=ORIENTED_EDGE('',*,*,#1017,.F.);
#458=ORIENTED_EDGE('',*,*,#1018,.F.);
#459=ORIENTED_EDGE('',*,*,#1019,.F.);
#460=ORIENTED_EDGE('',*,*,#1017,.T.);
#461=ORIENTED_EDGE('',*,*,#941,.T.);
#462=ORIENTED_EDGE('',*,*,#959,.F.);
#463=ORIENTED_EDGE('',*,*,#1018,.T.);
#464=ORIENTED_EDGE('',*,*,#1019,.T.);
#465=ORIENTED_EDGE('',*,*,#958,.F.);
#466=ORIENTED_EDGE('',*,*,#790,.F.);
#467=ORIENTED_EDGE('',*,*,#983,.F.);
#468=ORIENTED_EDGE('',*,*,#973,.T.);
#469=ORIENTED_EDGE('',*,*,#964,.T.);
#470=ORIENTED_EDGE('',*,*,#926,.F.);
#471=ORIENTED_EDGE('',*,*,#949,.F.);
#472=ORIENTED_EDGE('',*,*,#972,.T.);
#473=ORIENTED_EDGE('',*,*,#917,.T.);
#474=ORIENTED_EDGE('',*,*,#845,.F.);
#475=ORIENTED_EDGE('',*,*,#894,.T.);
#476=ORIENTED_EDGE('',*,*,#876,.T.);
#477=ORIENTED_EDGE('',*,*,#750,.F.);
#478=ORIENTED_EDGE('',*,*,#1020,.F.);
#479=ORIENTED_EDGE('',*,*,#821,.F.);
#480=ORIENTED_EDGE('',*,*,#1021,.T.);
#481=ORIENTED_EDGE('',*,*,#832,.F.);
#482=ORIENTED_EDGE('',*,*,#1022,.F.);
#483=ORIENTED_EDGE('',*,*,#1023,.F.);
#484=ORIENTED_EDGE('',*,*,#1024,.T.);
#485=ORIENTED_EDGE('',*,*,#840,.F.);
#486=ORIENTED_EDGE('',*,*,#1025,.F.);
#487=ORIENTED_EDGE('',*,*,#1026,.F.);
#488=ORIENTED_EDGE('',*,*,#920,.F.);
#489=ORIENTED_EDGE('',*,*,#905,.F.);
#490=ORIENTED_EDGE('',*,*,#1027,.T.);
#491=ORIENTED_EDGE('',*,*,#771,.F.);
#492=ORIENTED_EDGE('',*,*,#1028,.F.);
#493=ORIENTED_EDGE('',*,*,#904,.F.);
#494=ORIENTED_EDGE('',*,*,#991,.T.);
#495=ORIENTED_EDGE('',*,*,#772,.F.);
#496=ORIENTED_EDGE('',*,*,#1027,.F.);
#497=ORIENTED_EDGE('',*,*,#988,.T.);
#498=ORIENTED_EDGE('',*,*,#853,.T.);
#499=ORIENTED_EDGE('',*,*,#978,.T.);
#500=ORIENTED_EDGE('',*,*,#1029,.T.);
#501=ORIENTED_EDGE('',*,*,#915,.F.);
#502=ORIENTED_EDGE('',*,*,#898,.F.);
#503=ORIENTED_EDGE('',*,*,#977,.T.);
#504=ORIENTED_EDGE('',*,*,#913,.T.);
#505=ORIENTED_EDGE('',*,*,#914,.F.);
#506=ORIENTED_EDGE('',*,*,#1029,.F.);
#507=ORIENTED_EDGE('',*,*,#875,.F.);
#508=ORIENTED_EDGE('',*,*,#893,.T.);
#509=ORIENTED_EDGE('',*,*,#1030,.T.);
#510=ORIENTED_EDGE('',*,*,#752,.T.);
#511=ORIENTED_EDGE('',*,*,#892,.F.);
#512=ORIENTED_EDGE('',*,*,#1031,.T.);
#513=ORIENTED_EDGE('',*,*,#753,.F.);
#514=ORIENTED_EDGE('',*,*,#1030,.F.);
#515=ORIENTED_EDGE('',*,*,#891,.F.);
#516=ORIENTED_EDGE('',*,*,#873,.T.);
#517=ORIENTED_EDGE('',*,*,#754,.F.);
#518=ORIENTED_EDGE('',*,*,#1031,.F.);
#519=ORIENTED_EDGE('',*,*,#872,.F.);
#520=ORIENTED_EDGE('',*,*,#890,.T.);
#521=ORIENTED_EDGE('',*,*,#1032,.T.);
#522=ORIENTED_EDGE('',*,*,#756,.T.);
#523=ORIENTED_EDGE('',*,*,#889,.F.);
#524=ORIENTED_EDGE('',*,*,#1033,.T.);
#525=ORIENTED_EDGE('',*,*,#757,.F.);
#526=ORIENTED_EDGE('',*,*,#1032,.F.);
#527=ORIENTED_EDGE('',*,*,#888,.F.);
#528=ORIENTED_EDGE('',*,*,#870,.T.);
#529=ORIENTED_EDGE('',*,*,#758,.F.);
#530=ORIENTED_EDGE('',*,*,#1033,.F.);
#531=ORIENTED_EDGE('',*,*,#869,.F.);
#532=ORIENTED_EDGE('',*,*,#887,.T.);
#533=ORIENTED_EDGE('',*,*,#1034,.T.);
#534=ORIENTED_EDGE('',*,*,#760,.T.);
#535=ORIENTED_EDGE('',*,*,#886,.F.);
#536=ORIENTED_EDGE('',*,*,#1035,.T.);
#537=ORIENTED_EDGE('',*,*,#761,.F.);
#538=ORIENTED_EDGE('',*,*,#1034,.F.);
#539=ORIENTED_EDGE('',*,*,#885,.F.);
#540=ORIENTED_EDGE('',*,*,#867,.T.);
#541=ORIENTED_EDGE('',*,*,#762,.F.);
#542=ORIENTED_EDGE('',*,*,#1035,.F.);
#543=ORIENTED_EDGE('',*,*,#866,.F.);
#544=ORIENTED_EDGE('',*,*,#884,.T.);
#545=ORIENTED_EDGE('',*,*,#1036,.T.);
#546=ORIENTED_EDGE('',*,*,#764,.T.);
#547=ORIENTED_EDGE('',*,*,#883,.F.);
#548=ORIENTED_EDGE('',*,*,#1037,.T.);
#549=ORIENTED_EDGE('',*,*,#765,.F.);
#550=ORIENTED_EDGE('',*,*,#1036,.F.);
#551=ORIENTED_EDGE('',*,*,#882,.F.);
#552=ORIENTED_EDGE('',*,*,#864,.T.);
#553=ORIENTED_EDGE('',*,*,#766,.F.);
#554=ORIENTED_EDGE('',*,*,#1037,.F.);
#555=ORIENTED_EDGE('',*,*,#863,.F.);
#556=ORIENTED_EDGE('',*,*,#908,.T.);
#557=ORIENTED_EDGE('',*,*,#1038,.T.);
#558=ORIENTED_EDGE('',*,*,#768,.T.);
#559=ORIENTED_EDGE('',*,*,#907,.F.);
#560=ORIENTED_EDGE('',*,*,#1039,.T.);
#561=ORIENTED_EDGE('',*,*,#769,.F.);
#562=ORIENTED_EDGE('',*,*,#1038,.F.);
#563=ORIENTED_EDGE('',*,*,#906,.F.);
#564=ORIENTED_EDGE('',*,*,#1028,.T.);
#565=ORIENTED_EDGE('',*,*,#770,.F.);
#566=ORIENTED_EDGE('',*,*,#1039,.F.);
#567=ORIENTED_EDGE('',*,*,#861,.F.);
#568=ORIENTED_EDGE('',*,*,#968,.F.);
#569=ORIENTED_EDGE('',*,*,#1040,.T.);
#570=ORIENTED_EDGE('',*,*,#1041,.T.);
#571=ORIENTED_EDGE('',*,*,#862,.T.);
#572=ORIENTED_EDGE('',*,*,#1041,.F.);
#573=ORIENTED_EDGE('',*,*,#1042,.F.);
#574=ORIENTED_EDGE('',*,*,#1043,.T.);
#575=ORIENTED_EDGE('',*,*,#859,.F.);
#576=ORIENTED_EDGE('',*,*,#1043,.F.);
#577=ORIENTED_EDGE('',*,*,#1044,.T.);
#578=ORIENTED_EDGE('',*,*,#969,.T.);
#579=ORIENTED_EDGE('',*,*,#918,.T.);
#580=ORIENTED_EDGE('',*,*,#971,.F.);
#581=ORIENTED_EDGE('',*,*,#1045,.F.);
#582=ORIENTED_EDGE('',*,*,#1046,.T.);
#583=ORIENTED_EDGE('',*,*,#847,.T.);
#584=ORIENTED_EDGE('',*,*,#919,.T.);
#585=ORIENTED_EDGE('',*,*,#1046,.F.);
#586=ORIENTED_EDGE('',*,*,#1047,.F.);
#587=ORIENTED_EDGE('',*,*,#1048,.T.);
#588=ORIENTED_EDGE('',*,*,#858,.T.);
#589=ORIENTED_EDGE('',*,*,#848,.T.);
#590=ORIENTED_EDGE('',*,*,#1048,.F.);
#591=ORIENTED_EDGE('',*,*,#1049,.F.);
#592=ORIENTED_EDGE('',*,*,#933,.T.);
#593=ORIENTED_EDGE('',*,*,#838,.F.);
#594=ORIENTED_EDGE('',*,*,#935,.F.);
#595=ORIENTED_EDGE('',*,*,#1050,.T.);
#596=ORIENTED_EDGE('',*,*,#1051,.T.);
#597=ORIENTED_EDGE('',*,*,#839,.F.);
#598=ORIENTED_EDGE('',*,*,#1051,.F.);
#599=ORIENTED_EDGE('',*,*,#1052,.T.);
#600=ORIENTED_EDGE('',*,*,#1025,.T.);
#601=ORIENTED_EDGE('',*,*,#855,.F.);
#602=ORIENTED_EDGE('',*,*,#987,.F.);
#603=ORIENTED_EDGE('',*,*,#1053,.T.);
#604=ORIENTED_EDGE('',*,*,#979,.T.);
#605=ORIENTED_EDGE('',*,*,#851,.T.);
#606=ORIENTED_EDGE('',*,*,#981,.F.);
#607=ORIENTED_EDGE('',*,*,#1054,.F.);
#608=ORIENTED_EDGE('',*,*,#1055,.T.);
#609=ORIENTED_EDGE('',*,*,#852,.T.);
#610=ORIENTED_EDGE('',*,*,#1055,.F.);
#611=ORIENTED_EDGE('',*,*,#1056,.F.);
#612=ORIENTED_EDGE('',*,*,#966,.T.);
#613=ORIENTED_EDGE('',*,*,#1057,.F.);
#614=ORIENTED_EDGE('',*,*,#1058,.F.);
#615=ORIENTED_EDGE('',*,*,#967,.T.);
#616=ORIENTED_EDGE('',*,*,#1056,.T.);
#617=ORIENTED_EDGE('',*,*,#1054,.T.);
#618=ORIENTED_EDGE('',*,*,#980,.T.);
#619=ORIENTED_EDGE('',*,*,#1053,.F.);
#620=ORIENTED_EDGE('',*,*,#986,.T.);
#621=ORIENTED_EDGE('',*,*,#989,.T.);
#622=ORIENTED_EDGE('',*,*,#921,.T.);
#623=ORIENTED_EDGE('',*,*,#1026,.T.);
#624=ORIENTED_EDGE('',*,*,#1052,.F.);
#625=ORIENTED_EDGE('',*,*,#1050,.F.);
#626=ORIENTED_EDGE('',*,*,#934,.F.);
#627=ORIENTED_EDGE('',*,*,#1049,.T.);
#628=ORIENTED_EDGE('',*,*,#1047,.T.);
#629=ORIENTED_EDGE('',*,*,#1045,.T.);
#630=ORIENTED_EDGE('',*,*,#970,.T.);
#631=ORIENTED_EDGE('',*,*,#1044,.F.);
#632=ORIENTED_EDGE('',*,*,#1042,.T.);
#633=ORIENTED_EDGE('',*,*,#1040,.F.);
#634=ORIENTED_EDGE('',*,*,#841,.F.);
#635=ORIENTED_EDGE('',*,*,#1024,.F.);
#636=ORIENTED_EDGE('',*,*,#1059,.T.);
#637=ORIENTED_EDGE('',*,*,#1060,.T.);
#638=ORIENTED_EDGE('',*,*,#836,.F.);
#639=ORIENTED_EDGE('',*,*,#1060,.F.);
#640=ORIENTED_EDGE('',*,*,#1061,.T.);
#641=ORIENTED_EDGE('',*,*,#936,.T.);
#642=ORIENTED_EDGE('',*,*,#830,.F.);
#643=ORIENTED_EDGE('',*,*,#938,.F.);
#644=ORIENTED_EDGE('',*,*,#1062,.T.);
#645=ORIENTED_EDGE('',*,*,#1063,.T.);
#646=ORIENTED_EDGE('',*,*,#831,.F.);
#647=ORIENTED_EDGE('',*,*,#1063,.F.);
#648=ORIENTED_EDGE('',*,*,#1064,.T.);
#649=ORIENTED_EDGE('',*,*,#1022,.T.);
#650=ORIENTED_EDGE('',*,*,#1023,.T.);
#651=ORIENTED_EDGE('',*,*,#1064,.F.);
#652=ORIENTED_EDGE('',*,*,#1062,.F.);
#653=ORIENTED_EDGE('',*,*,#937,.F.);
#654=ORIENTED_EDGE('',*,*,#1061,.F.);
#655=ORIENTED_EDGE('',*,*,#1059,.F.);
#656=ORIENTED_EDGE('',*,*,#834,.T.);
#657=ORIENTED_EDGE('',*,*,#1065,.F.);
#658=ORIENTED_EDGE('',*,*,#819,.F.);
#659=ORIENTED_EDGE('',*,*,#939,.T.);
#660=ORIENTED_EDGE('',*,*,#749,.T.);
#661=ORIENTED_EDGE('',*,*,#808,.F.);
#662=ORIENTED_EDGE('',*,*,#822,.F.);
#663=ORIENTED_EDGE('',*,*,#1020,.T.);
#664=ORIENTED_EDGE('',*,*,#833,.T.);
#665=ORIENTED_EDGE('',*,*,#1021,.F.);
#666=ORIENTED_EDGE('',*,*,#820,.F.);
#667=ORIENTED_EDGE('',*,*,#1065,.T.);
#668=ORIENTED_EDGE('',*,*,#1066,.F.);
#669=ORIENTED_EDGE('',*,*,#1057,.T.);
#670=ORIENTED_EDGE('',*,*,#828,.F.);
#671=ORIENTED_EDGE('',*,*,#1066,.T.);
#672=ORIENTED_EDGE('',*,*,#1067,.F.);
#673=ORIENTED_EDGE('',*,*,#1058,.T.);
#674=ORIENTED_EDGE('',*,*,#827,.F.);
#675=ORIENTED_EDGE('',*,*,#1067,.T.);
#676=ORIENTED_EDGE('',*,*,#1068,.F.);
#677=ORIENTED_EDGE('',*,*,#916,.T.);
#678=ORIENTED_EDGE('',*,*,#826,.T.);
#679=ORIENTED_EDGE('',*,*,#1068,.T.);
#680=ORIENTED_EDGE('',*,*,#1069,.T.);
#681=ORIENTED_EDGE('',*,*,#825,.T.);
#682=ORIENTED_EDGE('',*,*,#1069,.F.);
#683=ORIENTED_EDGE('',*,*,#835,.T.);
#684=ORIENTED_EDGE('',*,*,#1070,.T.);
#685=ORIENTED_EDGE('',*,*,#798,.T.);
#686=ORIENTED_EDGE('',*,*,#1071,.F.);
#687=ORIENTED_EDGE('',*,*,#779,.F.);
#688=ORIENTED_EDGE('',*,*,#1071,.T.);
#689=ORIENTED_EDGE('',*,*,#801,.T.);
#690=ORIENTED_EDGE('',*,*,#1072,.F.);
#691=ORIENTED_EDGE('',*,*,#780,.F.);
#692=ORIENTED_EDGE('',*,*,#778,.T.);
#693=ORIENTED_EDGE('',*,*,#810,.F.);
#694=ORIENTED_EDGE('',*,*,#817,.F.);
#695=ORIENTED_EDGE('',*,*,#1073,.T.);
#696=ORIENTED_EDGE('',*,*,#799,.F.);
#697=ORIENTED_EDGE('',*,*,#1070,.F.);
#698=ORIENTED_EDGE('',*,*,#781,.T.);
#699=ORIENTED_EDGE('',*,*,#1072,.T.);
#700=ORIENTED_EDGE('',*,*,#800,.F.);
#701=ORIENTED_EDGE('',*,*,#1073,.F.);
#702=ORIENTED_EDGE('',*,*,#816,.F.);
#703=ORIENTED_EDGE('',*,*,#813,.F.);
#704=ORIENTED_EDGE('',*,*,#1074,.T.);
#705=ORIENTED_EDGE('',*,*,#805,.T.);
#706=ORIENTED_EDGE('',*,*,#1075,.F.);
#707=ORIENTED_EDGE('',*,*,#746,.F.);
#708=ORIENTED_EDGE('',*,*,#812,.T.);
#709=ORIENTED_EDGE('',*,*,#815,.T.);
#710=ORIENTED_EDGE('',*,*,#1076,.T.);
#711=ORIENTED_EDGE('',*,*,#802,.T.);
#712=ORIENTED_EDGE('',*,*,#1074,.F.);
#713=ORIENTED_EDGE('',*,*,#745,.F.);
#714=ORIENTED_EDGE('',*,*,#747,.T.);
#715=ORIENTED_EDGE('',*,*,#1075,.T.);
#716=ORIENTED_EDGE('',*,*,#804,.F.);
#717=ORIENTED_EDGE('',*,*,#1077,.F.);
#718=ORIENTED_EDGE('',*,*,#823,.F.);
#719=ORIENTED_EDGE('',*,*,#806,.F.);
#720=ORIENTED_EDGE('',*,*,#1077,.T.);
#721=ORIENTED_EDGE('',*,*,#803,.F.);
#722=ORIENTED_EDGE('',*,*,#1076,.F.);
#723=ORIENTED_EDGE('',*,*,#824,.F.);
#724=ORIENTED_EDGE('',*,*,#740,.T.);
#725=ORIENTED_EDGE('',*,*,#1078,.T.);
#726=ORIENTED_EDGE('',*,*,#795,.F.);
#727=ORIENTED_EDGE('',*,*,#1079,.F.);
#728=ORIENTED_EDGE('',*,*,#1079,.T.);
#729=ORIENTED_EDGE('',*,*,#794,.T.);
#730=ORIENTED_EDGE('',*,*,#1080,.F.);
#731=ORIENTED_EDGE('',*,*,#741,.F.);
#732=ORIENTED_EDGE('',*,*,#1080,.T.);
#733=ORIENTED_EDGE('',*,*,#797,.T.);
#734=ORIENTED_EDGE('',*,*,#1081,.F.);
#735=ORIENTED_EDGE('',*,*,#742,.F.);
#736=ORIENTED_EDGE('',*,*,#743,.T.);
#737=ORIENTED_EDGE('',*,*,#1081,.T.);
#738=ORIENTED_EDGE('',*,*,#796,.F.);
#739=ORIENTED_EDGE('',*,*,#1078,.F.);
#740=EDGE_CURVE('',#1082,#1083,#1317,.T.);
#741=EDGE_CURVE('',#1082,#1084,#1318,.T.);
#742=EDGE_CURVE('',#1084,#1085,#1319,.T.);
#743=EDGE_CURVE('',#1083,#1085,#1320,.T.);
#744=EDGE_CURVE('',#1086,#1087,#1321,.T.);
#745=EDGE_CURVE('',#1086,#1088,#1322,.T.);
#746=EDGE_CURVE('',#1088,#1089,#1323,.T.);
#747=EDGE_CURVE('',#1090,#1089,#1324,.T.);
#748=EDGE_CURVE('',#1091,#1090,#1325,.T.);
#749=EDGE_CURVE('',#1092,#1091,#1326,.T.);
#750=EDGE_CURVE('',#1092,#1093,#1327,.T.);
#751=EDGE_CURVE('',#1093,#1094,#1328,.T.);
#752=EDGE_CURVE('',#1095,#1094,#1329,.T.);
#753=EDGE_CURVE('',#1095,#1096,#1330,.T.);
#754=EDGE_CURVE('',#1096,#1097,#1331,.T.);
#755=EDGE_CURVE('',#1097,#1098,#1332,.T.);
#756=EDGE_CURVE('',#1099,#1098,#1333,.T.);
#757=EDGE_CURVE('',#1099,#1100,#1334,.T.);
#758=EDGE_CURVE('',#1100,#1101,#1335,.T.);
#759=EDGE_CURVE('',#1101,#1102,#1336,.T.);
#760=EDGE_CURVE('',#1103,#1102,#1337,.T.);
#761=EDGE_CURVE('',#1103,#1104,#1338,.T.);
#762=EDGE_CURVE('',#1104,#1105,#1339,.T.);
#763=EDGE_CURVE('',#1105,#1106,#1340,.T.);
#764=EDGE_CURVE('',#1107,#1106,#1341,.T.);
#765=EDGE_CURVE('',#1107,#1108,#1342,.T.);
#766=EDGE_CURVE('',#1108,#1109,#1343,.T.);
#767=EDGE_CURVE('',#1109,#1110,#1344,.T.);
#768=EDGE_CURVE('',#1111,#1110,#1345,.T.);
#769=EDGE_CURVE('',#1111,#1112,#1346,.T.);
#770=EDGE_CURVE('',#1112,#1113,#1347,.T.);
#771=EDGE_CURVE('',#1113,#1114,#1348,.T.);
#772=EDGE_CURVE('',#1114,#1115,#1349,.T.);
#773=EDGE_CURVE('',#1115,#1116,#1350,.T.);
#774=EDGE_CURVE('',#1117,#1116,#1351,.T.);
#775=EDGE_CURVE('',#1118,#1117,#1352,.T.);
#776=EDGE_CURVE('',#1119,#1118,#1353,.T.);
#777=EDGE_CURVE('',#1120,#1119,#1354,.T.);
#778=EDGE_CURVE('',#1121,#1120,#1355,.T.);
#779=EDGE_CURVE('',#1121,#1122,#1356,.T.);
#780=EDGE_CURVE('',#1122,#1123,#1357,.T.);
#781=EDGE_CURVE('',#1087,#1123,#1358,.T.);
#782=EDGE_CURVE('',#1124,#1124,#32,.T.);
#783=EDGE_CURVE('',#1125,#1125,#33,.T.);
#784=EDGE_CURVE('',#1126,#1126,#34,.T.);
#785=EDGE_CURVE('',#1127,#1127,#35,.T.);
#786=EDGE_CURVE('',#1128,#1129,#1359,.T.);
#787=EDGE_CURVE('',#1130,#1128,#1360,.T.);
#788=EDGE_CURVE('',#1130,#1131,#1361,.T.);
#789=EDGE_CURVE('',#1132,#1131,#1362,.T.);
#790=EDGE_CURVE('',#1132,#1133,#1363,.T.);
#791=EDGE_CURVE('',#1133,#1134,#1364,.T.);
#792=EDGE_CURVE('',#1135,#1134,#1365,.T.);
#793=EDGE_CURVE('',#1129,#1135,#1366,.T.);
#794=EDGE_CURVE('',#1136,#1137,#1367,.T.);
#795=EDGE_CURVE('',#1136,#1138,#1368,.T.);
#796=EDGE_CURVE('',#1138,#1139,#1369,.T.);
#797=EDGE_CURVE('',#1137,#1139,#1370,.T.);
#798=EDGE_CURVE('',#1140,#1141,#1371,.T.);
#799=EDGE_CURVE('',#1140,#1142,#1372,.T.);
#800=EDGE_CURVE('',#1142,#1143,#1373,.T.);
#801=EDGE_CURVE('',#1141,#1143,#1374,.T.);
#802=EDGE_CURVE('',#1144,#1145,#1375,.T.);
#803=EDGE_CURVE('',#1144,#1146,#1376,.T.);
#804=EDGE_CURVE('',#1146,#1147,#1377,.T.);
#805=EDGE_CURVE('',#1145,#1147,#1378,.T.);
#806=EDGE_CURVE('',#1090,#1148,#1379,.T.);
#807=EDGE_CURVE('',#1149,#1148,#1380,.T.);
#808=EDGE_CURVE('',#1149,#1091,#1381,.T.);
#809=EDGE_CURVE('',#1150,#1151,#1382,.T.);
#810=EDGE_CURVE('',#1150,#1120,#1383,.T.);
#811=EDGE_CURVE('',#1151,#1119,#1384,.T.);
#812=EDGE_CURVE('',#1086,#1152,#1385,.T.);
#813=EDGE_CURVE('',#1087,#1153,#1386,.T.);
#814=EDGE_CURVE('',#1152,#1153,#1387,.T.);
#815=EDGE_CURVE('',#1152,#1154,#1388,.T.);
#816=EDGE_CURVE('',#1153,#1155,#1389,.T.);
#817=EDGE_CURVE('',#1155,#1150,#1390,.T.);
#818=EDGE_CURVE('',#1156,#1151,#1391,.T.);
#819=EDGE_CURVE('',#1156,#1157,#1392,.T.);
#820=EDGE_CURVE('',#1157,#1158,#1393,.T.);
#821=EDGE_CURVE('',#1158,#1159,#1394,.T.);
#822=EDGE_CURVE('',#1159,#1149,#1395,.T.);
#823=EDGE_CURVE('',#1148,#1160,#1396,.T.);
#824=EDGE_CURVE('',#1160,#1154,#1397,.T.);
#825=EDGE_CURVE('',#1161,#1161,#36,.F.);
#826=EDGE_CURVE('',#1162,#1162,#37,.T.);
#827=EDGE_CURVE('',#1163,#1163,#38,.T.);
#828=EDGE_CURVE('',#1164,#1164,#39,.T.);
#829=EDGE_CURVE('',#1165,#1166,#1398,.T.);
#830=EDGE_CURVE('',#1165,#1167,#1399,.T.);
#831=EDGE_CURVE('',#1167,#1168,#1400,.T.);
#832=EDGE_CURVE('',#1168,#1169,#1401,.T.);
#833=EDGE_CURVE('',#1170,#1169,#1402,.T.);
#834=EDGE_CURVE('',#1166,#1170,#1403,.T.);
#835=EDGE_CURVE('',#1171,#1171,#40,.T.);
#836=EDGE_CURVE('',#1172,#1173,#1404,.T.);
#837=EDGE_CURVE('',#1174,#1173,#1405,.T.);
#838=EDGE_CURVE('',#1174,#1175,#1406,.T.);
#839=EDGE_CURVE('',#1175,#1176,#1407,.T.);
#840=EDGE_CURVE('',#1176,#1177,#1408,.T.);
#841=EDGE_CURVE('',#1177,#1172,#1409,.T.);
#842=EDGE_CURVE('',#1178,#1179,#12,.T.);
#843=EDGE_CURVE('',#1179,#1180,#13,.T.);
#844=EDGE_CURVE('',#1180,#1181,#14,.T.);
#845=EDGE_CURVE('',#1181,#1182,#15,.T.);
#846=EDGE_CURVE('',#1182,#1183,#16,.T.);
#847=EDGE_CURVE('',#1184,#1183,#17,.F.);
#848=EDGE_CURVE('',#1178,#1184,#18,.F.);
#849=EDGE_CURVE('',#1185,#1186,#1410,.T.);
#850=EDGE_CURVE('',#1186,#1187,#1411,.T.);
#851=EDGE_CURVE('',#1188,#1187,#1412,.T.);
#852=EDGE_CURVE('',#1185,#1188,#1413,.T.);
#853=EDGE_CURVE('',#1189,#1190,#1414,.T.);
#854=EDGE_CURVE('',#1189,#1191,#1415,.T.);
#855=EDGE_CURVE('',#1191,#1192,#1416,.T.);
#856=EDGE_CURVE('',#1190,#1192,#1417,.T.);
#857=EDGE_CURVE('',#1179,#1193,#1418,.T.);
#858=EDGE_CURVE('',#1193,#1178,#1419,.T.);
#859=EDGE_CURVE('',#1194,#1195,#1420,.T.);
#860=EDGE_CURVE('',#1195,#1196,#1421,.T.);
#861=EDGE_CURVE('',#1196,#1197,#1422,.T.);
#862=EDGE_CURVE('',#1194,#1197,#1423,.T.);
#863=EDGE_CURVE('',#1198,#1110,#1424,.T.);
#864=EDGE_CURVE('',#1199,#1109,#1425,.T.);
#865=EDGE_CURVE('',#1198,#1199,#1426,.T.);
#866=EDGE_CURVE('',#1200,#1106,#1427,.T.);
#867=EDGE_CURVE('',#1201,#1105,#1428,.T.);
#868=EDGE_CURVE('',#1200,#1201,#1429,.T.);
#869=EDGE_CURVE('',#1202,#1102,#1430,.T.);
#870=EDGE_CURVE('',#1203,#1101,#1431,.T.);
#871=EDGE_CURVE('',#1202,#1203,#1432,.T.);
#872=EDGE_CURVE('',#1204,#1098,#1433,.T.);
#873=EDGE_CURVE('',#1205,#1097,#1434,.T.);
#874=EDGE_CURVE('',#1204,#1205,#1435,.T.);
#875=EDGE_CURVE('',#1206,#1094,#1436,.T.);
#876=EDGE_CURVE('',#1207,#1093,#1437,.T.);
#877=EDGE_CURVE('',#1206,#1207,#1438,.T.);
#878=EDGE_CURVE('',#1208,#1209,#1439,.T.);
#879=EDGE_CURVE('',#1209,#1210,#1440,.T.);
#880=EDGE_CURVE('',#1211,#1210,#1441,.T.);
#881=EDGE_CURVE('',#1208,#1211,#1442,.T.);
#882=EDGE_CURVE('',#1199,#1212,#1443,.T.);
#883=EDGE_CURVE('',#1212,#1213,#1444,.T.);
#884=EDGE_CURVE('',#1200,#1213,#1445,.T.);
#885=EDGE_CURVE('',#1201,#1214,#1446,.T.);
#886=EDGE_CURVE('',#1214,#1215,#1447,.T.);
#887=EDGE_CURVE('',#1202,#1215,#1448,.T.);
#888=EDGE_CURVE('',#1203,#1216,#1449,.T.);
#889=EDGE_CURVE('',#1216,#1217,#1450,.T.);
#890=EDGE_CURVE('',#1204,#1217,#1451,.T.);
#891=EDGE_CURVE('',#1205,#1218,#1452,.T.);
#892=EDGE_CURVE('',#1218,#1219,#1453,.T.);
#893=EDGE_CURVE('',#1206,#1219,#1454,.T.);
#894=EDGE_CURVE('',#1220,#1207,#1455,.T.);
#895=EDGE_CURVE('',#1221,#1220,#1456,.T.);
#896=EDGE_CURVE('',#1222,#1221,#1457,.T.);
#897=EDGE_CURVE('',#1223,#1222,#1458,.T.);
#898=EDGE_CURVE('',#1223,#1224,#1459,.T.);
#899=EDGE_CURVE('',#1224,#1225,#1460,.T.);
#900=EDGE_CURVE('',#1225,#1226,#1461,.T.);
#901=EDGE_CURVE('',#1226,#1227,#1462,.T.);
#902=EDGE_CURVE('',#1227,#1228,#1463,.T.);
#903=EDGE_CURVE('',#1229,#1228,#1464,.T.);
#904=EDGE_CURVE('',#1229,#1230,#1465,.T.);
#905=EDGE_CURVE('',#1230,#1231,#1466,.T.);
#906=EDGE_CURVE('',#1231,#1232,#1467,.T.);
#907=EDGE_CURVE('',#1232,#1233,#1468,.T.);
#908=EDGE_CURVE('',#1198,#1233,#1469,.T.);
#909=EDGE_CURVE('',#1234,#1235,#1470,.T.);
#910=EDGE_CURVE('',#1235,#1236,#1471,.T.);
#911=EDGE_CURVE('',#1226,#1236,#1472,.T.);
#912=EDGE_CURVE('',#1237,#1225,#1473,.T.);
#913=EDGE_CURVE('',#1234,#1237,#1474,.T.);
#914=EDGE_CURVE('',#1238,#1237,#1475,.T.);
#915=EDGE_CURVE('',#1224,#1238,#1476,.T.);
#916=EDGE_CURVE('',#1239,#1239,#41,.T.);
#917=EDGE_CURVE('',#1240,#1182,#1477,.T.);
#918=EDGE_CURVE('',#1241,#1240,#1478,.T.);
#919=EDGE_CURVE('',#1183,#1241,#1479,.T.);
#920=EDGE_CURVE('',#1220,#1242,#1480,.T.);
#921=EDGE_CURVE('',#1243,#1242,#1481,.T.);
#922=EDGE_CURVE('',#1221,#1243,#1482,.T.);
#923=EDGE_CURVE('',#1244,#1245,#1483,.T.);
#924=EDGE_CURVE('',#1128,#1244,#1484,.T.);
#925=EDGE_CURVE('',#1129,#1246,#1485,.T.);
#926=EDGE_CURVE('',#1246,#1247,#1486,.T.);
#927=EDGE_CURVE('',#1247,#1245,#1487,.T.);
#928=EDGE_CURVE('',#1248,#1249,#1488,.T.);
#929=EDGE_CURVE('',#1250,#1248,#1489,.T.);
#930=EDGE_CURVE('',#1250,#1251,#1490,.T.);
#931=EDGE_CURVE('',#1249,#1251,#1491,.T.);
#932=EDGE_CURVE('',#1252,#1252,#42,.T.);
#933=EDGE_CURVE('',#1253,#1193,#1492,.T.);
#934=EDGE_CURVE('',#1253,#1254,#1493,.T.);
#935=EDGE_CURVE('',#1254,#1174,#1494,.T.);
#936=EDGE_CURVE('',#1255,#1173,#1495,.T.);
#937=EDGE_CURVE('',#1255,#1256,#1496,.T.);
#938=EDGE_CURVE('',#1256,#1165,#1497,.T.);
#939=EDGE_CURVE('',#1156,#1166,#1498,.T.);
#940=EDGE_CURVE('',#1257,#1119,#1499,.T.);
#941=EDGE_CURVE('',#1258,#1257,#1500,.T.);
#942=EDGE_CURVE('',#1131,#1258,#1501,.T.);
#943=EDGE_CURVE('',#1130,#1259,#1502,.T.);
#944=EDGE_CURVE('',#1259,#1260,#1503,.T.);
#945=EDGE_CURVE('',#1261,#1260,#1504,.T.);
#946=EDGE_CURVE('',#1180,#1261,#1505,.T.);
#947=EDGE_CURVE('',#1261,#1250,#1506,.T.);
#948=EDGE_CURVE('',#1248,#1262,#1507,.T.);
#949=EDGE_CURVE('',#1262,#1181,#1508,.T.);
#950=EDGE_CURVE('',#1263,#1264,#1509,.T.);
#951=EDGE_CURVE('',#1264,#1265,#1510,.T.);
#952=EDGE_CURVE('',#1266,#1265,#1511,.T.);
#953=EDGE_CURVE('',#1263,#1266,#1512,.T.);
#954=EDGE_CURVE('',#1135,#1267,#1513,.T.);
#955=EDGE_CURVE('',#1134,#1268,#1514,.T.);
#956=EDGE_CURVE('',#1267,#1268,#1515,.T.);
#957=EDGE_CURVE('',#1269,#1268,#1516,.T.);
#958=EDGE_CURVE('',#1133,#1270,#1517,.T.);
#959=EDGE_CURVE('',#1270,#1257,#1518,.T.);
#960=EDGE_CURVE('',#1118,#1271,#1519,.T.);
#961=EDGE_CURVE('',#1271,#1269,#1520,.T.);
#962=EDGE_CURVE('',#1259,#1244,#1521,.T.);
#963=EDGE_CURVE('',#1249,#1245,#1522,.T.);
#964=EDGE_CURVE('',#1272,#1247,#1523,.T.);
#965=EDGE_CURVE('',#1272,#1186,#1524,.T.);
#966=EDGE_CURVE('',#1273,#1185,#1525,.T.);
#967=EDGE_CURVE('',#1274,#1273,#1526,.T.);
#968=EDGE_CURVE('',#1274,#1196,#1527,.T.);
#969=EDGE_CURVE('',#1275,#1195,#1528,.T.);
#970=EDGE_CURVE('',#1276,#1275,#1529,.T.);
#971=EDGE_CURVE('',#1276,#1240,#1530,.T.);
#972=EDGE_CURVE('',#1262,#1240,#1531,.T.);
#973=EDGE_CURVE('',#1277,#1272,#1532,.T.);
#974=EDGE_CURVE('',#1277,#1278,#1533,.T.);
#975=EDGE_CURVE('',#1278,#1269,#1534,.T.);
#976=EDGE_CURVE('',#1269,#1235,#1535,.T.);
#977=EDGE_CURVE('',#1279,#1234,#1536,.T.);
#978=EDGE_CURVE('',#1190,#1279,#1537,.T.);
#979=EDGE_CURVE('',#1280,#1192,#1538,.T.);
#980=EDGE_CURVE('',#1281,#1280,#1539,.T.);
#981=EDGE_CURVE('',#1281,#1187,#1540,.T.);
#982=EDGE_CURVE('',#1278,#1267,#1541,.T.);
#983=EDGE_CURVE('',#1277,#1246,#1542,.T.);
#984=EDGE_CURVE('',#1260,#1251,#1543,.T.);
#985=EDGE_CURVE('',#1222,#1282,#1544,.T.);
#986=EDGE_CURVE('',#1283,#1282,#1545,.T.);
#987=EDGE_CURVE('',#1283,#1191,#1546,.T.);
#988=EDGE_CURVE('',#1223,#1189,#1547,.T.);
#989=EDGE_CURVE('',#1282,#1243,#1548,.T.);
#990=EDGE_CURVE('',#1228,#1116,#1549,.T.);
#991=EDGE_CURVE('',#1229,#1115,#1550,.T.);
#992=EDGE_CURVE('',#1227,#1117,#1551,.T.);
#993=EDGE_CURVE('',#1284,#1284,#43,.T.);
#994=EDGE_CURVE('',#1236,#1271,#1552,.T.);
#995=EDGE_CURVE('',#1285,#1285,#44,.T.);
#996=EDGE_CURVE('',#1286,#1211,#1553,.T.);
#997=EDGE_CURVE('',#1287,#1286,#1554,.T.);
#998=EDGE_CURVE('',#1287,#1208,#1555,.T.);
#999=EDGE_CURVE('',#1287,#1288,#1556,.T.);
#1000=EDGE_CURVE('',#1288,#1209,#1557,.T.);
#1001=EDGE_CURVE('',#1289,#1289,#45,.T.);
#1002=EDGE_CURVE('',#1288,#1290,#1558,.T.);
#1003=EDGE_CURVE('',#1290,#1210,#1559,.T.);
#1004=EDGE_CURVE('',#1286,#1290,#1560,.T.);
#1005=EDGE_CURVE('',#1291,#1291,#46,.T.);
#1006=EDGE_CURVE('',#1292,#1266,#1561,.T.);
#1007=EDGE_CURVE('',#1293,#1292,#1562,.T.);
#1008=EDGE_CURVE('',#1293,#1263,#1563,.T.);
#1009=EDGE_CURVE('',#1293,#1294,#1564,.T.);
#1010=EDGE_CURVE('',#1294,#1264,#1565,.T.);
#1011=EDGE_CURVE('',#1295,#1295,#47,.T.);
#1012=EDGE_CURVE('',#1294,#1296,#1566,.T.);
#1013=EDGE_CURVE('',#1296,#1265,#1567,.T.);
#1014=EDGE_CURVE('',#1292,#1296,#1568,.T.);
#1015=EDGE_CURVE('',#1297,#1297,#48,.T.);
#1016=EDGE_CURVE('',#1298,#1298,#49,.T.);
#1017=EDGE_CURVE('',#1299,#1258,#1569,.T.);
#1018=EDGE_CURVE('',#1132,#1299,#1570,.T.);
#1019=EDGE_CURVE('',#1299,#1270,#1571,.T.);
#1020=EDGE_CURVE('',#1159,#1092,#1572,.T.);
#1021=EDGE_CURVE('',#1158,#1169,#1573,.T.);
#1022=EDGE_CURVE('',#1300,#1168,#1574,.T.);
#1023=EDGE_CURVE('',#1301,#1300,#1575,.T.);
#1024=EDGE_CURVE('',#1301,#1177,#1576,.T.);
#1025=EDGE_CURVE('',#1302,#1176,#1577,.T.);
#1026=EDGE_CURVE('',#1242,#1302,#1578,.T.);
#1027=EDGE_CURVE('',#1230,#1114,#1579,.T.);
#1028=EDGE_CURVE('',#1231,#1113,#1580,.T.);
#1029=EDGE_CURVE('',#1279,#1238,#1581,.T.);
#1030=EDGE_CURVE('',#1219,#1095,#1582,.T.);
#1031=EDGE_CURVE('',#1218,#1096,#1583,.T.);
#1032=EDGE_CURVE('',#1217,#1099,#1584,.T.);
#1033=EDGE_CURVE('',#1216,#1100,#1585,.T.);
#1034=EDGE_CURVE('',#1215,#1103,#1586,.T.);
#1035=EDGE_CURVE('',#1214,#1104,#1587,.T.);
#1036=EDGE_CURVE('',#1213,#1107,#1588,.T.);
#1037=EDGE_CURVE('',#1212,#1108,#1589,.T.);
#1038=EDGE_CURVE('',#1233,#1111,#1590,.T.);
#1039=EDGE_CURVE('',#1232,#1112,#1591,.T.);
#1040=EDGE_CURVE('',#1274,#1303,#1592,.T.);
#1041=EDGE_CURVE('',#1303,#1197,#1593,.T.);
#1042=EDGE_CURVE('',#1304,#1303,#1594,.T.);
#1043=EDGE_CURVE('',#1304,#1194,#1595,.T.);
#1044=EDGE_CURVE('',#1304,#1275,#1596,.T.);
#1045=EDGE_CURVE('',#1305,#1276,#1597,.T.);
#1046=EDGE_CURVE('',#1305,#1241,#1598,.T.);
#1047=EDGE_CURVE('',#1306,#1305,#1599,.T.);
#1048=EDGE_CURVE('',#1306,#1184,#1600,.T.);
#1049=EDGE_CURVE('',#1253,#1306,#1601,.T.);
#1050=EDGE_CURVE('',#1254,#1307,#1602,.T.);
#1051=EDGE_CURVE('',#1307,#1175,#1603,.T.);
#1052=EDGE_CURVE('',#1307,#1302,#1604,.T.);
#1053=EDGE_CURVE('',#1283,#1280,#1605,.T.);
#1054=EDGE_CURVE('',#1308,#1281,#1606,.T.);
#1055=EDGE_CURVE('',#1308,#1188,#1607,.T.);
#1056=EDGE_CURVE('',#1273,#1308,#1608,.T.);
#1057=EDGE_CURVE('',#1309,#1309,#50,.T.);
#1058=EDGE_CURVE('',#1310,#1310,#51,.T.);
#1059=EDGE_CURVE('',#1301,#1311,#1609,.T.);
#1060=EDGE_CURVE('',#1311,#1172,#1610,.T.);
#1061=EDGE_CURVE('',#1311,#1255,#1611,.T.);
#1062=EDGE_CURVE('',#1256,#1312,#1612,.T.);
#1063=EDGE_CURVE('',#1312,#1167,#1613,.T.);
#1064=EDGE_CURVE('',#1312,#1300,#1614,.T.);
#1065=EDGE_CURVE('',#1157,#1170,#1615,.T.);
#1066=EDGE_CURVE('',#1313,#1313,#52,.T.);
#1067=EDGE_CURVE('',#1314,#1314,#53,.T.);
#1068=EDGE_CURVE('',#1315,#1315,#54,.T.);
#1069=EDGE_CURVE('',#1316,#1316,#55,.T.);
#1070=EDGE_CURVE('',#1121,#1140,#1616,.T.);
#1071=EDGE_CURVE('',#1122,#1141,#1617,.T.);
#1072=EDGE_CURVE('',#1123,#1143,#1618,.T.);
#1073=EDGE_CURVE('',#1155,#1142,#1619,.T.);
#1074=EDGE_CURVE('',#1088,#1145,#1620,.T.);
#1075=EDGE_CURVE('',#1089,#1147,#1621,.T.);
#1076=EDGE_CURVE('',#1154,#1144,#1622,.T.);
#1077=EDGE_CURVE('',#1160,#1146,#1623,.T.);
#1078=EDGE_CURVE('',#1083,#1138,#1624,.T.);
#1079=EDGE_CURVE('',#1082,#1136,#1625,.T.);
#1080=EDGE_CURVE('',#1084,#1137,#1626,.T.);
#1081=EDGE_CURVE('',#1085,#1139,#1627,.T.);
#1082=VERTEX_POINT('',#3285);
#1083=VERTEX_POINT('',#3286);
#1084=VERTEX_POINT('',#3288);
#1085=VERTEX_POINT('',#3290);
#1086=VERTEX_POINT('',#3293);
#1087=VERTEX_POINT('',#3294);
#1088=VERTEX_POINT('',#3296);
#1089=VERTEX_POINT('',#3298);
#1090=VERTEX_POINT('',#3300);
#1091=VERTEX_POINT('',#3302);
#1092=VERTEX_POINT('',#3304);
#1093=VERTEX_POINT('',#3306);
#1094=VERTEX_POINT('',#3308);
#1095=VERTEX_POINT('',#3310);
#1096=VERTEX_POINT('',#3312);
#1097=VERTEX_POINT('',#3314);
#1098=VERTEX_POINT('',#3316);
#1099=VERTEX_POINT('',#3318);
#1100=VERTEX_POINT('',#3320);
#1101=VERTEX_POINT('',#3322);
#1102=VERTEX_POINT('',#3324);
#1103=VERTEX_POINT('',#3326);
#1104=VERTEX_POINT('',#3328);
#1105=VERTEX_POINT('',#3330);
#1106=VERTEX_POINT('',#3332);
#1107=VERTEX_POINT('',#3334);
#1108=VERTEX_POINT('',#3336);
#1109=VERTEX_POINT('',#3338);
#1110=VERTEX_POINT('',#3340);
#1111=VERTEX_POINT('',#3342);
#1112=VERTEX_POINT('',#3344);
#1113=VERTEX_POINT('',#3346);
#1114=VERTEX_POINT('',#3348);
#1115=VERTEX_POINT('',#3350);
#1116=VERTEX_POINT('',#3352);
#1117=VERTEX_POINT('',#3354);
#1118=VERTEX_POINT('',#3356);
#1119=VERTEX_POINT('',#3358);
#1120=VERTEX_POINT('',#3360);
#1121=VERTEX_POINT('',#3362);
#1122=VERTEX_POINT('',#3364);
#1123=VERTEX_POINT('',#3366);
#1124=VERTEX_POINT('',#3370);
#1125=VERTEX_POINT('',#3372);
#1126=VERTEX_POINT('',#3374);
#1127=VERTEX_POINT('',#3376);
#1128=VERTEX_POINT('',#3378);
#1129=VERTEX_POINT('',#3379);
#1130=VERTEX_POINT('',#3381);
#1131=VERTEX_POINT('',#3383);
#1132=VERTEX_POINT('',#3385);
#1133=VERTEX_POINT('',#3387);
#1134=VERTEX_POINT('',#3389);
#1135=VERTEX_POINT('',#3391);
#1136=VERTEX_POINT('',#3394);
#1137=VERTEX_POINT('',#3395);
#1138=VERTEX_POINT('',#3397);
#1139=VERTEX_POINT('',#3399);
#1140=VERTEX_POINT('',#3402);
#1141=VERTEX_POINT('',#3403);
#1142=VERTEX_POINT('',#3405);
#1143=VERTEX_POINT('',#3407);
#1144=VERTEX_POINT('',#3410);
#1145=VERTEX_POINT('',#3411);
#1146=VERTEX_POINT('',#3413);
#1147=VERTEX_POINT('',#3415);
#1148=VERTEX_POINT('',#3419);
#1149=VERTEX_POINT('',#3421);
#1150=VERTEX_POINT('',#3425);
#1151=VERTEX_POINT('',#3426);
#1152=VERTEX_POINT('',#3431);
#1153=VERTEX_POINT('',#3433);
#1154=VERTEX_POINT('',#3437);
#1155=VERTEX_POINT('',#3439);
#1156=VERTEX_POINT('',#3442);
#1157=VERTEX_POINT('',#3444);
#1158=VERTEX_POINT('',#3446);
#1159=VERTEX_POINT('',#3448);
#1160=VERTEX_POINT('',#3451);
#1161=VERTEX_POINT('',#3455);
#1162=VERTEX_POINT('',#3458);
#1163=VERTEX_POINT('',#3461);
#1164=VERTEX_POINT('',#3464);
#1165=VERTEX_POINT('',#3467);
#1166=VERTEX_POINT('',#3468);
#1167=VERTEX_POINT('',#3470);
#1168=VERTEX_POINT('',#3472);
#1169=VERTEX_POINT('',#3474);
#1170=VERTEX_POINT('',#3476);
#1171=VERTEX_POINT('',#3480);
#1172=VERTEX_POINT('',#3482);
#1173=VERTEX_POINT('',#3483);
#1174=VERTEX_POINT('',#3485);
#1175=VERTEX_POINT('',#3487);
#1176=VERTEX_POINT('',#3489);
#1177=VERTEX_POINT('',#3491);
#1178=VERTEX_POINT('',#3505);
#1179=VERTEX_POINT('',#3506);
#1180=VERTEX_POINT('',#3511);
#1181=VERTEX_POINT('',#3516);
#1182=VERTEX_POINT('',#3521);
#1183=VERTEX_POINT('',#3526);
#1184=VERTEX_POINT('',#3531);
#1185=VERTEX_POINT('',#3538);
#1186=VERTEX_POINT('',#3539);
#1187=VERTEX_POINT('',#3541);
#1188=VERTEX_POINT('',#3543);
#1189=VERTEX_POINT('',#3547);
#1190=VERTEX_POINT('',#3548);
#1191=VERTEX_POINT('',#3550);
#1192=VERTEX_POINT('',#3552);
#1193=VERTEX_POINT('',#3556);
#1194=VERTEX_POINT('',#3560);
#1195=VERTEX_POINT('',#3561);
#1196=VERTEX_POINT('',#3563);
#1197=VERTEX_POINT('',#3565);
#1198=VERTEX_POINT('',#3569);
#1199=VERTEX_POINT('',#3571);
#1200=VERTEX_POINT('',#3575);
#1201=VERTEX_POINT('',#3577);
#1202=VERTEX_POINT('',#3581);
#1203=VERTEX_POINT('',#3583);
#1204=VERTEX_POINT('',#3587);
#1205=VERTEX_POINT('',#3589);
#1206=VERTEX_POINT('',#3593);
#1207=VERTEX_POINT('',#3595);
#1208=VERTEX_POINT('',#3599);
#1209=VERTEX_POINT('',#3600);
#1210=VERTEX_POINT('',#3602);
#1211=VERTEX_POINT('',#3604);
#1212=VERTEX_POINT('',#3607);
#1213=VERTEX_POINT('',#3609);
#1214=VERTEX_POINT('',#3612);
#1215=VERTEX_POINT('',#3614);
#1216=VERTEX_POINT('',#3617);
#1217=VERTEX_POINT('',#3619);
#1218=VERTEX_POINT('',#3622);
#1219=VERTEX_POINT('',#3624);
#1220=VERTEX_POINT('',#3627);
#1221=VERTEX_POINT('',#3629);
#1222=VERTEX_POINT('',#3631);
#1223=VERTEX_POINT('',#3633);
#1224=VERTEX_POINT('',#3635);
#1225=VERTEX_POINT('',#3637);
#1226=VERTEX_POINT('',#3639);
#1227=VERTEX_POINT('',#3641);
#1228=VERTEX_POINT('',#3643);
#1229=VERTEX_POINT('',#3645);
#1230=VERTEX_POINT('',#3647);
#1231=VERTEX_POINT('',#3649);
#1232=VERTEX_POINT('',#3651);
#1233=VERTEX_POINT('',#3653);
#1234=VERTEX_POINT('',#3657);
#1235=VERTEX_POINT('',#3658);
#1236=VERTEX_POINT('',#3660);
#1237=VERTEX_POINT('',#3663);
#1238=VERTEX_POINT('',#3667);
#1239=VERTEX_POINT('',#3671);
#1240=VERTEX_POINT('',#3673);
#1241=VERTEX_POINT('',#3675);
#1242=VERTEX_POINT('',#3679);
#1243=VERTEX_POINT('',#3681);
#1244=VERTEX_POINT('',#3685);
#1245=VERTEX_POINT('',#3686);
#1246=VERTEX_POINT('',#3689);
#1247=VERTEX_POINT('',#3691);
#1248=VERTEX_POINT('',#3695);
#1249=VERTEX_POINT('',#3696);
#1250=VERTEX_POINT('',#3698);
#1251=VERTEX_POINT('',#3700);
#1252=VERTEX_POINT('',#3704);
#1253=VERTEX_POINT('',#3706);
#1254=VERTEX_POINT('',#3708);
#1255=VERTEX_POINT('',#3711);
#1256=VERTEX_POINT('',#3713);
#1257=VERTEX_POINT('',#3717);
#1258=VERTEX_POINT('',#3719);
#1259=VERTEX_POINT('',#3722);
#1260=VERTEX_POINT('',#3724);
#1261=VERTEX_POINT('',#3726);
#1262=VERTEX_POINT('',#3731);
#1263=VERTEX_POINT('',#3734);
#1264=VERTEX_POINT('',#3735);
#1265=VERTEX_POINT('',#3737);
#1266=VERTEX_POINT('',#3739);
#1267=VERTEX_POINT('',#3743);
#1268=VERTEX_POINT('',#3745);
#1269=VERTEX_POINT('',#3749);
#1270=VERTEX_POINT('',#3751);
#1271=VERTEX_POINT('',#3754);
#1272=VERTEX_POINT('',#3761);
#1273=VERTEX_POINT('',#3764);
#1274=VERTEX_POINT('',#3766);
#1275=VERTEX_POINT('',#3769);
#1276=VERTEX_POINT('',#3771);
#1277=VERTEX_POINT('',#3776);
#1278=VERTEX_POINT('',#3778);
#1279=VERTEX_POINT('',#3782);
#1280=VERTEX_POINT('',#3785);
#1281=VERTEX_POINT('',#3787);
#1282=VERTEX_POINT('',#3797);
#1283=VERTEX_POINT('',#3799);
#1284=VERTEX_POINT('',#3811);
#1285=VERTEX_POINT('',#3817);
#1286=VERTEX_POINT('',#3819);
#1287=VERTEX_POINT('',#3821);
#1288=VERTEX_POINT('',#3825);
#1289=VERTEX_POINT('',#3829);
#1290=VERTEX_POINT('',#3831);
#1291=VERTEX_POINT('',#3838);
#1292=VERTEX_POINT('',#3840);
#1293=VERTEX_POINT('',#3842);
#1294=VERTEX_POINT('',#3846);
#1295=VERTEX_POINT('',#3850);
#1296=VERTEX_POINT('',#3852);
#1297=VERTEX_POINT('',#3859);
#1298=VERTEX_POINT('',#3864);
#1299=VERTEX_POINT('',#3869);
#1300=VERTEX_POINT('',#3880);
#1301=VERTEX_POINT('',#3882);
#1302=VERTEX_POINT('',#3885);
#1303=VERTEX_POINT('',#3921);
#1304=VERTEX_POINT('',#3925);
#1305=VERTEX_POINT('',#3931);
#1306=VERTEX_POINT('',#3935);
#1307=VERTEX_POINT('',#3941);
#1308=VERTEX_POINT('',#3949);
#1309=VERTEX_POINT('',#3955);
#1310=VERTEX_POINT('',#3957);
#1311=VERTEX_POINT('',#3960);
#1312=VERTEX_POINT('',#3966);
#1313=VERTEX_POINT('',#3977);
#1314=VERTEX_POINT('',#3981);
#1315=VERTEX_POINT('',#3985);
#1316=VERTEX_POINT('',#3989);
#1317=LINE('',#3284,#1628);
#1318=LINE('',#3287,#1629);
#1319=LINE('',#3289,#1630);
#1320=LINE('',#3291,#1631);
#1321=LINE('',#3292,#1632);
#1322=LINE('',#3295,#1633);
#1323=LINE('',#3297,#1634);
#1324=LINE('',#3299,#1635);
#1325=LINE('',#3301,#1636);
#1326=LINE('',#3303,#1637);
#1327=LINE('',#3305,#1638);
#1328=LINE('',#3307,#1639);
#1329=LINE('',#3309,#1640);
#1330=LINE('',#3311,#1641);
#1331=LINE('',#3313,#1642);
#1332=LINE('',#3315,#1643);
#1333=LINE('',#3317,#1644);
#1334=LINE('',#3319,#1645);
#1335=LINE('',#3321,#1646);
#1336=LINE('',#3323,#1647);
#1337=LINE('',#3325,#1648);
#1338=LINE('',#3327,#1649);
#1339=LINE('',#3329,#1650);
#1340=LINE('',#3331,#1651);
#1341=LINE('',#3333,#1652);
#1342=LINE('',#3335,#1653);
#1343=LINE('',#3337,#1654);
#1344=LINE('',#3339,#1655);
#1345=LINE('',#3341,#1656);
#1346=LINE('',#3343,#1657);
#1347=LINE('',#3345,#1658);
#1348=LINE('',#3347,#1659);
#1349=LINE('',#3349,#1660);
#1350=LINE('',#3351,#1661);
#1351=LINE('',#3353,#1662);
#1352=LINE('',#3355,#1663);
#1353=LINE('',#3357,#1664);
#1354=LINE('',#3359,#1665);
#1355=LINE('',#3361,#1666);
#1356=LINE('',#3363,#1667);
#1357=LINE('',#3365,#1668);
#1358=LINE('',#3367,#1669);
#1359=LINE('',#3377,#1670);
#1360=LINE('',#3380,#1671);
#1361=LINE('',#3382,#1672);
#1362=LINE('',#3384,#1673);
#1363=LINE('',#3386,#1674);
#1364=LINE('',#3388,#1675);
#1365=LINE('',#3390,#1676);
#1366=LINE('',#3392,#1677);
#1367=LINE('',#3393,#1678);
#1368=LINE('',#3396,#1679);
#1369=LINE('',#3398,#1680);
#1370=LINE('',#3400,#1681);
#1371=LINE('',#3401,#1682);
#1372=LINE('',#3404,#1683);
#1373=LINE('',#3406,#1684);
#1374=LINE('',#3408,#1685);
#1375=LINE('',#3409,#1686);
#1376=LINE('',#3412,#1687);
#1377=LINE('',#3414,#1688);
#1378=LINE('',#3416,#1689);
#1379=LINE('',#3418,#1690);
#1380=LINE('',#3420,#1691);
#1381=LINE('',#3422,#1692);
#1382=LINE('',#3424,#1693);
#1383=LINE('',#3427,#1694);
#1384=LINE('',#3428,#1695);
#1385=LINE('',#3430,#1696);
#1386=LINE('',#3432,#1697);
#1387=LINE('',#3434,#1698);
#1388=LINE('',#3436,#1699);
#1389=LINE('',#3438,#1700);
#1390=LINE('',#3440,#1701);
#1391=LINE('',#3441,#1702);
#1392=LINE('',#3443,#1703);
#1393=LINE('',#3445,#1704);
#1394=LINE('',#3447,#1705);
#1395=LINE('',#3449,#1706);
#1396=LINE('',#3450,#1707);
#1397=LINE('',#3452,#1708);
#1398=LINE('',#3466,#1709);
#1399=LINE('',#3469,#1710);
#1400=LINE('',#3471,#1711);
#1401=LINE('',#3473,#1712);
#1402=LINE('',#3475,#1713);
#1403=LINE('',#3477,#1714);
#1404=LINE('',#3481,#1715);
#1405=LINE('',#3484,#1716);
#1406=LINE('',#3486,#1717);
#1407=LINE('',#3488,#1718);
#1408=LINE('',#3490,#1719);
#1409=LINE('',#3492,#1720);
#1410=LINE('',#3537,#1721);
#1411=LINE('',#3540,#1722);
#1412=LINE('',#3542,#1723);
#1413=LINE('',#3544,#1724);
#1414=LINE('',#3546,#1725);
#1415=LINE('',#3549,#1726);
#1416=LINE('',#3551,#1727);
#1417=LINE('',#3553,#1728);
#1418=LINE('',#3555,#1729);
#1419=LINE('',#3557,#1730);
#1420=LINE('',#3559,#1731);
#1421=LINE('',#3562,#1732);
#1422=LINE('',#3564,#1733);
#1423=LINE('',#3566,#1734);
#1424=LINE('',#3568,#1735);
#1425=LINE('',#3570,#1736);
#1426=LINE('',#3572,#1737);
#1427=LINE('',#3574,#1738);
#1428=LINE('',#3576,#1739);
#1429=LINE('',#3578,#1740);
#1430=LINE('',#3580,#1741);
#1431=LINE('',#3582,#1742);
#1432=LINE('',#3584,#1743);
#1433=LINE('',#3586,#1744);
#1434=LINE('',#3588,#1745);
#1435=LINE('',#3590,#1746);
#1436=LINE('',#3592,#1747);
#1437=LINE('',#3594,#1748);
#1438=LINE('',#3596,#1749);
#1439=LINE('',#3598,#1750);
#1440=LINE('',#3601,#1751);
#1441=LINE('',#3603,#1752);
#1442=LINE('',#3605,#1753);
#1443=LINE('',#3606,#1754);
#1444=LINE('',#3608,#1755);
#1445=LINE('',#3610,#1756);
#1446=LINE('',#3611,#1757);
#1447=LINE('',#3613,#1758);
#1448=LINE('',#3615,#1759);
#1449=LINE('',#3616,#1760);
#1450=LINE('',#3618,#1761);
#1451=LINE('',#3620,#1762);
#1452=LINE('',#3621,#1763);
#1453=LINE('',#3623,#1764);
#1454=LINE('',#3625,#1765);
#1455=LINE('',#3626,#1766);
#1456=LINE('',#3628,#1767);
#1457=LINE('',#3630,#1768);
#1458=LINE('',#3632,#1769);
#1459=LINE('',#3634,#1770);
#1460=LINE('',#3636,#1771);
#1461=LINE('',#3638,#1772);
#1462=LINE('',#3640,#1773);
#1463=LINE('',#3642,#1774);
#1464=LINE('',#3644,#1775);
#1465=LINE('',#3646,#1776);
#1466=LINE('',#3648,#1777);
#1467=LINE('',#3650,#1778);
#1468=LINE('',#3652,#1779);
#1469=LINE('',#3654,#1780);
#1470=LINE('',#3656,#1781);
#1471=LINE('',#3659,#1782);
#1472=LINE('',#3661,#1783);
#1473=LINE('',#3662,#1784);
#1474=LINE('',#3664,#1785);
#1475=LINE('',#3666,#1786);
#1476=LINE('',#3668,#1787);
#1477=LINE('',#3672,#1788);
#1478=LINE('',#3674,#1789);
#1479=LINE('',#3676,#1790);
#1480=LINE('',#3678,#1791);
#1481=LINE('',#3680,#1792);
#1482=LINE('',#3682,#1793);
#1483=LINE('',#3684,#1794);
#1484=LINE('',#3687,#1795);
#1485=LINE('',#3688,#1796);
#1486=LINE('',#3690,#1797);
#1487=LINE('',#3692,#1798);
#1488=LINE('',#3694,#1799);
#1489=LINE('',#3697,#1800);
#1490=LINE('',#3699,#1801);
#1491=LINE('',#3701,#1802);
#1492=LINE('',#3705,#1803);
#1493=LINE('',#3707,#1804);
#1494=LINE('',#3709,#1805);
#1495=LINE('',#3710,#1806);
#1496=LINE('',#3712,#1807);
#1497=LINE('',#3714,#1808);
#1498=LINE('',#3715,#1809);
#1499=LINE('',#3716,#1810);
#1500=LINE('',#3718,#1811);
#1501=LINE('',#3720,#1812);
#1502=LINE('',#3721,#1813);
#1503=LINE('',#3723,#1814);
#1504=LINE('',#3725,#1815);
#1505=LINE('',#3727,#1816);
#1506=LINE('',#3729,#1817);
#1507=LINE('',#3730,#1818);
#1508=LINE('',#3732,#1819);
#1509=LINE('',#3733,#1820);
#1510=LINE('',#3736,#1821);
#1511=LINE('',#3738,#1822);
#1512=LINE('',#3740,#1823);
#1513=LINE('',#3742,#1824);
#1514=LINE('',#3744,#1825);
#1515=LINE('',#3746,#1826);
#1516=LINE('',#3748,#1827);
#1517=LINE('',#3750,#1828);
#1518=LINE('',#3752,#1829);
#1519=LINE('',#3753,#1830);
#1520=LINE('',#3755,#1831);
#1521=LINE('',#3757,#1832);
#1522=LINE('',#3759,#1833);
#1523=LINE('',#3760,#1834);
#1524=LINE('',#3762,#1835);
#1525=LINE('',#3763,#1836);
#1526=LINE('',#3765,#1837);
#1527=LINE('',#3767,#1838);
#1528=LINE('',#3768,#1839);
#1529=LINE('',#3770,#1840);
#1530=LINE('',#3772,#1841);
#1531=LINE('',#3773,#1842);
#1532=LINE('',#3775,#1843);
#1533=LINE('',#3777,#1844);
#1534=LINE('',#3779,#1845);
#1535=LINE('',#3780,#1846);
#1536=LINE('',#3781,#1847);
#1537=LINE('',#3783,#1848);
#1538=LINE('',#3784,#1849);
#1539=LINE('',#3786,#1850);
#1540=LINE('',#3788,#1851);
#1541=LINE('',#3790,#1852);
#1542=LINE('',#3791,#1853);
#1543=LINE('',#3793,#1854);
#1544=LINE('',#3796,#1855);
#1545=LINE('',#3798,#1856);
#1546=LINE('',#3800,#1857);
#1547=LINE('',#3801,#1858);
#1548=LINE('',#3803,#1859);
#1549=LINE('',#3805,#1860);
#1550=LINE('',#3806,#1861);
#1551=LINE('',#3808,#1862);
#1552=LINE('',#3812,#1863);
#1553=LINE('',#3818,#1864);
#1554=LINE('',#3820,#1865);
#1555=LINE('',#3822,#1866);
#1556=LINE('',#3824,#1867);
#1557=LINE('',#3826,#1868);
#1558=LINE('',#3830,#1869);
#1559=LINE('',#3832,#1870);
#1560=LINE('',#3834,#1871);
#1561=LINE('',#3839,#1872);
#1562=LINE('',#3841,#1873);
#1563=LINE('',#3843,#1874);
#1564=LINE('',#3845,#1875);
#1565=LINE('',#3847,#1876);
#1566=LINE('',#3851,#1877);
#1567=LINE('',#3853,#1878);
#1568=LINE('',#3855,#1879);
#1569=LINE('',#3868,#1880);
#1570=LINE('',#3870,#1881);
#1571=LINE('',#3872,#1882);
#1572=LINE('',#3877,#1883);
#1573=LINE('',#3878,#1884);
#1574=LINE('',#3879,#1885);
#1575=LINE('',#3881,#1886);
#1576=LINE('',#3883,#1887);
#1577=LINE('',#3884,#1888);
#1578=LINE('',#3886,#1889);
#1579=LINE('',#3888,#1890);
#1580=LINE('',#3889,#1891);
#1581=LINE('',#3892,#1892);
#1582=LINE('',#3895,#1893);
#1583=LINE('',#3897,#1894);
#1584=LINE('',#3900,#1895);
#1585=LINE('',#3902,#1896);
#1586=LINE('',#3905,#1897);
#1587=LINE('',#3907,#1898);
#1588=LINE('',#3910,#1899);
#1589=LINE('',#3912,#1900);
#1590=LINE('',#3915,#1901);
#1591=LINE('',#3917,#1902);
#1592=LINE('',#3920,#1903);
#1593=LINE('',#3922,#1904);
#1594=LINE('',#3924,#1905);
#1595=LINE('',#3926,#1906);
#1596=LINE('',#3928,#1907);
#1597=LINE('',#3930,#1908);
#1598=LINE('',#3932,#1909);
#1599=LINE('',#3934,#1910);
#1600=LINE('',#3936,#1911);
#1601=LINE('',#3938,#1912);
#1602=LINE('',#3940,#1913);
#1603=LINE('',#3942,#1914);
#1604=LINE('',#3944,#1915);
#1605=LINE('',#3946,#1916);
#1606=LINE('',#3948,#1917);
#1607=LINE('',#3950,#1918);
#1608=LINE('',#3952,#1919);
#1609=LINE('',#3959,#1920);
#1610=LINE('',#3961,#1921);
#1611=LINE('',#3963,#1922);
#1612=LINE('',#3965,#1923);
#1613=LINE('',#3967,#1924);
#1614=LINE('',#3969,#1925);
#1615=LINE('',#3972,#1926);
#1616=LINE('',#3992,#1927);
#1617=LINE('',#3993,#1928);
#1618=LINE('',#3995,#1929);
#1619=LINE('',#3997,#1930);
#1620=LINE('',#4000,#1931);
#1621=LINE('',#4001,#1932);
#1622=LINE('',#4003,#1933);
#1623=LINE('',#4005,#1934);
#1624=LINE('',#4008,#1935);
#1625=LINE('',#4009,#1936);
#1626=LINE('',#4011,#1937);
#1627=LINE('',#4013,#1938);
#1628=VECTOR('',#2673,1.);
#1629=VECTOR('',#2674,1.);
#1630=VECTOR('',#2675,1.);
#1631=VECTOR('',#2676,1.);
#1632=VECTOR('',#2677,1.);
#1633=VECTOR('',#2678,1.);
#1634=VECTOR('',#2679,1.);
#1635=VECTOR('',#2680,1.);
#1636=VECTOR('',#2681,1.);
#1637=VECTOR('',#2682,1.);
#1638=VECTOR('',#2683,1.);
#1639=VECTOR('',#2684,1.);
#1640=VECTOR('',#2685,1.);
#1641=VECTOR('',#2686,1.);
#1642=VECTOR('',#2687,1.);
#1643=VECTOR('',#2688,1.);
#1644=VECTOR('',#2689,1.);
#1645=VECTOR('',#2690,1.);
#1646=VECTOR('',#2691,1.);
#1647=VECTOR('',#2692,1.);
#1648=VECTOR('',#2693,1.);
#1649=VECTOR('',#2694,1.);
#1650=VECTOR('',#2695,1.);
#1651=VECTOR('',#2696,1.);
#1652=VECTOR('',#2697,1.);
#1653=VECTOR('',#2698,1.);
#1654=VECTOR('',#2699,1.);
#1655=VECTOR('',#2700,1.);
#1656=VECTOR('',#2701,1.);
#1657=VECTOR('',#2702,1.);
#1658=VECTOR('',#2703,1.);
#1659=VECTOR('',#2704,1.);
#1660=VECTOR('',#2705,1.);
#1661=VECTOR('',#2706,1.);
#1662=VECTOR('',#2707,1.);
#1663=VECTOR('',#2708,1.);
#1664=VECTOR('',#2709,1.);
#1665=VECTOR('',#2710,1.);
#1666=VECTOR('',#2711,1.);
#1667=VECTOR('',#2712,1.);
#1668=VECTOR('',#2713,1.);
#1669=VECTOR('',#2714,1.);
#1670=VECTOR('',#2725,1.);
#1671=VECTOR('',#2726,1.);
#1672=VECTOR('',#2727,1.);
#1673=VECTOR('',#2728,1.);
#1674=VECTOR('',#2729,1.);
#1675=VECTOR('',#2730,1.);
#1676=VECTOR('',#2731,1.);
#1677=VECTOR('',#2732,1.);
#1678=VECTOR('',#2733,1.);
#1679=VECTOR('',#2734,1.);
#1680=VECTOR('',#2735,1.);
#1681=VECTOR('',#2736,1.);
#1682=VECTOR('',#2737,1.);
#1683=VECTOR('',#2738,1.);
#1684=VECTOR('',#2739,1.);
#1685=VECTOR('',#2740,1.);
#1686=VECTOR('',#2741,1.);
#1687=VECTOR('',#2742,1.);
#1688=VECTOR('',#2743,1.);
#1689=VECTOR('',#2744,1.);
#1690=VECTOR('',#2747,1.);
#1691=VECTOR('',#2748,1.);
#1692=VECTOR('',#2749,1.);
#1693=VECTOR('',#2752,1.);
#1694=VECTOR('',#2753,1.);
#1695=VECTOR('',#2754,1.);
#1696=VECTOR('',#2757,1.);
#1697=VECTOR('',#2758,1.);
#1698=VECTOR('',#2759,1.);
#1699=VECTOR('',#2762,1.);
#1700=VECTOR('',#2763,1.);
#1701=VECTOR('',#2764,1.);
#1702=VECTOR('',#2765,1.);
#1703=VECTOR('',#2766,1.);
#1704=VECTOR('',#2767,1.);
#1705=VECTOR('',#2768,1.);
#1706=VECTOR('',#2769,1.);
#1707=VECTOR('',#2770,1.);
#1708=VECTOR('',#2771,1.);
#1709=VECTOR('',#2790,1.);
#1710=VECTOR('',#2791,1.);
#1711=VECTOR('',#2792,1.);
#1712=VECTOR('',#2793,1.);
#1713=VECTOR('',#2794,1.);
#1714=VECTOR('',#2795,1.);
#1715=VECTOR('',#2800,1.);
#1716=VECTOR('',#2801,1.);
#1717=VECTOR('',#2802,1.);
#1718=VECTOR('',#2803,1.);
#1719=VECTOR('',#2804,1.);
#1720=VECTOR('',#2805,1.);
#1721=VECTOR('',#2808,1.);
#1722=VECTOR('',#2809,1.);
#1723=VECTOR('',#2810,1.);
#1724=VECTOR('',#2811,1.);
#1725=VECTOR('',#2814,1.);
#1726=VECTOR('',#2815,1.);
#1727=VECTOR('',#2816,1.);
#1728=VECTOR('',#2817,1.);
#1729=VECTOR('',#2820,1.);
#1730=VECTOR('',#2821,1.);
#1731=VECTOR('',#2824,1.);
#1732=VECTOR('',#2825,1.);
#1733=VECTOR('',#2826,1.);
#1734=VECTOR('',#2827,1.);
#1735=VECTOR('',#2830,1.);
#1736=VECTOR('',#2831,1.);
#1737=VECTOR('',#2832,1.);
#1738=VECTOR('',#2835,1.);
#1739=VECTOR('',#2836,1.);
#1740=VECTOR('',#2837,1.);
#1741=VECTOR('',#2840,1.);
#1742=VECTOR('',#2841,1.);
#1743=VECTOR('',#2842,1.);
#1744=VECTOR('',#2845,1.);
#1745=VECTOR('',#2846,1.);
#1746=VECTOR('',#2847,1.);
#1747=VECTOR('',#2850,1.);
#1748=VECTOR('',#2851,1.);
#1749=VECTOR('',#2852,1.);
#1750=VECTOR('',#2855,1.);
#1751=VECTOR('',#2856,1.);
#1752=VECTOR('',#2857,1.);
#1753=VECTOR('',#2858,1.);
#1754=VECTOR('',#2859,1.);
#1755=VECTOR('',#2860,1.);
#1756=VECTOR('',#2861,1.);
#1757=VECTOR('',#2862,1.);
#1758=VECTOR('',#2863,1.);
#1759=VECTOR('',#2864,1.);
#1760=VECTOR('',#2865,1.);
#1761=VECTOR('',#2866,1.);
#1762=VECTOR('',#2867,1.);
#1763=VECTOR('',#2868,1.);
#1764=VECTOR('',#2869,1.);
#1765=VECTOR('',#2870,1.);
#1766=VECTOR('',#2871,1.);
#1767=VECTOR('',#2872,1.);
#1768=VECTOR('',#2873,1.);
#1769=VECTOR('',#2874,1.);
#1770=VECTOR('',#2875,1.);
#1771=VECTOR('',#2876,1.);
#1772=VECTOR('',#2877,1.);
#1773=VECTOR('',#2878,1.);
#1774=VECTOR('',#2879,1.);
#1775=VECTOR('',#2880,1.);
#1776=VECTOR('',#2881,1.);
#1777=VECTOR('',#2882,1.);
#1778=VECTOR('',#2883,1.);
#1779=VECTOR('',#2884,1.);
#1780=VECTOR('',#2885,1.);
#1781=VECTOR('',#2888,1.);
#1782=VECTOR('',#2889,1.);
#1783=VECTOR('',#2890,1.);
#1784=VECTOR('',#2891,1.);
#1785=VECTOR('',#2892,1.);
#1786=VECTOR('',#2895,1.);
#1787=VECTOR('',#2896,1.);
#1788=VECTOR('',#2901,1.);
#1789=VECTOR('',#2902,1.);
#1790=VECTOR('',#2903,1.);
#1791=VECTOR('',#2906,1.);
#1792=VECTOR('',#2907,1.);
#1793=VECTOR('',#2908,1.);
#1794=VECTOR('',#2911,1.);
#1795=VECTOR('',#2912,1.);
#1796=VECTOR('',#2913,1.);
#1797=VECTOR('',#2914,1.);
#1798=VECTOR('',#2915,1.);
#1799=VECTOR('',#2918,1.);
#1800=VECTOR('',#2919,1.);
#1801=VECTOR('',#2920,1.);
#1802=VECTOR('',#2921,1.);
#1803=VECTOR('',#2926,1.);
#1804=VECTOR('',#2927,1.);
#1805=VECTOR('',#2928,1.);
#1806=VECTOR('',#2929,1.);
#1807=VECTOR('',#2930,1.);
#1808=VECTOR('',#2931,1.);
#1809=VECTOR('',#2932,1.);
#1810=VECTOR('',#2933,1.);
#1811=VECTOR('',#2934,1.);
#1812=VECTOR('',#2935,1.);
#1813=VECTOR('',#2936,1.);
#1814=VECTOR('',#2937,1.);
#1815=VECTOR('',#2938,1.);
#1816=VECTOR('',#2939,1.);
#1817=VECTOR('',#2942,1.);
#1818=VECTOR('',#2943,1.);
#1819=VECTOR('',#2944,1.);
#1820=VECTOR('',#2945,1.);
#1821=VECTOR('',#2946,1.);
#1822=VECTOR('',#2947,1.);
#1823=VECTOR('',#2948,1.);
#1824=VECTOR('',#2951,1.);
#1825=VECTOR('',#2952,1.);
#1826=VECTOR('',#2953,1.);
#1827=VECTOR('',#2956,1.);
#1828=VECTOR('',#2957,1.);
#1829=VECTOR('',#2958,1.);
#1830=VECTOR('',#2959,1.);
#1831=VECTOR('',#2960,1.);
#1832=VECTOR('',#2963,1.);
#1833=VECTOR('',#2966,1.);
#1834=VECTOR('',#2967,1.);
#1835=VECTOR('',#2968,1.);
#1836=VECTOR('',#2969,1.);
#1837=VECTOR('',#2970,1.);
#1838=VECTOR('',#2971,1.);
#1839=VECTOR('',#2972,1.);
#1840=VECTOR('',#2973,1.);
#1841=VECTOR('',#2974,1.);
#1842=VECTOR('',#2975,1.);
#1843=VECTOR('',#2978,1.);
#1844=VECTOR('',#2979,1.);
#1845=VECTOR('',#2980,1.);
#1846=VECTOR('',#2981,1.);
#1847=VECTOR('',#2982,1.);
#1848=VECTOR('',#2983,1.);
#1849=VECTOR('',#2984,1.);
#1850=VECTOR('',#2985,1.);
#1851=VECTOR('',#2986,1.);
#1852=VECTOR('',#2989,1.);
#1853=VECTOR('',#2990,1.);
#1854=VECTOR('',#2993,1.);
#1855=VECTOR('',#2998,1.);
#1856=VECTOR('',#2999,1.);
#1857=VECTOR('',#3000,1.);
#1858=VECTOR('',#3001,1.);
#1859=VECTOR('',#3004,1.);
#1860=VECTOR('',#3007,1.);
#1861=VECTOR('',#3008,1.);
#1862=VECTOR('',#3011,1.);
#1863=VECTOR('',#3016,1.);
#1864=VECTOR('',#3025,1.);
#1865=VECTOR('',#3026,1.);
#1866=VECTOR('',#3027,1.);
#1867=VECTOR('',#3030,1.);
#1868=VECTOR('',#3031,1.);
#1869=VECTOR('',#3036,1.);
#1870=VECTOR('',#3037,1.);
#1871=VECTOR('',#3040,1.);
#1872=VECTOR('',#3047,1.);
#1873=VECTOR('',#3048,1.);
#1874=VECTOR('',#3049,1.);
#1875=VECTOR('',#3052,1.);
#1876=VECTOR('',#3053,1.);
#1877=VECTOR('',#3058,1.);
#1878=VECTOR('',#3059,1.);
#1879=VECTOR('',#3062,1.);
#1880=VECTOR('',#3083,1.);
#1881=VECTOR('',#3084,1.);
#1882=VECTOR('',#3087,1.);
#1883=VECTOR('',#3096,1.);
#1884=VECTOR('',#3097,1.);
#1885=VECTOR('',#3098,1.);
#1886=VECTOR('',#3099,1.);
#1887=VECTOR('',#3100,1.);
#1888=VECTOR('',#3101,1.);
#1889=VECTOR('',#3102,1.);
#1890=VECTOR('',#3105,1.);
#1891=VECTOR('',#3106,1.);
#1892=VECTOR('',#3111,1.);
#1893=VECTOR('',#3116,1.);
#1894=VECTOR('',#3119,1.);
#1895=VECTOR('',#3124,1.);
#1896=VECTOR('',#3127,1.);
#1897=VECTOR('',#3132,1.);
#1898=VECTOR('',#3135,1.);
#1899=VECTOR('',#3140,1.);
#1900=VECTOR('',#3143,1.);
#1901=VECTOR('',#3148,1.);
#1902=VECTOR('',#3151,1.);
#1903=VECTOR('',#3156,1.);
#1904=VECTOR('',#3157,1.);
#1905=VECTOR('',#3160,1.);
#1906=VECTOR('',#3161,1.);
#1907=VECTOR('',#3164,1.);
#1908=VECTOR('',#3167,1.);
#1909=VECTOR('',#3168,1.);
#1910=VECTOR('',#3171,1.);
#1911=VECTOR('',#3172,1.);
#1912=VECTOR('',#3175,1.);
#1913=VECTOR('',#3178,1.);
#1914=VECTOR('',#3179,1.);
#1915=VECTOR('',#3182,1.);
#1916=VECTOR('',#3185,1.);
#1917=VECTOR('',#3188,1.);
#1918=VECTOR('',#3189,1.);
#1919=VECTOR('',#3192,1.);
#1920=VECTOR('',#3201,1.);
#1921=VECTOR('',#3202,1.);
#1922=VECTOR('',#3205,1.);
#1923=VECTOR('',#3208,1.);
#1924=VECTOR('',#3209,1.);
#1925=VECTOR('',#3212,1.);
#1926=VECTOR('',#3217,1.);
#1927=VECTOR('',#3248,1.);
#1928=VECTOR('',#3249,1.);
#1929=VECTOR('',#3252,1.);
#1930=VECTOR('',#3255,1.);
#1931=VECTOR('',#3260,1.);
#1932=VECTOR('',#3261,1.);
#1933=VECTOR('',#3264,1.);
#1934=VECTOR('',#3267,1.);
#1935=VECTOR('',#3272,1.);
#1936=VECTOR('',#3273,1.);
#1937=VECTOR('',#3276,1.);
#1938=VECTOR('',#3279,1.);
#1939=EDGE_LOOP('',(#56,#57,#58,#59));
#1940=EDGE_LOOP('',(#60,#61,#62,#63,#64,#65,#66,#67,#68,#69,#70,#71,#72,
#73,#74,#75,#76,#77,#78,#79,#80,#81,#82,#83,#84,#85,#86,#87,#88,#89,#90,
#91,#92,#93,#94,#95,#96,#97));
#1941=EDGE_LOOP('',(#98));
#1942=EDGE_LOOP('',(#99));
#1943=EDGE_LOOP('',(#100));
#1944=EDGE_LOOP('',(#101));
#1945=EDGE_LOOP('',(#102,#103,#104,#105,#106,#107,#108,#109));
#1946=EDGE_LOOP('',(#110,#111,#112,#113));
#1947=EDGE_LOOP('',(#114,#115,#116,#117));
#1948=EDGE_LOOP('',(#118,#119,#120,#121));
#1949=EDGE_LOOP('',(#122,#123,#124,#125));
#1950=EDGE_LOOP('',(#126,#127,#128,#129));
#1951=EDGE_LOOP('',(#130,#131,#132,#133));
#1952=EDGE_LOOP('',(#134,#135,#136,#137,#138,#139,#140,#141,#142,#143,#144,
#145,#146));
#1953=EDGE_LOOP('',(#147));
#1954=EDGE_LOOP('',(#148));
#1955=EDGE_LOOP('',(#149));
#1956=EDGE_LOOP('',(#150));
#1957=EDGE_LOOP('',(#151));
#1958=EDGE_LOOP('',(#152));
#1959=EDGE_LOOP('',(#153));
#1960=EDGE_LOOP('',(#154));
#1961=EDGE_LOOP('',(#155,#156,#157,#158,#159,#160));
#1962=EDGE_LOOP('',(#161));
#1963=EDGE_LOOP('',(#162,#163,#164,#165,#166,#167));
#1964=EDGE_LOOP('',(#168,#169,#170,#171,#172,#173,#174));
#1965=EDGE_LOOP('',(#175,#176,#177,#178));
#1966=EDGE_LOOP('',(#179,#180,#181,#182));
#1967=EDGE_LOOP('',(#183,#184,#185));
#1968=EDGE_LOOP('',(#186,#187,#188,#189));
#1969=EDGE_LOOP('',(#190,#191,#192,#193));
#1970=EDGE_LOOP('',(#194,#195,#196,#197));
#1971=EDGE_LOOP('',(#198,#199,#200,#201));
#1972=EDGE_LOOP('',(#202,#203,#204,#205));
#1973=EDGE_LOOP('',(#206,#207,#208,#209));
#1974=EDGE_LOOP('',(#210,#211,#212,#213));
#1975=EDGE_LOOP('',(#214,#215,#216,#217,#218,#219,#220,#221,#222,#223,#224,
#225,#226,#227,#228,#229,#230,#231,#232,#233,#234,#235,#236,#237,#238,#239,
#240,#241,#242,#243,#244,#245));
#1976=EDGE_LOOP('',(#246,#247,#248,#249,#250,#251));
#1977=EDGE_LOOP('',(#252,#253,#254,#255));
#1978=EDGE_LOOP('',(#256));
#1979=EDGE_LOOP('',(#257,#258,#259,#260));
#1980=EDGE_LOOP('',(#261,#262,#263,#264));
#1981=EDGE_LOOP('',(#265,#266,#267,#268,#269,#270));
#1982=EDGE_LOOP('',(#271,#272,#273,#274));
#1983=EDGE_LOOP('',(#275));
#1984=EDGE_LOOP('',(#276,#277,#278,#279,#280,#281,#282,#283,#284,#285,#286,
#287,#288,#289,#290,#291,#292,#293,#294,#295,#296));
#1985=EDGE_LOOP('',(#297,#298,#299,#300,#301,#302));
#1986=EDGE_LOOP('',(#303,#304,#305,#306));
#1987=EDGE_LOOP('',(#307,#308,#309,#310));
#1988=EDGE_LOOP('',(#311,#312,#313,#314,#315,#316,#317,#318,#319));
#1989=EDGE_LOOP('',(#320,#321,#322,#323));
#1990=EDGE_LOOP('',(#324,#325,#326,#327,#328,#329,#330,#331,#332,#333,#334,
#335,#336,#337,#338));
#1991=EDGE_LOOP('',(#339,#340,#341,#342,#343,#344,#345,#346,#347,#348,#349,
#350,#351));
#1992=EDGE_LOOP('',(#352,#353,#354,#355,#356,#357));
#1993=EDGE_LOOP('',(#358,#359,#360,#361));
#1994=EDGE_LOOP('',(#362,#363,#364,#365,#366,#367));
#1995=EDGE_LOOP('',(#368,#369,#370,#371,#372,#373));
#1996=EDGE_LOOP('',(#374,#375,#376,#377));
#1997=EDGE_LOOP('',(#378,#379,#380,#381));
#1998=EDGE_LOOP('',(#382,#383,#384,#385));
#1999=EDGE_LOOP('',(#386));
#2000=EDGE_LOOP('',(#387,#388,#389,#390,#391,#392));
#2001=EDGE_LOOP('',(#393,#394,#395,#396));
#2002=EDGE_LOOP('',(#397,#398,#399,#400));
#2003=EDGE_LOOP('',(#401));
#2004=EDGE_LOOP('',(#402,#403,#404,#405));
#2005=EDGE_LOOP('',(#406,#407,#408,#409));
#2006=EDGE_LOOP('',(#410));
#2007=EDGE_LOOP('',(#411,#412,#413,#414));
#2008=EDGE_LOOP('',(#415,#416,#417,#418));
#2009=EDGE_LOOP('',(#419,#420,#421,#422));
#2010=EDGE_LOOP('',(#423));
#2011=EDGE_LOOP('',(#424,#425,#426,#427));
#2012=EDGE_LOOP('',(#428,#429,#430,#431));
#2013=EDGE_LOOP('',(#432));
#2014=EDGE_LOOP('',(#433,#434,#435,#436));
#2015=EDGE_LOOP('',(#437,#438,#439,#440));
#2016=EDGE_LOOP('',(#441,#442,#443,#444));
#2017=EDGE_LOOP('',(#445));
#2018=EDGE_LOOP('',(#446));
#2019=EDGE_LOOP('',(#447));
#2020=EDGE_LOOP('',(#448));
#2021=EDGE_LOOP('',(#449));
#2022=EDGE_LOOP('',(#450));
#2023=EDGE_LOOP('',(#451));
#2024=EDGE_LOOP('',(#452));
#2025=EDGE_LOOP('',(#453));
#2026=EDGE_LOOP('',(#454));
#2027=EDGE_LOOP('',(#455,#456,#457,#458));
#2028=EDGE_LOOP('',(#459,#460,#461,#462));
#2029=EDGE_LOOP('',(#463,#464,#465,#466));
#2030=EDGE_LOOP('',(#467,#468,#469,#470));
#2031=EDGE_LOOP('',(#471,#472,#473,#474));
#2032=EDGE_LOOP('',(#475,#476,#477,#478,#479,#480,#481,#482,#483,#484,#485,
#486,#487,#488));
#2033=EDGE_LOOP('',(#489,#490,#491,#492));
#2034=EDGE_LOOP('',(#493,#494,#495,#496));
#2035=EDGE_LOOP('',(#497,#498,#499,#500,#501,#502));
#2036=EDGE_LOOP('',(#503,#504,#505,#506));
#2037=EDGE_LOOP('',(#507,#508,#509,#510));
#2038=EDGE_LOOP('',(#511,#512,#513,#514));
#2039=EDGE_LOOP('',(#515,#516,#517,#518));
#2040=EDGE_LOOP('',(#519,#520,#521,#522));
#2041=EDGE_LOOP('',(#523,#524,#525,#526));
#2042=EDGE_LOOP('',(#527,#528,#529,#530));
#2043=EDGE_LOOP('',(#531,#532,#533,#534));
#2044=EDGE_LOOP('',(#535,#536,#537,#538));
#2045=EDGE_LOOP('',(#539,#540,#541,#542));
#2046=EDGE_LOOP('',(#543,#544,#545,#546));
#2047=EDGE_LOOP('',(#547,#548,#549,#550));
#2048=EDGE_LOOP('',(#551,#552,#553,#554));
#2049=EDGE_LOOP('',(#555,#556,#557,#558));
#2050=EDGE_LOOP('',(#559,#560,#561,#562));
#2051=EDGE_LOOP('',(#563,#564,#565,#566));
#2052=EDGE_LOOP('',(#567,#568,#569,#570));
#2053=EDGE_LOOP('',(#571,#572,#573,#574));
#2054=EDGE_LOOP('',(#575,#576,#577,#578));
#2055=EDGE_LOOP('',(#579,#580,#581,#582));
#2056=EDGE_LOOP('',(#583,#584,#585,#586,#587));
#2057=EDGE_LOOP('',(#588,#589,#590,#591,#592));
#2058=EDGE_LOOP('',(#593,#594,#595,#596));
#2059=EDGE_LOOP('',(#597,#598,#599,#600));
#2060=EDGE_LOOP('',(#601,#602,#603,#604));
#2061=EDGE_LOOP('',(#605,#606,#607,#608));
#2062=EDGE_LOOP('',(#609,#610,#611,#612));
#2063=EDGE_LOOP('',(#613));
#2064=EDGE_LOOP('',(#614));
#2065=EDGE_LOOP('',(#615,#616,#617,#618,#619,#620,#621,#622,#623,#624,#625,
#626,#627,#628,#629,#630,#631,#632,#633));
#2066=EDGE_LOOP('',(#634,#635,#636,#637));
#2067=EDGE_LOOP('',(#638,#639,#640,#641));
#2068=EDGE_LOOP('',(#642,#643,#644,#645));
#2069=EDGE_LOOP('',(#646,#647,#648,#649));
#2070=EDGE_LOOP('',(#650,#651,#652,#653,#654,#655));
#2071=EDGE_LOOP('',(#656,#657,#658,#659));
#2072=EDGE_LOOP('',(#660,#661,#662,#663));
#2073=EDGE_LOOP('',(#664,#665,#666,#667));
#2074=EDGE_LOOP('',(#668));
#2075=EDGE_LOOP('',(#669));
#2076=EDGE_LOOP('',(#670));
#2077=EDGE_LOOP('',(#671));
#2078=EDGE_LOOP('',(#672));
#2079=EDGE_LOOP('',(#673));
#2080=EDGE_LOOP('',(#674));
#2081=EDGE_LOOP('',(#675));
#2082=EDGE_LOOP('',(#676));
#2083=EDGE_LOOP('',(#677));
#2084=EDGE_LOOP('',(#678));
#2085=EDGE_LOOP('',(#679));
#2086=EDGE_LOOP('',(#680));
#2087=EDGE_LOOP('',(#681));
#2088=EDGE_LOOP('',(#682));
#2089=EDGE_LOOP('',(#683));
#2090=EDGE_LOOP('',(#684,#685,#686,#687));
#2091=EDGE_LOOP('',(#688,#689,#690,#691));
#2092=EDGE_LOOP('',(#692,#693,#694,#695,#696,#697));
#2093=EDGE_LOOP('',(#698,#699,#700,#701,#702,#703));
#2094=EDGE_LOOP('',(#704,#705,#706,#707));
#2095=EDGE_LOOP('',(#708,#709,#710,#711,#712,#713));
#2096=EDGE_LOOP('',(#714,#715,#716,#717,#718,#719));
#2097=EDGE_LOOP('',(#720,#721,#722,#723));
#2098=EDGE_LOOP('',(#724,#725,#726,#727));
#2099=EDGE_LOOP('',(#728,#729,#730,#731));
#2100=EDGE_LOOP('',(#732,#733,#734,#735));
#2101=EDGE_LOOP('',(#736,#737,#738,#739));
#2102=FACE_BOUND('',#1939,.T.);
#2103=FACE_BOUND('',#1940,.T.);
#2104=FACE_BOUND('',#1941,.T.);
#2105=FACE_BOUND('',#1942,.T.);
#2106=FACE_BOUND('',#1943,.T.);
#2107=FACE_BOUND('',#1944,.T.);
#2108=FACE_BOUND('',#1945,.T.);
#2109=FACE_BOUND('',#1946,.T.);
#2110=FACE_BOUND('',#1947,.T.);
#2111=FACE_BOUND('',#1948,.T.);
#2112=FACE_BOUND('',#1949,.T.);
#2113=FACE_BOUND('',#1950,.T.);
#2114=FACE_BOUND('',#1951,.T.);
#2115=FACE_BOUND('',#1952,.T.);
#2116=FACE_BOUND('',#1953,.T.);
#2117=FACE_BOUND('',#1954,.T.);
#2118=FACE_BOUND('',#1955,.T.);
#2119=FACE_BOUND('',#1956,.T.);
#2120=FACE_BOUND('',#1957,.T.);
#2121=FACE_BOUND('',#1958,.T.);
#2122=FACE_BOUND('',#1959,.T.);
#2123=FACE_BOUND('',#1960,.T.);
#2124=FACE_BOUND('',#1961,.T.);
#2125=FACE_BOUND('',#1962,.T.);
#2126=FACE_BOUND('',#1963,.T.);
#2127=FACE_BOUND('',#1964,.T.);
#2128=FACE_BOUND('',#1965,.T.);
#2129=FACE_BOUND('',#1966,.T.);
#2130=FACE_BOUND('',#1967,.T.);
#2131=FACE_BOUND('',#1968,.T.);
#2132=FACE_BOUND('',#1969,.T.);
#2133=FACE_BOUND('',#1970,.T.);
#2134=FACE_BOUND('',#1971,.T.);
#2135=FACE_BOUND('',#1972,.T.);
#2136=FACE_BOUND('',#1973,.T.);
#2137=FACE_BOUND('',#1974,.T.);
#2138=FACE_BOUND('',#1975,.T.);
#2139=FACE_BOUND('',#1976,.T.);
#2140=FACE_BOUND('',#1977,.T.);
#2141=FACE_BOUND('',#1978,.T.);
#2142=FACE_BOUND('',#1979,.T.);
#2143=FACE_BOUND('',#1980,.T.);
#2144=FACE_BOUND('',#1981,.T.);
#2145=FACE_BOUND('',#1982,.T.);
#2146=FACE_BOUND('',#1983,.T.);
#2147=FACE_BOUND('',#1984,.T.);
#2148=FACE_BOUND('',#1985,.T.);
#2149=FACE_BOUND('',#1986,.T.);
#2150=FACE_BOUND('',#1987,.T.);
#2151=FACE_BOUND('',#1988,.T.);
#2152=FACE_BOUND('',#1989,.T.);
#2153=FACE_BOUND('',#1990,.T.);
#2154=FACE_BOUND('',#1991,.T.);
#2155=FACE_BOUND('',#1992,.T.);
#2156=FACE_BOUND('',#1993,.T.);
#2157=FACE_BOUND('',#1994,.T.);
#2158=FACE_BOUND('',#1995,.T.);
#2159=FACE_BOUND('',#1996,.T.);
#2160=FACE_BOUND('',#1997,.T.);
#2161=FACE_BOUND('',#1998,.T.);
#2162=FACE_BOUND('',#1999,.T.);
#2163=FACE_BOUND('',#2000,.T.);
#2164=FACE_BOUND('',#2001,.T.);
#2165=FACE_BOUND('',#2002,.T.);
#2166=FACE_BOUND('',#2003,.T.);
#2167=FACE_BOUND('',#2004,.T.);
#2168=FACE_BOUND('',#2005,.T.);
#2169=FACE_BOUND('',#2006,.T.);
#2170=FACE_BOUND('',#2007,.T.);
#2171=FACE_BOUND('',#2008,.T.);
#2172=FACE_BOUND('',#2009,.T.);
#2173=FACE_BOUND('',#2010,.T.);
#2174=FACE_BOUND('',#2011,.T.);
#2175=FACE_BOUND('',#2012,.T.);
#2176=FACE_BOUND('',#2013,.T.);
#2177=FACE_BOUND('',#2014,.T.);
#2178=FACE_BOUND('',#2015,.T.);
#2179=FACE_BOUND('',#2016,.T.);
#2180=FACE_BOUND('',#2017,.T.);
#2181=FACE_BOUND('',#2018,.T.);
#2182=FACE_BOUND('',#2019,.T.);
#2183=FACE_BOUND('',#2020,.T.);
#2184=FACE_BOUND('',#2021,.T.);
#2185=FACE_BOUND('',#2022,.T.);
#2186=FACE_BOUND('',#2023,.T.);
#2187=FACE_BOUND('',#2024,.T.);
#2188=FACE_BOUND('',#2025,.T.);
#2189=FACE_BOUND('',#2026,.T.);
#2190=FACE_BOUND('',#2027,.T.);
#2191=FACE_BOUND('',#2028,.T.);
#2192=FACE_BOUND('',#2029,.T.);
#2193=FACE_BOUND('',#2030,.T.);
#2194=FACE_BOUND('',#2031,.T.);
#2195=FACE_BOUND('',#2032,.T.);
#2196=FACE_BOUND('',#2033,.T.);
#2197=FACE_BOUND('',#2034,.T.);
#2198=FACE_BOUND('',#2035,.T.);
#2199=FACE_BOUND('',#2036,.T.);
#2200=FACE_BOUND('',#2037,.T.);
#2201=FACE_BOUND('',#2038,.T.);
#2202=FACE_BOUND('',#2039,.T.);
#2203=FACE_BOUND('',#2040,.T.);
#2204=FACE_BOUND('',#2041,.T.);
#2205=FACE_BOUND('',#2042,.T.);
#2206=FACE_BOUND('',#2043,.T.);
#2207=FACE_BOUND('',#2044,.T.);
#2208=FACE_BOUND('',#2045,.T.);
#2209=FACE_BOUND('',#2046,.T.);
#2210=FACE_BOUND('',#2047,.T.);
#2211=FACE_BOUND('',#2048,.T.);
#2212=FACE_BOUND('',#2049,.T.);
#2213=FACE_BOUND('',#2050,.T.);
#2214=FACE_BOUND('',#2051,.T.);
#2215=FACE_BOUND('',#2052,.T.);
#2216=FACE_BOUND('',#2053,.T.);
#2217=FACE_BOUND('',#2054,.T.);
#2218=FACE_BOUND('',#2055,.T.);
#2219=FACE_BOUND('',#2056,.T.);
#2220=FACE_BOUND('',#2057,.T.);
#2221=FACE_BOUND('',#2058,.T.);
#2222=FACE_BOUND('',#2059,.T.);
#2223=FACE_BOUND('',#2060,.T.);
#2224=FACE_BOUND('',#2061,.T.);
#2225=FACE_BOUND('',#2062,.T.);
#2226=FACE_BOUND('',#2063,.T.);
#2227=FACE_BOUND('',#2064,.T.);
#2228=FACE_BOUND('',#2065,.T.);
#2229=FACE_BOUND('',#2066,.T.);
#2230=FACE_BOUND('',#2067,.T.);
#2231=FACE_BOUND('',#2068,.T.);
#2232=FACE_BOUND('',#2069,.T.);
#2233=FACE_BOUND('',#2070,.T.);
#2234=FACE_BOUND('',#2071,.T.);
#2235=FACE_BOUND('',#2072,.T.);
#2236=FACE_BOUND('',#2073,.T.);
#2237=FACE_BOUND('',#2074,.T.);
#2238=FACE_BOUND('',#2075,.T.);
#2239=FACE_BOUND('',#2076,.T.);
#2240=FACE_BOUND('',#2077,.T.);
#2241=FACE_BOUND('',#2078,.T.);
#2242=FACE_BOUND('',#2079,.T.);
#2243=FACE_BOUND('',#2080,.T.);
#2244=FACE_BOUND('',#2081,.T.);
#2245=FACE_BOUND('',#2082,.T.);
#2246=FACE_BOUND('',#2083,.T.);
#2247=FACE_BOUND('',#2084,.T.);
#2248=FACE_BOUND('',#2085,.T.);
#2249=FACE_BOUND('',#2086,.T.);
#2250=FACE_BOUND('',#2087,.T.);
#2251=FACE_BOUND('',#2088,.T.);
#2252=FACE_BOUND('',#2089,.T.);
#2253=FACE_BOUND('',#2090,.T.);
#2254=FACE_BOUND('',#2091,.T.);
#2255=FACE_BOUND('',#2092,.T.);
#2256=FACE_BOUND('',#2093,.T.);
#2257=FACE_BOUND('',#2094,.T.);
#2258=FACE_BOUND('',#2095,.T.);
#2259=FACE_BOUND('',#2096,.T.);
#2260=FACE_BOUND('',#2097,.T.);
#2261=FACE_BOUND('',#2098,.T.);
#2262=FACE_BOUND('',#2099,.T.);
#2263=FACE_BOUND('',#2100,.T.);
#2264=FACE_BOUND('',#2101,.T.);
#2265=PLANE('',#2519);
#2266=PLANE('',#2520);
#2267=PLANE('',#2525);
#2268=PLANE('',#2526);
#2269=PLANE('',#2527);
#2270=PLANE('',#2528);
#2271=PLANE('',#2537);
#2272=PLANE('',#2538);
#2273=PLANE('',#2540);
#2274=PLANE('',#2541);
#2275=PLANE('',#2542);
#2276=PLANE('',#2543);
#2277=PLANE('',#2544);
#2278=PLANE('',#2545);
#2279=PLANE('',#2546);
#2280=PLANE('',#2547);
#2281=PLANE('',#2548);
#2282=PLANE('',#2549);
#2283=PLANE('',#2550);
#2284=PLANE('',#2551);
#2285=PLANE('',#2552);
#2286=PLANE('',#2554);
#2287=PLANE('',#2555);
#2288=PLANE('',#2556);
#2289=PLANE('',#2557);
#2290=PLANE('',#2559);
#2291=PLANE('',#2560);
#2292=PLANE('',#2561);
#2293=PLANE('',#2562);
#2294=PLANE('',#2563);
#2295=PLANE('',#2564);
#2296=PLANE('',#2565);
#2297=PLANE('',#2566);
#2298=PLANE('',#2567);
#2299=PLANE('',#2568);
#2300=PLANE('',#2569);
#2301=PLANE('',#2570);
#2302=PLANE('',#2571);
#2303=PLANE('',#2572);
#2304=PLANE('',#2574);
#2305=PLANE('',#2575);
#2306=PLANE('',#2576);
#2307=PLANE('',#2578);
#2308=PLANE('',#2579);
#2309=PLANE('',#2581);
#2310=PLANE('',#2582);
#2311=PLANE('',#2583);
#2312=PLANE('',#2585);
#2313=PLANE('',#2586);
#2314=PLANE('',#2588);
#2315=PLANE('',#2589);
#2316=PLANE('',#2590);
#2317=PLANE('',#2594);
#2318=PLANE('',#2598);
#2319=PLANE('',#2599);
#2320=PLANE('',#2600);
#2321=PLANE('',#2601);
#2322=PLANE('',#2602);
#2323=PLANE('',#2603);
#2324=PLANE('',#2604);
#2325=PLANE('',#2605);
#2326=PLANE('',#2606);
#2327=PLANE('',#2607);
#2328=PLANE('',#2608);
#2329=PLANE('',#2609);
#2330=PLANE('',#2610);
#2331=PLANE('',#2611);
#2332=PLANE('',#2612);
#2333=PLANE('',#2613);
#2334=PLANE('',#2614);
#2335=PLANE('',#2615);
#2336=PLANE('',#2616);
#2337=PLANE('',#2617);
#2338=PLANE('',#2618);
#2339=PLANE('',#2619);
#2340=PLANE('',#2620);
#2341=PLANE('',#2621);
#2342=PLANE('',#2622);
#2343=PLANE('',#2623);
#2344=PLANE('',#2624);
#2345=PLANE('',#2625);
#2346=PLANE('',#2626);
#2347=PLANE('',#2627);
#2348=PLANE('',#2628);
#2349=PLANE('',#2629);
#2350=PLANE('',#2630);
#2351=PLANE('',#2631);
#2352=PLANE('',#2632);
#2353=PLANE('',#2633);
#2354=PLANE('',#2634);
#2355=PLANE('',#2637);
#2356=PLANE('',#2638);
#2357=PLANE('',#2639);
#2358=PLANE('',#2640);
#2359=PLANE('',#2641);
#2360=PLANE('',#2642);
#2361=PLANE('',#2643);
#2362=PLANE('',#2644);
#2363=PLANE('',#2647);
#2364=PLANE('',#2650);
#2365=PLANE('',#2653);
#2366=PLANE('',#2654);
#2367=PLANE('',#2657);
#2368=PLANE('',#2658);
#2369=PLANE('',#2659);
#2370=PLANE('',#2660);
#2371=PLANE('',#2661);
#2372=PLANE('',#2662);
#2373=PLANE('',#2663);
#2374=PLANE('',#2664);
#2375=PLANE('',#2665);
#2376=PLANE('',#2666);
#2377=PLANE('',#2667);
#2378=PLANE('',#2668);
#2379=ADVANCED_FACE('',(#2102,#2103),#2265,.F.);
#2380=ADVANCED_FACE('',(#2104,#2105,#2106,#2107,#2108,#2109,#2110,#2111),
#2266,.T.);
#2381=ADVANCED_FACE('',(#2112),#2267,.T.);
#2382=ADVANCED_FACE('',(#2113),#2268,.T.);
#2383=ADVANCED_FACE('',(#2114),#2269,.T.);
#2384=ADVANCED_FACE('',(#2115),#2270,.T.);
#2385=ADVANCED_FACE('',(#2116,#2117),#20,.F.);
#2386=ADVANCED_FACE('',(#2118,#2119),#21,.F.);
#2387=ADVANCED_FACE('',(#2120,#2121),#22,.F.);
#2388=ADVANCED_FACE('',(#2122,#2123),#23,.F.);
#2389=ADVANCED_FACE('',(#2124),#2271,.F.);
#2390=ADVANCED_FACE('',(#2125,#2126),#2272,.F.);
#2391=ADVANCED_FACE('',(#2127),#19,.T.);
#2392=ADVANCED_FACE('',(#2128),#2273,.F.);
#2393=ADVANCED_FACE('',(#2129),#2274,.F.);
#2394=ADVANCED_FACE('',(#2130),#2275,.F.);
#2395=ADVANCED_FACE('',(#2131),#2276,.F.);
#2396=ADVANCED_FACE('',(#2132),#2277,.F.);
#2397=ADVANCED_FACE('',(#2133),#2278,.F.);
#2398=ADVANCED_FACE('',(#2134),#2279,.F.);
#2399=ADVANCED_FACE('',(#2135),#2280,.F.);
#2400=ADVANCED_FACE('',(#2136),#2281,.F.);
#2401=ADVANCED_FACE('',(#2137,#2138),#2282,.T.);
#2402=ADVANCED_FACE('',(#2139),#2283,.T.);
#2403=ADVANCED_FACE('',(#2140),#2284,.F.);
#2404=ADVANCED_FACE('',(#2141,#2142),#2285,.F.);
#2405=ADVANCED_FACE('',(#2143),#2286,.F.);
#2406=ADVANCED_FACE('',(#2144),#2287,.F.);
#2407=ADVANCED_FACE('',(#2145),#2288,.T.);
#2408=ADVANCED_FACE('',(#2146,#2147),#2289,.T.);
#2409=ADVANCED_FACE('',(#2148,#2149),#2290,.T.);
#2410=ADVANCED_FACE('',(#2150),#2291,.F.);
#2411=ADVANCED_FACE('',(#2151),#2292,.T.);
#2412=ADVANCED_FACE('',(#2152),#2293,.F.);
#2413=ADVANCED_FACE('',(#2153),#2294,.F.);
#2414=ADVANCED_FACE('',(#2154),#2295,.F.);
#2415=ADVANCED_FACE('',(#2155),#2296,.F.);
#2416=ADVANCED_FACE('',(#2156),#2297,.T.);
#2417=ADVANCED_FACE('',(#2157),#2298,.T.);
#2418=ADVANCED_FACE('',(#2158),#2299,.F.);
#2419=ADVANCED_FACE('',(#2159),#2300,.F.);
#2420=ADVANCED_FACE('',(#2160),#2301,.F.);
#2421=ADVANCED_FACE('',(#2161),#2302,.T.);
#2422=ADVANCED_FACE('',(#2162,#2163),#2303,.T.);
#2423=ADVANCED_FACE('',(#2164),#2304,.T.);
#2424=ADVANCED_FACE('',(#2165),#2305,.F.);
#2425=ADVANCED_FACE('',(#2166,#2167),#2306,.T.);
#2426=ADVANCED_FACE('',(#2168),#2307,.F.);
#2427=ADVANCED_FACE('',(#2169,#2170),#2308,.F.);
#2428=ADVANCED_FACE('',(#2171),#2309,.T.);
#2429=ADVANCED_FACE('',(#2172),#2310,.T.);
#2430=ADVANCED_FACE('',(#2173,#2174),#2311,.T.);
#2431=ADVANCED_FACE('',(#2175),#2312,.F.);
#2432=ADVANCED_FACE('',(#2176,#2177),#2313,.F.);
#2433=ADVANCED_FACE('',(#2178),#2314,.T.);
#2434=ADVANCED_FACE('',(#2179),#2315,.T.);
#2435=ADVANCED_FACE('',(#2180),#2316,.T.);
#2436=ADVANCED_FACE('',(#2181,#2182),#24,.F.);
#2437=ADVANCED_FACE('',(#2183,#2184),#25,.F.);
#2438=ADVANCED_FACE('',(#2185),#2317,.T.);
#2439=ADVANCED_FACE('',(#2186,#2187),#26,.F.);
#2440=ADVANCED_FACE('',(#2188,#2189),#27,.F.);
#2441=ADVANCED_FACE('',(#2190),#2318,.F.);
#2442=ADVANCED_FACE('',(#2191),#2319,.F.);
#2443=ADVANCED_FACE('',(#2192),#2320,.T.);
#2444=ADVANCED_FACE('',(#2193),#2321,.T.);
#2445=ADVANCED_FACE('',(#2194),#2322,.T.);
#2446=ADVANCED_FACE('',(#2195),#2323,.T.);
#2447=ADVANCED_FACE('',(#2196),#2324,.F.);
#2448=ADVANCED_FACE('',(#2197),#2325,.F.);
#2449=ADVANCED_FACE('',(#2198),#2326,.T.);
#2450=ADVANCED_FACE('',(#2199),#2327,.T.);
#2451=ADVANCED_FACE('',(#2200),#2328,.T.);
#2452=ADVANCED_FACE('',(#2201),#2329,.F.);
#2453=ADVANCED_FACE('',(#2202),#2330,.F.);
#2454=ADVANCED_FACE('',(#2203),#2331,.T.);
#2455=ADVANCED_FACE('',(#2204),#2332,.F.);
#2456=ADVANCED_FACE('',(#2205),#2333,.F.);
#2457=ADVANCED_FACE('',(#2206),#2334,.T.);
#2458=ADVANCED_FACE('',(#2207),#2335,.F.);
#2459=ADVANCED_FACE('',(#2208),#2336,.F.);
#2460=ADVANCED_FACE('',(#2209),#2337,.T.);
#2461=ADVANCED_FACE('',(#2210),#2338,.F.);
#2462=ADVANCED_FACE('',(#2211),#2339,.F.);
#2463=ADVANCED_FACE('',(#2212),#2340,.T.);
#2464=ADVANCED_FACE('',(#2213),#2341,.F.);
#2465=ADVANCED_FACE('',(#2214),#2342,.F.);
#2466=ADVANCED_FACE('',(#2215),#2343,.F.);
#2467=ADVANCED_FACE('',(#2216),#2344,.T.);
#2468=ADVANCED_FACE('',(#2217),#2345,.F.);
#2469=ADVANCED_FACE('',(#2218),#2346,.T.);
#2470=ADVANCED_FACE('',(#2219),#2347,.T.);
#2471=ADVANCED_FACE('',(#2220),#2348,.T.);
#2472=ADVANCED_FACE('',(#2221),#2349,.F.);
#2473=ADVANCED_FACE('',(#2222),#2350,.F.);
#2474=ADVANCED_FACE('',(#2223),#2351,.F.);
#2475=ADVANCED_FACE('',(#2224),#2352,.T.);
#2476=ADVANCED_FACE('',(#2225),#2353,.T.);
#2477=ADVANCED_FACE('',(#2226,#2227,#2228),#2354,.T.);
#2478=ADVANCED_FACE('',(#2229),#2355,.F.);
#2479=ADVANCED_FACE('',(#2230),#2356,.F.);
#2480=ADVANCED_FACE('',(#2231),#2357,.F.);
#2481=ADVANCED_FACE('',(#2232),#2358,.F.);
#2482=ADVANCED_FACE('',(#2233),#2359,.T.);
#2483=ADVANCED_FACE('',(#2234),#2360,.T.);
#2484=ADVANCED_FACE('',(#2235),#2361,.T.);
#2485=ADVANCED_FACE('',(#2236),#2362,.T.);
#2486=ADVANCED_FACE('',(#2237,#2238),#28,.F.);
#2487=ADVANCED_FACE('',(#2239,#2240),#2363,.T.);
#2488=ADVANCED_FACE('',(#2241,#2242),#29,.F.);
#2489=ADVANCED_FACE('',(#2243,#2244),#2364,.T.);
#2490=ADVANCED_FACE('',(#2245,#2246),#30,.F.);
#2491=ADVANCED_FACE('',(#2247,#2248),#2365,.T.);
#2492=ADVANCED_FACE('',(#2249,#2250),#2366,.T.);
#2493=ADVANCED_FACE('',(#2251,#2252),#31,.F.);
#2494=ADVANCED_FACE('',(#2253),#2367,.F.);
#2495=ADVANCED_FACE('',(#2254),#2368,.F.);
#2496=ADVANCED_FACE('',(#2255),#2369,.T.);
#2497=ADVANCED_FACE('',(#2256),#2370,.T.);
#2498=ADVANCED_FACE('',(#2257),#2371,.F.);
#2499=ADVANCED_FACE('',(#2258),#2372,.F.);
#2500=ADVANCED_FACE('',(#2259),#2373,.T.);
#2501=ADVANCED_FACE('',(#2260),#2374,.T.);
#2502=ADVANCED_FACE('',(#2261),#2375,.T.);
#2503=ADVANCED_FACE('',(#2262),#2376,.F.);
#2504=ADVANCED_FACE('',(#2263),#2377,.F.);
#2505=ADVANCED_FACE('',(#2264),#2378,.T.);
#2506=CLOSED_SHELL('',(#2379,#2380,#2381,#2382,#2383,#2384,#2385,#2386,
#2387,#2388,#2389,#2390,#2391,#2392,#2393,#2394,#2395,#2396,#2397,#2398,
#2399,#2400,#2401,#2402,#2403,#2404,#2405,#2406,#2407,#2408,#2409,#2410,
#2411,#2412,#2413,#2414,#2415,#2416,#2417,#2418,#2419,#2420,#2421,#2422,
#2423,#2424,#2425,#2426,#2427,#2428,#2429,#2430,#2431,#2432,#2433,#2434,
#2435,#2436,#2437,#2438,#2439,#2440,#2441,#2442,#2443,#2444,#2445,#2446,
#2447,#2448,#2449,#2450,#2451,#2452,#2453,#2454,#2455,#2456,#2457,#2458,
#2459,#2460,#2461,#2462,#2463,#2464,#2465,#2466,#2467,#2468,#2469,#2470,
#2471,#2472,#2473,#2474,#2475,#2476,#2477,#2478,#2479,#2480,#2481,#2482,
#2483,#2484,#2485,#2486,#2487,#2488,#2489,#2490,#2491,#2492,#2493,#2494,
#2495,#2496,#2497,#2498,#2499,#2500,#2501,#2502,#2503,#2504,#2505));
#2507=STYLED_ITEM('',(#2508),#2515);
#2508=PRESENTATION_STYLE_ASSIGNMENT((#2509));
#2509=SURFACE_STYLE_USAGE(.BOTH.,#2510);
#2510=SURFACE_SIDE_STYLE('',(#2511));
#2511=SURFACE_STYLE_FILL_AREA(#2512);
#2512=FILL_AREA_STYLE('',(#2513));
#2513=FILL_AREA_STYLE_COLOUR('',#2514);
#2514=COLOUR_RGB('',0.615686274509804,0.811764705882353,0.929411764705882);
#2515=MANIFOLD_SOLID_BREP('Part 1',#2506);
#2516=SHAPE_DEFINITION_REPRESENTATION(#4021,#2517);
#2517=SHAPE_REPRESENTATION('Part 1',(#2518),#4016);
#2518=AXIS2_PLACEMENT_3D('',#3282,#2669,#2670);
#2519=AXIS2_PLACEMENT_3D('',#3283,#2671,#2672);
#2520=AXIS2_PLACEMENT_3D('',#3368,#2715,#2716);
#2521=AXIS2_PLACEMENT_3D('',#3369,#2717,#2718);
#2522=AXIS2_PLACEMENT_3D('',#3371,#2719,#2720);
#2523=AXIS2_PLACEMENT_3D('',#3373,#2721,#2722);
#2524=AXIS2_PLACEMENT_3D('',#3375,#2723,#2724);
#2525=AXIS2_PLACEMENT_3D('',#3417,#2745,#2746);
#2526=AXIS2_PLACEMENT_3D('',#3423,#2750,#2751);
#2527=AXIS2_PLACEMENT_3D('',#3429,#2755,#2756);
#2528=AXIS2_PLACEMENT_3D('',#3435,#2760,#2761);
#2529=AXIS2_PLACEMENT_3D('',#3453,#2772,#2773);
#2530=AXIS2_PLACEMENT_3D('',#3454,#2774,#2775);
#2531=AXIS2_PLACEMENT_3D('',#3456,#2776,#2777);
#2532=AXIS2_PLACEMENT_3D('',#3457,#2778,#2779);
#2533=AXIS2_PLACEMENT_3D('',#3459,#2780,#2781);
#2534=AXIS2_PLACEMENT_3D('',#3460,#2782,#2783);
#2535=AXIS2_PLACEMENT_3D('',#3462,#2784,#2785);
#2536=AXIS2_PLACEMENT_3D('',#3463,#2786,#2787);
#2537=AXIS2_PLACEMENT_3D('',#3465,#2788,#2789);
#2538=AXIS2_PLACEMENT_3D('',#3478,#2796,#2797);
#2539=AXIS2_PLACEMENT_3D('',#3479,#2798,#2799);
#2540=AXIS2_PLACEMENT_3D('',#3536,#2806,#2807);
#2541=AXIS2_PLACEMENT_3D('',#3545,#2812,#2813);
#2542=AXIS2_PLACEMENT_3D('',#3554,#2818,#2819);
#2543=AXIS2_PLACEMENT_3D('',#3558,#2822,#2823);
#2544=AXIS2_PLACEMENT_3D('',#3567,#2828,#2829);
#2545=AXIS2_PLACEMENT_3D('',#3573,#2833,#2834);
#2546=AXIS2_PLACEMENT_3D('',#3579,#2838,#2839);
#2547=AXIS2_PLACEMENT_3D('',#3585,#2843,#2844);
#2548=AXIS2_PLACEMENT_3D('',#3591,#2848,#2849);
#2549=AXIS2_PLACEMENT_3D('',#3597,#2853,#2854);
#2550=AXIS2_PLACEMENT_3D('',#3655,#2886,#2887);
#2551=AXIS2_PLACEMENT_3D('',#3665,#2893,#2894);
#2552=AXIS2_PLACEMENT_3D('',#3669,#2897,#2898);
#2553=AXIS2_PLACEMENT_3D('',#3670,#2899,#2900);
#2554=AXIS2_PLACEMENT_3D('',#3677,#2904,#2905);
#2555=AXIS2_PLACEMENT_3D('',#3683,#2909,#2910);
#2556=AXIS2_PLACEMENT_3D('',#3693,#2916,#2917);
#2557=AXIS2_PLACEMENT_3D('',#3702,#2922,#2923);
#2558=AXIS2_PLACEMENT_3D('',#3703,#2924,#2925);
#2559=AXIS2_PLACEMENT_3D('',#3728,#2940,#2941);
#2560=AXIS2_PLACEMENT_3D('',#3741,#2949,#2950);
#2561=AXIS2_PLACEMENT_3D('',#3747,#2954,#2955);
#2562=AXIS2_PLACEMENT_3D('',#3756,#2961,#2962);
#2563=AXIS2_PLACEMENT_3D('',#3758,#2964,#2965);
#2564=AXIS2_PLACEMENT_3D('',#3774,#2976,#2977);
#2565=AXIS2_PLACEMENT_3D('',#3789,#2987,#2988);
#2566=AXIS2_PLACEMENT_3D('',#3792,#2991,#2992);
#2567=AXIS2_PLACEMENT_3D('',#3794,#2994,#2995);
#2568=AXIS2_PLACEMENT_3D('',#3795,#2996,#2997);
#2569=AXIS2_PLACEMENT_3D('',#3802,#3002,#3003);
#2570=AXIS2_PLACEMENT_3D('',#3804,#3005,#3006);
#2571=AXIS2_PLACEMENT_3D('',#3807,#3009,#3010);
#2572=AXIS2_PLACEMENT_3D('',#3809,#3012,#3013);
#2573=AXIS2_PLACEMENT_3D('',#3810,#3014,#3015);
#2574=AXIS2_PLACEMENT_3D('',#3813,#3017,#3018);
#2575=AXIS2_PLACEMENT_3D('',#3814,#3019,#3020);
#2576=AXIS2_PLACEMENT_3D('',#3815,#3021,#3022);
#2577=AXIS2_PLACEMENT_3D('',#3816,#3023,#3024);
#2578=AXIS2_PLACEMENT_3D('',#3823,#3028,#3029);
#2579=AXIS2_PLACEMENT_3D('',#3827,#3032,#3033);
#2580=AXIS2_PLACEMENT_3D('',#3828,#3034,#3035);
#2581=AXIS2_PLACEMENT_3D('',#3833,#3038,#3039);
#2582=AXIS2_PLACEMENT_3D('',#3835,#3041,#3042);
#2583=AXIS2_PLACEMENT_3D('',#3836,#3043,#3044);
#2584=AXIS2_PLACEMENT_3D('',#3837,#3045,#3046);
#2585=AXIS2_PLACEMENT_3D('',#3844,#3050,#3051);
#2586=AXIS2_PLACEMENT_3D('',#3848,#3054,#3055);
#2587=AXIS2_PLACEMENT_3D('',#3849,#3056,#3057);
#2588=AXIS2_PLACEMENT_3D('',#3854,#3060,#3061);
#2589=AXIS2_PLACEMENT_3D('',#3856,#3063,#3064);
#2590=AXIS2_PLACEMENT_3D('',#3857,#3065,#3066);
#2591=AXIS2_PLACEMENT_3D('',#3858,#3067,#3068);
#2592=AXIS2_PLACEMENT_3D('',#3860,#3069,#3070);
#2593=AXIS2_PLACEMENT_3D('',#3861,#3071,#3072);
#2594=AXIS2_PLACEMENT_3D('',#3862,#3073,#3074);
#2595=AXIS2_PLACEMENT_3D('',#3863,#3075,#3076);
#2596=AXIS2_PLACEMENT_3D('',#3865,#3077,#3078);
#2597=AXIS2_PLACEMENT_3D('',#3866,#3079,#3080);
#2598=AXIS2_PLACEMENT_3D('',#3867,#3081,#3082);
#2599=AXIS2_PLACEMENT_3D('',#3871,#3085,#3086);
#2600=AXIS2_PLACEMENT_3D('',#3873,#3088,#3089);
#2601=AXIS2_PLACEMENT_3D('',#3874,#3090,#3091);
#2602=AXIS2_PLACEMENT_3D('',#3875,#3092,#3093);
#2603=AXIS2_PLACEMENT_3D('',#3876,#3094,#3095);
#2604=AXIS2_PLACEMENT_3D('',#3887,#3103,#3104);
#2605=AXIS2_PLACEMENT_3D('',#3890,#3107,#3108);
#2606=AXIS2_PLACEMENT_3D('',#3891,#3109,#3110);
#2607=AXIS2_PLACEMENT_3D('',#3893,#3112,#3113);
#2608=AXIS2_PLACEMENT_3D('',#3894,#3114,#3115);
#2609=AXIS2_PLACEMENT_3D('',#3896,#3117,#3118);
#2610=AXIS2_PLACEMENT_3D('',#3898,#3120,#3121);
#2611=AXIS2_PLACEMENT_3D('',#3899,#3122,#3123);
#2612=AXIS2_PLACEMENT_3D('',#3901,#3125,#3126);
#2613=AXIS2_PLACEMENT_3D('',#3903,#3128,#3129);
#2614=AXIS2_PLACEMENT_3D('',#3904,#3130,#3131);
#2615=AXIS2_PLACEMENT_3D('',#3906,#3133,#3134);
#2616=AXIS2_PLACEMENT_3D('',#3908,#3136,#3137);
#2617=AXIS2_PLACEMENT_3D('',#3909,#3138,#3139);
#2618=AXIS2_PLACEMENT_3D('',#3911,#3141,#3142);
#2619=AXIS2_PLACEMENT_3D('',#3913,#3144,#3145);
#2620=AXIS2_PLACEMENT_3D('',#3914,#3146,#3147);
#2621=AXIS2_PLACEMENT_3D('',#3916,#3149,#3150);
#2622=AXIS2_PLACEMENT_3D('',#3918,#3152,#3153);
#2623=AXIS2_PLACEMENT_3D('',#3919,#3154,#3155);
#2624=AXIS2_PLACEMENT_3D('',#3923,#3158,#3159);
#2625=AXIS2_PLACEMENT_3D('',#3927,#3162,#3163);
#2626=AXIS2_PLACEMENT_3D('',#3929,#3165,#3166);
#2627=AXIS2_PLACEMENT_3D('',#3933,#3169,#3170);
#2628=AXIS2_PLACEMENT_3D('',#3937,#3173,#3174);
#2629=AXIS2_PLACEMENT_3D('',#3939,#3176,#3177);
#2630=AXIS2_PLACEMENT_3D('',#3943,#3180,#3181);
#2631=AXIS2_PLACEMENT_3D('',#3945,#3183,#3184);
#2632=AXIS2_PLACEMENT_3D('',#3947,#3186,#3187);
#2633=AXIS2_PLACEMENT_3D('',#3951,#3190,#3191);
#2634=AXIS2_PLACEMENT_3D('',#3953,#3193,#3194);
#2635=AXIS2_PLACEMENT_3D('',#3954,#3195,#3196);
#2636=AXIS2_PLACEMENT_3D('',#3956,#3197,#3198);
#2637=AXIS2_PLACEMENT_3D('',#3958,#3199,#3200);
#2638=AXIS2_PLACEMENT_3D('',#3962,#3203,#3204);
#2639=AXIS2_PLACEMENT_3D('',#3964,#3206,#3207);
#2640=AXIS2_PLACEMENT_3D('',#3968,#3210,#3211);
#2641=AXIS2_PLACEMENT_3D('',#3970,#3213,#3214);
#2642=AXIS2_PLACEMENT_3D('',#3971,#3215,#3216);
#2643=AXIS2_PLACEMENT_3D('',#3973,#3218,#3219);
#2644=AXIS2_PLACEMENT_3D('',#3974,#3220,#3221);
#2645=AXIS2_PLACEMENT_3D('',#3975,#3222,#3223);
#2646=AXIS2_PLACEMENT_3D('',#3976,#3224,#3225);
#2647=AXIS2_PLACEMENT_3D('',#3978,#3226,#3227);
#2648=AXIS2_PLACEMENT_3D('',#3979,#3228,#3229);
#2649=AXIS2_PLACEMENT_3D('',#3980,#3230,#3231);
#2650=AXIS2_PLACEMENT_3D('',#3982,#3232,#3233);
#2651=AXIS2_PLACEMENT_3D('',#3983,#3234,#3235);
#2652=AXIS2_PLACEMENT_3D('',#3984,#3236,#3237);
#2653=AXIS2_PLACEMENT_3D('',#3986,#3238,#3239);
#2654=AXIS2_PLACEMENT_3D('',#3987,#3240,#3241);
#2655=AXIS2_PLACEMENT_3D('',#3988,#3242,#3243);
#2656=AXIS2_PLACEMENT_3D('',#3990,#3244,#3245);
#2657=AXIS2_PLACEMENT_3D('',#3991,#3246,#3247);
#2658=AXIS2_PLACEMENT_3D('',#3994,#3250,#3251);
#2659=AXIS2_PLACEMENT_3D('',#3996,#3253,#3254);
#2660=AXIS2_PLACEMENT_3D('',#3998,#3256,#3257);
#2661=AXIS2_PLACEMENT_3D('',#3999,#3258,#3259);
#2662=AXIS2_PLACEMENT_3D('',#4002,#3262,#3263);
#2663=AXIS2_PLACEMENT_3D('',#4004,#3265,#3266);
#2664=AXIS2_PLACEMENT_3D('',#4006,#3268,#3269);
#2665=AXIS2_PLACEMENT_3D('',#4007,#3270,#3271);
#2666=AXIS2_PLACEMENT_3D('',#4010,#3274,#3275);
#2667=AXIS2_PLACEMENT_3D('',#4012,#3277,#3278);
#2668=AXIS2_PLACEMENT_3D('',#4014,#3280,#3281);
#2669=DIRECTION('',(0.,0.,1.));
#2670=DIRECTION('',(1.,0.,0.));
#2671=DIRECTION('',(0.,0.,-1.));
#2672=DIRECTION('',(1.,0.,0.));
#2673=DIRECTION('',(1.,0.,0.));
#2674=DIRECTION('',(0.,1.,0.));
#2675=DIRECTION('',(1.,0.,0.));
#2676=DIRECTION('',(0.,1.,0.));
#2677=DIRECTION('',(-0.707106781186548,-0.707106781186547,0.));
#2678=DIRECTION('',(0.,1.,0.));
#2679=DIRECTION('',(1.,0.,0.));
#2680=DIRECTION('',(0.,1.,0.));
#2681=DIRECTION('',(-0.707106781186548,-0.707106781186547,0.));
#2682=DIRECTION('',(0.845905169363302,-0.533333333333333,0.));
#2683=DIRECTION('',(0.,-1.,0.));
#2684=DIRECTION('',(-0.230483029473795,-0.973076344961988,0.));
#2685=DIRECTION('',(-1.,0.,0.));
#2686=DIRECTION('',(0.,-1.,0.));
#2687=DIRECTION('',(-1.,0.,0.));
#2688=DIRECTION('',(-0.230483029473795,-0.973076344961988,0.));
#2689=DIRECTION('',(-1.,0.,0.));
#2690=DIRECTION('',(0.,-1.,0.));
#2691=DIRECTION('',(-1.,0.,0.));
#2692=DIRECTION('',(-0.230483029473795,-0.973076344961988,0.));
#2693=DIRECTION('',(-1.,0.,0.));
#2694=DIRECTION('',(0.,-1.,0.));
#2695=DIRECTION('',(-1.,0.,0.));
#2696=DIRECTION('',(-0.230483029473795,-0.973076344961988,0.));
#2697=DIRECTION('',(-1.,0.,0.));
#2698=DIRECTION('',(0.,-1.,0.));
#2699=DIRECTION('',(-1.,0.,0.));
#2700=DIRECTION('',(-0.230483029473795,-0.973076344961988,0.));
#2701=DIRECTION('',(-1.,0.,0.));
#2702=DIRECTION('',(0.,-1.,0.));
#2703=DIRECTION('',(-1.,0.,0.));
#2704=DIRECTION('',(-0.230483029473795,-0.973076344961988,0.));
#2705=DIRECTION('',(0.,-1.,0.));
#2706=DIRECTION('',(1.,0.,0.));
#2707=DIRECTION('',(0.,-1.,0.));
#2708=DIRECTION('',(-1.,0.,0.));
#2709=DIRECTION('',(0.,1.,0.));
#2710=DIRECTION('',(-0.707106781186548,-0.707106781186547,0.));
#2711=DIRECTION('',(1.,0.,0.));
#2712=DIRECTION('',(0.,1.,0.));
#2713=DIRECTION('',(1.,0.,0.));
#2714=DIRECTION('',(0.,1.,0.));
#2715=DIRECTION('',(0.,0.,-1.));
#2716=DIRECTION('',(1.,0.,0.));
#2717=DIRECTION('',(0.,0.,-1.));
#2718=DIRECTION('',(-1.,0.,0.));
#2719=DIRECTION('',(0.,0.,-1.));
#2720=DIRECTION('',(-1.,0.,0.));
#2721=DIRECTION('',(0.,0.,-1.));
#2722=DIRECTION('',(-1.,0.,0.));
#2723=DIRECTION('',(0.,0.,-1.));
#2724=DIRECTION('',(-1.,0.,0.));
#2725=DIRECTION('',(1.,0.,0.));
#2726=DIRECTION('',(0.,1.,0.));
#2727=DIRECTION('',(-1.,0.,0.));
#2728=DIRECTION('',(0.,1.,0.));
#2729=DIRECTION('',(-1.,-9.30645641618459E-17,0.));
#2730=DIRECTION('',(0.,1.,0.));
#2731=DIRECTION('',(-1.,0.,0.));
#2732=DIRECTION('',(0.,1.,0.));
#2733=DIRECTION('',(0.,1.,0.));
#2734=DIRECTION('',(1.,0.,0.));
#2735=DIRECTION('',(0.,1.,0.));
#2736=DIRECTION('',(1.,0.,0.));
#2737=DIRECTION('',(0.,1.,0.));
#2738=DIRECTION('',(1.,0.,0.));
#2739=DIRECTION('',(0.,1.,0.));
#2740=DIRECTION('',(1.,0.,0.));
#2741=DIRECTION('',(0.,1.,0.));
#2742=DIRECTION('',(1.,0.,0.));
#2743=DIRECTION('',(0.,1.,0.));
#2744=DIRECTION('',(1.,0.,0.));
#2745=DIRECTION('',(-0.707106781186547,0.707106781186548,0.));
#2746=DIRECTION('',(-0.707106781186548,-0.707106781186547,0.));
#2747=DIRECTION('',(0.,0.,1.));
#2748=DIRECTION('',(-0.707106781186548,-0.707106781186547,0.));
#2749=DIRECTION('',(0.,0.,-1.));
#2750=DIRECTION('',(-0.707106781186547,0.707106781186548,0.));
#2751=DIRECTION('',(-0.707106781186548,-0.707106781186547,0.));
#2752=DIRECTION('',(-0.707106781186548,-0.707106781186547,0.));
#2753=DIRECTION('',(0.,0.,-1.));
#2754=DIRECTION('',(0.,0.,-1.));
#2755=DIRECTION('',(-0.707106781186547,0.707106781186548,0.));
#2756=DIRECTION('',(-0.707106781186548,-0.707106781186547,0.));
#2757=DIRECTION('',(0.,0.,1.));
#2758=DIRECTION('',(0.,0.,1.));
#2759=DIRECTION('',(-0.707106781186548,-0.707106781186547,0.));
#2760=DIRECTION('',(0.,0.,1.));
#2761=DIRECTION('',(1.,0.,0.));
#2762=DIRECTION('',(0.,-1.,0.));
#2763=DIRECTION('',(0.,-1.,0.));
#2764=DIRECTION('',(-1.,0.,0.));
#2765=DIRECTION('',(-1.,0.,0.));
#2766=DIRECTION('',(0.707106781186548,0.707106781186548,0.));
#2767=DIRECTION('',(-0.845905169363301,0.533333333333333,0.));
#2768=DIRECTION('',(0.,-1.,0.));
#2769=DIRECTION('',(0.845905169363302,-0.533333333333333,0.));
#2770=DIRECTION('',(0.,-1.,0.));
#2771=DIRECTION('',(-1.,0.,0.));
#2772=DIRECTION('',(0.,0.,-1.));
#2773=DIRECTION('',(-1.,0.,0.));
#2774=DIRECTION('',(0.,0.,1.));
#2775=DIRECTION('',(1.,0.,0.));
#2776=DIRECTION('',(0.,0.,-1.));
#2777=DIRECTION('',(-1.,0.,0.));
#2778=DIRECTION('',(0.,0.,-1.));
#2779=DIRECTION('',(-1.,0.,0.));
#2780=DIRECTION('',(0.,0.,-1.));
#2781=DIRECTION('',(-1.,0.,0.));
#2782=DIRECTION('',(0.,0.,1.));
#2783=DIRECTION('',(1.,0.,0.));
#2784=DIRECTION('',(0.,0.,-1.));
#2785=DIRECTION('',(-1.,0.,0.));
#2786=DIRECTION('',(0.,0.,1.));
#2787=DIRECTION('',(1.,0.,0.));
#2788=DIRECTION('',(0.,0.,-1.));
#2789=DIRECTION('',(1.,0.,0.));
#2790=DIRECTION('',(-1.,0.,0.));
#2791=DIRECTION('',(0.707106781186548,0.707106781186548,0.));
#2792=DIRECTION('',(-0.845905169363301,0.533333333333334,0.));
#2793=DIRECTION('',(0.,-1.,0.));
#2794=DIRECTION('',(-0.845905169363301,0.533333333333333,0.));
#2795=DIRECTION('',(0.707106781186548,0.707106781186548,0.));
#2796=DIRECTION('',(0.,0.,-1.));
#2797=DIRECTION('',(1.,0.,0.));
#2798=DIRECTION('',(0.,0.,1.));
#2799=DIRECTION('',(1.,0.,0.));
#2800=DIRECTION('',(-0.707106781186548,-0.707106781186548,0.));
#2801=DIRECTION('',(-1.,0.,0.));
#2802=DIRECTION('',(0.707106781186548,0.707106781186548,0.));
#2803=DIRECTION('',(-0.845905169363301,0.533333333333334,0.));
#2804=DIRECTION('',(0.,-1.,0.));
#2805=DIRECTION('',(0.845905169363301,-0.533333333333334,0.));
#2806=DIRECTION('',(0.,0.,-1.));
#2807=DIRECTION('',(1.,0.,0.));
#2808=DIRECTION('',(0.,1.,0.));
#2809=DIRECTION('',(-1.,0.,0.));
#2810=DIRECTION('',(-0.845905169363301,0.533333333333334,0.));
#2811=DIRECTION('',(-1.,1.02592040750889E-16,0.));
#2812=DIRECTION('',(0.,0.,-1.));
#2813=DIRECTION('',(1.,0.,0.));
#2814=DIRECTION('',(0.,-1.,0.));
#2815=DIRECTION('',(-1.,0.,0.));
#2816=DIRECTION('',(0.,-1.,0.));
#2817=DIRECTION('',(-1.,0.,0.));
#2818=DIRECTION('',(0.,0.,-1.));
#2819=DIRECTION('',(1.,0.,0.));
#2820=DIRECTION('',(-1.,0.,0.));
#2821=DIRECTION('',(0.707106781186548,0.707106781186548,0.));
#2822=DIRECTION('',(0.,0.,-1.));
#2823=DIRECTION('',(1.,0.,0.));
#2824=DIRECTION('',(1.,0.,0.));
#2825=DIRECTION('',(0.,1.,0.));
#2826=DIRECTION('',(-1.,0.,0.));
#2827=DIRECTION('',(-0.845905169363301,0.533333333333334,0.));
#2828=DIRECTION('',(0.973076344961988,-0.230483029473795,0.));
#2829=DIRECTION('',(0.230483029473795,0.973076344961988,0.));
#2830=DIRECTION('',(0.,0.,1.));
#2831=DIRECTION('',(0.,0.,1.));
#2832=DIRECTION('',(0.230483029473795,0.973076344961988,0.));
#2833=DIRECTION('',(0.973076344961988,-0.230483029473795,0.));
#2834=DIRECTION('',(0.230483029473795,0.973076344961988,0.));
#2835=DIRECTION('',(0.,0.,1.));
#2836=DIRECTION('',(0.,0.,1.));
#2837=DIRECTION('',(0.230483029473795,0.973076344961988,0.));
#2838=DIRECTION('',(0.973076344961988,-0.230483029473795,0.));
#2839=DIRECTION('',(0.230483029473795,0.973076344961988,0.));
#2840=DIRECTION('',(0.,0.,1.));
#2841=DIRECTION('',(0.,0.,1.));
#2842=DIRECTION('',(0.230483029473795,0.973076344961988,0.));
#2843=DIRECTION('',(0.973076344961988,-0.230483029473795,0.));
#2844=DIRECTION('',(0.230483029473795,0.973076344961988,0.));
#2845=DIRECTION('',(0.,0.,1.));
#2846=DIRECTION('',(0.,0.,1.));
#2847=DIRECTION('',(0.230483029473795,0.973076344961988,0.));
#2848=DIRECTION('',(0.973076344961988,-0.230483029473795,0.));
#2849=DIRECTION('',(0.230483029473795,0.973076344961988,0.));
#2850=DIRECTION('',(0.,0.,1.));
#2851=DIRECTION('',(0.,0.,1.));
#2852=DIRECTION('',(0.230483029473795,0.973076344961988,0.));
#2853=DIRECTION('',(0.,0.,-1.));
#2854=DIRECTION('',(1.,0.,0.));
#2855=DIRECTION('',(0.,1.,0.));
#2856=DIRECTION('',(-1.,0.,0.));
#2857=DIRECTION('',(0.,1.,0.));
#2858=DIRECTION('',(-1.,0.,0.));
#2859=DIRECTION('',(1.,0.,0.));
#2860=DIRECTION('',(0.,1.,0.));
#2861=DIRECTION('',(1.,0.,0.));
#2862=DIRECTION('',(1.,0.,0.));
#2863=DIRECTION('',(0.,1.,0.));
#2864=DIRECTION('',(1.,0.,0.));
#2865=DIRECTION('',(1.,0.,0.));
#2866=DIRECTION('',(0.,1.,0.));
#2867=DIRECTION('',(1.,0.,0.));
#2868=DIRECTION('',(1.,0.,0.));
#2869=DIRECTION('',(0.,1.,0.));
#2870=DIRECTION('',(1.,0.,0.));
#2871=DIRECTION('',(0.,-1.,0.));
#2872=DIRECTION('',(1.,0.,0.));
#2873=DIRECTION('',(0.,-1.,0.));
#2874=DIRECTION('',(-1.,0.,0.));
#2875=DIRECTION('',(0.,-1.,0.));
#2876=DIRECTION('',(-1.,0.,0.));
#2877=DIRECTION('',(0.,-1.,0.));
#2878=DIRECTION('',(-1.,0.,0.));
#2879=DIRECTION('',(0.,-1.,0.));
#2880=DIRECTION('',(1.,0.,0.));
#2881=DIRECTION('',(0.,1.,0.));
#2882=DIRECTION('',(0.230483029473795,0.973076344961988,0.));
#2883=DIRECTION('',(1.,0.,0.));
#2884=DIRECTION('',(0.,1.,0.));
#2885=DIRECTION('',(1.,0.,0.));
#2886=DIRECTION('',(1.,0.,0.));
#2887=DIRECTION('',(0.,0.,1.));
#2888=DIRECTION('',(0.,0.,-1.));
#2889=DIRECTION('',(0.,-1.,0.));
#2890=DIRECTION('',(0.,0.,1.));
#2891=DIRECTION('',(0.,0.,-1.));
#2892=DIRECTION('',(0.,1.,0.));
#2893=DIRECTION('',(0.,1.,0.));
#2894=DIRECTION('',(0.,0.,-1.));
#2895=DIRECTION('',(-1.,0.,0.));
#2896=DIRECTION('',(0.,0.,1.));
#2897=DIRECTION('',(0.,0.,-1.));
#2898=DIRECTION('',(1.,0.,0.));
#2899=DIRECTION('',(0.,0.,1.));
#2900=DIRECTION('',(1.,0.,0.));
#2901=DIRECTION('',(1.,0.,0.));
#2902=DIRECTION('',(1.,0.,0.));
#2903=DIRECTION('',(-0.845905169363301,0.533333333333334,0.));
#2904=DIRECTION('',(0.,1.,0.));
#2905=DIRECTION('',(0.,0.,-1.));
#2906=DIRECTION('',(0.,0.,1.));
#2907=DIRECTION('',(1.,0.,0.));
#2908=DIRECTION('',(0.,0.,1.));
#2909=DIRECTION('',(0.,1.,0.));
#2910=DIRECTION('',(0.,0.,-1.));
#2911=DIRECTION('',(1.,0.,0.));
#2912=DIRECTION('',(0.,0.,1.));
#2913=DIRECTION('',(0.,0.,1.));
#2914=DIRECTION('',(1.,0.,0.));
#2915=DIRECTION('',(0.,0.,1.));
#2916=DIRECTION('',(0.,1.,0.));
#2917=DIRECTION('',(0.,0.,-1.));
#2918=DIRECTION('',(0.,0.,1.));
#2919=DIRECTION('',(1.,0.,0.));
#2920=DIRECTION('',(0.,0.,1.));
#2921=DIRECTION('',(-1.,0.,0.));
#2922=DIRECTION('',(0.,-1.,0.));
#2923=DIRECTION('',(0.,0.,1.));
#2924=DIRECTION('',(0.,1.,0.));
#2925=DIRECTION('',(0.,0.,1.));
#2926=DIRECTION('',(0.,0.,-1.));
#2927=DIRECTION('',(-1.,0.,0.));
#2928=DIRECTION('',(0.,0.,-1.));
#2929=DIRECTION('',(0.,0.,-1.));
#2930=DIRECTION('',(-1.,0.,0.));
#2931=DIRECTION('',(0.,0.,-1.));
#2932=DIRECTION('',(0.,0.,-1.));
#2933=DIRECTION('',(0.,0.,1.));
#2934=DIRECTION('',(-1.,0.,0.));
#2935=DIRECTION('',(0.,0.,1.));
#2936=DIRECTION('',(0.,0.,1.));
#2937=DIRECTION('',(1.,0.,0.));
#2938=DIRECTION('',(0.,0.,1.));
#2939=DIRECTION('',(-1.,0.,0.));
#2940=DIRECTION('',(0.,0.,-1.));
#2941=DIRECTION('',(1.,0.,0.));
#2942=DIRECTION('',(0.,1.,0.));
#2943=DIRECTION('',(0.,-1.,0.));
#2944=DIRECTION('',(1.,0.,0.));
#2945=DIRECTION('',(0.,1.,0.));
#2946=DIRECTION('',(-1.,0.,0.));
#2947=DIRECTION('',(0.,1.,0.));
#2948=DIRECTION('',(-1.,0.,0.));
#2949=DIRECTION('',(0.,-1.,0.));
#2950=DIRECTION('',(0.,0.,1.));
#2951=DIRECTION('',(0.,0.,1.));
#2952=DIRECTION('',(0.,0.,1.));
#2953=DIRECTION('',(-1.,0.,0.));
#2954=DIRECTION('',(-1.,0.,0.));
#2955=DIRECTION('',(0.,0.,-1.));
#2956=DIRECTION('',(3.61400724161838E-15,1.,0.));
#2957=DIRECTION('',(0.,0.,1.));
#2958=DIRECTION('',(0.,1.,0.));
#2959=DIRECTION('',(0.,0.,-1.));
#2960=DIRECTION('',(0.,1.,0.));
#2961=DIRECTION('',(-1.,0.,0.));
#2962=DIRECTION('',(0.,0.,-1.));
#2963=DIRECTION('',(0.,1.,0.));
#2964=DIRECTION('',(-1.,0.,0.));
#2965=DIRECTION('',(0.,0.,-1.));
#2966=DIRECTION('',(0.,1.,0.));
#2967=DIRECTION('',(0.,-1.,0.));
#2968=DIRECTION('',(0.,0.,1.));
#2969=DIRECTION('',(0.,0.,-1.));
#2970=DIRECTION('',(0.,1.,0.));
#2971=DIRECTION('',(0.,0.,-1.));
#2972=DIRECTION('',(0.,0.,-1.));
#2973=DIRECTION('',(0.,1.,0.));
#2974=DIRECTION('',(0.,0.,-1.));
#2975=DIRECTION('',(0.,0.,1.));
#2976=DIRECTION('',(0.,-1.,0.));
#2977=DIRECTION('',(0.,0.,1.));
#2978=DIRECTION('',(1.,0.,0.));
#2979=DIRECTION('',(0.,0.,1.));
#2980=DIRECTION('',(-1.,0.,0.));
#2981=DIRECTION('',(-1.,0.,0.));
#2982=DIRECTION('',(-1.,0.,0.));
#2983=DIRECTION('',(0.,0.,-1.));
#2984=DIRECTION('',(0.,0.,-1.));
#2985=DIRECTION('',(-1.,0.,0.));
#2986=DIRECTION('',(0.,0.,-1.));
#2987=DIRECTION('',(-1.,0.,0.));
#2988=DIRECTION('',(0.,0.,-1.));
#2989=DIRECTION('',(0.,1.,0.));
#2990=DIRECTION('',(0.,-1.,0.));
#2991=DIRECTION('',(-1.,0.,0.));
#2992=DIRECTION('',(0.,0.,-1.));
#2993=DIRECTION('',(0.,1.,0.));
#2994=DIRECTION('',(0.,0.,-1.));
#2995=DIRECTION('',(1.,0.,0.));
#2996=DIRECTION('',(0.,-1.,0.));
#2997=DIRECTION('',(0.,0.,1.));
#2998=DIRECTION('',(0.,0.,1.));
#2999=DIRECTION('',(-1.,0.,0.));
#3000=DIRECTION('',(0.,0.,-1.));
#3001=DIRECTION('',(0.,0.,1.));
#3002=DIRECTION('',(1.,0.,0.));
#3003=DIRECTION('',(0.,0.,1.));
#3004=DIRECTION('',(0.,-1.,0.));
#3005=DIRECTION('',(0.,1.,0.));
#3006=DIRECTION('',(0.,0.,-1.));
#3007=DIRECTION('',(0.,0.,1.));
#3008=DIRECTION('',(0.,0.,1.));
#3009=DIRECTION('',(1.,0.,0.));
#3010=DIRECTION('',(0.,0.,1.));
#3011=DIRECTION('',(0.,0.,1.));
#3012=DIRECTION('',(0.,-1.,0.));
#3013=DIRECTION('',(0.,0.,1.));
#3014=DIRECTION('',(0.,1.,0.));
#3015=DIRECTION('',(0.,0.,1.));
#3016=DIRECTION('',(1.,0.,0.));
#3017=DIRECTION('',(0.,0.,-1.));
#3018=DIRECTION('',(1.,0.,0.));
#3019=DIRECTION('',(0.,0.,-1.));
#3020=DIRECTION('',(1.,0.,0.));
#3021=DIRECTION('',(0.,1.,0.));
#3022=DIRECTION('',(0.,0.,-1.));
#3023=DIRECTION('',(0.,-1.,0.));
#3024=DIRECTION('',(0.,0.,-1.));
#3025=DIRECTION('',(0.,0.,-1.));
#3026=DIRECTION('',(-1.,0.,0.));
#3027=DIRECTION('',(0.,0.,-1.));
#3028=DIRECTION('',(1.,0.,0.));
#3029=DIRECTION('',(0.,0.,1.));
#3030=DIRECTION('',(0.,1.,0.));
#3031=DIRECTION('',(0.,0.,-1.));
#3032=DIRECTION('',(0.,1.,0.));
#3033=DIRECTION('',(0.,0.,-1.));
#3034=DIRECTION('',(0.,-1.,0.));
#3035=DIRECTION('',(0.,0.,-1.));
#3036=DIRECTION('',(-1.,0.,0.));
#3037=DIRECTION('',(0.,0.,-1.));
#3038=DIRECTION('',(1.,0.,0.));
#3039=DIRECTION('',(0.,0.,1.));
#3040=DIRECTION('',(0.,1.,0.));
#3041=DIRECTION('',(0.,0.,-1.));
#3042=DIRECTION('',(1.,0.,0.));
#3043=DIRECTION('',(0.,1.,0.));
#3044=DIRECTION('',(0.,0.,-1.));
#3045=DIRECTION('',(0.,-1.,0.));
#3046=DIRECTION('',(0.,0.,-1.));
#3047=DIRECTION('',(0.,0.,-1.));
#3048=DIRECTION('',(-1.,0.,0.));
#3049=DIRECTION('',(0.,0.,-1.));
#3050=DIRECTION('',(1.,0.,0.));
#3051=DIRECTION('',(0.,0.,1.));
#3052=DIRECTION('',(0.,1.,0.));
#3053=DIRECTION('',(0.,0.,-1.));
#3054=DIRECTION('',(0.,1.,0.));
#3055=DIRECTION('',(0.,0.,-1.));
#3056=DIRECTION('',(0.,-1.,0.));
#3057=DIRECTION('',(0.,0.,-1.));
#3058=DIRECTION('',(-1.,0.,0.));
#3059=DIRECTION('',(0.,0.,-1.));
#3060=DIRECTION('',(1.,0.,0.));
#3061=DIRECTION('',(0.,0.,1.));
#3062=DIRECTION('',(0.,1.,0.));
#3063=DIRECTION('',(0.,0.,-1.));
#3064=DIRECTION('',(1.,0.,0.));
#3065=DIRECTION('',(0.,-1.,0.));
#3066=DIRECTION('',(1.,0.,0.));
#3067=DIRECTION('',(0.,1.,0.));
#3068=DIRECTION('',(0.,0.,1.));
#3069=DIRECTION('',(0.,-1.,0.));
#3070=DIRECTION('',(0.,0.,1.));
#3071=DIRECTION('',(0.,-1.,0.));
#3072=DIRECTION('',(0.,0.,1.));
#3073=DIRECTION('',(0.,-1.,0.));
#3074=DIRECTION('',(1.,0.,0.));
#3075=DIRECTION('',(0.,1.,0.));
#3076=DIRECTION('',(0.,0.,1.));
#3077=DIRECTION('',(0.,-1.,0.));
#3078=DIRECTION('',(0.,0.,1.));
#3079=DIRECTION('',(0.,-1.,0.));
#3080=DIRECTION('',(0.,0.,1.));
#3081=DIRECTION('',(-1.,0.,0.));
#3082=DIRECTION('',(0.,0.,-1.));
#3083=DIRECTION('',(0.,1.,0.));
#3084=DIRECTION('',(0.,0.,1.));
#3085=DIRECTION('',(0.,0.,-1.));
#3086=DIRECTION('',(1.,0.,0.));
#3087=DIRECTION('',(-1.,-9.30645641618459E-17,0.));
#3088=DIRECTION('',(9.30645641618459E-17,-1.,0.));
#3089=DIRECTION('',(1.,9.30645641618459E-17,0.));
#3090=DIRECTION('',(0.,0.,-1.));
#3091=DIRECTION('',(1.,0.,0.));
#3092=DIRECTION('',(0.,1.,0.));
#3093=DIRECTION('',(0.,0.,-1.));
#3094=DIRECTION('',(-1.,0.,0.));
#3095=DIRECTION('',(0.,-1.,0.));
#3096=DIRECTION('',(0.,0.,-1.));
#3097=DIRECTION('',(0.,0.,-1.));
#3098=DIRECTION('',(0.,0.,-1.));
#3099=DIRECTION('',(0.,-1.,0.));
#3100=DIRECTION('',(0.,0.,-1.));
#3101=DIRECTION('',(0.,0.,-1.));
#3102=DIRECTION('',(0.,-1.,0.));
#3103=DIRECTION('',(0.973076344961988,-0.230483029473795,0.));
#3104=DIRECTION('',(0.230483029473795,0.973076344961988,0.));
#3105=DIRECTION('',(0.,0.,1.));
#3106=DIRECTION('',(0.,0.,1.));
#3107=DIRECTION('',(1.,0.,0.));
#3108=DIRECTION('',(0.,0.,1.));
#3109=DIRECTION('',(1.,0.,0.));
#3110=DIRECTION('',(0.,0.,1.));
#3111=DIRECTION('',(0.,1.,0.));
#3112=DIRECTION('',(0.,0.,-1.));
#3113=DIRECTION('',(1.,0.,0.));
#3114=DIRECTION('',(0.,-1.,0.));
#3115=DIRECTION('',(0.,0.,1.));
#3116=DIRECTION('',(0.,0.,1.));
#3117=DIRECTION('',(1.,0.,0.));
#3118=DIRECTION('',(0.,0.,1.));
#3119=DIRECTION('',(0.,0.,1.));
#3120=DIRECTION('',(0.,-1.,0.));
#3121=DIRECTION('',(0.,0.,1.));
#3122=DIRECTION('',(0.,-1.,0.));
#3123=DIRECTION('',(0.,0.,1.));
#3124=DIRECTION('',(0.,0.,1.));
#3125=DIRECTION('',(1.,0.,0.));
#3126=DIRECTION('',(0.,0.,1.));
#3127=DIRECTION('',(0.,0.,1.));
#3128=DIRECTION('',(0.,-1.,0.));
#3129=DIRECTION('',(0.,0.,1.));
#3130=DIRECTION('',(0.,-1.,0.));
#3131=DIRECTION('',(0.,0.,1.));
#3132=DIRECTION('',(0.,0.,1.));
#3133=DIRECTION('',(1.,0.,0.));
#3134=DIRECTION('',(0.,0.,1.));
#3135=DIRECTION('',(0.,0.,1.));
#3136=DIRECTION('',(0.,-1.,0.));
#3137=DIRECTION('',(0.,0.,1.));
#3138=DIRECTION('',(0.,-1.,0.));
#3139=DIRECTION('',(0.,0.,1.));
#3140=DIRECTION('',(0.,0.,1.));
#3141=DIRECTION('',(1.,0.,0.));
#3142=DIRECTION('',(0.,0.,1.));
#3143=DIRECTION('',(0.,0.,1.));
#3144=DIRECTION('',(0.,-1.,0.));
#3145=DIRECTION('',(0.,0.,1.));
#3146=DIRECTION('',(0.,-1.,0.));
#3147=DIRECTION('',(0.,0.,1.));
#3148=DIRECTION('',(0.,0.,1.));
#3149=DIRECTION('',(1.,0.,0.));
#3150=DIRECTION('',(0.,0.,1.));
#3151=DIRECTION('',(0.,0.,1.));
#3152=DIRECTION('',(0.,-1.,0.));
#3153=DIRECTION('',(0.,0.,1.));
#3154=DIRECTION('',(0.,1.,0.));
#3155=DIRECTION('',(0.,0.,-1.));
#3156=DIRECTION('',(-1.,0.,0.));
#3157=DIRECTION('',(0.,0.,-1.));
#3158=DIRECTION('',(0.533333333333334,0.845905169363301,0.));
#3159=DIRECTION('',(-0.845905169363301,0.533333333333334,0.));
#3160=DIRECTION('',(-0.845905169363301,0.533333333333334,0.));
#3161=DIRECTION('',(0.,0.,-1.));
#3162=DIRECTION('',(0.,-1.,0.));
#3163=DIRECTION('',(0.,0.,1.));
#3164=DIRECTION('',(1.,0.,0.));
#3165=DIRECTION('',(0.,-1.,0.));
#3166=DIRECTION('',(0.,0.,1.));
#3167=DIRECTION('',(1.,0.,0.));
#3168=DIRECTION('',(0.,0.,-1.));
#3169=DIRECTION('',(0.533333333333334,0.845905169363301,0.));
#3170=DIRECTION('',(-0.845905169363301,0.533333333333334,0.));
#3171=DIRECTION('',(-0.845905169363301,0.533333333333334,0.));
#3172=DIRECTION('',(0.,0.,-1.));
#3173=DIRECTION('',(0.707106781186548,-0.707106781186548,0.));
#3174=DIRECTION('',(0.707106781186548,0.707106781186548,0.));
#3175=DIRECTION('',(0.707106781186548,0.707106781186548,0.));
#3176=DIRECTION('',(0.707106781186548,-0.707106781186548,0.));
#3177=DIRECTION('',(0.707106781186548,0.707106781186548,0.));
#3178=DIRECTION('',(0.707106781186548,0.707106781186548,0.));
#3179=DIRECTION('',(0.,0.,-1.));
#3180=DIRECTION('',(0.533333333333334,0.845905169363301,0.));
#3181=DIRECTION('',(-0.845905169363301,0.533333333333334,0.));
#3182=DIRECTION('',(-0.845905169363301,0.533333333333334,0.));
#3183=DIRECTION('',(-1.,0.,0.));
#3184=DIRECTION('',(0.,0.,-1.));
#3185=DIRECTION('',(0.,-1.,0.));
#3186=DIRECTION('',(0.533333333333334,0.845905169363301,0.));
#3187=DIRECTION('',(-0.845905169363301,0.533333333333334,0.));
#3188=DIRECTION('',(-0.845905169363301,0.533333333333334,0.));
#3189=DIRECTION('',(0.,0.,-1.));
#3190=DIRECTION('',(1.02592040750889E-16,1.,0.));
#3191=DIRECTION('',(-1.,1.02592040750889E-16,0.));
#3192=DIRECTION('',(-1.,1.02592040750889E-16,0.));
#3193=DIRECTION('',(0.,0.,1.));
#3194=DIRECTION('',(1.,0.,0.));
#3195=DIRECTION('',(0.,0.,1.));
#3196=DIRECTION('',(1.,0.,0.));
#3197=DIRECTION('',(0.,0.,1.));
#3198=DIRECTION('',(1.,0.,0.));
#3199=DIRECTION('',(-0.533333333333334,-0.845905169363301,0.));
#3200=DIRECTION('',(0.845905169363301,-0.533333333333334,0.));
#3201=DIRECTION('',(0.845905169363301,-0.533333333333334,0.));
#3202=DIRECTION('',(0.,0.,-1.));
#3203=DIRECTION('',(-0.707106781186548,0.707106781186548,0.));
#3204=DIRECTION('',(-0.707106781186548,-0.707106781186548,0.));
#3205=DIRECTION('',(-0.707106781186548,-0.707106781186548,0.));
#3206=DIRECTION('',(0.707106781186548,-0.707106781186548,0.));
#3207=DIRECTION('',(0.707106781186548,0.707106781186548,0.));
#3208=DIRECTION('',(0.707106781186548,0.707106781186548,0.));
#3209=DIRECTION('',(0.,0.,-1.));
#3210=DIRECTION('',(0.533333333333334,0.845905169363301,0.));
#3211=DIRECTION('',(-0.845905169363301,0.533333333333334,0.));
#3212=DIRECTION('',(-0.845905169363301,0.533333333333334,0.));
#3213=DIRECTION('',(0.,0.,1.));
#3214=DIRECTION('',(1.,0.,0.));
#3215=DIRECTION('',(0.707106781186548,-0.707106781186548,0.));
#3216=DIRECTION('',(0.707106781186548,0.707106781186548,0.));
#3217=DIRECTION('',(0.,0.,-1.));
#3218=DIRECTION('',(-0.533333333333333,-0.845905169363301,0.));
#3219=DIRECTION('',(0.845905169363301,-0.533333333333333,0.));
#3220=DIRECTION('',(0.533333333333333,0.845905169363301,0.));
#3221=DIRECTION('',(-0.845905169363301,0.533333333333333,0.));
#3222=DIRECTION('',(0.,0.,1.));
#3223=DIRECTION('',(1.,0.,0.));
#3224=DIRECTION('',(0.,0.,1.));
#3225=DIRECTION('',(1.,0.,0.));
#3226=DIRECTION('',(0.,0.,1.));
#3227=DIRECTION('',(1.,0.,0.));
#3228=DIRECTION('',(0.,0.,1.));
#3229=DIRECTION('',(1.,0.,0.));
#3230=DIRECTION('',(0.,0.,1.));
#3231=DIRECTION('',(1.,0.,0.));
#3232=DIRECTION('',(0.,0.,1.));
#3233=DIRECTION('',(1.,0.,0.));
#3234=DIRECTION('',(0.,0.,1.));
#3235=DIRECTION('',(1.,0.,0.));
#3236=DIRECTION('',(0.,0.,1.));
#3237=DIRECTION('',(1.,0.,0.));
#3238=DIRECTION('',(0.,0.,1.));
#3239=DIRECTION('',(1.,0.,0.));
#3240=DIRECTION('',(0.,0.,1.));
#3241=DIRECTION('',(1.,0.,0.));
#3242=DIRECTION('',(0.,0.,1.));
#3243=DIRECTION('',(1.,0.,0.));
#3244=DIRECTION('',(0.,0.,1.));
#3245=DIRECTION('',(1.,0.,0.));
#3246=DIRECTION('',(-1.,0.,0.));
#3247=DIRECTION('',(0.,0.,1.));
#3248=DIRECTION('',(0.,0.,-1.));
#3249=DIRECTION('',(0.,0.,-1.));
#3250=DIRECTION('',(0.,1.,0.));
#3251=DIRECTION('',(0.,0.,1.));
#3252=DIRECTION('',(0.,0.,-1.));
#3253=DIRECTION('',(0.,1.,0.));
#3254=DIRECTION('',(0.,0.,1.));
#3255=DIRECTION('',(0.,0.,-1.));
#3256=DIRECTION('',(-1.,0.,0.));
#3257=DIRECTION('',(0.,0.,1.));
#3258=DIRECTION('',(0.,1.,0.));
#3259=DIRECTION('',(0.,0.,1.));
#3260=DIRECTION('',(0.,0.,-1.));
#3261=DIRECTION('',(0.,0.,-1.));
#3262=DIRECTION('',(-1.,0.,0.));
#3263=DIRECTION('',(0.,0.,1.));
#3264=DIRECTION('',(0.,0.,-1.));
#3265=DIRECTION('',(-1.,0.,0.));
#3266=DIRECTION('',(0.,0.,1.));
#3267=DIRECTION('',(0.,0.,-1.));
#3268=DIRECTION('',(0.,1.,0.));
#3269=DIRECTION('',(0.,0.,1.));
#3270=DIRECTION('',(0.,1.,0.));
#3271=DIRECTION('',(0.,0.,1.));
#3272=DIRECTION('',(0.,0.,-1.));
#3273=DIRECTION('',(0.,0.,-1.));
#3274=DIRECTION('',(-1.,0.,0.));
#3275=DIRECTION('',(0.,0.,1.));
#3276=DIRECTION('',(0.,0.,-1.));
#3277=DIRECTION('',(0.,1.,0.));
#3278=DIRECTION('',(0.,0.,1.));
#3279=DIRECTION('',(0.,0.,-1.));
#3280=DIRECTION('',(-1.,0.,0.));
#3281=DIRECTION('',(0.,0.,1.));
#3282=CARTESIAN_POINT('',(0.,0.,0.));
#3283=CARTESIAN_POINT('',(-0.00793704017996788,0.00704,0.015));
#3284=CARTESIAN_POINT('',(-0.00793704017996788,-0.0612332825362682,0.015));
#3285=CARTESIAN_POINT('',(-0.0680247592926025,-0.0612332825362682,0.015));
#3286=CARTESIAN_POINT('',(-0.0630247592926025,-0.0612332825362682,0.015));
#3287=CARTESIAN_POINT('',(-0.0680247592926025,0.00704,0.015));
#3288=CARTESIAN_POINT('',(-0.0680247592926025,-0.0412332825362683,0.015));
#3289=CARTESIAN_POINT('',(-0.00793704017996788,-0.0412332825362683,0.015));
#3290=CARTESIAN_POINT('',(-0.0630247592926025,-0.0412332825362683,0.015));
#3291=CARTESIAN_POINT('',(-0.0630247592926025,0.00704,0.015));
#3292=CARTESIAN_POINT('',(-0.0452469999879599,-0.0513269999879599,0.015));
#3293=CARTESIAN_POINT('',(-0.0500247592926025,-0.0561047592926025,0.015));
#3294=CARTESIAN_POINT('',(-0.0540247592926025,-0.0601047592926025,0.015));
#3295=CARTESIAN_POINT('',(-0.0500247592926025,0.00704,0.015));
#3296=CARTESIAN_POINT('',(-0.0500247592926025,-0.0412332825362683,0.015));
#3297=CARTESIAN_POINT('',(-0.00793704017996788,-0.0412332825362683,0.015));
#3298=CARTESIAN_POINT('',(-0.0450247592926026,-0.0412332825362683,0.015));
#3299=CARTESIAN_POINT('',(-0.0450247592926026,0.00704,0.015));
#3300=CARTESIAN_POINT('',(-0.0450247592926026,-0.0511047592926025,0.015));
#3301=CARTESIAN_POINT('',(-0.0452469999879599,-0.0513269999879599,0.015));
#3302=CARTESIAN_POINT('',(-0.0159339999759197,-0.0220139999759197,0.015));
#3303=CARTESIAN_POINT('',(-0.0528968505325432,0.00129064575842885,0.015));
#3304=CARTESIAN_POINT('',(-0.0898597010891667,0.0245952914927774,0.015));
#3305=CARTESIAN_POINT('',(-0.0898597010891667,0.043456,0.015));
#3306=CARTESIAN_POINT('',(-0.0898597010891667,0.000128000000000003,0.015));
#3307=CARTESIAN_POINT('',(-0.0991848895627153,-0.0392420149492085,0.015));
#3308=CARTESIAN_POINT('',(-0.0906546109048215,-0.00322802989841706,0.015));
#3309=CARTESIAN_POINT('',(-0.0902571559969941,-0.00322802989841708,0.015));
#3310=CARTESIAN_POINT('',(-0.0898597010891667,-0.00322802989841708,0.015));
#3311=CARTESIAN_POINT('',(-0.0898597010891667,-0.00422802989841708,0.015));
#3312=CARTESIAN_POINT('',(-0.0898597010891667,-0.00522802989841709,0.015));
#3313=CARTESIAN_POINT('',(-0.0904940161680044,-0.00522802989841709,0.015));
#3314=CARTESIAN_POINT('',(-0.0911283312468422,-0.00522802989841709,0.015));
#3315=CARTESIAN_POINT('',(-0.0991848895627153,-0.0392420149492085,0.015));
#3316=CARTESIAN_POINT('',(-0.0923126321018938,-0.0102280298984171,0.015));
#3317=CARTESIAN_POINT('',(-0.0910861665955302,-0.0102280298984171,0.015));
#3318=CARTESIAN_POINT('',(-0.0898597010891667,-0.0102280298984171,0.015));
#3319=CARTESIAN_POINT('',(-0.0898597010891667,-0.0114780298984171,0.015));
#3320=CARTESIAN_POINT('',(-0.0898597010891667,-0.0127280298984171,0.015));
#3321=CARTESIAN_POINT('',(-0.0913822418092932,-0.0127280298984171,0.015));
#3322=CARTESIAN_POINT('',(-0.0929047825294196,-0.0127280298984171,0.015));
#3323=CARTESIAN_POINT('',(-0.0991848895627153,-0.0392420149492085,0.015));
#3324=CARTESIAN_POINT('',(-0.0940890833844712,-0.0177280298984171,0.015));
#3325=CARTESIAN_POINT('',(-0.091974392236819,-0.0177280298984171,0.015));
#3326=CARTESIAN_POINT('',(-0.0898597010891667,-0.0177280298984171,0.015));
#3327=CARTESIAN_POINT('',(-0.0898597010891667,-0.0192280298984171,0.015));
#3328=CARTESIAN_POINT('',(-0.0898597010891667,-0.0207280298984171,0.015));
#3329=CARTESIAN_POINT('',(-0.0923296824933345,-0.0207280298984171,0.015));
#3330=CARTESIAN_POINT('',(-0.0947996638975022,-0.0207280298984171,0.015));
#3331=CARTESIAN_POINT('',(-0.0991848895627153,-0.0392420149492085,0.015));
#3332=CARTESIAN_POINT('',(-0.0959839647525538,-0.0257280298984171,0.015));
#3333=CARTESIAN_POINT('',(-0.0929218329208603,-0.0257280298984171,0.015));
#3334=CARTESIAN_POINT('',(-0.0898597010891667,-0.0257280298984171,0.015));
#3335=CARTESIAN_POINT('',(-0.0898597010891667,-0.0274780298984171,0.015));
#3336=CARTESIAN_POINT('',(-0.0898597010891667,-0.0292280298984171,0.015));
#3337=CARTESIAN_POINT('',(-0.0933363382201283,-0.0292280298984171,0.015));
#3338=CARTESIAN_POINT('',(-0.09681297535109,-0.0292280298984171,0.015));
#3339=CARTESIAN_POINT('',(-0.0991848895627153,-0.0392420149492085,0.015));
#3340=CARTESIAN_POINT('',(-0.0979972762061416,-0.0342280298984171,0.015));
#3341=CARTESIAN_POINT('',(-0.0939284886476541,-0.0342280298984171,0.015));
#3342=CARTESIAN_POINT('',(-0.0898597010891667,-0.0342280298984171,0.015));
#3343=CARTESIAN_POINT('',(-0.0898597010891667,-0.0362280298984171,0.015));
#3344=CARTESIAN_POINT('',(-0.0898597010891667,-0.0382280298984171,0.015));
#3345=CARTESIAN_POINT('',(-0.0944022089896748,-0.0382280298984171,0.015));
#3346=CARTESIAN_POINT('',(-0.0989447168901829,-0.0382280298984171,0.015));
#3347=CARTESIAN_POINT('',(-0.0991848895627153,-0.0392420149492085,0.015));
#3348=CARTESIAN_POINT('',(-0.0994250622352476,-0.040256,0.015));
#3349=CARTESIAN_POINT('',(-0.0994250622352476,-0.0417420149492085,0.015));
#3350=CARTESIAN_POINT('',(-0.0994250622352476,-0.08064,0.015));
#3351=CARTESIAN_POINT('',(-0.104255211690664,-0.08064,0.015));
#3352=CARTESIAN_POINT('',(-0.088,-0.08064,0.015));
#3353=CARTESIAN_POINT('',(-0.088,-0.078592,0.015));
#3354=CARTESIAN_POINT('',(-0.088,-0.076544,0.015));
#3355=CARTESIAN_POINT('',(-0.083456,-0.076544,0.015));
#3356=CARTESIAN_POINT('',(-0.07456,-0.076544,0.015));
#3357=CARTESIAN_POINT('',(-0.07456,-0.078592,0.015));
#3358=CARTESIAN_POINT('',(-0.07456,-0.08064,0.015));
#3359=CARTESIAN_POINT('',(-0.0452469999879599,-0.0513269999879599,0.015));
#3360=CARTESIAN_POINT('',(-0.0551532825362683,-0.0612332825362682,0.015));
#3361=CARTESIAN_POINT('',(-0.00793704017996788,-0.0612332825362682,0.015));
#3362=CARTESIAN_POINT('',(-0.0590247592926025,-0.0612332825362682,0.015));
#3363=CARTESIAN_POINT('',(-0.0590247592926025,0.00704,0.015));
#3364=CARTESIAN_POINT('',(-0.0590247592926025,-0.0412332825362683,0.015));
#3365=CARTESIAN_POINT('',(-0.00793704017996788,-0.0412332825362683,0.015));
#3366=CARTESIAN_POINT('',(-0.0540247592926025,-0.0412332825362683,0.015));
#3367=CARTESIAN_POINT('',(-0.0540247592926025,0.00704,0.015));
#3368=CARTESIAN_POINT('',(-0.00793704017996788,0.00704,0.005));
#3369=CARTESIAN_POINT('',(0.0617213370452037,0.0636740747181603,0.005));
#3370=CARTESIAN_POINT('',(0.0606213370452037,0.0636740747181603,0.005));
#3371=CARTESIAN_POINT('',(0.0617213370452037,0.0146740747181603,0.005));
#3372=CARTESIAN_POINT('',(0.0606213370452037,0.0146740747181603,0.005));
#3373=CARTESIAN_POINT('',(0.00363582456301367,0.0146740747181603,0.005));
#3374=CARTESIAN_POINT('',(0.00253582456301367,0.0146740747181603,0.005));
#3375=CARTESIAN_POINT('',(0.00363582456301367,0.0636740747181603,0.005));
#3376=CARTESIAN_POINT('',(0.00253582456301367,0.0636740747181603,0.005));
#3377=CARTESIAN_POINT('',(0.07648,0.07808,0.005));
#3378=CARTESIAN_POINT('',(0.074944,0.07808,0.005));
#3379=CARTESIAN_POINT('',(0.077504,0.07808,0.005));
#3380=CARTESIAN_POINT('',(0.074944,-0.00128,0.005));
#3381=CARTESIAN_POINT('',(0.074944,-0.08064,0.005));
#3382=CARTESIAN_POINT('',(-1.38777878078145E-17,-0.08064,0.005));
#3383=CARTESIAN_POINT('',(0.07456,-0.08064,0.005));
#3384=CARTESIAN_POINT('',(0.07456,-0.08256,0.005));
#3385=CARTESIAN_POINT('',(0.07456,-0.08448,0.005));
#3386=CARTESIAN_POINT('',(-1.38777878078145E-17,-0.08448,0.005));
#3387=CARTESIAN_POINT('',(-0.07456,-0.08448,0.005));
#3388=CARTESIAN_POINT('',(-0.07456,-0.078592,0.005));
#3389=CARTESIAN_POINT('',(-0.07456,0.08448,0.005));
#3390=CARTESIAN_POINT('',(0.076224,0.08448,0.005));
#3391=CARTESIAN_POINT('',(0.077504,0.08448,0.005));
#3392=CARTESIAN_POINT('',(0.077504,0.08256,0.005));
#3393=CARTESIAN_POINT('',(-0.0680247592926025,-0.0512332825362682,0.005));
#3394=CARTESIAN_POINT('',(-0.0680247592926025,-0.0612332825362682,0.005));
#3395=CARTESIAN_POINT('',(-0.0680247592926025,-0.0412332825362683,0.005));
#3396=CARTESIAN_POINT('',(-0.0655247592926025,-0.0612332825362682,0.005));
#3397=CARTESIAN_POINT('',(-0.0630247592926025,-0.0612332825362683,0.005));
#3398=CARTESIAN_POINT('',(-0.0630247592926025,-0.0512332825362682,0.005));
#3399=CARTESIAN_POINT('',(-0.0630247592926025,-0.0412332825362683,0.005));
#3400=CARTESIAN_POINT('',(-0.0655247592926025,-0.0412332825362683,0.005));
#3401=CARTESIAN_POINT('',(-0.0590247592926025,-0.0512332825362682,0.005));
#3402=CARTESIAN_POINT('',(-0.0590247592926025,-0.0612332825362682,0.005));
#3403=CARTESIAN_POINT('',(-0.0590247592926025,-0.0412332825362683,0.005));
#3404=CARTESIAN_POINT('',(-0.0565247592926025,-0.0612332825362682,0.005));
#3405=CARTESIAN_POINT('',(-0.0540247592926025,-0.0612332825362682,0.005));
#3406=CARTESIAN_POINT('',(-0.0540247592926025,-0.0512332825362682,0.005));
#3407=CARTESIAN_POINT('',(-0.0540247592926025,-0.0412332825362683,0.005));
#3408=CARTESIAN_POINT('',(-0.0565247592926025,-0.0412332825362683,0.005));
#3409=CARTESIAN_POINT('',(-0.0500247592926025,-0.0512332825362682,0.005));
#3410=CARTESIAN_POINT('',(-0.0500247592926025,-0.0612332825362682,0.005));
#3411=CARTESIAN_POINT('',(-0.0500247592926025,-0.0412332825362683,0.005));
#3412=CARTESIAN_POINT('',(-0.0475247592926025,-0.0612332825362682,0.005));
#3413=CARTESIAN_POINT('',(-0.0450247592926026,-0.0612332825362682,0.005));
#3414=CARTESIAN_POINT('',(-0.0450247592926026,-0.0512332825362682,0.005));
#3415=CARTESIAN_POINT('',(-0.0450247592926026,-0.0412332825362683,0.005));
#3416=CARTESIAN_POINT('',(-0.0475247592926025,-0.0412332825362683,0.005));
#3417=CARTESIAN_POINT('',(-0.0452469999879599,-0.0513269999879599,0.017));
#3418=CARTESIAN_POINT('',(-0.0450247592926026,-0.0511047592926025,0.017));
#3419=CARTESIAN_POINT('',(-0.0450247592926026,-0.0511047592926025,0.017));
#3420=CARTESIAN_POINT('',(-0.0452469999879599,-0.0513269999879599,0.017));
#3421=CARTESIAN_POINT('',(-0.0159339999759197,-0.0220139999759197,0.017));
#3422=CARTESIAN_POINT('',(-0.0159339999759197,-0.0220139999759197,0.017));
#3423=CARTESIAN_POINT('',(-0.0452469999879599,-0.0513269999879599,0.017));
#3424=CARTESIAN_POINT('',(-0.0452469999879599,-0.0513269999879599,0.017));
#3425=CARTESIAN_POINT('',(-0.0551532825362683,-0.0612332825362682,0.017));
#3426=CARTESIAN_POINT('',(-0.07456,-0.08064,0.017));
#3427=CARTESIAN_POINT('',(-0.0551532825362683,-0.0612332825362682,0.017));
#3428=CARTESIAN_POINT('',(-0.07456,-0.08064,0.017));
#3429=CARTESIAN_POINT('',(-0.0452469999879599,-0.0513269999879599,0.017));
#3430=CARTESIAN_POINT('',(-0.0500247592926025,-0.0561047592926025,0.017));
#3431=CARTESIAN_POINT('',(-0.0500247592926025,-0.0561047592926025,0.017));
#3432=CARTESIAN_POINT('',(-0.0540247592926025,-0.0601047592926025,0.017));
#3433=CARTESIAN_POINT('',(-0.0540247592926025,-0.0601047592926025,0.017));
#3434=CARTESIAN_POINT('',(-0.0452469999879599,-0.0513269999879599,0.017));
#3435=CARTESIAN_POINT('',(-0.00355224866883659,0.00896,0.017));
#3436=CARTESIAN_POINT('',(-0.0500247592926025,0.00896,0.017));
#3437=CARTESIAN_POINT('',(-0.0500247592926025,-0.0612332825362682,0.017));
#3438=CARTESIAN_POINT('',(-0.0540247592926025,0.00896,0.017));
#3439=CARTESIAN_POINT('',(-0.0540247592926025,-0.0612332825362682,0.017));
#3440=CARTESIAN_POINT('',(-0.00355224866883659,-0.0612332825362682,0.017));
#3441=CARTESIAN_POINT('',(-1.38777878078145E-17,-0.08064,0.017));
#3442=CARTESIAN_POINT('',(-0.05956,-0.08064,0.017));
#3443=CARTESIAN_POINT('',(-0.0302469999879599,-0.0513269999879599,0.017));
#3444=CARTESIAN_POINT('',(-0.000933999975919704,-0.0220139999759197,0.017));
#3445=CARTESIAN_POINT('',(-0.0453968505325432,0.00601930819586347,0.017));
#3446=CARTESIAN_POINT('',(-0.0898597010891667,0.0340526163676467,0.017));
#3447=CARTESIAN_POINT('',(-0.0898597010891667,0.043456,0.017));
#3448=CARTESIAN_POINT('',(-0.0898597010891667,0.0245952914927774,0.017));
#3449=CARTESIAN_POINT('',(-0.0528968505325432,0.00129064575842885,0.017));
#3450=CARTESIAN_POINT('',(-0.0450247592926026,0.00896,0.017));
#3451=CARTESIAN_POINT('',(-0.0450247592926026,-0.0612332825362682,0.017));
#3452=CARTESIAN_POINT('',(-0.00355224866883659,-0.0612332825362682,0.017));
#3453=CARTESIAN_POINT('',(0.00363582456301367,0.0146740747181603,0.03));
#3454=CARTESIAN_POINT('',(0.00363582456301367,0.0146740747181603,0.013));
#3455=CARTESIAN_POINT('',(0.00473582456301368,0.0146740747181603,0.013));
#3456=CARTESIAN_POINT('',(0.0617213370452037,0.0146740747181603,0.03));
#3457=CARTESIAN_POINT('',(0.0617213370452037,0.0146740747181603,0.013));
#3458=CARTESIAN_POINT('',(0.0606213370452037,0.0146740747181603,0.013));
#3459=CARTESIAN_POINT('',(0.00363582456301367,0.0636740747181603,0.03));
#3460=CARTESIAN_POINT('',(0.00363582456301367,0.0636740747181603,0.015));
#3461=CARTESIAN_POINT('',(0.00473582456301367,0.0636740747181603,0.015));
#3462=CARTESIAN_POINT('',(0.0617213370452037,0.0636740747181603,0.03));
#3463=CARTESIAN_POINT('',(0.0617213370452037,0.0636740747181603,0.015));
#3464=CARTESIAN_POINT('',(0.0628213370452037,0.0636740747181603,0.015));
#3465=CARTESIAN_POINT('',(-0.00793704017996788,0.00704,0.015));
#3466=CARTESIAN_POINT('',(-1.38777878078145E-17,-0.08064,0.015));
#3467=CARTESIAN_POINT('',(-0.02956,-0.08064,0.015));
#3468=CARTESIAN_POINT('',(-0.05956,-0.08064,0.015));
#3469=CARTESIAN_POINT('',(-0.000246999987959851,-0.0513269999879599,0.015));
#3470=CARTESIAN_POINT('',(0.0290660000240803,-0.0220139999759197,0.015));
#3471=CARTESIAN_POINT('',(-0.0174265341754158,0.00729900003612042,0.015));
#3472=CARTESIAN_POINT('',(-0.0898597010891667,0.0529672661173851,0.015));
#3473=CARTESIAN_POINT('',(-0.0898597010891667,0.043456,0.015));
#3474=CARTESIAN_POINT('',(-0.0898597010891667,0.0340526163676467,0.015));
#3475=CARTESIAN_POINT('',(-0.0453968505325432,0.00601930819586347,0.015));
#3476=CARTESIAN_POINT('',(-0.000933999975919704,-0.0220139999759197,0.015));
#3477=CARTESIAN_POINT('',(-0.0302469999879599,-0.0513269999879599,0.015));
#3478=CARTESIAN_POINT('',(-0.00793704017996788,0.00704,0.015));
#3479=CARTESIAN_POINT('',(0.00363582456301367,0.0146740747181603,0.015));
#3480=CARTESIAN_POINT('',(0.00613582456301368,0.0146740747181603,0.015));
#3481=CARTESIAN_POINT('',(0.0147530000120401,-0.0513269999879599,0.015));
#3482=CARTESIAN_POINT('',(0.0440660000240803,-0.0220139999759198,0.015));
#3483=CARTESIAN_POINT('',(-0.01456,-0.08064,0.015));
#3484=CARTESIAN_POINT('',(-1.38777878078145E-17,-0.08064,0.015));
#3485=CARTESIAN_POINT('',(0.01544,-0.08064,0.015));
#3486=CARTESIAN_POINT('',(0.0447530000120401,-0.0513269999879599,0.015));
#3487=CARTESIAN_POINT('',(0.0740660000240804,-0.0220139999759198,0.015));
#3488=CARTESIAN_POINT('',(0.0275734658245842,0.00729900003612039,0.015));
#3489=CARTESIAN_POINT('',(-0.0898597010891667,0.0813392407419927,0.015));
#3490=CARTESIAN_POINT('',(-0.0898597010891667,0.043456,0.015));
#3491=CARTESIAN_POINT('',(-0.0898597010891667,0.0624245909922543,0.015));
#3492=CARTESIAN_POINT('',(-0.0024265341754158,0.00729900003612041,0.015));
#3493=CARTESIAN_POINT('',(0.101684893278781,0.0366120000481606,0.00499999999999968));
#3494=CARTESIAN_POINT('',(0.101684893278781,-0.08064,0.00499999999999968));
#3495=CARTESIAN_POINT('',(0.100739653121468,0.0366120000481606,0.0116666666666666));
#3496=CARTESIAN_POINT('',(0.100739653121468,-0.08064,0.0116666666666666));
#3497=CARTESIAN_POINT('',(0.0964610796308209,0.0366120000481606,0.015));
#3498=CARTESIAN_POINT('',(0.0964610796308209,-0.08064,0.015));
#3499=CARTESIAN_POINT('',(0.0888491728068407,0.0366120000481606,0.015));
#3500=CARTESIAN_POINT('',(0.0888491728068407,-0.08064,0.015));
#3501=CARTESIAN_POINT('',(0.0888491728068407,-0.0222308271905628,0.015));
#3502=CARTESIAN_POINT('',(0.0888491728068407,-0.0417005514603752,0.015));
#3503=CARTESIAN_POINT('',(0.0888491728068407,-0.0611702757301876,0.015));
#3504=CARTESIAN_POINT('',(0.0888491728068407,-0.08064,0.015));
#3505=CARTESIAN_POINT('',(0.088849172809448,-0.0222308271905628,0.015));
#3506=CARTESIAN_POINT('',(0.0888491728068407,-0.08064,0.015));
#3507=CARTESIAN_POINT('',(0.0888491728068407,-0.08064,0.015));
#3508=CARTESIAN_POINT('',(0.0964610796308209,-0.08064,0.015));
#3509=CARTESIAN_POINT('',(0.100739653121468,-0.08064,0.0116666666666666));
#3510=CARTESIAN_POINT('',(0.101684893278781,-0.08064,0.00499999999999969));
#3511=CARTESIAN_POINT('',(0.101684893278781,-0.08064,0.005));
#3512=CARTESIAN_POINT('',(0.101684893278781,-0.08064,0.005));
#3513=CARTESIAN_POINT('',(0.101684893278781,-0.0415559999839465,0.005));
#3514=CARTESIAN_POINT('',(0.101684893278781,-0.00247199996789296,0.005));
#3515=CARTESIAN_POINT('',(0.101684893278781,0.0366120000481606,0.005));
#3516=CARTESIAN_POINT('',(0.101684893278781,0.0366120000481606,0.005));
#3517=CARTESIAN_POINT('',(0.101684893278781,0.0366120000481606,0.005));
#3518=CARTESIAN_POINT('',(0.100739653121467,0.0366120000481606,0.0116666666666667));
#3519=CARTESIAN_POINT('',(0.0964610796308207,0.0366120000481606,0.015));
#3520=CARTESIAN_POINT('',(0.0888491728068407,0.0366120000481606,0.015));
#3521=CARTESIAN_POINT('',(0.0888491728068407,0.0366120000481606,0.015));
#3522=CARTESIAN_POINT('',(0.0888491728068407,0.0366120000481606,0.015));
#3523=CARTESIAN_POINT('',(0.0888491728068407,0.0171155690492581,0.015));
#3524=CARTESIAN_POINT('',(0.0888491728068407,-0.00238086194964443,0.015));
#3525=CARTESIAN_POINT('',(0.0888491728068407,-0.0218772929485469,0.015));
#3526=CARTESIAN_POINT('',(0.088849172809448,-0.021877292948547,0.015));
#3527=CARTESIAN_POINT('',(0.088849172809445,-0.0218772929485518,0.015));
#3528=CARTESIAN_POINT('',(0.0889214476213358,-0.0219228613736399,0.015));
#3529=CARTESIAN_POINT('',(0.0889937224332267,-0.021968429798728,0.015));
#3530=CARTESIAN_POINT('',(0.0890659972451175,-0.0220139982238161,0.015));
#3531=CARTESIAN_POINT('',(0.089065996043752,-0.0220140001292686,0.0149995454616677));
#3532=CARTESIAN_POINT('',(0.0890659979572417,-0.0220140020427583,0.015));
#3533=CARTESIAN_POINT('',(0.0889937229079753,-0.0220862770920247,0.015));
#3534=CARTESIAN_POINT('',(0.088921447858709,-0.022158552141291,0.015));
#3535=CARTESIAN_POINT('',(0.0888491728094426,-0.0222308271905574,0.015));
#3536=CARTESIAN_POINT('',(-0.00793704017996788,0.00704,0.015));
#3537=CARTESIAN_POINT('',(0.080576,0.07936,0.015));
#3538=CARTESIAN_POINT('',(0.080576,0.0686260000240803,0.015));
#3539=CARTESIAN_POINT('',(0.080576,0.08064,0.015));
#3540=CARTESIAN_POINT('',(0.07904,0.08064,0.015));
#3541=CARTESIAN_POINT('',(-0.0737506547923894,0.08064,0.015));
#3542=CARTESIAN_POINT('',(-0.0722776422991897,0.0797112828204712,0.015));
#3543=CARTESIAN_POINT('',(-0.0546955835092126,0.0686260000240803,0.015));
#3544=CARTESIAN_POINT('',(0.0129402082453937,0.0686260000240803,0.015));
#3545=CARTESIAN_POINT('',(-0.00793704017996788,0.00704,0.015));
#3546=CARTESIAN_POINT('',(-0.07492,0.092672,0.015));
#3547=CARTESIAN_POINT('',(-0.07492,0.09856,0.015));
#3548=CARTESIAN_POINT('',(-0.07492,0.08064,0.015));
#3549=CARTESIAN_POINT('',(-0.084416,0.09856,0.015));
#3550=CARTESIAN_POINT('',(-0.078912,0.09856,0.015));
#3551=CARTESIAN_POINT('',(-0.078912,0.08288,0.015));
#3552=CARTESIAN_POINT('',(-0.078912,0.08064,0.015));
#3553=CARTESIAN_POINT('',(0.07904,0.08064,0.015));
#3554=CARTESIAN_POINT('',(-0.00793704017996788,0.00704,0.015));
#3555=CARTESIAN_POINT('',(-1.38777878078145E-17,-0.08064,0.015));
#3556=CARTESIAN_POINT('',(0.03044,-0.08064,0.015));
#3557=CARTESIAN_POINT('',(0.0848210000120401,-0.0262589999879599,0.015));
#3558=CARTESIAN_POINT('',(-0.00793704017996788,0.00704,0.015));
#3559=CARTESIAN_POINT('',(0.0303981048497631,0.0466120000481606,0.015));
#3560=CARTESIAN_POINT('',(-0.0197797903004737,0.0466120000481606,0.015));
#3561=CARTESIAN_POINT('',(0.080576,0.0466120000481606,0.015));
#3562=CARTESIAN_POINT('',(0.080576,0.07936,0.015));
#3563=CARTESIAN_POINT('',(0.080576,0.0586260000240803,0.015));
#3564=CARTESIAN_POINT('',(0.0208705692081746,0.0586260000240803,0.015));
#3565=CARTESIAN_POINT('',(-0.0388348615836507,0.0586260000240803,0.015));
#3566=CARTESIAN_POINT('',(-0.0293073259420622,0.0526190000361204,0.015));
#3567=CARTESIAN_POINT('',(-0.0991848895627153,-0.0392420149492085,-0.01));
#3568=CARTESIAN_POINT('',(-0.0979972762061416,-0.0342280298984171,-0.01));
#3569=CARTESIAN_POINT('',(-0.0979972762061416,-0.0342280298984171,0.005));
#3570=CARTESIAN_POINT('',(-0.09681297535109,-0.0292280298984171,-0.01));
#3571=CARTESIAN_POINT('',(-0.09681297535109,-0.0292280298984171,0.005));
#3572=CARTESIAN_POINT('',(-0.0839575638656882,0.0250462342404939,0.005));
#3573=CARTESIAN_POINT('',(-0.0991848895627153,-0.0392420149492085,-0.01));
#3574=CARTESIAN_POINT('',(-0.0959839647525538,-0.0257280298984171,-0.01));
#3575=CARTESIAN_POINT('',(-0.0959839647525538,-0.0257280298984171,0.005));
#3576=CARTESIAN_POINT('',(-0.0947996638975022,-0.0207280298984171,-0.01));
#3577=CARTESIAN_POINT('',(-0.0947996638975023,-0.0207280298984171,0.005));
#3578=CARTESIAN_POINT('',(-0.0839575638656882,0.0250462342404939,0.005));
#3579=CARTESIAN_POINT('',(-0.0991848895627153,-0.0392420149492085,-0.01));
#3580=CARTESIAN_POINT('',(-0.0940890833844712,-0.0177280298984171,-0.01));
#3581=CARTESIAN_POINT('',(-0.0940890833844712,-0.0177280298984171,0.005));
#3582=CARTESIAN_POINT('',(-0.0929047825294196,-0.0127280298984171,-0.01));
#3583=CARTESIAN_POINT('',(-0.0929047825294197,-0.0127280298984171,0.005));
#3584=CARTESIAN_POINT('',(-0.0839575638656882,0.0250462342404939,0.005));
#3585=CARTESIAN_POINT('',(-0.0991848895627153,-0.0392420149492085,-0.01));
#3586=CARTESIAN_POINT('',(-0.0923126321018938,-0.0102280298984171,-0.01));
#3587=CARTESIAN_POINT('',(-0.0923126321018938,-0.0102280298984171,0.005));
#3588=CARTESIAN_POINT('',(-0.0911283312468422,-0.00522802989841709,-0.01));
#3589=CARTESIAN_POINT('',(-0.0911283312468423,-0.00522802989841709,0.005));
#3590=CARTESIAN_POINT('',(-0.0839575638656882,0.0250462342404939,0.005));
#3591=CARTESIAN_POINT('',(-0.0991848895627153,-0.0392420149492085,-0.01));
#3592=CARTESIAN_POINT('',(-0.0906546109048215,-0.00322802989841706,-0.01));
#3593=CARTESIAN_POINT('',(-0.0906546109048215,-0.00322802989841706,0.005));
#3594=CARTESIAN_POINT('',(-0.0898597010891667,0.000128000000000003,0.005));
#3595=CARTESIAN_POINT('',(-0.0898597010891667,0.000128000000000003,0.005));
#3596=CARTESIAN_POINT('',(-0.0839575638656882,0.0250462342404939,0.005));
#3597=CARTESIAN_POINT('',(-0.00793704017996788,0.00704,0.005));
#3598=CARTESIAN_POINT('',(-0.080098,-0.0700465794563293,0.005));
#3599=CARTESIAN_POINT('',(-0.080098,-0.0716965794563294,0.005));
#3600=CARTESIAN_POINT('',(-0.080098,-0.0683965794563293,0.005));
#3601=CARTESIAN_POINT('',(-0.083648,-0.0683965794563293,0.005));
#3602=CARTESIAN_POINT('',(-0.087198,-0.0683965794563293,0.005));
#3603=CARTESIAN_POINT('',(-0.087198,-0.0700465794563293,0.005));
#3604=CARTESIAN_POINT('',(-0.087198,-0.0716965794563293,0.005));
#3605=CARTESIAN_POINT('',(-0.083648,-0.0716965794563294,0.005));
#3606=CARTESIAN_POINT('',(-0.00793704017996788,-0.0292280298984171,0.005));
#3607=CARTESIAN_POINT('',(-0.0898597010891667,-0.0292280298984171,0.005));
#3608=CARTESIAN_POINT('',(-0.0898597010891667,0.00704,0.005));
#3609=CARTESIAN_POINT('',(-0.0898597010891667,-0.0257280298984171,0.005));
#3610=CARTESIAN_POINT('',(-0.00793704017996788,-0.0257280298984171,0.005));
#3611=CARTESIAN_POINT('',(-0.00793704017996788,-0.0207280298984171,0.005));
#3612=CARTESIAN_POINT('',(-0.0898597010891667,-0.0207280298984171,0.005));
#3613=CARTESIAN_POINT('',(-0.0898597010891667,0.00704,0.005));
#3614=CARTESIAN_POINT('',(-0.0898597010891667,-0.0177280298984171,0.005));
#3615=CARTESIAN_POINT('',(-0.00793704017996788,-0.0177280298984171,0.005));
#3616=CARTESIAN_POINT('',(-0.00793704017996788,-0.0127280298984171,0.005));
#3617=CARTESIAN_POINT('',(-0.0898597010891667,-0.0127280298984171,0.005));
#3618=CARTESIAN_POINT('',(-0.0898597010891667,0.00704,0.005));
#3619=CARTESIAN_POINT('',(-0.0898597010891667,-0.0102280298984171,0.005));
#3620=CARTESIAN_POINT('',(-0.00793704017996788,-0.0102280298984171,0.005));
#3621=CARTESIAN_POINT('',(-0.00793704017996788,-0.00522802989841709,0.005));
#3622=CARTESIAN_POINT('',(-0.0898597010891667,-0.00522802989841709,0.005));
#3623=CARTESIAN_POINT('',(-0.0898597010891667,0.00704,0.005));
#3624=CARTESIAN_POINT('',(-0.0898597010891667,-0.00322802989841708,0.005));
#3625=CARTESIAN_POINT('',(-0.00793704017996788,-0.00322802989841708,0.005));
#3626=CARTESIAN_POINT('',(-0.0898597010891667,0.043456,0.005));
#3627=CARTESIAN_POINT('',(-0.0898597010891667,0.086784,0.005));
#3628=CARTESIAN_POINT('',(-0.088,0.086784,0.005));
#3629=CARTESIAN_POINT('',(-0.08992,0.086784,0.005));
#3630=CARTESIAN_POINT('',(-0.08992,0.092672,0.005));
#3631=CARTESIAN_POINT('',(-0.08992,0.09856,0.005));
#3632=CARTESIAN_POINT('',(-0.084416,0.09856,0.005));
#3633=CARTESIAN_POINT('',(-0.07492,0.09856,0.005));
#3634=CARTESIAN_POINT('',(-0.07492,0.092672,0.005));
#3635=CARTESIAN_POINT('',(-0.07492,0.086784,0.005));
#3636=CARTESIAN_POINT('',(-0.07492,0.086784,0.005));
#3637=CARTESIAN_POINT('',(-0.078912,0.086784,0.005));
#3638=CARTESIAN_POINT('',(-0.078912,0.08288,0.005));
#3639=CARTESIAN_POINT('',(-0.078912,-0.076544,0.005));
#3640=CARTESIAN_POINT('',(-0.083456,-0.076544,0.005));
#3641=CARTESIAN_POINT('',(-0.088,-0.076544,0.005));
#3642=CARTESIAN_POINT('',(-0.088,-0.078592,0.005));
#3643=CARTESIAN_POINT('',(-0.088,-0.08064,0.005));
#3644=CARTESIAN_POINT('',(-0.104255211690664,-0.08064,0.005));
#3645=CARTESIAN_POINT('',(-0.0994250622352476,-0.08064,0.005));
#3646=CARTESIAN_POINT('',(-0.0994250622352476,0.00704,0.005));
#3647=CARTESIAN_POINT('',(-0.0994250622352476,-0.040256,0.005));
#3648=CARTESIAN_POINT('',(-0.0839575638656882,0.0250462342404939,0.005));
#3649=CARTESIAN_POINT('',(-0.0989447168901829,-0.0382280298984171,0.005));
#3650=CARTESIAN_POINT('',(-0.00793704017996788,-0.0382280298984171,0.005));
#3651=CARTESIAN_POINT('',(-0.0898597010891667,-0.0382280298984171,0.005));
#3652=CARTESIAN_POINT('',(-0.0898597010891667,0.00704,0.005));
#3653=CARTESIAN_POINT('',(-0.0898597010891667,-0.0342280298984171,0.005));
#3654=CARTESIAN_POINT('',(-0.00793704017996788,-0.0342280298984171,0.005));
#3655=CARTESIAN_POINT('',(-0.078912,0.08288,0.005));
#3656=CARTESIAN_POINT('',(-0.078912,0.08064,0.010002));
#3657=CARTESIAN_POINT('',(-0.078912,0.08064,0.0106540627570641));
#3658=CARTESIAN_POINT('',(-0.078912,0.08064,0.00884));
#3659=CARTESIAN_POINT('',(-0.078912,0.002048,0.00884));
#3660=CARTESIAN_POINT('',(-0.078912,-0.076544,0.00884));
#3661=CARTESIAN_POINT('',(-0.078912,-0.076544,0.005));
#3662=CARTESIAN_POINT('',(-0.078912,0.086784,0.005));
#3663=CARTESIAN_POINT('',(-0.078912,0.086784,0.0106540627570641));
#3664=CARTESIAN_POINT('',(-0.078912,0.083712,0.0106540627570641));
#3665=CARTESIAN_POINT('',(-0.07492,0.086784,0.005));
#3666=CARTESIAN_POINT('',(-0.074918,0.086784,0.0106540627570641));
#3667=CARTESIAN_POINT('',(-0.07492,0.086784,0.0106540627570641));
#3668=CARTESIAN_POINT('',(-0.07492,0.086784,0.005));
#3669=CARTESIAN_POINT('',(-0.00793704017996788,0.00704,0.015));
#3670=CARTESIAN_POINT('',(0.0617213370452037,0.0146740747181603,0.015));
#3671=CARTESIAN_POINT('',(0.0642213370452037,0.0146740747181603,0.015));
#3672=CARTESIAN_POINT('',(0.0868461715106964,0.0366120000481606,0.015));
#3673=CARTESIAN_POINT('',(0.080576,0.0366120000481606,0.015));
#3674=CARTESIAN_POINT('',(0.0383284658125441,0.0366120000481606,0.015));
#3675=CARTESIAN_POINT('',(-0.00391906837491183,0.0366120000481606,0.015));
#3676=CARTESIAN_POINT('',(0.0848210000120402,-0.0193375770287406,0.015));
#3677=CARTESIAN_POINT('',(-0.088,0.086784,0.005));
#3678=CARTESIAN_POINT('',(-0.0898597010891667,0.086784,0.005));
#3679=CARTESIAN_POINT('',(-0.0898597010891667,0.086784,0.017));
#3680=CARTESIAN_POINT('',(-0.088,0.086784,0.017));
#3681=CARTESIAN_POINT('',(-0.08992,0.086784,0.017));
#3682=CARTESIAN_POINT('',(-0.08992,0.086784,0.005));
#3683=CARTESIAN_POINT('',(0.07648,0.07808,0.005));
#3684=CARTESIAN_POINT('',(0.07648,0.07808,0.00884));
#3685=CARTESIAN_POINT('',(0.074944,0.07808,0.00884));
#3686=CARTESIAN_POINT('',(0.080576,0.07808,0.00884));
#3687=CARTESIAN_POINT('',(0.074944,0.07808,0.005));
#3688=CARTESIAN_POINT('',(0.077504,0.07808,0.005));
#3689=CARTESIAN_POINT('',(0.077504,0.07808,0.00593985842168006));
#3690=CARTESIAN_POINT('',(0.077502,0.07808,0.00593985842168006));
#3691=CARTESIAN_POINT('',(0.080576,0.07808,0.00593985842168006));
#3692=CARTESIAN_POINT('',(0.080576,0.07808,0.005));
#3693=CARTESIAN_POINT('',(0.079296,0.068864,0.005));
#3694=CARTESIAN_POINT('',(0.080576,0.068864,0.005));
#3695=CARTESIAN_POINT('',(0.080576,0.068864,0.005));
#3696=CARTESIAN_POINT('',(0.080576,0.068864,0.00884));
#3697=CARTESIAN_POINT('',(0.079296,0.068864,0.005));
#3698=CARTESIAN_POINT('',(0.078016,0.068864,0.005));
#3699=CARTESIAN_POINT('',(0.078016,0.068864,0.005));
#3700=CARTESIAN_POINT('',(0.078016,0.068864,0.00884));
#3701=CARTESIAN_POINT('',(0.080578,0.068864,0.00884));
#3702=CARTESIAN_POINT('',(-1.38777878078145E-17,-0.08064,0.005));
#3703=CARTESIAN_POINT('',(0.084032,-0.08064,0.009352));
#3704=CARTESIAN_POINT('',(0.084032,-0.08064,0.011452));
#3705=CARTESIAN_POINT('',(0.03044,-0.08064,0.017));
#3706=CARTESIAN_POINT('',(0.03044,-0.08064,0.017));
#3707=CARTESIAN_POINT('',(-1.38777878078145E-17,-0.08064,0.017));
#3708=CARTESIAN_POINT('',(0.01544,-0.08064,0.017));
#3709=CARTESIAN_POINT('',(0.01544,-0.08064,0.017));
#3710=CARTESIAN_POINT('',(-0.01456,-0.08064,0.017));
#3711=CARTESIAN_POINT('',(-0.01456,-0.08064,0.017));
#3712=CARTESIAN_POINT('',(-1.38777878078145E-17,-0.08064,0.017));
#3713=CARTESIAN_POINT('',(-0.02956,-0.08064,0.017));
#3714=CARTESIAN_POINT('',(-0.02956,-0.08064,0.017));
#3715=CARTESIAN_POINT('',(-0.05956,-0.08064,0.017));
#3716=CARTESIAN_POINT('',(-0.07456,-0.08064,0.005));
#3717=CARTESIAN_POINT('',(-0.07456,-0.08064,0.00884));
#3718=CARTESIAN_POINT('',(-1.38777878078145E-17,-0.08064,0.00884));
#3719=CARTESIAN_POINT('',(0.07456,-0.08064,0.00884));
#3720=CARTESIAN_POINT('',(0.07456,-0.08064,0.004998));
#3721=CARTESIAN_POINT('',(0.074944,-0.08064,0.005));
#3722=CARTESIAN_POINT('',(0.074944,-0.08064,0.00884));
#3723=CARTESIAN_POINT('',(0.07648,-0.08064,0.00884));
#3724=CARTESIAN_POINT('',(0.078016,-0.08064,0.00884));
#3725=CARTESIAN_POINT('',(0.078016,-0.08064,0.005));
#3726=CARTESIAN_POINT('',(0.078016,-0.08064,0.005));
#3727=CARTESIAN_POINT('',(0.0855661715106964,-0.08064,0.005));
#3728=CARTESIAN_POINT('',(-0.00793704017996788,0.00704,0.005));
#3729=CARTESIAN_POINT('',(0.078016,-0.018688,0.005));
#3730=CARTESIAN_POINT('',(0.080576,0.0462380000240803,0.005));
#3731=CARTESIAN_POINT('',(0.080576,0.0366120000481606,0.005));
#3732=CARTESIAN_POINT('',(0.0868461715106964,0.0366120000481606,0.005));
#3733=CARTESIAN_POINT('',(0.087582,-0.0716965794563294,0.005));
#3734=CARTESIAN_POINT('',(0.087582,-0.0733465794563293,0.005));
#3735=CARTESIAN_POINT('',(0.087582,-0.0700465794563293,0.005));
#3736=CARTESIAN_POINT('',(0.084032,-0.0700465794563293,0.005));
#3737=CARTESIAN_POINT('',(0.080482,-0.0700465794563294,0.005));
#3738=CARTESIAN_POINT('',(0.080482,-0.0716965794563294,0.005));
#3739=CARTESIAN_POINT('',(0.080482,-0.0733465794563293,0.005));
#3740=CARTESIAN_POINT('',(0.084032,-0.0733465794563293,0.005));
#3741=CARTESIAN_POINT('',(0.076224,0.08448,0.005));
#3742=CARTESIAN_POINT('',(0.077504,0.08448,0.005));
#3743=CARTESIAN_POINT('',(0.077504,0.08448,0.00884));
#3744=CARTESIAN_POINT('',(-0.07456,0.08448,0.005));
#3745=CARTESIAN_POINT('',(-0.07456,0.08448,0.00884));
#3746=CARTESIAN_POINT('',(0.076224,0.08448,0.00884));
#3747=CARTESIAN_POINT('',(-0.07456,-0.078592,0.005));
#3748=CARTESIAN_POINT('',(-0.07456,0.08256,0.00884));
#3749=CARTESIAN_POINT('',(-0.07456,0.08064,0.00884));
#3750=CARTESIAN_POINT('',(-0.07456,-0.08448,0.004998));
#3751=CARTESIAN_POINT('',(-0.07456,-0.08448,0.00884));
#3752=CARTESIAN_POINT('',(-0.07456,-0.08256,0.00884));
#3753=CARTESIAN_POINT('',(-0.07456,-0.076544,0.010002));
#3754=CARTESIAN_POINT('',(-0.07456,-0.076544,0.00884));
#3755=CARTESIAN_POINT('',(-0.07456,0.002048,0.00884));
#3756=CARTESIAN_POINT('',(0.074944,-0.00128,0.005));
#3757=CARTESIAN_POINT('',(0.074944,-0.00128,0.00884));
#3758=CARTESIAN_POINT('',(0.080576,0.07936,0.005));
#3759=CARTESIAN_POINT('',(0.080576,-0.018688,0.00884));
#3760=CARTESIAN_POINT('',(0.080576,0.07936,0.00593985842168006));
#3761=CARTESIAN_POINT('',(0.080576,0.08064,0.00593985842168006));
#3762=CARTESIAN_POINT('',(0.080576,0.08064,0.005));
#3763=CARTESIAN_POINT('',(0.080576,0.0686260000240803,0.017));
#3764=CARTESIAN_POINT('',(0.080576,0.0686260000240803,0.017));
#3765=CARTESIAN_POINT('',(0.080576,0.07936,0.017));
#3766=CARTESIAN_POINT('',(0.080576,0.0586260000240803,0.017));
#3767=CARTESIAN_POINT('',(0.080576,0.0586260000240803,0.017));
#3768=CARTESIAN_POINT('',(0.080576,0.0466120000481606,0.017));
#3769=CARTESIAN_POINT('',(0.080576,0.0466120000481606,0.017));
#3770=CARTESIAN_POINT('',(0.080576,0.07936,0.017));
#3771=CARTESIAN_POINT('',(0.080576,0.0366120000481606,0.017));
#3772=CARTESIAN_POINT('',(0.080576,0.0366120000481606,0.017));
#3773=CARTESIAN_POINT('',(0.080576,0.0366120000481606,0.005));
#3774=CARTESIAN_POINT('',(0.07904,0.08064,0.005));
#3775=CARTESIAN_POINT('',(0.077502,0.08064,0.00593985842168006));
#3776=CARTESIAN_POINT('',(0.077504,0.08064,0.00593985842168006));
#3777=CARTESIAN_POINT('',(0.077504,0.08064,0.005));
#3778=CARTESIAN_POINT('',(0.077504,0.08064,0.00884));
#3779=CARTESIAN_POINT('',(0.076224,0.08064,0.00884));
#3780=CARTESIAN_POINT('',(-0.076736,0.08064,0.00884));
#3781=CARTESIAN_POINT('',(-0.074918,0.08064,0.0106540627570641));
#3782=CARTESIAN_POINT('',(-0.07492,0.08064,0.0106540627570641));
#3783=CARTESIAN_POINT('',(-0.07492,0.08064,0.010002));
#3784=CARTESIAN_POINT('',(-0.078912,0.08064,0.017));
#3785=CARTESIAN_POINT('',(-0.078912,0.08064,0.017));
#3786=CARTESIAN_POINT('',(0.07904,0.08064,0.017));
#3787=CARTESIAN_POINT('',(-0.0737506547923894,0.08064,0.017));
#3788=CARTESIAN_POINT('',(-0.0737506547923894,0.08064,0.017));
#3789=CARTESIAN_POINT('',(0.077504,0.08256,0.005));
#3790=CARTESIAN_POINT('',(0.077504,0.08256,0.00884));
#3791=CARTESIAN_POINT('',(0.077504,0.07936,0.00593985842168006));
#3792=CARTESIAN_POINT('',(0.078016,-0.018688,0.005));
#3793=CARTESIAN_POINT('',(0.078016,-0.018688,0.00884));
#3794=CARTESIAN_POINT('',(-0.00793704017996788,0.00704,0.00884));
#3795=CARTESIAN_POINT('',(-0.084416,0.09856,0.005));
#3796=CARTESIAN_POINT('',(-0.08992,0.09856,0.005));
#3797=CARTESIAN_POINT('',(-0.08992,0.09856,0.017));
#3798=CARTESIAN_POINT('',(-0.084416,0.09856,0.017));
#3799=CARTESIAN_POINT('',(-0.078912,0.09856,0.017));
#3800=CARTESIAN_POINT('',(-0.078912,0.09856,0.017));
#3801=CARTESIAN_POINT('',(-0.07492,0.09856,0.005));
#3802=CARTESIAN_POINT('',(-0.08992,0.092672,0.005));
#3803=CARTESIAN_POINT('',(-0.08992,0.092672,0.017));
#3804=CARTESIAN_POINT('',(-0.104255211690664,-0.08064,0.005));
#3805=CARTESIAN_POINT('',(-0.088,-0.08064,0.005));
#3806=CARTESIAN_POINT('',(-0.0994250622352476,-0.08064,-0.01));
#3807=CARTESIAN_POINT('',(-0.088,-0.078592,0.005));
#3808=CARTESIAN_POINT('',(-0.088,-0.076544,0.005));
#3809=CARTESIAN_POINT('',(-0.083456,-0.076544,0.005));
#3810=CARTESIAN_POINT('',(-0.083648,-0.076544,0.009352));
#3811=CARTESIAN_POINT('',(-0.083648,-0.076544,0.011452));
#3812=CARTESIAN_POINT('',(-0.076736,-0.076544,0.00884));
#3813=CARTESIAN_POINT('',(-0.00793704017996788,0.00704,0.00884));
#3814=CARTESIAN_POINT('',(-0.00793704017996788,0.00704,0.00884));
#3815=CARTESIAN_POINT('',(-0.083648,-0.0716965794563294,0.0121));
#3816=CARTESIAN_POINT('',(-0.083648,-0.0716965794563294,0.009352));
#3817=CARTESIAN_POINT('',(-0.083648,-0.0716965794563294,0.007252));
#3818=CARTESIAN_POINT('',(-0.087198,-0.0716965794563293,0.0121));
#3819=CARTESIAN_POINT('',(-0.087198,-0.0716965794563293,0.0121));
#3820=CARTESIAN_POINT('',(-0.083648,-0.0716965794563294,0.0121));
#3821=CARTESIAN_POINT('',(-0.080098,-0.0716965794563294,0.0121));
#3822=CARTESIAN_POINT('',(-0.080098,-0.0716965794563294,0.0121));
#3823=CARTESIAN_POINT('',(-0.080098,-0.0700465794563293,0.0121));
#3824=CARTESIAN_POINT('',(-0.080098,-0.0700465794563293,0.0121));
#3825=CARTESIAN_POINT('',(-0.080098,-0.0683965794563293,0.0121));
#3826=CARTESIAN_POINT('',(-0.080098,-0.0683965794563293,0.0121));
#3827=CARTESIAN_POINT('',(-0.083648,-0.0683965794563293,0.0121));
#3828=CARTESIAN_POINT('',(-0.083648,-0.0683965794563293,0.009352));
#3829=CARTESIAN_POINT('',(-0.083648,-0.0683965794563293,0.007252));
#3830=CARTESIAN_POINT('',(-0.083648,-0.0683965794563293,0.0121));
#3831=CARTESIAN_POINT('',(-0.087198,-0.0683965794563293,0.0121));
#3832=CARTESIAN_POINT('',(-0.087198,-0.0683965794563293,0.0121));
#3833=CARTESIAN_POINT('',(-0.087198,-0.0700465794563293,0.0121));
#3834=CARTESIAN_POINT('',(-0.087198,-0.0700465794563293,0.0121));
#3835=CARTESIAN_POINT('',(0.00295917151069642,-0.005888,0.0121));
#3836=CARTESIAN_POINT('',(0.084032,-0.0733465794563293,0.0121));
#3837=CARTESIAN_POINT('',(0.084032,-0.0733465794563293,0.009352));
#3838=CARTESIAN_POINT('',(0.084032,-0.0733465794563293,0.007252));
#3839=CARTESIAN_POINT('',(0.080482,-0.0733465794563293,0.0121));
#3840=CARTESIAN_POINT('',(0.080482,-0.0733465794563293,0.0121));
#3841=CARTESIAN_POINT('',(0.084032,-0.0733465794563293,0.0121));
#3842=CARTESIAN_POINT('',(0.087582,-0.0733465794563293,0.0121));
#3843=CARTESIAN_POINT('',(0.087582,-0.0733465794563293,0.0121));
#3844=CARTESIAN_POINT('',(0.087582,-0.0716965794563294,0.0121));
#3845=CARTESIAN_POINT('',(0.087582,-0.0716965794563294,0.0121));
#3846=CARTESIAN_POINT('',(0.087582,-0.0700465794563293,0.0121));
#3847=CARTESIAN_POINT('',(0.087582,-0.0700465794563293,0.0121));
#3848=CARTESIAN_POINT('',(0.084032,-0.0700465794563293,0.0121));
#3849=CARTESIAN_POINT('',(0.084032,-0.0700465794563293,0.009352));
#3850=CARTESIAN_POINT('',(0.084032,-0.0700465794563293,0.007252));
#3851=CARTESIAN_POINT('',(0.084032,-0.0700465794563293,0.0121));
#3852=CARTESIAN_POINT('',(0.080482,-0.0700465794563294,0.0121));
#3853=CARTESIAN_POINT('',(0.080482,-0.0700465794563294,0.0121));
#3854=CARTESIAN_POINT('',(0.080482,-0.0716965794563294,0.0121));
#3855=CARTESIAN_POINT('',(0.080482,-0.0716965794563294,0.0121));
#3856=CARTESIAN_POINT('',(0.00295917151069642,-0.005888,0.0121));
#3857=CARTESIAN_POINT('',(-0.000934000000000018,-0.051544,0.01));
#3858=CARTESIAN_POINT('',(0.084032,-0.051544,0.009352));
#3859=CARTESIAN_POINT('',(0.084032,-0.051544,0.011452));
#3860=CARTESIAN_POINT('',(0.084032,-0.051544,0.009352));
#3861=CARTESIAN_POINT('',(0.084032,-0.051544,0.009352));
#3862=CARTESIAN_POINT('',(-0.000934000000000018,-0.051544,0.01));
#3863=CARTESIAN_POINT('',(-0.083648,-0.051544,0.009352));
#3864=CARTESIAN_POINT('',(-0.083648,-0.051544,0.011452));
#3865=CARTESIAN_POINT('',(-0.083648,-0.051544,0.009352));
#3866=CARTESIAN_POINT('',(-0.083648,-0.051544,0.009352));
#3867=CARTESIAN_POINT('',(0.07456,-0.08256,0.004998));
#3868=CARTESIAN_POINT('',(0.07456,-0.08256,0.00884));
#3869=CARTESIAN_POINT('',(0.07456,-0.08448,0.00884));
#3870=CARTESIAN_POINT('',(0.07456,-0.08448,0.004998));
#3871=CARTESIAN_POINT('',(-0.00793704017996788,0.00704,0.00884));
#3872=CARTESIAN_POINT('',(-1.38777878078145E-17,-0.08448,0.00884));
#3873=CARTESIAN_POINT('',(-1.38777878078145E-17,-0.08448,0.004998));
#3874=CARTESIAN_POINT('',(0.077502,0.07936,0.00593985842168006));
#3875=CARTESIAN_POINT('',(0.0868461715106964,0.0366120000481606,0.005));
#3876=CARTESIAN_POINT('',(-0.0898597010891667,0.0980564145214379,0.00471545036163404));
#3877=CARTESIAN_POINT('',(-0.0898597010891667,0.0245952914927774,0.017));
#3878=CARTESIAN_POINT('',(-0.0898597010891667,0.0340526163676467,0.017));
#3879=CARTESIAN_POINT('',(-0.0898597010891667,0.0529672661173851,0.017));
#3880=CARTESIAN_POINT('',(-0.0898597010891667,0.0529672661173851,0.017));
#3881=CARTESIAN_POINT('',(-0.0898597010891667,0.043456,0.017));
#3882=CARTESIAN_POINT('',(-0.0898597010891667,0.0624245909922543,0.017));
#3883=CARTESIAN_POINT('',(-0.0898597010891667,0.0624245909922543,0.017));
#3884=CARTESIAN_POINT('',(-0.0898597010891667,0.0813392407419927,0.017));
#3885=CARTESIAN_POINT('',(-0.0898597010891667,0.0813392407419927,0.017));
#3886=CARTESIAN_POINT('',(-0.0898597010891667,0.043456,0.017));
#3887=CARTESIAN_POINT('',(-0.0991848895627153,-0.0392420149492085,-0.01));
#3888=CARTESIAN_POINT('',(-0.0994250622352476,-0.040256,-0.01));
#3889=CARTESIAN_POINT('',(-0.0989447168901829,-0.0382280298984171,-0.01));
#3890=CARTESIAN_POINT('',(-0.0994250622352476,-0.0417420149492085,-0.01));
#3891=CARTESIAN_POINT('',(-0.07492,0.092672,0.005));
#3892=CARTESIAN_POINT('',(-0.07492,0.083712,0.0106540627570641));
#3893=CARTESIAN_POINT('',(-0.074918,0.083712,0.0106540627570641));
#3894=CARTESIAN_POINT('',(-0.0902571559969941,-0.00322802989841708,-0.01));
#3895=CARTESIAN_POINT('',(-0.0898597010891667,-0.00322802989841708,-0.01));
#3896=CARTESIAN_POINT('',(-0.0898597010891667,-0.00422802989841708,-0.01));
#3897=CARTESIAN_POINT('',(-0.0898597010891667,-0.00522802989841709,-0.01));
#3898=CARTESIAN_POINT('',(-0.0904940161680044,-0.00522802989841709,-0.01));
#3899=CARTESIAN_POINT('',(-0.0910861665955302,-0.0102280298984171,-0.01));
#3900=CARTESIAN_POINT('',(-0.0898597010891667,-0.0102280298984171,-0.01));
#3901=CARTESIAN_POINT('',(-0.0898597010891667,-0.0114780298984171,-0.01));
#3902=CARTESIAN_POINT('',(-0.0898597010891667,-0.0127280298984171,-0.01));
#3903=CARTESIAN_POINT('',(-0.0913822418092932,-0.0127280298984171,-0.01));
#3904=CARTESIAN_POINT('',(-0.091974392236819,-0.0177280298984171,-0.01));
#3905=CARTESIAN_POINT('',(-0.0898597010891667,-0.0177280298984171,-0.01));
#3906=CARTESIAN_POINT('',(-0.0898597010891667,-0.0192280298984171,-0.01));
#3907=CARTESIAN_POINT('',(-0.0898597010891667,-0.0207280298984171,-0.01));
#3908=CARTESIAN_POINT('',(-0.0923296824933345,-0.0207280298984171,-0.01));
#3909=CARTESIAN_POINT('',(-0.0929218329208603,-0.0257280298984171,-0.01));
#3910=CARTESIAN_POINT('',(-0.0898597010891667,-0.0257280298984171,-0.01));
#3911=CARTESIAN_POINT('',(-0.0898597010891667,-0.0274780298984171,-0.01));
#3912=CARTESIAN_POINT('',(-0.0898597010891667,-0.0292280298984171,-0.01));
#3913=CARTESIAN_POINT('',(-0.0933363382201283,-0.0292280298984171,-0.01));
#3914=CARTESIAN_POINT('',(-0.0939284886476541,-0.0342280298984171,-0.01));
#3915=CARTESIAN_POINT('',(-0.0898597010891667,-0.0342280298984171,-0.01));
#3916=CARTESIAN_POINT('',(-0.0898597010891667,-0.0362280298984171,-0.01));
#3917=CARTESIAN_POINT('',(-0.0898597010891667,-0.0382280298984171,-0.01));
#3918=CARTESIAN_POINT('',(-0.0944022089896748,-0.0382280298984171,-0.01));
#3919=CARTESIAN_POINT('',(0.0208705692081746,0.0586260000240803,0.017));
#3920=CARTESIAN_POINT('',(0.0208705692081746,0.0586260000240803,0.017));
#3921=CARTESIAN_POINT('',(-0.0388348615836507,0.0586260000240803,0.017));
#3922=CARTESIAN_POINT('',(-0.0388348615836507,0.0586260000240803,0.017));
#3923=CARTESIAN_POINT('',(-0.0293073259420622,0.0526190000361204,0.017));
#3924=CARTESIAN_POINT('',(-0.0293073259420622,0.0526190000361204,0.017));
#3925=CARTESIAN_POINT('',(-0.0197797903004737,0.0466120000481606,0.017));
#3926=CARTESIAN_POINT('',(-0.0197797903004737,0.0466120000481606,0.017));
#3927=CARTESIAN_POINT('',(0.0303981048497631,0.0466120000481606,0.017));
#3928=CARTESIAN_POINT('',(0.0303981048497631,0.0466120000481606,0.017));
#3929=CARTESIAN_POINT('',(0.0383284658125441,0.0366120000481606,0.017));
#3930=CARTESIAN_POINT('',(0.0383284658125441,0.0366120000481606,0.017));
#3931=CARTESIAN_POINT('',(-0.00391906837491183,0.0366120000481606,0.017));
#3932=CARTESIAN_POINT('',(-0.00391906837491183,0.0366120000481606,0.017));
#3933=CARTESIAN_POINT('',(0.0848210000120402,-0.0193375770287406,0.017));
#3934=CARTESIAN_POINT('',(0.0848210000120402,-0.0193375770287406,0.017));
#3935=CARTESIAN_POINT('',(0.0890660000240804,-0.0220139999759198,0.017));
#3936=CARTESIAN_POINT('',(0.0890660000240804,-0.0220139999759198,0.017));
#3937=CARTESIAN_POINT('',(0.0848210000120401,-0.0262589999879599,0.017));
#3938=CARTESIAN_POINT('',(0.0848210000120401,-0.0262589999879599,0.017));
#3939=CARTESIAN_POINT('',(0.0447530000120401,-0.0513269999879599,0.017));
#3940=CARTESIAN_POINT('',(0.0447530000120401,-0.0513269999879599,0.017));
#3941=CARTESIAN_POINT('',(0.0740660000240804,-0.0220139999759198,0.017));
#3942=CARTESIAN_POINT('',(0.0740660000240804,-0.0220139999759198,0.017));
#3943=CARTESIAN_POINT('',(0.0275734658245842,0.00729900003612039,0.017));
#3944=CARTESIAN_POINT('',(0.0275734658245842,0.00729900003612039,0.017));
#3945=CARTESIAN_POINT('',(-0.078912,0.08288,0.017));
#3946=CARTESIAN_POINT('',(-0.078912,0.08288,0.017));
#3947=CARTESIAN_POINT('',(-0.0722776422991897,0.0797112828204712,0.017));
#3948=CARTESIAN_POINT('',(-0.0722776422991897,0.0797112828204712,0.017));
#3949=CARTESIAN_POINT('',(-0.0546955835092126,0.0686260000240803,0.017));
#3950=CARTESIAN_POINT('',(-0.0546955835092126,0.0686260000240803,0.017));
#3951=CARTESIAN_POINT('',(0.0129402082453937,0.0686260000240803,0.017));
#3952=CARTESIAN_POINT('',(0.0129402082453937,0.0686260000240803,0.017));
#3953=CARTESIAN_POINT('',(-0.00355224866883659,0.00896,0.017));
#3954=CARTESIAN_POINT('',(0.0617213370452037,0.0636740747181603,0.017));
#3955=CARTESIAN_POINT('',(0.0642213370452037,0.0636740747181603,0.017));
#3956=CARTESIAN_POINT('',(0.00363582456301367,0.0636740747181603,0.017));
#3957=CARTESIAN_POINT('',(0.00613582456301367,0.0636740747181603,0.017));
#3958=CARTESIAN_POINT('',(-0.0024265341754158,0.00729900003612041,0.017));
#3959=CARTESIAN_POINT('',(-0.0024265341754158,0.00729900003612041,0.017));
#3960=CARTESIAN_POINT('',(0.0440660000240803,-0.0220139999759198,0.017));
#3961=CARTESIAN_POINT('',(0.0440660000240803,-0.0220139999759198,0.017));
#3962=CARTESIAN_POINT('',(0.0147530000120401,-0.0513269999879599,0.017));
#3963=CARTESIAN_POINT('',(0.0147530000120401,-0.0513269999879599,0.017));
#3964=CARTESIAN_POINT('',(-0.000246999987959851,-0.0513269999879599,0.017));
#3965=CARTESIAN_POINT('',(-0.000246999987959851,-0.0513269999879599,0.017));
#3966=CARTESIAN_POINT('',(0.0290660000240803,-0.0220139999759197,0.017));
#3967=CARTESIAN_POINT('',(0.0290660000240803,-0.0220139999759197,0.017));
#3968=CARTESIAN_POINT('',(-0.0174265341754158,0.00729900003612042,0.017));
#3969=CARTESIAN_POINT('',(-0.0174265341754158,0.00729900003612042,0.017));
#3970=CARTESIAN_POINT('',(-0.00355224866883659,0.00896,0.017));
#3971=CARTESIAN_POINT('',(-0.0302469999879599,-0.0513269999879599,0.017));
#3972=CARTESIAN_POINT('',(-0.000933999975919704,-0.0220139999759197,0.017));
#3973=CARTESIAN_POINT('',(-0.0528968505325432,0.00129064575842885,0.017));
#3974=CARTESIAN_POINT('',(-0.0453968505325432,0.00601930819586347,0.017));
#3975=CARTESIAN_POINT('',(0.0617213370452037,0.0636740747181603,0.015));
#3976=CARTESIAN_POINT('',(0.0617213370452037,0.0636740747181603,0.015));
#3977=CARTESIAN_POINT('',(0.0642213370452037,0.0636740747181603,0.015));
#3978=CARTESIAN_POINT('',(-0.000426999987959837,0.00896,0.015));
#3979=CARTESIAN_POINT('',(0.00363582456301367,0.0636740747181603,0.015));
#3980=CARTESIAN_POINT('',(0.00363582456301367,0.0636740747181603,0.015));
#3981=CARTESIAN_POINT('',(0.00613582456301367,0.0636740747181603,0.015));
#3982=CARTESIAN_POINT('',(-0.000426999987959837,0.00896,0.015));
#3983=CARTESIAN_POINT('',(0.0617213370452037,0.0146740747181603,0.013));
#3984=CARTESIAN_POINT('',(0.0617213370452037,0.0146740747181603,0.013));
#3985=CARTESIAN_POINT('',(0.0642213370452037,0.0146740747181603,0.013));
#3986=CARTESIAN_POINT('',(0.0424650522172681,0.00736735354980682,0.013));
#3987=CARTESIAN_POINT('',(0.0424650522172681,0.00736735354980682,0.013));
#3988=CARTESIAN_POINT('',(0.00363582456301367,0.0146740747181603,0.013));
#3989=CARTESIAN_POINT('',(0.00613582456301368,0.0146740747181603,0.013));
#3990=CARTESIAN_POINT('',(0.00363582456301367,0.0146740747181603,0.013));
#3991=CARTESIAN_POINT('',(-0.0590247592926025,-0.0512332825362682,0.03));
#3992=CARTESIAN_POINT('',(-0.0590247592926025,-0.0612332825362682,0.03));
#3993=CARTESIAN_POINT('',(-0.0590247592926025,-0.0412332825362683,0.03));
#3994=CARTESIAN_POINT('',(-0.0565247592926025,-0.0412332825362683,0.03));
#3995=CARTESIAN_POINT('',(-0.0540247592926025,-0.0412332825362683,0.03));
#3996=CARTESIAN_POINT('',(-0.0565247592926025,-0.0612332825362682,0.03));
#3997=CARTESIAN_POINT('',(-0.0540247592926025,-0.0612332825362682,0.03));
#3998=CARTESIAN_POINT('',(-0.0540247592926025,-0.0512332825362682,0.03));
#3999=CARTESIAN_POINT('',(-0.0475247592926025,-0.0412332825362683,0.03));
#4000=CARTESIAN_POINT('',(-0.0500247592926025,-0.0412332825362683,0.03));
#4001=CARTESIAN_POINT('',(-0.0450247592926026,-0.0412332825362683,0.03));
#4002=CARTESIAN_POINT('',(-0.0500247592926025,-0.0512332825362682,0.03));
#4003=CARTESIAN_POINT('',(-0.0500247592926025,-0.0612332825362682,0.03));
#4004=CARTESIAN_POINT('',(-0.0450247592926026,-0.0512332825362682,0.03));
#4005=CARTESIAN_POINT('',(-0.0450247592926026,-0.0612332825362682,0.03));
#4006=CARTESIAN_POINT('',(-0.0475247592926025,-0.0612332825362682,0.03));
#4007=CARTESIAN_POINT('',(-0.0655247592926025,-0.0612332825362682,0.03));
#4008=CARTESIAN_POINT('',(-0.0630247592926025,-0.0612332825362683,0.03));
#4009=CARTESIAN_POINT('',(-0.0680247592926025,-0.0612332825362682,0.03));
#4010=CARTESIAN_POINT('',(-0.0680247592926025,-0.0512332825362682,0.03));
#4011=CARTESIAN_POINT('',(-0.0680247592926025,-0.0412332825362683,0.03));
#4012=CARTESIAN_POINT('',(-0.0655247592926025,-0.0412332825362683,0.03));
#4013=CARTESIAN_POINT('',(-0.0630247592926025,-0.0412332825362683,0.03));
#4014=CARTESIAN_POINT('',(-0.0630247592926025,-0.0512332825362682,0.03));
#4015=MECHANICAL_DESIGN_GEOMETRIC_PRESENTATION_REPRESENTATION('',(#2507),
#4016);
#4016=(
GEOMETRIC_REPRESENTATION_CONTEXT(3)
GLOBAL_UNCERTAINTY_ASSIGNED_CONTEXT((#4017))
GLOBAL_UNIT_ASSIGNED_CONTEXT((#4020,#4019,#4018))
REPRESENTATION_CONTEXT('Part 1','TOP_LEVEL_ASSEMBLY_PART')
);
#4017=UNCERTAINTY_MEASURE_WITH_UNIT(LENGTH_MEASURE(2.E-5),#4020,
'DISTANCE_ACCURACY_VALUE','Maximum Tolerance applied to model');
#4018=(
NAMED_UNIT(*)
SI_UNIT($,.STERADIAN.)
SOLID_ANGLE_UNIT()
);
#4019=(
NAMED_UNIT(*)
PLANE_ANGLE_UNIT()
SI_UNIT($,.RADIAN.)
);
#4020=(
LENGTH_UNIT()
NAMED_UNIT(*)
SI_UNIT($,.METRE.)
);
#4021=PRODUCT_DEFINITION_SHAPE('','',#4022);
#4022=PRODUCT_DEFINITION('','',#4024,#4023);
#4023=PRODUCT_DEFINITION_CONTEXT('',#4030,'design');
#4024=PRODUCT_DEFINITION_FORMATION_WITH_SPECIFIED_SOURCE('','',#4026,
 .NOT_KNOWN.);
#4025=PRODUCT_RELATED_PRODUCT_CATEGORY('','',(#4026));
#4026=PRODUCT('Part 1','Part 1','Part 1',(#4028));
#4027=PRODUCT_CATEGORY('','');
#4028=PRODUCT_CONTEXT('',#4030,'mechanical');
#4029=APPLICATION_PROTOCOL_DEFINITION('international standard',
'ap242_managed_model_based_3d_engineering',2020,#4030);
#4030=APPLICATION_CONTEXT('managed model based 3d engineering');
ENDSEC;
END-ISO-10303-21;
