ISO-10303-21;
HEADER;
/* Generated by software containing ST-Developer
 * from STEP Tools, Inc. (www.steptools.com) 
 */
/* OPTION: using custom renumber hook */

FILE_DESCRIPTION(
/* description */ ('STEP AP242 Edition 2',
'CAx-IF Rec.Pracs.---Representation and Presentation of Product Manufa
cturing Information (PMI)---4.0---2014-10-13',
'CAx-IF Rec.Pracs.---3D Tessellated Geometry---0.4---2014-09-14','2;1',
'CAx-IF Rec.Pracs.---User Defined Attributes---1.5---2016-08-15'),
/* implementation_level */ '2;1');

FILE_NAME(
/* name */ 'TOP',
/* time_stamp */ '2026-04-23T21:15:28Z',
/* author */ (''),
/* organization */ (''),
/* preprocessor_version */ 'ST-DEVELOPER v20',
/* originating_system */ 'ONSHAPE BY PTC INC, 1.213',
/* authorisation */ '  ');

FILE_SCHEMA (('AP242_MANAGED_MODEL_BASED_3D_ENGINEERING_MIM_LF { 1 0 10303 442 3 1 4 }'));
ENDSEC;

DATA;
#10=SHAPE_REPRESENTATION_RELATIONSHIP('','',#3740,#11);
#11=ADVANCED_BREP_SHAPE_REPRESENTATION('',(#3738),#6520);
#12=B_SPLINE_SURFACE_WITH_KNOTS('',2,3,((#5782,#5783,#5784,#5785,#5786,
#5787,#5788,#5789,#5790,#5791,#5792,#5793,#5794,#5795,#5796,#5797,#5798,
#5799,#5800,#5801,#5802,#5803,#5804,#5805,#5806,#5807,#5808,#5809,#5810,
#5811,#5812,#5813,#5814,#5815),(#5816,#5817,#5818,#5819,#5820,#5821,#5822,
#5823,#5824,#5825,#5826,#5827,#5828,#5829,#5830,#5831,#5832,#5833,#5834,
#5835,#5836,#5837,#5838,#5839,#5840,#5841,#5842,#5843,#5844,#5845,#5846,
#5847,#5848,#5849),(#5850,#5851,#5852,#5853,#5854,#5855,#5856,#5857,#5858,
#5859,#5860,#5861,#5862,#5863,#5864,#5865,#5866,#5867,#5868,#5869,#5870,
#5871,#5872,#5873,#5874,#5875,#5876,#5877,#5878,#5879,#5880,#5881,#5882,
#5883)),.UNSPECIFIED.,.F.,.T.,.F.,(3,3),(4,2,2,2,2,2,2,2,2,2,2,2,2,2,2,
2,4),(0.,1.),(0.,0.392699081698724,0.785398163397448,1.17809724509617,1.5707963267949,
1.96349540849362,2.35619449019234,2.74889357189107,3.1415926535898,3.53429173528852,
3.92699081698724,4.31968989868597,4.71238898038469,5.10508806208341,5.49778714378214,
5.89048622548086,6.28318530717959),.UNSPECIFIED.);
#13=B_SPLINE_SURFACE_WITH_KNOTS('',3,1,((#5888,#5889),(#5890,#5891),(#5892,
#5893),(#5894,#5895),(#5896,#5897),(#5898,#5899),(#5900,#5901),(#5902,#5903),
(#5904,#5905),(#5906,#5907),(#5908,#5909),(#5910,#5911),(#5912,#5913),(#5914,
#5915),(#5916,#5917),(#5918,#5919),(#5920,#5921),(#5922,#5923),(#5924,#5925),
(#5926,#5927),(#5928,#5929),(#5930,#5931)),.SURF_OF_LINEAR_EXTRUSION.,.F.,
 .F.,.F.,(4,1,1,1,1,1,1,1,1,1,1,1,1,1,1,1,1,1,1,4),(2,2),(0.202260857355504,
0.252119553770785,0.301978250186066,0.351836946601347,0.401695643016628,
0.426624991224268,0.451554339431909,0.50141303584719,0.551271732262471,
0.576201080470111,0.601130428677752,0.650989125093033,0.700847821508314,
0.725777169715954,0.750706517923595,0.800565214338876,0.850423910754157,
0.900282607169438,0.950141303584719,1.),(0.,1.),.UNSPECIFIED.);
#14=B_SPLINE_SURFACE_WITH_KNOTS('',3,1,((#5945,#5946),(#5947,#5948),(#5949,
#5950),(#5951,#5952),(#5953,#5954),(#5955,#5956),(#5957,#5958),(#5959,#5960),
(#5961,#5962),(#5963,#5964),(#5965,#5966),(#5967,#5968),(#5969,#5970),(#5971,
#5972),(#5973,#5974),(#5975,#5976),(#5977,#5978),(#5979,#5980)),
 .SURF_OF_LINEAR_EXTRUSION.,.F.,.F.,.F.,(4,1,1,1,1,1,1,1,1,1,1,1,1,1,1,
4),(2,2),(0.039835678596129,0.128871629658548,0.217907580720967,0.262425556252176,
0.306943531783386,0.351461507314595,0.395979482845805,0.440497458377014,
0.485015433908224,0.529533409439433,0.574051384970643,0.618569360501852,
0.640828348267457,0.663087336033062,0.707605311564271,0.752123287095481),
(0.,1.),.UNSPECIFIED.);
#15=B_SPLINE_SURFACE_WITH_KNOTS('',3,1,((#5992,#5993),(#5994,#5995),(#5996,
#5997),(#5998,#5999),(#6000,#6001),(#6002,#6003),(#6004,#6005),(#6006,#6007),
(#6008,#6009),(#6010,#6011),(#6012,#6013),(#6014,#6015),(#6016,#6017),(#6018,
#6019),(#6020,#6021),(#6022,#6023),(#6024,#6025),(#6026,#6027),(#6028,#6029),
(#6030,#6031)),.SURF_OF_LINEAR_EXTRUSION.,.F.,.F.,.F.,(4,1,1,1,1,1,1,1,
1,1,1,1,1,1,1,1,1,4),(2,2),(0.241925698958126,0.288554567941946,0.335183436925766,
0.381812305909586,0.405126740401496,0.428441174893406,0.475070043877226,
0.498384478369136,0.521698912861046,0.568327781844866,0.614956650828685,
0.661585519812505,0.708214388796325,0.754843257780145,0.801472126763965,
0.848100995747785,0.894729864731605,0.987987602699245),(0.,1.),
 .UNSPECIFIED.);
#16=B_SPLINE_SURFACE_WITH_KNOTS('',3,1,((#6044,#6045),(#6046,#6047),(#6048,
#6049),(#6050,#6051),(#6052,#6053),(#6054,#6055),(#6056,#6057),(#6058,#6059),
(#6060,#6061),(#6062,#6063),(#6064,#6065),(#6066,#6067),(#6068,#6069),(#6070,
#6071),(#6072,#6073),(#6074,#6075),(#6076,#6077),(#6078,#6079),(#6080,#6081),
(#6082,#6083),(#6084,#6085)),.SURF_OF_LINEAR_EXTRUSION.,.F.,.F.,.F.,(4,
1,1,1,1,1,1,1,1,1,1,1,1,1,1,1,1,1,4),(2,2),(0.0289896369178566,0.128979820068937,
0.178974911644478,0.228970003220018,0.253967549007789,0.278965094795559,
0.328960186371099,0.353957732158869,0.37895527794664,0.40395282373441,0.42895036952218,
0.478945461097721,0.528940552673261,0.578935644248802,0.628930735824342,
0.678925827399883,0.728920918975423,0.778916010550964,0.828911102126504),
(0.,1.),.UNSPECIFIED.);
#17=B_SPLINE_SURFACE_WITH_KNOTS('',3,1,((#6098,#6099),(#6100,#6101),(#6102,
#6103),(#6104,#6105),(#6106,#6107),(#6108,#6109),(#6110,#6111),(#6112,#6113),
(#6114,#6115),(#6116,#6117)),.SURF_OF_LINEAR_EXTRUSION.,.F.,.F.,.F.,(4,
1,1,1,1,1,1,4),(2,2),(0.51526850110397,0.575859938465974,0.636451375827978,
0.697042813189981,0.757634250551985,0.818225687913989,0.878817125275993,
1.),(0.,1.),.UNSPECIFIED.);
#18=B_SPLINE_SURFACE_WITH_KNOTS('',3,1,((#6130,#6131),(#6132,#6133),(#6134,
#6135),(#6136,#6137),(#6138,#6139),(#6140,#6141),(#6142,#6143),(#6144,#6145),
(#6146,#6147),(#6148,#6149),(#6150,#6151),(#6152,#6153)),
 .SURF_OF_LINEAR_EXTRUSION.,.F.,.F.,.F.,(4,1,1,1,1,1,1,1,1,4),(2,2),(0.,
0.0602328578431641,0.120465715686328,0.180698573529492,0.240931431372656,
0.301164289215821,0.331280718137403,0.361397147058985,0.421630004902149,
0.481862862745313),(0.,1.),.UNSPECIFIED.);
#19=CYLINDRICAL_SURFACE('',#3783,0.0026);
#20=CYLINDRICAL_SURFACE('',#3786,0.0026);
#21=CYLINDRICAL_SURFACE('',#3789,0.0026);
#22=CYLINDRICAL_SURFACE('',#3826,0.00384);
#23=CYLINDRICAL_SURFACE('',#3830,0.00384);
#24=CYLINDRICAL_SURFACE('',#3833,0.00375);
#25=CYLINDRICAL_SURFACE('',#3836,0.00375);
#26=CYLINDRICAL_SURFACE('',#3839,0.00375);
#27=CYLINDRICAL_SURFACE('',#3882,0.025);
#28=CYLINDRICAL_SURFACE('',#3886,0.01305);
#29=CYLINDRICAL_SURFACE('',#3890,0.002);
#30=CYLINDRICAL_SURFACE('',#3891,0.002);
#31=CYLINDRICAL_SURFACE('',#3896,0.002);
#32=CYLINDRICAL_SURFACE('',#3897,0.002);
#33=CYLINDRICAL_SURFACE('',#3898,0.00505);
#34=CYLINDRICAL_SURFACE('',#3931,0.000206447300436669);
#35=CYLINDRICAL_SURFACE('',#3934,0.000159932586023222);
#36=CYLINDRICAL_SURFACE('',#3938,0.000187398162593827);
#37=CYLINDRICAL_SURFACE('',#3941,0.000187398162596697);
#38=CYLINDRICAL_SURFACE('',#3945,0.000213862866256563);
#39=CYLINDRICAL_SURFACE('',#3948,0.000177003724780028);
#40=CYLINDRICAL_SURFACE('',#3952,0.000152219292558654);
#41=CYLINDRICAL_SURFACE('',#3959,0.00222214911281662);
#42=CYLINDRICAL_SURFACE('',#3961,0.00226605794233262);
#43=CYLINDRICAL_SURFACE('',#3963,0.00217507244799286);
#44=CYLINDRICAL_SURFACE('',#3966,0.00213559265689914);
#45=CYLINDRICAL_SURFACE('',#3968,0.00235786780934866);
#46=CYLINDRICAL_SURFACE('',#3970,0.00217289356333482);
#47=CYLINDRICAL_SURFACE('',#3973,0.000237118814149134);
#48=CYLINDRICAL_SURFACE('',#3978,0.00213559265689882);
#49=CYLINDRICAL_SURFACE('',#3981,0.00217972868682869);
#50=CYLINDRICAL_SURFACE('',#3983,0.00234730326573788);
#51=CYLINDRICAL_SURFACE('',#3985,0.00214024937860425);
#52=CYLINDRICAL_SURFACE('',#3992,0.000177003724753631);
#53=CYLINDRICAL_SURFACE('',#3994,0.000213862866266404);
#54=CYLINDRICAL_SURFACE('',#3997,0.00018739816259669);
#55=CYLINDRICAL_SURFACE('',#3999,0.000187398162596707);
#56=CYLINDRICAL_SURFACE('',#4002,0.000187398162593494);
#57=CYLINDRICAL_SURFACE('',#4004,0.000187398162596673);
#58=CYLINDRICAL_SURFACE('',#4007,0.000213862866266418);
#59=CYLINDRICAL_SURFACE('',#4009,0.000177003724779978);
#60=CYLINDRICAL_SURFACE('',#4014,0.00214024937861043);
#61=CYLINDRICAL_SURFACE('',#4016,0.00234730326573849);
#62=CYLINDRICAL_SURFACE('',#4018,0.00217972868682862);
#63=CYLINDRICAL_SURFACE('',#4021,0.00213559265689882);
#64=CYLINDRICAL_SURFACE('',#4023,0.00237886470132862);
#65=CYLINDRICAL_SURFACE('',#4025,0.00213356410265111);
#66=CYLINDRICAL_SURFACE('',#4028,0.00213356410265113);
#67=CYLINDRICAL_SURFACE('',#4030,0.00237886470132865);
#68=B_SPLINE_CURVE_WITH_KNOTS('',3,(#5162,#5163,#5164,#5165,#5166,#5167,
#5168,#5169,#5170),.UNSPECIFIED.,.F.,.F.,(4,1,1,1,1,1,4),(0.202260857355504,
0.288218788976043,0.416645073762862,0.572056372780153,0.715196093422161,
0.844833879905108,1.),.UNSPECIFIED.);
#69=B_SPLINE_CURVE_WITH_KNOTS('',3,(#5173,#5174,#5175,#5176,#5177,#5178),
 .UNSPECIFIED.,.F.,.F.,(4,1,1,4),(0.,0.166746894451507,0.325486872992799,
0.481862862745313),.UNSPECIFIED.);
#70=B_SPLINE_CURVE_WITH_KNOTS('',3,(#5182,#5183,#5184,#5185,#5186,#5187),
 .UNSPECIFIED.,.F.,.F.,(4,1,1,4),(0.51526850110397,0.628596681397516,0.794684490713813,
1.),.UNSPECIFIED.);
#71=B_SPLINE_CURVE_WITH_KNOTS('',3,(#5189,#5190,#5191,#5192,#5193,#5194,
#5195,#5196,#5197,#5198),.UNSPECIFIED.,.F.,.F.,(4,1,1,1,1,1,1,4),(0.0289896369178566,
0.134554865871534,0.265411620973734,0.392118450511406,0.52720829317947,
0.652854925754451,0.754034915976347,0.828911102126504),.UNSPECIFIED.);
#72=B_SPLINE_CURVE_WITH_KNOTS('',3,(#5200,#5201,#5202,#5203,#5204,#5205,
#5206,#5207,#5208,#5209),.UNSPECIFIED.,.F.,.F.,(4,1,1,1,1,1,1,4),(0.241925698958126,
0.324595060366224,0.417832261318769,0.513837792176505,0.623914530093608,
0.735846402549163,0.851806010437681,0.987987602699245),.UNSPECIFIED.);
#73=B_SPLINE_CURVE_WITH_KNOTS('',3,(#5211,#5212,#5213,#5214,#5215,#5216,
#5217,#5218,#5219),.UNSPECIFIED.,.F.,.F.,(4,1,1,1,1,1,4),(0.039835678596129,
0.132521205712916,0.271584361559607,0.403960539822031,0.532008093403082,
0.635254370220486,0.752123287095481),.UNSPECIFIED.);
#74=B_SPLINE_CURVE_WITH_KNOTS('',3,(#5227,#5228,#5229,#5230,#5231,#5232,
#5233,#5234,#5235,#5236,#5237,#5238,#5239,#5240,#5241,#5242,#5243,#5244,
#5245,#5246,#5247,#5248,#5249,#5250,#5251,#5252,#5253),.UNSPECIFIED.,.F.,
 .F.,(4,1,1,1,1,1,1,1,1,1,1,1,1,1,1,1,1,1,1,1,1,1,1,1,4),(0.,0.03125,0.0625,
0.078125,0.09375,0.109375,0.125,0.1875,0.25,0.3125,0.375,0.4375,0.5,0.5625,
0.625,0.6875,0.75,0.8125,0.875,0.890625,0.90625,0.921875,0.9375,0.96875,
1.),.UNSPECIFIED.);
#75=B_SPLINE_CURVE_WITH_KNOTS('',3,(#5735,#5736,#5737,#5738,#5739,#5740,
#5741,#5742,#5743,#5744,#5745,#5746,#5747,#5748,#5749,#5750,#5751,#5752,
#5753),.UNSPECIFIED.,.T.,.F.,(1,1,1,1,1,1,1,1,1,1,1,1,1,1,1,1,1,1,1,1,1,
1,1),(-0.1875,-0.125,-0.0625,0.,0.0625,0.125,0.1875,0.25,0.3125,0.375,0.4375,
0.5,0.5625,0.625,0.6875,0.75,0.8125,0.875,0.9375,1.,1.0625,1.125,1.1875),
 .UNSPECIFIED.);
#76=B_SPLINE_CURVE_WITH_KNOTS('',3,(#5770,#5771,#5772,#5773),
 .UNSPECIFIED.,.F.,.F.,(4,4),(0.,0.00986371111174103),.UNSPECIFIED.);
#77=B_SPLINE_CURVE_WITH_KNOTS('',3,(#5934,#5935,#5936,#5937,#5938,#5939,
#5940,#5941,#5942),.UNSPECIFIED.,.F.,.F.,(4,1,1,1,1,1,4),(0.202260857355504,
0.288218788976043,0.416645073762862,0.572056372780153,0.715196093422161,
0.844833879905108,1.),.UNSPECIFIED.);
#78=B_SPLINE_CURVE_WITH_KNOTS('',3,(#5983,#5984,#5985,#5986,#5987,#5988,
#5989,#5990,#5991),.UNSPECIFIED.,.F.,.F.,(4,1,1,1,1,1,4),(0.039835678596129,
0.132521205712916,0.271584361559607,0.403960539822031,0.532008093403082,
0.635254370220486,0.752123287095481),.UNSPECIFIED.);
#79=B_SPLINE_CURVE_WITH_KNOTS('',3,(#6034,#6035,#6036,#6037,#6038,#6039,
#6040,#6041,#6042,#6043),.UNSPECIFIED.,.F.,.F.,(4,1,1,1,1,1,1,4),(0.241925698958126,
0.324595060366224,0.417832261318769,0.513837792176505,0.623914530093608,
0.735846402549163,0.851806010437681,0.987987602699245),.UNSPECIFIED.);
#80=B_SPLINE_CURVE_WITH_KNOTS('',3,(#6088,#6089,#6090,#6091,#6092,#6093,
#6094,#6095,#6096,#6097),.UNSPECIFIED.,.F.,.F.,(4,1,1,1,1,1,1,4),(0.0289896369178566,
0.134554865871534,0.265411620973734,0.392118450511406,0.52720829317947,
0.652854925754451,0.754034915976347,0.828911102126504),.UNSPECIFIED.);
#81=B_SPLINE_CURVE_WITH_KNOTS('',3,(#6120,#6121,#6122,#6123,#6124,#6125),
 .UNSPECIFIED.,.F.,.F.,(4,1,1,4),(0.51526850110397,0.628596681397516,0.794684490713813,
1.),.UNSPECIFIED.);
#82=B_SPLINE_CURVE_WITH_KNOTS('',3,(#6154,#6155,#6156,#6157,#6158,#6159),
 .UNSPECIFIED.,.F.,.F.,(4,1,1,4),(0.,0.166746894451507,0.325486872992799,
0.481862862745313),.UNSPECIFIED.);
#83=LINE('',#5029,#486);
#84=LINE('',#5037,#487);
#85=LINE('',#5045,#488);
#86=LINE('',#5047,#489);
#87=LINE('',#5049,#490);
#88=LINE('',#5055,#491);
#89=LINE('',#5061,#492);
#90=LINE('',#5067,#493);
#91=LINE('',#5073,#494);
#92=LINE('',#5075,#495);
#93=LINE('',#5077,#496);
#94=LINE('',#5079,#497);
#95=LINE('',#5081,#498);
#96=LINE('',#5089,#499);
#97=LINE('',#5090,#500);
#98=LINE('',#5093,#501);
#99=LINE('',#5101,#502);
#100=LINE('',#5109,#503);
#101=LINE('',#5111,#504);
#102=LINE('',#5113,#505);
#103=LINE('',#5114,#506);
#104=LINE('',#5117,#507);
#105=LINE('',#5119,#508);
#106=LINE('',#5121,#509);
#107=LINE('',#5123,#510);
#108=LINE('',#5125,#511);
#109=LINE('',#5127,#512);
#110=LINE('',#5129,#513);
#111=LINE('',#5130,#514);
#112=LINE('',#5133,#515);
#113=LINE('',#5135,#516);
#114=LINE('',#5137,#517);
#115=LINE('',#5138,#518);
#116=LINE('',#5141,#519);
#117=LINE('',#5143,#520);
#118=LINE('',#5145,#521);
#119=LINE('',#5147,#522);
#120=LINE('',#5149,#523);
#121=LINE('',#5151,#524);
#122=LINE('',#5153,#525);
#123=LINE('',#5155,#526);
#124=LINE('',#5157,#527);
#125=LINE('',#5159,#528);
#126=LINE('',#5161,#529);
#127=LINE('',#5180,#530);
#128=LINE('',#5224,#531);
#129=LINE('',#5255,#532);
#130=LINE('',#5257,#533);
#131=LINE('',#5259,#534);
#132=LINE('',#5261,#535);
#133=LINE('',#5266,#536);
#134=LINE('',#5269,#537);
#135=LINE('',#5271,#538);
#136=LINE('',#5273,#539);
#137=LINE('',#5274,#540);
#138=LINE('',#5277,#541);
#139=LINE('',#5279,#542);
#140=LINE('',#5281,#543);
#141=LINE('',#5282,#544);
#142=LINE('',#5285,#545);
#143=LINE('',#5287,#546);
#144=LINE('',#5289,#547);
#145=LINE('',#5291,#548);
#146=LINE('',#5294,#549);
#147=LINE('',#5295,#550);
#148=LINE('',#5297,#551);
#149=LINE('',#5300,#552);
#150=LINE('',#5302,#553);
#151=LINE('',#5304,#554);
#152=LINE('',#5306,#555);
#153=LINE('',#5309,#556);
#154=LINE('',#5311,#557);
#155=LINE('',#5313,#558);
#156=LINE('',#5315,#559);
#157=LINE('',#5317,#560);
#158=LINE('',#5319,#561);
#159=LINE('',#5321,#562);
#160=LINE('',#5323,#563);
#161=LINE('',#5329,#564);
#162=LINE('',#5332,#565);
#163=LINE('',#5334,#566);
#164=LINE('',#5336,#567);
#165=LINE('',#5341,#568);
#166=LINE('',#5344,#569);
#167=LINE('',#5346,#570);
#168=LINE('',#5348,#571);
#169=LINE('',#5349,#572);
#170=LINE('',#5351,#573);
#171=LINE('',#5353,#574);
#172=LINE('',#5354,#575);
#173=LINE('',#5357,#576);
#174=LINE('',#5359,#577);
#175=LINE('',#5361,#578);
#176=LINE('',#5378,#579);
#177=LINE('',#5381,#580);
#178=LINE('',#5383,#581);
#179=LINE('',#5385,#582);
#180=LINE('',#5387,#583);
#181=LINE('',#5389,#584);
#182=LINE('',#5391,#585);
#183=LINE('',#5393,#586);
#184=LINE('',#5395,#587);
#185=LINE('',#5397,#588);
#186=LINE('',#5399,#589);
#187=LINE('',#5401,#590);
#188=LINE('',#5402,#591);
#189=LINE('',#5405,#592);
#190=LINE('',#5407,#593);
#191=LINE('',#5409,#594);
#192=LINE('',#5413,#595);
#193=LINE('',#5415,#596);
#194=LINE('',#5417,#597);
#195=LINE('',#5421,#598);
#196=LINE('',#5423,#599);
#197=LINE('',#5425,#600);
#198=LINE('',#5427,#601);
#199=LINE('',#5429,#602);
#200=LINE('',#5431,#603);
#201=LINE('',#5433,#604);
#202=LINE('',#5435,#605);
#203=LINE('',#5437,#606);
#204=LINE('',#5439,#607);
#205=LINE('',#5440,#608);
#206=LINE('',#5442,#609);
#207=LINE('',#5444,#610);
#208=LINE('',#5451,#611);
#209=LINE('',#5454,#612);
#210=LINE('',#5456,#613);
#211=LINE('',#5458,#614);
#212=LINE('',#5460,#615);
#213=LINE('',#5462,#616);
#214=LINE('',#5464,#617);
#215=LINE('',#5466,#618);
#216=LINE('',#5467,#619);
#217=LINE('',#5472,#620);
#218=LINE('',#5474,#621);
#219=LINE('',#5476,#622);
#220=LINE('',#5480,#623);
#221=LINE('',#5482,#624);
#222=LINE('',#5484,#625);
#223=LINE('',#5487,#626);
#224=LINE('',#5489,#627);
#225=LINE('',#5490,#628);
#226=LINE('',#5492,#629);
#227=LINE('',#5494,#630);
#228=LINE('',#5497,#631);
#229=LINE('',#5498,#632);
#230=LINE('',#5500,#633);
#231=LINE('',#5503,#634);
#232=LINE('',#5504,#635);
#233=LINE('',#5506,#636);
#234=LINE('',#5508,#637);
#235=LINE('',#5510,#638);
#236=LINE('',#5513,#639);
#237=LINE('',#5515,#640);
#238=LINE('',#5517,#641);
#239=LINE('',#5519,#642);
#240=LINE('',#5521,#643);
#241=LINE('',#5523,#644);
#242=LINE('',#5524,#645);
#243=LINE('',#5526,#646);
#244=LINE('',#5528,#647);
#245=LINE('',#5530,#648);
#246=LINE('',#5532,#649);
#247=LINE('',#5533,#650);
#248=LINE('',#5535,#651);
#249=LINE('',#5537,#652);
#250=LINE('',#5538,#653);
#251=LINE('',#5541,#654);
#252=LINE('',#5544,#655);
#253=LINE('',#5546,#656);
#254=LINE('',#5548,#657);
#255=LINE('',#5550,#658);
#256=LINE('',#5552,#659);
#257=LINE('',#5554,#660);
#258=LINE('',#5557,#661);
#259=LINE('',#5558,#662);
#260=LINE('',#5560,#663);
#261=LINE('',#5562,#664);
#262=LINE('',#5563,#665);
#263=LINE('',#5565,#666);
#264=LINE('',#5567,#667);
#265=LINE('',#5568,#668);
#266=LINE('',#5572,#669);
#267=LINE('',#5574,#670);
#268=LINE('',#5576,#671);
#269=LINE('',#5578,#672);
#270=LINE('',#5580,#673);
#271=LINE('',#5582,#674);
#272=LINE('',#5584,#675);
#273=LINE('',#5585,#676);
#274=LINE('',#5588,#677);
#275=LINE('',#5589,#678);
#276=LINE('',#5591,#679);
#277=LINE('',#5593,#680);
#278=LINE('',#5596,#681);
#279=LINE('',#5597,#682);
#280=LINE('',#5599,#683);
#281=LINE('',#5601,#684);
#282=LINE('',#5603,#685);
#283=LINE('',#5605,#686);
#284=LINE('',#5607,#687);
#285=LINE('',#5609,#688);
#286=LINE('',#5624,#689);
#287=LINE('',#5626,#690);
#288=LINE('',#5627,#691);
#289=LINE('',#5629,#692);
#290=LINE('',#5631,#693);
#291=LINE('',#5634,#694);
#292=LINE('',#5635,#695);
#293=LINE('',#5637,#696);
#294=LINE('',#5639,#697);
#295=LINE('',#5641,#698);
#296=LINE('',#5643,#699);
#297=LINE('',#5645,#700);
#298=LINE('',#5647,#701);
#299=LINE('',#5649,#702);
#300=LINE('',#5651,#703);
#301=LINE('',#5653,#704);
#302=LINE('',#5655,#705);
#303=LINE('',#5658,#706);
#304=LINE('',#5660,#707);
#305=LINE('',#5662,#708);
#306=LINE('',#5664,#709);
#307=LINE('',#5666,#710);
#308=LINE('',#5668,#711);
#309=LINE('',#5670,#712);
#310=LINE('',#5672,#713);
#311=LINE('',#5674,#714);
#312=LINE('',#5676,#715);
#313=LINE('',#5678,#716);
#314=LINE('',#5680,#717);
#315=LINE('',#5682,#718);
#316=LINE('',#5684,#719);
#317=LINE('',#5686,#720);
#318=LINE('',#5688,#721);
#319=LINE('',#5690,#722);
#320=LINE('',#5692,#723);
#321=LINE('',#5694,#724);
#322=LINE('',#5696,#725);
#323=LINE('',#5698,#726);
#324=LINE('',#5702,#727);
#325=LINE('',#5705,#728);
#326=LINE('',#5707,#729);
#327=LINE('',#5709,#730);
#328=LINE('',#5711,#731);
#329=LINE('',#5713,#732);
#330=LINE('',#5715,#733);
#331=LINE('',#5717,#734);
#332=LINE('',#5719,#735);
#333=LINE('',#5721,#736);
#334=LINE('',#5723,#737);
#335=LINE('',#5724,#738);
#336=LINE('',#5727,#739);
#337=LINE('',#5728,#740);
#338=LINE('',#5730,#741);
#339=LINE('',#5732,#742);
#340=LINE('',#5769,#743);
#341=LINE('',#5774,#744);
#342=LINE('',#5776,#745);
#343=LINE('',#5778,#746);
#344=LINE('',#5932,#747);
#345=LINE('',#5944,#748);
#346=LINE('',#5981,#749);
#347=LINE('',#6032,#750);
#348=LINE('',#6086,#751);
#349=LINE('',#6118,#752);
#350=LINE('',#6127,#753);
#351=LINE('',#6129,#754);
#352=LINE('',#6162,#755);
#353=LINE('',#6164,#756);
#354=LINE('',#6166,#757);
#355=LINE('',#6168,#758);
#356=LINE('',#6170,#759);
#357=LINE('',#6172,#760);
#358=LINE('',#6174,#761);
#359=LINE('',#6176,#762);
#360=LINE('',#6178,#763);
#361=LINE('',#6180,#764);
#362=LINE('',#6182,#765);
#363=LINE('',#6184,#766);
#364=LINE('',#6186,#767);
#365=LINE('',#6188,#768);
#366=LINE('',#6190,#769);
#367=LINE('',#6192,#770);
#368=LINE('',#6194,#771);
#369=LINE('',#6196,#772);
#370=LINE('',#6198,#773);
#371=LINE('',#6200,#774);
#372=LINE('',#6202,#775);
#373=LINE('',#6204,#776);
#374=LINE('',#6206,#777);
#375=LINE('',#6208,#778);
#376=LINE('',#6211,#779);
#377=LINE('',#6213,#780);
#378=LINE('',#6215,#781);
#379=LINE('',#6217,#782);
#380=LINE('',#6219,#783);
#381=LINE('',#6221,#784);
#382=LINE('',#6223,#785);
#383=LINE('',#6225,#786);
#384=LINE('',#6228,#787);
#385=LINE('',#6230,#788);
#386=LINE('',#6232,#789);
#387=LINE('',#6234,#790);
#388=LINE('',#6236,#791);
#389=LINE('',#6238,#792);
#390=LINE('',#6240,#793);
#391=LINE('',#6242,#794);
#392=LINE('',#6244,#795);
#393=LINE('',#6246,#796);
#394=LINE('',#6248,#797);
#395=LINE('',#6250,#798);
#396=LINE('',#6252,#799);
#397=LINE('',#6254,#800);
#398=LINE('',#6256,#801);
#399=LINE('',#6258,#802);
#400=LINE('',#6261,#803);
#401=LINE('',#6264,#804);
#402=LINE('',#6266,#805);
#403=LINE('',#6268,#806);
#404=LINE('',#6272,#807);
#405=LINE('',#6278,#808);
#406=LINE('',#6282,#809);
#407=LINE('',#6284,#810);
#408=LINE('',#6286,#811);
#409=LINE('',#6290,#812);
#410=LINE('',#6296,#813);
#411=LINE('',#6300,#814);
#412=LINE('',#6302,#815);
#413=LINE('',#6304,#816);
#414=LINE('',#6308,#817);
#415=LINE('',#6314,#818);
#416=LINE('',#6318,#819);
#417=LINE('',#6320,#820);
#418=LINE('',#6322,#821);
#419=LINE('',#6326,#822);
#420=LINE('',#6330,#823);
#421=LINE('',#6332,#824);
#422=LINE('',#6334,#825);
#423=LINE('',#6336,#826);
#424=LINE('',#6338,#827);
#425=LINE('',#6340,#828);
#426=LINE('',#6342,#829);
#427=LINE('',#6344,#830);
#428=LINE('',#6346,#831);
#429=LINE('',#6348,#832);
#430=LINE('',#6352,#833);
#431=LINE('',#6356,#834);
#432=LINE('',#6360,#835);
#433=LINE('',#6362,#836);
#434=LINE('',#6364,#837);
#435=LINE('',#6368,#838);
#436=LINE('',#6372,#839);
#437=LINE('',#6376,#840);
#438=LINE('',#6383,#841);
#439=LINE('',#6387,#842);
#440=LINE('',#6389,#843);
#441=LINE('',#6391,#844);
#442=LINE('',#6393,#845);
#443=LINE('',#6397,#846);
#444=LINE('',#6401,#847);
#445=LINE('',#6405,#848);
#446=LINE('',#6407,#849);
#447=LINE('',#6409,#850);
#448=LINE('',#6411,#851);
#449=LINE('',#6413,#852);
#450=LINE('',#6415,#853);
#451=LINE('',#6417,#854);
#452=LINE('',#6419,#855);
#453=LINE('',#6421,#856);
#454=LINE('',#6423,#857);
#455=LINE('',#6425,#858);
#456=LINE('',#6429,#859);
#457=LINE('',#6433,#860);
#458=LINE('',#6435,#861);
#459=LINE('',#6437,#862);
#460=LINE('',#6441,#863);
#461=LINE('',#6445,#864);
#462=LINE('',#6447,#865);
#463=LINE('',#6449,#866);
#464=LINE('',#6453,#867);
#465=LINE('',#6457,#868);
#466=LINE('',#6459,#869);
#467=LINE('',#6461,#870);
#468=LINE('',#6465,#871);
#469=LINE('',#6469,#872);
#470=LINE('',#6471,#873);
#471=LINE('',#6473,#874);
#472=LINE('',#6475,#875);
#473=LINE('',#6477,#876);
#474=LINE('',#6479,#877);
#475=LINE('',#6481,#878);
#476=LINE('',#6485,#879);
#477=LINE('',#6489,#880);
#478=LINE('',#6493,#881);
#479=LINE('',#6495,#882);
#480=LINE('',#6497,#883);
#481=LINE('',#6501,#884);
#482=LINE('',#6505,#885);
#483=LINE('',#6509,#886);
#484=LINE('',#6511,#887);
#485=LINE('',#6513,#888);
#486=VECTOR('',#4043,1.);
#487=VECTOR('',#4050,1.);
#488=VECTOR('',#4057,1.);
#489=VECTOR('',#4058,1.);
#490=VECTOR('',#4059,1.);
#491=VECTOR('',#4064,1.);
#492=VECTOR('',#4069,1.);
#493=VECTOR('',#4074,1.);
#494=VECTOR('',#4079,1.);
#495=VECTOR('',#4080,1.);
#496=VECTOR('',#4081,1.);
#497=VECTOR('',#4082,1.);
#498=VECTOR('',#4083,1.);
#499=VECTOR('',#4090,1.);
#500=VECTOR('',#4091,1.);
#501=VECTOR('',#4092,1.);
#502=VECTOR('',#4099,1.);
#503=VECTOR('',#4106,1.);
#504=VECTOR('',#4107,1.);
#505=VECTOR('',#4108,1.);
#506=VECTOR('',#4109,1.);
#507=VECTOR('',#4110,1.);
#508=VECTOR('',#4111,1.);
#509=VECTOR('',#4112,1.);
#510=VECTOR('',#4113,1.);
#511=VECTOR('',#4114,1.);
#512=VECTOR('',#4115,1.);
#513=VECTOR('',#4116,1.);
#514=VECTOR('',#4117,1.);
#515=VECTOR('',#4118,1.);
#516=VECTOR('',#4119,1.);
#517=VECTOR('',#4120,1.);
#518=VECTOR('',#4121,1.);
#519=VECTOR('',#4122,1.);
#520=VECTOR('',#4123,1.);
#521=VECTOR('',#4124,1.);
#522=VECTOR('',#4125,1.);
#523=VECTOR('',#4126,1.);
#524=VECTOR('',#4127,1.);
#525=VECTOR('',#4128,1.);
#526=VECTOR('',#4129,1.);
#527=VECTOR('',#4130,1.);
#528=VECTOR('',#4131,1.);
#529=VECTOR('',#4132,1.);
#530=VECTOR('',#4133,1.);
#531=VECTOR('',#4138,1.);
#532=VECTOR('',#4139,1.);
#533=VECTOR('',#4140,1.);
#534=VECTOR('',#4141,1.);
#535=VECTOR('',#4142,1.);
#536=VECTOR('',#4147,1.);
#537=VECTOR('',#4148,1.);
#538=VECTOR('',#4149,1.);
#539=VECTOR('',#4150,1.);
#540=VECTOR('',#4151,1.);
#541=VECTOR('',#4152,1.);
#542=VECTOR('',#4153,1.);
#543=VECTOR('',#4154,1.);
#544=VECTOR('',#4155,1.);
#545=VECTOR('',#4156,1.);
#546=VECTOR('',#4157,1.);
#547=VECTOR('',#4158,1.);
#548=VECTOR('',#4161,1.);
#549=VECTOR('',#4162,1.);
#550=VECTOR('',#4163,1.);
#551=VECTOR('',#4166,1.);
#552=VECTOR('',#4167,1.);
#553=VECTOR('',#4168,1.);
#554=VECTOR('',#4169,1.);
#555=VECTOR('',#4172,1.);
#556=VECTOR('',#4173,1.);
#557=VECTOR('',#4174,1.);
#558=VECTOR('',#4175,1.);
#559=VECTOR('',#4176,1.);
#560=VECTOR('',#4179,1.);
#561=VECTOR('',#4180,1.);
#562=VECTOR('',#4183,1.);
#563=VECTOR('',#4184,1.);
#564=VECTOR('',#4191,1.);
#565=VECTOR('',#4192,1.);
#566=VECTOR('',#4193,1.);
#567=VECTOR('',#4194,1.);
#568=VECTOR('',#4199,1.);
#569=VECTOR('',#4200,1.);
#570=VECTOR('',#4201,1.);
#571=VECTOR('',#4202,1.);
#572=VECTOR('',#4203,1.);
#573=VECTOR('',#4204,1.);
#574=VECTOR('',#4205,1.);
#575=VECTOR('',#4206,1.);
#576=VECTOR('',#4207,1.);
#577=VECTOR('',#4208,1.);
#578=VECTOR('',#4209,1.);
#579=VECTOR('',#4230,1.);
#580=VECTOR('',#4231,1.);
#581=VECTOR('',#4232,1.);
#582=VECTOR('',#4233,1.);
#583=VECTOR('',#4234,1.);
#584=VECTOR('',#4235,1.);
#585=VECTOR('',#4236,1.);
#586=VECTOR('',#4237,1.);
#587=VECTOR('',#4238,1.);
#588=VECTOR('',#4239,1.);
#589=VECTOR('',#4240,1.);
#590=VECTOR('',#4241,1.);
#591=VECTOR('',#4242,1.);
#592=VECTOR('',#4243,1.);
#593=VECTOR('',#4244,1.);
#594=VECTOR('',#4245,1.);
#595=VECTOR('',#4248,1.);
#596=VECTOR('',#4249,1.);
#597=VECTOR('',#4250,1.);
#598=VECTOR('',#4253,1.);
#599=VECTOR('',#4254,1.);
#600=VECTOR('',#4255,1.);
#601=VECTOR('',#4258,1.);
#602=VECTOR('',#4259,1.);
#603=VECTOR('',#4260,1.);
#604=VECTOR('',#4261,1.);
#605=VECTOR('',#4262,1.);
#606=VECTOR('',#4263,1.);
#607=VECTOR('',#4264,1.);
#608=VECTOR('',#4265,1.);
#609=VECTOR('',#4266,1.);
#610=VECTOR('',#4267,1.);
#611=VECTOR('',#4274,1.);
#612=VECTOR('',#4275,1.);
#613=VECTOR('',#4276,1.);
#614=VECTOR('',#4277,1.);
#615=VECTOR('',#4278,1.);
#616=VECTOR('',#4279,1.);
#617=VECTOR('',#4280,1.);
#618=VECTOR('',#4281,1.);
#619=VECTOR('',#4282,1.);
#620=VECTOR('',#4285,1.);
#621=VECTOR('',#4286,1.);
#622=VECTOR('',#4287,1.);
#623=VECTOR('',#4290,1.);
#624=VECTOR('',#4291,1.);
#625=VECTOR('',#4294,1.);
#626=VECTOR('',#4295,1.);
#627=VECTOR('',#4296,1.);
#628=VECTOR('',#4297,1.);
#629=VECTOR('',#4298,1.);
#630=VECTOR('',#4301,1.);
#631=VECTOR('',#4302,1.);
#632=VECTOR('',#4303,1.);
#633=VECTOR('',#4306,1.);
#634=VECTOR('',#4307,1.);
#635=VECTOR('',#4308,1.);
#636=VECTOR('',#4309,1.);
#637=VECTOR('',#4310,1.);
#638=VECTOR('',#4313,1.);
#639=VECTOR('',#4314,1.);
#640=VECTOR('',#4315,1.);
#641=VECTOR('',#4316,1.);
#642=VECTOR('',#4317,1.);
#643=VECTOR('',#4318,1.);
#644=VECTOR('',#4319,1.);
#645=VECTOR('',#4320,1.);
#646=VECTOR('',#4321,1.);
#647=VECTOR('',#4322,1.);
#648=VECTOR('',#4323,1.);
#649=VECTOR('',#4326,1.);
#650=VECTOR('',#4327,1.);
#651=VECTOR('',#4330,1.);
#652=VECTOR('',#4333,1.);
#653=VECTOR('',#4334,1.);
#654=VECTOR('',#4339,1.);
#655=VECTOR('',#4340,1.);
#656=VECTOR('',#4341,1.);
#657=VECTOR('',#4342,1.);
#658=VECTOR('',#4343,1.);
#659=VECTOR('',#4344,1.);
#660=VECTOR('',#4347,1.);
#661=VECTOR('',#4348,1.);
#662=VECTOR('',#4349,1.);
#663=VECTOR('',#4352,1.);
#664=VECTOR('',#4353,1.);
#665=VECTOR('',#4354,1.);
#666=VECTOR('',#4355,1.);
#667=VECTOR('',#4358,1.);
#668=VECTOR('',#4359,1.);
#669=VECTOR('',#4366,1.);
#670=VECTOR('',#4367,1.);
#671=VECTOR('',#4370,1.);
#672=VECTOR('',#4371,1.);
#673=VECTOR('',#4374,1.);
#674=VECTOR('',#4377,1.);
#675=VECTOR('',#4380,1.);
#676=VECTOR('',#4381,1.);
#677=VECTOR('',#4386,1.);
#678=VECTOR('',#4387,1.);
#679=VECTOR('',#4390,1.);
#680=VECTOR('',#4393,1.);
#681=VECTOR('',#4398,1.);
#682=VECTOR('',#4399,1.);
#683=VECTOR('',#4402,1.);
#684=VECTOR('',#4405,1.);
#685=VECTOR('',#4408,1.);
#686=VECTOR('',#4411,1.);
#687=VECTOR('',#4414,1.);
#688=VECTOR('',#4417,1.);
#689=VECTOR('',#4440,1.);
#690=VECTOR('',#4441,1.);
#691=VECTOR('',#4442,1.);
#692=VECTOR('',#4445,1.);
#693=VECTOR('',#4448,1.);
#694=VECTOR('',#4453,1.);
#695=VECTOR('',#4454,1.);
#696=VECTOR('',#4457,1.);
#697=VECTOR('',#4460,1.);
#698=VECTOR('',#4463,1.);
#699=VECTOR('',#4466,1.);
#700=VECTOR('',#4469,1.);
#701=VECTOR('',#4472,1.);
#702=VECTOR('',#4475,1.);
#703=VECTOR('',#4478,1.);
#704=VECTOR('',#4481,1.);
#705=VECTOR('',#4484,1.);
#706=VECTOR('',#4489,1.);
#707=VECTOR('',#4490,1.);
#708=VECTOR('',#4491,1.);
#709=VECTOR('',#4494,1.);
#710=VECTOR('',#4495,1.);
#711=VECTOR('',#4498,1.);
#712=VECTOR('',#4499,1.);
#713=VECTOR('',#4502,1.);
#714=VECTOR('',#4505,1.);
#715=VECTOR('',#4508,1.);
#716=VECTOR('',#4509,1.);
#717=VECTOR('',#4510,1.);
#718=VECTOR('',#4513,1.);
#719=VECTOR('',#4516,1.);
#720=VECTOR('',#4519,1.);
#721=VECTOR('',#4520,1.);
#722=VECTOR('',#4523,1.);
#723=VECTOR('',#4524,1.);
#724=VECTOR('',#4527,1.);
#725=VECTOR('',#4530,1.);
#726=VECTOR('',#4533,1.);
#727=VECTOR('',#4540,1.);
#728=VECTOR('',#4541,1.);
#729=VECTOR('',#4542,1.);
#730=VECTOR('',#4543,1.);
#731=VECTOR('',#4546,1.);
#732=VECTOR('',#4547,1.);
#733=VECTOR('',#4548,1.);
#734=VECTOR('',#4551,1.);
#735=VECTOR('',#4552,1.);
#736=VECTOR('',#4553,1.);
#737=VECTOR('',#4556,1.);
#738=VECTOR('',#4557,1.);
#739=VECTOR('',#4562,1.);
#740=VECTOR('',#4563,1.);
#741=VECTOR('',#4566,1.);
#742=VECTOR('',#4569,1.);
#743=VECTOR('',#4594,1.);
#744=VECTOR('',#4595,1.);
#745=VECTOR('',#4598,1.);
#746=VECTOR('',#4601,1.);
#747=VECTOR('',#4614,1.);
#748=VECTOR('',#4615,1.);
#749=VECTOR('',#4616,1.);
#750=VECTOR('',#4617,1.);
#751=VECTOR('',#4618,1.);
#752=VECTOR('',#4619,1.);
#753=VECTOR('',#4622,1.);
#754=VECTOR('',#4623,1.);
#755=VECTOR('',#4628,1.);
#756=VECTOR('',#4629,1.);
#757=VECTOR('',#4630,1.);
#758=VECTOR('',#4633,1.);
#759=VECTOR('',#4634,1.);
#760=VECTOR('',#4637,1.);
#761=VECTOR('',#4638,1.);
#762=VECTOR('',#4641,1.);
#763=VECTOR('',#4642,1.);
#764=VECTOR('',#4645,1.);
#765=VECTOR('',#4646,1.);
#766=VECTOR('',#4649,1.);
#767=VECTOR('',#4650,1.);
#768=VECTOR('',#4653,1.);
#769=VECTOR('',#4654,1.);
#770=VECTOR('',#4657,1.);
#771=VECTOR('',#4658,1.);
#772=VECTOR('',#4661,1.);
#773=VECTOR('',#4662,1.);
#774=VECTOR('',#4665,1.);
#775=VECTOR('',#4666,1.);
#776=VECTOR('',#4669,1.);
#777=VECTOR('',#4670,1.);
#778=VECTOR('',#4673,1.);
#779=VECTOR('',#4678,1.);
#780=VECTOR('',#4679,1.);
#781=VECTOR('',#4680,1.);
#782=VECTOR('',#4683,1.);
#783=VECTOR('',#4684,1.);
#784=VECTOR('',#4687,1.);
#785=VECTOR('',#4688,1.);
#786=VECTOR('',#4691,1.);
#787=VECTOR('',#4696,1.);
#788=VECTOR('',#4697,1.);
#789=VECTOR('',#4698,1.);
#790=VECTOR('',#4701,1.);
#791=VECTOR('',#4702,1.);
#792=VECTOR('',#4705,1.);
#793=VECTOR('',#4706,1.);
#794=VECTOR('',#4709,1.);
#795=VECTOR('',#4710,1.);
#796=VECTOR('',#4713,1.);
#797=VECTOR('',#4714,1.);
#798=VECTOR('',#4717,1.);
#799=VECTOR('',#4718,1.);
#800=VECTOR('',#4721,1.);
#801=VECTOR('',#4722,1.);
#802=VECTOR('',#4725,1.);
#803=VECTOR('',#4730,1.);
#804=VECTOR('',#4731,1.);
#805=VECTOR('',#4732,1.);
#806=VECTOR('',#4733,1.);
#807=VECTOR('',#4738,1.);
#808=VECTOR('',#4745,1.);
#809=VECTOR('',#4750,1.);
#810=VECTOR('',#4751,1.);
#811=VECTOR('',#4752,1.);
#812=VECTOR('',#4757,1.);
#813=VECTOR('',#4764,1.);
#814=VECTOR('',#4769,1.);
#815=VECTOR('',#4770,1.);
#816=VECTOR('',#4771,1.);
#817=VECTOR('',#4776,1.);
#818=VECTOR('',#4783,1.);
#819=VECTOR('',#4788,1.);
#820=VECTOR('',#4789,1.);
#821=VECTOR('',#4790,1.);
#822=VECTOR('',#4795,1.);
#823=VECTOR('',#4800,1.);
#824=VECTOR('',#4801,1.);
#825=VECTOR('',#4802,1.);
#826=VECTOR('',#4805,1.);
#827=VECTOR('',#4806,1.);
#828=VECTOR('',#4809,1.);
#829=VECTOR('',#4810,1.);
#830=VECTOR('',#4813,1.);
#831=VECTOR('',#4814,1.);
#832=VECTOR('',#4817,1.);
#833=VECTOR('',#4822,1.);
#834=VECTOR('',#4827,1.);
#835=VECTOR('',#4832,1.);
#836=VECTOR('',#4833,1.);
#837=VECTOR('',#4836,1.);
#838=VECTOR('',#4841,1.);
#839=VECTOR('',#4846,1.);
#840=VECTOR('',#4851,1.);
#841=VECTOR('',#4864,1.);
#842=VECTOR('',#4867,1.);
#843=VECTOR('',#4870,1.);
#844=VECTOR('',#4871,1.);
#845=VECTOR('',#4874,1.);
#846=VECTOR('',#4879,1.);
#847=VECTOR('',#4884,1.);
#848=VECTOR('',#4889,1.);
#849=VECTOR('',#4890,1.);
#850=VECTOR('',#4893,1.);
#851=VECTOR('',#4894,1.);
#852=VECTOR('',#4897,1.);
#853=VECTOR('',#4898,1.);
#854=VECTOR('',#4901,1.);
#855=VECTOR('',#4902,1.);
#856=VECTOR('',#4905,1.);
#857=VECTOR('',#4906,1.);
#858=VECTOR('',#4909,1.);
#859=VECTOR('',#4914,1.);
#860=VECTOR('',#4919,1.);
#861=VECTOR('',#4920,1.);
#862=VECTOR('',#4923,1.);
#863=VECTOR('',#4928,1.);
#864=VECTOR('',#4933,1.);
#865=VECTOR('',#4934,1.);
#866=VECTOR('',#4937,1.);
#867=VECTOR('',#4942,1.);
#868=VECTOR('',#4947,1.);
#869=VECTOR('',#4948,1.);
#870=VECTOR('',#4951,1.);
#871=VECTOR('',#4956,1.);
#872=VECTOR('',#4961,1.);
#873=VECTOR('',#4962,1.);
#874=VECTOR('',#4965,1.);
#875=VECTOR('',#4966,1.);
#876=VECTOR('',#4969,1.);
#877=VECTOR('',#4970,1.);
#878=VECTOR('',#4973,1.);
#879=VECTOR('',#4978,1.);
#880=VECTOR('',#4983,1.);
#881=VECTOR('',#4988,1.);
#882=VECTOR('',#4989,1.);
#883=VECTOR('',#4992,1.);
#884=VECTOR('',#4997,1.);
#885=VECTOR('',#5002,1.);
#886=VECTOR('',#5007,1.);
#887=VECTOR('',#5008,1.);
#888=VECTOR('',#5011,1.);
#889=ORIENTED_EDGE('',*,*,#1919,.T.);
#890=ORIENTED_EDGE('',*,*,#1920,.T.);
#891=ORIENTED_EDGE('',*,*,#1921,.T.);
#892=ORIENTED_EDGE('',*,*,#1922,.T.);
#893=ORIENTED_EDGE('',*,*,#1923,.T.);
#894=ORIENTED_EDGE('',*,*,#1924,.T.);
#895=ORIENTED_EDGE('',*,*,#1925,.T.);
#896=ORIENTED_EDGE('',*,*,#1926,.T.);
#897=ORIENTED_EDGE('',*,*,#1927,.T.);
#898=ORIENTED_EDGE('',*,*,#1928,.T.);
#899=ORIENTED_EDGE('',*,*,#1929,.T.);
#900=ORIENTED_EDGE('',*,*,#1930,.T.);
#901=ORIENTED_EDGE('',*,*,#1931,.T.);
#902=ORIENTED_EDGE('',*,*,#1932,.T.);
#903=ORIENTED_EDGE('',*,*,#1933,.T.);
#904=ORIENTED_EDGE('',*,*,#1934,.T.);
#905=ORIENTED_EDGE('',*,*,#1935,.T.);
#906=ORIENTED_EDGE('',*,*,#1936,.T.);
#907=ORIENTED_EDGE('',*,*,#1937,.T.);
#908=ORIENTED_EDGE('',*,*,#1938,.T.);
#909=ORIENTED_EDGE('',*,*,#1939,.T.);
#910=ORIENTED_EDGE('',*,*,#1940,.T.);
#911=ORIENTED_EDGE('',*,*,#1941,.T.);
#912=ORIENTED_EDGE('',*,*,#1942,.T.);
#913=ORIENTED_EDGE('',*,*,#1943,.T.);
#914=ORIENTED_EDGE('',*,*,#1944,.T.);
#915=ORIENTED_EDGE('',*,*,#1945,.T.);
#916=ORIENTED_EDGE('',*,*,#1946,.T.);
#917=ORIENTED_EDGE('',*,*,#1947,.T.);
#918=ORIENTED_EDGE('',*,*,#1948,.T.);
#919=ORIENTED_EDGE('',*,*,#1949,.T.);
#920=ORIENTED_EDGE('',*,*,#1950,.T.);
#921=ORIENTED_EDGE('',*,*,#1951,.T.);
#922=ORIENTED_EDGE('',*,*,#1952,.T.);
#923=ORIENTED_EDGE('',*,*,#1953,.T.);
#924=ORIENTED_EDGE('',*,*,#1954,.T.);
#925=ORIENTED_EDGE('',*,*,#1955,.T.);
#926=ORIENTED_EDGE('',*,*,#1956,.T.);
#927=ORIENTED_EDGE('',*,*,#1957,.T.);
#928=ORIENTED_EDGE('',*,*,#1958,.T.);
#929=ORIENTED_EDGE('',*,*,#1959,.T.);
#930=ORIENTED_EDGE('',*,*,#1960,.T.);
#931=ORIENTED_EDGE('',*,*,#1961,.T.);
#932=ORIENTED_EDGE('',*,*,#1962,.T.);
#933=ORIENTED_EDGE('',*,*,#1963,.T.);
#934=ORIENTED_EDGE('',*,*,#1964,.T.);
#935=ORIENTED_EDGE('',*,*,#1965,.T.);
#936=ORIENTED_EDGE('',*,*,#1966,.T.);
#937=ORIENTED_EDGE('',*,*,#1967,.T.);
#938=ORIENTED_EDGE('',*,*,#1968,.T.);
#939=ORIENTED_EDGE('',*,*,#1969,.T.);
#940=ORIENTED_EDGE('',*,*,#1970,.T.);
#941=ORIENTED_EDGE('',*,*,#1971,.T.);
#942=ORIENTED_EDGE('',*,*,#1972,.T.);
#943=ORIENTED_EDGE('',*,*,#1973,.T.);
#944=ORIENTED_EDGE('',*,*,#1974,.T.);
#945=ORIENTED_EDGE('',*,*,#1975,.T.);
#946=ORIENTED_EDGE('',*,*,#1976,.T.);
#947=ORIENTED_EDGE('',*,*,#1977,.T.);
#948=ORIENTED_EDGE('',*,*,#1978,.T.);
#949=ORIENTED_EDGE('',*,*,#1979,.T.);
#950=ORIENTED_EDGE('',*,*,#1980,.T.);
#951=ORIENTED_EDGE('',*,*,#1981,.T.);
#952=ORIENTED_EDGE('',*,*,#1982,.T.);
#953=ORIENTED_EDGE('',*,*,#1983,.T.);
#954=ORIENTED_EDGE('',*,*,#1984,.T.);
#955=ORIENTED_EDGE('',*,*,#1985,.T.);
#956=ORIENTED_EDGE('',*,*,#1986,.T.);
#957=ORIENTED_EDGE('',*,*,#1987,.T.);
#958=ORIENTED_EDGE('',*,*,#1988,.T.);
#959=ORIENTED_EDGE('',*,*,#1989,.T.);
#960=ORIENTED_EDGE('',*,*,#1990,.F.);
#961=ORIENTED_EDGE('',*,*,#1991,.T.);
#962=ORIENTED_EDGE('',*,*,#1992,.F.);
#963=ORIENTED_EDGE('',*,*,#1993,.T.);
#964=ORIENTED_EDGE('',*,*,#1994,.T.);
#965=ORIENTED_EDGE('',*,*,#1995,.T.);
#966=ORIENTED_EDGE('',*,*,#1996,.F.);
#967=ORIENTED_EDGE('',*,*,#1997,.F.);
#968=ORIENTED_EDGE('',*,*,#1998,.F.);
#969=ORIENTED_EDGE('',*,*,#1999,.T.);
#970=ORIENTED_EDGE('',*,*,#2000,.F.);
#971=ORIENTED_EDGE('',*,*,#2001,.T.);
#972=ORIENTED_EDGE('',*,*,#2002,.T.);
#973=ORIENTED_EDGE('',*,*,#2003,.F.);
#974=ORIENTED_EDGE('',*,*,#2004,.F.);
#975=ORIENTED_EDGE('',*,*,#2005,.F.);
#976=ORIENTED_EDGE('',*,*,#2006,.T.);
#977=ORIENTED_EDGE('',*,*,#2007,.T.);
#978=ORIENTED_EDGE('',*,*,#2008,.T.);
#979=ORIENTED_EDGE('',*,*,#2009,.T.);
#980=ORIENTED_EDGE('',*,*,#2010,.F.);
#981=ORIENTED_EDGE('',*,*,#2011,.T.);
#982=ORIENTED_EDGE('',*,*,#2012,.T.);
#983=ORIENTED_EDGE('',*,*,#2013,.F.);
#984=ORIENTED_EDGE('',*,*,#2014,.F.);
#985=ORIENTED_EDGE('',*,*,#2015,.T.);
#986=ORIENTED_EDGE('',*,*,#2016,.T.);
#987=ORIENTED_EDGE('',*,*,#2017,.F.);
#988=ORIENTED_EDGE('',*,*,#2018,.F.);
#989=ORIENTED_EDGE('',*,*,#2019,.T.);
#990=ORIENTED_EDGE('',*,*,#2015,.F.);
#991=ORIENTED_EDGE('',*,*,#2020,.F.);
#992=ORIENTED_EDGE('',*,*,#2021,.T.);
#993=ORIENTED_EDGE('',*,*,#2022,.T.);
#994=ORIENTED_EDGE('',*,*,#2023,.T.);
#995=ORIENTED_EDGE('',*,*,#2024,.F.);
#996=ORIENTED_EDGE('',*,*,#2025,.F.);
#997=ORIENTED_EDGE('',*,*,#2026,.T.);
#998=ORIENTED_EDGE('',*,*,#2027,.F.);
#999=ORIENTED_EDGE('',*,*,#2028,.T.);
#1000=ORIENTED_EDGE('',*,*,#2029,.F.);
#1001=ORIENTED_EDGE('',*,*,#2030,.T.);
#1002=ORIENTED_EDGE('',*,*,#2020,.T.);
#1003=ORIENTED_EDGE('',*,*,#2014,.T.);
#1004=ORIENTED_EDGE('',*,*,#2031,.F.);
#1005=ORIENTED_EDGE('',*,*,#2019,.F.);
#1006=ORIENTED_EDGE('',*,*,#2032,.F.);
#1007=ORIENTED_EDGE('',*,*,#2033,.T.);
#1008=ORIENTED_EDGE('',*,*,#2016,.F.);
#1009=ORIENTED_EDGE('',*,*,#2034,.F.);
#1010=ORIENTED_EDGE('',*,*,#2035,.F.);
#1011=ORIENTED_EDGE('',*,*,#2036,.F.);
#1012=ORIENTED_EDGE('',*,*,#2037,.F.);
#1013=ORIENTED_EDGE('',*,*,#2038,.T.);
#1014=ORIENTED_EDGE('',*,*,#2039,.T.);
#1015=ORIENTED_EDGE('',*,*,#2040,.F.);
#1016=ORIENTED_EDGE('',*,*,#2041,.F.);
#1017=ORIENTED_EDGE('',*,*,#2042,.T.);
#1018=ORIENTED_EDGE('',*,*,#2043,.T.);
#1019=ORIENTED_EDGE('',*,*,#2044,.T.);
#1020=ORIENTED_EDGE('',*,*,#2045,.T.);
#1021=ORIENTED_EDGE('',*,*,#2025,.T.);
#1022=ORIENTED_EDGE('',*,*,#2046,.T.);
#1023=ORIENTED_EDGE('',*,*,#2047,.F.);
#1024=ORIENTED_EDGE('',*,*,#2048,.F.);
#1025=ORIENTED_EDGE('',*,*,#2049,.T.);
#1026=ORIENTED_EDGE('',*,*,#2050,.T.);
#1027=ORIENTED_EDGE('',*,*,#2051,.F.);
#1028=ORIENTED_EDGE('',*,*,#2052,.F.);
#1029=ORIENTED_EDGE('',*,*,#2053,.T.);
#1030=ORIENTED_EDGE('',*,*,#2054,.F.);
#1031=ORIENTED_EDGE('',*,*,#2055,.T.);
#1032=ORIENTED_EDGE('',*,*,#2056,.F.);
#1033=ORIENTED_EDGE('',*,*,#2057,.T.);
#1034=ORIENTED_EDGE('',*,*,#2058,.F.);
#1035=ORIENTED_EDGE('',*,*,#2059,.T.);
#1036=ORIENTED_EDGE('',*,*,#2060,.T.);
#1037=ORIENTED_EDGE('',*,*,#2061,.T.);
#1038=ORIENTED_EDGE('',*,*,#2062,.T.);
#1039=ORIENTED_EDGE('',*,*,#2063,.T.);
#1040=ORIENTED_EDGE('',*,*,#2064,.T.);
#1041=ORIENTED_EDGE('',*,*,#2065,.T.);
#1042=ORIENTED_EDGE('',*,*,#2066,.T.);
#1043=ORIENTED_EDGE('',*,*,#2067,.T.);
#1044=ORIENTED_EDGE('',*,*,#2068,.T.);
#1045=ORIENTED_EDGE('',*,*,#2069,.T.);
#1046=ORIENTED_EDGE('',*,*,#2070,.T.);
#1047=ORIENTED_EDGE('',*,*,#2057,.F.);
#1048=ORIENTED_EDGE('',*,*,#2055,.F.);
#1049=ORIENTED_EDGE('',*,*,#2053,.F.);
#1050=ORIENTED_EDGE('',*,*,#2071,.F.);
#1051=ORIENTED_EDGE('',*,*,#2072,.T.);
#1052=ORIENTED_EDGE('',*,*,#2073,.T.);
#1053=ORIENTED_EDGE('',*,*,#2074,.F.);
#1054=ORIENTED_EDGE('',*,*,#2075,.F.);
#1055=ORIENTED_EDGE('',*,*,#2076,.T.);
#1056=ORIENTED_EDGE('',*,*,#2077,.T.);
#1057=ORIENTED_EDGE('',*,*,#2078,.F.);
#1058=ORIENTED_EDGE('',*,*,#2079,.F.);
#1059=ORIENTED_EDGE('',*,*,#2080,.F.);
#1060=ORIENTED_EDGE('',*,*,#2081,.F.);
#1061=ORIENTED_EDGE('',*,*,#2082,.T.);
#1062=ORIENTED_EDGE('',*,*,#2028,.F.);
#1063=ORIENTED_EDGE('',*,*,#2083,.T.);
#1064=ORIENTED_EDGE('',*,*,#2084,.T.);
#1065=ORIENTED_EDGE('',*,*,#2085,.T.);
#1066=ORIENTED_EDGE('',*,*,#2086,.F.);
#1067=ORIENTED_EDGE('',*,*,#2087,.T.);
#1068=ORIENTED_EDGE('',*,*,#2088,.T.);
#1069=ORIENTED_EDGE('',*,*,#2089,.F.);
#1070=ORIENTED_EDGE('',*,*,#2090,.F.);
#1071=ORIENTED_EDGE('',*,*,#2091,.F.);
#1072=ORIENTED_EDGE('',*,*,#2092,.F.);
#1073=ORIENTED_EDGE('',*,*,#2023,.F.);
#1074=ORIENTED_EDGE('',*,*,#2093,.F.);
#1075=ORIENTED_EDGE('',*,*,#2094,.F.);
#1076=ORIENTED_EDGE('',*,*,#2095,.F.);
#1077=ORIENTED_EDGE('',*,*,#2096,.F.);
#1078=ORIENTED_EDGE('',*,*,#2097,.T.);
#1079=ORIENTED_EDGE('',*,*,#2098,.T.);
#1080=ORIENTED_EDGE('',*,*,#2099,.F.);
#1081=ORIENTED_EDGE('',*,*,#2100,.F.);
#1082=ORIENTED_EDGE('',*,*,#2101,.T.);
#1083=ORIENTED_EDGE('',*,*,#2102,.T.);
#1084=ORIENTED_EDGE('',*,*,#2103,.F.);
#1085=ORIENTED_EDGE('',*,*,#2104,.F.);
#1086=ORIENTED_EDGE('',*,*,#2105,.T.);
#1087=ORIENTED_EDGE('',*,*,#2106,.F.);
#1088=ORIENTED_EDGE('',*,*,#2107,.T.);
#1089=ORIENTED_EDGE('',*,*,#2108,.T.);
#1090=ORIENTED_EDGE('',*,*,#2109,.T.);
#1091=ORIENTED_EDGE('',*,*,#2110,.T.);
#1092=ORIENTED_EDGE('',*,*,#2111,.F.);
#1093=ORIENTED_EDGE('',*,*,#2112,.F.);
#1094=ORIENTED_EDGE('',*,*,#2113,.T.);
#1095=ORIENTED_EDGE('',*,*,#2114,.T.);
#1096=ORIENTED_EDGE('',*,*,#2097,.F.);
#1097=ORIENTED_EDGE('',*,*,#2115,.F.);
#1098=ORIENTED_EDGE('',*,*,#2116,.T.);
#1099=ORIENTED_EDGE('',*,*,#2117,.F.);
#1100=ORIENTED_EDGE('',*,*,#2118,.T.);
#1101=ORIENTED_EDGE('',*,*,#2112,.T.);
#1102=ORIENTED_EDGE('',*,*,#2119,.T.);
#1103=ORIENTED_EDGE('',*,*,#2120,.F.);
#1104=ORIENTED_EDGE('',*,*,#2121,.T.);
#1105=ORIENTED_EDGE('',*,*,#2117,.T.);
#1106=ORIENTED_EDGE('',*,*,#2122,.T.);
#1107=ORIENTED_EDGE('',*,*,#2123,.T.);
#1108=ORIENTED_EDGE('',*,*,#2124,.T.);
#1109=ORIENTED_EDGE('',*,*,#2125,.F.);
#1110=ORIENTED_EDGE('',*,*,#2126,.T.);
#1111=ORIENTED_EDGE('',*,*,#2127,.T.);
#1112=ORIENTED_EDGE('',*,*,#2128,.F.);
#1113=ORIENTED_EDGE('',*,*,#2129,.F.);
#1114=ORIENTED_EDGE('',*,*,#2130,.F.);
#1115=ORIENTED_EDGE('',*,*,#2131,.T.);
#1116=ORIENTED_EDGE('',*,*,#2103,.T.);
#1117=ORIENTED_EDGE('',*,*,#2132,.F.);
#1118=ORIENTED_EDGE('',*,*,#2133,.T.);
#1119=ORIENTED_EDGE('',*,*,#2134,.T.);
#1120=ORIENTED_EDGE('',*,*,#2135,.T.);
#1121=ORIENTED_EDGE('',*,*,#2136,.T.);
#1122=ORIENTED_EDGE('',*,*,#2130,.T.);
#1123=ORIENTED_EDGE('',*,*,#2137,.T.);
#1124=ORIENTED_EDGE('',*,*,#2122,.F.);
#1125=ORIENTED_EDGE('',*,*,#2119,.F.);
#1126=ORIENTED_EDGE('',*,*,#2116,.F.);
#1127=ORIENTED_EDGE('',*,*,#2137,.F.);
#1128=ORIENTED_EDGE('',*,*,#2129,.T.);
#1129=ORIENTED_EDGE('',*,*,#2138,.T.);
#1130=ORIENTED_EDGE('',*,*,#2123,.F.);
#1131=ORIENTED_EDGE('',*,*,#2127,.F.);
#1132=ORIENTED_EDGE('',*,*,#2139,.T.);
#1133=ORIENTED_EDGE('',*,*,#2120,.T.);
#1134=ORIENTED_EDGE('',*,*,#2140,.F.);
#1135=ORIENTED_EDGE('',*,*,#2128,.T.);
#1136=ORIENTED_EDGE('',*,*,#2140,.T.);
#1137=ORIENTED_EDGE('',*,*,#2124,.F.);
#1138=ORIENTED_EDGE('',*,*,#2138,.F.);
#1139=ORIENTED_EDGE('',*,*,#2141,.F.);
#1140=ORIENTED_EDGE('',*,*,#2142,.T.);
#1141=ORIENTED_EDGE('',*,*,#2143,.T.);
#1142=ORIENTED_EDGE('',*,*,#2144,.F.);
#1143=ORIENTED_EDGE('',*,*,#2145,.F.);
#1144=ORIENTED_EDGE('',*,*,#2146,.F.);
#1145=ORIENTED_EDGE('',*,*,#2147,.F.);
#1146=ORIENTED_EDGE('',*,*,#2148,.T.);
#1147=ORIENTED_EDGE('',*,*,#2141,.T.);
#1148=ORIENTED_EDGE('',*,*,#2149,.F.);
#1149=ORIENTED_EDGE('',*,*,#2150,.F.);
#1150=ORIENTED_EDGE('',*,*,#2151,.T.);
#1151=ORIENTED_EDGE('',*,*,#2147,.T.);
#1152=ORIENTED_EDGE('',*,*,#2152,.F.);
#1153=ORIENTED_EDGE('',*,*,#2153,.T.);
#1154=ORIENTED_EDGE('',*,*,#2101,.F.);
#1155=ORIENTED_EDGE('',*,*,#2154,.F.);
#1156=ORIENTED_EDGE('',*,*,#2152,.T.);
#1157=ORIENTED_EDGE('',*,*,#2149,.T.);
#1158=ORIENTED_EDGE('',*,*,#2146,.T.);
#1159=ORIENTED_EDGE('',*,*,#2155,.F.);
#1160=ORIENTED_EDGE('',*,*,#2133,.F.);
#1161=ORIENTED_EDGE('',*,*,#2136,.F.);
#1162=ORIENTED_EDGE('',*,*,#2115,.T.);
#1163=ORIENTED_EDGE('',*,*,#2096,.T.);
#1164=ORIENTED_EDGE('',*,*,#2131,.F.);
#1165=ORIENTED_EDGE('',*,*,#2153,.F.);
#1166=ORIENTED_EDGE('',*,*,#2154,.T.);
#1167=ORIENTED_EDGE('',*,*,#2132,.T.);
#1168=ORIENTED_EDGE('',*,*,#2102,.F.);
#1169=ORIENTED_EDGE('',*,*,#2156,.F.);
#1170=ORIENTED_EDGE('',*,*,#2157,.T.);
#1171=ORIENTED_EDGE('',*,*,#2150,.T.);
#1172=ORIENTED_EDGE('',*,*,#2100,.T.);
#1173=ORIENTED_EDGE('',*,*,#2158,.F.);
#1174=ORIENTED_EDGE('',*,*,#2159,.T.);
#1175=ORIENTED_EDGE('',*,*,#2156,.T.);
#1176=ORIENTED_EDGE('',*,*,#2099,.T.);
#1177=ORIENTED_EDGE('',*,*,#2114,.F.);
#1178=ORIENTED_EDGE('',*,*,#2160,.T.);
#1179=ORIENTED_EDGE('',*,*,#2158,.T.);
#1180=ORIENTED_EDGE('',*,*,#2098,.F.);
#1181=ORIENTED_EDGE('',*,*,#2134,.F.);
#1182=ORIENTED_EDGE('',*,*,#2155,.T.);
#1183=ORIENTED_EDGE('',*,*,#2145,.T.);
#1184=ORIENTED_EDGE('',*,*,#2161,.F.);
#1185=ORIENTED_EDGE('',*,*,#2143,.F.);
#1186=ORIENTED_EDGE('',*,*,#2162,.T.);
#1187=ORIENTED_EDGE('',*,*,#2125,.T.);
#1188=ORIENTED_EDGE('',*,*,#2163,.T.);
#1189=ORIENTED_EDGE('',*,*,#2161,.T.);
#1190=ORIENTED_EDGE('',*,*,#2144,.T.);
#1191=ORIENTED_EDGE('',*,*,#2163,.F.);
#1192=ORIENTED_EDGE('',*,*,#2135,.F.);
#1193=ORIENTED_EDGE('',*,*,#2072,.F.);
#1194=ORIENTED_EDGE('',*,*,#2164,.F.);
#1195=ORIENTED_EDGE('',*,*,#2010,.T.);
#1196=ORIENTED_EDGE('',*,*,#2165,.T.);
#1197=ORIENTED_EDGE('',*,*,#2071,.T.);
#1198=ORIENTED_EDGE('',*,*,#2166,.F.);
#1199=ORIENTED_EDGE('',*,*,#2011,.F.);
#1200=ORIENTED_EDGE('',*,*,#2164,.T.);
#1201=ORIENTED_EDGE('',*,*,#2074,.T.);
#1202=ORIENTED_EDGE('',*,*,#2167,.F.);
#1203=ORIENTED_EDGE('',*,*,#2012,.F.);
#1204=ORIENTED_EDGE('',*,*,#2166,.T.);
#1205=ORIENTED_EDGE('',*,*,#2073,.F.);
#1206=ORIENTED_EDGE('',*,*,#2165,.F.);
#1207=ORIENTED_EDGE('',*,*,#2013,.T.);
#1208=ORIENTED_EDGE('',*,*,#2167,.T.);
#1209=ORIENTED_EDGE('',*,*,#2104,.T.);
#1210=ORIENTED_EDGE('',*,*,#2168,.T.);
#1211=ORIENTED_EDGE('',*,*,#2076,.F.);
#1212=ORIENTED_EDGE('',*,*,#2169,.F.);
#1213=ORIENTED_EDGE('',*,*,#2169,.T.);
#1214=ORIENTED_EDGE('',*,*,#2075,.T.);
#1215=ORIENTED_EDGE('',*,*,#2170,.F.);
#1216=ORIENTED_EDGE('',*,*,#2105,.F.);
#1217=ORIENTED_EDGE('',*,*,#2106,.T.);
#1218=ORIENTED_EDGE('',*,*,#2170,.T.);
#1219=ORIENTED_EDGE('',*,*,#2082,.F.);
#1220=ORIENTED_EDGE('',*,*,#2171,.F.);
#1221=ORIENTED_EDGE('',*,*,#2171,.T.);
#1222=ORIENTED_EDGE('',*,*,#2081,.T.);
#1223=ORIENTED_EDGE('',*,*,#2172,.F.);
#1224=ORIENTED_EDGE('',*,*,#2107,.F.);
#1225=ORIENTED_EDGE('',*,*,#2172,.T.);
#1226=ORIENTED_EDGE('',*,*,#2080,.T.);
#1227=ORIENTED_EDGE('',*,*,#2173,.F.);
#1228=ORIENTED_EDGE('',*,*,#2108,.F.);
#1229=ORIENTED_EDGE('',*,*,#2173,.T.);
#1230=ORIENTED_EDGE('',*,*,#2079,.T.);
#1231=ORIENTED_EDGE('',*,*,#2174,.F.);
#1232=ORIENTED_EDGE('',*,*,#2109,.F.);
#1233=ORIENTED_EDGE('',*,*,#2174,.T.);
#1234=ORIENTED_EDGE('',*,*,#2078,.T.);
#1235=ORIENTED_EDGE('',*,*,#2175,.F.);
#1236=ORIENTED_EDGE('',*,*,#2110,.F.);
#1237=ORIENTED_EDGE('',*,*,#2111,.T.);
#1238=ORIENTED_EDGE('',*,*,#2175,.T.);
#1239=ORIENTED_EDGE('',*,*,#2077,.F.);
#1240=ORIENTED_EDGE('',*,*,#2168,.F.);
#1241=ORIENTED_EDGE('',*,*,#2176,.F.);
#1242=ORIENTED_EDGE('',*,*,#2093,.T.);
#1243=ORIENTED_EDGE('',*,*,#2058,.T.);
#1244=ORIENTED_EDGE('',*,*,#2176,.T.);
#1245=ORIENTED_EDGE('',*,*,#2177,.F.);
#1246=ORIENTED_EDGE('',*,*,#2094,.T.);
#1247=ORIENTED_EDGE('',*,*,#2056,.T.);
#1248=ORIENTED_EDGE('',*,*,#2177,.T.);
#1249=ORIENTED_EDGE('',*,*,#2178,.F.);
#1250=ORIENTED_EDGE('',*,*,#2095,.T.);
#1251=ORIENTED_EDGE('',*,*,#2054,.T.);
#1252=ORIENTED_EDGE('',*,*,#2178,.T.);
#1253=ORIENTED_EDGE('',*,*,#2179,.T.);
#1254=ORIENTED_EDGE('',*,*,#2180,.T.);
#1255=ORIENTED_EDGE('',*,*,#2042,.F.);
#1256=ORIENTED_EDGE('',*,*,#2181,.T.);
#1257=ORIENTED_EDGE('',*,*,#2086,.T.);
#1258=ORIENTED_EDGE('',*,*,#2089,.T.);
#1259=ORIENTED_EDGE('',*,*,#2182,.F.);
#1260=ORIENTED_EDGE('',*,*,#2046,.F.);
#1261=ORIENTED_EDGE('',*,*,#2029,.T.);
#1262=ORIENTED_EDGE('',*,*,#2088,.F.);
#1263=ORIENTED_EDGE('',*,*,#2183,.F.);
#1264=ORIENTED_EDGE('',*,*,#2047,.T.);
#1265=ORIENTED_EDGE('',*,*,#2182,.T.);
#1266=ORIENTED_EDGE('',*,*,#2087,.F.);
#1267=ORIENTED_EDGE('',*,*,#2181,.F.);
#1268=ORIENTED_EDGE('',*,*,#2048,.T.);
#1269=ORIENTED_EDGE('',*,*,#2183,.T.);
#1270=ORIENTED_EDGE('',*,*,#2184,.F.);
#1271=ORIENTED_EDGE('',*,*,#2142,.F.);
#1272=ORIENTED_EDGE('',*,*,#2185,.F.);
#1273=ORIENTED_EDGE('',*,*,#2066,.F.);
#1274=ORIENTED_EDGE('',*,*,#2185,.T.);
#1275=ORIENTED_EDGE('',*,*,#2148,.F.);
#1276=ORIENTED_EDGE('',*,*,#2186,.F.);
#1277=ORIENTED_EDGE('',*,*,#2067,.F.);
#1278=ORIENTED_EDGE('',*,*,#2184,.T.);
#1279=ORIENTED_EDGE('',*,*,#2065,.F.);
#1280=ORIENTED_EDGE('',*,*,#2187,.F.);
#1281=ORIENTED_EDGE('',*,*,#2162,.F.);
#1282=ORIENTED_EDGE('',*,*,#2186,.T.);
#1283=ORIENTED_EDGE('',*,*,#2151,.F.);
#1284=ORIENTED_EDGE('',*,*,#2188,.F.);
#1285=ORIENTED_EDGE('',*,*,#2068,.F.);
#1286=ORIENTED_EDGE('',*,*,#2187,.T.);
#1287=ORIENTED_EDGE('',*,*,#2064,.F.);
#1288=ORIENTED_EDGE('',*,*,#2189,.F.);
#1289=ORIENTED_EDGE('',*,*,#2126,.F.);
#1290=ORIENTED_EDGE('',*,*,#2188,.T.);
#1291=ORIENTED_EDGE('',*,*,#2157,.F.);
#1292=ORIENTED_EDGE('',*,*,#2190,.F.);
#1293=ORIENTED_EDGE('',*,*,#2069,.F.);
#1294=ORIENTED_EDGE('',*,*,#2189,.T.);
#1295=ORIENTED_EDGE('',*,*,#2063,.F.);
#1296=ORIENTED_EDGE('',*,*,#2191,.F.);
#1297=ORIENTED_EDGE('',*,*,#2139,.F.);
#1298=ORIENTED_EDGE('',*,*,#2190,.T.);
#1299=ORIENTED_EDGE('',*,*,#2159,.F.);
#1300=ORIENTED_EDGE('',*,*,#2192,.F.);
#1301=ORIENTED_EDGE('',*,*,#2070,.F.);
#1302=ORIENTED_EDGE('',*,*,#2191,.T.);
#1303=ORIENTED_EDGE('',*,*,#2062,.F.);
#1304=ORIENTED_EDGE('',*,*,#2193,.F.);
#1305=ORIENTED_EDGE('',*,*,#2121,.F.);
#1306=ORIENTED_EDGE('',*,*,#2192,.T.);
#1307=ORIENTED_EDGE('',*,*,#2160,.F.);
#1308=ORIENTED_EDGE('',*,*,#2194,.F.);
#1309=ORIENTED_EDGE('',*,*,#2059,.F.);
#1310=ORIENTED_EDGE('',*,*,#2193,.T.);
#1311=ORIENTED_EDGE('',*,*,#2061,.F.);
#1312=ORIENTED_EDGE('',*,*,#2195,.F.);
#1313=ORIENTED_EDGE('',*,*,#2118,.F.);
#1314=ORIENTED_EDGE('',*,*,#2194,.T.);
#1315=ORIENTED_EDGE('',*,*,#2113,.F.);
#1316=ORIENTED_EDGE('',*,*,#2195,.T.);
#1317=ORIENTED_EDGE('',*,*,#2060,.F.);
#1318=ORIENTED_EDGE('',*,*,#2196,.T.);
#1319=ORIENTED_EDGE('',*,*,#2197,.F.);
#1320=ORIENTED_EDGE('',*,*,#2198,.F.);
#1321=ORIENTED_EDGE('',*,*,#2050,.F.);
#1322=ORIENTED_EDGE('',*,*,#2051,.T.);
#1323=ORIENTED_EDGE('',*,*,#2198,.T.);
#1324=ORIENTED_EDGE('',*,*,#2199,.T.);
#1325=ORIENTED_EDGE('',*,*,#2200,.F.);
#1326=ORIENTED_EDGE('',*,*,#2052,.T.);
#1327=ORIENTED_EDGE('',*,*,#2200,.T.);
#1328=ORIENTED_EDGE('',*,*,#2201,.T.);
#1329=ORIENTED_EDGE('',*,*,#2202,.F.);
#1330=ORIENTED_EDGE('',*,*,#2202,.T.);
#1331=ORIENTED_EDGE('',*,*,#2203,.F.);
#1332=ORIENTED_EDGE('',*,*,#2196,.F.);
#1333=ORIENTED_EDGE('',*,*,#2049,.F.);
#1334=ORIENTED_EDGE('',*,*,#2204,.T.);
#1335=ORIENTED_EDGE('',*,*,#2031,.T.);
#1336=ORIENTED_EDGE('',*,*,#2017,.T.);
#1337=ORIENTED_EDGE('',*,*,#2033,.F.);
#1338=ORIENTED_EDGE('',*,*,#2032,.T.);
#1339=ORIENTED_EDGE('',*,*,#2018,.T.);
#1340=ORIENTED_EDGE('',*,*,#2030,.F.);
#1341=ORIENTED_EDGE('',*,*,#2204,.F.);
#1342=ORIENTED_EDGE('',*,*,#2205,.T.);
#1343=ORIENTED_EDGE('',*,*,#2021,.F.);
#1344=ORIENTED_EDGE('',*,*,#2206,.T.);
#1345=ORIENTED_EDGE('',*,*,#2207,.T.);
#1346=ORIENTED_EDGE('',*,*,#2206,.F.);
#1347=ORIENTED_EDGE('',*,*,#2024,.T.);
#1348=ORIENTED_EDGE('',*,*,#2092,.T.);
#1349=ORIENTED_EDGE('',*,*,#2208,.F.);
#1350=ORIENTED_EDGE('',*,*,#2209,.F.);
#1351=ORIENTED_EDGE('',*,*,#2207,.F.);
#1352=ORIENTED_EDGE('',*,*,#2208,.T.);
#1353=ORIENTED_EDGE('',*,*,#2091,.T.);
#1354=ORIENTED_EDGE('',*,*,#2027,.T.);
#1355=ORIENTED_EDGE('',*,*,#2210,.T.);
#1356=ORIENTED_EDGE('',*,*,#2211,.F.);
#1357=ORIENTED_EDGE('',*,*,#2083,.F.);
#1358=ORIENTED_EDGE('',*,*,#2211,.T.);
#1359=ORIENTED_EDGE('',*,*,#2212,.T.);
#1360=ORIENTED_EDGE('',*,*,#2213,.F.);
#1361=ORIENTED_EDGE('',*,*,#2084,.F.);
#1362=ORIENTED_EDGE('',*,*,#2213,.T.);
#1363=ORIENTED_EDGE('',*,*,#2214,.T.);
#1364=ORIENTED_EDGE('',*,*,#2179,.F.);
#1365=ORIENTED_EDGE('',*,*,#2085,.F.);
#1366=ORIENTED_EDGE('',*,*,#2026,.F.);
#1367=ORIENTED_EDGE('',*,*,#2045,.F.);
#1368=ORIENTED_EDGE('',*,*,#2215,.F.);
#1369=ORIENTED_EDGE('',*,*,#2210,.F.);
#1370=ORIENTED_EDGE('',*,*,#2215,.T.);
#1371=ORIENTED_EDGE('',*,*,#2044,.F.);
#1372=ORIENTED_EDGE('',*,*,#2216,.F.);
#1373=ORIENTED_EDGE('',*,*,#2212,.F.);
#1374=ORIENTED_EDGE('',*,*,#2216,.T.);
#1375=ORIENTED_EDGE('',*,*,#2043,.F.);
#1376=ORIENTED_EDGE('',*,*,#2180,.F.);
#1377=ORIENTED_EDGE('',*,*,#2214,.F.);
#1378=ORIENTED_EDGE('',*,*,#2205,.F.);
#1379=ORIENTED_EDGE('',*,*,#2209,.T.);
#1380=ORIENTED_EDGE('',*,*,#2090,.T.);
#1381=ORIENTED_EDGE('',*,*,#2022,.F.);
#1382=ORIENTED_EDGE('',*,*,#2217,.T.);
#1383=ORIENTED_EDGE('',*,*,#2218,.T.);
#1384=ORIENTED_EDGE('',*,*,#2219,.F.);
#1385=ORIENTED_EDGE('',*,*,#2220,.T.);
#1386=ORIENTED_EDGE('',*,*,#2219,.T.);
#1387=ORIENTED_EDGE('',*,*,#2221,.T.);
#1388=ORIENTED_EDGE('',*,*,#2222,.F.);
#1389=ORIENTED_EDGE('',*,*,#2223,.F.);
#1390=ORIENTED_EDGE('',*,*,#2222,.T.);
#1391=ORIENTED_EDGE('',*,*,#2224,.T.);
#1392=ORIENTED_EDGE('',*,*,#2225,.F.);
#1393=ORIENTED_EDGE('',*,*,#2226,.F.);
#1394=ORIENTED_EDGE('',*,*,#2225,.T.);
#1395=ORIENTED_EDGE('',*,*,#2227,.T.);
#1396=ORIENTED_EDGE('',*,*,#2217,.F.);
#1397=ORIENTED_EDGE('',*,*,#2228,.T.);
#1398=ORIENTED_EDGE('',*,*,#2199,.F.);
#1399=ORIENTED_EDGE('',*,*,#2197,.T.);
#1400=ORIENTED_EDGE('',*,*,#2203,.T.);
#1401=ORIENTED_EDGE('',*,*,#2201,.F.);
#1402=ORIENTED_EDGE('',*,*,#2220,.F.);
#1403=ORIENTED_EDGE('',*,*,#2223,.T.);
#1404=ORIENTED_EDGE('',*,*,#2226,.T.);
#1405=ORIENTED_EDGE('',*,*,#2228,.F.);
#1406=ORIENTED_EDGE('',*,*,#2229,.F.);
#1407=ORIENTED_EDGE('',*,*,#2221,.F.);
#1408=ORIENTED_EDGE('',*,*,#2230,.F.);
#1409=ORIENTED_EDGE('',*,*,#2009,.F.);
#1410=ORIENTED_EDGE('',*,*,#2230,.T.);
#1411=ORIENTED_EDGE('',*,*,#2218,.F.);
#1412=ORIENTED_EDGE('',*,*,#2231,.F.);
#1413=ORIENTED_EDGE('',*,*,#2006,.F.);
#1414=ORIENTED_EDGE('',*,*,#2229,.T.);
#1415=ORIENTED_EDGE('',*,*,#2008,.F.);
#1416=ORIENTED_EDGE('',*,*,#2232,.F.);
#1417=ORIENTED_EDGE('',*,*,#2224,.F.);
#1418=ORIENTED_EDGE('',*,*,#2231,.T.);
#1419=ORIENTED_EDGE('',*,*,#2227,.F.);
#1420=ORIENTED_EDGE('',*,*,#2232,.T.);
#1421=ORIENTED_EDGE('',*,*,#2007,.F.);
#1422=ORIENTED_EDGE('',*,*,#2233,.T.);
#1423=ORIENTED_EDGE('',*,*,#2234,.F.);
#1424=ORIENTED_EDGE('',*,*,#2235,.F.);
#1425=ORIENTED_EDGE('',*,*,#2234,.T.);
#1426=ORIENTED_EDGE('',*,*,#2236,.F.);
#1427=ORIENTED_EDGE('',*,*,#2235,.T.);
#1428=ORIENTED_EDGE('',*,*,#2237,.F.);
#1429=ORIENTED_EDGE('',*,*,#2236,.T.);
#1430=ORIENTED_EDGE('',*,*,#2041,.T.);
#1431=ORIENTED_EDGE('',*,*,#2005,.T.);
#1432=ORIENTED_EDGE('',*,*,#2040,.T.);
#1433=ORIENTED_EDGE('',*,*,#2004,.T.);
#1434=ORIENTED_EDGE('',*,*,#2036,.T.);
#1435=ORIENTED_EDGE('',*,*,#2238,.T.);
#1436=ORIENTED_EDGE('',*,*,#2000,.T.);
#1437=ORIENTED_EDGE('',*,*,#2239,.T.);
#1438=ORIENTED_EDGE('',*,*,#1998,.T.);
#1439=ORIENTED_EDGE('',*,*,#2240,.F.);
#1440=ORIENTED_EDGE('',*,*,#2037,.T.);
#1441=ORIENTED_EDGE('',*,*,#2240,.T.);
#1442=ORIENTED_EDGE('',*,*,#2003,.T.);
#1443=ORIENTED_EDGE('',*,*,#2241,.F.);
#1444=ORIENTED_EDGE('',*,*,#2241,.T.);
#1445=ORIENTED_EDGE('',*,*,#2002,.F.);
#1446=ORIENTED_EDGE('',*,*,#2242,.F.);
#1447=ORIENTED_EDGE('',*,*,#2038,.F.);
#1448=ORIENTED_EDGE('',*,*,#2242,.T.);
#1449=ORIENTED_EDGE('',*,*,#2001,.F.);
#1450=ORIENTED_EDGE('',*,*,#2238,.F.);
#1451=ORIENTED_EDGE('',*,*,#2039,.F.);
#1452=ORIENTED_EDGE('',*,*,#2035,.T.);
#1453=ORIENTED_EDGE('',*,*,#1997,.T.);
#1454=ORIENTED_EDGE('',*,*,#2034,.T.);
#1455=ORIENTED_EDGE('',*,*,#1996,.T.);
#1456=ORIENTED_EDGE('',*,*,#2239,.F.);
#1457=ORIENTED_EDGE('',*,*,#1999,.F.);
#1458=ORIENTED_EDGE('',*,*,#2233,.F.);
#1459=ORIENTED_EDGE('',*,*,#2237,.T.);
#1460=ORIENTED_EDGE('',*,*,#2243,.F.);
#1461=ORIENTED_EDGE('',*,*,#2243,.T.);
#1462=ORIENTED_EDGE('',*,*,#1989,.F.);
#1463=ORIENTED_EDGE('',*,*,#2244,.F.);
#1464=ORIENTED_EDGE('',*,*,#2245,.T.);
#1465=ORIENTED_EDGE('',*,*,#2246,.T.);
#1466=ORIENTED_EDGE('',*,*,#1995,.F.);
#1467=ORIENTED_EDGE('',*,*,#2247,.F.);
#1468=ORIENTED_EDGE('',*,*,#2248,.T.);
#1469=ORIENTED_EDGE('',*,*,#2244,.T.);
#1470=ORIENTED_EDGE('',*,*,#1994,.F.);
#1471=ORIENTED_EDGE('',*,*,#2249,.F.);
#1472=ORIENTED_EDGE('',*,*,#2250,.T.);
#1473=ORIENTED_EDGE('',*,*,#2247,.T.);
#1474=ORIENTED_EDGE('',*,*,#1993,.F.);
#1475=ORIENTED_EDGE('',*,*,#2251,.F.);
#1476=ORIENTED_EDGE('',*,*,#2252,.T.);
#1477=ORIENTED_EDGE('',*,*,#2249,.T.);
#1478=ORIENTED_EDGE('',*,*,#1992,.T.);
#1479=ORIENTED_EDGE('',*,*,#2253,.F.);
#1480=ORIENTED_EDGE('',*,*,#2254,.F.);
#1481=ORIENTED_EDGE('',*,*,#2251,.T.);
#1482=ORIENTED_EDGE('',*,*,#1991,.F.);
#1483=ORIENTED_EDGE('',*,*,#2255,.F.);
#1484=ORIENTED_EDGE('',*,*,#2256,.T.);
#1485=ORIENTED_EDGE('',*,*,#2253,.T.);
#1486=ORIENTED_EDGE('',*,*,#1990,.T.);
#1487=ORIENTED_EDGE('',*,*,#2246,.F.);
#1488=ORIENTED_EDGE('',*,*,#2257,.F.);
#1489=ORIENTED_EDGE('',*,*,#2255,.T.);
#1490=ORIENTED_EDGE('',*,*,#2245,.F.);
#1491=ORIENTED_EDGE('',*,*,#2248,.F.);
#1492=ORIENTED_EDGE('',*,*,#2250,.F.);
#1493=ORIENTED_EDGE('',*,*,#2252,.F.);
#1494=ORIENTED_EDGE('',*,*,#2254,.T.);
#1495=ORIENTED_EDGE('',*,*,#2256,.F.);
#1496=ORIENTED_EDGE('',*,*,#2257,.T.);
#1497=ORIENTED_EDGE('',*,*,#1977,.F.);
#1498=ORIENTED_EDGE('',*,*,#2258,.F.);
#1499=ORIENTED_EDGE('',*,*,#2259,.T.);
#1500=ORIENTED_EDGE('',*,*,#2260,.T.);
#1501=ORIENTED_EDGE('',*,*,#1988,.F.);
#1502=ORIENTED_EDGE('',*,*,#2261,.F.);
#1503=ORIENTED_EDGE('',*,*,#2262,.T.);
#1504=ORIENTED_EDGE('',*,*,#2258,.T.);
#1505=ORIENTED_EDGE('',*,*,#1987,.F.);
#1506=ORIENTED_EDGE('',*,*,#2263,.F.);
#1507=ORIENTED_EDGE('',*,*,#2264,.T.);
#1508=ORIENTED_EDGE('',*,*,#2261,.T.);
#1509=ORIENTED_EDGE('',*,*,#1986,.F.);
#1510=ORIENTED_EDGE('',*,*,#2265,.F.);
#1511=ORIENTED_EDGE('',*,*,#2266,.T.);
#1512=ORIENTED_EDGE('',*,*,#2263,.T.);
#1513=ORIENTED_EDGE('',*,*,#1985,.F.);
#1514=ORIENTED_EDGE('',*,*,#2267,.F.);
#1515=ORIENTED_EDGE('',*,*,#2268,.T.);
#1516=ORIENTED_EDGE('',*,*,#2265,.T.);
#1517=ORIENTED_EDGE('',*,*,#1984,.F.);
#1518=ORIENTED_EDGE('',*,*,#2269,.F.);
#1519=ORIENTED_EDGE('',*,*,#2270,.T.);
#1520=ORIENTED_EDGE('',*,*,#2267,.T.);
#1521=ORIENTED_EDGE('',*,*,#1983,.F.);
#1522=ORIENTED_EDGE('',*,*,#2271,.F.);
#1523=ORIENTED_EDGE('',*,*,#2272,.T.);
#1524=ORIENTED_EDGE('',*,*,#2269,.T.);
#1525=ORIENTED_EDGE('',*,*,#1982,.F.);
#1526=ORIENTED_EDGE('',*,*,#2273,.F.);
#1527=ORIENTED_EDGE('',*,*,#2274,.T.);
#1528=ORIENTED_EDGE('',*,*,#2271,.T.);
#1529=ORIENTED_EDGE('',*,*,#1981,.F.);
#1530=ORIENTED_EDGE('',*,*,#2275,.F.);
#1531=ORIENTED_EDGE('',*,*,#2276,.T.);
#1532=ORIENTED_EDGE('',*,*,#2273,.T.);
#1533=ORIENTED_EDGE('',*,*,#1980,.F.);
#1534=ORIENTED_EDGE('',*,*,#2277,.F.);
#1535=ORIENTED_EDGE('',*,*,#2278,.T.);
#1536=ORIENTED_EDGE('',*,*,#2275,.T.);
#1537=ORIENTED_EDGE('',*,*,#1979,.F.);
#1538=ORIENTED_EDGE('',*,*,#2279,.F.);
#1539=ORIENTED_EDGE('',*,*,#2280,.T.);
#1540=ORIENTED_EDGE('',*,*,#2277,.T.);
#1541=ORIENTED_EDGE('',*,*,#1978,.F.);
#1542=ORIENTED_EDGE('',*,*,#2260,.F.);
#1543=ORIENTED_EDGE('',*,*,#2281,.T.);
#1544=ORIENTED_EDGE('',*,*,#2279,.T.);
#1545=ORIENTED_EDGE('',*,*,#2259,.F.);
#1546=ORIENTED_EDGE('',*,*,#2262,.F.);
#1547=ORIENTED_EDGE('',*,*,#2264,.F.);
#1548=ORIENTED_EDGE('',*,*,#2266,.F.);
#1549=ORIENTED_EDGE('',*,*,#2268,.F.);
#1550=ORIENTED_EDGE('',*,*,#2270,.F.);
#1551=ORIENTED_EDGE('',*,*,#2272,.F.);
#1552=ORIENTED_EDGE('',*,*,#2274,.F.);
#1553=ORIENTED_EDGE('',*,*,#2276,.F.);
#1554=ORIENTED_EDGE('',*,*,#2278,.F.);
#1555=ORIENTED_EDGE('',*,*,#2280,.F.);
#1556=ORIENTED_EDGE('',*,*,#2281,.F.);
#1557=ORIENTED_EDGE('',*,*,#1973,.F.);
#1558=ORIENTED_EDGE('',*,*,#2282,.F.);
#1559=ORIENTED_EDGE('',*,*,#2283,.T.);
#1560=ORIENTED_EDGE('',*,*,#2284,.T.);
#1561=ORIENTED_EDGE('',*,*,#1976,.F.);
#1562=ORIENTED_EDGE('',*,*,#2285,.F.);
#1563=ORIENTED_EDGE('',*,*,#2286,.T.);
#1564=ORIENTED_EDGE('',*,*,#2282,.T.);
#1565=ORIENTED_EDGE('',*,*,#1975,.F.);
#1566=ORIENTED_EDGE('',*,*,#2287,.F.);
#1567=ORIENTED_EDGE('',*,*,#2288,.T.);
#1568=ORIENTED_EDGE('',*,*,#2285,.T.);
#1569=ORIENTED_EDGE('',*,*,#1974,.F.);
#1570=ORIENTED_EDGE('',*,*,#2284,.F.);
#1571=ORIENTED_EDGE('',*,*,#2289,.T.);
#1572=ORIENTED_EDGE('',*,*,#2287,.T.);
#1573=ORIENTED_EDGE('',*,*,#2283,.F.);
#1574=ORIENTED_EDGE('',*,*,#2286,.F.);
#1575=ORIENTED_EDGE('',*,*,#2288,.F.);
#1576=ORIENTED_EDGE('',*,*,#2289,.F.);
#1577=ORIENTED_EDGE('',*,*,#1965,.F.);
#1578=ORIENTED_EDGE('',*,*,#2290,.F.);
#1579=ORIENTED_EDGE('',*,*,#2291,.T.);
#1580=ORIENTED_EDGE('',*,*,#2292,.T.);
#1581=ORIENTED_EDGE('',*,*,#1972,.F.);
#1582=ORIENTED_EDGE('',*,*,#2293,.F.);
#1583=ORIENTED_EDGE('',*,*,#2294,.T.);
#1584=ORIENTED_EDGE('',*,*,#2290,.T.);
#1585=ORIENTED_EDGE('',*,*,#1971,.F.);
#1586=ORIENTED_EDGE('',*,*,#2295,.F.);
#1587=ORIENTED_EDGE('',*,*,#2296,.T.);
#1588=ORIENTED_EDGE('',*,*,#2293,.T.);
#1589=ORIENTED_EDGE('',*,*,#1970,.F.);
#1590=ORIENTED_EDGE('',*,*,#2297,.F.);
#1591=ORIENTED_EDGE('',*,*,#2298,.T.);
#1592=ORIENTED_EDGE('',*,*,#2295,.T.);
#1593=ORIENTED_EDGE('',*,*,#1969,.F.);
#1594=ORIENTED_EDGE('',*,*,#2299,.F.);
#1595=ORIENTED_EDGE('',*,*,#2300,.T.);
#1596=ORIENTED_EDGE('',*,*,#2297,.T.);
#1597=ORIENTED_EDGE('',*,*,#1968,.F.);
#1598=ORIENTED_EDGE('',*,*,#2301,.F.);
#1599=ORIENTED_EDGE('',*,*,#2302,.T.);
#1600=ORIENTED_EDGE('',*,*,#2299,.T.);
#1601=ORIENTED_EDGE('',*,*,#1967,.F.);
#1602=ORIENTED_EDGE('',*,*,#2303,.F.);
#1603=ORIENTED_EDGE('',*,*,#2304,.T.);
#1604=ORIENTED_EDGE('',*,*,#2301,.T.);
#1605=ORIENTED_EDGE('',*,*,#1966,.F.);
#1606=ORIENTED_EDGE('',*,*,#2292,.F.);
#1607=ORIENTED_EDGE('',*,*,#2305,.T.);
#1608=ORIENTED_EDGE('',*,*,#2303,.T.);
#1609=ORIENTED_EDGE('',*,*,#2291,.F.);
#1610=ORIENTED_EDGE('',*,*,#2294,.F.);
#1611=ORIENTED_EDGE('',*,*,#2296,.F.);
#1612=ORIENTED_EDGE('',*,*,#2298,.F.);
#1613=ORIENTED_EDGE('',*,*,#2300,.F.);
#1614=ORIENTED_EDGE('',*,*,#2302,.F.);
#1615=ORIENTED_EDGE('',*,*,#2304,.F.);
#1616=ORIENTED_EDGE('',*,*,#2305,.F.);
#1617=ORIENTED_EDGE('',*,*,#2306,.F.);
#1618=ORIENTED_EDGE('',*,*,#2307,.F.);
#1619=ORIENTED_EDGE('',*,*,#2308,.T.);
#1620=ORIENTED_EDGE('',*,*,#2309,.T.);
#1621=ORIENTED_EDGE('',*,*,#2310,.F.);
#1622=ORIENTED_EDGE('',*,*,#2311,.F.);
#1623=ORIENTED_EDGE('',*,*,#2312,.T.);
#1624=ORIENTED_EDGE('',*,*,#2307,.T.);
#1625=ORIENTED_EDGE('',*,*,#2313,.F.);
#1626=ORIENTED_EDGE('',*,*,#2314,.F.);
#1627=ORIENTED_EDGE('',*,*,#2315,.T.);
#1628=ORIENTED_EDGE('',*,*,#2311,.T.);
#1629=ORIENTED_EDGE('',*,*,#2316,.F.);
#1630=ORIENTED_EDGE('',*,*,#2317,.F.);
#1631=ORIENTED_EDGE('',*,*,#2318,.T.);
#1632=ORIENTED_EDGE('',*,*,#2314,.T.);
#1633=ORIENTED_EDGE('',*,*,#2319,.F.);
#1634=ORIENTED_EDGE('',*,*,#2320,.F.);
#1635=ORIENTED_EDGE('',*,*,#2321,.T.);
#1636=ORIENTED_EDGE('',*,*,#2317,.T.);
#1637=ORIENTED_EDGE('',*,*,#2322,.F.);
#1638=ORIENTED_EDGE('',*,*,#2323,.F.);
#1639=ORIENTED_EDGE('',*,*,#2324,.T.);
#1640=ORIENTED_EDGE('',*,*,#2320,.T.);
#1641=ORIENTED_EDGE('',*,*,#2325,.F.);
#1642=ORIENTED_EDGE('',*,*,#2326,.F.);
#1643=ORIENTED_EDGE('',*,*,#2327,.T.);
#1644=ORIENTED_EDGE('',*,*,#2323,.T.);
#1645=ORIENTED_EDGE('',*,*,#2328,.F.);
#1646=ORIENTED_EDGE('',*,*,#2329,.F.);
#1647=ORIENTED_EDGE('',*,*,#2330,.T.);
#1648=ORIENTED_EDGE('',*,*,#2326,.T.);
#1649=ORIENTED_EDGE('',*,*,#2331,.F.);
#1650=ORIENTED_EDGE('',*,*,#2332,.F.);
#1651=ORIENTED_EDGE('',*,*,#2333,.T.);
#1652=ORIENTED_EDGE('',*,*,#2329,.T.);
#1653=ORIENTED_EDGE('',*,*,#2334,.F.);
#1654=ORIENTED_EDGE('',*,*,#2335,.F.);
#1655=ORIENTED_EDGE('',*,*,#2336,.T.);
#1656=ORIENTED_EDGE('',*,*,#2332,.T.);
#1657=ORIENTED_EDGE('',*,*,#2337,.F.);
#1658=ORIENTED_EDGE('',*,*,#2338,.F.);
#1659=ORIENTED_EDGE('',*,*,#2339,.T.);
#1660=ORIENTED_EDGE('',*,*,#2335,.T.);
#1661=ORIENTED_EDGE('',*,*,#1953,.F.);
#1662=ORIENTED_EDGE('',*,*,#2340,.F.);
#1663=ORIENTED_EDGE('',*,*,#2341,.T.);
#1664=ORIENTED_EDGE('',*,*,#2342,.T.);
#1665=ORIENTED_EDGE('',*,*,#1964,.F.);
#1666=ORIENTED_EDGE('',*,*,#2343,.F.);
#1667=ORIENTED_EDGE('',*,*,#2344,.T.);
#1668=ORIENTED_EDGE('',*,*,#2340,.T.);
#1669=ORIENTED_EDGE('',*,*,#1963,.F.);
#1670=ORIENTED_EDGE('',*,*,#2345,.F.);
#1671=ORIENTED_EDGE('',*,*,#2346,.T.);
#1672=ORIENTED_EDGE('',*,*,#2343,.T.);
#1673=ORIENTED_EDGE('',*,*,#1962,.F.);
#1674=ORIENTED_EDGE('',*,*,#2347,.F.);
#1675=ORIENTED_EDGE('',*,*,#2348,.T.);
#1676=ORIENTED_EDGE('',*,*,#2345,.T.);
#1677=ORIENTED_EDGE('',*,*,#1961,.F.);
#1678=ORIENTED_EDGE('',*,*,#2349,.F.);
#1679=ORIENTED_EDGE('',*,*,#2350,.T.);
#1680=ORIENTED_EDGE('',*,*,#2347,.T.);
#1681=ORIENTED_EDGE('',*,*,#1960,.F.);
#1682=ORIENTED_EDGE('',*,*,#2351,.F.);
#1683=ORIENTED_EDGE('',*,*,#2352,.T.);
#1684=ORIENTED_EDGE('',*,*,#2349,.T.);
#1685=ORIENTED_EDGE('',*,*,#1959,.F.);
#1686=ORIENTED_EDGE('',*,*,#2353,.F.);
#1687=ORIENTED_EDGE('',*,*,#2354,.T.);
#1688=ORIENTED_EDGE('',*,*,#2351,.T.);
#1689=ORIENTED_EDGE('',*,*,#1958,.F.);
#1690=ORIENTED_EDGE('',*,*,#2355,.F.);
#1691=ORIENTED_EDGE('',*,*,#2356,.T.);
#1692=ORIENTED_EDGE('',*,*,#2353,.T.);
#1693=ORIENTED_EDGE('',*,*,#1957,.F.);
#1694=ORIENTED_EDGE('',*,*,#2357,.F.);
#1695=ORIENTED_EDGE('',*,*,#2358,.T.);
#1696=ORIENTED_EDGE('',*,*,#2355,.T.);
#1697=ORIENTED_EDGE('',*,*,#1956,.F.);
#1698=ORIENTED_EDGE('',*,*,#2359,.F.);
#1699=ORIENTED_EDGE('',*,*,#2360,.T.);
#1700=ORIENTED_EDGE('',*,*,#2357,.T.);
#1701=ORIENTED_EDGE('',*,*,#1955,.F.);
#1702=ORIENTED_EDGE('',*,*,#2361,.F.);
#1703=ORIENTED_EDGE('',*,*,#2362,.T.);
#1704=ORIENTED_EDGE('',*,*,#2359,.T.);
#1705=ORIENTED_EDGE('',*,*,#1954,.F.);
#1706=ORIENTED_EDGE('',*,*,#2342,.F.);
#1707=ORIENTED_EDGE('',*,*,#2363,.T.);
#1708=ORIENTED_EDGE('',*,*,#2361,.T.);
#1709=ORIENTED_EDGE('',*,*,#2364,.F.);
#1710=ORIENTED_EDGE('',*,*,#2309,.F.);
#1711=ORIENTED_EDGE('',*,*,#2365,.T.);
#1712=ORIENTED_EDGE('',*,*,#2338,.T.);
#1713=ORIENTED_EDGE('',*,*,#2341,.F.);
#1714=ORIENTED_EDGE('',*,*,#2344,.F.);
#1715=ORIENTED_EDGE('',*,*,#2346,.F.);
#1716=ORIENTED_EDGE('',*,*,#2348,.F.);
#1717=ORIENTED_EDGE('',*,*,#2350,.F.);
#1718=ORIENTED_EDGE('',*,*,#2352,.F.);
#1719=ORIENTED_EDGE('',*,*,#2354,.F.);
#1720=ORIENTED_EDGE('',*,*,#2356,.F.);
#1721=ORIENTED_EDGE('',*,*,#2358,.F.);
#1722=ORIENTED_EDGE('',*,*,#2360,.F.);
#1723=ORIENTED_EDGE('',*,*,#2362,.F.);
#1724=ORIENTED_EDGE('',*,*,#2363,.F.);
#1725=ORIENTED_EDGE('',*,*,#2308,.F.);
#1726=ORIENTED_EDGE('',*,*,#2312,.F.);
#1727=ORIENTED_EDGE('',*,*,#2315,.F.);
#1728=ORIENTED_EDGE('',*,*,#2318,.F.);
#1729=ORIENTED_EDGE('',*,*,#2321,.F.);
#1730=ORIENTED_EDGE('',*,*,#2324,.F.);
#1731=ORIENTED_EDGE('',*,*,#2327,.F.);
#1732=ORIENTED_EDGE('',*,*,#2330,.F.);
#1733=ORIENTED_EDGE('',*,*,#2333,.F.);
#1734=ORIENTED_EDGE('',*,*,#2336,.F.);
#1735=ORIENTED_EDGE('',*,*,#2339,.F.);
#1736=ORIENTED_EDGE('',*,*,#2365,.F.);
#1737=ORIENTED_EDGE('',*,*,#2306,.T.);
#1738=ORIENTED_EDGE('',*,*,#2364,.T.);
#1739=ORIENTED_EDGE('',*,*,#2337,.T.);
#1740=ORIENTED_EDGE('',*,*,#2334,.T.);
#1741=ORIENTED_EDGE('',*,*,#2331,.T.);
#1742=ORIENTED_EDGE('',*,*,#2328,.T.);
#1743=ORIENTED_EDGE('',*,*,#2325,.T.);
#1744=ORIENTED_EDGE('',*,*,#2322,.T.);
#1745=ORIENTED_EDGE('',*,*,#2319,.T.);
#1746=ORIENTED_EDGE('',*,*,#2316,.T.);
#1747=ORIENTED_EDGE('',*,*,#2313,.T.);
#1748=ORIENTED_EDGE('',*,*,#2310,.T.);
#1749=ORIENTED_EDGE('',*,*,#1919,.F.);
#1750=ORIENTED_EDGE('',*,*,#2366,.F.);
#1751=ORIENTED_EDGE('',*,*,#2367,.T.);
#1752=ORIENTED_EDGE('',*,*,#2368,.T.);
#1753=ORIENTED_EDGE('',*,*,#1952,.F.);
#1754=ORIENTED_EDGE('',*,*,#2369,.F.);
#1755=ORIENTED_EDGE('',*,*,#2370,.T.);
#1756=ORIENTED_EDGE('',*,*,#2366,.T.);
#1757=ORIENTED_EDGE('',*,*,#1951,.F.);
#1758=ORIENTED_EDGE('',*,*,#2371,.F.);
#1759=ORIENTED_EDGE('',*,*,#2372,.T.);
#1760=ORIENTED_EDGE('',*,*,#2369,.T.);
#1761=ORIENTED_EDGE('',*,*,#1950,.F.);
#1762=ORIENTED_EDGE('',*,*,#2373,.F.);
#1763=ORIENTED_EDGE('',*,*,#2374,.T.);
#1764=ORIENTED_EDGE('',*,*,#2371,.T.);
#1765=ORIENTED_EDGE('',*,*,#1949,.F.);
#1766=ORIENTED_EDGE('',*,*,#2375,.F.);
#1767=ORIENTED_EDGE('',*,*,#2376,.T.);
#1768=ORIENTED_EDGE('',*,*,#2373,.T.);
#1769=ORIENTED_EDGE('',*,*,#1948,.F.);
#1770=ORIENTED_EDGE('',*,*,#2377,.F.);
#1771=ORIENTED_EDGE('',*,*,#2378,.T.);
#1772=ORIENTED_EDGE('',*,*,#2375,.T.);
#1773=ORIENTED_EDGE('',*,*,#1947,.F.);
#1774=ORIENTED_EDGE('',*,*,#2379,.F.);
#1775=ORIENTED_EDGE('',*,*,#2380,.T.);
#1776=ORIENTED_EDGE('',*,*,#2377,.T.);
#1777=ORIENTED_EDGE('',*,*,#1946,.F.);
#1778=ORIENTED_EDGE('',*,*,#2381,.F.);
#1779=ORIENTED_EDGE('',*,*,#2382,.T.);
#1780=ORIENTED_EDGE('',*,*,#2379,.T.);
#1781=ORIENTED_EDGE('',*,*,#1945,.F.);
#1782=ORIENTED_EDGE('',*,*,#2383,.F.);
#1783=ORIENTED_EDGE('',*,*,#2384,.T.);
#1784=ORIENTED_EDGE('',*,*,#2381,.T.);
#1785=ORIENTED_EDGE('',*,*,#1944,.F.);
#1786=ORIENTED_EDGE('',*,*,#2385,.F.);
#1787=ORIENTED_EDGE('',*,*,#2386,.T.);
#1788=ORIENTED_EDGE('',*,*,#2383,.T.);
#1789=ORIENTED_EDGE('',*,*,#1943,.F.);
#1790=ORIENTED_EDGE('',*,*,#2387,.F.);
#1791=ORIENTED_EDGE('',*,*,#2388,.T.);
#1792=ORIENTED_EDGE('',*,*,#2385,.T.);
#1793=ORIENTED_EDGE('',*,*,#1942,.F.);
#1794=ORIENTED_EDGE('',*,*,#2389,.F.);
#1795=ORIENTED_EDGE('',*,*,#2390,.T.);
#1796=ORIENTED_EDGE('',*,*,#2387,.T.);
#1797=ORIENTED_EDGE('',*,*,#1941,.F.);
#1798=ORIENTED_EDGE('',*,*,#2391,.F.);
#1799=ORIENTED_EDGE('',*,*,#2392,.T.);
#1800=ORIENTED_EDGE('',*,*,#2389,.T.);
#1801=ORIENTED_EDGE('',*,*,#1940,.F.);
#1802=ORIENTED_EDGE('',*,*,#2393,.F.);
#1803=ORIENTED_EDGE('',*,*,#2394,.T.);
#1804=ORIENTED_EDGE('',*,*,#2391,.T.);
#1805=ORIENTED_EDGE('',*,*,#1939,.F.);
#1806=ORIENTED_EDGE('',*,*,#2395,.F.);
#1807=ORIENTED_EDGE('',*,*,#2396,.T.);
#1808=ORIENTED_EDGE('',*,*,#2393,.T.);
#1809=ORIENTED_EDGE('',*,*,#1938,.F.);
#1810=ORIENTED_EDGE('',*,*,#2397,.F.);
#1811=ORIENTED_EDGE('',*,*,#2398,.T.);
#1812=ORIENTED_EDGE('',*,*,#2395,.T.);
#1813=ORIENTED_EDGE('',*,*,#1937,.F.);
#1814=ORIENTED_EDGE('',*,*,#2399,.F.);
#1815=ORIENTED_EDGE('',*,*,#2400,.T.);
#1816=ORIENTED_EDGE('',*,*,#2397,.T.);
#1817=ORIENTED_EDGE('',*,*,#1936,.F.);
#1818=ORIENTED_EDGE('',*,*,#2401,.F.);
#1819=ORIENTED_EDGE('',*,*,#2402,.T.);
#1820=ORIENTED_EDGE('',*,*,#2399,.T.);
#1821=ORIENTED_EDGE('',*,*,#1935,.F.);
#1822=ORIENTED_EDGE('',*,*,#2403,.F.);
#1823=ORIENTED_EDGE('',*,*,#2404,.T.);
#1824=ORIENTED_EDGE('',*,*,#2401,.T.);
#1825=ORIENTED_EDGE('',*,*,#1934,.F.);
#1826=ORIENTED_EDGE('',*,*,#2405,.F.);
#1827=ORIENTED_EDGE('',*,*,#2406,.T.);
#1828=ORIENTED_EDGE('',*,*,#2403,.T.);
#1829=ORIENTED_EDGE('',*,*,#1933,.F.);
#1830=ORIENTED_EDGE('',*,*,#2407,.F.);
#1831=ORIENTED_EDGE('',*,*,#2408,.T.);
#1832=ORIENTED_EDGE('',*,*,#2405,.T.);
#1833=ORIENTED_EDGE('',*,*,#1932,.F.);
#1834=ORIENTED_EDGE('',*,*,#2409,.F.);
#1835=ORIENTED_EDGE('',*,*,#2410,.T.);
#1836=ORIENTED_EDGE('',*,*,#2407,.T.);
#1837=ORIENTED_EDGE('',*,*,#1931,.F.);
#1838=ORIENTED_EDGE('',*,*,#2411,.F.);
#1839=ORIENTED_EDGE('',*,*,#2412,.T.);
#1840=ORIENTED_EDGE('',*,*,#2409,.T.);
#1841=ORIENTED_EDGE('',*,*,#1930,.F.);
#1842=ORIENTED_EDGE('',*,*,#2413,.F.);
#1843=ORIENTED_EDGE('',*,*,#2414,.T.);
#1844=ORIENTED_EDGE('',*,*,#2411,.T.);
#1845=ORIENTED_EDGE('',*,*,#1929,.F.);
#1846=ORIENTED_EDGE('',*,*,#2415,.F.);
#1847=ORIENTED_EDGE('',*,*,#2416,.T.);
#1848=ORIENTED_EDGE('',*,*,#2413,.T.);
#1849=ORIENTED_EDGE('',*,*,#1928,.F.);
#1850=ORIENTED_EDGE('',*,*,#2417,.F.);
#1851=ORIENTED_EDGE('',*,*,#2418,.T.);
#1852=ORIENTED_EDGE('',*,*,#2415,.T.);
#1853=ORIENTED_EDGE('',*,*,#1927,.F.);
#1854=ORIENTED_EDGE('',*,*,#2419,.F.);
#1855=ORIENTED_EDGE('',*,*,#2420,.T.);
#1856=ORIENTED_EDGE('',*,*,#2417,.T.);
#1857=ORIENTED_EDGE('',*,*,#1926,.F.);
#1858=ORIENTED_EDGE('',*,*,#2421,.F.);
#1859=ORIENTED_EDGE('',*,*,#2422,.T.);
#1860=ORIENTED_EDGE('',*,*,#2419,.T.);
#1861=ORIENTED_EDGE('',*,*,#1925,.F.);
#1862=ORIENTED_EDGE('',*,*,#2423,.F.);
#1863=ORIENTED_EDGE('',*,*,#2424,.T.);
#1864=ORIENTED_EDGE('',*,*,#2421,.T.);
#1865=ORIENTED_EDGE('',*,*,#1924,.F.);
#1866=ORIENTED_EDGE('',*,*,#2425,.F.);
#1867=ORIENTED_EDGE('',*,*,#2426,.T.);
#1868=ORIENTED_EDGE('',*,*,#2423,.T.);
#1869=ORIENTED_EDGE('',*,*,#1923,.F.);
#1870=ORIENTED_EDGE('',*,*,#2427,.F.);
#1871=ORIENTED_EDGE('',*,*,#2428,.T.);
#1872=ORIENTED_EDGE('',*,*,#2425,.T.);
#1873=ORIENTED_EDGE('',*,*,#1922,.F.);
#1874=ORIENTED_EDGE('',*,*,#2429,.F.);
#1875=ORIENTED_EDGE('',*,*,#2430,.T.);
#1876=ORIENTED_EDGE('',*,*,#2427,.T.);
#1877=ORIENTED_EDGE('',*,*,#1921,.F.);
#1878=ORIENTED_EDGE('',*,*,#2431,.F.);
#1879=ORIENTED_EDGE('',*,*,#2432,.T.);
#1880=ORIENTED_EDGE('',*,*,#2429,.T.);
#1881=ORIENTED_EDGE('',*,*,#1920,.F.);
#1882=ORIENTED_EDGE('',*,*,#2368,.F.);
#1883=ORIENTED_EDGE('',*,*,#2433,.T.);
#1884=ORIENTED_EDGE('',*,*,#2431,.T.);
#1885=ORIENTED_EDGE('',*,*,#2367,.F.);
#1886=ORIENTED_EDGE('',*,*,#2370,.F.);
#1887=ORIENTED_EDGE('',*,*,#2372,.F.);
#1888=ORIENTED_EDGE('',*,*,#2374,.F.);
#1889=ORIENTED_EDGE('',*,*,#2376,.F.);
#1890=ORIENTED_EDGE('',*,*,#2378,.F.);
#1891=ORIENTED_EDGE('',*,*,#2380,.F.);
#1892=ORIENTED_EDGE('',*,*,#2382,.F.);
#1893=ORIENTED_EDGE('',*,*,#2384,.F.);
#1894=ORIENTED_EDGE('',*,*,#2386,.F.);
#1895=ORIENTED_EDGE('',*,*,#2388,.F.);
#1896=ORIENTED_EDGE('',*,*,#2390,.F.);
#1897=ORIENTED_EDGE('',*,*,#2392,.F.);
#1898=ORIENTED_EDGE('',*,*,#2394,.F.);
#1899=ORIENTED_EDGE('',*,*,#2396,.F.);
#1900=ORIENTED_EDGE('',*,*,#2398,.F.);
#1901=ORIENTED_EDGE('',*,*,#2400,.F.);
#1902=ORIENTED_EDGE('',*,*,#2402,.F.);
#1903=ORIENTED_EDGE('',*,*,#2404,.F.);
#1904=ORIENTED_EDGE('',*,*,#2406,.F.);
#1905=ORIENTED_EDGE('',*,*,#2408,.F.);
#1906=ORIENTED_EDGE('',*,*,#2410,.F.);
#1907=ORIENTED_EDGE('',*,*,#2412,.F.);
#1908=ORIENTED_EDGE('',*,*,#2414,.F.);
#1909=ORIENTED_EDGE('',*,*,#2416,.F.);
#1910=ORIENTED_EDGE('',*,*,#2418,.F.);
#1911=ORIENTED_EDGE('',*,*,#2420,.F.);
#1912=ORIENTED_EDGE('',*,*,#2422,.F.);
#1913=ORIENTED_EDGE('',*,*,#2424,.F.);
#1914=ORIENTED_EDGE('',*,*,#2426,.F.);
#1915=ORIENTED_EDGE('',*,*,#2428,.F.);
#1916=ORIENTED_EDGE('',*,*,#2430,.F.);
#1917=ORIENTED_EDGE('',*,*,#2432,.F.);
#1918=ORIENTED_EDGE('',*,*,#2433,.F.);
#1919=EDGE_CURVE('',#2434,#2435,#2780,.T.);
#1920=EDGE_CURVE('',#2435,#2436,#2781,.T.);
#1921=EDGE_CURVE('',#2436,#2437,#2782,.T.);
#1922=EDGE_CURVE('',#2437,#2438,#83,.T.);
#1923=EDGE_CURVE('',#2438,#2439,#2783,.T.);
#1924=EDGE_CURVE('',#2439,#2440,#2784,.T.);
#1925=EDGE_CURVE('',#2440,#2441,#2785,.T.);
#1926=EDGE_CURVE('',#2441,#2442,#84,.T.);
#1927=EDGE_CURVE('',#2442,#2443,#2786,.T.);
#1928=EDGE_CURVE('',#2443,#2444,#2787,.T.);
#1929=EDGE_CURVE('',#2444,#2445,#2788,.T.);
#1930=EDGE_CURVE('',#2445,#2446,#85,.T.);
#1931=EDGE_CURVE('',#2446,#2447,#86,.T.);
#1932=EDGE_CURVE('',#2447,#2448,#87,.T.);
#1933=EDGE_CURVE('',#2448,#2449,#2789,.F.);
#1934=EDGE_CURVE('',#2449,#2450,#2790,.F.);
#1935=EDGE_CURVE('',#2450,#2451,#88,.T.);
#1936=EDGE_CURVE('',#2451,#2452,#2791,.F.);
#1937=EDGE_CURVE('',#2452,#2453,#2792,.F.);
#1938=EDGE_CURVE('',#2453,#2454,#89,.T.);
#1939=EDGE_CURVE('',#2454,#2455,#2793,.F.);
#1940=EDGE_CURVE('',#2455,#2456,#2794,.F.);
#1941=EDGE_CURVE('',#2456,#2457,#90,.T.);
#1942=EDGE_CURVE('',#2457,#2458,#2795,.F.);
#1943=EDGE_CURVE('',#2458,#2459,#2796,.F.);
#1944=EDGE_CURVE('',#2459,#2460,#91,.T.);
#1945=EDGE_CURVE('',#2460,#2461,#92,.T.);
#1946=EDGE_CURVE('',#2461,#2462,#93,.T.);
#1947=EDGE_CURVE('',#2462,#2463,#94,.T.);
#1948=EDGE_CURVE('',#2463,#2464,#95,.T.);
#1949=EDGE_CURVE('',#2464,#2465,#2797,.T.);
#1950=EDGE_CURVE('',#2465,#2466,#2798,.T.);
#1951=EDGE_CURVE('',#2466,#2467,#2799,.T.);
#1952=EDGE_CURVE('',#2467,#2434,#96,.T.);
#1953=EDGE_CURVE('',#2468,#2469,#97,.T.);
#1954=EDGE_CURVE('',#2469,#2470,#98,.T.);
#1955=EDGE_CURVE('',#2470,#2471,#2800,.T.);
#1956=EDGE_CURVE('',#2471,#2472,#2801,.T.);
#1957=EDGE_CURVE('',#2472,#2473,#2802,.T.);
#1958=EDGE_CURVE('',#2473,#2474,#99,.T.);
#1959=EDGE_CURVE('',#2474,#2475,#2803,.T.);
#1960=EDGE_CURVE('',#2475,#2476,#2804,.T.);
#1961=EDGE_CURVE('',#2476,#2477,#2805,.T.);
#1962=EDGE_CURVE('',#2477,#2478,#100,.T.);
#1963=EDGE_CURVE('',#2478,#2479,#101,.T.);
#1964=EDGE_CURVE('',#2479,#2468,#102,.T.);
#1965=EDGE_CURVE('',#2480,#2481,#103,.T.);
#1966=EDGE_CURVE('',#2481,#2482,#104,.T.);
#1967=EDGE_CURVE('',#2482,#2483,#105,.T.);
#1968=EDGE_CURVE('',#2483,#2484,#106,.T.);
#1969=EDGE_CURVE('',#2484,#2485,#107,.T.);
#1970=EDGE_CURVE('',#2485,#2486,#108,.T.);
#1971=EDGE_CURVE('',#2486,#2487,#109,.T.);
#1972=EDGE_CURVE('',#2487,#2480,#110,.T.);
#1973=EDGE_CURVE('',#2488,#2489,#111,.T.);
#1974=EDGE_CURVE('',#2489,#2490,#112,.T.);
#1975=EDGE_CURVE('',#2490,#2491,#113,.T.);
#1976=EDGE_CURVE('',#2491,#2488,#114,.T.);
#1977=EDGE_CURVE('',#2492,#2493,#115,.T.);
#1978=EDGE_CURVE('',#2493,#2494,#116,.T.);
#1979=EDGE_CURVE('',#2494,#2495,#117,.T.);
#1980=EDGE_CURVE('',#2495,#2496,#118,.T.);
#1981=EDGE_CURVE('',#2496,#2497,#119,.T.);
#1982=EDGE_CURVE('',#2497,#2498,#120,.T.);
#1983=EDGE_CURVE('',#2498,#2499,#121,.T.);
#1984=EDGE_CURVE('',#2499,#2500,#122,.T.);
#1985=EDGE_CURVE('',#2500,#2501,#123,.T.);
#1986=EDGE_CURVE('',#2501,#2502,#124,.T.);
#1987=EDGE_CURVE('',#2502,#2503,#125,.T.);
#1988=EDGE_CURVE('',#2503,#2492,#126,.T.);
#1989=EDGE_CURVE('',#2504,#2505,#68,.T.);
#1990=EDGE_CURVE('',#2506,#2505,#69,.T.);
#1991=EDGE_CURVE('',#2506,#2507,#127,.T.);
#1992=EDGE_CURVE('',#2508,#2507,#70,.T.);
#1993=EDGE_CURVE('',#2508,#2509,#71,.T.);
#1994=EDGE_CURVE('',#2509,#2510,#72,.T.);
#1995=EDGE_CURVE('',#2510,#2504,#73,.T.);
#1996=EDGE_CURVE('',#2511,#2511,#2806,.T.);
#1997=EDGE_CURVE('',#2512,#2512,#2807,.T.);
#1998=EDGE_CURVE('',#2513,#2514,#128,.T.);
#1999=EDGE_CURVE('',#2513,#2515,#74,.T.);
#2000=EDGE_CURVE('',#2516,#2515,#129,.T.);
#2001=EDGE_CURVE('',#2516,#2517,#130,.T.);
#2002=EDGE_CURVE('',#2517,#2518,#131,.T.);
#2003=EDGE_CURVE('',#2514,#2518,#132,.T.);
#2004=EDGE_CURVE('',#2519,#2519,#2808,.T.);
#2005=EDGE_CURVE('',#2520,#2520,#2809,.T.);
#2006=EDGE_CURVE('',#2521,#2522,#133,.T.);
#2007=EDGE_CURVE('',#2522,#2523,#134,.T.);
#2008=EDGE_CURVE('',#2523,#2524,#135,.T.);
#2009=EDGE_CURVE('',#2524,#2521,#136,.T.);
#2010=EDGE_CURVE('',#2525,#2526,#137,.T.);
#2011=EDGE_CURVE('',#2525,#2527,#138,.T.);
#2012=EDGE_CURVE('',#2527,#2528,#139,.T.);
#2013=EDGE_CURVE('',#2526,#2528,#140,.T.);
#2014=EDGE_CURVE('',#2529,#2530,#141,.T.);
#2015=EDGE_CURVE('',#2529,#2531,#142,.T.);
#2016=EDGE_CURVE('',#2531,#2532,#143,.T.);
#2017=EDGE_CURVE('',#2530,#2532,#144,.T.);
#2018=EDGE_CURVE('',#2533,#2534,#145,.T.);
#2019=EDGE_CURVE('',#2533,#2531,#146,.T.);
#2020=EDGE_CURVE('',#2534,#2529,#147,.T.);
#2021=EDGE_CURVE('',#2535,#2536,#148,.T.);
#2022=EDGE_CURVE('',#2536,#2537,#149,.T.);
#2023=EDGE_CURVE('',#2537,#2538,#150,.T.);
#2024=EDGE_CURVE('',#2535,#2538,#151,.T.);
#2025=EDGE_CURVE('',#2539,#2540,#152,.T.);
#2026=EDGE_CURVE('',#2539,#2541,#153,.T.);
#2027=EDGE_CURVE('',#2542,#2541,#154,.T.);
#2028=EDGE_CURVE('',#2542,#2543,#155,.T.);
#2029=EDGE_CURVE('',#2540,#2543,#156,.T.);
#2030=EDGE_CURVE('',#2544,#2534,#157,.T.);
#2031=EDGE_CURVE('',#2544,#2530,#158,.T.);
#2032=EDGE_CURVE('',#2545,#2533,#159,.T.);
#2033=EDGE_CURVE('',#2545,#2532,#160,.T.);
#2034=EDGE_CURVE('',#2546,#2546,#2810,.T.);
#2035=EDGE_CURVE('',#2547,#2547,#2811,.T.);
#2036=EDGE_CURVE('',#2548,#2549,#161,.T.);
#2037=EDGE_CURVE('',#2550,#2548,#162,.T.);
#2038=EDGE_CURVE('',#2550,#2551,#163,.T.);
#2039=EDGE_CURVE('',#2551,#2549,#164,.T.);
#2040=EDGE_CURVE('',#2552,#2552,#2812,.T.);
#2041=EDGE_CURVE('',#2553,#2553,#2813,.T.);
#2042=EDGE_CURVE('',#2554,#2555,#165,.T.);
#2043=EDGE_CURVE('',#2555,#2556,#166,.T.);
#2044=EDGE_CURVE('',#2556,#2557,#167,.T.);
#2045=EDGE_CURVE('',#2557,#2539,#168,.T.);
#2046=EDGE_CURVE('',#2540,#2558,#169,.T.);
#2047=EDGE_CURVE('',#2559,#2558,#170,.T.);
#2048=EDGE_CURVE('',#2554,#2559,#171,.T.);
#2049=EDGE_CURVE('',#2560,#2561,#172,.T.);
#2050=EDGE_CURVE('',#2561,#2562,#173,.T.);
#2051=EDGE_CURVE('',#2563,#2562,#174,.T.);
#2052=EDGE_CURVE('',#2560,#2563,#175,.T.);
#2053=EDGE_CURVE('',#2564,#2564,#2814,.T.);
#2054=EDGE_CURVE('',#2565,#2565,#2815,.T.);
#2055=EDGE_CURVE('',#2566,#2566,#2816,.T.);
#2056=EDGE_CURVE('',#2567,#2567,#2817,.T.);
#2057=EDGE_CURVE('',#2568,#2568,#2818,.T.);
#2058=EDGE_CURVE('',#2569,#2569,#2819,.T.);
#2059=EDGE_CURVE('',#2570,#2571,#176,.T.);
#2060=EDGE_CURVE('',#2571,#2572,#177,.T.);
#2061=EDGE_CURVE('',#2572,#2573,#178,.T.);
#2062=EDGE_CURVE('',#2573,#2574,#179,.T.);
#2063=EDGE_CURVE('',#2574,#2575,#180,.T.);
#2064=EDGE_CURVE('',#2575,#2576,#181,.T.);
#2065=EDGE_CURVE('',#2576,#2577,#182,.T.);
#2066=EDGE_CURVE('',#2577,#2578,#183,.T.);
#2067=EDGE_CURVE('',#2578,#2579,#184,.T.);
#2068=EDGE_CURVE('',#2579,#2580,#185,.T.);
#2069=EDGE_CURVE('',#2580,#2581,#186,.T.);
#2070=EDGE_CURVE('',#2581,#2570,#187,.T.);
#2071=EDGE_CURVE('',#2582,#2583,#188,.T.);
#2072=EDGE_CURVE('',#2582,#2584,#189,.T.);
#2073=EDGE_CURVE('',#2584,#2585,#190,.T.);
#2074=EDGE_CURVE('',#2583,#2585,#191,.T.);
#2075=EDGE_CURVE('',#2586,#2587,#2820,.T.);
#2076=EDGE_CURVE('',#2586,#2588,#192,.T.);
#2077=EDGE_CURVE('',#2588,#2589,#193,.T.);
#2078=EDGE_CURVE('',#2590,#2589,#194,.T.);
#2079=EDGE_CURVE('',#2591,#2590,#2821,.T.);
#2080=EDGE_CURVE('',#2592,#2591,#195,.T.);
#2081=EDGE_CURVE('',#2593,#2592,#196,.T.);
#2082=EDGE_CURVE('',#2593,#2587,#197,.T.);
#2083=EDGE_CURVE('',#2542,#2594,#198,.T.);
#2084=EDGE_CURVE('',#2594,#2595,#199,.T.);
#2085=EDGE_CURVE('',#2595,#2596,#200,.T.);
#2086=EDGE_CURVE('',#2597,#2596,#201,.T.);
#2087=EDGE_CURVE('',#2597,#2598,#202,.T.);
#2088=EDGE_CURVE('',#2598,#2599,#203,.T.);
#2089=EDGE_CURVE('',#2543,#2599,#204,.T.);
#2090=EDGE_CURVE('',#2600,#2537,#205,.T.);
#2091=EDGE_CURVE('',#2601,#2600,#206,.T.);
#2092=EDGE_CURVE('',#2538,#2601,#207,.T.);
#2093=EDGE_CURVE('',#2602,#2602,#2822,.T.);
#2094=EDGE_CURVE('',#2603,#2603,#2823,.T.);
#2095=EDGE_CURVE('',#2604,#2604,#2824,.T.);
#2096=EDGE_CURVE('',#2605,#2606,#208,.T.);
#2097=EDGE_CURVE('',#2605,#2607,#209,.T.);
#2098=EDGE_CURVE('',#2607,#2608,#210,.T.);
#2099=EDGE_CURVE('',#2609,#2608,#211,.T.);
#2100=EDGE_CURVE('',#2610,#2609,#212,.T.);
#2101=EDGE_CURVE('',#2610,#2611,#213,.T.);
#2102=EDGE_CURVE('',#2611,#2612,#214,.T.);
#2103=EDGE_CURVE('',#2606,#2612,#215,.T.);
#2104=EDGE_CURVE('',#2613,#2614,#216,.T.);
#2105=EDGE_CURVE('',#2613,#2615,#2825,.T.);
#2106=EDGE_CURVE('',#2616,#2615,#217,.T.);
#2107=EDGE_CURVE('',#2616,#2617,#218,.T.);
#2108=EDGE_CURVE('',#2617,#2618,#219,.T.);
#2109=EDGE_CURVE('',#2618,#2619,#2826,.T.);
#2110=EDGE_CURVE('',#2619,#2620,#220,.T.);
#2111=EDGE_CURVE('',#2614,#2620,#221,.T.);
#2112=EDGE_CURVE('',#2621,#2622,#222,.T.);
#2113=EDGE_CURVE('',#2621,#2623,#223,.T.);
#2114=EDGE_CURVE('',#2623,#2607,#224,.T.);
#2115=EDGE_CURVE('',#2624,#2605,#225,.T.);
#2116=EDGE_CURVE('',#2624,#2622,#226,.T.);
#2117=EDGE_CURVE('',#2625,#2626,#227,.T.);
#2118=EDGE_CURVE('',#2625,#2621,#228,.T.);
#2119=EDGE_CURVE('',#2622,#2626,#229,.T.);
#2120=EDGE_CURVE('',#2627,#2628,#230,.T.);
#2121=EDGE_CURVE('',#2627,#2625,#231,.T.);
#2122=EDGE_CURVE('',#2626,#2629,#232,.T.);
#2123=EDGE_CURVE('',#2629,#2630,#233,.T.);
#2124=EDGE_CURVE('',#2630,#2628,#234,.T.);
#2125=EDGE_CURVE('',#2631,#2632,#235,.T.);
#2126=EDGE_CURVE('',#2631,#2633,#236,.T.);
#2127=EDGE_CURVE('',#2633,#2634,#237,.T.);
#2128=EDGE_CURVE('',#2635,#2634,#238,.T.);
#2129=EDGE_CURVE('',#2636,#2635,#239,.T.);
#2130=EDGE_CURVE('',#2637,#2636,#240,.T.);
#2131=EDGE_CURVE('',#2637,#2606,#241,.T.);
#2132=EDGE_CURVE('',#2638,#2612,#242,.T.);
#2133=EDGE_CURVE('',#2638,#2639,#243,.T.);
#2134=EDGE_CURVE('',#2639,#2640,#244,.T.);
#2135=EDGE_CURVE('',#2640,#2632,#245,.T.);
#2136=EDGE_CURVE('',#2624,#2637,#246,.T.);
#2137=EDGE_CURVE('',#2636,#2629,#247,.T.);
#2138=EDGE_CURVE('',#2635,#2630,#248,.T.);
#2139=EDGE_CURVE('',#2633,#2627,#249,.T.);
#2140=EDGE_CURVE('',#2634,#2628,#250,.T.);
#2141=EDGE_CURVE('',#2641,#2642,#251,.T.);
#2142=EDGE_CURVE('',#2641,#2643,#252,.T.);
#2143=EDGE_CURVE('',#2643,#2644,#253,.T.);
#2144=EDGE_CURVE('',#2645,#2644,#254,.T.);
#2145=EDGE_CURVE('',#2646,#2645,#255,.T.);
#2146=EDGE_CURVE('',#2642,#2646,#256,.T.);
#2147=EDGE_CURVE('',#2647,#2648,#257,.T.);
#2148=EDGE_CURVE('',#2647,#2641,#258,.T.);
#2149=EDGE_CURVE('',#2648,#2642,#259,.T.);
#2150=EDGE_CURVE('',#2649,#2610,#260,.T.);
#2151=EDGE_CURVE('',#2649,#2647,#261,.T.);
#2152=EDGE_CURVE('',#2650,#2648,#262,.T.);
#2153=EDGE_CURVE('',#2650,#2611,#263,.T.);
#2154=EDGE_CURVE('',#2650,#2638,#264,.T.);
#2155=EDGE_CURVE('',#2639,#2646,#265,.T.);
#2156=EDGE_CURVE('',#2651,#2609,#266,.T.);
#2157=EDGE_CURVE('',#2651,#2649,#267,.T.);
#2158=EDGE_CURVE('',#2652,#2608,#268,.T.);
#2159=EDGE_CURVE('',#2652,#2651,#269,.T.);
#2160=EDGE_CURVE('',#2623,#2652,#270,.T.);
#2161=EDGE_CURVE('',#2640,#2645,#271,.T.);
#2162=EDGE_CURVE('',#2643,#2631,#272,.T.);
#2163=EDGE_CURVE('',#2632,#2644,#273,.T.);
#2164=EDGE_CURVE('',#2525,#2582,#274,.T.);
#2165=EDGE_CURVE('',#2526,#2584,#275,.T.);
#2166=EDGE_CURVE('',#2527,#2583,#276,.T.);
#2167=EDGE_CURVE('',#2528,#2585,#277,.T.);
#2168=EDGE_CURVE('',#2614,#2588,#278,.T.);
#2169=EDGE_CURVE('',#2613,#2586,#279,.T.);
#2170=EDGE_CURVE('',#2615,#2587,#280,.T.);
#2171=EDGE_CURVE('',#2616,#2593,#281,.T.);
#2172=EDGE_CURVE('',#2617,#2592,#282,.T.);
#2173=EDGE_CURVE('',#2618,#2591,#283,.T.);
#2174=EDGE_CURVE('',#2619,#2590,#284,.T.);
#2175=EDGE_CURVE('',#2620,#2589,#285,.T.);
#2176=EDGE_CURVE('',#2653,#2653,#2827,.T.);
#2177=EDGE_CURVE('',#2654,#2654,#2828,.T.);
#2178=EDGE_CURVE('',#2655,#2655,#2829,.T.);
#2179=EDGE_CURVE('',#2596,#2656,#286,.T.);
#2180=EDGE_CURVE('',#2656,#2555,#287,.T.);
#2181=EDGE_CURVE('',#2554,#2597,#288,.T.);
#2182=EDGE_CURVE('',#2558,#2599,#289,.T.);
#2183=EDGE_CURVE('',#2559,#2598,#290,.T.);
#2184=EDGE_CURVE('',#2643,#2577,#291,.T.);
#2185=EDGE_CURVE('',#2578,#2641,#292,.T.);
#2186=EDGE_CURVE('',#2579,#2647,#293,.T.);
#2187=EDGE_CURVE('',#2631,#2576,#294,.T.);
#2188=EDGE_CURVE('',#2580,#2649,#295,.F.);
#2189=EDGE_CURVE('',#2633,#2575,#296,.F.);
#2190=EDGE_CURVE('',#2581,#2651,#297,.T.);
#2191=EDGE_CURVE('',#2627,#2574,#298,.T.);
#2192=EDGE_CURVE('',#2570,#2652,#299,.F.);
#2193=EDGE_CURVE('',#2625,#2573,#300,.F.);
#2194=EDGE_CURVE('',#2571,#2623,#301,.T.);
#2195=EDGE_CURVE('',#2621,#2572,#302,.F.);
#2196=EDGE_CURVE('',#2561,#2657,#303,.T.);
#2197=EDGE_CURVE('',#2658,#2657,#304,.T.);
#2198=EDGE_CURVE('',#2562,#2658,#305,.T.);
#2199=EDGE_CURVE('',#2658,#2659,#306,.T.);
#2200=EDGE_CURVE('',#2563,#2659,#307,.T.);
#2201=EDGE_CURVE('',#2659,#2660,#308,.T.);
#2202=EDGE_CURVE('',#2560,#2660,#309,.T.);
#2203=EDGE_CURVE('',#2657,#2660,#310,.T.);
#2204=EDGE_CURVE('',#2545,#2544,#311,.T.);
#2205=EDGE_CURVE('',#2661,#2536,#312,.T.);
#2206=EDGE_CURVE('',#2535,#2662,#313,.T.);
#2207=EDGE_CURVE('',#2662,#2661,#314,.T.);
#2208=EDGE_CURVE('',#2662,#2601,#315,.T.);
#2209=EDGE_CURVE('',#2661,#2600,#316,.T.);
#2210=EDGE_CURVE('',#2541,#2663,#317,.T.);
#2211=EDGE_CURVE('',#2594,#2663,#318,.T.);
#2212=EDGE_CURVE('',#2663,#2664,#319,.T.);
#2213=EDGE_CURVE('',#2595,#2664,#320,.T.);
#2214=EDGE_CURVE('',#2664,#2656,#321,.T.);
#2215=EDGE_CURVE('',#2663,#2557,#322,.F.);
#2216=EDGE_CURVE('',#2664,#2556,#323,.F.);
#2217=EDGE_CURVE('',#2665,#2666,#324,.T.);
#2218=EDGE_CURVE('',#2666,#2667,#325,.T.);
#2219=EDGE_CURVE('',#2668,#2667,#326,.T.);
#2220=EDGE_CURVE('',#2668,#2665,#327,.T.);
#2221=EDGE_CURVE('',#2667,#2669,#328,.T.);
#2222=EDGE_CURVE('',#2670,#2669,#329,.T.);
#2223=EDGE_CURVE('',#2668,#2670,#330,.T.);
#2224=EDGE_CURVE('',#2669,#2671,#331,.T.);
#2225=EDGE_CURVE('',#2672,#2671,#332,.T.);
#2226=EDGE_CURVE('',#2670,#2672,#333,.T.);
#2227=EDGE_CURVE('',#2671,#2666,#334,.T.);
#2228=EDGE_CURVE('',#2665,#2672,#335,.T.);
#2229=EDGE_CURVE('',#2669,#2524,#336,.T.);
#2230=EDGE_CURVE('',#2521,#2667,#337,.T.);
#2231=EDGE_CURVE('',#2522,#2666,#338,.F.);
#2232=EDGE_CURVE('',#2671,#2523,#339,.T.);
#2233=EDGE_CURVE('',#2673,#2673,#75,.T.);
#2234=EDGE_CURVE('',#2674,#2674,#2830,.T.);
#2235=EDGE_CURVE('',#2675,#2675,#2831,.T.);
#2236=EDGE_CURVE('',#2676,#2676,#2832,.T.);
#2237=EDGE_CURVE('',#2677,#2677,#2833,.T.);
#2238=EDGE_CURVE('',#2549,#2516,#340,.T.);
#2239=EDGE_CURVE('',#2515,#2513,#76,.T.);
#2240=EDGE_CURVE('',#2548,#2514,#341,.T.);
#2241=EDGE_CURVE('',#2550,#2518,#342,.T.);
#2242=EDGE_CURVE('',#2551,#2517,#343,.T.);
#2243=EDGE_CURVE('',#2678,#2678,#2834,.T.);
#2244=EDGE_CURVE('',#2679,#2504,#344,.T.);
#2245=EDGE_CURVE('',#2679,#2680,#77,.T.);
#2246=EDGE_CURVE('',#2680,#2505,#345,.T.);
#2247=EDGE_CURVE('',#2681,#2510,#346,.T.);
#2248=EDGE_CURVE('',#2681,#2679,#78,.T.);
#2249=EDGE_CURVE('',#2682,#2509,#347,.T.);
#2250=EDGE_CURVE('',#2682,#2681,#79,.T.);
#2251=EDGE_CURVE('',#2683,#2508,#348,.T.);
#2252=EDGE_CURVE('',#2683,#2682,#80,.T.);
#2253=EDGE_CURVE('',#2684,#2507,#349,.T.);
#2254=EDGE_CURVE('',#2683,#2684,#81,.T.);
#2255=EDGE_CURVE('',#2685,#2506,#350,.T.);
#2256=EDGE_CURVE('',#2685,#2684,#351,.T.);
#2257=EDGE_CURVE('',#2685,#2680,#82,.T.);
#2258=EDGE_CURVE('',#2686,#2492,#352,.T.);
#2259=EDGE_CURVE('',#2686,#2687,#353,.T.);
#2260=EDGE_CURVE('',#2687,#2493,#354,.T.);
#2261=EDGE_CURVE('',#2688,#2503,#355,.T.);
#2262=EDGE_CURVE('',#2688,#2686,#356,.T.);
#2263=EDGE_CURVE('',#2689,#2502,#357,.T.);
#2264=EDGE_CURVE('',#2689,#2688,#358,.T.);
#2265=EDGE_CURVE('',#2690,#2501,#359,.T.);
#2266=EDGE_CURVE('',#2690,#2689,#360,.T.);
#2267=EDGE_CURVE('',#2691,#2500,#361,.T.);
#2268=EDGE_CURVE('',#2691,#2690,#362,.T.);
#2269=EDGE_CURVE('',#2692,#2499,#363,.T.);
#2270=EDGE_CURVE('',#2692,#2691,#364,.T.);
#2271=EDGE_CURVE('',#2693,#2498,#365,.T.);
#2272=EDGE_CURVE('',#2693,#2692,#366,.T.);
#2273=EDGE_CURVE('',#2694,#2497,#367,.T.);
#2274=EDGE_CURVE('',#2694,#2693,#368,.T.);
#2275=EDGE_CURVE('',#2695,#2496,#369,.T.);
#2276=EDGE_CURVE('',#2695,#2694,#370,.T.);
#2277=EDGE_CURVE('',#2696,#2495,#371,.T.);
#2278=EDGE_CURVE('',#2696,#2695,#372,.T.);
#2279=EDGE_CURVE('',#2697,#2494,#373,.T.);
#2280=EDGE_CURVE('',#2697,#2696,#374,.T.);
#2281=EDGE_CURVE('',#2687,#2697,#375,.T.);
#2282=EDGE_CURVE('',#2698,#2488,#376,.T.);
#2283=EDGE_CURVE('',#2698,#2699,#377,.T.);
#2284=EDGE_CURVE('',#2699,#2489,#378,.T.);
#2285=EDGE_CURVE('',#2700,#2491,#379,.T.);
#2286=EDGE_CURVE('',#2700,#2698,#380,.T.);
#2287=EDGE_CURVE('',#2701,#2490,#381,.T.);
#2288=EDGE_CURVE('',#2701,#2700,#382,.T.);
#2289=EDGE_CURVE('',#2699,#2701,#383,.T.);
#2290=EDGE_CURVE('',#2702,#2480,#384,.T.);
#2291=EDGE_CURVE('',#2702,#2703,#385,.T.);
#2292=EDGE_CURVE('',#2703,#2481,#386,.T.);
#2293=EDGE_CURVE('',#2704,#2487,#387,.T.);
#2294=EDGE_CURVE('',#2704,#2702,#388,.T.);
#2295=EDGE_CURVE('',#2705,#2486,#389,.T.);
#2296=EDGE_CURVE('',#2705,#2704,#390,.T.);
#2297=EDGE_CURVE('',#2706,#2485,#391,.T.);
#2298=EDGE_CURVE('',#2706,#2705,#392,.T.);
#2299=EDGE_CURVE('',#2707,#2484,#393,.T.);
#2300=EDGE_CURVE('',#2707,#2706,#394,.T.);
#2301=EDGE_CURVE('',#2708,#2483,#395,.T.);
#2302=EDGE_CURVE('',#2708,#2707,#396,.T.);
#2303=EDGE_CURVE('',#2709,#2482,#397,.T.);
#2304=EDGE_CURVE('',#2709,#2708,#398,.T.);
#2305=EDGE_CURVE('',#2703,#2709,#399,.T.);
#2306=EDGE_CURVE('',#2710,#2711,#400,.T.);
#2307=EDGE_CURVE('',#2712,#2710,#401,.T.);
#2308=EDGE_CURVE('',#2712,#2713,#402,.T.);
#2309=EDGE_CURVE('',#2713,#2711,#403,.T.);
#2310=EDGE_CURVE('',#2714,#2710,#2835,.F.);
#2311=EDGE_CURVE('',#2715,#2714,#404,.T.);
#2312=EDGE_CURVE('',#2715,#2712,#2836,.F.);
#2313=EDGE_CURVE('',#2716,#2714,#2837,.F.);
#2314=EDGE_CURVE('',#2717,#2716,#405,.T.);
#2315=EDGE_CURVE('',#2717,#2715,#2838,.F.);
#2316=EDGE_CURVE('',#2718,#2716,#406,.T.);
#2317=EDGE_CURVE('',#2719,#2718,#407,.T.);
#2318=EDGE_CURVE('',#2719,#2717,#408,.T.);
#2319=EDGE_CURVE('',#2720,#2718,#2839,.F.);
#2320=EDGE_CURVE('',#2721,#2720,#409,.T.);
#2321=EDGE_CURVE('',#2721,#2719,#2840,.F.);
#2322=EDGE_CURVE('',#2722,#2720,#2841,.F.);
#2323=EDGE_CURVE('',#2723,#2722,#410,.T.);
#2324=EDGE_CURVE('',#2723,#2721,#2842,.F.);
#2325=EDGE_CURVE('',#2724,#2722,#411,.T.);
#2326=EDGE_CURVE('',#2725,#2724,#412,.T.);
#2327=EDGE_CURVE('',#2725,#2723,#413,.T.);
#2328=EDGE_CURVE('',#2726,#2724,#2843,.F.);
#2329=EDGE_CURVE('',#2727,#2726,#414,.T.);
#2330=EDGE_CURVE('',#2727,#2725,#2844,.F.);
#2331=EDGE_CURVE('',#2728,#2726,#2845,.F.);
#2332=EDGE_CURVE('',#2729,#2728,#415,.T.);
#2333=EDGE_CURVE('',#2729,#2727,#2846,.F.);
#2334=EDGE_CURVE('',#2730,#2728,#416,.T.);
#2335=EDGE_CURVE('',#2731,#2730,#417,.T.);
#2336=EDGE_CURVE('',#2731,#2729,#418,.T.);
#2337=EDGE_CURVE('',#2732,#2730,#2847,.F.);
#2338=EDGE_CURVE('',#2733,#2732,#419,.T.);
#2339=EDGE_CURVE('',#2733,#2731,#2848,.F.);
#2340=EDGE_CURVE('',#2734,#2468,#420,.T.);
#2341=EDGE_CURVE('',#2734,#2735,#421,.T.);
#2342=EDGE_CURVE('',#2735,#2469,#422,.T.);
#2343=EDGE_CURVE('',#2736,#2479,#423,.T.);
#2344=EDGE_CURVE('',#2736,#2734,#424,.T.);
#2345=EDGE_CURVE('',#2737,#2478,#425,.T.);
#2346=EDGE_CURVE('',#2737,#2736,#426,.T.);
#2347=EDGE_CURVE('',#2738,#2477,#427,.T.);
#2348=EDGE_CURVE('',#2738,#2737,#428,.T.);
#2349=EDGE_CURVE('',#2739,#2476,#429,.T.);
#2350=EDGE_CURVE('',#2739,#2738,#2849,.T.);
#2351=EDGE_CURVE('',#2740,#2475,#430,.T.);
#2352=EDGE_CURVE('',#2740,#2739,#2850,.T.);
#2353=EDGE_CURVE('',#2741,#2474,#431,.T.);
#2354=EDGE_CURVE('',#2741,#2740,#2851,.T.);
#2355=EDGE_CURVE('',#2742,#2473,#432,.T.);
#2356=EDGE_CURVE('',#2742,#2741,#433,.T.);
#2357=EDGE_CURVE('',#2743,#2472,#434,.T.);
#2358=EDGE_CURVE('',#2743,#2742,#2852,.T.);
#2359=EDGE_CURVE('',#2744,#2471,#435,.T.);
#2360=EDGE_CURVE('',#2744,#2743,#2853,.T.);
#2361=EDGE_CURVE('',#2745,#2470,#436,.T.);
#2362=EDGE_CURVE('',#2745,#2744,#2854,.T.);
#2363=EDGE_CURVE('',#2735,#2745,#437,.T.);
#2364=EDGE_CURVE('',#2711,#2732,#2855,.F.);
#2365=EDGE_CURVE('',#2713,#2733,#2856,.F.);
#2366=EDGE_CURVE('',#2746,#2434,#438,.T.);
#2367=EDGE_CURVE('',#2746,#2747,#2857,.T.);
#2368=EDGE_CURVE('',#2747,#2435,#439,.T.);
#2369=EDGE_CURVE('',#2748,#2467,#440,.T.);
#2370=EDGE_CURVE('',#2748,#2746,#441,.T.);
#2371=EDGE_CURVE('',#2749,#2466,#442,.T.);
#2372=EDGE_CURVE('',#2749,#2748,#2858,.T.);
#2373=EDGE_CURVE('',#2750,#2465,#443,.T.);
#2374=EDGE_CURVE('',#2750,#2749,#2859,.T.);
#2375=EDGE_CURVE('',#2751,#2464,#444,.T.);
#2376=EDGE_CURVE('',#2751,#2750,#2860,.T.);
#2377=EDGE_CURVE('',#2752,#2463,#445,.T.);
#2378=EDGE_CURVE('',#2752,#2751,#446,.T.);
#2379=EDGE_CURVE('',#2753,#2462,#447,.T.);
#2380=EDGE_CURVE('',#2753,#2752,#448,.T.);
#2381=EDGE_CURVE('',#2754,#2461,#449,.T.);
#2382=EDGE_CURVE('',#2754,#2753,#450,.T.);
#2383=EDGE_CURVE('',#2755,#2460,#451,.T.);
#2384=EDGE_CURVE('',#2755,#2754,#452,.T.);
#2385=EDGE_CURVE('',#2756,#2459,#453,.T.);
#2386=EDGE_CURVE('',#2756,#2755,#454,.T.);
#2387=EDGE_CURVE('',#2757,#2458,#455,.T.);
#2388=EDGE_CURVE('',#2757,#2756,#2861,.F.);
#2389=EDGE_CURVE('',#2758,#2457,#456,.T.);
#2390=EDGE_CURVE('',#2758,#2757,#2862,.F.);
#2391=EDGE_CURVE('',#2759,#2456,#457,.T.);
#2392=EDGE_CURVE('',#2759,#2758,#458,.T.);
#2393=EDGE_CURVE('',#2760,#2455,#459,.T.);
#2394=EDGE_CURVE('',#2760,#2759,#2863,.F.);
#2395=EDGE_CURVE('',#2761,#2454,#460,.T.);
#2396=EDGE_CURVE('',#2761,#2760,#2864,.F.);
#2397=EDGE_CURVE('',#2762,#2453,#461,.T.);
#2398=EDGE_CURVE('',#2762,#2761,#462,.T.);
#2399=EDGE_CURVE('',#2763,#2452,#463,.T.);
#2400=EDGE_CURVE('',#2763,#2762,#2865,.F.);
#2401=EDGE_CURVE('',#2764,#2451,#464,.T.);
#2402=EDGE_CURVE('',#2764,#2763,#2866,.F.);
#2403=EDGE_CURVE('',#2765,#2450,#465,.T.);
#2404=EDGE_CURVE('',#2765,#2764,#466,.T.);
#2405=EDGE_CURVE('',#2766,#2449,#467,.T.);
#2406=EDGE_CURVE('',#2766,#2765,#2867,.F.);
#2407=EDGE_CURVE('',#2767,#2448,#468,.T.);
#2408=EDGE_CURVE('',#2767,#2766,#2868,.F.);
#2409=EDGE_CURVE('',#2768,#2447,#469,.T.);
#2410=EDGE_CURVE('',#2768,#2767,#470,.T.);
#2411=EDGE_CURVE('',#2769,#2446,#471,.T.);
#2412=EDGE_CURVE('',#2769,#2768,#472,.T.);
#2413=EDGE_CURVE('',#2770,#2445,#473,.T.);
#2414=EDGE_CURVE('',#2770,#2769,#474,.T.);
#2415=EDGE_CURVE('',#2771,#2444,#475,.T.);
#2416=EDGE_CURVE('',#2771,#2770,#2869,.T.);
#2417=EDGE_CURVE('',#2772,#2443,#476,.T.);
#2418=EDGE_CURVE('',#2772,#2771,#2870,.T.);
#2419=EDGE_CURVE('',#2773,#2442,#477,.T.);
#2420=EDGE_CURVE('',#2773,#2772,#2871,.T.);
#2421=EDGE_CURVE('',#2774,#2441,#478,.T.);
#2422=EDGE_CURVE('',#2774,#2773,#479,.T.);
#2423=EDGE_CURVE('',#2775,#2440,#480,.T.);
#2424=EDGE_CURVE('',#2775,#2774,#2872,.T.);
#2425=EDGE_CURVE('',#2776,#2439,#481,.T.);
#2426=EDGE_CURVE('',#2776,#2775,#2873,.T.);
#2427=EDGE_CURVE('',#2777,#2438,#482,.T.);
#2428=EDGE_CURVE('',#2777,#2776,#2874,.T.);
#2429=EDGE_CURVE('',#2778,#2437,#483,.T.);
#2430=EDGE_CURVE('',#2778,#2777,#484,.T.);
#2431=EDGE_CURVE('',#2779,#2436,#485,.T.);
#2432=EDGE_CURVE('',#2779,#2778,#2875,.T.);
#2433=EDGE_CURVE('',#2747,#2779,#2876,.T.);
#2434=VERTEX_POINT('',#5023);
#2435=VERTEX_POINT('',#5024);
#2436=VERTEX_POINT('',#5026);
#2437=VERTEX_POINT('',#5028);
#2438=VERTEX_POINT('',#5030);
#2439=VERTEX_POINT('',#5032);
#2440=VERTEX_POINT('',#5034);
#2441=VERTEX_POINT('',#5036);
#2442=VERTEX_POINT('',#5038);
#2443=VERTEX_POINT('',#5040);
#2444=VERTEX_POINT('',#5042);
#2445=VERTEX_POINT('',#5044);
#2446=VERTEX_POINT('',#5046);
#2447=VERTEX_POINT('',#5048);
#2448=VERTEX_POINT('',#5050);
#2449=VERTEX_POINT('',#5052);
#2450=VERTEX_POINT('',#5054);
#2451=VERTEX_POINT('',#5056);
#2452=VERTEX_POINT('',#5058);
#2453=VERTEX_POINT('',#5060);
#2454=VERTEX_POINT('',#5062);
#2455=VERTEX_POINT('',#5064);
#2456=VERTEX_POINT('',#5066);
#2457=VERTEX_POINT('',#5068);
#2458=VERTEX_POINT('',#5070);
#2459=VERTEX_POINT('',#5072);
#2460=VERTEX_POINT('',#5074);
#2461=VERTEX_POINT('',#5076);
#2462=VERTEX_POINT('',#5078);
#2463=VERTEX_POINT('',#5080);
#2464=VERTEX_POINT('',#5082);
#2465=VERTEX_POINT('',#5084);
#2466=VERTEX_POINT('',#5086);
#2467=VERTEX_POINT('',#5088);
#2468=VERTEX_POINT('',#5091);
#2469=VERTEX_POINT('',#5092);
#2470=VERTEX_POINT('',#5094);
#2471=VERTEX_POINT('',#5096);
#2472=VERTEX_POINT('',#5098);
#2473=VERTEX_POINT('',#5100);
#2474=VERTEX_POINT('',#5102);
#2475=VERTEX_POINT('',#5104);
#2476=VERTEX_POINT('',#5106);
#2477=VERTEX_POINT('',#5108);
#2478=VERTEX_POINT('',#5110);
#2479=VERTEX_POINT('',#5112);
#2480=VERTEX_POINT('',#5115);
#2481=VERTEX_POINT('',#5116);
#2482=VERTEX_POINT('',#5118);
#2483=VERTEX_POINT('',#5120);
#2484=VERTEX_POINT('',#5122);
#2485=VERTEX_POINT('',#5124);
#2486=VERTEX_POINT('',#5126);
#2487=VERTEX_POINT('',#5128);
#2488=VERTEX_POINT('',#5131);
#2489=VERTEX_POINT('',#5132);
#2490=VERTEX_POINT('',#5134);
#2491=VERTEX_POINT('',#5136);
#2492=VERTEX_POINT('',#5139);
#2493=VERTEX_POINT('',#5140);
#2494=VERTEX_POINT('',#5142);
#2495=VERTEX_POINT('',#5144);
#2496=VERTEX_POINT('',#5146);
#2497=VERTEX_POINT('',#5148);
#2498=VERTEX_POINT('',#5150);
#2499=VERTEX_POINT('',#5152);
#2500=VERTEX_POINT('',#5154);
#2501=VERTEX_POINT('',#5156);
#2502=VERTEX_POINT('',#5158);
#2503=VERTEX_POINT('',#5160);
#2504=VERTEX_POINT('',#5171);
#2505=VERTEX_POINT('',#5172);
#2506=VERTEX_POINT('',#5179);
#2507=VERTEX_POINT('',#5181);
#2508=VERTEX_POINT('',#5188);
#2509=VERTEX_POINT('',#5199);
#2510=VERTEX_POINT('',#5210);
#2511=VERTEX_POINT('',#5221);
#2512=VERTEX_POINT('',#5223);
#2513=VERTEX_POINT('',#5225);
#2514=VERTEX_POINT('',#5226);
#2515=VERTEX_POINT('',#5254);
#2516=VERTEX_POINT('',#5256);
#2517=VERTEX_POINT('',#5258);
#2518=VERTEX_POINT('',#5260);
#2519=VERTEX_POINT('',#5263);
#2520=VERTEX_POINT('',#5265);
#2521=VERTEX_POINT('',#5267);
#2522=VERTEX_POINT('',#5268);
#2523=VERTEX_POINT('',#5270);
#2524=VERTEX_POINT('',#5272);
#2525=VERTEX_POINT('',#5275);
#2526=VERTEX_POINT('',#5276);
#2527=VERTEX_POINT('',#5278);
#2528=VERTEX_POINT('',#5280);
#2529=VERTEX_POINT('',#5283);
#2530=VERTEX_POINT('',#5284);
#2531=VERTEX_POINT('',#5286);
#2532=VERTEX_POINT('',#5288);
#2533=VERTEX_POINT('',#5292);
#2534=VERTEX_POINT('',#5293);
#2535=VERTEX_POINT('',#5298);
#2536=VERTEX_POINT('',#5299);
#2537=VERTEX_POINT('',#5301);
#2538=VERTEX_POINT('',#5303);
#2539=VERTEX_POINT('',#5307);
#2540=VERTEX_POINT('',#5308);
#2541=VERTEX_POINT('',#5310);
#2542=VERTEX_POINT('',#5312);
#2543=VERTEX_POINT('',#5314);
#2544=VERTEX_POINT('',#5318);
#2545=VERTEX_POINT('',#5322);
#2546=VERTEX_POINT('',#5326);
#2547=VERTEX_POINT('',#5328);
#2548=VERTEX_POINT('',#5330);
#2549=VERTEX_POINT('',#5331);
#2550=VERTEX_POINT('',#5333);
#2551=VERTEX_POINT('',#5335);
#2552=VERTEX_POINT('',#5338);
#2553=VERTEX_POINT('',#5340);
#2554=VERTEX_POINT('',#5342);
#2555=VERTEX_POINT('',#5343);
#2556=VERTEX_POINT('',#5345);
#2557=VERTEX_POINT('',#5347);
#2558=VERTEX_POINT('',#5350);
#2559=VERTEX_POINT('',#5352);
#2560=VERTEX_POINT('',#5355);
#2561=VERTEX_POINT('',#5356);
#2562=VERTEX_POINT('',#5358);
#2563=VERTEX_POINT('',#5360);
#2564=VERTEX_POINT('',#5364);
#2565=VERTEX_POINT('',#5366);
#2566=VERTEX_POINT('',#5369);
#2567=VERTEX_POINT('',#5371);
#2568=VERTEX_POINT('',#5374);
#2569=VERTEX_POINT('',#5376);
#2570=VERTEX_POINT('',#5379);
#2571=VERTEX_POINT('',#5380);
#2572=VERTEX_POINT('',#5382);
#2573=VERTEX_POINT('',#5384);
#2574=VERTEX_POINT('',#5386);
#2575=VERTEX_POINT('',#5388);
#2576=VERTEX_POINT('',#5390);
#2577=VERTEX_POINT('',#5392);
#2578=VERTEX_POINT('',#5394);
#2579=VERTEX_POINT('',#5396);
#2580=VERTEX_POINT('',#5398);
#2581=VERTEX_POINT('',#5400);
#2582=VERTEX_POINT('',#5403);
#2583=VERTEX_POINT('',#5404);
#2584=VERTEX_POINT('',#5406);
#2585=VERTEX_POINT('',#5408);
#2586=VERTEX_POINT('',#5411);
#2587=VERTEX_POINT('',#5412);
#2588=VERTEX_POINT('',#5414);
#2589=VERTEX_POINT('',#5416);
#2590=VERTEX_POINT('',#5418);
#2591=VERTEX_POINT('',#5420);
#2592=VERTEX_POINT('',#5422);
#2593=VERTEX_POINT('',#5424);
#2594=VERTEX_POINT('',#5428);
#2595=VERTEX_POINT('',#5430);
#2596=VERTEX_POINT('',#5432);
#2597=VERTEX_POINT('',#5434);
#2598=VERTEX_POINT('',#5436);
#2599=VERTEX_POINT('',#5438);
#2600=VERTEX_POINT('',#5441);
#2601=VERTEX_POINT('',#5443);
#2602=VERTEX_POINT('',#5446);
#2603=VERTEX_POINT('',#5448);
#2604=VERTEX_POINT('',#5450);
#2605=VERTEX_POINT('',#5452);
#2606=VERTEX_POINT('',#5453);
#2607=VERTEX_POINT('',#5455);
#2608=VERTEX_POINT('',#5457);
#2609=VERTEX_POINT('',#5459);
#2610=VERTEX_POINT('',#5461);
#2611=VERTEX_POINT('',#5463);
#2612=VERTEX_POINT('',#5465);
#2613=VERTEX_POINT('',#5468);
#2614=VERTEX_POINT('',#5469);
#2615=VERTEX_POINT('',#5471);
#2616=VERTEX_POINT('',#5473);
#2617=VERTEX_POINT('',#5475);
#2618=VERTEX_POINT('',#5477);
#2619=VERTEX_POINT('',#5479);
#2620=VERTEX_POINT('',#5481);
#2621=VERTEX_POINT('',#5485);
#2622=VERTEX_POINT('',#5486);
#2623=VERTEX_POINT('',#5488);
#2624=VERTEX_POINT('',#5491);
#2625=VERTEX_POINT('',#5495);
#2626=VERTEX_POINT('',#5496);
#2627=VERTEX_POINT('',#5501);
#2628=VERTEX_POINT('',#5502);
#2629=VERTEX_POINT('',#5505);
#2630=VERTEX_POINT('',#5507);
#2631=VERTEX_POINT('',#5511);
#2632=VERTEX_POINT('',#5512);
#2633=VERTEX_POINT('',#5514);
#2634=VERTEX_POINT('',#5516);
#2635=VERTEX_POINT('',#5518);
#2636=VERTEX_POINT('',#5520);
#2637=VERTEX_POINT('',#5522);
#2638=VERTEX_POINT('',#5525);
#2639=VERTEX_POINT('',#5527);
#2640=VERTEX_POINT('',#5529);
#2641=VERTEX_POINT('',#5542);
#2642=VERTEX_POINT('',#5543);
#2643=VERTEX_POINT('',#5545);
#2644=VERTEX_POINT('',#5547);
#2645=VERTEX_POINT('',#5549);
#2646=VERTEX_POINT('',#5551);
#2647=VERTEX_POINT('',#5555);
#2648=VERTEX_POINT('',#5556);
#2649=VERTEX_POINT('',#5561);
#2650=VERTEX_POINT('',#5564);
#2651=VERTEX_POINT('',#5573);
#2652=VERTEX_POINT('',#5577);
#2653=VERTEX_POINT('',#5613);
#2654=VERTEX_POINT('',#5617);
#2655=VERTEX_POINT('',#5621);
#2656=VERTEX_POINT('',#5625);
#2657=VERTEX_POINT('',#5659);
#2658=VERTEX_POINT('',#5661);
#2659=VERTEX_POINT('',#5665);
#2660=VERTEX_POINT('',#5669);
#2661=VERTEX_POINT('',#5677);
#2662=VERTEX_POINT('',#5679);
#2663=VERTEX_POINT('',#5687);
#2664=VERTEX_POINT('',#5691);
#2665=VERTEX_POINT('',#5703);
#2666=VERTEX_POINT('',#5704);
#2667=VERTEX_POINT('',#5706);
#2668=VERTEX_POINT('',#5708);
#2669=VERTEX_POINT('',#5712);
#2670=VERTEX_POINT('',#5714);
#2671=VERTEX_POINT('',#5718);
#2672=VERTEX_POINT('',#5720);
#2673=VERTEX_POINT('',#5754);
#2674=VERTEX_POINT('',#5756);
#2675=VERTEX_POINT('',#5759);
#2676=VERTEX_POINT('',#5762);
#2677=VERTEX_POINT('',#5765);
#2678=VERTEX_POINT('',#5886);
#2679=VERTEX_POINT('',#5933);
#2680=VERTEX_POINT('',#5943);
#2681=VERTEX_POINT('',#5982);
#2682=VERTEX_POINT('',#6033);
#2683=VERTEX_POINT('',#6087);
#2684=VERTEX_POINT('',#6119);
#2685=VERTEX_POINT('',#6128);
#2686=VERTEX_POINT('',#6163);
#2687=VERTEX_POINT('',#6165);
#2688=VERTEX_POINT('',#6169);
#2689=VERTEX_POINT('',#6173);
#2690=VERTEX_POINT('',#6177);
#2691=VERTEX_POINT('',#6181);
#2692=VERTEX_POINT('',#6185);
#2693=VERTEX_POINT('',#6189);
#2694=VERTEX_POINT('',#6193);
#2695=VERTEX_POINT('',#6197);
#2696=VERTEX_POINT('',#6201);
#2697=VERTEX_POINT('',#6205);
#2698=VERTEX_POINT('',#6212);
#2699=VERTEX_POINT('',#6214);
#2700=VERTEX_POINT('',#6218);
#2701=VERTEX_POINT('',#6222);
#2702=VERTEX_POINT('',#6229);
#2703=VERTEX_POINT('',#6231);
#2704=VERTEX_POINT('',#6235);
#2705=VERTEX_POINT('',#6239);
#2706=VERTEX_POINT('',#6243);
#2707=VERTEX_POINT('',#6247);
#2708=VERTEX_POINT('',#6251);
#2709=VERTEX_POINT('',#6255);
#2710=VERTEX_POINT('',#6262);
#2711=VERTEX_POINT('',#6263);
#2712=VERTEX_POINT('',#6265);
#2713=VERTEX_POINT('',#6267);
#2714=VERTEX_POINT('',#6271);
#2715=VERTEX_POINT('',#6273);
#2716=VERTEX_POINT('',#6277);
#2717=VERTEX_POINT('',#6279);
#2718=VERTEX_POINT('',#6283);
#2719=VERTEX_POINT('',#6285);
#2720=VERTEX_POINT('',#6289);
#2721=VERTEX_POINT('',#6291);
#2722=VERTEX_POINT('',#6295);
#2723=VERTEX_POINT('',#6297);
#2724=VERTEX_POINT('',#6301);
#2725=VERTEX_POINT('',#6303);
#2726=VERTEX_POINT('',#6307);
#2727=VERTEX_POINT('',#6309);
#2728=VERTEX_POINT('',#6313);
#2729=VERTEX_POINT('',#6315);
#2730=VERTEX_POINT('',#6319);
#2731=VERTEX_POINT('',#6321);
#2732=VERTEX_POINT('',#6325);
#2733=VERTEX_POINT('',#6327);
#2734=VERTEX_POINT('',#6331);
#2735=VERTEX_POINT('',#6333);
#2736=VERTEX_POINT('',#6337);
#2737=VERTEX_POINT('',#6341);
#2738=VERTEX_POINT('',#6345);
#2739=VERTEX_POINT('',#6349);
#2740=VERTEX_POINT('',#6353);
#2741=VERTEX_POINT('',#6357);
#2742=VERTEX_POINT('',#6361);
#2743=VERTEX_POINT('',#6365);
#2744=VERTEX_POINT('',#6369);
#2745=VERTEX_POINT('',#6373);
#2746=VERTEX_POINT('',#6384);
#2747=VERTEX_POINT('',#6386);
#2748=VERTEX_POINT('',#6390);
#2749=VERTEX_POINT('',#6394);
#2750=VERTEX_POINT('',#6398);
#2751=VERTEX_POINT('',#6402);
#2752=VERTEX_POINT('',#6406);
#2753=VERTEX_POINT('',#6410);
#2754=VERTEX_POINT('',#6414);
#2755=VERTEX_POINT('',#6418);
#2756=VERTEX_POINT('',#6422);
#2757=VERTEX_POINT('',#6426);
#2758=VERTEX_POINT('',#6430);
#2759=VERTEX_POINT('',#6434);
#2760=VERTEX_POINT('',#6438);
#2761=VERTEX_POINT('',#6442);
#2762=VERTEX_POINT('',#6446);
#2763=VERTEX_POINT('',#6450);
#2764=VERTEX_POINT('',#6454);
#2765=VERTEX_POINT('',#6458);
#2766=VERTEX_POINT('',#6462);
#2767=VERTEX_POINT('',#6466);
#2768=VERTEX_POINT('',#6470);
#2769=VERTEX_POINT('',#6474);
#2770=VERTEX_POINT('',#6478);
#2771=VERTEX_POINT('',#6482);
#2772=VERTEX_POINT('',#6486);
#2773=VERTEX_POINT('',#6490);
#2774=VERTEX_POINT('',#6494);
#2775=VERTEX_POINT('',#6498);
#2776=VERTEX_POINT('',#6502);
#2777=VERTEX_POINT('',#6506);
#2778=VERTEX_POINT('',#6510);
#2779=VERTEX_POINT('',#6514);
#2780=CIRCLE('',#3743,0.00213559265689882);
#2781=CIRCLE('',#3744,0.00237886470132865);
#2782=CIRCLE('',#3745,0.00213356410265113);
#2783=CIRCLE('',#3746,0.00213356410265111);
#2784=CIRCLE('',#3747,0.00237886470132862);
#2785=CIRCLE('',#3748,0.00213559265689882);
#2786=CIRCLE('',#3749,0.00217972868682862);
#2787=CIRCLE('',#3750,0.00234730326573849);
#2788=CIRCLE('',#3751,0.00214024937861043);
#2789=CIRCLE('',#3752,0.000177003724779978);
#2790=CIRCLE('',#3753,0.000213862866266418);
#2791=CIRCLE('',#3754,0.000187398162596673);
#2792=CIRCLE('',#3755,0.000187398162593494);
#2793=CIRCLE('',#3756,0.000187398162596707);
#2794=CIRCLE('',#3757,0.00018739816259669);
#2795=CIRCLE('',#3758,0.000213862866266404);
#2796=CIRCLE('',#3759,0.000177003724753631);
#2797=CIRCLE('',#3760,0.00214024937860425);
#2798=CIRCLE('',#3761,0.00234730326573788);
#2799=CIRCLE('',#3762,0.00217972868682869);
#2800=CIRCLE('',#3763,0.00217289356333482);
#2801=CIRCLE('',#3764,0.00235786780934866);
#2802=CIRCLE('',#3765,0.00213559265689914);
#2803=CIRCLE('',#3766,0.00217507244799286);
#2804=CIRCLE('',#3767,0.00226605794233262);
#2805=CIRCLE('',#3768,0.00222214911281662);
#2806=CIRCLE('',#3769,0.002);
#2807=CIRCLE('',#3770,0.002);
#2808=CIRCLE('',#3771,0.002);
#2809=CIRCLE('',#3772,0.002);
#2810=CIRCLE('',#3779,0.002);
#2811=CIRCLE('',#3780,0.002);
#2812=CIRCLE('',#3781,0.002);
#2813=CIRCLE('',#3782,0.002);
#2814=CIRCLE('',#3784,0.0026);
#2815=CIRCLE('',#3785,0.0026);
#2816=CIRCLE('',#3787,0.0026);
#2817=CIRCLE('',#3788,0.0026);
#2818=CIRCLE('',#3790,0.0026);
#2819=CIRCLE('',#3791,0.0026);
#2820=CIRCLE('',#3793,0.00384);
#2821=CIRCLE('',#3794,0.00384);
#2822=CIRCLE('',#3796,0.00375);
#2823=CIRCLE('',#3797,0.00375);
#2824=CIRCLE('',#3798,0.00375);
#2825=CIRCLE('',#3799,0.00384);
#2826=CIRCLE('',#3800,0.00384);
#2827=CIRCLE('',#3834,0.00375);
#2828=CIRCLE('',#3837,0.00375);
#2829=CIRCLE('',#3840,0.00375);
#2830=CIRCLE('',#3883,0.025);
#2831=CIRCLE('',#3885,0.01305);
#2832=CIRCLE('',#3887,0.01305);
#2833=CIRCLE('',#3889,0.00505);
#2834=CIRCLE('',#3899,0.00505);
#2835=CIRCLE('',#3932,0.000206447300436669);
#2836=CIRCLE('',#3933,0.000206447300436669);
#2837=CIRCLE('',#3935,0.000159932586023222);
#2838=CIRCLE('',#3936,0.000159932586023222);
#2839=CIRCLE('',#3939,0.000187398162593827);
#2840=CIRCLE('',#3940,0.000187398162593827);
#2841=CIRCLE('',#3942,0.000187398162596697);
#2842=CIRCLE('',#3943,0.000187398162596697);
#2843=CIRCLE('',#3946,0.000213862866256563);
#2844=CIRCLE('',#3947,0.000213862866256563);
#2845=CIRCLE('',#3949,0.000177003724780028);
#2846=CIRCLE('',#3950,0.000177003724780028);
#2847=CIRCLE('',#3953,0.000152219292558654);
#2848=CIRCLE('',#3954,0.000152219292558654);
#2849=CIRCLE('',#3960,0.00222214911281662);
#2850=CIRCLE('',#3962,0.00226605794233262);
#2851=CIRCLE('',#3964,0.00217507244799286);
#2852=CIRCLE('',#3967,0.00213559265689914);
#2853=CIRCLE('',#3969,0.00235786780934866);
#2854=CIRCLE('',#3971,0.00217289356333482);
#2855=CIRCLE('',#3974,0.000237118814149134);
#2856=CIRCLE('',#3975,0.000237118814149134);
#2857=CIRCLE('',#3979,0.00213559265689882);
#2858=CIRCLE('',#3982,0.00217972868682869);
#2859=CIRCLE('',#3984,0.00234730326573788);
#2860=CIRCLE('',#3986,0.00214024937860425);
#2861=CIRCLE('',#3993,0.000177003724753631);
#2862=CIRCLE('',#3995,0.000213862866266404);
#2863=CIRCLE('',#3998,0.00018739816259669);
#2864=CIRCLE('',#4000,0.000187398162596707);
#2865=CIRCLE('',#4003,0.000187398162593494);
#2866=CIRCLE('',#4005,0.000187398162596673);
#2867=CIRCLE('',#4008,0.000213862866266418);
#2868=CIRCLE('',#4010,0.000177003724779978);
#2869=CIRCLE('',#4015,0.00214024937861043);
#2870=CIRCLE('',#4017,0.00234730326573849);
#2871=CIRCLE('',#4019,0.00217972868682862);
#2872=CIRCLE('',#4022,0.00213559265689882);
#2873=CIRCLE('',#4024,0.00237886470132862);
#2874=CIRCLE('',#4026,0.00213356410265111);
#2875=CIRCLE('',#4029,0.00213356410265113);
#2876=CIRCLE('',#4031,0.00237886470132865);
#2877=EDGE_LOOP('',(#889,#890,#891,#892,#893,#894,#895,#896,#897,#898,#899,
#900,#901,#902,#903,#904,#905,#906,#907,#908,#909,#910,#911,#912,#913,#914,
#915,#916,#917,#918,#919,#920,#921,#922));
#2878=EDGE_LOOP('',(#923,#924,#925,#926,#927,#928,#929,#930,#931,#932,#933,
#934));
#2879=EDGE_LOOP('',(#935,#936,#937,#938,#939,#940,#941,#942));
#2880=EDGE_LOOP('',(#943,#944,#945,#946));
#2881=EDGE_LOOP('',(#947,#948,#949,#950,#951,#952,#953,#954,#955,#956,#957,
#958));
#2882=EDGE_LOOP('',(#959,#960,#961,#962,#963,#964,#965));
#2883=EDGE_LOOP('',(#966));
#2884=EDGE_LOOP('',(#967));
#2885=EDGE_LOOP('',(#968,#969,#970,#971,#972,#973));
#2886=EDGE_LOOP('',(#974));
#2887=EDGE_LOOP('',(#975));
#2888=EDGE_LOOP('',(#976,#977,#978,#979));
#2889=EDGE_LOOP('',(#980,#981,#982,#983));
#2890=EDGE_LOOP('',(#984,#985,#986,#987));
#2891=EDGE_LOOP('',(#988,#989,#990,#991));
#2892=EDGE_LOOP('',(#992,#993,#994,#995));
#2893=EDGE_LOOP('',(#996,#997,#998,#999,#1000));
#2894=EDGE_LOOP('',(#1001,#1002,#1003,#1004));
#2895=EDGE_LOOP('',(#1005,#1006,#1007,#1008));
#2896=EDGE_LOOP('',(#1009));
#2897=EDGE_LOOP('',(#1010));
#2898=EDGE_LOOP('',(#1011,#1012,#1013,#1014));
#2899=EDGE_LOOP('',(#1015));
#2900=EDGE_LOOP('',(#1016));
#2901=EDGE_LOOP('',(#1017,#1018,#1019,#1020,#1021,#1022,#1023,#1024));
#2902=EDGE_LOOP('',(#1025,#1026,#1027,#1028));
#2903=EDGE_LOOP('',(#1029));
#2904=EDGE_LOOP('',(#1030));
#2905=EDGE_LOOP('',(#1031));
#2906=EDGE_LOOP('',(#1032));
#2907=EDGE_LOOP('',(#1033));
#2908=EDGE_LOOP('',(#1034));
#2909=EDGE_LOOP('',(#1035,#1036,#1037,#1038,#1039,#1040,#1041,#1042,#1043,
#1044,#1045,#1046));
#2910=EDGE_LOOP('',(#1047));
#2911=EDGE_LOOP('',(#1048));
#2912=EDGE_LOOP('',(#1049));
#2913=EDGE_LOOP('',(#1050,#1051,#1052,#1053));
#2914=EDGE_LOOP('',(#1054,#1055,#1056,#1057,#1058,#1059,#1060,#1061));
#2915=EDGE_LOOP('',(#1062,#1063,#1064,#1065,#1066,#1067,#1068,#1069));
#2916=EDGE_LOOP('',(#1070,#1071,#1072,#1073));
#2917=EDGE_LOOP('',(#1074));
#2918=EDGE_LOOP('',(#1075));
#2919=EDGE_LOOP('',(#1076));
#2920=EDGE_LOOP('',(#1077,#1078,#1079,#1080,#1081,#1082,#1083,#1084));
#2921=EDGE_LOOP('',(#1085,#1086,#1087,#1088,#1089,#1090,#1091,#1092));
#2922=EDGE_LOOP('',(#1093,#1094,#1095,#1096,#1097,#1098));
#2923=EDGE_LOOP('',(#1099,#1100,#1101,#1102));
#2924=EDGE_LOOP('',(#1103,#1104,#1105,#1106,#1107,#1108));
#2925=EDGE_LOOP('',(#1109,#1110,#1111,#1112,#1113,#1114,#1115,#1116,#1117,
#1118,#1119,#1120));
#2926=EDGE_LOOP('',(#1121,#1122,#1123,#1124,#1125,#1126));
#2927=EDGE_LOOP('',(#1127,#1128,#1129,#1130));
#2928=EDGE_LOOP('',(#1131,#1132,#1133,#1134));
#2929=EDGE_LOOP('',(#1135,#1136,#1137,#1138));
#2930=EDGE_LOOP('',(#1139,#1140,#1141,#1142,#1143,#1144));
#2931=EDGE_LOOP('',(#1145,#1146,#1147,#1148));
#2932=EDGE_LOOP('',(#1149,#1150,#1151,#1152,#1153,#1154));
#2933=EDGE_LOOP('',(#1155,#1156,#1157,#1158,#1159,#1160));
#2934=EDGE_LOOP('',(#1161,#1162,#1163,#1164));
#2935=EDGE_LOOP('',(#1165,#1166,#1167,#1168));
#2936=EDGE_LOOP('',(#1169,#1170,#1171,#1172));
#2937=EDGE_LOOP('',(#1173,#1174,#1175,#1176));
#2938=EDGE_LOOP('',(#1177,#1178,#1179,#1180));
#2939=EDGE_LOOP('',(#1181,#1182,#1183,#1184));
#2940=EDGE_LOOP('',(#1185,#1186,#1187,#1188));
#2941=EDGE_LOOP('',(#1189,#1190,#1191,#1192));
#2942=EDGE_LOOP('',(#1193,#1194,#1195,#1196));
#2943=EDGE_LOOP('',(#1197,#1198,#1199,#1200));
#2944=EDGE_LOOP('',(#1201,#1202,#1203,#1204));
#2945=EDGE_LOOP('',(#1205,#1206,#1207,#1208));
#2946=EDGE_LOOP('',(#1209,#1210,#1211,#1212));
#2947=EDGE_LOOP('',(#1213,#1214,#1215,#1216));
#2948=EDGE_LOOP('',(#1217,#1218,#1219,#1220));
#2949=EDGE_LOOP('',(#1221,#1222,#1223,#1224));
#2950=EDGE_LOOP('',(#1225,#1226,#1227,#1228));
#2951=EDGE_LOOP('',(#1229,#1230,#1231,#1232));
#2952=EDGE_LOOP('',(#1233,#1234,#1235,#1236));
#2953=EDGE_LOOP('',(#1237,#1238,#1239,#1240));
#2954=EDGE_LOOP('',(#1241));
#2955=EDGE_LOOP('',(#1242));
#2956=EDGE_LOOP('',(#1243));
#2957=EDGE_LOOP('',(#1244));
#2958=EDGE_LOOP('',(#1245));
#2959=EDGE_LOOP('',(#1246));
#2960=EDGE_LOOP('',(#1247));
#2961=EDGE_LOOP('',(#1248));
#2962=EDGE_LOOP('',(#1249));
#2963=EDGE_LOOP('',(#1250));
#2964=EDGE_LOOP('',(#1251));
#2965=EDGE_LOOP('',(#1252));
#2966=EDGE_LOOP('',(#1253,#1254,#1255,#1256,#1257));
#2967=EDGE_LOOP('',(#1258,#1259,#1260,#1261));
#2968=EDGE_LOOP('',(#1262,#1263,#1264,#1265));
#2969=EDGE_LOOP('',(#1266,#1267,#1268,#1269));
#2970=EDGE_LOOP('',(#1270,#1271,#1272,#1273));
#2971=EDGE_LOOP('',(#1274,#1275,#1276,#1277));
#2972=EDGE_LOOP('',(#1278,#1279,#1280,#1281));
#2973=EDGE_LOOP('',(#1282,#1283,#1284,#1285));
#2974=EDGE_LOOP('',(#1286,#1287,#1288,#1289));
#2975=EDGE_LOOP('',(#1290,#1291,#1292,#1293));
#2976=EDGE_LOOP('',(#1294,#1295,#1296,#1297));
#2977=EDGE_LOOP('',(#1298,#1299,#1300,#1301));
#2978=EDGE_LOOP('',(#1302,#1303,#1304,#1305));
#2979=EDGE_LOOP('',(#1306,#1307,#1308,#1309));
#2980=EDGE_LOOP('',(#1310,#1311,#1312,#1313));
#2981=EDGE_LOOP('',(#1314,#1315,#1316,#1317));
#2982=EDGE_LOOP('',(#1318,#1319,#1320,#1321));
#2983=EDGE_LOOP('',(#1322,#1323,#1324,#1325));
#2984=EDGE_LOOP('',(#1326,#1327,#1328,#1329));
#2985=EDGE_LOOP('',(#1330,#1331,#1332,#1333));
#2986=EDGE_LOOP('',(#1334,#1335,#1336,#1337));
#2987=EDGE_LOOP('',(#1338,#1339,#1340,#1341));
#2988=EDGE_LOOP('',(#1342,#1343,#1344,#1345));
#2989=EDGE_LOOP('',(#1346,#1347,#1348,#1349));
#2990=EDGE_LOOP('',(#1350,#1351,#1352,#1353));
#2991=EDGE_LOOP('',(#1354,#1355,#1356,#1357));
#2992=EDGE_LOOP('',(#1358,#1359,#1360,#1361));
#2993=EDGE_LOOP('',(#1362,#1363,#1364,#1365));
#2994=EDGE_LOOP('',(#1366,#1367,#1368,#1369));
#2995=EDGE_LOOP('',(#1370,#1371,#1372,#1373));
#2996=EDGE_LOOP('',(#1374,#1375,#1376,#1377));
#2997=EDGE_LOOP('',(#1378,#1379,#1380,#1381));
#2998=EDGE_LOOP('',(#1382,#1383,#1384,#1385));
#2999=EDGE_LOOP('',(#1386,#1387,#1388,#1389));
#3000=EDGE_LOOP('',(#1390,#1391,#1392,#1393));
#3001=EDGE_LOOP('',(#1394,#1395,#1396,#1397));
#3002=EDGE_LOOP('',(#1398,#1399,#1400,#1401));
#3003=EDGE_LOOP('',(#1402,#1403,#1404,#1405));
#3004=EDGE_LOOP('',(#1406,#1407,#1408,#1409));
#3005=EDGE_LOOP('',(#1410,#1411,#1412,#1413));
#3006=EDGE_LOOP('',(#1414,#1415,#1416,#1417));
#3007=EDGE_LOOP('',(#1418,#1419,#1420,#1421));
#3008=EDGE_LOOP('',(#1422));
#3009=EDGE_LOOP('',(#1423));
#3010=EDGE_LOOP('',(#1424));
#3011=EDGE_LOOP('',(#1425));
#3012=EDGE_LOOP('',(#1426));
#3013=EDGE_LOOP('',(#1427));
#3014=EDGE_LOOP('',(#1428));
#3015=EDGE_LOOP('',(#1429));
#3016=EDGE_LOOP('',(#1430));
#3017=EDGE_LOOP('',(#1431));
#3018=EDGE_LOOP('',(#1432));
#3019=EDGE_LOOP('',(#1433));
#3020=EDGE_LOOP('',(#1434,#1435,#1436,#1437,#1438,#1439));
#3021=EDGE_LOOP('',(#1440,#1441,#1442,#1443));
#3022=EDGE_LOOP('',(#1444,#1445,#1446,#1447));
#3023=EDGE_LOOP('',(#1448,#1449,#1450,#1451));
#3024=EDGE_LOOP('',(#1452));
#3025=EDGE_LOOP('',(#1453));
#3026=EDGE_LOOP('',(#1454));
#3027=EDGE_LOOP('',(#1455));
#3028=EDGE_LOOP('',(#1456,#1457));
#3029=EDGE_LOOP('',(#1458));
#3030=EDGE_LOOP('',(#1459));
#3031=EDGE_LOOP('',(#1460));
#3032=EDGE_LOOP('',(#1461));
#3033=EDGE_LOOP('',(#1462,#1463,#1464,#1465));
#3034=EDGE_LOOP('',(#1466,#1467,#1468,#1469));
#3035=EDGE_LOOP('',(#1470,#1471,#1472,#1473));
#3036=EDGE_LOOP('',(#1474,#1475,#1476,#1477));
#3037=EDGE_LOOP('',(#1478,#1479,#1480,#1481));
#3038=EDGE_LOOP('',(#1482,#1483,#1484,#1485));
#3039=EDGE_LOOP('',(#1486,#1487,#1488,#1489));
#3040=EDGE_LOOP('',(#1490,#1491,#1492,#1493,#1494,#1495,#1496));
#3041=EDGE_LOOP('',(#1497,#1498,#1499,#1500));
#3042=EDGE_LOOP('',(#1501,#1502,#1503,#1504));
#3043=EDGE_LOOP('',(#1505,#1506,#1507,#1508));
#3044=EDGE_LOOP('',(#1509,#1510,#1511,#1512));
#3045=EDGE_LOOP('',(#1513,#1514,#1515,#1516));
#3046=EDGE_LOOP('',(#1517,#1518,#1519,#1520));
#3047=EDGE_LOOP('',(#1521,#1522,#1523,#1524));
#3048=EDGE_LOOP('',(#1525,#1526,#1527,#1528));
#3049=EDGE_LOOP('',(#1529,#1530,#1531,#1532));
#3050=EDGE_LOOP('',(#1533,#1534,#1535,#1536));
#3051=EDGE_LOOP('',(#1537,#1538,#1539,#1540));
#3052=EDGE_LOOP('',(#1541,#1542,#1543,#1544));
#3053=EDGE_LOOP('',(#1545,#1546,#1547,#1548,#1549,#1550,#1551,#1552,#1553,
#1554,#1555,#1556));
#3054=EDGE_LOOP('',(#1557,#1558,#1559,#1560));
#3055=EDGE_LOOP('',(#1561,#1562,#1563,#1564));
#3056=EDGE_LOOP('',(#1565,#1566,#1567,#1568));
#3057=EDGE_LOOP('',(#1569,#1570,#1571,#1572));
#3058=EDGE_LOOP('',(#1573,#1574,#1575,#1576));
#3059=EDGE_LOOP('',(#1577,#1578,#1579,#1580));
#3060=EDGE_LOOP('',(#1581,#1582,#1583,#1584));
#3061=EDGE_LOOP('',(#1585,#1586,#1587,#1588));
#3062=EDGE_LOOP('',(#1589,#1590,#1591,#1592));
#3063=EDGE_LOOP('',(#1593,#1594,#1595,#1596));
#3064=EDGE_LOOP('',(#1597,#1598,#1599,#1600));
#3065=EDGE_LOOP('',(#1601,#1602,#1603,#1604));
#3066=EDGE_LOOP('',(#1605,#1606,#1607,#1608));
#3067=EDGE_LOOP('',(#1609,#1610,#1611,#1612,#1613,#1614,#1615,#1616));
#3068=EDGE_LOOP('',(#1617,#1618,#1619,#1620));
#3069=EDGE_LOOP('',(#1621,#1622,#1623,#1624));
#3070=EDGE_LOOP('',(#1625,#1626,#1627,#1628));
#3071=EDGE_LOOP('',(#1629,#1630,#1631,#1632));
#3072=EDGE_LOOP('',(#1633,#1634,#1635,#1636));
#3073=EDGE_LOOP('',(#1637,#1638,#1639,#1640));
#3074=EDGE_LOOP('',(#1641,#1642,#1643,#1644));
#3075=EDGE_LOOP('',(#1645,#1646,#1647,#1648));
#3076=EDGE_LOOP('',(#1649,#1650,#1651,#1652));
#3077=EDGE_LOOP('',(#1653,#1654,#1655,#1656));
#3078=EDGE_LOOP('',(#1657,#1658,#1659,#1660));
#3079=EDGE_LOOP('',(#1661,#1662,#1663,#1664));
#3080=EDGE_LOOP('',(#1665,#1666,#1667,#1668));
#3081=EDGE_LOOP('',(#1669,#1670,#1671,#1672));
#3082=EDGE_LOOP('',(#1673,#1674,#1675,#1676));
#3083=EDGE_LOOP('',(#1677,#1678,#1679,#1680));
#3084=EDGE_LOOP('',(#1681,#1682,#1683,#1684));
#3085=EDGE_LOOP('',(#1685,#1686,#1687,#1688));
#3086=EDGE_LOOP('',(#1689,#1690,#1691,#1692));
#3087=EDGE_LOOP('',(#1693,#1694,#1695,#1696));
#3088=EDGE_LOOP('',(#1697,#1698,#1699,#1700));
#3089=EDGE_LOOP('',(#1701,#1702,#1703,#1704));
#3090=EDGE_LOOP('',(#1705,#1706,#1707,#1708));
#3091=EDGE_LOOP('',(#1709,#1710,#1711,#1712));
#3092=EDGE_LOOP('',(#1713,#1714,#1715,#1716,#1717,#1718,#1719,#1720,#1721,
#1722,#1723,#1724));
#3093=EDGE_LOOP('',(#1725,#1726,#1727,#1728,#1729,#1730,#1731,#1732,#1733,
#1734,#1735,#1736));
#3094=EDGE_LOOP('',(#1737,#1738,#1739,#1740,#1741,#1742,#1743,#1744,#1745,
#1746,#1747,#1748));
#3095=EDGE_LOOP('',(#1749,#1750,#1751,#1752));
#3096=EDGE_LOOP('',(#1753,#1754,#1755,#1756));
#3097=EDGE_LOOP('',(#1757,#1758,#1759,#1760));
#3098=EDGE_LOOP('',(#1761,#1762,#1763,#1764));
#3099=EDGE_LOOP('',(#1765,#1766,#1767,#1768));
#3100=EDGE_LOOP('',(#1769,#1770,#1771,#1772));
#3101=EDGE_LOOP('',(#1773,#1774,#1775,#1776));
#3102=EDGE_LOOP('',(#1777,#1778,#1779,#1780));
#3103=EDGE_LOOP('',(#1781,#1782,#1783,#1784));
#3104=EDGE_LOOP('',(#1785,#1786,#1787,#1788));
#3105=EDGE_LOOP('',(#1789,#1790,#1791,#1792));
#3106=EDGE_LOOP('',(#1793,#1794,#1795,#1796));
#3107=EDGE_LOOP('',(#1797,#1798,#1799,#1800));
#3108=EDGE_LOOP('',(#1801,#1802,#1803,#1804));
#3109=EDGE_LOOP('',(#1805,#1806,#1807,#1808));
#3110=EDGE_LOOP('',(#1809,#1810,#1811,#1812));
#3111=EDGE_LOOP('',(#1813,#1814,#1815,#1816));
#3112=EDGE_LOOP('',(#1817,#1818,#1819,#1820));
#3113=EDGE_LOOP('',(#1821,#1822,#1823,#1824));
#3114=EDGE_LOOP('',(#1825,#1826,#1827,#1828));
#3115=EDGE_LOOP('',(#1829,#1830,#1831,#1832));
#3116=EDGE_LOOP('',(#1833,#1834,#1835,#1836));
#3117=EDGE_LOOP('',(#1837,#1838,#1839,#1840));
#3118=EDGE_LOOP('',(#1841,#1842,#1843,#1844));
#3119=EDGE_LOOP('',(#1845,#1846,#1847,#1848));
#3120=EDGE_LOOP('',(#1849,#1850,#1851,#1852));
#3121=EDGE_LOOP('',(#1853,#1854,#1855,#1856));
#3122=EDGE_LOOP('',(#1857,#1858,#1859,#1860));
#3123=EDGE_LOOP('',(#1861,#1862,#1863,#1864));
#3124=EDGE_LOOP('',(#1865,#1866,#1867,#1868));
#3125=EDGE_LOOP('',(#1869,#1870,#1871,#1872));
#3126=EDGE_LOOP('',(#1873,#1874,#1875,#1876));
#3127=EDGE_LOOP('',(#1877,#1878,#1879,#1880));
#3128=EDGE_LOOP('',(#1881,#1882,#1883,#1884));
#3129=EDGE_LOOP('',(#1885,#1886,#1887,#1888,#1889,#1890,#1891,#1892,#1893,
#1894,#1895,#1896,#1897,#1898,#1899,#1900,#1901,#1902,#1903,#1904,#1905,
#1906,#1907,#1908,#1909,#1910,#1911,#1912,#1913,#1914,#1915,#1916,#1917,
#1918));
#3130=FACE_BOUND('',#2877,.T.);
#3131=FACE_BOUND('',#2878,.T.);
#3132=FACE_BOUND('',#2879,.T.);
#3133=FACE_BOUND('',#2880,.T.);
#3134=FACE_BOUND('',#2881,.T.);
#3135=FACE_BOUND('',#2882,.T.);
#3136=FACE_BOUND('',#2883,.T.);
#3137=FACE_BOUND('',#2884,.T.);
#3138=FACE_BOUND('',#2885,.T.);
#3139=FACE_BOUND('',#2886,.T.);
#3140=FACE_BOUND('',#2887,.T.);
#3141=FACE_BOUND('',#2888,.T.);
#3142=FACE_BOUND('',#2889,.T.);
#3143=FACE_BOUND('',#2890,.T.);
#3144=FACE_BOUND('',#2891,.T.);
#3145=FACE_BOUND('',#2892,.T.);
#3146=FACE_BOUND('',#2893,.T.);
#3147=FACE_BOUND('',#2894,.T.);
#3148=FACE_BOUND('',#2895,.T.);
#3149=FACE_BOUND('',#2896,.T.);
#3150=FACE_BOUND('',#2897,.T.);
#3151=FACE_BOUND('',#2898,.T.);
#3152=FACE_BOUND('',#2899,.T.);
#3153=FACE_BOUND('',#2900,.T.);
#3154=FACE_BOUND('',#2901,.T.);
#3155=FACE_BOUND('',#2902,.T.);
#3156=FACE_BOUND('',#2903,.T.);
#3157=FACE_BOUND('',#2904,.T.);
#3158=FACE_BOUND('',#2905,.T.);
#3159=FACE_BOUND('',#2906,.T.);
#3160=FACE_BOUND('',#2907,.T.);
#3161=FACE_BOUND('',#2908,.T.);
#3162=FACE_BOUND('',#2909,.T.);
#3163=FACE_BOUND('',#2910,.T.);
#3164=FACE_BOUND('',#2911,.T.);
#3165=FACE_BOUND('',#2912,.T.);
#3166=FACE_BOUND('',#2913,.T.);
#3167=FACE_BOUND('',#2914,.T.);
#3168=FACE_BOUND('',#2915,.T.);
#3169=FACE_BOUND('',#2916,.T.);
#3170=FACE_BOUND('',#2917,.T.);
#3171=FACE_BOUND('',#2918,.T.);
#3172=FACE_BOUND('',#2919,.T.);
#3173=FACE_BOUND('',#2920,.T.);
#3174=FACE_BOUND('',#2921,.T.);
#3175=FACE_BOUND('',#2922,.T.);
#3176=FACE_BOUND('',#2923,.T.);
#3177=FACE_BOUND('',#2924,.T.);
#3178=FACE_BOUND('',#2925,.T.);
#3179=FACE_BOUND('',#2926,.T.);
#3180=FACE_BOUND('',#2927,.T.);
#3181=FACE_BOUND('',#2928,.T.);
#3182=FACE_BOUND('',#2929,.T.);
#3183=FACE_BOUND('',#2930,.T.);
#3184=FACE_BOUND('',#2931,.T.);
#3185=FACE_BOUND('',#2932,.T.);
#3186=FACE_BOUND('',#2933,.T.);
#3187=FACE_BOUND('',#2934,.T.);
#3188=FACE_BOUND('',#2935,.T.);
#3189=FACE_BOUND('',#2936,.T.);
#3190=FACE_BOUND('',#2937,.T.);
#3191=FACE_BOUND('',#2938,.T.);
#3192=FACE_BOUND('',#2939,.T.);
#3193=FACE_BOUND('',#2940,.T.);
#3194=FACE_BOUND('',#2941,.T.);
#3195=FACE_BOUND('',#2942,.T.);
#3196=FACE_BOUND('',#2943,.T.);
#3197=FACE_BOUND('',#2944,.T.);
#3198=FACE_BOUND('',#2945,.T.);
#3199=FACE_BOUND('',#2946,.T.);
#3200=FACE_BOUND('',#2947,.T.);
#3201=FACE_BOUND('',#2948,.T.);
#3202=FACE_BOUND('',#2949,.T.);
#3203=FACE_BOUND('',#2950,.T.);
#3204=FACE_BOUND('',#2951,.T.);
#3205=FACE_BOUND('',#2952,.T.);
#3206=FACE_BOUND('',#2953,.T.);
#3207=FACE_BOUND('',#2954,.T.);
#3208=FACE_BOUND('',#2955,.T.);
#3209=FACE_BOUND('',#2956,.T.);
#3210=FACE_BOUND('',#2957,.T.);
#3211=FACE_BOUND('',#2958,.T.);
#3212=FACE_BOUND('',#2959,.T.);
#3213=FACE_BOUND('',#2960,.T.);
#3214=FACE_BOUND('',#2961,.T.);
#3215=FACE_BOUND('',#2962,.T.);
#3216=FACE_BOUND('',#2963,.T.);
#3217=FACE_BOUND('',#2964,.T.);
#3218=FACE_BOUND('',#2965,.T.);
#3219=FACE_BOUND('',#2966,.T.);
#3220=FACE_BOUND('',#2967,.T.);
#3221=FACE_BOUND('',#2968,.T.);
#3222=FACE_BOUND('',#2969,.T.);
#3223=FACE_BOUND('',#2970,.T.);
#3224=FACE_BOUND('',#2971,.T.);
#3225=FACE_BOUND('',#2972,.T.);
#3226=FACE_BOUND('',#2973,.T.);
#3227=FACE_BOUND('',#2974,.T.);
#3228=FACE_BOUND('',#2975,.T.);
#3229=FACE_BOUND('',#2976,.T.);
#3230=FACE_BOUND('',#2977,.T.);
#3231=FACE_BOUND('',#2978,.T.);
#3232=FACE_BOUND('',#2979,.T.);
#3233=FACE_BOUND('',#2980,.T.);
#3234=FACE_BOUND('',#2981,.T.);
#3235=FACE_BOUND('',#2982,.T.);
#3236=FACE_BOUND('',#2983,.T.);
#3237=FACE_BOUND('',#2984,.T.);
#3238=FACE_BOUND('',#2985,.T.);
#3239=FACE_BOUND('',#2986,.T.);
#3240=FACE_BOUND('',#2987,.T.);
#3241=FACE_BOUND('',#2988,.T.);
#3242=FACE_BOUND('',#2989,.T.);
#3243=FACE_BOUND('',#2990,.T.);
#3244=FACE_BOUND('',#2991,.T.);
#3245=FACE_BOUND('',#2992,.T.);
#3246=FACE_BOUND('',#2993,.T.);
#3247=FACE_BOUND('',#2994,.T.);
#3248=FACE_BOUND('',#2995,.T.);
#3249=FACE_BOUND('',#2996,.T.);
#3250=FACE_BOUND('',#2997,.T.);
#3251=FACE_BOUND('',#2998,.T.);
#3252=FACE_BOUND('',#2999,.T.);
#3253=FACE_BOUND('',#3000,.T.);
#3254=FACE_BOUND('',#3001,.T.);
#3255=FACE_BOUND('',#3002,.T.);
#3256=FACE_BOUND('',#3003,.T.);
#3257=FACE_BOUND('',#3004,.T.);
#3258=FACE_BOUND('',#3005,.T.);
#3259=FACE_BOUND('',#3006,.T.);
#3260=FACE_BOUND('',#3007,.T.);
#3261=FACE_BOUND('',#3008,.T.);
#3262=FACE_BOUND('',#3009,.T.);
#3263=FACE_BOUND('',#3010,.T.);
#3264=FACE_BOUND('',#3011,.T.);
#3265=FACE_BOUND('',#3012,.T.);
#3266=FACE_BOUND('',#3013,.T.);
#3267=FACE_BOUND('',#3014,.T.);
#3268=FACE_BOUND('',#3015,.T.);
#3269=FACE_BOUND('',#3016,.T.);
#3270=FACE_BOUND('',#3017,.T.);
#3271=FACE_BOUND('',#3018,.T.);
#3272=FACE_BOUND('',#3019,.T.);
#3273=FACE_BOUND('',#3020,.T.);
#3274=FACE_BOUND('',#3021,.T.);
#3275=FACE_BOUND('',#3022,.T.);
#3276=FACE_BOUND('',#3023,.T.);
#3277=FACE_BOUND('',#3024,.T.);
#3278=FACE_BOUND('',#3025,.T.);
#3279=FACE_BOUND('',#3026,.T.);
#3280=FACE_BOUND('',#3027,.T.);
#3281=FACE_BOUND('',#3028,.T.);
#3282=FACE_BOUND('',#3029,.T.);
#3283=FACE_BOUND('',#3030,.T.);
#3284=FACE_BOUND('',#3031,.T.);
#3285=FACE_BOUND('',#3032,.T.);
#3286=FACE_BOUND('',#3033,.T.);
#3287=FACE_BOUND('',#3034,.T.);
#3288=FACE_BOUND('',#3035,.T.);
#3289=FACE_BOUND('',#3036,.T.);
#3290=FACE_BOUND('',#3037,.T.);
#3291=FACE_BOUND('',#3038,.T.);
#3292=FACE_BOUND('',#3039,.T.);
#3293=FACE_BOUND('',#3040,.T.);
#3294=FACE_BOUND('',#3041,.T.);
#3295=FACE_BOUND('',#3042,.T.);
#3296=FACE_BOUND('',#3043,.T.);
#3297=FACE_BOUND('',#3044,.T.);
#3298=FACE_BOUND('',#3045,.T.);
#3299=FACE_BOUND('',#3046,.T.);
#3300=FACE_BOUND('',#3047,.T.);
#3301=FACE_BOUND('',#3048,.T.);
#3302=FACE_BOUND('',#3049,.T.);
#3303=FACE_BOUND('',#3050,.T.);
#3304=FACE_BOUND('',#3051,.T.);
#3305=FACE_BOUND('',#3052,.T.);
#3306=FACE_BOUND('',#3053,.T.);
#3307=FACE_BOUND('',#3054,.T.);
#3308=FACE_BOUND('',#3055,.T.);
#3309=FACE_BOUND('',#3056,.T.);
#3310=FACE_BOUND('',#3057,.T.);
#3311=FACE_BOUND('',#3058,.T.);
#3312=FACE_BOUND('',#3059,.T.);
#3313=FACE_BOUND('',#3060,.T.);
#3314=FACE_BOUND('',#3061,.T.);
#3315=FACE_BOUND('',#3062,.T.);
#3316=FACE_BOUND('',#3063,.T.);
#3317=FACE_BOUND('',#3064,.T.);
#3318=FACE_BOUND('',#3065,.T.);
#3319=FACE_BOUND('',#3066,.T.);
#3320=FACE_BOUND('',#3067,.T.);
#3321=FACE_BOUND('',#3068,.T.);
#3322=FACE_BOUND('',#3069,.T.);
#3323=FACE_BOUND('',#3070,.T.);
#3324=FACE_BOUND('',#3071,.T.);
#3325=FACE_BOUND('',#3072,.T.);
#3326=FACE_BOUND('',#3073,.T.);
#3327=FACE_BOUND('',#3074,.T.);
#3328=FACE_BOUND('',#3075,.T.);
#3329=FACE_BOUND('',#3076,.T.);
#3330=FACE_BOUND('',#3077,.T.);
#3331=FACE_BOUND('',#3078,.T.);
#3332=FACE_BOUND('',#3079,.T.);
#3333=FACE_BOUND('',#3080,.T.);
#3334=FACE_BOUND('',#3081,.T.);
#3335=FACE_BOUND('',#3082,.T.);
#3336=FACE_BOUND('',#3083,.T.);
#3337=FACE_BOUND('',#3084,.T.);
#3338=FACE_BOUND('',#3085,.T.);
#3339=FACE_BOUND('',#3086,.T.);
#3340=FACE_BOUND('',#3087,.T.);
#3341=FACE_BOUND('',#3088,.T.);
#3342=FACE_BOUND('',#3089,.T.);
#3343=FACE_BOUND('',#3090,.T.);
#3344=FACE_BOUND('',#3091,.T.);
#3345=FACE_BOUND('',#3092,.T.);
#3346=FACE_BOUND('',#3093,.T.);
#3347=FACE_BOUND('',#3094,.T.);
#3348=FACE_BOUND('',#3095,.T.);
#3349=FACE_BOUND('',#3096,.T.);
#3350=FACE_BOUND('',#3097,.T.);
#3351=FACE_BOUND('',#3098,.T.);
#3352=FACE_BOUND('',#3099,.T.);
#3353=FACE_BOUND('',#3100,.T.);
#3354=FACE_BOUND('',#3101,.T.);
#3355=FACE_BOUND('',#3102,.T.);
#3356=FACE_BOUND('',#3103,.T.);
#3357=FACE_BOUND('',#3104,.T.);
#3358=FACE_BOUND('',#3105,.T.);
#3359=FACE_BOUND('',#3106,.T.);
#3360=FACE_BOUND('',#3107,.T.);
#3361=FACE_BOUND('',#3108,.T.);
#3362=FACE_BOUND('',#3109,.T.);
#3363=FACE_BOUND('',#3110,.T.);
#3364=FACE_BOUND('',#3111,.T.);
#3365=FACE_BOUND('',#3112,.T.);
#3366=FACE_BOUND('',#3113,.T.);
#3367=FACE_BOUND('',#3114,.T.);
#3368=FACE_BOUND('',#3115,.T.);
#3369=FACE_BOUND('',#3116,.T.);
#3370=FACE_BOUND('',#3117,.T.);
#3371=FACE_BOUND('',#3118,.T.);
#3372=FACE_BOUND('',#3119,.T.);
#3373=FACE_BOUND('',#3120,.T.);
#3374=FACE_BOUND('',#3121,.T.);
#3375=FACE_BOUND('',#3122,.T.);
#3376=FACE_BOUND('',#3123,.T.);
#3377=FACE_BOUND('',#3124,.T.);
#3378=FACE_BOUND('',#3125,.T.);
#3379=FACE_BOUND('',#3126,.T.);
#3380=FACE_BOUND('',#3127,.T.);
#3381=FACE_BOUND('',#3128,.T.);
#3382=FACE_BOUND('',#3129,.T.);
#3383=PLANE('',#3742);
#3384=PLANE('',#3773);
#3385=PLANE('',#3774);
#3386=PLANE('',#3775);
#3387=PLANE('',#3776);
#3388=PLANE('',#3777);
#3389=PLANE('',#3778);
#3390=PLANE('',#3792);
#3391=PLANE('',#3795);
#3392=PLANE('',#3801);
#3393=PLANE('',#3802);
#3394=PLANE('',#3803);
#3395=PLANE('',#3804);
#3396=PLANE('',#3805);
#3397=PLANE('',#3806);
#3398=PLANE('',#3807);
#3399=PLANE('',#3808);
#3400=PLANE('',#3809);
#3401=PLANE('',#3810);
#3402=PLANE('',#3811);
#3403=PLANE('',#3812);
#3404=PLANE('',#3813);
#3405=PLANE('',#3814);
#3406=PLANE('',#3815);
#3407=PLANE('',#3816);
#3408=PLANE('',#3817);
#3409=PLANE('',#3818);
#3410=PLANE('',#3819);
#3411=PLANE('',#3820);
#3412=PLANE('',#3821);
#3413=PLANE('',#3822);
#3414=PLANE('',#3823);
#3415=PLANE('',#3824);
#3416=PLANE('',#3825);
#3417=PLANE('',#3827);
#3418=PLANE('',#3828);
#3419=PLANE('',#3829);
#3420=PLANE('',#3831);
#3421=PLANE('',#3832);
#3422=PLANE('',#3835);
#3423=PLANE('',#3838);
#3424=PLANE('',#3841);
#3425=PLANE('',#3842);
#3426=PLANE('',#3843);
#3427=PLANE('',#3844);
#3428=PLANE('',#3845);
#3429=PLANE('',#3846);
#3430=PLANE('',#3847);
#3431=PLANE('',#3848);
#3432=PLANE('',#3849);
#3433=PLANE('',#3850);
#3434=PLANE('',#3851);
#3435=PLANE('',#3852);
#3436=PLANE('',#3853);
#3437=PLANE('',#3854);
#3438=PLANE('',#3855);
#3439=PLANE('',#3856);
#3440=PLANE('',#3857);
#3441=PLANE('',#3858);
#3442=PLANE('',#3859);
#3443=PLANE('',#3860);
#3444=PLANE('',#3861);
#3445=PLANE('',#3862);
#3446=PLANE('',#3863);
#3447=PLANE('',#3864);
#3448=PLANE('',#3865);
#3449=PLANE('',#3866);
#3450=PLANE('',#3867);
#3451=PLANE('',#3868);
#3452=PLANE('',#3869);
#3453=PLANE('',#3870);
#3454=PLANE('',#3871);
#3455=PLANE('',#3872);
#3456=PLANE('',#3873);
#3457=PLANE('',#3874);
#3458=PLANE('',#3875);
#3459=PLANE('',#3876);
#3460=PLANE('',#3877);
#3461=PLANE('',#3878);
#3462=PLANE('',#3879);
#3463=PLANE('',#3880);
#3464=PLANE('',#3881);
#3465=PLANE('',#3884);
#3466=PLANE('',#3888);
#3467=PLANE('',#3892);
#3468=PLANE('',#3893);
#3469=PLANE('',#3894);
#3470=PLANE('',#3895);
#3471=PLANE('',#3900);
#3472=PLANE('',#3901);
#3473=PLANE('',#3902);
#3474=PLANE('',#3903);
#3475=PLANE('',#3904);
#3476=PLANE('',#3905);
#3477=PLANE('',#3906);
#3478=PLANE('',#3907);
#3479=PLANE('',#3908);
#3480=PLANE('',#3909);
#3481=PLANE('',#3910);
#3482=PLANE('',#3911);
#3483=PLANE('',#3912);
#3484=PLANE('',#3913);
#3485=PLANE('',#3914);
#3486=PLANE('',#3915);
#3487=PLANE('',#3916);
#3488=PLANE('',#3917);
#3489=PLANE('',#3918);
#3490=PLANE('',#3919);
#3491=PLANE('',#3920);
#3492=PLANE('',#3921);
#3493=PLANE('',#3922);
#3494=PLANE('',#3923);
#3495=PLANE('',#3924);
#3496=PLANE('',#3925);
#3497=PLANE('',#3926);
#3498=PLANE('',#3927);
#3499=PLANE('',#3928);
#3500=PLANE('',#3929);
#3501=PLANE('',#3930);
#3502=PLANE('',#3937);
#3503=PLANE('',#3944);
#3504=PLANE('',#3951);
#3505=PLANE('',#3955);
#3506=PLANE('',#3956);
#3507=PLANE('',#3957);
#3508=PLANE('',#3958);
#3509=PLANE('',#3965);
#3510=PLANE('',#3972);
#3511=PLANE('',#3976);
#3512=PLANE('',#3977);
#3513=PLANE('',#3980);
#3514=PLANE('',#3987);
#3515=PLANE('',#3988);
#3516=PLANE('',#3989);
#3517=PLANE('',#3990);
#3518=PLANE('',#3991);
#3519=PLANE('',#3996);
#3520=PLANE('',#4001);
#3521=PLANE('',#4006);
#3522=PLANE('',#4011);
#3523=PLANE('',#4012);
#3524=PLANE('',#4013);
#3525=PLANE('',#4020);
#3526=PLANE('',#4027);
#3527=PLANE('',#4032);
#3528=ADVANCED_FACE('',(#3130,#3131,#3132,#3133,#3134,#3135,#3136,#3137,
#3138,#3139,#3140,#3141,#3142,#3143),#3383,.T.);
#3529=ADVANCED_FACE('',(#3144),#3384,.T.);
#3530=ADVANCED_FACE('',(#3145),#3385,.T.);
#3531=ADVANCED_FACE('',(#3146),#3386,.F.);
#3532=ADVANCED_FACE('',(#3147),#3387,.F.);
#3533=ADVANCED_FACE('',(#3148),#3388,.T.);
#3534=ADVANCED_FACE('',(#3149,#3150,#3151,#3152,#3153,#3154,#3155),#3389,
 .T.);
#3535=ADVANCED_FACE('',(#3156,#3157),#19,.F.);
#3536=ADVANCED_FACE('',(#3158,#3159),#20,.F.);
#3537=ADVANCED_FACE('',(#3160,#3161),#21,.F.);
#3538=ADVANCED_FACE('',(#3162,#3163,#3164,#3165,#3166,#3167),#3390,.T.);
#3539=ADVANCED_FACE('',(#3168,#3169,#3170,#3171,#3172,#3173,#3174),#3391,
 .F.);
#3540=ADVANCED_FACE('',(#3175),#3392,.F.);
#3541=ADVANCED_FACE('',(#3176),#3393,.F.);
#3542=ADVANCED_FACE('',(#3177),#3394,.F.);
#3543=ADVANCED_FACE('',(#3178),#3395,.T.);
#3544=ADVANCED_FACE('',(#3179),#3396,.F.);
#3545=ADVANCED_FACE('',(#3180),#3397,.F.);
#3546=ADVANCED_FACE('',(#3181),#3398,.T.);
#3547=ADVANCED_FACE('',(#3182),#3399,.F.);
#3548=ADVANCED_FACE('',(#3183),#3400,.T.);
#3549=ADVANCED_FACE('',(#3184),#3401,.T.);
#3550=ADVANCED_FACE('',(#3185),#3402,.T.);
#3551=ADVANCED_FACE('',(#3186),#3403,.F.);
#3552=ADVANCED_FACE('',(#3187),#3404,.F.);
#3553=ADVANCED_FACE('',(#3188),#3405,.T.);
#3554=ADVANCED_FACE('',(#3189),#3406,.F.);
#3555=ADVANCED_FACE('',(#3190),#3407,.F.);
#3556=ADVANCED_FACE('',(#3191),#3408,.T.);
#3557=ADVANCED_FACE('',(#3192),#3409,.T.);
#3558=ADVANCED_FACE('',(#3193),#3410,.F.);
#3559=ADVANCED_FACE('',(#3194),#3411,.F.);
#3560=ADVANCED_FACE('',(#3195),#3412,.T.);
#3561=ADVANCED_FACE('',(#3196),#3413,.F.);
#3562=ADVANCED_FACE('',(#3197),#3414,.F.);
#3563=ADVANCED_FACE('',(#3198),#3415,.T.);
#3564=ADVANCED_FACE('',(#3199),#3416,.T.);
#3565=ADVANCED_FACE('',(#3200),#22,.F.);
#3566=ADVANCED_FACE('',(#3201),#3417,.T.);
#3567=ADVANCED_FACE('',(#3202),#3418,.F.);
#3568=ADVANCED_FACE('',(#3203),#3419,.F.);
#3569=ADVANCED_FACE('',(#3204),#23,.F.);
#3570=ADVANCED_FACE('',(#3205),#3420,.F.);
#3571=ADVANCED_FACE('',(#3206),#3421,.T.);
#3572=ADVANCED_FACE('',(#3207,#3208),#24,.F.);
#3573=ADVANCED_FACE('',(#3209,#3210),#3422,.T.);
#3574=ADVANCED_FACE('',(#3211,#3212),#25,.F.);
#3575=ADVANCED_FACE('',(#3213,#3214),#3423,.T.);
#3576=ADVANCED_FACE('',(#3215,#3216),#26,.F.);
#3577=ADVANCED_FACE('',(#3217,#3218),#3424,.T.);
#3578=ADVANCED_FACE('',(#3219),#3425,.F.);
#3579=ADVANCED_FACE('',(#3220),#3426,.F.);
#3580=ADVANCED_FACE('',(#3221),#3427,.T.);
#3581=ADVANCED_FACE('',(#3222),#3428,.T.);
#3582=ADVANCED_FACE('',(#3223),#3429,.F.);
#3583=ADVANCED_FACE('',(#3224),#3430,.F.);
#3584=ADVANCED_FACE('',(#3225),#3431,.T.);
#3585=ADVANCED_FACE('',(#3226),#3432,.F.);
#3586=ADVANCED_FACE('',(#3227),#3433,.F.);
#3587=ADVANCED_FACE('',(#3228),#3434,.T.);
#3588=ADVANCED_FACE('',(#3229),#3435,.F.);
#3589=ADVANCED_FACE('',(#3230),#3436,.T.);
#3590=ADVANCED_FACE('',(#3231),#3437,.T.);
#3591=ADVANCED_FACE('',(#3232),#3438,.F.);
#3592=ADVANCED_FACE('',(#3233),#3439,.T.);
#3593=ADVANCED_FACE('',(#3234),#3440,.T.);
#3594=ADVANCED_FACE('',(#3235),#3441,.T.);
#3595=ADVANCED_FACE('',(#3236),#3442,.F.);
#3596=ADVANCED_FACE('',(#3237),#3443,.F.);
#3597=ADVANCED_FACE('',(#3238),#3444,.T.);
#3598=ADVANCED_FACE('',(#3239),#3445,.F.);
#3599=ADVANCED_FACE('',(#3240,#3241),#3446,.F.);
#3600=ADVANCED_FACE('',(#3242),#3447,.T.);
#3601=ADVANCED_FACE('',(#3243),#3448,.T.);
#3602=ADVANCED_FACE('',(#3244),#3449,.F.);
#3603=ADVANCED_FACE('',(#3245),#3450,.F.);
#3604=ADVANCED_FACE('',(#3246),#3451,.F.);
#3605=ADVANCED_FACE('',(#3247),#3452,.F.);
#3606=ADVANCED_FACE('',(#3248),#3453,.F.);
#3607=ADVANCED_FACE('',(#3249),#3454,.F.);
#3608=ADVANCED_FACE('',(#3250),#3455,.T.);
#3609=ADVANCED_FACE('',(#3251),#3456,.T.);
#3610=ADVANCED_FACE('',(#3252),#3457,.F.);
#3611=ADVANCED_FACE('',(#3253),#3458,.F.);
#3612=ADVANCED_FACE('',(#3254),#3459,.T.);
#3613=ADVANCED_FACE('',(#3255,#3256),#3460,.T.);
#3614=ADVANCED_FACE('',(#3257),#3461,.F.);
#3615=ADVANCED_FACE('',(#3258),#3462,.T.);
#3616=ADVANCED_FACE('',(#3259),#3463,.F.);
#3617=ADVANCED_FACE('',(#3260),#3464,.T.);
#3618=ADVANCED_FACE('',(#3261,#3262),#27,.T.);
#3619=ADVANCED_FACE('',(#3263,#3264),#3465,.T.);
#3620=ADVANCED_FACE('',(#3265,#3266),#28,.F.);
#3621=ADVANCED_FACE('',(#3267,#3268),#3466,.T.);
#3622=ADVANCED_FACE('',(#3269,#3270),#29,.F.);
#3623=ADVANCED_FACE('',(#3271,#3272),#30,.F.);
#3624=ADVANCED_FACE('',(#3273),#3467,.F.);
#3625=ADVANCED_FACE('',(#3274),#3468,.F.);
#3626=ADVANCED_FACE('',(#3275),#3469,.T.);
#3627=ADVANCED_FACE('',(#3276),#3470,.T.);
#3628=ADVANCED_FACE('',(#3277,#3278),#31,.F.);
#3629=ADVANCED_FACE('',(#3279,#3280),#32,.F.);
#3630=ADVANCED_FACE('',(#3281,#3282),#12,.T.);
#3631=ADVANCED_FACE('',(#3283,#3284),#33,.F.);
#3632=ADVANCED_FACE('',(#3285),#3471,.T.);
#3633=ADVANCED_FACE('',(#3286),#13,.T.);
#3634=ADVANCED_FACE('',(#3287),#14,.T.);
#3635=ADVANCED_FACE('',(#3288),#15,.T.);
#3636=ADVANCED_FACE('',(#3289),#16,.T.);
#3637=ADVANCED_FACE('',(#3290),#17,.F.);
#3638=ADVANCED_FACE('',(#3291),#3472,.T.);
#3639=ADVANCED_FACE('',(#3292),#18,.F.);
#3640=ADVANCED_FACE('',(#3293),#3473,.T.);
#3641=ADVANCED_FACE('',(#3294),#3474,.T.);
#3642=ADVANCED_FACE('',(#3295),#3475,.T.);
#3643=ADVANCED_FACE('',(#3296),#3476,.T.);
#3644=ADVANCED_FACE('',(#3297),#3477,.T.);
#3645=ADVANCED_FACE('',(#3298),#3478,.T.);
#3646=ADVANCED_FACE('',(#3299),#3479,.T.);
#3647=ADVANCED_FACE('',(#3300),#3480,.T.);
#3648=ADVANCED_FACE('',(#3301),#3481,.T.);
#3649=ADVANCED_FACE('',(#3302),#3482,.T.);
#3650=ADVANCED_FACE('',(#3303),#3483,.T.);
#3651=ADVANCED_FACE('',(#3304),#3484,.T.);
#3652=ADVANCED_FACE('',(#3305),#3485,.T.);
#3653=ADVANCED_FACE('',(#3306),#3486,.T.);
#3654=ADVANCED_FACE('',(#3307),#3487,.T.);
#3655=ADVANCED_FACE('',(#3308),#3488,.T.);
#3656=ADVANCED_FACE('',(#3309),#3489,.T.);
#3657=ADVANCED_FACE('',(#3310),#3490,.T.);
#3658=ADVANCED_FACE('',(#3311),#3491,.T.);
#3659=ADVANCED_FACE('',(#3312),#3492,.T.);
#3660=ADVANCED_FACE('',(#3313),#3493,.T.);
#3661=ADVANCED_FACE('',(#3314),#3494,.T.);
#3662=ADVANCED_FACE('',(#3315),#3495,.T.);
#3663=ADVANCED_FACE('',(#3316),#3496,.T.);
#3664=ADVANCED_FACE('',(#3317),#3497,.T.);
#3665=ADVANCED_FACE('',(#3318),#3498,.T.);
#3666=ADVANCED_FACE('',(#3319),#3499,.T.);
#3667=ADVANCED_FACE('',(#3320),#3500,.T.);
#3668=ADVANCED_FACE('',(#3321),#3501,.T.);
#3669=ADVANCED_FACE('',(#3322),#34,.F.);
#3670=ADVANCED_FACE('',(#3323),#35,.F.);
#3671=ADVANCED_FACE('',(#3324),#3502,.T.);
#3672=ADVANCED_FACE('',(#3325),#36,.F.);
#3673=ADVANCED_FACE('',(#3326),#37,.F.);
#3674=ADVANCED_FACE('',(#3327),#3503,.T.);
#3675=ADVANCED_FACE('',(#3328),#38,.F.);
#3676=ADVANCED_FACE('',(#3329),#39,.F.);
#3677=ADVANCED_FACE('',(#3330),#3504,.T.);
#3678=ADVANCED_FACE('',(#3331),#40,.F.);
#3679=ADVANCED_FACE('',(#3332),#3505,.T.);
#3680=ADVANCED_FACE('',(#3333),#3506,.T.);
#3681=ADVANCED_FACE('',(#3334),#3507,.T.);
#3682=ADVANCED_FACE('',(#3335),#3508,.T.);
#3683=ADVANCED_FACE('',(#3336),#41,.T.);
#3684=ADVANCED_FACE('',(#3337),#42,.T.);
#3685=ADVANCED_FACE('',(#3338),#43,.T.);
#3686=ADVANCED_FACE('',(#3339),#3509,.T.);
#3687=ADVANCED_FACE('',(#3340),#44,.T.);
#3688=ADVANCED_FACE('',(#3341),#45,.T.);
#3689=ADVANCED_FACE('',(#3342),#46,.T.);
#3690=ADVANCED_FACE('',(#3343),#3510,.T.);
#3691=ADVANCED_FACE('',(#3344),#47,.F.);
#3692=ADVANCED_FACE('',(#3345,#3346),#3511,.T.);
#3693=ADVANCED_FACE('',(#3347),#3512,.T.);
#3694=ADVANCED_FACE('',(#3348),#48,.T.);
#3695=ADVANCED_FACE('',(#3349),#3513,.T.);
#3696=ADVANCED_FACE('',(#3350),#49,.T.);
#3697=ADVANCED_FACE('',(#3351),#50,.T.);
#3698=ADVANCED_FACE('',(#3352),#51,.T.);
#3699=ADVANCED_FACE('',(#3353),#3514,.T.);
#3700=ADVANCED_FACE('',(#3354),#3515,.T.);
#3701=ADVANCED_FACE('',(#3355),#3516,.T.);
#3702=ADVANCED_FACE('',(#3356),#3517,.T.);
#3703=ADVANCED_FACE('',(#3357),#3518,.T.);
#3704=ADVANCED_FACE('',(#3358),#52,.F.);
#3705=ADVANCED_FACE('',(#3359),#53,.F.);
#3706=ADVANCED_FACE('',(#3360),#3519,.T.);
#3707=ADVANCED_FACE('',(#3361),#54,.F.);
#3708=ADVANCED_FACE('',(#3362),#55,.F.);
#3709=ADVANCED_FACE('',(#3363),#3520,.T.);
#3710=ADVANCED_FACE('',(#3364),#56,.F.);
#3711=ADVANCED_FACE('',(#3365),#57,.F.);
#3712=ADVANCED_FACE('',(#3366),#3521,.T.);
#3713=ADVANCED_FACE('',(#3367),#58,.F.);
#3714=ADVANCED_FACE('',(#3368),#59,.F.);
#3715=ADVANCED_FACE('',(#3369),#3522,.T.);
#3716=ADVANCED_FACE('',(#3370),#3523,.T.);
#3717=ADVANCED_FACE('',(#3371),#3524,.T.);
#3718=ADVANCED_FACE('',(#3372),#60,.T.);
#3719=ADVANCED_FACE('',(#3373),#61,.T.);
#3720=ADVANCED_FACE('',(#3374),#62,.T.);
#3721=ADVANCED_FACE('',(#3375),#3525,.T.);
#3722=ADVANCED_FACE('',(#3376),#63,.T.);
#3723=ADVANCED_FACE('',(#3377),#64,.T.);
#3724=ADVANCED_FACE('',(#3378),#65,.T.);
#3725=ADVANCED_FACE('',(#3379),#3526,.T.);
#3726=ADVANCED_FACE('',(#3380),#66,.T.);
#3727=ADVANCED_FACE('',(#3381),#67,.T.);
#3728=ADVANCED_FACE('',(#3382),#3527,.T.);
#3729=CLOSED_SHELL('',(#3528,#3529,#3530,#3531,#3532,#3533,#3534,#3535,
#3536,#3537,#3538,#3539,#3540,#3541,#3542,#3543,#3544,#3545,#3546,#3547,
#3548,#3549,#3550,#3551,#3552,#3553,#3554,#3555,#3556,#3557,#3558,#3559,
#3560,#3561,#3562,#3563,#3564,#3565,#3566,#3567,#3568,#3569,#3570,#3571,
#3572,#3573,#3574,#3575,#3576,#3577,#3578,#3579,#3580,#3581,#3582,#3583,
#3584,#3585,#3586,#3587,#3588,#3589,#3590,#3591,#3592,#3593,#3594,#3595,
#3596,#3597,#3598,#3599,#3600,#3601,#3602,#3603,#3604,#3605,#3606,#3607,
#3608,#3609,#3610,#3611,#3612,#3613,#3614,#3615,#3616,#3617,#3618,#3619,
#3620,#3621,#3622,#3623,#3624,#3625,#3626,#3627,#3628,#3629,#3630,#3631,
#3632,#3633,#3634,#3635,#3636,#3637,#3638,#3639,#3640,#3641,#3642,#3643,
#3644,#3645,#3646,#3647,#3648,#3649,#3650,#3651,#3652,#3653,#3654,#3655,
#3656,#3657,#3658,#3659,#3660,#3661,#3662,#3663,#3664,#3665,#3666,#3667,
#3668,#3669,#3670,#3671,#3672,#3673,#3674,#3675,#3676,#3677,#3678,#3679,
#3680,#3681,#3682,#3683,#3684,#3685,#3686,#3687,#3688,#3689,#3690,#3691,
#3692,#3693,#3694,#3695,#3696,#3697,#3698,#3699,#3700,#3701,#3702,#3703,
#3704,#3705,#3706,#3707,#3708,#3709,#3710,#3711,#3712,#3713,#3714,#3715,
#3716,#3717,#3718,#3719,#3720,#3721,#3722,#3723,#3724,#3725,#3726,#3727,
#3728));
#3730=STYLED_ITEM('',(#3731),#3738);
#3731=PRESENTATION_STYLE_ASSIGNMENT((#3732));
#3732=SURFACE_STYLE_USAGE(.BOTH.,#3733);
#3733=SURFACE_SIDE_STYLE('',(#3734));
#3734=SURFACE_STYLE_FILL_AREA(#3735);
#3735=FILL_AREA_STYLE('',(#3736));
#3736=FILL_AREA_STYLE_COLOUR('',#3737);
#3737=COLOUR_RGB('',0.615686274509804,0.811764705882353,0.929411764705882);
#3738=MANIFOLD_SOLID_BREP('Part 1',#3729);
#3739=SHAPE_DEFINITION_REPRESENTATION(#6525,#3740);
#3740=SHAPE_REPRESENTATION('Part 1',(#3741),#6520);
#3741=AXIS2_PLACEMENT_3D('',#5020,#4033,#4034);
#3742=AXIS2_PLACEMENT_3D('',#5021,#4035,#4036);
#3743=AXIS2_PLACEMENT_3D('',#5022,#4037,#4038);
#3744=AXIS2_PLACEMENT_3D('',#5025,#4039,#4040);
#3745=AXIS2_PLACEMENT_3D('',#5027,#4041,#4042);
#3746=AXIS2_PLACEMENT_3D('',#5031,#4044,#4045);
#3747=AXIS2_PLACEMENT_3D('',#5033,#4046,#4047);
#3748=AXIS2_PLACEMENT_3D('',#5035,#4048,#4049);
#3749=AXIS2_PLACEMENT_3D('',#5039,#4051,#4052);
#3750=AXIS2_PLACEMENT_3D('',#5041,#4053,#4054);
#3751=AXIS2_PLACEMENT_3D('',#5043,#4055,#4056);
#3752=AXIS2_PLACEMENT_3D('',#5051,#4060,#4061);
#3753=AXIS2_PLACEMENT_3D('',#5053,#4062,#4063);
#3754=AXIS2_PLACEMENT_3D('',#5057,#4065,#4066);
#3755=AXIS2_PLACEMENT_3D('',#5059,#4067,#4068);
#3756=AXIS2_PLACEMENT_3D('',#5063,#4070,#4071);
#3757=AXIS2_PLACEMENT_3D('',#5065,#4072,#4073);
#3758=AXIS2_PLACEMENT_3D('',#5069,#4075,#4076);
#3759=AXIS2_PLACEMENT_3D('',#5071,#4077,#4078);
#3760=AXIS2_PLACEMENT_3D('',#5083,#4084,#4085);
#3761=AXIS2_PLACEMENT_3D('',#5085,#4086,#4087);
#3762=AXIS2_PLACEMENT_3D('',#5087,#4088,#4089);
#3763=AXIS2_PLACEMENT_3D('',#5095,#4093,#4094);
#3764=AXIS2_PLACEMENT_3D('',#5097,#4095,#4096);
#3765=AXIS2_PLACEMENT_3D('',#5099,#4097,#4098);
#3766=AXIS2_PLACEMENT_3D('',#5103,#4100,#4101);
#3767=AXIS2_PLACEMENT_3D('',#5105,#4102,#4103);
#3768=AXIS2_PLACEMENT_3D('',#5107,#4104,#4105);
#3769=AXIS2_PLACEMENT_3D('',#5220,#4134,#4135);
#3770=AXIS2_PLACEMENT_3D('',#5222,#4136,#4137);
#3771=AXIS2_PLACEMENT_3D('',#5262,#4143,#4144);
#3772=AXIS2_PLACEMENT_3D('',#5264,#4145,#4146);
#3773=AXIS2_PLACEMENT_3D('',#5290,#4159,#4160);
#3774=AXIS2_PLACEMENT_3D('',#5296,#4164,#4165);
#3775=AXIS2_PLACEMENT_3D('',#5305,#4170,#4171);
#3776=AXIS2_PLACEMENT_3D('',#5316,#4177,#4178);
#3777=AXIS2_PLACEMENT_3D('',#5320,#4181,#4182);
#3778=AXIS2_PLACEMENT_3D('',#5324,#4185,#4186);
#3779=AXIS2_PLACEMENT_3D('',#5325,#4187,#4188);
#3780=AXIS2_PLACEMENT_3D('',#5327,#4189,#4190);
#3781=AXIS2_PLACEMENT_3D('',#5337,#4195,#4196);
#3782=AXIS2_PLACEMENT_3D('',#5339,#4197,#4198);
#3783=AXIS2_PLACEMENT_3D('',#5362,#4210,#4211);
#3784=AXIS2_PLACEMENT_3D('',#5363,#4212,#4213);
#3785=AXIS2_PLACEMENT_3D('',#5365,#4214,#4215);
#3786=AXIS2_PLACEMENT_3D('',#5367,#4216,#4217);
#3787=AXIS2_PLACEMENT_3D('',#5368,#4218,#4219);
#3788=AXIS2_PLACEMENT_3D('',#5370,#4220,#4221);
#3789=AXIS2_PLACEMENT_3D('',#5372,#4222,#4223);
#3790=AXIS2_PLACEMENT_3D('',#5373,#4224,#4225);
#3791=AXIS2_PLACEMENT_3D('',#5375,#4226,#4227);
#3792=AXIS2_PLACEMENT_3D('',#5377,#4228,#4229);
#3793=AXIS2_PLACEMENT_3D('',#5410,#4246,#4247);
#3794=AXIS2_PLACEMENT_3D('',#5419,#4251,#4252);
#3795=AXIS2_PLACEMENT_3D('',#5426,#4256,#4257);
#3796=AXIS2_PLACEMENT_3D('',#5445,#4268,#4269);
#3797=AXIS2_PLACEMENT_3D('',#5447,#4270,#4271);
#3798=AXIS2_PLACEMENT_3D('',#5449,#4272,#4273);
#3799=AXIS2_PLACEMENT_3D('',#5470,#4283,#4284);
#3800=AXIS2_PLACEMENT_3D('',#5478,#4288,#4289);
#3801=AXIS2_PLACEMENT_3D('',#5483,#4292,#4293);
#3802=AXIS2_PLACEMENT_3D('',#5493,#4299,#4300);
#3803=AXIS2_PLACEMENT_3D('',#5499,#4304,#4305);
#3804=AXIS2_PLACEMENT_3D('',#5509,#4311,#4312);
#3805=AXIS2_PLACEMENT_3D('',#5531,#4324,#4325);
#3806=AXIS2_PLACEMENT_3D('',#5534,#4328,#4329);
#3807=AXIS2_PLACEMENT_3D('',#5536,#4331,#4332);
#3808=AXIS2_PLACEMENT_3D('',#5539,#4335,#4336);
#3809=AXIS2_PLACEMENT_3D('',#5540,#4337,#4338);
#3810=AXIS2_PLACEMENT_3D('',#5553,#4345,#4346);
#3811=AXIS2_PLACEMENT_3D('',#5559,#4350,#4351);
#3812=AXIS2_PLACEMENT_3D('',#5566,#4356,#4357);
#3813=AXIS2_PLACEMENT_3D('',#5569,#4360,#4361);
#3814=AXIS2_PLACEMENT_3D('',#5570,#4362,#4363);
#3815=AXIS2_PLACEMENT_3D('',#5571,#4364,#4365);
#3816=AXIS2_PLACEMENT_3D('',#5575,#4368,#4369);
#3817=AXIS2_PLACEMENT_3D('',#5579,#4372,#4373);
#3818=AXIS2_PLACEMENT_3D('',#5581,#4375,#4376);
#3819=AXIS2_PLACEMENT_3D('',#5583,#4378,#4379);
#3820=AXIS2_PLACEMENT_3D('',#5586,#4382,#4383);
#3821=AXIS2_PLACEMENT_3D('',#5587,#4384,#4385);
#3822=AXIS2_PLACEMENT_3D('',#5590,#4388,#4389);
#3823=AXIS2_PLACEMENT_3D('',#5592,#4391,#4392);
#3824=AXIS2_PLACEMENT_3D('',#5594,#4394,#4395);
#3825=AXIS2_PLACEMENT_3D('',#5595,#4396,#4397);
#3826=AXIS2_PLACEMENT_3D('',#5598,#4400,#4401);
#3827=AXIS2_PLACEMENT_3D('',#5600,#4403,#4404);
#3828=AXIS2_PLACEMENT_3D('',#5602,#4406,#4407);
#3829=AXIS2_PLACEMENT_3D('',#5604,#4409,#4410);
#3830=AXIS2_PLACEMENT_3D('',#5606,#4412,#4413);
#3831=AXIS2_PLACEMENT_3D('',#5608,#4415,#4416);
#3832=AXIS2_PLACEMENT_3D('',#5610,#4418,#4419);
#3833=AXIS2_PLACEMENT_3D('',#5611,#4420,#4421);
#3834=AXIS2_PLACEMENT_3D('',#5612,#4422,#4423);
#3835=AXIS2_PLACEMENT_3D('',#5614,#4424,#4425);
#3836=AXIS2_PLACEMENT_3D('',#5615,#4426,#4427);
#3837=AXIS2_PLACEMENT_3D('',#5616,#4428,#4429);
#3838=AXIS2_PLACEMENT_3D('',#5618,#4430,#4431);
#3839=AXIS2_PLACEMENT_3D('',#5619,#4432,#4433);
#3840=AXIS2_PLACEMENT_3D('',#5620,#4434,#4435);
#3841=AXIS2_PLACEMENT_3D('',#5622,#4436,#4437);
#3842=AXIS2_PLACEMENT_3D('',#5623,#4438,#4439);
#3843=AXIS2_PLACEMENT_3D('',#5628,#4443,#4444);
#3844=AXIS2_PLACEMENT_3D('',#5630,#4446,#4447);
#3845=AXIS2_PLACEMENT_3D('',#5632,#4449,#4450);
#3846=AXIS2_PLACEMENT_3D('',#5633,#4451,#4452);
#3847=AXIS2_PLACEMENT_3D('',#5636,#4455,#4456);
#3848=AXIS2_PLACEMENT_3D('',#5638,#4458,#4459);
#3849=AXIS2_PLACEMENT_3D('',#5640,#4461,#4462);
#3850=AXIS2_PLACEMENT_3D('',#5642,#4464,#4465);
#3851=AXIS2_PLACEMENT_3D('',#5644,#4467,#4468);
#3852=AXIS2_PLACEMENT_3D('',#5646,#4470,#4471);
#3853=AXIS2_PLACEMENT_3D('',#5648,#4473,#4474);
#3854=AXIS2_PLACEMENT_3D('',#5650,#4476,#4477);
#3855=AXIS2_PLACEMENT_3D('',#5652,#4479,#4480);
#3856=AXIS2_PLACEMENT_3D('',#5654,#4482,#4483);
#3857=AXIS2_PLACEMENT_3D('',#5656,#4485,#4486);
#3858=AXIS2_PLACEMENT_3D('',#5657,#4487,#4488);
#3859=AXIS2_PLACEMENT_3D('',#5663,#4492,#4493);
#3860=AXIS2_PLACEMENT_3D('',#5667,#4496,#4497);
#3861=AXIS2_PLACEMENT_3D('',#5671,#4500,#4501);
#3862=AXIS2_PLACEMENT_3D('',#5673,#4503,#4504);
#3863=AXIS2_PLACEMENT_3D('',#5675,#4506,#4507);
#3864=AXIS2_PLACEMENT_3D('',#5681,#4511,#4512);
#3865=AXIS2_PLACEMENT_3D('',#5683,#4514,#4515);
#3866=AXIS2_PLACEMENT_3D('',#5685,#4517,#4518);
#3867=AXIS2_PLACEMENT_3D('',#5689,#4521,#4522);
#3868=AXIS2_PLACEMENT_3D('',#5693,#4525,#4526);
#3869=AXIS2_PLACEMENT_3D('',#5695,#4528,#4529);
#3870=AXIS2_PLACEMENT_3D('',#5697,#4531,#4532);
#3871=AXIS2_PLACEMENT_3D('',#5699,#4534,#4535);
#3872=AXIS2_PLACEMENT_3D('',#5700,#4536,#4537);
#3873=AXIS2_PLACEMENT_3D('',#5701,#4538,#4539);
#3874=AXIS2_PLACEMENT_3D('',#5710,#4544,#4545);
#3875=AXIS2_PLACEMENT_3D('',#5716,#4549,#4550);
#3876=AXIS2_PLACEMENT_3D('',#5722,#4554,#4555);
#3877=AXIS2_PLACEMENT_3D('',#5725,#4558,#4559);
#3878=AXIS2_PLACEMENT_3D('',#5726,#4560,#4561);
#3879=AXIS2_PLACEMENT_3D('',#5729,#4564,#4565);
#3880=AXIS2_PLACEMENT_3D('',#5731,#4567,#4568);
#3881=AXIS2_PLACEMENT_3D('',#5733,#4570,#4571);
#3882=AXIS2_PLACEMENT_3D('',#5734,#4572,#4573);
#3883=AXIS2_PLACEMENT_3D('',#5755,#4574,#4575);
#3884=AXIS2_PLACEMENT_3D('',#5757,#4576,#4577);
#3885=AXIS2_PLACEMENT_3D('',#5758,#4578,#4579);
#3886=AXIS2_PLACEMENT_3D('',#5760,#4580,#4581);
#3887=AXIS2_PLACEMENT_3D('',#5761,#4582,#4583);
#3888=AXIS2_PLACEMENT_3D('',#5763,#4584,#4585);
#3889=AXIS2_PLACEMENT_3D('',#5764,#4586,#4587);
#3890=AXIS2_PLACEMENT_3D('',#5766,#4588,#4589);
#3891=AXIS2_PLACEMENT_3D('',#5767,#4590,#4591);
#3892=AXIS2_PLACEMENT_3D('',#5768,#4592,#4593);
#3893=AXIS2_PLACEMENT_3D('',#5775,#4596,#4597);
#3894=AXIS2_PLACEMENT_3D('',#5777,#4599,#4600);
#3895=AXIS2_PLACEMENT_3D('',#5779,#4602,#4603);
#3896=AXIS2_PLACEMENT_3D('',#5780,#4604,#4605);
#3897=AXIS2_PLACEMENT_3D('',#5781,#4606,#4607);
#3898=AXIS2_PLACEMENT_3D('',#5884,#4608,#4609);
#3899=AXIS2_PLACEMENT_3D('',#5885,#4610,#4611);
#3900=AXIS2_PLACEMENT_3D('',#5887,#4612,#4613);
#3901=AXIS2_PLACEMENT_3D('',#6126,#4620,#4621);
#3902=AXIS2_PLACEMENT_3D('',#6160,#4624,#4625);
#3903=AXIS2_PLACEMENT_3D('',#6161,#4626,#4627);
#3904=AXIS2_PLACEMENT_3D('',#6167,#4631,#4632);
#3905=AXIS2_PLACEMENT_3D('',#6171,#4635,#4636);
#3906=AXIS2_PLACEMENT_3D('',#6175,#4639,#4640);
#3907=AXIS2_PLACEMENT_3D('',#6179,#4643,#4644);
#3908=AXIS2_PLACEMENT_3D('',#6183,#4647,#4648);
#3909=AXIS2_PLACEMENT_3D('',#6187,#4651,#4652);
#3910=AXIS2_PLACEMENT_3D('',#6191,#4655,#4656);
#3911=AXIS2_PLACEMENT_3D('',#6195,#4659,#4660);
#3912=AXIS2_PLACEMENT_3D('',#6199,#4663,#4664);
#3913=AXIS2_PLACEMENT_3D('',#6203,#4667,#4668);
#3914=AXIS2_PLACEMENT_3D('',#6207,#4671,#4672);
#3915=AXIS2_PLACEMENT_3D('',#6209,#4674,#4675);
#3916=AXIS2_PLACEMENT_3D('',#6210,#4676,#4677);
#3917=AXIS2_PLACEMENT_3D('',#6216,#4681,#4682);
#3918=AXIS2_PLACEMENT_3D('',#6220,#4685,#4686);
#3919=AXIS2_PLACEMENT_3D('',#6224,#4689,#4690);
#3920=AXIS2_PLACEMENT_3D('',#6226,#4692,#4693);
#3921=AXIS2_PLACEMENT_3D('',#6227,#4694,#4695);
#3922=AXIS2_PLACEMENT_3D('',#6233,#4699,#4700);
#3923=AXIS2_PLACEMENT_3D('',#6237,#4703,#4704);
#3924=AXIS2_PLACEMENT_3D('',#6241,#4707,#4708);
#3925=AXIS2_PLACEMENT_3D('',#6245,#4711,#4712);
#3926=AXIS2_PLACEMENT_3D('',#6249,#4715,#4716);
#3927=AXIS2_PLACEMENT_3D('',#6253,#4719,#4720);
#3928=AXIS2_PLACEMENT_3D('',#6257,#4723,#4724);
#3929=AXIS2_PLACEMENT_3D('',#6259,#4726,#4727);
#3930=AXIS2_PLACEMENT_3D('',#6260,#4728,#4729);
#3931=AXIS2_PLACEMENT_3D('',#6269,#4734,#4735);
#3932=AXIS2_PLACEMENT_3D('',#6270,#4736,#4737);
#3933=AXIS2_PLACEMENT_3D('',#6274,#4739,#4740);
#3934=AXIS2_PLACEMENT_3D('',#6275,#4741,#4742);
#3935=AXIS2_PLACEMENT_3D('',#6276,#4743,#4744);
#3936=AXIS2_PLACEMENT_3D('',#6280,#4746,#4747);
#3937=AXIS2_PLACEMENT_3D('',#6281,#4748,#4749);
#3938=AXIS2_PLACEMENT_3D('',#6287,#4753,#4754);
#3939=AXIS2_PLACEMENT_3D('',#6288,#4755,#4756);
#3940=AXIS2_PLACEMENT_3D('',#6292,#4758,#4759);
#3941=AXIS2_PLACEMENT_3D('',#6293,#4760,#4761);
#3942=AXIS2_PLACEMENT_3D('',#6294,#4762,#4763);
#3943=AXIS2_PLACEMENT_3D('',#6298,#4765,#4766);
#3944=AXIS2_PLACEMENT_3D('',#6299,#4767,#4768);
#3945=AXIS2_PLACEMENT_3D('',#6305,#4772,#4773);
#3946=AXIS2_PLACEMENT_3D('',#6306,#4774,#4775);
#3947=AXIS2_PLACEMENT_3D('',#6310,#4777,#4778);
#3948=AXIS2_PLACEMENT_3D('',#6311,#4779,#4780);
#3949=AXIS2_PLACEMENT_3D('',#6312,#4781,#4782);
#3950=AXIS2_PLACEMENT_3D('',#6316,#4784,#4785);
#3951=AXIS2_PLACEMENT_3D('',#6317,#4786,#4787);
#3952=AXIS2_PLACEMENT_3D('',#6323,#4791,#4792);
#3953=AXIS2_PLACEMENT_3D('',#6324,#4793,#4794);
#3954=AXIS2_PLACEMENT_3D('',#6328,#4796,#4797);
#3955=AXIS2_PLACEMENT_3D('',#6329,#4798,#4799);
#3956=AXIS2_PLACEMENT_3D('',#6335,#4803,#4804);
#3957=AXIS2_PLACEMENT_3D('',#6339,#4807,#4808);
#3958=AXIS2_PLACEMENT_3D('',#6343,#4811,#4812);
#3959=AXIS2_PLACEMENT_3D('',#6347,#4815,#4816);
#3960=AXIS2_PLACEMENT_3D('',#6350,#4818,#4819);
#3961=AXIS2_PLACEMENT_3D('',#6351,#4820,#4821);
#3962=AXIS2_PLACEMENT_3D('',#6354,#4823,#4824);
#3963=AXIS2_PLACEMENT_3D('',#6355,#4825,#4826);
#3964=AXIS2_PLACEMENT_3D('',#6358,#4828,#4829);
#3965=AXIS2_PLACEMENT_3D('',#6359,#4830,#4831);
#3966=AXIS2_PLACEMENT_3D('',#6363,#4834,#4835);
#3967=AXIS2_PLACEMENT_3D('',#6366,#4837,#4838);
#3968=AXIS2_PLACEMENT_3D('',#6367,#4839,#4840);
#3969=AXIS2_PLACEMENT_3D('',#6370,#4842,#4843);
#3970=AXIS2_PLACEMENT_3D('',#6371,#4844,#4845);
#3971=AXIS2_PLACEMENT_3D('',#6374,#4847,#4848);
#3972=AXIS2_PLACEMENT_3D('',#6375,#4849,#4850);
#3973=AXIS2_PLACEMENT_3D('',#6377,#4852,#4853);
#3974=AXIS2_PLACEMENT_3D('',#6378,#4854,#4855);
#3975=AXIS2_PLACEMENT_3D('',#6379,#4856,#4857);
#3976=AXIS2_PLACEMENT_3D('',#6380,#4858,#4859);
#3977=AXIS2_PLACEMENT_3D('',#6381,#4860,#4861);
#3978=AXIS2_PLACEMENT_3D('',#6382,#4862,#4863);
#3979=AXIS2_PLACEMENT_3D('',#6385,#4865,#4866);
#3980=AXIS2_PLACEMENT_3D('',#6388,#4868,#4869);
#3981=AXIS2_PLACEMENT_3D('',#6392,#4872,#4873);
#3982=AXIS2_PLACEMENT_3D('',#6395,#4875,#4876);
#3983=AXIS2_PLACEMENT_3D('',#6396,#4877,#4878);
#3984=AXIS2_PLACEMENT_3D('',#6399,#4880,#4881);
#3985=AXIS2_PLACEMENT_3D('',#6400,#4882,#4883);
#3986=AXIS2_PLACEMENT_3D('',#6403,#4885,#4886);
#3987=AXIS2_PLACEMENT_3D('',#6404,#4887,#4888);
#3988=AXIS2_PLACEMENT_3D('',#6408,#4891,#4892);
#3989=AXIS2_PLACEMENT_3D('',#6412,#4895,#4896);
#3990=AXIS2_PLACEMENT_3D('',#6416,#4899,#4900);
#3991=AXIS2_PLACEMENT_3D('',#6420,#4903,#4904);
#3992=AXIS2_PLACEMENT_3D('',#6424,#4907,#4908);
#3993=AXIS2_PLACEMENT_3D('',#6427,#4910,#4911);
#3994=AXIS2_PLACEMENT_3D('',#6428,#4912,#4913);
#3995=AXIS2_PLACEMENT_3D('',#6431,#4915,#4916);
#3996=AXIS2_PLACEMENT_3D('',#6432,#4917,#4918);
#3997=AXIS2_PLACEMENT_3D('',#6436,#4921,#4922);
#3998=AXIS2_PLACEMENT_3D('',#6439,#4924,#4925);
#3999=AXIS2_PLACEMENT_3D('',#6440,#4926,#4927);
#4000=AXIS2_PLACEMENT_3D('',#6443,#4929,#4930);
#4001=AXIS2_PLACEMENT_3D('',#6444,#4931,#4932);
#4002=AXIS2_PLACEMENT_3D('',#6448,#4935,#4936);
#4003=AXIS2_PLACEMENT_3D('',#6451,#4938,#4939);
#4004=AXIS2_PLACEMENT_3D('',#6452,#4940,#4941);
#4005=AXIS2_PLACEMENT_3D('',#6455,#4943,#4944);
#4006=AXIS2_PLACEMENT_3D('',#6456,#4945,#4946);
#4007=AXIS2_PLACEMENT_3D('',#6460,#4949,#4950);
#4008=AXIS2_PLACEMENT_3D('',#6463,#4952,#4953);
#4009=AXIS2_PLACEMENT_3D('',#6464,#4954,#4955);
#4010=AXIS2_PLACEMENT_3D('',#6467,#4957,#4958);
#4011=AXIS2_PLACEMENT_3D('',#6468,#4959,#4960);
#4012=AXIS2_PLACEMENT_3D('',#6472,#4963,#4964);
#4013=AXIS2_PLACEMENT_3D('',#6476,#4967,#4968);
#4014=AXIS2_PLACEMENT_3D('',#6480,#4971,#4972);
#4015=AXIS2_PLACEMENT_3D('',#6483,#4974,#4975);
#4016=AXIS2_PLACEMENT_3D('',#6484,#4976,#4977);
#4017=AXIS2_PLACEMENT_3D('',#6487,#4979,#4980);
#4018=AXIS2_PLACEMENT_3D('',#6488,#4981,#4982);
#4019=AXIS2_PLACEMENT_3D('',#6491,#4984,#4985);
#4020=AXIS2_PLACEMENT_3D('',#6492,#4986,#4987);
#4021=AXIS2_PLACEMENT_3D('',#6496,#4990,#4991);
#4022=AXIS2_PLACEMENT_3D('',#6499,#4993,#4994);
#4023=AXIS2_PLACEMENT_3D('',#6500,#4995,#4996);
#4024=AXIS2_PLACEMENT_3D('',#6503,#4998,#4999);
#4025=AXIS2_PLACEMENT_3D('',#6504,#5000,#5001);
#4026=AXIS2_PLACEMENT_3D('',#6507,#5003,#5004);
#4027=AXIS2_PLACEMENT_3D('',#6508,#5005,#5006);
#4028=AXIS2_PLACEMENT_3D('',#6512,#5009,#5010);
#4029=AXIS2_PLACEMENT_3D('',#6515,#5012,#5013);
#4030=AXIS2_PLACEMENT_3D('',#6516,#5014,#5015);
#4031=AXIS2_PLACEMENT_3D('',#6517,#5016,#5017);
#4032=AXIS2_PLACEMENT_3D('',#6518,#5018,#5019);
#4033=DIRECTION('',(0.,0.,1.));
#4034=DIRECTION('',(1.,0.,0.));
#4035=DIRECTION('',(0.,0.,1.));
#4036=DIRECTION('',(1.,0.,0.));
#4037=DIRECTION('',(0.,0.,-1.));
#4038=DIRECTION('',(-1.,0.,0.));
#4039=DIRECTION('',(0.,0.,-1.));
#4040=DIRECTION('',(-1.,0.,0.));
#4041=DIRECTION('',(0.,0.,-1.));
#4042=DIRECTION('',(-1.,0.,0.));
#4043=DIRECTION('',(0.,1.,0.));
#4044=DIRECTION('',(0.,0.,-1.));
#4045=DIRECTION('',(-1.,0.,0.));
#4046=DIRECTION('',(0.,0.,-1.));
#4047=DIRECTION('',(-1.,0.,0.));
#4048=DIRECTION('',(0.,0.,-1.));
#4049=DIRECTION('',(-1.,0.,0.));
#4050=DIRECTION('',(1.,0.,0.));
#4051=DIRECTION('',(0.,0.,-1.));
#4052=DIRECTION('',(-1.,0.,0.));
#4053=DIRECTION('',(0.,0.,-1.));
#4054=DIRECTION('',(-1.,0.,0.));
#4055=DIRECTION('',(0.,0.,-1.));
#4056=DIRECTION('',(-1.,0.,0.));
#4057=DIRECTION('',(0.,-1.,0.));
#4058=DIRECTION('',(-1.,0.,0.));
#4059=DIRECTION('',(0.,1.,0.));
#4060=DIRECTION('',(0.,0.,-1.));
#4061=DIRECTION('',(-1.,0.,0.));
#4062=DIRECTION('',(0.,0.,-1.));
#4063=DIRECTION('',(-1.,0.,0.));
#4064=DIRECTION('',(-1.,0.,0.));
#4065=DIRECTION('',(0.,0.,-1.));
#4066=DIRECTION('',(-1.,0.,0.));
#4067=DIRECTION('',(0.,0.,-1.));
#4068=DIRECTION('',(-1.,0.,0.));
#4069=DIRECTION('',(0.,-1.,0.));
#4070=DIRECTION('',(0.,0.,-1.));
#4071=DIRECTION('',(-1.,0.,0.));
#4072=DIRECTION('',(0.,0.,-1.));
#4073=DIRECTION('',(-1.,0.,0.));
#4074=DIRECTION('',(1.,0.,0.));
#4075=DIRECTION('',(0.,0.,-1.));
#4076=DIRECTION('',(-1.,0.,0.));
#4077=DIRECTION('',(0.,0.,-1.));
#4078=DIRECTION('',(-1.,0.,0.));
#4079=DIRECTION('',(0.,1.,0.));
#4080=DIRECTION('',(-1.,0.,0.));
#4081=DIRECTION('',(0.,1.,0.));
#4082=DIRECTION('',(1.,0.,0.));
#4083=DIRECTION('',(0.,-1.,0.));
#4084=DIRECTION('',(0.,0.,-1.));
#4085=DIRECTION('',(-1.,0.,0.));
#4086=DIRECTION('',(0.,0.,-1.));
#4087=DIRECTION('',(-1.,0.,0.));
#4088=DIRECTION('',(0.,0.,-1.));
#4089=DIRECTION('',(-1.,0.,0.));
#4090=DIRECTION('',(-1.,0.,0.));
#4091=DIRECTION('',(0.,1.,0.));
#4092=DIRECTION('',(1.,0.,0.));
#4093=DIRECTION('',(0.,0.,-1.));
#4094=DIRECTION('',(-1.,0.,0.));
#4095=DIRECTION('',(0.,0.,-1.));
#4096=DIRECTION('',(-1.,0.,0.));
#4097=DIRECTION('',(0.,0.,-1.));
#4098=DIRECTION('',(-1.,0.,0.));
#4099=DIRECTION('',(0.,-1.,0.));
#4100=DIRECTION('',(0.,0.,-1.));
#4101=DIRECTION('',(-1.,0.,0.));
#4102=DIRECTION('',(0.,0.,-1.));
#4103=DIRECTION('',(-1.,0.,0.));
#4104=DIRECTION('',(0.,0.,-1.));
#4105=DIRECTION('',(-1.,0.,0.));
#4106=DIRECTION('',(-0.999997019365275,-0.00244156928341772,0.));
#4107=DIRECTION('',(0.,-1.,0.));
#4108=DIRECTION('',(-1.,0.,0.));
#4109=DIRECTION('',(0.,1.,0.));
#4110=DIRECTION('',(-1.,0.,0.));
#4111=DIRECTION('',(0.,1.,0.));
#4112=DIRECTION('',(1.,0.,0.));
#4113=DIRECTION('',(0.,-1.,0.));
#4114=DIRECTION('',(-1.,0.,0.));
#4115=DIRECTION('',(0.,-1.,0.));
#4116=DIRECTION('',(-1.,0.,0.));
#4117=DIRECTION('',(0.,1.,0.));
#4118=DIRECTION('',(1.,0.,0.));
#4119=DIRECTION('',(0.,-1.,0.));
#4120=DIRECTION('',(-1.,0.,0.));
#4121=DIRECTION('',(0.,1.,0.));
#4122=DIRECTION('',(1.,0.,0.));
#4123=DIRECTION('',(0.,-1.,0.));
#4124=DIRECTION('',(-1.,0.,0.));
#4125=DIRECTION('',(0.,-1.,0.));
#4126=DIRECTION('',(1.,0.,0.));
#4127=DIRECTION('',(0.,-1.,0.));
#4128=DIRECTION('',(-1.,0.,0.));
#4129=DIRECTION('',(0.,-1.,0.));
#4130=DIRECTION('',(1.,0.,0.));
#4131=DIRECTION('',(0.,-1.,0.));
#4132=DIRECTION('',(-1.,0.,0.));
#4133=DIRECTION('',(-1.,0.,0.));
#4134=DIRECTION('',(0.,0.,1.));
#4135=DIRECTION('',(1.,0.,0.));
#4136=DIRECTION('',(0.,0.,1.));
#4137=DIRECTION('',(1.,0.,0.));
#4138=DIRECTION('',(0.,-1.,0.));
#4139=DIRECTION('',(0.,-1.,0.));
#4140=DIRECTION('',(1.,0.,0.));
#4141=DIRECTION('',(0.,-1.,0.));
#4142=DIRECTION('',(1.,0.,0.));
#4143=DIRECTION('',(0.,0.,1.));
#4144=DIRECTION('',(1.,0.,0.));
#4145=DIRECTION('',(0.,0.,1.));
#4146=DIRECTION('',(1.,0.,0.));
#4147=DIRECTION('',(-1.,0.,0.));
#4148=DIRECTION('',(3.1540426835942E-16,1.,0.));
#4149=DIRECTION('',(1.,0.,0.));
#4150=DIRECTION('',(-3.1540426835942E-16,-1.,0.));
#4151=DIRECTION('',(-1.,-1.7347234759768E-16,0.));
#4152=DIRECTION('',(0.,1.,0.));
#4153=DIRECTION('',(-1.,-1.7347234759768E-16,0.));
#4154=DIRECTION('',(0.,1.,0.));
#4155=DIRECTION('',(1.,0.,0.));
#4156=DIRECTION('',(-2.41352831440252E-16,1.,0.));
#4157=DIRECTION('',(1.,0.,0.));
#4158=DIRECTION('',(-2.41352831440252E-16,1.,0.));
#4159=DIRECTION('',(1.,2.41352831440252E-16,0.));
#4160=DIRECTION('',(-2.41352831440252E-16,1.,0.));
#4161=DIRECTION('',(0.,-1.,0.));
#4162=DIRECTION('',(0.,0.,1.));
#4163=DIRECTION('',(0.,0.,1.));
#4164=DIRECTION('',(0.,-1.,0.));
#4165=DIRECTION('',(1.,0.,0.));
#4166=DIRECTION('',(-1.,0.,0.));
#4167=DIRECTION('',(0.,0.,-1.));
#4168=DIRECTION('',(1.,0.,0.));
#4169=DIRECTION('',(0.,0.,-1.));
#4170=DIRECTION('',(-1.,2.13478153578243E-16,0.));
#4171=DIRECTION('',(-2.13478153578243E-16,-1.,0.));
#4172=DIRECTION('',(2.13478153578243E-16,1.,0.));
#4173=DIRECTION('',(-1.50951850030359E-16,-0.707106781186549,-0.707106781186547));
#4174=DIRECTION('',(0.,0.,1.));
#4175=DIRECTION('',(2.13478153578243E-16,1.,0.));
#4176=DIRECTION('',(0.,0.,-1.));
#4177=DIRECTION('',(0.,-1.,0.));
#4178=DIRECTION('',(0.,0.,-1.));
#4179=DIRECTION('',(-1.,0.,0.));
#4180=DIRECTION('',(0.,0.,1.));
#4181=DIRECTION('',(0.,-1.,0.));
#4182=DIRECTION('',(0.,0.,-1.));
#4183=DIRECTION('',(-1.,0.,0.));
#4184=DIRECTION('',(0.,0.,1.));
#4185=DIRECTION('',(0.,0.,-1.));
#4186=DIRECTION('',(1.,0.,0.));
#4187=DIRECTION('',(0.,0.,-1.));
#4188=DIRECTION('',(-1.,0.,0.));
#4189=DIRECTION('',(0.,0.,-1.));
#4190=DIRECTION('',(-1.,0.,0.));
#4191=DIRECTION('',(0.,1.,0.));
#4192=DIRECTION('',(-1.,0.,0.));
#4193=DIRECTION('',(0.,1.,0.));
#4194=DIRECTION('',(-1.,0.,0.));
#4195=DIRECTION('',(0.,0.,-1.));
#4196=DIRECTION('',(-1.,0.,0.));
#4197=DIRECTION('',(0.,0.,-1.));
#4198=DIRECTION('',(-1.,0.,0.));
#4199=DIRECTION('',(2.13478153578243E-16,1.,0.));
#4200=DIRECTION('',(1.,0.,0.));
#4201=DIRECTION('',(0.,1.,0.));
#4202=DIRECTION('',(-1.,0.,0.));
#4203=DIRECTION('',(1.,-1.9109093148015E-16,0.));
#4204=DIRECTION('',(2.13478153578243E-16,1.,0.));
#4205=DIRECTION('',(1.,1.9109093148015E-16,0.));
#4206=DIRECTION('',(2.6020852139652E-16,-1.,0.));
#4207=DIRECTION('',(1.,0.,0.));
#4208=DIRECTION('',(2.60208521396519E-16,-1.,0.));
#4209=DIRECTION('',(1.,0.,0.));
#4210=DIRECTION('',(0.,0.,1.));
#4211=DIRECTION('',(1.,0.,0.));
#4212=DIRECTION('',(0.,0.,1.));
#4213=DIRECTION('',(1.,0.,0.));
#4214=DIRECTION('',(0.,0.,1.));
#4215=DIRECTION('',(1.,0.,0.));
#4216=DIRECTION('',(0.,0.,1.));
#4217=DIRECTION('',(1.,0.,0.));
#4218=DIRECTION('',(0.,0.,1.));
#4219=DIRECTION('',(1.,0.,0.));
#4220=DIRECTION('',(0.,0.,1.));
#4221=DIRECTION('',(1.,0.,0.));
#4222=DIRECTION('',(0.,0.,1.));
#4223=DIRECTION('',(1.,0.,0.));
#4224=DIRECTION('',(0.,0.,1.));
#4225=DIRECTION('',(1.,0.,0.));
#4226=DIRECTION('',(0.,0.,1.));
#4227=DIRECTION('',(1.,0.,0.));
#4228=DIRECTION('',(0.,0.,1.));
#4229=DIRECTION('',(1.,0.,0.));
#4230=DIRECTION('',(0.,1.,0.));
#4231=DIRECTION('',(1.,0.,0.));
#4232=DIRECTION('',(0.,-1.,0.));
#4233=DIRECTION('',(1.,0.,0.));
#4234=DIRECTION('',(0.,1.,0.));
#4235=DIRECTION('',(-1.,0.,0.));
#4236=DIRECTION('',(3.63216808202849E-16,-1.,0.));
#4237=DIRECTION('',(1.,0.,0.));
#4238=DIRECTION('',(0.,1.,0.));
#4239=DIRECTION('',(1.,0.,0.));
#4240=DIRECTION('',(0.,-1.,0.));
#4241=DIRECTION('',(1.,0.,0.));
#4242=DIRECTION('',(0.,1.,0.));
#4243=DIRECTION('',(-1.,-1.7347234759768E-16,0.));
#4244=DIRECTION('',(0.,1.,0.));
#4245=DIRECTION('',(-1.,-1.7347234759768E-16,0.));
#4246=DIRECTION('',(0.,0.,1.));
#4247=DIRECTION('',(1.,0.,0.));
#4248=DIRECTION('',(-1.,0.,0.));
#4249=DIRECTION('',(0.,1.,0.));
#4250=DIRECTION('',(-1.,0.,0.));
#4251=DIRECTION('',(0.,0.,1.));
#4252=DIRECTION('',(1.,0.,0.));
#4253=DIRECTION('',(-1.,0.,0.));
#4254=DIRECTION('',(0.,1.,0.));
#4255=DIRECTION('',(-1.,0.,0.));
#4256=DIRECTION('',(0.,0.,1.));
#4257=DIRECTION('',(1.,0.,0.));
#4258=DIRECTION('',(1.,0.,0.));
#4259=DIRECTION('',(0.,-1.,0.));
#4260=DIRECTION('',(-1.,0.,0.));
#4261=DIRECTION('',(2.13478153578243E-16,1.,0.));
#4262=DIRECTION('',(1.,1.9109093148015E-16,0.));
#4263=DIRECTION('',(2.13478153578243E-16,1.,0.));
#4264=DIRECTION('',(1.,-1.9109093148015E-16,0.));
#4265=DIRECTION('',(-2.41352831440252E-16,1.,0.));
#4266=DIRECTION('',(-1.,0.,0.));
#4267=DIRECTION('',(2.41352831440252E-16,-1.,0.));
#4268=DIRECTION('',(0.,0.,-1.));
#4269=DIRECTION('',(-1.,0.,0.));
#4270=DIRECTION('',(0.,0.,-1.));
#4271=DIRECTION('',(-1.,0.,0.));
#4272=DIRECTION('',(0.,0.,-1.));
#4273=DIRECTION('',(-1.,0.,0.));
#4274=DIRECTION('',(0.,1.,0.));
#4275=DIRECTION('',(-1.,-3.12450193799857E-16,0.));
#4276=DIRECTION('',(0.,-1.,0.));
#4277=DIRECTION('',(1.,0.,0.));
#4278=DIRECTION('',(0.,-1.,0.));
#4279=DIRECTION('',(-1.,-3.12450193799857E-16,0.));
#4280=DIRECTION('',(0.,1.,0.));
#4281=DIRECTION('',(-1.,0.,0.));
#4282=DIRECTION('',(-1.,0.,0.));
#4283=DIRECTION('',(0.,0.,1.));
#4284=DIRECTION('',(1.,0.,0.));
#4285=DIRECTION('',(-1.,0.,0.));
#4286=DIRECTION('',(0.,1.,0.));
#4287=DIRECTION('',(-1.,0.,0.));
#4288=DIRECTION('',(0.,0.,1.));
#4289=DIRECTION('',(1.,0.,0.));
#4290=DIRECTION('',(-1.,0.,0.));
#4291=DIRECTION('',(0.,1.,0.));
#4292=DIRECTION('',(0.,1.,0.));
#4293=DIRECTION('',(0.,0.,1.));
#4294=DIRECTION('',(0.,0.,-1.));
#4295=DIRECTION('',(-1.,0.,0.));
#4296=DIRECTION('',(0.,0.,-1.));
#4297=DIRECTION('',(0.,0.,-1.));
#4298=DIRECTION('',(1.,0.,0.));
#4299=DIRECTION('',(1.,0.,0.));
#4300=DIRECTION('',(0.,0.,-1.));
#4301=DIRECTION('',(0.,0.,-1.));
#4302=DIRECTION('',(0.,1.,0.));
#4303=DIRECTION('',(0.,-1.,0.));
#4304=DIRECTION('',(0.,1.,0.));
#4305=DIRECTION('',(0.,0.,1.));
#4306=DIRECTION('',(0.,0.,-1.));
#4307=DIRECTION('',(-1.,0.,0.));
#4308=DIRECTION('',(1.,0.,0.));
#4309=DIRECTION('',(0.,0.,-1.));
#4310=DIRECTION('',(1.,0.,0.));
#4311=DIRECTION('',(0.,1.,0.));
#4312=DIRECTION('',(0.,0.,1.));
#4313=DIRECTION('',(0.,0.,-1.));
#4314=DIRECTION('',(1.,0.,0.));
#4315=DIRECTION('',(0.,0.,-1.));
#4316=DIRECTION('',(1.,0.,0.));
#4317=DIRECTION('',(0.,0.,-1.));
#4318=DIRECTION('',(1.,0.,0.));
#4319=DIRECTION('',(0.,0.,-1.));
#4320=DIRECTION('',(0.,0.,-1.));
#4321=DIRECTION('',(-1.,0.,0.));
#4322=DIRECTION('',(0.,0.,-1.));
#4323=DIRECTION('',(-1.,0.,0.));
#4324=DIRECTION('',(0.,0.,1.));
#4325=DIRECTION('',(1.,0.,0.));
#4326=DIRECTION('',(0.,1.,0.));
#4327=DIRECTION('',(1.81608404101424E-16,-1.,0.));
#4328=DIRECTION('',(1.,1.81608404101424E-16,0.));
#4329=DIRECTION('',(-1.81608404101424E-16,1.,0.));
#4330=DIRECTION('',(1.81608404101424E-16,-1.,0.));
#4331=DIRECTION('',(1.,0.,0.));
#4332=DIRECTION('',(0.,0.,-1.));
#4333=DIRECTION('',(0.,-1.,0.));
#4334=DIRECTION('',(0.,-1.,0.));
#4335=DIRECTION('',(0.,0.,1.));
#4336=DIRECTION('',(1.,0.,0.));
#4337=DIRECTION('',(0.,-1.,0.));
#4338=DIRECTION('',(0.,0.,-1.));
#4339=DIRECTION('',(0.,0.,-1.));
#4340=DIRECTION('',(-1.,0.,0.));
#4341=DIRECTION('',(0.,0.,-1.));
#4342=DIRECTION('',(-1.,0.,0.));
#4343=DIRECTION('',(0.,0.,-1.));
#4344=DIRECTION('',(-1.,0.,0.));
#4345=DIRECTION('',(1.,0.,0.));
#4346=DIRECTION('',(0.,0.,-1.));
#4347=DIRECTION('',(0.,0.,-1.));
#4348=DIRECTION('',(0.,-1.,0.));
#4349=DIRECTION('',(0.,-1.,0.));
#4350=DIRECTION('',(0.,-1.,0.));
#4351=DIRECTION('',(0.,0.,-1.));
#4352=DIRECTION('',(0.,0.,-1.));
#4353=DIRECTION('',(-1.,0.,0.));
#4354=DIRECTION('',(-1.,0.,0.));
#4355=DIRECTION('',(0.,0.,-1.));
#4356=DIRECTION('',(0.,0.,1.));
#4357=DIRECTION('',(1.,0.,0.));
#4358=DIRECTION('',(0.,1.,0.));
#4359=DIRECTION('',(5.44825212304274E-16,-1.,0.));
#4360=DIRECTION('',(-1.,0.,0.));
#4361=DIRECTION('',(0.,0.,1.));
#4362=DIRECTION('',(-1.,0.,0.));
#4363=DIRECTION('',(0.,0.,1.));
#4364=DIRECTION('',(1.,0.,0.));
#4365=DIRECTION('',(0.,0.,-1.));
#4366=DIRECTION('',(0.,0.,-1.));
#4367=DIRECTION('',(0.,1.,0.));
#4368=DIRECTION('',(0.,1.,0.));
#4369=DIRECTION('',(0.,0.,1.));
#4370=DIRECTION('',(0.,0.,-1.));
#4371=DIRECTION('',(-1.,0.,0.));
#4372=DIRECTION('',(1.,0.,0.));
#4373=DIRECTION('',(0.,0.,-1.));
#4374=DIRECTION('',(0.,-1.,0.));
#4375=DIRECTION('',(1.,5.44825212304274E-16,0.));
#4376=DIRECTION('',(-5.44825212304274E-16,1.,0.));
#4377=DIRECTION('',(5.44825212304274E-16,-1.,0.));
#4378=DIRECTION('',(1.,3.63216808202849E-16,0.));
#4379=DIRECTION('',(-3.63216808202849E-16,1.,0.));
#4380=DIRECTION('',(-3.63216808202849E-16,1.,0.));
#4381=DIRECTION('',(3.63216808202849E-16,-1.,0.));
#4382=DIRECTION('',(0.,0.,1.));
#4383=DIRECTION('',(1.,0.,0.));
#4384=DIRECTION('',(-1.7347234759768E-16,1.,0.));
#4385=DIRECTION('',(-1.,-1.7347234759768E-16,0.));
#4386=DIRECTION('',(0.,0.,1.));
#4387=DIRECTION('',(0.,0.,1.));
#4388=DIRECTION('',(1.,0.,0.));
#4389=DIRECTION('',(0.,0.,-1.));
#4390=DIRECTION('',(0.,0.,1.));
#4391=DIRECTION('',(-1.7347234759768E-16,1.,0.));
#4392=DIRECTION('',(-1.,-1.7347234759768E-16,0.));
#4393=DIRECTION('',(0.,0.,1.));
#4394=DIRECTION('',(1.,0.,0.));
#4395=DIRECTION('',(0.,0.,-1.));
#4396=DIRECTION('',(0.,1.,0.));
#4397=DIRECTION('',(0.,0.,1.));
#4398=DIRECTION('',(0.,0.,1.));
#4399=DIRECTION('',(0.,0.,1.));
#4400=DIRECTION('',(0.,0.,1.));
#4401=DIRECTION('',(1.,0.,0.));
#4402=DIRECTION('',(0.,0.,1.));
#4403=DIRECTION('',(0.,1.,0.));
#4404=DIRECTION('',(0.,0.,1.));
#4405=DIRECTION('',(0.,0.,1.));
#4406=DIRECTION('',(1.,0.,0.));
#4407=DIRECTION('',(0.,0.,-1.));
#4408=DIRECTION('',(0.,0.,1.));
#4409=DIRECTION('',(0.,1.,0.));
#4410=DIRECTION('',(0.,0.,1.));
#4411=DIRECTION('',(0.,0.,1.));
#4412=DIRECTION('',(0.,0.,1.));
#4413=DIRECTION('',(1.,0.,0.));
#4414=DIRECTION('',(0.,0.,1.));
#4415=DIRECTION('',(0.,1.,0.));
#4416=DIRECTION('',(0.,0.,1.));
#4417=DIRECTION('',(0.,0.,1.));
#4418=DIRECTION('',(1.,0.,0.));
#4419=DIRECTION('',(0.,0.,-1.));
#4420=DIRECTION('',(0.,0.,-1.));
#4421=DIRECTION('',(-1.,0.,0.));
#4422=DIRECTION('',(0.,0.,-1.));
#4423=DIRECTION('',(-1.,0.,0.));
#4424=DIRECTION('',(0.,0.,-1.));
#4425=DIRECTION('',(1.,0.,0.));
#4426=DIRECTION('',(0.,0.,-1.));
#4427=DIRECTION('',(-1.,0.,0.));
#4428=DIRECTION('',(0.,0.,-1.));
#4429=DIRECTION('',(-1.,0.,0.));
#4430=DIRECTION('',(0.,0.,-1.));
#4431=DIRECTION('',(1.,0.,0.));
#4432=DIRECTION('',(0.,0.,-1.));
#4433=DIRECTION('',(-1.,0.,0.));
#4434=DIRECTION('',(0.,0.,-1.));
#4435=DIRECTION('',(-1.,0.,0.));
#4436=DIRECTION('',(0.,0.,-1.));
#4437=DIRECTION('',(1.,0.,0.));
#4438=DIRECTION('',(-1.,2.13478153578243E-16,0.));
#4439=DIRECTION('',(-2.13478153578243E-16,-1.,0.));
#4440=DIRECTION('',(0.,0.,1.));
#4441=DIRECTION('',(-1.50951850030359E-16,-0.707106781186548,0.707106781186548));
#4442=DIRECTION('',(0.,0.,-1.));
#4443=DIRECTION('',(1.9109093148015E-16,1.,0.));
#4444=DIRECTION('',(-1.,1.9109093148015E-16,0.));
#4445=DIRECTION('',(0.,0.,-1.));
#4446=DIRECTION('',(-1.,2.13478153578243E-16,0.));
#4447=DIRECTION('',(-2.13478153578243E-16,-1.,0.));
#4448=DIRECTION('',(0.,0.,-1.));
#4449=DIRECTION('',(-1.9109093148015E-16,1.,0.));
#4450=DIRECTION('',(-1.,-1.9109093148015E-16,0.));
#4451=DIRECTION('',(0.,0.707106781186548,-0.707106781186548));
#4452=DIRECTION('',(-1.,0.,0.));
#4453=DIRECTION('',(0.577350269189626,0.577350269189626,0.577350269189626));
#4454=DIRECTION('',(0.577350269189626,-0.577350269189626,-0.577350269189626));
#4455=DIRECTION('',(-0.707106781186548,0.,-0.707106781186548));
#4456=DIRECTION('',(0.,-1.,0.));
#4457=DIRECTION('',(0.577350269189626,-0.577350269189626,-0.577350269189626));
#4458=DIRECTION('',(-0.707106781186548,-2.56833068121169E-16,0.707106781186547));
#4459=DIRECTION('',(-3.63216808202849E-16,1.,0.));
#4460=DIRECTION('',(0.577350269189626,-0.577350269189626,0.577350269189626));
#4461=DIRECTION('',(0.,0.707106781186548,-0.707106781186548));
#4462=DIRECTION('',(-1.,0.,0.));
#4463=DIRECTION('',(0.577350269189626,0.577350269189626,0.577350269189626));
#4464=DIRECTION('',(0.,-0.707106781186548,-0.707106781186548));
#4465=DIRECTION('',(1.,0.,0.));
#4466=DIRECTION('',(0.577350269189626,0.577350269189626,-0.577350269189626));
#4467=DIRECTION('',(-0.707106781186548,0.,0.707106781186548));
#4468=DIRECTION('',(0.,1.,0.));
#4469=DIRECTION('',(-0.577350269189626,-0.577350269189626,-0.577350269189626));
#4470=DIRECTION('',(-0.707106781186548,0.,-0.707106781186548));
#4471=DIRECTION('',(0.,-1.,0.));
#4472=DIRECTION('',(-0.577350269189626,0.577350269189626,0.577350269189626));
#4473=DIRECTION('',(0.,-0.707106781186548,0.707106781186548));
#4474=DIRECTION('',(-1.,0.,0.));
#4475=DIRECTION('',(-0.577350269189626,0.577350269189626,0.577350269189626));
#4476=DIRECTION('',(0.,-0.707106781186548,0.707106781186548));
#4477=DIRECTION('',(-1.,0.,0.));
#4478=DIRECTION('',(-0.577350269189626,-0.577350269189626,-0.577350269189626));
#4479=DIRECTION('',(-0.707106781186548,0.,-0.707106781186548));
#4480=DIRECTION('',(0.,-1.,0.));
#4481=DIRECTION('',(0.577350269189626,-0.577350269189626,-0.577350269189626));
#4482=DIRECTION('',(-0.707106781186548,0.,0.707106781186548));
#4483=DIRECTION('',(0.,1.,0.));
#4484=DIRECTION('',(-0.577350269189626,-0.577350269189626,-0.577350269189626));
#4485=DIRECTION('',(0.,-0.707106781186548,0.707106781186548));
#4486=DIRECTION('',(-1.,0.,0.));
#4487=DIRECTION('',(0.,1.,0.));
#4488=DIRECTION('',(0.,0.,1.));
#4489=DIRECTION('',(0.,0.,1.));
#4490=DIRECTION('',(-1.,0.,0.));
#4491=DIRECTION('',(0.,0.,1.));
#4492=DIRECTION('',(1.,2.60208521396519E-16,0.));
#4493=DIRECTION('',(-2.60208521396519E-16,1.,0.));
#4494=DIRECTION('',(-2.60208521396519E-16,1.,0.));
#4495=DIRECTION('',(0.,0.,1.));
#4496=DIRECTION('',(0.,1.,0.));
#4497=DIRECTION('',(0.,0.,1.));
#4498=DIRECTION('',(-1.,0.,0.));
#4499=DIRECTION('',(0.,0.,1.));
#4500=DIRECTION('',(1.,2.6020852139652E-16,0.));
#4501=DIRECTION('',(-2.6020852139652E-16,1.,0.));
#4502=DIRECTION('',(-2.6020852139652E-16,1.,0.));
#4503=DIRECTION('',(1.,2.41352831440252E-16,0.));
#4504=DIRECTION('',(-2.41352831440252E-16,1.,0.));
#4505=DIRECTION('',(2.41352831440252E-16,-1.,0.));
#4506=DIRECTION('',(0.,0.,-1.));
#4507=DIRECTION('',(-1.,0.,0.));
#4508=DIRECTION('',(-2.41352831440252E-16,1.,0.));
#4509=DIRECTION('',(2.41352831440252E-16,-1.,0.));
#4510=DIRECTION('',(-1.,0.,0.));
#4511=DIRECTION('',(-1.,-2.41352831440252E-16,0.));
#4512=DIRECTION('',(2.41352831440252E-16,-1.,0.));
#4513=DIRECTION('',(0.,0.,-1.));
#4514=DIRECTION('',(0.,1.,0.));
#4515=DIRECTION('',(-1.,0.,0.));
#4516=DIRECTION('',(0.,0.,-1.));
#4517=DIRECTION('',(0.,-1.,0.));
#4518=DIRECTION('',(0.,0.,-1.));
#4519=DIRECTION('',(1.,0.,0.));
#4520=DIRECTION('',(0.,0.,1.));
#4521=DIRECTION('',(-1.,0.,0.));
#4522=DIRECTION('',(0.,0.,1.));
#4523=DIRECTION('',(0.,-1.,0.));
#4524=DIRECTION('',(0.,0.,1.));
#4525=DIRECTION('',(0.,1.,0.));
#4526=DIRECTION('',(0.,0.,1.));
#4527=DIRECTION('',(-1.,0.,0.));
#4528=DIRECTION('',(0.,-0.707106781186547,0.707106781186548));
#4529=DIRECTION('',(1.,0.,0.));
#4530=DIRECTION('',(-0.577350269189625,-0.577350269189627,-0.577350269189625));
#4531=DIRECTION('',(-0.707106781186547,0.,0.707106781186548));
#4532=DIRECTION('',(0.,-1.,0.));
#4533=DIRECTION('',(-0.577350269189626,0.577350269189626,-0.577350269189626));
#4534=DIRECTION('',(0.,0.707106781186547,0.707106781186548));
#4535=DIRECTION('',(-1.,0.,0.));
#4536=DIRECTION('',(1.,2.41352831440252E-16,0.));
#4537=DIRECTION('',(-2.41352831440252E-16,1.,0.));
#4538=DIRECTION('',(0.,-1.,0.));
#4539=DIRECTION('',(0.,0.,-1.));
#4540=DIRECTION('',(0.,0.,-1.));
#4541=DIRECTION('',(1.,0.,0.));
#4542=DIRECTION('',(0.,0.,-1.));
#4543=DIRECTION('',(-1.,0.,0.));
#4544=DIRECTION('',(-1.,3.1540426835942E-16,0.));
#4545=DIRECTION('',(-3.1540426835942E-16,-1.,0.));
#4546=DIRECTION('',(3.1540426835942E-16,1.,0.));
#4547=DIRECTION('',(0.,0.,-1.));
#4548=DIRECTION('',(3.1540426835942E-16,1.,0.));
#4549=DIRECTION('',(0.,-1.,0.));
#4550=DIRECTION('',(0.,0.,-1.));
#4551=DIRECTION('',(-1.,0.,0.));
#4552=DIRECTION('',(0.,0.,-1.));
#4553=DIRECTION('',(-1.,0.,0.));
#4554=DIRECTION('',(-1.,3.1540426835942E-16,0.));
#4555=DIRECTION('',(-3.1540426835942E-16,-1.,0.));
#4556=DIRECTION('',(-3.1540426835942E-16,-1.,0.));
#4557=DIRECTION('',(3.1540426835942E-16,1.,0.));
#4558=DIRECTION('',(0.,0.,1.));
#4559=DIRECTION('',(1.,0.,0.));
#4560=DIRECTION('',(-0.707106781186548,2.23024496972127E-16,-0.707106781186548));
#4561=DIRECTION('',(3.1540426835942E-16,1.,0.));
#4562=DIRECTION('',(0.577350269189626,0.577350269189626,-0.577350269189626));
#4563=DIRECTION('',(-0.577350269189626,0.577350269189626,0.577350269189626));
#4564=DIRECTION('',(0.,-0.707106781186547,0.707106781186548));
#4565=DIRECTION('',(1.,0.,0.));
#4566=DIRECTION('',(-0.577350269189626,-0.577350269189626,-0.577350269189626));
#4567=DIRECTION('',(0.,-0.707106781186547,-0.707106781186548));
#4568=DIRECTION('',(-1.,0.,0.));
#4569=DIRECTION('',(-0.577350269189626,0.577350269189626,-0.577350269189626));
#4570=DIRECTION('',(-0.707106781186548,2.23024496972127E-16,0.707106781186548));
#4571=DIRECTION('',(-3.1540426835942E-16,-1.,0.));
#4572=DIRECTION('',(0.,0.,-1.));
#4573=DIRECTION('',(-1.,0.,0.));
#4574=DIRECTION('',(0.,0.,1.));
#4575=DIRECTION('',(1.,0.,0.));
#4576=DIRECTION('',(0.,0.,1.));
#4577=DIRECTION('',(1.,0.,0.));
#4578=DIRECTION('',(0.,0.,1.));
#4579=DIRECTION('',(1.,0.,0.));
#4580=DIRECTION('',(0.,0.,1.));
#4581=DIRECTION('',(1.,0.,0.));
#4582=DIRECTION('',(0.,0.,1.));
#4583=DIRECTION('',(1.,0.,0.));
#4584=DIRECTION('',(0.,0.,1.));
#4585=DIRECTION('',(1.,0.,0.));
#4586=DIRECTION('',(0.,0.,1.));
#4587=DIRECTION('',(1.,0.,0.));
#4588=DIRECTION('',(0.,0.,1.));
#4589=DIRECTION('',(1.,0.,0.));
#4590=DIRECTION('',(0.,0.,1.));
#4591=DIRECTION('',(1.,0.,0.));
#4592=DIRECTION('',(-1.,0.,0.));
#4593=DIRECTION('',(0.,0.,1.));
#4594=DIRECTION('',(0.,0.,1.));
#4595=DIRECTION('',(0.,0.,1.));
#4596=DIRECTION('',(0.,-1.,0.));
#4597=DIRECTION('',(0.,0.,-1.));
#4598=DIRECTION('',(0.,0.,1.));
#4599=DIRECTION('',(-1.,0.,0.));
#4600=DIRECTION('',(0.,0.,1.));
#4601=DIRECTION('',(0.,0.,1.));
#4602=DIRECTION('',(0.,-1.,0.));
#4603=DIRECTION('',(0.,0.,-1.));
#4604=DIRECTION('',(0.,0.,1.));
#4605=DIRECTION('',(1.,0.,0.));
#4606=DIRECTION('',(0.,0.,1.));
#4607=DIRECTION('',(1.,0.,0.));
#4608=DIRECTION('',(0.,0.,1.));
#4609=DIRECTION('',(1.,0.,0.));
#4610=DIRECTION('',(0.,0.,1.));
#4611=DIRECTION('',(1.,0.,0.));
#4612=DIRECTION('',(0.,0.,1.));
#4613=DIRECTION('',(1.,0.,0.));
#4614=DIRECTION('',(0.,0.,-1.));
#4615=DIRECTION('',(0.,0.,-1.));
#4616=DIRECTION('',(0.,0.,-1.));
#4617=DIRECTION('',(0.,0.,-1.));
#4618=DIRECTION('',(0.,0.,-1.));
#4619=DIRECTION('',(0.,0.,-1.));
#4620=DIRECTION('',(0.,-1.,0.));
#4621=DIRECTION('',(0.,0.,-1.));
#4622=DIRECTION('',(0.,0.,-1.));
#4623=DIRECTION('',(-1.,0.,0.));
#4624=DIRECTION('',(0.,0.,1.));
#4625=DIRECTION('',(1.,0.,0.));
#4626=DIRECTION('',(-1.,0.,0.));
#4627=DIRECTION('',(0.,0.,1.));
#4628=DIRECTION('',(0.,0.,-1.));
#4629=DIRECTION('',(0.,1.,0.));
#4630=DIRECTION('',(0.,0.,-1.));
#4631=DIRECTION('',(0.,-1.,0.));
#4632=DIRECTION('',(0.,0.,-1.));
#4633=DIRECTION('',(0.,0.,-1.));
#4634=DIRECTION('',(-1.,0.,0.));
#4635=DIRECTION('',(1.,0.,0.));
#4636=DIRECTION('',(0.,0.,-1.));
#4637=DIRECTION('',(0.,0.,-1.));
#4638=DIRECTION('',(0.,-1.,0.));
#4639=DIRECTION('',(0.,1.,0.));
#4640=DIRECTION('',(0.,0.,1.));
#4641=DIRECTION('',(0.,0.,-1.));
#4642=DIRECTION('',(1.,0.,0.));
#4643=DIRECTION('',(1.,0.,0.));
#4644=DIRECTION('',(0.,0.,-1.));
#4645=DIRECTION('',(0.,0.,-1.));
#4646=DIRECTION('',(0.,-1.,0.));
#4647=DIRECTION('',(0.,-1.,0.));
#4648=DIRECTION('',(0.,0.,-1.));
#4649=DIRECTION('',(0.,0.,-1.));
#4650=DIRECTION('',(-1.,0.,0.));
#4651=DIRECTION('',(1.,0.,0.));
#4652=DIRECTION('',(0.,0.,-1.));
#4653=DIRECTION('',(0.,0.,-1.));
#4654=DIRECTION('',(0.,-1.,0.));
#4655=DIRECTION('',(0.,1.,0.));
#4656=DIRECTION('',(0.,0.,1.));
#4657=DIRECTION('',(0.,0.,-1.));
#4658=DIRECTION('',(1.,0.,0.));
#4659=DIRECTION('',(1.,0.,0.));
#4660=DIRECTION('',(0.,0.,-1.));
#4661=DIRECTION('',(0.,0.,-1.));
#4662=DIRECTION('',(0.,-1.,0.));
#4663=DIRECTION('',(0.,-1.,0.));
#4664=DIRECTION('',(0.,0.,-1.));
#4665=DIRECTION('',(0.,0.,-1.));
#4666=DIRECTION('',(-1.,0.,0.));
#4667=DIRECTION('',(1.,0.,0.));
#4668=DIRECTION('',(0.,0.,-1.));
#4669=DIRECTION('',(0.,0.,-1.));
#4670=DIRECTION('',(0.,-1.,0.));
#4671=DIRECTION('',(0.,1.,0.));
#4672=DIRECTION('',(0.,0.,1.));
#4673=DIRECTION('',(1.,0.,0.));
#4674=DIRECTION('',(0.,0.,1.));
#4675=DIRECTION('',(1.,0.,0.));
#4676=DIRECTION('',(-1.,0.,0.));
#4677=DIRECTION('',(0.,0.,1.));
#4678=DIRECTION('',(0.,0.,-1.));
#4679=DIRECTION('',(0.,1.,0.));
#4680=DIRECTION('',(0.,0.,-1.));
#4681=DIRECTION('',(0.,-1.,0.));
#4682=DIRECTION('',(0.,0.,-1.));
#4683=DIRECTION('',(0.,0.,-1.));
#4684=DIRECTION('',(-1.,0.,0.));
#4685=DIRECTION('',(1.,0.,0.));
#4686=DIRECTION('',(0.,0.,-1.));
#4687=DIRECTION('',(0.,0.,-1.));
#4688=DIRECTION('',(0.,-1.,0.));
#4689=DIRECTION('',(0.,1.,0.));
#4690=DIRECTION('',(0.,0.,1.));
#4691=DIRECTION('',(1.,0.,0.));
#4692=DIRECTION('',(0.,0.,1.));
#4693=DIRECTION('',(1.,0.,0.));
#4694=DIRECTION('',(-1.,0.,0.));
#4695=DIRECTION('',(0.,0.,1.));
#4696=DIRECTION('',(0.,0.,-1.));
#4697=DIRECTION('',(0.,1.,0.));
#4698=DIRECTION('',(0.,0.,-1.));
#4699=DIRECTION('',(0.,-1.,0.));
#4700=DIRECTION('',(0.,0.,-1.));
#4701=DIRECTION('',(0.,0.,-1.));
#4702=DIRECTION('',(-1.,0.,0.));
#4703=DIRECTION('',(1.,0.,0.));
#4704=DIRECTION('',(0.,0.,-1.));
#4705=DIRECTION('',(0.,0.,-1.));
#4706=DIRECTION('',(0.,-1.,0.));
#4707=DIRECTION('',(0.,-1.,0.));
#4708=DIRECTION('',(0.,0.,-1.));
#4709=DIRECTION('',(0.,0.,-1.));
#4710=DIRECTION('',(-1.,0.,0.));
#4711=DIRECTION('',(1.,0.,0.));
#4712=DIRECTION('',(0.,0.,-1.));
#4713=DIRECTION('',(0.,0.,-1.));
#4714=DIRECTION('',(0.,-1.,0.));
#4715=DIRECTION('',(0.,1.,0.));
#4716=DIRECTION('',(0.,0.,1.));
#4717=DIRECTION('',(0.,0.,-1.));
#4718=DIRECTION('',(1.,0.,0.));
#4719=DIRECTION('',(-1.,0.,0.));
#4720=DIRECTION('',(0.,0.,1.));
#4721=DIRECTION('',(0.,0.,-1.));
#4722=DIRECTION('',(0.,1.,0.));
#4723=DIRECTION('',(0.,-1.,0.));
#4724=DIRECTION('',(0.,0.,-1.));
#4725=DIRECTION('',(-1.,0.,0.));
#4726=DIRECTION('',(0.,0.,1.));
#4727=DIRECTION('',(1.,0.,0.));
#4728=DIRECTION('',(0.,1.,0.));
#4729=DIRECTION('',(0.,0.,1.));
#4730=DIRECTION('',(1.,0.,0.));
#4731=DIRECTION('',(0.,0.,-1.));
#4732=DIRECTION('',(1.,0.,0.));
#4733=DIRECTION('',(0.,0.,-1.));
#4734=DIRECTION('',(0.,0.,-1.));
#4735=DIRECTION('',(-0.334380693097454,-0.94243808925768,0.));
#4736=DIRECTION('',(0.,0.,-1.));
#4737=DIRECTION('',(-1.,0.,0.));
#4738=DIRECTION('',(0.,0.,-1.));
#4739=DIRECTION('',(0.,0.,-1.));
#4740=DIRECTION('',(-1.,0.,0.));
#4741=DIRECTION('',(0.,0.,-1.));
#4742=DIRECTION('',(-0.91192812572621,-0.410349964675862,0.));
#4743=DIRECTION('',(0.,0.,-1.));
#4744=DIRECTION('',(-1.,0.,0.));
#4745=DIRECTION('',(0.,0.,-1.));
#4746=DIRECTION('',(0.,0.,-1.));
#4747=DIRECTION('',(-1.,0.,0.));
#4748=DIRECTION('',(1.,0.,0.));
#4749=DIRECTION('',(0.,0.,-1.));
#4750=DIRECTION('',(0.,-1.,0.));
#4751=DIRECTION('',(0.,0.,-1.));
#4752=DIRECTION('',(0.,-1.,0.));
#4753=DIRECTION('',(0.,0.,-1.));
#4754=DIRECTION('',(-0.924160355699003,0.382004760381716,0.));
#4755=DIRECTION('',(0.,0.,-1.));
#4756=DIRECTION('',(-1.,0.,0.));
#4757=DIRECTION('',(0.,0.,-1.));
#4758=DIRECTION('',(0.,0.,-1.));
#4759=DIRECTION('',(-1.,0.,0.));
#4760=DIRECTION('',(0.,0.,-1.));
#4761=DIRECTION('',(-0.382004760381447,0.924160355699114,0.));
#4762=DIRECTION('',(0.,0.,-1.));
#4763=DIRECTION('',(-1.,0.,0.));
#4764=DIRECTION('',(0.,0.,-1.));
#4765=DIRECTION('',(0.,0.,-1.));
#4766=DIRECTION('',(-1.,0.,0.));
#4767=DIRECTION('',(0.,-1.,0.));
#4768=DIRECTION('',(0.,0.,-1.));
#4769=DIRECTION('',(-1.,0.,0.));
#4770=DIRECTION('',(0.,0.,-1.));
#4771=DIRECTION('',(-1.,0.,0.));
#4772=DIRECTION('',(0.,0.,-1.));
#4773=DIRECTION('',(0.360489717505212,0.932763187295153,0.));
#4774=DIRECTION('',(0.,0.,-1.));
#4775=DIRECTION('',(-1.,0.,0.));
#4776=DIRECTION('',(0.,0.,-1.));
#4777=DIRECTION('',(0.,0.,-1.));
#4778=DIRECTION('',(-1.,0.,0.));
#4779=DIRECTION('',(0.,0.,-1.));
#4780=DIRECTION('',(0.907948943519016,0.419080798847552,0.));
#4781=DIRECTION('',(0.,0.,-1.));
#4782=DIRECTION('',(-1.,0.,0.));
#4783=DIRECTION('',(0.,0.,-1.));
#4784=DIRECTION('',(0.,0.,-1.));
#4785=DIRECTION('',(-1.,0.,0.));
#4786=DIRECTION('',(-1.,0.,0.));
#4787=DIRECTION('',(0.,0.,1.));
#4788=DIRECTION('',(0.,1.,0.));
#4789=DIRECTION('',(0.,0.,-1.));
#4790=DIRECTION('',(0.,1.,0.));
#4791=DIRECTION('',(0.,0.,-1.));
#4792=DIRECTION('',(0.894152629502979,-0.44776229760098,0.));
#4793=DIRECTION('',(0.,0.,-1.));
#4794=DIRECTION('',(-1.,0.,0.));
#4795=DIRECTION('',(0.,0.,-1.));
#4796=DIRECTION('',(0.,0.,-1.));
#4797=DIRECTION('',(-1.,0.,0.));
#4798=DIRECTION('',(-1.,0.,0.));
#4799=DIRECTION('',(0.,0.,1.));
#4800=DIRECTION('',(0.,0.,-1.));
#4801=DIRECTION('',(0.,1.,0.));
#4802=DIRECTION('',(0.,0.,-1.));
#4803=DIRECTION('',(0.,-1.,0.));
#4804=DIRECTION('',(0.,0.,-1.));
#4805=DIRECTION('',(0.,0.,-1.));
#4806=DIRECTION('',(-1.,0.,0.));
#4807=DIRECTION('',(1.,0.,0.));
#4808=DIRECTION('',(0.,0.,-1.));
#4809=DIRECTION('',(0.,0.,-1.));
#4810=DIRECTION('',(0.,-1.,0.));
#4811=DIRECTION('',(0.00244156928341772,-0.999997019365275,0.));
#4812=DIRECTION('',(0.999997019365275,0.00244156928341772,0.));
#4813=DIRECTION('',(0.,0.,-1.));
#4814=DIRECTION('',(-0.999997019365275,-0.00244156928341772,0.));
#4815=DIRECTION('',(0.,0.,-1.));
#4816=DIRECTION('',(0.256888867049068,-0.966440950077265,0.));
#4817=DIRECTION('',(0.,0.,-1.));
#4818=DIRECTION('',(0.,0.,-1.));
#4819=DIRECTION('',(-1.,0.,0.));
#4820=DIRECTION('',(0.,0.,-1.));
#4821=DIRECTION('',(0.703624926481725,-0.710571574743592,0.));
#4822=DIRECTION('',(0.,0.,-1.));
#4823=DIRECTION('',(0.,0.,-1.));
#4824=DIRECTION('',(-1.,0.,0.));
#4825=DIRECTION('',(0.,0.,-1.));
#4826=DIRECTION('',(0.964793297795454,-0.263009301221406,0.));
#4827=DIRECTION('',(0.,0.,-1.));
#4828=DIRECTION('',(0.,0.,-1.));
#4829=DIRECTION('',(-1.,0.,0.));
#4830=DIRECTION('',(1.,0.,0.));
#4831=DIRECTION('',(0.,0.,-1.));
#4832=DIRECTION('',(0.,0.,-1.));
#4833=DIRECTION('',(0.,-1.,0.));
#4834=DIRECTION('',(0.,0.,-1.));
#4835=DIRECTION('',(0.964199370358902,0.265178381847948,0.));
#4836=DIRECTION('',(0.,0.,-1.));
#4837=DIRECTION('',(0.,0.,-1.));
#4838=DIRECTION('',(-1.,0.,0.));
#4839=DIRECTION('',(0.,0.,-1.));
#4840=DIRECTION('',(0.704747044237767,0.709458669436163,0.));
#4841=DIRECTION('',(0.,0.,-1.));
#4842=DIRECTION('',(0.,0.,-1.));
#4843=DIRECTION('',(-1.,0.,0.));
#4844=DIRECTION('',(0.,0.,-1.));
#4845=DIRECTION('',(0.263611552147047,0.964628918068822,0.));
#4846=DIRECTION('',(0.,0.,-1.));
#4847=DIRECTION('',(0.,0.,-1.));
#4848=DIRECTION('',(-1.,0.,0.));
#4849=DIRECTION('',(0.,1.,0.));
#4850=DIRECTION('',(0.,0.,1.));
#4851=DIRECTION('',(1.,0.,0.));
#4852=DIRECTION('',(0.,0.,-1.));
#4853=DIRECTION('',(0.314102252910396,-0.949389158731346,0.));
#4854=DIRECTION('',(0.,0.,-1.));
#4855=DIRECTION('',(-1.,0.,0.));
#4856=DIRECTION('',(0.,0.,-1.));
#4857=DIRECTION('',(-1.,0.,0.));
#4858=DIRECTION('',(0.,0.,1.));
#4859=DIRECTION('',(1.,0.,0.));
#4860=DIRECTION('',(0.,0.,1.));
#4861=DIRECTION('',(1.,0.,0.));
#4862=DIRECTION('',(0.,0.,-1.));
#4863=DIRECTION('',(-0.265178381847989,-0.964199370358891,0.));
#4864=DIRECTION('',(0.,0.,-1.));
#4865=DIRECTION('',(0.,0.,-1.));
#4866=DIRECTION('',(-1.,0.,0.));
#4867=DIRECTION('',(0.,0.,-1.));
#4868=DIRECTION('',(0.,-1.,0.));
#4869=DIRECTION('',(0.,0.,-1.));
#4870=DIRECTION('',(0.,0.,-1.));
#4871=DIRECTION('',(-1.,0.,0.));
#4872=DIRECTION('',(0.,0.,-1.));
#4873=DIRECTION('',(0.262655104286027,-0.964889784479293,0.));
#4874=DIRECTION('',(0.,0.,-1.));
#4875=DIRECTION('',(0.,0.,-1.));
#4876=DIRECTION('',(-1.,0.,0.));
#4877=DIRECTION('',(0.,0.,-1.));
#4878=DIRECTION('',(0.704166532999777,-0.710034853935407,0.));
#4879=DIRECTION('',(0.,0.,-1.));
#4880=DIRECTION('',(0.,0.,-1.));
#4881=DIRECTION('',(-1.,0.,0.));
#4882=DIRECTION('',(0.,0.,-1.));
#4883=DIRECTION('',(0.964297839891188,-0.264820082284537,0.));
#4884=DIRECTION('',(0.,0.,-1.));
#4885=DIRECTION('',(0.,0.,-1.));
#4886=DIRECTION('',(-1.,0.,0.));
#4887=DIRECTION('',(1.,0.,0.));
#4888=DIRECTION('',(0.,0.,-1.));
#4889=DIRECTION('',(0.,0.,-1.));
#4890=DIRECTION('',(0.,-1.,0.));
#4891=DIRECTION('',(0.,1.,0.));
#4892=DIRECTION('',(0.,0.,1.));
#4893=DIRECTION('',(0.,0.,-1.));
#4894=DIRECTION('',(1.,0.,0.));
#4895=DIRECTION('',(-1.,0.,0.));
#4896=DIRECTION('',(0.,0.,1.));
#4897=DIRECTION('',(0.,0.,-1.));
#4898=DIRECTION('',(0.,1.,0.));
#4899=DIRECTION('',(0.,-1.,0.));
#4900=DIRECTION('',(0.,0.,-1.));
#4901=DIRECTION('',(0.,0.,-1.));
#4902=DIRECTION('',(-1.,0.,0.));
#4903=DIRECTION('',(-1.,0.,0.));
#4904=DIRECTION('',(0.,0.,1.));
#4905=DIRECTION('',(0.,0.,-1.));
#4906=DIRECTION('',(0.,1.,0.));
#4907=DIRECTION('',(0.,0.,-1.));
#4908=DIRECTION('',(0.907948943513644,-0.419080798859192,0.));
#4909=DIRECTION('',(0.,0.,-1.));
#4910=DIRECTION('',(0.,0.,-1.));
#4911=DIRECTION('',(-1.,0.,0.));
#4912=DIRECTION('',(0.,0.,-1.));
#4913=DIRECTION('',(0.360489717501825,-0.932763187296462,0.));
#4914=DIRECTION('',(0.,0.,-1.));
#4915=DIRECTION('',(0.,0.,-1.));
#4916=DIRECTION('',(-1.,0.,0.));
#4917=DIRECTION('',(0.,1.,0.));
#4918=DIRECTION('',(0.,0.,1.));
#4919=DIRECTION('',(0.,0.,-1.));
#4920=DIRECTION('',(1.,0.,0.));
#4921=DIRECTION('',(0.,0.,-1.));
#4922=DIRECTION('',(-0.38200476038156,-0.924160355699068,0.));
#4923=DIRECTION('',(0.,0.,-1.));
#4924=DIRECTION('',(0.,0.,-1.));
#4925=DIRECTION('',(-1.,0.,0.));
#4926=DIRECTION('',(0.,0.,-1.));
#4927=DIRECTION('',(-0.924160355699051,-0.382004760381599,0.));
#4928=DIRECTION('',(0.,0.,-1.));
#4929=DIRECTION('',(0.,0.,-1.));
#4930=DIRECTION('',(-1.,0.,0.));
#4931=DIRECTION('',(1.,0.,0.));
#4932=DIRECTION('',(0.,0.,-1.));
#4933=DIRECTION('',(0.,0.,-1.));
#4934=DIRECTION('',(0.,-1.,0.));
#4935=DIRECTION('',(0.,0.,-1.));
#4936=DIRECTION('',(-0.924160355699129,0.382004760381411,0.));
#4937=DIRECTION('',(0.,0.,-1.));
#4938=DIRECTION('',(0.,0.,-1.));
#4939=DIRECTION('',(-1.,0.,0.));
#4940=DIRECTION('',(0.,0.,-1.));
#4941=DIRECTION('',(-0.382004760381483,0.924160355699099,0.));
#4942=DIRECTION('',(0.,0.,-1.));
#4943=DIRECTION('',(0.,0.,-1.));
#4944=DIRECTION('',(-1.,0.,0.));
#4945=DIRECTION('',(0.,-1.,0.));
#4946=DIRECTION('',(0.,0.,-1.));
#4947=DIRECTION('',(0.,0.,-1.));
#4948=DIRECTION('',(-1.,0.,0.));
#4949=DIRECTION('',(0.,0.,-1.));
#4950=DIRECTION('',(0.36048971750177,0.932763187296483,0.));
#4951=DIRECTION('',(0.,0.,-1.));
#4952=DIRECTION('',(0.,0.,-1.));
#4953=DIRECTION('',(-1.,0.,0.));
#4954=DIRECTION('',(0.,0.,-1.));
#4955=DIRECTION('',(0.907948943518909,0.419080798847784,0.));
#4956=DIRECTION('',(0.,0.,-1.));
#4957=DIRECTION('',(0.,0.,-1.));
#4958=DIRECTION('',(-1.,0.,0.));
#4959=DIRECTION('',(-1.,0.,0.));
#4960=DIRECTION('',(0.,0.,1.));
#4961=DIRECTION('',(0.,0.,-1.));
#4962=DIRECTION('',(0.,1.,0.));
#4963=DIRECTION('',(0.,-1.,0.));
#4964=DIRECTION('',(0.,0.,-1.));
#4965=DIRECTION('',(0.,0.,-1.));
#4966=DIRECTION('',(-1.,0.,0.));
#4967=DIRECTION('',(1.,0.,0.));
#4968=DIRECTION('',(0.,0.,-1.));
#4969=DIRECTION('',(0.,0.,-1.));
#4970=DIRECTION('',(0.,-1.,0.));
#4971=DIRECTION('',(0.,0.,-1.));
#4972=DIRECTION('',(0.964297839891177,0.264820082284578,0.));
#4973=DIRECTION('',(0.,0.,-1.));
#4974=DIRECTION('',(0.,0.,-1.));
#4975=DIRECTION('',(-1.,0.,0.));
#4976=DIRECTION('',(0.,0.,-1.));
#4977=DIRECTION('',(0.704166532999776,0.710034853935407,0.));
#4978=DIRECTION('',(0.,0.,-1.));
#4979=DIRECTION('',(0.,0.,-1.));
#4980=DIRECTION('',(-1.,0.,0.));
#4981=DIRECTION('',(0.,0.,-1.));
#4982=DIRECTION('',(0.262655104286024,0.964889784479294,0.));
#4983=DIRECTION('',(0.,0.,-1.));
#4984=DIRECTION('',(0.,0.,-1.));
#4985=DIRECTION('',(-1.,0.,0.));
#4986=DIRECTION('',(0.,1.,0.));
#4987=DIRECTION('',(0.,0.,1.));
#4988=DIRECTION('',(0.,0.,-1.));
#4989=DIRECTION('',(1.,0.,0.));
#4990=DIRECTION('',(0.,0.,-1.));
#4991=DIRECTION('',(-0.265178381847984,0.964199370358893,0.));
#4992=DIRECTION('',(0.,0.,-1.));
#4993=DIRECTION('',(0.,0.,-1.));
#4994=DIRECTION('',(-1.,0.,0.));
#4995=DIRECTION('',(0.,0.,-1.));
#4996=DIRECTION('',(-0.706526558921933,0.70768652773522,0.));
#4997=DIRECTION('',(0.,0.,-1.));
#4998=DIRECTION('',(0.,0.,-1.));
#4999=DIRECTION('',(-1.,0.,0.));
#5000=DIRECTION('',(0.,0.,-1.));
#5001=DIRECTION('',(-0.964033151014214,0.265782022991785,0.));
#5002=DIRECTION('',(0.,0.,-1.));
#5003=DIRECTION('',(0.,0.,-1.));
#5004=DIRECTION('',(-1.,0.,0.));
#5005=DIRECTION('',(-1.,0.,0.));
#5006=DIRECTION('',(0.,0.,1.));
#5007=DIRECTION('',(0.,0.,-1.));
#5008=DIRECTION('',(0.,1.,0.));
#5009=DIRECTION('',(0.,0.,-1.));
#5010=DIRECTION('',(-0.964033151014217,-0.265782022991774,0.));
#5011=DIRECTION('',(0.,0.,-1.));
#5012=DIRECTION('',(0.,0.,-1.));
#5013=DIRECTION('',(-1.,0.,0.));
#5014=DIRECTION('',(0.,0.,-1.));
#5015=DIRECTION('',(-0.706526558921933,-0.70768652773522,0.));
#5016=DIRECTION('',(0.,0.,-1.));
#5017=DIRECTION('',(-1.,0.,0.));
#5018=DIRECTION('',(0.,0.,1.));
#5019=DIRECTION('',(1.,0.,0.));
#5020=CARTESIAN_POINT('',(0.,0.,0.));
#5021=CARTESIAN_POINT('',(-2.77555756156289E-17,-0.005459,0.009096));
#5022=CARTESIAN_POINT('',(0.00965921122754834,-0.0555065113769374,0.009096));
#5023=CARTESIAN_POINT('',(0.00968175456306765,-0.0576423427737769,0.009096));
#5024=CARTESIAN_POINT('',(0.00855646567578084,-0.0573351427214536,0.009096));
#5025=CARTESIAN_POINT('',(0.00977749740011948,-0.0552933328776015,0.009096));
#5026=CARTESIAN_POINT('',(0.00773749070820764,-0.0565174449758656,0.009096));
#5027=CARTESIAN_POINT('',(0.00956287171058527,-0.0554133113672753,0.009096));
#5028=CARTESIAN_POINT('',(0.00742905666840819,-0.0553896206112886,0.009096));
#5029=CARTESIAN_POINT('',(0.00742867424278152,-0.0518099973640488,0.009096));
#5030=CARTESIAN_POINT('',(0.00742905666840819,-0.048230374116809,0.009096));
#5031=CARTESIAN_POINT('',(0.00956287171058525,-0.0482066833608223,0.009096));
#5032=CARTESIAN_POINT('',(0.00773749067303178,-0.0471025498119977,0.009096));
#5033=CARTESIAN_POINT('',(0.00977749740011948,-0.0483266618504961,0.009096));
#5034=CARTESIAN_POINT('',(0.00855646567578084,-0.046284852006644,0.009096));
#5035=CARTESIAN_POINT('',(0.00965921122754834,-0.0481134833511602,0.009096));
#5036=CARTESIAN_POINT('',(0.00968175456306765,-0.0459776519543207,0.009096));
#5037=CARTESIAN_POINT('',(0.0132537826742503,-0.0459772942670891,0.009096));
#5038=CARTESIAN_POINT('',(0.0168258098227539,-0.0459775987112427,0.009096));
#5039=CARTESIAN_POINT('',(0.0168459494945039,-0.0481575388256607,0.009096));
#5040=CARTESIAN_POINT('',(0.0179611603667122,-0.0462849638858989,0.009096));
#5041=CARTESIAN_POINT('',(0.0167734079300575,-0.0483098435232018,0.009096));
#5042=CARTESIAN_POINT('',(0.0187865993172002,-0.0471025084332616,0.009096));
#5043=CARTESIAN_POINT('',(0.0169531895052855,-0.0482064008339468,0.009096));
#5044=CARTESIAN_POINT('',(0.0190936925509086,-0.0482303740184635,0.009096));
#5045=CARTESIAN_POINT('',(0.0190940804367009,-0.0486835267369893,0.009096));
#5046=CARTESIAN_POINT('',(0.0190940804367009,-0.0491366751112756,0.009096));
#5047=CARTESIAN_POINT('',(0.0180169037145844,-0.0491366751112756,0.009096));
#5048=CARTESIAN_POINT('',(0.0169397269924679,-0.0491366751112756,0.009096));
#5049=CARTESIAN_POINT('',(0.0169397269924679,-0.0487316262850979,0.009096));
#5050=CARTESIAN_POINT('',(0.0169397630467288,-0.0483265776180958,0.009096));
#5051=CARTESIAN_POINT('',(0.0167627971011996,-0.0483257963322628,0.009096));
#5052=CARTESIAN_POINT('',(0.0168750604653755,-0.0481887325441324,0.009096));
#5053=CARTESIAN_POINT('',(0.0167293887707925,-0.048345422264656,0.009096));
#5054=CARTESIAN_POINT('',(0.016729607959096,-0.0481316036110406,0.009096));
#5055=CARTESIAN_POINT('',(0.0132461880087595,-0.0481316477113221,0.009096));
#5056=CARTESIAN_POINT('',(0.00976276702549998,-0.0481317074250979,0.009096));
#5057=CARTESIAN_POINT('',(0.00975938302922961,-0.0483191347647045,0.009096));
#5058=CARTESIAN_POINT('',(0.00962485878125263,-0.0481886690678705,0.009096));
#5059=CARTESIAN_POINT('',(0.00975532540941222,-0.0483231923845176,0.009096));
#5060=CARTESIAN_POINT('',(0.0095678980698087,-0.0483265763807893,0.009096));
#5061=CARTESIAN_POINT('',(0.00956783835603278,-0.0518099973640488,0.009096));
#5062=CARTESIAN_POINT('',(0.0095678980698086,-0.0552934183473083,0.009096));
#5063=CARTESIAN_POINT('',(0.00975532540941526,-0.0552968023435786,0.009096));
#5064=CARTESIAN_POINT('',(0.00962485971257925,-0.0554313265915538,0.009096));
#5065=CARTESIAN_POINT('',(0.00975938302922962,-0.055300859963393,0.009096));
#5066=CARTESIAN_POINT('',(0.00976276702549998,-0.0554882873029997,0.009096));
#5067=CARTESIAN_POINT('',(0.0132461880087595,-0.0554883470167755,0.009096));
#5068=CARTESIAN_POINT('',(0.016729607959096,-0.055488391117057,0.009096));
#5069=CARTESIAN_POINT('',(0.0167293887707925,-0.0552745724634416,0.009096));
#5070=CARTESIAN_POINT('',(0.0168750665675855,-0.0554312572339129,0.009096));
#5071=CARTESIAN_POINT('',(0.0167627971012253,-0.0552941983958443,0.009096));
#5072=CARTESIAN_POINT('',(0.0169397630467285,-0.0552934171100018,0.009096));
#5073=CARTESIAN_POINT('',(0.0169397269924679,-0.0542402903211153,0.009096));
#5074=CARTESIAN_POINT('',(0.0169397269924679,-0.0531871633730532,0.009096));
#5075=CARTESIAN_POINT('',(0.0156195209746448,-0.0531871633730532,0.009096));
#5076=CARTESIAN_POINT('',(0.0142993149568217,-0.0531871633730532,0.009096));
#5077=CARTESIAN_POINT('',(0.0142993149568217,-0.0521099866509367,0.009096));
#5078=CARTESIAN_POINT('',(0.0142993149568217,-0.0510328099288202,0.009096));
#5079=CARTESIAN_POINT('',(0.0166966976967613,-0.0510328099288202,0.009096));
#5080=CARTESIAN_POINT('',(0.0190940804367009,-0.0510328099288202,0.009096));
#5081=CARTESIAN_POINT('',(0.0190940804367009,-0.0532112131471075,0.009096));
#5082=CARTESIAN_POINT('',(0.0190936925509085,-0.0553896207096341,0.009096));
#5083=CARTESIAN_POINT('',(0.0169531895052915,-0.0554135938941526,0.009096));
#5084=CARTESIAN_POINT('',(0.0187865993713187,-0.0565174862045312,0.009096));
#5085=CARTESIAN_POINT('',(0.016773407930058,-0.0553101512048963,0.009096));
#5086=CARTESIAN_POINT('',(0.017961160085313,-0.057335031011421,0.009096));
#5087=CARTESIAN_POINT('',(0.0168459494945039,-0.0554624559024368,0.009096));
#5088=CARTESIAN_POINT('',(0.0168258098227539,-0.0576423960168549,0.009096));
#5089=CARTESIAN_POINT('',(0.0132537826742503,-0.0576427004610085,0.009096));
#5090=CARTESIAN_POINT('',(0.0208762952718829,-0.0518175920295396,0.009096));
#5091=CARTESIAN_POINT('',(0.0208762952718829,-0.0576427004610085,0.009096));
#5092=CARTESIAN_POINT('',(0.0208762952718829,-0.0459924835980708,0.009096));
#5093=CARTESIAN_POINT('',(0.0255748616555449,-0.0459924835980708,0.009096));
#5094=CARTESIAN_POINT('',(0.0302734307694393,-0.0459927823997641,0.009096));
#5095=CARTESIAN_POINT('',(0.030293286990853,-0.0481658840633088,0.009096));
#5096=CARTESIAN_POINT('',(0.0314087740943308,-0.0463014310781892,0.009096));
#5097=CARTESIAN_POINT('',(0.0302122217533269,-0.0483333896903274,0.009096));
#5098=CARTESIAN_POINT('',(0.0322342007020782,-0.0471202410753533,0.009096));
#5099=CARTESIAN_POINT('',(0.0304055123817308,-0.0482230205828376,0.009096));
#5100=CARTESIAN_POINT('',(0.0325413437785707,-0.048245563918357,0.009096));
#5101=CARTESIAN_POINT('',(0.0325417014658023,-0.049817663450287,0.009096));
#5102=CARTESIAN_POINT('',(0.0325414269800397,-0.0513897615658158,0.009096));
#5103=CARTESIAN_POINT('',(0.0303661603635322,-0.0514084557736319,0.009096));
#5104=CARTESIAN_POINT('',(0.0322340204873643,-0.0525225740885668,0.009096));
#5105=CARTESIAN_POINT('',(0.0302794573239685,-0.0513756158581711,0.009096));
#5106=CARTESIAN_POINT('',(0.0314088574442159,-0.0533403681808275,0.009096));
#5107=CARTESIAN_POINT('',(0.0302952452074488,-0.0514175962567083,0.009096));
#5108=CARTESIAN_POINT('',(0.0302734313441826,-0.0536399750390816,0.009096));
#5109=CARTESIAN_POINT('',(0.0266444437121705,-0.0536491721904122,0.009096));
#5110=CARTESIAN_POINT('',(0.0230154593851342,-0.0536580326334848,0.009096));
#5111=CARTESIAN_POINT('',(0.0230154593851342,-0.0556503665472466,0.009096));
#5112=CARTESIAN_POINT('',(0.0230154593851342,-0.0576427004610085,0.009096));
#5113=CARTESIAN_POINT('',(0.0219458773285085,-0.0576427004610085,0.009096));
#5114=CARTESIAN_POINT('',(0.037873156640367,-0.0528871740861653,0.009096));
#5115=CARTESIAN_POINT('',(0.037873156640367,-0.0576427004610085,0.009096));
#5116=CARTESIAN_POINT('',(0.037873156640367,-0.0481316477113221,0.009096));
#5117=CARTESIAN_POINT('',(0.035490963231409,-0.0481316477113221,0.009096));
#5118=CARTESIAN_POINT('',(0.0331087698224511,-0.0481316477113221,0.009096));
#5119=CARTESIAN_POINT('',(0.0331087698224511,-0.0470544709892056,0.009096));
#5120=CARTESIAN_POINT('',(0.0331087698224511,-0.0459772942670891,0.009096));
#5121=CARTESIAN_POINT('',(0.0389414729194108,-0.0459772942670891,0.009096));
#5122=CARTESIAN_POINT('',(0.0447741760163704,-0.0459772942670891,0.009096));
#5123=CARTESIAN_POINT('',(0.0447741760163704,-0.0470544709892056,0.009096));
#5124=CARTESIAN_POINT('',(0.0447741760163704,-0.0481316477113221,0.009096));
#5125=CARTESIAN_POINT('',(0.0424008430504852,-0.0481316477113221,0.009096));
#5126=CARTESIAN_POINT('',(0.0400275100845999,-0.0481316477113221,0.009096));
#5127=CARTESIAN_POINT('',(0.0400275100845999,-0.0528871740861653,0.009096));
#5128=CARTESIAN_POINT('',(0.0400275100845999,-0.0576427004610085,0.009096));
#5129=CARTESIAN_POINT('',(0.0389503333624834,-0.0576427004610085,0.009096));
#5130=CARTESIAN_POINT('',(0.0460399535981759,-0.0528555296466201,0.009096));
#5131=CARTESIAN_POINT('',(0.0460399535981759,-0.0539162512601731,0.009096));
#5132=CARTESIAN_POINT('',(0.0460399535981759,-0.0517948080330671,0.009096));
#5133=CARTESIAN_POINT('',(0.0493524935297608,-0.0517948080330671,0.009096));
#5134=CARTESIAN_POINT('',(0.0526650334613458,-0.0517948080330671,0.009096));
#5135=CARTESIAN_POINT('',(0.0526650334613458,-0.0528555296466201,0.009096));
#5136=CARTESIAN_POINT('',(0.0526650334613458,-0.0539162512601731,0.009096));
#5137=CARTESIAN_POINT('',(0.0493524935297608,-0.0539162512601731,0.009096));
#5138=CARTESIAN_POINT('',(0.0543991487484193,-0.0518099973640488,0.009096));
#5139=CARTESIAN_POINT('',(0.0543991487484193,-0.0576427004610085,0.009096));
#5140=CARTESIAN_POINT('',(0.0543991487484193,-0.0459772942670891,0.009096));
#5141=CARTESIAN_POINT('',(0.0597698430280199,-0.0459772942670891,0.009096));
#5142=CARTESIAN_POINT('',(0.0651405373076206,-0.0459772942670891,0.009096));
#5143=CARTESIAN_POINT('',(0.0651405373076206,-0.0470544709892056,0.009096));
#5144=CARTESIAN_POINT('',(0.0651405373076206,-0.0481316477113221,0.009096));
#5145=CARTESIAN_POINT('',(0.0608470197501364,-0.0481316477113221,0.009096));
#5146=CARTESIAN_POINT('',(0.0565535021926522,-0.0481316477113221,0.009096));
#5147=CARTESIAN_POINT('',(0.0565535021926522,-0.0494278039550909,0.009096));
#5148=CARTESIAN_POINT('',(0.0565535021926522,-0.0507239601988597,0.009096));
#5149=CARTESIAN_POINT('',(0.0600052776582358,-0.0507239601988597,0.009096));
#5150=CARTESIAN_POINT('',(0.0634570531238193,-0.0507239601988597,0.009096));
#5151=CARTESIAN_POINT('',(0.0634570531238193,-0.0518099973640488,0.009096));
#5152=CARTESIAN_POINT('',(0.0634570531238193,-0.0528960345292379,0.009096));
#5153=CARTESIAN_POINT('',(0.0600052776582358,-0.0528960345292379,0.009096));
#5154=CARTESIAN_POINT('',(0.0565535021926522,-0.0528960345292379,0.009096));
#5155=CARTESIAN_POINT('',(0.0565535021926522,-0.0541921907730067,0.009096));
#5156=CARTESIAN_POINT('',(0.0565535021926522,-0.0554883470167755,0.009096));
#5157=CARTESIAN_POINT('',(0.0608470197501364,-0.0554883470167755,0.009096));
#5158=CARTESIAN_POINT('',(0.0651405373076206,-0.0554883470167755,0.009096));
#5159=CARTESIAN_POINT('',(0.0651405373076206,-0.056565523738892,0.009096));
#5160=CARTESIAN_POINT('',(0.0651405373076206,-0.0576427004610085,0.009096));
#5161=CARTESIAN_POINT('',(0.0597698430280199,-0.0576427004610085,0.009096));
#5162=CARTESIAN_POINT('',(0.061830058224366,0.0498825011310666,0.009096));
#5163=CARTESIAN_POINT('',(0.0627181816101085,0.0502466646293172,0.009096));
#5164=CARTESIAN_POINT('',(0.0649021979445242,0.0504292121172657,0.009096));
#5165=CARTESIAN_POINT('',(0.0682155983408293,0.0502068389443703,0.009096));
#5166=CARTESIAN_POINT('',(0.0729851181024037,0.0418299493373986,0.009096));
#5167=CARTESIAN_POINT('',(0.0663270599017265,0.0473430932031699,0.009096));
#5168=CARTESIAN_POINT('',(0.0632281265370537,0.0472408057738175,0.009096));
#5169=CARTESIAN_POINT('',(0.0581778548226303,0.0437216514514105,0.009096));
#5170=CARTESIAN_POINT('',(0.057634151230526,0.0442179901006557,0.009096));
#5171=CARTESIAN_POINT('',(0.0618300582243985,0.049882501131079,0.009096));
#5172=CARTESIAN_POINT('',(0.057634151230526,0.0442179901006557,0.009096));
#5173=CARTESIAN_POINT('',(0.0532281605219066,0.0270024457427599,0.009096));
#5174=CARTESIAN_POINT('',(0.0531547838298088,0.0292479185161961,0.009096));
#5175=CARTESIAN_POINT('',(0.0530825719102795,0.0336703256540383,0.009096));
#5176=CARTESIAN_POINT('',(0.0529784771509827,0.0392715427909788,0.009096));
#5177=CARTESIAN_POINT('',(0.0579475778836317,0.0436716382568434,0.009096));
#5178=CARTESIAN_POINT('',(0.057634151230526,0.0442179901006557,0.009096));
#5179=CARTESIAN_POINT('',(0.0532281605219066,0.0270024457427599,0.009096));
#5180=CARTESIAN_POINT('',(0.0509517317213647,0.0270024457427599,0.009096));
#5181=CARTESIAN_POINT('',(0.0486753029208228,0.0270024457427599,0.009096));
#5182=CARTESIAN_POINT('',(0.0570926280703674,0.0443574290864564,0.009096));
#5183=CARTESIAN_POINT('',(0.056140096306929,0.044292038530717,0.009096));
#5184=CARTESIAN_POINT('',(0.0513232788388906,0.0423920695725069,0.009096));
#5185=CARTESIAN_POINT('',(0.0488174638786462,0.0371920454704826,0.009096));
#5186=CARTESIAN_POINT('',(0.0483911743799072,0.0301636937338351,0.009096));
#5187=CARTESIAN_POINT('',(0.0486753029208228,0.0270024457427599,0.009096));
#5188=CARTESIAN_POINT('',(0.0570926280736148,0.0443574290843793,0.009096));
#5189=CARTESIAN_POINT('',(0.0570926280736148,0.0443574290843793,0.009096));
#5190=CARTESIAN_POINT('',(0.0561795117002409,0.0449410195301796,0.009096));
#5191=CARTESIAN_POINT('',(0.0522459876745901,0.0491568011486104,0.009096));
#5192=CARTESIAN_POINT('',(0.0471348206910871,0.0479650350231426,0.009096));
#5193=CARTESIAN_POINT('',(0.0423772397142453,0.0400496470191919,0.009096));
#5194=CARTESIAN_POINT('',(0.0443555424741118,0.0498803664097519,0.009096));
#5195=CARTESIAN_POINT('',(0.0485460054524016,0.0526802552522659,0.009096));
#5196=CARTESIAN_POINT('',(0.0520084015566746,0.0523870812808286,0.009096));
#5197=CARTESIAN_POINT('',(0.0536952833385726,0.0519191036189442,0.009096));
#5198=CARTESIAN_POINT('',(0.0544149543973859,0.0513084135443482,0.009096));
#5199=CARTESIAN_POINT('',(0.0544149543973859,0.0513084135443482,0.009096));
#5200=CARTESIAN_POINT('',(0.0544149544267294,0.0513084135194364,0.009096));
#5201=CARTESIAN_POINT('',(0.0540861423308677,0.0518118924801233,0.009096));
#5202=CARTESIAN_POINT('',(0.0537456256944279,0.0527568244929573,0.009096));
#5203=CARTESIAN_POINT('',(0.0524826955863153,0.0545913999148759,0.009096));
#5204=CARTESIAN_POINT('',(0.0484417424687924,0.0535652051571252,0.009096));
#5205=CARTESIAN_POINT('',(0.0531098868495081,0.0553714477321474,0.009096));
#5206=CARTESIAN_POINT('',(0.0555785862385057,0.053701314762795,0.009096));
#5207=CARTESIAN_POINT('',(0.0573293645070838,0.0509021326163251,0.009096));
#5208=CARTESIAN_POINT('',(0.0576591067699332,0.0477940189492633,0.009096));
#5209=CARTESIAN_POINT('',(0.0578163307939178,0.0460876405198853,0.009096));
#5210=CARTESIAN_POINT('',(0.0578163307924718,0.0460876405334509,0.009096));
#5211=CARTESIAN_POINT('',(0.0578163307924718,0.0460876405334509,0.009096));
#5212=CARTESIAN_POINT('',(0.0579441218356937,0.0468264522991979,0.009096));
#5213=CARTESIAN_POINT('',(0.0583160264296039,0.0487400638782714,0.009096));
#5214=CARTESIAN_POINT('',(0.0595670600543676,0.0517371768253211,0.009096));
#5215=CARTESIAN_POINT('',(0.0622603767949431,0.0540687225983326,0.009096));
#5216=CARTESIAN_POINT('',(0.0668379407339866,0.0513381073653703,0.009096));
#5217=CARTESIAN_POINT('',(0.0628836119641745,0.0524628871502338,0.009096));
#5218=CARTESIAN_POINT('',(0.0623459947752626,0.0504779100952811,0.009096));
#5219=CARTESIAN_POINT('',(0.0618300582141887,0.049882501126853,0.009096));
#5220=CARTESIAN_POINT('',(0.0352762825787067,0.0140867825714395,0.009096));
#5221=CARTESIAN_POINT('',(0.0372762825787068,0.0140867825714395,0.009096));
#5222=CARTESIAN_POINT('',(0.0452677048742771,0.0141027175006911,0.009096));
#5223=CARTESIAN_POINT('',(0.0472677048742771,0.0141027175006911,0.009096));
#5224=CARTESIAN_POINT('',(0.0295900516211986,0.00520504582095782,0.009096));
#5225=CARTESIAN_POINT('',(0.0295900516211986,-0.00493185912902778,0.009096));
#5226=CARTESIAN_POINT('',(0.0295900516211986,-0.0305494949104741,0.009096));
#5227=CARTESIAN_POINT('',(0.0295900516211986,-0.00493185912902779,0.009096));
#5228=CARTESIAN_POINT('',(0.0292798677481487,-0.00679064595378783,0.009096));
#5229=CARTESIAN_POINT('',(0.0283357053926664,-0.0103824122666933,0.009096));
#5230=CARTESIAN_POINT('',(0.0263293391559215,-0.0145846463511769,0.009096));
#5231=CARTESIAN_POINT('',(0.0242585663751745,-0.0177252691719762,0.009096));
#5232=CARTESIAN_POINT('',(0.0225211702544282,-0.0198893642199352,0.009096));
#5233=CARTESIAN_POINT('',(0.0205899945480579,-0.0218805896407646,0.009096));
#5234=CARTESIAN_POINT('',(0.0163187416465943,-0.0255308613925703,0.009096));
#5235=CARTESIAN_POINT('',(0.00876958935209431,-0.0294184266634104,0.009096));
#5236=CARTESIAN_POINT('',(-0.00253381584221174,-0.0305955834648584,0.009096));
#5237=CARTESIAN_POINT('',(-0.0134806480660497,-0.0275810338681519,0.009096));
#5238=CARTESIAN_POINT('',(-0.022585734767309,-0.0207936580488211,0.009096));
#5239=CARTESIAN_POINT('',(-0.0285996204024015,-0.0111604185717814,0.009096));
#5240=CARTESIAN_POINT('',(-0.0307001895473198,-3.29034762548331E-10,0.009096));
#5241=CARTESIAN_POINT('',(-0.0285996214083193,0.0111604198879408,0.009096));
#5242=CARTESIAN_POINT('',(-0.0225857307436284,0.0207936534422885,0.009096));
#5243=CARTESIAN_POINT('',(-0.0134806631548253,0.0275810509781531,0.009096));
#5244=CARTESIAN_POINT('',(-0.00253375951075379,0.0305955196314255,0.009096));
#5245=CARTESIAN_POINT('',(0.00876937911507869,0.0294186648871375,0.009096));
#5246=CARTESIAN_POINT('',(0.016319277549816,0.0255302541523796,0.009096));
#5247=CARTESIAN_POINT('',(0.0205895567219287,0.0218810857482713,0.009096));
#5248=CARTESIAN_POINT('',(0.0225206514032502,0.0198899482245844,0.009096));
#5249=CARTESIAN_POINT('',(0.0242581181164678,0.0177257875369709,0.009096));
#5250=CARTESIAN_POINT('',(0.0263296096006224,0.0145842807677447,0.009096));
#5251=CARTESIAN_POINT('',(0.028335512683962,0.0103831106924779,0.009096));
#5252=CARTESIAN_POINT('',(0.02927982622747,0.00679089476778154,0.009096));
#5253=CARTESIAN_POINT('',(0.0295900516211986,0.00493185912902096,0.009096));
#5254=CARTESIAN_POINT('',(0.0295900516211986,0.00493185912902097,0.009096));
#5255=CARTESIAN_POINT('',(0.0295900516211986,0.00520504582095782,0.009096));
#5256=CARTESIAN_POINT('',(0.0295900516211986,0.0104839239386365,0.009096));
#5257=CARTESIAN_POINT('',(0.0402262080460786,0.0104839239386365,0.009096));
#5258=CARTESIAN_POINT('',(0.0508623644709587,0.0104839239386365,0.009096));
#5259=CARTESIAN_POINT('',(0.0508623644709587,0.00520504582095782,0.009096));
#5260=CARTESIAN_POINT('',(0.0508623644709587,-0.0305494949104741,0.009096));
#5261=CARTESIAN_POINT('',(0.0402262080460786,-0.0305494949104741,0.009096));
#5262=CARTESIAN_POINT('',(0.0452688969671726,-0.034210093680258,0.009096));
#5263=CARTESIAN_POINT('',(0.0472688969671726,-0.034210093680258,0.009096));
#5264=CARTESIAN_POINT('',(0.0352647565305233,-0.0342092666658118,0.009096));
#5265=CARTESIAN_POINT('',(0.0372647565305233,-0.0342092666658118,0.009096));
#5266=CARTESIAN_POINT('',(-0.0110087228272279,0.0356675790063078,0.009096));
#5267=CARTESIAN_POINT('',(0.0129912771727721,0.0356675790063078,0.009096));
#5268=CARTESIAN_POINT('',(-0.0130087228272279,0.0356675790063078,0.009096));
#5269=CARTESIAN_POINT('',(-0.0130087228272279,0.0596675790063077,0.009096));
#5270=CARTESIAN_POINT('',(-0.0130087228272279,0.0616675790063077,0.009096));
#5271=CARTESIAN_POINT('',(-2.77555756156289E-17,0.0616675790063077,0.009096));
#5272=CARTESIAN_POINT('',(0.0129912771727721,0.0616675790063077,0.009096));
#5273=CARTESIAN_POINT('',(0.012991277172772,-0.005459,0.009096));
#5274=CARTESIAN_POINT('',(0.,-0.065,0.009096));
#5275=CARTESIAN_POINT('',(0.08,-0.065,0.009096));
#5276=CARTESIAN_POINT('',(-0.08,-0.065,0.009096));
#5277=CARTESIAN_POINT('',(0.08,1.38777878078145E-17,0.009096));
#5278=CARTESIAN_POINT('',(0.08,0.065,0.009096));
#5279=CARTESIAN_POINT('',(0.,0.065,0.009096));
#5280=CARTESIAN_POINT('',(-0.08,0.065,0.009096));
#5281=CARTESIAN_POINT('',(-0.08,-1.38777878078145E-17,0.009096));
#5282=CARTESIAN_POINT('',(-0.0547283613971411,-0.0566926126217371,0.009096));
#5283=CARTESIAN_POINT('',(-0.0762283613971411,-0.0566926126217371,0.009096));
#5284=CARTESIAN_POINT('',(-0.0332283613971412,-0.0566926126217371,0.009096));
#5285=CARTESIAN_POINT('',(-0.0762283613971412,0.000807387378262907,0.009096));
#5286=CARTESIAN_POINT('',(-0.0762283613971412,0.0583073873782629,0.009096));
#5287=CARTESIAN_POINT('',(-0.0547283613971412,0.0583073873782629,0.009096));
#5288=CARTESIAN_POINT('',(-0.0332283613971412,0.0583073873782629,0.009096));
#5289=CARTESIAN_POINT('',(-0.0332283613971412,0.000807387378262907,0.009096));
#5290=CARTESIAN_POINT('',(-0.0762283613971412,0.000807387378262907,-0.015904));
#5291=CARTESIAN_POINT('',(-0.0762283613971411,-0.0536926126217371,0.005));
#5292=CARTESIAN_POINT('',(-0.0762283613971412,0.0583073873782629,0.005));
#5293=CARTESIAN_POINT('',(-0.0762283613971411,-0.0566926126217371,0.005));
#5294=CARTESIAN_POINT('',(-0.0762283613971412,0.0583073873782629,-0.015904));
#5295=CARTESIAN_POINT('',(-0.0762283613971411,-0.0566926126217371,-0.015904));
#5296=CARTESIAN_POINT('',(-0.0547283613971412,0.0553073873782629,0.004548));
#5297=CARTESIAN_POINT('',(0.,0.0553073873782629,0.005));
#5298=CARTESIAN_POINT('',(-0.0362283613971412,0.0553073873782629,0.005));
#5299=CARTESIAN_POINT('',(-0.0732283613971412,0.0553073873782629,0.005));
#5300=CARTESIAN_POINT('',(-0.0732283613971412,0.0553073873782629,0.0025));
#5301=CARTESIAN_POINT('',(-0.0732283613971412,0.0553073873782629,0.));
#5302=CARTESIAN_POINT('',(-0.0547283613971412,0.0553073873782629,0.));
#5303=CARTESIAN_POINT('',(-0.0362283613971412,0.0553073873782629,0.));
#5304=CARTESIAN_POINT('',(-0.0362283613971412,0.0553073873782629,0.004548));
#5305=CARTESIAN_POINT('',(-0.072624,-1.38777878078145E-17,0.005));
#5306=CARTESIAN_POINT('',(-0.072624,-1.38777878078145E-17,0.005));
#5307=CARTESIAN_POINT('',(-0.072624,0.0623073873782629,0.005));
#5308=CARTESIAN_POINT('',(-0.072624,0.065008,0.005));
#5309=CARTESIAN_POINT('',(-0.072624,0.0593073873782629,0.002));
#5310=CARTESIAN_POINT('',(-0.072624,0.0593073873782629,0.002));
#5311=CARTESIAN_POINT('',(-0.072624,0.0593073873782629,-2.00000000000027E-6));
#5312=CARTESIAN_POINT('',(-0.072624,0.0593073873782629,0.));
#5313=CARTESIAN_POINT('',(-0.072624,-1.38777878078145E-17,0.));
#5314=CARTESIAN_POINT('',(-0.072624,0.065008,0.));
#5315=CARTESIAN_POINT('',(-0.072624,0.065008,0.005));
#5316=CARTESIAN_POINT('',(-0.0547283613971411,-0.0566926126217371,-0.015904));
#5317=CARTESIAN_POINT('',(0.,-0.0566926126217371,0.005));
#5318=CARTESIAN_POINT('',(-0.0332283613971412,-0.0566926126217371,0.005));
#5319=CARTESIAN_POINT('',(-0.0332283613971412,-0.0566926126217371,-0.015904));
#5320=CARTESIAN_POINT('',(-0.0547283613971412,0.0583073873782629,-0.015904));
#5321=CARTESIAN_POINT('',(0.,0.0583073873782629,0.005));
#5322=CARTESIAN_POINT('',(-0.0332283613971412,0.0583073873782629,0.005));
#5323=CARTESIAN_POINT('',(-0.0332283613971412,0.0583073873782629,-0.015904));
#5324=CARTESIAN_POINT('',(0.,-0.005459,0.005));
#5325=CARTESIAN_POINT('',(0.0352762825787067,0.0140867825714395,0.005));
#5326=CARTESIAN_POINT('',(0.0332762825787067,0.0140867825714395,0.005));
#5327=CARTESIAN_POINT('',(0.0452677048742771,0.0141027175006911,0.005));
#5328=CARTESIAN_POINT('',(0.0432677048742771,0.0141027175006911,0.005));
#5329=CARTESIAN_POINT('',(0.0295900516211986,-0.005459,0.005));
#5330=CARTESIAN_POINT('',(0.0295900516211986,-0.0305494949104741,0.005));
#5331=CARTESIAN_POINT('',(0.0295900516211986,0.0104839239386365,0.005));
#5332=CARTESIAN_POINT('',(0.,-0.0305494949104741,0.005));
#5333=CARTESIAN_POINT('',(0.0508623644709587,-0.0305494949104741,0.005));
#5334=CARTESIAN_POINT('',(0.0508623644709587,-0.005459,0.005));
#5335=CARTESIAN_POINT('',(0.0508623644709587,0.0104839239386365,0.005));
#5336=CARTESIAN_POINT('',(0.,0.0104839239386365,0.005));
#5337=CARTESIAN_POINT('',(0.0452688969671726,-0.034210093680258,0.005));
#5338=CARTESIAN_POINT('',(0.0432688969671726,-0.034210093680258,0.005));
#5339=CARTESIAN_POINT('',(0.0352647565305233,-0.0342092666658118,0.005));
#5340=CARTESIAN_POINT('',(0.0332647565305233,-0.0342092666658118,0.005));
#5341=CARTESIAN_POINT('',(-0.072624,-1.38777878078145E-17,0.005));
#5342=CARTESIAN_POINT('',(-0.072624,-0.065008,0.005));
#5343=CARTESIAN_POINT('',(-0.072624,-0.0606926126217371,0.005));
#5344=CARTESIAN_POINT('',(0.,-0.0606926126217371,0.005));
#5345=CARTESIAN_POINT('',(-0.0292283613971411,-0.0606926126217371,0.005));
#5346=CARTESIAN_POINT('',(-0.0292283613971411,-0.005459,0.005));
#5347=CARTESIAN_POINT('',(-0.0292283613971411,0.0623073873782629,0.005));
#5348=CARTESIAN_POINT('',(0.,0.0623073873782629,0.005));
#5349=CARTESIAN_POINT('',(-1.38777878078145E-17,0.065008,0.005));
#5350=CARTESIAN_POINT('',(0.072624,0.065008,0.005));
#5351=CARTESIAN_POINT('',(0.072624,-1.38777878078145E-17,0.005));
#5352=CARTESIAN_POINT('',(0.072624,-0.065008,0.005));
#5353=CARTESIAN_POINT('',(-2.77555756156289E-17,-0.065008,0.005));
#5354=CARTESIAN_POINT('',(-0.0100087228272279,-0.005459,0.005));
#5355=CARTESIAN_POINT('',(-0.0100087228272279,0.0586675790063077,0.005));
#5356=CARTESIAN_POINT('',(-0.0100087228272279,0.0386675790063076,0.005));
#5357=CARTESIAN_POINT('',(0.,0.0386675790063078,0.005));
#5358=CARTESIAN_POINT('',(0.00999127717277205,0.0386675790063078,0.005));
#5359=CARTESIAN_POINT('',(0.00999127717277206,-0.005459,0.005));
#5360=CARTESIAN_POINT('',(0.00999127717277205,0.0586675790063077,0.005));
#5361=CARTESIAN_POINT('',(0.,0.0586675790063077,0.005));
#5362=CARTESIAN_POINT('',(0.,-0.0738989341696654,-0.010904));
#5363=CARTESIAN_POINT('',(0.,-0.0738989341696654,0.014096));
#5364=CARTESIAN_POINT('',(0.0026,-0.0738989341696654,0.014096));
#5365=CARTESIAN_POINT('',(0.,-0.0738989341696654,0.01));
#5366=CARTESIAN_POINT('',(0.0026,-0.0738989341696654,0.01));
#5367=CARTESIAN_POINT('',(-0.008,-0.0738989341696654,-0.010904));
#5368=CARTESIAN_POINT('',(-0.008,-0.0738989341696654,0.014096));
#5369=CARTESIAN_POINT('',(-0.0054,-0.0738989341696654,0.014096));
#5370=CARTESIAN_POINT('',(-0.008,-0.0738989341696654,0.01));
#5371=CARTESIAN_POINT('',(-0.0054,-0.0738989341696654,0.01));
#5372=CARTESIAN_POINT('',(-0.016,-0.0738989341696654,-0.010904));
#5373=CARTESIAN_POINT('',(-0.016,-0.0738989341696654,0.014096));
#5374=CARTESIAN_POINT('',(-0.0134,-0.0738989341696654,0.014096));
#5375=CARTESIAN_POINT('',(-0.016,-0.0738989341696654,0.01));
#5376=CARTESIAN_POINT('',(-0.0134,-0.0738989341696654,0.01));
#5377=CARTESIAN_POINT('',(-2.77555756156289E-17,-0.005459,0.014096));
#5378=CARTESIAN_POINT('',(0.035208,-0.005459,0.014096));
#5379=CARTESIAN_POINT('',(0.035208,-0.082926,0.014096));
#5380=CARTESIAN_POINT('',(0.035208,-0.072008,0.014096));
#5381=CARTESIAN_POINT('',(0.08288,-0.072008,0.014096));
#5382=CARTESIAN_POINT('',(0.08588,-0.072008,0.014096));
#5383=CARTESIAN_POINT('',(0.08588,-0.077824,0.014096));
#5384=CARTESIAN_POINT('',(0.08588,-0.074824,0.014096));
#5385=CARTESIAN_POINT('',(0.0928,-0.074824,0.014096));
#5386=CARTESIAN_POINT('',(0.0898,-0.074824,0.014096));
#5387=CARTESIAN_POINT('',(0.0898,-0.005459,0.014096));
#5388=CARTESIAN_POINT('',(0.0898,0.072008,0.014096));
#5389=CARTESIAN_POINT('',(-2.77555756156289E-17,0.072008,0.014096));
#5390=CARTESIAN_POINT('',(-0.0898,0.072008,0.014096));
#5391=CARTESIAN_POINT('',(-0.0898,-0.077824,0.014096));
#5392=CARTESIAN_POINT('',(-0.0898,-0.074824,0.014096));
#5393=CARTESIAN_POINT('',(-2.77555756156289E-17,-0.074824,0.014096));
#5394=CARTESIAN_POINT('',(-0.08588,-0.074824,0.014096));
#5395=CARTESIAN_POINT('',(-0.08588,-0.005459,0.014096));
#5396=CARTESIAN_POINT('',(-0.08588,-0.072008,0.014096));
#5397=CARTESIAN_POINT('',(-2.77555756156289E-17,-0.072008,0.014096));
#5398=CARTESIAN_POINT('',(-0.035208,-0.072008,0.014096));
#5399=CARTESIAN_POINT('',(-0.035208,-0.085926,0.014096));
#5400=CARTESIAN_POINT('',(-0.035208,-0.082926,0.014096));
#5401=CARTESIAN_POINT('',(0.038208,-0.082926,0.014096));
#5402=CARTESIAN_POINT('',(0.08,1.38777878078145E-17,0.014096));
#5403=CARTESIAN_POINT('',(0.08,-0.065,0.014096));
#5404=CARTESIAN_POINT('',(0.08,0.065,0.014096));
#5405=CARTESIAN_POINT('',(0.,-0.065,0.014096));
#5406=CARTESIAN_POINT('',(-0.08,-0.065,0.014096));
#5407=CARTESIAN_POINT('',(-0.08,-1.38777878078145E-17,0.014096));
#5408=CARTESIAN_POINT('',(-0.08,0.065,0.014096));
#5409=CARTESIAN_POINT('',(0.,0.065,0.014096));
#5410=CARTESIAN_POINT('',(0.0192275485544002,-0.0738989341696654,0.014096));
#5411=CARTESIAN_POINT('',(0.0163128272984307,-0.0763989341696654,0.014096));
#5412=CARTESIAN_POINT('',(0.0221422698103695,-0.0763989341696654,0.014096));
#5413=CARTESIAN_POINT('',(0.0152701879264154,-0.0763989341696654,0.014096));
#5414=CARTESIAN_POINT('',(0.0142275485544001,-0.0763989341696654,0.014096));
#5415=CARTESIAN_POINT('',(0.0142275485544001,-0.0738989341696654,0.014096));
#5416=CARTESIAN_POINT('',(0.0142275485544001,-0.0713989341696654,0.014096));
#5417=CARTESIAN_POINT('',(0.0152701879264154,-0.0713989341696654,0.014096));
#5418=CARTESIAN_POINT('',(0.0163128272984307,-0.0713989341696654,0.014096));
#5419=CARTESIAN_POINT('',(0.0192275485544002,-0.0738989341696654,0.014096));
#5420=CARTESIAN_POINT('',(0.0221422698103695,-0.0713989341696654,0.014096));
#5421=CARTESIAN_POINT('',(0.0231849091823849,-0.0713989341696654,0.014096));
#5422=CARTESIAN_POINT('',(0.0242275485544002,-0.0713989341696654,0.014096));
#5423=CARTESIAN_POINT('',(0.0242275485544002,-0.0738989341696654,0.014096));
#5424=CARTESIAN_POINT('',(0.0242275485544002,-0.0763989341696654,0.014096));
#5425=CARTESIAN_POINT('',(0.0231849091823849,-0.0763989341696654,0.014096));
#5426=CARTESIAN_POINT('',(-2.77555756156289E-17,-0.005459,0.));
#5427=CARTESIAN_POINT('',(-0.0524261806985706,0.0593073873782629,0.));
#5428=CARTESIAN_POINT('',(-0.0322283613971412,0.0593073873782629,0.));
#5429=CARTESIAN_POINT('',(-0.0322283613971412,-0.0571926126217371,0.));
#5430=CARTESIAN_POINT('',(-0.0322283613971412,-0.0576926126217371,0.));
#5431=CARTESIAN_POINT('',(-0.0524261806985706,-0.0576926126217371,0.));
#5432=CARTESIAN_POINT('',(-0.072624,-0.0576926126217371,0.));
#5433=CARTESIAN_POINT('',(-0.072624,-1.38777878078145E-17,0.));
#5434=CARTESIAN_POINT('',(-0.072624,-0.065008,0.));
#5435=CARTESIAN_POINT('',(-2.77555756156289E-17,-0.065008,0.));
#5436=CARTESIAN_POINT('',(0.072624,-0.065008,0.));
#5437=CARTESIAN_POINT('',(0.072624,-1.38777878078145E-17,0.));
#5438=CARTESIAN_POINT('',(0.072624,0.065008,0.));
#5439=CARTESIAN_POINT('',(-1.38777878078145E-17,0.065008,0.));
#5440=CARTESIAN_POINT('',(-0.0732283613971412,-0.005459,0.));
#5441=CARTESIAN_POINT('',(-0.0732283613971411,-0.0536926126217371,0.));
#5442=CARTESIAN_POINT('',(-0.0547283613971411,-0.0536926126217371,0.));
#5443=CARTESIAN_POINT('',(-0.0362283613971411,-0.0536926126217371,0.));
#5444=CARTESIAN_POINT('',(-0.0362283613971411,0.000807387378262906,0.));
#5445=CARTESIAN_POINT('',(-0.016,-0.0738989341696654,0.));
#5446=CARTESIAN_POINT('',(-0.01975,-0.0738989341696654,0.));
#5447=CARTESIAN_POINT('',(-0.008,-0.0738989341696654,0.));
#5448=CARTESIAN_POINT('',(-0.01175,-0.0738989341696654,0.));
#5449=CARTESIAN_POINT('',(0.,-0.0738989341696654,0.));
#5450=CARTESIAN_POINT('',(-0.00375,-0.0738989341696654,0.));
#5451=CARTESIAN_POINT('',(0.082624,0.,0.));
#5452=CARTESIAN_POINT('',(0.082624,-0.075008,0.));
#5453=CARTESIAN_POINT('',(0.082624,0.075008,0.));
#5454=CARTESIAN_POINT('',(0.060416,-0.075008,0.));
#5455=CARTESIAN_POINT('',(0.038208,-0.075008,0.));
#5456=CARTESIAN_POINT('',(0.038208,-0.080467,0.));
#5457=CARTESIAN_POINT('',(0.038208,-0.085926,0.));
#5458=CARTESIAN_POINT('',(-6.93889390390723E-18,-0.085926,0.));
#5459=CARTESIAN_POINT('',(-0.038208,-0.085926,0.));
#5460=CARTESIAN_POINT('',(-0.038208,-0.080467,0.));
#5461=CARTESIAN_POINT('',(-0.038208,-0.075008,0.));
#5462=CARTESIAN_POINT('',(-0.060416,-0.075008,0.));
#5463=CARTESIAN_POINT('',(-0.082624,-0.075008,0.));
#5464=CARTESIAN_POINT('',(-0.082624,-2.77555756156289E-17,0.));
#5465=CARTESIAN_POINT('',(-0.082624,0.075008,0.));
#5466=CARTESIAN_POINT('',(0.,0.075008,0.));
#5467=CARTESIAN_POINT('',(-2.77555756156289E-17,-0.0763989341696654,0.));
#5468=CARTESIAN_POINT('',(0.0163128272984307,-0.0763989341696654,0.));
#5469=CARTESIAN_POINT('',(0.0142275485544001,-0.0763989341696654,0.));
#5470=CARTESIAN_POINT('',(0.0192275485544002,-0.0738989341696654,0.));
#5471=CARTESIAN_POINT('',(0.0221422698103695,-0.0763989341696654,0.));
#5472=CARTESIAN_POINT('',(-2.77555756156289E-17,-0.0763989341696654,0.));
#5473=CARTESIAN_POINT('',(0.0242275485544002,-0.0763989341696654,0.));
#5474=CARTESIAN_POINT('',(0.0242275485544002,-0.005459,0.));
#5475=CARTESIAN_POINT('',(0.0242275485544002,-0.0713989341696654,0.));
#5476=CARTESIAN_POINT('',(-2.77555756156289E-17,-0.0713989341696654,0.));
#5477=CARTESIAN_POINT('',(0.0221422698103695,-0.0713989341696654,0.));
#5478=CARTESIAN_POINT('',(0.0192275485544002,-0.0738989341696654,0.));
#5479=CARTESIAN_POINT('',(0.0163128272984307,-0.0713989341696654,0.));
#5480=CARTESIAN_POINT('',(-2.77555756156289E-17,-0.0713989341696654,0.));
#5481=CARTESIAN_POINT('',(0.0142275485544001,-0.0713989341696654,0.));
#5482=CARTESIAN_POINT('',(0.0142275485544001,-0.005459,0.));
#5483=CARTESIAN_POINT('',(0.082752,-0.075008,0.014096));
#5484=CARTESIAN_POINT('',(0.08288,-0.075008,0.014096));
#5485=CARTESIAN_POINT('',(0.08288,-0.075008,0.011096));
#5486=CARTESIAN_POINT('',(0.08288,-0.075008,0.004096));
#5487=CARTESIAN_POINT('',(0.038208,-0.075008,0.011096));
#5488=CARTESIAN_POINT('',(0.038208,-0.075008,0.011096));
#5489=CARTESIAN_POINT('',(0.038208,-0.075008,0.014096));
#5490=CARTESIAN_POINT('',(0.082624,-0.075008,0.014096));
#5491=CARTESIAN_POINT('',(0.082624,-0.075008,0.004096));
#5492=CARTESIAN_POINT('',(0.082752,-0.075008,0.004096));
#5493=CARTESIAN_POINT('',(0.08288,-0.076416,0.014096));
#5494=CARTESIAN_POINT('',(0.08288,-0.077824,0.014096));
#5495=CARTESIAN_POINT('',(0.08288,-0.077824,0.011096));
#5496=CARTESIAN_POINT('',(0.08288,-0.077824,0.004096));
#5497=CARTESIAN_POINT('',(0.08288,-0.075008,0.011096));
#5498=CARTESIAN_POINT('',(0.08288,-0.076416,0.004096));
#5499=CARTESIAN_POINT('',(0.084928,-0.077824,0.014096));
#5500=CARTESIAN_POINT('',(0.0928,-0.077824,0.014096));
#5501=CARTESIAN_POINT('',(0.0928,-0.077824,0.011096));
#5502=CARTESIAN_POINT('',(0.0928,-0.077824,0.));
#5503=CARTESIAN_POINT('',(0.08288,-0.077824,0.011096));
#5504=CARTESIAN_POINT('',(0.084928,-0.077824,0.004096));
#5505=CARTESIAN_POINT('',(0.086976,-0.077824,0.004096));
#5506=CARTESIAN_POINT('',(0.086976,-0.077824,0.014096));
#5507=CARTESIAN_POINT('',(0.086976,-0.077824,0.));
#5508=CARTESIAN_POINT('',(0.089888,-0.077824,0.));
#5509=CARTESIAN_POINT('',(0.0848,0.075008,0.014096));
#5510=CARTESIAN_POINT('',(-0.0928,0.075008,0.014096));
#5511=CARTESIAN_POINT('',(-0.0928,0.075008,0.011096));
#5512=CARTESIAN_POINT('',(-0.0928,0.075008,0.));
#5513=CARTESIAN_POINT('',(0.0848,0.075008,0.011096));
#5514=CARTESIAN_POINT('',(0.0928,0.075008,0.011096));
#5515=CARTESIAN_POINT('',(0.0928,0.075008,0.014096));
#5516=CARTESIAN_POINT('',(0.0928,0.075008,0.));
#5517=CARTESIAN_POINT('',(0.089888,0.075008,0.));
#5518=CARTESIAN_POINT('',(0.086976,0.075008,0.));
#5519=CARTESIAN_POINT('',(0.086976,0.075008,0.014096));
#5520=CARTESIAN_POINT('',(0.086976,0.075008,0.004096));
#5521=CARTESIAN_POINT('',(0.0848,0.075008,0.004096));
#5522=CARTESIAN_POINT('',(0.082624,0.075008,0.004096));
#5523=CARTESIAN_POINT('',(0.082624,0.075008,0.014096));
#5524=CARTESIAN_POINT('',(-0.082624,0.075008,0.014096));
#5525=CARTESIAN_POINT('',(-0.082624,0.075008,0.004096));
#5526=CARTESIAN_POINT('',(-0.0848,0.075008,0.004096));
#5527=CARTESIAN_POINT('',(-0.086976,0.075008,0.004096));
#5528=CARTESIAN_POINT('',(-0.086976,0.075008,0.014096));
#5529=CARTESIAN_POINT('',(-0.086976,0.075008,0.));
#5530=CARTESIAN_POINT('',(-0.089888,0.075008,0.));
#5531=CARTESIAN_POINT('',(-2.77555756156289E-17,-0.005459,0.004096));
#5532=CARTESIAN_POINT('',(0.082624,0.,0.004096));
#5533=CARTESIAN_POINT('',(0.086976,-0.00140799999999998,0.004096));
#5534=CARTESIAN_POINT('',(0.086976,-0.00140799999999998,0.014096));
#5535=CARTESIAN_POINT('',(0.086976,-0.00140799999999998,0.));
#5536=CARTESIAN_POINT('',(0.0928,-0.001408,0.014096));
#5537=CARTESIAN_POINT('',(0.0928,-0.001408,0.011096));
#5538=CARTESIAN_POINT('',(0.0928,-0.001408,0.));
#5539=CARTESIAN_POINT('',(-2.77555756156289E-17,-0.005459,0.));
#5540=CARTESIAN_POINT('',(-0.084928,-0.077824,0.014096));
#5541=CARTESIAN_POINT('',(-0.08288,-0.077824,0.014096));
#5542=CARTESIAN_POINT('',(-0.08288,-0.077824,0.011096));
#5543=CARTESIAN_POINT('',(-0.08288,-0.077824,0.004096));
#5544=CARTESIAN_POINT('',(-0.084928,-0.077824,0.011096));
#5545=CARTESIAN_POINT('',(-0.0928,-0.077824,0.011096));
#5546=CARTESIAN_POINT('',(-0.0928,-0.077824,0.014096));
#5547=CARTESIAN_POINT('',(-0.0928,-0.077824,0.));
#5548=CARTESIAN_POINT('',(-0.089888,-0.077824,0.));
#5549=CARTESIAN_POINT('',(-0.086976,-0.077824,0.));
#5550=CARTESIAN_POINT('',(-0.086976,-0.077824,0.014096));
#5551=CARTESIAN_POINT('',(-0.086976,-0.077824,0.004096));
#5552=CARTESIAN_POINT('',(-0.084928,-0.077824,0.004096));
#5553=CARTESIAN_POINT('',(-0.08288,-0.076416,0.014096));
#5554=CARTESIAN_POINT('',(-0.08288,-0.075008,0.014096));
#5555=CARTESIAN_POINT('',(-0.08288,-0.075008,0.011096));
#5556=CARTESIAN_POINT('',(-0.08288,-0.075008,0.004096));
#5557=CARTESIAN_POINT('',(-0.08288,-0.076416,0.011096));
#5558=CARTESIAN_POINT('',(-0.08288,-0.076416,0.004096));
#5559=CARTESIAN_POINT('',(-0.082752,-0.075008,0.014096));
#5560=CARTESIAN_POINT('',(-0.038208,-0.075008,0.014096));
#5561=CARTESIAN_POINT('',(-0.038208,-0.075008,0.011096));
#5562=CARTESIAN_POINT('',(-0.082752,-0.075008,0.011096));
#5563=CARTESIAN_POINT('',(-0.082752,-0.075008,0.004096));
#5564=CARTESIAN_POINT('',(-0.082624,-0.075008,0.004096));
#5565=CARTESIAN_POINT('',(-0.082624,-0.075008,0.014096));
#5566=CARTESIAN_POINT('',(-2.77555756156289E-17,-0.005459,0.004096));
#5567=CARTESIAN_POINT('',(-0.082624,-2.77555756156289E-17,0.004096));
#5568=CARTESIAN_POINT('',(-0.086976,-0.001408,0.004096));
#5569=CARTESIAN_POINT('',(0.082624,0.,0.014096));
#5570=CARTESIAN_POINT('',(-0.082624,-2.77555756156289E-17,0.014096));
#5571=CARTESIAN_POINT('',(-0.038208,-0.080467,0.014096));
#5572=CARTESIAN_POINT('',(-0.038208,-0.085926,0.014096));
#5573=CARTESIAN_POINT('',(-0.038208,-0.085926,0.011096));
#5574=CARTESIAN_POINT('',(-0.038208,-0.075008,0.011096));
#5575=CARTESIAN_POINT('',(-6.93889390390723E-18,-0.085926,0.014096));
#5576=CARTESIAN_POINT('',(0.038208,-0.085926,0.014096));
#5577=CARTESIAN_POINT('',(0.038208,-0.085926,0.011096));
#5578=CARTESIAN_POINT('',(-0.038208,-0.085926,0.011096));
#5579=CARTESIAN_POINT('',(0.038208,-0.080467,0.014096));
#5580=CARTESIAN_POINT('',(0.038208,-0.080467,0.011096));
#5581=CARTESIAN_POINT('',(-0.086976,-0.001408,0.014096));
#5582=CARTESIAN_POINT('',(-0.086976,-0.001408,0.));
#5583=CARTESIAN_POINT('',(-0.0928,-0.001408,0.014096));
#5584=CARTESIAN_POINT('',(-0.0928,0.075008,0.011096));
#5585=CARTESIAN_POINT('',(-0.0928,-0.001408,0.));
#5586=CARTESIAN_POINT('',(-2.77555756156289E-17,-0.005459,0.));
#5587=CARTESIAN_POINT('',(0.,-0.065,0.009096));
#5588=CARTESIAN_POINT('',(0.08,-0.065,0.009096));
#5589=CARTESIAN_POINT('',(-0.08,-0.065,0.009096));
#5590=CARTESIAN_POINT('',(0.08,1.38777878078145E-17,0.009096));
#5591=CARTESIAN_POINT('',(0.08,0.065,0.009096));
#5592=CARTESIAN_POINT('',(0.,0.065,0.009096));
#5593=CARTESIAN_POINT('',(-0.08,0.065,0.009096));
#5594=CARTESIAN_POINT('',(-0.08,-1.38777878078145E-17,0.009096));
#5595=CARTESIAN_POINT('',(0.0152701879264154,-0.0763989341696654,-0.010904));
#5596=CARTESIAN_POINT('',(0.0142275485544001,-0.0763989341696654,-0.010904));
#5597=CARTESIAN_POINT('',(0.0163128272984307,-0.0763989341696654,-0.010904));
#5598=CARTESIAN_POINT('',(0.0192275485544002,-0.0738989341696654,-0.010904));
#5599=CARTESIAN_POINT('',(0.0221422698103695,-0.0763989341696654,-0.010904));
#5600=CARTESIAN_POINT('',(0.0231849091823849,-0.0763989341696654,-0.010904));
#5601=CARTESIAN_POINT('',(0.0242275485544002,-0.0763989341696654,-0.010904));
#5602=CARTESIAN_POINT('',(0.0242275485544002,-0.0738989341696654,-0.010904));
#5603=CARTESIAN_POINT('',(0.0242275485544002,-0.0713989341696654,-0.010904));
#5604=CARTESIAN_POINT('',(0.0231849091823849,-0.0713989341696654,-0.010904));
#5605=CARTESIAN_POINT('',(0.0221422698103695,-0.0713989341696654,-0.010904));
#5606=CARTESIAN_POINT('',(0.0192275485544002,-0.0738989341696654,-0.010904));
#5607=CARTESIAN_POINT('',(0.0163128272984307,-0.0713989341696654,-0.010904));
#5608=CARTESIAN_POINT('',(0.0152701879264154,-0.0713989341696654,-0.010904));
#5609=CARTESIAN_POINT('',(0.0142275485544001,-0.0713989341696654,-0.010904));
#5610=CARTESIAN_POINT('',(0.0142275485544001,-0.0738989341696654,-0.010904));
#5611=CARTESIAN_POINT('',(-0.016,-0.0738989341696654,0.01));
#5612=CARTESIAN_POINT('',(-0.016,-0.0738989341696654,0.01));
#5613=CARTESIAN_POINT('',(-0.01975,-0.0738989341696654,0.01));
#5614=CARTESIAN_POINT('',(0.,-0.005459,0.01));
#5615=CARTESIAN_POINT('',(-0.008,-0.0738989341696654,0.01));
#5616=CARTESIAN_POINT('',(-0.008,-0.0738989341696654,0.01));
#5617=CARTESIAN_POINT('',(-0.01175,-0.0738989341696654,0.01));
#5618=CARTESIAN_POINT('',(0.,-0.005459,0.01));
#5619=CARTESIAN_POINT('',(0.,-0.0738989341696654,0.01));
#5620=CARTESIAN_POINT('',(0.,-0.0738989341696654,0.01));
#5621=CARTESIAN_POINT('',(-0.00375,-0.0738989341696654,0.01));
#5622=CARTESIAN_POINT('',(0.,-0.005459,0.01));
#5623=CARTESIAN_POINT('',(-0.072624,-1.38777878078145E-17,0.005));
#5624=CARTESIAN_POINT('',(-0.072624,-0.0576926126217371,-2.00000000000027E-6));
#5625=CARTESIAN_POINT('',(-0.072624,-0.0576926126217371,0.002));
#5626=CARTESIAN_POINT('',(-0.072624,-0.0576926126217371,0.002));
#5627=CARTESIAN_POINT('',(-0.072624,-0.065008,0.005));
#5628=CARTESIAN_POINT('',(-1.38777878078145E-17,0.065008,0.005));
#5629=CARTESIAN_POINT('',(0.072624,0.065008,0.005));
#5630=CARTESIAN_POINT('',(0.072624,-1.38777878078145E-17,0.005));
#5631=CARTESIAN_POINT('',(0.072624,-0.065008,0.005));
#5632=CARTESIAN_POINT('',(-2.77555756156289E-17,-0.065008,0.005));
#5633=CARTESIAN_POINT('',(-0.084928,-0.077824,0.011096));
#5634=CARTESIAN_POINT('',(-0.090176,-0.0752,0.01372));
#5635=CARTESIAN_POINT('',(-0.0833493333333333,-0.0773546666666667,0.0115653333333333));
#5636=CARTESIAN_POINT('',(-0.08288,-0.076416,0.011096));
#5637=CARTESIAN_POINT('',(-0.0824106666666667,-0.0754773333333334,0.0106266666666667));
#5638=CARTESIAN_POINT('',(-0.0898,-0.005459,0.014096));
#5639=CARTESIAN_POINT('',(-0.0639776666666667,0.0461856666666667,0.0399183333333333));
#5640=CARTESIAN_POINT('',(-0.082752,-0.075008,0.011096));
#5641=CARTESIAN_POINT('',(-0.053056,-0.089856,-0.003752));
#5642=CARTESIAN_POINT('',(0.0848,0.075008,0.011096));
#5643=CARTESIAN_POINT('',(0.0901333333333333,0.0723413333333333,0.0137626666666667));
#5644=CARTESIAN_POINT('',(-0.035208,-0.005459,0.014096));
#5645=CARTESIAN_POINT('',(-0.023472,-0.07119,0.025832));
#5646=CARTESIAN_POINT('',(0.0928,-0.001408,0.011096));
#5647=CARTESIAN_POINT('',(0.067328,-0.052352,0.036568));
#5648=CARTESIAN_POINT('',(-2.77555756156289E-17,-0.082926,0.014096));
#5649=CARTESIAN_POINT('',(0.0363883333333333,-0.0841063333333333,0.0129156666666667));
#5650=CARTESIAN_POINT('',(-2.77555756156289E-17,-0.074824,0.014096));
#5651=CARTESIAN_POINT('',(0.0572533333333334,-0.103450666666667,-0.0145306666666667));
#5652=CARTESIAN_POINT('',(0.038208,-0.080467,0.011096));
#5653=CARTESIAN_POINT('',(0.023472,-0.060272,0.025832));
#5654=CARTESIAN_POINT('',(0.08588,-0.005459,0.014096));
#5655=CARTESIAN_POINT('',(0.0572533333333334,-0.100634666666667,-0.0145306666666667));
#5656=CARTESIAN_POINT('',(-2.77555756156289E-17,-0.072008,0.014096));
#5657=CARTESIAN_POINT('',(-8.7228272279468E-6,0.0386675790063078,-0.015904));
#5658=CARTESIAN_POINT('',(-0.0100087228272279,0.0386675790063076,-0.015904));
#5659=CARTESIAN_POINT('',(-0.0100087228272279,0.0386675790063076,0.012096));
#5660=CARTESIAN_POINT('',(-8.7228272279468E-6,0.0386675790063078,0.012096));
#5661=CARTESIAN_POINT('',(0.00999127717277205,0.0386675790063078,0.012096));
#5662=CARTESIAN_POINT('',(0.00999127717277205,0.0386675790063078,-0.015904));
#5663=CARTESIAN_POINT('',(0.00999127717277205,0.0486675790063077,-0.015904));
#5664=CARTESIAN_POINT('',(0.00999127717277205,0.0486675790063077,0.012096));
#5665=CARTESIAN_POINT('',(0.00999127717277205,0.0586675790063077,0.012096));
#5666=CARTESIAN_POINT('',(0.00999127717277205,0.0586675790063077,-0.015904));
#5667=CARTESIAN_POINT('',(-8.72282722795374E-6,0.0586675790063077,-0.015904));
#5668=CARTESIAN_POINT('',(-8.72282722795374E-6,0.0586675790063077,0.012096));
#5669=CARTESIAN_POINT('',(-0.0100087228272279,0.0586675790063077,0.012096));
#5670=CARTESIAN_POINT('',(-0.0100087228272279,0.0586675790063077,-0.015904));
#5671=CARTESIAN_POINT('',(-0.0100087228272279,0.0486675790063077,-0.015904));
#5672=CARTESIAN_POINT('',(-0.0100087228272279,0.0486675790063077,0.012096));
#5673=CARTESIAN_POINT('',(-0.0332283613971412,0.000807387378262907,-0.015904));
#5674=CARTESIAN_POINT('',(-0.0332283613971412,-0.005459,0.005));
#5675=CARTESIAN_POINT('',(0.,0.0553073873782629,0.005));
#5676=CARTESIAN_POINT('',(-0.0732283613971412,0.000807387378262908,0.005));
#5677=CARTESIAN_POINT('',(-0.0732283613971412,-0.0536926126217371,0.005));
#5678=CARTESIAN_POINT('',(-0.0362283613971411,-0.005459,0.005));
#5679=CARTESIAN_POINT('',(-0.0362283613971411,-0.0536926126217371,0.005));
#5680=CARTESIAN_POINT('',(0.,-0.0536926126217371,0.005));
#5681=CARTESIAN_POINT('',(-0.0362283613971411,0.000807387378262905,0.004548));
#5682=CARTESIAN_POINT('',(-0.0362283613971411,-0.0536926126217371,0.004548));
#5683=CARTESIAN_POINT('',(-0.0547283613971411,-0.0536926126217371,0.004548));
#5684=CARTESIAN_POINT('',(-0.0732283613971411,-0.0536926126217371,0.0025));
#5685=CARTESIAN_POINT('',(-0.0524261806985706,0.0593073873782629,-2.00000000000027E-6));
#5686=CARTESIAN_POINT('',(-0.0524261806985706,0.0593073873782629,0.002));
#5687=CARTESIAN_POINT('',(-0.0322283613971412,0.0593073873782629,0.002));
#5688=CARTESIAN_POINT('',(-0.0322283613971412,0.0593073873782629,-2.00000000000027E-6));
#5689=CARTESIAN_POINT('',(-0.0322283613971412,-0.0571926126217371,-2.00000000000027E-6));
#5690=CARTESIAN_POINT('',(-0.0322283613971412,-0.0571926126217371,0.002));
#5691=CARTESIAN_POINT('',(-0.0322283613971412,-0.0576926126217371,0.002));
#5692=CARTESIAN_POINT('',(-0.0322283613971412,-0.0576926126217371,-2.00000000000027E-6));
#5693=CARTESIAN_POINT('',(-0.0524261806985706,-0.0576926126217371,-2.00000000000027E-6));
#5694=CARTESIAN_POINT('',(-0.0524261806985706,-0.0576926126217371,0.002));
#5695=CARTESIAN_POINT('',(-0.0524261806985706,0.0593073873782629,0.002));
#5696=CARTESIAN_POINT('',(-0.038960967830951,0.0525747809444531,-0.0047326064338098));
#5697=CARTESIAN_POINT('',(-0.0322283613971412,-0.0571926126217371,0.002));
#5698=CARTESIAN_POINT('',(-0.0323950280638078,-0.0575259459550704,0.00183333333333333));
#5699=CARTESIAN_POINT('',(-0.0524261806985706,-0.0576926126217371,0.002));
#5700=CARTESIAN_POINT('',(-0.0732283613971412,0.00080738737826291,0.004548));
#5701=CARTESIAN_POINT('',(-8.72282722794507E-6,0.0376675790063078,0.012096));
#5702=CARTESIAN_POINT('',(-0.0110087228272279,0.0376675790063078,0.012096));
#5703=CARTESIAN_POINT('',(-0.0110087228272279,0.0376675790063078,0.012096));
#5704=CARTESIAN_POINT('',(-0.0110087228272279,0.0376675790063078,0.011096));
#5705=CARTESIAN_POINT('',(0.010991277172772,0.0376675790063078,0.011096));
#5706=CARTESIAN_POINT('',(0.010991277172772,0.0376675790063078,0.011096));
#5707=CARTESIAN_POINT('',(0.010991277172772,0.0376675790063078,0.012096));
#5708=CARTESIAN_POINT('',(0.010991277172772,0.0376675790063078,0.012096));
#5709=CARTESIAN_POINT('',(-8.72282722794507E-6,0.0376675790063078,0.012096));
#5710=CARTESIAN_POINT('',(0.0109912771727721,0.0486675790063077,0.012096));
#5711=CARTESIAN_POINT('',(0.0109912771727721,0.0486675790063077,0.011096));
#5712=CARTESIAN_POINT('',(0.0109912771727721,0.0596675790063077,0.011096));
#5713=CARTESIAN_POINT('',(0.0109912771727721,0.0596675790063077,0.012096));
#5714=CARTESIAN_POINT('',(0.0109912771727721,0.0596675790063077,0.012096));
#5715=CARTESIAN_POINT('',(0.0109912771727721,0.0486675790063077,0.012096));
#5716=CARTESIAN_POINT('',(-8.72282722793813E-6,0.0596675790063077,0.012096));
#5717=CARTESIAN_POINT('',(-8.72282722793813E-6,0.0596675790063077,0.011096));
#5718=CARTESIAN_POINT('',(-0.0110087228272279,0.0596675790063077,0.011096));
#5719=CARTESIAN_POINT('',(-0.0110087228272279,0.0596675790063077,0.012096));
#5720=CARTESIAN_POINT('',(-0.0110087228272279,0.0596675790063077,0.012096));
#5721=CARTESIAN_POINT('',(-8.72282722793813E-6,0.0596675790063077,0.012096));
#5722=CARTESIAN_POINT('',(-0.0110087228272279,0.0486675790063077,0.012096));
#5723=CARTESIAN_POINT('',(-0.0110087228272279,0.0376675790063078,0.011096));
#5724=CARTESIAN_POINT('',(-0.0110087228272279,0.0486675790063077,0.012096));
#5725=CARTESIAN_POINT('',(0.,0.,0.012096));
#5726=CARTESIAN_POINT('',(0.0109912771727721,0.0486675790063077,0.011096));
#5727=CARTESIAN_POINT('',(0.0073246105061054,0.0560009123396411,0.0147626666666667));
#5728=CARTESIAN_POINT('',(0.00732461050610539,0.0413342456729744,0.0147626666666667));
#5729=CARTESIAN_POINT('',(-2.77555756156289E-17,0.0356675790063078,0.009096));
#5730=CARTESIAN_POINT('',(-0.00867248188481864,0.0400038199487171,0.0134322409424093));
#5731=CARTESIAN_POINT('',(-8.72282722793813E-6,0.0596675790063077,0.011096));
#5732=CARTESIAN_POINT('',(-0.00734205616056128,0.0560009123396411,0.0147626666666667));
#5733=CARTESIAN_POINT('',(-0.013008722827228,-0.005459,0.009096));
#5734=CARTESIAN_POINT('',(0.,1.53080849893419E-18,0.029096));
#5735=CARTESIAN_POINT('',(0.0236982967895512,-0.00981615593537477,0.014096));
#5736=CARTESIAN_POINT('',(0.0256508516052244,-9.08561420542853E-17,0.014096));
#5737=CARTESIAN_POINT('',(0.0236982967895512,0.00981615593537483,0.014096));
#5738=CARTESIAN_POINT('',(0.018137891113264,0.018137891113264,0.014096));
#5739=CARTESIAN_POINT('',(0.0098161559353749,0.0236982967895511,0.014096));
#5740=CARTESIAN_POINT('',(3.38271077815477E-17,0.0256508516052244,0.014096));
#5741=CARTESIAN_POINT('',(-0.00981615593537484,0.0236982967895511,0.014096));
#5742=CARTESIAN_POINT('',(-0.018137891113264,0.018137891113264,0.014096));
#5743=CARTESIAN_POINT('',(-0.0236982967895511,0.00981615593537487,0.014096));
#5744=CARTESIAN_POINT('',(-0.0256508516052244,1.37936668482403E-18,0.014096));
#5745=CARTESIAN_POINT('',(-0.0236982967895511,-0.00981615593537487,0.014096));
#5746=CARTESIAN_POINT('',(-0.018137891113264,-0.018137891113264,0.014096));
#5747=CARTESIAN_POINT('',(-0.00981615593537484,-0.0236982967895512,0.014096));
#5748=CARTESIAN_POINT('',(3.42065785419177E-17,-0.0256508516052244,0.014096));
#5749=CARTESIAN_POINT('',(0.0098161559353749,-0.0236982967895511,0.014096));
#5750=CARTESIAN_POINT('',(0.0181378911132641,-0.018137891113264,0.014096));
#5751=CARTESIAN_POINT('',(0.0236982967895512,-0.00981615593537477,0.014096));
#5752=CARTESIAN_POINT('',(0.0256508516052244,-9.08561420542853E-17,0.014096));
#5753=CARTESIAN_POINT('',(0.0236982967895512,0.00981615593537483,0.014096));
#5754=CARTESIAN_POINT('',(0.025,4.59242549680258E-18,0.014096));
#5755=CARTESIAN_POINT('',(0.,1.53080849893419E-18,0.029096));
#5756=CARTESIAN_POINT('',(0.025,1.53080849893419E-18,0.029096));
#5757=CARTESIAN_POINT('',(0.,0.,0.029096));
#5758=CARTESIAN_POINT('',(0.,7.99082036443648E-19,0.029096));
#5759=CARTESIAN_POINT('',(0.01305,7.99082036443648E-19,0.029096));
#5760=CARTESIAN_POINT('',(0.,7.99082036443648E-19,0.020996));
#5761=CARTESIAN_POINT('',(0.,7.99082036443648E-19,0.020996));
#5762=CARTESIAN_POINT('',(0.01305,7.99082036443648E-19,0.020996));
#5763=CARTESIAN_POINT('',(0.,0.,0.020996));
#5764=CARTESIAN_POINT('',(0.,3.09223316784706E-19,0.020996));
#5765=CARTESIAN_POINT('',(0.00505,3.09223316784706E-19,0.020996));
#5766=CARTESIAN_POINT('',(0.0352647565305233,-0.0342092666658118,-0.015904));
#5767=CARTESIAN_POINT('',(0.0452688969671726,-0.034210093680258,-0.015904));
#5768=CARTESIAN_POINT('',(0.0295900516211986,0.00520504582095782,-0.015904));
#5769=CARTESIAN_POINT('',(0.0295900516211986,0.0104839239386365,-0.015904));
#5770=CARTESIAN_POINT('',(0.0295900516211986,0.00493185912902097,0.009096));
#5771=CARTESIAN_POINT('',(0.0295900516211986,0.00164395435492962,0.00909599999999962));
#5772=CARTESIAN_POINT('',(0.0295900516211986,-0.00164393058344164,0.00909600000000072));
#5773=CARTESIAN_POINT('',(0.0295900516211986,-0.00493185912902778,0.009096));
#5774=CARTESIAN_POINT('',(0.0295900516211986,-0.0305494949104741,-0.015904));
#5775=CARTESIAN_POINT('',(0.0402262080460786,-0.0305494949104741,-0.015904));
#5776=CARTESIAN_POINT('',(0.0508623644709587,-0.0305494949104741,-0.015904));
#5777=CARTESIAN_POINT('',(0.0508623644709587,0.00520504582095782,-0.015904));
#5778=CARTESIAN_POINT('',(0.0508623644709587,0.0104839239386365,-0.015904));
#5779=CARTESIAN_POINT('',(0.0402262080460786,0.0104839239386365,-0.015904));
#5780=CARTESIAN_POINT('',(0.0452677048742771,0.0141027175006911,-0.015904));
#5781=CARTESIAN_POINT('',(0.0352762825787067,0.0140867825714395,-0.015904));
#5782=CARTESIAN_POINT('',(0.025,1.53080849893419E-18,0.014096));
#5783=CARTESIAN_POINT('',(0.025,0.0032724923469061,0.014096));
#5784=CARTESIAN_POINT('',(0.0243493169164752,0.00654369710954394,0.014096));
#5785=CARTESIAN_POINT('',(0.0218446597090892,0.0125904745087106,0.014096));
#5786=CARTESIAN_POINT('',(0.0199916710595287,0.0153636679997986,0.014096));
#5787=CARTESIAN_POINT('',(0.0153636679997986,0.0199916710595287,0.014096));
#5788=CARTESIAN_POINT('',(0.0125904745087105,0.0218446597090892,0.014096));
#5789=CARTESIAN_POINT('',(0.00654369710954393,0.0243493169164752,0.014096));
#5790=CARTESIAN_POINT('',(0.00327249234688335,0.025,0.014096));
#5791=CARTESIAN_POINT('',(-0.00327249234688335,0.025,0.014096));
#5792=CARTESIAN_POINT('',(-0.00654369710954635,0.0243493169164741,0.014096));
#5793=CARTESIAN_POINT('',(-0.0125904745087082,0.0218446597090902,0.014096));
#5794=CARTESIAN_POINT('',(-0.0153636679998005,0.0199916710595269,0.014096));
#5795=CARTESIAN_POINT('',(-0.0199916710595269,0.0153636679998005,0.014096));
#5796=CARTESIAN_POINT('',(-0.0218446597090883,0.0125904745087127,0.014096));
#5797=CARTESIAN_POINT('',(-0.024349316916476,0.00654369710954185,0.014096));
#5798=CARTESIAN_POINT('',(-0.025,0.00327249234688336,0.014096));
#5799=CARTESIAN_POINT('',(-0.025,-0.00327249234688335,0.014096));
#5800=CARTESIAN_POINT('',(-0.0243493169164761,-0.00654369710954178,0.014096));
#5801=CARTESIAN_POINT('',(-0.0218446597090884,-0.0125904745087126,0.014096));
#5802=CARTESIAN_POINT('',(-0.0199916710595269,-0.0153636679998005,0.014096));
#5803=CARTESIAN_POINT('',(-0.0153636679998005,-0.0199916710595269,0.014096));
#5804=CARTESIAN_POINT('',(-0.0125904745087127,-0.0218446597090883,0.014096));
#5805=CARTESIAN_POINT('',(-0.00654369710954185,-0.024349316916476,0.014096));
#5806=CARTESIAN_POINT('',(-0.00327249234688332,-0.025,0.014096));
#5807=CARTESIAN_POINT('',(0.00327249234688339,-0.025,0.014096));
#5808=CARTESIAN_POINT('',(0.00654369710954468,-0.0243493169164748,0.014096));
#5809=CARTESIAN_POINT('',(0.0125904745087097,-0.0218446597090895,0.014096));
#5810=CARTESIAN_POINT('',(0.0153636679998038,-0.0199916710595235,0.014096));
#5811=CARTESIAN_POINT('',(0.0199916710595235,-0.0153636679998039,0.014096));
#5812=CARTESIAN_POINT('',(0.0218446597090885,-0.0125904745087122,0.014096));
#5813=CARTESIAN_POINT('',(0.0243493169164758,-0.00654369710954235,0.014096));
#5814=CARTESIAN_POINT('',(0.025,-0.0032724923469061,0.014096));
#5815=CARTESIAN_POINT('',(0.025,1.53080849893419E-18,0.014096));
#5816=CARTESIAN_POINT('',(0.025,1.53080849893419E-18,0.009096));
#5817=CARTESIAN_POINT('',(0.025,0.0032724923469061,0.00909599999999659));
#5818=CARTESIAN_POINT('',(0.0243493169164649,0.00654369710953569,0.00909599999999319));
#5819=CARTESIAN_POINT('',(0.0218446597090995,0.0125904745087188,0.00909600000000682));
#5820=CARTESIAN_POINT('',(0.0199916710595321,0.0153636679997884,0.009096));
#5821=CARTESIAN_POINT('',(0.0153636679997952,0.0199916710595389,0.009096));
#5822=CARTESIAN_POINT('',(0.0125904745087154,0.0218446597090927,0.009096));
#5823=CARTESIAN_POINT('',(0.00654369710953908,0.0243493169164717,0.009096));
#5824=CARTESIAN_POINT('',(0.00327249234688335,0.025,0.009096));
#5825=CARTESIAN_POINT('',(-0.00327249234688335,0.025,0.009096));
#5826=CARTESIAN_POINT('',(-0.00654369710954251,0.0243493169164649,0.009096));
#5827=CARTESIAN_POINT('',(-0.012590474508712,0.0218446597090995,0.009096));
#5828=CARTESIAN_POINT('',(-0.015363667999797,0.0199916710595235,0.00909600000000681));
#5829=CARTESIAN_POINT('',(-0.0199916710595303,0.0153636679998039,0.00909599999999319));
#5830=CARTESIAN_POINT('',(-0.0218446597090942,0.0125904745087123,0.00909599999999319));
#5831=CARTESIAN_POINT('',(-0.0243493169164702,0.00654369710954224,0.00909600000000681));
#5832=CARTESIAN_POINT('',(-0.025,0.00327249234688336,0.009096));
#5833=CARTESIAN_POINT('',(-0.025,-0.00327249234688335,0.009096));
#5834=CARTESIAN_POINT('',(-0.0243493169164769,-0.00654369710954217,0.009096));
#5835=CARTESIAN_POINT('',(-0.0218446597090874,-0.0125904745087122,0.009096));
#5836=CARTESIAN_POINT('',(-0.0199916710595235,-0.015363667999797,0.00909600000000682));
#5837=CARTESIAN_POINT('',(-0.0153636679998039,-0.0199916710595303,0.00909599999999319));
#5838=CARTESIAN_POINT('',(-0.0125904745087089,-0.0218446597090942,0.00909599999998297));
#5839=CARTESIAN_POINT('',(-0.00654369710954564,-0.0243493169164702,0.00909600000001703));
#5840=CARTESIAN_POINT('',(-0.00327249234688332,-0.025,0.009096));
#5841=CARTESIAN_POINT('',(0.00327249234688339,-0.025,0.009096));
#5842=CARTESIAN_POINT('',(0.00654369710954557,-0.0243493169164769,0.009096));
#5843=CARTESIAN_POINT('',(0.0125904745087088,-0.0218446597090874,0.009096));
#5844=CARTESIAN_POINT('',(0.0153636679997902,-0.0199916710595167,0.00909600000000681));
#5845=CARTESIAN_POINT('',(0.0199916710595371,-0.0153636679998107,0.00909599999999319));
#5846=CARTESIAN_POINT('',(0.0218446597090806,-0.0125904745087021,0.00909599999998297));
#5847=CARTESIAN_POINT('',(0.0243493169164837,-0.00654369710955245,0.00909600000001703));
#5848=CARTESIAN_POINT('',(0.025,-0.0032724923469061,0.00909600000000341));
#5849=CARTESIAN_POINT('',(0.025,1.53080849893419E-18,0.009096));
#5850=CARTESIAN_POINT('',(0.03,1.53080849893419E-18,0.009096));
#5851=CARTESIAN_POINT('',(0.03,0.00392699081628732,0.009096));
#5852=CARTESIAN_POINT('',(0.0292191802997687,0.00785243653145032,0.009096));
#5853=CARTESIAN_POINT('',(0.0262135916509085,0.0151085694104551,0.009096));
#5854=CARTESIAN_POINT('',(0.0239900052714304,0.0184364015997557,0.009096));
#5855=CARTESIAN_POINT('',(0.0184364015997625,0.0239900052714372,0.009096));
#5856=CARTESIAN_POINT('',(0.015108569410455,0.0262135916509085,0.009096));
#5857=CARTESIAN_POINT('',(0.00785243653145031,0.0292191802997687,0.009096));
#5858=CARTESIAN_POINT('',(0.00392699081626002,0.03,0.009096));
#5859=CARTESIAN_POINT('',(-0.00392699081626002,0.03,0.009096));
#5860=CARTESIAN_POINT('',(-0.00785243653145033,0.0292191802997619,0.009096));
#5861=CARTESIAN_POINT('',(-0.0151085694104551,0.0262135916509153,0.009096));
#5862=CARTESIAN_POINT('',(-0.0184364015997605,0.0239900052714323,0.009096));
#5863=CARTESIAN_POINT('',(-0.0239900052714324,0.0184364015997605,0.009096));
#5864=CARTESIAN_POINT('',(-0.026213591650898,0.0151085694104548,0.009096));
#5865=CARTESIAN_POINT('',(-0.0292191802997792,0.00785243653145069,0.009096));
#5866=CARTESIAN_POINT('',(-0.03,0.00392699081626002,0.009096));
#5867=CARTESIAN_POINT('',(-0.03,-0.00392699081626002,0.009096));
#5868=CARTESIAN_POINT('',(-0.0292191802997724,-0.00785243653145401,0.009096));
#5869=CARTESIAN_POINT('',(-0.0262135916509049,-0.0151085694104513,0.009096));
#5870=CARTESIAN_POINT('',(-0.0239900052714323,-0.0184364015997605,0.009096));
#5871=CARTESIAN_POINT('',(-0.0184364015997605,-0.0239900052714323,0.009096));
#5872=CARTESIAN_POINT('',(-0.0151085694104548,-0.0262135916509048,0.009096));
#5873=CARTESIAN_POINT('',(-0.00785243653145068,-0.0292191802997724,0.009096));
#5874=CARTESIAN_POINT('',(-0.00392699081625998,-0.03,0.009096));
#5875=CARTESIAN_POINT('',(0.00392699081626008,-0.03,0.009096));
#5876=CARTESIAN_POINT('',(0.007852436531454,-0.0292191802997724,0.009096));
#5877=CARTESIAN_POINT('',(0.0151085694104513,-0.0262135916509049,0.009096));
#5878=CARTESIAN_POINT('',(0.0184364015997605,-0.0239900052714256,0.009096));
#5879=CARTESIAN_POINT('',(0.0239900052714322,-0.0184364015997674,0.009096));
#5880=CARTESIAN_POINT('',(0.0262135916509048,-0.0151085694104548,0.009096));
#5881=CARTESIAN_POINT('',(0.0292191802997724,-0.00785243653145068,0.009096));
#5882=CARTESIAN_POINT('',(0.03,-0.00392699081628732,0.009096));
#5883=CARTESIAN_POINT('',(0.03,1.53080849893419E-18,0.009096));
#5884=CARTESIAN_POINT('',(0.,3.09223316784706E-19,0.014096));
#5885=CARTESIAN_POINT('',(0.,3.09223316784706E-19,0.014096));
#5886=CARTESIAN_POINT('',(0.00505,3.09223316784706E-19,0.014096));
#5887=CARTESIAN_POINT('',(0.,0.,0.014096));
#5888=CARTESIAN_POINT('',(0.061830058224366,0.0498825011310666,0.011096));
#5889=CARTESIAN_POINT('',(0.061830058224366,0.0498825011310666,0.009096));
#5890=CARTESIAN_POINT('',(0.0623452017769648,0.0500937290766733,0.011096));
#5891=CARTESIAN_POINT('',(0.0623452017769648,0.0500937290766733,0.009096));
#5892=CARTESIAN_POINT('',(0.0633681117543361,0.0503150166222172,0.011096));
#5893=CARTESIAN_POINT('',(0.0633681117543361,0.0503150166222172,0.009096));
#5894=CARTESIAN_POINT('',(0.0648364605731029,0.0503739196696938,0.011096));
#5895=CARTESIAN_POINT('',(0.0648364605731029,0.0503739196696938,0.009096));
#5896=CARTESIAN_POINT('',(0.0662329616164593,0.0502833686307792,0.011096));
#5897=CARTESIAN_POINT('',(0.0662329616164593,0.0502833686307792,0.009096));
#5898=CARTESIAN_POINT('',(0.0674080526414698,0.0497474991825185,0.011096));
#5899=CARTESIAN_POINT('',(0.0674080526414698,0.0497474991825185,0.009096));
#5900=CARTESIAN_POINT('',(0.0684001773534024,0.0488603447889306,0.011096));
#5901=CARTESIAN_POINT('',(0.0684001773534024,0.0488603447889306,0.009096));
#5902=CARTESIAN_POINT('',(0.0694081592104734,0.0476780653493377,0.011096));
#5903=CARTESIAN_POINT('',(0.0694081592104734,0.0476780653493377,0.00909600000000001));
#5904=CARTESIAN_POINT('',(0.0705336374696473,0.0459509242615835,0.011096));
#5905=CARTESIAN_POINT('',(0.0705336374696473,0.0459509242615835,0.009096));
#5906=CARTESIAN_POINT('',(0.0710996250618519,0.0445774161464032,0.011096));
#5907=CARTESIAN_POINT('',(0.0710996250618519,0.0445774161464032,0.009096));
#5908=CARTESIAN_POINT('',(0.0709768558064313,0.0441229386604703,0.011096));
#5909=CARTESIAN_POINT('',(0.0709768558064313,0.0441229386604703,0.009096));
#5910=CARTESIAN_POINT('',(0.0704150103352203,0.0442041516616838,0.011096));
#5911=CARTESIAN_POINT('',(0.0704150103352203,0.0442041516616838,0.009096));
#5912=CARTESIAN_POINT('',(0.0691108196149064,0.0450161398185459,0.011096));
#5913=CARTESIAN_POINT('',(0.0691108196149064,0.0450161398185459,0.00909599999999999));
#5914=CARTESIAN_POINT('',(0.0675094401206955,0.046112117887819,0.011096));
#5915=CARTESIAN_POINT('',(0.0675094401206955,0.046112117887819,0.00909600000000001));
#5916=CARTESIAN_POINT('',(0.0663782566903888,0.0467372268816867,0.011096));
#5917=CARTESIAN_POINT('',(0.0663782566903888,0.0467372268816867,0.009096));
#5918=CARTESIAN_POINT('',(0.0653854577113249,0.0471127988245962,0.011096));
#5919=CARTESIAN_POINT('',(0.0653854577113249,0.0471127988245962,0.00909600000000001));
#5920=CARTESIAN_POINT('',(0.0642553567262034,0.0471549922162723,0.011096));
#5921=CARTESIAN_POINT('',(0.0642553567262034,0.0471549922162723,0.009096));
#5922=CARTESIAN_POINT('',(0.0626768664941691,0.0465293957510498,0.011096));
#5923=CARTESIAN_POINT('',(0.0626768664941691,0.0465293957510498,0.009096));
#5924=CARTESIAN_POINT('',(0.0605717523000813,0.0453166668503448,0.011096));
#5925=CARTESIAN_POINT('',(0.0605717523000813,0.0453166668503448,0.00909600000000001));
#5926=CARTESIAN_POINT('',(0.0586147633651051,0.0442383211540087,0.011096));
#5927=CARTESIAN_POINT('',(0.0586147633651051,0.0442383211540087,0.009096));
#5928=CARTESIAN_POINT('',(0.0578088565870951,0.0440585042669134,0.011096));
#5929=CARTESIAN_POINT('',(0.0578088565870951,0.0440585042669134,0.009096));
#5930=CARTESIAN_POINT('',(0.057634151230526,0.0442179901006557,0.011096));
#5931=CARTESIAN_POINT('',(0.057634151230526,0.0442179901006557,0.009096));
#5932=CARTESIAN_POINT('',(0.0618300582243985,0.049882501131079,0.011096));
#5933=CARTESIAN_POINT('',(0.0618300582243985,0.049882501131079,0.011096));
#5934=CARTESIAN_POINT('',(0.061830058224366,0.0498825011310666,0.011096));
#5935=CARTESIAN_POINT('',(0.0627181816101085,0.0502466646293172,0.011096));
#5936=CARTESIAN_POINT('',(0.0649021979445242,0.0504292121172657,0.011096));
#5937=CARTESIAN_POINT('',(0.0682155983408293,0.0502068389443703,0.011096));
#5938=CARTESIAN_POINT('',(0.0729851181024037,0.0418299493373986,0.011096));
#5939=CARTESIAN_POINT('',(0.0663270599017265,0.0473430932031699,0.011096));
#5940=CARTESIAN_POINT('',(0.0632281265370537,0.0472408057738175,0.011096));
#5941=CARTESIAN_POINT('',(0.0581778548226303,0.0437216514514105,0.011096));
#5942=CARTESIAN_POINT('',(0.057634151230526,0.0442179901006557,0.011096));
#5943=CARTESIAN_POINT('',(0.057634151230526,0.0442179901006557,0.011096));
#5944=CARTESIAN_POINT('',(0.057634151230526,0.0442179901006557,0.011096));
#5945=CARTESIAN_POINT('',(0.0578163307924718,0.0460876405334509,0.011096));
#5946=CARTESIAN_POINT('',(0.0578163307924718,0.0460876405334509,0.009096));
#5947=CARTESIAN_POINT('',(0.057939089948345,0.0467973609209339,0.011096));
#5948=CARTESIAN_POINT('',(0.057939089948345,0.0467973609209339,0.009096));
#5949=CARTESIAN_POINT('',(0.0582229578886514,0.0482649989675352,0.011096));
#5950=CARTESIAN_POINT('',(0.0582229578886514,0.0482649989675352,0.009096));
#5951=CARTESIAN_POINT('',(0.058883987229466,0.0501037672753358,0.011096));
#5952=CARTESIAN_POINT('',(0.058883987229466,0.0501037672753358,0.009096));
#5953=CARTESIAN_POINT('',(0.0596645065641531,0.0514416893144611,0.011096));
#5954=CARTESIAN_POINT('',(0.0596645065641531,0.0514416893144611,0.00909600000000001));
#5955=CARTESIAN_POINT('',(0.0603889599564535,0.052356933744607,0.011096));
#5956=CARTESIAN_POINT('',(0.0603889599564535,0.052356933744607,0.009096));
#5957=CARTESIAN_POINT('',(0.0612926277647718,0.0530346207773449,0.011096));
#5958=CARTESIAN_POINT('',(0.0612926277647718,0.0530346207773449,0.009096));
#5959=CARTESIAN_POINT('',(0.0624052310594065,0.0533116892737975,0.011096));
#5960=CARTESIAN_POINT('',(0.0624052310594065,0.0533116892737975,0.009096));
#5961=CARTESIAN_POINT('',(0.0638138071092128,0.0529730973783742,0.011096));
#5962=CARTESIAN_POINT('',(0.0638138071092128,0.0529730973783742,0.009096));
#5963=CARTESIAN_POINT('',(0.0650761789114899,0.0523412494166896,0.011096));
#5964=CARTESIAN_POINT('',(0.0650761789114899,0.0523412494166896,0.00909600000000001));
#5965=CARTESIAN_POINT('',(0.0656610262438912,0.0518338188547535,0.011096));
#5966=CARTESIAN_POINT('',(0.0656610262438912,0.0518338188547535,0.009096));
#5967=CARTESIAN_POINT('',(0.0650143572492314,0.0518771827870734,0.011096));
#5968=CARTESIAN_POINT('',(0.0650143572492314,0.0518771827870734,0.009096));
#5969=CARTESIAN_POINT('',(0.0640186254153622,0.0519711600018762,0.011096));
#5970=CARTESIAN_POINT('',(0.0640186254153622,0.0519711600018762,0.00909600000000001));
#5971=CARTESIAN_POINT('',(0.0633334739943769,0.0518055497151293,0.011096));
#5972=CARTESIAN_POINT('',(0.0633334739943769,0.0518055497151293,0.009096));
#5973=CARTESIAN_POINT('',(0.0628107630576781,0.0514243392364668,0.011096));
#5974=CARTESIAN_POINT('',(0.0628107630576781,0.0514243392364668,0.00909600000000001));
#5975=CARTESIAN_POINT('',(0.0623524284456947,0.0506962873072821,0.011096));
#5976=CARTESIAN_POINT('',(0.0623524284456947,0.0506962873072821,0.009096));
#5977=CARTESIAN_POINT('',(0.0620265899509046,0.0501093056750281,0.011096));
#5978=CARTESIAN_POINT('',(0.0620265899509046,0.0501093056750281,0.009096));
#5979=CARTESIAN_POINT('',(0.0618300582141887,0.049882501126853,0.011096));
#5980=CARTESIAN_POINT('',(0.0618300582141887,0.049882501126853,0.009096));
#5981=CARTESIAN_POINT('',(0.0578163307924718,0.0460876405334509,0.011096));
#5982=CARTESIAN_POINT('',(0.0578163307924718,0.0460876405334509,0.011096));
#5983=CARTESIAN_POINT('',(0.0578163307924718,0.0460876405334509,0.011096));
#5984=CARTESIAN_POINT('',(0.0579441218356937,0.0468264522991979,0.011096));
#5985=CARTESIAN_POINT('',(0.0583160264296039,0.0487400638782714,0.011096));
#5986=CARTESIAN_POINT('',(0.0595670600543676,0.0517371768253211,0.011096));
#5987=CARTESIAN_POINT('',(0.0622603767949431,0.0540687225983326,0.011096));
#5988=CARTESIAN_POINT('',(0.0668379407339866,0.0513381073653703,0.011096));
#5989=CARTESIAN_POINT('',(0.0628836119641745,0.0524628871502338,0.011096));
#5990=CARTESIAN_POINT('',(0.0623459947752626,0.0504779100952811,0.011096));
#5991=CARTESIAN_POINT('',(0.0618300582141887,0.049882501126853,0.011096));
#5992=CARTESIAN_POINT('',(0.0544149544267294,0.0513084135194364,0.011096));
#5993=CARTESIAN_POINT('',(0.0544149544267294,0.0513084135194364,0.009096));
#5994=CARTESIAN_POINT('',(0.0542294910836349,0.0515923960504987,0.011096));
#5995=CARTESIAN_POINT('',(0.0542294910836349,0.0515923960504987,0.009096));
#5996=CARTESIAN_POINT('',(0.0539664337609653,0.0521189524718374,0.011096));
#5997=CARTESIAN_POINT('',(0.0539664337609653,0.0521189524718374,0.00909600000000001));
#5998=CARTESIAN_POINT('',(0.0535961379299385,0.052938572891019,0.011096));
#5999=CARTESIAN_POINT('',(0.0535961379299385,0.052938572891019,0.009096));
#6000=CARTESIAN_POINT('',(0.0530735281455375,0.0536611896573078,0.011096));
#6001=CARTESIAN_POINT('',(0.0530735281455375,0.0536611896573078,0.00909600000000001));
#6002=CARTESIAN_POINT('',(0.0524355709000147,0.0540407707066372,0.011096));
#6003=CARTESIAN_POINT('',(0.0524355709000147,0.0540407707066372,0.009096));
#6004=CARTESIAN_POINT('',(0.051593997456975,0.0542104486319367,0.011096));
#6005=CARTESIAN_POINT('',(0.051593997456975,0.0542104486319367,0.009096));
#6006=CARTESIAN_POINT('',(0.050562211034626,0.0540862667157108,0.011096));
#6007=CARTESIAN_POINT('',(0.050562211034626,0.0540862667157108,0.009096));
#6008=CARTESIAN_POINT('',(0.0499392525785121,0.053994056510671,0.011096));
#6009=CARTESIAN_POINT('',(0.0499392525785121,0.053994056510671,0.00909600000000001));
#6010=CARTESIAN_POINT('',(0.0498041257611753,0.0540369114033754,0.011096));
#6011=CARTESIAN_POINT('',(0.0498041257611753,0.0540369114033754,0.00909600000000001));
#6012=CARTESIAN_POINT('',(0.050684401386511,0.0544147148037354,0.011096));
#6013=CARTESIAN_POINT('',(0.050684401386511,0.0544147148037354,0.00909600000000001));
#6014=CARTESIAN_POINT('',(0.0524301876026163,0.0548541734365066,0.011096));
#6015=CARTESIAN_POINT('',(0.0524301876026163,0.0548541734365066,0.009096));
#6016=CARTESIAN_POINT('',(0.0538572178104406,0.0547236898105781,0.011096));
#6017=CARTESIAN_POINT('',(0.0538572178104406,0.0547236898105781,0.00909600000000001));
#6018=CARTESIAN_POINT('',(0.0549114244457189,0.0540991236672387,0.011096));
#6019=CARTESIAN_POINT('',(0.0549114244457189,0.0540991236672387,0.009096));
#6020=CARTESIAN_POINT('',(0.0557697399948928,0.0532238348081183,0.011096));
#6021=CARTESIAN_POINT('',(0.0557697399948928,0.0532238348081183,0.00909600000000001));
#6022=CARTESIAN_POINT('',(0.0564877977577079,0.0521951235917987,0.011096));
#6023=CARTESIAN_POINT('',(0.0564877977577079,0.0521951235917987,0.00909600000000001));
#6024=CARTESIAN_POINT('',(0.0570395888926133,0.0509586503385367,0.011096));
#6025=CARTESIAN_POINT('',(0.0570395888926133,0.0509586503385367,0.00909600000000001));
#6026=CARTESIAN_POINT('',(0.0575328607428956,0.0489901034662935,0.011096));
#6027=CARTESIAN_POINT('',(0.0575328607428956,0.0489901034662935,0.009096));
#6028=CARTESIAN_POINT('',(0.0577086631085319,0.0472561757807664,0.011096));
#6029=CARTESIAN_POINT('',(0.0577086631085319,0.0472561757807664,0.00909600000000001));
#6030=CARTESIAN_POINT('',(0.0578163307939178,0.0460876405198853,0.011096));
#6031=CARTESIAN_POINT('',(0.0578163307939178,0.0460876405198853,0.00909600000000001));
#6032=CARTESIAN_POINT('',(0.0544149543973859,0.0513084135443482,0.011096));
#6033=CARTESIAN_POINT('',(0.0544149543973859,0.0513084135443482,0.011096));
#6034=CARTESIAN_POINT('',(0.0544149544267294,0.0513084135194364,0.011096));
#6035=CARTESIAN_POINT('',(0.0540861423308677,0.0518118924801233,0.011096));
#6036=CARTESIAN_POINT('',(0.0537456256944279,0.0527568244929573,0.011096));
#6037=CARTESIAN_POINT('',(0.0524826955863153,0.0545913999148759,0.011096));
#6038=CARTESIAN_POINT('',(0.0484417424687924,0.0535652051571252,0.011096));
#6039=CARTESIAN_POINT('',(0.0531098868495081,0.0553714477321474,0.011096));
#6040=CARTESIAN_POINT('',(0.0555785862385057,0.053701314762795,0.011096));
#6041=CARTESIAN_POINT('',(0.0573293645070838,0.0509021326163251,0.011096));
#6042=CARTESIAN_POINT('',(0.0576591067699332,0.0477940189492633,0.011096));
#6043=CARTESIAN_POINT('',(0.0578163307939178,0.0460876405198853,0.011096));
#6044=CARTESIAN_POINT('',(0.0570926280736148,0.0443574290843793,0.011096));
#6045=CARTESIAN_POINT('',(0.0570926280736148,0.0443574290843793,0.009096));
#6046=CARTESIAN_POINT('',(0.0562277346393196,0.0449101993112728,0.011096));
#6047=CARTESIAN_POINT('',(0.0562277346393196,0.0449101993112728,0.009096));
#6048=CARTESIAN_POINT('',(0.0537850083201636,0.0475134964028094,0.011096));
#6049=CARTESIAN_POINT('',(0.0537850083201636,0.0475134964028094,0.009096));
#6050=CARTESIAN_POINT('',(0.0507584286836325,0.0485269310663713,0.011096));
#6051=CARTESIAN_POINT('',(0.0507584286836325,0.0485269310663713,0.00909600000000001));
#6052=CARTESIAN_POINT('',(0.048999036461236,0.0481148618748171,0.011096));
#6053=CARTESIAN_POINT('',(0.048999036461236,0.0481148618748171,0.009096));
#6054=CARTESIAN_POINT('',(0.0476544060426872,0.0472551047564018,0.011096));
#6055=CARTESIAN_POINT('',(0.0476544060426872,0.0472551047564018,0.009096));
#6056=CARTESIAN_POINT('',(0.0463444063164438,0.046038023664534,0.011096));
#6057=CARTESIAN_POINT('',(0.0463444063164438,0.046038023664534,0.009096));
#6058=CARTESIAN_POINT('',(0.0451330901042251,0.0445044201556991,0.011096));
#6059=CARTESIAN_POINT('',(0.0451330901042251,0.0445044201556991,0.009096));
#6060=CARTESIAN_POINT('',(0.0441998361719967,0.0433883167703325,0.011096));
#6061=CARTESIAN_POINT('',(0.0441998361719967,0.0433883167703325,0.00909600000000001));
#6062=CARTESIAN_POINT('',(0.0436791790098971,0.042925199786438,0.011096));
#6063=CARTESIAN_POINT('',(0.0436791790098971,0.042925199786438,0.009096));
#6064=CARTESIAN_POINT('',(0.0433880727919972,0.0430476886026917,0.011096));
#6065=CARTESIAN_POINT('',(0.0433880727919972,0.0430476886026917,0.009096));
#6066=CARTESIAN_POINT('',(0.0433184059179477,0.04401089770827,0.011096));
#6067=CARTESIAN_POINT('',(0.0433184059179477,0.04401089770827,0.009096));
#6068=CARTESIAN_POINT('',(0.043740723463627,0.0462169146201115,0.011096));
#6069=CARTESIAN_POINT('',(0.043740723463627,0.0462169146201115,0.009096));
#6070=CARTESIAN_POINT('',(0.0448401275768197,0.0491416947000552,0.011096));
#6071=CARTESIAN_POINT('',(0.0448401275768197,0.0491416947000552,0.009096));
#6072=CARTESIAN_POINT('',(0.046304539044561,0.0510321003538691,0.011096));
#6073=CARTESIAN_POINT('',(0.046304539044561,0.0510321003538691,0.009096));
#6074=CARTESIAN_POINT('',(0.047987494343065,0.0520952319212503,0.011096));
#6075=CARTESIAN_POINT('',(0.047987494343065,0.0520952319212503,0.00909600000000001));
#6076=CARTESIAN_POINT('',(0.049728667004167,0.0524988004743523,0.011096));
#6077=CARTESIAN_POINT('',(0.049728667004167,0.0524988004743523,0.009096));
#6078=CARTESIAN_POINT('',(0.0514214241322554,0.0524177453997713,0.011096));
#6079=CARTESIAN_POINT('',(0.0514214241322554,0.0524177453997713,0.009096));
#6080=CARTESIAN_POINT('',(0.0529781198161175,0.0521525605655775,0.011096));
#6081=CARTESIAN_POINT('',(0.0529781198161175,0.0521525605655775,0.00909600000000001));
#6082=CARTESIAN_POINT('',(0.0539344275124096,0.0517161734447052,0.011096));
#6083=CARTESIAN_POINT('',(0.0539344275124096,0.0517161734447052,0.009096));
#6084=CARTESIAN_POINT('',(0.0544149543973859,0.0513084135443482,0.011096));
#6085=CARTESIAN_POINT('',(0.0544149543973859,0.0513084135443482,0.009096));
#6086=CARTESIAN_POINT('',(0.0570926280736148,0.0443574290843793,0.011096));
#6087=CARTESIAN_POINT('',(0.0570926280736148,0.0443574290843793,0.011096));
#6088=CARTESIAN_POINT('',(0.0570926280736148,0.0443574290843793,0.011096));
#6089=CARTESIAN_POINT('',(0.0561795117002409,0.0449410195301796,0.011096));
#6090=CARTESIAN_POINT('',(0.0522459876745901,0.0491568011486104,0.011096));
#6091=CARTESIAN_POINT('',(0.0471348206910871,0.0479650350231426,0.011096));
#6092=CARTESIAN_POINT('',(0.0423772397142453,0.0400496470191919,0.011096));
#6093=CARTESIAN_POINT('',(0.0443555424741118,0.0498803664097519,0.011096));
#6094=CARTESIAN_POINT('',(0.0485460054524016,0.0526802552522659,0.011096));
#6095=CARTESIAN_POINT('',(0.0520084015566746,0.0523870812808286,0.011096));
#6096=CARTESIAN_POINT('',(0.0536952833385726,0.0519191036189442,0.011096));
#6097=CARTESIAN_POINT('',(0.0544149543973859,0.0513084135443482,0.011096));
#6098=CARTESIAN_POINT('',(0.0570926280703674,0.0443574290864564,0.011096));
#6099=CARTESIAN_POINT('',(0.0570926280703674,0.0443574290864564,0.009096));
#6100=CARTESIAN_POINT('',(0.0565833525439255,0.0443224677224613,0.011096));
#6101=CARTESIAN_POINT('',(0.0565833525439255,0.0443224677224613,0.009096));
#6102=CARTESIAN_POINT('',(0.0549862213761485,0.0438472974489465,0.011096));
#6103=CARTESIAN_POINT('',(0.0549862213761485,0.0438472974489465,0.00909599999999999));
#6104=CARTESIAN_POINT('',(0.0523376014198727,0.0424185327018678,0.011096));
#6105=CARTESIAN_POINT('',(0.0523376014198727,0.0424185327018678,0.009096));
#6106=CARTESIAN_POINT('',(0.0506909417097574,0.0406978839833139,0.011096));
#6107=CARTESIAN_POINT('',(0.0506909417097574,0.0406978839833139,0.009096));
#6108=CARTESIAN_POINT('',(0.0496838381093655,0.0385931124326422,0.011096));
#6109=CARTESIAN_POINT('',(0.0496838381093655,0.0385931124326422,0.009096));
#6110=CARTESIAN_POINT('',(0.0490626108625852,0.0360224693209479,0.011096));
#6111=CARTESIAN_POINT('',(0.0490626108625852,0.0360224693209479,0.009096));
#6112=CARTESIAN_POINT('',(0.0485252561558777,0.0320427478020533,0.011096));
#6113=CARTESIAN_POINT('',(0.0485252561558777,0.0320427478020533,0.009096));
#6114=CARTESIAN_POINT('',(0.0485076024217275,0.0288683014718563,0.011096));
#6115=CARTESIAN_POINT('',(0.0485076024217275,0.0288683014718563,0.009096));
#6116=CARTESIAN_POINT('',(0.0486753029208228,0.0270024457427599,0.011096));
#6117=CARTESIAN_POINT('',(0.0486753029208228,0.0270024457427599,0.009096));
#6118=CARTESIAN_POINT('',(0.0486753029208228,0.0270024457427599,0.011096));
#6119=CARTESIAN_POINT('',(0.0486753029208228,0.0270024457427599,0.011096));
#6120=CARTESIAN_POINT('',(0.0570926280703674,0.0443574290864564,0.011096));
#6121=CARTESIAN_POINT('',(0.056140096306929,0.044292038530717,0.011096));
#6122=CARTESIAN_POINT('',(0.0513232788388906,0.0423920695725069,0.011096));
#6123=CARTESIAN_POINT('',(0.0488174638786462,0.0371920454704826,0.011096));
#6124=CARTESIAN_POINT('',(0.0483911743799072,0.0301636937338351,0.011096));
#6125=CARTESIAN_POINT('',(0.0486753029208228,0.0270024457427599,0.011096));
#6126=CARTESIAN_POINT('',(0.0509517317213647,0.0270024457427599,0.011096));
#6127=CARTESIAN_POINT('',(0.0532281605219066,0.0270024457427599,0.011096));
#6128=CARTESIAN_POINT('',(0.0532281605219066,0.0270024457427599,0.011096));
#6129=CARTESIAN_POINT('',(0.0509517317213647,0.0270024457427599,0.011096));
#6130=CARTESIAN_POINT('',(0.0532281605219066,0.0270024457427599,0.011096));
#6131=CARTESIAN_POINT('',(0.0532281605219066,0.0270024457427599,0.009096));
#6132=CARTESIAN_POINT('',(0.0532016551535238,0.0278135627521529,0.011096));
#6133=CARTESIAN_POINT('',(0.0532016551535238,0.0278135627521529,0.009096));
#6134=CARTESIAN_POINT('',(0.0531573224461481,0.0294407358695716,0.011096));
#6135=CARTESIAN_POINT('',(0.0531573224461481,0.0294407358695716,0.00909600000000001));
#6136=CARTESIAN_POINT('',(0.0531140580964159,0.0318460176636482,0.011096));
#6137=CARTESIAN_POINT('',(0.0531140580964159,0.0318460176636482,0.00909600000000001));
#6138=CARTESIAN_POINT('',(0.0530618343657625,0.034154255891427,0.011096));
#6139=CARTESIAN_POINT('',(0.0530618343657625,0.034154255891427,0.009096));
#6140=CARTESIAN_POINT('',(0.0530766699749999,0.0363453727561207,0.011096));
#6141=CARTESIAN_POINT('',(0.0530766699749999,0.0363453727561207,0.009096));
#6142=CARTESIAN_POINT('',(0.0535221828281073,0.0381769758681264,0.011096));
#6143=CARTESIAN_POINT('',(0.0535221828281073,0.0381769758681264,0.009096));
#6144=CARTESIAN_POINT('',(0.0543542757079677,0.0397039828375115,0.011096));
#6145=CARTESIAN_POINT('',(0.0543542757079677,0.0397039828375115,0.00909600000000001));
#6146=CARTESIAN_POINT('',(0.0555308813416668,0.0412732866732096,0.011096));
#6147=CARTESIAN_POINT('',(0.0555308813416668,0.0412732866732096,0.009096));
#6148=CARTESIAN_POINT('',(0.0571710811010931,0.0431006389187387,0.011096));
#6149=CARTESIAN_POINT('',(0.0571710811010931,0.0431006389187387,0.009096));
#6150=CARTESIAN_POINT('',(0.0577548768167918,0.0440075464577871,0.011096));
#6151=CARTESIAN_POINT('',(0.0577548768167918,0.0440075464577871,0.009096));
#6152=CARTESIAN_POINT('',(0.057634151230526,0.0442179901006557,0.011096));
#6153=CARTESIAN_POINT('',(0.057634151230526,0.0442179901006557,0.009096));
#6154=CARTESIAN_POINT('',(0.0532281605219066,0.0270024457427599,0.011096));
#6155=CARTESIAN_POINT('',(0.0531547838298088,0.0292479185161961,0.011096));
#6156=CARTESIAN_POINT('',(0.0530825719102795,0.0336703256540383,0.011096));
#6157=CARTESIAN_POINT('',(0.0529784771509827,0.0392715427909788,0.011096));
#6158=CARTESIAN_POINT('',(0.0579475778836317,0.0436716382568434,0.011096));
#6159=CARTESIAN_POINT('',(0.057634151230526,0.0442179901006557,0.011096));
#6160=CARTESIAN_POINT('',(0.,0.,0.011096));
#6161=CARTESIAN_POINT('',(0.0543991487484193,-0.0518099973640488,0.011096));
#6162=CARTESIAN_POINT('',(0.0543991487484193,-0.0576427004610085,0.011096));
#6163=CARTESIAN_POINT('',(0.0543991487484193,-0.0576427004610085,0.011096));
#6164=CARTESIAN_POINT('',(0.0543991487484193,-0.0518099973640488,0.011096));
#6165=CARTESIAN_POINT('',(0.0543991487484193,-0.0459772942670891,0.011096));
#6166=CARTESIAN_POINT('',(0.0543991487484193,-0.0459772942670891,0.011096));
#6167=CARTESIAN_POINT('',(0.0597698430280199,-0.0576427004610085,0.011096));
#6168=CARTESIAN_POINT('',(0.0651405373076206,-0.0576427004610085,0.011096));
#6169=CARTESIAN_POINT('',(0.0651405373076206,-0.0576427004610085,0.011096));
#6170=CARTESIAN_POINT('',(0.0597698430280199,-0.0576427004610085,0.011096));
#6171=CARTESIAN_POINT('',(0.0651405373076206,-0.056565523738892,0.011096));
#6172=CARTESIAN_POINT('',(0.0651405373076206,-0.0554883470167755,0.011096));
#6173=CARTESIAN_POINT('',(0.0651405373076206,-0.0554883470167755,0.011096));
#6174=CARTESIAN_POINT('',(0.0651405373076206,-0.056565523738892,0.011096));
#6175=CARTESIAN_POINT('',(0.0608470197501364,-0.0554883470167755,0.011096));
#6176=CARTESIAN_POINT('',(0.0565535021926522,-0.0554883470167755,0.011096));
#6177=CARTESIAN_POINT('',(0.0565535021926522,-0.0554883470167755,0.011096));
#6178=CARTESIAN_POINT('',(0.0608470197501364,-0.0554883470167755,0.011096));
#6179=CARTESIAN_POINT('',(0.0565535021926522,-0.0541921907730067,0.011096));
#6180=CARTESIAN_POINT('',(0.0565535021926522,-0.0528960345292379,0.011096));
#6181=CARTESIAN_POINT('',(0.0565535021926522,-0.0528960345292379,0.011096));
#6182=CARTESIAN_POINT('',(0.0565535021926522,-0.0541921907730067,0.011096));
#6183=CARTESIAN_POINT('',(0.0600052776582358,-0.0528960345292379,0.011096));
#6184=CARTESIAN_POINT('',(0.0634570531238193,-0.0528960345292379,0.011096));
#6185=CARTESIAN_POINT('',(0.0634570531238193,-0.0528960345292379,0.011096));
#6186=CARTESIAN_POINT('',(0.0600052776582358,-0.0528960345292379,0.011096));
#6187=CARTESIAN_POINT('',(0.0634570531238193,-0.0518099973640488,0.011096));
#6188=CARTESIAN_POINT('',(0.0634570531238193,-0.0507239601988597,0.011096));
#6189=CARTESIAN_POINT('',(0.0634570531238193,-0.0507239601988597,0.011096));
#6190=CARTESIAN_POINT('',(0.0634570531238193,-0.0518099973640488,0.011096));
#6191=CARTESIAN_POINT('',(0.0600052776582358,-0.0507239601988597,0.011096));
#6192=CARTESIAN_POINT('',(0.0565535021926522,-0.0507239601988597,0.011096));
#6193=CARTESIAN_POINT('',(0.0565535021926522,-0.0507239601988597,0.011096));
#6194=CARTESIAN_POINT('',(0.0600052776582358,-0.0507239601988597,0.011096));
#6195=CARTESIAN_POINT('',(0.0565535021926522,-0.0494278039550909,0.011096));
#6196=CARTESIAN_POINT('',(0.0565535021926522,-0.0481316477113221,0.011096));
#6197=CARTESIAN_POINT('',(0.0565535021926522,-0.0481316477113221,0.011096));
#6198=CARTESIAN_POINT('',(0.0565535021926522,-0.0494278039550909,0.011096));
#6199=CARTESIAN_POINT('',(0.0608470197501364,-0.0481316477113221,0.011096));
#6200=CARTESIAN_POINT('',(0.0651405373076206,-0.0481316477113221,0.011096));
#6201=CARTESIAN_POINT('',(0.0651405373076206,-0.0481316477113221,0.011096));
#6202=CARTESIAN_POINT('',(0.0608470197501364,-0.0481316477113221,0.011096));
#6203=CARTESIAN_POINT('',(0.0651405373076206,-0.0470544709892056,0.011096));
#6204=CARTESIAN_POINT('',(0.0651405373076206,-0.0459772942670891,0.011096));
#6205=CARTESIAN_POINT('',(0.0651405373076206,-0.0459772942670891,0.011096));
#6206=CARTESIAN_POINT('',(0.0651405373076206,-0.0470544709892056,0.011096));
#6207=CARTESIAN_POINT('',(0.0597698430280199,-0.0459772942670891,0.011096));
#6208=CARTESIAN_POINT('',(0.0597698430280199,-0.0459772942670891,0.011096));
#6209=CARTESIAN_POINT('',(0.,0.,0.011096));
#6210=CARTESIAN_POINT('',(0.0460399535981759,-0.0528555296466201,0.011096));
#6211=CARTESIAN_POINT('',(0.0460399535981759,-0.0539162512601731,0.011096));
#6212=CARTESIAN_POINT('',(0.0460399535981759,-0.0539162512601731,0.011096));
#6213=CARTESIAN_POINT('',(0.0460399535981759,-0.0528555296466201,0.011096));
#6214=CARTESIAN_POINT('',(0.0460399535981759,-0.0517948080330671,0.011096));
#6215=CARTESIAN_POINT('',(0.0460399535981759,-0.0517948080330671,0.011096));
#6216=CARTESIAN_POINT('',(0.0493524935297608,-0.0539162512601731,0.011096));
#6217=CARTESIAN_POINT('',(0.0526650334613458,-0.0539162512601731,0.011096));
#6218=CARTESIAN_POINT('',(0.0526650334613458,-0.0539162512601731,0.011096));
#6219=CARTESIAN_POINT('',(0.0493524935297608,-0.0539162512601731,0.011096));
#6220=CARTESIAN_POINT('',(0.0526650334613458,-0.0528555296466201,0.011096));
#6221=CARTESIAN_POINT('',(0.0526650334613458,-0.0517948080330671,0.011096));
#6222=CARTESIAN_POINT('',(0.0526650334613458,-0.0517948080330671,0.011096));
#6223=CARTESIAN_POINT('',(0.0526650334613458,-0.0528555296466201,0.011096));
#6224=CARTESIAN_POINT('',(0.0493524935297608,-0.0517948080330671,0.011096));
#6225=CARTESIAN_POINT('',(0.0493524935297608,-0.0517948080330671,0.011096));
#6226=CARTESIAN_POINT('',(0.,0.,0.011096));
#6227=CARTESIAN_POINT('',(0.037873156640367,-0.0528871740861653,0.011096));
#6228=CARTESIAN_POINT('',(0.037873156640367,-0.0576427004610085,0.011096));
#6229=CARTESIAN_POINT('',(0.037873156640367,-0.0576427004610085,0.011096));
#6230=CARTESIAN_POINT('',(0.037873156640367,-0.0528871740861653,0.011096));
#6231=CARTESIAN_POINT('',(0.037873156640367,-0.0481316477113221,0.011096));
#6232=CARTESIAN_POINT('',(0.037873156640367,-0.0481316477113221,0.011096));
#6233=CARTESIAN_POINT('',(0.0389503333624834,-0.0576427004610085,0.011096));
#6234=CARTESIAN_POINT('',(0.0400275100845999,-0.0576427004610085,0.011096));
#6235=CARTESIAN_POINT('',(0.0400275100845999,-0.0576427004610085,0.011096));
#6236=CARTESIAN_POINT('',(0.0389503333624834,-0.0576427004610085,0.011096));
#6237=CARTESIAN_POINT('',(0.0400275100845999,-0.0528871740861653,0.011096));
#6238=CARTESIAN_POINT('',(0.0400275100845999,-0.0481316477113221,0.011096));
#6239=CARTESIAN_POINT('',(0.0400275100845999,-0.0481316477113221,0.011096));
#6240=CARTESIAN_POINT('',(0.0400275100845999,-0.0528871740861653,0.011096));
#6241=CARTESIAN_POINT('',(0.0424008430504852,-0.0481316477113221,0.011096));
#6242=CARTESIAN_POINT('',(0.0447741760163704,-0.0481316477113221,0.011096));
#6243=CARTESIAN_POINT('',(0.0447741760163704,-0.0481316477113221,0.011096));
#6244=CARTESIAN_POINT('',(0.0424008430504852,-0.0481316477113221,0.011096));
#6245=CARTESIAN_POINT('',(0.0447741760163704,-0.0470544709892056,0.011096));
#6246=CARTESIAN_POINT('',(0.0447741760163704,-0.0459772942670891,0.011096));
#6247=CARTESIAN_POINT('',(0.0447741760163704,-0.0459772942670891,0.011096));
#6248=CARTESIAN_POINT('',(0.0447741760163704,-0.0470544709892056,0.011096));
#6249=CARTESIAN_POINT('',(0.0389414729194108,-0.0459772942670891,0.011096));
#6250=CARTESIAN_POINT('',(0.0331087698224511,-0.0459772942670891,0.011096));
#6251=CARTESIAN_POINT('',(0.0331087698224511,-0.0459772942670891,0.011096));
#6252=CARTESIAN_POINT('',(0.0389414729194108,-0.0459772942670891,0.011096));
#6253=CARTESIAN_POINT('',(0.0331087698224511,-0.0470544709892056,0.011096));
#6254=CARTESIAN_POINT('',(0.0331087698224511,-0.0481316477113221,0.011096));
#6255=CARTESIAN_POINT('',(0.0331087698224511,-0.0481316477113221,0.011096));
#6256=CARTESIAN_POINT('',(0.0331087698224511,-0.0470544709892056,0.011096));
#6257=CARTESIAN_POINT('',(0.035490963231409,-0.0481316477113221,0.011096));
#6258=CARTESIAN_POINT('',(0.035490963231409,-0.0481316477113221,0.011096));
#6259=CARTESIAN_POINT('',(0.,0.,0.011096));
#6260=CARTESIAN_POINT('',(0.0266938090378609,-0.0514859583031066,0.011096));
#6261=CARTESIAN_POINT('',(0.0266938090378609,-0.0514859583031066,0.009096));
#6262=CARTESIAN_POINT('',(0.0232103852143712,-0.0514858222077865,0.009096));
#6263=CARTESIAN_POINT('',(0.0301772292965434,-0.0514859234417795,0.009096));
#6264=CARTESIAN_POINT('',(0.0232103891327323,-0.0514859583031066,0.011096));
#6265=CARTESIAN_POINT('',(0.0232103852143712,-0.0514858222077865,0.011096));
#6266=CARTESIAN_POINT('',(0.0266938090378609,-0.0514859583031066,0.011096));
#6267=CARTESIAN_POINT('',(0.0301772292965434,-0.0514859234417795,0.01109599975));
#6268=CARTESIAN_POINT('',(0.0301772289429896,-0.0514859583031066,0.011096));
#6269=CARTESIAN_POINT('',(0.0232044398721091,-0.0512793243249679,0.011096));
#6270=CARTESIAN_POINT('',(0.0232044398721091,-0.0512793243249679,0.009096));
#6271=CARTESIAN_POINT('',(0.0230726964072968,-0.0514382713203369,0.009096));
#6272=CARTESIAN_POINT('',(0.0230726964072968,-0.0514382713203369,0.011096));
#6273=CARTESIAN_POINT('',(0.0230726964072968,-0.0514382713203369,0.011096));
#6274=CARTESIAN_POINT('',(0.0232044398721091,-0.0512793243249679,0.011096));
#6275=CARTESIAN_POINT('',(0.0231756299150661,-0.0513158657442777,0.011096));
#6276=CARTESIAN_POINT('',(0.0231756299150661,-0.0513158657442777,0.009096));
#6277=CARTESIAN_POINT('',(0.0230156571665162,-0.0513087582289892,0.009096));
#6278=CARTESIAN_POINT('',(0.0230154593851342,-0.0513087494416538,0.011096));
#6279=CARTESIAN_POINT('',(0.0230156571665162,-0.0513087582289892,0.01109599975));
#6280=CARTESIAN_POINT('',(0.0231756299150661,-0.0513158657442777,0.011096));
#6281=CARTESIAN_POINT('',(0.0230154593851342,-0.049817663450287,0.011096));
#6282=CARTESIAN_POINT('',(0.0230154593851342,-0.049817663450287,0.009096));
#6283=CARTESIAN_POINT('',(0.0230155190989101,-0.0483265763807893,0.009096));
#6284=CARTESIAN_POINT('',(0.0230154593851342,-0.0483265774589201,0.011096));
#6285=CARTESIAN_POINT('',(0.0230155190989101,-0.0483265763807893,0.011096));
#6286=CARTESIAN_POINT('',(0.0230154593851342,-0.049817663450287,0.011096));
#6287=CARTESIAN_POINT('',(0.0232029464385139,-0.0483231923845178,0.011096));
#6288=CARTESIAN_POINT('',(0.0232029464385139,-0.0483231923845178,0.009096));
#6289=CARTESIAN_POINT('',(0.023072479810354,-0.0481886690678705,0.009096));
#6290=CARTESIAN_POINT('',(0.0230724793518255,-0.0481886695406631,0.011096));
#6291=CARTESIAN_POINT('',(0.023072479810354,-0.0481886690678705,0.011096));
#6292=CARTESIAN_POINT('',(0.0232029464385139,-0.0483231923845178,0.011096));
#6293=CARTESIAN_POINT('',(0.023207004058331,-0.0483191347647046,0.011096));
#6294=CARTESIAN_POINT('',(0.023207004058331,-0.0483191347647046,0.009096));
#6295=CARTESIAN_POINT('',(0.0232103880546014,-0.0481317074250979,0.009096));
#6296=CARTESIAN_POINT('',(0.0232103891327323,-0.0481316477113221,0.011096));
#6297=CARTESIAN_POINT('',(0.0232103880546014,-0.0481317074250979,0.01109599975));
#6298=CARTESIAN_POINT('',(0.023207004058331,-0.0483191347647046,0.011096));
#6299=CARTESIAN_POINT('',(0.0266938090378609,-0.0481316477113221,0.011096));
#6300=CARTESIAN_POINT('',(0.0266938090378609,-0.0481316477113221,0.009096));
#6301=CARTESIAN_POINT('',(0.0301772289881974,-0.0481316036110407,0.009096));
#6302=CARTESIAN_POINT('',(0.0301772289429896,-0.0481316477113221,0.011096));
#6303=CARTESIAN_POINT('',(0.0301772289881974,-0.0481316036110407,0.011096));
#6304=CARTESIAN_POINT('',(0.0266938090378609,-0.0481316477113221,0.011096));
#6305=CARTESIAN_POINT('',(0.0301770097998968,-0.0483454222646462,0.011096));
#6306=CARTESIAN_POINT('',(0.0301770097998968,-0.0483454222646462,0.009096));
#6307=CARTESIAN_POINT('',(0.030322681494477,-0.0481887325441323,0.009096));
#6308=CARTESIAN_POINT('',(0.0303227933648973,-0.0481886077025033,0.011096));
#6309=CARTESIAN_POINT('',(0.030322681494477,-0.0481887325441323,0.011096));
#6310=CARTESIAN_POINT('',(0.0301770097998968,-0.0483454222646462,0.011096));
#6311=CARTESIAN_POINT('',(0.0302104181303009,-0.0483257963322627,0.011096));
#6312=CARTESIAN_POINT('',(0.0302104181303009,-0.0483257963322627,0.009096));
#6313=CARTESIAN_POINT('',(0.0303873840758302,-0.0483265776180958,0.009096));
#6314=CARTESIAN_POINT('',(0.0303873480215693,-0.0483265774589201,0.011096));
#6315=CARTESIAN_POINT('',(0.0303873840758302,-0.0483265776180958,0.01109599975));
#6316=CARTESIAN_POINT('',(0.0302104181303009,-0.0483257963322627,0.011096));
#6317=CARTESIAN_POINT('',(0.0303873480215693,-0.049817663450287,0.011096));
#6318=CARTESIAN_POINT('',(0.0303873480215693,-0.049817663450287,0.009096));
#6319=CARTESIAN_POINT('',(0.0303872502251779,-0.0513087523777873,0.009096));
#6320=CARTESIAN_POINT('',(0.0303873480215693,-0.0513087494416538,0.011096));
#6321=CARTESIAN_POINT('',(0.0303872502251779,-0.0513087523777873,0.011096));
#6322=CARTESIAN_POINT('',(0.0303873480215693,-0.049817663450287,0.011096));
#6323=CARTESIAN_POINT('',(0.0302350016932851,-0.0513133233237126,0.011096));
#6324=CARTESIAN_POINT('',(0.0302350016932851,-0.0513133233237126,0.009096));
#6325=CARTESIAN_POINT('',(0.030322750448044,-0.0514377970723601,0.009096));
#6326=CARTESIAN_POINT('',(0.0303227933648973,-0.051437858754998,0.011096));
#6327=CARTESIAN_POINT('',(0.030322750448044,-0.0514377970723601,0.011096));
#6328=CARTESIAN_POINT('',(0.0302350016932851,-0.0513133233237126,0.011096));
#6329=CARTESIAN_POINT('',(0.0208762952718829,-0.0518175920295396,0.011096));
#6330=CARTESIAN_POINT('',(0.0208762952718829,-0.0576427004610085,0.011096));
#6331=CARTESIAN_POINT('',(0.0208762952718829,-0.0576427004610085,0.011096));
#6332=CARTESIAN_POINT('',(0.0208762952718829,-0.0518175920295396,0.011096));
#6333=CARTESIAN_POINT('',(0.0208762952718829,-0.0459924835980708,0.011096));
#6334=CARTESIAN_POINT('',(0.0208762952718829,-0.0459924835980708,0.011096));
#6335=CARTESIAN_POINT('',(0.0219458773285085,-0.0576427004610085,0.011096));
#6336=CARTESIAN_POINT('',(0.0230154593851342,-0.0576427004610085,0.011096));
#6337=CARTESIAN_POINT('',(0.0230154593851342,-0.0576427004610085,0.011096));
#6338=CARTESIAN_POINT('',(0.0219458773285085,-0.0576427004610085,0.011096));
#6339=CARTESIAN_POINT('',(0.0230154593851342,-0.0556503665472466,0.011096));
#6340=CARTESIAN_POINT('',(0.0230154593851342,-0.0536580326334848,0.011096));
#6341=CARTESIAN_POINT('',(0.0230154593851342,-0.0536580326334848,0.011096));
#6342=CARTESIAN_POINT('',(0.0230154593851342,-0.0556503665472466,0.011096));
#6343=CARTESIAN_POINT('',(0.0266444437121705,-0.0536491721904122,0.011096));
#6344=CARTESIAN_POINT('',(0.0302734280392069,-0.0536403117473395,0.011096));
#6345=CARTESIAN_POINT('',(0.0302734313441826,-0.0536399750390816,0.011096));
#6346=CARTESIAN_POINT('',(0.0266444437121705,-0.0536491721904122,0.011096));
#6347=CARTESIAN_POINT('',(0.0302952452074488,-0.0514175962567083,0.011096));
#6348=CARTESIAN_POINT('',(0.0314088305300863,-0.0533403224604516,0.011096));
#6349=CARTESIAN_POINT('',(0.0314088574442159,-0.0533403681808275,0.011096));
#6350=CARTESIAN_POINT('',(0.0302952452074488,-0.0514175962567083,0.011096));
#6351=CARTESIAN_POINT('',(0.0302794573239685,-0.0513756158581711,0.011096));
#6352=CARTESIAN_POINT('',(0.0322341175134235,-0.0525226301426053,0.011096));
#6353=CARTESIAN_POINT('',(0.0322340204873643,-0.0525225740885668,0.011096));
#6354=CARTESIAN_POINT('',(0.0302794573239685,-0.0513756158581711,0.011096));
#6355=CARTESIAN_POINT('',(0.0303661603635322,-0.0514084557736319,0.011096));
#6356=CARTESIAN_POINT('',(0.0325417014658023,-0.0513897592068894,0.011096));
#6357=CARTESIAN_POINT('',(0.0325414269800397,-0.0513897615658158,0.01109599975));
#6358=CARTESIAN_POINT('',(0.0303661603635322,-0.0514084557736319,0.011096));
#6359=CARTESIAN_POINT('',(0.0325417014658023,-0.049817663450287,0.011096));
#6360=CARTESIAN_POINT('',(0.0325417014658023,-0.0482455676936846,0.011096));
#6361=CARTESIAN_POINT('',(0.0325413437785707,-0.048245563918357,0.011096));
#6362=CARTESIAN_POINT('',(0.0325417014658023,-0.049817663450287,0.011096));
#6363=CARTESIAN_POINT('',(0.0304055123817308,-0.0482230205828376,0.011096));
#6364=CARTESIAN_POINT('',(0.0322341175134235,-0.0471202914234595,0.011096));
#6365=CARTESIAN_POINT('',(0.0322342007020782,-0.0471202410753533,0.011096));
#6366=CARTESIAN_POINT('',(0.0304055123817308,-0.0482230205828376,0.011096));
#6367=CARTESIAN_POINT('',(0.0302122217533269,-0.0483333896903274,0.011096));
#6368=CARTESIAN_POINT('',(0.0314088305300863,-0.0463013333280314,0.011096));
#6369=CARTESIAN_POINT('',(0.0314087740943308,-0.0463014310781892,0.011096));
#6370=CARTESIAN_POINT('',(0.0302122217533269,-0.0483333896903274,0.011096));
#6371=CARTESIAN_POINT('',(0.030293286990853,-0.0481658840633088,0.011096));
#6372=CARTESIAN_POINT('',(0.0302734280392069,-0.0459924835980708,0.011096));
#6373=CARTESIAN_POINT('',(0.0302734307694393,-0.0459927823997641,0.01109599975));
#6374=CARTESIAN_POINT('',(0.030293286990853,-0.0481658840633088,0.011096));
#6375=CARTESIAN_POINT('',(0.0255748616555449,-0.0459924835980708,0.011096));
#6376=CARTESIAN_POINT('',(0.0255748616555449,-0.0459924835980708,0.011096));
#6377=CARTESIAN_POINT('',(0.030179634318846,-0.0512487819597272,0.011096));
#6378=CARTESIAN_POINT('',(0.030179634318846,-0.0512487819597272,0.009096));
#6379=CARTESIAN_POINT('',(0.030179634318846,-0.0512487819597272,0.011096));
#6380=CARTESIAN_POINT('',(0.,0.,0.011096));
#6381=CARTESIAN_POINT('',(-2.77555756156289E-17,-0.005459,0.009096));
#6382=CARTESIAN_POINT('',(0.00965921122754834,-0.0555065113769374,0.011096));
#6383=CARTESIAN_POINT('',(0.00968175833839527,-0.0576427004610085,0.011096));
#6384=CARTESIAN_POINT('',(0.00968175456306765,-0.0576423427737769,0.01109599975));
#6385=CARTESIAN_POINT('',(0.00965921122754834,-0.0555065113769374,0.011096));
#6386=CARTESIAN_POINT('',(0.00855646549981734,-0.0573351426162249,0.01109599975));
#6387=CARTESIAN_POINT('',(0.0085564820681702,-0.0573351165086297,0.011096));
#6388=CARTESIAN_POINT('',(0.0132537826742503,-0.0576427004610085,0.011096));
#6389=CARTESIAN_POINT('',(0.0168258070101054,-0.0576427004610085,0.011096));
#6390=CARTESIAN_POINT('',(0.0168258098227539,-0.0576423960168549,0.011096));
#6391=CARTESIAN_POINT('',(0.0132537826742503,-0.0576427004610085,0.011096));
#6392=CARTESIAN_POINT('',(0.0168459494945039,-0.0554624559024368,0.011096));
#6393=CARTESIAN_POINT('',(0.0179612095009849,-0.0573351165086297,0.011096));
#6394=CARTESIAN_POINT('',(0.017961160085313,-0.057335031011421,0.011096));
#6395=CARTESIAN_POINT('',(0.0168459494945039,-0.0554624559024368,0.011096));
#6396=CARTESIAN_POINT('',(0.016773407930058,-0.0553101512048963,0.011096));
#6397=CARTESIAN_POINT('',(0.0187864964843221,-0.0565174241907834,0.011096));
#6398=CARTESIAN_POINT('',(0.0187865993713187,-0.0565174862045312,0.011096));
#6399=CARTESIAN_POINT('',(0.016773407930058,-0.0553101512048963,0.011096));
#6400=CARTESIAN_POINT('',(0.0169531895052915,-0.0554135938941526,0.011096));
#6401=CARTESIAN_POINT('',(0.0190940804367009,-0.0553896163653947,0.011096));
#6402=CARTESIAN_POINT('',(0.0190936925509085,-0.0553896207096341,0.01109599975));
#6403=CARTESIAN_POINT('',(0.0169531895052915,-0.0554135938941526,0.011096));
#6404=CARTESIAN_POINT('',(0.0190940804367009,-0.0532112131471075,0.011096));
#6405=CARTESIAN_POINT('',(0.0190940804367009,-0.0510328099288202,0.011096));
#6406=CARTESIAN_POINT('',(0.0190940804367009,-0.0510328099288202,0.011096));
#6407=CARTESIAN_POINT('',(0.0190940804367009,-0.0532112131471075,0.011096));
#6408=CARTESIAN_POINT('',(0.0166966976967613,-0.0510328099288202,0.011096));
#6409=CARTESIAN_POINT('',(0.0142993149568217,-0.0510328099288202,0.011096));
#6410=CARTESIAN_POINT('',(0.0142993149568217,-0.0510328099288202,0.011096));
#6411=CARTESIAN_POINT('',(0.0166966976967613,-0.0510328099288202,0.011096));
#6412=CARTESIAN_POINT('',(0.0142993149568217,-0.0521099866509367,0.011096));
#6413=CARTESIAN_POINT('',(0.0142993149568217,-0.0531871633730532,0.011096));
#6414=CARTESIAN_POINT('',(0.0142993149568217,-0.0531871633730532,0.011096));
#6415=CARTESIAN_POINT('',(0.0142993149568217,-0.0521099866509367,0.011096));
#6416=CARTESIAN_POINT('',(0.0156195209746448,-0.0531871633730532,0.011096));
#6417=CARTESIAN_POINT('',(0.0169397269924679,-0.0531871633730532,0.011096));
#6418=CARTESIAN_POINT('',(0.0169397269924679,-0.0531871633730532,0.011096));
#6419=CARTESIAN_POINT('',(0.0156195209746448,-0.0531871633730532,0.011096));
#6420=CARTESIAN_POINT('',(0.0169397269924679,-0.0542402903211153,0.011096));
#6421=CARTESIAN_POINT('',(0.0169397269924679,-0.0552934172691775,0.011096));
#6422=CARTESIAN_POINT('',(0.0169397630467285,-0.0552934171100018,0.011096));
#6423=CARTESIAN_POINT('',(0.0169397269924679,-0.0542402903211153,0.011096));
#6424=CARTESIAN_POINT('',(0.0167627971012253,-0.0552941983958443,0.011096));
#6425=CARTESIAN_POINT('',(0.0168751723357958,-0.0554313870255943,0.011096));
#6426=CARTESIAN_POINT('',(0.0168750665675855,-0.0554312572339129,0.011096));
#6427=CARTESIAN_POINT('',(0.0167627971012253,-0.0552941983958443,0.011096));
#6428=CARTESIAN_POINT('',(0.0167293887707925,-0.0552745724634416,0.011096));
#6429=CARTESIAN_POINT('',(0.0167296079138882,-0.0554883470167755,0.011096));
#6430=CARTESIAN_POINT('',(0.016729607959096,-0.055488391117057,0.01109599975));
#6431=CARTESIAN_POINT('',(0.0167293887707925,-0.0552745724634416,0.011096));
#6432=CARTESIAN_POINT('',(0.0132461880087595,-0.0554883470167755,0.011096));
#6433=CARTESIAN_POINT('',(0.00976276810363082,-0.0554883470167755,0.011096));
#6434=CARTESIAN_POINT('',(0.00976276702549998,-0.0554882873029997,0.011096));
#6435=CARTESIAN_POINT('',(0.0132461880087595,-0.0554883470167755,0.011096));
#6436=CARTESIAN_POINT('',(0.00975938302922962,-0.055300859963393,0.011096));
#6437=CARTESIAN_POINT('',(0.00962486018537378,-0.0554313270500843,0.011096));
#6438=CARTESIAN_POINT('',(0.00962485971257925,-0.0554313265915538,0.011096));
#6439=CARTESIAN_POINT('',(0.00975938302922962,-0.055300859963393,0.011096));
#6440=CARTESIAN_POINT('',(0.00975532540941526,-0.0552968023435786,0.011096));
#6441=CARTESIAN_POINT('',(0.00956783835603278,-0.0552934172691775,0.011096));
#6442=CARTESIAN_POINT('',(0.0095678980698086,-0.0552934183473083,0.01109599975));
#6443=CARTESIAN_POINT('',(0.00975532540941526,-0.0552968023435786,0.011096));
#6444=CARTESIAN_POINT('',(0.00956783835603278,-0.0518099973640488,0.011096));
#6445=CARTESIAN_POINT('',(0.00956783835603278,-0.0483265774589201,0.011096));
#6446=CARTESIAN_POINT('',(0.0095678980698087,-0.0483265763807893,0.011096));
#6447=CARTESIAN_POINT('',(0.00956783835603278,-0.0518099973640488,0.011096));
#6448=CARTESIAN_POINT('',(0.00975532540941222,-0.0483231923845176,0.011096));
#6449=CARTESIAN_POINT('',(0.00962485832272404,-0.048188669540663,0.011096));
#6450=CARTESIAN_POINT('',(0.00962485878125263,-0.0481886690678705,0.011096));
#6451=CARTESIAN_POINT('',(0.00975532540941222,-0.0483231923845176,0.011096));
#6452=CARTESIAN_POINT('',(0.00975938302922961,-0.0483191347647045,0.011096));
#6453=CARTESIAN_POINT('',(0.00976276810363082,-0.0481316477113221,0.011096));
#6454=CARTESIAN_POINT('',(0.00976276702549998,-0.0481317074250979,0.01109599975));
#6455=CARTESIAN_POINT('',(0.00975938302922961,-0.0483191347647045,0.011096));
#6456=CARTESIAN_POINT('',(0.0132461880087595,-0.0481316477113221,0.011096));
#6457=CARTESIAN_POINT('',(0.0167296079138882,-0.0481316477113221,0.011096));
#6458=CARTESIAN_POINT('',(0.016729607959096,-0.0481316036110406,0.011096));
#6459=CARTESIAN_POINT('',(0.0132461880087595,-0.0481316477113221,0.011096));
#6460=CARTESIAN_POINT('',(0.0167293887707925,-0.048345422264656,0.011096));
#6461=CARTESIAN_POINT('',(0.0168751723357958,-0.0481886077025033,0.011096));
#6462=CARTESIAN_POINT('',(0.0168750604653755,-0.0481887325441324,0.011096));
#6463=CARTESIAN_POINT('',(0.0167293887707925,-0.048345422264656,0.011096));
#6464=CARTESIAN_POINT('',(0.0167627971011996,-0.0483257963322628,0.011096));
#6465=CARTESIAN_POINT('',(0.0169397269924679,-0.0483265774589201,0.011096));
#6466=CARTESIAN_POINT('',(0.0169397630467288,-0.0483265776180958,0.01109599975));
#6467=CARTESIAN_POINT('',(0.0167627971011996,-0.0483257963322628,0.011096));
#6468=CARTESIAN_POINT('',(0.0169397269924679,-0.0487316262850979,0.011096));
#6469=CARTESIAN_POINT('',(0.0169397269924679,-0.0491366751112756,0.011096));
#6470=CARTESIAN_POINT('',(0.0169397269924679,-0.0491366751112756,0.011096));
#6471=CARTESIAN_POINT('',(0.0169397269924679,-0.0487316262850979,0.011096));
#6472=CARTESIAN_POINT('',(0.0180169037145844,-0.0491366751112756,0.011096));
#6473=CARTESIAN_POINT('',(0.0190940804367009,-0.0491366751112756,0.011096));
#6474=CARTESIAN_POINT('',(0.0190940804367009,-0.0491366751112756,0.011096));
#6475=CARTESIAN_POINT('',(0.0180169037145844,-0.0491366751112756,0.011096));
#6476=CARTESIAN_POINT('',(0.0190940804367009,-0.0486835267369893,0.011096));
#6477=CARTESIAN_POINT('',(0.0190940804367009,-0.0482303783627029,0.011096));
#6478=CARTESIAN_POINT('',(0.0190936925509086,-0.0482303740184635,0.011096));
#6479=CARTESIAN_POINT('',(0.0190940804367009,-0.0486835267369893,0.011096));
#6480=CARTESIAN_POINT('',(0.0169531895052855,-0.0482064008339468,0.011096));
#6481=CARTESIAN_POINT('',(0.0187864964843221,-0.0471025705373142,0.011096));
#6482=CARTESIAN_POINT('',(0.0187865993172002,-0.0471025084332616,0.011096));
#6483=CARTESIAN_POINT('',(0.0169531895052855,-0.0482064008339468,0.011096));
#6484=CARTESIAN_POINT('',(0.0167734079300575,-0.0483098435232018,0.011096));
#6485=CARTESIAN_POINT('',(0.0179612095009849,-0.0462848782194679,0.011096));
#6486=CARTESIAN_POINT('',(0.0179611603667122,-0.0462849638858989,0.011096));
#6487=CARTESIAN_POINT('',(0.0167734079300575,-0.0483098435232018,0.011096));
#6488=CARTESIAN_POINT('',(0.0168459494945039,-0.0481575388256607,0.011096));
#6489=CARTESIAN_POINT('',(0.0168258070101054,-0.0459772942670891,0.011096));
#6490=CARTESIAN_POINT('',(0.0168258098227539,-0.0459775987112427,0.01109599975));
#6491=CARTESIAN_POINT('',(0.0168459494945039,-0.0481575388256607,0.011096));
#6492=CARTESIAN_POINT('',(0.0132537826742503,-0.0459772942670891,0.011096));
#6493=CARTESIAN_POINT('',(0.00968175833839527,-0.0459772942670891,0.011096));
#6494=CARTESIAN_POINT('',(0.00968175456306765,-0.0459776519543207,0.011096));
#6495=CARTESIAN_POINT('',(0.0132537826742503,-0.0459772942670891,0.011096));
#6496=CARTESIAN_POINT('',(0.00965921122754834,-0.0481134833511602,0.011096));
#6497=CARTESIAN_POINT('',(0.0085564820681702,-0.0462848782194679,0.011096));
#6498=CARTESIAN_POINT('',(0.00855646567578084,-0.046284852006644,0.011096));
#6499=CARTESIAN_POINT('',(0.00965921122754834,-0.0481134833511602,0.011096));
#6500=CARTESIAN_POINT('',(0.00977749740011948,-0.0483266618504961,0.011096));
#6501=CARTESIAN_POINT('',(0.00773752397274206,-0.0471025705373142,0.011096));
#6502=CARTESIAN_POINT('',(0.00773749067303178,-0.0471025498119977,0.011096));
#6503=CARTESIAN_POINT('',(0.00977749740011948,-0.0483266618504961,0.011096));
#6504=CARTESIAN_POINT('',(0.00956287171058525,-0.0482066833608223,0.011096));
#6505=CARTESIAN_POINT('',(0.00742867424278152,-0.0482303783627029,0.011096));
#6506=CARTESIAN_POINT('',(0.00742905666840819,-0.048230374116809,0.01109599975));
#6507=CARTESIAN_POINT('',(0.00956287171058525,-0.0482066833608223,0.011096));
#6508=CARTESIAN_POINT('',(0.00742867424278152,-0.0518099973640488,0.011096));
#6509=CARTESIAN_POINT('',(0.00742867424278152,-0.0553896163653947,0.011096));
#6510=CARTESIAN_POINT('',(0.00742905666840819,-0.0553896206112886,0.011096));
#6511=CARTESIAN_POINT('',(0.00742867424278152,-0.0518099973640488,0.011096));
#6512=CARTESIAN_POINT('',(0.00956287171058527,-0.0554133113672753,0.011096));
#6513=CARTESIAN_POINT('',(0.00773752397274206,-0.0565174241907834,0.011096));
#6514=CARTESIAN_POINT('',(0.00773749070820764,-0.0565174449758656,0.011096));
#6515=CARTESIAN_POINT('',(0.00956287171058527,-0.0554133113672753,0.011096));
#6516=CARTESIAN_POINT('',(0.00977749740011948,-0.0552933328776015,0.011096));
#6517=CARTESIAN_POINT('',(0.00977749740011948,-0.0552933328776015,0.011096));
#6518=CARTESIAN_POINT('',(0.,0.,0.011096));
#6519=MECHANICAL_DESIGN_GEOMETRIC_PRESENTATION_REPRESENTATION('',(#3730),
#6520);
#6520=(
GEOMETRIC_REPRESENTATION_CONTEXT(3)
GLOBAL_UNCERTAINTY_ASSIGNED_CONTEXT((#6521))
GLOBAL_UNIT_ASSIGNED_CONTEXT((#6524,#6523,#6522))
REPRESENTATION_CONTEXT('Part 1','TOP_LEVEL_ASSEMBLY_PART')
);
#6521=UNCERTAINTY_MEASURE_WITH_UNIT(LENGTH_MEASURE(2.E-5),#6524,
'DISTANCE_ACCURACY_VALUE','Maximum Tolerance applied to model');
#6522=(
NAMED_UNIT(*)
SI_UNIT($,.STERADIAN.)
SOLID_ANGLE_UNIT()
);
#6523=(
NAMED_UNIT(*)
PLANE_ANGLE_UNIT()
SI_UNIT($,.RADIAN.)
);
#6524=(
LENGTH_UNIT()
NAMED_UNIT(*)
SI_UNIT($,.METRE.)
);
#6525=PRODUCT_DEFINITION_SHAPE('','',#6526);
#6526=PRODUCT_DEFINITION('','',#6528,#6527);
#6527=PRODUCT_DEFINITION_CONTEXT('',#6534,'design');
#6528=PRODUCT_DEFINITION_FORMATION_WITH_SPECIFIED_SOURCE('','',#6530,
 .NOT_KNOWN.);
#6529=PRODUCT_RELATED_PRODUCT_CATEGORY('','',(#6530));
#6530=PRODUCT('Part 1','Part 1','Part 1',(#6532));
#6531=PRODUCT_CATEGORY('','');
#6532=PRODUCT_CONTEXT('',#6534,'mechanical');
#6533=APPLICATION_PROTOCOL_DEFINITION('international standard',
'ap242_managed_model_based_3d_engineering',2020,#6534);
#6534=APPLICATION_CONTEXT('managed model based 3d engineering');
ENDSEC;
END-ISO-10303-21;
