ISO-10303-21;
HEADER;
/*Generated by software containing ST-Developer
 * from STEP Tools, Inc. (www.steptools.com) 
 */
/*OPTION: using custom renumber hook */
/*description */
/*implementation_level */
FILE_DESCRIPTION(('STEP AP242 Edition 2','STEP AP242 Edition 2''CAx-IF Rec.Pracs.---Representation and Presentation of Product Manufa
cturing Information (PMI)---4.0---2014-10-13','STEP AP242 Edition 2''CAx-IF Rec.Pracs.---Representation and Presentation of Product Manufa
cturing Information (PMI)---4.0---2014-10-13''CAx-IF Rec.Pracs.---3D Tessellated Geometry---0.4---2014-09-14','STEP AP242 Edition 2''CAx-IF Rec.Pracs.---Representation and Presentation of Product Manufa
cturing Information (PMI)---4.0---2014-10-13''CAx-IF Rec.Pracs.---3D Tessellated Geometry---0.4---2014-09-14''2;1','STEP AP242 Edition 2''CAx-IF Rec.Pracs.---Representation and Presentation of Product Manufa
cturing Information (PMI)---4.0---2014-10-13''CAx-IF Rec.Pracs.---3D Tessellated Geometry---0.4---2014-09-14''2;1''CAx-IF Rec.Pracs.---User Defined Attributes---1.5---2016-08-15'),'2;1');
/*name */
/*time_stamp */
/*author */
/*organization */
/*preprocessor_version */
/*originating_system */
/*authorisation */
FILE_NAME('/vol/tmp/translate-10753573739184697836/Wheels axis.step','2026-04-23T21:16:59',(''),(''),'ST-DEVELOPER v20','ONSHAPE BY PTC INC, 1.213','  ');
FILE_SCHEMA(('AP242_MANAGED_MODEL_BASED_3D_ENGINEERING_MIM_LF { 1 0 10303 442 3 1 4 }'));
ENDSEC;
DATA;
#10=SHAPE_REPRESENTATION_RELATIONSHIP('','',#4902,#12);
#11=SHAPE_REPRESENTATION_RELATIONSHIP('','',#4903,#13);
#12=ADVANCED_BREP_SHAPE_REPRESENTATION('',(#4898),#7925);
#13=ADVANCED_BREP_SHAPE_REPRESENTATION('',(#4899),#7926);
#14=VERTEX_LOOP('',#2388);
#15=VERTEX_LOOP('',#2390);
#16=VERTEX_LOOP('',#2392);
#17=VERTEX_LOOP('',#2394);
#18=VERTEX_LOOP('',#2618);
#19=VERTEX_LOOP('',#2620);
#20=VERTEX_LOOP('',#2622);
#21=VERTEX_LOOP('',#2624);
#22=CONICAL_SURFACE('',#5019,0.0016,1.02974425867665);
#23=CONICAL_SURFACE('',#5022,0.0016,1.02974425867665);
#24=CONICAL_SURFACE('',#5025,0.0016,1.02974425867665);
#25=CONICAL_SURFACE('',#5028,0.0016,1.02974425867665);
#26=CONICAL_SURFACE('',#5187,0.0016,1.02974425867665);
#27=CONICAL_SURFACE('',#5190,0.0016,1.02974425867665);
#28=CONICAL_SURFACE('',#5193,0.0016,1.02974425867665);
#29=CONICAL_SURFACE('',#5196,0.0016,1.02974425867665);
#30=B_SPLINE_SURFACE_WITH_KNOTS('',3,1,((#6918,#6919),(#6920,#6921),(#6922,
#6923),(#6924,#6925)),.SURF_OF_LINEAR_EXTRUSION.,.F.,.F.,.F.,(4,4),(2,2),(-0.00600003799559437,1.),(0.,1.),.PIECEWISE_BEZIER_KNOTS.);
#31=B_SPLINE_SURFACE_WITH_KNOTS('',3,1,((#6949,#6950),(#6951,#6952),(#6953,
#6954),(#6955,#6956)),.SURF_OF_LINEAR_EXTRUSION.,.F.,.F.,.F.,(4,4),(2,2),(-1.02035495875365E-14,1.),(0.,1.),.PIECEWISE_BEZIER_KNOTS.);
#32=B_SPLINE_SURFACE_WITH_KNOTS('',3,1,((#7669,#7670),(#7671,#7672),(#7673,
#7674),(#7675,#7676)),.SURF_OF_LINEAR_EXTRUSION.,.F.,.F.,.F.,(4,4),(2,2),(-0.00600003799559511,1.),(0.,1.),.PIECEWISE_BEZIER_KNOTS.);
#33=B_SPLINE_SURFACE_WITH_KNOTS('',3,1,((#7700,#7701),(#7702,#7703),(#7704,
#7705),(#7706,#7707)),.SURF_OF_LINEAR_EXTRUSION.,.F.,.F.,.F.,(4,4),(2,2),(-1.05509504700709E-14,1.00000000003109),(0.,1.),.PIECEWISE_BEZIER_KNOTS.);
#34=ELLIPSE('',#4967,0.00184752086140681,0.0016);
#35=ELLIPSE('',#4971,0.0250638199551797,0.0192);
#36=ELLIPSE('',#5045,0.00184752086140681,0.0016);
#37=ELLIPSE('',#5047,0.00226274169979695,0.0016);
#38=ELLIPSE('',#5049,0.00184752086140681,0.0016);
#39=ELLIPSE('',#5050,0.00184752086140681,0.0016);
#40=ELLIPSE('',#5126,0.0018475208614068,0.0016);
#41=ELLIPSE('',#5128,0.00184752086140681,0.0016);
#42=ELLIPSE('',#5140,0.0250638199551797,0.0192);
#43=CYLINDRICAL_SURFACE('',#4935,0.00284);
#44=CYLINDRICAL_SURFACE('',#4966,0.0016);
#45=CYLINDRICAL_SURFACE('',#4970,0.0192);
#46=CYLINDRICAL_SURFACE('',#4973,0.0021);
#47=CYLINDRICAL_SURFACE('',#4977,0.0021);
#48=CYLINDRICAL_SURFACE('',#5021,0.0016);
#49=CYLINDRICAL_SURFACE('',#5024,0.0016);
#50=CYLINDRICAL_SURFACE('',#5027,0.0016);
#51=CYLINDRICAL_SURFACE('',#5030,0.0016);
#52=CYLINDRICAL_SURFACE('',#5041,0.004);
#53=CYLINDRICAL_SURFACE('',#5044,0.0016);
#54=CYLINDRICAL_SURFACE('',#5048,0.0016);
#55=CYLINDRICAL_SURFACE('',#5051,0.0016);
#56=CYLINDRICAL_SURFACE('',#5052,0.0016);
#57=CYLINDRICAL_SURFACE('',#5053,0.0016);
#58=CYLINDRICAL_SURFACE('',#5054,0.0016);
#59=CYLINDRICAL_SURFACE('',#5085,0.00284);
#60=CYLINDRICAL_SURFACE('',#5120,0.0016);
#61=CYLINDRICAL_SURFACE('',#5122,0.0016);
#62=CYLINDRICAL_SURFACE('',#5124,0.0016);
#63=CYLINDRICAL_SURFACE('',#5127,0.0016);
#64=CYLINDRICAL_SURFACE('',#5130,0.0016);
#65=CYLINDRICAL_SURFACE('',#5132,0.0016);
#66=CYLINDRICAL_SURFACE('',#5138,0.0192);
#67=CYLINDRICAL_SURFACE('',#5141,0.0021);
#68=CYLINDRICAL_SURFACE('',#5145,0.0021);
#69=CYLINDRICAL_SURFACE('',#5189,0.0016);
#70=CYLINDRICAL_SURFACE('',#5192,0.0016);
#71=CYLINDRICAL_SURFACE('',#5195,0.0016);
#72=CYLINDRICAL_SURFACE('',#5198,0.0016);
#73=CYLINDRICAL_SURFACE('',#5209,0.004);
#74=B_SPLINE_CURVE_WITH_KNOTS('',3,(#6519,#6520,#6521,#6522),.UNSPECIFIED.,.F.,.F.,(4,4),(0.,0.380391202238639),.UNSPECIFIED.);
#75=B_SPLINE_CURVE_WITH_KNOTS('',3,(#6627,#6628,#6629,#6630),.UNSPECIFIED.,.F.,.F.,(4,4),(0.918244809443267,0.95134380112618),.UNSPECIFIED.);
#76=B_SPLINE_CURVE_WITH_KNOTS('',3,(#6633,#6634,#6635,#6636),.UNSPECIFIED.,.F.,.F.,(4,4),(0.,0.99999987499999),.UNSPECIFIED.);
#77=B_SPLINE_CURVE_WITH_KNOTS('',3,(#6639,#6640,#6641,#6642),.UNSPECIFIED.,.F.,.F.,(4,4),(0.,1.),.UNSPECIFIED.);
#78=B_SPLINE_CURVE_WITH_KNOTS('',3,(#6670,#6671,#6672,#6673),.UNSPECIFIED.,.F.,.F.,(4,4),(0.,1.),.UNSPECIFIED.);
#79=B_SPLINE_CURVE_WITH_KNOTS('',3,(#6720,#6721,#6722,#6723),.UNSPECIFIED.,.F.,.F.,(4,4),(6.65439976309987E-08,1.),.UNSPECIFIED.);
#80=B_SPLINE_CURVE_WITH_KNOTS('',3,(#6725,#6726,#6727,#6728),.UNSPECIFIED.,.F.,.F.,(4,4),(0.,0.999999979092491),.UNSPECIFIED.);
#81=B_SPLINE_CURVE_WITH_KNOTS('',3,(#6810,#6811,#6812,#6813),.UNSPECIFIED.,.F.,.F.,(4,4),(0.,1.),.UNSPECIFIED.);
#82=B_SPLINE_CURVE_WITH_KNOTS('',3,(#6824,#6825,#6826,#6827),.UNSPECIFIED.,.F.,.F.,(4,4),(0.,1.),.UNSPECIFIED.);
#83=B_SPLINE_CURVE_WITH_KNOTS('',3,(#6831,#6832,#6833,#6834),.UNSPECIFIED.,.F.,.F.,(4,4),(-5.04457586814056E-15,1.),.UNSPECIFIED.);
#84=B_SPLINE_CURVE_WITH_KNOTS('',3,(#6875,#6876,#6877,#6878,#6879,#6880),.UNSPECIFIED.,.F.,.F.,(4,1,1,4),(0.,0.00458539633077954,0.00687809449616931,0.00917079266155908),.UNSPECIFIED.);
#85=B_SPLINE_CURVE_WITH_KNOTS('',3,(#6882,#6883,#6884,#6885),.UNSPECIFIED.,.F.,.F.,(4,4),(0.,0.999999991113136),.UNSPECIFIED.);
#86=B_SPLINE_CURVE_WITH_KNOTS('',3,(#6914,#6915,#6916,#6917),.UNSPECIFIED.,.F.,.F.,(4,4),(6.97252845278669E-09,0.999999993027472),.UNSPECIFIED.);
#87=B_SPLINE_CURVE_WITH_KNOTS('',3,(#6926,#6927,#6928,#6929,#6930,#6931,#6932),.UNSPECIFIED.,.F.,.F.,(4,1,1,1,4),(9.24428635197971E-08,0.00359852670059216,0.0071969609583208,0.0107953952160494,0.0143938294737781),.UNSPECIFIED.);
#88=B_SPLINE_CURVE_WITH_KNOTS('',3,(#6933,#6934,#6935,#6936),.UNSPECIFIED.,.F.,.F.,(4,4),(0.,1.),.UNSPECIFIED.);
#89=B_SPLINE_CURVE_WITH_KNOTS('',3,(#6962,#6963,#6964,#6965),.UNSPECIFIED.,.F.,.F.,(4,4),(0.,1.),.UNSPECIFIED.);
#90=B_SPLINE_CURVE_WITH_KNOTS('',3,(#6967,#6968,#6969,#6970),.UNSPECIFIED.,.F.,.F.,(4,4),(0.102648319156302,0.533565998884264),.UNSPECIFIED.);
#91=B_SPLINE_CURVE_WITH_KNOTS('',3,(#7387,#7388,#7389,#7390),.UNSPECIFIED.,.F.,.F.,(4,4),(0.,1.),.UNSPECIFIED.);
#92=B_SPLINE_CURVE_WITH_KNOTS('',3,(#7434,#7435,#7436,#7437),.UNSPECIFIED.,.F.,.F.,(4,4),(0.,0.999999979092491),.UNSPECIFIED.);
#93=B_SPLINE_CURVE_WITH_KNOTS('',3,(#7439,#7440,#7441,#7442),.UNSPECIFIED.,.F.,.F.,(4,4),(6.65439976309987E-08,1.),.UNSPECIFIED.);
#94=B_SPLINE_CURVE_WITH_KNOTS('',3,(#7515,#7516,#7517,#7518),.UNSPECIFIED.,.F.,.F.,(4,4),(0.,1.),.UNSPECIFIED.);
#95=B_SPLINE_CURVE_WITH_KNOTS('',3,(#7582,#7583,#7584,#7585),.UNSPECIFIED.,.F.,.F.,(4,4),(0.,1.),.UNSPECIFIED.);
#96=B_SPLINE_CURVE_WITH_KNOTS('',3,(#7587,#7588,#7589,#7590,#7591,#7592),.UNSPECIFIED.,.F.,.F.,(4,1,1,4),(0.00513039309813126,0.00738242444029922,0.00963445578246717,0.0141385184668031),.UNSPECIFIED.);
#97=B_SPLINE_CURVE_WITH_KNOTS('',3,(#7662,#7663,#7664,#7665),.UNSPECIFIED.,.F.,.F.,(4,4),(0.,1.),.UNSPECIFIED.);
#98=B_SPLINE_CURVE_WITH_KNOTS('',3,(#7677,#7678,#7679,#7680),.UNSPECIFIED.,.F.,.F.,(4,4),(0.,1.),.UNSPECIFIED.);
#99=B_SPLINE_CURVE_WITH_KNOTS('',3,(#7681,#7682,#7683,#7684,#7685,#7686,#7687),.UNSPECIFIED.,.F.,.F.,(4,1,1,1,4),(0.,0.0035342664032208,0.0070685328064416,0.0106027992096624,0.0141370656128832),.UNSPECIFIED.);
#100=B_SPLINE_CURVE_WITH_KNOTS('',3,(#7713,#7714,#7715,#7716),.UNSPECIFIED.,.F.,.F.,(4,4),(0.,1.),.UNSPECIFIED.);
#101=B_SPLINE_CURVE_WITH_KNOTS('',3,(#7722,#7723,#7724,#7725),.UNSPECIFIED.,.F.,.F.,(4,4),(0.,0.380391202238639),.UNSPECIFIED.);
#102=CIRCLE('',#4906,0.0016);
#103=CIRCLE('',#4907,0.0192);
#104=CIRCLE('',#4909,0.0016);
#105=CIRCLE('',#4910,0.0016);
#106=CIRCLE('',#4911,0.0016);
#107=CIRCLE('',#4912,0.0016);
#108=CIRCLE('',#4914,0.0016);
#109=CIRCLE('',#4915,0.0016);
#110=CIRCLE('',#4916,0.0016);
#111=CIRCLE('',#4917,0.0016);
#112=CIRCLE('',#4918,0.0016);
#113=CIRCLE('',#4919,0.0016);
#114=CIRCLE('',#4920,0.0016);
#115=CIRCLE('',#4924,0.0021);
#116=CIRCLE('',#4926,0.0021);
#117=CIRCLE('',#4936,0.00284);
#118=CIRCLE('',#4937,0.00284000000000004);
#119=CIRCLE('',#4946,0.004);
#120=CIRCLE('',#4948,0.004);
#121=CIRCLE('',#4955,0.0016);
#122=CIRCLE('',#4960,0.0192);
#123=CIRCLE('',#4972,0.0192);
#124=CIRCLE('',#4974,0.0021);
#125=CIRCLE('',#4975,0.0021);
#126=CIRCLE('',#5015,0.0016);
#127=CIRCLE('',#5016,0.0016);
#128=CIRCLE('',#5017,0.0016);
#129=CIRCLE('',#5018,0.0016);
#130=CIRCLE('',#5020,0.0016);
#131=CIRCLE('',#5023,0.0016);
#132=CIRCLE('',#5026,0.0016);
#133=CIRCLE('',#5029,0.0016);
#134=CIRCLE('',#5068,0.0016);
#135=CIRCLE('',#5069,0.0016);
#136=CIRCLE('',#5070,0.0016);
#137=CIRCLE('',#5071,0.0016);
#138=CIRCLE('',#5074,0.0021);
#139=CIRCLE('',#5076,0.0021);
#140=CIRCLE('',#5086,0.00284);
#141=CIRCLE('',#5087,0.00284000000000004);
#142=CIRCLE('',#5096,0.004);
#143=CIRCLE('',#5098,0.004);
#144=CIRCLE('',#5105,0.0016);
#145=CIRCLE('',#5106,0.0192);
#146=CIRCLE('',#5111,0.0192);
#147=CIRCLE('',#5121,0.0016);
#148=CIRCLE('',#5123,0.0016);
#149=CIRCLE('',#5125,0.0016);
#150=CIRCLE('',#5129,0.0016);
#151=CIRCLE('',#5131,0.0016);
#152=CIRCLE('',#5133,0.0016);
#153=CIRCLE('',#5139,0.0192);
#154=CIRCLE('',#5142,0.0021);
#155=CIRCLE('',#5143,0.0021);
#156=CIRCLE('',#5183,0.0016);
#157=CIRCLE('',#5184,0.0016);
#158=CIRCLE('',#5185,0.0016);
#159=CIRCLE('',#5186,0.0016);
#160=CIRCLE('',#5188,0.0016);
#161=CIRCLE('',#5191,0.0016);
#162=CIRCLE('',#5194,0.0016);
#163=CIRCLE('',#5197,0.0016);
#164=ORIENTED_EDGE('',*,*,#1498,.F.);
#165=ORIENTED_EDGE('',*,*,#1499,.T.);
#166=ORIENTED_EDGE('',*,*,#1500,.F.);
#167=ORIENTED_EDGE('',*,*,#1501,.T.);
#168=ORIENTED_EDGE('',*,*,#1502,.T.);
#169=ORIENTED_EDGE('',*,*,#1503,.T.);
#170=ORIENTED_EDGE('',*,*,#1504,.F.);
#171=ORIENTED_EDGE('',*,*,#1505,.F.);
#172=ORIENTED_EDGE('',*,*,#1506,.F.);
#173=ORIENTED_EDGE('',*,*,#1507,.F.);
#174=ORIENTED_EDGE('',*,*,#1508,.F.);
#175=ORIENTED_EDGE('',*,*,#1509,.T.);
#176=ORIENTED_EDGE('',*,*,#1510,.T.);
#177=ORIENTED_EDGE('',*,*,#1511,.T.);
#178=ORIENTED_EDGE('',*,*,#1512,.T.);
#179=ORIENTED_EDGE('',*,*,#1513,.T.);
#180=ORIENTED_EDGE('',*,*,#1514,.T.);
#181=ORIENTED_EDGE('',*,*,#1515,.T.);
#182=ORIENTED_EDGE('',*,*,#1516,.F.);
#183=ORIENTED_EDGE('',*,*,#1517,.T.);
#184=ORIENTED_EDGE('',*,*,#1518,.F.);
#185=ORIENTED_EDGE('',*,*,#1519,.F.);
#186=ORIENTED_EDGE('',*,*,#1520,.F.);
#187=ORIENTED_EDGE('',*,*,#1521,.F.);
#188=ORIENTED_EDGE('',*,*,#1522,.F.);
#189=ORIENTED_EDGE('',*,*,#1523,.F.);
#190=ORIENTED_EDGE('',*,*,#1524,.F.);
#191=ORIENTED_EDGE('',*,*,#1525,.F.);
#192=ORIENTED_EDGE('',*,*,#1526,.T.);
#193=ORIENTED_EDGE('',*,*,#1527,.F.);
#194=ORIENTED_EDGE('',*,*,#1528,.F.);
#195=ORIENTED_EDGE('',*,*,#1529,.T.);
#196=ORIENTED_EDGE('',*,*,#1530,.F.);
#197=ORIENTED_EDGE('',*,*,#1531,.T.);
#198=ORIENTED_EDGE('',*,*,#1532,.F.);
#199=ORIENTED_EDGE('',*,*,#1533,.F.);
#200=ORIENTED_EDGE('',*,*,#1534,.F.);
#201=ORIENTED_EDGE('',*,*,#1535,.F.);
#202=ORIENTED_EDGE('',*,*,#1536,.F.);
#203=ORIENTED_EDGE('',*,*,#1537,.F.);
#204=ORIENTED_EDGE('',*,*,#1538,.F.);
#205=ORIENTED_EDGE('',*,*,#1539,.F.);
#206=ORIENTED_EDGE('',*,*,#1540,.F.);
#207=ORIENTED_EDGE('',*,*,#1541,.F.);
#208=ORIENTED_EDGE('',*,*,#1542,.F.);
#209=ORIENTED_EDGE('',*,*,#1543,.F.);
#210=ORIENTED_EDGE('',*,*,#1544,.T.);
#211=ORIENTED_EDGE('',*,*,#1545,.F.);
#212=ORIENTED_EDGE('',*,*,#1501,.F.);
#213=ORIENTED_EDGE('',*,*,#1546,.F.);
#214=ORIENTED_EDGE('',*,*,#1547,.F.);
#215=ORIENTED_EDGE('',*,*,#1548,.F.);
#216=ORIENTED_EDGE('',*,*,#1549,.F.);
#217=ORIENTED_EDGE('',*,*,#1550,.F.);
#218=ORIENTED_EDGE('',*,*,#1551,.T.);
#219=ORIENTED_EDGE('',*,*,#1552,.F.);
#220=ORIENTED_EDGE('',*,*,#1553,.T.);
#221=ORIENTED_EDGE('',*,*,#1554,.T.);
#222=ORIENTED_EDGE('',*,*,#1555,.F.);
#223=ORIENTED_EDGE('',*,*,#1556,.F.);
#224=ORIENTED_EDGE('',*,*,#1557,.F.);
#225=ORIENTED_EDGE('',*,*,#1558,.T.);
#226=ORIENTED_EDGE('',*,*,#1559,.F.);
#227=ORIENTED_EDGE('',*,*,#1560,.T.);
#228=ORIENTED_EDGE('',*,*,#1561,.T.);
#229=ORIENTED_EDGE('',*,*,#1562,.F.);
#230=ORIENTED_EDGE('',*,*,#1563,.T.);
#231=ORIENTED_EDGE('',*,*,#1564,.F.);
#232=ORIENTED_EDGE('',*,*,#1565,.F.);
#233=ORIENTED_EDGE('',*,*,#1566,.T.);
#234=ORIENTED_EDGE('',*,*,#1567,.T.);
#235=ORIENTED_EDGE('',*,*,#1568,.T.);
#236=ORIENTED_EDGE('',*,*,#1567,.F.);
#237=ORIENTED_EDGE('',*,*,#1569,.T.);
#238=ORIENTED_EDGE('',*,*,#1570,.F.);
#239=ORIENTED_EDGE('',*,*,#1571,.F.);
#240=ORIENTED_EDGE('',*,*,#1572,.F.);
#241=ORIENTED_EDGE('',*,*,#1573,.F.);
#242=ORIENTED_EDGE('',*,*,#1574,.T.);
#243=ORIENTED_EDGE('',*,*,#1575,.F.);
#244=ORIENTED_EDGE('',*,*,#1576,.F.);
#245=ORIENTED_EDGE('',*,*,#1561,.F.);
#246=ORIENTED_EDGE('',*,*,#1577,.T.);
#247=ORIENTED_EDGE('',*,*,#1574,.F.);
#248=ORIENTED_EDGE('',*,*,#1578,.T.);
#249=ORIENTED_EDGE('',*,*,#1547,.T.);
#250=ORIENTED_EDGE('',*,*,#1579,.F.);
#251=ORIENTED_EDGE('',*,*,#1566,.F.);
#252=ORIENTED_EDGE('',*,*,#1580,.F.);
#253=ORIENTED_EDGE('',*,*,#1581,.F.);
#254=ORIENTED_EDGE('',*,*,#1582,.T.);
#255=ORIENTED_EDGE('',*,*,#1583,.T.);
#256=ORIENTED_EDGE('',*,*,#1552,.T.);
#257=ORIENTED_EDGE('',*,*,#1584,.F.);
#258=ORIENTED_EDGE('',*,*,#1569,.F.);
#259=ORIENTED_EDGE('',*,*,#1585,.T.);
#260=ORIENTED_EDGE('',*,*,#1562,.T.);
#261=ORIENTED_EDGE('',*,*,#1576,.T.);
#262=ORIENTED_EDGE('',*,*,#1586,.T.);
#263=ORIENTED_EDGE('',*,*,#1587,.F.);
#264=ORIENTED_EDGE('',*,*,#1588,.T.);
#265=ORIENTED_EDGE('',*,*,#1589,.T.);
#266=ORIENTED_EDGE('',*,*,#1580,.T.);
#267=ORIENTED_EDGE('',*,*,#1565,.T.);
#268=ORIENTED_EDGE('',*,*,#1590,.F.);
#269=ORIENTED_EDGE('',*,*,#1591,.T.);
#270=ORIENTED_EDGE('',*,*,#1592,.T.);
#271=ORIENTED_EDGE('',*,*,#1593,.T.);
#272=ORIENTED_EDGE('',*,*,#1575,.T.);
#273=ORIENTED_EDGE('',*,*,#1594,.T.);
#274=ORIENTED_EDGE('',*,*,#1592,.F.);
#275=ORIENTED_EDGE('',*,*,#1595,.T.);
#276=ORIENTED_EDGE('',*,*,#1596,.T.);
#277=ORIENTED_EDGE('',*,*,#1597,.F.);
#278=ORIENTED_EDGE('',*,*,#1586,.F.);
#279=ORIENTED_EDGE('',*,*,#1598,.T.);
#280=ORIENTED_EDGE('',*,*,#1599,.T.);
#281=ORIENTED_EDGE('',*,*,#1600,.F.);
#282=ORIENTED_EDGE('',*,*,#1601,.T.);
#283=ORIENTED_EDGE('',*,*,#1602,.T.);
#284=ORIENTED_EDGE('',*,*,#1603,.T.);
#285=ORIENTED_EDGE('',*,*,#1604,.F.);
#286=ORIENTED_EDGE('',*,*,#1605,.T.);
#287=ORIENTED_EDGE('',*,*,#1603,.F.);
#288=ORIENTED_EDGE('',*,*,#1606,.F.);
#289=ORIENTED_EDGE('',*,*,#1607,.F.);
#290=ORIENTED_EDGE('',*,*,#1608,.T.);
#291=ORIENTED_EDGE('',*,*,#1553,.F.);
#292=ORIENTED_EDGE('',*,*,#1583,.F.);
#293=ORIENTED_EDGE('',*,*,#1609,.T.);
#294=ORIENTED_EDGE('',*,*,#1610,.F.);
#295=ORIENTED_EDGE('',*,*,#1611,.T.);
#296=ORIENTED_EDGE('',*,*,#1508,.T.);
#297=ORIENTED_EDGE('',*,*,#1612,.F.);
#298=ORIENTED_EDGE('',*,*,#1613,.T.);
#299=ORIENTED_EDGE('',*,*,#1614,.F.);
#300=ORIENTED_EDGE('',*,*,#1615,.F.);
#301=ORIENTED_EDGE('',*,*,#1616,.F.);
#302=ORIENTED_EDGE('',*,*,#1617,.F.);
#303=ORIENTED_EDGE('',*,*,#1618,.T.);
#304=ORIENTED_EDGE('',*,*,#1619,.F.);
#305=ORIENTED_EDGE('',*,*,#1620,.F.);
#306=ORIENTED_EDGE('',*,*,#1621,.F.);
#307=ORIENTED_EDGE('',*,*,#1622,.F.);
#308=ORIENTED_EDGE('',*,*,#1623,.F.);
#309=ORIENTED_EDGE('',*,*,#1624,.F.);
#310=ORIENTED_EDGE('',*,*,#1625,.F.);
#311=ORIENTED_EDGE('',*,*,#1626,.T.);
#312=ORIENTED_EDGE('',*,*,#1627,.T.);
#313=ORIENTED_EDGE('',*,*,#1628,.F.);
#314=ORIENTED_EDGE('',*,*,#1629,.F.);
#315=ORIENTED_EDGE('',*,*,#1630,.F.);
#316=ORIENTED_EDGE('',*,*,#1619,.T.);
#317=ORIENTED_EDGE('',*,*,#1631,.F.);
#318=ORIENTED_EDGE('',*,*,#1632,.F.);
#319=ORIENTED_EDGE('',*,*,#1633,.T.);
#320=ORIENTED_EDGE('',*,*,#1634,.T.);
#321=ORIENTED_EDGE('',*,*,#1635,.F.);
#322=ORIENTED_EDGE('',*,*,#1636,.T.);
#323=ORIENTED_EDGE('',*,*,#1637,.F.);
#324=ORIENTED_EDGE('',*,*,#1638,.F.);
#325=ORIENTED_EDGE('',*,*,#1639,.F.);
#326=ORIENTED_EDGE('',*,*,#1640,.T.);
#327=ORIENTED_EDGE('',*,*,#1641,.T.);
#328=ORIENTED_EDGE('',*,*,#1642,.T.);
#329=ORIENTED_EDGE('',*,*,#1643,.T.);
#330=ORIENTED_EDGE('',*,*,#1644,.T.);
#331=ORIENTED_EDGE('',*,*,#1625,.T.);
#332=ORIENTED_EDGE('',*,*,#1645,.T.);
#333=ORIENTED_EDGE('',*,*,#1606,.T.);
#334=ORIENTED_EDGE('',*,*,#1602,.F.);
#335=ORIENTED_EDGE('',*,*,#1601,.F.);
#336=ORIENTED_EDGE('',*,*,#1646,.F.);
#337=ORIENTED_EDGE('',*,*,#1647,.T.);
#338=ORIENTED_EDGE('',*,*,#1648,.T.);
#339=ORIENTED_EDGE('',*,*,#1649,.T.);
#340=ORIENTED_EDGE('',*,*,#1650,.F.);
#341=ORIENTED_EDGE('',*,*,#1651,.T.);
#342=ORIENTED_EDGE('',*,*,#1652,.T.);
#343=ORIENTED_EDGE('',*,*,#1653,.F.);
#344=ORIENTED_EDGE('',*,*,#1654,.F.);
#345=ORIENTED_EDGE('',*,*,#1655,.F.);
#346=ORIENTED_EDGE('',*,*,#1656,.F.);
#347=ORIENTED_EDGE('',*,*,#1657,.T.);
#348=ORIENTED_EDGE('',*,*,#1658,.T.);
#349=ORIENTED_EDGE('',*,*,#1659,.F.);
#350=ORIENTED_EDGE('',*,*,#1660,.T.);
#351=ORIENTED_EDGE('',*,*,#1661,.T.);
#352=ORIENTED_EDGE('',*,*,#1662,.F.);
#353=ORIENTED_EDGE('',*,*,#1663,.T.);
#354=ORIENTED_EDGE('',*,*,#1664,.F.);
#355=ORIENTED_EDGE('',*,*,#1665,.F.);
#356=ORIENTED_EDGE('',*,*,#1666,.F.);
#357=ORIENTED_EDGE('',*,*,#1667,.T.);
#358=ORIENTED_EDGE('',*,*,#1668,.T.);
#359=ORIENTED_EDGE('',*,*,#1669,.T.);
#360=ORIENTED_EDGE('',*,*,#1647,.F.);
#361=ORIENTED_EDGE('',*,*,#1670,.F.);
#362=ORIENTED_EDGE('',*,*,#1671,.T.);
#363=ORIENTED_EDGE('',*,*,#1596,.F.);
#364=ORIENTED_EDGE('',*,*,#1672,.F.);
#365=ORIENTED_EDGE('',*,*,#1673,.F.);
#366=ORIENTED_EDGE('',*,*,#1674,.T.);
#367=ORIENTED_EDGE('',*,*,#1675,.F.);
#368=ORIENTED_EDGE('',*,*,#1676,.T.);
#369=ORIENTED_EDGE('',*,*,#1677,.F.);
#370=ORIENTED_EDGE('',*,*,#1623,.T.);
#371=ORIENTED_EDGE('',*,*,#1678,.T.);
#372=ORIENTED_EDGE('',*,*,#1641,.F.);
#373=ORIENTED_EDGE('',*,*,#1617,.T.);
#374=ORIENTED_EDGE('',*,*,#1679,.F.);
#375=ORIENTED_EDGE('',*,*,#1636,.F.);
#376=ORIENTED_EDGE('',*,*,#1680,.T.);
#377=ORIENTED_EDGE('',*,*,#1679,.T.);
#378=ORIENTED_EDGE('',*,*,#1616,.T.);
#379=ORIENTED_EDGE('',*,*,#1681,.F.);
#380=ORIENTED_EDGE('',*,*,#1637,.T.);
#381=ORIENTED_EDGE('',*,*,#1649,.F.);
#382=ORIENTED_EDGE('',*,*,#1682,.F.);
#383=ORIENTED_EDGE('',*,*,#1683,.F.);
#384=ORIENTED_EDGE('',*,*,#1684,.F.);
#385=ORIENTED_EDGE('',*,*,#1685,.F.);
#386=ORIENTED_EDGE('',*,*,#1686,.F.);
#387=ORIENTED_EDGE('',*,*,#1687,.F.);
#388=ORIENTED_EDGE('',*,*,#1688,.T.);
#389=ORIENTED_EDGE('',*,*,#1689,.T.);
#390=ORIENTED_EDGE('',*,*,#1690,.F.);
#391=ORIENTED_EDGE('',*,*,#1682,.T.);
#392=ORIENTED_EDGE('',*,*,#1648,.F.);
#393=ORIENTED_EDGE('',*,*,#1669,.F.);
#394=ORIENTED_EDGE('',*,*,#1691,.F.);
#395=ORIENTED_EDGE('',*,*,#1692,.F.);
#396=ORIENTED_EDGE('',*,*,#1693,.T.);
#397=ORIENTED_EDGE('',*,*,#1610,.T.);
#398=ORIENTED_EDGE('',*,*,#1694,.T.);
#399=ORIENTED_EDGE('',*,*,#1695,.T.);
#400=ORIENTED_EDGE('',*,*,#1696,.T.);
#401=ORIENTED_EDGE('',*,*,#1677,.T.);
#402=ORIENTED_EDGE('',*,*,#1697,.T.);
#403=ORIENTED_EDGE('',*,*,#1698,.F.);
#404=ORIENTED_EDGE('',*,*,#1699,.F.);
#405=ORIENTED_EDGE('',*,*,#1689,.F.);
#406=ORIENTED_EDGE('',*,*,#1688,.F.);
#407=ORIENTED_EDGE('',*,*,#1700,.F.);
#408=ORIENTED_EDGE('',*,*,#1701,.T.);
#409=ORIENTED_EDGE('',*,*,#1702,.F.);
#410=ORIENTED_EDGE('',*,*,#1703,.T.);
#411=ORIENTED_EDGE('',*,*,#1704,.T.);
#412=ORIENTED_EDGE('',*,*,#1624,.T.);
#413=ORIENTED_EDGE('',*,*,#1696,.F.);
#414=ORIENTED_EDGE('',*,*,#1705,.F.);
#415=ORIENTED_EDGE('',*,*,#1674,.F.);
#416=ORIENTED_EDGE('',*,*,#1706,.F.);
#417=ORIENTED_EDGE('',*,*,#1614,.T.);
#418=ORIENTED_EDGE('',*,*,#1707,.T.);
#419=ORIENTED_EDGE('',*,*,#1708,.F.);
#420=ORIENTED_EDGE('',*,*,#1709,.F.);
#421=ORIENTED_EDGE('',*,*,#1710,.F.);
#422=ORIENTED_EDGE('',*,*,#1711,.F.);
#423=ORIENTED_EDGE('',*,*,#1712,.T.);
#424=ORIENTED_EDGE('',*,*,#1612,.T.);
#425=ORIENTED_EDGE('',*,*,#1517,.F.);
#426=ORIENTED_EDGE('',*,*,#1713,.T.);
#427=ORIENTED_EDGE('',*,*,#1530,.T.);
#428=ORIENTED_EDGE('',*,*,#1714,.F.);
#429=ORIENTED_EDGE('',*,*,#1511,.F.);
#430=ORIENTED_EDGE('',*,*,#1531,.F.);
#431=ORIENTED_EDGE('',*,*,#1713,.F.);
#432=ORIENTED_EDGE('',*,*,#1516,.T.);
#433=ORIENTED_EDGE('',*,*,#1715,.T.);
#434=ORIENTED_EDGE('',*,*,#1532,.T.);
#435=ORIENTED_EDGE('',*,*,#1715,.F.);
#436=ORIENTED_EDGE('',*,*,#1515,.F.);
#437=ORIENTED_EDGE('',*,*,#1716,.T.);
#438=ORIENTED_EDGE('',*,*,#1533,.T.);
#439=ORIENTED_EDGE('',*,*,#1716,.F.);
#440=ORIENTED_EDGE('',*,*,#1514,.F.);
#441=ORIENTED_EDGE('',*,*,#1717,.T.);
#442=ORIENTED_EDGE('',*,*,#1534,.T.);
#443=ORIENTED_EDGE('',*,*,#1717,.F.);
#444=ORIENTED_EDGE('',*,*,#1513,.F.);
#445=ORIENTED_EDGE('',*,*,#1718,.T.);
#446=ORIENTED_EDGE('',*,*,#1719,.F.);
#447=ORIENTED_EDGE('',*,*,#1720,.T.);
#448=ORIENTED_EDGE('',*,*,#1721,.F.);
#449=ORIENTED_EDGE('',*,*,#1542,.T.);
#450=ORIENTED_EDGE('',*,*,#1535,.T.);
#451=ORIENTED_EDGE('',*,*,#1718,.F.);
#452=ORIENTED_EDGE('',*,*,#1512,.F.);
#453=ORIENTED_EDGE('',*,*,#1714,.T.);
#454=ORIENTED_EDGE('',*,*,#1510,.F.);
#455=ORIENTED_EDGE('',*,*,#1722,.T.);
#456=ORIENTED_EDGE('',*,*,#1498,.T.);
#457=ORIENTED_EDGE('',*,*,#1723,.T.);
#458=ORIENTED_EDGE('',*,*,#1711,.T.);
#459=ORIENTED_EDGE('',*,*,#1708,.T.);
#460=ORIENTED_EDGE('',*,*,#1724,.T.);
#461=ORIENTED_EDGE('',*,*,#1723,.F.);
#462=ORIENTED_EDGE('',*,*,#1503,.F.);
#463=ORIENTED_EDGE('',*,*,#1725,.F.);
#464=ORIENTED_EDGE('',*,*,#1726,.F.);
#465=ORIENTED_EDGE('',*,*,#1709,.T.);
#466=ORIENTED_EDGE('',*,*,#1726,.T.);
#467=ORIENTED_EDGE('',*,*,#1727,.T.);
#468=ORIENTED_EDGE('',*,*,#1639,.T.);
#469=ORIENTED_EDGE('',*,*,#1728,.F.);
#470=ORIENTED_EDGE('',*,*,#1729,.F.);
#471=ORIENTED_EDGE('',*,*,#1730,.F.);
#472=ORIENTED_EDGE('',*,*,#1731,.T.);
#473=ORIENTED_EDGE('',*,*,#1663,.F.);
#474=ORIENTED_EDGE('',*,*,#1732,.T.);
#475=ORIENTED_EDGE('',*,*,#1656,.T.);
#476=ORIENTED_EDGE('',*,*,#1733,.F.);
#477=ORIENTED_EDGE('',*,*,#1734,.F.);
#478=ORIENTED_EDGE('',*,*,#1690,.T.);
#479=ORIENTED_EDGE('',*,*,#1699,.T.);
#480=ORIENTED_EDGE('',*,*,#1558,.F.);
#481=ORIENTED_EDGE('',*,*,#1563,.F.);
#482=ORIENTED_EDGE('',*,*,#1615,.T.);
#483=ORIENTED_EDGE('',*,*,#1710,.T.);
#484=ORIENTED_EDGE('',*,*,#1728,.T.);
#485=ORIENTED_EDGE('',*,*,#1638,.T.);
#486=ORIENTED_EDGE('',*,*,#1681,.T.);
#487=ORIENTED_EDGE('',*,*,#1735,.T.);
#488=ORIENTED_EDGE('',*,*,#1702,.T.);
#489=ORIENTED_EDGE('',*,*,#1736,.F.);
#490=ORIENTED_EDGE('',*,*,#1737,.T.);
#491=ORIENTED_EDGE('',*,*,#1738,.F.);
#492=ORIENTED_EDGE('',*,*,#1739,.F.);
#493=ORIENTED_EDGE('',*,*,#1694,.F.);
#494=ORIENTED_EDGE('',*,*,#1704,.F.);
#495=ORIENTED_EDGE('',*,*,#1740,.T.);
#496=ORIENTED_EDGE('',*,*,#1741,.F.);
#497=ORIENTED_EDGE('',*,*,#1742,.F.);
#498=ORIENTED_EDGE('',*,*,#1743,.F.);
#499=ORIENTED_EDGE('',*,*,#1589,.F.);
#500=ORIENTED_EDGE('',*,*,#1744,.T.);
#501=ORIENTED_EDGE('',*,*,#1741,.T.);
#502=ORIENTED_EDGE('',*,*,#1588,.F.);
#503=ORIENTED_EDGE('',*,*,#1745,.F.);
#504=ORIENTED_EDGE('',*,*,#1746,.T.);
#505=ORIENTED_EDGE('',*,*,#1747,.F.);
#506=ORIENTED_EDGE('',*,*,#1742,.T.);
#507=ORIENTED_EDGE('',*,*,#1744,.F.);
#508=ORIENTED_EDGE('',*,*,#1745,.T.);
#509=ORIENTED_EDGE('',*,*,#1587,.T.);
#510=ORIENTED_EDGE('',*,*,#1597,.T.);
#511=ORIENTED_EDGE('',*,*,#1671,.F.);
#512=ORIENTED_EDGE('',*,*,#1748,.F.);
#513=ORIENTED_EDGE('',*,*,#1746,.F.);
#514=ORIENTED_EDGE('',*,*,#1731,.F.);
#515=ORIENTED_EDGE('',*,*,#1701,.F.);
#516=ORIENTED_EDGE('',*,*,#1749,.T.);
#517=ORIENTED_EDGE('',*,*,#1664,.T.);
#518=ORIENTED_EDGE('',*,*,#1750,.T.);
#519=ORIENTED_EDGE('',*,*,#1751,.F.);
#520=ORIENTED_EDGE('',*,*,#1686,.T.);
#521=ORIENTED_EDGE('',*,*,#1685,.T.);
#522=ORIENTED_EDGE('',*,*,#1734,.T.);
#523=ORIENTED_EDGE('',*,*,#1725,.T.);
#524=ORIENTED_EDGE('',*,*,#1752,.T.);
#525=ORIENTED_EDGE('',*,*,#1697,.F.);
#526=ORIENTED_EDGE('',*,*,#1640,.F.);
#527=ORIENTED_EDGE('',*,*,#1727,.F.);
#528=ORIENTED_EDGE('',*,*,#1545,.T.);
#529=ORIENTED_EDGE('',*,*,#1753,.T.);
#530=ORIENTED_EDGE('',*,*,#1738,.T.);
#531=ORIENTED_EDGE('',*,*,#1737,.F.);
#532=ORIENTED_EDGE('',*,*,#1754,.F.);
#533=ORIENTED_EDGE('',*,*,#1755,.T.);
#534=ORIENTED_EDGE('',*,*,#1756,.F.);
#535=ORIENTED_EDGE('',*,*,#1757,.F.);
#536=ORIENTED_EDGE('',*,*,#1758,.F.);
#537=ORIENTED_EDGE('',*,*,#1683,.T.);
#538=ORIENTED_EDGE('',*,*,#1691,.T.);
#539=ORIENTED_EDGE('',*,*,#1668,.F.);
#540=ORIENTED_EDGE('',*,*,#1759,.F.);
#541=ORIENTED_EDGE('',*,*,#1698,.T.);
#542=ORIENTED_EDGE('',*,*,#1752,.F.);
#543=ORIENTED_EDGE('',*,*,#1502,.F.);
#544=ORIENTED_EDGE('',*,*,#1760,.F.);
#545=ORIENTED_EDGE('',*,*,#1761,.F.);
#546=ORIENTED_EDGE('',*,*,#1762,.F.);
#547=ORIENTED_EDGE('',*,*,#1763,.F.);
#548=ORIENTED_EDGE('',*,*,#1756,.T.);
#549=ORIENTED_EDGE('',*,*,#1764,.T.);
#550=ORIENTED_EDGE('',*,*,#1765,.T.);
#551=ORIENTED_EDGE('',*,*,#1766,.T.);
#552=ORIENTED_EDGE('',*,*,#1672,.T.);
#553=ORIENTED_EDGE('',*,*,#1595,.F.);
#554=ORIENTED_EDGE('',*,*,#1591,.F.);
#555=ORIENTED_EDGE('',*,*,#1767,.F.);
#556=ORIENTED_EDGE('',*,*,#1768,.T.);
#557=ORIENTED_EDGE('',*,*,#1765,.F.);
#558=ORIENTED_EDGE('',*,*,#1769,.T.);
#559=ORIENTED_EDGE('',*,*,#1770,.F.);
#560=ORIENTED_EDGE('',*,*,#1766,.F.);
#561=ORIENTED_EDGE('',*,*,#1768,.F.);
#562=ORIENTED_EDGE('',*,*,#1771,.F.);
#563=ORIENTED_EDGE('',*,*,#1757,.T.);
#564=ORIENTED_EDGE('',*,*,#1772,.T.);
#565=ORIENTED_EDGE('',*,*,#1607,.T.);
#566=ORIENTED_EDGE('',*,*,#1650,.T.);
#567=ORIENTED_EDGE('',*,*,#1684,.T.);
#568=ORIENTED_EDGE('',*,*,#1758,.T.);
#569=ORIENTED_EDGE('',*,*,#1771,.T.);
#570=ORIENTED_EDGE('',*,*,#1767,.T.);
#571=ORIENTED_EDGE('',*,*,#1590,.T.);
#572=ORIENTED_EDGE('',*,*,#1754,.T.);
#573=ORIENTED_EDGE('',*,*,#1736,.T.);
#574=ORIENTED_EDGE('',*,*,#1706,.T.);
#575=ORIENTED_EDGE('',*,*,#1673,.T.);
#576=ORIENTED_EDGE('',*,*,#1770,.T.);
#577=ORIENTED_EDGE('',*,*,#1773,.T.);
#578=ORIENTED_EDGE('',*,*,#1759,.T.);
#579=ORIENTED_EDGE('',*,*,#1675,.T.);
#580=ORIENTED_EDGE('',*,*,#1705,.T.);
#581=ORIENTED_EDGE('',*,*,#1695,.F.);
#582=ORIENTED_EDGE('',*,*,#1657,.F.);
#583=ORIENTED_EDGE('',*,*,#1732,.F.);
#584=ORIENTED_EDGE('',*,*,#1666,.T.);
#585=ORIENTED_EDGE('',*,*,#1774,.T.);
#586=ORIENTED_EDGE('',*,*,#1750,.F.);
#587=ORIENTED_EDGE('',*,*,#1733,.T.);
#588=ORIENTED_EDGE('',*,*,#1655,.T.);
#589=ORIENTED_EDGE('',*,*,#1775,.F.);
#590=ORIENTED_EDGE('',*,*,#1776,.F.);
#591=ORIENTED_EDGE('',*,*,#1662,.T.);
#592=ORIENTED_EDGE('',*,*,#1777,.T.);
#593=ORIENTED_EDGE('',*,*,#1654,.T.);
#594=ORIENTED_EDGE('',*,*,#1661,.F.);
#595=ORIENTED_EDGE('',*,*,#1778,.T.);
#596=ORIENTED_EDGE('',*,*,#1651,.F.);
#597=ORIENTED_EDGE('',*,*,#1777,.F.);
#598=ORIENTED_EDGE('',*,*,#1660,.F.);
#599=ORIENTED_EDGE('',*,*,#1779,.T.);
#600=ORIENTED_EDGE('',*,*,#1652,.F.);
#601=ORIENTED_EDGE('',*,*,#1778,.F.);
#602=ORIENTED_EDGE('',*,*,#1779,.F.);
#603=ORIENTED_EDGE('',*,*,#1659,.T.);
#604=ORIENTED_EDGE('',*,*,#1776,.T.);
#605=ORIENTED_EDGE('',*,*,#1653,.T.);
#606=ORIENTED_EDGE('',*,*,#1780,.F.);
#607=ORIENTED_EDGE('',*,*,#1781,.T.);
#608=ORIENTED_EDGE('',*,*,#1629,.T.);
#609=ORIENTED_EDGE('',*,*,#1782,.F.);
#610=ORIENTED_EDGE('',*,*,#1630,.T.);
#611=ORIENTED_EDGE('',*,*,#1781,.F.);
#612=ORIENTED_EDGE('',*,*,#1783,.F.);
#613=ORIENTED_EDGE('',*,*,#1620,.T.);
#614=ORIENTED_EDGE('',*,*,#1783,.T.);
#615=ORIENTED_EDGE('',*,*,#1780,.T.);
#616=ORIENTED_EDGE('',*,*,#1784,.T.);
#617=ORIENTED_EDGE('',*,*,#1785,.F.);
#618=ORIENTED_EDGE('',*,*,#1786,.T.);
#619=ORIENTED_EDGE('',*,*,#1643,.F.);
#620=ORIENTED_EDGE('',*,*,#1787,.F.);
#621=ORIENTED_EDGE('',*,*,#1621,.T.);
#622=ORIENTED_EDGE('',*,*,#1730,.T.);
#623=ORIENTED_EDGE('',*,*,#1782,.T.);
#624=ORIENTED_EDGE('',*,*,#1628,.T.);
#625=ORIENTED_EDGE('',*,*,#1788,.F.);
#626=ORIENTED_EDGE('',*,*,#1784,.F.);
#627=ORIENTED_EDGE('',*,*,#1788,.T.);
#628=ORIENTED_EDGE('',*,*,#1627,.F.);
#629=ORIENTED_EDGE('',*,*,#1789,.F.);
#630=ORIENTED_EDGE('',*,*,#1785,.T.);
#631=ORIENTED_EDGE('',*,*,#1678,.F.);
#632=ORIENTED_EDGE('',*,*,#1622,.T.);
#633=ORIENTED_EDGE('',*,*,#1787,.T.);
#634=ORIENTED_EDGE('',*,*,#1642,.F.);
#635=ORIENTED_EDGE('',*,*,#1786,.F.);
#636=ORIENTED_EDGE('',*,*,#1789,.T.);
#637=ORIENTED_EDGE('',*,*,#1626,.F.);
#638=ORIENTED_EDGE('',*,*,#1644,.F.);
#639=ORIENTED_EDGE('',*,*,#1790,.T.);
#640=ORIENTED_EDGE('',*,*,#1791,.F.);
#641=ORIENTED_EDGE('',*,*,#1792,.T.);
#642=ORIENTED_EDGE('',*,*,#1793,.T.);
#643=ORIENTED_EDGE('',*,*,#1577,.F.);
#644=ORIENTED_EDGE('',*,*,#1560,.F.);
#645=ORIENTED_EDGE('',*,*,#1794,.T.);
#646=ORIENTED_EDGE('',*,*,#1795,.F.);
#647=ORIENTED_EDGE('',*,*,#1796,.T.);
#648=ORIENTED_EDGE('',*,*,#1797,.T.);
#649=ORIENTED_EDGE('',*,*,#1633,.F.);
#650=ORIENTED_EDGE('',*,*,#1729,.T.);
#651=ORIENTED_EDGE('',*,*,#1798,.F.);
#652=ORIENTED_EDGE('',*,*,#1795,.T.);
#653=ORIENTED_EDGE('',*,*,#1632,.T.);
#654=ORIENTED_EDGE('',*,*,#1799,.F.);
#655=ORIENTED_EDGE('',*,*,#1800,.T.);
#656=ORIENTED_EDGE('',*,*,#1801,.F.);
#657=ORIENTED_EDGE('',*,*,#1796,.F.);
#658=ORIENTED_EDGE('',*,*,#1798,.T.);
#659=ORIENTED_EDGE('',*,*,#1802,.T.);
#660=ORIENTED_EDGE('',*,*,#1634,.F.);
#661=ORIENTED_EDGE('',*,*,#1797,.F.);
#662=ORIENTED_EDGE('',*,*,#1801,.T.);
#663=ORIENTED_EDGE('',*,*,#1645,.F.);
#664=ORIENTED_EDGE('',*,*,#1635,.T.);
#665=ORIENTED_EDGE('',*,*,#1802,.F.);
#666=ORIENTED_EDGE('',*,*,#1800,.F.);
#667=ORIENTED_EDGE('',*,*,#1799,.T.);
#668=ORIENTED_EDGE('',*,*,#1631,.T.);
#669=ORIENTED_EDGE('',*,*,#1618,.F.);
#670=ORIENTED_EDGE('',*,*,#1680,.F.);
#671=ORIENTED_EDGE('',*,*,#1803,.T.);
#672=ORIENTED_EDGE('',*,*,#1609,.F.);
#673=ORIENTED_EDGE('',*,*,#1582,.F.);
#674=ORIENTED_EDGE('',*,*,#1599,.F.);
#675=ORIENTED_EDGE('',*,*,#1598,.F.);
#676=ORIENTED_EDGE('',*,*,#1804,.F.);
#677=ORIENTED_EDGE('',*,*,#1805,.F.);
#678=ORIENTED_EDGE('',*,*,#1806,.F.);
#679=ORIENTED_EDGE('',*,*,#1807,.F.);
#680=ORIENTED_EDGE('',*,*,#1665,.T.);
#681=ORIENTED_EDGE('',*,*,#1749,.F.);
#682=ORIENTED_EDGE('',*,*,#1700,.T.);
#683=ORIENTED_EDGE('',*,*,#1687,.T.);
#684=ORIENTED_EDGE('',*,*,#1751,.T.);
#685=ORIENTED_EDGE('',*,*,#1775,.T.);
#686=ORIENTED_EDGE('',*,*,#1658,.F.);
#687=ORIENTED_EDGE('',*,*,#1774,.F.);
#688=ORIENTED_EDGE('',*,*,#1581,.T.);
#689=ORIENTED_EDGE('',*,*,#1743,.T.);
#690=ORIENTED_EDGE('',*,*,#1747,.T.);
#691=ORIENTED_EDGE('',*,*,#1748,.T.);
#692=ORIENTED_EDGE('',*,*,#1670,.T.);
#693=ORIENTED_EDGE('',*,*,#1646,.T.);
#694=ORIENTED_EDGE('',*,*,#1600,.T.);
#695=ORIENTED_EDGE('',*,*,#1808,.T.);
#696=ORIENTED_EDGE('',*,*,#1808,.F.);
#697=ORIENTED_EDGE('',*,*,#1804,.T.);
#698=ORIENTED_EDGE('',*,*,#1809,.T.);
#699=ORIENTED_EDGE('',*,*,#1809,.F.);
#700=ORIENTED_EDGE('',*,*,#1805,.T.);
#701=ORIENTED_EDGE('',*,*,#1810,.T.);
#702=ORIENTED_EDGE('',*,*,#1810,.F.);
#703=ORIENTED_EDGE('',*,*,#1806,.T.);
#704=ORIENTED_EDGE('',*,*,#1811,.T.);
#705=ORIENTED_EDGE('',*,*,#1811,.F.);
#706=ORIENTED_EDGE('',*,*,#1807,.T.);
#707=ORIENTED_EDGE('',*,*,#1554,.F.);
#708=ORIENTED_EDGE('',*,*,#1608,.F.);
#709=ORIENTED_EDGE('',*,*,#1803,.F.);
#710=ORIENTED_EDGE('',*,*,#1604,.T.);
#711=ORIENTED_EDGE('',*,*,#1605,.F.);
#712=ORIENTED_EDGE('',*,*,#1772,.F.);
#713=ORIENTED_EDGE('',*,*,#1593,.F.);
#714=ORIENTED_EDGE('',*,*,#1584,.T.);
#715=ORIENTED_EDGE('',*,*,#1551,.F.);
#716=ORIENTED_EDGE('',*,*,#1812,.F.);
#717=ORIENTED_EDGE('',*,*,#1570,.T.);
#718=ORIENTED_EDGE('',*,*,#1571,.T.);
#719=ORIENTED_EDGE('',*,*,#1812,.T.);
#720=ORIENTED_EDGE('',*,*,#1550,.T.);
#721=ORIENTED_EDGE('',*,*,#1813,.F.);
#722=ORIENTED_EDGE('',*,*,#1814,.T.);
#723=ORIENTED_EDGE('',*,*,#1815,.T.);
#724=ORIENTED_EDGE('',*,*,#1578,.F.);
#725=ORIENTED_EDGE('',*,*,#1573,.T.);
#726=ORIENTED_EDGE('',*,*,#1816,.F.);
#727=ORIENTED_EDGE('',*,*,#1817,.F.);
#728=ORIENTED_EDGE('',*,*,#1818,.T.);
#729=ORIENTED_EDGE('',*,*,#1548,.T.);
#730=ORIENTED_EDGE('',*,*,#1813,.T.);
#731=ORIENTED_EDGE('',*,*,#1549,.T.);
#732=ORIENTED_EDGE('',*,*,#1818,.F.);
#733=ORIENTED_EDGE('',*,*,#1819,.F.);
#734=ORIENTED_EDGE('',*,*,#1572,.T.);
#735=ORIENTED_EDGE('',*,*,#1815,.F.);
#736=ORIENTED_EDGE('',*,*,#1820,.F.);
#737=ORIENTED_EDGE('',*,*,#1816,.T.);
#738=ORIENTED_EDGE('',*,*,#1817,.T.);
#739=ORIENTED_EDGE('',*,*,#1820,.T.);
#740=ORIENTED_EDGE('',*,*,#1814,.F.);
#741=ORIENTED_EDGE('',*,*,#1819,.T.);
#742=ORIENTED_EDGE('',*,*,#1793,.F.);
#743=ORIENTED_EDGE('',*,*,#1821,.T.);
#744=ORIENTED_EDGE('',*,*,#1594,.F.);
#745=ORIENTED_EDGE('',*,*,#1555,.T.);
#746=ORIENTED_EDGE('',*,*,#1821,.F.);
#747=ORIENTED_EDGE('',*,*,#1792,.F.);
#748=ORIENTED_EDGE('',*,*,#1822,.F.);
#749=ORIENTED_EDGE('',*,*,#1791,.T.);
#750=ORIENTED_EDGE('',*,*,#1823,.T.);
#751=ORIENTED_EDGE('',*,*,#1556,.T.);
#752=ORIENTED_EDGE('',*,*,#1822,.T.);
#753=ORIENTED_EDGE('',*,*,#1676,.F.);
#754=ORIENTED_EDGE('',*,*,#1667,.F.);
#755=ORIENTED_EDGE('',*,*,#1823,.F.);
#756=ORIENTED_EDGE('',*,*,#1790,.F.);
#757=ORIENTED_EDGE('',*,*,#1824,.T.);
#758=ORIENTED_EDGE('',*,*,#1557,.T.);
#759=ORIENTED_EDGE('',*,*,#1794,.F.);
#760=ORIENTED_EDGE('',*,*,#1559,.T.);
#761=ORIENTED_EDGE('',*,*,#1585,.F.);
#762=ORIENTED_EDGE('',*,*,#1564,.T.);
#763=ORIENTED_EDGE('',*,*,#1568,.F.);
#764=ORIENTED_EDGE('',*,*,#1579,.T.);
#765=ORIENTED_EDGE('',*,*,#1546,.T.);
#766=ORIENTED_EDGE('',*,*,#1824,.F.);
#767=ORIENTED_EDGE('',*,*,#1825,.T.);
#768=ORIENTED_EDGE('',*,*,#1539,.T.);
#769=ORIENTED_EDGE('',*,*,#1826,.F.);
#770=ORIENTED_EDGE('',*,*,#1740,.F.);
#771=ORIENTED_EDGE('',*,*,#1703,.F.);
#772=ORIENTED_EDGE('',*,*,#1735,.F.);
#773=ORIENTED_EDGE('',*,*,#1753,.F.);
#774=ORIENTED_EDGE('',*,*,#1544,.F.);
#775=ORIENTED_EDGE('',*,*,#1500,.T.);
#776=ORIENTED_EDGE('',*,*,#1827,.T.);
#777=ORIENTED_EDGE('',*,*,#1719,.T.);
#778=ORIENTED_EDGE('',*,*,#1541,.T.);
#779=ORIENTED_EDGE('',*,*,#1721,.T.);
#780=ORIENTED_EDGE('',*,*,#1828,.T.);
#781=ORIENTED_EDGE('',*,*,#1692,.T.);
#782=ORIENTED_EDGE('',*,*,#1739,.T.);
#783=ORIENTED_EDGE('',*,*,#1826,.T.);
#784=ORIENTED_EDGE('',*,*,#1543,.T.);
#785=ORIENTED_EDGE('',*,*,#1521,.T.);
#786=ORIENTED_EDGE('',*,*,#1536,.T.);
#787=ORIENTED_EDGE('',*,*,#1520,.T.);
#788=ORIENTED_EDGE('',*,*,#1537,.T.);
#789=ORIENTED_EDGE('',*,*,#1519,.T.);
#790=ORIENTED_EDGE('',*,*,#1538,.T.);
#791=ORIENTED_EDGE('',*,*,#1518,.T.);
#792=ORIENTED_EDGE('',*,*,#1540,.T.);
#793=ORIENTED_EDGE('',*,*,#1529,.F.);
#794=ORIENTED_EDGE('',*,*,#1829,.F.);
#795=ORIENTED_EDGE('',*,*,#1524,.T.);
#796=ORIENTED_EDGE('',*,*,#1830,.T.);
#797=ORIENTED_EDGE('',*,*,#1830,.F.);
#798=ORIENTED_EDGE('',*,*,#1523,.T.);
#799=ORIENTED_EDGE('',*,*,#1831,.T.);
#800=ORIENTED_EDGE('',*,*,#1526,.F.);
#801=ORIENTED_EDGE('',*,*,#1525,.T.);
#802=ORIENTED_EDGE('',*,*,#1829,.T.);
#803=ORIENTED_EDGE('',*,*,#1528,.T.);
#804=ORIENTED_EDGE('',*,*,#1832,.F.);
#805=ORIENTED_EDGE('',*,*,#1522,.T.);
#806=ORIENTED_EDGE('',*,*,#1832,.T.);
#807=ORIENTED_EDGE('',*,*,#1527,.T.);
#808=ORIENTED_EDGE('',*,*,#1831,.F.);
#809=ORIENTED_EDGE('',*,*,#1722,.F.);
#810=ORIENTED_EDGE('',*,*,#1509,.F.);
#811=ORIENTED_EDGE('',*,*,#1611,.F.);
#812=ORIENTED_EDGE('',*,*,#1693,.F.);
#813=ORIENTED_EDGE('',*,*,#1828,.F.);
#814=ORIENTED_EDGE('',*,*,#1720,.F.);
#815=ORIENTED_EDGE('',*,*,#1827,.F.);
#816=ORIENTED_EDGE('',*,*,#1499,.F.);
#817=ORIENTED_EDGE('',*,*,#1825,.F.);
#818=ORIENTED_EDGE('',*,*,#1724,.F.);
#819=ORIENTED_EDGE('',*,*,#1707,.F.);
#820=ORIENTED_EDGE('',*,*,#1613,.F.);
#821=ORIENTED_EDGE('',*,*,#1712,.F.);
#822=ORIENTED_EDGE('',*,*,#1833,.T.);
#823=ORIENTED_EDGE('',*,*,#1505,.T.);
#824=ORIENTED_EDGE('',*,*,#1834,.F.);
#825=ORIENTED_EDGE('',*,*,#1761,.T.);
#826=ORIENTED_EDGE('',*,*,#1834,.T.);
#827=ORIENTED_EDGE('',*,*,#1504,.T.);
#828=ORIENTED_EDGE('',*,*,#1835,.F.);
#829=ORIENTED_EDGE('',*,*,#1762,.T.);
#830=ORIENTED_EDGE('',*,*,#1835,.T.);
#831=ORIENTED_EDGE('',*,*,#1507,.T.);
#832=ORIENTED_EDGE('',*,*,#1836,.F.);
#833=ORIENTED_EDGE('',*,*,#1763,.T.);
#834=ORIENTED_EDGE('',*,*,#1836,.T.);
#835=ORIENTED_EDGE('',*,*,#1506,.T.);
#836=ORIENTED_EDGE('',*,*,#1833,.F.);
#837=ORIENTED_EDGE('',*,*,#1760,.T.);
#838=ORIENTED_EDGE('',*,*,#1755,.F.);
#839=ORIENTED_EDGE('',*,*,#1773,.F.);
#840=ORIENTED_EDGE('',*,*,#1769,.F.);
#841=ORIENTED_EDGE('',*,*,#1764,.F.);
#842=ORIENTED_EDGE('',*,*,#1837,.F.);
#843=ORIENTED_EDGE('',*,*,#1838,.F.);
#844=ORIENTED_EDGE('',*,*,#1839,.F.);
#845=ORIENTED_EDGE('',*,*,#1840,.F.);
#846=ORIENTED_EDGE('',*,*,#1841,.T.);
#847=ORIENTED_EDGE('',*,*,#1842,.T.);
#848=ORIENTED_EDGE('',*,*,#1843,.F.);
#849=ORIENTED_EDGE('',*,*,#1844,.F.);
#850=ORIENTED_EDGE('',*,*,#1845,.T.);
#851=ORIENTED_EDGE('',*,*,#1846,.T.);
#852=ORIENTED_EDGE('',*,*,#1847,.T.);
#853=ORIENTED_EDGE('',*,*,#1848,.T.);
#854=ORIENTED_EDGE('',*,*,#1849,.F.);
#855=ORIENTED_EDGE('',*,*,#1850,.T.);
#856=ORIENTED_EDGE('',*,*,#1851,.T.);
#857=ORIENTED_EDGE('',*,*,#1852,.F.);
#858=ORIENTED_EDGE('',*,*,#1853,.T.);
#859=ORIENTED_EDGE('',*,*,#1854,.F.);
#860=ORIENTED_EDGE('',*,*,#1855,.F.);
#861=ORIENTED_EDGE('',*,*,#1856,.F.);
#862=ORIENTED_EDGE('',*,*,#1857,.F.);
#863=ORIENTED_EDGE('',*,*,#1858,.F.);
#864=ORIENTED_EDGE('',*,*,#1859,.T.);
#865=ORIENTED_EDGE('',*,*,#1860,.T.);
#866=ORIENTED_EDGE('',*,*,#1861,.T.);
#867=ORIENTED_EDGE('',*,*,#1862,.T.);
#868=ORIENTED_EDGE('',*,*,#1863,.F.);
#869=ORIENTED_EDGE('',*,*,#1864,.F.);
#870=ORIENTED_EDGE('',*,*,#1865,.T.);
#871=ORIENTED_EDGE('',*,*,#1866,.F.);
#872=ORIENTED_EDGE('',*,*,#1867,.T.);
#873=ORIENTED_EDGE('',*,*,#1868,.T.);
#874=ORIENTED_EDGE('',*,*,#1869,.T.);
#875=ORIENTED_EDGE('',*,*,#1870,.T.);
#876=ORIENTED_EDGE('',*,*,#1871,.F.);
#877=ORIENTED_EDGE('',*,*,#1872,.T.);
#878=ORIENTED_EDGE('',*,*,#1873,.T.);
#879=ORIENTED_EDGE('',*,*,#1874,.F.);
#880=ORIENTED_EDGE('',*,*,#1875,.F.);
#881=ORIENTED_EDGE('',*,*,#1876,.F.);
#882=ORIENTED_EDGE('',*,*,#1877,.T.);
#883=ORIENTED_EDGE('',*,*,#1878,.F.);
#884=ORIENTED_EDGE('',*,*,#1879,.F.);
#885=ORIENTED_EDGE('',*,*,#1880,.T.);
#886=ORIENTED_EDGE('',*,*,#1881,.F.);
#887=ORIENTED_EDGE('',*,*,#1882,.F.);
#888=ORIENTED_EDGE('',*,*,#1883,.T.);
#889=ORIENTED_EDGE('',*,*,#1884,.T.);
#890=ORIENTED_EDGE('',*,*,#1885,.T.);
#891=ORIENTED_EDGE('',*,*,#1886,.T.);
#892=ORIENTED_EDGE('',*,*,#1887,.F.);
#893=ORIENTED_EDGE('',*,*,#1878,.T.);
#894=ORIENTED_EDGE('',*,*,#1888,.T.);
#895=ORIENTED_EDGE('',*,*,#1889,.F.);
#896=ORIENTED_EDGE('',*,*,#1874,.T.);
#897=ORIENTED_EDGE('',*,*,#1890,.T.);
#898=ORIENTED_EDGE('',*,*,#1882,.T.);
#899=ORIENTED_EDGE('',*,*,#1891,.T.);
#900=ORIENTED_EDGE('',*,*,#1870,.F.);
#901=ORIENTED_EDGE('',*,*,#1892,.F.);
#902=ORIENTED_EDGE('',*,*,#1879,.T.);
#903=ORIENTED_EDGE('',*,*,#1887,.T.);
#904=ORIENTED_EDGE('',*,*,#1893,.T.);
#905=ORIENTED_EDGE('',*,*,#1865,.F.);
#906=ORIENTED_EDGE('',*,*,#1894,.F.);
#907=ORIENTED_EDGE('',*,*,#1895,.F.);
#908=ORIENTED_EDGE('',*,*,#1896,.T.);
#909=ORIENTED_EDGE('',*,*,#1897,.T.);
#910=ORIENTED_EDGE('',*,*,#1898,.F.);
#911=ORIENTED_EDGE('',*,*,#1880,.F.);
#912=ORIENTED_EDGE('',*,*,#1897,.F.);
#913=ORIENTED_EDGE('',*,*,#1899,.F.);
#914=ORIENTED_EDGE('',*,*,#1900,.F.);
#915=ORIENTED_EDGE('',*,*,#1901,.T.);
#916=ORIENTED_EDGE('',*,*,#1902,.F.);
#917=ORIENTED_EDGE('',*,*,#1890,.F.);
#918=ORIENTED_EDGE('',*,*,#1873,.F.);
#919=ORIENTED_EDGE('',*,*,#1903,.T.);
#920=ORIENTED_EDGE('',*,*,#1904,.F.);
#921=ORIENTED_EDGE('',*,*,#1905,.F.);
#922=ORIENTED_EDGE('',*,*,#1906,.F.);
#923=ORIENTED_EDGE('',*,*,#1888,.F.);
#924=ORIENTED_EDGE('',*,*,#1902,.T.);
#925=ORIENTED_EDGE('',*,*,#1907,.T.);
#926=ORIENTED_EDGE('',*,*,#1908,.F.);
#927=ORIENTED_EDGE('',*,*,#1909,.F.);
#928=ORIENTED_EDGE('',*,*,#1905,.T.);
#929=ORIENTED_EDGE('',*,*,#1910,.F.);
#930=ORIENTED_EDGE('',*,*,#1911,.F.);
#931=ORIENTED_EDGE('',*,*,#1912,.T.);
#932=ORIENTED_EDGE('',*,*,#1913,.F.);
#933=ORIENTED_EDGE('',*,*,#1914,.F.);
#934=ORIENTED_EDGE('',*,*,#1915,.F.);
#935=ORIENTED_EDGE('',*,*,#1916,.T.);
#936=ORIENTED_EDGE('',*,*,#1917,.F.);
#937=ORIENTED_EDGE('',*,*,#1918,.F.);
#938=ORIENTED_EDGE('',*,*,#1919,.T.);
#939=ORIENTED_EDGE('',*,*,#1920,.T.);
#940=ORIENTED_EDGE('',*,*,#1913,.T.);
#941=ORIENTED_EDGE('',*,*,#1921,.F.);
#942=ORIENTED_EDGE('',*,*,#1922,.F.);
#943=ORIENTED_EDGE('',*,*,#1894,.T.);
#944=ORIENTED_EDGE('',*,*,#1864,.T.);
#945=ORIENTED_EDGE('',*,*,#1851,.F.);
#946=ORIENTED_EDGE('',*,*,#1923,.T.);
#947=ORIENTED_EDGE('',*,*,#1924,.T.);
#948=ORIENTED_EDGE('',*,*,#1925,.T.);
#949=ORIENTED_EDGE('',*,*,#1926,.T.);
#950=ORIENTED_EDGE('',*,*,#1927,.T.);
#951=ORIENTED_EDGE('',*,*,#1928,.T.);
#952=ORIENTED_EDGE('',*,*,#1929,.T.);
#953=ORIENTED_EDGE('',*,*,#1930,.T.);
#954=ORIENTED_EDGE('',*,*,#1931,.F.);
#955=ORIENTED_EDGE('',*,*,#1932,.T.);
#956=ORIENTED_EDGE('',*,*,#1933,.T.);
#957=ORIENTED_EDGE('',*,*,#1934,.T.);
#958=ORIENTED_EDGE('',*,*,#1935,.T.);
#959=ORIENTED_EDGE('',*,*,#1936,.T.);
#960=ORIENTED_EDGE('',*,*,#1937,.T.);
#961=ORIENTED_EDGE('',*,*,#1938,.T.);
#962=ORIENTED_EDGE('',*,*,#1939,.T.);
#963=ORIENTED_EDGE('',*,*,#1940,.F.);
#964=ORIENTED_EDGE('',*,*,#1941,.F.);
#965=ORIENTED_EDGE('',*,*,#1942,.T.);
#966=ORIENTED_EDGE('',*,*,#1943,.T.);
#967=ORIENTED_EDGE('',*,*,#1930,.F.);
#968=ORIENTED_EDGE('',*,*,#1944,.T.);
#969=ORIENTED_EDGE('',*,*,#1945,.T.);
#970=ORIENTED_EDGE('',*,*,#1946,.T.);
#971=ORIENTED_EDGE('',*,*,#1947,.F.);
#972=ORIENTED_EDGE('',*,*,#1948,.F.);
#973=ORIENTED_EDGE('',*,*,#1949,.F.);
#974=ORIENTED_EDGE('',*,*,#1950,.F.);
#975=ORIENTED_EDGE('',*,*,#1938,.F.);
#976=ORIENTED_EDGE('',*,*,#1951,.F.);
#977=ORIENTED_EDGE('',*,*,#1952,.F.);
#978=ORIENTED_EDGE('',*,*,#1953,.F.);
#979=ORIENTED_EDGE('',*,*,#1954,.F.);
#980=ORIENTED_EDGE('',*,*,#1955,.F.);
#981=ORIENTED_EDGE('',*,*,#1956,.T.);
#982=ORIENTED_EDGE('',*,*,#1957,.T.);
#983=ORIENTED_EDGE('',*,*,#1958,.T.);
#984=ORIENTED_EDGE('',*,*,#1920,.F.);
#985=ORIENTED_EDGE('',*,*,#1959,.T.);
#986=ORIENTED_EDGE('',*,*,#1960,.F.);
#987=ORIENTED_EDGE('',*,*,#1961,.F.);
#988=ORIENTED_EDGE('',*,*,#1962,.F.);
#989=ORIENTED_EDGE('',*,*,#1963,.T.);
#990=ORIENTED_EDGE('',*,*,#1915,.T.);
#991=ORIENTED_EDGE('',*,*,#1914,.T.);
#992=ORIENTED_EDGE('',*,*,#1964,.F.);
#993=ORIENTED_EDGE('',*,*,#1965,.T.);
#994=ORIENTED_EDGE('',*,*,#1966,.T.);
#995=ORIENTED_EDGE('',*,*,#1967,.F.);
#996=ORIENTED_EDGE('',*,*,#1968,.T.);
#997=ORIENTED_EDGE('',*,*,#1969,.F.);
#998=ORIENTED_EDGE('',*,*,#1970,.F.);
#999=ORIENTED_EDGE('',*,*,#1971,.T.);
#1000=ORIENTED_EDGE('',*,*,#1972,.T.);
#1001=ORIENTED_EDGE('',*,*,#1973,.T.);
#1002=ORIENTED_EDGE('',*,*,#1974,.F.);
#1003=ORIENTED_EDGE('',*,*,#1975,.F.);
#1004=ORIENTED_EDGE('',*,*,#1976,.F.);
#1005=ORIENTED_EDGE('',*,*,#1977,.T.);
#1006=ORIENTED_EDGE('',*,*,#1978,.T.);
#1007=ORIENTED_EDGE('',*,*,#1979,.T.);
#1008=ORIENTED_EDGE('',*,*,#1980,.F.);
#1009=ORIENTED_EDGE('',*,*,#1981,.F.);
#1010=ORIENTED_EDGE('',*,*,#1982,.T.);
#1011=ORIENTED_EDGE('',*,*,#1983,.F.);
#1012=ORIENTED_EDGE('',*,*,#1984,.T.);
#1013=ORIENTED_EDGE('',*,*,#1985,.T.);
#1014=ORIENTED_EDGE('',*,*,#1908,.T.);
#1015=ORIENTED_EDGE('',*,*,#1986,.F.);
#1016=ORIENTED_EDGE('',*,*,#1987,.T.);
#1017=ORIENTED_EDGE('',*,*,#1962,.T.);
#1018=ORIENTED_EDGE('',*,*,#1988,.F.);
#1019=ORIENTED_EDGE('',*,*,#1989,.F.);
#1020=ORIENTED_EDGE('',*,*,#1990,.T.);
#1021=ORIENTED_EDGE('',*,*,#1954,.T.);
#1022=ORIENTED_EDGE('',*,*,#1991,.F.);
#1023=ORIENTED_EDGE('',*,*,#1926,.F.);
#1024=ORIENTED_EDGE('',*,*,#1932,.F.);
#1025=ORIENTED_EDGE('',*,*,#1992,.F.);
#1026=ORIENTED_EDGE('',*,*,#1949,.T.);
#1027=ORIENTED_EDGE('',*,*,#1993,.T.);
#1028=ORIENTED_EDGE('',*,*,#1993,.F.);
#1029=ORIENTED_EDGE('',*,*,#1958,.F.);
#1030=ORIENTED_EDGE('',*,*,#1994,.T.);
#1031=ORIENTED_EDGE('',*,*,#1933,.F.);
#1032=ORIENTED_EDGE('',*,*,#1960,.T.);
#1033=ORIENTED_EDGE('',*,*,#1995,.T.);
#1034=ORIENTED_EDGE('',*,*,#1996,.T.);
#1035=ORIENTED_EDGE('',*,*,#1997,.T.);
#1036=ORIENTED_EDGE('',*,*,#1998,.T.);
#1037=ORIENTED_EDGE('',*,*,#1999,.T.);
#1038=ORIENTED_EDGE('',*,*,#2000,.F.);
#1039=ORIENTED_EDGE('',*,*,#2001,.F.);
#1040=ORIENTED_EDGE('',*,*,#2002,.T.);
#1041=ORIENTED_EDGE('',*,*,#2003,.T.);
#1042=ORIENTED_EDGE('',*,*,#1997,.F.);
#1043=ORIENTED_EDGE('',*,*,#2004,.T.);
#1044=ORIENTED_EDGE('',*,*,#1988,.T.);
#1045=ORIENTED_EDGE('',*,*,#1961,.T.);
#1046=ORIENTED_EDGE('',*,*,#1924,.F.);
#1047=ORIENTED_EDGE('',*,*,#2005,.T.);
#1048=ORIENTED_EDGE('',*,*,#2006,.F.);
#1049=ORIENTED_EDGE('',*,*,#2007,.T.);
#1050=ORIENTED_EDGE('',*,*,#2008,.T.);
#1051=ORIENTED_EDGE('',*,*,#2009,.F.);
#1052=ORIENTED_EDGE('',*,*,#2010,.F.);
#1053=ORIENTED_EDGE('',*,*,#2011,.F.);
#1054=ORIENTED_EDGE('',*,*,#2012,.F.);
#1055=ORIENTED_EDGE('',*,*,#2013,.T.);
#1056=ORIENTED_EDGE('',*,*,#2014,.F.);
#1057=ORIENTED_EDGE('',*,*,#1990,.F.);
#1058=ORIENTED_EDGE('',*,*,#2015,.F.);
#1059=ORIENTED_EDGE('',*,*,#2016,.T.);
#1060=ORIENTED_EDGE('',*,*,#2017,.F.);
#1061=ORIENTED_EDGE('',*,*,#2018,.T.);
#1062=ORIENTED_EDGE('',*,*,#2001,.T.);
#1063=ORIENTED_EDGE('',*,*,#2000,.T.);
#1064=ORIENTED_EDGE('',*,*,#2019,.F.);
#1065=ORIENTED_EDGE('',*,*,#2020,.T.);
#1066=ORIENTED_EDGE('',*,*,#2021,.T.);
#1067=ORIENTED_EDGE('',*,*,#2022,.T.);
#1068=ORIENTED_EDGE('',*,*,#1983,.T.);
#1069=ORIENTED_EDGE('',*,*,#2023,.T.);
#1070=ORIENTED_EDGE('',*,*,#2015,.T.);
#1071=ORIENTED_EDGE('',*,*,#1925,.F.);
#1072=ORIENTED_EDGE('',*,*,#2024,.T.);
#1073=ORIENTED_EDGE('',*,*,#2025,.T.);
#1074=ORIENTED_EDGE('',*,*,#1935,.F.);
#1075=ORIENTED_EDGE('',*,*,#2026,.T.);
#1076=ORIENTED_EDGE('',*,*,#2027,.T.);
#1077=ORIENTED_EDGE('',*,*,#1937,.F.);
#1078=ORIENTED_EDGE('',*,*,#2028,.T.);
#1079=ORIENTED_EDGE('',*,*,#2029,.T.);
#1080=ORIENTED_EDGE('',*,*,#1858,.T.);
#1081=ORIENTED_EDGE('',*,*,#2030,.T.);
#1082=ORIENTED_EDGE('',*,*,#2031,.F.);
#1083=ORIENTED_EDGE('',*,*,#2032,.F.);
#1084=ORIENTED_EDGE('',*,*,#1852,.T.);
#1085=ORIENTED_EDGE('',*,*,#2033,.T.);
#1086=ORIENTED_EDGE('',*,*,#2034,.F.);
#1087=ORIENTED_EDGE('',*,*,#1853,.F.);
#1088=ORIENTED_EDGE('',*,*,#2032,.T.);
#1089=ORIENTED_EDGE('',*,*,#2035,.F.);
#1090=ORIENTED_EDGE('',*,*,#2036,.F.);
#1091=ORIENTED_EDGE('',*,*,#1854,.T.);
#1092=ORIENTED_EDGE('',*,*,#2034,.T.);
#1093=ORIENTED_EDGE('',*,*,#2037,.F.);
#1094=ORIENTED_EDGE('',*,*,#2038,.F.);
#1095=ORIENTED_EDGE('',*,*,#1855,.T.);
#1096=ORIENTED_EDGE('',*,*,#2036,.T.);
#1097=ORIENTED_EDGE('',*,*,#2039,.F.);
#1098=ORIENTED_EDGE('',*,*,#2040,.F.);
#1099=ORIENTED_EDGE('',*,*,#1856,.T.);
#1100=ORIENTED_EDGE('',*,*,#2038,.T.);
#1101=ORIENTED_EDGE('',*,*,#2041,.T.);
#1102=ORIENTED_EDGE('',*,*,#2042,.F.);
#1103=ORIENTED_EDGE('',*,*,#1841,.F.);
#1104=ORIENTED_EDGE('',*,*,#2043,.T.);
#1105=ORIENTED_EDGE('',*,*,#2044,.T.);
#1106=ORIENTED_EDGE('',*,*,#2045,.F.);
#1107=ORIENTED_EDGE('',*,*,#1842,.F.);
#1108=ORIENTED_EDGE('',*,*,#2042,.T.);
#1109=ORIENTED_EDGE('',*,*,#2046,.F.);
#1110=ORIENTED_EDGE('',*,*,#2047,.F.);
#1111=ORIENTED_EDGE('',*,*,#1843,.T.);
#1112=ORIENTED_EDGE('',*,*,#2045,.T.);
#1113=ORIENTED_EDGE('',*,*,#1848,.F.);
#1114=ORIENTED_EDGE('',*,*,#2048,.T.);
#1115=ORIENTED_EDGE('',*,*,#1847,.F.);
#1116=ORIENTED_EDGE('',*,*,#2049,.T.);
#1117=ORIENTED_EDGE('',*,*,#2050,.F.);
#1118=ORIENTED_EDGE('',*,*,#2051,.T.);
#1119=ORIENTED_EDGE('',*,*,#2006,.T.);
#1120=ORIENTED_EDGE('',*,*,#2052,.T.);
#1121=ORIENTED_EDGE('',*,*,#2053,.F.);
#1122=ORIENTED_EDGE('',*,*,#1846,.F.);
#1123=ORIENTED_EDGE('',*,*,#2054,.T.);
#1124=ORIENTED_EDGE('',*,*,#1845,.F.);
#1125=ORIENTED_EDGE('',*,*,#2055,.T.);
#1126=ORIENTED_EDGE('',*,*,#2056,.F.);
#1127=ORIENTED_EDGE('',*,*,#2043,.F.);
#1128=ORIENTED_EDGE('',*,*,#1844,.T.);
#1129=ORIENTED_EDGE('',*,*,#2047,.T.);
#1130=ORIENTED_EDGE('',*,*,#2057,.F.);
#1131=ORIENTED_EDGE('',*,*,#2030,.F.);
#1132=ORIENTED_EDGE('',*,*,#1857,.T.);
#1133=ORIENTED_EDGE('',*,*,#2040,.T.);
#1134=ORIENTED_EDGE('',*,*,#2041,.F.);
#1135=ORIENTED_EDGE('',*,*,#2056,.T.);
#1136=ORIENTED_EDGE('',*,*,#2046,.T.);
#1137=ORIENTED_EDGE('',*,*,#2044,.F.);
#1138=ORIENTED_EDGE('',*,*,#2055,.F.);
#1139=ORIENTED_EDGE('',*,*,#2054,.F.);
#1140=ORIENTED_EDGE('',*,*,#2053,.T.);
#1141=ORIENTED_EDGE('',*,*,#2050,.T.);
#1142=ORIENTED_EDGE('',*,*,#2049,.F.);
#1143=ORIENTED_EDGE('',*,*,#2048,.F.);
#1144=ORIENTED_EDGE('',*,*,#2031,.T.);
#1145=ORIENTED_EDGE('',*,*,#2057,.T.);
#1146=ORIENTED_EDGE('',*,*,#2039,.T.);
#1147=ORIENTED_EDGE('',*,*,#2037,.T.);
#1148=ORIENTED_EDGE('',*,*,#2035,.T.);
#1149=ORIENTED_EDGE('',*,*,#2033,.F.);
#1150=ORIENTED_EDGE('',*,*,#2008,.F.);
#1151=ORIENTED_EDGE('',*,*,#2058,.T.);
#1152=ORIENTED_EDGE('',*,*,#1849,.T.);
#1153=ORIENTED_EDGE('',*,*,#2029,.F.);
#1154=ORIENTED_EDGE('',*,*,#2059,.F.);
#1155=ORIENTED_EDGE('',*,*,#2024,.F.);
#1156=ORIENTED_EDGE('',*,*,#2060,.T.);
#1157=ORIENTED_EDGE('',*,*,#2061,.T.);
#1158=ORIENTED_EDGE('',*,*,#2009,.T.);
#1159=ORIENTED_EDGE('',*,*,#2059,.T.);
#1160=ORIENTED_EDGE('',*,*,#2062,.T.);
#1161=ORIENTED_EDGE('',*,*,#2027,.F.);
#1162=ORIENTED_EDGE('',*,*,#2063,.T.);
#1163=ORIENTED_EDGE('',*,*,#1956,.F.);
#1164=ORIENTED_EDGE('',*,*,#2064,.F.);
#1165=ORIENTED_EDGE('',*,*,#2060,.F.);
#1166=ORIENTED_EDGE('',*,*,#2065,.T.);
#1167=ORIENTED_EDGE('',*,*,#2066,.T.);
#1168=ORIENTED_EDGE('',*,*,#2067,.F.);
#1169=ORIENTED_EDGE('',*,*,#2016,.F.);
#1170=ORIENTED_EDGE('',*,*,#1999,.F.);
#1171=ORIENTED_EDGE('',*,*,#2068,.T.);
#1172=ORIENTED_EDGE('',*,*,#2069,.T.);
#1173=ORIENTED_EDGE('',*,*,#1971,.F.);
#1174=ORIENTED_EDGE('',*,*,#2070,.F.);
#1175=ORIENTED_EDGE('',*,*,#1976,.T.);
#1176=ORIENTED_EDGE('',*,*,#1871,.T.);
#1177=ORIENTED_EDGE('',*,*,#1876,.T.);
#1178=ORIENTED_EDGE('',*,*,#1934,.F.);
#1179=ORIENTED_EDGE('',*,*,#1994,.F.);
#1180=ORIENTED_EDGE('',*,*,#1957,.F.);
#1181=ORIENTED_EDGE('',*,*,#2063,.F.);
#1182=ORIENTED_EDGE('',*,*,#2026,.F.);
#1183=ORIENTED_EDGE('',*,*,#2021,.F.);
#1184=ORIENTED_EDGE('',*,*,#2071,.T.);
#1185=ORIENTED_EDGE('',*,*,#2072,.T.);
#1186=ORIENTED_EDGE('',*,*,#2073,.F.);
#1187=ORIENTED_EDGE('',*,*,#2074,.T.);
#1188=ORIENTED_EDGE('',*,*,#2075,.T.);
#1189=ORIENTED_EDGE('',*,*,#2019,.T.);
#1190=ORIENTED_EDGE('',*,*,#2011,.T.);
#1191=ORIENTED_EDGE('',*,*,#2076,.T.);
#1192=ORIENTED_EDGE('',*,*,#2077,.T.);
#1193=ORIENTED_EDGE('',*,*,#1899,.T.);
#1194=ORIENTED_EDGE('',*,*,#2078,.T.);
#1195=ORIENTED_EDGE('',*,*,#2079,.T.);
#1196=ORIENTED_EDGE('',*,*,#2080,.F.);
#1197=ORIENTED_EDGE('',*,*,#2081,.T.);
#1198=ORIENTED_EDGE('',*,*,#1900,.T.);
#1199=ORIENTED_EDGE('',*,*,#2077,.F.);
#1200=ORIENTED_EDGE('',*,*,#2082,.F.);
#1201=ORIENTED_EDGE('',*,*,#2080,.T.);
#1202=ORIENTED_EDGE('',*,*,#2079,.F.);
#1203=ORIENTED_EDGE('',*,*,#2083,.T.);
#1204=ORIENTED_EDGE('',*,*,#2081,.F.);
#1205=ORIENTED_EDGE('',*,*,#2082,.T.);
#1206=ORIENTED_EDGE('',*,*,#2084,.T.);
#1207=ORIENTED_EDGE('',*,*,#1986,.T.);
#1208=ORIENTED_EDGE('',*,*,#1907,.F.);
#1209=ORIENTED_EDGE('',*,*,#1901,.F.);
#1210=ORIENTED_EDGE('',*,*,#2067,.T.);
#1211=ORIENTED_EDGE('',*,*,#1979,.F.);
#1212=ORIENTED_EDGE('',*,*,#2085,.F.);
#1213=ORIENTED_EDGE('',*,*,#2017,.T.);
#1214=ORIENTED_EDGE('',*,*,#2086,.F.);
#1215=ORIENTED_EDGE('',*,*,#2068,.F.);
#1216=ORIENTED_EDGE('',*,*,#1998,.F.);
#1217=ORIENTED_EDGE('',*,*,#2003,.F.);
#1218=ORIENTED_EDGE('',*,*,#2087,.T.);
#1219=ORIENTED_EDGE('',*,*,#2061,.F.);
#1220=ORIENTED_EDGE('',*,*,#2064,.T.);
#1221=ORIENTED_EDGE('',*,*,#1955,.T.);
#1222=ORIENTED_EDGE('',*,*,#2014,.T.);
#1223=ORIENTED_EDGE('',*,*,#2088,.F.);
#1224=ORIENTED_EDGE('',*,*,#2072,.F.);
#1225=ORIENTED_EDGE('',*,*,#2089,.T.);
#1226=ORIENTED_EDGE('',*,*,#2076,.F.);
#1227=ORIENTED_EDGE('',*,*,#2010,.T.);
#1228=ORIENTED_EDGE('',*,*,#2088,.T.);
#1229=ORIENTED_EDGE('',*,*,#2013,.F.);
#1230=ORIENTED_EDGE('',*,*,#2090,.T.);
#1231=ORIENTED_EDGE('',*,*,#1981,.T.);
#1232=ORIENTED_EDGE('',*,*,#2004,.F.);
#1233=ORIENTED_EDGE('',*,*,#1996,.F.);
#1234=ORIENTED_EDGE('',*,*,#2091,.T.);
#1235=ORIENTED_EDGE('',*,*,#2092,.T.);
#1236=ORIENTED_EDGE('',*,*,#2093,.T.);
#1237=ORIENTED_EDGE('',*,*,#2094,.T.);
#1238=ORIENTED_EDGE('',*,*,#2095,.T.);
#1239=ORIENTED_EDGE('',*,*,#2073,.T.);
#1240=ORIENTED_EDGE('',*,*,#2096,.F.);
#1241=ORIENTED_EDGE('',*,*,#2097,.F.);
#1242=ORIENTED_EDGE('',*,*,#2098,.F.);
#1243=ORIENTED_EDGE('',*,*,#2099,.F.);
#1244=ORIENTED_EDGE('',*,*,#2100,.F.);
#1245=ORIENTED_EDGE('',*,*,#2101,.T.);
#1246=ORIENTED_EDGE('',*,*,#2093,.F.);
#1247=ORIENTED_EDGE('',*,*,#2102,.F.);
#1248=ORIENTED_EDGE('',*,*,#1985,.F.);
#1249=ORIENTED_EDGE('',*,*,#2103,.T.);
#1250=ORIENTED_EDGE('',*,*,#2104,.T.);
#1251=ORIENTED_EDGE('',*,*,#2100,.T.);
#1252=ORIENTED_EDGE('',*,*,#2105,.F.);
#1253=ORIENTED_EDGE('',*,*,#2106,.T.);
#1254=ORIENTED_EDGE('',*,*,#1906,.T.);
#1255=ORIENTED_EDGE('',*,*,#1909,.T.);
#1256=ORIENTED_EDGE('',*,*,#2102,.T.);
#1257=ORIENTED_EDGE('',*,*,#2092,.F.);
#1258=ORIENTED_EDGE('',*,*,#2107,.T.);
#1259=ORIENTED_EDGE('',*,*,#2105,.T.);
#1260=ORIENTED_EDGE('',*,*,#2108,.F.);
#1261=ORIENTED_EDGE('',*,*,#1903,.F.);
#1262=ORIENTED_EDGE('',*,*,#2106,.F.);
#1263=ORIENTED_EDGE('',*,*,#2107,.F.);
#1264=ORIENTED_EDGE('',*,*,#2091,.F.);
#1265=ORIENTED_EDGE('',*,*,#1995,.F.);
#1266=ORIENTED_EDGE('',*,*,#1959,.F.);
#1267=ORIENTED_EDGE('',*,*,#1919,.F.);
#1268=ORIENTED_EDGE('',*,*,#2095,.F.);
#1269=ORIENTED_EDGE('',*,*,#2109,.T.);
#1270=ORIENTED_EDGE('',*,*,#2103,.F.);
#1271=ORIENTED_EDGE('',*,*,#1984,.F.);
#1272=ORIENTED_EDGE('',*,*,#2022,.F.);
#1273=ORIENTED_EDGE('',*,*,#2074,.F.);
#1274=ORIENTED_EDGE('',*,*,#2090,.F.);
#1275=ORIENTED_EDGE('',*,*,#2012,.T.);
#1276=ORIENTED_EDGE('',*,*,#2023,.F.);
#1277=ORIENTED_EDGE('',*,*,#1982,.F.);
#1278=ORIENTED_EDGE('',*,*,#1970,.T.);
#1279=ORIENTED_EDGE('',*,*,#2110,.F.);
#1280=ORIENTED_EDGE('',*,*,#1977,.F.);
#1281=ORIENTED_EDGE('',*,*,#2070,.T.);
#1282=ORIENTED_EDGE('',*,*,#2086,.T.);
#1283=ORIENTED_EDGE('',*,*,#2111,.T.);
#1284=ORIENTED_EDGE('',*,*,#1968,.F.);
#1285=ORIENTED_EDGE('',*,*,#2069,.F.);
#1286=ORIENTED_EDGE('',*,*,#2112,.T.);
#1287=ORIENTED_EDGE('',*,*,#1965,.F.);
#1288=ORIENTED_EDGE('',*,*,#2113,.F.);
#1289=ORIENTED_EDGE('',*,*,#1973,.F.);
#1290=ORIENTED_EDGE('',*,*,#1974,.T.);
#1291=ORIENTED_EDGE('',*,*,#2113,.T.);
#1292=ORIENTED_EDGE('',*,*,#1964,.T.);
#1293=ORIENTED_EDGE('',*,*,#2114,.F.);
#1294=ORIENTED_EDGE('',*,*,#1975,.T.);
#1295=ORIENTED_EDGE('',*,*,#2114,.T.);
#1296=ORIENTED_EDGE('',*,*,#1967,.T.);
#1297=ORIENTED_EDGE('',*,*,#2115,.F.);
#1298=ORIENTED_EDGE('',*,*,#2115,.T.);
#1299=ORIENTED_EDGE('',*,*,#1966,.F.);
#1300=ORIENTED_EDGE('',*,*,#2112,.F.);
#1301=ORIENTED_EDGE('',*,*,#1972,.F.);
#1302=ORIENTED_EDGE('',*,*,#2116,.T.);
#1303=ORIENTED_EDGE('',*,*,#2117,.T.);
#1304=ORIENTED_EDGE('',*,*,#1945,.F.);
#1305=ORIENTED_EDGE('',*,*,#2118,.F.);
#1306=ORIENTED_EDGE('',*,*,#1944,.F.);
#1307=ORIENTED_EDGE('',*,*,#1929,.F.);
#1308=ORIENTED_EDGE('',*,*,#2119,.T.);
#1309=ORIENTED_EDGE('',*,*,#2118,.T.);
#1310=ORIENTED_EDGE('',*,*,#2119,.F.);
#1311=ORIENTED_EDGE('',*,*,#1928,.F.);
#1312=ORIENTED_EDGE('',*,*,#2120,.T.);
#1313=ORIENTED_EDGE('',*,*,#1952,.T.);
#1314=ORIENTED_EDGE('',*,*,#2121,.F.);
#1315=ORIENTED_EDGE('',*,*,#2122,.T.);
#1316=ORIENTED_EDGE('',*,*,#2123,.F.);
#1317=ORIENTED_EDGE('',*,*,#2116,.F.);
#1318=ORIENTED_EDGE('',*,*,#2066,.F.);
#1319=ORIENTED_EDGE('',*,*,#2117,.F.);
#1320=ORIENTED_EDGE('',*,*,#2123,.T.);
#1321=ORIENTED_EDGE('',*,*,#2124,.T.);
#1322=ORIENTED_EDGE('',*,*,#1946,.F.);
#1323=ORIENTED_EDGE('',*,*,#2124,.F.);
#1324=ORIENTED_EDGE('',*,*,#2122,.F.);
#1325=ORIENTED_EDGE('',*,*,#2125,.T.);
#1326=ORIENTED_EDGE('',*,*,#1947,.T.);
#1327=ORIENTED_EDGE('',*,*,#1991,.T.);
#1328=ORIENTED_EDGE('',*,*,#1953,.T.);
#1329=ORIENTED_EDGE('',*,*,#2120,.F.);
#1330=ORIENTED_EDGE('',*,*,#1927,.F.);
#1331=ORIENTED_EDGE('',*,*,#2121,.T.);
#1332=ORIENTED_EDGE('',*,*,#1951,.T.);
#1333=ORIENTED_EDGE('',*,*,#1948,.T.);
#1334=ORIENTED_EDGE('',*,*,#2125,.F.);
#1335=ORIENTED_EDGE('',*,*,#2126,.F.);
#1336=ORIENTED_EDGE('',*,*,#2127,.F.);
#1337=ORIENTED_EDGE('',*,*,#1875,.T.);
#1338=ORIENTED_EDGE('',*,*,#1889,.T.);
#1339=ORIENTED_EDGE('',*,*,#2128,.F.);
#1340=ORIENTED_EDGE('',*,*,#2129,.F.);
#1341=ORIENTED_EDGE('',*,*,#2130,.T.);
#1342=ORIENTED_EDGE('',*,*,#2131,.T.);
#1343=ORIENTED_EDGE('',*,*,#1941,.T.);
#1344=ORIENTED_EDGE('',*,*,#2132,.F.);
#1345=ORIENTED_EDGE('',*,*,#2133,.F.);
#1346=ORIENTED_EDGE('',*,*,#2065,.F.);
#1347=ORIENTED_EDGE('',*,*,#2134,.T.);
#1348=ORIENTED_EDGE('',*,*,#2135,.T.);
#1349=ORIENTED_EDGE('',*,*,#1942,.F.);
#1350=ORIENTED_EDGE('',*,*,#2131,.F.);
#1351=ORIENTED_EDGE('',*,*,#2136,.F.);
#1352=ORIENTED_EDGE('',*,*,#2134,.F.);
#1353=ORIENTED_EDGE('',*,*,#2133,.T.);
#1354=ORIENTED_EDGE('',*,*,#2137,.T.);
#1355=ORIENTED_EDGE('',*,*,#2138,.F.);
#1356=ORIENTED_EDGE('',*,*,#2137,.F.);
#1357=ORIENTED_EDGE('',*,*,#2132,.T.);
#1358=ORIENTED_EDGE('',*,*,#1940,.T.);
#1359=ORIENTED_EDGE('',*,*,#1950,.T.);
#1360=ORIENTED_EDGE('',*,*,#1992,.T.);
#1361=ORIENTED_EDGE('',*,*,#1931,.T.);
#1362=ORIENTED_EDGE('',*,*,#1943,.F.);
#1363=ORIENTED_EDGE('',*,*,#2135,.F.);
#1364=ORIENTED_EDGE('',*,*,#2136,.T.);
#1365=ORIENTED_EDGE('',*,*,#2138,.T.);
#1366=ORIENTED_EDGE('',*,*,#1939,.F.);
#1367=ORIENTED_EDGE('',*,*,#2139,.F.);
#1368=ORIENTED_EDGE('',*,*,#1911,.T.);
#1369=ORIENTED_EDGE('',*,*,#1917,.T.);
#1370=ORIENTED_EDGE('',*,*,#1895,.T.);
#1371=ORIENTED_EDGE('',*,*,#1922,.T.);
#1372=ORIENTED_EDGE('',*,*,#2140,.T.);
#1373=ORIENTED_EDGE('',*,*,#2141,.T.);
#1374=ORIENTED_EDGE('',*,*,#2142,.T.);
#1375=ORIENTED_EDGE('',*,*,#2143,.T.);
#1376=ORIENTED_EDGE('',*,*,#1978,.F.);
#1377=ORIENTED_EDGE('',*,*,#2110,.T.);
#1378=ORIENTED_EDGE('',*,*,#1969,.T.);
#1379=ORIENTED_EDGE('',*,*,#2111,.F.);
#1380=ORIENTED_EDGE('',*,*,#2087,.F.);
#1381=ORIENTED_EDGE('',*,*,#2002,.F.);
#1382=ORIENTED_EDGE('',*,*,#2018,.F.);
#1383=ORIENTED_EDGE('',*,*,#2085,.T.);
#1384=ORIENTED_EDGE('',*,*,#1896,.F.);
#1385=ORIENTED_EDGE('',*,*,#1916,.F.);
#1386=ORIENTED_EDGE('',*,*,#1963,.F.);
#1387=ORIENTED_EDGE('',*,*,#1987,.F.);
#1388=ORIENTED_EDGE('',*,*,#2084,.F.);
#1389=ORIENTED_EDGE('',*,*,#2083,.F.);
#1390=ORIENTED_EDGE('',*,*,#2078,.F.);
#1391=ORIENTED_EDGE('',*,*,#2144,.F.);
#1392=ORIENTED_EDGE('',*,*,#2144,.T.);
#1393=ORIENTED_EDGE('',*,*,#2140,.F.);
#1394=ORIENTED_EDGE('',*,*,#2145,.F.);
#1395=ORIENTED_EDGE('',*,*,#2145,.T.);
#1396=ORIENTED_EDGE('',*,*,#2141,.F.);
#1397=ORIENTED_EDGE('',*,*,#2146,.F.);
#1398=ORIENTED_EDGE('',*,*,#2146,.T.);
#1399=ORIENTED_EDGE('',*,*,#2142,.F.);
#1400=ORIENTED_EDGE('',*,*,#2147,.F.);
#1401=ORIENTED_EDGE('',*,*,#2147,.T.);
#1402=ORIENTED_EDGE('',*,*,#2143,.F.);
#1403=ORIENTED_EDGE('',*,*,#1863,.T.);
#1404=ORIENTED_EDGE('',*,*,#1904,.T.);
#1405=ORIENTED_EDGE('',*,*,#2108,.T.);
#1406=ORIENTED_EDGE('',*,*,#1918,.T.);
#1407=ORIENTED_EDGE('',*,*,#1912,.F.);
#1408=ORIENTED_EDGE('',*,*,#2139,.T.);
#1409=ORIENTED_EDGE('',*,*,#1921,.T.);
#1410=ORIENTED_EDGE('',*,*,#1893,.F.);
#1411=ORIENTED_EDGE('',*,*,#1886,.F.);
#1412=ORIENTED_EDGE('',*,*,#2148,.T.);
#1413=ORIENTED_EDGE('',*,*,#1866,.T.);
#1414=ORIENTED_EDGE('',*,*,#1885,.F.);
#1415=ORIENTED_EDGE('',*,*,#2149,.F.);
#1416=ORIENTED_EDGE('',*,*,#2150,.F.);
#1417=ORIENTED_EDGE('',*,*,#2151,.T.);
#1418=ORIENTED_EDGE('',*,*,#1867,.F.);
#1419=ORIENTED_EDGE('',*,*,#2148,.F.);
#1420=ORIENTED_EDGE('',*,*,#1892,.T.);
#1421=ORIENTED_EDGE('',*,*,#1869,.F.);
#1422=ORIENTED_EDGE('',*,*,#2152,.F.);
#1423=ORIENTED_EDGE('',*,*,#2153,.T.);
#1424=ORIENTED_EDGE('',*,*,#2154,.T.);
#1425=ORIENTED_EDGE('',*,*,#1883,.F.);
#1426=ORIENTED_EDGE('',*,*,#2151,.F.);
#1427=ORIENTED_EDGE('',*,*,#2155,.T.);
#1428=ORIENTED_EDGE('',*,*,#2152,.T.);
#1429=ORIENTED_EDGE('',*,*,#1868,.F.);
#1430=ORIENTED_EDGE('',*,*,#1884,.F.);
#1431=ORIENTED_EDGE('',*,*,#2154,.F.);
#1432=ORIENTED_EDGE('',*,*,#2156,.T.);
#1433=ORIENTED_EDGE('',*,*,#2149,.T.);
#1434=ORIENTED_EDGE('',*,*,#2153,.F.);
#1435=ORIENTED_EDGE('',*,*,#2155,.F.);
#1436=ORIENTED_EDGE('',*,*,#2150,.T.);
#1437=ORIENTED_EDGE('',*,*,#2156,.F.);
#1438=ORIENTED_EDGE('',*,*,#2128,.T.);
#1439=ORIENTED_EDGE('',*,*,#1910,.T.);
#1440=ORIENTED_EDGE('',*,*,#2157,.F.);
#1441=ORIENTED_EDGE('',*,*,#1862,.F.);
#1442=ORIENTED_EDGE('',*,*,#2158,.T.);
#1443=ORIENTED_EDGE('',*,*,#2129,.T.);
#1444=ORIENTED_EDGE('',*,*,#2157,.T.);
#1445=ORIENTED_EDGE('',*,*,#2130,.F.);
#1446=ORIENTED_EDGE('',*,*,#2158,.F.);
#1447=ORIENTED_EDGE('',*,*,#1861,.F.);
#1448=ORIENTED_EDGE('',*,*,#2159,.F.);
#1449=ORIENTED_EDGE('',*,*,#1989,.T.);
#1450=ORIENTED_EDGE('',*,*,#1980,.T.);
#1451=ORIENTED_EDGE('',*,*,#2159,.T.);
#1452=ORIENTED_EDGE('',*,*,#1860,.F.);
#1453=ORIENTED_EDGE('',*,*,#2160,.F.);
#1454=ORIENTED_EDGE('',*,*,#2126,.T.);
#1455=ORIENTED_EDGE('',*,*,#2127,.T.);
#1456=ORIENTED_EDGE('',*,*,#2160,.T.);
#1457=ORIENTED_EDGE('',*,*,#1859,.F.);
#1458=ORIENTED_EDGE('',*,*,#1891,.F.);
#1459=ORIENTED_EDGE('',*,*,#1881,.T.);
#1460=ORIENTED_EDGE('',*,*,#1877,.F.);
#1461=ORIENTED_EDGE('',*,*,#1898,.T.);
#1462=ORIENTED_EDGE('',*,*,#1872,.F.);
#1463=ORIENTED_EDGE('',*,*,#2089,.F.);
#1464=ORIENTED_EDGE('',*,*,#2071,.F.);
#1465=ORIENTED_EDGE('',*,*,#2020,.F.);
#1466=ORIENTED_EDGE('',*,*,#2075,.F.);
#1467=ORIENTED_EDGE('',*,*,#2052,.F.);
#1468=ORIENTED_EDGE('',*,*,#2005,.F.);
#1469=ORIENTED_EDGE('',*,*,#1923,.F.);
#1470=ORIENTED_EDGE('',*,*,#1850,.F.);
#1471=ORIENTED_EDGE('',*,*,#2058,.F.);
#1472=ORIENTED_EDGE('',*,*,#2007,.F.);
#1473=ORIENTED_EDGE('',*,*,#2051,.F.);
#1474=ORIENTED_EDGE('',*,*,#2062,.F.);
#1475=ORIENTED_EDGE('',*,*,#2028,.F.);
#1476=ORIENTED_EDGE('',*,*,#1936,.F.);
#1477=ORIENTED_EDGE('',*,*,#2025,.F.);
#1478=ORIENTED_EDGE('',*,*,#2161,.T.);
#1479=ORIENTED_EDGE('',*,*,#1839,.T.);
#1480=ORIENTED_EDGE('',*,*,#2162,.F.);
#1481=ORIENTED_EDGE('',*,*,#2097,.T.);
#1482=ORIENTED_EDGE('',*,*,#2162,.T.);
#1483=ORIENTED_EDGE('',*,*,#1838,.T.);
#1484=ORIENTED_EDGE('',*,*,#2163,.F.);
#1485=ORIENTED_EDGE('',*,*,#2098,.T.);
#1486=ORIENTED_EDGE('',*,*,#2163,.T.);
#1487=ORIENTED_EDGE('',*,*,#1837,.T.);
#1488=ORIENTED_EDGE('',*,*,#2164,.F.);
#1489=ORIENTED_EDGE('',*,*,#2099,.T.);
#1490=ORIENTED_EDGE('',*,*,#2164,.T.);
#1491=ORIENTED_EDGE('',*,*,#1840,.T.);
#1492=ORIENTED_EDGE('',*,*,#2161,.F.);
#1493=ORIENTED_EDGE('',*,*,#2096,.T.);
#1494=ORIENTED_EDGE('',*,*,#2094,.F.);
#1495=ORIENTED_EDGE('',*,*,#2101,.F.);
#1496=ORIENTED_EDGE('',*,*,#2104,.F.);
#1497=ORIENTED_EDGE('',*,*,#2109,.F.);
#1498=EDGE_CURVE('',#2165,#2166,#2630,.T.);
#1499=EDGE_CURVE('',#2165,#2167,#2631,.T.);
#1500=EDGE_CURVE('',#2168,#2167,#102,.T.);
#1501=EDGE_CURVE('',#2168,#2169,#2632,.T.);
#1502=EDGE_CURVE('',#2169,#2170,#2633,.T.);
#1503=EDGE_CURVE('',#2170,#2166,#103,.T.);
#1504=EDGE_CURVE('',#2171,#2172,#2634,.T.);
#1505=EDGE_CURVE('',#2173,#2171,#2635,.T.);
#1506=EDGE_CURVE('',#2174,#2173,#2636,.T.);
#1507=EDGE_CURVE('',#2172,#2174,#2637,.T.);
#1508=EDGE_CURVE('',#2175,#2176,#2638,.T.);
#1509=EDGE_CURVE('',#2175,#2177,#2639,.F.);
#1510=EDGE_CURVE('',#2177,#2178,#2640,.T.);
#1511=EDGE_CURVE('',#2178,#2179,#2641,.T.);
#1512=EDGE_CURVE('',#2179,#2180,#2642,.T.);
#1513=EDGE_CURVE('',#2180,#2181,#2643,.T.);
#1514=EDGE_CURVE('',#2181,#2182,#2644,.T.);
#1515=EDGE_CURVE('',#2182,#2183,#2645,.T.);
#1516=EDGE_CURVE('',#2184,#2183,#2646,.T.);
#1517=EDGE_CURVE('',#2184,#2176,#2647,.T.);
#1518=EDGE_CURVE('',#2185,#2185,#104,.T.);
#1519=EDGE_CURVE('',#2186,#2186,#105,.T.);
#1520=EDGE_CURVE('',#2187,#2187,#106,.T.);
#1521=EDGE_CURVE('',#2188,#2188,#107,.T.);
#1522=EDGE_CURVE('',#2189,#2190,#2648,.T.);
#1523=EDGE_CURVE('',#2191,#2189,#2649,.T.);
#1524=EDGE_CURVE('',#2192,#2191,#2650,.T.);
#1525=EDGE_CURVE('',#2190,#2192,#2651,.T.);
#1526=EDGE_CURVE('',#2193,#2194,#2652,.T.);
#1527=EDGE_CURVE('',#2195,#2194,#2653,.T.);
#1528=EDGE_CURVE('',#2196,#2195,#2654,.T.);
#1529=EDGE_CURVE('',#2196,#2193,#2655,.T.);
#1530=EDGE_CURVE('',#2197,#2198,#2656,.T.);
#1531=EDGE_CURVE('',#2197,#2199,#2657,.T.);
#1532=EDGE_CURVE('',#2200,#2199,#2658,.T.);
#1533=EDGE_CURVE('',#2201,#2200,#2659,.T.);
#1534=EDGE_CURVE('',#2202,#2201,#2660,.T.);
#1535=EDGE_CURVE('',#2198,#2202,#2661,.T.);
#1536=EDGE_CURVE('',#2203,#2203,#108,.T.);
#1537=EDGE_CURVE('',#2204,#2204,#109,.T.);
#1538=EDGE_CURVE('',#2205,#2205,#110,.T.);
#1539=EDGE_CURVE('',#2206,#2206,#111,.T.);
#1540=EDGE_CURVE('',#2207,#2207,#112,.T.);
#1541=EDGE_CURVE('',#2208,#2209,#113,.T.);
#1542=EDGE_CURVE('',#2209,#2208,#114,.T.);
#1543=EDGE_CURVE('',#2210,#2168,#2662,.T.);
#1544=EDGE_CURVE('',#2210,#2211,#2663,.T.);
#1545=EDGE_CURVE('',#2169,#2211,#74,.T.);
#1546=EDGE_CURVE('',#2212,#2213,#2664,.T.);
#1547=EDGE_CURVE('',#2214,#2212,#2665,.T.);
#1548=EDGE_CURVE('',#2215,#2214,#2666,.T.);
#1549=EDGE_CURVE('',#2216,#2215,#2667,.T.);
#1550=EDGE_CURVE('',#2217,#2216,#2668,.T.);
#1551=EDGE_CURVE('',#2217,#2218,#2669,.T.);
#1552=EDGE_CURVE('',#2219,#2218,#2670,.T.);
#1553=EDGE_CURVE('',#2219,#2220,#2671,.T.);
#1554=EDGE_CURVE('',#2220,#2221,#2672,.T.);
#1555=EDGE_CURVE('',#2222,#2221,#2673,.T.);
#1556=EDGE_CURVE('',#2223,#2222,#2674,.T.);
#1557=EDGE_CURVE('',#2213,#2223,#2675,.T.);
#1558=EDGE_CURVE('',#2224,#2224,#115,.F.);
#1559=EDGE_CURVE('',#2225,#2226,#2676,.T.);
#1560=EDGE_CURVE('',#2225,#2227,#2677,.T.);
#1561=EDGE_CURVE('',#2227,#2228,#2678,.T.);
#1562=EDGE_CURVE('',#2226,#2228,#2679,.T.);
#1563=EDGE_CURVE('',#2229,#2229,#116,.T.);
#1564=EDGE_CURVE('',#2230,#2231,#2680,.T.);
#1565=EDGE_CURVE('',#2232,#2230,#2681,.T.);
#1566=EDGE_CURVE('',#2232,#2233,#2682,.T.);
#1567=EDGE_CURVE('',#2233,#2231,#2683,.T.);
#1568=EDGE_CURVE('',#2234,#2231,#2684,.T.);
#1569=EDGE_CURVE('',#2233,#2235,#2685,.T.);
#1570=EDGE_CURVE('',#2236,#2235,#2686,.T.);
#1571=EDGE_CURVE('',#2237,#2236,#2687,.T.);
#1572=EDGE_CURVE('',#2238,#2237,#2688,.T.);
#1573=EDGE_CURVE('',#2239,#2238,#2689,.T.);
#1574=EDGE_CURVE('',#2239,#2234,#2690,.T.);
#1575=EDGE_CURVE('',#2240,#2241,#2691,.T.);
#1576=EDGE_CURVE('',#2228,#2240,#2692,.T.);
#1577=EDGE_CURVE('',#2227,#2241,#2693,.T.);
#1578=EDGE_CURVE('',#2239,#2214,#2694,.T.);
#1579=EDGE_CURVE('',#2234,#2212,#2695,.T.);
#1580=EDGE_CURVE('',#2242,#2232,#2696,.T.);
#1581=EDGE_CURVE('',#2243,#2242,#2697,.T.);
#1582=EDGE_CURVE('',#2243,#2244,#2698,.T.);
#1583=EDGE_CURVE('',#2244,#2219,#2699,.T.);
#1584=EDGE_CURVE('',#2235,#2218,#2700,.T.);
#1585=EDGE_CURVE('',#2230,#2226,#2701,.T.);
#1586=EDGE_CURVE('',#2240,#2245,#2702,.T.);
#1587=EDGE_CURVE('',#2246,#2245,#2703,.T.);
#1588=EDGE_CURVE('',#2246,#2247,#2704,.T.);
#1589=EDGE_CURVE('',#2247,#2242,#2705,.T.);
#1590=EDGE_CURVE('',#2248,#2249,#2706,.T.);
#1591=EDGE_CURVE('',#2248,#2250,#2707,.T.);
#1592=EDGE_CURVE('',#2250,#2221,#2708,.T.);
#1593=EDGE_CURVE('',#2221,#2249,#2709,.T.);
#1594=EDGE_CURVE('',#2241,#2221,#2710,.T.);
#1595=EDGE_CURVE('',#2250,#2251,#2711,.T.);
#1596=EDGE_CURVE('',#2251,#2252,#2712,.T.);
#1597=EDGE_CURVE('',#2245,#2252,#2713,.T.);
#1598=EDGE_CURVE('',#2253,#2254,#75,.F.);
#1599=EDGE_CURVE('',#2254,#2243,#76,.F.);
#1600=EDGE_CURVE('',#2255,#2243,#2714,.T.);
#1601=EDGE_CURVE('',#2255,#2256,#77,.F.);
#1602=EDGE_CURVE('',#2256,#2257,#2715,.T.);
#1603=EDGE_CURVE('',#2257,#2258,#2716,.T.);
#1604=EDGE_CURVE('',#2253,#2258,#2717,.T.);
#1605=EDGE_CURVE('',#2259,#2258,#117,.T.);
#1606=EDGE_CURVE('',#2260,#2257,#118,.T.);
#1607=EDGE_CURVE('',#2259,#2260,#2718,.F.);
#1608=EDGE_CURVE('',#2261,#2220,#2719,.T.);
#1609=EDGE_CURVE('',#2244,#2261,#2720,.T.);
#1610=EDGE_CURVE('',#2262,#2263,#2721,.T.);
#1611=EDGE_CURVE('',#2262,#2175,#2722,.F.);
#1612=EDGE_CURVE('',#2264,#2176,#2723,.T.);
#1613=EDGE_CURVE('',#2264,#2265,#2724,.T.);
#1614=EDGE_CURVE('',#2266,#2265,#2725,.T.);
#1615=EDGE_CURVE('',#2267,#2266,#78,.T.);
#1616=EDGE_CURVE('',#2268,#2267,#2726,.T.);
#1617=EDGE_CURVE('',#2269,#2268,#2727,.T.);
#1618=EDGE_CURVE('',#2269,#2270,#2728,.T.);
#1619=EDGE_CURVE('',#2271,#2270,#2729,.T.);
#1620=EDGE_CURVE('',#2272,#2271,#2730,.T.);
#1621=EDGE_CURVE('',#2273,#2272,#2731,.T.);
#1622=EDGE_CURVE('',#2274,#2273,#2732,.T.);
#1623=EDGE_CURVE('',#2275,#2274,#2733,.T.);
#1624=EDGE_CURVE('',#2263,#2275,#2734,.T.);
#1625=EDGE_CURVE('',#2276,#2277,#2735,.T.);
#1626=EDGE_CURVE('',#2276,#2278,#2736,.T.);
#1627=EDGE_CURVE('',#2278,#2279,#2737,.T.);
#1628=EDGE_CURVE('',#2280,#2279,#2738,.T.);
#1629=EDGE_CURVE('',#2281,#2280,#2739,.T.);
#1630=EDGE_CURVE('',#2271,#2281,#2740,.T.);
#1631=EDGE_CURVE('',#2282,#2270,#2741,.T.);
#1632=EDGE_CURVE('',#2283,#2282,#2742,.T.);
#1633=EDGE_CURVE('',#2283,#2284,#2743,.T.);
#1634=EDGE_CURVE('',#2284,#2285,#2744,.T.);
#1635=EDGE_CURVE('',#2277,#2285,#2745,.T.);
#1636=EDGE_CURVE('',#2286,#2287,#2746,.T.);
#1637=EDGE_CURVE('',#2288,#2287,#2747,.T.);
#1638=EDGE_CURVE('',#2289,#2288,#79,.T.);
#1639=EDGE_CURVE('',#2290,#2289,#80,.T.);
#1640=EDGE_CURVE('',#2290,#2291,#2748,.T.);
#1641=EDGE_CURVE('',#2291,#2292,#2749,.T.);
#1642=EDGE_CURVE('',#2292,#2293,#2750,.T.);
#1643=EDGE_CURVE('',#2293,#2294,#2751,.T.);
#1644=EDGE_CURVE('',#2294,#2276,#2752,.T.);
#1645=EDGE_CURVE('',#2277,#2286,#2753,.T.);
#1646=EDGE_CURVE('',#2295,#2255,#2754,.T.);
#1647=EDGE_CURVE('',#2295,#2296,#2755,.T.);
#1648=EDGE_CURVE('',#2296,#2297,#2756,.T.);
#1649=EDGE_CURVE('',#2297,#2298,#2757,.T.);
#1650=EDGE_CURVE('',#2260,#2298,#2758,.F.);
#1651=EDGE_CURVE('',#2299,#2300,#2759,.T.);
#1652=EDGE_CURVE('',#2300,#2301,#2760,.T.);
#1653=EDGE_CURVE('',#2302,#2301,#2761,.T.);
#1654=EDGE_CURVE('',#2299,#2302,#2762,.T.);
#1655=EDGE_CURVE('',#2303,#2304,#2763,.T.);
#1656=EDGE_CURVE('',#2305,#2303,#2764,.T.);
#1657=EDGE_CURVE('',#2305,#2306,#2765,.T.);
#1658=EDGE_CURVE('',#2306,#2304,#2766,.T.);
#1659=EDGE_CURVE('',#2307,#2308,#2767,.T.);
#1660=EDGE_CURVE('',#2307,#2309,#2768,.T.);
#1661=EDGE_CURVE('',#2309,#2310,#2769,.T.);
#1662=EDGE_CURVE('',#2308,#2310,#2770,.T.);
#1663=EDGE_CURVE('',#2311,#2312,#2771,.T.);
#1664=EDGE_CURVE('',#2313,#2312,#2772,.T.);
#1665=EDGE_CURVE('',#2314,#2313,#2773,.T.);
#1666=EDGE_CURVE('',#2311,#2314,#2774,.T.);
#1667=EDGE_CURVE('',#2315,#2315,#119,.F.);
#1668=EDGE_CURVE('',#2316,#2317,#2775,.T.);
#1669=EDGE_CURVE('',#2317,#2296,#2776,.T.);
#1670=EDGE_CURVE('',#2318,#2295,#2777,.T.);
#1671=EDGE_CURVE('',#2318,#2252,#2778,.T.);
#1672=EDGE_CURVE('',#2319,#2251,#2779,.T.);
#1673=EDGE_CURVE('',#2320,#2319,#2780,.F.);
#1674=EDGE_CURVE('',#2320,#2321,#2781,.T.);
#1675=EDGE_CURVE('',#2316,#2321,#2782,.T.);
#1676=EDGE_CURVE('',#2322,#2322,#120,.T.);
#1677=EDGE_CURVE('',#2275,#2291,#2783,.T.);
#1678=EDGE_CURVE('',#2274,#2292,#2784,.T.);
#1679=EDGE_CURVE('',#2287,#2268,#2785,.T.);
#1680=EDGE_CURVE('',#2286,#2269,#2786,.T.);
#1681=EDGE_CURVE('',#2288,#2267,#81,.T.);
#1682=EDGE_CURVE('',#2323,#2297,#2787,.T.);
#1683=EDGE_CURVE('',#2324,#2323,#2788,.F.);
#1684=EDGE_CURVE('',#2298,#2324,#2789,.T.);
#1685=EDGE_CURVE('',#2325,#2326,#2790,.T.);
#1686=EDGE_CURVE('',#2327,#2325,#82,.T.);
#1687=EDGE_CURVE('',#2328,#2327,#2791,.T.);
#1688=EDGE_CURVE('',#2328,#2329,#83,.F.);
#1689=EDGE_CURVE('',#2329,#2330,#2792,.T.);
#1690=EDGE_CURVE('',#2326,#2330,#2793,.F.);
#1691=EDGE_CURVE('',#2323,#2317,#2794,.T.);
#1692=EDGE_CURVE('',#2331,#2332,#121,.T.);
#1693=EDGE_CURVE('',#2331,#2262,#2795,.T.);
#1694=EDGE_CURVE('',#2263,#2332,#2796,.T.);
#1695=EDGE_CURVE('',#2333,#2334,#2797,.T.);
#1696=EDGE_CURVE('',#2334,#2275,#2798,.T.);
#1697=EDGE_CURVE('',#2291,#2335,#2799,.T.);
#1698=EDGE_CURVE('',#2333,#2335,#2800,.T.);
#1699=EDGE_CURVE('',#2330,#2336,#2801,.T.);
#1700=EDGE_CURVE('',#2337,#2328,#2802,.T.);
#1701=EDGE_CURVE('',#2337,#2336,#2803,.T.);
#1702=EDGE_CURVE('',#2338,#2339,#2804,.T.);
#1703=EDGE_CURVE('',#2338,#2340,#2805,.T.);
#1704=EDGE_CURVE('',#2340,#2263,#2806,.T.);
#1705=EDGE_CURVE('',#2321,#2334,#2807,.T.);
#1706=EDGE_CURVE('',#2339,#2320,#2808,.F.);
#1707=EDGE_CURVE('',#2265,#2341,#2809,.T.);
#1708=EDGE_CURVE('',#2342,#2341,#122,.T.);
#1709=EDGE_CURVE('',#2343,#2342,#84,.F.);
#1710=EDGE_CURVE('',#2266,#2343,#85,.T.);
#1711=EDGE_CURVE('',#2344,#2178,#2810,.T.);
#1712=EDGE_CURVE('',#2344,#2264,#2811,.T.);
#1713=EDGE_CURVE('',#2184,#2197,#2812,.T.);
#1714=EDGE_CURVE('',#2179,#2198,#2813,.T.);
#1715=EDGE_CURVE('',#2183,#2199,#2814,.T.);
#1716=EDGE_CURVE('',#2182,#2200,#2815,.T.);
#1717=EDGE_CURVE('',#2181,#2201,#2816,.T.);
#1718=EDGE_CURVE('',#2180,#2202,#2817,.T.);
#1719=EDGE_CURVE('',#2345,#2208,#2818,.T.);
#1720=EDGE_CURVE('',#2345,#2346,#34,.F.);
#1721=EDGE_CURVE('',#2209,#2346,#2819,.F.);
#1722=EDGE_CURVE('',#2177,#2165,#2820,.F.);
#1723=EDGE_CURVE('',#2166,#2344,#2821,.T.);
#1724=EDGE_CURVE('',#2341,#2344,#35,.T.);
#1725=EDGE_CURVE('',#2347,#2170,#123,.T.);
#1726=EDGE_CURVE('',#2342,#2347,#86,.T.);
#1727=EDGE_CURVE('',#2347,#2290,#87,.F.);
#1728=EDGE_CURVE('',#2343,#2289,#88,.F.);
#1729=EDGE_CURVE('',#2348,#2348,#124,.F.);
#1730=EDGE_CURVE('',#2349,#2349,#125,.T.);
#1731=EDGE_CURVE('',#2336,#2312,#2822,.T.);
#1732=EDGE_CURVE('',#2311,#2305,#2823,.T.);
#1733=EDGE_CURVE('',#2350,#2303,#2824,.T.);
#1734=EDGE_CURVE('',#2326,#2350,#2825,.T.);
#1735=EDGE_CURVE('',#2351,#2338,#2826,.T.);
#1736=EDGE_CURVE('',#2352,#2339,#2827,.F.);
#1737=EDGE_CURVE('',#2352,#2353,#89,.F.);
#1738=EDGE_CURVE('',#2351,#2353,#90,.T.);
#1739=EDGE_CURVE('',#2332,#2354,#2828,.F.);
#1740=EDGE_CURVE('',#2340,#2354,#2829,.T.);
#1741=EDGE_CURVE('',#2355,#2247,#2830,.T.);
#1742=EDGE_CURVE('',#2356,#2355,#2831,.T.);
#1743=EDGE_CURVE('',#2242,#2356,#2832,.T.);
#1744=EDGE_CURVE('',#2357,#2355,#2833,.T.);
#1745=EDGE_CURVE('',#2357,#2246,#2834,.T.);
#1746=EDGE_CURVE('',#2357,#2358,#2835,.T.);
#1747=EDGE_CURVE('',#2356,#2358,#2836,.T.);
#1748=EDGE_CURVE('',#2358,#2318,#2837,.T.);
#1749=EDGE_CURVE('',#2337,#2313,#2838,.T.);
#1750=EDGE_CURVE('',#2350,#2359,#2839,.T.);
#1751=EDGE_CURVE('',#2327,#2359,#2840,.T.);
#1752=EDGE_CURVE('',#2170,#2335,#2841,.T.);
#1753=EDGE_CURVE('',#2211,#2351,#2842,.T.);
#1754=EDGE_CURVE('',#2360,#2352,#2843,.F.);
#1755=EDGE_CURVE('',#2360,#2361,#2844,.T.);
#1756=EDGE_CURVE('',#2362,#2361,#2845,.T.);
#1757=EDGE_CURVE('',#2363,#2362,#2846,.T.);
#1758=EDGE_CURVE('',#2324,#2363,#2847,.F.);
#1759=EDGE_CURVE('',#2333,#2316,#2848,.T.);
#1760=EDGE_CURVE('',#2364,#2365,#2849,.F.);
#1761=EDGE_CURVE('',#2366,#2364,#2850,.F.);
#1762=EDGE_CURVE('',#2367,#2366,#2851,.T.);
#1763=EDGE_CURVE('',#2365,#2367,#2852,.T.);
#1764=EDGE_CURVE('',#2361,#2368,#2853,.T.);
#1765=EDGE_CURVE('',#2368,#2369,#2854,.T.);
#1766=EDGE_CURVE('',#2369,#2362,#2855,.T.);
#1767=EDGE_CURVE('',#2370,#2248,#2856,.F.);
#1768=EDGE_CURVE('',#2370,#2369,#2857,.T.);
#1769=EDGE_CURVE('',#2368,#2371,#2858,.T.);
#1770=EDGE_CURVE('',#2319,#2371,#2859,.F.);
#1771=EDGE_CURVE('',#2363,#2370,#2860,.F.);
#1772=EDGE_CURVE('',#2249,#2259,#2861,.F.);
#1773=EDGE_CURVE('',#2371,#2360,#2862,.F.);
#1774=EDGE_CURVE('',#2314,#2306,#2863,.T.);
#1775=EDGE_CURVE('',#2359,#2304,#2864,.T.);
#1776=EDGE_CURVE('',#2308,#2302,#2865,.T.);
#1777=EDGE_CURVE('',#2310,#2299,#2866,.T.);
#1778=EDGE_CURVE('',#2309,#2300,#2867,.T.);
#1779=EDGE_CURVE('',#2307,#2301,#2868,.T.);
#1780=EDGE_CURVE('',#2372,#2373,#2869,.T.);
#1781=EDGE_CURVE('',#2372,#2281,#2870,.T.);
#1782=EDGE_CURVE('',#2373,#2280,#2871,.T.);
#1783=EDGE_CURVE('',#2272,#2372,#2872,.T.);
#1784=EDGE_CURVE('',#2373,#2374,#2873,.T.);
#1785=EDGE_CURVE('',#2375,#2374,#2874,.T.);
#1786=EDGE_CURVE('',#2375,#2294,#2875,.T.);
#1787=EDGE_CURVE('',#2273,#2293,#2876,.T.);
#1788=EDGE_CURVE('',#2374,#2279,#2877,.T.);
#1789=EDGE_CURVE('',#2375,#2278,#2878,.T.);
#1790=EDGE_CURVE('',#2376,#2377,#2879,.T.);
#1791=EDGE_CURVE('',#2378,#2377,#2880,.T.);
#1792=EDGE_CURVE('',#2378,#2379,#2881,.T.);
#1793=EDGE_CURVE('',#2379,#2241,#2882,.T.);
#1794=EDGE_CURVE('',#2225,#2376,#2883,.T.);
#1795=EDGE_CURVE('',#2380,#2283,#2884,.T.);
#1796=EDGE_CURVE('',#2380,#2381,#2885,.T.);
#1797=EDGE_CURVE('',#2381,#2284,#2886,.T.);
#1798=EDGE_CURVE('',#2380,#2382,#2887,.T.);
#1799=EDGE_CURVE('',#2382,#2282,#2888,.T.);
#1800=EDGE_CURVE('',#2382,#2383,#2889,.T.);
#1801=EDGE_CURVE('',#2381,#2383,#2890,.T.);
#1802=EDGE_CURVE('',#2383,#2285,#2891,.T.);
#1803=EDGE_CURVE('',#2253,#2261,#2892,.T.);
#1804=EDGE_CURVE('',#2384,#2384,#126,.T.);
#1805=EDGE_CURVE('',#2385,#2385,#127,.T.);
#1806=EDGE_CURVE('',#2386,#2386,#128,.T.);
#1807=EDGE_CURVE('',#2387,#2387,#129,.T.);
#1808=EDGE_CURVE('',#2389,#2389,#130,.T.);
#1809=EDGE_CURVE('',#2391,#2391,#131,.T.);
#1810=EDGE_CURVE('',#2393,#2393,#132,.T.);
#1811=EDGE_CURVE('',#2395,#2395,#133,.T.);
#1812=EDGE_CURVE('',#2236,#2217,#2893,.T.);
#1813=EDGE_CURVE('',#2396,#2216,#2894,.T.);
#1814=EDGE_CURVE('',#2396,#2397,#2895,.T.);
#1815=EDGE_CURVE('',#2397,#2237,#2896,.T.);
#1816=EDGE_CURVE('',#2398,#2238,#2897,.T.);
#1817=EDGE_CURVE('',#2399,#2398,#2898,.T.);
#1818=EDGE_CURVE('',#2399,#2215,#2899,.T.);
#1819=EDGE_CURVE('',#2396,#2399,#2900,.T.);
#1820=EDGE_CURVE('',#2398,#2397,#2901,.T.);
#1821=EDGE_CURVE('',#2379,#2221,#2902,.T.);
#1822=EDGE_CURVE('',#2222,#2378,#2903,.T.);
#1823=EDGE_CURVE('',#2377,#2223,#2904,.T.);
#1824=EDGE_CURVE('',#2376,#2213,#2905,.T.);
#1825=EDGE_CURVE('',#2400,#2400,#36,.F.);
#1826=EDGE_CURVE('',#2354,#2210,#37,.T.);
#1827=EDGE_CURVE('',#2167,#2345,#38,.F.);
#1828=EDGE_CURVE('',#2346,#2331,#39,.F.);
#1829=EDGE_CURVE('',#2192,#2196,#2906,.T.);
#1830=EDGE_CURVE('',#2191,#2193,#2907,.T.);
#1831=EDGE_CURVE('',#2189,#2194,#2908,.T.);
#1832=EDGE_CURVE('',#2190,#2195,#2909,.T.);
#1833=EDGE_CURVE('',#2364,#2173,#2910,.T.);
#1834=EDGE_CURVE('',#2366,#2171,#2911,.T.);
#1835=EDGE_CURVE('',#2367,#2172,#2912,.T.);
#1836=EDGE_CURVE('',#2365,#2174,#2913,.T.);
#1837=EDGE_CURVE('',#2401,#2402,#2914,.T.);
#1838=EDGE_CURVE('',#2403,#2401,#2915,.T.);
#1839=EDGE_CURVE('',#2404,#2403,#2916,.T.);
#1840=EDGE_CURVE('',#2402,#2404,#2917,.T.);
#1841=EDGE_CURVE('',#2405,#2406,#2918,.T.);
#1842=EDGE_CURVE('',#2406,#2407,#2919,.T.);
#1843=EDGE_CURVE('',#2408,#2407,#2920,.T.);
#1844=EDGE_CURVE('',#2405,#2408,#2921,.T.);
#1845=EDGE_CURVE('',#2409,#2409,#134,.T.);
#1846=EDGE_CURVE('',#2410,#2410,#135,.T.);
#1847=EDGE_CURVE('',#2411,#2411,#136,.T.);
#1848=EDGE_CURVE('',#2412,#2412,#137,.T.);
#1849=EDGE_CURVE('',#2413,#2414,#2922,.T.);
#1850=EDGE_CURVE('',#2413,#2415,#2923,.F.);
#1851=EDGE_CURVE('',#2415,#2416,#2924,.T.);
#1852=EDGE_CURVE('',#2417,#2416,#2925,.T.);
#1853=EDGE_CURVE('',#2417,#2418,#2926,.T.);
#1854=EDGE_CURVE('',#2419,#2418,#2927,.T.);
#1855=EDGE_CURVE('',#2420,#2419,#2928,.T.);
#1856=EDGE_CURVE('',#2421,#2420,#2929,.T.);
#1857=EDGE_CURVE('',#2422,#2421,#2930,.T.);
#1858=EDGE_CURVE('',#2414,#2422,#2931,.T.);
#1859=EDGE_CURVE('',#2423,#2424,#2932,.T.);
#1860=EDGE_CURVE('',#2424,#2425,#2933,.T.);
#1861=EDGE_CURVE('',#2425,#2426,#2934,.T.);
#1862=EDGE_CURVE('',#2426,#2427,#2935,.T.);
#1863=EDGE_CURVE('',#2428,#2427,#2936,.T.);
#1864=EDGE_CURVE('',#2429,#2428,#2937,.T.);
#1865=EDGE_CURVE('',#2429,#2430,#2938,.T.);
#1866=EDGE_CURVE('',#2431,#2430,#2939,.T.);
#1867=EDGE_CURVE('',#2431,#2432,#2940,.T.);
#1868=EDGE_CURVE('',#2432,#2433,#2941,.T.);
#1869=EDGE_CURVE('',#2433,#2434,#2942,.T.);
#1870=EDGE_CURVE('',#2434,#2423,#2943,.T.);
#1871=EDGE_CURVE('',#2435,#2435,#138,.F.);
#1872=EDGE_CURVE('',#2436,#2437,#2944,.T.);
#1873=EDGE_CURVE('',#2437,#2438,#2945,.T.);
#1874=EDGE_CURVE('',#2439,#2438,#2946,.T.);
#1875=EDGE_CURVE('',#2436,#2439,#2947,.T.);
#1876=EDGE_CURVE('',#2440,#2440,#139,.T.);
#1877=EDGE_CURVE('',#2441,#2442,#2948,.T.);
#1878=EDGE_CURVE('',#2443,#2442,#2949,.T.);
#1879=EDGE_CURVE('',#2444,#2443,#2950,.T.);
#1880=EDGE_CURVE('',#2444,#2441,#2951,.T.);
#1881=EDGE_CURVE('',#2445,#2442,#2952,.T.);
#1882=EDGE_CURVE('',#2446,#2445,#2953,.T.);
#1883=EDGE_CURVE('',#2446,#2447,#2954,.T.);
#1884=EDGE_CURVE('',#2447,#2448,#2955,.T.);
#1885=EDGE_CURVE('',#2448,#2449,#2956,.T.);
#1886=EDGE_CURVE('',#2449,#2450,#2957,.T.);
#1887=EDGE_CURVE('',#2443,#2450,#2958,.T.);
#1888=EDGE_CURVE('',#2451,#2452,#2959,.T.);
#1889=EDGE_CURVE('',#2439,#2452,#2960,.T.);
#1890=EDGE_CURVE('',#2438,#2451,#2961,.T.);
#1891=EDGE_CURVE('',#2445,#2423,#2962,.T.);
#1892=EDGE_CURVE('',#2446,#2434,#2963,.T.);
#1893=EDGE_CURVE('',#2450,#2430,#2964,.T.);
#1894=EDGE_CURVE('',#2453,#2429,#2965,.T.);
#1895=EDGE_CURVE('',#2454,#2453,#2966,.T.);
#1896=EDGE_CURVE('',#2454,#2455,#2967,.T.);
#1897=EDGE_CURVE('',#2455,#2444,#2968,.T.);
#1898=EDGE_CURVE('',#2441,#2437,#2969,.T.);
#1899=EDGE_CURVE('',#2456,#2455,#2970,.T.);
#1900=EDGE_CURVE('',#2457,#2456,#2971,.T.);
#1901=EDGE_CURVE('',#2457,#2458,#2972,.T.);
#1902=EDGE_CURVE('',#2451,#2458,#2973,.T.);
#1903=EDGE_CURVE('',#2459,#2460,#2974,.T.);
#1904=EDGE_CURVE('',#2427,#2460,#2975,.T.);
#1905=EDGE_CURVE('',#2461,#2427,#2976,.T.);
#1906=EDGE_CURVE('',#2459,#2461,#2977,.T.);
#1907=EDGE_CURVE('',#2458,#2462,#2978,.T.);
#1908=EDGE_CURVE('',#2463,#2462,#2979,.T.);
#1909=EDGE_CURVE('',#2461,#2463,#2980,.T.);
#1910=EDGE_CURVE('',#2452,#2427,#2981,.T.);
#1911=EDGE_CURVE('',#2464,#2465,#2982,.T.);
#1912=EDGE_CURVE('',#2464,#2466,#2983,.T.);
#1913=EDGE_CURVE('',#2467,#2466,#2984,.T.);
#1914=EDGE_CURVE('',#2468,#2467,#2985,.T.);
#1915=EDGE_CURVE('',#2469,#2468,#2986,.T.);
#1916=EDGE_CURVE('',#2469,#2454,#2987,.T.);
#1917=EDGE_CURVE('',#2465,#2454,#2988,.T.);
#1918=EDGE_CURVE('',#2470,#2466,#140,.T.);
#1919=EDGE_CURVE('',#2470,#2471,#2989,.F.);
#1920=EDGE_CURVE('',#2471,#2467,#141,.T.);
#1921=EDGE_CURVE('',#2472,#2428,#2990,.T.);
#1922=EDGE_CURVE('',#2453,#2472,#2991,.T.);
#1923=EDGE_CURVE('',#2415,#2473,#2992,.F.);
#1924=EDGE_CURVE('',#2473,#2474,#2993,.T.);
#1925=EDGE_CURVE('',#2474,#2475,#2994,.T.);
#1926=EDGE_CURVE('',#2475,#2476,#2995,.T.);
#1927=EDGE_CURVE('',#2476,#2477,#2996,.T.);
#1928=EDGE_CURVE('',#2477,#2478,#2997,.T.);
#1929=EDGE_CURVE('',#2478,#2479,#2998,.T.);
#1930=EDGE_CURVE('',#2479,#2480,#2999,.T.);
#1931=EDGE_CURVE('',#2481,#2480,#3000,.T.);
#1932=EDGE_CURVE('',#2481,#2482,#3001,.T.);
#1933=EDGE_CURVE('',#2482,#2483,#3002,.T.);
#1934=EDGE_CURVE('',#2483,#2484,#91,.T.);
#1935=EDGE_CURVE('',#2484,#2485,#3003,.T.);
#1936=EDGE_CURVE('',#2485,#2486,#3004,.T.);
#1937=EDGE_CURVE('',#2486,#2416,#3005,.T.);
#1938=EDGE_CURVE('',#2487,#2488,#3006,.T.);
#1939=EDGE_CURVE('',#2488,#2489,#3007,.T.);
#1940=EDGE_CURVE('',#2490,#2489,#3008,.T.);
#1941=EDGE_CURVE('',#2491,#2490,#3009,.T.);
#1942=EDGE_CURVE('',#2491,#2492,#3010,.T.);
#1943=EDGE_CURVE('',#2492,#2480,#3011,.T.);
#1944=EDGE_CURVE('',#2479,#2493,#3012,.T.);
#1945=EDGE_CURVE('',#2493,#2494,#3013,.T.);
#1946=EDGE_CURVE('',#2494,#2495,#3014,.T.);
#1947=EDGE_CURVE('',#2496,#2495,#3015,.T.);
#1948=EDGE_CURVE('',#2487,#2496,#3016,.T.);
#1949=EDGE_CURVE('',#2497,#2498,#3017,.T.);
#1950=EDGE_CURVE('',#2488,#2497,#3018,.T.);
#1951=EDGE_CURVE('',#2499,#2487,#3019,.T.);
#1952=EDGE_CURVE('',#2500,#2499,#3020,.T.);
#1953=EDGE_CURVE('',#2501,#2500,#3021,.T.);
#1954=EDGE_CURVE('',#2502,#2501,#3022,.T.);
#1955=EDGE_CURVE('',#2503,#2502,#3023,.T.);
#1956=EDGE_CURVE('',#2503,#2504,#92,.T.);
#1957=EDGE_CURVE('',#2504,#2505,#93,.T.);
#1958=EDGE_CURVE('',#2505,#2498,#3024,.T.);
#1959=EDGE_CURVE('',#2471,#2506,#3025,.F.);
#1960=EDGE_CURVE('',#2507,#2506,#3026,.T.);
#1961=EDGE_CURVE('',#2508,#2507,#3027,.T.);
#1962=EDGE_CURVE('',#2509,#2508,#3028,.T.);
#1963=EDGE_CURVE('',#2509,#2469,#3029,.T.);
#1964=EDGE_CURVE('',#2510,#2511,#3030,.T.);
#1965=EDGE_CURVE('',#2510,#2512,#3031,.T.);
#1966=EDGE_CURVE('',#2512,#2513,#3032,.T.);
#1967=EDGE_CURVE('',#2511,#2513,#3033,.T.);
#1968=EDGE_CURVE('',#2514,#2515,#3034,.T.);
#1969=EDGE_CURVE('',#2516,#2515,#3035,.T.);
#1970=EDGE_CURVE('',#2517,#2516,#3036,.T.);
#1971=EDGE_CURVE('',#2517,#2514,#3037,.T.);
#1972=EDGE_CURVE('',#2518,#2519,#3038,.T.);
#1973=EDGE_CURVE('',#2519,#2520,#3039,.T.);
#1974=EDGE_CURVE('',#2521,#2520,#3040,.T.);
#1975=EDGE_CURVE('',#2518,#2521,#3041,.T.);
#1976=EDGE_CURVE('',#2522,#2523,#3042,.T.);
#1977=EDGE_CURVE('',#2522,#2524,#3043,.T.);
#1978=EDGE_CURVE('',#2524,#2525,#3044,.T.);
#1979=EDGE_CURVE('',#2525,#2523,#3045,.T.);
#1980=EDGE_CURVE('',#2526,#2526,#142,.F.);
#1981=EDGE_CURVE('',#2527,#2528,#3046,.T.);
#1982=EDGE_CURVE('',#2527,#2529,#3047,.T.);
#1983=EDGE_CURVE('',#2530,#2529,#3048,.T.);
#1984=EDGE_CURVE('',#2530,#2531,#3049,.F.);
#1985=EDGE_CURVE('',#2531,#2463,#3050,.T.);
#1986=EDGE_CURVE('',#2532,#2462,#3051,.T.);
#1987=EDGE_CURVE('',#2532,#2509,#3052,.T.);
#1988=EDGE_CURVE('',#2528,#2508,#3053,.T.);
#1989=EDGE_CURVE('',#2533,#2533,#143,.T.);
#1990=EDGE_CURVE('',#2475,#2502,#3054,.T.);
#1991=EDGE_CURVE('',#2476,#2501,#3055,.T.);
#1992=EDGE_CURVE('',#2497,#2481,#3056,.T.);
#1993=EDGE_CURVE('',#2498,#2482,#3057,.T.);
#1994=EDGE_CURVE('',#2505,#2483,#94,.T.);
#1995=EDGE_CURVE('',#2506,#2534,#3058,.T.);
#1996=EDGE_CURVE('',#2534,#2535,#3059,.F.);
#1997=EDGE_CURVE('',#2535,#2507,#3060,.T.);
#1998=EDGE_CURVE('',#2536,#2537,#3061,.T.);
#1999=EDGE_CURVE('',#2537,#2538,#3062,.F.);
#2000=EDGE_CURVE('',#2539,#2538,#3063,.T.);
#2001=EDGE_CURVE('',#2540,#2539,#3064,.T.);
#2002=EDGE_CURVE('',#2540,#2541,#3065,.T.);
#2003=EDGE_CURVE('',#2541,#2536,#3066,.T.);
#2004=EDGE_CURVE('',#2535,#2528,#3067,.T.);
#2005=EDGE_CURVE('',#2473,#2542,#3068,.T.);
#2006=EDGE_CURVE('',#2543,#2542,#144,.T.);
#2007=EDGE_CURVE('',#2543,#2544,#3069,.T.);
#2008=EDGE_CURVE('',#2544,#2545,#3070,.T.);
#2009=EDGE_CURVE('',#2546,#2545,#145,.T.);
#2010=EDGE_CURVE('',#2547,#2546,#3071,.T.);
#2011=EDGE_CURVE('',#2474,#2547,#3072,.T.);
#2012=EDGE_CURVE('',#2548,#2549,#3073,.T.);
#2013=EDGE_CURVE('',#2548,#2550,#3074,.T.);
#2014=EDGE_CURVE('',#2502,#2550,#3075,.T.);
#2015=EDGE_CURVE('',#2549,#2475,#3076,.T.);
#2016=EDGE_CURVE('',#2538,#2551,#3077,.T.);
#2017=EDGE_CURVE('',#2552,#2551,#3078,.T.);
#2018=EDGE_CURVE('',#2552,#2540,#3079,.T.);
#2019=EDGE_CURVE('',#2553,#2474,#3080,.T.);
#2020=EDGE_CURVE('',#2553,#2554,#3081,.T.);
#2021=EDGE_CURVE('',#2554,#2555,#3082,.T.);
#2022=EDGE_CURVE('',#2555,#2530,#3083,.F.);
#2023=EDGE_CURVE('',#2529,#2549,#3084,.T.);
#2024=EDGE_CURVE('',#2556,#2557,#146,.T.);
#2025=EDGE_CURVE('',#2557,#2485,#3085,.T.);
#2026=EDGE_CURVE('',#2484,#2558,#95,.T.);
#2027=EDGE_CURVE('',#2558,#2556,#96,.T.);
#2028=EDGE_CURVE('',#2486,#2559,#3086,.T.);
#2029=EDGE_CURVE('',#2559,#2414,#3087,.T.);
#2030=EDGE_CURVE('',#2422,#2560,#3088,.T.);
#2031=EDGE_CURVE('',#2561,#2560,#3089,.T.);
#2032=EDGE_CURVE('',#2417,#2561,#3090,.T.);
#2033=EDGE_CURVE('',#2561,#2562,#3091,.T.);
#2034=EDGE_CURVE('',#2418,#2562,#3092,.T.);
#2035=EDGE_CURVE('',#2563,#2562,#3093,.T.);
#2036=EDGE_CURVE('',#2419,#2563,#3094,.T.);
#2037=EDGE_CURVE('',#2564,#2563,#3095,.T.);
#2038=EDGE_CURVE('',#2420,#2564,#3096,.T.);
#2039=EDGE_CURVE('',#2565,#2564,#3097,.T.);
#2040=EDGE_CURVE('',#2421,#2565,#3098,.T.);
#2041=EDGE_CURVE('',#2566,#2567,#3099,.T.);
#2042=EDGE_CURVE('',#2406,#2567,#3100,.T.);
#2043=EDGE_CURVE('',#2405,#2566,#3101,.T.);
#2044=EDGE_CURVE('',#2567,#2568,#3102,.T.);
#2045=EDGE_CURVE('',#2407,#2568,#3103,.T.);
#2046=EDGE_CURVE('',#2569,#2568,#3104,.T.);
#2047=EDGE_CURVE('',#2408,#2569,#3105,.T.);
#2048=EDGE_CURVE('',#2570,#2570,#147,.T.);
#2049=EDGE_CURVE('',#2571,#2571,#148,.T.);
#2050=EDGE_CURVE('',#2572,#2572,#149,.T.);
#2051=EDGE_CURVE('',#2573,#2573,#40,.F.);
#2052=EDGE_CURVE('',#2542,#2543,#41,.F.);
#2053=EDGE_CURVE('',#2574,#2574,#150,.T.);
#2054=EDGE_CURVE('',#2575,#2575,#151,.T.);
#2055=EDGE_CURVE('',#2576,#2576,#152,.T.);
#2056=EDGE_CURVE('',#2566,#2569,#3106,.T.);
#2057=EDGE_CURVE('',#2560,#2565,#3107,.T.);
#2058=EDGE_CURVE('',#2544,#2413,#3108,.F.);
#2059=EDGE_CURVE('',#2545,#2559,#3109,.T.);
#2060=EDGE_CURVE('',#2556,#2577,#97,.T.);
#2061=EDGE_CURVE('',#2577,#2546,#153,.T.);
#2062=EDGE_CURVE('',#2559,#2557,#42,.T.);
#2063=EDGE_CURVE('',#2558,#2504,#98,.T.);
#2064=EDGE_CURVE('',#2577,#2503,#99,.T.);
#2065=EDGE_CURVE('',#2578,#2578,#154,.F.);
#2066=EDGE_CURVE('',#2579,#2579,#155,.T.);
#2067=EDGE_CURVE('',#2551,#2523,#3110,.T.);
#2068=EDGE_CURVE('',#2537,#2580,#3111,.T.);
#2069=EDGE_CURVE('',#2580,#2514,#3112,.T.);
#2070=EDGE_CURVE('',#2522,#2517,#3113,.T.);
#2071=EDGE_CURVE('',#2554,#2581,#3114,.T.);
#2072=EDGE_CURVE('',#2581,#2582,#3115,.T.);
#2073=EDGE_CURVE('',#2583,#2582,#100,.F.);
#2074=EDGE_CURVE('',#2583,#2555,#3116,.F.);
#2075=EDGE_CURVE('',#2584,#2553,#3117,.T.);
#2076=EDGE_CURVE('',#2547,#2584,#101,.T.);
#2077=EDGE_CURVE('',#2585,#2456,#3118,.T.);
#2078=EDGE_CURVE('',#2455,#2586,#3119,.T.);
#2079=EDGE_CURVE('',#2586,#2585,#3120,.T.);
#2080=EDGE_CURVE('',#2587,#2585,#3121,.T.);
#2081=EDGE_CURVE('',#2587,#2457,#3122,.T.);
#2082=EDGE_CURVE('',#2587,#2588,#3123,.T.);
#2083=EDGE_CURVE('',#2586,#2588,#3124,.T.);
#2084=EDGE_CURVE('',#2588,#2532,#3125,.T.);
#2085=EDGE_CURVE('',#2552,#2525,#3126,.T.);
#2086=EDGE_CURVE('',#2580,#2589,#3127,.T.);
#2087=EDGE_CURVE('',#2541,#2589,#3128,.T.);
#2088=EDGE_CURVE('',#2546,#2550,#3129,.T.);
#2089=EDGE_CURVE('',#2581,#2584,#3130,.T.);
#2090=EDGE_CURVE('',#2548,#2527,#3131,.T.);
#2091=EDGE_CURVE('',#2534,#2590,#3132,.F.);
#2092=EDGE_CURVE('',#2590,#2591,#3133,.T.);
#2093=EDGE_CURVE('',#2591,#2592,#3134,.T.);
#2094=EDGE_CURVE('',#2592,#2593,#3135,.T.);
#2095=EDGE_CURVE('',#2593,#2583,#3136,.F.);
#2096=EDGE_CURVE('',#2594,#2595,#3137,.F.);
#2097=EDGE_CURVE('',#2596,#2594,#3138,.T.);
#2098=EDGE_CURVE('',#2597,#2596,#3139,.T.);
#2099=EDGE_CURVE('',#2595,#2597,#3140,.F.);
#2100=EDGE_CURVE('',#2598,#2599,#3141,.T.);
#2101=EDGE_CURVE('',#2598,#2592,#3142,.T.);
#2102=EDGE_CURVE('',#2599,#2591,#3143,.T.);
#2103=EDGE_CURVE('',#2531,#2600,#3144,.F.);
#2104=EDGE_CURVE('',#2600,#2598,#3145,.T.);
#2105=EDGE_CURVE('',#2601,#2599,#3146,.T.);
#2106=EDGE_CURVE('',#2601,#2459,#3147,.F.);
#2107=EDGE_CURVE('',#2590,#2601,#3148,.F.);
#2108=EDGE_CURVE('',#2460,#2470,#3149,.F.);
#2109=EDGE_CURVE('',#2593,#2600,#3150,.F.);
#2110=EDGE_CURVE('',#2524,#2516,#3151,.T.);
#2111=EDGE_CURVE('',#2589,#2515,#3152,.T.);
#2112=EDGE_CURVE('',#2519,#2512,#3153,.T.);
#2113=EDGE_CURVE('',#2520,#2510,#3154,.T.);
#2114=EDGE_CURVE('',#2521,#2511,#3155,.T.);
#2115=EDGE_CURVE('',#2518,#2513,#3156,.T.);
#2116=EDGE_CURVE('',#2602,#2603,#3157,.T.);
#2117=EDGE_CURVE('',#2603,#2494,#3158,.T.);
#2118=EDGE_CURVE('',#2602,#2493,#3159,.T.);
#2119=EDGE_CURVE('',#2478,#2602,#3160,.T.);
#2120=EDGE_CURVE('',#2477,#2500,#3161,.T.);
#2121=EDGE_CURVE('',#2604,#2499,#3162,.T.);
#2122=EDGE_CURVE('',#2604,#2605,#3163,.T.);
#2123=EDGE_CURVE('',#2603,#2605,#3164,.T.);
#2124=EDGE_CURVE('',#2605,#2495,#3165,.T.);
#2125=EDGE_CURVE('',#2604,#2496,#3166,.T.);
#2126=EDGE_CURVE('',#2606,#2607,#3167,.T.);
#2127=EDGE_CURVE('',#2436,#2606,#3168,.T.);
#2128=EDGE_CURVE('',#2608,#2452,#3169,.T.);
#2129=EDGE_CURVE('',#2609,#2608,#3170,.T.);
#2130=EDGE_CURVE('',#2609,#2607,#3171,.T.);
#2131=EDGE_CURVE('',#2610,#2491,#3172,.T.);
#2132=EDGE_CURVE('',#2611,#2490,#3173,.T.);
#2133=EDGE_CURVE('',#2610,#2611,#3174,.T.);
#2134=EDGE_CURVE('',#2610,#2612,#3175,.T.);
#2135=EDGE_CURVE('',#2612,#2492,#3176,.T.);
#2136=EDGE_CURVE('',#2612,#2613,#3177,.T.);
#2137=EDGE_CURVE('',#2611,#2613,#3178,.T.);
#2138=EDGE_CURVE('',#2613,#2489,#3179,.T.);
#2139=EDGE_CURVE('',#2464,#2472,#3180,.T.);
#2140=EDGE_CURVE('',#2614,#2614,#156,.T.);
#2141=EDGE_CURVE('',#2615,#2615,#157,.T.);
#2142=EDGE_CURVE('',#2616,#2616,#158,.T.);
#2143=EDGE_CURVE('',#2617,#2617,#159,.T.);
#2144=EDGE_CURVE('',#2619,#2619,#160,.T.);
#2145=EDGE_CURVE('',#2621,#2621,#161,.T.);
#2146=EDGE_CURVE('',#2623,#2623,#162,.T.);
#2147=EDGE_CURVE('',#2625,#2625,#163,.T.);
#2148=EDGE_CURVE('',#2449,#2431,#3181,.T.);
#2149=EDGE_CURVE('',#2626,#2448,#3182,.T.);
#2150=EDGE_CURVE('',#2627,#2626,#3183,.T.);
#2151=EDGE_CURVE('',#2627,#2432,#3184,.T.);
#2152=EDGE_CURVE('',#2628,#2433,#3185,.T.);
#2153=EDGE_CURVE('',#2628,#2629,#3186,.T.);
#2154=EDGE_CURVE('',#2629,#2447,#3187,.T.);
#2155=EDGE_CURVE('',#2627,#2628,#3188,.T.);
#2156=EDGE_CURVE('',#2629,#2626,#3189,.T.);
#2157=EDGE_CURVE('',#2608,#2427,#3190,.T.);
#2158=EDGE_CURVE('',#2426,#2609,#3191,.T.);
#2159=EDGE_CURVE('',#2607,#2425,#3192,.T.);
#2160=EDGE_CURVE('',#2606,#2424,#3193,.T.);
#2161=EDGE_CURVE('',#2594,#2404,#3194,.T.);
#2162=EDGE_CURVE('',#2596,#2403,#3195,.T.);
#2163=EDGE_CURVE('',#2597,#2401,#3196,.T.);
#2164=EDGE_CURVE('',#2595,#2402,#3197,.T.);
#2165=VERTEX_POINT('',#6423);
#2166=VERTEX_POINT('',#6424);
#2167=VERTEX_POINT('',#6426);
#2168=VERTEX_POINT('',#6428);
#2169=VERTEX_POINT('',#6430);
#2170=VERTEX_POINT('',#6432);
#2171=VERTEX_POINT('',#6436);
#2172=VERTEX_POINT('',#6437);
#2173=VERTEX_POINT('',#6439);
#2174=VERTEX_POINT('',#6441);
#2175=VERTEX_POINT('',#6444);
#2176=VERTEX_POINT('',#6445);
#2177=VERTEX_POINT('',#6447);
#2178=VERTEX_POINT('',#6449);
#2179=VERTEX_POINT('',#6451);
#2180=VERTEX_POINT('',#6453);
#2181=VERTEX_POINT('',#6455);
#2182=VERTEX_POINT('',#6457);
#2183=VERTEX_POINT('',#6459);
#2184=VERTEX_POINT('',#6461);
#2185=VERTEX_POINT('',#6464);
#2186=VERTEX_POINT('',#6466);
#2187=VERTEX_POINT('',#6468);
#2188=VERTEX_POINT('',#6470);
#2189=VERTEX_POINT('',#6472);
#2190=VERTEX_POINT('',#6473);
#2191=VERTEX_POINT('',#6475);
#2192=VERTEX_POINT('',#6477);
#2193=VERTEX_POINT('',#6481);
#2194=VERTEX_POINT('',#6482);
#2195=VERTEX_POINT('',#6484);
#2196=VERTEX_POINT('',#6486);
#2197=VERTEX_POINT('',#6489);
#2198=VERTEX_POINT('',#6490);
#2199=VERTEX_POINT('',#6492);
#2200=VERTEX_POINT('',#6494);
#2201=VERTEX_POINT('',#6496);
#2202=VERTEX_POINT('',#6498);
#2203=VERTEX_POINT('',#6501);
#2204=VERTEX_POINT('',#6503);
#2205=VERTEX_POINT('',#6505);
#2206=VERTEX_POINT('',#6507);
#2207=VERTEX_POINT('',#6509);
#2208=VERTEX_POINT('',#6511);
#2209=VERTEX_POINT('',#6512);
#2210=VERTEX_POINT('',#6516);
#2211=VERTEX_POINT('',#6518);
#2212=VERTEX_POINT('',#6525);
#2213=VERTEX_POINT('',#6526);
#2214=VERTEX_POINT('',#6528);
#2215=VERTEX_POINT('',#6530);
#2216=VERTEX_POINT('',#6532);
#2217=VERTEX_POINT('',#6534);
#2218=VERTEX_POINT('',#6536);
#2219=VERTEX_POINT('',#6538);
#2220=VERTEX_POINT('',#6540);
#2221=VERTEX_POINT('',#6542);
#2222=VERTEX_POINT('',#6544);
#2223=VERTEX_POINT('',#6546);
#2224=VERTEX_POINT('',#6550);
#2225=VERTEX_POINT('',#6552);
#2226=VERTEX_POINT('',#6553);
#2227=VERTEX_POINT('',#6555);
#2228=VERTEX_POINT('',#6557);
#2229=VERTEX_POINT('',#6561);
#2230=VERTEX_POINT('',#6563);
#2231=VERTEX_POINT('',#6564);
#2232=VERTEX_POINT('',#6566);
#2233=VERTEX_POINT('',#6568);
#2234=VERTEX_POINT('',#6572);
#2235=VERTEX_POINT('',#6574);
#2236=VERTEX_POINT('',#6576);
#2237=VERTEX_POINT('',#6578);
#2238=VERTEX_POINT('',#6580);
#2239=VERTEX_POINT('',#6582);
#2240=VERTEX_POINT('',#6586);
#2241=VERTEX_POINT('',#6587);
#2242=VERTEX_POINT('',#6595);
#2243=VERTEX_POINT('',#6597);
#2244=VERTEX_POINT('',#6599);
#2245=VERTEX_POINT('',#6605);
#2246=VERTEX_POINT('',#6607);
#2247=VERTEX_POINT('',#6609);
#2248=VERTEX_POINT('',#6613);
#2249=VERTEX_POINT('',#6614);
#2250=VERTEX_POINT('',#6616);
#2251=VERTEX_POINT('',#6622);
#2252=VERTEX_POINT('',#6624);
#2253=VERTEX_POINT('',#6631);
#2254=VERTEX_POINT('',#6632);
#2255=VERTEX_POINT('',#6638);
#2256=VERTEX_POINT('',#6643);
#2257=VERTEX_POINT('',#6645);
#2258=VERTEX_POINT('',#6647);
#2259=VERTEX_POINT('',#6651);
#2260=VERTEX_POINT('',#6653);
#2261=VERTEX_POINT('',#6657);
#2262=VERTEX_POINT('',#6661);
#2263=VERTEX_POINT('',#6662);
#2264=VERTEX_POINT('',#6665);
#2265=VERTEX_POINT('',#6667);
#2266=VERTEX_POINT('',#6669);
#2267=VERTEX_POINT('',#6674);
#2268=VERTEX_POINT('',#6676);
#2269=VERTEX_POINT('',#6678);
#2270=VERTEX_POINT('',#6680);
#2271=VERTEX_POINT('',#6682);
#2272=VERTEX_POINT('',#6684);
#2273=VERTEX_POINT('',#6686);
#2274=VERTEX_POINT('',#6688);
#2275=VERTEX_POINT('',#6690);
#2276=VERTEX_POINT('',#6694);
#2277=VERTEX_POINT('',#6695);
#2278=VERTEX_POINT('',#6697);
#2279=VERTEX_POINT('',#6699);
#2280=VERTEX_POINT('',#6701);
#2281=VERTEX_POINT('',#6703);
#2282=VERTEX_POINT('',#6706);
#2283=VERTEX_POINT('',#6708);
#2284=VERTEX_POINT('',#6710);
#2285=VERTEX_POINT('',#6712);
#2286=VERTEX_POINT('',#6716);
#2287=VERTEX_POINT('',#6717);
#2288=VERTEX_POINT('',#6719);
#2289=VERTEX_POINT('',#6724);
#2290=VERTEX_POINT('',#6729);
#2291=VERTEX_POINT('',#6731);
#2292=VERTEX_POINT('',#6733);
#2293=VERTEX_POINT('',#6735);
#2294=VERTEX_POINT('',#6737);
#2295=VERTEX_POINT('',#6742);
#2296=VERTEX_POINT('',#6744);
#2297=VERTEX_POINT('',#6746);
#2298=VERTEX_POINT('',#6748);
#2299=VERTEX_POINT('',#6751);
#2300=VERTEX_POINT('',#6752);
#2301=VERTEX_POINT('',#6754);
#2302=VERTEX_POINT('',#6756);
#2303=VERTEX_POINT('',#6760);
#2304=VERTEX_POINT('',#6761);
#2305=VERTEX_POINT('',#6763);
#2306=VERTEX_POINT('',#6765);
#2307=VERTEX_POINT('',#6768);
#2308=VERTEX_POINT('',#6769);
#2309=VERTEX_POINT('',#6771);
#2310=VERTEX_POINT('',#6773);
#2311=VERTEX_POINT('',#6777);
#2312=VERTEX_POINT('',#6778);
#2313=VERTEX_POINT('',#6780);
#2314=VERTEX_POINT('',#6782);
#2315=VERTEX_POINT('',#6786);
#2316=VERTEX_POINT('',#6788);
#2317=VERTEX_POINT('',#6789);
#2318=VERTEX_POINT('',#6792);
#2319=VERTEX_POINT('',#6795);
#2320=VERTEX_POINT('',#6797);
#2321=VERTEX_POINT('',#6799);
#2322=VERTEX_POINT('',#6803);
#2323=VERTEX_POINT('',#6816);
#2324=VERTEX_POINT('',#6818);
#2325=VERTEX_POINT('',#6822);
#2326=VERTEX_POINT('',#6823);
#2327=VERTEX_POINT('',#6828);
#2328=VERTEX_POINT('',#6830);
#2329=VERTEX_POINT('',#6835);
#2330=VERTEX_POINT('',#6837);
#2331=VERTEX_POINT('',#6843);
#2332=VERTEX_POINT('',#6844);
#2333=VERTEX_POINT('',#6849);
#2334=VERTEX_POINT('',#6850);
#2335=VERTEX_POINT('',#6853);
#2336=VERTEX_POINT('',#6857);
#2337=VERTEX_POINT('',#6859);
#2338=VERTEX_POINT('',#6863);
#2339=VERTEX_POINT('',#6864);
#2340=VERTEX_POINT('',#6866);
#2341=VERTEX_POINT('',#6872);
#2342=VERTEX_POINT('',#6874);
#2343=VERTEX_POINT('',#6881);
#2344=VERTEX_POINT('',#6888);
#2345=VERTEX_POINT('',#6902);
#2346=VERTEX_POINT('',#6904);
#2347=VERTEX_POINT('',#6913);
#2348=VERTEX_POINT('',#6939);
#2349=VERTEX_POINT('',#6941);
#2350=VERTEX_POINT('',#6946);
#2351=VERTEX_POINT('',#6959);
#2352=VERTEX_POINT('',#6961);
#2353=VERTEX_POINT('',#6966);
#2354=VERTEX_POINT('',#6973);
#2355=VERTEX_POINT('',#6977);
#2356=VERTEX_POINT('',#6979);
#2357=VERTEX_POINT('',#6983);
#2358=VERTEX_POINT('',#6987);
#2359=VERTEX_POINT('',#6995);
#2360=VERTEX_POINT('',#7002);
#2361=VERTEX_POINT('',#7004);
#2362=VERTEX_POINT('',#7006);
#2363=VERTEX_POINT('',#7008);
#2364=VERTEX_POINT('',#7013);
#2365=VERTEX_POINT('',#7014);
#2366=VERTEX_POINT('',#7016);
#2367=VERTEX_POINT('',#7018);
#2368=VERTEX_POINT('',#7021);
#2369=VERTEX_POINT('',#7023);
#2370=VERTEX_POINT('',#7027);
#2371=VERTEX_POINT('',#7030);
#2372=VERTEX_POINT('',#7053);
#2373=VERTEX_POINT('',#7054);
#2374=VERTEX_POINT('',#7061);
#2375=VERTEX_POINT('',#7063);
#2376=VERTEX_POINT('',#7074);
#2377=VERTEX_POINT('',#7075);
#2378=VERTEX_POINT('',#7077);
#2379=VERTEX_POINT('',#7079);
#2380=VERTEX_POINT('',#7084);
#2381=VERTEX_POINT('',#7086);
#2382=VERTEX_POINT('',#7090);
#2383=VERTEX_POINT('',#7094);
#2384=VERTEX_POINT('',#7103);
#2385=VERTEX_POINT('',#7105);
#2386=VERTEX_POINT('',#7107);
#2387=VERTEX_POINT('',#7109);
#2388=VERTEX_POINT('',#7111);
#2389=VERTEX_POINT('',#7113);
#2390=VERTEX_POINT('',#7116);
#2391=VERTEX_POINT('',#7118);
#2392=VERTEX_POINT('',#7121);
#2393=VERTEX_POINT('',#7123);
#2394=VERTEX_POINT('',#7126);
#2395=VERTEX_POINT('',#7128);
#2396=VERTEX_POINT('',#7135);
#2397=VERTEX_POINT('',#7137);
#2398=VERTEX_POINT('',#7141);
#2399=VERTEX_POINT('',#7143);
#2400=VERTEX_POINT('',#7162);
#2401=VERTEX_POINT('',#7194);
#2402=VERTEX_POINT('',#7195);
#2403=VERTEX_POINT('',#7197);
#2404=VERTEX_POINT('',#7199);
#2405=VERTEX_POINT('',#7202);
#2406=VERTEX_POINT('',#7203);
#2407=VERTEX_POINT('',#7205);
#2408=VERTEX_POINT('',#7207);
#2409=VERTEX_POINT('',#7210);
#2410=VERTEX_POINT('',#7212);
#2411=VERTEX_POINT('',#7214);
#2412=VERTEX_POINT('',#7216);
#2413=VERTEX_POINT('',#7218);
#2414=VERTEX_POINT('',#7219);
#2415=VERTEX_POINT('',#7221);
#2416=VERTEX_POINT('',#7223);
#2417=VERTEX_POINT('',#7225);
#2418=VERTEX_POINT('',#7227);
#2419=VERTEX_POINT('',#7229);
#2420=VERTEX_POINT('',#7231);
#2421=VERTEX_POINT('',#7233);
#2422=VERTEX_POINT('',#7235);
#2423=VERTEX_POINT('',#7239);
#2424=VERTEX_POINT('',#7240);
#2425=VERTEX_POINT('',#7242);
#2426=VERTEX_POINT('',#7244);
#2427=VERTEX_POINT('',#7246);
#2428=VERTEX_POINT('',#7248);
#2429=VERTEX_POINT('',#7250);
#2430=VERTEX_POINT('',#7252);
#2431=VERTEX_POINT('',#7254);
#2432=VERTEX_POINT('',#7256);
#2433=VERTEX_POINT('',#7258);
#2434=VERTEX_POINT('',#7260);
#2435=VERTEX_POINT('',#7264);
#2436=VERTEX_POINT('',#7266);
#2437=VERTEX_POINT('',#7267);
#2438=VERTEX_POINT('',#7269);
#2439=VERTEX_POINT('',#7271);
#2440=VERTEX_POINT('',#7275);
#2441=VERTEX_POINT('',#7277);
#2442=VERTEX_POINT('',#7278);
#2443=VERTEX_POINT('',#7280);
#2444=VERTEX_POINT('',#7282);
#2445=VERTEX_POINT('',#7286);
#2446=VERTEX_POINT('',#7288);
#2447=VERTEX_POINT('',#7290);
#2448=VERTEX_POINT('',#7292);
#2449=VERTEX_POINT('',#7294);
#2450=VERTEX_POINT('',#7296);
#2451=VERTEX_POINT('',#7300);
#2452=VERTEX_POINT('',#7301);
#2453=VERTEX_POINT('',#7310);
#2454=VERTEX_POINT('',#7312);
#2455=VERTEX_POINT('',#7314);
#2456=VERTEX_POINT('',#7319);
#2457=VERTEX_POINT('',#7321);
#2458=VERTEX_POINT('',#7323);
#2459=VERTEX_POINT('',#7327);
#2460=VERTEX_POINT('',#7328);
#2461=VERTEX_POINT('',#7331);
#2462=VERTEX_POINT('',#7335);
#2463=VERTEX_POINT('',#7337);
#2464=VERTEX_POINT('',#7342);
#2465=VERTEX_POINT('',#7343);
#2466=VERTEX_POINT('',#7345);
#2467=VERTEX_POINT('',#7347);
#2468=VERTEX_POINT('',#7349);
#2469=VERTEX_POINT('',#7351);
#2470=VERTEX_POINT('',#7356);
#2471=VERTEX_POINT('',#7358);
#2472=VERTEX_POINT('',#7362);
#2473=VERTEX_POINT('',#7366);
#2474=VERTEX_POINT('',#7368);
#2475=VERTEX_POINT('',#7370);
#2476=VERTEX_POINT('',#7372);
#2477=VERTEX_POINT('',#7374);
#2478=VERTEX_POINT('',#7376);
#2479=VERTEX_POINT('',#7378);
#2480=VERTEX_POINT('',#7380);
#2481=VERTEX_POINT('',#7382);
#2482=VERTEX_POINT('',#7384);
#2483=VERTEX_POINT('',#7386);
#2484=VERTEX_POINT('',#7391);
#2485=VERTEX_POINT('',#7393);
#2486=VERTEX_POINT('',#7395);
#2487=VERTEX_POINT('',#7399);
#2488=VERTEX_POINT('',#7400);
#2489=VERTEX_POINT('',#7402);
#2490=VERTEX_POINT('',#7404);
#2491=VERTEX_POINT('',#7406);
#2492=VERTEX_POINT('',#7408);
#2493=VERTEX_POINT('',#7411);
#2494=VERTEX_POINT('',#7413);
#2495=VERTEX_POINT('',#7415);
#2496=VERTEX_POINT('',#7417);
#2497=VERTEX_POINT('',#7421);
#2498=VERTEX_POINT('',#7422);
#2499=VERTEX_POINT('',#7425);
#2500=VERTEX_POINT('',#7427);
#2501=VERTEX_POINT('',#7429);
#2502=VERTEX_POINT('',#7431);
#2503=VERTEX_POINT('',#7433);
#2504=VERTEX_POINT('',#7438);
#2505=VERTEX_POINT('',#7443);
#2506=VERTEX_POINT('',#7447);
#2507=VERTEX_POINT('',#7449);
#2508=VERTEX_POINT('',#7451);
#2509=VERTEX_POINT('',#7453);
#2510=VERTEX_POINT('',#7456);
#2511=VERTEX_POINT('',#7457);
#2512=VERTEX_POINT('',#7459);
#2513=VERTEX_POINT('',#7461);
#2514=VERTEX_POINT('',#7465);
#2515=VERTEX_POINT('',#7466);
#2516=VERTEX_POINT('',#7468);
#2517=VERTEX_POINT('',#7470);
#2518=VERTEX_POINT('',#7473);
#2519=VERTEX_POINT('',#7474);
#2520=VERTEX_POINT('',#7476);
#2521=VERTEX_POINT('',#7478);
#2522=VERTEX_POINT('',#7482);
#2523=VERTEX_POINT('',#7483);
#2524=VERTEX_POINT('',#7485);
#2525=VERTEX_POINT('',#7487);
#2526=VERTEX_POINT('',#7491);
#2527=VERTEX_POINT('',#7493);
#2528=VERTEX_POINT('',#7494);
#2529=VERTEX_POINT('',#7496);
#2530=VERTEX_POINT('',#7498);
#2531=VERTEX_POINT('',#7500);
#2532=VERTEX_POINT('',#7503);
#2533=VERTEX_POINT('',#7508);
#2534=VERTEX_POINT('',#7521);
#2535=VERTEX_POINT('',#7523);
#2536=VERTEX_POINT('',#7527);
#2537=VERTEX_POINT('',#7528);
#2538=VERTEX_POINT('',#7530);
#2539=VERTEX_POINT('',#7532);
#2540=VERTEX_POINT('',#7534);
#2541=VERTEX_POINT('',#7536);
#2542=VERTEX_POINT('',#7542);
#2543=VERTEX_POINT('',#7544);
#2544=VERTEX_POINT('',#7546);
#2545=VERTEX_POINT('',#7548);
#2546=VERTEX_POINT('',#7550);
#2547=VERTEX_POINT('',#7552);
#2548=VERTEX_POINT('',#7556);
#2549=VERTEX_POINT('',#7557);
#2550=VERTEX_POINT('',#7559);
#2551=VERTEX_POINT('',#7564);
#2552=VERTEX_POINT('',#7566);
#2553=VERTEX_POINT('',#7570);
#2554=VERTEX_POINT('',#7572);
#2555=VERTEX_POINT('',#7574);
#2556=VERTEX_POINT('',#7579);
#2557=VERTEX_POINT('',#7580);
#2558=VERTEX_POINT('',#7586);
#2559=VERTEX_POINT('',#7595);
#2560=VERTEX_POINT('',#7598);
#2561=VERTEX_POINT('',#7600);
#2562=VERTEX_POINT('',#7604);
#2563=VERTEX_POINT('',#7608);
#2564=VERTEX_POINT('',#7612);
#2565=VERTEX_POINT('',#7616);
#2566=VERTEX_POINT('',#7620);
#2567=VERTEX_POINT('',#7621);
#2568=VERTEX_POINT('',#7626);
#2569=VERTEX_POINT('',#7630);
#2570=VERTEX_POINT('',#7634);
#2571=VERTEX_POINT('',#7637);
#2572=VERTEX_POINT('',#7640);
#2573=VERTEX_POINT('',#7642);
#2574=VERTEX_POINT('',#7646);
#2575=VERTEX_POINT('',#7649);
#2576=VERTEX_POINT('',#7652);
#2577=VERTEX_POINT('',#7666);
#2578=VERTEX_POINT('',#7690);
#2579=VERTEX_POINT('',#7692);
#2580=VERTEX_POINT('',#7696);
#2581=VERTEX_POINT('',#7710);
#2582=VERTEX_POINT('',#7712);
#2583=VERTEX_POINT('',#7717);
#2584=VERTEX_POINT('',#7721);
#2585=VERTEX_POINT('',#7728);
#2586=VERTEX_POINT('',#7730);
#2587=VERTEX_POINT('',#7734);
#2588=VERTEX_POINT('',#7738);
#2589=VERTEX_POINT('',#7746);
#2590=VERTEX_POINT('',#7754);
#2591=VERTEX_POINT('',#7756);
#2592=VERTEX_POINT('',#7758);
#2593=VERTEX_POINT('',#7760);
#2594=VERTEX_POINT('',#7764);
#2595=VERTEX_POINT('',#7765);
#2596=VERTEX_POINT('',#7767);
#2597=VERTEX_POINT('',#7769);
#2598=VERTEX_POINT('',#7772);
#2599=VERTEX_POINT('',#7773);
#2600=VERTEX_POINT('',#7778);
#2601=VERTEX_POINT('',#7781);
#2602=VERTEX_POINT('',#7804);
#2603=VERTEX_POINT('',#7805);
#2604=VERTEX_POINT('',#7813);
#2605=VERTEX_POINT('',#7815);
#2606=VERTEX_POINT('',#7825);
#2607=VERTEX_POINT('',#7826);
#2608=VERTEX_POINT('',#7829);
#2609=VERTEX_POINT('',#7831);
#2610=VERTEX_POINT('',#7835);
#2611=VERTEX_POINT('',#7837);
#2612=VERTEX_POINT('',#7841);
#2613=VERTEX_POINT('',#7845);
#2614=VERTEX_POINT('',#7854);
#2615=VERTEX_POINT('',#7856);
#2616=VERTEX_POINT('',#7858);
#2617=VERTEX_POINT('',#7860);
#2618=VERTEX_POINT('',#7862);
#2619=VERTEX_POINT('',#7864);
#2620=VERTEX_POINT('',#7867);
#2621=VERTEX_POINT('',#7869);
#2622=VERTEX_POINT('',#7872);
#2623=VERTEX_POINT('',#7874);
#2624=VERTEX_POINT('',#7877);
#2625=VERTEX_POINT('',#7879);
#2626=VERTEX_POINT('',#7886);
#2627=VERTEX_POINT('',#7888);
#2628=VERTEX_POINT('',#7892);
#2629=VERTEX_POINT('',#7894);
#2630=LINE('',#6422,#3198);
#2631=LINE('',#6425,#3199);
#2632=LINE('',#6429,#3200);
#2633=LINE('',#6431,#3201);
#2634=LINE('',#6435,#3202);
#2635=LINE('',#6438,#3203);
#2636=LINE('',#6440,#3204);
#2637=LINE('',#6442,#3205);
#2638=LINE('',#6443,#3206);
#2639=LINE('',#6446,#3207);
#2640=LINE('',#6448,#3208);
#2641=LINE('',#6450,#3209);
#2642=LINE('',#6452,#3210);
#2643=LINE('',#6454,#3211);
#2644=LINE('',#6456,#3212);
#2645=LINE('',#6458,#3213);
#2646=LINE('',#6460,#3214);
#2647=LINE('',#6462,#3215);
#2648=LINE('',#6471,#3216);
#2649=LINE('',#6474,#3217);
#2650=LINE('',#6476,#3218);
#2651=LINE('',#6478,#3219);
#2652=LINE('',#6480,#3220);
#2653=LINE('',#6483,#3221);
#2654=LINE('',#6485,#3222);
#2655=LINE('',#6487,#3223);
#2656=LINE('',#6488,#3224);
#2657=LINE('',#6491,#3225);
#2658=LINE('',#6493,#3226);
#2659=LINE('',#6495,#3227);
#2660=LINE('',#6497,#3228);
#2661=LINE('',#6499,#3229);
#2662=LINE('',#6515,#3230);
#2663=LINE('',#6517,#3231);
#2664=LINE('',#6524,#3232);
#2665=LINE('',#6527,#3233);
#2666=LINE('',#6529,#3234);
#2667=LINE('',#6531,#3235);
#2668=LINE('',#6533,#3236);
#2669=LINE('',#6535,#3237);
#2670=LINE('',#6537,#3238);
#2671=LINE('',#6539,#3239);
#2672=LINE('',#6541,#3240);
#2673=LINE('',#6543,#3241);
#2674=LINE('',#6545,#3242);
#2675=LINE('',#6547,#3243);
#2676=LINE('',#6551,#3244);
#2677=LINE('',#6554,#3245);
#2678=LINE('',#6556,#3246);
#2679=LINE('',#6558,#3247);
#2680=LINE('',#6562,#3248);
#2681=LINE('',#6565,#3249);
#2682=LINE('',#6567,#3250);
#2683=LINE('',#6569,#3251);
#2684=LINE('',#6571,#3252);
#2685=LINE('',#6573,#3253);
#2686=LINE('',#6575,#3254);
#2687=LINE('',#6577,#3255);
#2688=LINE('',#6579,#3256);
#2689=LINE('',#6581,#3257);
#2690=LINE('',#6583,#3258);
#2691=LINE('',#6585,#3259);
#2692=LINE('',#6588,#3260);
#2693=LINE('',#6589,#3261);
#2694=LINE('',#6591,#3262);
#2695=LINE('',#6592,#3263);
#2696=LINE('',#6594,#3264);
#2697=LINE('',#6596,#3265);
#2698=LINE('',#6598,#3266);
#2699=LINE('',#6600,#3267);
#2700=LINE('',#6601,#3268);
#2701=LINE('',#6603,#3269);
#2702=LINE('',#6604,#3270);
#2703=LINE('',#6606,#3271);
#2704=LINE('',#6608,#3272);
#2705=LINE('',#6610,#3273);
#2706=LINE('',#6612,#3274);
#2707=LINE('',#6615,#3275);
#2708=LINE('',#6617,#3276);
#2709=LINE('',#6618,#3277);
#2710=LINE('',#6620,#3278);
#2711=LINE('',#6621,#3279);
#2712=LINE('',#6623,#3280);
#2713=LINE('',#6625,#3281);
#2714=LINE('',#6637,#3282);
#2715=LINE('',#6644,#3283);
#2716=LINE('',#6646,#3284);
#2717=LINE('',#6648,#3285);
#2718=LINE('',#6654,#3286);
#2719=LINE('',#6656,#3287);
#2720=LINE('',#6658,#3288);
#2721=LINE('',#6660,#3289);
#2722=LINE('',#6663,#3290);
#2723=LINE('',#6664,#3291);
#2724=LINE('',#6666,#3292);
#2725=LINE('',#6668,#3293);
#2726=LINE('',#6675,#3294);
#2727=LINE('',#6677,#3295);
#2728=LINE('',#6679,#3296);
#2729=LINE('',#6681,#3297);
#2730=LINE('',#6683,#3298);
#2731=LINE('',#6685,#3299);
#2732=LINE('',#6687,#3300);
#2733=LINE('',#6689,#3301);
#2734=LINE('',#6691,#3302);
#2735=LINE('',#6693,#3303);
#2736=LINE('',#6696,#3304);
#2737=LINE('',#6698,#3305);
#2738=LINE('',#6700,#3306);
#2739=LINE('',#6702,#3307);
#2740=LINE('',#6704,#3308);
#2741=LINE('',#6705,#3309);
#2742=LINE('',#6707,#3310);
#2743=LINE('',#6709,#3311);
#2744=LINE('',#6711,#3312);
#2745=LINE('',#6713,#3313);
#2746=LINE('',#6715,#3314);
#2747=LINE('',#6718,#3315);
#2748=LINE('',#6730,#3316);
#2749=LINE('',#6732,#3317);
#2750=LINE('',#6734,#3318);
#2751=LINE('',#6736,#3319);
#2752=LINE('',#6738,#3320);
#2753=LINE('',#6739,#3321);
#2754=LINE('',#6741,#3322);
#2755=LINE('',#6743,#3323);
#2756=LINE('',#6745,#3324);
#2757=LINE('',#6747,#3325);
#2758=LINE('',#6749,#3326);
#2759=LINE('',#6750,#3327);
#2760=LINE('',#6753,#3328);
#2761=LINE('',#6755,#3329);
#2762=LINE('',#6757,#3330);
#2763=LINE('',#6759,#3331);
#2764=LINE('',#6762,#3332);
#2765=LINE('',#6764,#3333);
#2766=LINE('',#6766,#3334);
#2767=LINE('',#6767,#3335);
#2768=LINE('',#6770,#3336);
#2769=LINE('',#6772,#3337);
#2770=LINE('',#6774,#3338);
#2771=LINE('',#6776,#3339);
#2772=LINE('',#6779,#3340);
#2773=LINE('',#6781,#3341);
#2774=LINE('',#6783,#3342);
#2775=LINE('',#6787,#3343);
#2776=LINE('',#6790,#3344);
#2777=LINE('',#6791,#3345);
#2778=LINE('',#6793,#3346);
#2779=LINE('',#6794,#3347);
#2780=LINE('',#6796,#3348);
#2781=LINE('',#6798,#3349);
#2782=LINE('',#6800,#3350);
#2783=LINE('',#6804,#3351);
#2784=LINE('',#6805,#3352);
#2785=LINE('',#6807,#3353);
#2786=LINE('',#6808,#3354);
#2787=LINE('',#6815,#3355);
#2788=LINE('',#6817,#3356);
#2789=LINE('',#6819,#3357);
#2790=LINE('',#6821,#3358);
#2791=LINE('',#6829,#3359);
#2792=LINE('',#6836,#3360);
#2793=LINE('',#6838,#3361);
#2794=LINE('',#6840,#3362);
#2795=LINE('',#6845,#3363);
#2796=LINE('',#6846,#3364);
#2797=LINE('',#6848,#3365);
#2798=LINE('',#6851,#3366);
#2799=LINE('',#6852,#3367);
#2800=LINE('',#6854,#3368);
#2801=LINE('',#6856,#3369);
#2802=LINE('',#6858,#3370);
#2803=LINE('',#6860,#3371);
#2804=LINE('',#6862,#3372);
#2805=LINE('',#6865,#3373);
#2806=LINE('',#6867,#3374);
#2807=LINE('',#6868,#3375);
#2808=LINE('',#6869,#3376);
#2809=LINE('',#6871,#3377);
#2810=LINE('',#6887,#3378);
#2811=LINE('',#6889,#3379);
#2812=LINE('',#6890,#3380);
#2813=LINE('',#6891,#3381);
#2814=LINE('',#6893,#3382);
#2815=LINE('',#6895,#3383);
#2816=LINE('',#6897,#3384);
#2817=LINE('',#6899,#3385);
#2818=LINE('',#6901,#3386);
#2819=LINE('',#6905,#3387);
#2820=LINE('',#6908,#3388);
#2821=LINE('',#6909,#3389);
#2822=LINE('',#6943,#3390);
#2823=LINE('',#6944,#3391);
#2824=LINE('',#6945,#3392);
#2825=LINE('',#6947,#3393);
#2826=LINE('',#6958,#3394);
#2827=LINE('',#6960,#3395);
#2828=LINE('',#6972,#3396);
#2829=LINE('',#6974,#3397);
#2830=LINE('',#6976,#3398);
#2831=LINE('',#6978,#3399);
#2832=LINE('',#6980,#3400);
#2833=LINE('',#6982,#3401);
#2834=LINE('',#6984,#3402);
#2835=LINE('',#6986,#3403);
#2836=LINE('',#6988,#3404);
#2837=LINE('',#6990,#3405);
#2838=LINE('',#6992,#3406);
#2839=LINE('',#6994,#3407);
#2840=LINE('',#6996,#3408);
#2841=LINE('',#6998,#3409);
#2842=LINE('',#7000,#3410);
#2843=LINE('',#7001,#3411);
#2844=LINE('',#7003,#3412);
#2845=LINE('',#7005,#3413);
#2846=LINE('',#7007,#3414);
#2847=LINE('',#7009,#3415);
#2848=LINE('',#7010,#3416);
#2849=LINE('',#7012,#3417);
#2850=LINE('',#7015,#3418);
#2851=LINE('',#7017,#3419);
#2852=LINE('',#7019,#3420);
#2853=LINE('',#7020,#3421);
#2854=LINE('',#7022,#3422);
#2855=LINE('',#7024,#3423);
#2856=LINE('',#7026,#3424);
#2857=LINE('',#7028,#3425);
#2858=LINE('',#7029,#3426);
#2859=LINE('',#7031,#3427);
#2860=LINE('',#7033,#3428);
#2861=LINE('',#7035,#3429);
#2862=LINE('',#7037,#3430);
#2863=LINE('',#7040,#3431);
#2864=LINE('',#7042,#3432);
#2865=LINE('',#7044,#3433);
#2866=LINE('',#7045,#3434);
#2867=LINE('',#7047,#3435);
#2868=LINE('',#7049,#3436);
#2869=LINE('',#7052,#3437);
#2870=LINE('',#7055,#3438);
#2871=LINE('',#7056,#3439);
#2872=LINE('',#7058,#3440);
#2873=LINE('',#7060,#3441);
#2874=LINE('',#7062,#3442);
#2875=LINE('',#7064,#3443);
#2876=LINE('',#7065,#3444);
#2877=LINE('',#7067,#3445);
#2878=LINE('',#7069,#3446);
#2879=LINE('',#7073,#3447);
#2880=LINE('',#7076,#3448);
#2881=LINE('',#7078,#3449);
#2882=LINE('',#7080,#3450);
#2883=LINE('',#7081,#3451);
#2884=LINE('',#7083,#3452);
#2885=LINE('',#7085,#3453);
#2886=LINE('',#7087,#3454);
#2887=LINE('',#7089,#3455);
#2888=LINE('',#7091,#3456);
#2889=LINE('',#7093,#3457);
#2890=LINE('',#7095,#3458);
#2891=LINE('',#7097,#3459);
#2892=LINE('',#7100,#3460);
#2893=LINE('',#7132,#3461);
#2894=LINE('',#7134,#3462);
#2895=LINE('',#7136,#3463);
#2896=LINE('',#7138,#3464);
#2897=LINE('',#7140,#3465);
#2898=LINE('',#7142,#3466);
#2899=LINE('',#7144,#3467);
#2900=LINE('',#7146,#3468);
#2901=LINE('',#7148,#3469);
#2902=LINE('',#7151,#3470);
#2903=LINE('',#7153,#3471);
#2904=LINE('',#7155,#3472);
#2905=LINE('',#7158,#3473);
#2906=LINE('',#7173,#3474);
#2907=LINE('',#7174,#3475);
#2908=LINE('',#7176,#3476);
#2909=LINE('',#7178,#3477);
#2910=LINE('',#7183,#3478);
#2911=LINE('',#7184,#3479);
#2912=LINE('',#7186,#3480);
#2913=LINE('',#7188,#3481);
#2914=LINE('',#7193,#3482);
#2915=LINE('',#7196,#3483);
#2916=LINE('',#7198,#3484);
#2917=LINE('',#7200,#3485);
#2918=LINE('',#7201,#3486);
#2919=LINE('',#7204,#3487);
#2920=LINE('',#7206,#3488);
#2921=LINE('',#7208,#3489);
#2922=LINE('',#7217,#3490);
#2923=LINE('',#7220,#3491);
#2924=LINE('',#7222,#3492);
#2925=LINE('',#7224,#3493);
#2926=LINE('',#7226,#3494);
#2927=LINE('',#7228,#3495);
#2928=LINE('',#7230,#3496);
#2929=LINE('',#7232,#3497);
#2930=LINE('',#7234,#3498);
#2931=LINE('',#7236,#3499);
#2932=LINE('',#7238,#3500);
#2933=LINE('',#7241,#3501);
#2934=LINE('',#7243,#3502);
#2935=LINE('',#7245,#3503);
#2936=LINE('',#7247,#3504);
#2937=LINE('',#7249,#3505);
#2938=LINE('',#7251,#3506);
#2939=LINE('',#7253,#3507);
#2940=LINE('',#7255,#3508);
#2941=LINE('',#7257,#3509);
#2942=LINE('',#7259,#3510);
#2943=LINE('',#7261,#3511);
#2944=LINE('',#7265,#3512);
#2945=LINE('',#7268,#3513);
#2946=LINE('',#7270,#3514);
#2947=LINE('',#7272,#3515);
#2948=LINE('',#7276,#3516);
#2949=LINE('',#7279,#3517);
#2950=LINE('',#7281,#3518);
#2951=LINE('',#7283,#3519);
#2952=LINE('',#7285,#3520);
#2953=LINE('',#7287,#3521);
#2954=LINE('',#7289,#3522);
#2955=LINE('',#7291,#3523);
#2956=LINE('',#7293,#3524);
#2957=LINE('',#7295,#3525);
#2958=LINE('',#7297,#3526);
#2959=LINE('',#7299,#3527);
#2960=LINE('',#7302,#3528);
#2961=LINE('',#7303,#3529);
#2962=LINE('',#7305,#3530);
#2963=LINE('',#7306,#3531);
#2964=LINE('',#7308,#3532);
#2965=LINE('',#7309,#3533);
#2966=LINE('',#7311,#3534);
#2967=LINE('',#7313,#3535);
#2968=LINE('',#7315,#3536);
#2969=LINE('',#7317,#3537);
#2970=LINE('',#7318,#3538);
#2971=LINE('',#7320,#3539);
#2972=LINE('',#7322,#3540);
#2973=LINE('',#7324,#3541);
#2974=LINE('',#7326,#3542);
#2975=LINE('',#7329,#3543);
#2976=LINE('',#7330,#3544);
#2977=LINE('',#7332,#3545);
#2978=LINE('',#7334,#3546);
#2979=LINE('',#7336,#3547);
#2980=LINE('',#7338,#3548);
#2981=LINE('',#7339,#3549);
#2982=LINE('',#7341,#3550);
#2983=LINE('',#7344,#3551);
#2984=LINE('',#7346,#3552);
#2985=LINE('',#7348,#3553);
#2986=LINE('',#7350,#3554);
#2987=LINE('',#7352,#3555);
#2988=LINE('',#7353,#3556);
#2989=LINE('',#7357,#3557);
#2990=LINE('',#7361,#3558);
#2991=LINE('',#7363,#3559);
#2992=LINE('',#7365,#3560);
#2993=LINE('',#7367,#3561);
#2994=LINE('',#7369,#3562);
#2995=LINE('',#7371,#3563);
#2996=LINE('',#7373,#3564);
#2997=LINE('',#7375,#3565);
#2998=LINE('',#7377,#3566);
#2999=LINE('',#7379,#3567);
#3000=LINE('',#7381,#3568);
#3001=LINE('',#7383,#3569);
#3002=LINE('',#7385,#3570);
#3003=LINE('',#7392,#3571);
#3004=LINE('',#7394,#3572);
#3005=LINE('',#7396,#3573);
#3006=LINE('',#7398,#3574);
#3007=LINE('',#7401,#3575);
#3008=LINE('',#7403,#3576);
#3009=LINE('',#7405,#3577);
#3010=LINE('',#7407,#3578);
#3011=LINE('',#7409,#3579);
#3012=LINE('',#7410,#3580);
#3013=LINE('',#7412,#3581);
#3014=LINE('',#7414,#3582);
#3015=LINE('',#7416,#3583);
#3016=LINE('',#7418,#3584);
#3017=LINE('',#7420,#3585);
#3018=LINE('',#7423,#3586);
#3019=LINE('',#7424,#3587);
#3020=LINE('',#7426,#3588);
#3021=LINE('',#7428,#3589);
#3022=LINE('',#7430,#3590);
#3023=LINE('',#7432,#3591);
#3024=LINE('',#7444,#3592);
#3025=LINE('',#7446,#3593);
#3026=LINE('',#7448,#3594);
#3027=LINE('',#7450,#3595);
#3028=LINE('',#7452,#3596);
#3029=LINE('',#7454,#3597);
#3030=LINE('',#7455,#3598);
#3031=LINE('',#7458,#3599);
#3032=LINE('',#7460,#3600);
#3033=LINE('',#7462,#3601);
#3034=LINE('',#7464,#3602);
#3035=LINE('',#7467,#3603);
#3036=LINE('',#7469,#3604);
#3037=LINE('',#7471,#3605);
#3038=LINE('',#7472,#3606);
#3039=LINE('',#7475,#3607);
#3040=LINE('',#7477,#3608);
#3041=LINE('',#7479,#3609);
#3042=LINE('',#7481,#3610);
#3043=LINE('',#7484,#3611);
#3044=LINE('',#7486,#3612);
#3045=LINE('',#7488,#3613);
#3046=LINE('',#7492,#3614);
#3047=LINE('',#7495,#3615);
#3048=LINE('',#7497,#3616);
#3049=LINE('',#7499,#3617);
#3050=LINE('',#7501,#3618);
#3051=LINE('',#7502,#3619);
#3052=LINE('',#7504,#3620);
#3053=LINE('',#7505,#3621);
#3054=LINE('',#7509,#3622);
#3055=LINE('',#7510,#3623);
#3056=LINE('',#7512,#3624);
#3057=LINE('',#7513,#3625);
#3058=LINE('',#7520,#3626);
#3059=LINE('',#7522,#3627);
#3060=LINE('',#7524,#3628);
#3061=LINE('',#7526,#3629);
#3062=LINE('',#7529,#3630);
#3063=LINE('',#7531,#3631);
#3064=LINE('',#7533,#3632);
#3065=LINE('',#7535,#3633);
#3066=LINE('',#7537,#3634);
#3067=LINE('',#7539,#3635);
#3068=LINE('',#7541,#3636);
#3069=LINE('',#7545,#3637);
#3070=LINE('',#7547,#3638);
#3071=LINE('',#7551,#3639);
#3072=LINE('',#7553,#3640);
#3073=LINE('',#7555,#3641);
#3074=LINE('',#7558,#3642);
#3075=LINE('',#7560,#3643);
#3076=LINE('',#7561,#3644);
#3077=LINE('',#7563,#3645);
#3078=LINE('',#7565,#3646);
#3079=LINE('',#7567,#3647);
#3080=LINE('',#7569,#3648);
#3081=LINE('',#7571,#3649);
#3082=LINE('',#7573,#3650);
#3083=LINE('',#7575,#3651);
#3084=LINE('',#7576,#3652);
#3085=LINE('',#7581,#3653);
#3086=LINE('',#7594,#3654);
#3087=LINE('',#7596,#3655);
#3088=LINE('',#7597,#3656);
#3089=LINE('',#7599,#3657);
#3090=LINE('',#7601,#3658);
#3091=LINE('',#7603,#3659);
#3092=LINE('',#7605,#3660);
#3093=LINE('',#7607,#3661);
#3094=LINE('',#7609,#3662);
#3095=LINE('',#7611,#3663);
#3096=LINE('',#7613,#3664);
#3097=LINE('',#7615,#3665);
#3098=LINE('',#7617,#3666);
#3099=LINE('',#7619,#3667);
#3100=LINE('',#7622,#3668);
#3101=LINE('',#7623,#3669);
#3102=LINE('',#7625,#3670);
#3103=LINE('',#7627,#3671);
#3104=LINE('',#7629,#3672);
#3105=LINE('',#7631,#3673);
#3106=LINE('',#7654,#3674);
#3107=LINE('',#7656,#3675);
#3108=LINE('',#7659,#3676);
#3109=LINE('',#7660,#3677);
#3110=LINE('',#7694,#3678);
#3111=LINE('',#7695,#3679);
#3112=LINE('',#7697,#3680);
#3113=LINE('',#7698,#3681);
#3114=LINE('',#7709,#3682);
#3115=LINE('',#7711,#3683);
#3116=LINE('',#7718,#3684);
#3117=LINE('',#7720,#3685);
#3118=LINE('',#7727,#3686);
#3119=LINE('',#7729,#3687);
#3120=LINE('',#7731,#3688);
#3121=LINE('',#7733,#3689);
#3122=LINE('',#7735,#3690);
#3123=LINE('',#7737,#3691);
#3124=LINE('',#7739,#3692);
#3125=LINE('',#7741,#3693);
#3126=LINE('',#7743,#3694);
#3127=LINE('',#7745,#3695);
#3128=LINE('',#7747,#3696);
#3129=LINE('',#7749,#3697);
#3130=LINE('',#7751,#3698);
#3131=LINE('',#7752,#3699);
#3132=LINE('',#7753,#3700);
#3133=LINE('',#7755,#3701);
#3134=LINE('',#7757,#3702);
#3135=LINE('',#7759,#3703);
#3136=LINE('',#7761,#3704);
#3137=LINE('',#7763,#3705);
#3138=LINE('',#7766,#3706);
#3139=LINE('',#7768,#3707);
#3140=LINE('',#7770,#3708);
#3141=LINE('',#7771,#3709);
#3142=LINE('',#7774,#3710);
#3143=LINE('',#7775,#3711);
#3144=LINE('',#7777,#3712);
#3145=LINE('',#7779,#3713);
#3146=LINE('',#7780,#3714);
#3147=LINE('',#7782,#3715);
#3148=LINE('',#7784,#3716);
#3149=LINE('',#7786,#3717);
#3150=LINE('',#7788,#3718);
#3151=LINE('',#7791,#3719);
#3152=LINE('',#7793,#3720);
#3153=LINE('',#7795,#3721);
#3154=LINE('',#7796,#3722);
#3155=LINE('',#7798,#3723);
#3156=LINE('',#7800,#3724);
#3157=LINE('',#7803,#3725);
#3158=LINE('',#7806,#3726);
#3159=LINE('',#7807,#3727);
#3160=LINE('',#7809,#3728);
#3161=LINE('',#7811,#3729);
#3162=LINE('',#7812,#3730);
#3163=LINE('',#7814,#3731);
#3164=LINE('',#7816,#3732);
#3165=LINE('',#7818,#3733);
#3166=LINE('',#7820,#3734);
#3167=LINE('',#7824,#3735);
#3168=LINE('',#7827,#3736);
#3169=LINE('',#7828,#3737);
#3170=LINE('',#7830,#3738);
#3171=LINE('',#7832,#3739);
#3172=LINE('',#7834,#3740);
#3173=LINE('',#7836,#3741);
#3174=LINE('',#7838,#3742);
#3175=LINE('',#7840,#3743);
#3176=LINE('',#7842,#3744);
#3177=LINE('',#7844,#3745);
#3178=LINE('',#7846,#3746);
#3179=LINE('',#7848,#3747);
#3180=LINE('',#7851,#3748);
#3181=LINE('',#7883,#3749);
#3182=LINE('',#7885,#3750);
#3183=LINE('',#7887,#3751);
#3184=LINE('',#7889,#3752);
#3185=LINE('',#7891,#3753);
#3186=LINE('',#7893,#3754);
#3187=LINE('',#7895,#3755);
#3188=LINE('',#7897,#3756);
#3189=LINE('',#7899,#3757);
#3190=LINE('',#7902,#3758);
#3191=LINE('',#7904,#3759);
#3192=LINE('',#7906,#3760);
#3193=LINE('',#7909,#3761);
#3194=LINE('',#7915,#3762);
#3195=LINE('',#7916,#3763);
#3196=LINE('',#7918,#3764);
#3197=LINE('',#7920,#3765);
#3198=VECTOR('',#5224,1.);
#3199=VECTOR('',#5225,1.);
#3200=VECTOR('',#5228,1.);
#3201=VECTOR('',#5229,1.);
#3202=VECTOR('',#5234,1.);
#3203=VECTOR('',#5235,1.);
#3204=VECTOR('',#5236,1.);
#3205=VECTOR('',#5237,1.);
#3206=VECTOR('',#5238,1.);
#3207=VECTOR('',#5239,1.);
#3208=VECTOR('',#5240,1.);
#3209=VECTOR('',#5241,1.);
#3210=VECTOR('',#5242,1.);
#3211=VECTOR('',#5243,1.);
#3212=VECTOR('',#5244,1.);
#3213=VECTOR('',#5245,1.);
#3214=VECTOR('',#5246,1.);
#3215=VECTOR('',#5247,1.);
#3216=VECTOR('',#5256,1.);
#3217=VECTOR('',#5257,1.);
#3218=VECTOR('',#5258,1.);
#3219=VECTOR('',#5259,1.);
#3220=VECTOR('',#5262,1.);
#3221=VECTOR('',#5263,1.);
#3222=VECTOR('',#5264,1.);
#3223=VECTOR('',#5265,1.);
#3224=VECTOR('',#5266,1.);
#3225=VECTOR('',#5267,1.);
#3226=VECTOR('',#5268,1.);
#3227=VECTOR('',#5269,1.);
#3228=VECTOR('',#5270,1.);
#3229=VECTOR('',#5271,1.);
#3230=VECTOR('',#5288,1.);
#3231=VECTOR('',#5289,1.);
#3232=VECTOR('',#5292,1.);
#3233=VECTOR('',#5293,1.);
#3234=VECTOR('',#5294,1.);
#3235=VECTOR('',#5295,1.);
#3236=VECTOR('',#5296,1.);
#3237=VECTOR('',#5297,1.);
#3238=VECTOR('',#5298,1.);
#3239=VECTOR('',#5299,1.);
#3240=VECTOR('',#5300,1.);
#3241=VECTOR('',#5301,1.);
#3242=VECTOR('',#5302,1.);
#3243=VECTOR('',#5303,1.);
#3244=VECTOR('',#5308,1.);
#3245=VECTOR('',#5309,1.);
#3246=VECTOR('',#5310,1.);
#3247=VECTOR('',#5311,1.);
#3248=VECTOR('',#5316,1.);
#3249=VECTOR('',#5317,1.);
#3250=VECTOR('',#5318,1.);
#3251=VECTOR('',#5319,1.);
#3252=VECTOR('',#5322,1.);
#3253=VECTOR('',#5323,1.);
#3254=VECTOR('',#5324,1.);
#3255=VECTOR('',#5325,1.);
#3256=VECTOR('',#5326,1.);
#3257=VECTOR('',#5327,1.);
#3258=VECTOR('',#5328,1.);
#3259=VECTOR('',#5331,1.);
#3260=VECTOR('',#5332,1.);
#3261=VECTOR('',#5333,1.);
#3262=VECTOR('',#5336,1.);
#3263=VECTOR('',#5337,1.);
#3264=VECTOR('',#5340,1.);
#3265=VECTOR('',#5341,1.);
#3266=VECTOR('',#5342,1.);
#3267=VECTOR('',#5343,1.);
#3268=VECTOR('',#5344,1.);
#3269=VECTOR('',#5347,1.);
#3270=VECTOR('',#5348,1.);
#3271=VECTOR('',#5349,1.);
#3272=VECTOR('',#5350,1.);
#3273=VECTOR('',#5351,1.);
#3274=VECTOR('',#5354,1.);
#3275=VECTOR('',#5355,1.);
#3276=VECTOR('',#5356,1.);
#3277=VECTOR('',#5357,1.);
#3278=VECTOR('',#5360,1.);
#3279=VECTOR('',#5361,1.);
#3280=VECTOR('',#5362,1.);
#3281=VECTOR('',#5363,1.);
#3282=VECTOR('',#5366,1.);
#3283=VECTOR('',#5367,1.);
#3284=VECTOR('',#5368,1.);
#3285=VECTOR('',#5369,1.);
#3286=VECTOR('',#5376,1.);
#3287=VECTOR('',#5379,1.);
#3288=VECTOR('',#5380,1.);
#3289=VECTOR('',#5383,1.);
#3290=VECTOR('',#5384,1.);
#3291=VECTOR('',#5385,1.);
#3292=VECTOR('',#5386,1.);
#3293=VECTOR('',#5387,1.);
#3294=VECTOR('',#5388,1.);
#3295=VECTOR('',#5389,1.);
#3296=VECTOR('',#5390,1.);
#3297=VECTOR('',#5391,1.);
#3298=VECTOR('',#5392,1.);
#3299=VECTOR('',#5393,1.);
#3300=VECTOR('',#5394,1.);
#3301=VECTOR('',#5395,1.);
#3302=VECTOR('',#5396,1.);
#3303=VECTOR('',#5399,1.);
#3304=VECTOR('',#5400,1.);
#3305=VECTOR('',#5401,1.);
#3306=VECTOR('',#5402,1.);
#3307=VECTOR('',#5403,1.);
#3308=VECTOR('',#5404,1.);
#3309=VECTOR('',#5405,1.);
#3310=VECTOR('',#5406,1.);
#3311=VECTOR('',#5407,1.);
#3312=VECTOR('',#5408,1.);
#3313=VECTOR('',#5409,1.);
#3314=VECTOR('',#5412,1.);
#3315=VECTOR('',#5413,1.);
#3316=VECTOR('',#5414,1.);
#3317=VECTOR('',#5415,1.);
#3318=VECTOR('',#5416,1.);
#3319=VECTOR('',#5417,1.);
#3320=VECTOR('',#5418,1.);
#3321=VECTOR('',#5419,1.);
#3322=VECTOR('',#5422,1.);
#3323=VECTOR('',#5423,1.);
#3324=VECTOR('',#5424,1.);
#3325=VECTOR('',#5425,1.);
#3326=VECTOR('',#5426,1.);
#3327=VECTOR('',#5427,1.);
#3328=VECTOR('',#5428,1.);
#3329=VECTOR('',#5429,1.);
#3330=VECTOR('',#5430,1.);
#3331=VECTOR('',#5433,1.);
#3332=VECTOR('',#5434,1.);
#3333=VECTOR('',#5435,1.);
#3334=VECTOR('',#5436,1.);
#3335=VECTOR('',#5437,1.);
#3336=VECTOR('',#5438,1.);
#3337=VECTOR('',#5439,1.);
#3338=VECTOR('',#5440,1.);
#3339=VECTOR('',#5443,1.);
#3340=VECTOR('',#5444,1.);
#3341=VECTOR('',#5445,1.);
#3342=VECTOR('',#5446,1.);
#3343=VECTOR('',#5451,1.);
#3344=VECTOR('',#5452,1.);
#3345=VECTOR('',#5453,1.);
#3346=VECTOR('',#5454,1.);
#3347=VECTOR('',#5455,1.);
#3348=VECTOR('',#5456,1.);
#3349=VECTOR('',#5457,1.);
#3350=VECTOR('',#5458,1.);
#3351=VECTOR('',#5463,1.);
#3352=VECTOR('',#5464,1.);
#3353=VECTOR('',#5467,1.);
#3354=VECTOR('',#5468,1.);
#3355=VECTOR('',#5473,1.);
#3356=VECTOR('',#5474,1.);
#3357=VECTOR('',#5475,1.);
#3358=VECTOR('',#5478,1.);
#3359=VECTOR('',#5479,1.);
#3360=VECTOR('',#5480,1.);
#3361=VECTOR('',#5481,1.);
#3362=VECTOR('',#5484,1.);
#3363=VECTOR('',#5489,1.);
#3364=VECTOR('',#5490,1.);
#3365=VECTOR('',#5493,1.);
#3366=VECTOR('',#5494,1.);
#3367=VECTOR('',#5495,1.);
#3368=VECTOR('',#5496,1.);
#3369=VECTOR('',#5499,1.);
#3370=VECTOR('',#5500,1.);
#3371=VECTOR('',#5501,1.);
#3372=VECTOR('',#5504,1.);
#3373=VECTOR('',#5505,1.);
#3374=VECTOR('',#5506,1.);
#3375=VECTOR('',#5507,1.);
#3376=VECTOR('',#5508,1.);
#3377=VECTOR('',#5511,1.);
#3378=VECTOR('',#5516,1.);
#3379=VECTOR('',#5517,1.);
#3380=VECTOR('',#5518,1.);
#3381=VECTOR('',#5519,1.);
#3382=VECTOR('',#5522,1.);
#3383=VECTOR('',#5525,1.);
#3384=VECTOR('',#5528,1.);
#3385=VECTOR('',#5531,1.);
#3386=VECTOR('',#5534,1.);
#3387=VECTOR('',#5537,1.);
#3388=VECTOR('',#5542,1.);
#3389=VECTOR('',#5543,1.);
#3390=VECTOR('',#5558,1.);
#3391=VECTOR('',#5559,1.);
#3392=VECTOR('',#5560,1.);
#3393=VECTOR('',#5561,1.);
#3394=VECTOR('',#5566,1.);
#3395=VECTOR('',#5567,1.);
#3396=VECTOR('',#5570,1.);
#3397=VECTOR('',#5571,1.);
#3398=VECTOR('',#5574,1.);
#3399=VECTOR('',#5575,1.);
#3400=VECTOR('',#5576,1.);
#3401=VECTOR('',#5579,1.);
#3402=VECTOR('',#5580,1.);
#3403=VECTOR('',#5583,1.);
#3404=VECTOR('',#5584,1.);
#3405=VECTOR('',#5587,1.);
#3406=VECTOR('',#5590,1.);
#3407=VECTOR('',#5593,1.);
#3408=VECTOR('',#5594,1.);
#3409=VECTOR('',#5597,1.);
#3410=VECTOR('',#5600,1.);
#3411=VECTOR('',#5601,1.);
#3412=VECTOR('',#5602,1.);
#3413=VECTOR('',#5603,1.);
#3414=VECTOR('',#5604,1.);
#3415=VECTOR('',#5605,1.);
#3416=VECTOR('',#5606,1.);
#3417=VECTOR('',#5609,1.);
#3418=VECTOR('',#5610,1.);
#3419=VECTOR('',#5611,1.);
#3420=VECTOR('',#5612,1.);
#3421=VECTOR('',#5613,1.);
#3422=VECTOR('',#5614,1.);
#3423=VECTOR('',#5615,1.);
#3424=VECTOR('',#5618,1.);
#3425=VECTOR('',#5619,1.);
#3426=VECTOR('',#5620,1.);
#3427=VECTOR('',#5621,1.);
#3428=VECTOR('',#5624,1.);
#3429=VECTOR('',#5627,1.);
#3430=VECTOR('',#5630,1.);
#3431=VECTOR('',#5635,1.);
#3432=VECTOR('',#5638,1.);
#3433=VECTOR('',#5641,1.);
#3434=VECTOR('',#5642,1.);
#3435=VECTOR('',#5645,1.);
#3436=VECTOR('',#5648,1.);
#3437=VECTOR('',#5653,1.);
#3438=VECTOR('',#5654,1.);
#3439=VECTOR('',#5655,1.);
#3440=VECTOR('',#5658,1.);
#3441=VECTOR('',#5661,1.);
#3442=VECTOR('',#5662,1.);
#3443=VECTOR('',#5663,1.);
#3444=VECTOR('',#5664,1.);
#3445=VECTOR('',#5667,1.);
#3446=VECTOR('',#5670,1.);
#3447=VECTOR('',#5677,1.);
#3448=VECTOR('',#5678,1.);
#3449=VECTOR('',#5679,1.);
#3450=VECTOR('',#5680,1.);
#3451=VECTOR('',#5681,1.);
#3452=VECTOR('',#5684,1.);
#3453=VECTOR('',#5685,1.);
#3454=VECTOR('',#5686,1.);
#3455=VECTOR('',#5689,1.);
#3456=VECTOR('',#5690,1.);
#3457=VECTOR('',#5693,1.);
#3458=VECTOR('',#5694,1.);
#3459=VECTOR('',#5697,1.);
#3460=VECTOR('',#5702,1.);
#3461=VECTOR('',#5741,1.);
#3462=VECTOR('',#5744,1.);
#3463=VECTOR('',#5745,1.);
#3464=VECTOR('',#5746,1.);
#3465=VECTOR('',#5749,1.);
#3466=VECTOR('',#5750,1.);
#3467=VECTOR('',#5751,1.);
#3468=VECTOR('',#5754,1.);
#3469=VECTOR('',#5757,1.);
#3470=VECTOR('',#5762,1.);
#3471=VECTOR('',#5765,1.);
#3472=VECTOR('',#5768,1.);
#3473=VECTOR('',#5773,1.);
#3474=VECTOR('',#5800,1.);
#3475=VECTOR('',#5801,1.);
#3476=VECTOR('',#5804,1.);
#3477=VECTOR('',#5807,1.);
#3478=VECTOR('',#5816,1.);
#3479=VECTOR('',#5817,1.);
#3480=VECTOR('',#5820,1.);
#3481=VECTOR('',#5823,1.);
#3482=VECTOR('',#5832,1.);
#3483=VECTOR('',#5833,1.);
#3484=VECTOR('',#5834,1.);
#3485=VECTOR('',#5835,1.);
#3486=VECTOR('',#5836,1.);
#3487=VECTOR('',#5837,1.);
#3488=VECTOR('',#5838,1.);
#3489=VECTOR('',#5839,1.);
#3490=VECTOR('',#5848,1.);
#3491=VECTOR('',#5849,1.);
#3492=VECTOR('',#5850,1.);
#3493=VECTOR('',#5851,1.);
#3494=VECTOR('',#5852,1.);
#3495=VECTOR('',#5853,1.);
#3496=VECTOR('',#5854,1.);
#3497=VECTOR('',#5855,1.);
#3498=VECTOR('',#5856,1.);
#3499=VECTOR('',#5857,1.);
#3500=VECTOR('',#5860,1.);
#3501=VECTOR('',#5861,1.);
#3502=VECTOR('',#5862,1.);
#3503=VECTOR('',#5863,1.);
#3504=VECTOR('',#5864,1.);
#3505=VECTOR('',#5865,1.);
#3506=VECTOR('',#5866,1.);
#3507=VECTOR('',#5867,1.);
#3508=VECTOR('',#5868,1.);
#3509=VECTOR('',#5869,1.);
#3510=VECTOR('',#5870,1.);
#3511=VECTOR('',#5871,1.);
#3512=VECTOR('',#5876,1.);
#3513=VECTOR('',#5877,1.);
#3514=VECTOR('',#5878,1.);
#3515=VECTOR('',#5879,1.);
#3516=VECTOR('',#5884,1.);
#3517=VECTOR('',#5885,1.);
#3518=VECTOR('',#5886,1.);
#3519=VECTOR('',#5887,1.);
#3520=VECTOR('',#5890,1.);
#3521=VECTOR('',#5891,1.);
#3522=VECTOR('',#5892,1.);
#3523=VECTOR('',#5893,1.);
#3524=VECTOR('',#5894,1.);
#3525=VECTOR('',#5895,1.);
#3526=VECTOR('',#5896,1.);
#3527=VECTOR('',#5899,1.);
#3528=VECTOR('',#5900,1.);
#3529=VECTOR('',#5901,1.);
#3530=VECTOR('',#5904,1.);
#3531=VECTOR('',#5905,1.);
#3532=VECTOR('',#5908,1.);
#3533=VECTOR('',#5909,1.);
#3534=VECTOR('',#5910,1.);
#3535=VECTOR('',#5911,1.);
#3536=VECTOR('',#5912,1.);
#3537=VECTOR('',#5915,1.);
#3538=VECTOR('',#5916,1.);
#3539=VECTOR('',#5917,1.);
#3540=VECTOR('',#5918,1.);
#3541=VECTOR('',#5919,1.);
#3542=VECTOR('',#5922,1.);
#3543=VECTOR('',#5923,1.);
#3544=VECTOR('',#5924,1.);
#3545=VECTOR('',#5925,1.);
#3546=VECTOR('',#5928,1.);
#3547=VECTOR('',#5929,1.);
#3548=VECTOR('',#5930,1.);
#3549=VECTOR('',#5931,1.);
#3550=VECTOR('',#5934,1.);
#3551=VECTOR('',#5935,1.);
#3552=VECTOR('',#5936,1.);
#3553=VECTOR('',#5937,1.);
#3554=VECTOR('',#5938,1.);
#3555=VECTOR('',#5939,1.);
#3556=VECTOR('',#5940,1.);
#3557=VECTOR('',#5945,1.);
#3558=VECTOR('',#5950,1.);
#3559=VECTOR('',#5951,1.);
#3560=VECTOR('',#5954,1.);
#3561=VECTOR('',#5955,1.);
#3562=VECTOR('',#5956,1.);
#3563=VECTOR('',#5957,1.);
#3564=VECTOR('',#5958,1.);
#3565=VECTOR('',#5959,1.);
#3566=VECTOR('',#5960,1.);
#3567=VECTOR('',#5961,1.);
#3568=VECTOR('',#5962,1.);
#3569=VECTOR('',#5963,1.);
#3570=VECTOR('',#5964,1.);
#3571=VECTOR('',#5965,1.);
#3572=VECTOR('',#5966,1.);
#3573=VECTOR('',#5967,1.);
#3574=VECTOR('',#5970,1.);
#3575=VECTOR('',#5971,1.);
#3576=VECTOR('',#5972,1.);
#3577=VECTOR('',#5973,1.);
#3578=VECTOR('',#5974,1.);
#3579=VECTOR('',#5975,1.);
#3580=VECTOR('',#5976,1.);
#3581=VECTOR('',#5977,1.);
#3582=VECTOR('',#5978,1.);
#3583=VECTOR('',#5979,1.);
#3584=VECTOR('',#5980,1.);
#3585=VECTOR('',#5983,1.);
#3586=VECTOR('',#5984,1.);
#3587=VECTOR('',#5985,1.);
#3588=VECTOR('',#5986,1.);
#3589=VECTOR('',#5987,1.);
#3590=VECTOR('',#5988,1.);
#3591=VECTOR('',#5989,1.);
#3592=VECTOR('',#5990,1.);
#3593=VECTOR('',#5993,1.);
#3594=VECTOR('',#5994,1.);
#3595=VECTOR('',#5995,1.);
#3596=VECTOR('',#5996,1.);
#3597=VECTOR('',#5997,1.);
#3598=VECTOR('',#5998,1.);
#3599=VECTOR('',#5999,1.);
#3600=VECTOR('',#6000,1.);
#3601=VECTOR('',#6001,1.);
#3602=VECTOR('',#6004,1.);
#3603=VECTOR('',#6005,1.);
#3604=VECTOR('',#6006,1.);
#3605=VECTOR('',#6007,1.);
#3606=VECTOR('',#6008,1.);
#3607=VECTOR('',#6009,1.);
#3608=VECTOR('',#6010,1.);
#3609=VECTOR('',#6011,1.);
#3610=VECTOR('',#6014,1.);
#3611=VECTOR('',#6015,1.);
#3612=VECTOR('',#6016,1.);
#3613=VECTOR('',#6017,1.);
#3614=VECTOR('',#6022,1.);
#3615=VECTOR('',#6023,1.);
#3616=VECTOR('',#6024,1.);
#3617=VECTOR('',#6025,1.);
#3618=VECTOR('',#6026,1.);
#3619=VECTOR('',#6027,1.);
#3620=VECTOR('',#6028,1.);
#3621=VECTOR('',#6029,1.);
#3622=VECTOR('',#6034,1.);
#3623=VECTOR('',#6035,1.);
#3624=VECTOR('',#6038,1.);
#3625=VECTOR('',#6039,1.);
#3626=VECTOR('',#6044,1.);
#3627=VECTOR('',#6045,1.);
#3628=VECTOR('',#6046,1.);
#3629=VECTOR('',#6049,1.);
#3630=VECTOR('',#6050,1.);
#3631=VECTOR('',#6051,1.);
#3632=VECTOR('',#6052,1.);
#3633=VECTOR('',#6053,1.);
#3634=VECTOR('',#6054,1.);
#3635=VECTOR('',#6057,1.);
#3636=VECTOR('',#6060,1.);
#3637=VECTOR('',#6063,1.);
#3638=VECTOR('',#6064,1.);
#3639=VECTOR('',#6067,1.);
#3640=VECTOR('',#6068,1.);
#3641=VECTOR('',#6071,1.);
#3642=VECTOR('',#6072,1.);
#3643=VECTOR('',#6073,1.);
#3644=VECTOR('',#6074,1.);
#3645=VECTOR('',#6077,1.);
#3646=VECTOR('',#6078,1.);
#3647=VECTOR('',#6079,1.);
#3648=VECTOR('',#6082,1.);
#3649=VECTOR('',#6083,1.);
#3650=VECTOR('',#6084,1.);
#3651=VECTOR('',#6085,1.);
#3652=VECTOR('',#6086,1.);
#3653=VECTOR('',#6091,1.);
#3654=VECTOR('',#6094,1.);
#3655=VECTOR('',#6095,1.);
#3656=VECTOR('',#6096,1.);
#3657=VECTOR('',#6097,1.);
#3658=VECTOR('',#6098,1.);
#3659=VECTOR('',#6101,1.);
#3660=VECTOR('',#6102,1.);
#3661=VECTOR('',#6105,1.);
#3662=VECTOR('',#6106,1.);
#3663=VECTOR('',#6109,1.);
#3664=VECTOR('',#6110,1.);
#3665=VECTOR('',#6113,1.);
#3666=VECTOR('',#6114,1.);
#3667=VECTOR('',#6117,1.);
#3668=VECTOR('',#6118,1.);
#3669=VECTOR('',#6119,1.);
#3670=VECTOR('',#6122,1.);
#3671=VECTOR('',#6123,1.);
#3672=VECTOR('',#6126,1.);
#3673=VECTOR('',#6127,1.);
#3674=VECTOR('',#6158,1.);
#3675=VECTOR('',#6161,1.);
#3676=VECTOR('',#6166,1.);
#3677=VECTOR('',#6167,1.);
#3678=VECTOR('',#6182,1.);
#3679=VECTOR('',#6183,1.);
#3680=VECTOR('',#6184,1.);
#3681=VECTOR('',#6185,1.);
#3682=VECTOR('',#6190,1.);
#3683=VECTOR('',#6191,1.);
#3684=VECTOR('',#6192,1.);
#3685=VECTOR('',#6195,1.);
#3686=VECTOR('',#6198,1.);
#3687=VECTOR('',#6199,1.);
#3688=VECTOR('',#6200,1.);
#3689=VECTOR('',#6203,1.);
#3690=VECTOR('',#6204,1.);
#3691=VECTOR('',#6207,1.);
#3692=VECTOR('',#6208,1.);
#3693=VECTOR('',#6211,1.);
#3694=VECTOR('',#6214,1.);
#3695=VECTOR('',#6217,1.);
#3696=VECTOR('',#6218,1.);
#3697=VECTOR('',#6221,1.);
#3698=VECTOR('',#6224,1.);
#3699=VECTOR('',#6225,1.);
#3700=VECTOR('',#6226,1.);
#3701=VECTOR('',#6227,1.);
#3702=VECTOR('',#6228,1.);
#3703=VECTOR('',#6229,1.);
#3704=VECTOR('',#6230,1.);
#3705=VECTOR('',#6233,1.);
#3706=VECTOR('',#6234,1.);
#3707=VECTOR('',#6235,1.);
#3708=VECTOR('',#6236,1.);
#3709=VECTOR('',#6237,1.);
#3710=VECTOR('',#6238,1.);
#3711=VECTOR('',#6239,1.);
#3712=VECTOR('',#6242,1.);
#3713=VECTOR('',#6243,1.);
#3714=VECTOR('',#6244,1.);
#3715=VECTOR('',#6245,1.);
#3716=VECTOR('',#6248,1.);
#3717=VECTOR('',#6251,1.);
#3718=VECTOR('',#6254,1.);
#3719=VECTOR('',#6259,1.);
#3720=VECTOR('',#6262,1.);
#3721=VECTOR('',#6265,1.);
#3722=VECTOR('',#6266,1.);
#3723=VECTOR('',#6269,1.);
#3724=VECTOR('',#6272,1.);
#3725=VECTOR('',#6277,1.);
#3726=VECTOR('',#6278,1.);
#3727=VECTOR('',#6279,1.);
#3728=VECTOR('',#6282,1.);
#3729=VECTOR('',#6285,1.);
#3730=VECTOR('',#6286,1.);
#3731=VECTOR('',#6287,1.);
#3732=VECTOR('',#6288,1.);
#3733=VECTOR('',#6291,1.);
#3734=VECTOR('',#6294,1.);
#3735=VECTOR('',#6301,1.);
#3736=VECTOR('',#6302,1.);
#3737=VECTOR('',#6303,1.);
#3738=VECTOR('',#6304,1.);
#3739=VECTOR('',#6305,1.);
#3740=VECTOR('',#6308,1.);
#3741=VECTOR('',#6309,1.);
#3742=VECTOR('',#6310,1.);
#3743=VECTOR('',#6313,1.);
#3744=VECTOR('',#6314,1.);
#3745=VECTOR('',#6317,1.);
#3746=VECTOR('',#6318,1.);
#3747=VECTOR('',#6321,1.);
#3748=VECTOR('',#6326,1.);
#3749=VECTOR('',#6365,1.);
#3750=VECTOR('',#6368,1.);
#3751=VECTOR('',#6369,1.);
#3752=VECTOR('',#6370,1.);
#3753=VECTOR('',#6373,1.);
#3754=VECTOR('',#6374,1.);
#3755=VECTOR('',#6375,1.);
#3756=VECTOR('',#6378,1.);
#3757=VECTOR('',#6381,1.);
#3758=VECTOR('',#6386,1.);
#3759=VECTOR('',#6389,1.);
#3760=VECTOR('',#6392,1.);
#3761=VECTOR('',#6397,1.);
#3762=VECTOR('',#6408,1.);
#3763=VECTOR('',#6409,1.);
#3764=VECTOR('',#6412,1.);
#3765=VECTOR('',#6415,1.);
#3766=EDGE_LOOP('',(#164,#165,#166,#167,#168,#169));
#3767=EDGE_LOOP('',(#170,#171,#172,#173));
#3768=EDGE_LOOP('',(#174,#175,#176,#177,#178,#179,#180,#181,#182,#183));
#3769=EDGE_LOOP('',(#184));
#3770=EDGE_LOOP('',(#185));
#3771=EDGE_LOOP('',(#186));
#3772=EDGE_LOOP('',(#187));
#3773=EDGE_LOOP('',(#188,#189,#190,#191));
#3774=EDGE_LOOP('',(#192,#193,#194,#195));
#3775=EDGE_LOOP('',(#196,#197,#198,#199,#200,#201));
#3776=EDGE_LOOP('',(#202));
#3777=EDGE_LOOP('',(#203));
#3778=EDGE_LOOP('',(#204));
#3779=EDGE_LOOP('',(#205));
#3780=EDGE_LOOP('',(#206));
#3781=EDGE_LOOP('',(#207,#208));
#3782=EDGE_LOOP('',(#209,#210,#211,#212));
#3783=EDGE_LOOP('',(#213,#214,#215,#216,#217,#218,#219,#220,#221,#222,#223,#224));
#3784=EDGE_LOOP('',(#225));
#3785=EDGE_LOOP('',(#226,#227,#228,#229));
#3786=EDGE_LOOP('',(#230));
#3787=EDGE_LOOP('',(#231,#232,#233,#234));
#3788=EDGE_LOOP('',(#235,#236,#237,#238,#239,#240,#241,#242));
#3789=EDGE_LOOP('',(#243,#244,#245,#246));
#3790=EDGE_LOOP('',(#247,#248,#249,#250));
#3791=EDGE_LOOP('',(#251,#252,#253,#254,#255,#256,#257,#258));
#3792=EDGE_LOOP('',(#259,#260,#261,#262,#263,#264,#265,#266,#267));
#3793=EDGE_LOOP('',(#268,#269,#270,#271));
#3794=EDGE_LOOP('',(#272,#273,#274,#275,#276,#277,#278));
#3795=EDGE_LOOP('',(#279,#280,#281,#282,#283,#284,#285));
#3796=EDGE_LOOP('',(#286,#287,#288,#289));
#3797=EDGE_LOOP('',(#290,#291,#292,#293));
#3798=EDGE_LOOP('',(#294,#295,#296,#297,#298,#299,#300,#301,#302,#303,#304,#305,#306,#307,#308,#309));
#3799=EDGE_LOOP('',(#310,#311,#312,#313,#314,#315,#316,#317,#318,#319,#320,#321));
#3800=EDGE_LOOP('',(#322,#323,#324,#325,#326,#327,#328,#329,#330,#331,#332));
#3801=EDGE_LOOP('',(#333,#334,#335,#336,#337,#338,#339,#340));
#3802=EDGE_LOOP('',(#341,#342,#343,#344));
#3803=EDGE_LOOP('',(#345,#346,#347,#348));
#3804=EDGE_LOOP('',(#349,#350,#351,#352));
#3805=EDGE_LOOP('',(#353,#354,#355,#356));
#3806=EDGE_LOOP('',(#357));
#3807=EDGE_LOOP('',(#358,#359,#360,#361,#362,#363,#364,#365,#366,#367));
#3808=EDGE_LOOP('',(#368));
#3809=EDGE_LOOP('',(#369,#370,#371,#372));
#3810=EDGE_LOOP('',(#373,#374,#375,#376));
#3811=EDGE_LOOP('',(#377,#378,#379,#380));
#3812=EDGE_LOOP('',(#381,#382,#383,#384));
#3813=EDGE_LOOP('',(#385,#386,#387,#388,#389,#390));
#3814=EDGE_LOOP('',(#391,#392,#393,#394));
#3815=EDGE_LOOP('',(#395,#396,#397,#398));
#3816=EDGE_LOOP('',(#399,#400,#401,#402,#403));
#3817=EDGE_LOOP('',(#404,#405,#406,#407,#408));
#3818=EDGE_LOOP('',(#409,#410,#411,#412,#413,#414,#415,#416));
#3819=EDGE_LOOP('',(#417,#418,#419,#420,#421));
#3820=EDGE_LOOP('',(#422,#423,#424,#425,#426,#427,#428,#429));
#3821=EDGE_LOOP('',(#430,#431,#432,#433));
#3822=EDGE_LOOP('',(#434,#435,#436,#437));
#3823=EDGE_LOOP('',(#438,#439,#440,#441));
#3824=EDGE_LOOP('',(#442,#443,#444,#445));
#3825=EDGE_LOOP('',(#446,#447,#448,#449));
#3826=EDGE_LOOP('',(#450,#451,#452,#453));
#3827=EDGE_LOOP('',(#454,#455,#456,#457,#458));
#3828=EDGE_LOOP('',(#459,#460,#461,#462,#463,#464));
#3829=EDGE_LOOP('',(#465,#466,#467,#468,#469));
#3830=EDGE_LOOP('',(#470));
#3831=EDGE_LOOP('',(#471));
#3832=EDGE_LOOP('',(#472,#473,#474,#475,#476,#477,#478,#479));
#3833=EDGE_LOOP('',(#480));
#3834=EDGE_LOOP('',(#481));
#3835=EDGE_LOOP('',(#482,#483,#484,#485,#486));
#3836=EDGE_LOOP('',(#487,#488,#489,#490,#491));
#3837=EDGE_LOOP('',(#492,#493,#494,#495));
#3838=EDGE_LOOP('',(#496,#497,#498,#499));
#3839=EDGE_LOOP('',(#500,#501,#502,#503));
#3840=EDGE_LOOP('',(#504,#505,#506,#507));
#3841=EDGE_LOOP('',(#508,#509,#510,#511,#512,#513));
#3842=EDGE_LOOP('',(#514,#515,#516,#517));
#3843=EDGE_LOOP('',(#518,#519,#520,#521,#522));
#3844=EDGE_LOOP('',(#523,#524,#525,#526,#527));
#3845=EDGE_LOOP('',(#528,#529,#530,#531,#532,#533,#534,#535,#536,#537,#538,#539,#540,#541,#542,#543));
#3846=EDGE_LOOP('',(#544,#545,#546,#547));
#3847=EDGE_LOOP('',(#548,#549,#550,#551));
#3848=EDGE_LOOP('',(#552,#553,#554,#555,#556,#557,#558,#559));
#3849=EDGE_LOOP('',(#560,#561,#562,#563));
#3850=EDGE_LOOP('',(#564,#565,#566,#567,#568,#569,#570,#571));
#3851=EDGE_LOOP('',(#572,#573,#574,#575,#576,#577));
#3852=EDGE_LOOP('',(#578,#579,#580,#581));
#3853=EDGE_LOOP('',(#582,#583,#584,#585));
#3854=EDGE_LOOP('',(#586,#587,#588,#589));
#3855=EDGE_LOOP('',(#590,#591,#592,#593));
#3856=EDGE_LOOP('',(#594,#595,#596,#597));
#3857=EDGE_LOOP('',(#598,#599,#600,#601));
#3858=EDGE_LOOP('',(#602,#603,#604,#605));
#3859=EDGE_LOOP('',(#606,#607,#608,#609));
#3860=EDGE_LOOP('',(#610,#611,#612,#613));
#3861=EDGE_LOOP('',(#614,#615,#616,#617,#618,#619,#620,#621));
#3862=EDGE_LOOP('',(#622));
#3863=EDGE_LOOP('',(#623,#624,#625,#626));
#3864=EDGE_LOOP('',(#627,#628,#629,#630));
#3865=EDGE_LOOP('',(#631,#632,#633,#634));
#3866=EDGE_LOOP('',(#635,#636,#637,#638));
#3867=EDGE_LOOP('',(#639,#640,#641,#642,#643,#644,#645));
#3868=EDGE_LOOP('',(#646,#647,#648,#649));
#3869=EDGE_LOOP('',(#650));
#3870=EDGE_LOOP('',(#651,#652,#653,#654));
#3871=EDGE_LOOP('',(#655,#656,#657,#658));
#3872=EDGE_LOOP('',(#659,#660,#661,#662));
#3873=EDGE_LOOP('',(#663,#664,#665,#666,#667,#668,#669,#670));
#3874=EDGE_LOOP('',(#671,#672,#673,#674,#675));
#3875=EDGE_LOOP('',(#676));
#3876=EDGE_LOOP('',(#677));
#3877=EDGE_LOOP('',(#678));
#3878=EDGE_LOOP('',(#679));
#3879=EDGE_LOOP('',(#680,#681,#682,#683,#684,#685,#686,#687));
#3880=EDGE_LOOP('',(#688,#689,#690,#691,#692,#693,#694));
#3881=EDGE_LOOP('',(#695));
#3882=EDGE_LOOP('',(#696));
#3883=EDGE_LOOP('',(#697));
#3884=EDGE_LOOP('',(#698));
#3885=EDGE_LOOP('',(#699));
#3886=EDGE_LOOP('',(#700));
#3887=EDGE_LOOP('',(#701));
#3888=EDGE_LOOP('',(#702));
#3889=EDGE_LOOP('',(#703));
#3890=EDGE_LOOP('',(#704));
#3891=EDGE_LOOP('',(#705));
#3892=EDGE_LOOP('',(#706));
#3893=EDGE_LOOP('',(#707,#708,#709,#710,#711,#712,#713));
#3894=EDGE_LOOP('',(#714,#715,#716,#717));
#3895=EDGE_LOOP('',(#718,#719,#720,#721,#722,#723));
#3896=EDGE_LOOP('',(#724,#725,#726,#727,#728,#729));
#3897=EDGE_LOOP('',(#730,#731,#732,#733));
#3898=EDGE_LOOP('',(#734,#735,#736,#737));
#3899=EDGE_LOOP('',(#738,#739,#740,#741));
#3900=EDGE_LOOP('',(#742,#743,#744));
#3901=EDGE_LOOP('',(#745,#746,#747,#748));
#3902=EDGE_LOOP('',(#749,#750,#751,#752));
#3903=EDGE_LOOP('',(#753));
#3904=EDGE_LOOP('',(#754));
#3905=EDGE_LOOP('',(#755,#756,#757,#758));
#3906=EDGE_LOOP('',(#759,#760,#761,#762,#763,#764,#765,#766));
#3907=EDGE_LOOP('',(#767));
#3908=EDGE_LOOP('',(#768));
#3909=EDGE_LOOP('',(#769,#770,#771,#772,#773,#774));
#3910=EDGE_LOOP('',(#775,#776,#777,#778,#779,#780,#781,#782,#783,#784));
#3911=EDGE_LOOP('',(#785));
#3912=EDGE_LOOP('',(#786));
#3913=EDGE_LOOP('',(#787));
#3914=EDGE_LOOP('',(#788));
#3915=EDGE_LOOP('',(#789));
#3916=EDGE_LOOP('',(#790));
#3917=EDGE_LOOP('',(#791));
#3918=EDGE_LOOP('',(#792));
#3919=EDGE_LOOP('',(#793,#794,#795,#796));
#3920=EDGE_LOOP('',(#797,#798,#799,#800));
#3921=EDGE_LOOP('',(#801,#802,#803,#804));
#3922=EDGE_LOOP('',(#805,#806,#807,#808));
#3923=EDGE_LOOP('',(#809,#810,#811,#812,#813,#814,#815,#816));
#3924=EDGE_LOOP('',(#817));
#3925=EDGE_LOOP('',(#818,#819,#820,#821));
#3926=EDGE_LOOP('',(#822,#823,#824,#825));
#3927=EDGE_LOOP('',(#826,#827,#828,#829));
#3928=EDGE_LOOP('',(#830,#831,#832,#833));
#3929=EDGE_LOOP('',(#834,#835,#836,#837));
#3930=EDGE_LOOP('',(#838,#839,#840,#841));
#3931=EDGE_LOOP('',(#842,#843,#844,#845));
#3932=EDGE_LOOP('',(#846,#847,#848,#849));
#3933=EDGE_LOOP('',(#850));
#3934=EDGE_LOOP('',(#851));
#3935=EDGE_LOOP('',(#852));
#3936=EDGE_LOOP('',(#853));
#3937=EDGE_LOOP('',(#854,#855,#856,#857,#858,#859,#860,#861,#862,#863));
#3938=EDGE_LOOP('',(#864,#865,#866,#867,#868,#869,#870,#871,#872,#873,#874,#875));
#3939=EDGE_LOOP('',(#876));
#3940=EDGE_LOOP('',(#877,#878,#879,#880));
#3941=EDGE_LOOP('',(#881));
#3942=EDGE_LOOP('',(#882,#883,#884,#885));
#3943=EDGE_LOOP('',(#886,#887,#888,#889,#890,#891,#892,#893));
#3944=EDGE_LOOP('',(#894,#895,#896,#897));
#3945=EDGE_LOOP('',(#898,#899,#900,#901));
#3946=EDGE_LOOP('',(#902,#903,#904,#905,#906,#907,#908,#909));
#3947=EDGE_LOOP('',(#910,#911,#912,#913,#914,#915,#916,#917,#918));
#3948=EDGE_LOOP('',(#919,#920,#921,#922));
#3949=EDGE_LOOP('',(#923,#924,#925,#926,#927,#928,#929));
#3950=EDGE_LOOP('',(#930,#931,#932,#933,#934,#935,#936));
#3951=EDGE_LOOP('',(#937,#938,#939,#940));
#3952=EDGE_LOOP('',(#941,#942,#943,#944));
#3953=EDGE_LOOP('',(#945,#946,#947,#948,#949,#950,#951,#952,#953,#954,#955,#956,#957,#958,#959,#960));
#3954=EDGE_LOOP('',(#961,#962,#963,#964,#965,#966,#967,#968,#969,#970,#971,#972));
#3955=EDGE_LOOP('',(#973,#974,#975,#976,#977,#978,#979,#980,#981,#982,#983));
#3956=EDGE_LOOP('',(#984,#985,#986,#987,#988,#989,#990,#991));
#3957=EDGE_LOOP('',(#992,#993,#994,#995));
#3958=EDGE_LOOP('',(#996,#997,#998,#999));
#3959=EDGE_LOOP('',(#1000,#1001,#1002,#1003));
#3960=EDGE_LOOP('',(#1004,#1005,#1006,#1007));
#3961=EDGE_LOOP('',(#1008));
#3962=EDGE_LOOP('',(#1009,#1010,#1011,#1012,#1013,#1014,#1015,#1016,#1017,#1018));
#3963=EDGE_LOOP('',(#1019));
#3964=EDGE_LOOP('',(#1020,#1021,#1022,#1023));
#3965=EDGE_LOOP('',(#1024,#1025,#1026,#1027));
#3966=EDGE_LOOP('',(#1028,#1029,#1030,#1031));
#3967=EDGE_LOOP('',(#1032,#1033,#1034,#1035));
#3968=EDGE_LOOP('',(#1036,#1037,#1038,#1039,#1040,#1041));
#3969=EDGE_LOOP('',(#1042,#1043,#1044,#1045));
#3970=EDGE_LOOP('',(#1046,#1047,#1048,#1049,#1050,#1051,#1052,#1053));
#3971=EDGE_LOOP('',(#1054,#1055,#1056,#1057,#1058));
#3972=EDGE_LOOP('',(#1059,#1060,#1061,#1062,#1063));
#3973=EDGE_LOOP('',(#1064,#1065,#1066,#1067,#1068,#1069,#1070,#1071));
#3974=EDGE_LOOP('',(#1072,#1073,#1074,#1075,#1076));
#3975=EDGE_LOOP('',(#1077,#1078,#1079,#1080,#1081,#1082,#1083,#1084));
#3976=EDGE_LOOP('',(#1085,#1086,#1087,#1088));
#3977=EDGE_LOOP('',(#1089,#1090,#1091,#1092));
#3978=EDGE_LOOP('',(#1093,#1094,#1095,#1096));
#3979=EDGE_LOOP('',(#1097,#1098,#1099,#1100));
#3980=EDGE_LOOP('',(#1101,#1102,#1103,#1104));
#3981=EDGE_LOOP('',(#1105,#1106,#1107,#1108));
#3982=EDGE_LOOP('',(#1109,#1110,#1111,#1112));
#3983=EDGE_LOOP('',(#1113));
#3984=EDGE_LOOP('',(#1114));
#3985=EDGE_LOOP('',(#1115));
#3986=EDGE_LOOP('',(#1116));
#3987=EDGE_LOOP('',(#1117));
#3988=EDGE_LOOP('',(#1118));
#3989=EDGE_LOOP('',(#1119,#1120));
#3990=EDGE_LOOP('',(#1121));
#3991=EDGE_LOOP('',(#1122));
#3992=EDGE_LOOP('',(#1123));
#3993=EDGE_LOOP('',(#1124));
#3994=EDGE_LOOP('',(#1125));
#3995=EDGE_LOOP('',(#1126,#1127,#1128,#1129));
#3996=EDGE_LOOP('',(#1130,#1131,#1132,#1133));
#3997=EDGE_LOOP('',(#1134,#1135,#1136,#1137));
#3998=EDGE_LOOP('',(#1138));
#3999=EDGE_LOOP('',(#1139));
#4000=EDGE_LOOP('',(#1140));
#4001=EDGE_LOOP('',(#1141));
#4002=EDGE_LOOP('',(#1142));
#4003=EDGE_LOOP('',(#1143));
#4004=EDGE_LOOP('',(#1144,#1145,#1146,#1147,#1148,#1149));
#4005=EDGE_LOOP('',(#1150,#1151,#1152,#1153,#1154));
#4006=EDGE_LOOP('',(#1155,#1156,#1157,#1158,#1159,#1160));
#4007=EDGE_LOOP('',(#1161,#1162,#1163,#1164,#1165));
#4008=EDGE_LOOP('',(#1166));
#4009=EDGE_LOOP('',(#1167));
#4010=EDGE_LOOP('',(#1168,#1169,#1170,#1171,#1172,#1173,#1174,#1175));
#4011=EDGE_LOOP('',(#1176));
#4012=EDGE_LOOP('',(#1177));
#4013=EDGE_LOOP('',(#1178,#1179,#1180,#1181,#1182));
#4014=EDGE_LOOP('',(#1183,#1184,#1185,#1186,#1187));
#4015=EDGE_LOOP('',(#1188,#1189,#1190,#1191));
#4016=EDGE_LOOP('',(#1192,#1193,#1194,#1195));
#4017=EDGE_LOOP('',(#1196,#1197,#1198,#1199));
#4018=EDGE_LOOP('',(#1200,#1201,#1202,#1203));
#4019=EDGE_LOOP('',(#1204,#1205,#1206,#1207,#1208,#1209));
#4020=EDGE_LOOP('',(#1210,#1211,#1212,#1213));
#4021=EDGE_LOOP('',(#1214,#1215,#1216,#1217,#1218));
#4022=EDGE_LOOP('',(#1219,#1220,#1221,#1222,#1223));
#4023=EDGE_LOOP('',(#1224,#1225,#1226,#1227,#1228,#1229,#1230,#1231,#1232,#1233,#1234,#1235,#1236,#1237,#1238,#1239));
#4024=EDGE_LOOP('',(#1240,#1241,#1242,#1243));
#4025=EDGE_LOOP('',(#1244,#1245,#1246,#1247));
#4026=EDGE_LOOP('',(#1248,#1249,#1250,#1251,#1252,#1253,#1254,#1255));
#4027=EDGE_LOOP('',(#1256,#1257,#1258,#1259));
#4028=EDGE_LOOP('',(#1260,#1261,#1262,#1263,#1264,#1265,#1266,#1267));
#4029=EDGE_LOOP('',(#1268,#1269,#1270,#1271,#1272,#1273));
#4030=EDGE_LOOP('',(#1274,#1275,#1276,#1277));
#4031=EDGE_LOOP('',(#1278,#1279,#1280,#1281));
#4032=EDGE_LOOP('',(#1282,#1283,#1284,#1285));
#4033=EDGE_LOOP('',(#1286,#1287,#1288,#1289));
#4034=EDGE_LOOP('',(#1290,#1291,#1292,#1293));
#4035=EDGE_LOOP('',(#1294,#1295,#1296,#1297));
#4036=EDGE_LOOP('',(#1298,#1299,#1300,#1301));
#4037=EDGE_LOOP('',(#1302,#1303,#1304,#1305));
#4038=EDGE_LOOP('',(#1306,#1307,#1308,#1309));
#4039=EDGE_LOOP('',(#1310,#1311,#1312,#1313,#1314,#1315,#1316,#1317));
#4040=EDGE_LOOP('',(#1318));
#4041=EDGE_LOOP('',(#1319,#1320,#1321,#1322));
#4042=EDGE_LOOP('',(#1323,#1324,#1325,#1326));
#4043=EDGE_LOOP('',(#1327,#1328,#1329,#1330));
#4044=EDGE_LOOP('',(#1331,#1332,#1333,#1334));
#4045=EDGE_LOOP('',(#1335,#1336,#1337,#1338,#1339,#1340,#1341));
#4046=EDGE_LOOP('',(#1342,#1343,#1344,#1345));
#4047=EDGE_LOOP('',(#1346));
#4048=EDGE_LOOP('',(#1347,#1348,#1349,#1350));
#4049=EDGE_LOOP('',(#1351,#1352,#1353,#1354));
#4050=EDGE_LOOP('',(#1355,#1356,#1357,#1358));
#4051=EDGE_LOOP('',(#1359,#1360,#1361,#1362,#1363,#1364,#1365,#1366));
#4052=EDGE_LOOP('',(#1367,#1368,#1369,#1370,#1371));
#4053=EDGE_LOOP('',(#1372));
#4054=EDGE_LOOP('',(#1373));
#4055=EDGE_LOOP('',(#1374));
#4056=EDGE_LOOP('',(#1375));
#4057=EDGE_LOOP('',(#1376,#1377,#1378,#1379,#1380,#1381,#1382,#1383));
#4058=EDGE_LOOP('',(#1384,#1385,#1386,#1387,#1388,#1389,#1390));
#4059=EDGE_LOOP('',(#1391));
#4060=EDGE_LOOP('',(#1392));
#4061=EDGE_LOOP('',(#1393));
#4062=EDGE_LOOP('',(#1394));
#4063=EDGE_LOOP('',(#1395));
#4064=EDGE_LOOP('',(#1396));
#4065=EDGE_LOOP('',(#1397));
#4066=EDGE_LOOP('',(#1398));
#4067=EDGE_LOOP('',(#1399));
#4068=EDGE_LOOP('',(#1400));
#4069=EDGE_LOOP('',(#1401));
#4070=EDGE_LOOP('',(#1402));
#4071=EDGE_LOOP('',(#1403,#1404,#1405,#1406,#1407,#1408,#1409));
#4072=EDGE_LOOP('',(#1410,#1411,#1412,#1413));
#4073=EDGE_LOOP('',(#1414,#1415,#1416,#1417,#1418,#1419));
#4074=EDGE_LOOP('',(#1420,#1421,#1422,#1423,#1424,#1425));
#4075=EDGE_LOOP('',(#1426,#1427,#1428,#1429));
#4076=EDGE_LOOP('',(#1430,#1431,#1432,#1433));
#4077=EDGE_LOOP('',(#1434,#1435,#1436,#1437));
#4078=EDGE_LOOP('',(#1438,#1439,#1440));
#4079=EDGE_LOOP('',(#1441,#1442,#1443,#1444));
#4080=EDGE_LOOP('',(#1445,#1446,#1447,#1448));
#4081=EDGE_LOOP('',(#1449));
#4082=EDGE_LOOP('',(#1450));
#4083=EDGE_LOOP('',(#1451,#1452,#1453,#1454));
#4084=EDGE_LOOP('',(#1455,#1456,#1457,#1458,#1459,#1460,#1461,#1462));
#4085=EDGE_LOOP('',(#1463,#1464,#1465,#1466));
#4086=EDGE_LOOP('',(#1467,#1468,#1469,#1470,#1471,#1472));
#4087=EDGE_LOOP('',(#1473));
#4088=EDGE_LOOP('',(#1474,#1475,#1476,#1477));
#4089=EDGE_LOOP('',(#1478,#1479,#1480,#1481));
#4090=EDGE_LOOP('',(#1482,#1483,#1484,#1485));
#4091=EDGE_LOOP('',(#1486,#1487,#1488,#1489));
#4092=EDGE_LOOP('',(#1490,#1491,#1492,#1493));
#4093=EDGE_LOOP('',(#1494,#1495,#1496,#1497));
#4094=FACE_BOUND('',#3766,.T.);
#4095=FACE_BOUND('',#3767,.T.);
#4096=FACE_BOUND('',#3768,.T.);
#4097=FACE_BOUND('',#3769,.T.);
#4098=FACE_BOUND('',#3770,.T.);
#4099=FACE_BOUND('',#3771,.T.);
#4100=FACE_BOUND('',#3772,.T.);
#4101=FACE_BOUND('',#3773,.T.);
#4102=FACE_BOUND('',#3774,.T.);
#4103=FACE_BOUND('',#3775,.T.);
#4104=FACE_BOUND('',#3776,.T.);
#4105=FACE_BOUND('',#3777,.T.);
#4106=FACE_BOUND('',#3778,.T.);
#4107=FACE_BOUND('',#3779,.T.);
#4108=FACE_BOUND('',#3780,.T.);
#4109=FACE_BOUND('',#3781,.T.);
#4110=FACE_BOUND('',#3782,.T.);
#4111=FACE_BOUND('',#3783,.T.);
#4112=FACE_BOUND('',#3784,.T.);
#4113=FACE_BOUND('',#3785,.T.);
#4114=FACE_BOUND('',#3786,.T.);
#4115=FACE_BOUND('',#3787,.T.);
#4116=FACE_BOUND('',#3788,.T.);
#4117=FACE_BOUND('',#3789,.T.);
#4118=FACE_BOUND('',#3790,.T.);
#4119=FACE_BOUND('',#3791,.T.);
#4120=FACE_BOUND('',#3792,.T.);
#4121=FACE_BOUND('',#3793,.T.);
#4122=FACE_BOUND('',#3794,.T.);
#4123=FACE_BOUND('',#3795,.T.);
#4124=FACE_BOUND('',#3796,.T.);
#4125=FACE_BOUND('',#3797,.T.);
#4126=FACE_BOUND('',#3798,.T.);
#4127=FACE_BOUND('',#3799,.T.);
#4128=FACE_BOUND('',#3800,.T.);
#4129=FACE_BOUND('',#3801,.T.);
#4130=FACE_BOUND('',#3802,.T.);
#4131=FACE_BOUND('',#3803,.T.);
#4132=FACE_BOUND('',#3804,.T.);
#4133=FACE_BOUND('',#3805,.T.);
#4134=FACE_BOUND('',#3806,.T.);
#4135=FACE_BOUND('',#3807,.T.);
#4136=FACE_BOUND('',#3808,.T.);
#4137=FACE_BOUND('',#3809,.T.);
#4138=FACE_BOUND('',#3810,.T.);
#4139=FACE_BOUND('',#3811,.T.);
#4140=FACE_BOUND('',#3812,.T.);
#4141=FACE_BOUND('',#3813,.T.);
#4142=FACE_BOUND('',#3814,.T.);
#4143=FACE_BOUND('',#3815,.T.);
#4144=FACE_BOUND('',#3816,.T.);
#4145=FACE_BOUND('',#3817,.T.);
#4146=FACE_BOUND('',#3818,.T.);
#4147=FACE_BOUND('',#3819,.T.);
#4148=FACE_BOUND('',#3820,.T.);
#4149=FACE_BOUND('',#3821,.T.);
#4150=FACE_BOUND('',#3822,.T.);
#4151=FACE_BOUND('',#3823,.T.);
#4152=FACE_BOUND('',#3824,.T.);
#4153=FACE_BOUND('',#3825,.T.);
#4154=FACE_BOUND('',#3826,.T.);
#4155=FACE_BOUND('',#3827,.T.);
#4156=FACE_BOUND('',#3828,.T.);
#4157=FACE_BOUND('',#3829,.T.);
#4158=FACE_BOUND('',#3830,.T.);
#4159=FACE_BOUND('',#3831,.T.);
#4160=FACE_BOUND('',#3832,.T.);
#4161=FACE_BOUND('',#3833,.T.);
#4162=FACE_BOUND('',#3834,.T.);
#4163=FACE_BOUND('',#3835,.T.);
#4164=FACE_BOUND('',#3836,.T.);
#4165=FACE_BOUND('',#3837,.T.);
#4166=FACE_BOUND('',#3838,.T.);
#4167=FACE_BOUND('',#3839,.T.);
#4168=FACE_BOUND('',#3840,.T.);
#4169=FACE_BOUND('',#3841,.T.);
#4170=FACE_BOUND('',#3842,.T.);
#4171=FACE_BOUND('',#3843,.T.);
#4172=FACE_BOUND('',#3844,.T.);
#4173=FACE_BOUND('',#3845,.T.);
#4174=FACE_BOUND('',#3846,.T.);
#4175=FACE_BOUND('',#3847,.T.);
#4176=FACE_BOUND('',#3848,.T.);
#4177=FACE_BOUND('',#3849,.T.);
#4178=FACE_BOUND('',#3850,.T.);
#4179=FACE_BOUND('',#3851,.T.);
#4180=FACE_BOUND('',#3852,.T.);
#4181=FACE_BOUND('',#3853,.T.);
#4182=FACE_BOUND('',#3854,.T.);
#4183=FACE_BOUND('',#3855,.T.);
#4184=FACE_BOUND('',#3856,.T.);
#4185=FACE_BOUND('',#3857,.T.);
#4186=FACE_BOUND('',#3858,.T.);
#4187=FACE_BOUND('',#3859,.T.);
#4188=FACE_BOUND('',#3860,.T.);
#4189=FACE_BOUND('',#3861,.T.);
#4190=FACE_BOUND('',#3862,.T.);
#4191=FACE_BOUND('',#3863,.T.);
#4192=FACE_BOUND('',#3864,.T.);
#4193=FACE_BOUND('',#3865,.T.);
#4194=FACE_BOUND('',#3866,.T.);
#4195=FACE_BOUND('',#3867,.T.);
#4196=FACE_BOUND('',#3868,.T.);
#4197=FACE_BOUND('',#3869,.T.);
#4198=FACE_BOUND('',#3870,.T.);
#4199=FACE_BOUND('',#3871,.T.);
#4200=FACE_BOUND('',#3872,.T.);
#4201=FACE_BOUND('',#3873,.T.);
#4202=FACE_BOUND('',#3874,.T.);
#4203=FACE_BOUND('',#3875,.T.);
#4204=FACE_BOUND('',#3876,.T.);
#4205=FACE_BOUND('',#3877,.T.);
#4206=FACE_BOUND('',#3878,.T.);
#4207=FACE_BOUND('',#3879,.T.);
#4208=FACE_BOUND('',#3880,.T.);
#4209=FACE_BOUND('',#14,.T.);
#4210=FACE_BOUND('',#3881,.T.);
#4211=FACE_BOUND('',#3882,.T.);
#4212=FACE_BOUND('',#3883,.T.);
#4213=FACE_BOUND('',#15,.T.);
#4214=FACE_BOUND('',#3884,.T.);
#4215=FACE_BOUND('',#3885,.T.);
#4216=FACE_BOUND('',#3886,.T.);
#4217=FACE_BOUND('',#16,.T.);
#4218=FACE_BOUND('',#3887,.T.);
#4219=FACE_BOUND('',#3888,.T.);
#4220=FACE_BOUND('',#3889,.T.);
#4221=FACE_BOUND('',#17,.T.);
#4222=FACE_BOUND('',#3890,.T.);
#4223=FACE_BOUND('',#3891,.T.);
#4224=FACE_BOUND('',#3892,.T.);
#4225=FACE_BOUND('',#3893,.T.);
#4226=FACE_BOUND('',#3894,.T.);
#4227=FACE_BOUND('',#3895,.T.);
#4228=FACE_BOUND('',#3896,.T.);
#4229=FACE_BOUND('',#3897,.T.);
#4230=FACE_BOUND('',#3898,.T.);
#4231=FACE_BOUND('',#3899,.T.);
#4232=FACE_BOUND('',#3900,.T.);
#4233=FACE_BOUND('',#3901,.T.);
#4234=FACE_BOUND('',#3902,.T.);
#4235=FACE_BOUND('',#3903,.T.);
#4236=FACE_BOUND('',#3904,.T.);
#4237=FACE_BOUND('',#3905,.T.);
#4238=FACE_BOUND('',#3906,.T.);
#4239=FACE_BOUND('',#3907,.T.);
#4240=FACE_BOUND('',#3908,.T.);
#4241=FACE_BOUND('',#3909,.T.);
#4242=FACE_BOUND('',#3910,.T.);
#4243=FACE_BOUND('',#3911,.T.);
#4244=FACE_BOUND('',#3912,.T.);
#4245=FACE_BOUND('',#3913,.T.);
#4246=FACE_BOUND('',#3914,.T.);
#4247=FACE_BOUND('',#3915,.T.);
#4248=FACE_BOUND('',#3916,.T.);
#4249=FACE_BOUND('',#3917,.T.);
#4250=FACE_BOUND('',#3918,.T.);
#4251=FACE_BOUND('',#3919,.T.);
#4252=FACE_BOUND('',#3920,.T.);
#4253=FACE_BOUND('',#3921,.T.);
#4254=FACE_BOUND('',#3922,.T.);
#4255=FACE_BOUND('',#3923,.T.);
#4256=FACE_BOUND('',#3924,.T.);
#4257=FACE_BOUND('',#3925,.T.);
#4258=FACE_BOUND('',#3926,.T.);
#4259=FACE_BOUND('',#3927,.T.);
#4260=FACE_BOUND('',#3928,.T.);
#4261=FACE_BOUND('',#3929,.T.);
#4262=FACE_BOUND('',#3930,.T.);
#4263=FACE_BOUND('',#3931,.T.);
#4264=FACE_BOUND('',#3932,.T.);
#4265=FACE_BOUND('',#3933,.T.);
#4266=FACE_BOUND('',#3934,.T.);
#4267=FACE_BOUND('',#3935,.T.);
#4268=FACE_BOUND('',#3936,.T.);
#4269=FACE_BOUND('',#3937,.T.);
#4270=FACE_BOUND('',#3938,.T.);
#4271=FACE_BOUND('',#3939,.T.);
#4272=FACE_BOUND('',#3940,.T.);
#4273=FACE_BOUND('',#3941,.T.);
#4274=FACE_BOUND('',#3942,.T.);
#4275=FACE_BOUND('',#3943,.T.);
#4276=FACE_BOUND('',#3944,.T.);
#4277=FACE_BOUND('',#3945,.T.);
#4278=FACE_BOUND('',#3946,.T.);
#4279=FACE_BOUND('',#3947,.T.);
#4280=FACE_BOUND('',#3948,.T.);
#4281=FACE_BOUND('',#3949,.T.);
#4282=FACE_BOUND('',#3950,.T.);
#4283=FACE_BOUND('',#3951,.T.);
#4284=FACE_BOUND('',#3952,.T.);
#4285=FACE_BOUND('',#3953,.T.);
#4286=FACE_BOUND('',#3954,.T.);
#4287=FACE_BOUND('',#3955,.T.);
#4288=FACE_BOUND('',#3956,.T.);
#4289=FACE_BOUND('',#3957,.T.);
#4290=FACE_BOUND('',#3958,.T.);
#4291=FACE_BOUND('',#3959,.T.);
#4292=FACE_BOUND('',#3960,.T.);
#4293=FACE_BOUND('',#3961,.T.);
#4294=FACE_BOUND('',#3962,.T.);
#4295=FACE_BOUND('',#3963,.T.);
#4296=FACE_BOUND('',#3964,.T.);
#4297=FACE_BOUND('',#3965,.T.);
#4298=FACE_BOUND('',#3966,.T.);
#4299=FACE_BOUND('',#3967,.T.);
#4300=FACE_BOUND('',#3968,.T.);
#4301=FACE_BOUND('',#3969,.T.);
#4302=FACE_BOUND('',#3970,.T.);
#4303=FACE_BOUND('',#3971,.T.);
#4304=FACE_BOUND('',#3972,.T.);
#4305=FACE_BOUND('',#3973,.T.);
#4306=FACE_BOUND('',#3974,.T.);
#4307=FACE_BOUND('',#3975,.T.);
#4308=FACE_BOUND('',#3976,.T.);
#4309=FACE_BOUND('',#3977,.T.);
#4310=FACE_BOUND('',#3978,.T.);
#4311=FACE_BOUND('',#3979,.T.);
#4312=FACE_BOUND('',#3980,.T.);
#4313=FACE_BOUND('',#3981,.T.);
#4314=FACE_BOUND('',#3982,.T.);
#4315=FACE_BOUND('',#3983,.T.);
#4316=FACE_BOUND('',#3984,.T.);
#4317=FACE_BOUND('',#3985,.T.);
#4318=FACE_BOUND('',#3986,.T.);
#4319=FACE_BOUND('',#3987,.T.);
#4320=FACE_BOUND('',#3988,.T.);
#4321=FACE_BOUND('',#3989,.T.);
#4322=FACE_BOUND('',#3990,.T.);
#4323=FACE_BOUND('',#3991,.T.);
#4324=FACE_BOUND('',#3992,.T.);
#4325=FACE_BOUND('',#3993,.T.);
#4326=FACE_BOUND('',#3994,.T.);
#4327=FACE_BOUND('',#3995,.T.);
#4328=FACE_BOUND('',#3996,.T.);
#4329=FACE_BOUND('',#3997,.T.);
#4330=FACE_BOUND('',#3998,.T.);
#4331=FACE_BOUND('',#3999,.T.);
#4332=FACE_BOUND('',#4000,.T.);
#4333=FACE_BOUND('',#4001,.T.);
#4334=FACE_BOUND('',#4002,.T.);
#4335=FACE_BOUND('',#4003,.T.);
#4336=FACE_BOUND('',#4004,.T.);
#4337=FACE_BOUND('',#4005,.T.);
#4338=FACE_BOUND('',#4006,.T.);
#4339=FACE_BOUND('',#4007,.T.);
#4340=FACE_BOUND('',#4008,.T.);
#4341=FACE_BOUND('',#4009,.T.);
#4342=FACE_BOUND('',#4010,.T.);
#4343=FACE_BOUND('',#4011,.T.);
#4344=FACE_BOUND('',#4012,.T.);
#4345=FACE_BOUND('',#4013,.T.);
#4346=FACE_BOUND('',#4014,.T.);
#4347=FACE_BOUND('',#4015,.T.);
#4348=FACE_BOUND('',#4016,.T.);
#4349=FACE_BOUND('',#4017,.T.);
#4350=FACE_BOUND('',#4018,.T.);
#4351=FACE_BOUND('',#4019,.T.);
#4352=FACE_BOUND('',#4020,.T.);
#4353=FACE_BOUND('',#4021,.T.);
#4354=FACE_BOUND('',#4022,.T.);
#4355=FACE_BOUND('',#4023,.T.);
#4356=FACE_BOUND('',#4024,.T.);
#4357=FACE_BOUND('',#4025,.T.);
#4358=FACE_BOUND('',#4026,.T.);
#4359=FACE_BOUND('',#4027,.T.);
#4360=FACE_BOUND('',#4028,.T.);
#4361=FACE_BOUND('',#4029,.T.);
#4362=FACE_BOUND('',#4030,.T.);
#4363=FACE_BOUND('',#4031,.T.);
#4364=FACE_BOUND('',#4032,.T.);
#4365=FACE_BOUND('',#4033,.T.);
#4366=FACE_BOUND('',#4034,.T.);
#4367=FACE_BOUND('',#4035,.T.);
#4368=FACE_BOUND('',#4036,.T.);
#4369=FACE_BOUND('',#4037,.T.);
#4370=FACE_BOUND('',#4038,.T.);
#4371=FACE_BOUND('',#4039,.T.);
#4372=FACE_BOUND('',#4040,.T.);
#4373=FACE_BOUND('',#4041,.T.);
#4374=FACE_BOUND('',#4042,.T.);
#4375=FACE_BOUND('',#4043,.T.);
#4376=FACE_BOUND('',#4044,.T.);
#4377=FACE_BOUND('',#4045,.T.);
#4378=FACE_BOUND('',#4046,.T.);
#4379=FACE_BOUND('',#4047,.T.);
#4380=FACE_BOUND('',#4048,.T.);
#4381=FACE_BOUND('',#4049,.T.);
#4382=FACE_BOUND('',#4050,.T.);
#4383=FACE_BOUND('',#4051,.T.);
#4384=FACE_BOUND('',#4052,.T.);
#4385=FACE_BOUND('',#4053,.T.);
#4386=FACE_BOUND('',#4054,.T.);
#4387=FACE_BOUND('',#4055,.T.);
#4388=FACE_BOUND('',#4056,.T.);
#4389=FACE_BOUND('',#4057,.T.);
#4390=FACE_BOUND('',#4058,.T.);
#4391=FACE_BOUND('',#18,.T.);
#4392=FACE_BOUND('',#4059,.T.);
#4393=FACE_BOUND('',#4060,.T.);
#4394=FACE_BOUND('',#4061,.T.);
#4395=FACE_BOUND('',#19,.T.);
#4396=FACE_BOUND('',#4062,.T.);
#4397=FACE_BOUND('',#4063,.T.);
#4398=FACE_BOUND('',#4064,.T.);
#4399=FACE_BOUND('',#20,.T.);
#4400=FACE_BOUND('',#4065,.T.);
#4401=FACE_BOUND('',#4066,.T.);
#4402=FACE_BOUND('',#4067,.T.);
#4403=FACE_BOUND('',#21,.T.);
#4404=FACE_BOUND('',#4068,.T.);
#4405=FACE_BOUND('',#4069,.T.);
#4406=FACE_BOUND('',#4070,.T.);
#4407=FACE_BOUND('',#4071,.T.);
#4408=FACE_BOUND('',#4072,.T.);
#4409=FACE_BOUND('',#4073,.T.);
#4410=FACE_BOUND('',#4074,.T.);
#4411=FACE_BOUND('',#4075,.T.);
#4412=FACE_BOUND('',#4076,.T.);
#4413=FACE_BOUND('',#4077,.T.);
#4414=FACE_BOUND('',#4078,.T.);
#4415=FACE_BOUND('',#4079,.T.);
#4416=FACE_BOUND('',#4080,.T.);
#4417=FACE_BOUND('',#4081,.T.);
#4418=FACE_BOUND('',#4082,.T.);
#4419=FACE_BOUND('',#4083,.T.);
#4420=FACE_BOUND('',#4084,.T.);
#4421=FACE_BOUND('',#4085,.T.);
#4422=FACE_BOUND('',#4086,.T.);
#4423=FACE_BOUND('',#4087,.T.);
#4424=FACE_BOUND('',#4088,.T.);
#4425=FACE_BOUND('',#4089,.T.);
#4426=FACE_BOUND('',#4090,.T.);
#4427=FACE_BOUND('',#4091,.T.);
#4428=FACE_BOUND('',#4092,.T.);
#4429=FACE_BOUND('',#4093,.T.);
#4430=PLANE('',#4905);
#4431=PLANE('',#4908);
#4432=PLANE('',#4913);
#4433=PLANE('',#4921);
#4434=PLANE('',#4922);
#4435=PLANE('',#4923);
#4436=PLANE('',#4925);
#4437=PLANE('',#4927);
#4438=PLANE('',#4928);
#4439=PLANE('',#4929);
#4440=PLANE('',#4930);
#4441=PLANE('',#4931);
#4442=PLANE('',#4932);
#4443=PLANE('',#4933);
#4444=PLANE('',#4934);
#4445=PLANE('',#4938);
#4446=PLANE('',#4939);
#4447=PLANE('',#4940);
#4448=PLANE('',#4941);
#4449=PLANE('',#4942);
#4450=PLANE('',#4943);
#4451=PLANE('',#4944);
#4452=PLANE('',#4945);
#4453=PLANE('',#4947);
#4454=PLANE('',#4949);
#4455=PLANE('',#4950);
#4456=PLANE('',#4951);
#4457=PLANE('',#4952);
#4458=PLANE('',#4953);
#4459=PLANE('',#4954);
#4460=PLANE('',#4956);
#4461=PLANE('',#4957);
#4462=PLANE('',#4958);
#4463=PLANE('',#4959);
#4464=PLANE('',#4961);
#4465=PLANE('',#4962);
#4466=PLANE('',#4963);
#4467=PLANE('',#4964);
#4468=PLANE('',#4965);
#4469=PLANE('',#4968);
#4470=PLANE('',#4969);
#4471=PLANE('',#4976);
#4472=PLANE('',#4978);
#4473=PLANE('',#4979);
#4474=PLANE('',#4980);
#4475=PLANE('',#4981);
#4476=PLANE('',#4982);
#4477=PLANE('',#4983);
#4478=PLANE('',#4984);
#4479=PLANE('',#4985);
#4480=PLANE('',#4986);
#4481=PLANE('',#4987);
#4482=PLANE('',#4988);
#4483=PLANE('',#4989);
#4484=PLANE('',#4990);
#4485=PLANE('',#4991);
#4486=PLANE('',#4992);
#4487=PLANE('',#4993);
#4488=PLANE('',#4994);
#4489=PLANE('',#4995);
#4490=PLANE('',#4996);
#4491=PLANE('',#4997);
#4492=PLANE('',#4998);
#4493=PLANE('',#4999);
#4494=PLANE('',#5000);
#4495=PLANE('',#5001);
#4496=PLANE('',#5002);
#4497=PLANE('',#5003);
#4498=PLANE('',#5004);
#4499=PLANE('',#5005);
#4500=PLANE('',#5006);
#4501=PLANE('',#5007);
#4502=PLANE('',#5008);
#4503=PLANE('',#5009);
#4504=PLANE('',#5010);
#4505=PLANE('',#5011);
#4506=PLANE('',#5012);
#4507=PLANE('',#5013);
#4508=PLANE('',#5014);
#4509=PLANE('',#5031);
#4510=PLANE('',#5032);
#4511=PLANE('',#5033);
#4512=PLANE('',#5034);
#4513=PLANE('',#5035);
#4514=PLANE('',#5036);
#4515=PLANE('',#5037);
#4516=PLANE('',#5038);
#4517=PLANE('',#5039);
#4518=PLANE('',#5040);
#4519=PLANE('',#5042);
#4520=PLANE('',#5043);
#4521=PLANE('',#5046);
#4522=PLANE('',#5055);
#4523=PLANE('',#5056);
#4524=PLANE('',#5057);
#4525=PLANE('',#5058);
#4526=PLANE('',#5059);
#4527=PLANE('',#5060);
#4528=PLANE('',#5061);
#4529=PLANE('',#5062);
#4530=PLANE('',#5063);
#4531=PLANE('',#5064);
#4532=PLANE('',#5065);
#4533=PLANE('',#5067);
#4534=PLANE('',#5072);
#4535=PLANE('',#5073);
#4536=PLANE('',#5075);
#4537=PLANE('',#5077);
#4538=PLANE('',#5078);
#4539=PLANE('',#5079);
#4540=PLANE('',#5080);
#4541=PLANE('',#5081);
#4542=PLANE('',#5082);
#4543=PLANE('',#5083);
#4544=PLANE('',#5084);
#4545=PLANE('',#5088);
#4546=PLANE('',#5089);
#4547=PLANE('',#5090);
#4548=PLANE('',#5091);
#4549=PLANE('',#5092);
#4550=PLANE('',#5093);
#4551=PLANE('',#5094);
#4552=PLANE('',#5095);
#4553=PLANE('',#5097);
#4554=PLANE('',#5099);
#4555=PLANE('',#5100);
#4556=PLANE('',#5101);
#4557=PLANE('',#5102);
#4558=PLANE('',#5103);
#4559=PLANE('',#5104);
#4560=PLANE('',#5107);
#4561=PLANE('',#5108);
#4562=PLANE('',#5109);
#4563=PLANE('',#5110);
#4564=PLANE('',#5112);
#4565=PLANE('',#5113);
#4566=PLANE('',#5114);
#4567=PLANE('',#5115);
#4568=PLANE('',#5116);
#4569=PLANE('',#5117);
#4570=PLANE('',#5118);
#4571=PLANE('',#5119);
#4572=PLANE('',#5134);
#4573=PLANE('',#5135);
#4574=PLANE('',#5136);
#4575=PLANE('',#5137);
#4576=PLANE('',#5144);
#4577=PLANE('',#5146);
#4578=PLANE('',#5147);
#4579=PLANE('',#5148);
#4580=PLANE('',#5149);
#4581=PLANE('',#5150);
#4582=PLANE('',#5151);
#4583=PLANE('',#5152);
#4584=PLANE('',#5153);
#4585=PLANE('',#5154);
#4586=PLANE('',#5155);
#4587=PLANE('',#5156);
#4588=PLANE('',#5157);
#4589=PLANE('',#5158);
#4590=PLANE('',#5159);
#4591=PLANE('',#5160);
#4592=PLANE('',#5161);
#4593=PLANE('',#5162);
#4594=PLANE('',#5163);
#4595=PLANE('',#5164);
#4596=PLANE('',#5165);
#4597=PLANE('',#5166);
#4598=PLANE('',#5167);
#4599=PLANE('',#5168);
#4600=PLANE('',#5169);
#4601=PLANE('',#5170);
#4602=PLANE('',#5171);
#4603=PLANE('',#5172);
#4604=PLANE('',#5173);
#4605=PLANE('',#5174);
#4606=PLANE('',#5175);
#4607=PLANE('',#5176);
#4608=PLANE('',#5177);
#4609=PLANE('',#5178);
#4610=PLANE('',#5179);
#4611=PLANE('',#5180);
#4612=PLANE('',#5181);
#4613=PLANE('',#5182);
#4614=PLANE('',#5199);
#4615=PLANE('',#5200);
#4616=PLANE('',#5201);
#4617=PLANE('',#5202);
#4618=PLANE('',#5203);
#4619=PLANE('',#5204);
#4620=PLANE('',#5205);
#4621=PLANE('',#5206);
#4622=PLANE('',#5207);
#4623=PLANE('',#5208);
#4624=PLANE('',#5210);
#4625=PLANE('',#5211);
#4626=PLANE('',#5212);
#4627=PLANE('',#5213);
#4628=PLANE('',#5214);
#4629=PLANE('',#5215);
#4630=PLANE('',#5216);
#4631=PLANE('',#5217);
#4632=PLANE('',#5218);
#4633=PLANE('',#5219);
#4634=ADVANCED_FACE('',(#4094),#4430,.T.);
#4635=ADVANCED_FACE('',(#4095,#4096,#4097,#4098,#4099,#4100,#4101),#4431,.T.);
#4636=ADVANCED_FACE('',(#4102,#4103,#4104,#4105,#4106,#4107,#4108,#4109),#4432,.F.);
#4637=ADVANCED_FACE('',(#4110),#4433,.T.);
#4638=ADVANCED_FACE('',(#4111),#4434,.T.);
#4639=ADVANCED_FACE('',(#4112,#4113),#4435,.F.);
#4640=ADVANCED_FACE('',(#4114,#4115),#4436,.F.);
#4641=ADVANCED_FACE('',(#4116),#4437,.F.);
#4642=ADVANCED_FACE('',(#4117),#4438,.T.);
#4643=ADVANCED_FACE('',(#4118),#4439,.F.);
#4644=ADVANCED_FACE('',(#4119),#4440,.T.);
#4645=ADVANCED_FACE('',(#4120),#4441,.T.);
#4646=ADVANCED_FACE('',(#4121),#4442,.T.);
#4647=ADVANCED_FACE('',(#4122),#4443,.F.);
#4648=ADVANCED_FACE('',(#4123),#4444,.T.);
#4649=ADVANCED_FACE('',(#4124),#43,.T.);
#4650=ADVANCED_FACE('',(#4125),#4445,.F.);
#4651=ADVANCED_FACE('',(#4126),#4446,.T.);
#4652=ADVANCED_FACE('',(#4127),#4447,.T.);
#4653=ADVANCED_FACE('',(#4128),#4448,.T.);
#4654=ADVANCED_FACE('',(#4129,#4130),#4449,.T.);
#4655=ADVANCED_FACE('',(#4131,#4132),#4450,.T.);
#4656=ADVANCED_FACE('',(#4133),#4451,.T.);
#4657=ADVANCED_FACE('',(#4134,#4135),#4452,.F.);
#4658=ADVANCED_FACE('',(#4136,#4137),#4453,.T.);
#4659=ADVANCED_FACE('',(#4138),#4454,.T.);
#4660=ADVANCED_FACE('',(#4139),#4455,.T.);
#4661=ADVANCED_FACE('',(#4140),#4456,.T.);
#4662=ADVANCED_FACE('',(#4141),#4457,.T.);
#4663=ADVANCED_FACE('',(#4142),#4458,.F.);
#4664=ADVANCED_FACE('',(#4143),#4459,.T.);
#4665=ADVANCED_FACE('',(#4144),#4460,.T.);
#4666=ADVANCED_FACE('',(#4145),#4461,.F.);
#4667=ADVANCED_FACE('',(#4146),#4462,.F.);
#4668=ADVANCED_FACE('',(#4147),#4463,.F.);
#4669=ADVANCED_FACE('',(#4148),#4464,.T.);
#4670=ADVANCED_FACE('',(#4149),#4465,.F.);
#4671=ADVANCED_FACE('',(#4150),#4466,.T.);
#4672=ADVANCED_FACE('',(#4151),#4467,.T.);
#4673=ADVANCED_FACE('',(#4152),#4468,.T.);
#4674=ADVANCED_FACE('',(#4153),#44,.F.);
#4675=ADVANCED_FACE('',(#4154),#4469,.T.);
#4676=ADVANCED_FACE('',(#4155),#4470,.T.);
#4677=ADVANCED_FACE('',(#4156),#45,.T.);
#4678=ADVANCED_FACE('',(#4157),#30,.F.);
#4679=ADVANCED_FACE('',(#4158,#4159),#46,.F.);
#4680=ADVANCED_FACE('',(#4160),#4471,.T.);
#4681=ADVANCED_FACE('',(#4161,#4162),#47,.F.);
#4682=ADVANCED_FACE('',(#4163),#31,.T.);
#4683=ADVANCED_FACE('',(#4164),#4472,.F.);
#4684=ADVANCED_FACE('',(#4165),#4473,.T.);
#4685=ADVANCED_FACE('',(#4166),#4474,.T.);
#4686=ADVANCED_FACE('',(#4167),#4475,.F.);
#4687=ADVANCED_FACE('',(#4168),#4476,.T.);
#4688=ADVANCED_FACE('',(#4169),#4477,.T.);
#4689=ADVANCED_FACE('',(#4170),#4478,.F.);
#4690=ADVANCED_FACE('',(#4171),#4479,.T.);
#4691=ADVANCED_FACE('',(#4172),#4480,.F.);
#4692=ADVANCED_FACE('',(#4173),#4481,.F.);
#4693=ADVANCED_FACE('',(#4174,#4175),#4482,.T.);
#4694=ADVANCED_FACE('',(#4176),#4483,.T.);
#4695=ADVANCED_FACE('',(#4177),#4484,.F.);
#4696=ADVANCED_FACE('',(#4178),#4485,.F.);
#4697=ADVANCED_FACE('',(#4179),#4486,.F.);
#4698=ADVANCED_FACE('',(#4180),#4487,.T.);
#4699=ADVANCED_FACE('',(#4181),#4488,.T.);
#4700=ADVANCED_FACE('',(#4182),#4489,.F.);
#4701=ADVANCED_FACE('',(#4183),#4490,.T.);
#4702=ADVANCED_FACE('',(#4184),#4491,.F.);
#4703=ADVANCED_FACE('',(#4185),#4492,.F.);
#4704=ADVANCED_FACE('',(#4186),#4493,.T.);
#4705=ADVANCED_FACE('',(#4187),#4494,.F.);
#4706=ADVANCED_FACE('',(#4188),#4495,.T.);
#4707=ADVANCED_FACE('',(#4189),#4496,.T.);
#4708=ADVANCED_FACE('',(#4190,#4191),#4497,.T.);
#4709=ADVANCED_FACE('',(#4192),#4498,.T.);
#4710=ADVANCED_FACE('',(#4193),#4499,.T.);
#4711=ADVANCED_FACE('',(#4194),#4500,.T.);
#4712=ADVANCED_FACE('',(#4195),#4501,.T.);
#4713=ADVANCED_FACE('',(#4196,#4197),#4502,.F.);
#4714=ADVANCED_FACE('',(#4198),#4503,.F.);
#4715=ADVANCED_FACE('',(#4199),#4504,.T.);
#4716=ADVANCED_FACE('',(#4200),#4505,.T.);
#4717=ADVANCED_FACE('',(#4201),#4506,.F.);
#4718=ADVANCED_FACE('',(#4202),#4507,.T.);
#4719=ADVANCED_FACE('',(#4203,#4204,#4205,#4206,#4207,#4208),#4508,.T.);
#4720=ADVANCED_FACE('',(#4209,#4210),#22,.F.);
#4721=ADVANCED_FACE('',(#4211,#4212),#48,.F.);
#4722=ADVANCED_FACE('',(#4213,#4214),#23,.F.);
#4723=ADVANCED_FACE('',(#4215,#4216),#49,.F.);
#4724=ADVANCED_FACE('',(#4217,#4218),#24,.F.);
#4725=ADVANCED_FACE('',(#4219,#4220),#50,.F.);
#4726=ADVANCED_FACE('',(#4221,#4222),#25,.F.);
#4727=ADVANCED_FACE('',(#4223,#4224),#51,.F.);
#4728=ADVANCED_FACE('',(#4225),#4509,.T.);
#4729=ADVANCED_FACE('',(#4226),#4510,.T.);
#4730=ADVANCED_FACE('',(#4227),#4511,.T.);
#4731=ADVANCED_FACE('',(#4228),#4512,.F.);
#4732=ADVANCED_FACE('',(#4229),#4513,.T.);
#4733=ADVANCED_FACE('',(#4230),#4514,.T.);
#4734=ADVANCED_FACE('',(#4231),#4515,.T.);
#4735=ADVANCED_FACE('',(#4232),#4516,.F.);
#4736=ADVANCED_FACE('',(#4233),#4517,.F.);
#4737=ADVANCED_FACE('',(#4234),#4518,.T.);
#4738=ADVANCED_FACE('',(#4235,#4236),#52,.T.);
#4739=ADVANCED_FACE('',(#4237),#4519,.F.);
#4740=ADVANCED_FACE('',(#4238),#4520,.T.);
#4741=ADVANCED_FACE('',(#4239,#4240),#53,.F.);
#4742=ADVANCED_FACE('',(#4241),#4521,.T.);
#4743=ADVANCED_FACE('',(#4242),#54,.F.);
#4744=ADVANCED_FACE('',(#4243,#4244),#55,.F.);
#4745=ADVANCED_FACE('',(#4245,#4246),#56,.F.);
#4746=ADVANCED_FACE('',(#4247,#4248),#57,.F.);
#4747=ADVANCED_FACE('',(#4249,#4250),#58,.F.);
#4748=ADVANCED_FACE('',(#4251),#4522,.T.);
#4749=ADVANCED_FACE('',(#4252),#4523,.T.);
#4750=ADVANCED_FACE('',(#4253),#4524,.F.);
#4751=ADVANCED_FACE('',(#4254),#4525,.F.);
#4752=ADVANCED_FACE('',(#4255,#4256),#4526,.F.);
#4753=ADVANCED_FACE('',(#4257),#4527,.F.);
#4754=ADVANCED_FACE('',(#4258),#4528,.T.);
#4755=ADVANCED_FACE('',(#4259),#4529,.T.);
#4756=ADVANCED_FACE('',(#4260),#4530,.T.);
#4757=ADVANCED_FACE('',(#4261),#4531,.T.);
#4758=ADVANCED_FACE('',(#4262),#4532,.F.);
#4759=ADVANCED_FACE('',(#4263,#4264,#4265,#4266,#4267,#4268,#4269),#4533,.T.);
#4760=ADVANCED_FACE('',(#4270),#4534,.T.);
#4761=ADVANCED_FACE('',(#4271,#4272),#4535,.F.);
#4762=ADVANCED_FACE('',(#4273,#4274),#4536,.F.);
#4763=ADVANCED_FACE('',(#4275),#4537,.F.);
#4764=ADVANCED_FACE('',(#4276),#4538,.T.);
#4765=ADVANCED_FACE('',(#4277),#4539,.F.);
#4766=ADVANCED_FACE('',(#4278),#4540,.T.);
#4767=ADVANCED_FACE('',(#4279),#4541,.T.);
#4768=ADVANCED_FACE('',(#4280),#4542,.T.);
#4769=ADVANCED_FACE('',(#4281),#4543,.F.);
#4770=ADVANCED_FACE('',(#4282),#4544,.T.);
#4771=ADVANCED_FACE('',(#4283),#59,.T.);
#4772=ADVANCED_FACE('',(#4284),#4545,.F.);
#4773=ADVANCED_FACE('',(#4285),#4546,.T.);
#4774=ADVANCED_FACE('',(#4286),#4547,.T.);
#4775=ADVANCED_FACE('',(#4287),#4548,.T.);
#4776=ADVANCED_FACE('',(#4288,#4289),#4549,.T.);
#4777=ADVANCED_FACE('',(#4290,#4291),#4550,.T.);
#4778=ADVANCED_FACE('',(#4292),#4551,.T.);
#4779=ADVANCED_FACE('',(#4293,#4294),#4552,.F.);
#4780=ADVANCED_FACE('',(#4295,#4296),#4553,.T.);
#4781=ADVANCED_FACE('',(#4297),#4554,.T.);
#4782=ADVANCED_FACE('',(#4298),#4555,.T.);
#4783=ADVANCED_FACE('',(#4299),#4556,.T.);
#4784=ADVANCED_FACE('',(#4300),#4557,.T.);
#4785=ADVANCED_FACE('',(#4301),#4558,.F.);
#4786=ADVANCED_FACE('',(#4302),#4559,.T.);
#4787=ADVANCED_FACE('',(#4303),#4560,.T.);
#4788=ADVANCED_FACE('',(#4304),#4561,.F.);
#4789=ADVANCED_FACE('',(#4305),#4562,.F.);
#4790=ADVANCED_FACE('',(#4306),#4563,.F.);
#4791=ADVANCED_FACE('',(#4307),#4564,.T.);
#4792=ADVANCED_FACE('',(#4308),#4565,.F.);
#4793=ADVANCED_FACE('',(#4309),#4566,.T.);
#4794=ADVANCED_FACE('',(#4310),#4567,.T.);
#4795=ADVANCED_FACE('',(#4311),#4568,.T.);
#4796=ADVANCED_FACE('',(#4312),#4569,.F.);
#4797=ADVANCED_FACE('',(#4313),#4570,.F.);
#4798=ADVANCED_FACE('',(#4314),#4571,.T.);
#4799=ADVANCED_FACE('',(#4315,#4316),#60,.F.);
#4800=ADVANCED_FACE('',(#4317,#4318),#61,.F.);
#4801=ADVANCED_FACE('',(#4319,#4320),#62,.F.);
#4802=ADVANCED_FACE('',(#4321,#4322),#63,.F.);
#4803=ADVANCED_FACE('',(#4323,#4324),#64,.F.);
#4804=ADVANCED_FACE('',(#4325,#4326),#65,.F.);
#4805=ADVANCED_FACE('',(#4327),#4572,.T.);
#4806=ADVANCED_FACE('',(#4328),#4573,.T.);
#4807=ADVANCED_FACE('',(#4329,#4330,#4331,#4332,#4333,#4334,#4335,#4336),#4574,.F.);
#4808=ADVANCED_FACE('',(#4337),#4575,.T.);
#4809=ADVANCED_FACE('',(#4338),#66,.T.);
#4810=ADVANCED_FACE('',(#4339),#32,.F.);
#4811=ADVANCED_FACE('',(#4340,#4341),#67,.F.);
#4812=ADVANCED_FACE('',(#4342),#4576,.T.);
#4813=ADVANCED_FACE('',(#4343,#4344),#68,.F.);
#4814=ADVANCED_FACE('',(#4345),#33,.T.);
#4815=ADVANCED_FACE('',(#4346),#4577,.F.);
#4816=ADVANCED_FACE('',(#4347),#4578,.T.);
#4817=ADVANCED_FACE('',(#4348),#4579,.T.);
#4818=ADVANCED_FACE('',(#4349),#4580,.F.);
#4819=ADVANCED_FACE('',(#4350),#4581,.T.);
#4820=ADVANCED_FACE('',(#4351),#4582,.T.);
#4821=ADVANCED_FACE('',(#4352),#4583,.F.);
#4822=ADVANCED_FACE('',(#4353),#4584,.T.);
#4823=ADVANCED_FACE('',(#4354),#4585,.F.);
#4824=ADVANCED_FACE('',(#4355),#4586,.F.);
#4825=ADVANCED_FACE('',(#4356,#4357),#4587,.T.);
#4826=ADVANCED_FACE('',(#4358),#4588,.T.);
#4827=ADVANCED_FACE('',(#4359),#4589,.F.);
#4828=ADVANCED_FACE('',(#4360),#4590,.F.);
#4829=ADVANCED_FACE('',(#4361),#4591,.F.);
#4830=ADVANCED_FACE('',(#4362),#4592,.T.);
#4831=ADVANCED_FACE('',(#4363),#4593,.T.);
#4832=ADVANCED_FACE('',(#4364),#4594,.F.);
#4833=ADVANCED_FACE('',(#4365),#4595,.T.);
#4834=ADVANCED_FACE('',(#4366),#4596,.F.);
#4835=ADVANCED_FACE('',(#4367),#4597,.F.);
#4836=ADVANCED_FACE('',(#4368),#4598,.T.);
#4837=ADVANCED_FACE('',(#4369),#4599,.F.);
#4838=ADVANCED_FACE('',(#4370),#4600,.T.);
#4839=ADVANCED_FACE('',(#4371),#4601,.T.);
#4840=ADVANCED_FACE('',(#4372,#4373),#4602,.T.);
#4841=ADVANCED_FACE('',(#4374),#4603,.T.);
#4842=ADVANCED_FACE('',(#4375),#4604,.T.);
#4843=ADVANCED_FACE('',(#4376),#4605,.T.);
#4844=ADVANCED_FACE('',(#4377),#4606,.T.);
#4845=ADVANCED_FACE('',(#4378,#4379),#4607,.F.);
#4846=ADVANCED_FACE('',(#4380),#4608,.F.);
#4847=ADVANCED_FACE('',(#4381),#4609,.T.);
#4848=ADVANCED_FACE('',(#4382),#4610,.T.);
#4849=ADVANCED_FACE('',(#4383),#4611,.F.);
#4850=ADVANCED_FACE('',(#4384),#4612,.T.);
#4851=ADVANCED_FACE('',(#4385,#4386,#4387,#4388,#4389,#4390),#4613,.T.);
#4852=ADVANCED_FACE('',(#4391,#4392),#26,.F.);
#4853=ADVANCED_FACE('',(#4393,#4394),#69,.F.);
#4854=ADVANCED_FACE('',(#4395,#4396),#27,.F.);
#4855=ADVANCED_FACE('',(#4397,#4398),#70,.F.);
#4856=ADVANCED_FACE('',(#4399,#4400),#28,.F.);
#4857=ADVANCED_FACE('',(#4401,#4402),#71,.F.);
#4858=ADVANCED_FACE('',(#4403,#4404),#29,.F.);
#4859=ADVANCED_FACE('',(#4405,#4406),#72,.F.);
#4860=ADVANCED_FACE('',(#4407),#4614,.T.);
#4861=ADVANCED_FACE('',(#4408),#4615,.T.);
#4862=ADVANCED_FACE('',(#4409),#4616,.T.);
#4863=ADVANCED_FACE('',(#4410),#4617,.F.);
#4864=ADVANCED_FACE('',(#4411),#4618,.T.);
#4865=ADVANCED_FACE('',(#4412),#4619,.T.);
#4866=ADVANCED_FACE('',(#4413),#4620,.T.);
#4867=ADVANCED_FACE('',(#4414),#4621,.F.);
#4868=ADVANCED_FACE('',(#4415),#4622,.F.);
#4869=ADVANCED_FACE('',(#4416),#4623,.T.);
#4870=ADVANCED_FACE('',(#4417,#4418),#73,.T.);
#4871=ADVANCED_FACE('',(#4419),#4624,.F.);
#4872=ADVANCED_FACE('',(#4420),#4625,.T.);
#4873=ADVANCED_FACE('',(#4421),#4626,.T.);
#4874=ADVANCED_FACE('',(#4422,#4423),#4627,.F.);
#4875=ADVANCED_FACE('',(#4424),#4628,.F.);
#4876=ADVANCED_FACE('',(#4425),#4629,.T.);
#4877=ADVANCED_FACE('',(#4426),#4630,.T.);
#4878=ADVANCED_FACE('',(#4427),#4631,.T.);
#4879=ADVANCED_FACE('',(#4428),#4632,.T.);
#4880=ADVANCED_FACE('',(#4429),#4633,.F.);
#4881=CLOSED_SHELL('',(#4634,#4635,#4636,#4637,#4638,#4639,#4640,#4641,#4642,#4643,#4644,#4645,#4646,#4647,#4648,#4649,#4650,#4651,#4652,#4653,#4654,#4655,#4656,#4657,#4658,#4659,#4660,#4661,#4662,#4663,#4664,#4665,#4666,#4667,#4668,#4669,#4670,#4671,#4672,#4673,#4674,#4675,#4676,#4677,#4678,#4679,#4680,#4681,#4682,#4683,#4684,#4685,#4686,#4687,#4688,#4689,#4690,#4691,#4692,#4693,#4694,#4695,#4696,#4697,#4698,#4699,#4700,#4701,#4702,#4703,#4704,#4705,#4706,#4707,#4708,#4709,#4710,#4711,#4712,#4713,#4714,#4715,#4716,#4717,#4718,#4719,#4720,#4721,#4722,#4723,#4724,#4725,#4726,#4727,#4728,#4729,#4730,#4731,#4732,#4733,#4734,#4735,#4736,#4737,#4738,#4739,#4740,#4741,#4742,#4743,#4744,#4745,#4746,#4747,#4748,#4749,#4750,#4751,#4752,#4753,#4754,#4755,#4756,#4757,#4758));
#4882=CLOSED_SHELL('',(#4759,#4760,#4761,#4762,#4763,#4764,#4765,#4766,#4767,#4768,#4769,#4770,#4771,#4772,#4773,#4774,#4775,#4776,#4777,#4778,#4779,#4780,#4781,#4782,#4783,#4784,#4785,#4786,#4787,#4788,#4789,#4790,#4791,#4792,#4793,#4794,#4795,#4796,#4797,#4798,#4799,#4800,#4801,#4802,#4803,#4804,#4805,#4806,#4807,#4808,#4809,#4810,#4811,#4812,#4813,#4814,#4815,#4816,#4817,#4818,#4819,#4820,#4821,#4822,#4823,#4824,#4825,#4826,#4827,#4828,#4829,#4830,#4831,#4832,#4833,#4834,#4835,#4836,#4837,#4838,#4839,#4840,#4841,#4842,#4843,#4844,#4845,#4846,#4847,#4848,#4849,#4850,#4851,#4852,#4853,#4854,#4855,#4856,#4857,#4858,#4859,#4860,#4861,#4862,#4863,#4864,#4865,#4866,#4867,#4868,#4869,#4870,#4871,#4872,#4873,#4874,#4875,#4876,#4877,#4878,#4879,#4880));
#4883=STYLED_ITEM('',(#4885),#4898);
#4884=STYLED_ITEM('',(#4886),#4899);
#4885=PRESENTATION_STYLE_ASSIGNMENT((#4887));
#4886=PRESENTATION_STYLE_ASSIGNMENT((#4888));
#4887=SURFACE_STYLE_USAGE(.BOTH.,#4889);
#4888=SURFACE_STYLE_USAGE(.BOTH.,#4890);
#4889=SURFACE_SIDE_STYLE('',(#4891));
#4890=SURFACE_SIDE_STYLE('',(#4892));
#4891=SURFACE_STYLE_FILL_AREA(#4893);
#4892=SURFACE_STYLE_FILL_AREA(#4894);
#4893=FILL_AREA_STYLE('',(#4895));
#4894=FILL_AREA_STYLE('',(#4896));
#4895=FILL_AREA_STYLE_COLOUR('',#4897);
#4896=FILL_AREA_STYLE_COLOUR('',#4897);
#4897=COLOUR_RGB('',0.615686274509804,0.811764705882353,0.929411764705882);
#4898=MANIFOLD_SOLID_BREP('Part 2',#4881);
#4899=MANIFOLD_SOLID_BREP('Part 1',#4882);
#4900=SHAPE_DEFINITION_REPRESENTATION(#7935,#4902);
#4901=SHAPE_DEFINITION_REPRESENTATION(#7936,#4903);
#4902=SHAPE_REPRESENTATION('Part 2',(#4904),#7925);
#4903=SHAPE_REPRESENTATION('Part 1',(#5066),#7926);
#4904=AXIS2_PLACEMENT_3D('',#6420,#5220,#5221);
#4905=AXIS2_PLACEMENT_3D('',#6421,#5222,#5223);
#4906=AXIS2_PLACEMENT_3D('',#6427,#5226,#5227);
#4907=AXIS2_PLACEMENT_3D('',#6433,#5230,#5231);
#4908=AXIS2_PLACEMENT_3D('',#6434,#5232,#5233);
#4909=AXIS2_PLACEMENT_3D('',#6463,#5248,#5249);
#4910=AXIS2_PLACEMENT_3D('',#6465,#5250,#5251);
#4911=AXIS2_PLACEMENT_3D('',#6467,#5252,#5253);
#4912=AXIS2_PLACEMENT_3D('',#6469,#5254,#5255);
#4913=AXIS2_PLACEMENT_3D('',#6479,#5260,#5261);
#4914=AXIS2_PLACEMENT_3D('',#6500,#5272,#5273);
#4915=AXIS2_PLACEMENT_3D('',#6502,#5274,#5275);
#4916=AXIS2_PLACEMENT_3D('',#6504,#5276,#5277);
#4917=AXIS2_PLACEMENT_3D('',#6506,#5278,#5279);
#4918=AXIS2_PLACEMENT_3D('',#6508,#5280,#5281);
#4919=AXIS2_PLACEMENT_3D('',#6510,#5282,#5283);
#4920=AXIS2_PLACEMENT_3D('',#6513,#5284,#5285);
#4921=AXIS2_PLACEMENT_3D('',#6514,#5286,#5287);
#4922=AXIS2_PLACEMENT_3D('',#6523,#5290,#5291);
#4923=AXIS2_PLACEMENT_3D('',#6548,#5304,#5305);
#4924=AXIS2_PLACEMENT_3D('',#6549,#5306,#5307);
#4925=AXIS2_PLACEMENT_3D('',#6559,#5312,#5313);
#4926=AXIS2_PLACEMENT_3D('',#6560,#5314,#5315);
#4927=AXIS2_PLACEMENT_3D('',#6570,#5320,#5321);
#4928=AXIS2_PLACEMENT_3D('',#6584,#5329,#5330);
#4929=AXIS2_PLACEMENT_3D('',#6590,#5334,#5335);
#4930=AXIS2_PLACEMENT_3D('',#6593,#5338,#5339);
#4931=AXIS2_PLACEMENT_3D('',#6602,#5345,#5346);
#4932=AXIS2_PLACEMENT_3D('',#6611,#5352,#5353);
#4933=AXIS2_PLACEMENT_3D('',#6619,#5358,#5359);
#4934=AXIS2_PLACEMENT_3D('',#6626,#5364,#5365);
#4935=AXIS2_PLACEMENT_3D('',#6649,#5370,#5371);
#4936=AXIS2_PLACEMENT_3D('',#6650,#5372,#5373);
#4937=AXIS2_PLACEMENT_3D('',#6652,#5374,#5375);
#4938=AXIS2_PLACEMENT_3D('',#6655,#5377,#5378);
#4939=AXIS2_PLACEMENT_3D('',#6659,#5381,#5382);
#4940=AXIS2_PLACEMENT_3D('',#6692,#5397,#5398);
#4941=AXIS2_PLACEMENT_3D('',#6714,#5410,#5411);
#4942=AXIS2_PLACEMENT_3D('',#6740,#5420,#5421);
#4943=AXIS2_PLACEMENT_3D('',#6758,#5431,#5432);
#4944=AXIS2_PLACEMENT_3D('',#6775,#5441,#5442);
#4945=AXIS2_PLACEMENT_3D('',#6784,#5447,#5448);
#4946=AXIS2_PLACEMENT_3D('',#6785,#5449,#5450);
#4947=AXIS2_PLACEMENT_3D('',#6801,#5459,#5460);
#4948=AXIS2_PLACEMENT_3D('',#6802,#5461,#5462);
#4949=AXIS2_PLACEMENT_3D('',#6806,#5465,#5466);
#4950=AXIS2_PLACEMENT_3D('',#6809,#5469,#5470);
#4951=AXIS2_PLACEMENT_3D('',#6814,#5471,#5472);
#4952=AXIS2_PLACEMENT_3D('',#6820,#5476,#5477);
#4953=AXIS2_PLACEMENT_3D('',#6839,#5482,#5483);
#4954=AXIS2_PLACEMENT_3D('',#6841,#5485,#5486);
#4955=AXIS2_PLACEMENT_3D('',#6842,#5487,#5488);
#4956=AXIS2_PLACEMENT_3D('',#6847,#5491,#5492);
#4957=AXIS2_PLACEMENT_3D('',#6855,#5497,#5498);
#4958=AXIS2_PLACEMENT_3D('',#6861,#5502,#5503);
#4959=AXIS2_PLACEMENT_3D('',#6870,#5509,#5510);
#4960=AXIS2_PLACEMENT_3D('',#6873,#5512,#5513);
#4961=AXIS2_PLACEMENT_3D('',#6886,#5514,#5515);
#4962=AXIS2_PLACEMENT_3D('',#6892,#5520,#5521);
#4963=AXIS2_PLACEMENT_3D('',#6894,#5523,#5524);
#4964=AXIS2_PLACEMENT_3D('',#6896,#5526,#5527);
#4965=AXIS2_PLACEMENT_3D('',#6898,#5529,#5530);
#4966=AXIS2_PLACEMENT_3D('',#6900,#5532,#5533);
#4967=AXIS2_PLACEMENT_3D('',#6903,#5535,#5536);
#4968=AXIS2_PLACEMENT_3D('',#6906,#5538,#5539);
#4969=AXIS2_PLACEMENT_3D('',#6907,#5540,#5541);
#4970=AXIS2_PLACEMENT_3D('',#6910,#5544,#5545);
#4971=AXIS2_PLACEMENT_3D('',#6911,#5546,#5547);
#4972=AXIS2_PLACEMENT_3D('',#6912,#5548,#5549);
#4973=AXIS2_PLACEMENT_3D('',#6937,#5550,#5551);
#4974=AXIS2_PLACEMENT_3D('',#6938,#5552,#5553);
#4975=AXIS2_PLACEMENT_3D('',#6940,#5554,#5555);
#4976=AXIS2_PLACEMENT_3D('',#6942,#5556,#5557);
#4977=AXIS2_PLACEMENT_3D('',#6948,#5562,#5563);
#4978=AXIS2_PLACEMENT_3D('',#6957,#5564,#5565);
#4979=AXIS2_PLACEMENT_3D('',#6971,#5568,#5569);
#4980=AXIS2_PLACEMENT_3D('',#6975,#5572,#5573);
#4981=AXIS2_PLACEMENT_3D('',#6981,#5577,#5578);
#4982=AXIS2_PLACEMENT_3D('',#6985,#5581,#5582);
#4983=AXIS2_PLACEMENT_3D('',#6989,#5585,#5586);
#4984=AXIS2_PLACEMENT_3D('',#6991,#5588,#5589);
#4985=AXIS2_PLACEMENT_3D('',#6993,#5591,#5592);
#4986=AXIS2_PLACEMENT_3D('',#6997,#5595,#5596);
#4987=AXIS2_PLACEMENT_3D('',#6999,#5598,#5599);
#4988=AXIS2_PLACEMENT_3D('',#7011,#5607,#5608);
#4989=AXIS2_PLACEMENT_3D('',#7025,#5616,#5617);
#4990=AXIS2_PLACEMENT_3D('',#7032,#5622,#5623);
#4991=AXIS2_PLACEMENT_3D('',#7034,#5625,#5626);
#4992=AXIS2_PLACEMENT_3D('',#7036,#5628,#5629);
#4993=AXIS2_PLACEMENT_3D('',#7038,#5631,#5632);
#4994=AXIS2_PLACEMENT_3D('',#7039,#5633,#5634);
#4995=AXIS2_PLACEMENT_3D('',#7041,#5636,#5637);
#4996=AXIS2_PLACEMENT_3D('',#7043,#5639,#5640);
#4997=AXIS2_PLACEMENT_3D('',#7046,#5643,#5644);
#4998=AXIS2_PLACEMENT_3D('',#7048,#5646,#5647);
#4999=AXIS2_PLACEMENT_3D('',#7050,#5649,#5650);
#5000=AXIS2_PLACEMENT_3D('',#7051,#5651,#5652);
#5001=AXIS2_PLACEMENT_3D('',#7057,#5656,#5657);
#5002=AXIS2_PLACEMENT_3D('',#7059,#5659,#5660);
#5003=AXIS2_PLACEMENT_3D('',#7066,#5665,#5666);
#5004=AXIS2_PLACEMENT_3D('',#7068,#5668,#5669);
#5005=AXIS2_PLACEMENT_3D('',#7070,#5671,#5672);
#5006=AXIS2_PLACEMENT_3D('',#7071,#5673,#5674);
#5007=AXIS2_PLACEMENT_3D('',#7072,#5675,#5676);
#5008=AXIS2_PLACEMENT_3D('',#7082,#5682,#5683);
#5009=AXIS2_PLACEMENT_3D('',#7088,#5687,#5688);
#5010=AXIS2_PLACEMENT_3D('',#7092,#5691,#5692);
#5011=AXIS2_PLACEMENT_3D('',#7096,#5695,#5696);
#5012=AXIS2_PLACEMENT_3D('',#7098,#5698,#5699);
#5013=AXIS2_PLACEMENT_3D('',#7099,#5700,#5701);
#5014=AXIS2_PLACEMENT_3D('',#7101,#5703,#5704);
#5015=AXIS2_PLACEMENT_3D('',#7102,#5705,#5706);
#5016=AXIS2_PLACEMENT_3D('',#7104,#5707,#5708);
#5017=AXIS2_PLACEMENT_3D('',#7106,#5709,#5710);
#5018=AXIS2_PLACEMENT_3D('',#7108,#5711,#5712);
#5019=AXIS2_PLACEMENT_3D('',#7110,#5713,#5714);
#5020=AXIS2_PLACEMENT_3D('',#7112,#5715,#5716);
#5021=AXIS2_PLACEMENT_3D('',#7114,#5717,#5718);
#5022=AXIS2_PLACEMENT_3D('',#7115,#5719,#5720);
#5023=AXIS2_PLACEMENT_3D('',#7117,#5721,#5722);
#5024=AXIS2_PLACEMENT_3D('',#7119,#5723,#5724);
#5025=AXIS2_PLACEMENT_3D('',#7120,#5725,#5726);
#5026=AXIS2_PLACEMENT_3D('',#7122,#5727,#5728);
#5027=AXIS2_PLACEMENT_3D('',#7124,#5729,#5730);
#5028=AXIS2_PLACEMENT_3D('',#7125,#5731,#5732);
#5029=AXIS2_PLACEMENT_3D('',#7127,#5733,#5734);
#5030=AXIS2_PLACEMENT_3D('',#7129,#5735,#5736);
#5031=AXIS2_PLACEMENT_3D('',#7130,#5737,#5738);
#5032=AXIS2_PLACEMENT_3D('',#7131,#5739,#5740);
#5033=AXIS2_PLACEMENT_3D('',#7133,#5742,#5743);
#5034=AXIS2_PLACEMENT_3D('',#7139,#5747,#5748);
#5035=AXIS2_PLACEMENT_3D('',#7145,#5752,#5753);
#5036=AXIS2_PLACEMENT_3D('',#7147,#5755,#5756);
#5037=AXIS2_PLACEMENT_3D('',#7149,#5758,#5759);
#5038=AXIS2_PLACEMENT_3D('',#7150,#5760,#5761);
#5039=AXIS2_PLACEMENT_3D('',#7152,#5763,#5764);
#5040=AXIS2_PLACEMENT_3D('',#7154,#5766,#5767);
#5041=AXIS2_PLACEMENT_3D('',#7156,#5769,#5770);
#5042=AXIS2_PLACEMENT_3D('',#7157,#5771,#5772);
#5043=AXIS2_PLACEMENT_3D('',#7159,#5774,#5775);
#5044=AXIS2_PLACEMENT_3D('',#7160,#5776,#5777);
#5045=AXIS2_PLACEMENT_3D('',#7161,#5778,#5779);
#5046=AXIS2_PLACEMENT_3D('',#7163,#5780,#5781);
#5047=AXIS2_PLACEMENT_3D('',#7164,#5782,#5783);
#5048=AXIS2_PLACEMENT_3D('',#7165,#5784,#5785);
#5049=AXIS2_PLACEMENT_3D('',#7166,#5786,#5787);
#5050=AXIS2_PLACEMENT_3D('',#7167,#5788,#5789);
#5051=AXIS2_PLACEMENT_3D('',#7168,#5790,#5791);
#5052=AXIS2_PLACEMENT_3D('',#7169,#5792,#5793);
#5053=AXIS2_PLACEMENT_3D('',#7170,#5794,#5795);
#5054=AXIS2_PLACEMENT_3D('',#7171,#5796,#5797);
#5055=AXIS2_PLACEMENT_3D('',#7172,#5798,#5799);
#5056=AXIS2_PLACEMENT_3D('',#7175,#5802,#5803);
#5057=AXIS2_PLACEMENT_3D('',#7177,#5805,#5806);
#5058=AXIS2_PLACEMENT_3D('',#7179,#5808,#5809);
#5059=AXIS2_PLACEMENT_3D('',#7180,#5810,#5811);
#5060=AXIS2_PLACEMENT_3D('',#7181,#5812,#5813);
#5061=AXIS2_PLACEMENT_3D('',#7182,#5814,#5815);
#5062=AXIS2_PLACEMENT_3D('',#7185,#5818,#5819);
#5063=AXIS2_PLACEMENT_3D('',#7187,#5821,#5822);
#5064=AXIS2_PLACEMENT_3D('',#7189,#5824,#5825);
#5065=AXIS2_PLACEMENT_3D('',#7190,#5826,#5827);
#5066=AXIS2_PLACEMENT_3D('',#7191,#5828,#5829);
#5067=AXIS2_PLACEMENT_3D('',#7192,#5830,#5831);
#5068=AXIS2_PLACEMENT_3D('',#7209,#5840,#5841);
#5069=AXIS2_PLACEMENT_3D('',#7211,#5842,#5843);
#5070=AXIS2_PLACEMENT_3D('',#7213,#5844,#5845);
#5071=AXIS2_PLACEMENT_3D('',#7215,#5846,#5847);
#5072=AXIS2_PLACEMENT_3D('',#7237,#5858,#5859);
#5073=AXIS2_PLACEMENT_3D('',#7262,#5872,#5873);
#5074=AXIS2_PLACEMENT_3D('',#7263,#5874,#5875);
#5075=AXIS2_PLACEMENT_3D('',#7273,#5880,#5881);
#5076=AXIS2_PLACEMENT_3D('',#7274,#5882,#5883);
#5077=AXIS2_PLACEMENT_3D('',#7284,#5888,#5889);
#5078=AXIS2_PLACEMENT_3D('',#7298,#5897,#5898);
#5079=AXIS2_PLACEMENT_3D('',#7304,#5902,#5903);
#5080=AXIS2_PLACEMENT_3D('',#7307,#5906,#5907);
#5081=AXIS2_PLACEMENT_3D('',#7316,#5913,#5914);
#5082=AXIS2_PLACEMENT_3D('',#7325,#5920,#5921);
#5083=AXIS2_PLACEMENT_3D('',#7333,#5926,#5927);
#5084=AXIS2_PLACEMENT_3D('',#7340,#5932,#5933);
#5085=AXIS2_PLACEMENT_3D('',#7354,#5941,#5942);
#5086=AXIS2_PLACEMENT_3D('',#7355,#5943,#5944);
#5087=AXIS2_PLACEMENT_3D('',#7359,#5946,#5947);
#5088=AXIS2_PLACEMENT_3D('',#7360,#5948,#5949);
#5089=AXIS2_PLACEMENT_3D('',#7364,#5952,#5953);
#5090=AXIS2_PLACEMENT_3D('',#7397,#5968,#5969);
#5091=AXIS2_PLACEMENT_3D('',#7419,#5981,#5982);
#5092=AXIS2_PLACEMENT_3D('',#7445,#5991,#5992);
#5093=AXIS2_PLACEMENT_3D('',#7463,#6002,#6003);
#5094=AXIS2_PLACEMENT_3D('',#7480,#6012,#6013);
#5095=AXIS2_PLACEMENT_3D('',#7489,#6018,#6019);
#5096=AXIS2_PLACEMENT_3D('',#7490,#6020,#6021);
#5097=AXIS2_PLACEMENT_3D('',#7506,#6030,#6031);
#5098=AXIS2_PLACEMENT_3D('',#7507,#6032,#6033);
#5099=AXIS2_PLACEMENT_3D('',#7511,#6036,#6037);
#5100=AXIS2_PLACEMENT_3D('',#7514,#6040,#6041);
#5101=AXIS2_PLACEMENT_3D('',#7519,#6042,#6043);
#5102=AXIS2_PLACEMENT_3D('',#7525,#6047,#6048);
#5103=AXIS2_PLACEMENT_3D('',#7538,#6055,#6056);
#5104=AXIS2_PLACEMENT_3D('',#7540,#6058,#6059);
#5105=AXIS2_PLACEMENT_3D('',#7543,#6061,#6062);
#5106=AXIS2_PLACEMENT_3D('',#7549,#6065,#6066);
#5107=AXIS2_PLACEMENT_3D('',#7554,#6069,#6070);
#5108=AXIS2_PLACEMENT_3D('',#7562,#6075,#6076);
#5109=AXIS2_PLACEMENT_3D('',#7568,#6080,#6081);
#5110=AXIS2_PLACEMENT_3D('',#7577,#6087,#6088);
#5111=AXIS2_PLACEMENT_3D('',#7578,#6089,#6090);
#5112=AXIS2_PLACEMENT_3D('',#7593,#6092,#6093);
#5113=AXIS2_PLACEMENT_3D('',#7602,#6099,#6100);
#5114=AXIS2_PLACEMENT_3D('',#7606,#6103,#6104);
#5115=AXIS2_PLACEMENT_3D('',#7610,#6107,#6108);
#5116=AXIS2_PLACEMENT_3D('',#7614,#6111,#6112);
#5117=AXIS2_PLACEMENT_3D('',#7618,#6115,#6116);
#5118=AXIS2_PLACEMENT_3D('',#7624,#6120,#6121);
#5119=AXIS2_PLACEMENT_3D('',#7628,#6124,#6125);
#5120=AXIS2_PLACEMENT_3D('',#7632,#6128,#6129);
#5121=AXIS2_PLACEMENT_3D('',#7633,#6130,#6131);
#5122=AXIS2_PLACEMENT_3D('',#7635,#6132,#6133);
#5123=AXIS2_PLACEMENT_3D('',#7636,#6134,#6135);
#5124=AXIS2_PLACEMENT_3D('',#7638,#6136,#6137);
#5125=AXIS2_PLACEMENT_3D('',#7639,#6138,#6139);
#5126=AXIS2_PLACEMENT_3D('',#7641,#6140,#6141);
#5127=AXIS2_PLACEMENT_3D('',#7643,#6142,#6143);
#5128=AXIS2_PLACEMENT_3D('',#7644,#6144,#6145);
#5129=AXIS2_PLACEMENT_3D('',#7645,#6146,#6147);
#5130=AXIS2_PLACEMENT_3D('',#7647,#6148,#6149);
#5131=AXIS2_PLACEMENT_3D('',#7648,#6150,#6151);
#5132=AXIS2_PLACEMENT_3D('',#7650,#6152,#6153);
#5133=AXIS2_PLACEMENT_3D('',#7651,#6154,#6155);
#5134=AXIS2_PLACEMENT_3D('',#7653,#6156,#6157);
#5135=AXIS2_PLACEMENT_3D('',#7655,#6159,#6160);
#5136=AXIS2_PLACEMENT_3D('',#7657,#6162,#6163);
#5137=AXIS2_PLACEMENT_3D('',#7658,#6164,#6165);
#5138=AXIS2_PLACEMENT_3D('',#7661,#6168,#6169);
#5139=AXIS2_PLACEMENT_3D('',#7667,#6170,#6171);
#5140=AXIS2_PLACEMENT_3D('',#7668,#6172,#6173);
#5141=AXIS2_PLACEMENT_3D('',#7688,#6174,#6175);
#5142=AXIS2_PLACEMENT_3D('',#7689,#6176,#6177);
#5143=AXIS2_PLACEMENT_3D('',#7691,#6178,#6179);
#5144=AXIS2_PLACEMENT_3D('',#7693,#6180,#6181);
#5145=AXIS2_PLACEMENT_3D('',#7699,#6186,#6187);
#5146=AXIS2_PLACEMENT_3D('',#7708,#6188,#6189);
#5147=AXIS2_PLACEMENT_3D('',#7719,#6193,#6194);
#5148=AXIS2_PLACEMENT_3D('',#7726,#6196,#6197);
#5149=AXIS2_PLACEMENT_3D('',#7732,#6201,#6202);
#5150=AXIS2_PLACEMENT_3D('',#7736,#6205,#6206);
#5151=AXIS2_PLACEMENT_3D('',#7740,#6209,#6210);
#5152=AXIS2_PLACEMENT_3D('',#7742,#6212,#6213);
#5153=AXIS2_PLACEMENT_3D('',#7744,#6215,#6216);
#5154=AXIS2_PLACEMENT_3D('',#7748,#6219,#6220);
#5155=AXIS2_PLACEMENT_3D('',#7750,#6222,#6223);
#5156=AXIS2_PLACEMENT_3D('',#7762,#6231,#6232);
#5157=AXIS2_PLACEMENT_3D('',#7776,#6240,#6241);
#5158=AXIS2_PLACEMENT_3D('',#7783,#6246,#6247);
#5159=AXIS2_PLACEMENT_3D('',#7785,#6249,#6250);
#5160=AXIS2_PLACEMENT_3D('',#7787,#6252,#6253);
#5161=AXIS2_PLACEMENT_3D('',#7789,#6255,#6256);
#5162=AXIS2_PLACEMENT_3D('',#7790,#6257,#6258);
#5163=AXIS2_PLACEMENT_3D('',#7792,#6260,#6261);
#5164=AXIS2_PLACEMENT_3D('',#7794,#6263,#6264);
#5165=AXIS2_PLACEMENT_3D('',#7797,#6267,#6268);
#5166=AXIS2_PLACEMENT_3D('',#7799,#6270,#6271);
#5167=AXIS2_PLACEMENT_3D('',#7801,#6273,#6274);
#5168=AXIS2_PLACEMENT_3D('',#7802,#6275,#6276);
#5169=AXIS2_PLACEMENT_3D('',#7808,#6280,#6281);
#5170=AXIS2_PLACEMENT_3D('',#7810,#6283,#6284);
#5171=AXIS2_PLACEMENT_3D('',#7817,#6289,#6290);
#5172=AXIS2_PLACEMENT_3D('',#7819,#6292,#6293);
#5173=AXIS2_PLACEMENT_3D('',#7821,#6295,#6296);
#5174=AXIS2_PLACEMENT_3D('',#7822,#6297,#6298);
#5175=AXIS2_PLACEMENT_3D('',#7823,#6299,#6300);
#5176=AXIS2_PLACEMENT_3D('',#7833,#6306,#6307);
#5177=AXIS2_PLACEMENT_3D('',#7839,#6311,#6312);
#5178=AXIS2_PLACEMENT_3D('',#7843,#6315,#6316);
#5179=AXIS2_PLACEMENT_3D('',#7847,#6319,#6320);
#5180=AXIS2_PLACEMENT_3D('',#7849,#6322,#6323);
#5181=AXIS2_PLACEMENT_3D('',#7850,#6324,#6325);
#5182=AXIS2_PLACEMENT_3D('',#7852,#6327,#6328);
#5183=AXIS2_PLACEMENT_3D('',#7853,#6329,#6330);
#5184=AXIS2_PLACEMENT_3D('',#7855,#6331,#6332);
#5185=AXIS2_PLACEMENT_3D('',#7857,#6333,#6334);
#5186=AXIS2_PLACEMENT_3D('',#7859,#6335,#6336);
#5187=AXIS2_PLACEMENT_3D('',#7861,#6337,#6338);
#5188=AXIS2_PLACEMENT_3D('',#7863,#6339,#6340);
#5189=AXIS2_PLACEMENT_3D('',#7865,#6341,#6342);
#5190=AXIS2_PLACEMENT_3D('',#7866,#6343,#6344);
#5191=AXIS2_PLACEMENT_3D('',#7868,#6345,#6346);
#5192=AXIS2_PLACEMENT_3D('',#7870,#6347,#6348);
#5193=AXIS2_PLACEMENT_3D('',#7871,#6349,#6350);
#5194=AXIS2_PLACEMENT_3D('',#7873,#6351,#6352);
#5195=AXIS2_PLACEMENT_3D('',#7875,#6353,#6354);
#5196=AXIS2_PLACEMENT_3D('',#7876,#6355,#6356);
#5197=AXIS2_PLACEMENT_3D('',#7878,#6357,#6358);
#5198=AXIS2_PLACEMENT_3D('',#7880,#6359,#6360);
#5199=AXIS2_PLACEMENT_3D('',#7881,#6361,#6362);
#5200=AXIS2_PLACEMENT_3D('',#7882,#6363,#6364);
#5201=AXIS2_PLACEMENT_3D('',#7884,#6366,#6367);
#5202=AXIS2_PLACEMENT_3D('',#7890,#6371,#6372);
#5203=AXIS2_PLACEMENT_3D('',#7896,#6376,#6377);
#5204=AXIS2_PLACEMENT_3D('',#7898,#6379,#6380);
#5205=AXIS2_PLACEMENT_3D('',#7900,#6382,#6383);
#5206=AXIS2_PLACEMENT_3D('',#7901,#6384,#6385);
#5207=AXIS2_PLACEMENT_3D('',#7903,#6387,#6388);
#5208=AXIS2_PLACEMENT_3D('',#7905,#6390,#6391);
#5209=AXIS2_PLACEMENT_3D('',#7907,#6393,#6394);
#5210=AXIS2_PLACEMENT_3D('',#7908,#6395,#6396);
#5211=AXIS2_PLACEMENT_3D('',#7910,#6398,#6399);
#5212=AXIS2_PLACEMENT_3D('',#7911,#6400,#6401);
#5213=AXIS2_PLACEMENT_3D('',#7912,#6402,#6403);
#5214=AXIS2_PLACEMENT_3D('',#7913,#6404,#6405);
#5215=AXIS2_PLACEMENT_3D('',#7914,#6406,#6407);
#5216=AXIS2_PLACEMENT_3D('',#7917,#6410,#6411);
#5217=AXIS2_PLACEMENT_3D('',#7919,#6413,#6414);
#5218=AXIS2_PLACEMENT_3D('',#7921,#6416,#6417);
#5219=AXIS2_PLACEMENT_3D('',#7922,#6418,#6419);
#5220=DIRECTION('',(0.,0.,1.));
#5221=DIRECTION('',(1.,0.,0.));
#5222=DIRECTION('',(0.,0.,1.));
#5223=DIRECTION('',(-1.,0.,0.));
#5224=DIRECTION('',(1.,-1.22127880661949E-16,0.));
#5225=DIRECTION('',(0.,-1.,0.));
#5226=DIRECTION('',(0.,0.,1.));
#5227=DIRECTION('',(1.,0.,0.));
#5228=DIRECTION('',(0.,1.,0.));
#5229=DIRECTION('',(1.,0.,0.));
#5230=DIRECTION('',(0.,1.81431126339786E-16,1.));
#5231=DIRECTION('',(0.,1.,-1.81431126339786E-16));
#5232=DIRECTION('',(0.,0.,1.));
#5233=DIRECTION('',(-1.,0.,0.));
#5234=DIRECTION('',(0.,1.,0.));
#5235=DIRECTION('',(1.,-5.83648798918035E-17,0.));
#5236=DIRECTION('',(0.,-1.,0.));
#5237=DIRECTION('',(-1.,5.83648798918035E-17,0.));
#5238=DIRECTION('',(1.,-9.77023045295589E-17,0.));
#5239=DIRECTION('',(0.,-1.,0.));
#5240=DIRECTION('',(1.,-1.22127880661949E-16,0.));
#5241=DIRECTION('',(9.49789936006073E-16,1.,0.));
#5242=DIRECTION('',(-1.,7.3177961681708E-16,0.));
#5243=DIRECTION('',(-0.701236022315233,-0.712929197752141,0.));
#5244=DIRECTION('',(-5.54515470011249E-16,-1.,0.));
#5245=DIRECTION('',(0.701232854909599,-0.712932313193429,0.));
#5246=DIRECTION('',(-1.,7.31779663843224E-16,0.));
#5247=DIRECTION('',(9.49789936006073E-16,1.,0.));
#5248=DIRECTION('',(0.,0.,1.));
#5249=DIRECTION('',(1.,0.,0.));
#5250=DIRECTION('',(0.,0.,1.));
#5251=DIRECTION('',(1.,0.,0.));
#5252=DIRECTION('',(0.,0.,1.));
#5253=DIRECTION('',(1.,0.,0.));
#5254=DIRECTION('',(0.,0.,1.));
#5255=DIRECTION('',(1.,0.,0.));
#5256=DIRECTION('',(-1.,0.,0.));
#5257=DIRECTION('',(0.,1.,0.));
#5258=DIRECTION('',(1.,0.,0.));
#5259=DIRECTION('',(0.,-1.,0.));
#5260=DIRECTION('',(0.,0.,1.));
#5261=DIRECTION('',(-1.,0.,0.));
#5262=DIRECTION('',(0.,1.,0.));
#5263=DIRECTION('',(1.,0.,0.));
#5264=DIRECTION('',(0.,1.,0.));
#5265=DIRECTION('',(1.,0.,0.));
#5266=DIRECTION('',(9.49789936006073E-16,1.,0.));
#5267=DIRECTION('',(-1.,7.31779663843224E-16,0.));
#5268=DIRECTION('',(0.701232854909599,-0.712932313193429,0.));
#5269=DIRECTION('',(-5.54515470011249E-16,-1.,0.));
#5270=DIRECTION('',(-0.701236022315233,-0.712929197752141,0.));
#5271=DIRECTION('',(-1.,7.3177961681708E-16,0.));
#5272=DIRECTION('',(0.,0.,-1.));
#5273=DIRECTION('',(-1.,0.,0.));
#5274=DIRECTION('',(0.,0.,-1.));
#5275=DIRECTION('',(-1.,0.,0.));
#5276=DIRECTION('',(0.,0.,-1.));
#5277=DIRECTION('',(-1.,0.,0.));
#5278=DIRECTION('',(0.,0.,-1.));
#5279=DIRECTION('',(-1.,0.,0.));
#5280=DIRECTION('',(0.,0.,-1.));
#5281=DIRECTION('',(-1.,0.,0.));
#5282=DIRECTION('',(0.,0.,-1.));
#5283=DIRECTION('',(-1.,0.,0.));
#5284=DIRECTION('',(0.,0.,-1.));
#5285=DIRECTION('',(-1.,0.,0.));
#5286=DIRECTION('',(-1.,0.,0.));
#5287=DIRECTION('',(0.,1.,0.));
#5288=DIRECTION('',(0.,0.,-1.));
#5289=DIRECTION('',(0.,1.,0.));
#5290=DIRECTION('',(0.,0.,1.));
#5291=DIRECTION('',(-1.,0.,0.));
#5292=DIRECTION('',(-1.,0.,0.));
#5293=DIRECTION('',(0.,-1.,0.));
#5294=DIRECTION('',(-1.,0.,0.));
#5295=DIRECTION('',(0.,-1.,0.));
#5296=DIRECTION('',(1.,0.,0.));
#5297=DIRECTION('',(0.,-1.,0.));
#5298=DIRECTION('',(1.,0.,0.));
#5299=DIRECTION('',(0.,-1.,0.));
#5300=DIRECTION('',(-1.,0.,0.));
#5301=DIRECTION('',(0.,1.,0.));
#5302=DIRECTION('',(-0.866025403784439,0.5,0.));
#5303=DIRECTION('',(0.,-1.,0.));
#5304=DIRECTION('',(1.,-9.49789936006073E-16,0.));
#5305=DIRECTION('',(-9.49789936006073E-16,-1.,0.));
#5306=DIRECTION('',(-1.,9.49789936006073E-16,0.));
#5307=DIRECTION('',(-9.49789936006073E-16,-1.,0.));
#5308=DIRECTION('',(0.,0.,-1.));
#5309=DIRECTION('',(9.49789936006073E-16,1.,0.));
#5310=DIRECTION('',(0.,0.,-1.));
#5311=DIRECTION('',(9.49789936006073E-16,1.,0.));
#5312=DIRECTION('',(-1.,0.,0.));
#5313=DIRECTION('',(0.,0.,-1.));
#5314=DIRECTION('',(-1.,0.,0.));
#5315=DIRECTION('',(0.,0.,1.));
#5316=DIRECTION('',(0.,0.,1.));
#5317=DIRECTION('',(0.,-1.,0.));
#5318=DIRECTION('',(0.,0.,1.));
#5319=DIRECTION('',(0.,-1.,0.));
#5320=DIRECTION('',(0.,0.,1.));
#5321=DIRECTION('',(-1.,0.,0.));
#5322=DIRECTION('',(-1.,0.,0.));
#5323=DIRECTION('',(-1.,0.,0.));
#5324=DIRECTION('',(0.,-1.,0.));
#5325=DIRECTION('',(-1.,0.,0.));
#5326=DIRECTION('',(0.,1.,0.));
#5327=DIRECTION('',(-1.,0.,0.));
#5328=DIRECTION('',(0.,-1.,0.));
#5329=DIRECTION('',(0.,-1.,0.));
#5330=DIRECTION('',(-1.,0.,0.));
#5331=DIRECTION('',(0.,0.,1.));
#5332=DIRECTION('',(-1.,0.,0.));
#5333=DIRECTION('',(-1.,9.49789936006073E-16,0.));
#5334=DIRECTION('',(-1.,0.,0.));
#5335=DIRECTION('',(0.,0.,-1.));
#5336=DIRECTION('',(0.,0.,1.));
#5337=DIRECTION('',(0.,0.,1.));
#5338=DIRECTION('',(0.,1.,0.));
#5339=DIRECTION('',(0.,0.,1.));
#5340=DIRECTION('',(1.,0.,0.));
#5341=DIRECTION('',(0.,0.,-1.));
#5342=DIRECTION('',(1.,0.,0.));
#5343=DIRECTION('',(0.,0.,-1.));
#5344=DIRECTION('',(0.,0.,1.));
#5345=DIRECTION('',(0.,0.,-1.));
#5346=DIRECTION('',(1.,0.,0.));
#5347=DIRECTION('',(-1.,0.,0.));
#5348=DIRECTION('',(0.,1.,0.));
#5349=DIRECTION('',(-1.,0.,0.));
#5350=DIRECTION('',(0.,-1.,0.));
#5351=DIRECTION('',(1.,0.,0.));
#5352=DIRECTION('',(0.,-1.68762566062662E-16,-1.));
#5353=DIRECTION('',(0.,1.,-1.68762566062662E-16));
#5354=DIRECTION('',(1.11712195791672E-17,-1.,1.68762566062662E-16));
#5355=DIRECTION('',(1.,-9.77023045295589E-17,1.64884916226441E-32));
#5356=DIRECTION('',(-9.7702304529559E-17,-1.,1.68762566062662E-16));
#5357=DIRECTION('',(-1.,0.,0.));
#5358=DIRECTION('',(1.,-9.7702304529559E-17,0.));
#5359=DIRECTION('',(-9.7702304529559E-17,-1.,0.));
#5360=DIRECTION('',(0.,0.,1.));
#5361=DIRECTION('',(0.,0.,-1.));
#5362=DIRECTION('',(-9.7702304529559E-17,-1.,0.));
#5363=DIRECTION('',(0.,0.,-1.));
#5364=DIRECTION('',(0.,0.,1.));
#5365=DIRECTION('',(-1.,0.,0.));
#5366=DIRECTION('',(0.,-1.,0.));
#5367=DIRECTION('',(-1.,0.,0.));
#5368=DIRECTION('',(0.,-1.,0.));
#5369=DIRECTION('',(-1.,0.,0.));
#5370=DIRECTION('',(0.,-1.,1.68762566062662E-16));
#5371=DIRECTION('',(0.,-1.68762566062662E-16,-1.));
#5372=DIRECTION('',(0.,1.,-1.68762566062662E-16));
#5373=DIRECTION('',(0.,-1.68762566062662E-16,-1.));
#5374=DIRECTION('',(0.,1.,-1.68762566062662E-16));
#5375=DIRECTION('',(0.,-1.68762566062662E-16,-1.));
#5376=DIRECTION('',(0.,-1.,1.68762566062662E-16));
#5377=DIRECTION('',(-1.,0.,0.));
#5378=DIRECTION('',(0.,0.,-1.));
#5379=DIRECTION('',(0.,0.,-1.));
#5380=DIRECTION('',(0.,-1.,0.));
#5381=DIRECTION('',(-9.7702304529559E-17,-1.,0.));
#5382=DIRECTION('',(-1.,9.7702304529559E-17,0.));
#5383=DIRECTION('',(1.,-9.77023045295589E-17,0.));
#5384=DIRECTION('',(0.866025403784439,-8.46126777308815E-17,0.5));
#5385=DIRECTION('',(0.,0.,-1.));
#5386=DIRECTION('',(0.766044443118978,-7.48443074647868E-17,0.64278760968654));
#5387=DIRECTION('',(-1.,9.49789936006073E-16,0.));
#5388=DIRECTION('',(-0.707106781186548,6.90859620704043E-17,-0.707106781186547));
#5389=DIRECTION('',(-1.,9.7702304529559E-17,0.));
#5390=DIRECTION('',(0.848709888887306,-8.29209120213157E-17,-0.528858699942524));
#5391=DIRECTION('',(-1.,9.49789936006073E-16,0.));
#5392=DIRECTION('',(0.,0.,-1.));
#5393=DIRECTION('',(-1.,0.,0.));
#5394=DIRECTION('',(0.,0.,-1.));
#5395=DIRECTION('',(1.,-9.77023045295589E-17,0.));
#5396=DIRECTION('',(1.,-9.7702304529559E-17,0.));
#5397=DIRECTION('',(-1.60900673753539E-31,-1.6940658945086E-16,-1.));
#5398=DIRECTION('',(0.,1.,-1.6940658945086E-16));
#5399=DIRECTION('',(-1.,9.49789936006073E-16,0.));
#5400=DIRECTION('',(-9.49789936006073E-16,-1.,0.));
#5401=DIRECTION('',(-1.,0.,0.));
#5402=DIRECTION('',(9.49789936006073E-16,1.,-1.93607530800983E-16));
#5403=DIRECTION('',(-1.,0.,0.));
#5404=DIRECTION('',(9.49789936006073E-16,1.,-1.6940658945086E-16));
#5405=DIRECTION('',(-9.7702304529559E-17,-1.,0.));
#5406=DIRECTION('',(-1.,9.49789936006073E-16,0.));
#5407=DIRECTION('',(9.49789936006073E-16,1.,-1.93607530800983E-16));
#5408=DIRECTION('',(-1.,9.49789936006073E-16,0.));
#5409=DIRECTION('',(-9.7702304529559E-17,-1.,0.));
#5410=DIRECTION('',(1.22127880661949E-16,1.,0.));
#5411=DIRECTION('',(1.,-1.22127880661949E-16,0.));
#5412=DIRECTION('',(-1.,1.22127880661949E-16,0.));
#5413=DIRECTION('',(0.707106781186548,-8.63574525880054E-17,0.707106781186547));
#5414=DIRECTION('',(1.,-1.22127880661949E-16,0.));
#5415=DIRECTION('',(1.,-1.22127880661949E-16,0.));
#5416=DIRECTION('',(0.,0.,-1.));
#5417=DIRECTION('',(-1.,0.,0.));
#5418=DIRECTION('',(0.,0.,-1.));
#5419=DIRECTION('',(-0.848709888887306,1.03651140026645E-16,0.528858699942524));
#5420=DIRECTION('',(0.,1.,0.));
#5421=DIRECTION('',(0.,0.,1.));
#5422=DIRECTION('',(0.,0.,1.));
#5423=DIRECTION('',(-1.,0.,0.));
#5424=DIRECTION('',(0.,0.,1.));
#5425=DIRECTION('',(-1.,-1.68762566062662E-16,6.12323399573677E-17));
#5426=DIRECTION('',(-0.707106781186535,0.,0.707106781186561));
#5427=DIRECTION('',(0.,0.,-1.));
#5428=DIRECTION('',(1.,0.,0.));
#5429=DIRECTION('',(0.,0.,-1.));
#5430=DIRECTION('',(1.,0.,0.));
#5431=DIRECTION('',(0.,-1.,3.46944695195362E-16));
#5432=DIRECTION('',(0.,-3.46944695195362E-16,-1.));
#5433=DIRECTION('',(1.,0.,0.));
#5434=DIRECTION('',(0.,3.46944695195362E-16,1.));
#5435=DIRECTION('',(1.,0.,0.));
#5436=DIRECTION('',(0.,3.46944695195362E-16,1.));
#5437=DIRECTION('',(0.,3.46944695195362E-16,1.));
#5438=DIRECTION('',(-1.,0.,0.));
#5439=DIRECTION('',(0.,3.46944695195362E-16,1.));
#5440=DIRECTION('',(-1.,0.,0.));
#5441=DIRECTION('',(0.,-1.,1.8895276521617E-16));
#5442=DIRECTION('',(0.,-1.8895276521617E-16,-1.));
#5443=DIRECTION('',(0.,-1.8895276521617E-16,-1.));
#5444=DIRECTION('',(-1.,0.,0.));
#5445=DIRECTION('',(0.,-1.8895276521617E-16,-1.));
#5446=DIRECTION('',(1.,0.,0.));
#5447=DIRECTION('',(0.,0.,1.));
#5448=DIRECTION('',(-1.,0.,0.));
#5449=DIRECTION('',(0.,0.,-1.));
#5450=DIRECTION('',(-1.,0.,0.));
#5451=DIRECTION('',(-1.,0.,0.));
#5452=DIRECTION('',(0.,1.,0.));
#5453=DIRECTION('',(0.,1.,0.));
#5454=DIRECTION('',(-1.,0.,0.));
#5455=DIRECTION('',(1.,-9.7702304529559E-17,0.));
#5456=DIRECTION('',(0.,1.,0.));
#5457=DIRECTION('',(1.,0.,0.));
#5458=DIRECTION('',(-0.00904176924897343,-0.999959122368934,0.));
#5459=DIRECTION('',(0.,0.,1.));
#5460=DIRECTION('',(-1.,0.,0.));
#5461=DIRECTION('',(0.,0.,-1.));
#5462=DIRECTION('',(-1.,0.,0.));
#5463=DIRECTION('',(0.,1.,0.));
#5464=DIRECTION('',(9.49789936006073E-16,1.,0.));
#5465=DIRECTION('',(0.,0.,-1.));
#5466=DIRECTION('',(1.,0.,0.));
#5467=DIRECTION('',(-3.68752847650935E-16,-1.,0.));
#5468=DIRECTION('',(-9.7702304529559E-17,-1.,0.));
#5469=DIRECTION('',(0.707106781186547,-2.60747639155826E-16,-0.707106781186548));
#5470=DIRECTION('',(9.7702304529559E-17,1.,-2.71050543121377E-16));
#5471=DIRECTION('',(0.,-1.68762566062662E-16,-1.));
#5472=DIRECTION('',(0.,1.,-1.68762566062662E-16));
#5473=DIRECTION('',(-1.68762566062662E-16,1.,-1.68762566062662E-16));
#5474=DIRECTION('',(-1.,0.,0.));
#5475=DIRECTION('',(1.11712195791672E-17,-1.,1.68762566062662E-16));
#5476=DIRECTION('',(0.,-1.68762566062662E-16,-1.));
#5477=DIRECTION('',(0.,1.,-1.68762566062662E-16));
#5478=DIRECTION('',(-1.,0.,0.));
#5479=DIRECTION('',(0.,1.,-1.68762566062662E-16));
#5480=DIRECTION('',(-1.,0.,0.));
#5481=DIRECTION('',(0.,1.,-1.68762566062662E-16));
#5482=DIRECTION('',(1.,0.,0.));
#5483=DIRECTION('',(0.,-1.,0.));
#5484=DIRECTION('',(0.,0.,-1.));
#5485=DIRECTION('',(0.,0.,1.));
#5486=DIRECTION('',(-1.,0.,0.));
#5487=DIRECTION('',(0.,0.,1.));
#5488=DIRECTION('',(1.,0.,0.));
#5489=DIRECTION('',(0.,-1.,0.));
#5490=DIRECTION('',(0.,1.,0.));
#5491=DIRECTION('',(1.,0.,0.));
#5492=DIRECTION('',(0.,0.,1.));
#5493=DIRECTION('',(0.,-0.999959119026699,0.00904213887019022));
#5494=DIRECTION('',(0.,0.562297164718791,-0.826935244471542));
#5495=DIRECTION('',(0.,1.,0.));
#5496=DIRECTION('',(0.,0.,-1.));
#5497=DIRECTION('',(0.,-1.,0.));
#5498=DIRECTION('',(0.,0.,-1.));
#5499=DIRECTION('',(0.,0.,-1.));
#5500=DIRECTION('',(0.,0.,1.));
#5501=DIRECTION('',(-1.,0.,0.));
#5502=DIRECTION('',(0.,0.826935244471542,0.562297164718791));
#5503=DIRECTION('',(0.,-0.562297164718791,0.826935244471542));
#5504=DIRECTION('',(1.,0.,0.));
#5505=DIRECTION('',(-0.637269928609753,0.433329062237281,-0.637269928609752));
#5506=DIRECTION('',(0.,0.562297164718791,-0.826935244471542));
#5507=DIRECTION('',(-0.634918624903673,0.434418991596121,-0.63887281949621));
#5508=DIRECTION('',(-0.637269928609752,0.433329062237281,-0.637269928609753));
#5509=DIRECTION('',(2.57441078005663E-31,2.71050543121376E-16,1.));
#5510=DIRECTION('',(0.,-1.,2.71050543121377E-16));
#5511=DIRECTION('',(9.49789936006073E-16,1.,-2.71050543121377E-16));
#5512=DIRECTION('',(0.,1.81431126339786E-16,1.));
#5513=DIRECTION('',(0.,1.,-1.81431126339786E-16));
#5514=DIRECTION('',(1.,-9.49789936006073E-16,0.));
#5515=DIRECTION('',(-9.49789936006073E-16,-1.,0.));
#5516=DIRECTION('',(0.,0.,-1.));
#5517=DIRECTION('',(-9.49789936006073E-16,-1.,2.71050543121377E-16));
#5518=DIRECTION('',(0.,0.,-1.));
#5519=DIRECTION('',(0.,0.,-1.));
#5520=DIRECTION('',(7.31779663843224E-16,1.,0.));
#5521=DIRECTION('',(1.,-7.31779663843224E-16,0.));
#5522=DIRECTION('',(0.,0.,-1.));
#5523=DIRECTION('',(-0.712932313193429,-0.701232854909599,0.));
#5524=DIRECTION('',(-0.701232854909599,0.712932313193429,0.));
#5525=DIRECTION('',(0.,0.,-1.));
#5526=DIRECTION('',(-1.,5.54515470011249E-16,0.));
#5527=DIRECTION('',(5.54515470011249E-16,1.,0.));
#5528=DIRECTION('',(0.,0.,-1.));
#5529=DIRECTION('',(-0.712929197752141,0.701236022315233,0.));
#5530=DIRECTION('',(0.701236022315233,0.712929197752141,0.));
#5531=DIRECTION('',(0.,0.,-1.));
#5532=DIRECTION('',(0.,0.,-1.));
#5533=DIRECTION('',(1.,0.,0.));
#5534=DIRECTION('',(0.,0.,-1.));
#5535=DIRECTION('',(0.5,0.,-0.866025403784439));
#5536=DIRECTION('',(-0.866025403784439,0.,-0.5));
#5537=DIRECTION('',(0.,0.,-1.));
#5538=DIRECTION('',(7.3177961681708E-16,1.,0.));
#5539=DIRECTION('',(1.,-7.3177961681708E-16,0.));
#5540=DIRECTION('',(1.22127880661949E-16,1.,0.));
#5541=DIRECTION('',(1.,-1.22127880661949E-16,0.));
#5542=DIRECTION('',(-0.866025403784439,1.05765847163602E-16,-0.5));
#5543=DIRECTION('',(0.,0.,-1.));
#5544=DIRECTION('',(0.,-1.81431126339786E-16,-1.));
#5545=DIRECTION('',(0.,1.,-1.81431126339786E-16));
#5546=DIRECTION('',(-0.64278760968654,8.18149965032186E-16,0.766044443118978));
#5547=DIRECTION('',(-0.766044443118978,6.92776433927008E-16,-0.64278760968654));
#5548=DIRECTION('',(0.,1.81431126339786E-16,1.));
#5549=DIRECTION('',(0.,1.,-1.81431126339786E-16));
#5550=DIRECTION('',(1.,-9.49789936006073E-16,0.));
#5551=DIRECTION('',(-9.49789936006073E-16,-1.,0.));
#5552=DIRECTION('',(-1.,9.49789936006073E-16,0.));
#5553=DIRECTION('',(-9.49789936006073E-16,-1.,0.));
#5554=DIRECTION('',(-1.,9.49789936006073E-16,0.));
#5555=DIRECTION('',(-9.49789936006073E-16,-1.,0.));
#5556=DIRECTION('',(1.,0.,0.));
#5557=DIRECTION('',(0.,0.,1.));
#5558=DIRECTION('',(0.,1.,-1.79013426396039E-16));
#5559=DIRECTION('',(0.,1.,0.));
#5560=DIRECTION('',(0.,1.,0.));
#5561=DIRECTION('',(0.,-1.93375516046643E-16,-1.));
#5562=DIRECTION('',(1.,0.,0.));
#5563=DIRECTION('',(0.,0.,1.));
#5564=DIRECTION('',(0.,0.,-1.));
#5565=DIRECTION('',(1.,0.,0.));
#5566=DIRECTION('',(0.,-1.,0.));
#5567=DIRECTION('',(0.,1.,0.));
#5568=DIRECTION('',(-1.,0.,0.));
#5569=DIRECTION('',(0.,1.,0.));
#5570=DIRECTION('',(0.,0.,-1.));
#5571=DIRECTION('',(0.,1.,0.));
#5572=DIRECTION('',(0.,-1.,0.));
#5573=DIRECTION('',(0.,0.,-1.));
#5574=DIRECTION('',(0.,0.,1.));
#5575=DIRECTION('',(-1.,0.,0.));
#5576=DIRECTION('',(0.,0.,-1.));
#5577=DIRECTION('',(1.,0.,0.));
#5578=DIRECTION('',(0.,0.,1.));
#5579=DIRECTION('',(0.,-1.,0.));
#5580=DIRECTION('',(0.,0.,1.));
#5581=DIRECTION('',(0.,0.,-1.));
#5582=DIRECTION('',(-1.,0.,0.));
#5583=DIRECTION('',(1.,0.,0.));
#5584=DIRECTION('',(0.,1.,0.));
#5585=DIRECTION('',(0.,-1.,0.));
#5586=DIRECTION('',(0.,0.,-1.));
#5587=DIRECTION('',(0.,0.,-1.));
#5588=DIRECTION('',(0.,-1.79013426396039E-16,-1.));
#5589=DIRECTION('',(0.,1.,-1.79013426396039E-16));
#5590=DIRECTION('',(0.,1.,-1.79013426396039E-16));
#5591=DIRECTION('',(0.,-1.,1.93375516046643E-16));
#5592=DIRECTION('',(0.,-1.93375516046643E-16,-1.));
#5593=DIRECTION('',(1.,0.,0.));
#5594=DIRECTION('',(0.,-1.93375516046643E-16,-1.));
#5595=DIRECTION('',(0.,0.,1.));
#5596=DIRECTION('',(-1.,0.,0.));
#5597=DIRECTION('',(1.,0.,0.));
#5598=DIRECTION('',(-1.22127880661949E-16,-1.,0.));
#5599=DIRECTION('',(-1.,1.22127880661949E-16,0.));
#5600=DIRECTION('',(0.707106781186548,-8.63574525880054E-17,0.707106781186547));
#5601=DIRECTION('',(0.707106781186547,-8.63574525880053E-17,0.707106781186548));
#5602=DIRECTION('',(0.766044443118978,-9.35553843309834E-17,0.64278760968654));
#5603=DIRECTION('',(-0.0871557427476581,1.06441461492895E-17,-0.996194698091746));
#5604=DIRECTION('',(0.,0.,-1.));
#5605=DIRECTION('',(0.707106781186535,-8.63574525880038E-17,-0.707106781186561));
#5606=DIRECTION('',(0.707092327136659,-8.63556873455255E-17,0.707121234940985));
#5607=DIRECTION('',(-0.996194698091745,0.,0.0871557427476581));
#5608=DIRECTION('',(0.,-1.,0.));
#5609=DIRECTION('',(0.,-1.,0.));
#5610=DIRECTION('',(-0.0871557427476581,0.,-0.996194698091746));
#5611=DIRECTION('',(0.,-1.,0.));
#5612=DIRECTION('',(-0.0871557427476581,0.,-0.996194698091746));
#5613=DIRECTION('',(0.,-1.,0.));
#5614=DIRECTION('',(0.0871557427476581,-8.51531691943159E-18,0.996194698091746));
#5615=DIRECTION('',(0.,1.,0.));
#5616=DIRECTION('',(-9.7702304529559E-17,-1.,0.));
#5617=DIRECTION('',(-1.,9.7702304529559E-17,0.));
#5618=DIRECTION('',(-0.707106781186535,6.9085962070403E-17,0.707106781186561));
#5619=DIRECTION('',(0.,0.,-1.));
#5620=DIRECTION('',(-0.766044443118978,7.48443074647867E-17,-0.64278760968654));
#5621=DIRECTION('',(-0.707106781186547,6.90859620704043E-17,-0.707106781186548));
#5622=DIRECTION('',(1.,0.,0.));
#5623=DIRECTION('',(0.,0.,1.));
#5624=DIRECTION('',(0.,1.,-1.68762566062662E-16));
#5625=DIRECTION('',(0.707106781186561,1.19333154873349E-16,0.707106781186535));
#5626=DIRECTION('',(0.,-1.,1.68762566062662E-16));
#5627=DIRECTION('',(0.707106781186535,0.,-0.707106781186561));
#5628=DIRECTION('',(0.707106781186548,0.,-0.707106781186547));
#5629=DIRECTION('',(0.,-1.,0.));
#5630=DIRECTION('',(0.,-1.,0.));
#5631=DIRECTION('',(0.707106781186548,-0.00639375771154197,-0.707077873973105));
#5632=DIRECTION('',(0.,0.999959119026699,-0.00904213887019022));
#5633=DIRECTION('',(0.,0.,1.));
#5634=DIRECTION('',(-1.,0.,0.));
#5635=DIRECTION('',(0.,1.,0.));
#5636=DIRECTION('',(0.,0.,1.));
#5637=DIRECTION('',(-1.,0.,0.));
#5638=DIRECTION('',(0.,1.,0.));
#5639=DIRECTION('',(0.,0.,-1.));
#5640=DIRECTION('',(1.,0.,0.));
#5641=DIRECTION('',(0.,1.,0.));
#5642=DIRECTION('',(0.,1.,0.));
#5643=DIRECTION('',(-1.,0.,0.));
#5644=DIRECTION('',(0.,0.,-1.));
#5645=DIRECTION('',(0.,1.,0.));
#5646=DIRECTION('',(0.,0.,-1.));
#5647=DIRECTION('',(1.,0.,0.));
#5648=DIRECTION('',(0.,1.,0.));
#5649=DIRECTION('',(-1.,0.,0.));
#5650=DIRECTION('',(0.,0.,-1.));
#5651=DIRECTION('',(0.,-1.,2.85316361180396E-16));
#5652=DIRECTION('',(0.,-2.85316361180396E-16,-1.));
#5653=DIRECTION('',(-1.,0.,0.));
#5654=DIRECTION('',(-2.70990608427014E-31,-2.85316361180396E-16,-1.));
#5655=DIRECTION('',(-2.70990608427014E-31,-2.85316361180396E-16,-1.));
#5656=DIRECTION('',(1.,-9.49789936006073E-16,0.));
#5657=DIRECTION('',(-9.49789936006073E-16,-1.,0.));
#5658=DIRECTION('',(9.49789936006073E-16,1.,-3.38813178901721E-16));
#5659=DIRECTION('',(0.,-3.3881317890172E-16,-1.));
#5660=DIRECTION('',(0.,1.,-3.3881317890172E-16));
#5661=DIRECTION('',(9.49789936006073E-16,1.,0.));
#5662=DIRECTION('',(-1.,0.,0.));
#5663=DIRECTION('',(9.49789936006073E-16,1.,-3.3881317890172E-16));
#5664=DIRECTION('',(9.49789936006073E-16,1.,-3.3881317890172E-16));
#5665=DIRECTION('',(1.,-9.49789936006073E-16,0.));
#5666=DIRECTION('',(-9.49789936006073E-16,-1.,0.));
#5667=DIRECTION('',(0.,0.,-1.));
#5668=DIRECTION('',(0.,-1.,0.));
#5669=DIRECTION('',(0.,0.,-1.));
#5670=DIRECTION('',(0.,0.,-1.));
#5671=DIRECTION('',(1.,-9.49789936006073E-16,0.));
#5672=DIRECTION('',(-9.49789936006073E-16,-1.,0.));
#5673=DIRECTION('',(1.,-9.49789936006073E-16,0.));
#5674=DIRECTION('',(-9.49789936006073E-16,-1.,0.));
#5675=DIRECTION('',(0.,0.,-1.));
#5676=DIRECTION('',(1.,0.,0.));
#5677=DIRECTION('',(0.,-1.,0.));
#5678=DIRECTION('',(0.866025403784439,-0.5,0.));
#5679=DIRECTION('',(9.49789936006073E-16,1.,0.));
#5680=DIRECTION('',(1.,0.,0.));
#5681=DIRECTION('',(-1.,9.49789936006073E-16,0.));
#5682=DIRECTION('',(1.,-9.49789936006073E-16,0.));
#5683=DIRECTION('',(-9.49789936006073E-16,-1.,0.));
#5684=DIRECTION('',(-2.70990608427014E-31,-2.85316361180396E-16,-1.));
#5685=DIRECTION('',(9.49789936006073E-16,1.,0.));
#5686=DIRECTION('',(0.,0.,-1.));
#5687=DIRECTION('',(-9.49789936006073E-16,-1.,2.85316361180396E-16));
#5688=DIRECTION('',(-1.,9.49789936006073E-16,0.));
#5689=DIRECTION('',(-1.,9.49789936006073E-16,0.));
#5690=DIRECTION('',(0.848709888887306,-9.56988150900192E-16,-0.528858699942524));
#5691=DIRECTION('',(0.,0.,-1.));
#5692=DIRECTION('',(1.,0.,0.));
#5693=DIRECTION('',(9.7702304529559E-17,1.,-4.94515692538145E-33));
#5694=DIRECTION('',(-1.,9.49789936006073E-16,0.));
#5695=DIRECTION('',(-9.49789936006073E-16,-1.,0.));
#5696=DIRECTION('',(-1.,9.49789936006073E-16,0.));
#5697=DIRECTION('',(0.848709888887306,-8.06096111053996E-16,-0.528858699942524));
#5698=DIRECTION('',(0.528858699942524,-5.16707137548911E-17,0.848709888887306));
#5699=DIRECTION('',(-0.848709888887306,0.,0.528858699942524));
#5700=DIRECTION('',(0.,0.,1.));
#5701=DIRECTION('',(-1.,0.,0.));
#5702=DIRECTION('',(1.,0.,0.));
#5703=DIRECTION('',(1.,0.,0.));
#5704=DIRECTION('',(0.,-1.,0.));
#5705=DIRECTION('',(1.,0.,0.));
#5706=DIRECTION('',(0.,0.,-1.));
#5707=DIRECTION('',(1.,0.,0.));
#5708=DIRECTION('',(0.,0.,-1.));
#5709=DIRECTION('',(1.,0.,0.));
#5710=DIRECTION('',(0.,0.,-1.));
#5711=DIRECTION('',(1.,0.,0.));
#5712=DIRECTION('',(0.,0.,-1.));
#5713=DIRECTION('',(1.,0.,0.));
#5714=DIRECTION('',(0.,0.,1.));
#5715=DIRECTION('',(1.,0.,0.));
#5716=DIRECTION('',(0.,0.,-1.));
#5717=DIRECTION('',(-1.,0.,0.));
#5718=DIRECTION('',(0.,0.,-1.));
#5719=DIRECTION('',(1.,0.,0.));
#5720=DIRECTION('',(0.,0.,1.));
#5721=DIRECTION('',(1.,0.,0.));
#5722=DIRECTION('',(0.,0.,-1.));
#5723=DIRECTION('',(-1.,0.,0.));
#5724=DIRECTION('',(0.,0.,-1.));
#5725=DIRECTION('',(1.,0.,0.));
#5726=DIRECTION('',(0.,0.,1.));
#5727=DIRECTION('',(1.,0.,0.));
#5728=DIRECTION('',(0.,0.,-1.));
#5729=DIRECTION('',(-1.,0.,0.));
#5730=DIRECTION('',(0.,0.,-1.));
#5731=DIRECTION('',(1.,0.,0.));
#5732=DIRECTION('',(0.,0.,1.));
#5733=DIRECTION('',(1.,0.,0.));
#5734=DIRECTION('',(0.,0.,-1.));
#5735=DIRECTION('',(-1.,0.,0.));
#5736=DIRECTION('',(0.,0.,-1.));
#5737=DIRECTION('',(0.,-1.,0.));
#5738=DIRECTION('',(-1.,0.,0.));
#5739=DIRECTION('',(-1.,0.,0.));
#5740=DIRECTION('',(0.,0.,-1.));
#5741=DIRECTION('',(0.,0.,1.));
#5742=DIRECTION('',(0.,1.,0.));
#5743=DIRECTION('',(1.,0.,0.));
#5744=DIRECTION('',(0.,0.,1.));
#5745=DIRECTION('',(-1.,0.,0.));
#5746=DIRECTION('',(0.,0.,1.));
#5747=DIRECTION('',(0.,1.,0.));
#5748=DIRECTION('',(0.,0.,1.));
#5749=DIRECTION('',(0.,0.,1.));
#5750=DIRECTION('',(-1.,0.,0.));
#5751=DIRECTION('',(0.,0.,1.));
#5752=DIRECTION('',(1.,0.,0.));
#5753=DIRECTION('',(0.,-1.,0.));
#5754=DIRECTION('',(0.,-1.,0.));
#5755=DIRECTION('',(-1.,0.,0.));
#5756=DIRECTION('',(0.,0.,-1.));
#5757=DIRECTION('',(0.,1.,0.));
#5758=DIRECTION('',(0.,0.,-1.));
#5759=DIRECTION('',(-1.,0.,0.));
#5760=DIRECTION('',(0.,-1.,0.));
#5761=DIRECTION('',(0.,0.,-1.));
#5762=DIRECTION('',(0.,0.,1.));
#5763=DIRECTION('',(1.,0.,0.));
#5764=DIRECTION('',(0.,0.,1.));
#5765=DIRECTION('',(0.,0.,-1.));
#5766=DIRECTION('',(-0.5,-0.866025403784439,0.));
#5767=DIRECTION('',(0.,0.,-1.));
#5768=DIRECTION('',(0.,0.,1.));
#5769=DIRECTION('',(0.,0.,-1.));
#5770=DIRECTION('',(1.,0.,0.));
#5771=DIRECTION('',(-1.,0.,0.));
#5772=DIRECTION('',(0.,0.,-1.));
#5773=DIRECTION('',(0.,0.,1.));
#5774=DIRECTION('',(0.,-1.,0.));
#5775=DIRECTION('',(-1.,0.,0.));
#5776=DIRECTION('',(0.,0.,1.));
#5777=DIRECTION('',(1.,0.,0.));
#5778=DIRECTION('',(0.5,0.,-0.866025403784439));
#5779=DIRECTION('',(0.866025403784439,0.,0.5));
#5780=DIRECTION('',(-0.707106781186547,0.,0.707106781186548));
#5781=DIRECTION('',(0.,1.,0.));
#5782=DIRECTION('',(-0.707106781186547,0.,0.707106781186548));
#5783=DIRECTION('',(-0.707106781186548,0.,-0.707106781186547));
#5784=DIRECTION('',(0.,0.,-1.));
#5785=DIRECTION('',(-1.,0.,0.));
#5786=DIRECTION('',(0.5,0.,-0.866025403784439));
#5787=DIRECTION('',(-0.866025403784439,0.,-0.5));
#5788=DIRECTION('',(0.5,0.,-0.866025403784439));
#5789=DIRECTION('',(-0.866025403784439,0.,-0.5));
#5790=DIRECTION('',(0.,0.,-1.));
#5791=DIRECTION('',(-1.,0.,0.));
#5792=DIRECTION('',(0.,0.,-1.));
#5793=DIRECTION('',(-1.,0.,0.));
#5794=DIRECTION('',(0.,0.,-1.));
#5795=DIRECTION('',(-1.,0.,0.));
#5796=DIRECTION('',(0.,0.,-1.));
#5797=DIRECTION('',(-1.,0.,0.));
#5798=DIRECTION('',(0.,1.,0.));
#5799=DIRECTION('',(0.,0.,1.));
#5800=DIRECTION('',(0.,0.,-1.));
#5801=DIRECTION('',(0.,0.,-1.));
#5802=DIRECTION('',(-1.,0.,0.));
#5803=DIRECTION('',(0.,0.,1.));
#5804=DIRECTION('',(0.,0.,-1.));
#5805=DIRECTION('',(-1.,0.,0.));
#5806=DIRECTION('',(0.,0.,1.));
#5807=DIRECTION('',(0.,0.,-1.));
#5808=DIRECTION('',(0.,1.,0.));
#5809=DIRECTION('',(0.,0.,1.));
#5810=DIRECTION('',(0.5,0.,-0.866025403784439));
#5811=DIRECTION('',(0.,-1.,0.));
#5812=DIRECTION('',(-0.64278760968654,8.18149965032186E-16,0.766044443118978));
#5813=DIRECTION('',(-9.49789936006073E-16,-1.,2.71050543121377E-16));
#5814=DIRECTION('',(-1.28624932231007E-16,-1.,1.12532234170033E-17));
#5815=DIRECTION('',(1.,-1.28624932231007E-16,0.));
#5816=DIRECTION('',(-0.866025403784439,1.05765847163602E-16,-0.5));
#5817=DIRECTION('',(-0.866025403784439,1.05765847163602E-16,-0.5));
#5818=DIRECTION('',(0.5,0.,-0.866025403784439));
#5819=DIRECTION('',(-0.866025403784439,0.,-0.5));
#5820=DIRECTION('',(-0.866025403784439,1.05765847163602E-16,-0.5));
#5821=DIRECTION('',(1.28624932231007E-16,1.,-1.12532234170033E-17));
#5822=DIRECTION('',(-1.,1.28624932231007E-16,0.));
#5823=DIRECTION('',(-0.866025403784439,1.05765847163602E-16,-0.5));
#5824=DIRECTION('',(-0.5,0.,0.866025403784439));
#5825=DIRECTION('',(0.866025403784439,0.,0.5));
#5826=DIRECTION('',(0.64278760968654,0.,-0.766044443118978));
#5827=DIRECTION('',(0.,-1.,0.));
#5828=DIRECTION('',(0.,0.,1.));
#5829=DIRECTION('',(1.,0.,0.));
#5830=DIRECTION('',(0.,0.,1.));
#5831=DIRECTION('',(1.,0.,0.));
#5832=DIRECTION('',(0.,1.,0.));
#5833=DIRECTION('',(1.,1.16729759783607E-16,0.));
#5834=DIRECTION('',(0.,-1.,0.));
#5835=DIRECTION('',(-1.,-1.00185179017979E-16,0.));
#5836=DIRECTION('',(5.78241158658935E-16,-1.,0.));
#5837=DIRECTION('',(-1.,-9.03501810404585E-16,0.));
#5838=DIRECTION('',(0.,-1.,0.));
#5839=DIRECTION('',(-1.,-6.77626357803441E-16,0.));
#5840=DIRECTION('',(0.,0.,-1.));
#5841=DIRECTION('',(1.,0.,0.));
#5842=DIRECTION('',(0.,0.,-1.));
#5843=DIRECTION('',(1.,0.,0.));
#5844=DIRECTION('',(0.,0.,-1.));
#5845=DIRECTION('',(1.,0.,0.));
#5846=DIRECTION('',(0.,0.,-1.));
#5847=DIRECTION('',(1.,0.,0.));
#5848=DIRECTION('',(-1.,-1.22127880661949E-16,0.));
#5849=DIRECTION('',(0.,1.,0.));
#5850=DIRECTION('',(-1.,-9.77023045295589E-17,0.));
#5851=DIRECTION('',(-9.49789936006073E-16,1.,0.));
#5852=DIRECTION('',(1.,7.31779663843224E-16,0.));
#5853=DIRECTION('',(-0.701232854909599,-0.712932313193429,0.));
#5854=DIRECTION('',(5.54515470011249E-16,-1.,0.));
#5855=DIRECTION('',(0.701236022315233,-0.712929197752141,0.));
#5856=DIRECTION('',(1.,7.3177961681708E-16,0.));
#5857=DIRECTION('',(-9.49789936006073E-16,1.,0.));
#5858=DIRECTION('',(0.,0.,1.));
#5859=DIRECTION('',(1.,0.,0.));
#5860=DIRECTION('',(1.,0.,0.));
#5861=DIRECTION('',(0.,-1.,0.));
#5862=DIRECTION('',(0.866025403784439,0.5,0.));
#5863=DIRECTION('',(0.,1.,0.));
#5864=DIRECTION('',(1.,0.,0.));
#5865=DIRECTION('',(0.,-1.,0.));
#5866=DIRECTION('',(-1.,0.,0.));
#5867=DIRECTION('',(0.,-1.,0.));
#5868=DIRECTION('',(-1.,0.,0.));
#5869=DIRECTION('',(0.,-1.,0.));
#5870=DIRECTION('',(1.,0.,0.));
#5871=DIRECTION('',(0.,-1.,0.));
#5872=DIRECTION('',(-1.,-9.49789936006073E-16,0.));
#5873=DIRECTION('',(9.49789936006073E-16,-1.,0.));
#5874=DIRECTION('',(-1.,-9.49789936006073E-16,0.));
#5875=DIRECTION('',(9.49789936006073E-16,-1.,0.));
#5876=DIRECTION('',(0.,0.,-1.));
#5877=DIRECTION('',(-9.49789936006073E-16,1.,0.));
#5878=DIRECTION('',(0.,0.,-1.));
#5879=DIRECTION('',(-9.49789936006073E-16,1.,0.));
#5880=DIRECTION('',(1.,0.,0.));
#5881=DIRECTION('',(0.,0.,-1.));
#5882=DIRECTION('',(-1.,0.,0.));
#5883=DIRECTION('',(0.,0.,1.));
#5884=DIRECTION('',(0.,0.,1.));
#5885=DIRECTION('',(0.,-1.,0.));
#5886=DIRECTION('',(0.,0.,1.));
#5887=DIRECTION('',(0.,-1.,0.));
#5888=DIRECTION('',(0.,0.,1.));
#5889=DIRECTION('',(1.,0.,0.));
#5890=DIRECTION('',(1.,0.,0.));
#5891=DIRECTION('',(0.,-1.,0.));
#5892=DIRECTION('',(1.,0.,0.));
#5893=DIRECTION('',(0.,1.,0.));
#5894=DIRECTION('',(1.,0.,0.));
#5895=DIRECTION('',(0.,-1.,0.));
#5896=DIRECTION('',(1.,0.,0.));
#5897=DIRECTION('',(0.,-1.,0.));
#5898=DIRECTION('',(1.,0.,0.));
#5899=DIRECTION('',(0.,0.,1.));
#5900=DIRECTION('',(1.,9.49789936006073E-16,0.));
#5901=DIRECTION('',(1.,0.,0.));
#5902=DIRECTION('',(1.,0.,0.));
#5903=DIRECTION('',(0.,0.,-1.));
#5904=DIRECTION('',(0.,0.,1.));
#5905=DIRECTION('',(0.,0.,1.));
#5906=DIRECTION('',(0.,1.,0.));
#5907=DIRECTION('',(0.,0.,1.));
#5908=DIRECTION('',(0.,0.,1.));
#5909=DIRECTION('',(0.,0.,-1.));
#5910=DIRECTION('',(-1.,0.,0.));
#5911=DIRECTION('',(0.,0.,-1.));
#5912=DIRECTION('',(-1.,0.,0.));
#5913=DIRECTION('',(0.,0.,-1.));
#5914=DIRECTION('',(-1.,0.,0.));
#5915=DIRECTION('',(1.,0.,0.));
#5916=DIRECTION('',(-1.,0.,0.));
#5917=DIRECTION('',(0.,-1.,0.));
#5918=DIRECTION('',(1.,0.,0.));
#5919=DIRECTION('',(0.,1.,0.));
#5920=DIRECTION('',(0.,-1.68762566062662E-16,-1.));
#5921=DIRECTION('',(0.,1.,-1.68762566062662E-16));
#5922=DIRECTION('',(-1.11712195791672E-17,-1.,1.68762566062662E-16));
#5923=DIRECTION('',(1.,0.,0.));
#5924=DIRECTION('',(9.7702304529559E-17,-1.,1.68762566062662E-16));
#5925=DIRECTION('',(-1.,-9.77023045295589E-17,1.64884916226441E-32));
#5926=DIRECTION('',(-1.,-9.7702304529559E-17,0.));
#5927=DIRECTION('',(9.7702304529559E-17,-1.,0.));
#5928=DIRECTION('',(0.,0.,-1.));
#5929=DIRECTION('',(9.7702304529559E-17,-1.,0.));
#5930=DIRECTION('',(0.,0.,-1.));
#5931=DIRECTION('',(0.,0.,1.));
#5932=DIRECTION('',(0.,0.,1.));
#5933=DIRECTION('',(1.,0.,0.));
#5934=DIRECTION('',(0.,1.,0.));
#5935=DIRECTION('',(1.,0.,0.));
#5936=DIRECTION('',(0.,-1.,0.));
#5937=DIRECTION('',(1.,0.,0.));
#5938=DIRECTION('',(1.,0.,0.));
#5939=DIRECTION('',(0.,-1.,0.));
#5940=DIRECTION('',(-1.,0.,0.));
#5941=DIRECTION('',(0.,-1.,1.68762566062662E-16));
#5942=DIRECTION('',(0.,-1.68762566062662E-16,-1.));
#5943=DIRECTION('',(0.,-1.,1.68762566062662E-16));
#5944=DIRECTION('',(0.,-1.68762566062662E-16,-1.));
#5945=DIRECTION('',(0.,-1.,1.68762566062662E-16));
#5946=DIRECTION('',(0.,-1.,1.68762566062662E-16));
#5947=DIRECTION('',(0.,-1.68762566062662E-16,-1.));
#5948=DIRECTION('',(1.,0.,0.));
#5949=DIRECTION('',(0.,0.,-1.));
#5950=DIRECTION('',(0.,0.,-1.));
#5951=DIRECTION('',(0.,-1.,0.));
#5952=DIRECTION('',(9.7702304529559E-17,-1.,0.));
#5953=DIRECTION('',(1.,9.7702304529559E-17,0.));
#5954=DIRECTION('',(0.866025403784439,8.46126777308815E-17,-0.5));
#5955=DIRECTION('',(-1.,-9.77023045295589E-17,0.));
#5956=DIRECTION('',(-1.,-9.7702304529559E-17,0.));
#5957=DIRECTION('',(-1.,-9.77023045295589E-17,0.));
#5958=DIRECTION('',(0.,0.,-1.));
#5959=DIRECTION('',(1.,0.,0.));
#5960=DIRECTION('',(0.,0.,-1.));
#5961=DIRECTION('',(1.,9.49789936006073E-16,0.));
#5962=DIRECTION('',(-0.848709888887306,-8.29209120213157E-17,-0.528858699942524));
#5963=DIRECTION('',(1.,9.7702304529559E-17,0.));
#5964=DIRECTION('',(0.707106781186548,6.90859620704043E-17,-0.707106781186547));
#5965=DIRECTION('',(1.,9.49789936006073E-16,0.));
#5966=DIRECTION('',(0.766044443118978,7.48443074647868E-17,-0.64278760968654));
#5967=DIRECTION('',(0.,0.,-1.));
#5968=DIRECTION('',(1.60900673753539E-31,-1.6940658945086E-16,-1.));
#5969=DIRECTION('',(0.,1.,-1.6940658945086E-16));
#5970=DIRECTION('',(1.,9.49789936006073E-16,0.));
#5971=DIRECTION('',(9.7702304529559E-17,-1.,0.));
#5972=DIRECTION('',(1.,9.49789936006073E-16,0.));
#5973=DIRECTION('',(-9.49789936006073E-16,1.,-1.93607530800983E-16));
#5974=DIRECTION('',(1.,9.49789936006073E-16,0.));
#5975=DIRECTION('',(9.7702304529559E-17,-1.,0.));
#5976=DIRECTION('',(-9.49789936006073E-16,1.,-1.6940658945086E-16));
#5977=DIRECTION('',(1.,0.,0.));
#5978=DIRECTION('',(-9.49789936006073E-16,1.,-1.93607530800983E-16));
#5979=DIRECTION('',(1.,0.,0.));
#5980=DIRECTION('',(9.49789936006073E-16,-1.,0.));
#5981=DIRECTION('',(-1.22127880661949E-16,1.,0.));
#5982=DIRECTION('',(-1.,-1.22127880661949E-16,0.));
#5983=DIRECTION('',(1.,1.22127880661949E-16,0.));
#5984=DIRECTION('',(0.848709888887306,1.03651140026645E-16,0.528858699942524));
#5985=DIRECTION('',(0.,0.,-1.));
#5986=DIRECTION('',(1.,0.,0.));
#5987=DIRECTION('',(0.,0.,-1.));
#5988=DIRECTION('',(-1.,-1.22127880661949E-16,0.));
#5989=DIRECTION('',(-1.,-1.22127880661949E-16,0.));
#5990=DIRECTION('',(-0.707106781186548,-8.63574525880054E-17,0.707106781186547));
#5991=DIRECTION('',(0.,1.,0.));
#5992=DIRECTION('',(0.,0.,1.));
#5993=DIRECTION('',(0.707106781186535,0.,0.707106781186561));
#5994=DIRECTION('',(1.,-1.68762566062662E-16,6.12323399573677E-17));
#5995=DIRECTION('',(0.,0.,1.));
#5996=DIRECTION('',(1.,0.,0.));
#5997=DIRECTION('',(0.,0.,1.));
#5998=DIRECTION('',(0.,0.,-1.));
#5999=DIRECTION('',(-1.,0.,0.));
#6000=DIRECTION('',(0.,0.,-1.));
#6001=DIRECTION('',(-1.,0.,0.));
#6002=DIRECTION('',(0.,-1.,3.46944695195362E-16));
#6003=DIRECTION('',(0.,-3.46944695195362E-16,-1.));
#6004=DIRECTION('',(-1.,0.,0.));
#6005=DIRECTION('',(0.,3.46944695195362E-16,1.));
#6006=DIRECTION('',(-1.,0.,0.));
#6007=DIRECTION('',(0.,3.46944695195362E-16,1.));
#6008=DIRECTION('',(0.,3.46944695195362E-16,1.));
#6009=DIRECTION('',(1.,0.,0.));
#6010=DIRECTION('',(0.,3.46944695195362E-16,1.));
#6011=DIRECTION('',(1.,0.,0.));
#6012=DIRECTION('',(0.,-1.,1.8895276521617E-16));
#6013=DIRECTION('',(0.,-1.8895276521617E-16,-1.));
#6014=DIRECTION('',(0.,-1.8895276521617E-16,-1.));
#6015=DIRECTION('',(-1.,0.,0.));
#6016=DIRECTION('',(0.,-1.8895276521617E-16,-1.));
#6017=DIRECTION('',(1.,0.,0.));
#6018=DIRECTION('',(0.,0.,1.));
#6019=DIRECTION('',(1.,0.,0.));
#6020=DIRECTION('',(0.,0.,1.));
#6021=DIRECTION('',(1.,0.,0.));
#6022=DIRECTION('',(1.,0.,0.));
#6023=DIRECTION('',(0.00904176924897343,-0.999959122368934,0.));
#6024=DIRECTION('',(-1.,0.,0.));
#6025=DIRECTION('',(0.,1.,0.));
#6026=DIRECTION('',(-1.,-9.7702304529559E-17,0.));
#6027=DIRECTION('',(1.,0.,0.));
#6028=DIRECTION('',(0.,1.,0.));
#6029=DIRECTION('',(0.,1.,0.));
#6030=DIRECTION('',(0.,0.,1.));
#6031=DIRECTION('',(1.,0.,0.));
#6032=DIRECTION('',(0.,0.,1.));
#6033=DIRECTION('',(1.,0.,0.));
#6034=DIRECTION('',(0.,1.,0.));
#6035=DIRECTION('',(-9.49789936006073E-16,1.,0.));
#6036=DIRECTION('',(0.,0.,-1.));
#6037=DIRECTION('',(-1.,0.,0.));
#6038=DIRECTION('',(9.7702304529559E-17,-1.,0.));
#6039=DIRECTION('',(3.68752847650935E-16,-1.,0.));
#6040=DIRECTION('',(-0.707106781186547,-2.60747639155826E-16,-0.707106781186548));
#6041=DIRECTION('',(-9.7702304529559E-17,1.,-2.71050543121377E-16));
#6042=DIRECTION('',(0.,-1.68762566062662E-16,-1.));
#6043=DIRECTION('',(0.,1.,-1.68762566062662E-16));
#6044=DIRECTION('',(-1.11712195791672E-17,-1.,1.68762566062662E-16));
#6045=DIRECTION('',(1.,0.,0.));
#6046=DIRECTION('',(1.68762566062662E-16,1.,-1.68762566062662E-16));
#6047=DIRECTION('',(0.,-1.68762566062662E-16,-1.));
#6048=DIRECTION('',(0.,1.,-1.68762566062662E-16));
#6049=DIRECTION('',(1.,0.,0.));
#6050=DIRECTION('',(0.,1.,-1.68762566062662E-16));
#6051=DIRECTION('',(1.,0.,0.));
#6052=DIRECTION('',(1.,0.,0.));
#6053=DIRECTION('',(0.,1.,-1.68762566062662E-16));
#6054=DIRECTION('',(1.,0.,0.));
#6055=DIRECTION('',(-1.,0.,0.));
#6056=DIRECTION('',(0.,-1.,0.));
#6057=DIRECTION('',(0.,0.,-1.));
#6058=DIRECTION('',(0.,0.,1.));
#6059=DIRECTION('',(1.,0.,0.));
#6060=DIRECTION('',(0.,1.,0.));
#6061=DIRECTION('',(0.,0.,1.));
#6062=DIRECTION('',(1.,0.,0.));
#6063=DIRECTION('',(0.,1.,0.));
#6064=DIRECTION('',(-1.,-1.22127880661949E-16,0.));
#6065=DIRECTION('',(0.,-1.81431126339786E-16,-1.));
#6066=DIRECTION('',(0.,1.,-1.81431126339786E-16));
#6067=DIRECTION('',(-1.,0.,0.));
#6068=DIRECTION('',(0.,1.,0.));
#6069=DIRECTION('',(-1.,0.,0.));
#6070=DIRECTION('',(0.,0.,1.));
#6071=DIRECTION('',(0.,-0.999959119026699,0.00904213887019022));
#6072=DIRECTION('',(0.,0.,-1.));
#6073=DIRECTION('',(0.,1.,0.));
#6074=DIRECTION('',(0.,0.562297164718791,-0.826935244471542));
#6075=DIRECTION('',(0.,-1.,0.));
#6076=DIRECTION('',(0.,0.,-1.));
#6077=DIRECTION('',(0.,0.,-1.));
#6078=DIRECTION('',(1.,0.,0.));
#6079=DIRECTION('',(0.,0.,1.));
#6080=DIRECTION('',(0.,0.826935244471542,0.562297164718791));
#6081=DIRECTION('',(0.,-0.562297164718791,0.826935244471542));
#6082=DIRECTION('',(0.,0.562297164718791,-0.826935244471542));
#6083=DIRECTION('',(-0.637269928609753,-0.433329062237281,0.637269928609752));
#6084=DIRECTION('',(-1.,0.,0.));
#6085=DIRECTION('',(0.637269928609752,0.433329062237281,-0.637269928609753));
#6086=DIRECTION('',(0.634918624903673,0.434418991596121,-0.63887281949621));
#6087=DIRECTION('',(-2.57441078005663E-31,2.71050543121376E-16,1.));
#6088=DIRECTION('',(0.,-1.,2.71050543121377E-16));
#6089=DIRECTION('',(0.,-1.81431126339786E-16,-1.));
#6090=DIRECTION('',(0.,1.,-1.81431126339786E-16));
#6091=DIRECTION('',(9.49789936006073E-16,-1.,2.71050543121377E-16));
#6092=DIRECTION('',(-1.,-9.49789936006073E-16,0.));
#6093=DIRECTION('',(9.49789936006073E-16,-1.,0.));
#6094=DIRECTION('',(-9.49789936006073E-16,1.,-2.71050543121377E-16));
#6095=DIRECTION('',(0.,0.,-1.));
#6096=DIRECTION('',(0.,0.,-1.));
#6097=DIRECTION('',(-9.49789936006073E-16,1.,0.));
#6098=DIRECTION('',(0.,0.,-1.));
#6099=DIRECTION('',(-7.31779663843224E-16,1.,0.));
#6100=DIRECTION('',(-1.,-7.31779663843224E-16,0.));
#6101=DIRECTION('',(1.,7.31779663843224E-16,0.));
#6102=DIRECTION('',(0.,0.,-1.));
#6103=DIRECTION('',(0.712932313193429,-0.701232854909599,0.));
#6104=DIRECTION('',(0.701232854909599,0.712932313193429,0.));
#6105=DIRECTION('',(-0.701232854909599,-0.712932313193429,0.));
#6106=DIRECTION('',(0.,0.,-1.));
#6107=DIRECTION('',(1.,5.54515470011249E-16,0.));
#6108=DIRECTION('',(-5.54515470011249E-16,1.,0.));
#6109=DIRECTION('',(5.54515470011249E-16,-1.,0.));
#6110=DIRECTION('',(0.,0.,-1.));
#6111=DIRECTION('',(0.712929197752141,0.701236022315233,0.));
#6112=DIRECTION('',(-0.701236022315233,0.712929197752141,0.));
#6113=DIRECTION('',(0.701236022315233,-0.712929197752141,0.));
#6114=DIRECTION('',(0.,0.,-1.));
#6115=DIRECTION('',(1.,5.78241158658935E-16,0.));
#6116=DIRECTION('',(-5.78241158658935E-16,1.,0.));
#6117=DIRECTION('',(5.78241158658935E-16,-1.,0.));
#6118=DIRECTION('',(0.,0.,-1.));
#6119=DIRECTION('',(0.,0.,-1.));
#6120=DIRECTION('',(9.03501810404585E-16,-1.,0.));
#6121=DIRECTION('',(1.,9.03501810404585E-16,0.));
#6122=DIRECTION('',(-1.,-9.03501810404585E-16,0.));
#6123=DIRECTION('',(0.,0.,-1.));
#6124=DIRECTION('',(1.,0.,0.));
#6125=DIRECTION('',(0.,0.,-1.));
#6126=DIRECTION('',(0.,-1.,0.));
#6127=DIRECTION('',(0.,0.,-1.));
#6128=DIRECTION('',(0.,0.,-1.));
#6129=DIRECTION('',(-1.,0.,0.));
#6130=DIRECTION('',(0.,0.,-1.));
#6131=DIRECTION('',(1.,0.,0.));
#6132=DIRECTION('',(0.,0.,-1.));
#6133=DIRECTION('',(-1.,0.,0.));
#6134=DIRECTION('',(0.,0.,-1.));
#6135=DIRECTION('',(1.,0.,0.));
#6136=DIRECTION('',(0.,0.,-1.));
#6137=DIRECTION('',(-1.,0.,0.));
#6138=DIRECTION('',(0.,0.,1.));
#6139=DIRECTION('',(1.,0.,0.));
#6140=DIRECTION('',(-0.5,0.,-0.866025403784439));
#6141=DIRECTION('',(0.866025403784439,0.,-0.5));
#6142=DIRECTION('',(0.,0.,-1.));
#6143=DIRECTION('',(-1.,0.,0.));
#6144=DIRECTION('',(-0.5,0.,-0.866025403784439));
#6145=DIRECTION('',(0.866025403784439,0.,-0.5));
#6146=DIRECTION('',(0.,0.,1.));
#6147=DIRECTION('',(1.,0.,0.));
#6148=DIRECTION('',(0.,0.,-1.));
#6149=DIRECTION('',(-1.,0.,0.));
#6150=DIRECTION('',(0.,0.,-1.));
#6151=DIRECTION('',(1.,0.,0.));
#6152=DIRECTION('',(0.,0.,-1.));
#6153=DIRECTION('',(-1.,0.,0.));
#6154=DIRECTION('',(0.,0.,-1.));
#6155=DIRECTION('',(1.,0.,0.));
#6156=DIRECTION('',(6.77626357803441E-16,-1.,0.));
#6157=DIRECTION('',(1.,6.77626357803441E-16,0.));
#6158=DIRECTION('',(-1.,-6.77626357803441E-16,0.));
#6159=DIRECTION('',(-7.3177961681708E-16,1.,0.));
#6160=DIRECTION('',(-1.,-7.3177961681708E-16,0.));
#6161=DIRECTION('',(1.,7.3177961681708E-16,0.));
#6162=DIRECTION('',(0.,0.,1.));
#6163=DIRECTION('',(1.,0.,0.));
#6164=DIRECTION('',(-1.22127880661949E-16,1.,0.));
#6165=DIRECTION('',(-1.,-1.22127880661949E-16,0.));
#6166=DIRECTION('',(-0.866025403784439,-1.05765847163602E-16,0.5));
#6167=DIRECTION('',(0.,0.,-1.));
#6168=DIRECTION('',(0.,-1.81431126339786E-16,-1.));
#6169=DIRECTION('',(0.,1.,-1.81431126339786E-16));
#6170=DIRECTION('',(0.,-1.81431126339786E-16,-1.));
#6171=DIRECTION('',(0.,1.,-1.81431126339786E-16));
#6172=DIRECTION('',(0.64278760968654,8.18149965032186E-16,0.766044443118978));
#6173=DIRECTION('',(0.766044443118978,6.92776433927008E-16,-0.64278760968654));
#6174=DIRECTION('',(-1.,-9.49789936006073E-16,0.));
#6175=DIRECTION('',(9.49789936006073E-16,-1.,0.));
#6176=DIRECTION('',(-1.,-9.49789936006073E-16,0.));
#6177=DIRECTION('',(9.49789936006073E-16,-1.,0.));
#6178=DIRECTION('',(-1.,-9.49789936006073E-16,0.));
#6179=DIRECTION('',(9.49789936006073E-16,-1.,0.));
#6180=DIRECTION('',(-1.,0.,0.));
#6181=DIRECTION('',(0.,0.,1.));
#6182=DIRECTION('',(0.,1.,-1.79013426396039E-16));
#6183=DIRECTION('',(0.,-1.93375516046643E-16,-1.));
#6184=DIRECTION('',(0.,1.,0.));
#6185=DIRECTION('',(0.,1.,0.));
#6186=DIRECTION('',(-1.,0.,0.));
#6187=DIRECTION('',(0.,0.,1.));
#6188=DIRECTION('',(0.,0.,-1.));
#6189=DIRECTION('',(-1.,0.,0.));
#6190=DIRECTION('',(0.,1.,0.));
#6191=DIRECTION('',(-1.,0.,0.));
#6192=DIRECTION('',(0.,1.,0.));
#6193=DIRECTION('',(1.,0.,0.));
#6194=DIRECTION('',(0.,1.,0.));
#6195=DIRECTION('',(0.,-1.,0.));
#6196=DIRECTION('',(0.,-1.,0.));
#6197=DIRECTION('',(0.,0.,-1.));
#6198=DIRECTION('',(0.,0.,1.));
#6199=DIRECTION('',(0.,0.,-1.));
#6200=DIRECTION('',(1.,0.,0.));
#6201=DIRECTION('',(-1.,0.,0.));
#6202=DIRECTION('',(0.,0.,1.));
#6203=DIRECTION('',(0.,-1.,0.));
#6204=DIRECTION('',(0.,0.,1.));
#6205=DIRECTION('',(0.,0.,-1.));
#6206=DIRECTION('',(1.,0.,0.));
#6207=DIRECTION('',(-1.,0.,0.));
#6208=DIRECTION('',(0.,1.,0.));
#6209=DIRECTION('',(0.,-1.,0.));
#6210=DIRECTION('',(0.,0.,-1.));
#6211=DIRECTION('',(0.,0.,-1.));
#6212=DIRECTION('',(0.,-1.79013426396039E-16,-1.));
#6213=DIRECTION('',(0.,1.,-1.79013426396039E-16));
#6214=DIRECTION('',(0.,1.,-1.79013426396039E-16));
#6215=DIRECTION('',(0.,-1.,1.93375516046643E-16));
#6216=DIRECTION('',(0.,-1.93375516046643E-16,-1.));
#6217=DIRECTION('',(-1.,0.,0.));
#6218=DIRECTION('',(0.,-1.93375516046643E-16,-1.));
#6219=DIRECTION('',(0.,0.,1.));
#6220=DIRECTION('',(1.,0.,0.));
#6221=DIRECTION('',(-1.,0.,0.));
#6222=DIRECTION('',(1.22127880661949E-16,-1.,0.));
#6223=DIRECTION('',(1.,1.22127880661949E-16,0.));
#6224=DIRECTION('',(0.707106781186548,8.63574525880054E-17,-0.707106781186547));
#6225=DIRECTION('',(-0.707092327136659,-8.63556873455255E-17,0.707121234940985));
#6226=DIRECTION('',(-0.707106781186535,-8.63574525880038E-17,-0.707106781186561));
#6227=DIRECTION('',(0.,0.,-1.));
#6228=DIRECTION('',(0.0871557427476581,1.06441461492895E-17,-0.996194698091746));
#6229=DIRECTION('',(0.766044443118978,9.35553843309834E-17,-0.64278760968654));
#6230=DIRECTION('',(-0.707106781186547,-8.63574525880053E-17,0.707106781186548));
#6231=DIRECTION('',(0.996194698091745,0.,0.0871557427476581));
#6232=DIRECTION('',(0.,-1.,0.));
#6233=DIRECTION('',(0.0871557427476581,2.71050543121376E-17,-0.996194698091746));
#6234=DIRECTION('',(0.,1.,0.));
#6235=DIRECTION('',(0.0871557427476581,0.,-0.996194698091746));
#6236=DIRECTION('',(0.,1.,0.));
#6237=DIRECTION('',(-0.0871557427476581,-8.51531691943159E-18,0.996194698091746));
#6238=DIRECTION('',(0.,1.,0.));
#6239=DIRECTION('',(0.,1.,0.));
#6240=DIRECTION('',(9.7702304529559E-17,-1.,0.));
#6241=DIRECTION('',(1.,9.7702304529559E-17,0.));
#6242=DIRECTION('',(0.707106781186547,6.90859620704043E-17,-0.707106781186548));
#6243=DIRECTION('',(-0.766044443118978,-7.48443074647867E-17,0.64278760968654));
#6244=DIRECTION('',(0.,0.,-1.));
#6245=DIRECTION('',(0.707106781186535,6.9085962070403E-17,0.707106781186561));
#6246=DIRECTION('',(-1.,0.,0.));
#6247=DIRECTION('',(0.,0.,1.));
#6248=DIRECTION('',(0.,1.,-1.68762566062662E-16));
#6249=DIRECTION('',(-0.707106781186561,1.19333154873349E-16,0.707106781186535));
#6250=DIRECTION('',(0.,-1.,1.68762566062662E-16));
#6251=DIRECTION('',(-0.707106781186535,0.,-0.707106781186561));
#6252=DIRECTION('',(-0.707106781186548,0.,-0.707106781186547));
#6253=DIRECTION('',(0.,-1.,0.));
#6254=DIRECTION('',(0.,1.,0.));
#6255=DIRECTION('',(-0.707106781186548,-0.00639375771154197,-0.707077873973105));
#6256=DIRECTION('',(0.,0.999959119026699,-0.00904213887019022));
#6257=DIRECTION('',(0.,0.,1.));
#6258=DIRECTION('',(1.,0.,0.));
#6259=DIRECTION('',(0.,1.,0.));
#6260=DIRECTION('',(0.,0.,1.));
#6261=DIRECTION('',(1.,0.,0.));
#6262=DIRECTION('',(0.,1.,0.));
#6263=DIRECTION('',(0.,0.,-1.));
#6264=DIRECTION('',(-1.,0.,0.));
#6265=DIRECTION('',(0.,1.,0.));
#6266=DIRECTION('',(0.,1.,0.));
#6267=DIRECTION('',(1.,0.,0.));
#6268=DIRECTION('',(0.,0.,-1.));
#6269=DIRECTION('',(0.,1.,0.));
#6270=DIRECTION('',(0.,0.,-1.));
#6271=DIRECTION('',(-1.,0.,0.));
#6272=DIRECTION('',(0.,1.,0.));
#6273=DIRECTION('',(1.,0.,0.));
#6274=DIRECTION('',(0.,0.,-1.));
#6275=DIRECTION('',(0.,-1.,2.85316361180396E-16));
#6276=DIRECTION('',(0.,-2.85316361180396E-16,-1.));
#6277=DIRECTION('',(1.,0.,0.));
#6278=DIRECTION('',(2.70990608427014E-31,-2.85316361180396E-16,-1.));
#6279=DIRECTION('',(2.70990608427014E-31,-2.85316361180396E-16,-1.));
#6280=DIRECTION('',(-1.,-9.49789936006073E-16,0.));
#6281=DIRECTION('',(9.49789936006073E-16,-1.,0.));
#6282=DIRECTION('',(-9.49789936006073E-16,1.,-3.38813178901721E-16));
#6283=DIRECTION('',(0.,-3.3881317890172E-16,-1.));
#6284=DIRECTION('',(0.,1.,-3.3881317890172E-16));
#6285=DIRECTION('',(-9.49789936006073E-16,1.,-3.3881317890172E-16));
#6286=DIRECTION('',(-9.49789936006073E-16,1.,-3.3881317890172E-16));
#6287=DIRECTION('',(1.,0.,0.));
#6288=DIRECTION('',(-9.49789936006073E-16,1.,0.));
#6289=DIRECTION('',(-1.,-9.49789936006073E-16,0.));
#6290=DIRECTION('',(9.49789936006073E-16,-1.,0.));
#6291=DIRECTION('',(0.,0.,-1.));
#6292=DIRECTION('',(0.,-1.,0.));
#6293=DIRECTION('',(0.,0.,-1.));
#6294=DIRECTION('',(0.,0.,-1.));
#6295=DIRECTION('',(-1.,-9.49789936006073E-16,0.));
#6296=DIRECTION('',(9.49789936006073E-16,-1.,0.));
#6297=DIRECTION('',(-1.,-9.49789936006073E-16,0.));
#6298=DIRECTION('',(9.49789936006073E-16,-1.,0.));
#6299=DIRECTION('',(0.,0.,-1.));
#6300=DIRECTION('',(-1.,0.,0.));
#6301=DIRECTION('',(0.,-1.,0.));
#6302=DIRECTION('',(1.,9.49789936006073E-16,0.));
#6303=DIRECTION('',(-1.,0.,0.));
#6304=DIRECTION('',(-9.49789936006073E-16,1.,0.));
#6305=DIRECTION('',(-0.866025403784439,-0.5,0.));
#6306=DIRECTION('',(-1.,-9.49789936006073E-16,0.));
#6307=DIRECTION('',(9.49789936006073E-16,-1.,0.));
#6308=DIRECTION('',(2.70990608427014E-31,-2.85316361180396E-16,-1.));
#6309=DIRECTION('',(0.,0.,-1.));
#6310=DIRECTION('',(-9.49789936006073E-16,1.,0.));
#6311=DIRECTION('',(9.49789936006073E-16,-1.,2.85316361180396E-16));
#6312=DIRECTION('',(1.,9.49789936006073E-16,0.));
#6313=DIRECTION('',(1.,9.49789936006073E-16,0.));
#6314=DIRECTION('',(-0.848709888887306,-9.56988150900192E-16,-0.528858699942524));
#6315=DIRECTION('',(0.,0.,-1.));
#6316=DIRECTION('',(-1.,0.,0.));
#6317=DIRECTION('',(-9.7702304529559E-17,1.,-4.94515692538145E-33));
#6318=DIRECTION('',(1.,9.49789936006073E-16,0.));
#6319=DIRECTION('',(9.49789936006073E-16,-1.,0.));
#6320=DIRECTION('',(1.,9.49789936006073E-16,0.));
#6321=DIRECTION('',(-0.848709888887306,-8.06096111053996E-16,-0.528858699942524));
#6322=DIRECTION('',(-0.528858699942524,-5.16707137548911E-17,0.848709888887306));
#6323=DIRECTION('',(0.848709888887306,0.,0.528858699942524));
#6324=DIRECTION('',(0.,0.,1.));
#6325=DIRECTION('',(1.,0.,0.));
#6326=DIRECTION('',(-1.,0.,0.));
#6327=DIRECTION('',(-1.,0.,0.));
#6328=DIRECTION('',(0.,-1.,0.));
#6329=DIRECTION('',(1.,0.,0.));
#6330=DIRECTION('',(0.,0.,-1.));
#6331=DIRECTION('',(1.,0.,0.));
#6332=DIRECTION('',(0.,0.,-1.));
#6333=DIRECTION('',(1.,0.,0.));
#6334=DIRECTION('',(0.,0.,-1.));
#6335=DIRECTION('',(1.,0.,0.));
#6336=DIRECTION('',(0.,0.,-1.));
#6337=DIRECTION('',(-1.,0.,0.));
#6338=DIRECTION('',(0.,0.,1.));
#6339=DIRECTION('',(1.,0.,0.));
#6340=DIRECTION('',(0.,0.,-1.));
#6341=DIRECTION('',(1.,0.,0.));
#6342=DIRECTION('',(0.,0.,-1.));
#6343=DIRECTION('',(-1.,0.,0.));
#6344=DIRECTION('',(0.,0.,1.));
#6345=DIRECTION('',(1.,0.,0.));
#6346=DIRECTION('',(0.,0.,-1.));
#6347=DIRECTION('',(1.,0.,0.));
#6348=DIRECTION('',(0.,0.,-1.));
#6349=DIRECTION('',(-1.,0.,0.));
#6350=DIRECTION('',(0.,0.,1.));
#6351=DIRECTION('',(1.,0.,0.));
#6352=DIRECTION('',(0.,0.,-1.));
#6353=DIRECTION('',(1.,0.,0.));
#6354=DIRECTION('',(0.,0.,-1.));
#6355=DIRECTION('',(-1.,0.,0.));
#6356=DIRECTION('',(0.,0.,1.));
#6357=DIRECTION('',(1.,0.,0.));
#6358=DIRECTION('',(0.,0.,-1.));
#6359=DIRECTION('',(1.,0.,0.));
#6360=DIRECTION('',(0.,0.,-1.));
#6361=DIRECTION('',(0.,-1.,0.));
#6362=DIRECTION('',(1.,0.,0.));
#6363=DIRECTION('',(1.,0.,0.));
#6364=DIRECTION('',(0.,0.,-1.));
#6365=DIRECTION('',(0.,0.,1.));
#6366=DIRECTION('',(0.,1.,0.));
#6367=DIRECTION('',(-1.,0.,0.));
#6368=DIRECTION('',(0.,0.,1.));
#6369=DIRECTION('',(1.,0.,0.));
#6370=DIRECTION('',(0.,0.,1.));
#6371=DIRECTION('',(0.,1.,0.));
#6372=DIRECTION('',(0.,0.,1.));
#6373=DIRECTION('',(0.,0.,1.));
#6374=DIRECTION('',(1.,0.,0.));
#6375=DIRECTION('',(0.,0.,1.));
#6376=DIRECTION('',(-1.,0.,0.));
#6377=DIRECTION('',(0.,-1.,0.));
#6378=DIRECTION('',(0.,-1.,0.));
#6379=DIRECTION('',(1.,0.,0.));
#6380=DIRECTION('',(0.,0.,-1.));
#6381=DIRECTION('',(0.,1.,0.));
#6382=DIRECTION('',(0.,0.,-1.));
#6383=DIRECTION('',(1.,0.,0.));
#6384=DIRECTION('',(0.,-1.,0.));
#6385=DIRECTION('',(0.,0.,-1.));
#6386=DIRECTION('',(0.,0.,1.));
#6387=DIRECTION('',(-1.,0.,0.));
#6388=DIRECTION('',(0.,0.,1.));
#6389=DIRECTION('',(0.,0.,-1.));
#6390=DIRECTION('',(0.5,-0.866025403784439,0.));
#6391=DIRECTION('',(0.,0.,-1.));
#6392=DIRECTION('',(0.,0.,1.));
#6393=DIRECTION('',(0.,0.,-1.));
#6394=DIRECTION('',(-1.,0.,0.));
#6395=DIRECTION('',(1.,0.,0.));
#6396=DIRECTION('',(0.,0.,-1.));
#6397=DIRECTION('',(0.,0.,1.));
#6398=DIRECTION('',(0.,-1.,0.));
#6399=DIRECTION('',(1.,0.,0.));
#6400=DIRECTION('',(0.707106781186547,0.,0.707106781186548));
#6401=DIRECTION('',(0.,1.,0.));
#6402=DIRECTION('',(-0.5,0.,-0.866025403784439));
#6403=DIRECTION('',(0.,-1.,0.));
#6404=DIRECTION('',(0.64278760968654,8.18149965032186E-16,0.766044443118978));
#6405=DIRECTION('',(9.49789936006073E-16,-1.,2.71050543121377E-16));
#6406=DIRECTION('',(-0.5,0.,-0.866025403784439));
#6407=DIRECTION('',(-0.866025403784439,0.,0.5));
#6408=DIRECTION('',(0.866025403784439,8.46126777308815E-17,-0.5));
#6409=DIRECTION('',(0.866025403784439,8.46126777308815E-17,-0.5));
#6410=DIRECTION('',(1.02899945784805E-16,-1.,9.00257873360264E-18));
#6411=DIRECTION('',(1.,1.02899945784805E-16,0.));
#6412=DIRECTION('',(0.866025403784439,8.46126777308815E-17,-0.5));
#6413=DIRECTION('',(0.5,0.,0.866025403784439));
#6414=DIRECTION('',(0.866025403784439,0.,-0.5));
#6415=DIRECTION('',(0.866025403784439,8.46126777308815E-17,-0.5));
#6416=DIRECTION('',(-8.63553650191769E-17,1.,1.96534757423924E-17));
#6417=DIRECTION('',(-1.,-8.63553650191769E-17,0.));
#6418=DIRECTION('',(-0.64278760968654,0.,-0.766044443118978));
#6419=DIRECTION('',(0.,-1.,0.));
#6420=CARTESIAN_POINT('',(0.,0.,0.));
#6421=CARTESIAN_POINT('',(0.0454217883997664,-0.000451052529765197,0.022022));
#6422=CARTESIAN_POINT('',(0.0608863488944692,0.0185956268352231,0.022022));
#6423=CARTESIAN_POINT('',(0.0781311538217472,0.0185956268352231,0.022022));
#6424=CARTESIAN_POINT('',(0.0786415439671912,0.0185956268352231,0.022022));
#6425=CARTESIAN_POINT('',(0.0781311538217472,-0.000451052529765197,0.022022));
#6426=CARTESIAN_POINT('',(0.0781311538217472,0.000402609113039665,0.022022));
#6427=CARTESIAN_POINT('',(0.0767789646817712,-0.000452718034741185,0.022022));
#6428=CARTESIAN_POINT('',(0.0782628850578359,0.000145596529263397,0.022022));
#6429=CARTESIAN_POINT('',(0.0782628850578359,-0.0102043731647769,0.022022));
#6430=CARTESIAN_POINT('',(0.0782628850578359,0.0163956268352231,0.022022));
#6431=CARTESIAN_POINT('',(0.0782628850578359,0.0163956268352231,0.022022));
#6432=CARTESIAN_POINT('',(0.0875656685741204,0.0163956268352231,0.022022));
#6433=CARTESIAN_POINT('',(0.0786415439671912,-0.000604373164776929,0.022022));
#6434=CARTESIAN_POINT('',(0.0454217883997664,-0.000451052529765197,0.0032));
#6435=CARTESIAN_POINT('',(0.0306434126559968,-0.00499437316477693,0.0032));
#6436=CARTESIAN_POINT('',(0.0306434126559968,-0.00899437316477693,0.0032));
#6437=CARTESIAN_POINT('',(0.0306434126559968,-0.000994373164776927,0.0032));
#6438=CARTESIAN_POINT('',(0.0117997739432461,-0.00899437316477693,0.0032));
#6439=CARTESIAN_POINT('',(0.0175369799473729,-0.00899437316477693,0.0032));
#6440=CARTESIAN_POINT('',(0.0175369799473729,-0.00499437316477693,0.0032));
#6441=CARTESIAN_POINT('',(0.0175369799473729,-0.000994373164776926,0.0032));
#6442=CARTESIAN_POINT('',(0.0117997739432461,-0.000994373164776926,0.0032));
#6443=CARTESIAN_POINT('',(0.0608863488944692,-0.0198043731647769,0.0032));
#6444=CARTESIAN_POINT('',(0.0455304935216858,-0.0198043731647769,0.0032));
#6445=CARTESIAN_POINT('',(0.0786415439671912,-0.0198043731647769,0.0032));
#6446=CARTESIAN_POINT('',(0.0455304935216858,-0.000451052529765197,0.0032));
#6447=CARTESIAN_POINT('',(0.0455304935216858,0.0185956268352231,0.0032));
#6448=CARTESIAN_POINT('',(0.0608863488944692,0.0185956268352231,0.0032));
#6449=CARTESIAN_POINT('',(0.0786415439671912,0.0185956268352231,0.0032));
#6450=CARTESIAN_POINT('',(0.0786415439671912,-0.000451052529765211,0.0032));
#6451=CARTESIAN_POINT('',(0.0786415439671912,0.0506889474702348,0.0032));
#6452=CARTESIAN_POINT('',(0.0644182168661542,0.0506889474702348,0.0032));
#6453=CARTESIAN_POINT('',(0.0501948897651172,0.0506889474702348,0.0032));
#6454=CARTESIAN_POINT('',(0.0311984612987294,0.0313757518046966,0.0032));
#6455=CARTESIAN_POINT('',(0.0122020328323416,0.0120625561391584,0.0032));
#6456=CARTESIAN_POINT('',(0.0122020328323416,-0.000450879967081276,0.0032));
#6457=CARTESIAN_POINT('',(0.0122020328323415,-0.0129643160733209,0.0032));
#6458=CARTESIAN_POINT('',(0.0311984622127589,-0.0322776843015431,0.0032));
#6459=CARTESIAN_POINT('',(0.0501948915931762,-0.0515910525297652,0.0032));
#6460=CARTESIAN_POINT('',(0.0644182177801837,-0.0515910525297652,0.0032));
#6461=CARTESIAN_POINT('',(0.0786415439671911,-0.0515910525297652,0.0032));
#6462=CARTESIAN_POINT('',(0.0786415439671912,-0.000451052529765211,0.0032));
#6463=CARTESIAN_POINT('',(0.0635314783025081,-0.0378270524657651,0.0032));
#6464=CARTESIAN_POINT('',(0.0651314783025081,-0.0378270524657651,0.0032));
#6465=CARTESIAN_POINT('',(0.0252799671676584,0.0099015891101934,0.0032));
#6466=CARTESIAN_POINT('',(0.0268799671676584,0.0099015891101934,0.0032));
#6467=CARTESIAN_POINT('',(0.0252799671676584,-0.0112184108898066,0.0032));
#6468=CARTESIAN_POINT('',(0.0268799671676584,-0.0112184108898066,0.0032));
#6469=CARTESIAN_POINT('',(0.0635314783025081,0.0369249475342349,0.0032));
#6470=CARTESIAN_POINT('',(0.0651314783025081,0.0369249475342349,0.0032));
#6471=CARTESIAN_POINT('',(0.0454217883997664,0.00560588203370571,0.0032));
#6472=CARTESIAN_POINT('',(0.0346518941223621,0.00560588203370571,0.0032));
#6473=CARTESIAN_POINT('',(0.0307791810482741,0.00560588203370571,0.0032));
#6474=CARTESIAN_POINT('',(0.0346518941223621,-0.000539231253938856,0.0032));
#6475=CARTESIAN_POINT('',(0.0346518941223621,-0.00647408934310079,0.0032));
#6476=CARTESIAN_POINT('',(0.0331824634773518,-0.00647408934310079,0.0032));
#6477=CARTESIAN_POINT('',(0.0307791810482741,-0.00647408934310079,0.0032));
#6478=CARTESIAN_POINT('',(0.0307791810482741,-0.000451052529765197,0.0032));
#6479=CARTESIAN_POINT('',(0.0454217883997664,-0.000451052529765197,0.));
#6480=CARTESIAN_POINT('',(0.0346518941223621,-0.000539231253938856,0.));
#6481=CARTESIAN_POINT('',(0.0346518941223621,-0.00647408934310079,0.));
#6482=CARTESIAN_POINT('',(0.0346518941223621,0.00560588203370571,0.));
#6483=CARTESIAN_POINT('',(0.0327155375853181,0.00560588203370571,0.));
#6484=CARTESIAN_POINT('',(0.0307791810482741,0.00560588203370571,0.));
#6485=CARTESIAN_POINT('',(0.0307791810482741,-0.000434103654697538,0.));
#6486=CARTESIAN_POINT('',(0.0307791810482741,-0.00647408934310079,0.));
#6487=CARTESIAN_POINT('',(0.0331824634773518,-0.00647408934310079,0.));
#6488=CARTESIAN_POINT('',(0.0786415439671912,-0.000451052529765211,0.));
#6489=CARTESIAN_POINT('',(0.0786415439671911,-0.0515910525297652,0.));
#6490=CARTESIAN_POINT('',(0.0786415439671912,0.0506889474702348,0.));
#6491=CARTESIAN_POINT('',(0.0644182177801837,-0.0515910525297652,0.));
#6492=CARTESIAN_POINT('',(0.0501948915931762,-0.0515910525297652,0.));
#6493=CARTESIAN_POINT('',(0.0311984622127589,-0.0322776843015431,0.));
#6494=CARTESIAN_POINT('',(0.0122020328323415,-0.0129643160733209,0.));
#6495=CARTESIAN_POINT('',(0.0122020328323416,-0.000450879967081276,0.));
#6496=CARTESIAN_POINT('',(0.0122020328323416,0.0120625561391584,0.));
#6497=CARTESIAN_POINT('',(0.0311984612987294,0.0313757518046966,0.));
#6498=CARTESIAN_POINT('',(0.0501948897651172,0.0506889474702348,0.));
#6499=CARTESIAN_POINT('',(0.0644182168661542,0.0506889474702348,0.));
#6500=CARTESIAN_POINT('',(0.0635314783025081,0.0369249475342349,0.));
#6501=CARTESIAN_POINT('',(0.0619314783025081,0.0369249475342349,0.));
#6502=CARTESIAN_POINT('',(0.0252799671676584,-0.0112184108898066,0.));
#6503=CARTESIAN_POINT('',(0.0236799671676584,-0.0112184108898066,0.));
#6504=CARTESIAN_POINT('',(0.0252799671676584,0.0099015891101934,0.));
#6505=CARTESIAN_POINT('',(0.0236799671676584,0.0099015891101934,0.));
#6506=CARTESIAN_POINT('',(0.0653571575411867,-0.00894424225297954,0.));
#6507=CARTESIAN_POINT('',(0.0637571575411867,-0.00894424225297954,0.));
#6508=CARTESIAN_POINT('',(0.0635314783025081,-0.0378270524657651,0.));
#6509=CARTESIAN_POINT('',(0.0619314783025081,-0.0378270524657651,0.));
#6510=CARTESIAN_POINT('',(0.0767789646817712,-0.000452718034741185,0.));
#6511=CARTESIAN_POINT('',(0.0766650002067689,0.00114321808504478,0.));
#6512=CARTESIAN_POINT('',(0.076664999793231,-0.00204865412499669,0.));
#6513=CARTESIAN_POINT('',(0.0765510353182287,-0.000452718005210732,0.));
#6514=CARTESIAN_POINT('',(0.0782628850578359,-0.0168798856647769,0.039917275));
#6515=CARTESIAN_POINT('',(0.0782628850578359,0.000145596529263397,0.0468));
#6516=CARTESIAN_POINT('',(0.0782628850578359,0.000145596529263402,0.023863764538756));
#6517=CARTESIAN_POINT('',(0.0782628850578359,0.0163956266685564,0.023863764538756));
#6518=CARTESIAN_POINT('',(0.0782628850578359,0.0163956268352231,0.023863764538756));
#6519=CARTESIAN_POINT('',(0.0782628850578359,0.0163956268352231,0.022022));
#6520=CARTESIAN_POINT('',(0.0782628850578359,0.0163956268352231,0.0226359215129187));
#6521=CARTESIAN_POINT('',(0.0782628850578359,0.0163956268352231,0.0232498430258373));
#6522=CARTESIAN_POINT('',(0.0782628850578359,0.0163956268352231,0.023863764538756));
#6523=CARTESIAN_POINT('',(0.0973663613944692,-0.000604360664776964,0.058159));
#6524=CARTESIAN_POINT('',(0.151601543967191,-0.0499710493183615,0.058159));
#6525=CARTESIAN_POINT('',(0.188521543967191,-0.0499710493183615,0.058159));
#6526=CARTESIAN_POINT('',(0.125541543967191,-0.0499710493183615,0.058159));
#6527=CARTESIAN_POINT('',(0.188521543967191,-0.0363110493183615,0.058159));
#6528=CARTESIAN_POINT('',(0.188521543967191,-0.0385662678500698,0.058159));
#6529=CARTESIAN_POINT('',(0.194521543967191,-0.0385662678500698,0.058159));
#6530=CARTESIAN_POINT('',(0.194521543967191,-0.0385662678500698,0.058159));
#6531=CARTESIAN_POINT('',(0.194521543967191,-0.0363110493183615,0.058159));
#6532=CARTESIAN_POINT('',(0.194521543967191,-0.0311302613096168,0.058159));
#6533=CARTESIAN_POINT('',(0.139461543967191,-0.0311302613096168,0.058159));
#6534=CARTESIAN_POINT('',(0.183733880330087,-0.0311302613096168,0.058159));
#6535=CARTESIAN_POINT('',(0.183733880330087,-0.0311302613096168,0.058159));
#6536=CARTESIAN_POINT('',(0.183733880330087,-0.0401302613096168,0.058159));
#6537=CARTESIAN_POINT('',(0.139461543967191,-0.0401302613096168,0.058159));
#6538=CARTESIAN_POINT('',(0.14299590678221,-0.0401302613096168,0.058159));
#6539=CARTESIAN_POINT('',(0.14299590678221,-0.0426506553139891,0.058159));
#6540=CARTESIAN_POINT('',(0.14299590678221,-0.0421710493183615,0.058159));
#6541=CARTESIAN_POINT('',(0.139461543967191,-0.0421710493183615,0.058159));
#6542=CARTESIAN_POINT('',(0.112551543967191,-0.0421710493183615,0.0581580062015329));
#6543=CARTESIAN_POINT('',(0.112541543967191,-0.0484710493183615,0.058159));
#6544=CARTESIAN_POINT('',(0.112541543967191,-0.0429654958188964,0.058159));
#6545=CARTESIAN_POINT('',(0.082817247449343,-0.0258041652228444,0.058159));
#6546=CARTESIAN_POINT('',(0.125541543967191,-0.0504710493183615,0.058159));
#6547=CARTESIAN_POINT('',(0.125541543967191,-0.0499710493183615,0.058159));
#6548=CARTESIAN_POINT('',(0.175641543967191,-0.0280977112415693,0.02964525));
#6549=CARTESIAN_POINT('',(0.175641543967191,-0.0454710493183615,0.048582));
#6550=CARTESIAN_POINT('',(0.175641543967191,-0.0475710493183615,0.048582));
#6551=CARTESIAN_POINT('',(0.175641543967191,-0.0499710493183616,0.04833625));
#6552=CARTESIAN_POINT('',(0.175641543967191,-0.0499710493183615,0.0516105));
#6553=CARTESIAN_POINT('',(0.175641543967191,-0.0499710493183616,0.045062));
#6554=CARTESIAN_POINT('',(0.175641543967191,-0.0463210493183616,0.0516105));
#6555=CARTESIAN_POINT('',(0.175641543967191,-0.0421710493183615,0.0516105));
#6556=CARTESIAN_POINT('',(0.175641543967191,-0.0421710493183615,0.04833625));
#6557=CARTESIAN_POINT('',(0.175641543967191,-0.0421710493183615,0.045062));
#6558=CARTESIAN_POINT('',(0.175641543967191,-0.0463210493183616,0.045062));
#6559=CARTESIAN_POINT('',(0.186281543967192,-0.0363110493183615,0.048902));
#6560=CARTESIAN_POINT('',(0.186281543967192,-0.0454710493183615,0.048582));
#6561=CARTESIAN_POINT('',(0.186281543967192,-0.0454710493183615,0.050682));
#6562=CARTESIAN_POINT('',(0.186281543967192,-0.0499710493183615,0.048902));
#6563=CARTESIAN_POINT('',(0.186281543967192,-0.0499710493183615,0.045062));
#6564=CARTESIAN_POINT('',(0.186281543967192,-0.0499710493183615,0.052742));
#6565=CARTESIAN_POINT('',(0.186281543967192,-0.0363110493183616,0.045062));
#6566=CARTESIAN_POINT('',(0.186281543967192,-0.0401302613096168,0.045062));
#6567=CARTESIAN_POINT('',(0.186281543967192,-0.0401302613096168,0.048902));
#6568=CARTESIAN_POINT('',(0.186281543967192,-0.0401302613096168,0.052742));
#6569=CARTESIAN_POINT('',(0.186281543967192,-0.0363110493183615,0.052742));
#6570=CARTESIAN_POINT('',(0.188521543967191,-0.0363110493183615,0.052742));
#6571=CARTESIAN_POINT('',(0.188521543967191,-0.0499710493183615,0.052742));
#6572=CARTESIAN_POINT('',(0.188521543967191,-0.0499710493183615,0.052742));
#6573=CARTESIAN_POINT('',(0.186127712148639,-0.0401302613096168,0.052742));
#6574=CARTESIAN_POINT('',(0.183733880330087,-0.0401302613096168,0.052742));
#6575=CARTESIAN_POINT('',(0.183733880330087,-0.0311302613096168,0.052742));
#6576=CARTESIAN_POINT('',(0.183733880330087,-0.0311302613096168,0.052742));
#6577=CARTESIAN_POINT('',(0.186127712148639,-0.0311302613096168,0.052742));
#6578=CARTESIAN_POINT('',(0.187776343902747,-0.0311302613096168,0.052742));
#6579=CARTESIAN_POINT('',(0.187776343902747,-0.0348482645798433,0.052742));
#6580=CARTESIAN_POINT('',(0.187776343902747,-0.0385662678500698,0.052742));
#6581=CARTESIAN_POINT('',(0.191148943934969,-0.0385662678500698,0.052742));
#6582=CARTESIAN_POINT('',(0.188521543967191,-0.0385662678500698,0.052742));
#6583=CARTESIAN_POINT('',(0.188521543967191,-0.0363110493183615,0.052742));
#6584=CARTESIAN_POINT('',(0.126001543967191,-0.0421710493183615,0.051462));
#6585=CARTESIAN_POINT('',(0.112561543967191,-0.0421710493183615,0.051462));
#6586=CARTESIAN_POINT('',(0.112561543967191,-0.0421710493183615,0.045062));
#6587=CARTESIAN_POINT('',(0.112561543967191,-0.0421710493183615,0.0516105));
#6588=CARTESIAN_POINT('',(0.151601543967191,-0.0421710493183615,0.045062));
#6589=CARTESIAN_POINT('',(0.175641543967191,-0.0421710493183615,0.0516105));
#6590=CARTESIAN_POINT('',(0.188521543967191,-0.0363110493183615,0.055302));
#6591=CARTESIAN_POINT('',(0.188521543967191,-0.0385662678500698,0.0554505));
#6592=CARTESIAN_POINT('',(0.188521543967191,-0.0499710493183615,0.055302));
#6593=CARTESIAN_POINT('',(0.139461543967191,-0.0401302613096168,0.051462));
#6594=CARTESIAN_POINT('',(0.139461543967191,-0.0401302613096168,0.045062));
#6595=CARTESIAN_POINT('',(0.141461543967191,-0.0401302613096168,0.045062));
#6596=CARTESIAN_POINT('',(0.141461543967191,-0.0401302613096168,0.051462));
#6597=CARTESIAN_POINT('',(0.141461543967191,-0.0401302613096168,0.0609970062015329));
#6598=CARTESIAN_POINT('',(0.139461543967191,-0.0401302613096168,0.060997));
#6599=CARTESIAN_POINT('',(0.14299590678221,-0.0401302613096168,0.060997));
#6600=CARTESIAN_POINT('',(0.14299590678221,-0.0401302613096168,0.060997));
#6601=CARTESIAN_POINT('',(0.183733880330087,-0.0401302613096168,0.0554505));
#6602=CARTESIAN_POINT('',(0.151601543967191,-0.0343006553139892,0.045062));
#6603=CARTESIAN_POINT('',(0.151601543967191,-0.0499710493183615,0.045062));
#6604=CARTESIAN_POINT('',(0.112561543967191,-0.0343006553139892,0.045062));
#6605=CARTESIAN_POINT('',(0.112561543967191,-0.0354710493183615,0.045062));
#6606=CARTESIAN_POINT('',(0.139461543967191,-0.0354710493183615,0.045062));
#6607=CARTESIAN_POINT('',(0.12761278901588,-0.0354710493183615,0.045062));
#6608=CARTESIAN_POINT('',(0.12761278901588,-0.0366302613096168,0.045062));
#6609=CARTESIAN_POINT('',(0.12761278901588,-0.0401302613096168,0.045062));
#6610=CARTESIAN_POINT('',(0.139461543967191,-0.0401302613096168,0.045062));
#6611=CARTESIAN_POINT('',(0.139461543967191,-0.0125721065428459,0.0581570124030657));
#6612=CARTESIAN_POINT('',(0.109915328664038,-0.0354710493183615,0.0581570124030657));
#6613=CARTESIAN_POINT('',(0.109915328664038,-0.033245373164777,0.0581570124030657));
#6614=CARTESIAN_POINT('',(0.109915328664038,-0.0421710493183615,0.0581570124030657));
#6615=CARTESIAN_POINT('',(0.139461543967191,-0.033245373164777,0.0581570124030657));
#6616=CARTESIAN_POINT('',(0.112561543967191,-0.033245373164777,0.0581570124030657));
#6617=CARTESIAN_POINT('',(0.112561543967191,-0.0125721065428459,0.0581570124030657));
#6618=CARTESIAN_POINT('',(0.139461543967191,-0.0421710493183615,0.0581570124030657));
#6619=CARTESIAN_POINT('',(0.112561543967191,-0.0332053731647769,0.057862));
#6620=CARTESIAN_POINT('',(0.112561543967191,-0.0421710493183615,0.051462));
#6621=CARTESIAN_POINT('',(0.112561543967191,-0.033245373164777,0.057862));
#6622=CARTESIAN_POINT('',(0.112561543967191,-0.033245373164777,0.0358170124030657));
#6623=CARTESIAN_POINT('',(0.112561543967191,-0.033245373164777,0.0358170124030657));
#6624=CARTESIAN_POINT('',(0.112561543967191,-0.0354710493183615,0.0358170124030657));
#6625=CARTESIAN_POINT('',(0.112561543967191,-0.0354710493183615,0.0404395062015329));
#6626=CARTESIAN_POINT('',(0.139461543967191,-0.00949250054721827,0.0609970124030657));
#6627=CARTESIAN_POINT('',(0.139461543967191,-0.0401302615596168,0.0609970124030657));
#6628=CARTESIAN_POINT('',(0.139461543967191,-0.040810524145865,0.0609970124030657));
#6629=CARTESIAN_POINT('',(0.139461543967191,-0.0414907867321133,0.0609970124030657));
#6630=CARTESIAN_POINT('',(0.139461543967191,-0.0421710493183615,0.0609970124030657));
#6631=CARTESIAN_POINT('',(0.139461543967191,-0.0421710493183615,0.0609970062015329));
#6632=CARTESIAN_POINT('',(0.139461544217191,-0.0401302615596168,0.0609970062015329));
#6633=CARTESIAN_POINT('',(0.141461543967191,-0.0401302613096168,0.0609970124030657));
#6634=CARTESIAN_POINT('',(0.140794877383858,-0.0401302613096168,0.0609970124030657));
#6635=CARTESIAN_POINT('',(0.140128210800525,-0.0401302613096168,0.0609970124030657));
#6636=CARTESIAN_POINT('',(0.139461544217191,-0.0401302613096168,0.0609970124030657));
#6637=CARTESIAN_POINT('',(0.141461543967191,-0.00949250054721827,0.0609970124030657));
#6638=CARTESIAN_POINT('',(0.141461543967191,0.016486048223925,0.0609970124030657));
#6639=CARTESIAN_POINT('',(0.139461543967191,0.016486048223925,0.0609970124030657));
#6640=CARTESIAN_POINT('',(0.140128210633858,0.016486048223925,0.0609970124030657));
#6641=CARTESIAN_POINT('',(0.140794877300525,0.016486048223925,0.0609970124030657));
#6642=CARTESIAN_POINT('',(0.141461543967191,0.016486048223925,0.0609970124030657));
#6643=CARTESIAN_POINT('',(0.139461543967191,0.016486048223925,0.0609970124030657));
#6644=CARTESIAN_POINT('',(0.139461543967191,0.016486048223925,0.0609970124030657));
#6645=CARTESIAN_POINT('',(0.112561543967191,0.016486048223925,0.0609970124030657));
#6646=CARTESIAN_POINT('',(0.112561543967191,-0.00949250054721827,0.0609970124030657));
#6647=CARTESIAN_POINT('',(0.112561543967191,-0.0421710493183615,0.0609970124030657));
#6648=CARTESIAN_POINT('',(0.139461543967191,-0.0421710493183615,0.0609970124030657));
#6649=CARTESIAN_POINT('',(0.112561543967191,-0.0125721065428459,0.0581570124030657));
#6650=CARTESIAN_POINT('',(0.112561543967191,-0.0421710493183615,0.0581570124030657));
#6651=CARTESIAN_POINT('',(0.109727745697937,-0.0421710493183615,0.058344595369167));
#6652=CARTESIAN_POINT('',(0.112561543967191,0.016486048223925,0.0581570124030657));
#6653=CARTESIAN_POINT('',(0.109727745697937,0.016486048223925,0.058344595369167));
#6654=CARTESIAN_POINT('',(0.109727745697937,-0.0125721065428459,0.058344595369167));
#6655=CARTESIAN_POINT('',(0.14299590678221,-0.0426506553139891,0.060997));
#6656=CARTESIAN_POINT('',(0.14299590678221,-0.0421710493183615,0.060997));
#6657=CARTESIAN_POINT('',(0.14299590678221,-0.0421710493183615,0.060997));
#6658=CARTESIAN_POINT('',(0.14299590678221,-0.0426506553139891,0.060997));
#6659=CARTESIAN_POINT('',(0.0608863488944692,-0.0198043731647769,0.022022));
#6660=CARTESIAN_POINT('',(0.0608863488944692,-0.0198043731647769,0.022022));
#6661=CARTESIAN_POINT('',(0.0781311538217472,-0.0198043731647769,0.022022));
#6662=CARTESIAN_POINT('',(0.0782628850578359,-0.0198043731647769,0.022022));
#6663=CARTESIAN_POINT('',(0.0651975501262887,-0.0198043731647769,0.0145547804248351));
#6664=CARTESIAN_POINT('',(0.0786415439671912,-0.0198043731647769,0.022022));
#6665=CARTESIAN_POINT('',(0.0786415439671912,-0.0198043731647769,0.00368));
#6666=CARTESIAN_POINT('',(0.0786415439671912,-0.0198043731647769,0.00368));
#6667=CARTESIAN_POINT('',(0.083408558337568,-0.0198043731647769,0.00768));
#6668=CARTESIAN_POINT('',(0.139441543967191,-0.019804373164777,0.00768));
#6669=CARTESIAN_POINT('',(0.102441543060836,-0.0198043731647769,0.00768));
#6670=CARTESIAN_POINT('',(0.110977078514014,-0.019804373164777,0.0112155345468225));
#6671=CARTESIAN_POINT('',(0.108620055482799,-0.019804373164777,0.0088585115156075));
#6672=CARTESIAN_POINT('',(0.105774876998406,-0.019804373164777,0.00768));
#6673=CARTESIAN_POINT('',(0.102441543060836,-0.019804373164777,0.00768));
#6674=CARTESIAN_POINT('',(0.110977078514014,-0.0198043731647769,0.0112155345468225));
#6675=CARTESIAN_POINT('',(0.0913349464308302,-0.0198043731647769,-0.00842659753636101));
#6676=CARTESIAN_POINT('',(0.115721894016314,-0.0198043731647769,0.0159603500491232));
#6677=CARTESIAN_POINT('',(0.126393543967191,-0.0198043731647769,0.0159603500491232));
#6678=CARTESIAN_POINT('',(0.139684466712535,-0.0198043731647769,0.0159603500491232));
#6679=CARTESIAN_POINT('',(0.15074018153817,-0.0198043731647769,0.00907117502456156));
#6680=CARTESIAN_POINT('',(0.161795896363805,-0.019804373164777,0.002182));
#6681=CARTESIAN_POINT('',(0.145521543967191,-0.019804373164777,0.002182));
#6682=CARTESIAN_POINT('',(0.188521543967191,-0.019804373164777,0.002182));
#6683=CARTESIAN_POINT('',(0.188521543967191,-0.019804373164777,0.022022));
#6684=CARTESIAN_POINT('',(0.188521543967191,-0.019804373164777,0.014342));
#6685=CARTESIAN_POINT('',(0.194601543967191,-0.019804373164777,0.014342));
#6686=CARTESIAN_POINT('',(0.194601543967191,-0.019804373164777,0.014342));
#6687=CARTESIAN_POINT('',(0.194601543967191,-0.019804373164777,0.022022));
#6688=CARTESIAN_POINT('',(0.194601543967191,-0.019804373164777,0.022022));
#6689=CARTESIAN_POINT('',(0.0608863488944692,-0.0198043731647769,0.022022));
#6690=CARTESIAN_POINT('',(0.112561543967191,-0.0198043731647769,0.022022));
#6691=CARTESIAN_POINT('',(0.110025214512514,-0.0198043731647769,0.022022));
#6692=CARTESIAN_POINT('',(0.145521543967191,-0.017244373164777,0.002182));
#6693=CARTESIAN_POINT('',(0.145521543967191,-0.000604373164776996,0.002182));
#6694=CARTESIAN_POINT('',(0.188521543967191,-0.000604373164776996,0.002182));
#6695=CARTESIAN_POINT('',(0.161795896363805,-0.000604373164776959,0.002182));
#6696=CARTESIAN_POINT('',(0.188521543967191,-0.003164373164777,0.002182));
#6697=CARTESIAN_POINT('',(0.188521543967191,-0.005724373164777,0.002182));
#6698=CARTESIAN_POINT('',(0.188521543967191,-0.005724373164777,0.002182));
#6699=CARTESIAN_POINT('',(0.186281543967191,-0.00572437316477699,0.002182));
#6700=CARTESIAN_POINT('',(0.186281543967191,-0.010204373164777,0.002182));
#6701=CARTESIAN_POINT('',(0.186281543967191,-0.014684373164777,0.002182));
#6702=CARTESIAN_POINT('',(0.188521543967191,-0.014684373164777,0.002182));
#6703=CARTESIAN_POINT('',(0.188521543967191,-0.014684373164777,0.002182));
#6704=CARTESIAN_POINT('',(0.188521543967191,-0.017244373164777,0.002182));
#6705=CARTESIAN_POINT('',(0.161795896363805,0.00519562683522299,0.002182));
#6706=CARTESIAN_POINT('',(0.161795896363805,-0.014684373164777,0.002182));
#6707=CARTESIAN_POINT('',(0.175641543967191,-0.014684373164777,0.002182));
#6708=CARTESIAN_POINT('',(0.175641543967191,-0.014684373164777,0.002182));
#6709=CARTESIAN_POINT('',(0.175641543967191,-0.010204373164777,0.002182));
#6710=CARTESIAN_POINT('',(0.175641543967191,-0.00572437316477703,0.002182));
#6711=CARTESIAN_POINT('',(0.175641543967191,-0.00572437316477703,0.002182));
#6712=CARTESIAN_POINT('',(0.161795896363805,-0.005724373164777,0.002182));
#6713=CARTESIAN_POINT('',(0.161795896363805,0.00519562683522299,0.002182));
#6714=CARTESIAN_POINT('',(0.114931689512514,-0.000604373164776937,0.030248728004634));
#6715=CARTESIAN_POINT('',(0.0608863488944692,-0.00060437316477693,0.0159603500491232));
#6716=CARTESIAN_POINT('',(0.139684466712535,-0.000604373164776959,0.0159603500491232));
#6717=CARTESIAN_POINT('',(0.115721894016314,-0.000604373164776937,0.0159603500491232));
#6718=CARTESIAN_POINT('',(0.117441543967191,-0.000604373164776937,0.01768));
#6719=CARTESIAN_POINT('',(0.110977078514014,-0.000604373164776935,0.0112155345468225));
#6720=CARTESIAN_POINT('',(0.107488885664721,-0.000604373164776936,0.0087450277576515));
#6721=CARTESIAN_POINT('',(0.108750974396449,-0.000604373164776936,0.00932865911596484));
#6722=CARTESIAN_POINT('',(0.109913705346213,-0.000604373164776936,0.0101521613790218));
#6723=CARTESIAN_POINT('',(0.110977078514014,-0.000604373164776937,0.0112155345468225));
#6724=CARTESIAN_POINT('',(0.107488885485302,-0.000604373164776937,0.00874502814564101));
#6725=CARTESIAN_POINT('',(0.107488885057836,-0.000604373164776936,0.022022));
#6726=CARTESIAN_POINT('',(0.107488885057836,-0.000604373164776936,0.0175963427152137));
#6727=CARTESIAN_POINT('',(0.107488885057836,-0.000604373164776936,0.0131706854304273));
#6728=CARTESIAN_POINT('',(0.107488885057836,-0.000604373164776936,0.00874502814564101));
#6729=CARTESIAN_POINT('',(0.10748879239004,-0.000604373164283926,0.022022));
#6730=CARTESIAN_POINT('',(0.0608863488944692,-0.00060437316477693,0.022022));
#6731=CARTESIAN_POINT('',(0.112561543967191,-0.000604373164776937,0.022022));
#6732=CARTESIAN_POINT('',(0.0608863488944692,-0.00060437316477693,0.022022));
#6733=CARTESIAN_POINT('',(0.194601543967191,-0.000604373164777003,0.022022));
#6734=CARTESIAN_POINT('',(0.194601543967191,-0.000604373164777003,0.022022));
#6735=CARTESIAN_POINT('',(0.194601543967191,-0.000604373164777003,0.014342));
#6736=CARTESIAN_POINT('',(0.194601543967191,-0.000604373164777003,0.014342));
#6737=CARTESIAN_POINT('',(0.188521543967191,-0.000604373164776996,0.014342));
#6738=CARTESIAN_POINT('',(0.188521543967191,-0.000604373164776996,0.022022));
#6739=CARTESIAN_POINT('',(0.115441527229138,-0.000604373164776937,0.031066913111306));
#6740=CARTESIAN_POINT('',(0.139461543967191,0.016486048223925,0.0595770124030657));
#6741=CARTESIAN_POINT('',(0.141461543967191,0.016486048223925,0.0595770124030657));
#6742=CARTESIAN_POINT('',(0.141461543967191,0.016486048223925,0.0358170124030657));
#6743=CARTESIAN_POINT('',(0.139461543967191,0.016486048223925,0.0358170124030657));
#6744=CARTESIAN_POINT('',(0.112561543967191,0.016486048223925,0.0358170124030657));
#6745=CARTESIAN_POINT('',(0.112561543967191,0.016486048223925,0.0595770124030657));
#6746=CARTESIAN_POINT('',(0.112561543967191,0.016486048223925,0.0581570124030657));
#6747=CARTESIAN_POINT('',(0.111141543967191,0.016486048223925,0.0581570124030657));
#6748=CARTESIAN_POINT('',(0.109915328664038,0.016486048223925,0.0581570124030657));
#6749=CARTESIAN_POINT('',(0.123978436315614,0.016486048223925,0.0440939047514892));
#6750=CARTESIAN_POINT('',(0.115061543967191,0.016486048223925,0.0480955738965929));
#6751=CARTESIAN_POINT('',(0.115061543967191,0.016486048223925,0.052595573896593));
#6752=CARTESIAN_POINT('',(0.115061543967191,0.016486048223925,0.043595573896593));
#6753=CARTESIAN_POINT('',(0.118561543967191,0.016486048223925,0.043595573896593));
#6754=CARTESIAN_POINT('',(0.122061543967191,0.016486048223925,0.043595573896593));
#6755=CARTESIAN_POINT('',(0.122061543967191,0.016486048223925,0.0480955738965929));
#6756=CARTESIAN_POINT('',(0.122061543967191,0.016486048223925,0.052595573896593));
#6757=CARTESIAN_POINT('',(0.118561543967191,0.016486048223925,0.052595573896593));
#6758=CARTESIAN_POINT('',(0.112561543967191,0.010186048223925,0.0481570124030657));
#6759=CARTESIAN_POINT('',(0.112561543967191,0.010186048223925,0.0531570124030657));
#6760=CARTESIAN_POINT('',(0.112561543967191,0.010186048223925,0.0531570124030657));
#6761=CARTESIAN_POINT('',(0.141461543967191,0.010186048223925,0.0531570124030657));
#6762=CARTESIAN_POINT('',(0.112561543967191,0.010186048223925,0.0481570124030657));
#6763=CARTESIAN_POINT('',(0.112561543967191,0.010186048223925,0.0431570124030657));
#6764=CARTESIAN_POINT('',(0.112561543967191,0.010186048223925,0.0431570124030657));
#6765=CARTESIAN_POINT('',(0.141461543967191,0.010186048223925,0.0431570124030657));
#6766=CARTESIAN_POINT('',(0.141461543967191,0.010186048223925,0.0481570124030657));
#6767=CARTESIAN_POINT('',(0.122061543967191,0.010186048223925,0.0481570124030657));
#6768=CARTESIAN_POINT('',(0.122061543967191,0.010186048223925,0.043595573896593));
#6769=CARTESIAN_POINT('',(0.122061543967191,0.010186048223925,0.052595573896593));
#6770=CARTESIAN_POINT('',(0.112561543967191,0.010186048223925,0.043595573896593));
#6771=CARTESIAN_POINT('',(0.115061543967191,0.010186048223925,0.043595573896593));
#6772=CARTESIAN_POINT('',(0.115061543967191,0.010186048223925,0.0481570124030657));
#6773=CARTESIAN_POINT('',(0.115061543967191,0.010186048223925,0.052595573896593));
#6774=CARTESIAN_POINT('',(0.112561543967191,0.010186048223925,0.052595573896593));
#6775=CARTESIAN_POINT('',(0.139461543967191,0.00798604822392498,0.0427473751691046));
#6776=CARTESIAN_POINT('',(0.112561543967191,0.00798604822392498,0.0427473751691046));
#6777=CARTESIAN_POINT('',(0.112561543967191,0.00798604822392498,0.0431570124030657));
#6778=CARTESIAN_POINT('',(0.112561543967191,0.00798604822392498,0.0381570124030657));
#6779=CARTESIAN_POINT('',(0.139461543967191,0.00798604822392498,0.0381570124030657));
#6780=CARTESIAN_POINT('',(0.141461543967191,0.00798604822392498,0.0381570124030657));
#6781=CARTESIAN_POINT('',(0.141461543967191,0.00798604822392498,0.0427473751691046));
#6782=CARTESIAN_POINT('',(0.141461543967191,0.00798604822392498,0.0431570124030657));
#6783=CARTESIAN_POINT('',(0.112561543967191,0.00798604822392498,0.0431570124030657));
#6784=CARTESIAN_POINT('',(0.0875615439671912,-0.0311574646298513,0.0358170124030657));
#6785=CARTESIAN_POINT('',(0.133441543967191,-0.0101043731647769,0.0358170124030657));
#6786=CARTESIAN_POINT('',(0.129441543967191,-0.0101043731647769,0.0358170124030657));
#6787=CARTESIAN_POINT('',(0.122561543967191,0.0163956268352231,0.0358170124030657));
#6788=CARTESIAN_POINT('',(0.122560726364438,0.0163956268352231,0.0358170124030657));
#6789=CARTESIAN_POINT('',(0.112561543967191,0.0163956268352231,0.0358170124030657));
#6790=CARTESIAN_POINT('',(0.112561543967191,-0.0105993098630803,0.0358170124030657));
#6791=CARTESIAN_POINT('',(0.141461543967191,-0.0105993098630803,0.0358170124030657));
#6792=CARTESIAN_POINT('',(0.141461543967191,-0.0354710493183615,0.0358170124030657));
#6793=CARTESIAN_POINT('',(0.139461543967191,-0.0354710493183615,0.0358170124030657));
#6794=CARTESIAN_POINT('',(0.0973663488944692,-0.033245373164777,0.0358170124030657));
#6795=CARTESIAN_POINT('',(0.106958012526976,-0.033245373164777,0.0358170124030657));
#6796=CARTESIAN_POINT('',(0.106958012526976,-0.0311574646298513,0.0358170124030657));
#6797=CARTESIAN_POINT('',(0.106958012526976,-0.0291846679500856,0.0358170124030657));
#6798=CARTESIAN_POINT('',(0.0875615439671912,-0.0291846679500856,0.0358170124030657));
#6799=CARTESIAN_POINT('',(0.122148583009245,-0.0291846679500856,0.0358170124030657));
#6800=CARTESIAN_POINT('',(0.1221279185514,-0.0314700185890807,0.0358170124030657));
#6801=CARTESIAN_POINT('',(0.0454217883997664,-0.000451052529765197,0.022022));
#6802=CARTESIAN_POINT('',(0.133441543967191,-0.0101043731647769,0.022022));
#6803=CARTESIAN_POINT('',(0.129441543967191,-0.0101043731647769,0.022022));
#6804=CARTESIAN_POINT('',(0.112561543967191,-0.0102043731647769,0.022022));
#6805=CARTESIAN_POINT('',(0.194601543967191,-0.000451052529765281,0.022022));
#6806=CARTESIAN_POINT('',(0.126393543967191,0.00519562683522307,0.0159603500491232));
#6807=CARTESIAN_POINT('',(0.115721894016314,0.00519562683522307,0.0159603500491232));
#6808=CARTESIAN_POINT('',(0.139684466712535,0.00519562683522306,0.0159603500491232));
#6809=CARTESIAN_POINT('',(0.117441543967191,0.00519562683522307,0.01768));
#6810=CARTESIAN_POINT('',(0.110977078514014,-0.00060437316477693,0.0112155345468225));
#6811=CARTESIAN_POINT('',(0.110977078514014,-0.00700437316477693,0.0112155345468225));
#6812=CARTESIAN_POINT('',(0.110977078514014,-0.0134043731647769,0.0112155345468225));
#6813=CARTESIAN_POINT('',(0.110977078514014,-0.0198043731647769,0.0112155345468225));
#6814=CARTESIAN_POINT('',(0.139461543967191,-0.0125721065428459,0.0581570124030657));
#6815=CARTESIAN_POINT('',(0.112561543967191,0.012236048223925,0.0581570124030657));
#6816=CARTESIAN_POINT('',(0.112561543967191,0.0163956268352231,0.0581580062015328));
#6817=CARTESIAN_POINT('',(0.139461543967191,0.0163956268352231,0.0581570124030657));
#6818=CARTESIAN_POINT('',(0.109915328664038,0.0163956268352231,0.0581570124030657));
#6819=CARTESIAN_POINT('',(0.109915328664038,-0.0354710493183615,0.0581570124030657));
#6820=CARTESIAN_POINT('',(0.139461543967191,-0.0125721065428459,0.0581570124030657));
#6821=CARTESIAN_POINT('',(0.139461543967191,0.00798604822392498,0.0581570124030657));
#6822=CARTESIAN_POINT('',(0.139461543967191,0.00798604822392498,0.0581570124030657));
#6823=CARTESIAN_POINT('',(0.112561543967191,0.00798604822392498,0.0581570124030657));
#6824=CARTESIAN_POINT('',(0.141461543967191,0.007986048223925,0.0581570124030657));
#6825=CARTESIAN_POINT('',(0.140794877300525,0.007986048223925,0.0581570124030657));
#6826=CARTESIAN_POINT('',(0.140128210633858,0.007986048223925,0.0581570124030657));
#6827=CARTESIAN_POINT('',(0.139461543967191,0.007986048223925,0.0581570124030657));
#6828=CARTESIAN_POINT('',(0.141461543967191,0.00798604822392498,0.0581570124030657));
#6829=CARTESIAN_POINT('',(0.141461543967191,-0.0125721065428459,0.0581570124030657));
#6830=CARTESIAN_POINT('',(0.141461543967191,-0.0331302613096168,0.0581571366278741));
#6831=CARTESIAN_POINT('',(0.139461543967191,-0.0331302613096168,0.0581570124030657));
#6832=CARTESIAN_POINT('',(0.140128210633858,-0.0331302613096168,0.0581570124030657));
#6833=CARTESIAN_POINT('',(0.140794877300525,-0.0331302613096168,0.0581570124030657));
#6834=CARTESIAN_POINT('',(0.141461543967191,-0.0331302613096168,0.0581570124030657));
#6835=CARTESIAN_POINT('',(0.139461543967191,-0.0331302613096168,0.0581571366278741));
#6836=CARTESIAN_POINT('',(0.139461543967191,-0.0331302613096168,0.0581570124030657));
#6837=CARTESIAN_POINT('',(0.112561543967191,-0.0331302613096168,0.0581570124030657));
#6838=CARTESIAN_POINT('',(0.112561543967191,-0.0125721065428459,0.0581570124030657));
#6839=CARTESIAN_POINT('',(0.112561543967191,-0.014159162470426,0.0415095062015328));
#6840=CARTESIAN_POINT('',(0.112561543967191,0.0163956268352231,0.057862));
#6841=CARTESIAN_POINT('',(0.0454217883997664,-0.000451052529765197,0.022022));
#6842=CARTESIAN_POINT('',(0.0767789646817712,-0.000452718034741185,0.022022));
#6843=CARTESIAN_POINT('',(0.0781311538217472,-0.00130804518252203,0.022022));
#6844=CARTESIAN_POINT('',(0.0782628850578359,-0.00105103259874577,0.022022));
#6845=CARTESIAN_POINT('',(0.0781311538217472,-0.000451052529765197,0.022022));
#6846=CARTESIAN_POINT('',(0.0782628850578359,-0.0102043731647769,0.022022));
#6847=CARTESIAN_POINT('',(0.112561543967191,-0.0102043731647769,0.057862));
#6848=CARTESIAN_POINT('',(0.112561543967191,-0.00311473660584742,0.0259938438407695));
#6849=CARTESIAN_POINT('',(0.112561543967191,0.0163956268352231,0.0258174212127987));
#6850=CARTESIAN_POINT('',(0.112561543967191,-0.0226251000469179,0.0261702664687402));
#6851=CARTESIAN_POINT('',(0.112561543967191,-0.0244945205574313,0.0289195062015329));
#6852=CARTESIAN_POINT('',(0.112561543967191,-0.0102043731647769,0.022022));
#6853=CARTESIAN_POINT('',(0.112561543967191,0.0163956268352231,0.022022));
#6854=CARTESIAN_POINT('',(0.112561543967191,0.0163956268352231,0.057862));
#6855=CARTESIAN_POINT('',(0.233361543967191,-0.0331302613096168,0.051462));
#6856=CARTESIAN_POINT('',(0.112561543967191,-0.0331302613096168,0.051462));
#6857=CARTESIAN_POINT('',(0.112561543967191,-0.0331302613096168,0.0381570124030657));
#6858=CARTESIAN_POINT('',(0.141461543967191,-0.0331302613096168,0.0415095062015328));
#6859=CARTESIAN_POINT('',(0.141461543967191,-0.0331302613096168,0.0381570124030657));
#6860=CARTESIAN_POINT('',(0.139461543967191,-0.0331302613096168,0.0381570124030657));
#6861=CARTESIAN_POINT('',(0.0875615439671912,-0.0244945205574313,0.0289195062015329));
#6862=CARTESIAN_POINT('',(0.0782628850578359,-0.0230966629668863,0.026863764538756));
#6863=CARTESIAN_POINT('',(0.0812628850578359,-0.0230966629668863,0.026863764538756));
#6864=CARTESIAN_POINT('',(0.0980047646626668,-0.0230966629668863,0.026863764538756));
#6865=CARTESIAN_POINT('',(0.0777027104211504,-0.0206758251594576,0.0233035899020705));
#6866=CARTESIAN_POINT('',(0.0782628850578359,-0.021056731176055,0.023863764538756));
#6867=CARTESIAN_POINT('',(0.0782628850578359,-0.0334340664173157,0.0420663367476287));
#6868=CARTESIAN_POINT('',(0.1160823981236,-0.0250341109849984,0.0297130480689508));
#6869=CARTESIAN_POINT('',(0.0910755746820511,-0.0183849713248303,0.0199345745581402));
#6870=CARTESIAN_POINT('',(0.139441543967191,-0.010204373164777,0.00768));
#6871=CARTESIAN_POINT('',(0.083408558337568,-0.0102043731647769,0.00768));
#6872=CARTESIAN_POINT('',(0.0834085583375681,0.0179944325493709,0.00768));
#6873=CARTESIAN_POINT('',(0.0786415439671912,-0.000604373164776931,0.00768));
#6874=CARTESIAN_POINT('',(0.0963534082865054,0.00680709513335444,0.0076800001));
#6875=CARTESIAN_POINT('',(0.0963534082858851,0.00680709513483674,0.00768));
#6876=CARTESIAN_POINT('',(0.0969448530286466,0.00539366548603926,0.00768));
#6877=CARTESIAN_POINT('',(0.0981084893545414,0.00339392789588696,0.00768000000000001));
#6878=CARTESIAN_POINT('',(0.100404767491855,0.00133695526373777,0.00767999999999999));
#6879=CARTESIAN_POINT('',(0.101732564944615,0.000608868824007235,0.00768));
#6880=CARTESIAN_POINT('',(0.102441543122074,0.00031496764173494,0.00768));
#6881=CARTESIAN_POINT('',(0.102441543060963,0.00031496749431656,0.00768));
#6882=CARTESIAN_POINT('',(0.102441543060836,-0.019804373164777,0.00768));
#6883=CARTESIAN_POINT('',(0.102441543060836,-0.0130979262784125,0.00768));
#6884=CARTESIAN_POINT('',(0.102441543060836,-0.00639147939204796,0.00768));
#6885=CARTESIAN_POINT('',(0.102441543060836,0.000314967494316559,0.00768));
#6886=CARTESIAN_POINT('',(0.0786415439671912,-0.000451052529765211,0.0032));
#6887=CARTESIAN_POINT('',(0.0786415439671912,0.0185956268352231,0.014851));
#6888=CARTESIAN_POINT('',(0.0786415439671912,0.0185956268352231,0.00368));
#6889=CARTESIAN_POINT('',(0.0786415439671912,-0.000451052529765211,0.00368));
#6890=CARTESIAN_POINT('',(0.0786415439671911,-0.0515910525297652,0.0032));
#6891=CARTESIAN_POINT('',(0.0786415439671912,0.0506889474702348,0.0032));
#6892=CARTESIAN_POINT('',(0.0644182177801837,-0.0515910525297652,0.0032));
#6893=CARTESIAN_POINT('',(0.0501948915931762,-0.0515910525297652,0.0032));
#6894=CARTESIAN_POINT('',(0.0311984622127589,-0.0322776843015431,0.0032));
#6895=CARTESIAN_POINT('',(0.0122020328323415,-0.0129643160733209,0.0032));
#6896=CARTESIAN_POINT('',(0.0122020328323416,-0.000450879967081276,0.0032));
#6897=CARTESIAN_POINT('',(0.0122020328323416,0.0120625561391584,0.0032));
#6898=CARTESIAN_POINT('',(0.0311984612987294,0.0313757518046966,0.0032));
#6899=CARTESIAN_POINT('',(0.0501948897651172,0.0506889474702348,0.0032));
#6900=CARTESIAN_POINT('',(0.0765510353182287,-0.000452718005210732,0.0032));
#6901=CARTESIAN_POINT('',(0.0766650002067689,0.00114321808504478,0.0234));
#6902=CARTESIAN_POINT('',(0.0766650002067689,0.00114321808504478,0.0211755158157189));
#6903=CARTESIAN_POINT('',(0.0765510353182287,-0.000452718005210732,0.0211097181566421));
#6904=CARTESIAN_POINT('',(0.076664999793231,-0.00204865412499669,0.0211755155769627));
#6905=CARTESIAN_POINT('',(0.076664999793231,-0.00204865412499669,0.0234));
#6906=CARTESIAN_POINT('',(0.0644182168661542,0.0506889474702348,0.0032));
#6907=CARTESIAN_POINT('',(0.108792687896189,0.0185956268352231,0.012611));
#6908=CARTESIAN_POINT('',(0.0970522218400708,0.0185956268352231,0.0329460837137344));
#6909=CARTESIAN_POINT('',(0.0786415439671912,0.0185956268352231,0.014851));
#6910=CARTESIAN_POINT('',(0.0786415439671912,-0.00060437316477693,0.014851));
#6911=CARTESIAN_POINT('',(0.0786415439671912,-0.000604373164776932,0.00368));
#6912=CARTESIAN_POINT('',(0.0786415439671912,-0.000604373164776929,0.022022));
#6913=CARTESIAN_POINT('',(0.0963534082865053,0.00680709513335444,0.0220219999));
#6914=CARTESIAN_POINT('',(0.0963534082858851,0.00680709513483674,0.0076800001));
#6915=CARTESIAN_POINT('',(0.0963534082858851,0.00680709513483674,0.0124606667));
#6916=CARTESIAN_POINT('',(0.0963534082858851,0.00680709513483674,0.0172413333));
#6917=CARTESIAN_POINT('',(0.0963534082858851,0.00680709513483674,0.0220219999));
#6918=CARTESIAN_POINT('',(0.107585470319334,-0.000604110881302616,0.022022));
#6919=CARTESIAN_POINT('',(0.107585470319334,-0.000604110881302616,0.00768));
#6920=CARTESIAN_POINT('',(0.102177873570878,-0.000633174831129307,0.022022));
#6921=CARTESIAN_POINT('',(0.102177873570878,-0.000633174831129307,0.00767999999999997));
#6922=CARTESIAN_POINT('',(0.0984333490767249,0.00183647020749374,0.022022));
#6923=CARTESIAN_POINT('',(0.0984333490767249,0.00183647020749374,0.00767999999999998));
#6924=CARTESIAN_POINT('',(0.0963534082858851,0.00680709513483675,0.022022));
#6925=CARTESIAN_POINT('',(0.0963534082858851,0.00680709513483675,0.00767999999999999));
#6926=CARTESIAN_POINT('',(0.10748879239004,-0.00060437316453043,0.022022));
#6927=CARTESIAN_POINT('',(0.106286395951052,-0.000604366767614153,0.022022));
#6928=CARTESIAN_POINT('',(0.103882713398846,-0.000357724428647261,0.022022));
#6929=CARTESIAN_POINT('',(0.100542823535078,0.00107762287661342,0.022022));
#6930=CARTESIAN_POINT('',(0.0979386829764063,0.00362823354543267,0.022022));
#6931=CARTESIAN_POINT('',(0.0968156078937131,0.00570253441743753,0.022022));
#6932=CARTESIAN_POINT('',(0.0963534082858851,0.00680709513483674,0.022022));
#6933=CARTESIAN_POINT('',(0.107488885664721,-0.000604373164776923,0.00874502775765152));
#6934=CARTESIAN_POINT('',(0.105953487777267,-0.00060437321827266,0.00803500925255051));
#6935=CARTESIAN_POINT('',(0.104195135842539,-0.0004119700696854,0.00768000000000001));
#6936=CARTESIAN_POINT('',(0.102441543122074,0.000314967641734879,0.00768));
#6937=CARTESIAN_POINT('',(0.118281543967191,-0.0106713307192626,0.007738));
#6938=CARTESIAN_POINT('',(0.175641543967191,-0.0106713307192627,0.007738));
#6939=CARTESIAN_POINT('',(0.175641543967191,-0.0127713307192627,0.007738));
#6940=CARTESIAN_POINT('',(0.186281543967191,-0.0106713307192627,0.007738));
#6941=CARTESIAN_POINT('',(0.186281543967191,-0.0127713307192627,0.007738));
#6942=CARTESIAN_POINT('',(0.112561543967191,-0.0102043731647769,0.057862));
#6943=CARTESIAN_POINT('',(0.112561543967191,-0.0113948832615046,0.0381570124030657));
#6944=CARTESIAN_POINT('',(0.112561543967191,0.00908604822392497,0.0431570124030657));
#6945=CARTESIAN_POINT('',(0.112561543967191,0.00908604822392498,0.0531570124030657));
#6946=CARTESIAN_POINT('',(0.112561543967191,0.00798604822392498,0.0531570124030657));
#6947=CARTESIAN_POINT('',(0.112561543967191,0.00798604822392498,0.0536716372339611));
#6948=CARTESIAN_POINT('',(0.118281543967191,-0.0454710493183615,0.048582));
#6949=CARTESIAN_POINT('',(0.110977078514014,-0.019804373164777,0.0112155345468226));
#6950=CARTESIAN_POINT('',(0.110977078514014,0.000435683686573953,0.0112155345468226));
#6951=CARTESIAN_POINT('',(0.108620055482799,-0.019804373164777,0.00885851151560753));
#6952=CARTESIAN_POINT('',(0.108620055482799,0.000435683686573957,0.00885851151560753));
#6953=CARTESIAN_POINT('',(0.105774876998406,-0.019804373164777,0.00768));
#6954=CARTESIAN_POINT('',(0.105774876998406,0.000435683686573957,0.00768));
#6955=CARTESIAN_POINT('',(0.102441543060836,-0.019804373164777,0.00768));
#6956=CARTESIAN_POINT('',(0.102441543060836,0.000435683686573953,0.00768));
#6957=CARTESIAN_POINT('',(0.0782628850578359,-0.0102043731647769,0.026863764538756));
#6958=CARTESIAN_POINT('',(0.0812628850578359,-0.000604373164776934,0.026863764538756));
#6959=CARTESIAN_POINT('',(0.0812628850578359,0.0163956268352231,0.026863764538756));
#6960=CARTESIAN_POINT('',(0.0980047646626668,-0.0102043731647769,0.026863764538756));
#6961=CARTESIAN_POINT('',(0.0980047646626668,0.0163956268352231,0.026863764538756));
#6962=CARTESIAN_POINT('',(0.0938568850578359,0.0163956268352231,0.026863764538756));
#6963=CARTESIAN_POINT('',(0.0952395115927795,0.0163956268352231,0.026863764538756));
#6964=CARTESIAN_POINT('',(0.0966221381277232,0.0163956268352231,0.026863764538756));
#6965=CARTESIAN_POINT('',(0.0980047646626668,0.0163956268352231,0.026863764538756));
#6966=CARTESIAN_POINT('',(0.0938568850578359,0.0163956268352231,0.026863764538756));
#6967=CARTESIAN_POINT('',(0.0812628850578359,0.0163956268352231,0.026863764538756));
#6968=CARTESIAN_POINT('',(0.0854608850578359,0.0163956268352231,0.026863764538756));
#6969=CARTESIAN_POINT('',(0.0896588850578359,0.0163956268352231,0.026863764538756));
#6970=CARTESIAN_POINT('',(0.0938568850578359,0.0163956268352231,0.026863764538756));
#6971=CARTESIAN_POINT('',(0.0782628850578359,-0.0168798856647769,0.039917275));
#6972=CARTESIAN_POINT('',(0.0782628850578359,-0.00105103259874577,0.0468));
#6973=CARTESIAN_POINT('',(0.0782628850578359,-0.00105103259874577,0.023863764538756));
#6974=CARTESIAN_POINT('',(0.0782628850578359,0.0163956266685564,0.023863764538756));
#6975=CARTESIAN_POINT('',(0.133537166491536,-0.0401302613096168,0.037862));
#6976=CARTESIAN_POINT('',(0.12761278901588,-0.0401302613096168,0.037862));
#6977=CARTESIAN_POINT('',(0.12761278901588,-0.0401302613096168,0.037862));
#6978=CARTESIAN_POINT('',(0.133537166491536,-0.0401302613096168,0.037862));
#6979=CARTESIAN_POINT('',(0.141461543967191,-0.0401302613096168,0.037862));
#6980=CARTESIAN_POINT('',(0.141461543967191,-0.0401302613096168,0.051462));
#6981=CARTESIAN_POINT('',(0.12761278901588,-0.0366302613096168,0.037862));
#6982=CARTESIAN_POINT('',(0.12761278901588,-0.0366302613096168,0.037862));
#6983=CARTESIAN_POINT('',(0.12761278901588,-0.0354710493183615,0.037862));
#6984=CARTESIAN_POINT('',(0.12761278901588,-0.0354710493183615,0.037862));
#6985=CARTESIAN_POINT('',(0.127921543967191,-0.0408006553139892,0.037862));
#6986=CARTESIAN_POINT('',(0.127921543967191,-0.0354710493183615,0.037862));
#6987=CARTESIAN_POINT('',(0.141461543967191,-0.0354710493183615,0.037862));
#6988=CARTESIAN_POINT('',(0.141461543967191,-0.0343006553139892,0.037862));
#6989=CARTESIAN_POINT('',(0.139461543967191,-0.0354710493183615,0.0404395062015329));
#6990=CARTESIAN_POINT('',(0.141461543967191,-0.0354710493183615,0.0404395062015329));
#6991=CARTESIAN_POINT('',(0.139461543967191,-0.0113948832615046,0.0381570124030657));
#6992=CARTESIAN_POINT('',(0.141461543967191,-0.0113948832615046,0.0381570124030657));
#6993=CARTESIAN_POINT('',(0.139461543967191,0.00798604822392498,0.0536716372339611));
#6994=CARTESIAN_POINT('',(0.112561543967191,0.00798604822392498,0.0531570124030657));
#6995=CARTESIAN_POINT('',(0.141461543967191,0.00798604822392498,0.0531570124030657));
#6996=CARTESIAN_POINT('',(0.141461543967191,0.00798604822392498,0.0536716372339611));
#6997=CARTESIAN_POINT('',(0.0782628850578359,0.0163956268352231,0.022022));
#6998=CARTESIAN_POINT('',(0.0782628850578359,0.0163956268352231,0.022022));
#6999=CARTESIAN_POINT('',(0.0608863488944692,0.0163956268352231,0.022022));
#7000=CARTESIAN_POINT('',(0.0812628850578359,0.0163956268352231,0.026863764538756));
#7001=CARTESIAN_POINT('',(0.0938568850578359,0.0163956268352231,0.0227158849339251));
#7002=CARTESIAN_POINT('',(0.107508714789067,0.0163956268352231,0.0363677146651563));
#7003=CARTESIAN_POINT('',(0.0730857018913359,0.0163956268352231,0.00748337723865922));
#7004=CARTESIAN_POINT('',(0.107905508028827,0.0163956268352231,0.0367006637262921));
#7005=CARTESIAN_POINT('',(0.107556885057836,0.0163956268352231,0.0327158849339251));
#7006=CARTESIAN_POINT('',(0.109756885057836,0.0163956268352231,0.057862));
#7007=CARTESIAN_POINT('',(0.109756885057836,0.0163956268352231,0.058159));
#7008=CARTESIAN_POINT('',(0.109756885057836,0.0163956268352231,0.058315456009268));
#7009=CARTESIAN_POINT('',(0.103468344980787,0.0163956268352231,0.0646039960863167));
#7010=CARTESIAN_POINT('',(0.122664089196938,0.0163956268352231,0.0359203794613119));
#7011=CARTESIAN_POINT('',(0.109756885057836,-0.000604360664776964,0.057862));
#7012=CARTESIAN_POINT('',(0.109626151443714,-0.00499437316477694,0.0563677079528624));
#7013=CARTESIAN_POINT('',(0.109626151443714,-0.00899437316477694,0.0563677079528624));
#7014=CARTESIAN_POINT('',(0.109626151443714,-0.000994373164776935,0.0563677079528624));
#7015=CARTESIAN_POINT('',(0.109277528472724,-0.00899437316477694,0.0523829291604954));
#7016=CARTESIAN_POINT('',(0.108928905501733,-0.00899437316477694,0.0483981503681284));
#7017=CARTESIAN_POINT('',(0.108928905501733,-0.00499437316477694,0.0483981503681284));
#7018=CARTESIAN_POINT('',(0.108928905501733,-0.000994373164776931,0.0483981503681284));
#7019=CARTESIAN_POINT('',(0.109277528472724,-0.000994373164776935,0.0523829291604954));
#7020=CARTESIAN_POINT('',(0.107905508028827,-0.000604360664776964,0.0367006637262921));
#7021=CARTESIAN_POINT('',(0.107905508028827,-0.033245373164777,0.0367006637262921));
#7022=CARTESIAN_POINT('',(0.10724558238186,-0.033245373164777,0.0291576790655276));
#7023=CARTESIAN_POINT('',(0.109756885057836,-0.033245373164777,0.057862));
#7024=CARTESIAN_POINT('',(0.109756885057836,-0.000604373164776935,0.057862));
#7025=CARTESIAN_POINT('',(0.0973663488944692,-0.033245373164777,0.030022));
#7026=CARTESIAN_POINT('',(0.109915328664038,-0.033245373164777,0.0581570124030657));
#7027=CARTESIAN_POINT('',(0.109756885057836,-0.033245373164777,0.058315456009268));
#7028=CARTESIAN_POINT('',(0.109756885057836,-0.033245373164777,0.058159));
#7029=CARTESIAN_POINT('',(0.107905508028827,-0.033245373164777,0.0367006637262921));
#7030=CARTESIAN_POINT('',(0.107508714789067,-0.033245373164777,0.0363677146651563));
#7031=CARTESIAN_POINT('',(0.0938568850578359,-0.033245373164777,0.0227158849339251));
#7032=CARTESIAN_POINT('',(0.109756885057836,-0.000604373164776935,0.058159));
#7033=CARTESIAN_POINT('',(0.109756885057836,-0.000604373164776935,0.058315456009268));
#7034=CARTESIAN_POINT('',(0.109915328664038,-0.0125721065428459,0.0581570124030657));
#7035=CARTESIAN_POINT('',(0.109915328664038,-0.0421710493183615,0.0581570124030657));
#7036=CARTESIAN_POINT('',(0.0938568850578359,-0.0102043731647769,0.0227158849339251));
#7037=CARTESIAN_POINT('',(0.107508714789067,-0.000604360664776964,0.0363677146651563));
#7038=CARTESIAN_POINT('',(0.122561543967191,-0.00628507717865631,0.0360229204989097));
#7039=CARTESIAN_POINT('',(0.112561543967191,0.00908604822392497,0.0431570124030657));
#7040=CARTESIAN_POINT('',(0.141461543967191,0.00908604822392497,0.0431570124030657));
#7041=CARTESIAN_POINT('',(0.112561543967191,0.00908604822392498,0.0531570124030657));
#7042=CARTESIAN_POINT('',(0.141461543967191,0.00908604822392498,0.0531570124030657));
#7043=CARTESIAN_POINT('',(0.118561543967191,0.00678604822392498,0.052595573896593));
#7044=CARTESIAN_POINT('',(0.122061543967191,0.00678604822392498,0.052595573896593));
#7045=CARTESIAN_POINT('',(0.115061543967191,0.00678604822392498,0.052595573896593));
#7046=CARTESIAN_POINT('',(0.115061543967191,0.00678604822392498,0.0480955738965929));
#7047=CARTESIAN_POINT('',(0.115061543967191,0.00678604822392498,0.043595573896593));
#7048=CARTESIAN_POINT('',(0.118561543967191,0.00678604822392498,0.043595573896593));
#7049=CARTESIAN_POINT('',(0.122061543967191,0.00678604822392498,0.043595573896593));
#7050=CARTESIAN_POINT('',(0.122061543967191,0.00678604822392498,0.0480955738965929));
#7051=CARTESIAN_POINT('',(0.188521543967191,-0.014684373164777,0.008262));
#7052=CARTESIAN_POINT('',(0.188521543967191,-0.014684373164777,0.014342));
#7053=CARTESIAN_POINT('',(0.188521543967191,-0.014684373164777,0.014342));
#7054=CARTESIAN_POINT('',(0.186281543967191,-0.014684373164777,0.014342));
#7055=CARTESIAN_POINT('',(0.188521543967191,-0.014684373164777,0.008262));
#7056=CARTESIAN_POINT('',(0.186281543967191,-0.014684373164777,0.008262));
#7057=CARTESIAN_POINT('',(0.188521543967191,-0.010204373164777,0.012102));
#7058=CARTESIAN_POINT('',(0.188521543967191,-0.017244373164777,0.014342));
#7059=CARTESIAN_POINT('',(0.194601543967191,-0.003164373164777,0.014342));
#7060=CARTESIAN_POINT('',(0.186281543967191,-0.010204373164777,0.014342));
#7061=CARTESIAN_POINT('',(0.186281543967191,-0.00572437316477699,0.014342));
#7062=CARTESIAN_POINT('',(0.188521543967191,-0.005724373164777,0.014342));
#7063=CARTESIAN_POINT('',(0.188521543967191,-0.005724373164777,0.014342));
#7064=CARTESIAN_POINT('',(0.188521543967191,-0.003164373164777,0.014342));
#7065=CARTESIAN_POINT('',(0.194601543967191,-0.003164373164777,0.014342));
#7066=CARTESIAN_POINT('',(0.186281543967191,-0.010204373164777,0.012102));
#7067=CARTESIAN_POINT('',(0.186281543967191,-0.00572437316477699,0.008262));
#7068=CARTESIAN_POINT('',(0.188521543967191,-0.005724373164777,0.008262));
#7069=CARTESIAN_POINT('',(0.188521543967191,-0.005724373164777,0.008262));
#7070=CARTESIAN_POINT('',(0.194601543967191,-0.010204373164777,0.012102));
#7071=CARTESIAN_POINT('',(0.188521543967191,-0.010204373164777,0.012102));
#7072=CARTESIAN_POINT('',(0.175641543967191,-0.0463210493183616,0.0516105));
#7073=CARTESIAN_POINT('',(0.125541543967191,-0.0499710493183615,0.0516105));
#7074=CARTESIAN_POINT('',(0.125541543967191,-0.0499710493183615,0.0516105));
#7075=CARTESIAN_POINT('',(0.125541543967191,-0.0504710493183615,0.0516105));
#7076=CARTESIAN_POINT('',(0.161319541254339,-0.0711274856831617,0.0516105));
#7077=CARTESIAN_POINT('',(0.112541543967191,-0.0429654958188964,0.0516105));
#7078=CARTESIAN_POINT('',(0.112541543967191,-0.0463210493183615,0.0516105));
#7079=CARTESIAN_POINT('',(0.112541543967191,-0.0421710493183615,0.0516105));
#7080=CARTESIAN_POINT('',(0.112541543967191,-0.0421710493183615,0.0516105));
#7081=CARTESIAN_POINT('',(0.175641543967191,-0.0499710493183616,0.0516105));
#7082=CARTESIAN_POINT('',(0.175641543967191,-0.010204373164777,0.012102));
#7083=CARTESIAN_POINT('',(0.175641543967191,-0.014684373164777,0.008262));
#7084=CARTESIAN_POINT('',(0.175641543967191,-0.014684373164777,0.014342));
#7085=CARTESIAN_POINT('',(0.175641543967191,-0.010204373164777,0.014342));
#7086=CARTESIAN_POINT('',(0.175641543967191,-0.00572437316477703,0.014342));
#7087=CARTESIAN_POINT('',(0.175641543967191,-0.00572437316477703,0.008262));
#7088=CARTESIAN_POINT('',(0.175641543967191,-0.014684373164777,0.008262));
#7089=CARTESIAN_POINT('',(0.175641543967191,-0.014684373164777,0.014342));
#7090=CARTESIAN_POINT('',(0.142281587059654,-0.014684373164777,0.014342));
#7091=CARTESIAN_POINT('',(0.169040040221773,-0.014684373164777,-0.00233206134544332));
#7092=CARTESIAN_POINT('',(0.175641543967191,-0.010204373164777,0.014342));
#7093=CARTESIAN_POINT('',(0.142281587059654,-0.010204373164777,0.014342));
#7094=CARTESIAN_POINT('',(0.142281587059654,-0.00572437316477699,0.014342));
#7095=CARTESIAN_POINT('',(0.175641543967191,-0.00572437316477703,0.014342));
#7096=CARTESIAN_POINT('',(0.175641543967191,-0.00572437316477703,0.008262));
#7097=CARTESIAN_POINT('',(0.169040040221773,-0.00572437316477702,-0.00233206134544332));
#7098=CARTESIAN_POINT('',(0.15074018153817,0.00519562683522306,0.00907117502456156));
#7099=CARTESIAN_POINT('',(0.16396499590517,-0.0452740947519682,0.060997));
#7100=CARTESIAN_POINT('',(0.141228725374701,-0.0421710493183615,0.060997));
#7101=CARTESIAN_POINT('',(0.141461543967191,-0.0366302613096168,0.051462));
#7102=CARTESIAN_POINT('',(0.141461543967191,-0.0376302613096168,0.052862));
#7103=CARTESIAN_POINT('',(0.141461543967191,-0.0376302613096168,0.051262));
#7104=CARTESIAN_POINT('',(0.141461543967191,-0.0376302613096168,0.042862));
#7105=CARTESIAN_POINT('',(0.141461543967191,-0.0376302613096168,0.041262));
#7106=CARTESIAN_POINT('',(0.141461543967191,0.0126996639515695,0.0431570124030657));
#7107=CARTESIAN_POINT('',(0.141461543967191,0.0126996639515695,0.0415570124030657));
#7108=CARTESIAN_POINT('',(0.141461543967191,0.0126996639515695,0.0531570124030657));
#7109=CARTESIAN_POINT('',(0.141461543967191,0.0126996639515695,0.0515570124030657));
#7110=CARTESIAN_POINT('',(0.133461543967191,-0.0376302613096168,0.052862));
#7111=CARTESIAN_POINT('',(0.132500166976747,-0.0376302613096168,0.052862));
#7112=CARTESIAN_POINT('',(0.133461543967191,-0.0376302613096168,0.052862));
#7113=CARTESIAN_POINT('',(0.133461543967191,-0.0376302613096168,0.051262));
#7114=CARTESIAN_POINT('',(0.139461543967191,-0.0376302613096168,0.052862));
#7115=CARTESIAN_POINT('',(0.133461543967191,-0.0376302613096168,0.042862));
#7116=CARTESIAN_POINT('',(0.132500166976747,-0.0376302613096168,0.042862));
#7117=CARTESIAN_POINT('',(0.133461543967191,-0.0376302613096168,0.042862));
#7118=CARTESIAN_POINT('',(0.133461543967191,-0.0376302613096168,0.041262));
#7119=CARTESIAN_POINT('',(0.139461543967191,-0.0376302613096168,0.042862));
#7120=CARTESIAN_POINT('',(0.133461543967191,0.0126996639515695,0.0431570124030657));
#7121=CARTESIAN_POINT('',(0.132500166976747,0.0126996639515695,0.0431570124030657));
#7122=CARTESIAN_POINT('',(0.133461543967191,0.0126996639515695,0.0431570124030657));
#7123=CARTESIAN_POINT('',(0.133461543967191,0.0126996639515695,0.0415570124030657));
#7124=CARTESIAN_POINT('',(0.139461543967191,0.0126996639515695,0.0431570124030657));
#7125=CARTESIAN_POINT('',(0.133461543967191,0.0126996639515695,0.0531570124030657));
#7126=CARTESIAN_POINT('',(0.132500166976747,0.0126996639515695,0.0531570124030657));
#7127=CARTESIAN_POINT('',(0.133461543967191,0.0126996639515695,0.0531570124030657));
#7128=CARTESIAN_POINT('',(0.133461543967191,0.0126996639515695,0.0515570124030657));
#7129=CARTESIAN_POINT('',(0.139461543967191,0.0126996639515695,0.0531570124030657));
#7130=CARTESIAN_POINT('',(0.126001543967191,-0.0421710493183615,0.051462));
#7131=CARTESIAN_POINT('',(0.183733880330087,-0.0311302613096168,0.0554505));
#7132=CARTESIAN_POINT('',(0.183733880330087,-0.0311302613096168,0.0554505));
#7133=CARTESIAN_POINT('',(0.164965293967191,-0.0311302613096168,0.0530557375));
#7134=CARTESIAN_POINT('',(0.194521543967191,-0.0311302613096168,0.055302));
#7135=CARTESIAN_POINT('',(0.194521543967191,-0.0311302613096168,0.046742));
#7136=CARTESIAN_POINT('',(0.186127712148639,-0.0311302613096168,0.046742));
#7137=CARTESIAN_POINT('',(0.187776343902747,-0.0311302613096168,0.046742));
#7138=CARTESIAN_POINT('',(0.187776343902747,-0.0311302613096168,0.046742));
#7139=CARTESIAN_POINT('',(0.194521543967191,-0.0385662678500698,0.0554505));
#7140=CARTESIAN_POINT('',(0.187776343902747,-0.0385662678500698,0.046742));
#7141=CARTESIAN_POINT('',(0.187776343902747,-0.0385662678500698,0.046742));
#7142=CARTESIAN_POINT('',(0.191148943934969,-0.0385662678500698,0.046742));
#7143=CARTESIAN_POINT('',(0.194521543967191,-0.0385662678500698,0.046742));
#7144=CARTESIAN_POINT('',(0.194521543967191,-0.0385662678500698,0.0554505));
#7145=CARTESIAN_POINT('',(0.194521543967191,-0.0408006553139892,0.0554505));
#7146=CARTESIAN_POINT('',(0.194521543967191,-0.0363110493183615,0.046742));
#7147=CARTESIAN_POINT('',(0.187776343902747,-0.0348482645798433,0.046742));
#7148=CARTESIAN_POINT('',(0.187776343902747,-0.0348482645798433,0.046742));
#7149=CARTESIAN_POINT('',(0.189127712148639,-0.0408006553139892,0.046742));
#7150=CARTESIAN_POINT('',(0.112541543967191,-0.0421710493183615,0.048962));
#7151=CARTESIAN_POINT('',(0.112541543967191,-0.0421710493183615,0.048962));
#7152=CARTESIAN_POINT('',(0.112541543967191,-0.0484710493183615,0.048962));
#7153=CARTESIAN_POINT('',(0.112541543967191,-0.0429654958188964,0.0516105));
#7154=CARTESIAN_POINT('',(0.125541543967191,-0.0504710493183615,0.051462));
#7155=CARTESIAN_POINT('',(0.125541543967191,-0.0504710493183615,0.058159));
#7156=CARTESIAN_POINT('',(0.133441543967191,-0.0101043731647769,0.0609990124030657));
#7157=CARTESIAN_POINT('',(0.125541543967191,-0.0499710493183615,0.058159));
#7158=CARTESIAN_POINT('',(0.125541543967191,-0.0499710493183615,0.058159));
#7159=CARTESIAN_POINT('',(0.132081543967191,-0.0499710493183615,0.051462));
#7160=CARTESIAN_POINT('',(0.0653571575411867,-0.00894424225297954,-0.002978));
#7161=CARTESIAN_POINT('',(0.0653571575411867,-0.00894424225297954,0.0146469298087911));
#7162=CARTESIAN_POINT('',(0.0669571575411867,-0.00894424225297954,0.0155706902394945));
#7163=CARTESIAN_POINT('',(0.0812628850578359,-0.0102043731647769,0.026863764538756));
#7164=CARTESIAN_POINT('',(0.0767789646817712,-0.000452718034741185,0.0223798441626913));
#7165=CARTESIAN_POINT('',(0.0767789646817712,-0.000452718034741185,0.0468));
#7166=CARTESIAN_POINT('',(0.0767789646817712,-0.000452718034741185,0.0212413132360396));
#7167=CARTESIAN_POINT('',(0.0767789646817712,-0.000452718034741185,0.0212413132360396));
#7168=CARTESIAN_POINT('',(0.0635314783025081,0.0369249475342349,0.0468));
#7169=CARTESIAN_POINT('',(0.0252799671676584,-0.0112184108898066,0.0468));
#7170=CARTESIAN_POINT('',(0.0252799671676584,0.0099015891101934,0.0468));
#7171=CARTESIAN_POINT('',(0.0635314783025081,-0.0378270524657651,0.0468));
#7172=CARTESIAN_POINT('',(0.0331824634773518,-0.00647408934310079,0.003202));
#7173=CARTESIAN_POINT('',(0.0307791810482741,-0.00647408934310079,0.025));
#7174=CARTESIAN_POINT('',(0.0346518941223621,-0.00647408934310079,0.003202));
#7175=CARTESIAN_POINT('',(0.0346518941223621,-0.000539231253938856,0.003202));
#7176=CARTESIAN_POINT('',(0.0346518941223621,0.00560588203370571,0.025));
#7177=CARTESIAN_POINT('',(0.0307791810482741,-0.000434103654697538,0.025));
#7178=CARTESIAN_POINT('',(0.0307791810482741,0.00560588203370571,0.025));
#7179=CARTESIAN_POINT('',(0.0327155375853181,0.00560588203370571,0.025));
#7180=CARTESIAN_POINT('',(0.0781311538217472,-0.000451052529765197,0.022022));
#7181=CARTESIAN_POINT('',(0.0786415439671912,-0.000451052529765211,0.00368));
#7182=CARTESIAN_POINT('',(0.109277528472724,-0.00899437316477694,0.0523829291604954));
#7183=CARTESIAN_POINT('',(0.109626151443714,-0.00899437316477694,0.0563677079528624));
#7184=CARTESIAN_POINT('',(0.108928905501733,-0.00899437316477694,0.0483981503681284));
#7185=CARTESIAN_POINT('',(0.108928905501733,-0.00499437316477694,0.0483981503681284));
#7186=CARTESIAN_POINT('',(0.108928905501733,-0.000994373164776935,0.0483981503681284));
#7187=CARTESIAN_POINT('',(0.109277528472724,-0.000994373164776935,0.0523829291604954));
#7188=CARTESIAN_POINT('',(0.109626151443714,-0.000994373164776935,0.0563677079528624));
#7189=CARTESIAN_POINT('',(0.109626151443714,-0.00499437316477694,0.0563677079528624));
#7190=CARTESIAN_POINT('',(0.107905508028827,-0.000604360664776964,0.0367006637262921));
#7191=CARTESIAN_POINT('',(0.,0.,0.));
#7192=CARTESIAN_POINT('',(-0.0454217883997664,-0.000451052529765197,0.0032));
#7193=CARTESIAN_POINT('',(-0.0175369799473729,-0.00499437316477693,0.0032));
#7194=CARTESIAN_POINT('',(-0.0175369799473729,-0.00899437316477693,0.0032));
#7195=CARTESIAN_POINT('',(-0.0175369799473729,-0.000994373164776925,0.0032));
#7196=CARTESIAN_POINT('',(-0.0117997739432461,-0.00899437316477693,0.0032));
#7197=CARTESIAN_POINT('',(-0.0306434126559968,-0.00899437316477693,0.0032));
#7198=CARTESIAN_POINT('',(-0.0306434126559968,-0.00499437316477693,0.0032));
#7199=CARTESIAN_POINT('',(-0.0306434126559968,-0.000994373164776926,0.0032));
#7200=CARTESIAN_POINT('',(-0.0117997739432461,-0.000994373164776924,0.0032));
#7201=CARTESIAN_POINT('',(-0.0317130328323416,-0.000604373164776927,0.0032));
#7202=CARTESIAN_POINT('',(-0.0317130328323416,0.00539562683522308,0.0032));
#7203=CARTESIAN_POINT('',(-0.0317130328323416,-0.00660437316477693,0.0032));
#7204=CARTESIAN_POINT('',(-0.0336330328323416,-0.00660437316477693,0.0032));
#7205=CARTESIAN_POINT('',(-0.0355530328323416,-0.00660437316477693,0.0032));
#7206=CARTESIAN_POINT('',(-0.0355530328323416,-0.00060437316477693,0.0032));
#7207=CARTESIAN_POINT('',(-0.0355530328323416,0.00539562683522307,0.0032));
#7208=CARTESIAN_POINT('',(-0.0336330328323416,0.00539562683522308,0.0032));
#7209=CARTESIAN_POINT('',(-0.0261960328323416,-0.0112184108898066,0.0032));
#7210=CARTESIAN_POINT('',(-0.0245960328323416,-0.0112184108898066,0.0032));
#7211=CARTESIAN_POINT('',(-0.0644475439671912,-0.0378270524657652,0.0032));
#7212=CARTESIAN_POINT('',(-0.0628475439671912,-0.0378270524657652,0.0032));
#7213=CARTESIAN_POINT('',(-0.0644475439671912,0.0369249475342348,0.0032));
#7214=CARTESIAN_POINT('',(-0.0628475439671912,0.0369249475342348,0.0032));
#7215=CARTESIAN_POINT('',(-0.0261960328323416,0.00990158911019336,0.0032));
#7216=CARTESIAN_POINT('',(-0.0245960328323416,0.00990158911019336,0.0032));
#7217=CARTESIAN_POINT('',(-0.0608863488944692,0.0185956268352231,0.0032));
#7218=CARTESIAN_POINT('',(-0.0455304935216858,0.0185956268352231,0.0032));
#7219=CARTESIAN_POINT('',(-0.0786415439671912,0.0185956268352231,0.0032));
#7220=CARTESIAN_POINT('',(-0.0455304935216858,-0.0102043731647769,0.0032));
#7221=CARTESIAN_POINT('',(-0.0455304935216858,-0.0198043731647769,0.0032));
#7222=CARTESIAN_POINT('',(-0.0608863488944692,-0.0198043731647769,0.0032));
#7223=CARTESIAN_POINT('',(-0.0786415439671912,-0.0198043731647769,0.0032));
#7224=CARTESIAN_POINT('',(-0.0786415439671912,-0.000451052529765211,0.0032));
#7225=CARTESIAN_POINT('',(-0.0786415439671911,-0.0515910525297652,0.0032));
#7226=CARTESIAN_POINT('',(-0.0644182177801837,-0.0515910525297652,0.0032));
#7227=CARTESIAN_POINT('',(-0.0501948915931762,-0.0515910525297652,0.0032));
#7228=CARTESIAN_POINT('',(-0.0311984622127589,-0.0322776843015431,0.0032));
#7229=CARTESIAN_POINT('',(-0.0122020328323415,-0.0129643160733209,0.0032));
#7230=CARTESIAN_POINT('',(-0.0122020328323416,-0.000450879967081276,0.0032));
#7231=CARTESIAN_POINT('',(-0.0122020328323416,0.0120625561391584,0.0032));
#7232=CARTESIAN_POINT('',(-0.0311984612987294,0.0313757518046966,0.0032));
#7233=CARTESIAN_POINT('',(-0.0501948897651172,0.0506889474702348,0.0032));
#7234=CARTESIAN_POINT('',(-0.0644182168661542,0.0506889474702348,0.0032));
#7235=CARTESIAN_POINT('',(-0.0786415439671912,0.0506889474702348,0.0032));
#7236=CARTESIAN_POINT('',(-0.0786415439671912,-0.000451052529765211,0.0032));
#7237=CARTESIAN_POINT('',(-0.0973663613944692,-0.000604360664776964,0.058159));
#7238=CARTESIAN_POINT('',(-0.151601543967191,-0.0499710493183615,0.058159));
#7239=CARTESIAN_POINT('',(-0.188521543967191,-0.0499710493183615,0.058159));
#7240=CARTESIAN_POINT('',(-0.125541543967191,-0.0499710493183615,0.058159));
#7241=CARTESIAN_POINT('',(-0.125541543967191,-0.0499710493183615,0.058159));
#7242=CARTESIAN_POINT('',(-0.125541543967191,-0.0504710493183615,0.058159));
#7243=CARTESIAN_POINT('',(-0.082817247449343,-0.0258041652228444,0.058159));
#7244=CARTESIAN_POINT('',(-0.112541543967191,-0.0429654958188964,0.058159));
#7245=CARTESIAN_POINT('',(-0.112541543967191,-0.0484710493183615,0.058159));
#7246=CARTESIAN_POINT('',(-0.112551543967191,-0.0421710493183615,0.0581580062015329));
#7247=CARTESIAN_POINT('',(-0.139461543967191,-0.0421710493183615,0.058159));
#7248=CARTESIAN_POINT('',(-0.14299590678221,-0.0421710493183615,0.058159));
#7249=CARTESIAN_POINT('',(-0.14299590678221,-0.0426506553139891,0.058159));
#7250=CARTESIAN_POINT('',(-0.14299590678221,-0.0401302613096168,0.058159));
#7251=CARTESIAN_POINT('',(-0.139461543967191,-0.0401302613096168,0.058159));
#7252=CARTESIAN_POINT('',(-0.183733880330087,-0.0401302613096168,0.058159));
#7253=CARTESIAN_POINT('',(-0.183733880330087,-0.0311302613096168,0.058159));
#7254=CARTESIAN_POINT('',(-0.183733880330087,-0.0311302613096168,0.058159));
#7255=CARTESIAN_POINT('',(-0.139461543967191,-0.0311302613096168,0.058159));
#7256=CARTESIAN_POINT('',(-0.194521543967191,-0.0311302613096168,0.058159));
#7257=CARTESIAN_POINT('',(-0.194521543967191,-0.0363110493183615,0.058159));
#7258=CARTESIAN_POINT('',(-0.194521543967191,-0.0385662678500698,0.058159));
#7259=CARTESIAN_POINT('',(-0.194521543967191,-0.0385662678500698,0.058159));
#7260=CARTESIAN_POINT('',(-0.188521543967191,-0.0385662678500698,0.058159));
#7261=CARTESIAN_POINT('',(-0.188521543967191,-0.0363110493183615,0.058159));
#7262=CARTESIAN_POINT('',(-0.175641543967191,-0.0280977112415693,0.02964525));
#7263=CARTESIAN_POINT('',(-0.175641543967191,-0.0454710493183615,0.048582));
#7264=CARTESIAN_POINT('',(-0.175641543967191,-0.0475710493183615,0.048582));
#7265=CARTESIAN_POINT('',(-0.175641543967191,-0.0499710493183616,0.04833625));
#7266=CARTESIAN_POINT('',(-0.175641543967191,-0.0499710493183615,0.0516105));
#7267=CARTESIAN_POINT('',(-0.175641543967191,-0.0499710493183616,0.045062));
#7268=CARTESIAN_POINT('',(-0.175641543967191,-0.0463210493183616,0.045062));
#7269=CARTESIAN_POINT('',(-0.175641543967191,-0.0421710493183615,0.045062));
#7270=CARTESIAN_POINT('',(-0.175641543967191,-0.0421710493183615,0.04833625));
#7271=CARTESIAN_POINT('',(-0.175641543967191,-0.0421710493183615,0.0516105));
#7272=CARTESIAN_POINT('',(-0.175641543967191,-0.0463210493183616,0.0516105));
#7273=CARTESIAN_POINT('',(-0.186281543967192,-0.0363110493183615,0.048902));
#7274=CARTESIAN_POINT('',(-0.186281543967192,-0.0454710493183615,0.048582));
#7275=CARTESIAN_POINT('',(-0.186281543967192,-0.0454710493183615,0.050682));
#7276=CARTESIAN_POINT('',(-0.186281543967192,-0.0499710493183615,0.048902));
#7277=CARTESIAN_POINT('',(-0.186281543967192,-0.0499710493183615,0.045062));
#7278=CARTESIAN_POINT('',(-0.186281543967192,-0.0499710493183615,0.052742));
#7279=CARTESIAN_POINT('',(-0.186281543967192,-0.0363110493183615,0.052742));
#7280=CARTESIAN_POINT('',(-0.186281543967192,-0.0401302613096168,0.052742));
#7281=CARTESIAN_POINT('',(-0.186281543967192,-0.0401302613096168,0.048902));
#7282=CARTESIAN_POINT('',(-0.186281543967192,-0.0401302613096168,0.045062));
#7283=CARTESIAN_POINT('',(-0.186281543967192,-0.0363110493183616,0.045062));
#7284=CARTESIAN_POINT('',(-0.188521543967191,-0.0363110493183615,0.052742));
#7285=CARTESIAN_POINT('',(-0.188521543967191,-0.0499710493183615,0.052742));
#7286=CARTESIAN_POINT('',(-0.188521543967191,-0.0499710493183615,0.052742));
#7287=CARTESIAN_POINT('',(-0.188521543967191,-0.0363110493183615,0.052742));
#7288=CARTESIAN_POINT('',(-0.188521543967191,-0.0385662678500698,0.052742));
#7289=CARTESIAN_POINT('',(-0.191148943934969,-0.0385662678500698,0.052742));
#7290=CARTESIAN_POINT('',(-0.187776343902747,-0.0385662678500698,0.052742));
#7291=CARTESIAN_POINT('',(-0.187776343902747,-0.0348482645798433,0.052742));
#7292=CARTESIAN_POINT('',(-0.187776343902747,-0.0311302613096168,0.052742));
#7293=CARTESIAN_POINT('',(-0.186127712148639,-0.0311302613096168,0.052742));
#7294=CARTESIAN_POINT('',(-0.183733880330087,-0.0311302613096168,0.052742));
#7295=CARTESIAN_POINT('',(-0.183733880330087,-0.0311302613096168,0.052742));
#7296=CARTESIAN_POINT('',(-0.183733880330087,-0.0401302613096168,0.052742));
#7297=CARTESIAN_POINT('',(-0.186127712148639,-0.0401302613096168,0.052742));
#7298=CARTESIAN_POINT('',(-0.126001543967191,-0.0421710493183615,0.051462));
#7299=CARTESIAN_POINT('',(-0.112561543967191,-0.0421710493183615,0.051462));
#7300=CARTESIAN_POINT('',(-0.112561543967191,-0.0421710493183615,0.045062));
#7301=CARTESIAN_POINT('',(-0.112561543967191,-0.0421710493183615,0.0516105));
#7302=CARTESIAN_POINT('',(-0.175641543967191,-0.0421710493183615,0.0516105));
#7303=CARTESIAN_POINT('',(-0.151601543967191,-0.0421710493183615,0.045062));
#7304=CARTESIAN_POINT('',(-0.188521543967191,-0.0363110493183615,0.055302));
#7305=CARTESIAN_POINT('',(-0.188521543967191,-0.0499710493183615,0.055302));
#7306=CARTESIAN_POINT('',(-0.188521543967191,-0.0385662678500698,0.0554505));
#7307=CARTESIAN_POINT('',(-0.139461543967191,-0.0401302613096168,0.051462));
#7308=CARTESIAN_POINT('',(-0.183733880330087,-0.0401302613096168,0.0554505));
#7309=CARTESIAN_POINT('',(-0.14299590678221,-0.0401302613096168,0.060997));
#7310=CARTESIAN_POINT('',(-0.14299590678221,-0.0401302613096168,0.060997));
#7311=CARTESIAN_POINT('',(-0.139461543967191,-0.0401302613096168,0.060997));
#7312=CARTESIAN_POINT('',(-0.141461543967191,-0.0401302613096168,0.060997));
#7313=CARTESIAN_POINT('',(-0.141461543967191,-0.0401302613096168,0.051462));
#7314=CARTESIAN_POINT('',(-0.141461543967191,-0.0401302613096168,0.045062));
#7315=CARTESIAN_POINT('',(-0.139461543967191,-0.0401302613096168,0.045062));
#7316=CARTESIAN_POINT('',(-0.151601543967191,-0.0343006553139892,0.045062));
#7317=CARTESIAN_POINT('',(-0.151601543967191,-0.0499710493183615,0.045062));
#7318=CARTESIAN_POINT('',(-0.139461543967191,-0.0401302613096168,0.045062));
#7319=CARTESIAN_POINT('',(-0.12761278901588,-0.0401302613096168,0.045062));
#7320=CARTESIAN_POINT('',(-0.12761278901588,-0.0366302613096168,0.045062));
#7321=CARTESIAN_POINT('',(-0.12761278901588,-0.0354710493183615,0.045062));
#7322=CARTESIAN_POINT('',(-0.139461543967191,-0.0354710493183615,0.045062));
#7323=CARTESIAN_POINT('',(-0.112561543967191,-0.0354710493183615,0.045062));
#7324=CARTESIAN_POINT('',(-0.112561543967191,-0.0343006553139892,0.045062));
#7325=CARTESIAN_POINT('',(-0.139461543967191,-0.0125721065428459,0.0581570124030657));
#7326=CARTESIAN_POINT('',(-0.109915328664038,-0.0354710493183615,0.0581570124030657));
#7327=CARTESIAN_POINT('',(-0.109915328664038,-0.033245373164777,0.0581570124030657));
#7328=CARTESIAN_POINT('',(-0.109915328664038,-0.0421710493183615,0.0581570124030657));
#7329=CARTESIAN_POINT('',(-0.139461543967191,-0.0421710493183615,0.0581570124030657));
#7330=CARTESIAN_POINT('',(-0.112561543967191,-0.0125721065428459,0.0581570124030657));
#7331=CARTESIAN_POINT('',(-0.112561543967191,-0.033245373164777,0.0581570124030657));
#7332=CARTESIAN_POINT('',(-0.139461543967191,-0.033245373164777,0.0581570124030657));
#7333=CARTESIAN_POINT('',(-0.112561543967191,-0.0332053731647769,0.057862));
#7334=CARTESIAN_POINT('',(-0.112561543967191,-0.0354710493183615,0.0404395062015329));
#7335=CARTESIAN_POINT('',(-0.112561543967191,-0.0354710493183615,0.0358170124030657));
#7336=CARTESIAN_POINT('',(-0.112561543967191,-0.033245373164777,0.0358170124030657));
#7337=CARTESIAN_POINT('',(-0.112561543967191,-0.033245373164777,0.0358170124030657));
#7338=CARTESIAN_POINT('',(-0.112561543967191,-0.033245373164777,0.057862));
#7339=CARTESIAN_POINT('',(-0.112561543967191,-0.0421710493183615,0.051462));
#7340=CARTESIAN_POINT('',(-0.139461543967191,-0.00949250054721827,0.0609970124030657));
#7341=CARTESIAN_POINT('',(-0.139461543967191,-0.000604360664776964,0.060997));
#7342=CARTESIAN_POINT('',(-0.139461543967191,-0.0421710493183615,0.0609970062015329));
#7343=CARTESIAN_POINT('',(-0.139461543967191,-0.0401302613096168,0.0609970124030657));
#7344=CARTESIAN_POINT('',(-0.139461543967191,-0.0421710493183615,0.0609970124030657));
#7345=CARTESIAN_POINT('',(-0.112561543967191,-0.0421710493183615,0.0609970124030657));
#7346=CARTESIAN_POINT('',(-0.112561543967191,-0.00949250054721827,0.0609970124030657));
#7347=CARTESIAN_POINT('',(-0.112561543967191,0.016486048223925,0.0609970124030657));
#7348=CARTESIAN_POINT('',(-0.139461543967191,0.016486048223925,0.0609970124030657));
#7349=CARTESIAN_POINT('',(-0.139461543967191,0.016486048223925,0.0609970124030657));
#7350=CARTESIAN_POINT('',(-0.141461543967191,0.016486048223925,0.0609970124030657));
#7351=CARTESIAN_POINT('',(-0.141461543967191,0.016486048223925,0.0609970124030657));
#7352=CARTESIAN_POINT('',(-0.141461543967191,-0.00949250054721827,0.0609970124030657));
#7353=CARTESIAN_POINT('',(-0.139461543967191,-0.0401302613096168,0.060997));
#7354=CARTESIAN_POINT('',(-0.112561543967191,-0.0125721065428459,0.0581570124030657));
#7355=CARTESIAN_POINT('',(-0.112561543967191,-0.0421710493183615,0.0581570124030657));
#7356=CARTESIAN_POINT('',(-0.109727745697937,-0.0421710493183615,0.058344595369167));
#7357=CARTESIAN_POINT('',(-0.109727745697937,-0.0125721065428459,0.058344595369167));
#7358=CARTESIAN_POINT('',(-0.109727745697937,0.016486048223925,0.058344595369167));
#7359=CARTESIAN_POINT('',(-0.112561543967191,0.016486048223925,0.0581570124030657));
#7360=CARTESIAN_POINT('',(-0.14299590678221,-0.0426506553139891,0.060997));
#7361=CARTESIAN_POINT('',(-0.14299590678221,-0.0421710493183615,0.060997));
#7362=CARTESIAN_POINT('',(-0.14299590678221,-0.0421710493183615,0.060997));
#7363=CARTESIAN_POINT('',(-0.14299590678221,-0.0426506553139891,0.060997));
#7364=CARTESIAN_POINT('',(-0.0608863488944692,-0.0198043731647769,0.022022));
#7365=CARTESIAN_POINT('',(-0.0651975501262887,-0.0198043731647769,0.0145547804248351));
#7366=CARTESIAN_POINT('',(-0.0781311538217473,-0.0198043731647769,0.022022));
#7367=CARTESIAN_POINT('',(-0.0608863488944692,-0.0198043731647769,0.022022));
#7368=CARTESIAN_POINT('',(-0.0782628850578359,-0.0198043731647769,0.022022));
#7369=CARTESIAN_POINT('',(-0.110025214512514,-0.0198043731647769,0.022022));
#7370=CARTESIAN_POINT('',(-0.112561543967191,-0.0198043731647769,0.022022));
#7371=CARTESIAN_POINT('',(-0.0608863488944692,-0.0198043731647769,0.022022));
#7372=CARTESIAN_POINT('',(-0.194601543967191,-0.019804373164777,0.022022));
#7373=CARTESIAN_POINT('',(-0.194601543967191,-0.019804373164777,0.022022));
#7374=CARTESIAN_POINT('',(-0.194601543967191,-0.019804373164777,0.014342));
#7375=CARTESIAN_POINT('',(-0.194601543967191,-0.019804373164777,0.014342));
#7376=CARTESIAN_POINT('',(-0.188521543967191,-0.019804373164777,0.014342));
#7377=CARTESIAN_POINT('',(-0.188521543967191,-0.019804373164777,0.022022));
#7378=CARTESIAN_POINT('',(-0.188521543967191,-0.019804373164777,0.002182));
#7379=CARTESIAN_POINT('',(-0.145521543967191,-0.019804373164777,0.002182));
#7380=CARTESIAN_POINT('',(-0.161795896363805,-0.019804373164777,0.002182));
#7381=CARTESIAN_POINT('',(-0.15074018153817,-0.0198043731647769,0.00907117502456156));
#7382=CARTESIAN_POINT('',(-0.139684466712535,-0.0198043731647769,0.0159603500491232));
#7383=CARTESIAN_POINT('',(-0.126393543967191,-0.0198043731647769,0.0159603500491232));
#7384=CARTESIAN_POINT('',(-0.115721894016314,-0.0198043731647769,0.0159603500491232));
#7385=CARTESIAN_POINT('',(-0.0913349464308302,-0.0198043731647769,-0.00842659753636101));
#7386=CARTESIAN_POINT('',(-0.110977078514014,-0.0198043731647769,0.0112155345468225));
#7387=CARTESIAN_POINT('',(-0.110977078514014,-0.019804373164777,0.0112155345468225));
#7388=CARTESIAN_POINT('',(-0.108620055482799,-0.019804373164777,0.0088585115156075));
#7389=CARTESIAN_POINT('',(-0.105774876998406,-0.019804373164777,0.00768));
#7390=CARTESIAN_POINT('',(-0.102441543060836,-0.019804373164777,0.00768));
#7391=CARTESIAN_POINT('',(-0.102441543060836,-0.0198043731647769,0.00768));
#7392=CARTESIAN_POINT('',(-0.139441543967191,-0.019804373164777,0.00768));
#7393=CARTESIAN_POINT('',(-0.083408558337568,-0.0198043731647769,0.00768));
#7394=CARTESIAN_POINT('',(-0.083408558337568,-0.0198043731647769,0.00768));
#7395=CARTESIAN_POINT('',(-0.0786415439671912,-0.0198043731647769,0.00368));
#7396=CARTESIAN_POINT('',(-0.0786415439671912,-0.0198043731647769,0.022022));
#7397=CARTESIAN_POINT('',(-0.145521543967191,-0.017244373164777,0.002182));
#7398=CARTESIAN_POINT('',(-0.145521543967191,-0.000604373164776996,0.002182));
#7399=CARTESIAN_POINT('',(-0.188521543967191,-0.000604373164776996,0.002182));
#7400=CARTESIAN_POINT('',(-0.161795896363805,-0.000604373164776959,0.002182));
#7401=CARTESIAN_POINT('',(-0.161795896363805,0.00519562683522299,0.002182));
#7402=CARTESIAN_POINT('',(-0.161795896363805,-0.005724373164777,0.002182));
#7403=CARTESIAN_POINT('',(-0.175641543967191,-0.00572437316477703,0.002182));
#7404=CARTESIAN_POINT('',(-0.175641543967191,-0.00572437316477703,0.002182));
#7405=CARTESIAN_POINT('',(-0.175641543967191,-0.010204373164777,0.002182));
#7406=CARTESIAN_POINT('',(-0.175641543967191,-0.014684373164777,0.002182));
#7407=CARTESIAN_POINT('',(-0.175641543967191,-0.014684373164777,0.002182));
#7408=CARTESIAN_POINT('',(-0.161795896363805,-0.014684373164777,0.002182));
#7409=CARTESIAN_POINT('',(-0.161795896363805,0.00519562683522299,0.002182));
#7410=CARTESIAN_POINT('',(-0.188521543967191,-0.017244373164777,0.002182));
#7411=CARTESIAN_POINT('',(-0.188521543967191,-0.014684373164777,0.002182));
#7412=CARTESIAN_POINT('',(-0.188521543967191,-0.014684373164777,0.002182));
#7413=CARTESIAN_POINT('',(-0.186281543967191,-0.014684373164777,0.002182));
#7414=CARTESIAN_POINT('',(-0.186281543967191,-0.010204373164777,0.002182));
#7415=CARTESIAN_POINT('',(-0.186281543967191,-0.00572437316477699,0.002182));
#7416=CARTESIAN_POINT('',(-0.188521543967191,-0.005724373164777,0.002182));
#7417=CARTESIAN_POINT('',(-0.188521543967191,-0.005724373164777,0.002182));
#7418=CARTESIAN_POINT('',(-0.188521543967191,-0.003164373164777,0.002182));
#7419=CARTESIAN_POINT('',(-0.114931689512514,-0.000604373164776937,0.030248728004634));
#7420=CARTESIAN_POINT('',(-0.0608863488944692,-0.00060437316477693,0.0159603500491232));
#7421=CARTESIAN_POINT('',(-0.139684466712535,-0.000604373164776959,0.0159603500491232));
#7422=CARTESIAN_POINT('',(-0.115721894016314,-0.000604373164776937,0.0159603500491232));
#7423=CARTESIAN_POINT('',(-0.115441527229138,-0.000604373164776937,0.031066913111306));
#7424=CARTESIAN_POINT('',(-0.188521543967191,-0.000604373164776996,0.022022));
#7425=CARTESIAN_POINT('',(-0.188521543967191,-0.000604373164776996,0.014342));
#7426=CARTESIAN_POINT('',(-0.194601543967191,-0.000604373164777003,0.014342));
#7427=CARTESIAN_POINT('',(-0.194601543967191,-0.000604373164777003,0.014342));
#7428=CARTESIAN_POINT('',(-0.194601543967191,-0.000604373164777003,0.022022));
#7429=CARTESIAN_POINT('',(-0.194601543967191,-0.000604373164777003,0.022022));
#7430=CARTESIAN_POINT('',(-0.0608863488944692,-0.00060437316477693,0.022022));
#7431=CARTESIAN_POINT('',(-0.112561543967191,-0.000604373164776937,0.022022));
#7432=CARTESIAN_POINT('',(-0.0608863488944692,-0.00060437316477693,0.022022));
#7433=CARTESIAN_POINT('',(-0.10748740237373,-0.000604373038553984,0.022022));
#7434=CARTESIAN_POINT('',(-0.107488885057836,-0.000604373164776936,0.022022));
#7435=CARTESIAN_POINT('',(-0.107488885057836,-0.000604373164776936,0.0175963427152137));
#7436=CARTESIAN_POINT('',(-0.107488885057836,-0.000604373164776936,0.0131706854304273));
#7437=CARTESIAN_POINT('',(-0.107488885057836,-0.000604373164776936,0.00874502814564101));
#7438=CARTESIAN_POINT('',(-0.107488885485302,-0.000604373164776937,0.00874502814564101));
#7439=CARTESIAN_POINT('',(-0.107488885664721,-0.000604373164776936,0.0087450277576515));
#7440=CARTESIAN_POINT('',(-0.108750974396449,-0.000604373164776936,0.00932865911596484));
#7441=CARTESIAN_POINT('',(-0.109913705346213,-0.000604373164776936,0.0101521613790218));
#7442=CARTESIAN_POINT('',(-0.110977078514014,-0.000604373164776937,0.0112155345468225));
#7443=CARTESIAN_POINT('',(-0.110977078514014,-0.000604373164776935,0.0112155345468225));
#7444=CARTESIAN_POINT('',(-0.117441543967191,-0.000604373164776937,0.01768));
#7445=CARTESIAN_POINT('',(-0.139461543967191,0.016486048223925,0.0595770124030657));
#7446=CARTESIAN_POINT('',(-0.123978436315614,0.016486048223925,0.0440939047514892));
#7447=CARTESIAN_POINT('',(-0.109915328664038,0.016486048223925,0.0581570124030657));
#7448=CARTESIAN_POINT('',(-0.111141543967191,0.016486048223925,0.0581570124030657));
#7449=CARTESIAN_POINT('',(-0.112561543967191,0.016486048223925,0.0581570124030657));
#7450=CARTESIAN_POINT('',(-0.112561543967191,0.016486048223925,0.0595770124030657));
#7451=CARTESIAN_POINT('',(-0.112561543967191,0.016486048223925,0.0358170124030657));
#7452=CARTESIAN_POINT('',(-0.139461543967191,0.016486048223925,0.0358170124030657));
#7453=CARTESIAN_POINT('',(-0.141461543967191,0.016486048223925,0.0358170124030657));
#7454=CARTESIAN_POINT('',(-0.141461543967191,0.016486048223925,0.0595770124030657));
#7455=CARTESIAN_POINT('',(-0.115061543967191,0.016486048223925,0.0480955738965929));
#7456=CARTESIAN_POINT('',(-0.115061543967191,0.016486048223925,0.052595573896593));
#7457=CARTESIAN_POINT('',(-0.115061543967191,0.016486048223925,0.043595573896593));
#7458=CARTESIAN_POINT('',(-0.118561543967191,0.016486048223925,0.052595573896593));
#7459=CARTESIAN_POINT('',(-0.122061543967191,0.016486048223925,0.052595573896593));
#7460=CARTESIAN_POINT('',(-0.122061543967191,0.016486048223925,0.0480955738965929));
#7461=CARTESIAN_POINT('',(-0.122061543967191,0.016486048223925,0.043595573896593));
#7462=CARTESIAN_POINT('',(-0.118561543967191,0.016486048223925,0.043595573896593));
#7463=CARTESIAN_POINT('',(-0.112561543967191,0.010186048223925,0.0481570124030657));
#7464=CARTESIAN_POINT('',(-0.112561543967191,0.010186048223925,0.0531570124030657));
#7465=CARTESIAN_POINT('',(-0.112561543967191,0.010186048223925,0.0531570124030657));
#7466=CARTESIAN_POINT('',(-0.141461543967191,0.010186048223925,0.0531570124030657));
#7467=CARTESIAN_POINT('',(-0.141461543967191,0.010186048223925,0.0481570124030657));
#7468=CARTESIAN_POINT('',(-0.141461543967191,0.010186048223925,0.0431570124030657));
#7469=CARTESIAN_POINT('',(-0.112561543967191,0.010186048223925,0.0431570124030657));
#7470=CARTESIAN_POINT('',(-0.112561543967191,0.010186048223925,0.0431570124030657));
#7471=CARTESIAN_POINT('',(-0.112561543967191,0.010186048223925,0.0481570124030657));
#7472=CARTESIAN_POINT('',(-0.122061543967191,0.010186048223925,0.0481570124030657));
#7473=CARTESIAN_POINT('',(-0.122061543967191,0.010186048223925,0.043595573896593));
#7474=CARTESIAN_POINT('',(-0.122061543967191,0.010186048223925,0.052595573896593));
#7475=CARTESIAN_POINT('',(-0.112561543967191,0.010186048223925,0.052595573896593));
#7476=CARTESIAN_POINT('',(-0.115061543967191,0.010186048223925,0.052595573896593));
#7477=CARTESIAN_POINT('',(-0.115061543967191,0.010186048223925,0.0481570124030657));
#7478=CARTESIAN_POINT('',(-0.115061543967191,0.010186048223925,0.043595573896593));
#7479=CARTESIAN_POINT('',(-0.112561543967191,0.010186048223925,0.043595573896593));
#7480=CARTESIAN_POINT('',(-0.139461543967191,0.00798604822392498,0.0427473751691046));
#7481=CARTESIAN_POINT('',(-0.112561543967191,0.00798604822392498,0.0427473751691046));
#7482=CARTESIAN_POINT('',(-0.112561543967191,0.00798604822392498,0.0431570124030657));
#7483=CARTESIAN_POINT('',(-0.112561543967191,0.00798604822392498,0.0381570124030657));
#7484=CARTESIAN_POINT('',(-0.112561543967191,0.00798604822392498,0.0431570124030657));
#7485=CARTESIAN_POINT('',(-0.141461543967191,0.00798604822392498,0.0431570124030657));
#7486=CARTESIAN_POINT('',(-0.141461543967191,0.00798604822392498,0.0427473751691046));
#7487=CARTESIAN_POINT('',(-0.141461543967191,0.00798604822392498,0.0381570124030657));
#7488=CARTESIAN_POINT('',(-0.139461543967191,0.00798604822392498,0.0381570124030657));
#7489=CARTESIAN_POINT('',(-0.0875615439671912,-0.0311574646298513,0.0358170124030657));
#7490=CARTESIAN_POINT('',(-0.133441543967191,-0.0101043731647769,0.0358170124030657));
#7491=CARTESIAN_POINT('',(-0.129441543967191,-0.0101043731647769,0.0358170124030657));
#7492=CARTESIAN_POINT('',(-0.122561543967191,0.0163956268352231,0.0358170124030657));
#7493=CARTESIAN_POINT('',(-0.122560726364438,0.0163956268352231,0.0358170124030657));
#7494=CARTESIAN_POINT('',(-0.112561543967191,0.0163956268352231,0.0358170124030657));
#7495=CARTESIAN_POINT('',(-0.1221279185514,-0.0314700185890807,0.0358170124030657));
#7496=CARTESIAN_POINT('',(-0.122148583009245,-0.0291846679500856,0.0358170124030657));
#7497=CARTESIAN_POINT('',(-0.0875615439671912,-0.0291846679500856,0.0358170124030657));
#7498=CARTESIAN_POINT('',(-0.106958012526976,-0.0291846679500856,0.0358170124030657));
#7499=CARTESIAN_POINT('',(-0.106958012526976,-0.0102043731647769,0.0358170124030657));
#7500=CARTESIAN_POINT('',(-0.106958012526976,-0.033245373164777,0.0358170124030657));
#7501=CARTESIAN_POINT('',(-0.0973663488944692,-0.033245373164777,0.0358170124030657));
#7502=CARTESIAN_POINT('',(-0.139461543967191,-0.0354710493183615,0.0358170124030657));
#7503=CARTESIAN_POINT('',(-0.141461543967191,-0.0354710493183615,0.0358170124030657));
#7504=CARTESIAN_POINT('',(-0.141461543967191,-0.0105993098630803,0.0358170124030657));
#7505=CARTESIAN_POINT('',(-0.112561543967191,-0.0105993098630803,0.0358170124030657));
#7506=CARTESIAN_POINT('',(-0.0454217883997664,-0.000451052529765197,0.022022));
#7507=CARTESIAN_POINT('',(-0.133441543967191,-0.0101043731647769,0.022022));
#7508=CARTESIAN_POINT('',(-0.129441543967191,-0.0101043731647769,0.022022));
#7509=CARTESIAN_POINT('',(-0.112561543967191,-0.0102043731647769,0.022022));
#7510=CARTESIAN_POINT('',(-0.194601543967191,-0.000451052529765281,0.022022));
#7511=CARTESIAN_POINT('',(-0.126393543967191,0.00519562683522307,0.0159603500491232));
#7512=CARTESIAN_POINT('',(-0.139684466712535,0.00519562683522306,0.0159603500491232));
#7513=CARTESIAN_POINT('',(-0.115721894016314,0.00519562683522307,0.0159603500491232));
#7514=CARTESIAN_POINT('',(-0.117441543967191,0.00519562683522307,0.01768));
#7515=CARTESIAN_POINT('',(-0.110977078514014,-0.00060437316477693,0.0112155345468225));
#7516=CARTESIAN_POINT('',(-0.110977078514014,-0.00700437316477693,0.0112155345468225));
#7517=CARTESIAN_POINT('',(-0.110977078514014,-0.0134043731647769,0.0112155345468225));
#7518=CARTESIAN_POINT('',(-0.110977078514014,-0.0198043731647769,0.0112155345468225));
#7519=CARTESIAN_POINT('',(-0.139461543967191,-0.0125721065428459,0.0581570124030657));
#7520=CARTESIAN_POINT('',(-0.109915328664038,-0.0354710493183615,0.0581570124030657));
#7521=CARTESIAN_POINT('',(-0.109915328664038,0.0163956268352231,0.0581570124030657));
#7522=CARTESIAN_POINT('',(-0.139461543967191,0.0163956268352231,0.0581570124030657));
#7523=CARTESIAN_POINT('',(-0.112561543967191,0.0163956268352231,0.0581580062015328));
#7524=CARTESIAN_POINT('',(-0.112561543967191,0.012236048223925,0.0581570124030657));
#7525=CARTESIAN_POINT('',(-0.139461543967191,-0.0125721065428459,0.0581570124030657));
#7526=CARTESIAN_POINT('',(-0.139461543967191,0.00798604822392498,0.0581570124030657));
#7527=CARTESIAN_POINT('',(-0.139461543967191,0.00798604822392498,0.0581570124030657));
#7528=CARTESIAN_POINT('',(-0.112561543967191,0.00798604822392498,0.0581570124030657));
#7529=CARTESIAN_POINT('',(-0.112561543967191,-0.0125721065428459,0.0581570124030657));
#7530=CARTESIAN_POINT('',(-0.112561543967191,-0.0331302613096168,0.0581570124030657));
#7531=CARTESIAN_POINT('',(-0.139461543967191,-0.0331302613096168,0.0581570124030657));
#7532=CARTESIAN_POINT('',(-0.139461543967191,-0.0331302613096168,0.0581580062015329));
#7533=CARTESIAN_POINT('',(-0.141461543967191,-0.0331302613096168,0.0581572608526825));
#7534=CARTESIAN_POINT('',(-0.141461543967191,-0.0331302613096168,0.0581572608526825));
#7535=CARTESIAN_POINT('',(-0.141461543967191,-0.0125721065428459,0.0581570124030657));
#7536=CARTESIAN_POINT('',(-0.141461543967191,0.00798604822392498,0.0581570124030657));
#7537=CARTESIAN_POINT('',(-0.141461543967191,0.00798604822392498,0.0581570124030657));
#7538=CARTESIAN_POINT('',(-0.112561543967191,-0.014159162470426,0.0415095062015328));
#7539=CARTESIAN_POINT('',(-0.112561543967191,0.0163956268352231,0.057862));
#7540=CARTESIAN_POINT('',(-0.0454217883997664,-0.000451052529765197,0.022022));
#7541=CARTESIAN_POINT('',(-0.0781311538217473,-0.000451052529765197,0.022022));
#7542=CARTESIAN_POINT('',(-0.0781311538217473,-0.000704164848178462,0.022022));
#7543=CARTESIAN_POINT('',(-0.0765510353182287,-0.000452718005210732,0.022022));
#7544=CARTESIAN_POINT('',(-0.0781311538217473,-0.000201271162243002,0.022022));
#7545=CARTESIAN_POINT('',(-0.0781311538217473,-0.000451052529765197,0.022022));
#7546=CARTESIAN_POINT('',(-0.0781311538217473,0.0185956268352231,0.022022));
#7547=CARTESIAN_POINT('',(-0.0608863488944692,0.0185956268352231,0.022022));
#7548=CARTESIAN_POINT('',(-0.0786415439671912,0.0185956268352231,0.022022));
#7549=CARTESIAN_POINT('',(-0.0786415439671912,-0.000604373164776929,0.022022));
#7550=CARTESIAN_POINT('',(-0.0875656685741204,0.0163956268352231,0.022022));
#7551=CARTESIAN_POINT('',(-0.0782628850578359,0.0163956268352231,0.022022));
#7552=CARTESIAN_POINT('',(-0.0782628850578359,0.0163956268352231,0.022022));
#7553=CARTESIAN_POINT('',(-0.0782628850578359,-0.0102043731647769,0.022022));
#7554=CARTESIAN_POINT('',(-0.112561543967191,-0.0102043731647769,0.057862));
#7555=CARTESIAN_POINT('',(-0.112561543967191,-0.00311473660584742,0.0259938438407695));
#7556=CARTESIAN_POINT('',(-0.112561543967191,0.0163956268352231,0.0258174212127987));
#7557=CARTESIAN_POINT('',(-0.112561543967191,-0.0226251000469179,0.0261702664687402));
#7558=CARTESIAN_POINT('',(-0.112561543967191,0.0163956268352231,0.057862));
#7559=CARTESIAN_POINT('',(-0.112561543967191,0.0163956268352231,0.022022));
#7560=CARTESIAN_POINT('',(-0.112561543967191,-0.0102043731647769,0.022022));
#7561=CARTESIAN_POINT('',(-0.112561543967191,-0.0244945205574313,0.0289195062015329));
#7562=CARTESIAN_POINT('',(-0.233361543967191,-0.0331302613096168,0.051462));
#7563=CARTESIAN_POINT('',(-0.112561543967191,-0.0331302613096168,0.051462));
#7564=CARTESIAN_POINT('',(-0.112561543967191,-0.0331302613096168,0.0381570124030657));
#7565=CARTESIAN_POINT('',(-0.139461543967191,-0.0331302613096168,0.0381570124030657));
#7566=CARTESIAN_POINT('',(-0.141461543967191,-0.0331302613096168,0.0381570124030657));
#7567=CARTESIAN_POINT('',(-0.141461543967191,-0.0331302613096168,0.0415095062015328));
#7568=CARTESIAN_POINT('',(-0.0875615439671912,-0.0244945205574313,0.0289195062015329));
#7569=CARTESIAN_POINT('',(-0.0782628850578359,-0.0334340664173157,0.0420663367476287));
#7570=CARTESIAN_POINT('',(-0.0782628850578359,-0.021056731176055,0.023863764538756));
#7571=CARTESIAN_POINT('',(-0.0771094592755383,-0.0202724278688305,0.0227103387564583));
#7572=CARTESIAN_POINT('',(-0.0812628850578359,-0.0230966629668863,0.026863764538756));
#7573=CARTESIAN_POINT('',(-0.0782628850578359,-0.0230966629668863,0.026863764538756));
#7574=CARTESIAN_POINT('',(-0.0980047646626668,-0.0230966629668863,0.026863764538756));
#7575=CARTESIAN_POINT('',(-0.0910755746820511,-0.0183849713248303,0.0199345745581402));
#7576=CARTESIAN_POINT('',(-0.1160823981236,-0.0250341109849984,0.0297130480689508));
#7577=CARTESIAN_POINT('',(-0.139441543967191,-0.010204373164777,0.00768));
#7578=CARTESIAN_POINT('',(-0.0786415439671912,-0.000604373164776931,0.00768));
#7579=CARTESIAN_POINT('',(-0.0963534082858851,0.00680709513483673,0.00768));
#7580=CARTESIAN_POINT('',(-0.0834085583375681,0.0179944325493709,0.00768));
#7581=CARTESIAN_POINT('',(-0.083408558337568,-0.0102043731647769,0.00768));
#7582=CARTESIAN_POINT('',(-0.102441543060836,-0.019804373164777,0.00768));
#7583=CARTESIAN_POINT('',(-0.102441543060836,-0.0130979262188132,0.00768));
#7584=CARTESIAN_POINT('',(-0.102441543060836,-0.0063914792728494,0.00768));
#7585=CARTESIAN_POINT('',(-0.102441543060836,0.000314967673114399,0.00768));
#7586=CARTESIAN_POINT('',(-0.102441543058716,0.000314967667999406,0.00768));
#7587=CARTESIAN_POINT('',(-0.102441543058716,0.000314967667999416,0.00768));
#7588=CARTESIAN_POINT('',(-0.101732564889203,0.00060886885233431,0.00768));
#7589=CARTESIAN_POINT('',(-0.100404767450765,0.00133695529440616,0.00768));
#7590=CARTESIAN_POINT('',(-0.0981084893391,0.00339392792070434,0.00767999999999999));
#7591=CARTESIAN_POINT('',(-0.0969448530242421,0.00539366549656519,0.00768));
#7592=CARTESIAN_POINT('',(-0.0963534082858851,0.00680709513483674,0.00768));
#7593=CARTESIAN_POINT('',(-0.0786415439671912,-0.000451052529765211,0.0032));
#7594=CARTESIAN_POINT('',(-0.0786415439671912,-0.000451052529765211,0.00368));
#7595=CARTESIAN_POINT('',(-0.0786415439671912,0.0185956268352231,0.00368));
#7596=CARTESIAN_POINT('',(-0.0786415439671912,0.0185956268352231,0.014851));
#7597=CARTESIAN_POINT('',(-0.0786415439671912,0.0506889474702348,0.0032));
#7598=CARTESIAN_POINT('',(-0.0786415439671912,0.0506889474702348,0.));
#7599=CARTESIAN_POINT('',(-0.0786415439671912,-0.000451052529765211,0.));
#7600=CARTESIAN_POINT('',(-0.0786415439671911,-0.0515910525297652,0.));
#7601=CARTESIAN_POINT('',(-0.0786415439671911,-0.0515910525297652,0.0032));
#7602=CARTESIAN_POINT('',(-0.0644182177801837,-0.0515910525297652,0.0032));
#7603=CARTESIAN_POINT('',(-0.0644182177801837,-0.0515910525297652,0.));
#7604=CARTESIAN_POINT('',(-0.0501948915931762,-0.0515910525297652,0.));
#7605=CARTESIAN_POINT('',(-0.0501948915931762,-0.0515910525297652,0.0032));
#7606=CARTESIAN_POINT('',(-0.0311984622127589,-0.0322776843015431,0.0032));
#7607=CARTESIAN_POINT('',(-0.0311984622127589,-0.0322776843015431,0.));
#7608=CARTESIAN_POINT('',(-0.0122020328323415,-0.0129643160733209,0.));
#7609=CARTESIAN_POINT('',(-0.0122020328323415,-0.0129643160733209,0.0032));
#7610=CARTESIAN_POINT('',(-0.0122020328323416,-0.000450879967081276,0.0032));
#7611=CARTESIAN_POINT('',(-0.0122020328323416,-0.000450879967081276,0.));
#7612=CARTESIAN_POINT('',(-0.0122020328323416,0.0120625561391584,0.));
#7613=CARTESIAN_POINT('',(-0.0122020328323416,0.0120625561391584,0.0032));
#7614=CARTESIAN_POINT('',(-0.0311984612987294,0.0313757518046966,0.0032));
#7615=CARTESIAN_POINT('',(-0.0311984612987294,0.0313757518046966,0.));
#7616=CARTESIAN_POINT('',(-0.0501948897651172,0.0506889474702348,0.));
#7617=CARTESIAN_POINT('',(-0.0501948897651172,0.0506889474702348,0.0032));
#7618=CARTESIAN_POINT('',(-0.0317130328323416,-0.000604373164776927,0.0032));
#7619=CARTESIAN_POINT('',(-0.0317130328323416,-0.000604373164776927,0.));
#7620=CARTESIAN_POINT('',(-0.0317130328323416,0.00539562683522308,0.));
#7621=CARTESIAN_POINT('',(-0.0317130328323416,-0.00660437316477693,0.));
#7622=CARTESIAN_POINT('',(-0.0317130328323416,-0.00660437316477693,0.0032));
#7623=CARTESIAN_POINT('',(-0.0317130328323416,0.00539562683522308,0.0032));
#7624=CARTESIAN_POINT('',(-0.0336330328323416,-0.00660437316477693,0.0032));
#7625=CARTESIAN_POINT('',(-0.0336330328323416,-0.00660437316477693,0.));
#7626=CARTESIAN_POINT('',(-0.0355530328323416,-0.00660437316477693,0.));
#7627=CARTESIAN_POINT('',(-0.0355530328323416,-0.00660437316477693,0.0032));
#7628=CARTESIAN_POINT('',(-0.0355530328323416,-0.00060437316477693,0.0032));
#7629=CARTESIAN_POINT('',(-0.0355530328323416,-0.00060437316477693,0.));
#7630=CARTESIAN_POINT('',(-0.0355530328323416,0.00539562683522307,0.));
#7631=CARTESIAN_POINT('',(-0.0355530328323416,0.00539562683522307,0.0032));
#7632=CARTESIAN_POINT('',(-0.0261960328323416,0.00990158911019336,0.0032));
#7633=CARTESIAN_POINT('',(-0.0261960328323416,0.00990158911019336,0.));
#7634=CARTESIAN_POINT('',(-0.0245960328323416,0.00990158911019336,0.));
#7635=CARTESIAN_POINT('',(-0.0644475439671912,0.0369249475342348,0.0032));
#7636=CARTESIAN_POINT('',(-0.0644475439671912,0.0369249475342348,0.));
#7637=CARTESIAN_POINT('',(-0.0628475439671912,0.0369249475342348,0.));
#7638=CARTESIAN_POINT('',(-0.0599363438110318,-0.00878074805276474,0.0032));
#7639=CARTESIAN_POINT('',(-0.0599363438110318,-0.00878074805276474,0.));
#7640=CARTESIAN_POINT('',(-0.0583363438110318,-0.00878074805276474,0.));
#7641=CARTESIAN_POINT('',(-0.0599363438110318,-0.00878074805276474,0.0115172215424593));
#7642=CARTESIAN_POINT('',(-0.0583363438110318,-0.00878074805276474,0.0105934611117559));
#7643=CARTESIAN_POINT('',(-0.0765510353182287,-0.000452718005210732,0.0032));
#7644=CARTESIAN_POINT('',(-0.0765510353182287,-0.000452718005210732,0.0211097181566421));
#7645=CARTESIAN_POINT('',(-0.0765510353182287,-0.000452718005210732,0.));
#7646=CARTESIAN_POINT('',(-0.0749510353182287,-0.000452718005210732,0.));
#7647=CARTESIAN_POINT('',(-0.0644475439671912,-0.0378270524657652,0.0032));
#7648=CARTESIAN_POINT('',(-0.0644475439671912,-0.0378270524657652,0.));
#7649=CARTESIAN_POINT('',(-0.0628475439671912,-0.0378270524657652,0.));
#7650=CARTESIAN_POINT('',(-0.0261960328323416,-0.0112184108898066,0.0032));
#7651=CARTESIAN_POINT('',(-0.0261960328323416,-0.0112184108898066,0.));
#7652=CARTESIAN_POINT('',(-0.0245960328323416,-0.0112184108898066,0.));
#7653=CARTESIAN_POINT('',(-0.0336330328323416,0.00539562683522308,0.0032));
#7654=CARTESIAN_POINT('',(-0.0336330328323416,0.00539562683522308,0.));
#7655=CARTESIAN_POINT('',(-0.0644182168661542,0.0506889474702348,0.0032));
#7656=CARTESIAN_POINT('',(-0.0644182168661542,0.0506889474702348,0.));
#7657=CARTESIAN_POINT('',(-0.0454217883997664,-0.000451052529765197,0.));
#7658=CARTESIAN_POINT('',(-0.108792687896189,0.0185956268352231,0.012611));
#7659=CARTESIAN_POINT('',(-0.0970522218400708,0.0185956268352231,0.0329460837137344));
#7660=CARTESIAN_POINT('',(-0.0786415439671912,0.0185956268352231,0.014851));
#7661=CARTESIAN_POINT('',(-0.0786415439671912,-0.00060437316477693,0.014851));
#7662=CARTESIAN_POINT('',(-0.0963534082858851,0.00680709513483666,0.00768));
#7663=CARTESIAN_POINT('',(-0.0963534082858851,0.00680709513483667,0.0124606666666667));
#7664=CARTESIAN_POINT('',(-0.0963534082858851,0.00680709513483667,0.0172413333333333));
#7665=CARTESIAN_POINT('',(-0.0963534082858851,0.00680709513483667,0.022022));
#7666=CARTESIAN_POINT('',(-0.0963534082858851,0.00680709513483674,0.022022));
#7667=CARTESIAN_POINT('',(-0.0786415439671912,-0.000604373164776929,0.022022));
#7668=CARTESIAN_POINT('',(-0.0786415439671912,-0.000604373164776932,0.00368));
#7669=CARTESIAN_POINT('',(-0.107585470319334,-0.000604110881302616,0.00768000000000001));
#7670=CARTESIAN_POINT('',(-0.107585470319334,-0.000604110881302616,0.022022));
#7671=CARTESIAN_POINT('',(-0.102177873570878,-0.000633174831129311,0.00767999999999999));
#7672=CARTESIAN_POINT('',(-0.102177873570878,-0.000633174831129311,0.022022));
#7673=CARTESIAN_POINT('',(-0.0984333490767249,0.00183647020749374,0.00767999999999998));
#7674=CARTESIAN_POINT('',(-0.0984333490767249,0.00183647020749374,0.022022));
#7675=CARTESIAN_POINT('',(-0.0963534082858851,0.00680709513483675,0.00768));
#7676=CARTESIAN_POINT('',(-0.0963534082858851,0.00680709513483675,0.022022));
#7677=CARTESIAN_POINT('',(-0.102441543060525,0.000314967667249365,0.00768));
#7678=CARTESIAN_POINT('',(-0.104195135815309,-0.000411970071267923,0.00768000000000001));
#7679=CARTESIAN_POINT('',(-0.105953487777267,-0.000604373218272661,0.00803500925255051));
#7680=CARTESIAN_POINT('',(-0.107488885664721,-0.000604373164776923,0.00874502775765152));
#7681=CARTESIAN_POINT('',(-0.0963534082858851,0.00680709513483674,0.022022));
#7682=CARTESIAN_POINT('',(-0.0968155633668856,0.00570264082727358,0.022022));
#7683=CARTESIAN_POINT('',(-0.0979385099583029,0.00362853299777562,0.022022));
#7684=CARTESIAN_POINT('',(-0.10054226359815,0.00107805109486773,0.022022));
#7685=CARTESIAN_POINT('',(-0.103881702096963,-0.000357444305221809,0.022022));
#7686=CARTESIAN_POINT('',(-0.106285128467661,-0.000604270753327666,0.022022));
#7687=CARTESIAN_POINT('',(-0.107487402373725,-0.000604373101669033,0.022022));
#7688=CARTESIAN_POINT('',(-0.118281543967191,-0.0106713307192626,0.007738));
#7689=CARTESIAN_POINT('',(-0.175641543967191,-0.0106713307192627,0.007738));
#7690=CARTESIAN_POINT('',(-0.175641543967191,-0.0127713307192627,0.007738));
#7691=CARTESIAN_POINT('',(-0.186281543967191,-0.0106713307192627,0.007738));
#7692=CARTESIAN_POINT('',(-0.186281543967191,-0.0127713307192627,0.007738));
#7693=CARTESIAN_POINT('',(-0.112561543967191,-0.0102043731647769,0.057862));
#7694=CARTESIAN_POINT('',(-0.112561543967191,-0.0113948832615046,0.0381570124030657));
#7695=CARTESIAN_POINT('',(-0.112561543967191,0.00798604822392498,0.0536716372339611));
#7696=CARTESIAN_POINT('',(-0.112561543967191,0.00798604822392498,0.0531570124030657));
#7697=CARTESIAN_POINT('',(-0.112561543967191,0.00908604822392498,0.0531570124030657));
#7698=CARTESIAN_POINT('',(-0.112561543967191,0.00908604822392497,0.0431570124030657));
#7699=CARTESIAN_POINT('',(-0.118281543967191,-0.0454710493183615,0.048582));
#7700=CARTESIAN_POINT('',(-0.110977078514014,0.000435683718141749,0.0112155345468226));
#7701=CARTESIAN_POINT('',(-0.110977078514014,-0.019804373164777,0.0112155345468226));
#7702=CARTESIAN_POINT('',(-0.108620055482725,0.00043568371814175,0.00885851151553424));
#7703=CARTESIAN_POINT('',(-0.108620055482725,-0.019804373164777,0.00885851151553424));
#7704=CARTESIAN_POINT('',(-0.105774876998229,0.000435683718141751,0.00767999999992671));
#7705=CARTESIAN_POINT('',(-0.105774876998229,-0.019804373164777,0.00767999999992671));
#7706=CARTESIAN_POINT('',(-0.102441543060525,0.000435683718141747,0.00768));
#7707=CARTESIAN_POINT('',(-0.102441543060525,-0.019804373164777,0.00768));
#7708=CARTESIAN_POINT('',(-0.0782628850578359,-0.0102043731647769,0.026863764538756));
#7709=CARTESIAN_POINT('',(-0.0812628850578359,0.0163956268352231,0.026863764538756));
#7710=CARTESIAN_POINT('',(-0.0812628850578359,0.0163956268352231,0.026863764538756));
#7711=CARTESIAN_POINT('',(-0.0782628850578359,0.0163956268352231,0.026863764538756));
#7712=CARTESIAN_POINT('',(-0.0938568850578359,0.0163956268352231,0.026863764538756));
#7713=CARTESIAN_POINT('',(-0.0938568850578359,0.0163956268352231,0.026863764538756));
#7714=CARTESIAN_POINT('',(-0.0952395115927795,0.0163956268352231,0.026863764538756));
#7715=CARTESIAN_POINT('',(-0.0966221381277232,0.0163956268352231,0.026863764538756));
#7716=CARTESIAN_POINT('',(-0.0980047646626668,0.0163956268352231,0.026863764538756));
#7717=CARTESIAN_POINT('',(-0.0980047646626668,0.0163956268352231,0.026863764538756));
#7718=CARTESIAN_POINT('',(-0.0980047646626668,-0.0102043731647769,0.026863764538756));
#7719=CARTESIAN_POINT('',(-0.0782628850578359,-0.0168798856647769,0.039917275));
#7720=CARTESIAN_POINT('',(-0.0782628850578359,-0.00060437316477693,0.023863764538756));
#7721=CARTESIAN_POINT('',(-0.0782628850578359,0.0163956268352231,0.023863764538756));
#7722=CARTESIAN_POINT('',(-0.0782628850578359,0.0163956268352231,0.022022));
#7723=CARTESIAN_POINT('',(-0.0782628850578359,0.0163956268352231,0.0226359215129187));
#7724=CARTESIAN_POINT('',(-0.0782628850578359,0.0163956268352231,0.0232498430258373));
#7725=CARTESIAN_POINT('',(-0.0782628850578359,0.0163956268352231,0.023863764538756));
#7726=CARTESIAN_POINT('',(-0.133537166491536,-0.0401302613096168,0.037862));
#7727=CARTESIAN_POINT('',(-0.12761278901588,-0.0401302613096168,0.037862));
#7728=CARTESIAN_POINT('',(-0.12761278901588,-0.0401302613096168,0.037862));
#7729=CARTESIAN_POINT('',(-0.141461543967191,-0.0401302613096168,0.051462));
#7730=CARTESIAN_POINT('',(-0.141461543967191,-0.0401302613096168,0.037862));
#7731=CARTESIAN_POINT('',(-0.133537166491536,-0.0401302613096168,0.037862));
#7732=CARTESIAN_POINT('',(-0.12761278901588,-0.0366302613096168,0.037862));
#7733=CARTESIAN_POINT('',(-0.12761278901588,-0.0366302613096168,0.037862));
#7734=CARTESIAN_POINT('',(-0.12761278901588,-0.0354710493183615,0.037862));
#7735=CARTESIAN_POINT('',(-0.12761278901588,-0.0354710493183615,0.037862));
#7736=CARTESIAN_POINT('',(-0.127921543967191,-0.0408006553139892,0.037862));
#7737=CARTESIAN_POINT('',(-0.127921543967191,-0.0354710493183615,0.037862));
#7738=CARTESIAN_POINT('',(-0.141461543967191,-0.0354710493183615,0.037862));
#7739=CARTESIAN_POINT('',(-0.141461543967191,-0.0343006553139892,0.037862));
#7740=CARTESIAN_POINT('',(-0.139461543967191,-0.0354710493183615,0.0404395062015329));
#7741=CARTESIAN_POINT('',(-0.141461543967191,-0.0354710493183615,0.0404395062015329));
#7742=CARTESIAN_POINT('',(-0.139461543967191,-0.0113948832615046,0.0381570124030657));
#7743=CARTESIAN_POINT('',(-0.141461543967191,-0.0113948832615046,0.0381570124030657));
#7744=CARTESIAN_POINT('',(-0.139461543967191,0.00798604822392498,0.0536716372339611));
#7745=CARTESIAN_POINT('',(-0.112561543967191,0.00798604822392498,0.0531570124030657));
#7746=CARTESIAN_POINT('',(-0.141461543967191,0.00798604822392498,0.0531570124030657));
#7747=CARTESIAN_POINT('',(-0.141461543967191,0.00798604822392498,0.0536716372339611));
#7748=CARTESIAN_POINT('',(-0.0782628850578359,0.0163956268352231,0.022022));
#7749=CARTESIAN_POINT('',(-0.0782628850578359,0.0163956268352231,0.022022));
#7750=CARTESIAN_POINT('',(-0.0608863488944692,0.0163956268352231,0.022022));
#7751=CARTESIAN_POINT('',(-0.0782628850578359,0.0163956268352231,0.023863764538756));
#7752=CARTESIAN_POINT('',(-0.122664089196938,0.0163956268352231,0.0359203794613119));
#7753=CARTESIAN_POINT('',(-0.103468344980787,0.0163956268352231,0.0646039960863167));
#7754=CARTESIAN_POINT('',(-0.109756885057836,0.0163956268352231,0.058315456009268));
#7755=CARTESIAN_POINT('',(-0.109756885057836,0.0163956268352231,0.058159));
#7756=CARTESIAN_POINT('',(-0.109756885057836,0.0163956268352231,0.057862));
#7757=CARTESIAN_POINT('',(-0.107556885057836,0.0163956268352231,0.0327158849339251));
#7758=CARTESIAN_POINT('',(-0.107905508028827,0.0163956268352231,0.0367006637262921));
#7759=CARTESIAN_POINT('',(-0.0730857018913359,0.0163956268352231,0.00748337723865922));
#7760=CARTESIAN_POINT('',(-0.107508714789067,0.0163956268352231,0.0363677146651563));
#7761=CARTESIAN_POINT('',(-0.0938568850578359,0.0163956268352231,0.0227158849339251));
#7762=CARTESIAN_POINT('',(-0.109756885057836,-0.000604360664776964,0.057862));
#7763=CARTESIAN_POINT('',(-0.109277528472724,-0.000994373164776935,0.0523829291604954));
#7764=CARTESIAN_POINT('',(-0.108928905501733,-0.000994373164776935,0.0483981503681284));
#7765=CARTESIAN_POINT('',(-0.109626151443714,-0.000994373164776932,0.0563677079528624));
#7766=CARTESIAN_POINT('',(-0.108928905501733,-0.00499437316477694,0.0483981503681284));
#7767=CARTESIAN_POINT('',(-0.108928905501733,-0.00899437316477694,0.0483981503681284));
#7768=CARTESIAN_POINT('',(-0.109277528472724,-0.00899437316477694,0.0523829291604954));
#7769=CARTESIAN_POINT('',(-0.109626151443714,-0.00899437316477694,0.0563677079528624));
#7770=CARTESIAN_POINT('',(-0.109626151443714,-0.00499437316477694,0.0563677079528624));
#7771=CARTESIAN_POINT('',(-0.10724558238186,-0.033245373164777,0.0291576790655276));
#7772=CARTESIAN_POINT('',(-0.107905508028827,-0.033245373164777,0.0367006637262921));
#7773=CARTESIAN_POINT('',(-0.109756885057836,-0.033245373164777,0.057862));
#7774=CARTESIAN_POINT('',(-0.107905508028827,-0.000604360664776964,0.0367006637262921));
#7775=CARTESIAN_POINT('',(-0.109756885057836,-0.000604373164776935,0.057862));
#7776=CARTESIAN_POINT('',(-0.0973663488944692,-0.033245373164777,0.030022));
#7777=CARTESIAN_POINT('',(-0.09926467450919,-0.033245373164777,0.0281236743852792));
#7778=CARTESIAN_POINT('',(-0.107508714789067,-0.033245373164777,0.0363677146651563));
#7779=CARTESIAN_POINT('',(-0.10315663358733,-0.033245373164777,0.0327158849339251));
#7780=CARTESIAN_POINT('',(-0.109756885057836,-0.033245373164777,0.058159));
#7781=CARTESIAN_POINT('',(-0.109756885057836,-0.033245373164777,0.058315456009268));
#7782=CARTESIAN_POINT('',(-0.109915328664038,-0.033245373164777,0.0581570124030657));
#7783=CARTESIAN_POINT('',(-0.109756885057836,-0.000604373164776935,0.058159));
#7784=CARTESIAN_POINT('',(-0.109756885057836,-0.000604373164776935,0.058315456009268));
#7785=CARTESIAN_POINT('',(-0.109915328664038,-0.0125721065428459,0.0581570124030657));
#7786=CARTESIAN_POINT('',(-0.109915328664038,-0.0421710493183615,0.0581570124030657));
#7787=CARTESIAN_POINT('',(-0.0938568850578359,-0.0102043731647769,0.0227158849339251));
#7788=CARTESIAN_POINT('',(-0.107508714789067,-0.0399453731647769,0.0363677146651563));
#7789=CARTESIAN_POINT('',(-0.122561543967191,-0.00628507717865631,0.0360229204989097));
#7790=CARTESIAN_POINT('',(-0.112561543967191,0.00908604822392497,0.0431570124030657));
#7791=CARTESIAN_POINT('',(-0.141461543967191,0.00908604822392497,0.0431570124030657));
#7792=CARTESIAN_POINT('',(-0.112561543967191,0.00908604822392498,0.0531570124030657));
#7793=CARTESIAN_POINT('',(-0.141461543967191,0.00908604822392498,0.0531570124030657));
#7794=CARTESIAN_POINT('',(-0.118561543967191,0.00678604822392498,0.052595573896593));
#7795=CARTESIAN_POINT('',(-0.122061543967191,0.00678604822392498,0.052595573896593));
#7796=CARTESIAN_POINT('',(-0.115061543967191,0.00678604822392498,0.052595573896593));
#7797=CARTESIAN_POINT('',(-0.115061543967191,0.00678604822392498,0.0480955738965929));
#7798=CARTESIAN_POINT('',(-0.115061543967191,0.00678604822392498,0.043595573896593));
#7799=CARTESIAN_POINT('',(-0.118561543967191,0.00678604822392498,0.043595573896593));
#7800=CARTESIAN_POINT('',(-0.122061543967191,0.00678604822392498,0.043595573896593));
#7801=CARTESIAN_POINT('',(-0.122061543967191,0.00678604822392498,0.0480955738965929));
#7802=CARTESIAN_POINT('',(-0.188521543967191,-0.014684373164777,0.008262));
#7803=CARTESIAN_POINT('',(-0.188521543967191,-0.014684373164777,0.014342));
#7804=CARTESIAN_POINT('',(-0.188521543967191,-0.014684373164777,0.014342));
#7805=CARTESIAN_POINT('',(-0.186281543967191,-0.014684373164777,0.014342));
#7806=CARTESIAN_POINT('',(-0.186281543967191,-0.014684373164777,0.008262));
#7807=CARTESIAN_POINT('',(-0.188521543967191,-0.014684373164777,0.008262));
#7808=CARTESIAN_POINT('',(-0.188521543967191,-0.010204373164777,0.012102));
#7809=CARTESIAN_POINT('',(-0.188521543967191,-0.017244373164777,0.014342));
#7810=CARTESIAN_POINT('',(-0.194601543967191,-0.003164373164777,0.014342));
#7811=CARTESIAN_POINT('',(-0.194601543967191,-0.003164373164777,0.014342));
#7812=CARTESIAN_POINT('',(-0.188521543967191,-0.003164373164777,0.014342));
#7813=CARTESIAN_POINT('',(-0.188521543967191,-0.005724373164777,0.014342));
#7814=CARTESIAN_POINT('',(-0.188521543967191,-0.005724373164777,0.014342));
#7815=CARTESIAN_POINT('',(-0.186281543967191,-0.00572437316477699,0.014342));
#7816=CARTESIAN_POINT('',(-0.186281543967191,-0.010204373164777,0.014342));
#7817=CARTESIAN_POINT('',(-0.186281543967191,-0.010204373164777,0.012102));
#7818=CARTESIAN_POINT('',(-0.186281543967191,-0.00572437316477699,0.008262));
#7819=CARTESIAN_POINT('',(-0.188521543967191,-0.005724373164777,0.008262));
#7820=CARTESIAN_POINT('',(-0.188521543967191,-0.005724373164777,0.008262));
#7821=CARTESIAN_POINT('',(-0.194601543967191,-0.010204373164777,0.012102));
#7822=CARTESIAN_POINT('',(-0.188521543967191,-0.010204373164777,0.012102));
#7823=CARTESIAN_POINT('',(-0.175641543967191,-0.0463210493183616,0.0516105));
#7824=CARTESIAN_POINT('',(-0.125541543967191,-0.0499710493183615,0.0516105));
#7825=CARTESIAN_POINT('',(-0.125541543967191,-0.0499710493183615,0.0516105));
#7826=CARTESIAN_POINT('',(-0.125541543967191,-0.0504710493183615,0.0516105));
#7827=CARTESIAN_POINT('',(-0.175641543967191,-0.0499710493183616,0.0516105));
#7828=CARTESIAN_POINT('',(-0.112541543967191,-0.0421710493183615,0.0516105));
#7829=CARTESIAN_POINT('',(-0.112541543967191,-0.0421710493183615,0.0516105));
#7830=CARTESIAN_POINT('',(-0.112541543967191,-0.0463210493183615,0.0516105));
#7831=CARTESIAN_POINT('',(-0.112541543967191,-0.0429654958188964,0.0516105));
#7832=CARTESIAN_POINT('',(-0.161319541254339,-0.0711274856831617,0.0516105));
#7833=CARTESIAN_POINT('',(-0.175641543967191,-0.010204373164777,0.012102));
#7834=CARTESIAN_POINT('',(-0.175641543967191,-0.014684373164777,0.008262));
#7835=CARTESIAN_POINT('',(-0.175641543967191,-0.014684373164777,0.014342));
#7836=CARTESIAN_POINT('',(-0.175641543967191,-0.00572437316477703,0.008262));
#7837=CARTESIAN_POINT('',(-0.175641543967191,-0.00572437316477703,0.014342));
#7838=CARTESIAN_POINT('',(-0.175641543967191,-0.010204373164777,0.014342));
#7839=CARTESIAN_POINT('',(-0.175641543967191,-0.014684373164777,0.008262));
#7840=CARTESIAN_POINT('',(-0.175641543967191,-0.014684373164777,0.014342));
#7841=CARTESIAN_POINT('',(-0.142281587059654,-0.014684373164777,0.014342));
#7842=CARTESIAN_POINT('',(-0.169040040221773,-0.014684373164777,-0.00233206134544332));
#7843=CARTESIAN_POINT('',(-0.175641543967191,-0.010204373164777,0.014342));
#7844=CARTESIAN_POINT('',(-0.142281587059654,-0.010204373164777,0.014342));
#7845=CARTESIAN_POINT('',(-0.142281587059654,-0.00572437316477699,0.014342));
#7846=CARTESIAN_POINT('',(-0.175641543967191,-0.00572437316477703,0.014342));
#7847=CARTESIAN_POINT('',(-0.175641543967191,-0.00572437316477703,0.008262));
#7848=CARTESIAN_POINT('',(-0.169040040221773,-0.00572437316477702,-0.00233206134544332));
#7849=CARTESIAN_POINT('',(-0.15074018153817,0.00519562683522306,0.00907117502456156));
#7850=CARTESIAN_POINT('',(-0.16396499590517,-0.0452740947519682,0.060997));
#7851=CARTESIAN_POINT('',(-0.141228725374701,-0.0421710493183615,0.060997));
#7852=CARTESIAN_POINT('',(-0.141461543967191,-0.0366302613096168,0.051462));
#7853=CARTESIAN_POINT('',(-0.141461543967191,-0.0376302613096168,0.052862));
#7854=CARTESIAN_POINT('',(-0.141461543967191,-0.0376302613096168,0.051262));
#7855=CARTESIAN_POINT('',(-0.141461543967191,-0.0376302613096168,0.042862));
#7856=CARTESIAN_POINT('',(-0.141461543967191,-0.0376302613096168,0.041262));
#7857=CARTESIAN_POINT('',(-0.141461543967191,0.0126996639515695,0.0431570124030657));
#7858=CARTESIAN_POINT('',(-0.141461543967191,0.0126996639515695,0.0415570124030657));
#7859=CARTESIAN_POINT('',(-0.141461543967191,0.0126996639515695,0.0531570124030657));
#7860=CARTESIAN_POINT('',(-0.141461543967191,0.0126996639515695,0.0515570124030657));
#7861=CARTESIAN_POINT('',(-0.133461543967191,-0.0376302613096168,0.052862));
#7862=CARTESIAN_POINT('',(-0.132500166976747,-0.0376302613096168,0.052862));
#7863=CARTESIAN_POINT('',(-0.133461543967191,-0.0376302613096168,0.052862));
#7864=CARTESIAN_POINT('',(-0.133461543967191,-0.0376302613096168,0.051262));
#7865=CARTESIAN_POINT('',(-0.139461543967191,-0.0376302613096168,0.052862));
#7866=CARTESIAN_POINT('',(-0.133461543967191,-0.0376302613096168,0.042862));
#7867=CARTESIAN_POINT('',(-0.132500166976747,-0.0376302613096168,0.042862));
#7868=CARTESIAN_POINT('',(-0.133461543967191,-0.0376302613096168,0.042862));
#7869=CARTESIAN_POINT('',(-0.133461543967191,-0.0376302613096168,0.041262));
#7870=CARTESIAN_POINT('',(-0.139461543967191,-0.0376302613096168,0.042862));
#7871=CARTESIAN_POINT('',(-0.133461543967191,0.0126996639515695,0.0431570124030657));
#7872=CARTESIAN_POINT('',(-0.132500166976747,0.0126996639515695,0.0431570124030657));
#7873=CARTESIAN_POINT('',(-0.133461543967191,0.0126996639515695,0.0431570124030657));
#7874=CARTESIAN_POINT('',(-0.133461543967191,0.0126996639515695,0.0415570124030657));
#7875=CARTESIAN_POINT('',(-0.139461543967191,0.0126996639515695,0.0431570124030657));
#7876=CARTESIAN_POINT('',(-0.133461543967191,0.0126996639515695,0.0531570124030657));
#7877=CARTESIAN_POINT('',(-0.132500166976747,0.0126996639515695,0.0531570124030657));
#7878=CARTESIAN_POINT('',(-0.133461543967191,0.0126996639515695,0.0531570124030657));
#7879=CARTESIAN_POINT('',(-0.133461543967191,0.0126996639515695,0.0515570124030657));
#7880=CARTESIAN_POINT('',(-0.139461543967191,0.0126996639515695,0.0531570124030657));
#7881=CARTESIAN_POINT('',(-0.126001543967191,-0.0421710493183615,0.051462));
#7882=CARTESIAN_POINT('',(-0.183733880330087,-0.0311302613096168,0.0554505));
#7883=CARTESIAN_POINT('',(-0.183733880330087,-0.0311302613096168,0.0554505));
#7884=CARTESIAN_POINT('',(-0.164965293967191,-0.0311302613096168,0.0530557375));
#7885=CARTESIAN_POINT('',(-0.187776343902747,-0.0311302613096168,0.046742));
#7886=CARTESIAN_POINT('',(-0.187776343902747,-0.0311302613096168,0.046742));
#7887=CARTESIAN_POINT('',(-0.186127712148639,-0.0311302613096168,0.046742));
#7888=CARTESIAN_POINT('',(-0.194521543967191,-0.0311302613096168,0.046742));
#7889=CARTESIAN_POINT('',(-0.194521543967191,-0.0311302613096168,0.055302));
#7890=CARTESIAN_POINT('',(-0.194521543967191,-0.0385662678500698,0.0554505));
#7891=CARTESIAN_POINT('',(-0.194521543967191,-0.0385662678500698,0.0554505));
#7892=CARTESIAN_POINT('',(-0.194521543967191,-0.0385662678500698,0.046742));
#7893=CARTESIAN_POINT('',(-0.191148943934969,-0.0385662678500698,0.046742));
#7894=CARTESIAN_POINT('',(-0.187776343902747,-0.0385662678500698,0.046742));
#7895=CARTESIAN_POINT('',(-0.187776343902747,-0.0385662678500698,0.046742));
#7896=CARTESIAN_POINT('',(-0.194521543967191,-0.0408006553139892,0.0554505));
#7897=CARTESIAN_POINT('',(-0.194521543967191,-0.0363110493183615,0.046742));
#7898=CARTESIAN_POINT('',(-0.187776343902747,-0.0348482645798433,0.046742));
#7899=CARTESIAN_POINT('',(-0.187776343902747,-0.0348482645798433,0.046742));
#7900=CARTESIAN_POINT('',(-0.189127712148639,-0.0408006553139892,0.046742));
#7901=CARTESIAN_POINT('',(-0.112541543967191,-0.0421710493183615,0.048962));
#7902=CARTESIAN_POINT('',(-0.112541543967191,-0.0421710493183615,0.048962));
#7903=CARTESIAN_POINT('',(-0.112541543967191,-0.0484710493183615,0.048962));
#7904=CARTESIAN_POINT('',(-0.112541543967191,-0.0429654958188964,0.0516105));
#7905=CARTESIAN_POINT('',(-0.125541543967191,-0.0504710493183615,0.051462));
#7906=CARTESIAN_POINT('',(-0.125541543967191,-0.0504710493183615,0.058159));
#7907=CARTESIAN_POINT('',(-0.133441543967191,-0.0101043731647769,0.0609990124030657));
#7908=CARTESIAN_POINT('',(-0.125541543967191,-0.0499710493183615,0.058159));
#7909=CARTESIAN_POINT('',(-0.125541543967191,-0.0499710493183615,0.058159));
#7910=CARTESIAN_POINT('',(-0.132081543967191,-0.0499710493183615,0.051462));
#7911=CARTESIAN_POINT('',(-0.0782628850578359,-0.0168798856647769,0.023863764538756));
#7912=CARTESIAN_POINT('',(-0.0431311538217473,-0.0102043731647769,0.00181474057836309));
#7913=CARTESIAN_POINT('',(-0.083408558337568,-0.0102043731647769,0.00768));
#7914=CARTESIAN_POINT('',(-0.108928905501733,-0.00499437316477694,0.0483981503681284));
#7915=CARTESIAN_POINT('',(-0.108928905501733,-0.000994373164776935,0.0483981503681284));
#7916=CARTESIAN_POINT('',(-0.108928905501733,-0.00899437316477694,0.0483981503681284));
#7917=CARTESIAN_POINT('',(-0.109277528472724,-0.00899437316477694,0.0523829291604954));
#7918=CARTESIAN_POINT('',(-0.109626151443714,-0.00899437316477694,0.0563677079528624));
#7919=CARTESIAN_POINT('',(-0.109626151443714,-0.00499437316477694,0.0563677079528624));
#7920=CARTESIAN_POINT('',(-0.109626151443714,-0.000994373164776935,0.0563677079528624));
#7921=CARTESIAN_POINT('',(-0.109277528472724,-0.000994373164776935,0.0523829291604954));
#7922=CARTESIAN_POINT('',(-0.10315663358733,-0.0399453731647769,0.0327158849339251));
#7923=MECHANICAL_DESIGN_GEOMETRIC_PRESENTATION_REPRESENTATION('',(#4883),#7925);
#7924=MECHANICAL_DESIGN_GEOMETRIC_PRESENTATION_REPRESENTATION('',(#4884),#7926);
#7925=(
GEOMETRIC_REPRESENTATION_CONTEXT(3)
GLOBAL_UNCERTAINTY_ASSIGNED_CONTEXT((#7927))
GLOBAL_UNIT_ASSIGNED_CONTEXT((#7933,#7931,#7929))
REPRESENTATION_CONTEXT('Part 2','TOP_LEVEL_ASSEMBLY_PART')
);
#7926=(
GEOMETRIC_REPRESENTATION_CONTEXT(3)
GLOBAL_UNCERTAINTY_ASSIGNED_CONTEXT((#7928))
GLOBAL_UNIT_ASSIGNED_CONTEXT((#7934,#7932,#7930))
REPRESENTATION_CONTEXT('Part 1','TOP_LEVEL_ASSEMBLY_PART')
);
#7927=UNCERTAINTY_MEASURE_WITH_UNIT(LENGTH_MEASURE(6.10989066715738E-05),#7933,'DISTANCE_ACCURACY_VALUE','Maximum Tolerance applied to model');
#7928=UNCERTAINTY_MEASURE_WITH_UNIT(LENGTH_MEASURE(6.10989066715738E-05),#7934,'DISTANCE_ACCURACY_VALUE','Maximum Tolerance applied to model');
#7929=(
NAMED_UNIT(*)
SI_UNIT($,.STERADIAN.)
SOLID_ANGLE_UNIT()
);
#7930=(
NAMED_UNIT(*)
SI_UNIT($,.STERADIAN.)
SOLID_ANGLE_UNIT()
);
#7931=(
NAMED_UNIT(*)
PLANE_ANGLE_UNIT()
SI_UNIT($,.RADIAN.)
);
#7932=(
NAMED_UNIT(*)
PLANE_ANGLE_UNIT()
SI_UNIT($,.RADIAN.)
);
#7933=(
LENGTH_UNIT()
NAMED_UNIT(*)
SI_UNIT($,.METRE.)
);
#7934=(
LENGTH_UNIT()
NAMED_UNIT(*)
SI_UNIT($,.METRE.)
);
#7935=PRODUCT_DEFINITION_SHAPE('','',#7937);
#7936=PRODUCT_DEFINITION_SHAPE('','',#7938);
#7937=PRODUCT_DEFINITION('','',#7941,#7939);
#7938=PRODUCT_DEFINITION('','',#7942,#7940);
#7939=PRODUCT_DEFINITION_CONTEXT('',#7953,'design');
#7940=PRODUCT_DEFINITION_CONTEXT('',#7954,'design');
#7941=PRODUCT_DEFINITION_FORMATION_WITH_SPECIFIED_SOURCE('','',#7945,.NOT_KNOWN.);
#7942=PRODUCT_DEFINITION_FORMATION_WITH_SPECIFIED_SOURCE('','',#7946,.NOT_KNOWN.);
#7943=PRODUCT_RELATED_PRODUCT_CATEGORY('','',(#7945));
#7944=PRODUCT_RELATED_PRODUCT_CATEGORY('','',(#7946));
#7945=PRODUCT('Part 2','Part 2','Part 2',(#7949));
#7946=PRODUCT('Part 1','Part 1','Part 1',(#7950));
#7947=PRODUCT_CATEGORY('','');
#7948=PRODUCT_CATEGORY('','');
#7949=PRODUCT_CONTEXT('',#7953,'mechanical');
#7950=PRODUCT_CONTEXT('',#7954,'mechanical');
#7951=APPLICATION_PROTOCOL_DEFINITION('international standard','ap242_managed_model_based_3d_engineering',2020,#7953);
#7952=APPLICATION_PROTOCOL_DEFINITION('international standard','ap242_managed_model_based_3d_engineering',2020,#7954);
#7953=APPLICATION_CONTEXT('managed model based 3d engineering');
#7954=APPLICATION_CONTEXT('managed model based 3d engineering');
#7955=COMPOSITE_SHAPE_ASPECT('hole_callout.FCWATxJM7GwVARA_1.JTD.0',$,#7936,$);
#7956=SHAPE_ASPECT('hole_callout.FCWATxJM7GwVARA_1.JTD.0',$,#7936,.T.);
#7957=GEOMETRIC_ITEM_SPECIFIC_USAGE('','',#7956,#13,#4859);
#7958=SHAPE_ASPECT_RELATIONSHIP('','',#7955,#7956);
#7959=SHAPE_ASPECT('hole_callout.FCWATxJM7GwVARA_1.JTD.0',$,#7936,.T.);
#7960=GEOMETRIC_ITEM_SPECIFIC_USAGE('','',#7959,#13,#4858);
#7961=SHAPE_ASPECT_RELATIONSHIP('','',#7955,#7959);
#7962=SHAPE_ASPECT('hole_callout.FCWATxJM7GwVARA_1.JTD.0',$,#7936,.T.);
#7963=GEOMETRIC_ITEM_SPECIFIC_USAGE('','',#7962,#13,#4855);
#7964=SHAPE_ASPECT_RELATIONSHIP('','',#7955,#7962);
#7965=SHAPE_ASPECT('hole_callout.FCWATxJM7GwVARA_1.JTD.0',$,#7936,.T.);
#7966=GEOMETRIC_ITEM_SPECIFIC_USAGE('','',#7965,#13,#4854);
#7967=SHAPE_ASPECT_RELATIONSHIP('','',#7955,#7965);
#7968=SHAPE_ASPECT('hole_callout.FCWATxJM7GwVARA_1.JTD.0',$,#7936,.T.);
#7969=GEOMETRIC_ITEM_SPECIFIC_USAGE('','',#7968,#13,#4857);
#7970=SHAPE_ASPECT_RELATIONSHIP('','',#7955,#7968);
#7971=SHAPE_ASPECT('hole_callout.FCWATxJM7GwVARA_1.JTD.0',$,#7936,.T.);
#7972=GEOMETRIC_ITEM_SPECIFIC_USAGE('','',#7971,#13,#4856);
#7973=SHAPE_ASPECT_RELATIONSHIP('','',#7955,#7971);
#7974=SHAPE_ASPECT('hole_callout.FCWATxJM7GwVARA_1.JTD.0',$,#7936,.T.);
#7975=GEOMETRIC_ITEM_SPECIFIC_USAGE('','',#7974,#13,#4853);
#7976=SHAPE_ASPECT_RELATIONSHIP('','',#7955,#7974);
#7977=SHAPE_ASPECT('hole_callout.FCWATxJM7GwVARA_1.JTD.0',$,#7936,.T.);
#7978=GEOMETRIC_ITEM_SPECIFIC_USAGE('','',#7977,#13,#4852);
#7979=SHAPE_ASPECT_RELATIONSHIP('','',#7955,#7977);
#7980=DIMENSIONAL_SIZE(#7955,'depth');
#7981=(
LENGTH_UNIT()
NAMED_UNIT(*)
SI_UNIT(.MILLI.,.METRE.)
);
#7983=PRECISION_QUALIFIER(3);
#7982=(
LENGTH_MEASURE_WITH_UNIT()
MEASURE_REPRESENTATION_ITEM()
MEASURE_WITH_UNIT(POSITIVE_LENGTH_MEASURE(6.),#7981)
QUALIFIED_REPRESENTATION_ITEM((#7983))
REPRESENTATION_ITEM('nominal value')
);
#7984=COMPOUND_REPRESENTATION_ITEM('modifiers',SET_REPRESENTATION_ITEM((#7985)));
#7985=DESCRIPTIVE_REPRESENTATION_ITEM('dimensional note','depth');
#7986=SHAPE_DIMENSION_REPRESENTATION('',(#7982,#7984),#7926);
#7987=DIMENSIONAL_CHARACTERISTIC_REPRESENTATION(#7980,#7986);
#7988=DIMENSIONAL_SIZE(#7955,'diameter');
#7989=(
LENGTH_UNIT()
NAMED_UNIT(*)
SI_UNIT(.MILLI.,.METRE.)
);
#7991=PRECISION_QUALIFIER(3);
#7990=(
LENGTH_MEASURE_WITH_UNIT()
MEASURE_REPRESENTATION_ITEM()
MEASURE_WITH_UNIT(POSITIVE_LENGTH_MEASURE(3.2),#7989)
QUALIFIED_REPRESENTATION_ITEM((#7991))
REPRESENTATION_ITEM('nominal value')
);
#7992=COMPOUND_REPRESENTATION_ITEM('modifiers',SET_REPRESENTATION_ITEM((#7993)));
#7993=DESCRIPTIVE_REPRESENTATION_ITEM('dimensional note','diameter');
#7994=SHAPE_DIMENSION_REPRESENTATION('',(#7990,#7992),#7926);
#7995=DIMENSIONAL_CHARACTERISTIC_REPRESENTATION(#7988,#7994);
#7996=PRESENTATION_STYLE_ASSIGNMENT((NULL_STYLE(.NULL.)));
#7997=CARTESIAN_POINT('',(-0.141461543967191,0.0126996639515696,0.0531570124030657));
#7998=DIRECTION('',(-1.,0.,0.));
#7999=DIRECTION('',(0.,-1.,0.));
#8000=AXIS2_PLACEMENT_3D('',#7997,#7998,#7999);
#8001=PLANE('',#8000);
#8002=ANNOTATION_PLANE('',(#7996),#8001,(#8029));
#8003=CARTESIAN_POINT('',(0.,0.,0.));
#8004=DIRECTION('',(0.,0.,1.));
#8005=DIRECTION('',(1.,0.,0.));
#8006=AXIS2_PLACEMENT_3D('',#8003,#8004,#8005);
#8007=CARTESIAN_POINT('',(0.,0.,0.));
#8008=DIRECTION('',(0.,0.,1.));
#8009=DIRECTION('',(1.,0.,0.));
#8010=AXIS2_PLACEMENT_3D('',#8007,#8008,#8009);
#8011=SHAPE_REPRESENTATION('',(#8010,#4899),#7926);
#8012=REPRESENTATION_MAP(#8006,#8011);
#8013=MAPPED_ITEM('',#8012,#8006);
#8014=PRESENTATION_STYLE_ASSIGNMENT((NULL_STYLE(.NULL.)));
#8015=STYLED_ITEM('',(#8014),#8013);
#8016=DRAUGHTING_MODEL('',(#8002,#8006,#8013,#8015),#7926);
#8017=DRAUGHTING_PRE_DEFINED_CURVE_FONT('continuous');
#8018=COLOUR_RGB('',0.,0.,0.);
#8019=CURVE_STYLE('',#8017,POSITIVE_LENGTH_MEASURE(0.02),#8018);
#8020=PRESENTATION_STYLE_ASSIGNMENT((#8019));
#8021=COORDINATES_LIST('coordinates',2028,((-0.1414615,0.0115683,0.0542884),(-0.1414615,0.0101541,0.0571168),(-0.1414615,0.0087399,0.0557026),(-0.1414615,0.0005523,0.0617721),(-0.1414615,0.0004552,0.0617314),(-0.1414615,0.0003572,0.0616962),(-0.1414615,0.0005523,0.0617721),(-0.1414615,0.0003572,0.0616962),(-0.1414615,0.0002582,0.0616663),(-0.1414615,0.0005523,0.0617721),(-0.1414615,0.0002582,0.0616663),(-0.1414615,0.0001583,0.0616419),(-0.1414615,0.0005523,0.0617721),(-0.1414615,0.0001583,0.0616419),(-0.1414615,0.0000574,0.0616230),(-0.1414615,0.0005523,0.0617721),(-0.1414615,0.0000574,0.0616230),(-0.1414615,-0.0000444,0.0616094),(-0.1414615,0.0005523,0.0617721),(-0.1414615,-0.0000444,0.0616094),(-0.1414615,-0.0001472,0.0616013),(-0.1414615,0.0005523,0.0617721),(-0.1414615,-0.0001472,0.0616013),(-0.1414615,-0.0002510,0.0615985),(-0.1414615,0.0005523,0.0617721),(-0.1414615,-0.0002510,0.0615985),(-0.1414615,-0.0003868,0.0616029),(-0.1414615,0.0005523,0.0617721),(-0.1414615,-0.0003868,0.0616029),(-0.1414615,-0.0005200,0.0616158),(-0.1414615,0.0005523,0.0617721),(-0.1414615,-0.0005200,0.0616158),(-0.1414615,-0.0006507,0.0616374),(-0.1414615,0.0005523,0.0617721),(-0.1414615,-0.0006507,0.0616374),(-0.1414615,-0.0007789,0.0616676),(-0.1414615,0.0005523,0.0617721),(-0.1414615,-0.0007789,0.0616676),(-0.1414615,-0.0009044,0.0617065),(-0.1414615,0.0005523,0.0617721),(-0.1414615,-0.0009044,0.0617065),(-0.1414615,-0.0010275,0.0617539),(-0.1414615,0.0005523,0.0617721),(-0.1414615,-0.0010275,0.0617539),(-0.1414615,-0.0011480,0.0618100),(-0.1414615,0.0005523,0.0617721),(-0.1414615,-0.0011480,0.0618100),(-0.1414615,-0.0012659,0.0618748),(-0.1414615,0.0005523,0.0617721),(-0.1414615,-0.0012659,0.0618748),(-0.1414615,-0.0013795,0.0619472),(-0.1414615,0.0005523,0.0617721),(-0.1414615,-0.0013795,0.0619472),(-0.1414615,-0.0014869,0.0620257),(-0.1414615,0.0005523,0.0617721),(-0.1414615,-0.0014869,0.0620257),(-0.1414615,-0.0015880,0.0621104),(-0.1414615,0.0005523,0.0617721),(-0.1414615,-0.0015880,0.0621104),(-0.1414615,-0.0016829,0.0622013),(-0.1414615,0.0005523,0.0617721),(-0.1414615,-0.0016829,0.0622013),(-0.1414615,-0.0017716,0.0622983),(-0.1414615,-0.0017716,0.0622983),(-0.1414615,-0.0018541,0.0624014),(-0.1414615,-0.0019304,0.0625107),(-0.1414615,-0.0017716,0.0622983),(-0.1414615,-0.0019304,0.0625107),(-0.1414615,-0.0020004,0.0626262),(-0.1414615,-0.0017716,0.0622983),(-0.1414615,-0.0020004,0.0626262),(-0.1414615,-0.0020634,0.0627460),(-0.1414615,-0.0017716,0.0622983),(-0.1414615,-0.0020634,0.0627460),(-0.1414615,-0.0021180,0.0628682),(-0.1414615,-0.0017716,0.0622983),(-0.1414615,-0.0021180,0.0628682),(-0.1414615,-0.0021642,0.0629930),(-0.1414615,-0.0017716,0.0622983),(-0.1414615,-0.0021642,0.0629930),(-0.1414615,-0.0022020,0.0631202),(-0.1414615,-0.0017716,0.0622983),(-0.1414615,-0.0022020,0.0631202),(-0.1414615,-0.0022314,0.0632499),(-0.1414615,-0.0017716,0.0622983),(-0.1414615,-0.0022314,0.0632499),(-0.1414615,-0.0022524,0.0633820),(-0.1414615,-0.0017716,0.0622983),(-0.1414615,-0.0022524,0.0633820),(-0.1414615,-0.0022650,0.0635167),(-0.1414615,-0.0017716,0.0622983),(-0.1414615,-0.0022650,0.0635167),(-0.1414615,-0.0022692,0.0636538),(-0.1414615,-0.0017716,0.0622983),(-0.1414615,-0.0022692,0.0636538),(-0.1414615,-0.0022650,0.0637855),(-0.1414615,-0.0017716,0.0622983),(-0.1414615,-0.0022650,0.0637855),(-0.1414615,-0.0022524,0.0639163),(-0.1414615,-0.0017716,0.0622983),(-0.1414615,-0.0022524,0.0639163),(-0.1414615,-0.0022314,0.0640463),(-0.1414615,-0.0017716,0.0622983),(-0.1414615,-0.0022314,0.0640463),(-0.1414615,-0.0022020,0.0641756),(-0.1414615,-0.0017716,0.0622983),(-0.1414615,-0.0022020,0.0641756),(-0.1414615,-0.0021642,0.0643040),(-0.1414615,-0.0017716,0.0622983),(-0.1414615,-0.0021642,0.0643040),(-0.1414615,-0.0021180,0.0644317),(-0.1414615,-0.0021180,0.0644317),(-0.1414615,-0.0017263,0.0642902),(-0.1414615,-0.0017628,0.0641923),(-0.1414615,-0.0021180,0.0644317),(-0.1414615,-0.0017628,0.0641923),(-0.1414615,-0.0017927,0.0640912),(-0.1414615,-0.0021180,0.0644317),(-0.1414615,-0.0017927,0.0640912),(-0.1414615,-0.0018160,0.0639868),(-0.1414615,-0.0021180,0.0644317),(-0.1414615,-0.0018160,0.0639868),(-0.1414615,-0.0018326,0.0638791),(-0.1414615,-0.0021180,0.0644317),(-0.1414615,-0.0018326,0.0638791),(-0.1414615,-0.0018426,0.0637681),(-0.1414615,-0.0021180,0.0644317),(-0.1414615,-0.0018426,0.0637681),(-0.1414615,-0.0018459,0.0636538),(-0.1414615,-0.0021180,0.0644317),(-0.1414615,-0.0018459,0.0636538),(-0.1414615,-0.0018426,0.0635438),(-0.1414615,-0.0017716,0.0622983),(-0.1414615,-0.0021180,0.0644317),(-0.1414615,-0.0018426,0.0635438),(-0.1414615,-0.0017716,0.0622983),(-0.1414615,-0.0018426,0.0635438),(-0.1414615,-0.0018325,0.0634359),(-0.1414615,-0.0017716,0.0622983),(-0.1414615,-0.0018325,0.0634359),(-0.1414615,-0.0018157,0.0633303),(-0.1414615,-0.0017716,0.0622983),(-0.1414615,-0.0018157,0.0633303),(-0.1414615,-0.0017922,0.0632268),(-0.1414615,-0.0017716,0.0622983),(-0.1414615,-0.0017922,0.0632268),(-0.1414615,-0.0017620,0.0631255),(-0.1414615,-0.0017716,0.0622983),(-0.1414615,-0.0017620,0.0631255),(-0.1414615,-0.0017251,0.0630264),(-0.1414615,-0.0017716,0.0622983),(-0.1414615,-0.0017251,0.0630264),(-0.1414615,-0.0016814,0.0629294),(-0.1414615,-0.0017716,0.0622983),(-0.1414615,-0.0016814,0.0629294),(-0.1414615,-0.0016311,0.0628347),(-0.1414615,-0.0017716,0.0622983),(-0.1414615,-0.0016311,0.0628347),(-0.1414615,-0.0015752,0.0627435),(-0.1414615,-0.0017716,0.0622983),(-0.1414615,-0.0015752,0.0627435),(-0.1414615,-0.0015146,0.0626571),(-0.1414615,-0.0017716,0.0622983),(-0.1414615,-0.0015146,0.0626571),(-0.1414615,-0.0014492,0.0625757),(-0.1414615,-0.0017716,0.0622983),(-0.1414615,-0.0014492,0.0625757),(-0.1414615,-0.0013789,0.0624992),(-0.1414615,-0.0017716,0.0622983),(-0.1414615,-0.0013789,0.0624992),(-0.1414615,-0.0013039,0.0624276),(-0.1414615,-0.0017716,0.0622983),(-0.1414615,-0.0013039,0.0624276),(-0.1414615,-0.0012241,0.0623608),(-0.1414615,-0.0017716,0.0622983),(-0.1414615,-0.0012241,0.0623608),(-0.1414615,-0.0011395,0.0622990),(-0.1414615,-0.0017716,0.0622983),(-0.1414615,-0.0011395,0.0622990),(-0.1414615,-0.0010500,0.0622420),(-0.1414615,-0.0017716,0.0622983),(-0.1414615,-0.0010500,0.0622420),(-0.1414615,-0.0009575,0.0621909),(-0.1414615,-0.0017716,0.0622983),(-0.1414615,-0.0009575,0.0621909),(-0.1414615,-0.0008628,0.0621466),(-0.1414615,-0.0017716,0.0622983),(-0.1414615,-0.0008628,0.0621466),(-0.1414615,-0.0007660,0.0621092),(-0.1414615,-0.0017716,0.0622983),(-0.1414615,-0.0007660,0.0621092),(-0.1414615,-0.0006672,0.0620785),(-0.1414615,0.0005523,0.0617721),(-0.1414615,-0.0017716,0.0622983),(-0.1414615,-0.0006672,0.0620785),(-0.1414615,0.0005523,0.0617721),(-0.1414615,-0.0006672,0.0620785),(-0.1414615,-0.0005663,0.0620547),(-0.1414615,0.0005523,0.0617721),(-0.1414615,-0.0005663,0.0620547),(-0.1414615,-0.0004633,0.0620376),(-0.1414615,0.0005523,0.0617721),(-0.1414615,-0.0004633,0.0620376),(-0.1414615,-0.0003582,0.0620274),(-0.1414615,0.0005523,0.0617721),(-0.1414615,-0.0003582,0.0620274),(-0.1414615,-0.0002510,0.0620240),(-0.1414615,0.0005523,0.0617721),(-0.1414615,-0.0002510,0.0620240),(-0.1414615,-0.0000974,0.0620311),(-0.1414615,0.0005523,0.0617721),(-0.1414615,-0.0000974,0.0620311),(-0.1414615,0.0000522,0.0620523),(-0.1414615,0.0005523,0.0617721),(-0.1414615,0.0000522,0.0620523),(-0.1414615,0.0001979,0.0620877),(-0.1414615,0.0005523,0.0617721),(-0.1414615,0.0001979,0.0620877),(-0.1414615,0.0003395,0.0621372),(-0.1414615,0.0005523,0.0617721),(-0.1414615,0.0003395,0.0621372),(-0.1414615,-0.0012575,0.0649207),(-0.1414615,0.0011132,0.0607974),(-0.1414615,0.0005523,0.0617721),(-0.1414615,-0.0012575,0.0649207),(-0.1414615,-0.0016830,0.0643848),(-0.1414615,-0.0017263,0.0642902),(-0.1414615,-0.0021180,0.0644317),(-0.1414615,-0.0016332,0.0644762),(-0.1414615,-0.0016830,0.0643848),(-0.1414615,-0.0021180,0.0644317),(-0.1414615,-0.0015653,0.0645801),(-0.1414615,-0.0016332,0.0644762),(-0.1414615,-0.0021180,0.0644317),(-0.1414615,-0.0014800,0.0646889),(-0.1414615,-0.0015653,0.0645801),(-0.1414615,-0.0021180,0.0644317),(-0.1414615,-0.0014309,0.0647450),(-0.1414615,-0.0014800,0.0646889),(-0.1414615,-0.0021180,0.0644317),(-0.1414615,-0.0013774,0.0648024),(-0.1414615,-0.0014309,0.0647450),(-0.1414615,-0.0021180,0.0644317),(-0.1414615,-0.0013196,0.0648609),(-0.1414615,-0.0013774,0.0648024),(-0.1414615,-0.0021180,0.0644317),(-0.1414615,-0.0012575,0.0649207),(-0.1414615,-0.0013196,0.0648609),(-0.1414615,-0.0021180,0.0644317),(-0.1414615,-0.0012575,0.0649207),(-0.1414615,-0.0021180,0.0644317),(-0.1414615,-0.0020634,0.0645586),(-0.1414615,-0.0012575,0.0649207),(-0.1414615,-0.0020634,0.0645586),(-0.1414615,-0.0020004,0.0646846),(-0.1414615,-0.0012575,0.0649207),(-0.1414615,-0.0020004,0.0646846),(-0.1414615,-0.0019502,0.0647714),(-0.1414615,-0.0012575,0.0649207),(-0.1414615,-0.0019502,0.0647714),(-0.1414615,-0.0018955,0.0648548),(-0.1414615,-0.0012575,0.0649207),(-0.1414615,-0.0018955,0.0648548),(-0.1414615,-0.0018361,0.0649349),(-0.1414615,-0.0012575,0.0649207),(-0.1414615,-0.0018361,0.0649349),(-0.1414615,-0.0017721,0.0650117),(-0.1414615,-0.0012575,0.0649207),(-0.1414615,-0.0017721,0.0650117),(-0.1414615,-0.0017035,0.0650852),(-0.1414615,-0.0012575,0.0649207),(-0.1414615,-0.0017035,0.0650852),(-0.1414615,-0.0016303,0.0651553),(-0.1414615,-0.0012575,0.0649207),(-0.1414615,-0.0016303,0.0651553),(-0.1414615,-0.0015526,0.0652222),(-0.1414615,-0.0012575,0.0649207),(-0.1414615,-0.0015526,0.0652222),(-0.1414615,-0.0014702,0.0652858),(-0.1414615,-0.0012575,0.0649207),(-0.1414615,-0.0014702,0.0652858),(-0.1414615,-0.0020121,0.0662383),(-0.1414615,0.0011132,0.0607974),(-0.1414615,-0.0012575,0.0649207),(-0.1414615,-0.0020121,0.0662383),(-0.1414615,0.0011132,0.0607974),(-0.1414615,-0.0020121,0.0662383),(-0.1414615,-0.0020406,0.0663420),(-0.1414615,0.0011132,0.0607974),(-0.1414615,-0.0020406,0.0663420),(-0.1414615,-0.0020332,0.0664023),(-0.1414615,0.0011132,0.0607974),(-0.1414615,-0.0020332,0.0664023),(-0.1414615,-0.0019946,0.0664775),(-0.1414615,0.0011132,0.0607974),(-0.1414615,-0.0019946,0.0664775),(-0.1414615,-0.0019295,0.0665314),(-0.1414615,0.0011132,0.0607974),(-0.1414615,-0.0019295,0.0665314),(-0.1414615,-0.0018269,0.0665621),(-0.1414615,0.0011132,0.0607974),(-0.1414615,-0.0018269,0.0665621),(-0.1414615,-0.0017665,0.0665547),(-0.1414615,0.0011132,0.0607974),(-0.1414615,-0.0017665,0.0665547),(-0.1414615,-0.0016909,0.0665161),(-0.1414615,0.0011132,0.0607974),(-0.1414615,-0.0016909,0.0665161),(-0.1414615,-0.0016353,0.0664510),(-0.1414615,0.0011132,0.0607974),(-0.1414615,-0.0016353,0.0664510),(-0.1414615,-0.0010998,0.0655228),(-0.1414615,-0.0010998,0.0655228),(-0.1414615,-0.0009992,0.0655673),(-0.1414615,-0.0008953,0.0656057),(-0.1414615,-0.0010998,0.0655228),(-0.1414615,-0.0008953,0.0656057),(-0.1414615,-0.0007880,0.0656383),(-0.1414615,-0.0010998,0.0655228),(-0.1414615,-0.0007880,0.0656383),(-0.1414615,-0.0006775,0.0656649),(-0.1414615,-0.0010998,0.0655228),(-0.1414615,-0.0006775,0.0656649),(-0.1414615,-0.0005637,0.0656857),(-0.1414615,-0.0010998,0.0655228),(-0.1414615,-0.0005637,0.0656857),(-0.1414615,-0.0004465,0.0657005),(-0.1414615,-0.0010998,0.0655228),(-0.1414615,-0.0004465,0.0657005),(-0.1414615,-0.0003261,0.0657093),(-0.1414615,-0.0010998,0.0655228),(-0.1414615,-0.0003261,0.0657093),(-0.1414615,-0.0002023,0.0657123),(-0.1414615,-0.0010998,0.0655228),(-0.1414615,-0.0002023,0.0657123),(-0.1414615,-0.0000777,0.0657080),(-0.1414615,-0.0010998,0.0655228),(-0.1414615,-0.0000777,0.0657080),(-0.1414615,0.0000458,0.0656950),(-0.1414615,-0.0010998,0.0655228),(-0.1414615,0.0000458,0.0656950),(-0.1414615,0.0001682,0.0656733),(-0.1414615,-0.0010998,0.0655228),(-0.1414615,0.0001682,0.0656733),(-0.1414615,0.0002895,0.0656430),(-0.1414615,-0.0010998,0.0655228),(-0.1414615,0.0002895,0.0656430),(-0.1414615,0.0004098,0.0656040),(-0.1414615,-0.0010998,0.0655228),(-0.1414615,0.0004098,0.0656040),(-0.1414615,0.0005289,0.0655563),(-0.1414615,-0.0010998,0.0655228),(-0.1414615,0.0005289,0.0655563),(-0.1414615,0.0006470,0.0655000),(-0.1414615,-0.0010998,0.0655228),(-0.1414615,0.0006470,0.0655000),(-0.1414615,0.0007639,0.0654350),(-0.1414615,-0.0010998,0.0655228),(-0.1414615,0.0007639,0.0654350),(-0.1414615,0.0008770,0.0653628),(-0.1414615,-0.0010998,0.0655228),(-0.1414615,0.0008770,0.0653628),(-0.1414615,0.0009841,0.0652845),(-0.1414615,-0.0010998,0.0655228),(-0.1414615,0.0009841,0.0652845),(-0.1414615,0.0010850,0.0651999),(-0.1414615,-0.0010998,0.0655228),(-0.1414615,0.0010850,0.0651999),(-0.1414615,0.0011799,0.0651090),(-0.1414615,-0.0010998,0.0655228),(-0.1414615,0.0011799,0.0651090),(-0.1414615,0.0012686,0.0650120),(-0.1414615,0.0012686,0.0650120),(-0.1414615,0.0013513,0.0649088),(-0.1414615,0.0014279,0.0647993),(-0.1414615,0.0012686,0.0650120),(-0.1414615,0.0014279,0.0647993),(-0.1414615,0.0014984,0.0646836),(-0.1414615,0.0012686,0.0650120),(-0.1414615,0.0014984,0.0646836),(-0.1414615,0.0015617,0.0645638),(-0.1414615,0.0012686,0.0650120),(-0.1414615,0.0015617,0.0645638),(-0.1414615,0.0016165,0.0644414),(-0.1414615,0.0012686,0.0650120),(-0.1414615,0.0016165,0.0644414),(-0.1414615,0.0016629,0.0643165),(-0.1414615,0.0012686,0.0650120),(-0.1414615,0.0016629,0.0643165),(-0.1414615,0.0017008,0.0641891),(-0.1414615,0.0012686,0.0650120),(-0.1414615,0.0017008,0.0641891),(-0.1414615,0.0017303,0.0640591),(-0.1414615,0.0012686,0.0650120),(-0.1414615,0.0017303,0.0640591),(-0.1414615,0.0017514,0.0639266),(-0.1414615,0.0012686,0.0650120),(-0.1414615,0.0017514,0.0639266),(-0.1414615,0.0017641,0.0637915),(-0.1414615,0.0012686,0.0650120),(-0.1414615,0.0017641,0.0637915),(-0.1414615,0.0017683,0.0636538),(-0.1414615,0.0012686,0.0650120),(-0.1414615,0.0017683,0.0636538),(-0.1414615,0.0017641,0.0635158),(-0.1414615,0.0012686,0.0650120),(-0.1414615,0.0017641,0.0635158),(-0.1414615,0.0017515,0.0633805),(-0.1414615,0.0012686,0.0650120),(-0.1414615,0.0017515,0.0633805),(-0.1414615,0.0017305,0.0632479),(-0.1414615,0.0012686,0.0650120),(-0.1414615,0.0017305,0.0632479),(-0.1414615,0.0017011,0.0631181),(-0.1414615,0.0012686,0.0650120),(-0.1414615,0.0017011,0.0631181),(-0.1414615,0.0016633,0.0629910),(-0.1414615,0.0012686,0.0650120),(-0.1414615,0.0016633,0.0629910),(-0.1414615,0.0016171,0.0628666),(-0.1414615,0.0012686,0.0650120),(-0.1414615,0.0016171,0.0628666),(-0.1414615,0.0015625,0.0627450),(-0.1414615,0.0012686,0.0650120),(-0.1414615,0.0015625,0.0627450),(-0.1414615,0.0014995,0.0626262),(-0.1414615,0.0014995,0.0626262),(-0.1414615,0.0011312,0.0628347),(-0.1414615,0.0011805,0.0629294),(-0.1414615,0.0014995,0.0626262),(-0.1414615,0.0011805,0.0629294),(-0.1414615,0.0012233,0.0630263),(-0.1414615,0.0014995,0.0626262),(-0.1414615,0.0012233,0.0630263),(-0.1414615,0.0012595,0.0631253),(-0.1414615,0.0014995,0.0626262),(-0.1414615,0.0012595,0.0631253),(-0.1414615,0.0012891,0.0632265),(-0.1414615,0.0014995,0.0626262),(-0.1414615,0.0012891,0.0632265),(-0.1414615,0.0013122,0.0633299),(-0.1414615,0.0014995,0.0626262),(-0.1414615,0.0013122,0.0633299),(-0.1414615,0.0013286,0.0634354),(-0.1414615,0.0014995,0.0626262),(-0.1414615,0.0013286,0.0634354),(-0.1414615,0.0013385,0.0635430),(-0.1414615,0.0014995,0.0626262),(-0.1414615,0.0013385,0.0635430),(-0.1414615,0.0013418,0.0636528),(-0.1414615,0.0014995,0.0626262),(-0.1414615,0.0013418,0.0636528),(-0.1414615,0.0013384,0.0637626),(-0.1414615,0.0012686,0.0650120),(-0.1414615,0.0014995,0.0626262),(-0.1414615,0.0013384,0.0637626),(-0.1414615,0.0012686,0.0650120),(-0.1414615,0.0013384,0.0637626),(-0.1414615,0.0013284,0.0638703),(-0.1414615,0.0012686,0.0650120),(-0.1414615,0.0013284,0.0638703),(-0.1414615,0.0013117,0.0639760),(-0.1414615,0.0012686,0.0650120),(-0.1414615,0.0013117,0.0639760),(-0.1414615,0.0012883,0.0640795),(-0.1414615,0.0012686,0.0650120),(-0.1414615,0.0012883,0.0640795),(-0.1414615,0.0012583,0.0641810),(-0.1414615,0.0012686,0.0650120),(-0.1414615,0.0012583,0.0641810),(-0.1414615,0.0012215,0.0642804),(-0.1414615,0.0012686,0.0650120),(-0.1414615,0.0012215,0.0642804),(-0.1414615,0.0011781,0.0643777),(-0.1414615,0.0012686,0.0650120),(-0.1414615,0.0011781,0.0643777),(-0.1414615,0.0011280,0.0644730),(-0.1414615,0.0012686,0.0650120),(-0.1414615,0.0011280,0.0644730),(-0.1414615,0.0010722,0.0645649),(-0.1414615,0.0012686,0.0650120),(-0.1414615,0.0010722,0.0645649),(-0.1414615,0.0010115,0.0646518),(-0.1414615,0.0012686,0.0650120),(-0.1414615,0.0010115,0.0646518),(-0.1414615,0.0009461,0.0647337),(-0.1414615,0.0012686,0.0650120),(-0.1414615,0.0009461,0.0647337),(-0.1414615,0.0008759,0.0648106),(-0.1414615,0.0012686,0.0650120),(-0.1414615,0.0008759,0.0648106),(-0.1414615,0.0008008,0.0648824),(-0.1414615,0.0012686,0.0650120),(-0.1414615,0.0008008,0.0648824),(-0.1414615,0.0007210,0.0649492),(-0.1414615,0.0012686,0.0650120),(-0.1414615,0.0007210,0.0649492),(-0.1414615,0.0006364,0.0650110),(-0.1414615,0.0012686,0.0650120),(-0.1414615,0.0006364,0.0650110),(-0.1414615,0.0005470,0.0650678),(-0.1414615,0.0012686,0.0650120),(-0.1414615,0.0005470,0.0650678),(-0.1414615,0.0004549,0.0651189),(-0.1414615,0.0012686,0.0650120),(-0.1414615,0.0004549,0.0651189),(-0.1414615,0.0003623,0.0651631),(-0.1414615,0.0012686,0.0650120),(-0.1414615,0.0003623,0.0651631),(-0.1414615,0.0002692,0.0652006),(-0.1414615,0.0012686,0.0650120),(-0.1414615,0.0002692,0.0652006),(-0.1414615,0.0001755,0.0652313),(-0.1414615,0.0012686,0.0650120),(-0.1414615,0.0001755,0.0652313),(-0.1414615,0.0000813,0.0652551),(-0.1414615,-0.0010998,0.0655228),(-0.1414615,0.0012686,0.0650120),(-0.1414615,0.0000813,0.0652551),(-0.1414615,-0.0010998,0.0655228),(-0.1414615,0.0000813,0.0652551),(-0.1414615,-0.0000134,0.0652722),(-0.1414615,-0.0010998,0.0655228),(-0.1414615,-0.0000134,0.0652722),(-0.1414615,-0.0001087,0.0652824),(-0.1414615,-0.0010998,0.0655228),(-0.1414615,-0.0001087,0.0652824),(-0.1414615,-0.0002044,0.0652858),(-0.1414615,-0.0010998,0.0655228),(-0.1414615,-0.0002044,0.0652858),(-0.1414615,-0.0002108,0.0652858),(-0.1414615,-0.0010998,0.0655228),(-0.1414615,-0.0002108,0.0652858),(-0.1414615,-0.0003045,0.0652837),(-0.1414615,-0.0010998,0.0655228),(-0.1414615,-0.0003045,0.0652837),(-0.1414615,-0.0003957,0.0652774),(-0.1414615,-0.0010998,0.0655228),(-0.1414615,-0.0003957,0.0652774),(-0.1414615,-0.0004843,0.0652670),(-0.1414615,-0.0010998,0.0655228),(-0.1414615,-0.0004843,0.0652670),(-0.1414615,-0.0005704,0.0652524),(-0.1414615,-0.0010998,0.0655228),(-0.1414615,-0.0005704,0.0652524),(-0.1414615,-0.0006539,0.0652337),(-0.1414615,-0.0010998,0.0655228),(-0.1414615,-0.0006539,0.0652337),(-0.1414615,-0.0007349,0.0652108),(-0.1414615,-0.0010998,0.0655228),(-0.1414615,-0.0007349,0.0652108),(-0.1414615,-0.0008133,0.0651837),(-0.1414615,-0.0010998,0.0655228),(-0.1414615,-0.0008133,0.0651837),(-0.1414615,-0.0008892,0.0651524),(-0.1414615,0.0011132,0.0607974),(-0.1414615,-0.0010998,0.0655228),(-0.1414615,-0.0008892,0.0651524),(-0.1414615,0.0011132,0.0607974),(-0.1414615,-0.0008892,0.0651524),(-0.1414615,0.0007153,0.0623574),(-0.1414615,0.0011132,0.0607974),(-0.1414615,0.0007153,0.0623574),(-0.1414615,0.0008357,0.0624602),(-0.1414615,0.0010888,0.0627654),(-0.1414615,0.0011312,0.0628347),(-0.1414615,0.0014995,0.0626262),(-0.1414615,0.0010437,0.0626989),(-0.1414615,0.0010888,0.0627654),(-0.1414615,0.0014995,0.0626262),(-0.1414615,0.0009452,0.0625741),(-0.1414615,0.0010437,0.0626989),(-0.1414615,0.0014995,0.0626262),(-0.1414615,0.0008357,0.0624602),(-0.1414615,0.0009452,0.0625741),(-0.1414615,0.0014995,0.0626262),(-0.1414615,0.0008357,0.0624602),(-0.1414615,0.0014995,0.0626262),(-0.1414615,0.0014415,0.0625311),(-0.1414615,0.0008357,0.0624602),(-0.1414615,0.0014415,0.0625311),(-0.1414615,0.0013799,0.0624402),(-0.1414615,0.0008357,0.0624602),(-0.1414615,0.0013799,0.0624402),(-0.1414615,0.0013145,0.0623533),(-0.1414615,0.0008357,0.0624602),(-0.1414615,0.0013145,0.0623533),(-0.1414615,0.0012455,0.0622706),(-0.1414615,0.0008357,0.0624602),(-0.1414615,0.0012455,0.0622706),(-0.1414615,0.0011727,0.0621919),(-0.1414615,0.0008357,0.0624602),(-0.1414615,0.0011727,0.0621919),(-0.1414615,0.0010963,0.0621174),(-0.1414615,0.0008357,0.0624602),(-0.1414615,0.0010963,0.0621174),(-0.1414615,0.0010161,0.0620470),(-0.1414615,0.0008357,0.0624602),(-0.1414615,0.0010161,0.0620470),(-0.1414615,0.0009322,0.0619806),(-0.1414615,0.0011132,0.0607974),(-0.1414615,0.0008357,0.0624602),(-0.1414615,0.0009322,0.0619806),(-0.1414615,0.0011132,0.0607974),(-0.1414615,0.0009322,0.0619806),(-0.1414615,0.0014878,0.0610101),(-0.1414615,0.0011132,0.0607974),(-0.1414615,0.0014878,0.0610101),(-0.1414615,0.0015154,0.0609085),(-0.1414615,0.0011132,0.0607974),(-0.1414615,0.0015154,0.0609085),(-0.1414615,0.0015090,0.0608482),(-0.1414615,0.0011132,0.0607974),(-0.1414615,0.0015090,0.0608482),(-0.1414615,0.0014698,0.0607712),(-0.1414615,0.0011132,0.0607974),(-0.1414615,0.0014698,0.0607712),(-0.1414615,0.0014074,0.0607159),(-0.1414615,0.0011132,0.0607974),(-0.1414615,0.0014074,0.0607159),(-0.1414615,0.0013026,0.0606884),(-0.1414615,0.0011132,0.0607974),(-0.1414615,0.0013026,0.0606884),(-0.1414615,0.0012423,0.0606958),(-0.1414615,0.0011132,0.0607974),(-0.1414615,0.0012423,0.0606958),(-0.1414615,0.0011698,0.0607312),(-0.1414615,-0.0043997,0.0639438),(-0.1414615,-0.0044473,0.0639925),(-0.1414615,-0.0045034,0.0640701),(-0.1414615,-0.0043997,0.0639438),(-0.1414615,-0.0045034,0.0640701),(-0.1414615,-0.0045519,0.0641514),(-0.1414615,-0.0043997,0.0639438),(-0.1414615,-0.0045519,0.0641514),(-0.1414615,-0.0045931,0.0642366),(-0.1414615,-0.0043997,0.0639438),(-0.1414615,-0.0045931,0.0642366),(-0.1414615,-0.0046267,0.0643256),(-0.1414615,-0.0043997,0.0639438),(-0.1414615,-0.0046267,0.0643256),(-0.1414615,-0.0046528,0.0644184),(-0.1414615,-0.0043997,0.0639438),(-0.1414615,-0.0046528,0.0644184),(-0.1414615,-0.0046715,0.0645150),(-0.1414615,-0.0043997,0.0639438),(-0.1414615,-0.0046715,0.0645150),(-0.1414615,-0.0046827,0.0646154),(-0.1414615,-0.0043997,0.0639438),(-0.1414615,-0.0046827,0.0646154),(-0.1414615,-0.0046865,0.0647196),(-0.1414615,-0.0043997,0.0639438),(-0.1414615,-0.0046865,0.0647196),(-0.1414615,-0.0046828,0.0648237),(-0.1414615,-0.0043997,0.0639438),(-0.1414615,-0.0046828,0.0648237),(-0.1414615,-0.0046716,0.0649233),(-0.1414615,-0.0043997,0.0639438),(-0.1414615,-0.0046716,0.0649233),(-0.1414615,-0.0046530,0.0650184),(-0.1414615,-0.0043997,0.0639438),(-0.1414615,-0.0046530,0.0650184),(-0.1414615,-0.0046270,0.0651090),(-0.1414615,-0.0043997,0.0639438),(-0.1414615,-0.0046270,0.0651090),(-0.1414615,-0.0045935,0.0651952),(-0.1414615,-0.0043997,0.0639438),(-0.1414615,-0.0045935,0.0651952),(-0.1414615,-0.0045525,0.0652768),(-0.1414615,-0.0043997,0.0639438),(-0.1414615,-0.0045525,0.0652768),(-0.1414615,-0.0045042,0.0653539),(-0.1414615,-0.0043997,0.0639438),(-0.1414615,-0.0045042,0.0653539),(-0.1414615,-0.0044484,0.0654265),(-0.1414615,-0.0043997,0.0639438),(-0.1414615,-0.0044484,0.0654265),(-0.1414615,-0.0043866,0.0654925),(-0.1414615,-0.0043997,0.0639438),(-0.1414615,-0.0043866,0.0654925),(-0.1414615,-0.0043199,0.0655497),(-0.1414615,-0.0043997,0.0639438),(-0.1414615,-0.0043199,0.0655497),(-0.1414615,-0.0042482,0.0655981),(-0.1414615,-0.0043997,0.0639438),(-0.1414615,-0.0042482,0.0655981),(-0.1414615,-0.0041716,0.0656377),(-0.1414615,-0.0041716,0.0656377),(-0.1414615,-0.0040900,0.0656685),(-0.1414615,-0.0040035,0.0656905),(-0.1414615,-0.0041716,0.0656377),(-0.1414615,-0.0040035,0.0656905),(-0.1414615,-0.0039119,0.0657037),(-0.1414615,-0.0041716,0.0656377),(-0.1414615,-0.0039119,0.0657037),(-0.1414615,-0.0038155,0.0657081),(-0.1414615,-0.0041716,0.0656377),(-0.1414615,-0.0038155,0.0657081),(-0.1414615,-0.0037200,0.0657037),(-0.1414615,-0.0041716,0.0656377),(-0.1414615,-0.0037200,0.0657037),(-0.1414615,-0.0036287,0.0656905),(-0.1414615,-0.0041716,0.0656377),(-0.1414615,-0.0036287,0.0656905),(-0.1414615,-0.0035416,0.0656686),(-0.1414615,-0.0041716,0.0656377),(-0.1414615,-0.0035416,0.0656686),(-0.1414615,-0.0034588,0.0656379),(-0.1414615,-0.0041716,0.0656377),(-0.1414615,-0.0034588,0.0656379),(-0.1414615,-0.0033802,0.0655985),(-0.1414615,-0.0041716,0.0656377),(-0.1414615,-0.0033802,0.0655985),(-0.1414615,-0.0033059,0.0655503),(-0.1414615,-0.0041716,0.0656377),(-0.1414615,-0.0033059,0.0655503),(-0.1414615,-0.0032358,0.0654933),(-0.1414615,-0.0041716,0.0656377),(-0.1414615,-0.0032358,0.0654933),(-0.1414615,-0.0031699,0.0654276),(-0.1414615,-0.0041716,0.0656377),(-0.1414615,-0.0031699,0.0654276),(-0.1414615,-0.0031101,0.0653552),(-0.1414615,-0.0041716,0.0656377),(-0.1414615,-0.0031101,0.0653552),(-0.1414615,-0.0030583,0.0652782),(-0.1414615,-0.0041716,0.0656377),(-0.1414615,-0.0030583,0.0652782),(-0.1414615,-0.0030145,0.0651966),(-0.1414615,-0.0041716,0.0656377),(-0.1414615,-0.0030145,0.0651966),(-0.1414615,-0.0029786,0.0651104),(-0.1414615,-0.0041716,0.0656377),(-0.1414615,-0.0029786,0.0651104),(-0.1414615,-0.0029507,0.0650196),(-0.1414615,-0.0041716,0.0656377),(-0.1414615,-0.0029507,0.0650196),(-0.1414615,-0.0029308,0.0649242),(-0.1414615,-0.0041716,0.0656377),(-0.1414615,-0.0029308,0.0649242),(-0.1414615,-0.0029188,0.0648242),(-0.1414615,-0.0029188,0.0648242),(-0.1414615,-0.0029148,0.0647196),(-0.1414615,-0.0029302,0.0646373),(-0.1414615,-0.0029188,0.0648242),(-0.1414615,-0.0029302,0.0646373),(-0.1414615,-0.0029762,0.0645682),(-0.1414615,-0.0029188,0.0648242),(-0.1414615,-0.0029762,0.0645682),(-0.1414615,-0.0030445,0.0645214),(-0.1414615,-0.0029188,0.0648242),(-0.1414615,-0.0030445,0.0645214),(-0.1414615,-0.0031265,0.0645058),(-0.1414615,-0.0029188,0.0648242),(-0.1414615,-0.0031265,0.0645058),(-0.1414615,-0.0032093,0.0645214),(-0.1414615,-0.0029188,0.0648242),(-0.1414615,-0.0032093,0.0645214),(-0.1414615,-0.0032778,0.0645682),(-0.1414615,-0.0029188,0.0648242),(-0.1414615,-0.0032778,0.0645682),(-0.1414615,-0.0033239,0.0646373),(-0.1414615,-0.0029188,0.0648242),(-0.1414615,-0.0033239,0.0646373),(-0.1414615,-0.0033392,0.0647196),(-0.1414615,-0.0029188,0.0648242),(-0.1414615,-0.0033392,0.0647196),(-0.1414615,-0.0033479,0.0648458),(-0.1414615,-0.0029188,0.0648242),(-0.1414615,-0.0033479,0.0648458),(-0.1414615,-0.0033739,0.0649569),(-0.1414615,-0.0029188,0.0648242),(-0.1414615,-0.0033739,0.0649569),(-0.1414615,-0.0034172,0.0650528),(-0.1414615,-0.0029188,0.0648242),(-0.1414615,-0.0034172,0.0650528),(-0.1414615,-0.0034779,0.0651334),(-0.1414615,-0.0029188,0.0648242),(-0.1414615,-0.0034779,0.0651334),(-0.1414615,-0.0035494,0.0651982),(-0.1414615,-0.0041716,0.0656377),(-0.1414615,-0.0029188,0.0648242),(-0.1414615,-0.0035494,0.0651982),(-0.1414615,-0.0041716,0.0656377),(-0.1414615,-0.0035494,0.0651982),(-0.1414615,-0.0036295,0.0652445),(-0.1414615,-0.0041716,0.0656377),(-0.1414615,-0.0036295,0.0652445),(-0.1414615,-0.0037182,0.0652723),(-0.1414615,-0.0041716,0.0656377),(-0.1414615,-0.0037182,0.0652723),(-0.1414615,-0.0038155,0.0652815),(-0.1414615,-0.0041716,0.0656377),(-0.1414615,-0.0038155,0.0652815),(-0.1414615,-0.0039093,0.0652724),(-0.1414615,-0.0041716,0.0656377),(-0.1414615,-0.0039093,0.0652724),(-0.1414615,-0.0039941,0.0652448),(-0.1414615,-0.0041716,0.0656377),(-0.1414615,-0.0039941,0.0652448),(-0.1414615,-0.0040697,0.0651988),(-0.1414615,-0.0041716,0.0656377),(-0.1414615,-0.0040697,0.0651988),(-0.1414615,-0.0041361,0.0651344),(-0.1414615,-0.0041716,0.0656377),(-0.1414615,-0.0041361,0.0651344),(-0.1414615,-0.0041903,0.0650533),(-0.1414615,-0.0041716,0.0656377),(-0.1414615,-0.0041903,0.0650533),(-0.1414615,-0.0042290,0.0649572),(-0.1414615,-0.0041716,0.0656377),(-0.1414615,-0.0042290,0.0649572),(-0.1414615,-0.0042522,0.0648459),(-0.1414615,-0.0043997,0.0639438),(-0.1414615,-0.0041716,0.0656377),(-0.1414615,-0.0042522,0.0648459),(-0.1414615,-0.0043997,0.0639438),(-0.1414615,-0.0042522,0.0648459),(-0.1414615,-0.0042600,0.0647196),(-0.1414615,-0.0043997,0.0639438),(-0.1414615,-0.0042600,0.0647196),(-0.1414615,-0.0042523,0.0645915),(-0.1414615,-0.0043997,0.0639438),(-0.1414615,-0.0042523,0.0645915),(-0.1414615,-0.0042293,0.0644762),(-0.1414615,-0.0043997,0.0639438),(-0.1414615,-0.0042293,0.0644762),(-0.1414615,-0.0041909,0.0643735),(-0.1414615,-0.0043997,0.0639438),(-0.1414615,-0.0041909,0.0643735),(-0.1414615,-0.0041372,0.0642835),(-0.1414615,-0.0043997,0.0639438),(-0.1414615,-0.0041372,0.0642835),(-0.1414615,-0.0040750,0.0642187),(-0.1414615,-0.0044841,0.0638676),(-0.1414615,-0.0043997,0.0639438),(-0.1414615,-0.0040750,0.0642187),(-0.1414615,-0.0044841,0.0638676),(-0.1414615,-0.0040750,0.0642187),(-0.1414615,-0.0040057,0.0641724),(-0.1414615,-0.0044841,0.0638676),(-0.1414615,-0.0040057,0.0641724),(-0.1414615,-0.0039294,0.0641446),(-0.1414615,-0.0044841,0.0638676),(-0.1414615,-0.0039294,0.0641446),(-0.1414615,-0.0038462,0.0641354),(-0.1414615,-0.0044841,0.0638676),(-0.1414615,-0.0038462,0.0641354),(-0.1414615,-0.0038038,0.0641354),(-0.1414615,-0.0044841,0.0638676),(-0.1414615,-0.0038038,0.0641354),(-0.1414615,-0.0037372,0.0641354),(-0.1414615,-0.0044841,0.0638676),(-0.1414615,-0.0037372,0.0641354),(-0.1414615,-0.0036557,0.0641198),(-0.1414615,-0.0044841,0.0638676),(-0.1414615,-0.0036557,0.0641198),(-0.1414615,-0.0035869,0.0640729),(-0.1414615,-0.0044841,0.0638676),(-0.1414615,-0.0035869,0.0640729),(-0.1414615,-0.0035400,0.0640044),(-0.1414615,-0.0044841,0.0638676),(-0.1414615,-0.0035400,0.0640044),(-0.1414615,-0.0035244,0.0639237),(-0.1414615,-0.0044841,0.0638676),(-0.1414615,-0.0035244,0.0639237),(-0.1414615,-0.0035400,0.0638427),(-0.1414615,-0.0044841,0.0638676),(-0.1414615,-0.0035400,0.0638427),(-0.1414615,-0.0035869,0.0637734),(-0.1414615,-0.0044841,0.0638676),(-0.1414615,-0.0035869,0.0637734),(-0.1414615,-0.0036557,0.0637258),(-0.1414615,-0.0044841,0.0638676),(-0.1414615,-0.0036557,0.0637258),(-0.1414615,-0.0037372,0.0637099),(-0.1414615,-0.0044841,0.0638676),(-0.1414615,-0.0037372,0.0637099),(-0.1414615,-0.0038038,0.0637099),(-0.1414615,-0.0044841,0.0638676),(-0.1414615,-0.0038038,0.0637099),(-0.1414615,-0.0039342,0.0636960),(-0.1414615,-0.0044841,0.0638676),(-0.1414615,-0.0039342,0.0636960),(-0.1414615,-0.0040523,0.0636541),(-0.1414615,-0.0044841,0.0638676),(-0.1414615,-0.0040523,0.0636541),(-0.1414615,-0.0041580,0.0635843),(-0.1414615,-0.0044841,0.0638676),(-0.1414615,-0.0041580,0.0635843),(-0.1414615,-0.0042515,0.0634866),(-0.1414615,-0.0044841,0.0638676),(-0.1414615,-0.0042515,0.0634866),(-0.1414615,-0.0043284,0.0633654),(-0.1414615,-0.0044841,0.0638676),(-0.1414615,-0.0043284,0.0633654),(-0.1414615,-0.0043833,0.0632252),(-0.1414615,-0.0044841,0.0638676),(-0.1414615,-0.0043833,0.0632252),(-0.1414615,-0.0044162,0.0630659),(-0.1414615,-0.0044841,0.0638676),(-0.1414615,-0.0044162,0.0630659),(-0.1414615,-0.0044244,0.0629791),(-0.1414615,-0.0044841,0.0638676),(-0.1414615,-0.0044244,0.0629791),(-0.1414615,-0.0044272,0.0628876),(-0.1414615,-0.0044841,0.0638676),(-0.1414615,-0.0044272,0.0628876),(-0.1414615,-0.0044244,0.0627969),(-0.1414615,-0.0032054,0.0628521),(-0.1414615,-0.0032027,0.0629522),(-0.1414615,-0.0031868,0.0630342),(-0.1414615,-0.0032135,0.0627578),(-0.1414615,-0.0032054,0.0628521),(-0.1414615,-0.0031868,0.0630342),(-0.1414615,-0.0032135,0.0627578),(-0.1414615,-0.0031868,0.0630342),(-0.1414615,-0.0031392,0.0631024),(-0.1414615,-0.0032271,0.0626691),(-0.1414615,-0.0032135,0.0627578),(-0.1414615,-0.0031392,0.0631024),(-0.1414615,-0.0032271,0.0626691),(-0.1414615,-0.0031392,0.0631024),(-0.1414615,-0.0030699,0.0631485),(-0.1414615,-0.0032461,0.0625862),(-0.1414615,-0.0032271,0.0626691),(-0.1414615,-0.0030699,0.0631485),(-0.1414615,-0.0032461,0.0625862),(-0.1414615,-0.0030699,0.0631485),(-0.1414615,-0.0029868,0.0631638),(-0.1414615,-0.0033003,0.0624376),(-0.1414615,-0.0032461,0.0625862),(-0.1414615,-0.0029868,0.0631638),(-0.1414615,-0.0033003,0.0624376),(-0.1414615,-0.0029868,0.0631638),(-0.1414615,-0.0029040,0.0631485),(-0.1414615,-0.0033003,0.0624376),(-0.1414615,-0.0029040,0.0631485),(-0.1414615,-0.0028355,0.0631024),(-0.1414615,-0.0033763,0.0623119),(-0.1414615,-0.0033003,0.0624376),(-0.1414615,-0.0028355,0.0631024),(-0.1414615,-0.0033763,0.0623119),(-0.1414615,-0.0028355,0.0631024),(-0.1414615,-0.0027894,0.0630342),(-0.1414615,-0.0033763,0.0623119),(-0.1414615,-0.0027894,0.0630342),(-0.1414615,-0.0027741,0.0629522),(-0.1414615,-0.0034668,0.0622123),(-0.1414615,-0.0033763,0.0623119),(-0.1414615,-0.0027741,0.0629522),(-0.1414615,-0.0034668,0.0622123),(-0.1414615,-0.0027741,0.0629522),(-0.1414615,-0.0027785,0.0628152),(-0.1414615,-0.0034668,0.0622123),(-0.1414615,-0.0027785,0.0628152),(-0.1414615,-0.0027917,0.0626842),(-0.1414615,-0.0034668,0.0622123),(-0.1414615,-0.0027917,0.0626842),(-0.1414615,-0.0028138,0.0625592),(-0.1414615,-0.0035702,0.0621412),(-0.1414615,-0.0034668,0.0622123),(-0.1414615,-0.0028138,0.0625592),(-0.1414615,-0.0035702,0.0621412),(-0.1414615,-0.0028138,0.0625592),(-0.1414615,-0.0028447,0.0624402),(-0.1414615,-0.0035702,0.0621412),(-0.1414615,-0.0028447,0.0624402),(-0.1414615,-0.0028845,0.0623272),(-0.1414615,-0.0036864,0.0620985),(-0.1414615,-0.0035702,0.0621412),(-0.1414615,-0.0028845,0.0623272),(-0.1414615,-0.0036864,0.0620985),(-0.1414615,-0.0028845,0.0623272),(-0.1414615,-0.0029330,0.0622201),(-0.1414615,-0.0036864,0.0620985),(-0.1414615,-0.0029330,0.0622201),(-0.1414615,-0.0029904,0.0621191),(-0.1414615,-0.0038155,0.0620843),(-0.1414615,-0.0036864,0.0620985),(-0.1414615,-0.0029904,0.0621191),(-0.1414615,-0.0038155,0.0620843),(-0.1414615,-0.0029904,0.0621191),(-0.1414615,-0.0030566,0.0620240),(-0.1414615,-0.0038155,0.0620843),(-0.1414615,-0.0030566,0.0620240),(-0.1414615,-0.0031287,0.0619384),(-0.1414615,-0.0039390,0.0620978),(-0.1414615,-0.0038155,0.0620843),(-0.1414615,-0.0031287,0.0619384),(-0.1414615,-0.0039390,0.0620978),(-0.1414615,-0.0031287,0.0619384),(-0.1414615,-0.0032073,0.0618643),(-0.1414615,-0.0039390,0.0620978),(-0.1414615,-0.0032073,0.0618643),(-0.1414615,-0.0032923,0.0618015),(-0.1414615,-0.0040525,0.0621380),(-0.1414615,-0.0039390,0.0620978),(-0.1414615,-0.0032923,0.0618015),(-0.1414615,-0.0040525,0.0621380),(-0.1414615,-0.0032923,0.0618015),(-0.1414615,-0.0033839,0.0617502),(-0.1414615,-0.0040525,0.0621380),(-0.1414615,-0.0033839,0.0617502),(-0.1414615,-0.0034820,0.0617102),(-0.1414615,-0.0041560,0.0622052),(-0.1414615,-0.0040525,0.0621380),(-0.1414615,-0.0034820,0.0617102),(-0.1414615,-0.0041560,0.0622052),(-0.1414615,-0.0034820,0.0617102),(-0.1414615,-0.0035867,0.0616817),(-0.1414615,-0.0041560,0.0622052),(-0.1414615,-0.0035867,0.0616817),(-0.1414615,-0.0036978,0.0616646),(-0.1414615,-0.0042494,0.0622992),(-0.1414615,-0.0041560,0.0622052),(-0.1414615,-0.0036978,0.0616646),(-0.1414615,-0.0042494,0.0622992),(-0.1414615,-0.0036978,0.0616646),(-0.1414615,-0.0038155,0.0616589),(-0.1414615,-0.0042494,0.0622992),(-0.1414615,-0.0038155,0.0616589),(-0.1414615,-0.0039286,0.0616644),(-0.1414615,-0.0043272,0.0624169),(-0.1414615,-0.0042494,0.0622992),(-0.1414615,-0.0039286,0.0616644),(-0.1414615,-0.0043272,0.0624169),(-0.1414615,-0.0039286,0.0616644),(-0.1414615,-0.0040362,0.0616808),(-0.1414615,-0.0043827,0.0625542),(-0.1414615,-0.0043272,0.0624169),(-0.1414615,-0.0040362,0.0616808),(-0.1414615,-0.0043827,0.0625542),(-0.1414615,-0.0040362,0.0616808),(-0.1414615,-0.0041383,0.0617083),(-0.1414615,-0.0043827,0.0625542),(-0.1414615,-0.0041383,0.0617083),(-0.1414615,-0.0042348,0.0617467),(-0.1414615,-0.0044022,0.0626302),(-0.1414615,-0.0043827,0.0625542),(-0.1414615,-0.0042348,0.0617467),(-0.1414615,-0.0044022,0.0626302),(-0.1414615,-0.0042348,0.0617467),(-0.1414615,-0.0043259,0.0617961),(-0.1414615,-0.0044161,0.0627111),(-0.1414615,-0.0044022,0.0626302),(-0.1414615,-0.0043259,0.0617961),(-0.1414615,-0.0044161,0.0627111),(-0.1414615,-0.0043259,0.0617961),(-0.1414615,-0.0044114,0.0618565),(-0.1414615,-0.0044244,0.0627969),(-0.1414615,-0.0044161,0.0627111),(-0.1414615,-0.0044114,0.0618565),(-0.1414615,-0.0044841,0.0638676),(-0.1414615,-0.0044244,0.0627969),(-0.1414615,-0.0044114,0.0618565),(-0.1414615,-0.0044841,0.0638676),(-0.1414615,-0.0044114,0.0618565),(-0.1414615,-0.0044914,0.0619279),(-0.1414615,-0.0044841,0.0638676),(-0.1414615,-0.0044914,0.0619279),(-0.1414615,-0.0045658,0.0620102),(-0.1414615,-0.0044841,0.0638676),(-0.1414615,-0.0045658,0.0620102),(-0.1414615,-0.0046335,0.0621015),(-0.1414615,-0.0044841,0.0638676),(-0.1414615,-0.0046335,0.0621015),(-0.1414615,-0.0046922,0.0621980),(-0.1414615,-0.0044841,0.0638676),(-0.1414615,-0.0046922,0.0621980),(-0.1414615,-0.0047419,0.0622998),(-0.1414615,-0.0044841,0.0638676),(-0.1414615,-0.0047419,0.0622998),(-0.1414615,-0.0047825,0.0624069),(-0.1414615,-0.0044841,0.0638676),(-0.1414615,-0.0047825,0.0624069),(-0.1414615,-0.0048141,0.0625192),(-0.1414615,-0.0044841,0.0638676),(-0.1414615,-0.0048141,0.0625192),(-0.1414615,-0.0048367,0.0626367),(-0.1414615,-0.0044841,0.0638676),(-0.1414615,-0.0048367,0.0626367),(-0.1414615,-0.0048502,0.0627595),(-0.1414615,-0.0044841,0.0638676),(-0.1414615,-0.0048502,0.0627595),(-0.1414615,-0.0048548,0.0628876),(-0.1414615,-0.0044841,0.0638676),(-0.1414615,-0.0048548,0.0628876),(-0.1414615,-0.0048503,0.0630170),(-0.1414615,-0.0044841,0.0638676),(-0.1414615,-0.0048503,0.0630170),(-0.1414615,-0.0048368,0.0631411),(-0.1414615,-0.0044841,0.0638676),(-0.1414615,-0.0048368,0.0631411),(-0.1414615,-0.0048144,0.0632599),(-0.1414615,-0.0044841,0.0638676),(-0.1414615,-0.0048144,0.0632599),(-0.1414615,-0.0047831,0.0633734),(-0.1414615,-0.0044841,0.0638676),(-0.1414615,-0.0047831,0.0633734),(-0.1414615,-0.0047427,0.0634816),(-0.1414615,-0.0044841,0.0638676),(-0.1414615,-0.0047427,0.0634816),(-0.1414615,-0.0046934,0.0635845),(-0.1414615,-0.0044841,0.0638676),(-0.1414615,-0.0046934,0.0635845),(-0.1414615,-0.0046352,0.0636821),(-0.1414615,-0.0044841,0.0638676),(-0.1414615,-0.0046352,0.0636821),(-0.1414615,-0.0045679,0.0637745),(-0.1414615,-0.0069979,0.0620801),(-0.1414615,-0.0081695,0.0636708),(-0.1414615,-0.0082339,0.0637645),(-0.1414615,-0.0069979,0.0620801),(-0.1414615,-0.0082339,0.0637645),(-0.1414615,-0.0082898,0.0638621),(-0.1414615,-0.0069979,0.0620801),(-0.1414615,-0.0082898,0.0638621),(-0.1414615,-0.0083371,0.0639636),(-0.1414615,-0.0069979,0.0620801),(-0.1414615,-0.0083371,0.0639636),(-0.1414615,-0.0083758,0.0640690),(-0.1414615,-0.0069979,0.0620801),(-0.1414615,-0.0083758,0.0640690),(-0.1414615,-0.0084059,0.0641782),(-0.1414615,-0.0069979,0.0620801),(-0.1414615,-0.0084059,0.0641782),(-0.1414615,-0.0084274,0.0642913),(-0.1414615,-0.0069979,0.0620801),(-0.1414615,-0.0084274,0.0642913),(-0.1414615,-0.0084403,0.0644082),(-0.1414615,-0.0069979,0.0620801),(-0.1414615,-0.0084403,0.0644082),(-0.1414615,-0.0084446,0.0645291),(-0.1414615,-0.0069979,0.0620801),(-0.1414615,-0.0084446,0.0645291),(-0.1414615,-0.0084395,0.0646540),(-0.1414615,-0.0069979,0.0620801),(-0.1414615,-0.0084395,0.0646540),(-0.1414615,-0.0084241,0.0647744),(-0.1414615,-0.0069979,0.0620801),(-0.1414615,-0.0084241,0.0647744),(-0.1414615,-0.0083985,0.0648902),(-0.1414615,-0.0069979,0.0620801),(-0.1414615,-0.0083985,0.0648902),(-0.1414615,-0.0083626,0.0650014),(-0.1414615,-0.0083626,0.0650014),(-0.1414615,-0.0083165,0.0651079),(-0.1414615,-0.0082601,0.0652099),(-0.1414615,-0.0083626,0.0650014),(-0.1414615,-0.0082601,0.0652099),(-0.1414615,-0.0081934,0.0653073),(-0.1414615,-0.0083626,0.0650014),(-0.1414615,-0.0081934,0.0653073),(-0.1414615,-0.0081165,0.0654001),(-0.1414615,-0.0083626,0.0650014),(-0.1414615,-0.0081165,0.0654001),(-0.1414615,-0.0080436,0.0654733),(-0.1414615,-0.0083626,0.0650014),(-0.1414615,-0.0080436,0.0654733),(-0.1414615,-0.0079663,0.0655367),(-0.1414615,-0.0083626,0.0650014),(-0.1414615,-0.0079663,0.0655367),(-0.1414615,-0.0078844,0.0655903),(-0.1414615,-0.0083626,0.0650014),(-0.1414615,-0.0078844,0.0655903),(-0.1414615,-0.0077980,0.0656342),(-0.1414615,-0.0083626,0.0650014),(-0.1414615,-0.0077980,0.0656342),(-0.1414615,-0.0077071,0.0656684),(-0.1414615,-0.0083626,0.0650014),(-0.1414615,-0.0077071,0.0656684),(-0.1414615,-0.0076117,0.0656928),(-0.1414615,-0.0083626,0.0650014),(-0.1414615,-0.0076117,0.0656928),(-0.1414615,-0.0075118,0.0657074),(-0.1414615,-0.0083626,0.0650014),(-0.1414615,-0.0075118,0.0657074),(-0.1414615,-0.0074075,0.0657123),(-0.1414615,-0.0083626,0.0650014),(-0.1414615,-0.0074075,0.0657123),(-0.1414615,-0.0073089,0.0657075),(-0.1414615,-0.0083626,0.0650014),(-0.1414615,-0.0073089,0.0657075),(-0.1414615,-0.0072135,0.0656932),(-0.1414615,-0.0083626,0.0650014),(-0.1414615,-0.0072135,0.0656932),(-0.1414615,-0.0071210,0.0656693),(-0.1414615,-0.0083626,0.0650014),(-0.1414615,-0.0071210,0.0656693),(-0.1414615,-0.0070315,0.0656358),(-0.1414615,-0.0083626,0.0650014),(-0.1414615,-0.0070315,0.0656358),(-0.1414615,-0.0069450,0.0655928),(-0.1414615,-0.0083626,0.0650014),(-0.1414615,-0.0069450,0.0655928),(-0.1414615,-0.0068616,0.0655402),(-0.1414615,-0.0068616,0.0655402),(-0.1414615,-0.0067811,0.0654781),(-0.1414615,-0.0067037,0.0654064),(-0.1414615,-0.0068616,0.0655402),(-0.1414615,-0.0067037,0.0654064),(-0.1414615,-0.0066245,0.0653199),(-0.1414615,-0.0068616,0.0655402),(-0.1414615,-0.0066245,0.0653199),(-0.1414615,-0.0065560,0.0652270),(-0.1414615,-0.0068616,0.0655402),(-0.1414615,-0.0065560,0.0652270),(-0.1414615,-0.0064979,0.0651278),(-0.1414615,-0.0068616,0.0655402),(-0.1414615,-0.0064979,0.0651278),(-0.1414615,-0.0064505,0.0650223),(-0.1414615,-0.0068616,0.0655402),(-0.1414615,-0.0064505,0.0650223),(-0.1414615,-0.0064135,0.0649103),(-0.1414615,-0.0068616,0.0655402),(-0.1414615,-0.0064135,0.0649103),(-0.1414615,-0.0063872,0.0647921),(-0.1414615,-0.0068616,0.0655402),(-0.1414615,-0.0063872,0.0647921),(-0.1414615,-0.0063713,0.0646675),(-0.1414615,-0.0068616,0.0655402),(-0.1414615,-0.0063713,0.0646675),(-0.1414615,-0.0063661,0.0645365),(-0.1414615,-0.0068616,0.0655402),(-0.1414615,-0.0063661,0.0645365),(-0.1414615,-0.0063661,0.0645312),(-0.1414615,-0.0068616,0.0655402),(-0.1414615,-0.0063661,0.0645312),(-0.1414615,-0.0063817,0.0644497),(-0.1414615,-0.0068616,0.0655402),(-0.1414615,-0.0063817,0.0644497),(-0.1414615,-0.0064285,0.0643809),(-0.1414615,-0.0068616,0.0655402),(-0.1414615,-0.0064285,0.0643809),(-0.1414615,-0.0064973,0.0643341),(-0.1414615,-0.0068616,0.0655402),(-0.1414615,-0.0064973,0.0643341),(-0.1414615,-0.0065788,0.0643185),(-0.1414615,-0.0068616,0.0655402),(-0.1414615,-0.0065788,0.0643185),(-0.1414615,-0.0066603,0.0643341),(-0.1414615,-0.0068616,0.0655402),(-0.1414615,-0.0066603,0.0643341),(-0.1414615,-0.0067291,0.0643809),(-0.1414615,-0.0068616,0.0655402),(-0.1414615,-0.0067291,0.0643809),(-0.1414615,-0.0067767,0.0644497),(-0.1414615,-0.0067767,0.0644497),(-0.1414615,-0.0067926,0.0645312),(-0.1414615,-0.0067926,0.0645365),(-0.1414615,-0.0067767,0.0644497),(-0.1414615,-0.0067926,0.0645365),(-0.1414615,-0.0067959,0.0646234),(-0.1414615,-0.0068616,0.0655402),(-0.1414615,-0.0067767,0.0644497),(-0.1414615,-0.0067959,0.0646234),(-0.1414615,-0.0068616,0.0655402),(-0.1414615,-0.0067959,0.0646234),(-0.1414615,-0.0068059,0.0647058),(-0.1414615,-0.0068616,0.0655402),(-0.1414615,-0.0068059,0.0647058),(-0.1414615,-0.0068225,0.0647837),(-0.1414615,-0.0068616,0.0655402),(-0.1414615,-0.0068225,0.0647837),(-0.1414615,-0.0068457,0.0648572),(-0.1414615,-0.0068616,0.0655402),(-0.1414615,-0.0068457,0.0648572),(-0.1414615,-0.0069122,0.0649905),(-0.1414615,-0.0068616,0.0655402),(-0.1414615,-0.0069122,0.0649905),(-0.1414615,-0.0070053,0.0651059),(-0.1414615,-0.0068616,0.0655402),(-0.1414615,-0.0070053,0.0651059),(-0.1414615,-0.0070962,0.0651846),(-0.1414615,-0.0068616,0.0655402),(-0.1414615,-0.0070962,0.0651846),(-0.1414615,-0.0071931,0.0652408),(-0.1414615,-0.0068616,0.0655402),(-0.1414615,-0.0071931,0.0652408),(-0.1414615,-0.0072962,0.0652745),(-0.1414615,-0.0068616,0.0655402),(-0.1414615,-0.0072962,0.0652745),(-0.1414615,-0.0074053,0.0652858),(-0.1414615,-0.0068616,0.0655402),(-0.1414615,-0.0074053,0.0652858),(-0.1414615,-0.0075186,0.0652749),(-0.1414615,-0.0068616,0.0655402),(-0.1414615,-0.0075186,0.0652749),(-0.1414615,-0.0076223,0.0652424),(-0.1414615,-0.0083626,0.0650014),(-0.1414615,-0.0068616,0.0655402),(-0.1414615,-0.0076223,0.0652424),(-0.1414615,-0.0083626,0.0650014),(-0.1414615,-0.0076223,0.0652424),(-0.1414615,-0.0077165,0.0651882),(-0.1414615,-0.0083626,0.0650014),(-0.1414615,-0.0077165,0.0651882),(-0.1414615,-0.0078012,0.0651122),(-0.1414615,-0.0083626,0.0650014),(-0.1414615,-0.0078012,0.0651122),(-0.1414615,-0.0078528,0.0650510),(-0.1414615,-0.0083626,0.0650014),(-0.1414615,-0.0078528,0.0650510),(-0.1414615,-0.0078975,0.0649866),(-0.1414615,-0.0083626,0.0650014),(-0.1414615,-0.0078975,0.0649866),(-0.1414615,-0.0079663,0.0648479),(-0.1414615,-0.0083626,0.0650014),(-0.1414615,-0.0079663,0.0648479),(-0.1414615,-0.0080075,0.0646961),(-0.1414615,-0.0083626,0.0650014),(-0.1414615,-0.0080075,0.0646961),(-0.1414615,-0.0080179,0.0646153),(-0.1414615,-0.0083626,0.0650014),(-0.1414615,-0.0080179,0.0646153),(-0.1414615,-0.0080213,0.0645312),(-0.1414615,-0.0083626,0.0650014),(-0.1414615,-0.0080213,0.0645312),(-0.1414615,-0.0080184,0.0644445),(-0.1414615,-0.0083626,0.0650014),(-0.1414615,-0.0080184,0.0644445),(-0.1414615,-0.0080096,0.0643611),(-0.1414615,-0.0083626,0.0650014),(-0.1414615,-0.0080096,0.0643611),(-0.1414615,-0.0079949,0.0642810),(-0.1414615,-0.0083626,0.0650014),(-0.1414615,-0.0079949,0.0642810),(-0.1414615,-0.0079745,0.0642042),(-0.1414615,-0.0083626,0.0650014),(-0.1414615,-0.0079745,0.0642042),(-0.1414615,-0.0079159,0.0640605),(-0.1414615,-0.0069979,0.0620801),(-0.1414615,-0.0083626,0.0650014),(-0.1414615,-0.0079159,0.0640605),(-0.1414615,-0.0069979,0.0620801),(-0.1414615,-0.0079159,0.0640605),(-0.1414615,-0.0078340,0.0639301),(-0.1414615,-0.0069979,0.0620801),(-0.1414615,-0.0078340,0.0639301),(-0.1414615,-0.0064105,0.0619965),(-0.1414615,-0.0082340,0.0620801),(-0.1414615,-0.0069979,0.0620801),(-0.1414615,-0.0064105,0.0619965),(-0.1414615,-0.0082340,0.0620801),(-0.1414615,-0.0064105,0.0619965),(-0.1414615,-0.0063639,0.0618716),(-0.1414615,-0.0082340,0.0620801),(-0.1414615,-0.0063639,0.0618716),(-0.1414615,-0.0063661,0.0618367),(-0.1414615,-0.0082340,0.0620801),(-0.1414615,-0.0063661,0.0618367),(-0.1414615,-0.0063925,0.0617581),(-0.1414615,-0.0082340,0.0620801),(-0.1414615,-0.0063925,0.0617581),(-0.1414615,-0.0064444,0.0617023),(-0.1414615,-0.0082340,0.0620801),(-0.1414615,-0.0064444,0.0617023),(-0.1414615,-0.0065129,0.0616673),(-0.1414615,-0.0082340,0.0620801),(-0.1414615,-0.0065129,0.0616673),(-0.1414615,-0.0065788,0.0616557),(-0.1414615,-0.0082340,0.0620801),(-0.1414615,-0.0065788,0.0616557),(-0.1414615,-0.0082340,0.0616557),(-0.1414615,-0.0082340,0.0620801),(-0.1414615,-0.0082340,0.0616557),(-0.1414615,-0.0083174,0.0616708),(-0.1414615,-0.0082340,0.0620801),(-0.1414615,-0.0083174,0.0616708),(-0.1414615,-0.0083854,0.0617160),(-0.1414615,-0.0082340,0.0620801),(-0.1414615,-0.0083854,0.0617160),(-0.1414615,-0.0084298,0.0617840),(-0.1414615,-0.0082340,0.0620801),(-0.1414615,-0.0084298,0.0617840),(-0.1414615,-0.0084446,0.0618674),(-0.1414615,-0.0082340,0.0620801),(-0.1414615,-0.0084446,0.0618674),(-0.1414615,-0.0084298,0.0619515),(-0.1414615,-0.0082340,0.0620801),(-0.1414615,-0.0084298,0.0619515),(-0.1414615,-0.0083854,0.0620198),(-0.1414615,-0.0082340,0.0620801),(-0.1414615,-0.0083854,0.0620198),(-0.1414615,-0.0083195,0.0620650),(-0.1414615,-0.0053130,0.0616861),(-0.1414615,-0.0053860,0.0615795),(-0.1414615,-0.0054927,0.0615065),(-0.1414615,-0.0053130,0.0616861),(-0.1414615,-0.0054927,0.0615065),(-0.1414615,-0.0056178,0.0614821),(-0.1414615,-0.0053130,0.0616861),(-0.1414615,-0.0056178,0.0614821),(-0.1414615,-0.0057427,0.0615065),(-0.1414615,-0.0053130,0.0616861),(-0.1414615,-0.0057427,0.0615065),(-0.1414615,-0.0058485,0.0615795),(-0.1414615,-0.0053130,0.0616861),(-0.1414615,-0.0058485,0.0615795),(-0.1414615,-0.0059216,0.0616861),(-0.1414615,-0.0053130,0.0616861),(-0.1414615,-0.0059216,0.0616861),(-0.1414615,-0.0059459,0.0618113),(-0.1414615,-0.0053130,0.0616861),(-0.1414615,-0.0059459,0.0618113),(-0.1414615,-0.0059216,0.0619364),(-0.1414615,-0.0053130,0.0616861),(-0.1414615,-0.0059216,0.0619364),(-0.1414615,-0.0058485,0.0620430),(-0.1414615,-0.0053130,0.0616861),(-0.1414615,-0.0058485,0.0620430),(-0.1414615,-0.0057427,0.0621161),(-0.1414615,-0.0053130,0.0616861),(-0.1414615,-0.0057427,0.0621161),(-0.1414615,-0.0056178,0.0621404),(-0.1414615,-0.0053130,0.0616861),(-0.1414615,-0.0056178,0.0621404),(-0.1414615,-0.0054927,0.0621161),(-0.1414615,-0.0053130,0.0616861),(-0.1414615,-0.0054927,0.0621161),(-0.1414615,-0.0053860,0.0620430),(-0.1414615,-0.0053130,0.0616861),(-0.1414615,-0.0053860,0.0620430),(-0.1414615,-0.0053130,0.0619364),(-0.1414615,-0.0053130,0.0616861),(-0.1414615,-0.0053130,0.0619364),(-0.1414615,-0.0052887,0.0618113),(-0.1414615,-0.0174766,0.0626848),(-0.1414615,-0.0174819,0.0628193),(-0.1414615,-0.0174806,0.0629226),(-0.1414615,-0.0174766,0.0626848),(-0.1414615,-0.0174806,0.0629226),(-0.1414615,-0.0174768,0.0630219),(-0.1414615,-0.0174766,0.0626848),(-0.1414615,-0.0174768,0.0630219),(-0.1414615,-0.0174703,0.0631171),(-0.1414615,-0.0174766,0.0626848),(-0.1414615,-0.0174703,0.0631171),(-0.1414615,-0.0174613,0.0632082),(-0.1414615,-0.0174766,0.0626848),(-0.1414615,-0.0174613,0.0632082),(-0.1414615,-0.0174497,0.0632953),(-0.1414615,-0.0174766,0.0626848),(-0.1414615,-0.0174497,0.0632953),(-0.1414615,-0.0174355,0.0633784),(-0.1414615,-0.0174766,0.0626848),(-0.1414615,-0.0174355,0.0633784),(-0.1414615,-0.0174187,0.0634574),(-0.1414615,-0.0174766,0.0626848),(-0.1414615,-0.0174187,0.0634574),(-0.1414615,-0.0173994,0.0635324),(-0.1414615,-0.0174766,0.0626848),(-0.1414615,-0.0173994,0.0635324),(-0.1414615,-0.0173529,0.0636702),(-0.1414615,-0.0174766,0.0626848),(-0.1414615,-0.0173529,0.0636702),(-0.1414615,-0.0172962,0.0637919),(-0.1414615,-0.0174766,0.0626848),(-0.1414615,-0.0172962,0.0637919),(-0.1414615,-0.0172291,0.0638974),(-0.1414615,-0.0174766,0.0626848),(-0.1414615,-0.0172291,0.0638974),(-0.1414615,-0.0171517,0.0639867),(-0.1414615,-0.0174766,0.0626848),(-0.1414615,-0.0171517,0.0639867),(-0.1414615,-0.0170722,0.0640561),(-0.1414615,-0.0174766,0.0626848),(-0.1414615,-0.0170722,0.0640561),(-0.1414615,-0.0169904,0.0641163),(-0.1414615,-0.0174766,0.0626848),(-0.1414615,-0.0169904,0.0641163),(-0.1414615,-0.0169062,0.0641673),(-0.1414615,-0.0174766,0.0626848),(-0.1414615,-0.0169062,0.0641673),(-0.1414615,-0.0168197,0.0642089),(-0.1414615,-0.0174766,0.0626848),(-0.1414615,-0.0168197,0.0642089),(-0.1414615,-0.0167308,0.0642413),(-0.1414615,-0.0174766,0.0626848),(-0.1414615,-0.0167308,0.0642413),(-0.1414615,-0.0166395,0.0642645),(-0.1414615,-0.0174766,0.0626848),(-0.1414615,-0.0166395,0.0642645),(-0.1414615,-0.0165460,0.0642784),(-0.1414615,-0.0165460,0.0642784),(-0.1414615,-0.0164500,0.0642830),(-0.1414615,-0.0163614,0.0642795),(-0.1414615,-0.0165460,0.0642784),(-0.1414615,-0.0163614,0.0642795),(-0.1414615,-0.0162759,0.0642688),(-0.1414615,-0.0165460,0.0642784),(-0.1414615,-0.0162759,0.0642688),(-0.1414615,-0.0161937,0.0642510),(-0.1414615,-0.0165460,0.0642784),(-0.1414615,-0.0161937,0.0642510),(-0.1414615,-0.0161145,0.0642261),(-0.1414615,-0.0165460,0.0642784),(-0.1414615,-0.0161145,0.0642261),(-0.1414615,-0.0160386,0.0641941),(-0.1414615,-0.0165460,0.0642784),(-0.1414615,-0.0160386,0.0641941),(-0.1414615,-0.0159659,0.0641550),(-0.1414615,-0.0165460,0.0642784),(-0.1414615,-0.0159659,0.0641550),(-0.1414615,-0.0158963,0.0641088),(-0.1414615,-0.0165460,0.0642784),(-0.1414615,-0.0158963,0.0641088),(-0.1414615,-0.0158299,0.0640555),(-0.1414615,-0.0169408,0.0649564),(-0.1414615,-0.0170078,0.0648175),(-0.1414615,-0.0170909,0.0647222),(-0.1414615,-0.0169408,0.0649564),(-0.1414615,-0.0170909,0.0647222),(-0.1414615,-0.0172067,0.0646693),(-0.1414615,-0.0168459,0.0650768),(-0.1414615,-0.0169408,0.0649564),(-0.1414615,-0.0172067,0.0646693),(-0.1414615,-0.0168459,0.0650768),(-0.1414615,-0.0172067,0.0646693),(-0.1414615,-0.0172828,0.0647009),(-0.1414615,-0.0168459,0.0650768),(-0.1414615,-0.0172828,0.0647009),(-0.1414615,-0.0173435,0.0647468),(-0.1414615,-0.0167528,0.0651555),(-0.1414615,-0.0168459,0.0650768),(-0.1414615,-0.0173435,0.0647468),(-0.1414615,-0.0167528,0.0651555),(-0.1414615,-0.0173435,0.0647468),(-0.1414615,-0.0174195,0.0648820),(-0.1414615,-0.0166546,0.0652117),(-0.1414615,-0.0167528,0.0651555),(-0.1414615,-0.0174195,0.0648820),(-0.1414615,-0.0166546,0.0652117),(-0.1414615,-0.0174195,0.0648820),(-0.1414615,-0.0174131,0.0649561),(-0.1414615,-0.0166546,0.0652117),(-0.1414615,-0.0174131,0.0649561),(-0.1414615,-0.0173640,0.0650729),(-0.1414615,-0.0165512,0.0652454),(-0.1414615,-0.0166546,0.0652117),(-0.1414615,-0.0173640,0.0650729),(-0.1414615,-0.0165512,0.0652454),(-0.1414615,-0.0173640,0.0650729),(-0.1414615,-0.0173025,0.0651821),(-0.1414615,-0.0164426,0.0652567),(-0.1414615,-0.0165512,0.0652454),(-0.1414615,-0.0173025,0.0651821),(-0.1414615,-0.0164426,0.0652567),(-0.1414615,-0.0173025,0.0651821),(-0.1414615,-0.0172286,0.0652835),(-0.1414615,-0.0164426,0.0652567),(-0.1414615,-0.0172286,0.0652835),(-0.1414615,-0.0171422,0.0653773),(-0.1414615,-0.0163473,0.0652447),(-0.1414615,-0.0164426,0.0652567),(-0.1414615,-0.0171422,0.0653773),(-0.1414615,-0.0163473,0.0652447),(-0.1414615,-0.0171422,0.0653773),(-0.1414615,-0.0170655,0.0654490),(-0.1414615,-0.0163473,0.0652447),(-0.1414615,-0.0170655,0.0654490),(-0.1414615,-0.0169858,0.0655111),(-0.1414615,-0.0162466,0.0652088),(-0.1414615,-0.0163473,0.0652447),(-0.1414615,-0.0169858,0.0655111),(-0.1414615,-0.0162466,0.0652088),(-0.1414615,-0.0169858,0.0655111),(-0.1414615,-0.0169029,0.0655637),(-0.1414615,-0.0162466,0.0652088),(-0.1414615,-0.0169029,0.0655637),(-0.1414615,-0.0168170,0.0656067),(-0.1414615,-0.0161404,0.0651489),(-0.1414615,-0.0162466,0.0652088),(-0.1414615,-0.0168170,0.0656067),(-0.1414615,-0.0161404,0.0651489),(-0.1414615,-0.0168170,0.0656067),(-0.1414615,-0.0167280,0.0656402),(-0.1414615,-0.0160288,0.0650651),(-0.1414615,-0.0161404,0.0651489),(-0.1414615,-0.0167280,0.0656402),(-0.1414615,-0.0160288,0.0650651),(-0.1414615,-0.0167280,0.0656402),(-0.1414615,-0.0166360,0.0656641),(-0.1414615,-0.0160288,0.0650651),(-0.1414615,-0.0166360,0.0656641),(-0.1414615,-0.0165408,0.0656784),(-0.1414615,-0.0159418,0.0649688),(-0.1414615,-0.0160288,0.0650651),(-0.1414615,-0.0165408,0.0656784),(-0.1414615,-0.0159418,0.0649688),(-0.1414615,-0.0165408,0.0656784),(-0.1414615,-0.0164426,0.0656832),(-0.1414615,-0.0159418,0.0649688),(-0.1414615,-0.0164426,0.0656832),(-0.1414615,-0.0163575,0.0656786),(-0.1414615,-0.0159418,0.0649688),(-0.1414615,-0.0163575,0.0656786),(-0.1414615,-0.0162720,0.0656648),(-0.1414615,-0.0158796,0.0648418),(-0.1414615,-0.0159418,0.0649688),(-0.1414615,-0.0162720,0.0656648),(-0.1414615,-0.0158796,0.0648418),(-0.1414615,-0.0162720,0.0656648),(-0.1414615,-0.0161861,0.0656418),(-0.1414615,-0.0158796,0.0648418),(-0.1414615,-0.0161861,0.0656418),(-0.1414615,-0.0160997,0.0656096),(-0.1414615,-0.0158578,0.0647668),(-0.1414615,-0.0158796,0.0648418),(-0.1414615,-0.0160997,0.0656096),(-0.1414615,-0.0158578,0.0647668),(-0.1414615,-0.0160997,0.0656096),(-0.1414615,-0.0160130,0.0655683),(-0.1414615,-0.0158578,0.0647668),(-0.1414615,-0.0160130,0.0655683),(-0.1414615,-0.0159259,0.0655177),(-0.1414615,-0.0158423,0.0646841),(-0.1414615,-0.0158578,0.0647668),(-0.1414615,-0.0159259,0.0655177),(-0.1414615,-0.0158330,0.0645938),(-0.1414615,-0.0158423,0.0646841),(-0.1414615,-0.0159259,0.0655177),(-0.1414615,-0.0158330,0.0645938),(-0.1414615,-0.0159259,0.0655177),(-0.1414615,-0.0158384,0.0654579),(-0.1414615,-0.0158299,0.0644957),(-0.1414615,-0.0158330,0.0645938),(-0.1414615,-0.0158384,0.0654579),(-0.1414615,-0.0158299,0.0644957),(-0.1414615,-0.0158384,0.0654579),(-0.1414615,-0.0157505,0.0653890),(-0.1414615,-0.0158299,0.0640555),(-0.1414615,-0.0158299,0.0644957),(-0.1414615,-0.0157505,0.0653890),(-0.1414615,-0.0158299,0.0640555),(-0.1414615,-0.0157505,0.0653890),(-0.1414615,-0.0156686,0.0653125),(-0.1414615,-0.0158299,0.0640555),(-0.1414615,-0.0156686,0.0653125),(-0.1414615,-0.0155977,0.0652263),(-0.1414615,-0.0158299,0.0640555),(-0.1414615,-0.0155977,0.0652263),(-0.1414615,-0.0155377,0.0651306),(-0.1414615,-0.0158299,0.0640555),(-0.1414615,-0.0155377,0.0651306),(-0.1414615,-0.0154885,0.0650252),(-0.1414615,-0.0158299,0.0640555),(-0.1414615,-0.0154885,0.0650252),(-0.1414615,-0.0154503,0.0649102),(-0.1414615,-0.0158299,0.0640555),(-0.1414615,-0.0154503,0.0649102),(-0.1414615,-0.0154231,0.0647855),(-0.1414615,-0.0158299,0.0640555),(-0.1414615,-0.0154231,0.0647855),(-0.1414615,-0.0154067,0.0646513),(-0.1414615,-0.0158299,0.0640555),(-0.1414615,-0.0154067,0.0646513),(-0.1414615,-0.0154012,0.0645074),(-0.1414615,-0.0158299,0.0640555),(-0.1414615,-0.0154012,0.0645074),(-0.1414615,-0.0154012,0.0631876),(-0.1414615,-0.0165460,0.0642784),(-0.1414615,-0.0158299,0.0640555),(-0.1414615,-0.0154012,0.0631876),(-0.1414615,-0.0154012,0.0631876),(-0.1414615,-0.0157970,0.0631940),(-0.1414615,-0.0158125,0.0633193),(-0.1414615,-0.0154012,0.0631876),(-0.1414615,-0.0158125,0.0633193),(-0.1414615,-0.0158590,0.0634422),(-0.1414615,-0.0154012,0.0631876),(-0.1414615,-0.0158590,0.0634422),(-0.1414615,-0.0159364,0.0635627),(-0.1414615,-0.0165460,0.0642784),(-0.1414615,-0.0154012,0.0631876),(-0.1414615,-0.0159364,0.0635627),(-0.1414615,-0.0165460,0.0642784),(-0.1414615,-0.0159364,0.0635627),(-0.1414615,-0.0160447,0.0636808),(-0.1414615,-0.0165460,0.0642784),(-0.1414615,-0.0160447,0.0636808),(-0.1414615,-0.0161403,0.0637586),(-0.1414615,-0.0165460,0.0642784),(-0.1414615,-0.0161403,0.0637586),(-0.1414615,-0.0162397,0.0638142),(-0.1414615,-0.0165460,0.0642784),(-0.1414615,-0.0162397,0.0638142),(-0.1414615,-0.0163430,0.0638475),(-0.1414615,-0.0165460,0.0642784),(-0.1414615,-0.0163430,0.0638475),(-0.1414615,-0.0164500,0.0638586),(-0.1414615,-0.0165460,0.0642784),(-0.1414615,-0.0164500,0.0638586),(-0.1414615,-0.0165557,0.0638475),(-0.1414615,-0.0165460,0.0642784),(-0.1414615,-0.0165557,0.0638475),(-0.1414615,-0.0166580,0.0638142),(-0.1414615,-0.0165460,0.0642784),(-0.1414615,-0.0166580,0.0638142),(-0.1414615,-0.0167568,0.0637586),(-0.1414615,-0.0165460,0.0642784),(-0.1414615,-0.0167568,0.0637586),(-0.1414615,-0.0168522,0.0636808),(-0.1414615,-0.0165460,0.0642784),(-0.1414615,-0.0168522,0.0636808),(-0.1414615,-0.0169406,0.0635522),(-0.1414615,-0.0174766,0.0626848),(-0.1414615,-0.0165460,0.0642784),(-0.1414615,-0.0169406,0.0635522),(-0.1414615,-0.0174766,0.0626848),(-0.1414615,-0.0169406,0.0635522),(-0.1414615,-0.0169754,0.0634661),(-0.1414615,-0.0174766,0.0626848),(-0.1414615,-0.0169754,0.0634661),(-0.1414615,-0.0170038,0.0633654),(-0.1414615,-0.0174766,0.0626848),(-0.1414615,-0.0170038,0.0633654),(-0.1414615,-0.0170259,0.0632502),(-0.1414615,-0.0174766,0.0626848),(-0.1414615,-0.0170259,0.0632502),(-0.1414615,-0.0170417,0.0631204),(-0.1414615,-0.0174766,0.0626848),(-0.1414615,-0.0170417,0.0631204),(-0.1414615,-0.0170512,0.0629761),(-0.1414615,-0.0174766,0.0626848),(-0.1414615,-0.0170512,0.0629761),(-0.1414615,-0.0170543,0.0628172),(-0.1414615,-0.0174766,0.0626848),(-0.1414615,-0.0170543,0.0628172),(-0.1414615,-0.0170510,0.0627258),(-0.1414615,-0.0174766,0.0626848),(-0.1414615,-0.0170510,0.0627258),(-0.1414615,-0.0170409,0.0626393),(-0.1414615,-0.0174766,0.0626848),(-0.1414615,-0.0170409,0.0626393),(-0.1414615,-0.0170240,0.0625578),(-0.1414615,-0.0174766,0.0626848),(-0.1414615,-0.0170240,0.0625578),(-0.1414615,-0.0170004,0.0624812),(-0.1414615,-0.0174766,0.0626848),(-0.1414615,-0.0170004,0.0624812),(-0.1414615,-0.0169329,0.0623430),(-0.1414615,-0.0174766,0.0626848),(-0.1414615,-0.0169329,0.0623430),(-0.1414615,-0.0168384,0.0622246),(-0.1414615,-0.0174766,0.0626848),(-0.1414615,-0.0168384,0.0622246),(-0.1414615,-0.0167472,0.0621486),(-0.1414615,-0.0157980,0.0631038),(-0.1414615,-0.0157970,0.0631940),(-0.1414615,-0.0154012,0.0631876),(-0.1414615,-0.0158008,0.0630176),(-0.1414615,-0.0157980,0.0631038),(-0.1414615,-0.0154012,0.0631876),(-0.1414615,-0.0158119,0.0628572),(-0.1414615,-0.0158008,0.0630176),(-0.1414615,-0.0154012,0.0631876),(-0.1414615,-0.0158305,0.0627128),(-0.1414615,-0.0158119,0.0628572),(-0.1414615,-0.0154012,0.0631876),(-0.1414615,-0.0158566,0.0625844),(-0.1414615,-0.0158305,0.0627128),(-0.1414615,-0.0154012,0.0631876),(-0.1414615,-0.0158901,0.0624720),(-0.1414615,-0.0158566,0.0625844),(-0.1414615,-0.0154012,0.0631876),(-0.1414615,-0.0159310,0.0623756),(-0.1414615,-0.0158901,0.0624720),(-0.1414615,-0.0154012,0.0631876),(-0.1414615,-0.0159794,0.0622953),(-0.1414615,-0.0159310,0.0623756),(-0.1414615,-0.0154012,0.0631876),(-0.1414615,-0.0159794,0.0622953),(-0.1414615,-0.0154012,0.0631876),(-0.1414615,-0.0154026,0.0630719),(-0.1414615,-0.0159794,0.0622953),(-0.1414615,-0.0154026,0.0630719),(-0.1414615,-0.0154066,0.0629611),(-0.1414615,-0.0159794,0.0622953),(-0.1414615,-0.0154066,0.0629611),(-0.1414615,-0.0154133,0.0628552),(-0.1414615,-0.0160352,0.0622309),(-0.1414615,-0.0159794,0.0622953),(-0.1414615,-0.0154133,0.0628552),(-0.1414615,-0.0160352,0.0622309),(-0.1414615,-0.0154133,0.0628552),(-0.1414615,-0.0154227,0.0627542),(-0.1414615,-0.0160352,0.0622309),(-0.1414615,-0.0154227,0.0627542),(-0.1414615,-0.0154347,0.0626580),(-0.1414615,-0.0161322,0.0621522),(-0.1414615,-0.0160352,0.0622309),(-0.1414615,-0.0154347,0.0626580),(-0.1414615,-0.0161322,0.0621522),(-0.1414615,-0.0154347,0.0626580),(-0.1414615,-0.0154495,0.0625668),(-0.1414615,-0.0161322,0.0621522),(-0.1414615,-0.0154495,0.0625668),(-0.1414615,-0.0154669,0.0624804),(-0.1414615,-0.0162328,0.0620960),(-0.1414615,-0.0161322,0.0621522),(-0.1414615,-0.0154669,0.0624804),(-0.1414615,-0.0162328,0.0620960),(-0.1414615,-0.0154669,0.0624804),(-0.1414615,-0.0154870,0.0623989),(-0.1414615,-0.0162328,0.0620960),(-0.1414615,-0.0154870,0.0623989),(-0.1414615,-0.0155097,0.0623223),(-0.1414615,-0.0163370,0.0620622),(-0.1414615,-0.0162328,0.0620960),(-0.1414615,-0.0155097,0.0623223),(-0.1414615,-0.0163370,0.0620622),(-0.1414615,-0.0155097,0.0623223),(-0.1414615,-0.0155352,0.0622506),(-0.1414615,-0.0163370,0.0620622),(-0.1414615,-0.0155352,0.0622506),(-0.1414615,-0.0155941,0.0621218),(-0.1414615,-0.0164447,0.0620510),(-0.1414615,-0.0163370,0.0620622),(-0.1414615,-0.0155941,0.0621218),(-0.1414615,-0.0164447,0.0620510),(-0.1414615,-0.0155941,0.0621218),(-0.1414615,-0.0156638,0.0620126),(-0.1414615,-0.0164447,0.0620510),(-0.1414615,-0.0156638,0.0620126),(-0.1414615,-0.0157441,0.0619229),(-0.1414615,-0.0165503,0.0620618),(-0.1414615,-0.0164447,0.0620510),(-0.1414615,-0.0157441,0.0619229),(-0.1414615,-0.0165503,0.0620618),(-0.1414615,-0.0157441,0.0619229),(-0.1414615,-0.0158235,0.0618535),(-0.1414615,-0.0165503,0.0620618),(-0.1414615,-0.0158235,0.0618535),(-0.1414615,-0.0159055,0.0617933),(-0.1414615,-0.0166511,0.0620944),(-0.1414615,-0.0165503,0.0620618),(-0.1414615,-0.0159055,0.0617933),(-0.1414615,-0.0166511,0.0620944),(-0.1414615,-0.0159055,0.0617933),(-0.1414615,-0.0159900,0.0617424),(-0.1414615,-0.0166511,0.0620944),(-0.1414615,-0.0159900,0.0617424),(-0.1414615,-0.0160772,0.0617007),(-0.1414615,-0.0167472,0.0621486),(-0.1414615,-0.0166511,0.0620944),(-0.1414615,-0.0160772,0.0617007),(-0.1414615,-0.0167472,0.0621486),(-0.1414615,-0.0160772,0.0617007),(-0.1414615,-0.0161671,0.0616683),(-0.1414615,-0.0174766,0.0626848),(-0.1414615,-0.0167472,0.0621486),(-0.1414615,-0.0161671,0.0616683),(-0.1414615,-0.0174766,0.0626848),(-0.1414615,-0.0161671,0.0616683),(-0.1414615,-0.0162595,0.0616451),(-0.1414615,-0.0174766,0.0626848),(-0.1414615,-0.0162595,0.0616451),(-0.1414615,-0.0163545,0.0616312),(-0.1414615,-0.0174766,0.0626848),(-0.1414615,-0.0163545,0.0616312),(-0.1414615,-0.0164522,0.0616266),(-0.1414615,-0.0174766,0.0626848),(-0.1414615,-0.0164522,0.0616266),(-0.1414615,-0.0165474,0.0616313),(-0.1414615,-0.0174766,0.0626848),(-0.1414615,-0.0165474,0.0616313),(-0.1414615,-0.0166400,0.0616454),(-0.1414615,-0.0174766,0.0626848),(-0.1414615,-0.0166400,0.0616454),(-0.1414615,-0.0167300,0.0616690),(-0.1414615,-0.0174766,0.0626848),(-0.1414615,-0.0167300,0.0616690),(-0.1414615,-0.0168173,0.0617020),(-0.1414615,-0.0174766,0.0626848),(-0.1414615,-0.0168173,0.0617020),(-0.1414615,-0.0169019,0.0617444),(-0.1414615,-0.0174766,0.0626848),(-0.1414615,-0.0169019,0.0617444),(-0.1414615,-0.0169840,0.0617963),(-0.1414615,-0.0174766,0.0626848),(-0.1414615,-0.0169840,0.0617963),(-0.1414615,-0.0170633,0.0618575),(-0.1414615,-0.0174766,0.0626848),(-0.1414615,-0.0170633,0.0618575),(-0.1414615,-0.0171401,0.0619282),(-0.1414615,-0.0174766,0.0626848),(-0.1414615,-0.0171401,0.0619282),(-0.1414615,-0.0172202,0.0620165),(-0.1414615,-0.0174766,0.0626848),(-0.1414615,-0.0172202,0.0620165),(-0.1414615,-0.0172896,0.0621113),(-0.1414615,-0.0174766,0.0626848),(-0.1414615,-0.0172896,0.0621113),(-0.1414615,-0.0173484,0.0622128),(-0.1414615,-0.0174766,0.0626848),(-0.1414615,-0.0173484,0.0622128),(-0.1414615,-0.0173965,0.0623209),(-0.1414615,-0.0174766,0.0626848),(-0.1414615,-0.0173965,0.0623209),(-0.1414615,-0.0174338,0.0624356),(-0.1414615,-0.0174766,0.0626848),(-0.1414615,-0.0174338,0.0624356),(-0.1414615,-0.0174606,0.0625569),(-0.1414615,-0.0121775,0.0617039),(-0.1414615,-0.0122770,0.0615948),(-0.1414615,-0.0123903,0.0615673),(-0.1414615,-0.0121775,0.0617039),(-0.1414615,-0.0123903,0.0615673),(-0.1414615,-0.0124913,0.0615927),(-0.1414615,-0.0121775,0.0617039),(-0.1414615,-0.0124913,0.0615927),(-0.1414615,-0.0125681,0.0616689),(-0.1414615,-0.0121775,0.0617039),(-0.1414615,-0.0125681,0.0616689),(-0.1414615,-0.0125755,0.0616753),(-0.1414615,-0.0121775,0.0617039),(-0.1414615,-0.0125755,0.0616753),(-0.1414615,-0.0138211,0.0638427),(-0.1414615,-0.0121775,0.0617039),(-0.1414615,-0.0138211,0.0638427),(-0.1414615,-0.0138487,0.0639496),(-0.1414615,-0.0121775,0.0617039),(-0.1414615,-0.0138487,0.0639496),(-0.1414615,-0.0138209,0.0640589),(-0.1414615,-0.0121775,0.0617039),(-0.1414615,-0.0138209,0.0640589),(-0.1414615,-0.0137375,0.0641370),(-0.1414615,-0.0121775,0.0617039),(-0.1414615,-0.0137375,0.0641370),(-0.1414615,-0.0136306,0.0641666),(-0.1414615,-0.0121775,0.0617039),(-0.1414615,-0.0136306,0.0641666),(-0.1414615,-0.0135219,0.0641388),(-0.1414615,-0.0121775,0.0617039),(-0.1414615,-0.0135219,0.0641388),(-0.1414615,-0.0134454,0.0640555),(-0.1414615,-0.0121775,0.0617039),(-0.1414615,-0.0134454,0.0640555),(-0.1414615,-0.0126030,0.0625897),(-0.1414615,-0.0121775,0.0617039),(-0.1414615,-0.0126030,0.0625897),(-0.1414615,-0.0126030,0.0651974),(-0.1414615,-0.0126030,0.0651974),(-0.1414615,-0.0141894,0.0651974),(-0.1414615,-0.0142744,0.0652133),(-0.1414615,-0.0126030,0.0651974),(-0.1414615,-0.0142744,0.0652133),(-0.1414615,-0.0143450,0.0652609),(-0.1414615,-0.0126030,0.0651974),(-0.1414615,-0.0143450,0.0652609),(-0.1414615,-0.0143926,0.0653305),(-0.1414615,-0.0126030,0.0651974),(-0.1414615,-0.0143926,0.0653305),(-0.1414615,-0.0144085,0.0654123),(-0.1414615,-0.0126030,0.0651974),(-0.1414615,-0.0144085,0.0654123),(-0.1414615,-0.0143926,0.0654943),(-0.1414615,-0.0126030,0.0651974),(-0.1414615,-0.0143926,0.0654943),(-0.1414615,-0.0143450,0.0655647),(-0.1414615,-0.0126030,0.0651974),(-0.1414615,-0.0143450,0.0655647),(-0.1414615,-0.0142744,0.0656139),(-0.1414615,-0.0126030,0.0651974),(-0.1414615,-0.0142744,0.0656139),(-0.1414615,-0.0141894,0.0656303),(-0.1414615,-0.0126030,0.0651974),(-0.1414615,-0.0141894,0.0656303),(-0.1414615,-0.0123829,0.0656303),(-0.1414615,-0.0121775,0.0617039),(-0.1414615,-0.0126030,0.0651974),(-0.1414615,-0.0123829,0.0656303),(-0.1414615,-0.0123829,0.0656303),(-0.1414615,-0.0105773,0.0656303),(-0.1414615,-0.0104945,0.0656139),(-0.1414615,-0.0123829,0.0656303),(-0.1414615,-0.0104945,0.0656139),(-0.1414615,-0.0104260,0.0655647),(-0.1414615,-0.0123829,0.0656303),(-0.1414615,-0.0104260,0.0655647),(-0.1414615,-0.0103800,0.0654943),(-0.1414615,-0.0123829,0.0656303),(-0.1414615,-0.0103800,0.0654943),(-0.1414615,-0.0103646,0.0654123),(-0.1414615,-0.0123829,0.0656303),(-0.1414615,-0.0103646,0.0654123),(-0.1414615,-0.0103800,0.0653305),(-0.1414615,-0.0123829,0.0656303),(-0.1414615,-0.0103800,0.0653305),(-0.1414615,-0.0104260,0.0652609),(-0.1414615,-0.0123829,0.0656303),(-0.1414615,-0.0104260,0.0652609),(-0.1414615,-0.0104945,0.0652133),(-0.1414615,-0.0123829,0.0656303),(-0.1414615,-0.0104945,0.0652133),(-0.1414615,-0.0105773,0.0651974),(-0.1414615,-0.0123829,0.0656303),(-0.1414615,-0.0105773,0.0651974),(-0.1414615,-0.0121701,0.0651974),(-0.1414615,-0.0121775,0.0617039),(-0.1414615,-0.0123829,0.0656303),(-0.1414615,-0.0121701,0.0651974),(-0.1414615,-0.0121775,0.0617039),(-0.1414615,-0.0121701,0.0651974),(-0.1414615,-0.0121701,0.0625854),(-0.1414615,-0.0121775,0.0617039),(-0.1414615,-0.0121701,0.0625854),(-0.1414615,-0.0113139,0.0640745),(-0.1414615,-0.0121775,0.0617039),(-0.1414615,-0.0113139,0.0640745),(-0.1414615,-0.0112343,0.0641539),(-0.1414615,-0.0121775,0.0617039),(-0.1414615,-0.0112343,0.0641539),(-0.1414615,-0.0111266,0.0641804),(-0.1414615,-0.0121775,0.0617039),(-0.1414615,-0.0111266,0.0641804),(-0.1414615,-0.0110155,0.0641528),(-0.1414615,-0.0121775,0.0617039),(-0.1414615,-0.0110155,0.0641528),(-0.1414615,-0.0109337,0.0640732),(-0.1414615,-0.0121775,0.0617039),(-0.1414615,-0.0109337,0.0640732),(-0.1414615,-0.0109065,0.0639634),(-0.1414615,-0.0121775,0.0617039),(-0.1414615,-0.0109065,0.0639634),(-0.1414615,-0.0109382,0.0638544)));
#8022=COMPLEX_TRIANGULATED_SURFACE_SET('surface set',#8021,2028,(),(),(),((1,2,3),(4,5,6),(7,8,9),(10,11,12),(13,14,15),(16,17,18),(19,20,21),(22,23,24),(25,26,27),(28,29,30),(31,32,33),(34,35,36),(37,38,39),(40,41,42),(43,44,45),(46,47,48),(49,50,51),(52,53,54),(55,56,57),(58,59,60),(61,62,63),(64,65,66),(67,68,69),(70,71,72),(73,74,75),(76,77,78),(79,80,81),(82,83,84),(85,86,87),(88,89,90),(91,92,93),(94,95,96),(97,98,99),(100,101,102),(103,104,105),(106,107,108),(109,110,111),(112,113,114),(115,116,117),(118,119,120),(121,122,123),(124,125,126),(127,128,129),(130,131,132),(133,134,135),(136,137,138),(139,140,141),(142,143,144),(145,146,147),(148,149,150),(151,152,153),(154,155,156),(157,158,159),(160,161,162),(163,164,165),(166,167,168),(169,170,171),(172,173,174),(175,176,177),(178,179,180),(181,182,183),(184,185,186),(187,188,189),(190,191,192),(193,194,195),(196,197,198),(199,200,201),(202,203,204),(205,206,207),(208,209,210),(211,212,213),(214,215,216),(217,218,219),(220,221,222),(223,224,225),(226,227,228),(229,230,231),(232,233,234),(235,236,237),(238,239,240),(241,242,243),(244,245,246),(247,248,249),(250,251,252),(253,254,255),(256,257,258),(259,260,261),(262,263,264),(265,266,267),(268,269,270),(271,272,273),(274,275,276),(277,278,279),(280,281,282),(283,284,285),(286,287,288),(289,290,291),(292,293,294),(295,296,297),(298,299,300),(301,302,303),(304,305,306),(307,308,309),(310,311,312),(313,314,315),(316,317,318),(319,320,321),(322,323,324),(325,326,327),(328,329,330),(331,332,333),(334,335,336),(337,338,339),(340,341,342),(343,344,345),(346,347,348),(349,350,351),(352,353,354),(355,356,357),(358,359,360),(361,362,363),(364,365,366),(367,368,369),(370,371,372),(373,374,375),(376,377,378),(379,380,381),(382,383,384),(385,386,387),(388,389,390),(391,392,393),(394,395,396),(397,398,399),(400,401,402),(403,404,405),(406,407,408),(409,410,411),(412,413,414),(415,416,417),(418,419,420),(421,422,423),(424,425,426),(427,428,429),(430,431,432),(433,434,435),(436,437,438),(439,440,441),(442,443,444),(445,446,447),(448,449,450),(451,452,453),(454,455,456),(457,458,459),(460,461,462),(463,464,465),(466,467,468),(469,470,471),(472,473,474),(475,476,477),(478,479,480),(481,482,483),(484,485,486),(487,488,489),(490,491,492),(493,494,495),(496,497,498),(499,500,501),(502,503,504),(505,506,507),(508,509,510),(511,512,513),(514,515,516),(517,518,519),(520,521,522),(523,524,525),(526,527,528),(529,530,531),(532,533,534),(535,536,537),(538,539,540),(541,542,543),(544,545,546),(547,548,549),(550,551,552),(553,554,555),(556,557,558),(559,560,561),(562,563,564),(565,566,567),(568,569,570),(571,572,573),(574,575,576),(577,578,579),(580,581,582),(583,584,585),(586,587,588),(589,590,591),(592,593,594),(595,596,597),(598,599,600),(601,602,603),(604,605,606),(607,608,609),(610,611,612),(613,614,615),(616,617,618),(619,620,621),(622,623,624),(625,626,627),(628,629,630),(631,632,633),(634,635,636),(637,638,639),(640,641,642),(643,644,645),(646,647,648),(649,650,651),(652,653,654),(655,656,657),(658,659,660),(661,662,663),(664,665,666),(667,668,669),(670,671,672),(673,674,675),(676,677,678),(679,680,681),(682,683,684),(685,686,687),(688,689,690),(691,692,693),(694,695,696),(697,698,699),(700,701,702),(703,704,705),(706,707,708),(709,710,711),(712,713,714),(715,716,717),(718,719,720),(721,722,723),(724,725,726),(727,728,729),(730,731,732),(733,734,735),(736,737,738),(739,740,741),(742,743,744),(745,746,747),(748,749,750),(751,752,753),(754,755,756),(757,758,759),(760,761,762),(763,764,765),(766,767,768),(769,770,771),(772,773,774),(775,776,777),(778,779,780),(781,782,783),(784,785,786),(787,788,789),(790,791,792),(793,794,795),(796,797,798),(799,800,801),(802,803,804),(805,806,807),(808,809,810),(811,812,813),(814,815,816),(817,818,819),(820,821,822),(823,824,825),(826,827,828),(829,830,831),(832,833,834),(835,836,837),(838,839,840),(841,842,843),(844,845,846),(847,848,849),(850,851,852),(853,854,855),(856,857,858),(859,860,861),(862,863,864),(865,866,867),(868,869,870),(871,872,873),(874,875,876),(877,878,879),(880,881,882),(883,884,885),(886,887,888),(889,890,891),(892,893,894),(895,896,897),(898,899,900),(901,902,903),(904,905,906),(907,908,909),(910,911,912),(913,914,915),(916,917,918),(919,920,921),(922,923,924),(925,926,927),(928,929,930),(931,932,933),(934,935,936),(937,938,939),(940,941,942),(943,944,945),(946,947,948),(949,950,951),(952,953,954),(955,956,957),(958,959,960),(961,962,963),(964,965,966),(967,968,969),(970,971,972),(973,974,975),(976,977,978),(979,980,981),(982,983,984),(985,986,987),(988,989,990),(991,992,993),(994,995,996),(997,998,999),(1000,1001,1002),(1003,1004,1005),(1006,1007,1008),(1009,1010,1011),(1012,1013,1014),(1015,1016,1017),(1018,1019,1020),(1021,1022,1023),(1024,1025,1026),(1027,1028,1029),(1030,1031,1032),(1033,1034,1035),(1036,1037,1038),(1039,1040,1041),(1042,1043,1044),(1045,1046,1047),(1048,1049,1050),(1051,1052,1053),(1054,1055,1056),(1057,1058,1059),(1060,1061,1062),(1063,1064,1065),(1066,1067,1068),(1069,1070,1071),(1072,1073,1074),(1075,1076,1077),(1078,1079,1080),(1081,1082,1083),(1084,1085,1086),(1087,1088,1089),(1090,1091,1092),(1093,1094,1095),(1096,1097,1098),(1099,1100,1101),(1102,1103,1104),(1105,1106,1107),(1108,1109,1110),(1111,1112,1113),(1114,1115,1116),(1117,1118,1119),(1120,1121,1122),(1123,1124,1125),(1126,1127,1128),(1129,1130,1131),(1132,1133,1134),(1135,1136,1137),(1138,1139,1140),(1141,1142,1143),(1144,1145,1146),(1147,1148,1149),(1150,1151,1152),(1153,1154,1155),(1156,1157,1158),(1159,1160,1161),(1162,1163,1164),(1165,1166,1167),(1168,1169,1170),(1171,1172,1173),(1174,1175,1176),(1177,1178,1179),(1180,1181,1182),(1183,1184,1185),(1186,1187,1188),(1189,1190,1191),(1192,1193,1194),(1195,1196,1197),(1198,1199,1200),(1201,1202,1203),(1204,1205,1206),(1207,1208,1209),(1210,1211,1212),(1213,1214,1215),(1216,1217,1218),(1219,1220,1221),(1222,1223,1224),(1225,1226,1227),(1228,1229,1230),(1231,1232,1233),(1234,1235,1236),(1237,1238,1239),(1240,1241,1242),(1243,1244,1245),(1246,1247,1248),(1249,1250,1251),(1252,1253,1254),(1255,1256,1257),(1258,1259,1260),(1261,1262,1263),(1264,1265,1266),(1267,1268,1269),(1270,1271,1272),(1273,1274,1275),(1276,1277,1278),(1279,1280,1281),(1282,1283,1284),(1285,1286,1287),(1288,1289,1290),(1291,1292,1293),(1294,1295,1296),(1297,1298,1299),(1300,1301,1302),(1303,1304,1305),(1306,1307,1308),(1309,1310,1311),(1312,1313,1314),(1315,1316,1317),(1318,1319,1320),(1321,1322,1323),(1324,1325,1326),(1327,1328,1329),(1330,1331,1332),(1333,1334,1335),(1336,1337,1338),(1339,1340,1341),(1342,1343,1344),(1345,1346,1347),(1348,1349,1350),(1351,1352,1353),(1354,1355,1356),(1357,1358,1359),(1360,1361,1362),(1363,1364,1365),(1366,1367,1368),(1369,1370,1371),(1372,1373,1374),(1375,1376,1377),(1378,1379,1380),(1381,1382,1383),(1384,1385,1386),(1387,1388,1389),(1390,1391,1392),(1393,1394,1395),(1396,1397,1398),(1399,1400,1401),(1402,1403,1404),(1405,1406,1407),(1408,1409,1410),(1411,1412,1413),(1414,1415,1416),(1417,1418,1419),(1420,1421,1422),(1423,1424,1425),(1426,1427,1428),(1429,1430,1431),(1432,1433,1434),(1435,1436,1437),(1438,1439,1440),(1441,1442,1443),(1444,1445,1446),(1447,1448,1449),(1450,1451,1452),(1453,1454,1455),(1456,1457,1458),(1459,1460,1461),(1462,1463,1464),(1465,1466,1467),(1468,1469,1470),(1471,1472,1473),(1474,1475,1476),(1477,1478,1479),(1480,1481,1482),(1483,1484,1485),(1486,1487,1488),(1489,1490,1491),(1492,1493,1494),(1495,1496,1497),(1498,1499,1500),(1501,1502,1503),(1504,1505,1506),(1507,1508,1509),(1510,1511,1512),(1513,1514,1515),(1516,1517,1518),(1519,1520,1521),(1522,1523,1524),(1525,1526,1527),(1528,1529,1530),(1531,1532,1533),(1534,1535,1536),(1537,1538,1539),(1540,1541,1542),(1543,1544,1545),(1546,1547,1548),(1549,1550,1551),(1552,1553,1554),(1555,1556,1557),(1558,1559,1560),(1561,1562,1563),(1564,1565,1566),(1567,1568,1569),(1570,1571,1572),(1573,1574,1575),(1576,1577,1578),(1579,1580,1581),(1582,1583,1584),(1585,1586,1587),(1588,1589,1590),(1591,1592,1593),(1594,1595,1596),(1597,1598,1599),(1600,1601,1602),(1603,1604,1605),(1606,1607,1608),(1609,1610,1611),(1612,1613,1614),(1615,1616,1617),(1618,1619,1620),(1621,1622,1623),(1624,1625,1626),(1627,1628,1629),(1630,1631,1632),(1633,1634,1635),(1636,1637,1638),(1639,1640,1641),(1642,1643,1644),(1645,1646,1647),(1648,1649,1650),(1651,1652,1653),(1654,1655,1656),(1657,1658,1659),(1660,1661,1662),(1663,1664,1665),(1666,1667,1668),(1669,1670,1671),(1672,1673,1674),(1675,1676,1677),(1678,1679,1680),(1681,1682,1683),(1684,1685,1686),(1687,1688,1689),(1690,1691,1692),(1693,1694,1695),(1696,1697,1698),(1699,1700,1701),(1702,1703,1704),(1705,1706,1707),(1708,1709,1710),(1711,1712,1713),(1714,1715,1716),(1717,1718,1719),(1720,1721,1722),(1723,1724,1725),(1726,1727,1728),(1729,1730,1731),(1732,1733,1734),(1735,1736,1737),(1738,1739,1740),(1741,1742,1743),(1744,1745,1746),(1747,1748,1749),(1750,1751,1752),(1753,1754,1755),(1756,1757,1758),(1759,1760,1761),(1762,1763,1764),(1765,1766,1767),(1768,1769,1770),(1771,1772,1773),(1774,1775,1776),(1777,1778,1779),(1780,1781,1782),(1783,1784,1785),(1786,1787,1788),(1789,1790,1791),(1792,1793,1794),(1795,1796,1797),(1798,1799,1800),(1801,1802,1803),(1804,1805,1806),(1807,1808,1809),(1810,1811,1812),(1813,1814,1815),(1816,1817,1818),(1819,1820,1821),(1822,1823,1824),(1825,1826,1827),(1828,1829,1830),(1831,1832,1833),(1834,1835,1836),(1837,1838,1839),(1840,1841,1842),(1843,1844,1845),(1846,1847,1848),(1849,1850,1851),(1852,1853,1854),(1855,1856,1857),(1858,1859,1860),(1861,1862,1863),(1864,1865,1866),(1867,1868,1869),(1870,1871,1872),(1873,1874,1875),(1876,1877,1878),(1879,1880,1881),(1882,1883,1884),(1885,1886,1887),(1888,1889,1890),(1891,1892,1893),(1894,1895,1896),(1897,1898,1899),(1900,1901,1902),(1903,1904,1905),(1906,1907,1908),(1909,1910,1911),(1912,1913,1914),(1915,1916,1917),(1918,1919,1920),(1921,1922,1923),(1924,1925,1926),(1927,1928,1929),(1930,1931,1932),(1933,1934,1935),(1936,1937,1938),(1939,1940,1941),(1942,1943,1944),(1945,1946,1947),(1948,1949,1950),(1951,1952,1953),(1954,1955,1956),(1957,1958,1959),(1960,1961,1962),(1963,1964,1965),(1966,1967,1968),(1969,1970,1971),(1972,1973,1974),(1975,1976,1977),(1978,1979,1980),(1981,1982,1983),(1984,1985,1986),(1987,1988,1989),(1990,1991,1992),(1993,1994,1995),(1996,1997,1998),(1999,2000,2001),(2002,2003,2004),(2005,2006,2007),(2008,2009,2010),(2011,2012,2013),(2014,2015,2016),(2017,2018,2019),(2020,2021,2022),(2023,2024,2025),(2026,2027,2028)));
#8023=TESSELLATED_GEOMETRIC_SET('hole callout',(#8022));
#8024=COORDINATES_LIST('coordinates',5,((-0.1414615,0.0017683,0.0590884),(-0.1414615,-0.0181219,0.0590884),(-0.1414615,0.0115683,0.0542884),(-0.1414615,0.0067683,0.0590884),(-0.1414615,0.0017683,0.0590884)));
#8025=TESSELLATED_CURVE_SET('curve set',#8024,((1,2),(3,4,5)));
#8026=TESSELLATED_GEOMETRIC_SET('hole callout',(#8025));
#8027=TESSELLATED_ANNOTATION_OCCURRENCE('hole callout',(#8020),#8023);
#8028=TESSELLATED_ANNOTATION_OCCURRENCE('hole callout',(#8020),#8026);
#8029=DRAUGHTING_CALLOUT('hole callout',(#8027,#8028));
#8030=DRAUGHTING_MODEL_ITEM_ASSOCIATION('','',#7980,#8016,#8029);
#8031=DRAUGHTING_MODEL_ITEM_ASSOCIATION('','',#7988,#8016,#8029);
#8032=DRAUGHTING_MODEL_ITEM_ASSOCIATION('','',#7955,#8016,#8029);
#8033=COMPOSITE_SHAPE_ASPECT('hole_callout.FCWATxJM7GwVARA_1.RBDD.0',$,#7935,$);
#8034=SHAPE_ASPECT('hole_callout.FCWATxJM7GwVARA_1.RBDD.0',$,#7935,.T.);
#8035=GEOMETRIC_ITEM_SPECIFIC_USAGE('','',#8034,#12,#4723);
#8036=SHAPE_ASPECT_RELATIONSHIP('','',#8033,#8034);
#8037=SHAPE_ASPECT('hole_callout.FCWATxJM7GwVARA_1.RBDD.0',$,#7935,.T.);
#8038=GEOMETRIC_ITEM_SPECIFIC_USAGE('','',#8037,#12,#4722);
#8039=SHAPE_ASPECT_RELATIONSHIP('','',#8033,#8037);
#8040=SHAPE_ASPECT('hole_callout.FCWATxJM7GwVARA_1.RBDD.0',$,#7935,.T.);
#8041=GEOMETRIC_ITEM_SPECIFIC_USAGE('','',#8040,#12,#4721);
#8042=SHAPE_ASPECT_RELATIONSHIP('','',#8033,#8040);
#8043=SHAPE_ASPECT('hole_callout.FCWATxJM7GwVARA_1.RBDD.0',$,#7935,.T.);
#8044=GEOMETRIC_ITEM_SPECIFIC_USAGE('','',#8043,#12,#4720);
#8045=SHAPE_ASPECT_RELATIONSHIP('','',#8033,#8043);
#8046=SHAPE_ASPECT('hole_callout.FCWATxJM7GwVARA_1.RBDD.0',$,#7935,.T.);
#8047=GEOMETRIC_ITEM_SPECIFIC_USAGE('','',#8046,#12,#4725);
#8048=SHAPE_ASPECT_RELATIONSHIP('','',#8033,#8046);
#8049=SHAPE_ASPECT('hole_callout.FCWATxJM7GwVARA_1.RBDD.0',$,#7935,.T.);
#8050=GEOMETRIC_ITEM_SPECIFIC_USAGE('','',#8049,#12,#4724);
#8051=SHAPE_ASPECT_RELATIONSHIP('','',#8033,#8049);
#8052=SHAPE_ASPECT('hole_callout.FCWATxJM7GwVARA_1.RBDD.0',$,#7935,.T.);
#8053=GEOMETRIC_ITEM_SPECIFIC_USAGE('','',#8052,#12,#4727);
#8054=SHAPE_ASPECT_RELATIONSHIP('','',#8033,#8052);
#8055=SHAPE_ASPECT('hole_callout.FCWATxJM7GwVARA_1.RBDD.0',$,#7935,.T.);
#8056=GEOMETRIC_ITEM_SPECIFIC_USAGE('','',#8055,#12,#4726);
#8057=SHAPE_ASPECT_RELATIONSHIP('','',#8033,#8055);
#8058=DIMENSIONAL_SIZE(#8033,'depth');
#8059=(
LENGTH_UNIT()
NAMED_UNIT(*)
SI_UNIT(.MILLI.,.METRE.)
);
#8061=PRECISION_QUALIFIER(3);
#8060=(
LENGTH_MEASURE_WITH_UNIT()
MEASURE_REPRESENTATION_ITEM()
MEASURE_WITH_UNIT(POSITIVE_LENGTH_MEASURE(6.),#8059)
QUALIFIED_REPRESENTATION_ITEM((#8061))
REPRESENTATION_ITEM('nominal value')
);
#8062=COMPOUND_REPRESENTATION_ITEM('modifiers',SET_REPRESENTATION_ITEM((#8063)));
#8063=DESCRIPTIVE_REPRESENTATION_ITEM('dimensional note','depth');
#8064=SHAPE_DIMENSION_REPRESENTATION('',(#8060,#8062),#7925);
#8065=DIMENSIONAL_CHARACTERISTIC_REPRESENTATION(#8058,#8064);
#8066=DIMENSIONAL_SIZE(#8033,'diameter');
#8067=(
LENGTH_UNIT()
NAMED_UNIT(*)
SI_UNIT(.MILLI.,.METRE.)
);
#8069=PRECISION_QUALIFIER(3);
#8068=(
LENGTH_MEASURE_WITH_UNIT()
MEASURE_REPRESENTATION_ITEM()
MEASURE_WITH_UNIT(POSITIVE_LENGTH_MEASURE(3.2),#8067)
QUALIFIED_REPRESENTATION_ITEM((#8069))
REPRESENTATION_ITEM('nominal value')
);
#8070=COMPOUND_REPRESENTATION_ITEM('modifiers',SET_REPRESENTATION_ITEM((#8071)));
#8071=DESCRIPTIVE_REPRESENTATION_ITEM('dimensional note','diameter');
#8072=SHAPE_DIMENSION_REPRESENTATION('',(#8068,#8070),#7925);
#8073=DIMENSIONAL_CHARACTERISTIC_REPRESENTATION(#8066,#8072);
#8074=PRESENTATION_STYLE_ASSIGNMENT((NULL_STYLE(.NULL.)));
#8075=CARTESIAN_POINT('',(0.141461543967191,-0.0376302613096168,0.042862));
#8076=DIRECTION('',(1.,0.,0.));
#8077=DIRECTION('',(0.,1.,0.));
#8078=AXIS2_PLACEMENT_3D('',#8075,#8076,#8077);
#8079=PLANE('',#8078);
#8080=ANNOTATION_PLANE('',(#8074),#8079,(#8107));
#8081=CARTESIAN_POINT('',(0.,0.,0.));
#8082=DIRECTION('',(0.,0.,1.));
#8083=DIRECTION('',(1.,0.,0.));
#8084=AXIS2_PLACEMENT_3D('',#8081,#8082,#8083);
#8085=CARTESIAN_POINT('',(0.,0.,0.));
#8086=DIRECTION('',(0.,0.,1.));
#8087=DIRECTION('',(1.,0.,0.));
#8088=AXIS2_PLACEMENT_3D('',#8085,#8086,#8087);
#8089=SHAPE_REPRESENTATION('',(#8088,#4898),#7925);
#8090=REPRESENTATION_MAP(#8084,#8089);
#8091=MAPPED_ITEM('',#8090,#8084);
#8092=PRESENTATION_STYLE_ASSIGNMENT((NULL_STYLE(.NULL.)));
#8093=STYLED_ITEM('',(#8092),#8091);
#8094=DRAUGHTING_MODEL('',(#8080,#8084,#8091,#8093),#7925);
#8095=DRAUGHTING_PRE_DEFINED_CURVE_FONT('continuous');
#8096=COLOUR_RGB('',0.,0.,0.);
#8097=CURVE_STYLE('',#8095,POSITIVE_LENGTH_MEASURE(0.02),#8096);
#8098=PRESENTATION_STYLE_ASSIGNMENT((#8097));
#8099=COORDINATES_LIST('coordinates',2028,((0.1414615,-0.0364989,0.0439934),(0.1414615,-0.0350847,0.0468218),(0.1414615,-0.0336705,0.0454076),(0.1414615,-0.0254829,0.0514771),(0.1414615,-0.0253858,0.0514364),(0.1414615,-0.0252878,0.0514012),(0.1414615,-0.0254829,0.0514771),(0.1414615,-0.0252878,0.0514012),(0.1414615,-0.0251888,0.0513713),(0.1414615,-0.0254829,0.0514771),(0.1414615,-0.0251888,0.0513713),(0.1414615,-0.0250889,0.0513469),(0.1414615,-0.0254829,0.0514771),(0.1414615,-0.0250889,0.0513469),(0.1414615,-0.0249880,0.0513279),(0.1414615,-0.0254829,0.0514771),(0.1414615,-0.0249880,0.0513279),(0.1414615,-0.0248862,0.0513144),(0.1414615,-0.0254829,0.0514771),(0.1414615,-0.0248862,0.0513144),(0.1414615,-0.0247834,0.0513062),(0.1414615,-0.0254829,0.0514771),(0.1414615,-0.0247834,0.0513062),(0.1414615,-0.0246796,0.0513035),(0.1414615,-0.0254829,0.0514771),(0.1414615,-0.0246796,0.0513035),(0.1414615,-0.0245438,0.0513079),(0.1414615,-0.0254829,0.0514771),(0.1414615,-0.0245438,0.0513079),(0.1414615,-0.0244106,0.0513208),(0.1414615,-0.0254829,0.0514771),(0.1414615,-0.0244106,0.0513208),(0.1414615,-0.0242799,0.0513424),(0.1414615,-0.0254829,0.0514771),(0.1414615,-0.0242799,0.0513424),(0.1414615,-0.0241517,0.0513726),(0.1414615,-0.0254829,0.0514771),(0.1414615,-0.0241517,0.0513726),(0.1414615,-0.0240262,0.0514114),(0.1414615,-0.0254829,0.0514771),(0.1414615,-0.0240262,0.0514114),(0.1414615,-0.0239031,0.0514589),(0.1414615,-0.0254829,0.0514771),(0.1414615,-0.0239031,0.0514589),(0.1414615,-0.0237826,0.0515150),(0.1414615,-0.0254829,0.0514771),(0.1414615,-0.0237826,0.0515150),(0.1414615,-0.0236646,0.0515798),(0.1414615,-0.0254829,0.0514771),(0.1414615,-0.0236646,0.0515798),(0.1414615,-0.0235511,0.0516522),(0.1414615,-0.0254829,0.0514771),(0.1414615,-0.0235511,0.0516522),(0.1414615,-0.0234437,0.0517307),(0.1414615,-0.0254829,0.0514771),(0.1414615,-0.0234437,0.0517307),(0.1414615,-0.0233426,0.0518154),(0.1414615,-0.0254829,0.0514771),(0.1414615,-0.0233426,0.0518154),(0.1414615,-0.0232477,0.0519063),(0.1414615,-0.0254829,0.0514771),(0.1414615,-0.0232477,0.0519063),(0.1414615,-0.0231590,0.0520033),(0.1414615,-0.0231590,0.0520033),(0.1414615,-0.0230765,0.0521064),(0.1414615,-0.0230002,0.0522157),(0.1414615,-0.0231590,0.0520033),(0.1414615,-0.0230002,0.0522157),(0.1414615,-0.0229302,0.0523312),(0.1414615,-0.0231590,0.0520033),(0.1414615,-0.0229302,0.0523312),(0.1414615,-0.0228672,0.0524510),(0.1414615,-0.0231590,0.0520033),(0.1414615,-0.0228672,0.0524510),(0.1414615,-0.0228126,0.0525732),(0.1414615,-0.0231590,0.0520033),(0.1414615,-0.0228126,0.0525732),(0.1414615,-0.0227664,0.0526979),(0.1414615,-0.0231590,0.0520033),(0.1414615,-0.0227664,0.0526979),(0.1414615,-0.0227286,0.0528252),(0.1414615,-0.0231590,0.0520033),(0.1414615,-0.0227286,0.0528252),(0.1414615,-0.0226992,0.0529549),(0.1414615,-0.0231590,0.0520033),(0.1414615,-0.0226992,0.0529549),(0.1414615,-0.0226781,0.0530870),(0.1414615,-0.0231590,0.0520033),(0.1414615,-0.0226781,0.0530870),(0.1414615,-0.0226655,0.0532217),(0.1414615,-0.0231590,0.0520033),(0.1414615,-0.0226655,0.0532217),(0.1414615,-0.0226613,0.0533588),(0.1414615,-0.0231590,0.0520033),(0.1414615,-0.0226613,0.0533588),(0.1414615,-0.0226655,0.0534905),(0.1414615,-0.0231590,0.0520033),(0.1414615,-0.0226655,0.0534905),(0.1414615,-0.0226781,0.0536213),(0.1414615,-0.0231590,0.0520033),(0.1414615,-0.0226781,0.0536213),(0.1414615,-0.0226992,0.0537513),(0.1414615,-0.0231590,0.0520033),(0.1414615,-0.0226992,0.0537513),(0.1414615,-0.0227286,0.0538806),(0.1414615,-0.0231590,0.0520033),(0.1414615,-0.0227286,0.0538806),(0.1414615,-0.0227664,0.0540090),(0.1414615,-0.0231590,0.0520033),(0.1414615,-0.0227664,0.0540090),(0.1414615,-0.0228126,0.0541367),(0.1414615,-0.0228126,0.0541367),(0.1414615,-0.0232043,0.0539952),(0.1414615,-0.0231678,0.0538973),(0.1414615,-0.0228126,0.0541367),(0.1414615,-0.0231678,0.0538973),(0.1414615,-0.0231379,0.0537962),(0.1414615,-0.0228126,0.0541367),(0.1414615,-0.0231379,0.0537962),(0.1414615,-0.0231146,0.0536917),(0.1414615,-0.0228126,0.0541367),(0.1414615,-0.0231146,0.0536917),(0.1414615,-0.0230980,0.0535840),(0.1414615,-0.0228126,0.0541367),(0.1414615,-0.0230980,0.0535840),(0.1414615,-0.0230880,0.0534731),(0.1414615,-0.0228126,0.0541367),(0.1414615,-0.0230880,0.0534731),(0.1414615,-0.0230847,0.0533588),(0.1414615,-0.0228126,0.0541367),(0.1414615,-0.0230847,0.0533588),(0.1414615,-0.0230880,0.0532488),(0.1414615,-0.0231590,0.0520033),(0.1414615,-0.0228126,0.0541367),(0.1414615,-0.0230880,0.0532488),(0.1414615,-0.0231590,0.0520033),(0.1414615,-0.0230880,0.0532488),(0.1414615,-0.0230981,0.0531409),(0.1414615,-0.0231590,0.0520033),(0.1414615,-0.0230981,0.0531409),(0.1414615,-0.0231149,0.0530353),(0.1414615,-0.0231590,0.0520033),(0.1414615,-0.0231149,0.0530353),(0.1414615,-0.0231384,0.0529318),(0.1414615,-0.0231590,0.0520033),(0.1414615,-0.0231384,0.0529318),(0.1414615,-0.0231686,0.0528305),(0.1414615,-0.0231590,0.0520033),(0.1414615,-0.0231686,0.0528305),(0.1414615,-0.0232055,0.0527314),(0.1414615,-0.0231590,0.0520033),(0.1414615,-0.0232055,0.0527314),(0.1414615,-0.0232492,0.0526344),(0.1414615,-0.0231590,0.0520033),(0.1414615,-0.0232492,0.0526344),(0.1414615,-0.0232995,0.0525397),(0.1414615,-0.0231590,0.0520033),(0.1414615,-0.0232995,0.0525397),(0.1414615,-0.0233554,0.0524485),(0.1414615,-0.0231590,0.0520033),(0.1414615,-0.0233554,0.0524485),(0.1414615,-0.0234160,0.0523621),(0.1414615,-0.0231590,0.0520033),(0.1414615,-0.0234160,0.0523621),(0.1414615,-0.0234814,0.0522807),(0.1414615,-0.0231590,0.0520033),(0.1414615,-0.0234814,0.0522807),(0.1414615,-0.0235517,0.0522042),(0.1414615,-0.0231590,0.0520033),(0.1414615,-0.0235517,0.0522042),(0.1414615,-0.0236267,0.0521325),(0.1414615,-0.0231590,0.0520033),(0.1414615,-0.0236267,0.0521325),(0.1414615,-0.0237065,0.0520658),(0.1414615,-0.0231590,0.0520033),(0.1414615,-0.0237065,0.0520658),(0.1414615,-0.0237911,0.0520040),(0.1414615,-0.0231590,0.0520033),(0.1414615,-0.0237911,0.0520040),(0.1414615,-0.0238805,0.0519470),(0.1414615,-0.0231590,0.0520033),(0.1414615,-0.0238805,0.0519470),(0.1414615,-0.0239731,0.0518959),(0.1414615,-0.0231590,0.0520033),(0.1414615,-0.0239731,0.0518959),(0.1414615,-0.0240678,0.0518516),(0.1414615,-0.0231590,0.0520033),(0.1414615,-0.0240678,0.0518516),(0.1414615,-0.0241646,0.0518142),(0.1414615,-0.0231590,0.0520033),(0.1414615,-0.0241646,0.0518142),(0.1414615,-0.0242634,0.0517835),(0.1414615,-0.0254829,0.0514771),(0.1414615,-0.0231590,0.0520033),(0.1414615,-0.0242634,0.0517835),(0.1414615,-0.0254829,0.0514771),(0.1414615,-0.0242634,0.0517835),(0.1414615,-0.0243643,0.0517596),(0.1414615,-0.0254829,0.0514771),(0.1414615,-0.0243643,0.0517596),(0.1414615,-0.0244673,0.0517426),(0.1414615,-0.0254829,0.0514771),(0.1414615,-0.0244673,0.0517426),(0.1414615,-0.0245724,0.0517324),(0.1414615,-0.0254829,0.0514771),(0.1414615,-0.0245724,0.0517324),(0.1414615,-0.0246796,0.0517290),(0.1414615,-0.0254829,0.0514771),(0.1414615,-0.0246796,0.0517290),(0.1414615,-0.0248332,0.0517361),(0.1414615,-0.0254829,0.0514771),(0.1414615,-0.0248332,0.0517361),(0.1414615,-0.0249828,0.0517573),(0.1414615,-0.0254829,0.0514771),(0.1414615,-0.0249828,0.0517573),(0.1414615,-0.0251285,0.0517927),(0.1414615,-0.0254829,0.0514771),(0.1414615,-0.0251285,0.0517927),(0.1414615,-0.0252701,0.0518422),(0.1414615,-0.0254829,0.0514771),(0.1414615,-0.0252701,0.0518422),(0.1414615,-0.0236731,0.0546256),(0.1414615,-0.0260438,0.0505024),(0.1414615,-0.0254829,0.0514771),(0.1414615,-0.0236731,0.0546256),(0.1414615,-0.0232475,0.0540898),(0.1414615,-0.0232043,0.0539952),(0.1414615,-0.0228126,0.0541367),(0.1414615,-0.0232974,0.0541811),(0.1414615,-0.0232475,0.0540898),(0.1414615,-0.0228126,0.0541367),(0.1414615,-0.0233653,0.0542851),(0.1414615,-0.0232974,0.0541811),(0.1414615,-0.0228126,0.0541367),(0.1414615,-0.0234506,0.0543939),(0.1414615,-0.0233653,0.0542851),(0.1414615,-0.0228126,0.0541367),(0.1414615,-0.0234997,0.0544500),(0.1414615,-0.0234506,0.0543939),(0.1414615,-0.0228126,0.0541367),(0.1414615,-0.0235532,0.0545074),(0.1414615,-0.0234997,0.0544500),(0.1414615,-0.0228126,0.0541367),(0.1414615,-0.0236110,0.0545659),(0.1414615,-0.0235532,0.0545074),(0.1414615,-0.0228126,0.0541367),(0.1414615,-0.0236731,0.0546256),(0.1414615,-0.0236110,0.0545659),(0.1414615,-0.0228126,0.0541367),(0.1414615,-0.0236731,0.0546256),(0.1414615,-0.0228126,0.0541367),(0.1414615,-0.0228672,0.0542636),(0.1414615,-0.0236731,0.0546256),(0.1414615,-0.0228672,0.0542636),(0.1414615,-0.0229302,0.0543896),(0.1414615,-0.0236731,0.0546256),(0.1414615,-0.0229302,0.0543896),(0.1414615,-0.0229804,0.0544764),(0.1414615,-0.0236731,0.0546256),(0.1414615,-0.0229804,0.0544764),(0.1414615,-0.0230351,0.0545598),(0.1414615,-0.0236731,0.0546256),(0.1414615,-0.0230351,0.0545598),(0.1414615,-0.0230945,0.0546399),(0.1414615,-0.0236731,0.0546256),(0.1414615,-0.0230945,0.0546399),(0.1414615,-0.0231585,0.0547167),(0.1414615,-0.0236731,0.0546256),(0.1414615,-0.0231585,0.0547167),(0.1414615,-0.0232271,0.0547902),(0.1414615,-0.0236731,0.0546256),(0.1414615,-0.0232271,0.0547902),(0.1414615,-0.0233003,0.0548603),(0.1414615,-0.0236731,0.0546256),(0.1414615,-0.0233003,0.0548603),(0.1414615,-0.0233780,0.0549272),(0.1414615,-0.0236731,0.0546256),(0.1414615,-0.0233780,0.0549272),(0.1414615,-0.0234604,0.0549908),(0.1414615,-0.0236731,0.0546256),(0.1414615,-0.0234604,0.0549908),(0.1414615,-0.0229185,0.0559433),(0.1414615,-0.0260438,0.0505024),(0.1414615,-0.0236731,0.0546256),(0.1414615,-0.0229185,0.0559433),(0.1414615,-0.0260438,0.0505024),(0.1414615,-0.0229185,0.0559433),(0.1414615,-0.0228899,0.0560470),(0.1414615,-0.0260438,0.0505024),(0.1414615,-0.0228899,0.0560470),(0.1414615,-0.0228974,0.0561073),(0.1414615,-0.0260438,0.0505024),(0.1414615,-0.0228974,0.0561073),(0.1414615,-0.0229360,0.0561825),(0.1414615,-0.0260438,0.0505024),(0.1414615,-0.0229360,0.0561825),(0.1414615,-0.0230011,0.0562364),(0.1414615,-0.0260438,0.0505024),(0.1414615,-0.0230011,0.0562364),(0.1414615,-0.0231037,0.0562671),(0.1414615,-0.0260438,0.0505024),(0.1414615,-0.0231037,0.0562671),(0.1414615,-0.0231641,0.0562597),(0.1414615,-0.0260438,0.0505024),(0.1414615,-0.0231641,0.0562597),(0.1414615,-0.0232397,0.0562211),(0.1414615,-0.0260438,0.0505024),(0.1414615,-0.0232397,0.0562211),(0.1414615,-0.0232953,0.0561560),(0.1414615,-0.0260438,0.0505024),(0.1414615,-0.0232953,0.0561560),(0.1414615,-0.0238308,0.0552278),(0.1414615,-0.0238308,0.0552278),(0.1414615,-0.0239314,0.0552722),(0.1414615,-0.0240353,0.0553107),(0.1414615,-0.0238308,0.0552278),(0.1414615,-0.0240353,0.0553107),(0.1414615,-0.0241426,0.0553433),(0.1414615,-0.0238308,0.0552278),(0.1414615,-0.0241426,0.0553433),(0.1414615,-0.0242531,0.0553699),(0.1414615,-0.0238308,0.0552278),(0.1414615,-0.0242531,0.0553699),(0.1414615,-0.0243669,0.0553906),(0.1414615,-0.0238308,0.0552278),(0.1414615,-0.0243669,0.0553906),(0.1414615,-0.0244841,0.0554054),(0.1414615,-0.0238308,0.0552278),(0.1414615,-0.0244841,0.0554054),(0.1414615,-0.0246045,0.0554143),(0.1414615,-0.0238308,0.0552278),(0.1414615,-0.0246045,0.0554143),(0.1414615,-0.0247283,0.0554173),(0.1414615,-0.0238308,0.0552278),(0.1414615,-0.0247283,0.0554173),(0.1414615,-0.0248529,0.0554129),(0.1414615,-0.0238308,0.0552278),(0.1414615,-0.0248529,0.0554129),(0.1414615,-0.0249764,0.0553999),(0.1414615,-0.0238308,0.0552278),(0.1414615,-0.0249764,0.0553999),(0.1414615,-0.0250988,0.0553783),(0.1414615,-0.0238308,0.0552278),(0.1414615,-0.0250988,0.0553783),(0.1414615,-0.0252201,0.0553480),(0.1414615,-0.0238308,0.0552278),(0.1414615,-0.0252201,0.0553480),(0.1414615,-0.0253404,0.0553090),(0.1414615,-0.0238308,0.0552278),(0.1414615,-0.0253404,0.0553090),(0.1414615,-0.0254595,0.0552613),(0.1414615,-0.0238308,0.0552278),(0.1414615,-0.0254595,0.0552613),(0.1414615,-0.0255776,0.0552050),(0.1414615,-0.0238308,0.0552278),(0.1414615,-0.0255776,0.0552050),(0.1414615,-0.0256945,0.0551400),(0.1414615,-0.0238308,0.0552278),(0.1414615,-0.0256945,0.0551400),(0.1414615,-0.0258076,0.0550678),(0.1414615,-0.0238308,0.0552278),(0.1414615,-0.0258076,0.0550678),(0.1414615,-0.0259147,0.0549894),(0.1414615,-0.0238308,0.0552278),(0.1414615,-0.0259147,0.0549894),(0.1414615,-0.0260156,0.0549048),(0.1414615,-0.0238308,0.0552278),(0.1414615,-0.0260156,0.0549048),(0.1414615,-0.0261105,0.0548140),(0.1414615,-0.0238308,0.0552278),(0.1414615,-0.0261105,0.0548140),(0.1414615,-0.0261992,0.0547170),(0.1414615,-0.0261992,0.0547170),(0.1414615,-0.0262819,0.0546137),(0.1414615,-0.0263585,0.0545043),(0.1414615,-0.0261992,0.0547170),(0.1414615,-0.0263585,0.0545043),(0.1414615,-0.0264290,0.0543886),(0.1414615,-0.0261992,0.0547170),(0.1414615,-0.0264290,0.0543886),(0.1414615,-0.0264923,0.0542688),(0.1414615,-0.0261992,0.0547170),(0.1414615,-0.0264923,0.0542688),(0.1414615,-0.0265471,0.0541464),(0.1414615,-0.0261992,0.0547170),(0.1414615,-0.0265471,0.0541464),(0.1414615,-0.0265935,0.0540215),(0.1414615,-0.0261992,0.0547170),(0.1414615,-0.0265935,0.0540215),(0.1414615,-0.0266314,0.0538941),(0.1414615,-0.0261992,0.0547170),(0.1414615,-0.0266314,0.0538941),(0.1414615,-0.0266609,0.0537641),(0.1414615,-0.0261992,0.0547170),(0.1414615,-0.0266609,0.0537641),(0.1414615,-0.0266820,0.0536315),(0.1414615,-0.0261992,0.0547170),(0.1414615,-0.0266820,0.0536315),(0.1414615,-0.0266947,0.0534965),(0.1414615,-0.0261992,0.0547170),(0.1414615,-0.0266947,0.0534965),(0.1414615,-0.0266989,0.0533588),(0.1414615,-0.0261992,0.0547170),(0.1414615,-0.0266989,0.0533588),(0.1414615,-0.0266947,0.0532208),(0.1414615,-0.0261992,0.0547170),(0.1414615,-0.0266947,0.0532208),(0.1414615,-0.0266821,0.0530854),(0.1414615,-0.0261992,0.0547170),(0.1414615,-0.0266821,0.0530854),(0.1414615,-0.0266611,0.0529529),(0.1414615,-0.0261992,0.0547170),(0.1414615,-0.0266611,0.0529529),(0.1414615,-0.0266317,0.0528230),(0.1414615,-0.0261992,0.0547170),(0.1414615,-0.0266317,0.0528230),(0.1414615,-0.0265939,0.0526960),(0.1414615,-0.0261992,0.0547170),(0.1414615,-0.0265939,0.0526960),(0.1414615,-0.0265477,0.0525716),(0.1414615,-0.0261992,0.0547170),(0.1414615,-0.0265477,0.0525716),(0.1414615,-0.0264931,0.0524500),(0.1414615,-0.0261992,0.0547170),(0.1414615,-0.0264931,0.0524500),(0.1414615,-0.0264301,0.0523312),(0.1414615,-0.0264301,0.0523312),(0.1414615,-0.0260618,0.0525397),(0.1414615,-0.0261111,0.0526344),(0.1414615,-0.0264301,0.0523312),(0.1414615,-0.0261111,0.0526344),(0.1414615,-0.0261539,0.0527313),(0.1414615,-0.0264301,0.0523312),(0.1414615,-0.0261539,0.0527313),(0.1414615,-0.0261901,0.0528303),(0.1414615,-0.0264301,0.0523312),(0.1414615,-0.0261901,0.0528303),(0.1414615,-0.0262197,0.0529315),(0.1414615,-0.0264301,0.0523312),(0.1414615,-0.0262197,0.0529315),(0.1414615,-0.0262428,0.0530349),(0.1414615,-0.0264301,0.0523312),(0.1414615,-0.0262428,0.0530349),(0.1414615,-0.0262592,0.0531403),(0.1414615,-0.0264301,0.0523312),(0.1414615,-0.0262592,0.0531403),(0.1414615,-0.0262691,0.0532480),(0.1414615,-0.0264301,0.0523312),(0.1414615,-0.0262691,0.0532480),(0.1414615,-0.0262724,0.0533578),(0.1414615,-0.0264301,0.0523312),(0.1414615,-0.0262724,0.0533578),(0.1414615,-0.0262690,0.0534676),(0.1414615,-0.0261992,0.0547170),(0.1414615,-0.0264301,0.0523312),(0.1414615,-0.0262690,0.0534676),(0.1414615,-0.0261992,0.0547170),(0.1414615,-0.0262690,0.0534676),(0.1414615,-0.0262590,0.0535753),(0.1414615,-0.0261992,0.0547170),(0.1414615,-0.0262590,0.0535753),(0.1414615,-0.0262423,0.0536810),(0.1414615,-0.0261992,0.0547170),(0.1414615,-0.0262423,0.0536810),(0.1414615,-0.0262189,0.0537845),(0.1414615,-0.0261992,0.0547170),(0.1414615,-0.0262189,0.0537845),(0.1414615,-0.0261889,0.0538860),(0.1414615,-0.0261992,0.0547170),(0.1414615,-0.0261889,0.0538860),(0.1414615,-0.0261521,0.0539854),(0.1414615,-0.0261992,0.0547170),(0.1414615,-0.0261521,0.0539854),(0.1414615,-0.0261087,0.0540827),(0.1414615,-0.0261992,0.0547170),(0.1414615,-0.0261087,0.0540827),(0.1414615,-0.0260586,0.0541780),(0.1414615,-0.0261992,0.0547170),(0.1414615,-0.0260586,0.0541780),(0.1414615,-0.0260028,0.0542699),(0.1414615,-0.0261992,0.0547170),(0.1414615,-0.0260028,0.0542699),(0.1414615,-0.0259421,0.0543568),(0.1414615,-0.0261992,0.0547170),(0.1414615,-0.0259421,0.0543568),(0.1414615,-0.0258767,0.0544387),(0.1414615,-0.0261992,0.0547170),(0.1414615,-0.0258767,0.0544387),(0.1414615,-0.0258065,0.0545156),(0.1414615,-0.0261992,0.0547170),(0.1414615,-0.0258065,0.0545156),(0.1414615,-0.0257314,0.0545874),(0.1414615,-0.0261992,0.0547170),(0.1414615,-0.0257314,0.0545874),(0.1414615,-0.0256516,0.0546542),(0.1414615,-0.0261992,0.0547170),(0.1414615,-0.0256516,0.0546542),(0.1414615,-0.0255670,0.0547160),(0.1414615,-0.0261992,0.0547170),(0.1414615,-0.0255670,0.0547160),(0.1414615,-0.0254776,0.0547728),(0.1414615,-0.0261992,0.0547170),(0.1414615,-0.0254776,0.0547728),(0.1414615,-0.0253855,0.0548239),(0.1414615,-0.0261992,0.0547170),(0.1414615,-0.0253855,0.0548239),(0.1414615,-0.0252929,0.0548681),(0.1414615,-0.0261992,0.0547170),(0.1414615,-0.0252929,0.0548681),(0.1414615,-0.0251998,0.0549056),(0.1414615,-0.0261992,0.0547170),(0.1414615,-0.0251998,0.0549056),(0.1414615,-0.0251061,0.0549363),(0.1414615,-0.0261992,0.0547170),(0.1414615,-0.0251061,0.0549363),(0.1414615,-0.0250119,0.0549601),(0.1414615,-0.0238308,0.0552278),(0.1414615,-0.0261992,0.0547170),(0.1414615,-0.0250119,0.0549601),(0.1414615,-0.0238308,0.0552278),(0.1414615,-0.0250119,0.0549601),(0.1414615,-0.0249172,0.0549771),(0.1414615,-0.0238308,0.0552278),(0.1414615,-0.0249172,0.0549771),(0.1414615,-0.0248219,0.0549874),(0.1414615,-0.0238308,0.0552278),(0.1414615,-0.0248219,0.0549874),(0.1414615,-0.0247262,0.0549908),(0.1414615,-0.0238308,0.0552278),(0.1414615,-0.0247262,0.0549908),(0.1414615,-0.0247198,0.0549908),(0.1414615,-0.0238308,0.0552278),(0.1414615,-0.0247198,0.0549908),(0.1414615,-0.0246261,0.0549887),(0.1414615,-0.0238308,0.0552278),(0.1414615,-0.0246261,0.0549887),(0.1414615,-0.0245349,0.0549824),(0.1414615,-0.0238308,0.0552278),(0.1414615,-0.0245349,0.0549824),(0.1414615,-0.0244463,0.0549720),(0.1414615,-0.0238308,0.0552278),(0.1414615,-0.0244463,0.0549720),(0.1414615,-0.0243602,0.0549574),(0.1414615,-0.0238308,0.0552278),(0.1414615,-0.0243602,0.0549574),(0.1414615,-0.0242767,0.0549387),(0.1414615,-0.0238308,0.0552278),(0.1414615,-0.0242767,0.0549387),(0.1414615,-0.0241957,0.0549158),(0.1414615,-0.0238308,0.0552278),(0.1414615,-0.0241957,0.0549158),(0.1414615,-0.0241173,0.0548887),(0.1414615,-0.0238308,0.0552278),(0.1414615,-0.0241173,0.0548887),(0.1414615,-0.0240414,0.0548574),(0.1414615,-0.0260438,0.0505024),(0.1414615,-0.0238308,0.0552278),(0.1414615,-0.0240414,0.0548574),(0.1414615,-0.0260438,0.0505024),(0.1414615,-0.0240414,0.0548574),(0.1414615,-0.0256458,0.0520624),(0.1414615,-0.0260438,0.0505024),(0.1414615,-0.0256458,0.0520624),(0.1414615,-0.0257663,0.0521652),(0.1414615,-0.0260194,0.0524704),(0.1414615,-0.0260618,0.0525397),(0.1414615,-0.0264301,0.0523312),(0.1414615,-0.0259743,0.0524039),(0.1414615,-0.0260194,0.0524704),(0.1414615,-0.0264301,0.0523312),(0.1414615,-0.0258758,0.0522791),(0.1414615,-0.0259743,0.0524039),(0.1414615,-0.0264301,0.0523312),(0.1414615,-0.0257663,0.0521652),(0.1414615,-0.0258758,0.0522791),(0.1414615,-0.0264301,0.0523312),(0.1414615,-0.0257663,0.0521652),(0.1414615,-0.0264301,0.0523312),(0.1414615,-0.0263721,0.0522361),(0.1414615,-0.0257663,0.0521652),(0.1414615,-0.0263721,0.0522361),(0.1414615,-0.0263105,0.0521452),(0.1414615,-0.0257663,0.0521652),(0.1414615,-0.0263105,0.0521452),(0.1414615,-0.0262451,0.0520583),(0.1414615,-0.0257663,0.0521652),(0.1414615,-0.0262451,0.0520583),(0.1414615,-0.0261761,0.0519756),(0.1414615,-0.0257663,0.0521652),(0.1414615,-0.0261761,0.0519756),(0.1414615,-0.0261033,0.0518969),(0.1414615,-0.0257663,0.0521652),(0.1414615,-0.0261033,0.0518969),(0.1414615,-0.0260268,0.0518224),(0.1414615,-0.0257663,0.0521652),(0.1414615,-0.0260268,0.0518224),(0.1414615,-0.0259467,0.0517519),(0.1414615,-0.0257663,0.0521652),(0.1414615,-0.0259467,0.0517519),(0.1414615,-0.0258628,0.0516856),(0.1414615,-0.0260438,0.0505024),(0.1414615,-0.0257663,0.0521652),(0.1414615,-0.0258628,0.0516856),(0.1414615,-0.0260438,0.0505024),(0.1414615,-0.0258628,0.0516856),(0.1414615,-0.0264184,0.0507151),(0.1414615,-0.0260438,0.0505024),(0.1414615,-0.0264184,0.0507151),(0.1414615,-0.0264459,0.0506135),(0.1414615,-0.0260438,0.0505024),(0.1414615,-0.0264459,0.0506135),(0.1414615,-0.0264396,0.0505532),(0.1414615,-0.0260438,0.0505024),(0.1414615,-0.0264396,0.0505532),(0.1414615,-0.0264004,0.0504762),(0.1414615,-0.0260438,0.0505024),(0.1414615,-0.0264004,0.0504762),(0.1414615,-0.0263380,0.0504209),(0.1414615,-0.0260438,0.0505024),(0.1414615,-0.0263380,0.0504209),(0.1414615,-0.0262332,0.0503934),(0.1414615,-0.0260438,0.0505024),(0.1414615,-0.0262332,0.0503934),(0.1414615,-0.0261729,0.0504008),(0.1414615,-0.0260438,0.0505024),(0.1414615,-0.0261729,0.0504008),(0.1414615,-0.0261004,0.0504362),(0.1414615,-0.0205309,0.0536488),(0.1414615,-0.0204833,0.0536975),(0.1414615,-0.0204272,0.0537751),(0.1414615,-0.0205309,0.0536488),(0.1414615,-0.0204272,0.0537751),(0.1414615,-0.0203787,0.0538564),(0.1414615,-0.0205309,0.0536488),(0.1414615,-0.0203787,0.0538564),(0.1414615,-0.0203375,0.0539416),(0.1414615,-0.0205309,0.0536488),(0.1414615,-0.0203375,0.0539416),(0.1414615,-0.0203039,0.0540306),(0.1414615,-0.0205309,0.0536488),(0.1414615,-0.0203039,0.0540306),(0.1414615,-0.0202778,0.0541234),(0.1414615,-0.0205309,0.0536488),(0.1414615,-0.0202778,0.0541234),(0.1414615,-0.0202591,0.0542200),(0.1414615,-0.0205309,0.0536488),(0.1414615,-0.0202591,0.0542200),(0.1414615,-0.0202479,0.0543204),(0.1414615,-0.0205309,0.0536488),(0.1414615,-0.0202479,0.0543204),(0.1414615,-0.0202441,0.0544246),(0.1414615,-0.0205309,0.0536488),(0.1414615,-0.0202441,0.0544246),(0.1414615,-0.0202478,0.0545287),(0.1414615,-0.0205309,0.0536488),(0.1414615,-0.0202478,0.0545287),(0.1414615,-0.0202590,0.0546283),(0.1414615,-0.0205309,0.0536488),(0.1414615,-0.0202590,0.0546283),(0.1414615,-0.0202776,0.0547234),(0.1414615,-0.0205309,0.0536488),(0.1414615,-0.0202776,0.0547234),(0.1414615,-0.0203036,0.0548140),(0.1414615,-0.0205309,0.0536488),(0.1414615,-0.0203036,0.0548140),(0.1414615,-0.0203371,0.0549002),(0.1414615,-0.0205309,0.0536488),(0.1414615,-0.0203371,0.0549002),(0.1414615,-0.0203781,0.0549818),(0.1414615,-0.0205309,0.0536488),(0.1414615,-0.0203781,0.0549818),(0.1414615,-0.0204264,0.0550589),(0.1414615,-0.0205309,0.0536488),(0.1414615,-0.0204264,0.0550589),(0.1414615,-0.0204822,0.0551315),(0.1414615,-0.0205309,0.0536488),(0.1414615,-0.0204822,0.0551315),(0.1414615,-0.0205440,0.0551975),(0.1414615,-0.0205309,0.0536488),(0.1414615,-0.0205440,0.0551975),(0.1414615,-0.0206107,0.0552547),(0.1414615,-0.0205309,0.0536488),(0.1414615,-0.0206107,0.0552547),(0.1414615,-0.0206824,0.0553031),(0.1414615,-0.0205309,0.0536488),(0.1414615,-0.0206824,0.0553031),(0.1414615,-0.0207590,0.0553427),(0.1414615,-0.0207590,0.0553427),(0.1414615,-0.0208406,0.0553735),(0.1414615,-0.0209271,0.0553955),(0.1414615,-0.0207590,0.0553427),(0.1414615,-0.0209271,0.0553955),(0.1414615,-0.0210187,0.0554086),(0.1414615,-0.0207590,0.0553427),(0.1414615,-0.0210187,0.0554086),(0.1414615,-0.0211151,0.0554130),(0.1414615,-0.0207590,0.0553427),(0.1414615,-0.0211151,0.0554130),(0.1414615,-0.0212106,0.0554087),(0.1414615,-0.0207590,0.0553427),(0.1414615,-0.0212106,0.0554087),(0.1414615,-0.0213019,0.0553955),(0.1414615,-0.0207590,0.0553427),(0.1414615,-0.0213019,0.0553955),(0.1414615,-0.0213890,0.0553736),(0.1414615,-0.0207590,0.0553427),(0.1414615,-0.0213890,0.0553736),(0.1414615,-0.0214718,0.0553429),(0.1414615,-0.0207590,0.0553427),(0.1414615,-0.0214718,0.0553429),(0.1414615,-0.0215504,0.0553035),(0.1414615,-0.0207590,0.0553427),(0.1414615,-0.0215504,0.0553035),(0.1414615,-0.0216247,0.0552553),(0.1414615,-0.0207590,0.0553427),(0.1414615,-0.0216247,0.0552553),(0.1414615,-0.0216948,0.0551983),(0.1414615,-0.0207590,0.0553427),(0.1414615,-0.0216948,0.0551983),(0.1414615,-0.0217607,0.0551326),(0.1414615,-0.0207590,0.0553427),(0.1414615,-0.0217607,0.0551326),(0.1414615,-0.0218205,0.0550602),(0.1414615,-0.0207590,0.0553427),(0.1414615,-0.0218205,0.0550602),(0.1414615,-0.0218723,0.0549832),(0.1414615,-0.0207590,0.0553427),(0.1414615,-0.0218723,0.0549832),(0.1414615,-0.0219161,0.0549016),(0.1414615,-0.0207590,0.0553427),(0.1414615,-0.0219161,0.0549016),(0.1414615,-0.0219520,0.0548154),(0.1414615,-0.0207590,0.0553427),(0.1414615,-0.0219520,0.0548154),(0.1414615,-0.0219799,0.0547246),(0.1414615,-0.0207590,0.0553427),(0.1414615,-0.0219799,0.0547246),(0.1414615,-0.0219998,0.0546292),(0.1414615,-0.0207590,0.0553427),(0.1414615,-0.0219998,0.0546292),(0.1414615,-0.0220118,0.0545292),(0.1414615,-0.0220118,0.0545292),(0.1414615,-0.0220158,0.0544246),(0.1414615,-0.0220004,0.0543423),(0.1414615,-0.0220118,0.0545292),(0.1414615,-0.0220004,0.0543423),(0.1414615,-0.0219544,0.0542732),(0.1414615,-0.0220118,0.0545292),(0.1414615,-0.0219544,0.0542732),(0.1414615,-0.0218861,0.0542264),(0.1414615,-0.0220118,0.0545292),(0.1414615,-0.0218861,0.0542264),(0.1414615,-0.0218041,0.0542108),(0.1414615,-0.0220118,0.0545292),(0.1414615,-0.0218041,0.0542108),(0.1414615,-0.0217213,0.0542264),(0.1414615,-0.0220118,0.0545292),(0.1414615,-0.0217213,0.0542264),(0.1414615,-0.0216528,0.0542732),(0.1414615,-0.0220118,0.0545292),(0.1414615,-0.0216528,0.0542732),(0.1414615,-0.0216067,0.0543423),(0.1414615,-0.0220118,0.0545292),(0.1414615,-0.0216067,0.0543423),(0.1414615,-0.0215914,0.0544246),(0.1414615,-0.0220118,0.0545292),(0.1414615,-0.0215914,0.0544246),(0.1414615,-0.0215827,0.0545508),(0.1414615,-0.0220118,0.0545292),(0.1414615,-0.0215827,0.0545508),(0.1414615,-0.0215567,0.0546619),(0.1414615,-0.0220118,0.0545292),(0.1414615,-0.0215567,0.0546619),(0.1414615,-0.0215134,0.0547577),(0.1414615,-0.0220118,0.0545292),(0.1414615,-0.0215134,0.0547577),(0.1414615,-0.0214527,0.0548384),(0.1414615,-0.0220118,0.0545292),(0.1414615,-0.0214527,0.0548384),(0.1414615,-0.0213812,0.0549032),(0.1414615,-0.0207590,0.0553427),(0.1414615,-0.0220118,0.0545292),(0.1414615,-0.0213812,0.0549032),(0.1414615,-0.0207590,0.0553427),(0.1414615,-0.0213812,0.0549032),(0.1414615,-0.0213011,0.0549495),(0.1414615,-0.0207590,0.0553427),(0.1414615,-0.0213011,0.0549495),(0.1414615,-0.0212124,0.0549773),(0.1414615,-0.0207590,0.0553427),(0.1414615,-0.0212124,0.0549773),(0.1414615,-0.0211151,0.0549865),(0.1414615,-0.0207590,0.0553427),(0.1414615,-0.0211151,0.0549865),(0.1414615,-0.0210213,0.0549773),(0.1414615,-0.0207590,0.0553427),(0.1414615,-0.0210213,0.0549773),(0.1414615,-0.0209365,0.0549498),(0.1414615,-0.0207590,0.0553427),(0.1414615,-0.0209365,0.0549498),(0.1414615,-0.0208609,0.0549038),(0.1414615,-0.0207590,0.0553427),(0.1414615,-0.0208609,0.0549038),(0.1414615,-0.0207944,0.0548394),(0.1414615,-0.0207590,0.0553427),(0.1414615,-0.0207944,0.0548394),(0.1414615,-0.0207403,0.0547583),(0.1414615,-0.0207590,0.0553427),(0.1414615,-0.0207403,0.0547583),(0.1414615,-0.0207016,0.0546622),(0.1414615,-0.0207590,0.0553427),(0.1414615,-0.0207016,0.0546622),(0.1414615,-0.0206784,0.0545509),(0.1414615,-0.0205309,0.0536488),(0.1414615,-0.0207590,0.0553427),(0.1414615,-0.0206784,0.0545509),(0.1414615,-0.0205309,0.0536488),(0.1414615,-0.0206784,0.0545509),(0.1414615,-0.0206706,0.0544246),(0.1414615,-0.0205309,0.0536488),(0.1414615,-0.0206706,0.0544246),(0.1414615,-0.0206783,0.0542965),(0.1414615,-0.0205309,0.0536488),(0.1414615,-0.0206783,0.0542965),(0.1414615,-0.0207013,0.0541811),(0.1414615,-0.0205309,0.0536488),(0.1414615,-0.0207013,0.0541811),(0.1414615,-0.0207397,0.0540785),(0.1414615,-0.0205309,0.0536488),(0.1414615,-0.0207397,0.0540785),(0.1414615,-0.0207934,0.0539885),(0.1414615,-0.0205309,0.0536488),(0.1414615,-0.0207934,0.0539885),(0.1414615,-0.0208556,0.0539237),(0.1414615,-0.0204465,0.0535726),(0.1414615,-0.0205309,0.0536488),(0.1414615,-0.0208556,0.0539237),(0.1414615,-0.0204465,0.0535726),(0.1414615,-0.0208556,0.0539237),(0.1414615,-0.0209249,0.0538774),(0.1414615,-0.0204465,0.0535726),(0.1414615,-0.0209249,0.0538774),(0.1414615,-0.0210012,0.0538496),(0.1414615,-0.0204465,0.0535726),(0.1414615,-0.0210012,0.0538496),(0.1414615,-0.0210844,0.0538404),(0.1414615,-0.0204465,0.0535726),(0.1414615,-0.0210844,0.0538404),(0.1414615,-0.0211268,0.0538404),(0.1414615,-0.0204465,0.0535726),(0.1414615,-0.0211268,0.0538404),(0.1414615,-0.0211934,0.0538404),(0.1414615,-0.0204465,0.0535726),(0.1414615,-0.0211934,0.0538404),(0.1414615,-0.0212749,0.0538248),(0.1414615,-0.0204465,0.0535726),(0.1414615,-0.0212749,0.0538248),(0.1414615,-0.0213437,0.0537779),(0.1414615,-0.0204465,0.0535726),(0.1414615,-0.0213437,0.0537779),(0.1414615,-0.0213906,0.0537094),(0.1414615,-0.0204465,0.0535726),(0.1414615,-0.0213906,0.0537094),(0.1414615,-0.0214062,0.0536287),(0.1414615,-0.0204465,0.0535726),(0.1414615,-0.0214062,0.0536287),(0.1414615,-0.0213906,0.0535477),(0.1414615,-0.0204465,0.0535726),(0.1414615,-0.0213906,0.0535477),(0.1414615,-0.0213437,0.0534784),(0.1414615,-0.0204465,0.0535726),(0.1414615,-0.0213437,0.0534784),(0.1414615,-0.0212749,0.0534308),(0.1414615,-0.0204465,0.0535726),(0.1414615,-0.0212749,0.0534308),(0.1414615,-0.0211934,0.0534149),(0.1414615,-0.0204465,0.0535726),(0.1414615,-0.0211934,0.0534149),(0.1414615,-0.0211268,0.0534149),(0.1414615,-0.0204465,0.0535726),(0.1414615,-0.0211268,0.0534149),(0.1414615,-0.0209964,0.0534010),(0.1414615,-0.0204465,0.0535726),(0.1414615,-0.0209964,0.0534010),(0.1414615,-0.0208783,0.0533591),(0.1414615,-0.0204465,0.0535726),(0.1414615,-0.0208783,0.0533591),(0.1414615,-0.0207726,0.0532893),(0.1414615,-0.0204465,0.0535726),(0.1414615,-0.0207726,0.0532893),(0.1414615,-0.0206791,0.0531916),(0.1414615,-0.0204465,0.0535726),(0.1414615,-0.0206791,0.0531916),(0.1414615,-0.0206022,0.0530704),(0.1414615,-0.0204465,0.0535726),(0.1414615,-0.0206022,0.0530704),(0.1414615,-0.0205473,0.0529302),(0.1414615,-0.0204465,0.0535726),(0.1414615,-0.0205473,0.0529302),(0.1414615,-0.0205144,0.0527709),(0.1414615,-0.0204465,0.0535726),(0.1414615,-0.0205144,0.0527709),(0.1414615,-0.0205062,0.0526841),(0.1414615,-0.0204465,0.0535726),(0.1414615,-0.0205062,0.0526841),(0.1414615,-0.0205034,0.0525926),(0.1414615,-0.0204465,0.0535726),(0.1414615,-0.0205034,0.0525926),(0.1414615,-0.0205062,0.0525019),(0.1414615,-0.0217252,0.0525571),(0.1414615,-0.0217279,0.0526571),(0.1414615,-0.0217438,0.0527392),(0.1414615,-0.0217171,0.0524627),(0.1414615,-0.0217252,0.0525571),(0.1414615,-0.0217438,0.0527392),(0.1414615,-0.0217171,0.0524627),(0.1414615,-0.0217438,0.0527392),(0.1414615,-0.0217914,0.0528074),(0.1414615,-0.0217035,0.0523741),(0.1414615,-0.0217171,0.0524627),(0.1414615,-0.0217914,0.0528074),(0.1414615,-0.0217035,0.0523741),(0.1414615,-0.0217914,0.0528074),(0.1414615,-0.0218607,0.0528535),(0.1414615,-0.0216845,0.0522912),(0.1414615,-0.0217035,0.0523741),(0.1414615,-0.0218607,0.0528535),(0.1414615,-0.0216845,0.0522912),(0.1414615,-0.0218607,0.0528535),(0.1414615,-0.0219438,0.0528688),(0.1414615,-0.0216303,0.0521426),(0.1414615,-0.0216845,0.0522912),(0.1414615,-0.0219438,0.0528688),(0.1414615,-0.0216303,0.0521426),(0.1414615,-0.0219438,0.0528688),(0.1414615,-0.0220266,0.0528535),(0.1414615,-0.0216303,0.0521426),(0.1414615,-0.0220266,0.0528535),(0.1414615,-0.0220951,0.0528074),(0.1414615,-0.0215543,0.0520169),(0.1414615,-0.0216303,0.0521426),(0.1414615,-0.0220951,0.0528074),(0.1414615,-0.0215543,0.0520169),(0.1414615,-0.0220951,0.0528074),(0.1414615,-0.0221412,0.0527392),(0.1414615,-0.0215543,0.0520169),(0.1414615,-0.0221412,0.0527392),(0.1414615,-0.0221565,0.0526571),(0.1414615,-0.0214638,0.0519173),(0.1414615,-0.0215543,0.0520169),(0.1414615,-0.0221565,0.0526571),(0.1414615,-0.0214638,0.0519173),(0.1414615,-0.0221565,0.0526571),(0.1414615,-0.0221521,0.0525202),(0.1414615,-0.0214638,0.0519173),(0.1414615,-0.0221521,0.0525202),(0.1414615,-0.0221389,0.0523892),(0.1414615,-0.0214638,0.0519173),(0.1414615,-0.0221389,0.0523892),(0.1414615,-0.0221168,0.0522642),(0.1414615,-0.0213604,0.0518462),(0.1414615,-0.0214638,0.0519173),(0.1414615,-0.0221168,0.0522642),(0.1414615,-0.0213604,0.0518462),(0.1414615,-0.0221168,0.0522642),(0.1414615,-0.0220859,0.0521452),(0.1414615,-0.0213604,0.0518462),(0.1414615,-0.0220859,0.0521452),(0.1414615,-0.0220461,0.0520322),(0.1414615,-0.0212442,0.0518035),(0.1414615,-0.0213604,0.0518462),(0.1414615,-0.0220461,0.0520322),(0.1414615,-0.0212442,0.0518035),(0.1414615,-0.0220461,0.0520322),(0.1414615,-0.0219976,0.0519251),(0.1414615,-0.0212442,0.0518035),(0.1414615,-0.0219976,0.0519251),(0.1414615,-0.0219402,0.0518241),(0.1414615,-0.0211151,0.0517893),(0.1414615,-0.0212442,0.0518035),(0.1414615,-0.0219402,0.0518241),(0.1414615,-0.0211151,0.0517893),(0.1414615,-0.0219402,0.0518241),(0.1414615,-0.0218739,0.0517290),(0.1414615,-0.0211151,0.0517893),(0.1414615,-0.0218739,0.0517290),(0.1414615,-0.0218019,0.0516434),(0.1414615,-0.0209916,0.0518027),(0.1414615,-0.0211151,0.0517893),(0.1414615,-0.0218019,0.0516434),(0.1414615,-0.0209916,0.0518027),(0.1414615,-0.0218019,0.0516434),(0.1414615,-0.0217233,0.0515692),(0.1414615,-0.0209916,0.0518027),(0.1414615,-0.0217233,0.0515692),(0.1414615,-0.0216383,0.0515065),(0.1414615,-0.0208781,0.0518430),(0.1414615,-0.0209916,0.0518027),(0.1414615,-0.0216383,0.0515065),(0.1414615,-0.0208781,0.0518430),(0.1414615,-0.0216383,0.0515065),(0.1414615,-0.0215467,0.0514551),(0.1414615,-0.0208781,0.0518430),(0.1414615,-0.0215467,0.0514551),(0.1414615,-0.0214485,0.0514152),(0.1414615,-0.0207746,0.0519102),(0.1414615,-0.0208781,0.0518430),(0.1414615,-0.0214485,0.0514152),(0.1414615,-0.0207746,0.0519102),(0.1414615,-0.0214485,0.0514152),(0.1414615,-0.0213439,0.0513867),(0.1414615,-0.0207746,0.0519102),(0.1414615,-0.0213439,0.0513867),(0.1414615,-0.0212328,0.0513696),(0.1414615,-0.0206812,0.0520042),(0.1414615,-0.0207746,0.0519102),(0.1414615,-0.0212328,0.0513696),(0.1414615,-0.0206812,0.0520042),(0.1414615,-0.0212328,0.0513696),(0.1414615,-0.0211151,0.0513639),(0.1414615,-0.0206812,0.0520042),(0.1414615,-0.0211151,0.0513639),(0.1414615,-0.0210020,0.0513694),(0.1414615,-0.0206034,0.0521219),(0.1414615,-0.0206812,0.0520042),(0.1414615,-0.0210020,0.0513694),(0.1414615,-0.0206034,0.0521219),(0.1414615,-0.0210020,0.0513694),(0.1414615,-0.0208944,0.0513858),(0.1414615,-0.0205479,0.0522592),(0.1414615,-0.0206034,0.0521219),(0.1414615,-0.0208944,0.0513858),(0.1414615,-0.0205479,0.0522592),(0.1414615,-0.0208944,0.0513858),(0.1414615,-0.0207923,0.0514133),(0.1414615,-0.0205479,0.0522592),(0.1414615,-0.0207923,0.0514133),(0.1414615,-0.0206958,0.0514517),(0.1414615,-0.0205284,0.0523352),(0.1414615,-0.0205479,0.0522592),(0.1414615,-0.0206958,0.0514517),(0.1414615,-0.0205284,0.0523352),(0.1414615,-0.0206958,0.0514517),(0.1414615,-0.0206047,0.0515011),(0.1414615,-0.0205145,0.0524161),(0.1414615,-0.0205284,0.0523352),(0.1414615,-0.0206047,0.0515011),(0.1414615,-0.0205145,0.0524161),(0.1414615,-0.0206047,0.0515011),(0.1414615,-0.0205192,0.0515615),(0.1414615,-0.0205062,0.0525019),(0.1414615,-0.0205145,0.0524161),(0.1414615,-0.0205192,0.0515615),(0.1414615,-0.0204465,0.0535726),(0.1414615,-0.0205062,0.0525019),(0.1414615,-0.0205192,0.0515615),(0.1414615,-0.0204465,0.0535726),(0.1414615,-0.0205192,0.0515615),(0.1414615,-0.0204392,0.0516329),(0.1414615,-0.0204465,0.0535726),(0.1414615,-0.0204392,0.0516329),(0.1414615,-0.0203648,0.0517152),(0.1414615,-0.0204465,0.0535726),(0.1414615,-0.0203648,0.0517152),(0.1414615,-0.0202970,0.0518065),(0.1414615,-0.0204465,0.0535726),(0.1414615,-0.0202970,0.0518065),(0.1414615,-0.0202384,0.0519030),(0.1414615,-0.0204465,0.0535726),(0.1414615,-0.0202384,0.0519030),(0.1414615,-0.0201887,0.0520048),(0.1414615,-0.0204465,0.0535726),(0.1414615,-0.0201887,0.0520048),(0.1414615,-0.0201481,0.0521118),(0.1414615,-0.0204465,0.0535726),(0.1414615,-0.0201481,0.0521118),(0.1414615,-0.0201165,0.0522241),(0.1414615,-0.0204465,0.0535726),(0.1414615,-0.0201165,0.0522241),(0.1414615,-0.0200939,0.0523417),(0.1414615,-0.0204465,0.0535726),(0.1414615,-0.0200939,0.0523417),(0.1414615,-0.0200804,0.0524645),(0.1414615,-0.0204465,0.0535726),(0.1414615,-0.0200804,0.0524645),(0.1414615,-0.0200758,0.0525926),(0.1414615,-0.0204465,0.0535726),(0.1414615,-0.0200758,0.0525926),(0.1414615,-0.0200803,0.0527220),(0.1414615,-0.0204465,0.0535726),(0.1414615,-0.0200803,0.0527220),(0.1414615,-0.0200938,0.0528461),(0.1414615,-0.0204465,0.0535726),(0.1414615,-0.0200938,0.0528461),(0.1414615,-0.0201162,0.0529649),(0.1414615,-0.0204465,0.0535726),(0.1414615,-0.0201162,0.0529649),(0.1414615,-0.0201475,0.0530784),(0.1414615,-0.0204465,0.0535726),(0.1414615,-0.0201475,0.0530784),(0.1414615,-0.0201879,0.0531866),(0.1414615,-0.0204465,0.0535726),(0.1414615,-0.0201879,0.0531866),(0.1414615,-0.0202372,0.0532895),(0.1414615,-0.0204465,0.0535726),(0.1414615,-0.0202372,0.0532895),(0.1414615,-0.0202954,0.0533871),(0.1414615,-0.0204465,0.0535726),(0.1414615,-0.0202954,0.0533871),(0.1414615,-0.0203626,0.0534795),(0.1414615,-0.0179327,0.0517851),(0.1414615,-0.0167611,0.0533758),(0.1414615,-0.0166966,0.0534695),(0.1414615,-0.0179327,0.0517851),(0.1414615,-0.0166966,0.0534695),(0.1414615,-0.0166408,0.0535671),(0.1414615,-0.0179327,0.0517851),(0.1414615,-0.0166408,0.0535671),(0.1414615,-0.0165935,0.0536686),(0.1414615,-0.0179327,0.0517851),(0.1414615,-0.0165935,0.0536686),(0.1414615,-0.0165548,0.0537740),(0.1414615,-0.0179327,0.0517851),(0.1414615,-0.0165548,0.0537740),(0.1414615,-0.0165247,0.0538832),(0.1414615,-0.0179327,0.0517851),(0.1414615,-0.0165247,0.0538832),(0.1414615,-0.0165032,0.0539963),(0.1414615,-0.0179327,0.0517851),(0.1414615,-0.0165032,0.0539963),(0.1414615,-0.0164903,0.0541132),(0.1414615,-0.0179327,0.0517851),(0.1414615,-0.0164903,0.0541132),(0.1414615,-0.0164860,0.0542341),(0.1414615,-0.0179327,0.0517851),(0.1414615,-0.0164860,0.0542341),(0.1414615,-0.0164911,0.0543590),(0.1414615,-0.0179327,0.0517851),(0.1414615,-0.0164911,0.0543590),(0.1414615,-0.0165065,0.0544794),(0.1414615,-0.0179327,0.0517851),(0.1414615,-0.0165065,0.0544794),(0.1414615,-0.0165321,0.0545952),(0.1414615,-0.0179327,0.0517851),(0.1414615,-0.0165321,0.0545952),(0.1414615,-0.0165680,0.0547063),(0.1414615,-0.0165680,0.0547063),(0.1414615,-0.0166141,0.0548129),(0.1414615,-0.0166705,0.0549149),(0.1414615,-0.0165680,0.0547063),(0.1414615,-0.0166705,0.0549149),(0.1414615,-0.0167372,0.0550123),(0.1414615,-0.0165680,0.0547063),(0.1414615,-0.0167372,0.0550123),(0.1414615,-0.0168141,0.0551051),(0.1414615,-0.0165680,0.0547063),(0.1414615,-0.0168141,0.0551051),(0.1414615,-0.0168869,0.0551782),(0.1414615,-0.0165680,0.0547063),(0.1414615,-0.0168869,0.0551782),(0.1414615,-0.0169643,0.0552417),(0.1414615,-0.0165680,0.0547063),(0.1414615,-0.0169643,0.0552417),(0.1414615,-0.0170462,0.0552953),(0.1414615,-0.0165680,0.0547063),(0.1414615,-0.0170462,0.0552953),(0.1414615,-0.0171326,0.0553392),(0.1414615,-0.0165680,0.0547063),(0.1414615,-0.0171326,0.0553392),(0.1414615,-0.0172235,0.0553734),(0.1414615,-0.0165680,0.0547063),(0.1414615,-0.0172235,0.0553734),(0.1414615,-0.0173189,0.0553978),(0.1414615,-0.0165680,0.0547063),(0.1414615,-0.0173189,0.0553978),(0.1414615,-0.0174188,0.0554124),(0.1414615,-0.0165680,0.0547063),(0.1414615,-0.0174188,0.0554124),(0.1414615,-0.0175231,0.0554173),(0.1414615,-0.0165680,0.0547063),(0.1414615,-0.0175231,0.0554173),(0.1414615,-0.0176216,0.0554125),(0.1414615,-0.0165680,0.0547063),(0.1414615,-0.0176216,0.0554125),(0.1414615,-0.0177171,0.0553982),(0.1414615,-0.0165680,0.0547063),(0.1414615,-0.0177171,0.0553982),(0.1414615,-0.0178096,0.0553743),(0.1414615,-0.0165680,0.0547063),(0.1414615,-0.0178096,0.0553743),(0.1414615,-0.0178991,0.0553408),(0.1414615,-0.0165680,0.0547063),(0.1414615,-0.0178991,0.0553408),(0.1414615,-0.0179856,0.0552978),(0.1414615,-0.0165680,0.0547063),(0.1414615,-0.0179856,0.0552978),(0.1414615,-0.0180690,0.0552452),(0.1414615,-0.0180690,0.0552452),(0.1414615,-0.0181495,0.0551831),(0.1414615,-0.0182269,0.0551114),(0.1414615,-0.0180690,0.0552452),(0.1414615,-0.0182269,0.0551114),(0.1414615,-0.0183061,0.0550249),(0.1414615,-0.0180690,0.0552452),(0.1414615,-0.0183061,0.0550249),(0.1414615,-0.0183746,0.0549320),(0.1414615,-0.0180690,0.0552452),(0.1414615,-0.0183746,0.0549320),(0.1414615,-0.0184327,0.0548328),(0.1414615,-0.0180690,0.0552452),(0.1414615,-0.0184327,0.0548328),(0.1414615,-0.0184801,0.0547272),(0.1414615,-0.0180690,0.0552452),(0.1414615,-0.0184801,0.0547272),(0.1414615,-0.0185171,0.0546153),(0.1414615,-0.0180690,0.0552452),(0.1414615,-0.0185171,0.0546153),(0.1414615,-0.0185434,0.0544971),(0.1414615,-0.0180690,0.0552452),(0.1414615,-0.0185434,0.0544971),(0.1414615,-0.0185593,0.0543724),(0.1414615,-0.0180690,0.0552452),(0.1414615,-0.0185593,0.0543724),(0.1414615,-0.0185645,0.0542415),(0.1414615,-0.0180690,0.0552452),(0.1414615,-0.0185645,0.0542415),(0.1414615,-0.0185645,0.0542362),(0.1414615,-0.0180690,0.0552452),(0.1414615,-0.0185645,0.0542362),(0.1414615,-0.0185489,0.0541547),(0.1414615,-0.0180690,0.0552452),(0.1414615,-0.0185489,0.0541547),(0.1414615,-0.0185021,0.0540859),(0.1414615,-0.0180690,0.0552452),(0.1414615,-0.0185021,0.0540859),(0.1414615,-0.0184333,0.0540391),(0.1414615,-0.0180690,0.0552452),(0.1414615,-0.0184333,0.0540391),(0.1414615,-0.0183518,0.0540235),(0.1414615,-0.0180690,0.0552452),(0.1414615,-0.0183518,0.0540235),(0.1414615,-0.0182703,0.0540391),(0.1414615,-0.0180690,0.0552452),(0.1414615,-0.0182703,0.0540391),(0.1414615,-0.0182015,0.0540859),(0.1414615,-0.0180690,0.0552452),(0.1414615,-0.0182015,0.0540859),(0.1414615,-0.0181539,0.0541547),(0.1414615,-0.0181539,0.0541547),(0.1414615,-0.0181380,0.0542362),(0.1414615,-0.0181380,0.0542415),(0.1414615,-0.0181539,0.0541547),(0.1414615,-0.0181380,0.0542415),(0.1414615,-0.0181347,0.0543284),(0.1414615,-0.0180690,0.0552452),(0.1414615,-0.0181539,0.0541547),(0.1414615,-0.0181347,0.0543284),(0.1414615,-0.0180690,0.0552452),(0.1414615,-0.0181347,0.0543284),(0.1414615,-0.0181247,0.0544108),(0.1414615,-0.0180690,0.0552452),(0.1414615,-0.0181247,0.0544108),(0.1414615,-0.0181081,0.0544887),(0.1414615,-0.0180690,0.0552452),(0.1414615,-0.0181081,0.0544887),(0.1414615,-0.0180849,0.0545621),(0.1414615,-0.0180690,0.0552452),(0.1414615,-0.0180849,0.0545621),(0.1414615,-0.0180184,0.0546955),(0.1414615,-0.0180690,0.0552452),(0.1414615,-0.0180184,0.0546955),(0.1414615,-0.0179253,0.0548109),(0.1414615,-0.0180690,0.0552452),(0.1414615,-0.0179253,0.0548109),(0.1414615,-0.0178344,0.0548896),(0.1414615,-0.0180690,0.0552452),(0.1414615,-0.0178344,0.0548896),(0.1414615,-0.0177375,0.0549458),(0.1414615,-0.0180690,0.0552452),(0.1414615,-0.0177375,0.0549458),(0.1414615,-0.0176344,0.0549795),(0.1414615,-0.0180690,0.0552452),(0.1414615,-0.0176344,0.0549795),(0.1414615,-0.0175253,0.0549908),(0.1414615,-0.0180690,0.0552452),(0.1414615,-0.0175253,0.0549908),(0.1414615,-0.0174120,0.0549799),(0.1414615,-0.0180690,0.0552452),(0.1414615,-0.0174120,0.0549799),(0.1414615,-0.0173083,0.0549474),(0.1414615,-0.0165680,0.0547063),(0.1414615,-0.0180690,0.0552452),(0.1414615,-0.0173083,0.0549474),(0.1414615,-0.0165680,0.0547063),(0.1414615,-0.0173083,0.0549474),(0.1414615,-0.0172141,0.0548931),(0.1414615,-0.0165680,0.0547063),(0.1414615,-0.0172141,0.0548931),(0.1414615,-0.0171294,0.0548172),(0.1414615,-0.0165680,0.0547063),(0.1414615,-0.0171294,0.0548172),(0.1414615,-0.0170778,0.0547560),(0.1414615,-0.0165680,0.0547063),(0.1414615,-0.0170778,0.0547560),(0.1414615,-0.0170331,0.0546916),(0.1414615,-0.0165680,0.0547063),(0.1414615,-0.0170331,0.0546916),(0.1414615,-0.0169643,0.0545529),(0.1414615,-0.0165680,0.0547063),(0.1414615,-0.0169643,0.0545529),(0.1414615,-0.0169231,0.0544011),(0.1414615,-0.0165680,0.0547063),(0.1414615,-0.0169231,0.0544011),(0.1414615,-0.0169127,0.0543203),(0.1414615,-0.0165680,0.0547063),(0.1414615,-0.0169127,0.0543203),(0.1414615,-0.0169093,0.0542362),(0.1414615,-0.0165680,0.0547063),(0.1414615,-0.0169093,0.0542362),(0.1414615,-0.0169122,0.0541495),(0.1414615,-0.0165680,0.0547063),(0.1414615,-0.0169122,0.0541495),(0.1414615,-0.0169210,0.0540661),(0.1414615,-0.0165680,0.0547063),(0.1414615,-0.0169210,0.0540661),(0.1414615,-0.0169356,0.0539859),(0.1414615,-0.0165680,0.0547063),(0.1414615,-0.0169356,0.0539859),(0.1414615,-0.0169561,0.0539092),(0.1414615,-0.0165680,0.0547063),(0.1414615,-0.0169561,0.0539092),(0.1414615,-0.0170147,0.0537655),(0.1414615,-0.0179327,0.0517851),(0.1414615,-0.0165680,0.0547063),(0.1414615,-0.0170147,0.0537655),(0.1414615,-0.0179327,0.0517851),(0.1414615,-0.0170147,0.0537655),(0.1414615,-0.0170966,0.0536350),(0.1414615,-0.0179327,0.0517851),(0.1414615,-0.0170966,0.0536350),(0.1414615,-0.0185201,0.0517015),(0.1414615,-0.0166966,0.0517851),(0.1414615,-0.0179327,0.0517851),(0.1414615,-0.0185201,0.0517015),(0.1414615,-0.0166966,0.0517851),(0.1414615,-0.0185201,0.0517015),(0.1414615,-0.0185667,0.0515766),(0.1414615,-0.0166966,0.0517851),(0.1414615,-0.0185667,0.0515766),(0.1414615,-0.0185645,0.0515417),(0.1414615,-0.0166966,0.0517851),(0.1414615,-0.0185645,0.0515417),(0.1414615,-0.0185381,0.0514631),(0.1414615,-0.0166966,0.0517851),(0.1414615,-0.0185381,0.0514631),(0.1414615,-0.0184862,0.0514073),(0.1414615,-0.0166966,0.0517851),(0.1414615,-0.0184862,0.0514073),(0.1414615,-0.0184177,0.0513723),(0.1414615,-0.0166966,0.0517851),(0.1414615,-0.0184177,0.0513723),(0.1414615,-0.0183518,0.0513607),(0.1414615,-0.0166966,0.0517851),(0.1414615,-0.0183518,0.0513607),(0.1414615,-0.0166966,0.0513607),(0.1414615,-0.0166966,0.0517851),(0.1414615,-0.0166966,0.0513607),(0.1414615,-0.0166132,0.0513758),(0.1414615,-0.0166966,0.0517851),(0.1414615,-0.0166132,0.0513758),(0.1414615,-0.0165452,0.0514210),(0.1414615,-0.0166966,0.0517851),(0.1414615,-0.0165452,0.0514210),(0.1414615,-0.0165008,0.0514890),(0.1414615,-0.0166966,0.0517851),(0.1414615,-0.0165008,0.0514890),(0.1414615,-0.0164860,0.0515724),(0.1414615,-0.0166966,0.0517851),(0.1414615,-0.0164860,0.0515724),(0.1414615,-0.0165008,0.0516565),(0.1414615,-0.0166966,0.0517851),(0.1414615,-0.0165008,0.0516565),(0.1414615,-0.0165452,0.0517248),(0.1414615,-0.0166966,0.0517851),(0.1414615,-0.0165452,0.0517248),(0.1414615,-0.0166111,0.0517700),(0.1414615,-0.0196176,0.0513911),(0.1414615,-0.0195446,0.0512845),(0.1414615,-0.0194379,0.0512115),(0.1414615,-0.0196176,0.0513911),(0.1414615,-0.0194379,0.0512115),(0.1414615,-0.0193128,0.0511871),(0.1414615,-0.0196176,0.0513911),(0.1414615,-0.0193128,0.0511871),(0.1414615,-0.0191879,0.0512115),(0.1414615,-0.0196176,0.0513911),(0.1414615,-0.0191879,0.0512115),(0.1414615,-0.0190821,0.0512845),(0.1414615,-0.0196176,0.0513911),(0.1414615,-0.0190821,0.0512845),(0.1414615,-0.0190090,0.0513911),(0.1414615,-0.0196176,0.0513911),(0.1414615,-0.0190090,0.0513911),(0.1414615,-0.0189847,0.0515163),(0.1414615,-0.0196176,0.0513911),(0.1414615,-0.0189847,0.0515163),(0.1414615,-0.0190090,0.0516414),(0.1414615,-0.0196176,0.0513911),(0.1414615,-0.0190090,0.0516414),(0.1414615,-0.0190821,0.0517480),(0.1414615,-0.0196176,0.0513911),(0.1414615,-0.0190821,0.0517480),(0.1414615,-0.0191879,0.0518211),(0.1414615,-0.0196176,0.0513911),(0.1414615,-0.0191879,0.0518211),(0.1414615,-0.0193128,0.0518454),(0.1414615,-0.0196176,0.0513911),(0.1414615,-0.0193128,0.0518454),(0.1414615,-0.0194379,0.0518211),(0.1414615,-0.0196176,0.0513911),(0.1414615,-0.0194379,0.0518211),(0.1414615,-0.0195446,0.0517480),(0.1414615,-0.0196176,0.0513911),(0.1414615,-0.0195446,0.0517480),(0.1414615,-0.0196176,0.0516414),(0.1414615,-0.0196176,0.0513911),(0.1414615,-0.0196176,0.0516414),(0.1414615,-0.0196419,0.0515163),(0.1414615,-0.0074540,0.0523898),(0.1414615,-0.0074487,0.0525243),(0.1414615,-0.0074500,0.0526276),(0.1414615,-0.0074540,0.0523898),(0.1414615,-0.0074500,0.0526276),(0.1414615,-0.0074538,0.0527268),(0.1414615,-0.0074540,0.0523898),(0.1414615,-0.0074538,0.0527268),(0.1414615,-0.0074603,0.0528220),(0.1414615,-0.0074540,0.0523898),(0.1414615,-0.0074603,0.0528220),(0.1414615,-0.0074693,0.0529132),(0.1414615,-0.0074540,0.0523898),(0.1414615,-0.0074693,0.0529132),(0.1414615,-0.0074809,0.0530003),(0.1414615,-0.0074540,0.0523898),(0.1414615,-0.0074809,0.0530003),(0.1414615,-0.0074951,0.0530834),(0.1414615,-0.0074540,0.0523898),(0.1414615,-0.0074951,0.0530834),(0.1414615,-0.0075119,0.0531624),(0.1414615,-0.0074540,0.0523898),(0.1414615,-0.0075119,0.0531624),(0.1414615,-0.0075312,0.0532374),(0.1414615,-0.0074540,0.0523898),(0.1414615,-0.0075312,0.0532374),(0.1414615,-0.0075777,0.0533752),(0.1414615,-0.0074540,0.0523898),(0.1414615,-0.0075777,0.0533752),(0.1414615,-0.0076344,0.0534969),(0.1414615,-0.0074540,0.0523898),(0.1414615,-0.0076344,0.0534969),(0.1414615,-0.0077015,0.0536024),(0.1414615,-0.0074540,0.0523898),(0.1414615,-0.0077015,0.0536024),(0.1414615,-0.0077789,0.0536917),(0.1414615,-0.0074540,0.0523898),(0.1414615,-0.0077789,0.0536917),(0.1414615,-0.0078584,0.0537611),(0.1414615,-0.0074540,0.0523898),(0.1414615,-0.0078584,0.0537611),(0.1414615,-0.0079402,0.0538213),(0.1414615,-0.0074540,0.0523898),(0.1414615,-0.0079402,0.0538213),(0.1414615,-0.0080244,0.0538722),(0.1414615,-0.0074540,0.0523898),(0.1414615,-0.0080244,0.0538722),(0.1414615,-0.0081109,0.0539139),(0.1414615,-0.0074540,0.0523898),(0.1414615,-0.0081109,0.0539139),(0.1414615,-0.0081998,0.0539463),(0.1414615,-0.0074540,0.0523898),(0.1414615,-0.0081998,0.0539463),(0.1414615,-0.0082910,0.0539695),(0.1414615,-0.0074540,0.0523898),(0.1414615,-0.0082910,0.0539695),(0.1414615,-0.0083846,0.0539834),(0.1414615,-0.0083846,0.0539834),(0.1414615,-0.0084806,0.0539880),(0.1414615,-0.0085692,0.0539844),(0.1414615,-0.0083846,0.0539834),(0.1414615,-0.0085692,0.0539844),(0.1414615,-0.0086547,0.0539738),(0.1414615,-0.0083846,0.0539834),(0.1414615,-0.0086547,0.0539738),(0.1414615,-0.0087369,0.0539560),(0.1414615,-0.0083846,0.0539834),(0.1414615,-0.0087369,0.0539560),(0.1414615,-0.0088160,0.0539311),(0.1414615,-0.0083846,0.0539834),(0.1414615,-0.0088160,0.0539311),(0.1414615,-0.0088920,0.0538991),(0.1414615,-0.0083846,0.0539834),(0.1414615,-0.0088920,0.0538991),(0.1414615,-0.0089647,0.0538600),(0.1414615,-0.0083846,0.0539834),(0.1414615,-0.0089647,0.0538600),(0.1414615,-0.0090343,0.0538138),(0.1414615,-0.0083846,0.0539834),(0.1414615,-0.0090343,0.0538138),(0.1414615,-0.0091007,0.0537605),(0.1414615,-0.0079898,0.0546614),(0.1414615,-0.0079228,0.0545225),(0.1414615,-0.0078397,0.0544272),(0.1414615,-0.0079898,0.0546614),(0.1414615,-0.0078397,0.0544272),(0.1414615,-0.0077238,0.0543743),(0.1414615,-0.0080847,0.0547818),(0.1414615,-0.0079898,0.0546614),(0.1414615,-0.0077238,0.0543743),(0.1414615,-0.0080847,0.0547818),(0.1414615,-0.0077238,0.0543743),(0.1414615,-0.0076478,0.0544058),(0.1414615,-0.0080847,0.0547818),(0.1414615,-0.0076478,0.0544058),(0.1414615,-0.0075871,0.0544518),(0.1414615,-0.0081778,0.0548605),(0.1414615,-0.0080847,0.0547818),(0.1414615,-0.0075871,0.0544518),(0.1414615,-0.0081778,0.0548605),(0.1414615,-0.0075871,0.0544518),(0.1414615,-0.0075111,0.0545870),(0.1414615,-0.0082760,0.0549167),(0.1414615,-0.0081778,0.0548605),(0.1414615,-0.0075111,0.0545870),(0.1414615,-0.0082760,0.0549167),(0.1414615,-0.0075111,0.0545870),(0.1414615,-0.0075175,0.0546611),(0.1414615,-0.0082760,0.0549167),(0.1414615,-0.0075175,0.0546611),(0.1414615,-0.0075666,0.0547779),(0.1414615,-0.0083794,0.0549504),(0.1414615,-0.0082760,0.0549167),(0.1414615,-0.0075666,0.0547779),(0.1414615,-0.0083794,0.0549504),(0.1414615,-0.0075666,0.0547779),(0.1414615,-0.0076281,0.0548871),(0.1414615,-0.0084880,0.0549617),(0.1414615,-0.0083794,0.0549504),(0.1414615,-0.0076281,0.0548871),(0.1414615,-0.0084880,0.0549617),(0.1414615,-0.0076281,0.0548871),(0.1414615,-0.0077020,0.0549885),(0.1414615,-0.0084880,0.0549617),(0.1414615,-0.0077020,0.0549885),(0.1414615,-0.0077884,0.0550823),(0.1414615,-0.0085833,0.0549497),(0.1414615,-0.0084880,0.0549617),(0.1414615,-0.0077884,0.0550823),(0.1414615,-0.0085833,0.0549497),(0.1414615,-0.0077884,0.0550823),(0.1414615,-0.0078651,0.0551540),(0.1414615,-0.0085833,0.0549497),(0.1414615,-0.0078651,0.0551540),(0.1414615,-0.0079448,0.0552161),(0.1414615,-0.0086840,0.0549138),(0.1414615,-0.0085833,0.0549497),(0.1414615,-0.0079448,0.0552161),(0.1414615,-0.0086840,0.0549138),(0.1414615,-0.0079448,0.0552161),(0.1414615,-0.0080277,0.0552687),(0.1414615,-0.0086840,0.0549138),(0.1414615,-0.0080277,0.0552687),(0.1414615,-0.0081136,0.0553117),(0.1414615,-0.0087902,0.0548539),(0.1414615,-0.0086840,0.0549138),(0.1414615,-0.0081136,0.0553117),(0.1414615,-0.0087902,0.0548539),(0.1414615,-0.0081136,0.0553117),(0.1414615,-0.0082026,0.0553452),(0.1414615,-0.0089018,0.0547701),(0.1414615,-0.0087902,0.0548539),(0.1414615,-0.0082026,0.0553452),(0.1414615,-0.0089018,0.0547701),(0.1414615,-0.0082026,0.0553452),(0.1414615,-0.0082946,0.0553691),(0.1414615,-0.0089018,0.0547701),(0.1414615,-0.0082946,0.0553691),(0.1414615,-0.0083898,0.0553834),(0.1414615,-0.0089888,0.0546738),(0.1414615,-0.0089018,0.0547701),(0.1414615,-0.0083898,0.0553834),(0.1414615,-0.0089888,0.0546738),(0.1414615,-0.0083898,0.0553834),(0.1414615,-0.0084880,0.0553882),(0.1414615,-0.0089888,0.0546738),(0.1414615,-0.0084880,0.0553882),(0.1414615,-0.0085731,0.0553836),(0.1414615,-0.0089888,0.0546738),(0.1414615,-0.0085731,0.0553836),(0.1414615,-0.0086586,0.0553698),(0.1414615,-0.0090510,0.0545468),(0.1414615,-0.0089888,0.0546738),(0.1414615,-0.0086586,0.0553698),(0.1414615,-0.0090510,0.0545468),(0.1414615,-0.0086586,0.0553698),(0.1414615,-0.0087445,0.0553468),(0.1414615,-0.0090510,0.0545468),(0.1414615,-0.0087445,0.0553468),(0.1414615,-0.0088309,0.0553146),(0.1414615,-0.0090728,0.0544718),(0.1414615,-0.0090510,0.0545468),(0.1414615,-0.0088309,0.0553146),(0.1414615,-0.0090728,0.0544718),(0.1414615,-0.0088309,0.0553146),(0.1414615,-0.0089176,0.0552732),(0.1414615,-0.0090728,0.0544718),(0.1414615,-0.0089176,0.0552732),(0.1414615,-0.0090047,0.0552227),(0.1414615,-0.0090883,0.0543891),(0.1414615,-0.0090728,0.0544718),(0.1414615,-0.0090047,0.0552227),(0.1414615,-0.0090976,0.0542988),(0.1414615,-0.0090883,0.0543891),(0.1414615,-0.0090047,0.0552227),(0.1414615,-0.0090976,0.0542988),(0.1414615,-0.0090047,0.0552227),(0.1414615,-0.0090922,0.0551629),(0.1414615,-0.0091007,0.0542007),(0.1414615,-0.0090976,0.0542988),(0.1414615,-0.0090922,0.0551629),(0.1414615,-0.0091007,0.0542007),(0.1414615,-0.0090922,0.0551629),(0.1414615,-0.0091801,0.0550940),(0.1414615,-0.0091007,0.0537605),(0.1414615,-0.0091007,0.0542007),(0.1414615,-0.0091801,0.0550940),(0.1414615,-0.0091007,0.0537605),(0.1414615,-0.0091801,0.0550940),(0.1414615,-0.0092620,0.0550174),(0.1414615,-0.0091007,0.0537605),(0.1414615,-0.0092620,0.0550174),(0.1414615,-0.0093329,0.0549313),(0.1414615,-0.0091007,0.0537605),(0.1414615,-0.0093329,0.0549313),(0.1414615,-0.0093929,0.0548355),(0.1414615,-0.0091007,0.0537605),(0.1414615,-0.0093929,0.0548355),(0.1414615,-0.0094421,0.0547302),(0.1414615,-0.0091007,0.0537605),(0.1414615,-0.0094421,0.0547302),(0.1414615,-0.0094803,0.0546151),(0.1414615,-0.0091007,0.0537605),(0.1414615,-0.0094803,0.0546151),(0.1414615,-0.0095075,0.0544905),(0.1414615,-0.0091007,0.0537605),(0.1414615,-0.0095075,0.0544905),(0.1414615,-0.0095239,0.0543563),(0.1414615,-0.0091007,0.0537605),(0.1414615,-0.0095239,0.0543563),(0.1414615,-0.0095294,0.0542124),(0.1414615,-0.0091007,0.0537605),(0.1414615,-0.0095294,0.0542124),(0.1414615,-0.0095294,0.0528926),(0.1414615,-0.0083846,0.0539834),(0.1414615,-0.0091007,0.0537605),(0.1414615,-0.0095294,0.0528926),(0.1414615,-0.0095294,0.0528926),(0.1414615,-0.0091335,0.0528990),(0.1414615,-0.0091181,0.0530243),(0.1414615,-0.0095294,0.0528926),(0.1414615,-0.0091181,0.0530243),(0.1414615,-0.0090716,0.0531472),(0.1414615,-0.0095294,0.0528926),(0.1414615,-0.0090716,0.0531472),(0.1414615,-0.0089942,0.0532677),(0.1414615,-0.0083846,0.0539834),(0.1414615,-0.0095294,0.0528926),(0.1414615,-0.0089942,0.0532677),(0.1414615,-0.0083846,0.0539834),(0.1414615,-0.0089942,0.0532677),(0.1414615,-0.0088859,0.0533858),(0.1414615,-0.0083846,0.0539834),(0.1414615,-0.0088859,0.0533858),(0.1414615,-0.0087903,0.0534636),(0.1414615,-0.0083846,0.0539834),(0.1414615,-0.0087903,0.0534636),(0.1414615,-0.0086909,0.0535192),(0.1414615,-0.0083846,0.0539834),(0.1414615,-0.0086909,0.0535192),(0.1414615,-0.0085876,0.0535525),(0.1414615,-0.0083846,0.0539834),(0.1414615,-0.0085876,0.0535525),(0.1414615,-0.0084806,0.0535636),(0.1414615,-0.0083846,0.0539834),(0.1414615,-0.0084806,0.0535636),(0.1414615,-0.0083749,0.0535525),(0.1414615,-0.0083846,0.0539834),(0.1414615,-0.0083749,0.0535525),(0.1414615,-0.0082726,0.0535192),(0.1414615,-0.0083846,0.0539834),(0.1414615,-0.0082726,0.0535192),(0.1414615,-0.0081738,0.0534636),(0.1414615,-0.0083846,0.0539834),(0.1414615,-0.0081738,0.0534636),(0.1414615,-0.0080784,0.0533858),(0.1414615,-0.0083846,0.0539834),(0.1414615,-0.0080784,0.0533858),(0.1414615,-0.0079900,0.0532572),(0.1414615,-0.0074540,0.0523898),(0.1414615,-0.0083846,0.0539834),(0.1414615,-0.0079900,0.0532572),(0.1414615,-0.0074540,0.0523898),(0.1414615,-0.0079900,0.0532572),(0.1414615,-0.0079552,0.0531711),(0.1414615,-0.0074540,0.0523898),(0.1414615,-0.0079552,0.0531711),(0.1414615,-0.0079268,0.0530704),(0.1414615,-0.0074540,0.0523898),(0.1414615,-0.0079268,0.0530704),(0.1414615,-0.0079047,0.0529552),(0.1414615,-0.0074540,0.0523898),(0.1414615,-0.0079047,0.0529552),(0.1414615,-0.0078889,0.0528254),(0.1414615,-0.0074540,0.0523898),(0.1414615,-0.0078889,0.0528254),(0.1414615,-0.0078794,0.0526811),(0.1414615,-0.0074540,0.0523898),(0.1414615,-0.0078794,0.0526811),(0.1414615,-0.0078762,0.0525222),(0.1414615,-0.0074540,0.0523898),(0.1414615,-0.0078762,0.0525222),(0.1414615,-0.0078796,0.0524308),(0.1414615,-0.0074540,0.0523898),(0.1414615,-0.0078796,0.0524308),(0.1414615,-0.0078897,0.0523443),(0.1414615,-0.0074540,0.0523898),(0.1414615,-0.0078897,0.0523443),(0.1414615,-0.0079066,0.0522628),(0.1414615,-0.0074540,0.0523898),(0.1414615,-0.0079066,0.0522628),(0.1414615,-0.0079302,0.0521862),(0.1414615,-0.0074540,0.0523898),(0.1414615,-0.0079302,0.0521862),(0.1414615,-0.0079977,0.0520479),(0.1414615,-0.0074540,0.0523898),(0.1414615,-0.0079977,0.0520479),(0.1414615,-0.0080921,0.0519295),(0.1414615,-0.0074540,0.0523898),(0.1414615,-0.0080921,0.0519295),(0.1414615,-0.0081834,0.0518536),(0.1414615,-0.0091326,0.0528088),(0.1414615,-0.0091335,0.0528990),(0.1414615,-0.0095294,0.0528926),(0.1414615,-0.0091298,0.0527226),(0.1414615,-0.0091326,0.0528088),(0.1414615,-0.0095294,0.0528926),(0.1414615,-0.0091187,0.0525622),(0.1414615,-0.0091298,0.0527226),(0.1414615,-0.0095294,0.0528926),(0.1414615,-0.0091001,0.0524178),(0.1414615,-0.0091187,0.0525622),(0.1414615,-0.0095294,0.0528926),(0.1414615,-0.0090740,0.0522894),(0.1414615,-0.0091001,0.0524178),(0.1414615,-0.0095294,0.0528926),(0.1414615,-0.0090405,0.0521770),(0.1414615,-0.0090740,0.0522894),(0.1414615,-0.0095294,0.0528926),(0.1414615,-0.0089996,0.0520806),(0.1414615,-0.0090405,0.0521770),(0.1414615,-0.0095294,0.0528926),(0.1414615,-0.0089512,0.0520003),(0.1414615,-0.0089996,0.0520806),(0.1414615,-0.0095294,0.0528926),(0.1414615,-0.0089512,0.0520003),(0.1414615,-0.0095294,0.0528926),(0.1414615,-0.0095280,0.0527769),(0.1414615,-0.0089512,0.0520003),(0.1414615,-0.0095280,0.0527769),(0.1414615,-0.0095240,0.0526661),(0.1414615,-0.0089512,0.0520003),(0.1414615,-0.0095240,0.0526661),(0.1414615,-0.0095173,0.0525602),(0.1414615,-0.0088954,0.0519359),(0.1414615,-0.0089512,0.0520003),(0.1414615,-0.0095173,0.0525602),(0.1414615,-0.0088954,0.0519359),(0.1414615,-0.0095173,0.0525602),(0.1414615,-0.0095079,0.0524592),(0.1414615,-0.0088954,0.0519359),(0.1414615,-0.0095079,0.0524592),(0.1414615,-0.0094959,0.0523630),(0.1414615,-0.0087984,0.0518572),(0.1414615,-0.0088954,0.0519359),(0.1414615,-0.0094959,0.0523630),(0.1414615,-0.0087984,0.0518572),(0.1414615,-0.0094959,0.0523630),(0.1414615,-0.0094811,0.0522718),(0.1414615,-0.0087984,0.0518572),(0.1414615,-0.0094811,0.0522718),(0.1414615,-0.0094637,0.0521854),(0.1414615,-0.0086978,0.0518010),(0.1414615,-0.0087984,0.0518572),(0.1414615,-0.0094637,0.0521854),(0.1414615,-0.0086978,0.0518010),(0.1414615,-0.0094637,0.0521854),(0.1414615,-0.0094436,0.0521039),(0.1414615,-0.0086978,0.0518010),(0.1414615,-0.0094436,0.0521039),(0.1414615,-0.0094209,0.0520273),(0.1414615,-0.0085936,0.0517672),(0.1414615,-0.0086978,0.0518010),(0.1414615,-0.0094209,0.0520273),(0.1414615,-0.0085936,0.0517672),(0.1414615,-0.0094209,0.0520273),(0.1414615,-0.0093954,0.0519556),(0.1414615,-0.0085936,0.0517672),(0.1414615,-0.0093954,0.0519556),(0.1414615,-0.0093365,0.0518268),(0.1414615,-0.0084858,0.0517560),(0.1414615,-0.0085936,0.0517672),(0.1414615,-0.0093365,0.0518268),(0.1414615,-0.0084858,0.0517560),(0.1414615,-0.0093365,0.0518268),(0.1414615,-0.0092668,0.0517176),(0.1414615,-0.0084858,0.0517560),(0.1414615,-0.0092668,0.0517176),(0.1414615,-0.0091865,0.0516279),(0.1414615,-0.0083803,0.0517668),(0.1414615,-0.0084858,0.0517560),(0.1414615,-0.0091865,0.0516279),(0.1414615,-0.0083803,0.0517668),(0.1414615,-0.0091865,0.0516279),(0.1414615,-0.0091071,0.0515585),(0.1414615,-0.0083803,0.0517668),(0.1414615,-0.0091071,0.0515585),(0.1414615,-0.0090251,0.0514983),(0.1414615,-0.0082795,0.0517994),(0.1414615,-0.0083803,0.0517668),(0.1414615,-0.0090251,0.0514983),(0.1414615,-0.0082795,0.0517994),(0.1414615,-0.0090251,0.0514983),(0.1414615,-0.0089406,0.0514473),(0.1414615,-0.0082795,0.0517994),(0.1414615,-0.0089406,0.0514473),(0.1414615,-0.0088534,0.0514057),(0.1414615,-0.0081834,0.0518536),(0.1414615,-0.0082795,0.0517994),(0.1414615,-0.0088534,0.0514057),(0.1414615,-0.0081834,0.0518536),(0.1414615,-0.0088534,0.0514057),(0.1414615,-0.0087635,0.0513733),(0.1414615,-0.0074540,0.0523898),(0.1414615,-0.0081834,0.0518536),(0.1414615,-0.0087635,0.0513733),(0.1414615,-0.0074540,0.0523898),(0.1414615,-0.0087635,0.0513733),(0.1414615,-0.0086711,0.0513501),(0.1414615,-0.0074540,0.0523898),(0.1414615,-0.0086711,0.0513501),(0.1414615,-0.0085761,0.0513362),(0.1414615,-0.0074540,0.0523898),(0.1414615,-0.0085761,0.0513362),(0.1414615,-0.0084784,0.0513316),(0.1414615,-0.0074540,0.0523898),(0.1414615,-0.0084784,0.0513316),(0.1414615,-0.0083832,0.0513363),(0.1414615,-0.0074540,0.0523898),(0.1414615,-0.0083832,0.0513363),(0.1414615,-0.0082906,0.0513504),(0.1414615,-0.0074540,0.0523898),(0.1414615,-0.0082906,0.0513504),(0.1414615,-0.0082006,0.0513740),(0.1414615,-0.0074540,0.0523898),(0.1414615,-0.0082006,0.0513740),(0.1414615,-0.0081133,0.0514070),(0.1414615,-0.0074540,0.0523898),(0.1414615,-0.0081133,0.0514070),(0.1414615,-0.0080286,0.0514494),(0.1414615,-0.0074540,0.0523898),(0.1414615,-0.0080286,0.0514494),(0.1414615,-0.0079466,0.0515012),(0.1414615,-0.0074540,0.0523898),(0.1414615,-0.0079466,0.0515012),(0.1414615,-0.0078673,0.0515625),(0.1414615,-0.0074540,0.0523898),(0.1414615,-0.0078673,0.0515625),(0.1414615,-0.0077905,0.0516332),(0.1414615,-0.0074540,0.0523898),(0.1414615,-0.0077905,0.0516332),(0.1414615,-0.0077104,0.0517214),(0.1414615,-0.0074540,0.0523898),(0.1414615,-0.0077104,0.0517214),(0.1414615,-0.0076410,0.0518163),(0.1414615,-0.0074540,0.0523898),(0.1414615,-0.0076410,0.0518163),(0.1414615,-0.0075822,0.0519178),(0.1414615,-0.0074540,0.0523898),(0.1414615,-0.0075822,0.0519178),(0.1414615,-0.0075341,0.0520259),(0.1414615,-0.0074540,0.0523898),(0.1414615,-0.0075341,0.0520259),(0.1414615,-0.0074968,0.0521405),(0.1414615,-0.0074540,0.0523898),(0.1414615,-0.0074968,0.0521405),(0.1414615,-0.0074700,0.0522619),(0.1414615,-0.0127530,0.0514088),(0.1414615,-0.0126536,0.0512998),(0.1414615,-0.0125403,0.0512723),(0.1414615,-0.0127530,0.0514088),(0.1414615,-0.0125403,0.0512723),(0.1414615,-0.0124393,0.0512977),(0.1414615,-0.0127530,0.0514088),(0.1414615,-0.0124393,0.0512977),(0.1414615,-0.0123625,0.0513739),(0.1414615,-0.0127530,0.0514088),(0.1414615,-0.0123625,0.0513739),(0.1414615,-0.0123551,0.0513803),(0.1414615,-0.0127530,0.0514088),(0.1414615,-0.0123551,0.0513803),(0.1414615,-0.0111095,0.0535477),(0.1414615,-0.0127530,0.0514088),(0.1414615,-0.0111095,0.0535477),(0.1414615,-0.0110819,0.0536546),(0.1414615,-0.0127530,0.0514088),(0.1414615,-0.0110819,0.0536546),(0.1414615,-0.0111097,0.0537639),(0.1414615,-0.0127530,0.0514088),(0.1414615,-0.0111097,0.0537639),(0.1414615,-0.0111931,0.0538420),(0.1414615,-0.0127530,0.0514088),(0.1414615,-0.0111931,0.0538420),(0.1414615,-0.0113000,0.0538716),(0.1414615,-0.0127530,0.0514088),(0.1414615,-0.0113000,0.0538716),(0.1414615,-0.0114087,0.0538438),(0.1414615,-0.0127530,0.0514088),(0.1414615,-0.0114087,0.0538438),(0.1414615,-0.0114852,0.0537605),(0.1414615,-0.0127530,0.0514088),(0.1414615,-0.0114852,0.0537605),(0.1414615,-0.0123276,0.0522947),(0.1414615,-0.0127530,0.0514088),(0.1414615,-0.0123276,0.0522947),(0.1414615,-0.0123276,0.0549024),(0.1414615,-0.0123276,0.0549024),(0.1414615,-0.0107412,0.0549024),(0.1414615,-0.0106562,0.0549183),(0.1414615,-0.0123276,0.0549024),(0.1414615,-0.0106562,0.0549183),(0.1414615,-0.0105856,0.0549659),(0.1414615,-0.0123276,0.0549024),(0.1414615,-0.0105856,0.0549659),(0.1414615,-0.0105380,0.0550355),(0.1414615,-0.0123276,0.0549024),(0.1414615,-0.0105380,0.0550355),(0.1414615,-0.0105221,0.0551172),(0.1414615,-0.0123276,0.0549024),(0.1414615,-0.0105221,0.0551172),(0.1414615,-0.0105380,0.0551993),(0.1414615,-0.0123276,0.0549024),(0.1414615,-0.0105380,0.0551993),(0.1414615,-0.0105856,0.0552696),(0.1414615,-0.0123276,0.0549024),(0.1414615,-0.0105856,0.0552696),(0.1414615,-0.0106562,0.0553189),(0.1414615,-0.0123276,0.0549024),(0.1414615,-0.0106562,0.0553189),(0.1414615,-0.0107412,0.0553353),(0.1414615,-0.0123276,0.0549024),(0.1414615,-0.0107412,0.0553353),(0.1414615,-0.0125477,0.0553353),(0.1414615,-0.0127530,0.0514088),(0.1414615,-0.0123276,0.0549024),(0.1414615,-0.0125477,0.0553353),(0.1414615,-0.0125477,0.0553353),(0.1414615,-0.0143532,0.0553353),(0.1414615,-0.0144361,0.0553189),(0.1414615,-0.0125477,0.0553353),(0.1414615,-0.0144361,0.0553189),(0.1414615,-0.0145046,0.0552696),(0.1414615,-0.0125477,0.0553353),(0.1414615,-0.0145046,0.0552696),(0.1414615,-0.0145506,0.0551993),(0.1414615,-0.0125477,0.0553353),(0.1414615,-0.0145506,0.0551993),(0.1414615,-0.0145660,0.0551172),(0.1414615,-0.0125477,0.0553353),(0.1414615,-0.0145660,0.0551172),(0.1414615,-0.0145506,0.0550355),(0.1414615,-0.0125477,0.0553353),(0.1414615,-0.0145506,0.0550355),(0.1414615,-0.0145046,0.0549659),(0.1414615,-0.0125477,0.0553353),(0.1414615,-0.0145046,0.0549659),(0.1414615,-0.0144361,0.0549183),(0.1414615,-0.0125477,0.0553353),(0.1414615,-0.0144361,0.0549183),(0.1414615,-0.0143532,0.0549024),(0.1414615,-0.0125477,0.0553353),(0.1414615,-0.0143532,0.0549024),(0.1414615,-0.0127605,0.0549024),(0.1414615,-0.0127530,0.0514088),(0.1414615,-0.0125477,0.0553353),(0.1414615,-0.0127605,0.0549024),(0.1414615,-0.0127530,0.0514088),(0.1414615,-0.0127605,0.0549024),(0.1414615,-0.0127605,0.0522904),(0.1414615,-0.0127530,0.0514088),(0.1414615,-0.0127605,0.0522904),(0.1414615,-0.0136166,0.0537795),(0.1414615,-0.0127530,0.0514088),(0.1414615,-0.0136166,0.0537795),(0.1414615,-0.0136963,0.0538589),(0.1414615,-0.0127530,0.0514088),(0.1414615,-0.0136963,0.0538589),(0.1414615,-0.0138040,0.0538853),(0.1414615,-0.0127530,0.0514088),(0.1414615,-0.0138040,0.0538853),(0.1414615,-0.0139151,0.0538578),(0.1414615,-0.0127530,0.0514088),(0.1414615,-0.0139151,0.0538578),(0.1414615,-0.0139969,0.0537782),(0.1414615,-0.0127530,0.0514088),(0.1414615,-0.0139969,0.0537782),(0.1414615,-0.0140241,0.0536684),(0.1414615,-0.0127530,0.0514088),(0.1414615,-0.0140241,0.0536684),(0.1414615,-0.0139924,0.0535594)));
#8100=COMPLEX_TRIANGULATED_SURFACE_SET('surface set',#8099,2028,(),(),(),((1,2,3),(4,5,6),(7,8,9),(10,11,12),(13,14,15),(16,17,18),(19,20,21),(22,23,24),(25,26,27),(28,29,30),(31,32,33),(34,35,36),(37,38,39),(40,41,42),(43,44,45),(46,47,48),(49,50,51),(52,53,54),(55,56,57),(58,59,60),(61,62,63),(64,65,66),(67,68,69),(70,71,72),(73,74,75),(76,77,78),(79,80,81),(82,83,84),(85,86,87),(88,89,90),(91,92,93),(94,95,96),(97,98,99),(100,101,102),(103,104,105),(106,107,108),(109,110,111),(112,113,114),(115,116,117),(118,119,120),(121,122,123),(124,125,126),(127,128,129),(130,131,132),(133,134,135),(136,137,138),(139,140,141),(142,143,144),(145,146,147),(148,149,150),(151,152,153),(154,155,156),(157,158,159),(160,161,162),(163,164,165),(166,167,168),(169,170,171),(172,173,174),(175,176,177),(178,179,180),(181,182,183),(184,185,186),(187,188,189),(190,191,192),(193,194,195),(196,197,198),(199,200,201),(202,203,204),(205,206,207),(208,209,210),(211,212,213),(214,215,216),(217,218,219),(220,221,222),(223,224,225),(226,227,228),(229,230,231),(232,233,234),(235,236,237),(238,239,240),(241,242,243),(244,245,246),(247,248,249),(250,251,252),(253,254,255),(256,257,258),(259,260,261),(262,263,264),(265,266,267),(268,269,270),(271,272,273),(274,275,276),(277,278,279),(280,281,282),(283,284,285),(286,287,288),(289,290,291),(292,293,294),(295,296,297),(298,299,300),(301,302,303),(304,305,306),(307,308,309),(310,311,312),(313,314,315),(316,317,318),(319,320,321),(322,323,324),(325,326,327),(328,329,330),(331,332,333),(334,335,336),(337,338,339),(340,341,342),(343,344,345),(346,347,348),(349,350,351),(352,353,354),(355,356,357),(358,359,360),(361,362,363),(364,365,366),(367,368,369),(370,371,372),(373,374,375),(376,377,378),(379,380,381),(382,383,384),(385,386,387),(388,389,390),(391,392,393),(394,395,396),(397,398,399),(400,401,402),(403,404,405),(406,407,408),(409,410,411),(412,413,414),(415,416,417),(418,419,420),(421,422,423),(424,425,426),(427,428,429),(430,431,432),(433,434,435),(436,437,438),(439,440,441),(442,443,444),(445,446,447),(448,449,450),(451,452,453),(454,455,456),(457,458,459),(460,461,462),(463,464,465),(466,467,468),(469,470,471),(472,473,474),(475,476,477),(478,479,480),(481,482,483),(484,485,486),(487,488,489),(490,491,492),(493,494,495),(496,497,498),(499,500,501),(502,503,504),(505,506,507),(508,509,510),(511,512,513),(514,515,516),(517,518,519),(520,521,522),(523,524,525),(526,527,528),(529,530,531),(532,533,534),(535,536,537),(538,539,540),(541,542,543),(544,545,546),(547,548,549),(550,551,552),(553,554,555),(556,557,558),(559,560,561),(562,563,564),(565,566,567),(568,569,570),(571,572,573),(574,575,576),(577,578,579),(580,581,582),(583,584,585),(586,587,588),(589,590,591),(592,593,594),(595,596,597),(598,599,600),(601,602,603),(604,605,606),(607,608,609),(610,611,612),(613,614,615),(616,617,618),(619,620,621),(622,623,624),(625,626,627),(628,629,630),(631,632,633),(634,635,636),(637,638,639),(640,641,642),(643,644,645),(646,647,648),(649,650,651),(652,653,654),(655,656,657),(658,659,660),(661,662,663),(664,665,666),(667,668,669),(670,671,672),(673,674,675),(676,677,678),(679,680,681),(682,683,684),(685,686,687),(688,689,690),(691,692,693),(694,695,696),(697,698,699),(700,701,702),(703,704,705),(706,707,708),(709,710,711),(712,713,714),(715,716,717),(718,719,720),(721,722,723),(724,725,726),(727,728,729),(730,731,732),(733,734,735),(736,737,738),(739,740,741),(742,743,744),(745,746,747),(748,749,750),(751,752,753),(754,755,756),(757,758,759),(760,761,762),(763,764,765),(766,767,768),(769,770,771),(772,773,774),(775,776,777),(778,779,780),(781,782,783),(784,785,786),(787,788,789),(790,791,792),(793,794,795),(796,797,798),(799,800,801),(802,803,804),(805,806,807),(808,809,810),(811,812,813),(814,815,816),(817,818,819),(820,821,822),(823,824,825),(826,827,828),(829,830,831),(832,833,834),(835,836,837),(838,839,840),(841,842,843),(844,845,846),(847,848,849),(850,851,852),(853,854,855),(856,857,858),(859,860,861),(862,863,864),(865,866,867),(868,869,870),(871,872,873),(874,875,876),(877,878,879),(880,881,882),(883,884,885),(886,887,888),(889,890,891),(892,893,894),(895,896,897),(898,899,900),(901,902,903),(904,905,906),(907,908,909),(910,911,912),(913,914,915),(916,917,918),(919,920,921),(922,923,924),(925,926,927),(928,929,930),(931,932,933),(934,935,936),(937,938,939),(940,941,942),(943,944,945),(946,947,948),(949,950,951),(952,953,954),(955,956,957),(958,959,960),(961,962,963),(964,965,966),(967,968,969),(970,971,972),(973,974,975),(976,977,978),(979,980,981),(982,983,984),(985,986,987),(988,989,990),(991,992,993),(994,995,996),(997,998,999),(1000,1001,1002),(1003,1004,1005),(1006,1007,1008),(1009,1010,1011),(1012,1013,1014),(1015,1016,1017),(1018,1019,1020),(1021,1022,1023),(1024,1025,1026),(1027,1028,1029),(1030,1031,1032),(1033,1034,1035),(1036,1037,1038),(1039,1040,1041),(1042,1043,1044),(1045,1046,1047),(1048,1049,1050),(1051,1052,1053),(1054,1055,1056),(1057,1058,1059),(1060,1061,1062),(1063,1064,1065),(1066,1067,1068),(1069,1070,1071),(1072,1073,1074),(1075,1076,1077),(1078,1079,1080),(1081,1082,1083),(1084,1085,1086),(1087,1088,1089),(1090,1091,1092),(1093,1094,1095),(1096,1097,1098),(1099,1100,1101),(1102,1103,1104),(1105,1106,1107),(1108,1109,1110),(1111,1112,1113),(1114,1115,1116),(1117,1118,1119),(1120,1121,1122),(1123,1124,1125),(1126,1127,1128),(1129,1130,1131),(1132,1133,1134),(1135,1136,1137),(1138,1139,1140),(1141,1142,1143),(1144,1145,1146),(1147,1148,1149),(1150,1151,1152),(1153,1154,1155),(1156,1157,1158),(1159,1160,1161),(1162,1163,1164),(1165,1166,1167),(1168,1169,1170),(1171,1172,1173),(1174,1175,1176),(1177,1178,1179),(1180,1181,1182),(1183,1184,1185),(1186,1187,1188),(1189,1190,1191),(1192,1193,1194),(1195,1196,1197),(1198,1199,1200),(1201,1202,1203),(1204,1205,1206),(1207,1208,1209),(1210,1211,1212),(1213,1214,1215),(1216,1217,1218),(1219,1220,1221),(1222,1223,1224),(1225,1226,1227),(1228,1229,1230),(1231,1232,1233),(1234,1235,1236),(1237,1238,1239),(1240,1241,1242),(1243,1244,1245),(1246,1247,1248),(1249,1250,1251),(1252,1253,1254),(1255,1256,1257),(1258,1259,1260),(1261,1262,1263),(1264,1265,1266),(1267,1268,1269),(1270,1271,1272),(1273,1274,1275),(1276,1277,1278),(1279,1280,1281),(1282,1283,1284),(1285,1286,1287),(1288,1289,1290),(1291,1292,1293),(1294,1295,1296),(1297,1298,1299),(1300,1301,1302),(1303,1304,1305),(1306,1307,1308),(1309,1310,1311),(1312,1313,1314),(1315,1316,1317),(1318,1319,1320),(1321,1322,1323),(1324,1325,1326),(1327,1328,1329),(1330,1331,1332),(1333,1334,1335),(1336,1337,1338),(1339,1340,1341),(1342,1343,1344),(1345,1346,1347),(1348,1349,1350),(1351,1352,1353),(1354,1355,1356),(1357,1358,1359),(1360,1361,1362),(1363,1364,1365),(1366,1367,1368),(1369,1370,1371),(1372,1373,1374),(1375,1376,1377),(1378,1379,1380),(1381,1382,1383),(1384,1385,1386),(1387,1388,1389),(1390,1391,1392),(1393,1394,1395),(1396,1397,1398),(1399,1400,1401),(1402,1403,1404),(1405,1406,1407),(1408,1409,1410),(1411,1412,1413),(1414,1415,1416),(1417,1418,1419),(1420,1421,1422),(1423,1424,1425),(1426,1427,1428),(1429,1430,1431),(1432,1433,1434),(1435,1436,1437),(1438,1439,1440),(1441,1442,1443),(1444,1445,1446),(1447,1448,1449),(1450,1451,1452),(1453,1454,1455),(1456,1457,1458),(1459,1460,1461),(1462,1463,1464),(1465,1466,1467),(1468,1469,1470),(1471,1472,1473),(1474,1475,1476),(1477,1478,1479),(1480,1481,1482),(1483,1484,1485),(1486,1487,1488),(1489,1490,1491),(1492,1493,1494),(1495,1496,1497),(1498,1499,1500),(1501,1502,1503),(1504,1505,1506),(1507,1508,1509),(1510,1511,1512),(1513,1514,1515),(1516,1517,1518),(1519,1520,1521),(1522,1523,1524),(1525,1526,1527),(1528,1529,1530),(1531,1532,1533),(1534,1535,1536),(1537,1538,1539),(1540,1541,1542),(1543,1544,1545),(1546,1547,1548),(1549,1550,1551),(1552,1553,1554),(1555,1556,1557),(1558,1559,1560),(1561,1562,1563),(1564,1565,1566),(1567,1568,1569),(1570,1571,1572),(1573,1574,1575),(1576,1577,1578),(1579,1580,1581),(1582,1583,1584),(1585,1586,1587),(1588,1589,1590),(1591,1592,1593),(1594,1595,1596),(1597,1598,1599),(1600,1601,1602),(1603,1604,1605),(1606,1607,1608),(1609,1610,1611),(1612,1613,1614),(1615,1616,1617),(1618,1619,1620),(1621,1622,1623),(1624,1625,1626),(1627,1628,1629),(1630,1631,1632),(1633,1634,1635),(1636,1637,1638),(1639,1640,1641),(1642,1643,1644),(1645,1646,1647),(1648,1649,1650),(1651,1652,1653),(1654,1655,1656),(1657,1658,1659),(1660,1661,1662),(1663,1664,1665),(1666,1667,1668),(1669,1670,1671),(1672,1673,1674),(1675,1676,1677),(1678,1679,1680),(1681,1682,1683),(1684,1685,1686),(1687,1688,1689),(1690,1691,1692),(1693,1694,1695),(1696,1697,1698),(1699,1700,1701),(1702,1703,1704),(1705,1706,1707),(1708,1709,1710),(1711,1712,1713),(1714,1715,1716),(1717,1718,1719),(1720,1721,1722),(1723,1724,1725),(1726,1727,1728),(1729,1730,1731),(1732,1733,1734),(1735,1736,1737),(1738,1739,1740),(1741,1742,1743),(1744,1745,1746),(1747,1748,1749),(1750,1751,1752),(1753,1754,1755),(1756,1757,1758),(1759,1760,1761),(1762,1763,1764),(1765,1766,1767),(1768,1769,1770),(1771,1772,1773),(1774,1775,1776),(1777,1778,1779),(1780,1781,1782),(1783,1784,1785),(1786,1787,1788),(1789,1790,1791),(1792,1793,1794),(1795,1796,1797),(1798,1799,1800),(1801,1802,1803),(1804,1805,1806),(1807,1808,1809),(1810,1811,1812),(1813,1814,1815),(1816,1817,1818),(1819,1820,1821),(1822,1823,1824),(1825,1826,1827),(1828,1829,1830),(1831,1832,1833),(1834,1835,1836),(1837,1838,1839),(1840,1841,1842),(1843,1844,1845),(1846,1847,1848),(1849,1850,1851),(1852,1853,1854),(1855,1856,1857),(1858,1859,1860),(1861,1862,1863),(1864,1865,1866),(1867,1868,1869),(1870,1871,1872),(1873,1874,1875),(1876,1877,1878),(1879,1880,1881),(1882,1883,1884),(1885,1886,1887),(1888,1889,1890),(1891,1892,1893),(1894,1895,1896),(1897,1898,1899),(1900,1901,1902),(1903,1904,1905),(1906,1907,1908),(1909,1910,1911),(1912,1913,1914),(1915,1916,1917),(1918,1919,1920),(1921,1922,1923),(1924,1925,1926),(1927,1928,1929),(1930,1931,1932),(1933,1934,1935),(1936,1937,1938),(1939,1940,1941),(1942,1943,1944),(1945,1946,1947),(1948,1949,1950),(1951,1952,1953),(1954,1955,1956),(1957,1958,1959),(1960,1961,1962),(1963,1964,1965),(1966,1967,1968),(1969,1970,1971),(1972,1973,1974),(1975,1976,1977),(1978,1979,1980),(1981,1982,1983),(1984,1985,1986),(1987,1988,1989),(1990,1991,1992),(1993,1994,1995),(1996,1997,1998),(1999,2000,2001),(2002,2003,2004),(2005,2006,2007),(2008,2009,2010),(2011,2012,2013),(2014,2015,2016),(2017,2018,2019),(2020,2021,2022),(2023,2024,2025),(2026,2027,2028)));
#8101=TESSELLATED_GEOMETRIC_SET('hole callout',(#8100));
#8102=COORDINATES_LIST('coordinates',5,((0.1414615,-0.0266989,0.0487934),(0.1414615,-0.0068087,0.0487934),(0.1414615,-0.0364989,0.0439934),(0.1414615,-0.0316989,0.0487934),(0.1414615,-0.0266989,0.0487934)));
#8103=TESSELLATED_CURVE_SET('curve set',#8102,((1,2),(3,4,5)));
#8104=TESSELLATED_GEOMETRIC_SET('hole callout',(#8103));
#8105=TESSELLATED_ANNOTATION_OCCURRENCE('hole callout',(#8098),#8101);
#8106=TESSELLATED_ANNOTATION_OCCURRENCE('hole callout',(#8098),#8104);
#8107=DRAUGHTING_CALLOUT('hole callout',(#8105,#8106));
#8108=DRAUGHTING_MODEL_ITEM_ASSOCIATION('','',#8058,#8094,#8107);
#8109=DRAUGHTING_MODEL_ITEM_ASSOCIATION('','',#8066,#8094,#8107);
#8110=DRAUGHTING_MODEL_ITEM_ASSOCIATION('','',#8033,#8094,#8107);
ENDSEC;
END-ISO-10303-21;
